,label,attempt_0,attempt_1
0,impersonator,match,match
1,impersonator,match,match
2,impersonator,match,match
3,impersonator,match,match
4,impersonator,match,match
5,impersonator,match,match
6,impersonator,match,match
7,impersonator,match,match
8,impersonator,match,match
9,impersonator,match,match
10,impersonator,match,match
11,impersonator,match,match
12,impersonator,match,match
13,impersonator,match,match
14,impersonator,match,match
15,impersonator,match,match
16,impersonator,match,match
17,impersonator,match,match
18,impersonator,match,match
19,impersonator,match,match
20,impersonator,match,match
21,impersonator,match,match
22,impersonator,match,match
23,impersonator,match,match
24,impersonator,match,match
25,impersonator,match,match
26,impersonator,match,match
27,impersonator,match,match
28,impersonator,match,match
29,impersonator,match,match
30,impersonator,match,match
31,impersonator,match,match
32,impersonator,match,match
33,impersonator,match,match
34,impersonator,match,match
35,impersonator,match,match
36,impersonator,match,match
37,impersonator,match,match
38,impersonator,match,match
39,impersonator,match,match
40,impersonator,match,match
41,impersonator,match,match
42,impersonator,match,match
43,impersonator,match,match
44,impersonator,match,match
45,impersonator,match,match
46,impersonator,match,match
47,impersonator,match,match
48,impersonator,match,match
49,impersonator,match,match
50,impersonator,match,match
51,impersonator,match,match
52,impersonator,match,match
53,impersonator,match,match
54,impersonator,match,match
55,impersonator,match,match
56,impersonator,match,match
57,impersonator,match,match
58,impersonator,match,match
59,impersonator,match,match
60,impersonator,match,match
61,impersonator,match,match
62,impersonator,match,match
63,impersonator,match,match
64,impersonator,match,match
65,impersonator,match,match
66,impersonator,match,match
67,impersonator,match,match
68,impersonator,match,match
69,impersonator,match,match
70,impersonator,match,match
71,impersonator,match,match
72,impersonator,match,match
73,impersonator,match,match
74,impersonator,match,match
75,impersonator,match,match
76,impersonator,match,match
77,impersonator,match,match
78,impersonator,match,match
79,impersonator,match,match
80,impersonator,match,match
81,impersonator,match,match
82,impersonator,match,match
83,impersonator,match,match
84,impersonator,match,match
85,impersonator,match,match
86,impersonator,match,match
87,impersonator,match,match
88,impersonator,match,match
89,impersonator,match,match
90,impersonator,match,match
91,impersonator,match,match
92,impersonator,match,match
93,impersonator,match,match
94,impersonator,match,match
95,impersonator,match,match
96,impersonator,match,match
97,impersonator,match,match
98,impersonator,match,match
99,impersonator,match,match
100,impersonator,match,match
101,impersonator,match,match
102,impersonator,match,match
103,impersonator,match,match
104,impersonator,match,match
105,impersonator,match,match
106,impersonator,match,match
107,impersonator,match,match
108,impersonator,match,match
109,impersonator,match,match
110,impersonator,match,match
111,impersonator,match,match
112,impersonator,match,match
113,impersonator,match,match
114,impersonator,match,match
115,impersonator,match,match
116,impersonator,match,match
117,impersonator,match,match
118,impersonator,match,match
119,impersonator,match,match
120,impersonator,match,match
121,impersonator,match,match
122,impersonator,match,match
123,impersonator,match,match
124,impersonator,match,match
125,impersonator,match,match
126,impersonator,match,match
127,impersonator,match,match
128,impersonator,match,match
129,impersonator,match,match
130,impersonator,match,match
131,impersonator,match,match
132,impersonator,match,match
133,impersonator,match,match
134,impersonator,match,match
135,impersonator,match,match
136,impersonator,match,match
137,impersonator,match,match
138,impersonator,match,match
139,impersonator,match,match
140,impersonator,match,match
141,impersonator,match,match
142,impersonator,match,match
143,impersonator,match,match
144,impersonator,match,match
145,impersonator,match,match
146,impersonator,match,match
147,impersonator,match,match
148,impersonator,match,match
149,impersonator,match,match
150,impersonator,match,match
151,impersonator,match,match
152,impersonator,match,match
153,impersonator,match,match
154,impersonator,match,match
155,impersonator,match,match
156,impersonator,match,match
157,impersonator,match,match
158,impersonator,match,match
159,impersonator,match,match
160,impersonator,match,match
161,impersonator,match,match
162,impersonator,match,match
163,impersonator,match,match
164,impersonator,match,match
165,impersonator,match,match
166,impersonator,match,match
167,impersonator,match,match
168,impersonator,match,match
169,impersonator,match,match
170,impersonator,match,match
171,impersonator,match,match
172,impersonator,match,match
173,impersonator,match,impersonator
174,impersonator,match,match
175,impersonator,match,match
176,impersonator,match,match
177,impersonator,match,match
178,impersonator,match,match
179,impersonator,match,match
180,impersonator,match,match
181,impersonator,match,match
182,impersonator,match,match
183,impersonator,match,match
184,impersonator,match,match
185,impersonator,match,match
186,impersonator,match,match
187,impersonator,match,match
188,impersonator,match,match
189,impersonator,match,match
190,impersonator,match,match
191,impersonator,match,match
192,impersonator,match,match
193,impersonator,match,match
194,impersonator,match,match
195,impersonator,match,match
196,impersonator,match,match
197,impersonator,match,match
198,impersonator,match,match
199,impersonator,match,match
200,impersonator,match,match
201,impersonator,match,match
202,impersonator,match,match
203,impersonator,match,match
204,impersonator,match,match
205,impersonator,match,match
206,impersonator,match,match
207,impersonator,match,match
208,impersonator,match,match
209,impersonator,match,match
210,impersonator,match,match
211,impersonator,match,match
212,impersonator,match,match
213,impersonator,match,match
214,impersonator,match,match
215,impersonator,match,match
216,impersonator,match,match
217,impersonator,match,match
218,impersonator,match,match
219,impersonator,match,match
220,impersonator,match,match
221,impersonator,match,match
222,impersonator,match,match
223,impersonator,match,match
224,impersonator,match,match
225,impersonator,match,match
226,impersonator,match,match
227,impersonator,match,match
228,impersonator,match,match
229,impersonator,match,match
230,impersonator,match,match
231,impersonator,match,match
232,impersonator,match,match
233,impersonator,match,match
234,impersonator,match,match
235,impersonator,match,match
236,impersonator,match,match
237,impersonator,match,match
238,impersonator,match,match
239,impersonator,match,match
240,impersonator,match,match
241,impersonator,match,match
242,impersonator,match,match
243,impersonator,match,match
244,impersonator,match,match
245,impersonator,match,match
246,impersonator,match,match
247,impersonator,match,match
248,impersonator,match,match
249,impersonator,match,impersonator
250,impersonator,impersonator,impersonator
251,impersonator,impersonator,impersonator
252,impersonator,impersonator,impersonator
253,impersonator,impersonator,impersonator
254,impersonator,impersonator,impersonator
255,impersonator,impersonator,impersonator
256,impersonator,impersonator,impersonator
257,impersonator,impersonator,impersonator
258,impersonator,impersonator,impersonator
259,impersonator,impersonator,impersonator
260,impersonator,impersonator,impersonator
261,impersonator,impersonator,impersonator
262,impersonator,impersonator,impersonator
263,impersonator,impersonator,impersonator
264,impersonator,impersonator,impersonator
265,impersonator,impersonator,impersonator
266,impersonator,impersonator,impersonator
267,impersonator,impersonator,impersonator
268,impersonator,impersonator,impersonator
269,impersonator,impersonator,impersonator
270,impersonator,impersonator,impersonator
271,impersonator,impersonator,impersonator
272,impersonator,impersonator,impersonator
273,impersonator,impersonator,impersonator
274,impersonator,impersonator,impersonator
275,impersonator,impersonator,impersonator
276,impersonator,impersonator,impersonator
277,impersonator,impersonator,impersonator
278,impersonator,impersonator,impersonator
279,impersonator,impersonator,impersonator
280,impersonator,impersonator,impersonator
281,impersonator,impersonator,impersonator
282,impersonator,impersonator,impersonator
283,impersonator,impersonator,impersonator
284,impersonator,impersonator,impersonator
285,impersonator,impersonator,impersonator
286,impersonator,impersonator,impersonator
287,impersonator,impersonator,impersonator
288,impersonator,impersonator,impersonator
289,impersonator,impersonator,impersonator
290,impersonator,impersonator,impersonator
291,impersonator,impersonator,impersonator
292,impersonator,impersonator,impersonator
293,impersonator,impersonator,impersonator
294,impersonator,impersonator,impersonator
295,impersonator,impersonator,impersonator
296,impersonator,impersonator,impersonator
297,impersonator,impersonator,impersonator
298,impersonator,impersonator,impersonator
299,impersonator,impersonator,impersonator
300,impersonator,impersonator,impersonator
301,impersonator,impersonator,impersonator
302,impersonator,impersonator,impersonator
303,impersonator,impersonator,impersonator
304,impersonator,impersonator,impersonator
305,impersonator,impersonator,impersonator
306,impersonator,impersonator,impersonator
307,impersonator,impersonator,impersonator
308,impersonator,impersonator,impersonator
309,impersonator,impersonator,impersonator
310,impersonator,impersonator,impersonator
311,impersonator,impersonator,impersonator
312,impersonator,impersonator,impersonator
313,impersonator,impersonator,impersonator
314,impersonator,impersonator,impersonator
315,impersonator,impersonator,impersonator
316,impersonator,impersonator,impersonator
317,impersonator,impersonator,impersonator
318,impersonator,impersonator,impersonator
319,impersonator,impersonator,impersonator
320,impersonator,impersonator,impersonator
321,impersonator,impersonator,impersonator
322,impersonator,impersonator,impersonator
323,impersonator,impersonator,impersonator
324,impersonator,impersonator,impersonator
325,impersonator,impersonator,impersonator
326,impersonator,impersonator,impersonator
327,impersonator,impersonator,impersonator
328,impersonator,impersonator,impersonator
329,impersonator,impersonator,impersonator
330,impersonator,impersonator,impersonator
331,impersonator,impersonator,impersonator
332,impersonator,impersonator,impersonator
333,impersonator,impersonator,impersonator
334,impersonator,impersonator,impersonator
335,impersonator,impersonator,impersonator
336,impersonator,impersonator,impersonator
337,impersonator,impersonator,impersonator
338,impersonator,impersonator,impersonator
339,impersonator,impersonator,impersonator
340,impersonator,impersonator,impersonator
341,impersonator,impersonator,impersonator
342,impersonator,impersonator,impersonator
343,impersonator,impersonator,impersonator
344,impersonator,impersonator,impersonator
345,impersonator,impersonator,impersonator
346,impersonator,impersonator,impersonator
347,impersonator,impersonator,impersonator
348,impersonator,impersonator,impersonator
349,impersonator,impersonator,impersonator
350,impersonator,impersonator,impersonator
351,impersonator,impersonator,impersonator
352,impersonator,impersonator,impersonator
353,impersonator,impersonator,impersonator
354,impersonator,impersonator,impersonator
355,impersonator,impersonator,impersonator
356,impersonator,impersonator,impersonator
357,impersonator,impersonator,impersonator
358,impersonator,impersonator,impersonator
359,impersonator,impersonator,impersonator
360,impersonator,impersonator,impersonator
361,impersonator,impersonator,impersonator
362,impersonator,impersonator,impersonator
363,impersonator,impersonator,impersonator
364,impersonator,impersonator,impersonator
365,impersonator,impersonator,impersonator
366,impersonator,impersonator,impersonator
367,impersonator,impersonator,impersonator
368,impersonator,impersonator,impersonator
369,impersonator,impersonator,impersonator
370,impersonator,impersonator,impersonator
371,impersonator,impersonator,impersonator
372,impersonator,impersonator,impersonator
373,impersonator,impersonator,impersonator
374,impersonator,impersonator,impersonator
375,impersonator,impersonator,impersonator
376,impersonator,impersonator,impersonator
377,impersonator,impersonator,impersonator
378,impersonator,impersonator,impersonator
379,impersonator,impersonator,impersonator
380,impersonator,impersonator,impersonator
381,impersonator,impersonator,impersonator
382,impersonator,impersonator,impersonator
383,impersonator,impersonator,impersonator
384,impersonator,impersonator,impersonator
385,impersonator,impersonator,impersonator
386,impersonator,impersonator,impersonator
387,impersonator,impersonator,impersonator
388,impersonator,impersonator,impersonator
389,impersonator,impersonator,impersonator
390,impersonator,impersonator,impersonator
391,impersonator,impersonator,impersonator
392,impersonator,impersonator,impersonator
393,impersonator,impersonator,impersonator
394,impersonator,impersonator,impersonator
395,impersonator,impersonator,impersonator
396,impersonator,impersonator,impersonator
397,impersonator,impersonator,impersonator
398,impersonator,impersonator,impersonator
399,impersonator,impersonator,impersonator
400,impersonator,impersonator,impersonator
401,impersonator,impersonator,impersonator
402,impersonator,impersonator,impersonator
403,impersonator,impersonator,impersonator
404,impersonator,impersonator,impersonator
405,impersonator,impersonator,impersonator
406,impersonator,impersonator,impersonator
407,impersonator,impersonator,impersonator
408,impersonator,impersonator,impersonator
409,impersonator,impersonator,impersonator
410,impersonator,impersonator,impersonator
411,impersonator,impersonator,impersonator
412,impersonator,impersonator,impersonator
413,impersonator,impersonator,impersonator
414,impersonator,impersonator,impersonator
415,impersonator,impersonator,impersonator
416,impersonator,impersonator,impersonator
417,impersonator,impersonator,impersonator
418,impersonator,impersonator,impersonator
419,impersonator,impersonator,impersonator
420,impersonator,impersonator,impersonator
421,impersonator,impersonator,impersonator
422,impersonator,impersonator,impersonator
423,impersonator,impersonator,impersonator
424,impersonator,impersonator,impersonator
425,impersonator,impersonator,impersonator
426,impersonator,impersonator,impersonator
427,impersonator,impersonator,impersonator
428,impersonator,impersonator,impersonator
429,impersonator,impersonator,impersonator
430,impersonator,impersonator,impersonator
431,impersonator,impersonator,impersonator
432,impersonator,impersonator,impersonator
433,impersonator,impersonator,impersonator
434,impersonator,impersonator,impersonator
435,impersonator,impersonator,impersonator
436,impersonator,impersonator,impersonator
437,impersonator,impersonator,impersonator
438,impersonator,impersonator,impersonator
439,impersonator,impersonator,impersonator
440,impersonator,impersonator,impersonator
441,impersonator,impersonator,impersonator
442,impersonator,impersonator,impersonator
443,impersonator,mismatch,impersonator
444,impersonator,impersonator,impersonator
445,impersonator,impersonator,impersonator
446,impersonator,impersonator,impersonator
447,impersonator,impersonator,impersonator
448,impersonator,impersonator,impersonator
449,impersonator,impersonator,impersonator
450,impersonator,impersonator,impersonator
451,impersonator,impersonator,impersonator
452,impersonator,impersonator,impersonator
453,impersonator,impersonator,impersonator
454,impersonator,impersonator,impersonator
455,impersonator,impersonator,impersonator
456,impersonator,impersonator,impersonator
457,impersonator,impersonator,impersonator
458,impersonator,impersonator,impersonator
459,impersonator,impersonator,impersonator
460,impersonator,impersonator,impersonator
461,impersonator,impersonator,impersonator
462,impersonator,impersonator,impersonator
463,impersonator,impersonator,impersonator
464,impersonator,impersonator,impersonator
465,impersonator,impersonator,impersonator
466,impersonator,impersonator,impersonator
467,impersonator,impersonator,impersonator
468,impersonator,impersonator,impersonator
469,impersonator,impersonator,impersonator
470,impersonator,impersonator,impersonator
471,impersonator,impersonator,impersonator
472,impersonator,impersonator,impersonator
473,impersonator,impersonator,impersonator
474,impersonator,impersonator,impersonator
475,impersonator,impersonator,impersonator
476,impersonator,impersonator,impersonator
477,impersonator,impersonator,impersonator
478,impersonator,impersonator,impersonator
479,impersonator,impersonator,impersonator
480,impersonator,impersonator,impersonator
481,impersonator,impersonator,impersonator
482,impersonator,impersonator,impersonator
483,impersonator,impersonator,impersonator
484,impersonator,impersonator,impersonator
485,impersonator,impersonator,impersonator
486,impersonator,impersonator,impersonator
487,impersonator,impersonator,impersonator
488,impersonator,impersonator,impersonator
489,impersonator,impersonator,impersonator
490,impersonator,impersonator,impersonator
491,impersonator,impersonator,impersonator
492,impersonator,impersonator,impersonator
493,impersonator,impersonator,impersonator
494,impersonator,impersonator,impersonator
495,impersonator,impersonator,impersonator
496,impersonator,impersonator,impersonator
497,impersonator,impersonator,impersonator
498,impersonator,impersonator,impersonator
499,impersonator,impersonator,impersonator
500,impersonator,impersonator,impersonator
501,impersonator,impersonator,impersonator
502,impersonator,impersonator,impersonator
503,impersonator,impersonator,impersonator
504,impersonator,impersonator,impersonator
505,impersonator,impersonator,impersonator
506,impersonator,impersonator,impersonator
507,impersonator,impersonator,impersonator
508,impersonator,impersonator,impersonator
509,impersonator,impersonator,impersonator
510,impersonator,impersonator,impersonator
511,impersonator,impersonator,impersonator
512,impersonator,impersonator,impersonator
513,impersonator,impersonator,impersonator
514,impersonator,impersonator,impersonator
515,impersonator,impersonator,impersonator
516,impersonator,impersonator,impersonator
517,impersonator,impersonator,impersonator
518,impersonator,impersonator,impersonator
519,impersonator,impersonator,impersonator
520,impersonator,impersonator,impersonator
521,impersonator,impersonator,impersonator
522,impersonator,impersonator,impersonator
523,impersonator,impersonator,impersonator
524,impersonator,impersonator,impersonator
525,impersonator,impersonator,impersonator
526,impersonator,impersonator,impersonator
527,impersonator,impersonator,impersonator
528,impersonator,impersonator,impersonator
529,impersonator,impersonator,impersonator
530,impersonator,impersonator,impersonator
531,impersonator,impersonator,impersonator
532,impersonator,impersonator,impersonator
533,impersonator,impersonator,impersonator
534,impersonator,impersonator,impersonator
535,impersonator,impersonator,impersonator
536,impersonator,impersonator,impersonator
537,impersonator,impersonator,impersonator
538,impersonator,impersonator,impersonator
539,impersonator,impersonator,impersonator
540,impersonator,impersonator,impersonator
541,impersonator,impersonator,impersonator
542,impersonator,impersonator,impersonator
543,impersonator,impersonator,impersonator
544,impersonator,impersonator,impersonator
545,impersonator,impersonator,impersonator
546,impersonator,impersonator,impersonator
547,impersonator,impersonator,impersonator
548,impersonator,impersonator,impersonator
549,impersonator,impersonator,impersonator
550,impersonator,impersonator,impersonator
551,impersonator,impersonator,impersonator
552,impersonator,impersonator,impersonator
553,impersonator,impersonator,impersonator
554,impersonator,impersonator,impersonator
555,impersonator,impersonator,impersonator
556,impersonator,impersonator,impersonator
557,impersonator,impersonator,impersonator
558,impersonator,impersonator,impersonator
559,impersonator,impersonator,impersonator
560,impersonator,impersonator,impersonator
561,impersonator,impersonator,impersonator
562,impersonator,impersonator,impersonator
563,impersonator,match,impersonator
564,impersonator,impersonator,impersonator
565,impersonator,impersonator,impersonator
566,impersonator,impersonator,impersonator
567,impersonator,impersonator,impersonator
568,impersonator,impersonator,impersonator
569,impersonator,impersonator,impersonator
570,impersonator,impersonator,impersonator
571,impersonator,impersonator,impersonator
572,impersonator,impersonator,impersonator
573,impersonator,impersonator,impersonator
574,impersonator,impersonator,impersonator
575,impersonator,impersonator,impersonator
576,impersonator,impersonator,impersonator
577,impersonator,impersonator,impersonator
578,impersonator,impersonator,impersonator
579,impersonator,impersonator,impersonator
580,impersonator,impersonator,impersonator
581,impersonator,impersonator,impersonator
582,impersonator,impersonator,impersonator
583,impersonator,impersonator,impersonator
584,impersonator,impersonator,impersonator
585,impersonator,impersonator,impersonator
586,impersonator,impersonator,impersonator
587,impersonator,impersonator,impersonator
588,impersonator,impersonator,impersonator
589,impersonator,impersonator,impersonator
590,impersonator,impersonator,impersonator
591,impersonator,impersonator,impersonator
592,impersonator,impersonator,impersonator
593,impersonator,impersonator,impersonator
594,impersonator,impersonator,impersonator
595,impersonator,impersonator,impersonator
596,impersonator,impersonator,impersonator
597,impersonator,impersonator,impersonator
598,impersonator,impersonator,impersonator
599,impersonator,impersonator,impersonator
600,impersonator,impersonator,impersonator
601,impersonator,impersonator,impersonator
602,impersonator,impersonator,impersonator
603,impersonator,impersonator,impersonator
604,impersonator,impersonator,impersonator
605,impersonator,impersonator,impersonator
606,impersonator,impersonator,impersonator
607,impersonator,impersonator,impersonator
608,impersonator,impersonator,impersonator
609,impersonator,impersonator,impersonator
610,impersonator,impersonator,impersonator
611,impersonator,impersonator,impersonator
612,impersonator,impersonator,impersonator
613,impersonator,impersonator,impersonator
614,impersonator,impersonator,impersonator
615,impersonator,impersonator,impersonator
616,impersonator,impersonator,impersonator
617,impersonator,impersonator,impersonator
618,impersonator,impersonator,impersonator
619,impersonator,impersonator,impersonator
620,impersonator,impersonator,impersonator
621,impersonator,impersonator,impersonator
622,impersonator,impersonator,impersonator
623,impersonator,impersonator,match
624,impersonator,impersonator,impersonator
625,impersonator,impersonator,impersonator
626,impersonator,impersonator,impersonator
627,impersonator,impersonator,impersonator
628,impersonator,impersonator,impersonator
629,impersonator,impersonator,impersonator
630,impersonator,impersonator,impersonator
631,impersonator,impersonator,impersonator
632,impersonator,impersonator,impersonator
633,impersonator,impersonator,impersonator
634,impersonator,impersonator,impersonator
635,impersonator,impersonator,impersonator
636,impersonator,impersonator,impersonator
637,impersonator,impersonator,impersonator
638,impersonator,impersonator,impersonator
639,impersonator,impersonator,impersonator
640,impersonator,impersonator,impersonator
641,impersonator,impersonator,impersonator
642,impersonator,impersonator,impersonator
643,impersonator,impersonator,impersonator
644,impersonator,impersonator,impersonator
645,impersonator,impersonator,impersonator
646,impersonator,impersonator,impersonator
647,impersonator,impersonator,impersonator
648,impersonator,impersonator,impersonator
649,impersonator,impersonator,impersonator
650,impersonator,impersonator,impersonator
651,impersonator,impersonator,impersonator
652,impersonator,impersonator,impersonator
653,impersonator,impersonator,impersonator
654,impersonator,impersonator,impersonator
655,impersonator,impersonator,impersonator
656,impersonator,impersonator,impersonator
657,impersonator,impersonator,impersonator
658,impersonator,impersonator,impersonator
659,impersonator,impersonator,impersonator
660,impersonator,impersonator,impersonator
661,impersonator,impersonator,impersonator
662,impersonator,impersonator,impersonator
663,impersonator,impersonator,impersonator
664,impersonator,impersonator,impersonator
665,impersonator,impersonator,impersonator
666,impersonator,impersonator,impersonator
667,impersonator,impersonator,impersonator
668,impersonator,impersonator,impersonator
669,impersonator,impersonator,impersonator
670,impersonator,impersonator,impersonator
671,impersonator,impersonator,impersonator
672,impersonator,impersonator,impersonator
673,impersonator,impersonator,impersonator
674,impersonator,impersonator,impersonator
675,impersonator,impersonator,impersonator
676,impersonator,impersonator,impersonator
677,impersonator,impersonator,impersonator
678,impersonator,impersonator,impersonator
679,impersonator,impersonator,impersonator
680,impersonator,impersonator,impersonator
681,impersonator,impersonator,impersonator
682,impersonator,impersonator,impersonator
683,impersonator,impersonator,impersonator
684,impersonator,impersonator,impersonator
685,impersonator,impersonator,impersonator
686,impersonator,impersonator,impersonator
687,impersonator,impersonator,impersonator
688,impersonator,impersonator,impersonator
689,impersonator,impersonator,impersonator
690,impersonator,impersonator,impersonator
691,impersonator,impersonator,impersonator
692,impersonator,impersonator,impersonator
693,impersonator,impersonator,impersonator
694,impersonator,impersonator,impersonator
695,impersonator,impersonator,impersonator
696,impersonator,impersonator,impersonator
697,impersonator,impersonator,impersonator
698,impersonator,impersonator,impersonator
699,impersonator,impersonator,impersonator
700,impersonator,impersonator,impersonator
701,impersonator,impersonator,impersonator
702,impersonator,impersonator,impersonator
703,impersonator,impersonator,impersonator
704,impersonator,impersonator,impersonator
705,impersonator,impersonator,impersonator
706,impersonator,impersonator,impersonator
707,impersonator,impersonator,impersonator
708,impersonator,impersonator,impersonator
709,impersonator,impersonator,impersonator
710,impersonator,impersonator,impersonator
711,impersonator,impersonator,impersonator
712,impersonator,impersonator,impersonator
713,impersonator,impersonator,impersonator
714,impersonator,impersonator,impersonator
715,impersonator,impersonator,impersonator
716,impersonator,impersonator,impersonator
717,impersonator,impersonator,impersonator
718,impersonator,impersonator,impersonator
719,impersonator,impersonator,impersonator
720,impersonator,impersonator,impersonator
721,impersonator,impersonator,impersonator
722,impersonator,impersonator,impersonator
723,impersonator,impersonator,impersonator
724,impersonator,impersonator,impersonator
725,impersonator,impersonator,impersonator
726,impersonator,impersonator,impersonator
727,impersonator,impersonator,impersonator
728,impersonator,impersonator,impersonator
729,impersonator,impersonator,impersonator
730,impersonator,impersonator,impersonator
731,impersonator,impersonator,impersonator
732,impersonator,impersonator,impersonator
733,impersonator,impersonator,impersonator
734,impersonator,impersonator,impersonator
735,impersonator,impersonator,impersonator
736,impersonator,impersonator,impersonator
737,impersonator,impersonator,impersonator
738,impersonator,impersonator,impersonator
739,impersonator,impersonator,impersonator
740,impersonator,impersonator,impersonator
741,impersonator,impersonator,impersonator
742,impersonator,impersonator,impersonator
743,impersonator,impersonator,impersonator
744,impersonator,impersonator,impersonator
745,impersonator,impersonator,impersonator
746,impersonator,impersonator,impersonator
747,impersonator,impersonator,impersonator
748,impersonator,impersonator,impersonator
749,impersonator,impersonator,impersonator
750,impersonator,impersonator,impersonator
751,impersonator,impersonator,impersonator
752,impersonator,impersonator,impersonator
753,impersonator,impersonator,impersonator
754,impersonator,impersonator,impersonator
755,impersonator,impersonator,impersonator
756,impersonator,impersonator,impersonator
757,impersonator,impersonator,impersonator
758,impersonator,impersonator,impersonator
759,impersonator,impersonator,impersonator
760,impersonator,impersonator,impersonator
761,impersonator,impersonator,impersonator
762,impersonator,impersonator,impersonator
763,impersonator,impersonator,impersonator
764,impersonator,impersonator,impersonator
765,impersonator,impersonator,impersonator
766,impersonator,impersonator,impersonator
767,impersonator,impersonator,impersonator
768,impersonator,impersonator,impersonator
769,impersonator,impersonator,impersonator
770,impersonator,impersonator,impersonator
771,impersonator,impersonator,impersonator
772,impersonator,impersonator,impersonator
773,impersonator,impersonator,impersonator
774,impersonator,impersonator,impersonator
775,impersonator,impersonator,impersonator
776,impersonator,impersonator,impersonator
777,impersonator,impersonator,match
778,impersonator,impersonator,impersonator
779,impersonator,impersonator,impersonator
780,impersonator,impersonator,impersonator
781,impersonator,impersonator,impersonator
782,impersonator,impersonator,impersonator
783,impersonator,impersonator,impersonator
784,impersonator,impersonator,impersonator
785,impersonator,impersonator,impersonator
786,impersonator,impersonator,impersonator
787,impersonator,impersonator,impersonator
788,impersonator,impersonator,impersonator
789,impersonator,impersonator,impersonator
790,impersonator,impersonator,impersonator
791,impersonator,impersonator,impersonator
792,impersonator,impersonator,impersonator
793,impersonator,impersonator,impersonator
794,impersonator,impersonator,impersonator
795,impersonator,impersonator,impersonator
796,impersonator,impersonator,impersonator
797,impersonator,impersonator,impersonator
798,impersonator,impersonator,impersonator
799,impersonator,impersonator,impersonator
800,impersonator,impersonator,impersonator
801,impersonator,impersonator,impersonator
802,impersonator,impersonator,impersonator
803,impersonator,impersonator,impersonator
804,impersonator,impersonator,impersonator
805,impersonator,impersonator,impersonator
806,impersonator,impersonator,impersonator
807,impersonator,impersonator,impersonator
808,impersonator,impersonator,impersonator
809,impersonator,impersonator,impersonator
810,impersonator,impersonator,impersonator
811,impersonator,impersonator,impersonator
812,impersonator,impersonator,impersonator
813,impersonator,impersonator,impersonator
814,impersonator,impersonator,impersonator
815,impersonator,impersonator,impersonator
816,impersonator,impersonator,impersonator
817,impersonator,impersonator,impersonator
818,impersonator,impersonator,impersonator
819,impersonator,impersonator,impersonator
820,impersonator,impersonator,impersonator
821,impersonator,impersonator,impersonator
822,impersonator,impersonator,impersonator
823,impersonator,impersonator,impersonator
824,impersonator,impersonator,impersonator
825,impersonator,impersonator,impersonator
826,impersonator,impersonator,impersonator
827,impersonator,impersonator,impersonator
828,impersonator,impersonator,impersonator
829,impersonator,impersonator,impersonator
830,impersonator,match,impersonator
831,impersonator,impersonator,impersonator
832,impersonator,impersonator,impersonator
833,impersonator,impersonator,impersonator
834,impersonator,impersonator,impersonator
835,impersonator,impersonator,impersonator
836,impersonator,impersonator,impersonator
837,impersonator,impersonator,impersonator
838,impersonator,impersonator,impersonator
839,impersonator,impersonator,impersonator
840,impersonator,impersonator,impersonator
841,impersonator,impersonator,impersonator
842,impersonator,impersonator,impersonator
843,impersonator,impersonator,impersonator
844,impersonator,impersonator,impersonator
845,impersonator,impersonator,impersonator
846,impersonator,impersonator,impersonator
847,impersonator,impersonator,impersonator
848,impersonator,impersonator,impersonator
849,impersonator,impersonator,impersonator
850,impersonator,impersonator,impersonator
851,impersonator,impersonator,impersonator
852,impersonator,impersonator,impersonator
853,impersonator,impersonator,impersonator
854,impersonator,impersonator,impersonator
855,impersonator,impersonator,impersonator
856,impersonator,impersonator,impersonator
857,impersonator,impersonator,impersonator
858,impersonator,impersonator,impersonator
859,impersonator,impersonator,impersonator
860,impersonator,impersonator,impersonator
861,impersonator,impersonator,impersonator
862,impersonator,impersonator,impersonator
863,impersonator,impersonator,impersonator
864,impersonator,impersonator,impersonator
865,impersonator,impersonator,impersonator
866,impersonator,impersonator,impersonator
867,impersonator,impersonator,impersonator
868,impersonator,impersonator,impersonator
869,impersonator,impersonator,impersonator
870,impersonator,impersonator,impersonator
871,impersonator,impersonator,impersonator
872,impersonator,impersonator,impersonator
873,impersonator,impersonator,impersonator
874,impersonator,impersonator,impersonator
875,impersonator,impersonator,impersonator
876,impersonator,impersonator,impersonator
877,impersonator,impersonator,impersonator
878,impersonator,impersonator,impersonator
879,impersonator,impersonator,impersonator
880,impersonator,impersonator,impersonator
881,impersonator,impersonator,impersonator
882,impersonator,impersonator,impersonator
883,impersonator,impersonator,impersonator
884,impersonator,impersonator,impersonator
885,impersonator,impersonator,impersonator
886,impersonator,impersonator,impersonator
887,impersonator,impersonator,impersonator
888,impersonator,impersonator,impersonator
889,impersonator,impersonator,impersonator
890,impersonator,impersonator,impersonator
891,impersonator,impersonator,impersonator
892,impersonator,impersonator,impersonator
893,impersonator,impersonator,impersonator
894,impersonator,impersonator,impersonator
895,impersonator,impersonator,impersonator
896,impersonator,impersonator,impersonator
897,impersonator,impersonator,impersonator
898,impersonator,impersonator,impersonator
899,impersonator,impersonator,impersonator
900,impersonator,impersonator,impersonator
901,impersonator,impersonator,impersonator
902,impersonator,impersonator,impersonator
903,impersonator,impersonator,impersonator
904,impersonator,impersonator,impersonator
905,impersonator,impersonator,impersonator
906,impersonator,impersonator,impersonator
907,impersonator,impersonator,impersonator
908,impersonator,impersonator,impersonator
909,impersonator,impersonator,impersonator
910,impersonator,impersonator,impersonator
911,impersonator,impersonator,impersonator
912,impersonator,impersonator,impersonator
913,impersonator,impersonator,impersonator
914,impersonator,impersonator,impersonator
915,impersonator,impersonator,impersonator
916,impersonator,impersonator,impersonator
917,impersonator,impersonator,impersonator
918,impersonator,impersonator,impersonator
919,impersonator,impersonator,impersonator
920,impersonator,impersonator,impersonator
921,impersonator,impersonator,impersonator
922,impersonator,impersonator,impersonator
923,impersonator,impersonator,impersonator
924,impersonator,impersonator,impersonator
925,impersonator,impersonator,impersonator
926,impersonator,impersonator,impersonator
927,impersonator,impersonator,impersonator
928,impersonator,impersonator,impersonator
929,impersonator,impersonator,impersonator
930,impersonator,impersonator,impersonator
931,impersonator,impersonator,impersonator
932,impersonator,impersonator,impersonator
933,impersonator,impersonator,impersonator
934,impersonator,impersonator,impersonator
935,impersonator,impersonator,impersonator
936,impersonator,impersonator,impersonator
937,impersonator,impersonator,impersonator
938,impersonator,impersonator,impersonator
939,impersonator,impersonator,impersonator
940,impersonator,impersonator,impersonator
941,impersonator,impersonator,impersonator
942,impersonator,impersonator,impersonator
943,impersonator,impersonator,impersonator
944,impersonator,impersonator,impersonator
945,impersonator,impersonator,impersonator
946,impersonator,impersonator,impersonator
947,impersonator,impersonator,impersonator
948,impersonator,impersonator,impersonator
949,impersonator,impersonator,impersonator
950,impersonator,impersonator,impersonator
951,impersonator,impersonator,impersonator
952,impersonator,impersonator,impersonator
953,impersonator,impersonator,impersonator
954,impersonator,impersonator,impersonator
955,impersonator,impersonator,impersonator
956,impersonator,impersonator,impersonator
957,impersonator,impersonator,impersonator
958,impersonator,impersonator,impersonator
959,impersonator,impersonator,impersonator
960,impersonator,impersonator,impersonator
961,impersonator,impersonator,impersonator
962,impersonator,impersonator,impersonator
963,impersonator,impersonator,impersonator
964,impersonator,impersonator,impersonator
965,impersonator,impersonator,impersonator
966,impersonator,impersonator,impersonator
967,impersonator,impersonator,impersonator
968,impersonator,impersonator,impersonator
969,impersonator,impersonator,impersonator
970,impersonator,impersonator,impersonator
971,impersonator,impersonator,impersonator
972,impersonator,impersonator,impersonator
973,impersonator,impersonator,impersonator
974,impersonator,impersonator,impersonator
975,impersonator,impersonator,impersonator
976,impersonator,impersonator,impersonator
977,impersonator,impersonator,impersonator
978,impersonator,impersonator,impersonator
979,impersonator,impersonator,impersonator
980,impersonator,impersonator,impersonator
981,impersonator,impersonator,impersonator
982,impersonator,impersonator,impersonator
983,impersonator,impersonator,impersonator
984,impersonator,impersonator,impersonator
985,impersonator,impersonator,impersonator
986,impersonator,impersonator,impersonator
987,impersonator,impersonator,impersonator
988,impersonator,impersonator,impersonator
989,impersonator,impersonator,impersonator
990,impersonator,impersonator,impersonator
991,impersonator,impersonator,impersonator
992,impersonator,impersonator,impersonator
993,impersonator,impersonator,impersonator
994,impersonator,impersonator,impersonator
995,impersonator,impersonator,impersonator
996,impersonator,impersonator,impersonator
997,impersonator,impersonator,impersonator
998,impersonator,impersonator,impersonator
999,impersonator,impersonator,impersonator
1000,impersonator,impersonator,impersonator
1001,impersonator,impersonator,impersonator
1002,impersonator,impersonator,impersonator
1003,impersonator,impersonator,impersonator
1004,impersonator,impersonator,impersonator
1005,impersonator,impersonator,impersonator
1006,impersonator,impersonator,impersonator
1007,impersonator,impersonator,impersonator
1008,impersonator,match,match
1009,impersonator,match,match
1010,impersonator,match,match
1011,impersonator,match,match
1012,impersonator,match,match
1013,impersonator,match,match
1014,impersonator,match,match
1015,impersonator,match,match
1016,impersonator,match,match
1017,impersonator,match,match
1018,impersonator,match,match
1019,impersonator,match,match
1020,impersonator,match,match
1021,impersonator,match,match
1022,impersonator,match,impersonator
1023,impersonator,match,match
1024,impersonator,match,match
1025,impersonator,match,match
1026,impersonator,match,match
1027,impersonator,impersonator,match
1028,impersonator,match,match
1029,impersonator,match,match
1030,impersonator,match,match
1031,impersonator,match,match
1032,impersonator,match,match
1033,impersonator,match,match
1034,impersonator,match,match
1035,impersonator,match,match
1036,impersonator,match,match
1037,impersonator,match,match
1038,impersonator,match,match
1039,impersonator,match,match
1040,impersonator,match,match
1041,impersonator,match,match
1042,impersonator,match,match
1043,impersonator,match,match
1044,impersonator,match,match
1045,impersonator,match,match
1046,impersonator,match,match
1047,impersonator,match,match
1048,impersonator,match,match
1049,impersonator,match,match
1050,impersonator,impersonator,match
1051,impersonator,match,match
1052,impersonator,match,match
1053,impersonator,match,match
1054,impersonator,match,match
1055,impersonator,match,match
1056,impersonator,match,match
1057,impersonator,match,match
1058,impersonator,match,match
1059,impersonator,match,match
1060,impersonator,match,match
1061,impersonator,match,match
1062,impersonator,match,match
1063,impersonator,impersonator,match
1064,impersonator,match,match
1065,impersonator,match,match
1066,impersonator,match,match
1067,impersonator,match,match
1068,impersonator,match,match
1069,impersonator,match,match
1070,impersonator,match,match
1071,impersonator,match,match
1072,impersonator,match,match
1073,impersonator,match,match
1074,impersonator,match,match
1075,impersonator,match,match
1076,impersonator,match,match
1077,impersonator,match,match
1078,impersonator,match,match
1079,impersonator,match,match
1080,impersonator,match,match
1081,impersonator,match,match
1082,impersonator,match,match
1083,impersonator,match,match
1084,impersonator,match,match
1085,impersonator,match,match
1086,impersonator,match,match
1087,impersonator,match,match
1088,impersonator,match,mismatch
1089,impersonator,match,match
1090,impersonator,match,match
1091,impersonator,match,match
1092,impersonator,match,match
1093,impersonator,match,match
1094,impersonator,match,match
1095,impersonator,match,match
1096,impersonator,match,match
1097,impersonator,match,match
1098,impersonator,match,match
1099,impersonator,match,match
1100,impersonator,match,match
1101,impersonator,match,match
1102,impersonator,match,match
1103,impersonator,match,match
1104,impersonator,match,match
1105,impersonator,match,match
1106,impersonator,impersonator,match
1107,impersonator,match,match
1108,impersonator,match,match
1109,impersonator,match,match
1110,impersonator,match,match
1111,impersonator,match,match
1112,impersonator,match,mismatch
1113,impersonator,mismatch,match
1114,impersonator,match,match
1115,impersonator,match,match
1116,impersonator,impersonator,match
1117,impersonator,match,impersonator
1118,impersonator,match,match
1119,impersonator,match,match
1120,impersonator,match,match
1121,impersonator,match,match
1122,impersonator,match,match
1123,impersonator,match,match
1124,impersonator,match,match
1125,impersonator,match,match
1126,impersonator,match,match
1127,impersonator,match,match
1128,impersonator,match,match
1129,impersonator,match,match
1130,impersonator,match,match
1131,impersonator,match,match
1132,impersonator,match,match
1133,impersonator,match,match
1134,impersonator,match,match
1135,impersonator,match,match
1136,impersonator,match,match
1137,impersonator,match,match
1138,impersonator,match,match
1139,impersonator,match,match
1140,impersonator,match,match
1141,impersonator,match,match
1142,impersonator,match,match
1143,impersonator,match,match
1144,impersonator,match,match
1145,impersonator,match,match
1146,impersonator,match,match
1147,impersonator,match,match
1148,impersonator,match,match
1149,impersonator,match,match
1150,impersonator,match,match
1151,impersonator,match,match
1152,impersonator,match,match
1153,impersonator,match,match
1154,impersonator,impersonator,match
1155,impersonator,match,match
1156,impersonator,match,match
1157,impersonator,match,match
1158,impersonator,match,match
1159,impersonator,match,match
1160,impersonator,match,match
1161,impersonator,match,match
1162,impersonator,match,match
1163,impersonator,match,match
1164,impersonator,match,match
1165,impersonator,match,match
1166,impersonator,match,match
1167,impersonator,match,match
1168,impersonator,match,match
1169,impersonator,match,match
1170,impersonator,match,match
1171,impersonator,match,match
1172,impersonator,match,match
1173,impersonator,match,match
1174,impersonator,match,match
1175,impersonator,match,match
1176,impersonator,match,match
1177,impersonator,match,match
1178,impersonator,match,match
1179,impersonator,match,match
1180,impersonator,match,match
1181,impersonator,match,match
1182,impersonator,match,match
1183,impersonator,match,match
1184,impersonator,impersonator,match
1185,impersonator,match,match
1186,impersonator,match,impersonator
1187,impersonator,match,match
1188,impersonator,match,match
1189,impersonator,match,match
1190,impersonator,match,match
1191,impersonator,match,match
1192,impersonator,match,match
1193,impersonator,match,match
1194,impersonator,match,match
1195,impersonator,impersonator,match
1196,impersonator,match,match
1197,impersonator,match,match
1198,impersonator,match,match
1199,impersonator,match,match
1200,impersonator,match,match
1201,impersonator,match,match
1202,impersonator,match,match
1203,impersonator,match,match
1204,impersonator,match,match
1205,impersonator,match,match
1206,impersonator,match,match
1207,impersonator,match,match
1208,impersonator,match,match
1209,impersonator,match,impersonator
1210,impersonator,match,match
1211,impersonator,match,match
1212,impersonator,match,match
1213,impersonator,match,match
1214,impersonator,match,match
1215,impersonator,match,match
1216,impersonator,match,match
1217,impersonator,match,match
1218,impersonator,match,match
1219,impersonator,match,match
1220,impersonator,match,match
1221,impersonator,match,match
1222,impersonator,match,match
1223,impersonator,impersonator,match
1224,impersonator,match,impersonator
1225,impersonator,match,match
1226,impersonator,match,match
1227,impersonator,match,match
1228,impersonator,match,match
1229,impersonator,match,match
1230,impersonator,match,match
1231,impersonator,match,match
1232,impersonator,match,match
1233,impersonator,match,match
1234,impersonator,match,match
1235,impersonator,match,match
1236,impersonator,match,impersonator
1237,impersonator,match,match
1238,impersonator,match,match
1239,impersonator,match,match
1240,impersonator,match,match
1241,impersonator,match,match
1242,impersonator,match,match
1243,impersonator,match,match
1244,impersonator,match,match
1245,impersonator,match,impersonator
1246,impersonator,match,match
1247,impersonator,match,match
1248,impersonator,match,match
1249,impersonator,match,match
1250,impersonator,match,match
1251,impersonator,match,match
1252,impersonator,match,match
1253,impersonator,match,match
1254,impersonator,match,match
1255,impersonator,match,match
1256,impersonator,impersonator,impersonator
1257,impersonator,impersonator,impersonator
1258,impersonator,impersonator,impersonator
1259,impersonator,impersonator,impersonator
1260,impersonator,impersonator,impersonator
1261,impersonator,impersonator,impersonator
1262,impersonator,impersonator,impersonator
1263,impersonator,impersonator,impersonator
1264,impersonator,impersonator,impersonator
1265,impersonator,impersonator,impersonator
1266,impersonator,impersonator,impersonator
1267,impersonator,impersonator,impersonator
1268,impersonator,impersonator,impersonator
1269,impersonator,impersonator,impersonator
1270,impersonator,impersonator,impersonator
1271,impersonator,impersonator,impersonator
1272,impersonator,impersonator,impersonator
1273,impersonator,impersonator,impersonator
1274,impersonator,impersonator,impersonator
1275,impersonator,impersonator,impersonator
1276,impersonator,impersonator,impersonator
1277,impersonator,impersonator,impersonator
1278,impersonator,impersonator,impersonator
1279,impersonator,impersonator,impersonator
1280,impersonator,impersonator,impersonator
1281,impersonator,impersonator,impersonator
1282,impersonator,impersonator,impersonator
1283,impersonator,impersonator,impersonator
1284,impersonator,impersonator,impersonator
1285,impersonator,impersonator,impersonator
1286,impersonator,impersonator,impersonator
1287,impersonator,impersonator,impersonator
1288,impersonator,impersonator,impersonator
1289,impersonator,impersonator,impersonator
1290,impersonator,impersonator,impersonator
1291,impersonator,impersonator,impersonator
1292,impersonator,impersonator,impersonator
1293,impersonator,impersonator,impersonator
1294,impersonator,impersonator,impersonator
1295,impersonator,impersonator,impersonator
1296,impersonator,impersonator,impersonator
1297,impersonator,impersonator,impersonator
1298,impersonator,impersonator,impersonator
1299,impersonator,impersonator,impersonator
1300,impersonator,impersonator,impersonator
1301,impersonator,impersonator,impersonator
1302,impersonator,impersonator,impersonator
1303,impersonator,impersonator,impersonator
1304,impersonator,impersonator,impersonator
1305,impersonator,impersonator,impersonator
1306,impersonator,impersonator,impersonator
1307,impersonator,impersonator,impersonator
1308,impersonator,impersonator,impersonator
1309,impersonator,impersonator,impersonator
1310,impersonator,impersonator,impersonator
1311,impersonator,impersonator,impersonator
1312,impersonator,impersonator,impersonator
1313,impersonator,impersonator,impersonator
1314,impersonator,impersonator,impersonator
1315,impersonator,impersonator,impersonator
1316,impersonator,impersonator,impersonator
1317,impersonator,impersonator,impersonator
1318,impersonator,impersonator,impersonator
1319,impersonator,impersonator,impersonator
1320,impersonator,impersonator,impersonator
1321,impersonator,impersonator,impersonator
1322,impersonator,impersonator,impersonator
1323,impersonator,impersonator,impersonator
1324,impersonator,impersonator,impersonator
1325,impersonator,impersonator,impersonator
1326,impersonator,impersonator,impersonator
1327,impersonator,impersonator,impersonator
1328,impersonator,impersonator,impersonator
1329,impersonator,impersonator,impersonator
1330,impersonator,impersonator,impersonator
1331,impersonator,impersonator,impersonator
1332,impersonator,impersonator,impersonator
1333,impersonator,impersonator,impersonator
1334,impersonator,impersonator,impersonator
1335,impersonator,impersonator,impersonator
1336,impersonator,impersonator,impersonator
1337,impersonator,impersonator,impersonator
1338,impersonator,impersonator,impersonator
1339,impersonator,impersonator,impersonator
1340,impersonator,impersonator,impersonator
1341,impersonator,impersonator,impersonator
1342,impersonator,impersonator,impersonator
1343,impersonator,impersonator,impersonator
1344,impersonator,impersonator,impersonator
1345,impersonator,impersonator,impersonator
1346,impersonator,impersonator,impersonator
1347,impersonator,impersonator,impersonator
1348,impersonator,impersonator,impersonator
1349,impersonator,impersonator,impersonator
1350,impersonator,impersonator,impersonator
1351,impersonator,impersonator,impersonator
1352,impersonator,impersonator,impersonator
1353,impersonator,impersonator,impersonator
1354,impersonator,impersonator,impersonator
1355,impersonator,impersonator,impersonator
1356,impersonator,impersonator,impersonator
1357,impersonator,impersonator,impersonator
1358,impersonator,impersonator,impersonator
1359,impersonator,impersonator,impersonator
1360,impersonator,impersonator,impersonator
1361,impersonator,impersonator,impersonator
1362,impersonator,impersonator,impersonator
1363,impersonator,impersonator,impersonator
1364,impersonator,impersonator,impersonator
1365,impersonator,impersonator,impersonator
1366,impersonator,impersonator,impersonator
1367,impersonator,impersonator,impersonator
1368,impersonator,impersonator,impersonator
1369,impersonator,impersonator,impersonator
1370,impersonator,impersonator,impersonator
1371,impersonator,impersonator,impersonator
1372,impersonator,impersonator,impersonator
1373,impersonator,impersonator,impersonator
1374,impersonator,impersonator,impersonator
1375,impersonator,impersonator,impersonator
1376,impersonator,impersonator,impersonator
1377,impersonator,impersonator,impersonator
1378,impersonator,impersonator,impersonator
1379,impersonator,impersonator,impersonator
1380,impersonator,impersonator,impersonator
1381,impersonator,impersonator,impersonator
1382,impersonator,impersonator,impersonator
1383,impersonator,impersonator,impersonator
1384,impersonator,impersonator,impersonator
1385,impersonator,impersonator,impersonator
1386,impersonator,impersonator,impersonator
1387,impersonator,impersonator,impersonator
1388,impersonator,impersonator,impersonator
1389,impersonator,impersonator,impersonator
1390,impersonator,impersonator,impersonator
1391,impersonator,impersonator,impersonator
1392,impersonator,impersonator,impersonator
1393,impersonator,impersonator,impersonator
1394,impersonator,impersonator,impersonator
1395,impersonator,impersonator,impersonator
1396,impersonator,impersonator,impersonator
1397,impersonator,impersonator,impersonator
1398,impersonator,impersonator,impersonator
1399,impersonator,impersonator,impersonator
1400,impersonator,impersonator,impersonator
1401,impersonator,impersonator,impersonator
1402,impersonator,impersonator,impersonator
1403,impersonator,impersonator,impersonator
1404,impersonator,impersonator,impersonator
1405,impersonator,impersonator,impersonator
1406,impersonator,impersonator,impersonator
1407,impersonator,impersonator,impersonator
1408,impersonator,impersonator,impersonator
1409,impersonator,impersonator,impersonator
1410,impersonator,impersonator,impersonator
1411,impersonator,impersonator,impersonator
1412,impersonator,impersonator,impersonator
1413,impersonator,impersonator,impersonator
1414,impersonator,impersonator,impersonator
1415,impersonator,impersonator,impersonator
1416,impersonator,impersonator,impersonator
1417,impersonator,impersonator,impersonator
1418,impersonator,impersonator,impersonator
1419,impersonator,impersonator,impersonator
1420,impersonator,impersonator,impersonator
1421,impersonator,impersonator,impersonator
1422,impersonator,impersonator,impersonator
1423,impersonator,impersonator,impersonator
1424,impersonator,impersonator,impersonator
1425,impersonator,impersonator,impersonator
1426,impersonator,impersonator,impersonator
1427,impersonator,impersonator,impersonator
1428,impersonator,impersonator,impersonator
1429,impersonator,impersonator,impersonator
1430,impersonator,impersonator,impersonator
1431,impersonator,impersonator,impersonator
1432,impersonator,impersonator,impersonator
1433,impersonator,impersonator,impersonator
1434,impersonator,impersonator,impersonator
1435,impersonator,impersonator,impersonator
1436,impersonator,impersonator,impersonator
1437,impersonator,impersonator,mismatch
1438,impersonator,impersonator,impersonator
1439,impersonator,impersonator,impersonator
1440,impersonator,impersonator,impersonator
1441,impersonator,impersonator,impersonator
1442,impersonator,impersonator,impersonator
1443,impersonator,impersonator,impersonator
1444,impersonator,impersonator,impersonator
1445,impersonator,impersonator,impersonator
1446,impersonator,impersonator,impersonator
1447,impersonator,impersonator,impersonator
1448,impersonator,impersonator,impersonator
1449,impersonator,impersonator,impersonator
1450,impersonator,impersonator,impersonator
1451,impersonator,impersonator,impersonator
1452,impersonator,impersonator,impersonator
1453,impersonator,impersonator,impersonator
1454,impersonator,impersonator,impersonator
1455,impersonator,impersonator,impersonator
1456,impersonator,impersonator,impersonator
1457,impersonator,impersonator,impersonator
1458,impersonator,impersonator,impersonator
1459,impersonator,impersonator,impersonator
1460,impersonator,impersonator,impersonator
1461,impersonator,impersonator,impersonator
1462,impersonator,impersonator,impersonator
1463,impersonator,impersonator,impersonator
1464,impersonator,impersonator,impersonator
1465,impersonator,impersonator,impersonator
1466,impersonator,impersonator,impersonator
1467,impersonator,impersonator,impersonator
1468,impersonator,impersonator,impersonator
1469,impersonator,impersonator,impersonator
1470,impersonator,impersonator,impersonator
1471,impersonator,impersonator,impersonator
1472,impersonator,impersonator,impersonator
1473,impersonator,impersonator,impersonator
1474,impersonator,impersonator,impersonator
1475,impersonator,impersonator,impersonator
1476,impersonator,impersonator,impersonator
1477,impersonator,impersonator,impersonator
1478,impersonator,impersonator,impersonator
1479,impersonator,impersonator,impersonator
1480,impersonator,impersonator,impersonator
1481,impersonator,impersonator,impersonator
1482,impersonator,impersonator,impersonator
1483,impersonator,impersonator,impersonator
1484,impersonator,impersonator,impersonator
1485,impersonator,impersonator,impersonator
1486,impersonator,impersonator,impersonator
1487,impersonator,impersonator,impersonator
1488,impersonator,impersonator,impersonator
1489,impersonator,impersonator,impersonator
1490,impersonator,impersonator,impersonator
1491,impersonator,mismatch,impersonator
1492,impersonator,impersonator,impersonator
1493,impersonator,impersonator,impersonator
1494,impersonator,impersonator,impersonator
1495,impersonator,impersonator,impersonator
1496,impersonator,impersonator,impersonator
1497,impersonator,impersonator,impersonator
1498,impersonator,impersonator,impersonator
1499,impersonator,impersonator,impersonator
1500,impersonator,impersonator,impersonator
1501,impersonator,impersonator,impersonator
1502,impersonator,impersonator,impersonator
1503,impersonator,impersonator,impersonator
1504,impersonator,impersonator,impersonator
1505,impersonator,impersonator,impersonator
1506,impersonator,impersonator,impersonator
1507,impersonator,impersonator,impersonator
1508,impersonator,impersonator,impersonator
1509,impersonator,impersonator,impersonator
1510,impersonator,impersonator,impersonator
1511,impersonator,impersonator,impersonator
1512,impersonator,impersonator,impersonator
1513,impersonator,mismatch,impersonator
1514,impersonator,impersonator,impersonator
1515,impersonator,impersonator,impersonator
1516,impersonator,impersonator,impersonator
1517,impersonator,impersonator,impersonator
1518,impersonator,impersonator,impersonator
1519,impersonator,impersonator,impersonator
1520,impersonator,impersonator,impersonator
1521,impersonator,impersonator,impersonator
1522,impersonator,impersonator,impersonator
1523,impersonator,impersonator,impersonator
1524,impersonator,impersonator,impersonator
1525,impersonator,impersonator,impersonator
1526,impersonator,match,impersonator
1527,impersonator,impersonator,impersonator
1528,impersonator,impersonator,impersonator
1529,impersonator,impersonator,impersonator
1530,impersonator,impersonator,impersonator
1531,impersonator,impersonator,impersonator
1532,impersonator,impersonator,impersonator
1533,impersonator,mismatch,impersonator
1534,impersonator,impersonator,mismatch
1535,impersonator,impersonator,impersonator
1536,impersonator,impersonator,impersonator
1537,impersonator,impersonator,impersonator
1538,impersonator,impersonator,impersonator
1539,impersonator,impersonator,impersonator
1540,impersonator,impersonator,impersonator
1541,impersonator,impersonator,impersonator
1542,impersonator,impersonator,impersonator
1543,impersonator,impersonator,impersonator
1544,impersonator,impersonator,impersonator
1545,impersonator,impersonator,impersonator
1546,impersonator,impersonator,impersonator
1547,impersonator,impersonator,impersonator
1548,impersonator,impersonator,impersonator
1549,impersonator,impersonator,impersonator
1550,impersonator,impersonator,impersonator
1551,impersonator,impersonator,impersonator
1552,impersonator,impersonator,impersonator
1553,impersonator,impersonator,impersonator
1554,impersonator,impersonator,impersonator
1555,impersonator,impersonator,impersonator
1556,impersonator,impersonator,impersonator
1557,impersonator,match,impersonator
1558,impersonator,impersonator,impersonator
1559,impersonator,impersonator,match
1560,impersonator,match,impersonator
1561,impersonator,impersonator,impersonator
1562,impersonator,impersonator,impersonator
1563,impersonator,impersonator,impersonator
1564,impersonator,impersonator,impersonator
1565,impersonator,impersonator,impersonator
1566,impersonator,impersonator,impersonator
1567,impersonator,impersonator,impersonator
1568,impersonator,match,impersonator
1569,impersonator,impersonator,impersonator
1570,impersonator,impersonator,mismatch
1571,impersonator,impersonator,impersonator
1572,impersonator,impersonator,impersonator
1573,impersonator,mismatch,impersonator
1574,impersonator,impersonator,impersonator
1575,impersonator,match,impersonator
1576,impersonator,impersonator,impersonator
1577,impersonator,impersonator,impersonator
1578,impersonator,impersonator,impersonator
1579,impersonator,impersonator,impersonator
1580,impersonator,impersonator,impersonator
1581,impersonator,impersonator,impersonator
1582,impersonator,impersonator,impersonator
1583,impersonator,impersonator,impersonator
1584,impersonator,impersonator,impersonator
1585,impersonator,impersonator,impersonator
1586,impersonator,impersonator,impersonator
1587,impersonator,impersonator,match
1588,impersonator,impersonator,impersonator
1589,impersonator,impersonator,match
1590,impersonator,impersonator,impersonator
1591,impersonator,impersonator,impersonator
1592,impersonator,impersonator,impersonator
1593,impersonator,impersonator,impersonator
1594,impersonator,impersonator,impersonator
1595,impersonator,impersonator,impersonator
1596,impersonator,impersonator,impersonator
1597,impersonator,impersonator,impersonator
1598,impersonator,impersonator,impersonator
1599,impersonator,impersonator,impersonator
1600,impersonator,impersonator,impersonator
1601,impersonator,mismatch,impersonator
1602,impersonator,impersonator,mismatch
1603,impersonator,impersonator,impersonator
1604,impersonator,impersonator,impersonator
1605,impersonator,impersonator,impersonator
1606,impersonator,impersonator,impersonator
1607,impersonator,impersonator,impersonator
1608,impersonator,impersonator,impersonator
1609,impersonator,impersonator,impersonator
1610,impersonator,impersonator,impersonator
1611,impersonator,impersonator,impersonator
1612,impersonator,impersonator,impersonator
1613,impersonator,impersonator,impersonator
1614,impersonator,impersonator,impersonator
1615,impersonator,impersonator,impersonator
1616,impersonator,impersonator,impersonator
1617,impersonator,impersonator,impersonator
1618,impersonator,impersonator,impersonator
1619,impersonator,impersonator,impersonator
1620,impersonator,impersonator,impersonator
1621,impersonator,match,impersonator
1622,impersonator,impersonator,impersonator
1623,impersonator,impersonator,impersonator
1624,impersonator,impersonator,impersonator
1625,impersonator,impersonator,impersonator
1626,impersonator,impersonator,impersonator
1627,impersonator,impersonator,impersonator
1628,impersonator,impersonator,impersonator
1629,impersonator,impersonator,impersonator
1630,impersonator,impersonator,impersonator
1631,impersonator,impersonator,impersonator
1632,impersonator,impersonator,impersonator
1633,impersonator,impersonator,match
1634,impersonator,impersonator,impersonator
1635,impersonator,mismatch,impersonator
1636,impersonator,impersonator,impersonator
1637,impersonator,impersonator,impersonator
1638,impersonator,impersonator,impersonator
1639,impersonator,impersonator,impersonator
1640,impersonator,impersonator,match
1641,impersonator,impersonator,impersonator
1642,impersonator,impersonator,impersonator
1643,impersonator,impersonator,match
1644,impersonator,impersonator,impersonator
1645,impersonator,impersonator,impersonator
1646,impersonator,impersonator,impersonator
1647,impersonator,match,impersonator
1648,impersonator,mismatch,impersonator
1649,impersonator,impersonator,impersonator
1650,impersonator,impersonator,match
1651,impersonator,impersonator,mismatch
1652,impersonator,impersonator,impersonator
1653,impersonator,impersonator,impersonator
1654,impersonator,impersonator,mismatch
1655,impersonator,mismatch,impersonator
1656,impersonator,impersonator,impersonator
1657,impersonator,impersonator,impersonator
1658,impersonator,impersonator,impersonator
1659,impersonator,impersonator,impersonator
1660,impersonator,impersonator,impersonator
1661,impersonator,impersonator,impersonator
1662,impersonator,impersonator,impersonator
1663,impersonator,impersonator,impersonator
1664,impersonator,impersonator,impersonator
1665,impersonator,impersonator,impersonator
1666,impersonator,impersonator,impersonator
1667,impersonator,mismatch,impersonator
1668,impersonator,impersonator,impersonator
1669,impersonator,impersonator,impersonator
1670,impersonator,impersonator,impersonator
1671,impersonator,impersonator,impersonator
1672,impersonator,impersonator,impersonator
1673,impersonator,match,impersonator
1674,impersonator,impersonator,impersonator
1675,impersonator,impersonator,impersonator
1676,impersonator,impersonator,impersonator
1677,impersonator,impersonator,mismatch
1678,impersonator,impersonator,impersonator
1679,impersonator,impersonator,impersonator
1680,impersonator,impersonator,impersonator
1681,impersonator,match,impersonator
1682,impersonator,impersonator,impersonator
1683,impersonator,impersonator,impersonator
1684,impersonator,impersonator,impersonator
1685,impersonator,impersonator,impersonator
1686,impersonator,impersonator,impersonator
1687,impersonator,impersonator,impersonator
1688,impersonator,impersonator,impersonator
1689,impersonator,impersonator,impersonator
1690,impersonator,impersonator,impersonator
1691,impersonator,impersonator,impersonator
1692,impersonator,impersonator,impersonator
1693,impersonator,impersonator,impersonator
1694,impersonator,impersonator,impersonator
1695,impersonator,impersonator,impersonator
1696,impersonator,impersonator,impersonator
1697,impersonator,impersonator,impersonator
1698,impersonator,impersonator,impersonator
1699,impersonator,impersonator,impersonator
1700,impersonator,impersonator,impersonator
1701,impersonator,impersonator,impersonator
1702,impersonator,impersonator,impersonator
1703,impersonator,impersonator,impersonator
1704,impersonator,impersonator,impersonator
1705,impersonator,impersonator,impersonator
1706,impersonator,impersonator,impersonator
1707,impersonator,impersonator,impersonator
1708,impersonator,impersonator,impersonator
1709,impersonator,impersonator,impersonator
1710,impersonator,impersonator,impersonator
1711,impersonator,impersonator,impersonator
1712,impersonator,impersonator,impersonator
1713,impersonator,impersonator,impersonator
1714,impersonator,impersonator,impersonator
1715,impersonator,impersonator,impersonator
1716,impersonator,impersonator,impersonator
1717,impersonator,impersonator,impersonator
1718,impersonator,mismatch,impersonator
1719,impersonator,mismatch,impersonator
1720,impersonator,impersonator,impersonator
1721,impersonator,impersonator,impersonator
1722,impersonator,match,impersonator
1723,impersonator,impersonator,impersonator
1724,impersonator,impersonator,impersonator
1725,impersonator,impersonator,impersonator
1726,impersonator,impersonator,impersonator
1727,impersonator,impersonator,impersonator
1728,impersonator,impersonator,impersonator
1729,impersonator,impersonator,match
1730,impersonator,impersonator,impersonator
1731,impersonator,mismatch,impersonator
1732,impersonator,impersonator,impersonator
1733,impersonator,impersonator,impersonator
1734,impersonator,impersonator,impersonator
1735,impersonator,impersonator,impersonator
1736,impersonator,impersonator,impersonator
1737,impersonator,impersonator,impersonator
1738,impersonator,impersonator,impersonator
1739,impersonator,impersonator,impersonator
1740,impersonator,mismatch,impersonator
1741,impersonator,match,mismatch
1742,impersonator,impersonator,impersonator
1743,impersonator,impersonator,impersonator
1744,impersonator,impersonator,impersonator
1745,impersonator,impersonator,impersonator
1746,impersonator,impersonator,impersonator
1747,impersonator,impersonator,impersonator
1748,impersonator,impersonator,impersonator
1749,impersonator,impersonator,impersonator
1750,impersonator,impersonator,impersonator
1751,impersonator,impersonator,impersonator
1752,impersonator,impersonator,impersonator
1753,impersonator,impersonator,mismatch
1754,impersonator,impersonator,mismatch
1755,impersonator,impersonator,impersonator
1756,impersonator,impersonator,impersonator
1757,impersonator,mismatch,impersonator
1758,impersonator,impersonator,impersonator
1759,impersonator,impersonator,impersonator
1760,impersonator,match,impersonator
1761,impersonator,impersonator,impersonator
1762,impersonator,impersonator,impersonator
1763,impersonator,impersonator,impersonator
1764,impersonator,impersonator,impersonator
1765,impersonator,impersonator,impersonator
1766,impersonator,impersonator,match
1767,impersonator,impersonator,mismatch
1768,impersonator,impersonator,match
1769,impersonator,impersonator,impersonator
1770,impersonator,impersonator,impersonator
1771,impersonator,impersonator,impersonator
1772,impersonator,impersonator,impersonator
1773,impersonator,impersonator,impersonator
1774,impersonator,impersonator,impersonator
1775,impersonator,impersonator,mismatch
1776,impersonator,impersonator,match
1777,impersonator,impersonator,impersonator
1778,impersonator,impersonator,impersonator
1779,impersonator,impersonator,impersonator
1780,impersonator,impersonator,impersonator
1781,impersonator,impersonator,impersonator
1782,impersonator,impersonator,match
1783,impersonator,impersonator,impersonator
1784,impersonator,match,impersonator
1785,impersonator,impersonator,impersonator
1786,impersonator,impersonator,match
1787,impersonator,impersonator,impersonator
1788,impersonator,match,match
1789,impersonator,impersonator,impersonator
1790,impersonator,impersonator,impersonator
1791,impersonator,impersonator,impersonator
1792,impersonator,impersonator,impersonator
1793,impersonator,impersonator,impersonator
1794,impersonator,impersonator,impersonator
1795,impersonator,impersonator,match
1796,impersonator,impersonator,impersonator
1797,impersonator,impersonator,impersonator
1798,impersonator,impersonator,impersonator
1799,impersonator,impersonator,match
1800,impersonator,impersonator,impersonator
1801,impersonator,impersonator,impersonator
1802,impersonator,impersonator,impersonator
1803,impersonator,impersonator,impersonator
1804,impersonator,match,impersonator
1805,impersonator,impersonator,match
1806,impersonator,impersonator,impersonator
1807,impersonator,impersonator,impersonator
1808,impersonator,impersonator,impersonator
1809,impersonator,impersonator,match
1810,impersonator,match,impersonator
1811,impersonator,impersonator,match
1812,impersonator,impersonator,impersonator
1813,impersonator,impersonator,impersonator
1814,impersonator,impersonator,match
1815,impersonator,impersonator,match
1816,impersonator,match,impersonator
1817,impersonator,mismatch,impersonator
1818,impersonator,impersonator,impersonator
1819,impersonator,impersonator,impersonator
1820,impersonator,impersonator,match
1821,impersonator,impersonator,match
1822,impersonator,impersonator,impersonator
1823,impersonator,impersonator,impersonator
1824,impersonator,mismatch,impersonator
1825,impersonator,impersonator,match
1826,impersonator,impersonator,impersonator
1827,impersonator,impersonator,impersonator
1828,impersonator,impersonator,impersonator
1829,impersonator,impersonator,match
1830,impersonator,impersonator,impersonator
1831,impersonator,mismatch,match
1832,impersonator,impersonator,impersonator
1833,impersonator,match,impersonator
1834,impersonator,impersonator,impersonator
1835,impersonator,impersonator,impersonator
1836,impersonator,impersonator,impersonator
1837,impersonator,mismatch,impersonator
1838,impersonator,impersonator,impersonator
1839,impersonator,impersonator,impersonator
1840,impersonator,impersonator,impersonator
1841,impersonator,impersonator,impersonator
1842,impersonator,impersonator,impersonator
1843,impersonator,impersonator,impersonator
1844,impersonator,impersonator,impersonator
1845,impersonator,match,impersonator
1846,impersonator,impersonator,impersonator
1847,impersonator,impersonator,impersonator
1848,impersonator,impersonator,impersonator
1849,impersonator,match,impersonator
1850,impersonator,impersonator,impersonator
1851,impersonator,impersonator,impersonator
1852,impersonator,match,mismatch
1853,impersonator,impersonator,impersonator
1854,impersonator,impersonator,impersonator
1855,impersonator,mismatch,impersonator
1856,impersonator,impersonator,impersonator
1857,impersonator,impersonator,impersonator
1858,impersonator,impersonator,impersonator
1859,impersonator,impersonator,impersonator
1860,impersonator,match,impersonator
1861,impersonator,impersonator,match
1862,impersonator,impersonator,impersonator
1863,impersonator,impersonator,impersonator
1864,impersonator,impersonator,impersonator
1865,impersonator,impersonator,impersonator
1866,impersonator,impersonator,mismatch
1867,impersonator,impersonator,impersonator
1868,impersonator,impersonator,match
1869,impersonator,impersonator,impersonator
1870,impersonator,impersonator,mismatch
1871,impersonator,impersonator,impersonator
1872,impersonator,impersonator,impersonator
1873,impersonator,impersonator,impersonator
1874,impersonator,impersonator,impersonator
1875,impersonator,match,impersonator
1876,impersonator,impersonator,match
1877,impersonator,impersonator,impersonator
1878,impersonator,mismatch,impersonator
1879,impersonator,match,impersonator
1880,impersonator,impersonator,impersonator
1881,impersonator,impersonator,impersonator
1882,impersonator,impersonator,impersonator
1883,impersonator,impersonator,mismatch
1884,impersonator,impersonator,impersonator
1885,impersonator,impersonator,impersonator
1886,impersonator,impersonator,impersonator
1887,impersonator,impersonator,impersonator
1888,impersonator,impersonator,match
1889,impersonator,impersonator,impersonator
1890,impersonator,impersonator,impersonator
1891,impersonator,match,impersonator
1892,impersonator,impersonator,impersonator
1893,impersonator,impersonator,impersonator
1894,impersonator,impersonator,impersonator
1895,impersonator,impersonator,impersonator
1896,impersonator,match,impersonator
1897,impersonator,impersonator,impersonator
1898,impersonator,match,impersonator
1899,impersonator,impersonator,impersonator
1900,impersonator,impersonator,impersonator
1901,impersonator,impersonator,impersonator
1902,impersonator,match,impersonator
1903,impersonator,impersonator,impersonator
1904,impersonator,impersonator,impersonator
1905,impersonator,impersonator,impersonator
1906,impersonator,impersonator,impersonator
1907,impersonator,match,impersonator
1908,impersonator,impersonator,impersonator
1909,impersonator,impersonator,impersonator
1910,impersonator,impersonator,impersonator
1911,impersonator,impersonator,impersonator
1912,impersonator,impersonator,impersonator
1913,impersonator,impersonator,impersonator
1914,impersonator,impersonator,impersonator
1915,impersonator,impersonator,impersonator
1916,impersonator,impersonator,impersonator
1917,impersonator,impersonator,impersonator
1918,impersonator,impersonator,impersonator
1919,impersonator,impersonator,impersonator
1920,impersonator,match,impersonator
1921,impersonator,match,match
1922,impersonator,impersonator,impersonator
1923,impersonator,impersonator,impersonator
1924,impersonator,impersonator,impersonator
1925,impersonator,impersonator,impersonator
1926,impersonator,impersonator,impersonator
1927,impersonator,match,impersonator
1928,impersonator,impersonator,impersonator
1929,impersonator,impersonator,impersonator
1930,impersonator,impersonator,impersonator
1931,impersonator,impersonator,match
1932,impersonator,impersonator,mismatch
1933,impersonator,impersonator,impersonator
1934,impersonator,impersonator,impersonator
1935,impersonator,impersonator,impersonator
1936,impersonator,match,impersonator
1937,impersonator,match,match
1938,impersonator,match,impersonator
1939,impersonator,impersonator,impersonator
1940,impersonator,impersonator,impersonator
1941,impersonator,impersonator,impersonator
1942,impersonator,match,impersonator
1943,impersonator,impersonator,impersonator
1944,impersonator,match,impersonator
1945,impersonator,impersonator,impersonator
1946,impersonator,match,impersonator
1947,impersonator,match,impersonator
1948,impersonator,impersonator,impersonator
1949,impersonator,impersonator,impersonator
1950,impersonator,impersonator,impersonator
1951,impersonator,impersonator,match
1952,impersonator,mismatch,impersonator
1953,impersonator,impersonator,match
1954,impersonator,impersonator,impersonator
1955,impersonator,impersonator,impersonator
1956,impersonator,impersonator,impersonator
1957,impersonator,impersonator,impersonator
1958,impersonator,match,impersonator
1959,impersonator,impersonator,impersonator
1960,impersonator,impersonator,impersonator
1961,impersonator,impersonator,impersonator
1962,impersonator,impersonator,impersonator
1963,impersonator,impersonator,impersonator
1964,impersonator,impersonator,impersonator
1965,impersonator,impersonator,impersonator
1966,impersonator,impersonator,impersonator
1967,impersonator,impersonator,impersonator
1968,impersonator,impersonator,impersonator
1969,impersonator,impersonator,impersonator
1970,impersonator,impersonator,impersonator
1971,impersonator,match,impersonator
1972,impersonator,impersonator,impersonator
1973,impersonator,impersonator,impersonator
1974,impersonator,impersonator,impersonator
1975,impersonator,impersonator,impersonator
1976,impersonator,impersonator,match
1977,impersonator,impersonator,impersonator
1978,impersonator,impersonator,impersonator
1979,impersonator,mismatch,match
1980,impersonator,mismatch,impersonator
1981,impersonator,match,impersonator
1982,impersonator,match,impersonator
1983,impersonator,impersonator,impersonator
1984,impersonator,impersonator,impersonator
1985,impersonator,impersonator,impersonator
1986,impersonator,impersonator,impersonator
1987,impersonator,impersonator,impersonator
1988,impersonator,impersonator,mismatch
1989,impersonator,impersonator,match
1990,impersonator,impersonator,impersonator
1991,impersonator,impersonator,impersonator
1992,impersonator,impersonator,impersonator
1993,impersonator,impersonator,impersonator
1994,impersonator,impersonator,impersonator
1995,impersonator,impersonator,impersonator
1996,impersonator,impersonator,impersonator
1997,impersonator,impersonator,impersonator
1998,impersonator,impersonator,match
1999,impersonator,match,impersonator
2000,impersonator,impersonator,impersonator
2001,impersonator,impersonator,impersonator
2002,impersonator,impersonator,impersonator
2003,impersonator,impersonator,match
2004,impersonator,impersonator,mismatch
2005,impersonator,match,impersonator
2006,impersonator,impersonator,mismatch
2007,impersonator,impersonator,impersonator
2008,impersonator,impersonator,impersonator
2009,impersonator,impersonator,impersonator
2010,impersonator,impersonator,impersonator
2011,impersonator,impersonator,impersonator
2012,impersonator,impersonator,impersonator
2013,impersonator,impersonator,impersonator
2014,impersonator,impersonator,impersonator
2015,impersonator,impersonator,impersonator
2016,impersonator,impersonator,impersonator
2017,impersonator,impersonator,impersonator
2018,impersonator,impersonator,impersonator
2019,impersonator,impersonator,match
2020,impersonator,impersonator,match
2021,impersonator,impersonator,impersonator
2022,impersonator,impersonator,impersonator
2023,impersonator,match,impersonator
2024,impersonator,match,match
2025,impersonator,match,match
2026,impersonator,match,match
2027,impersonator,match,match
2028,impersonator,match,match
2029,impersonator,match,match
2030,impersonator,match,match
2031,impersonator,match,match
2032,impersonator,match,match
2033,impersonator,match,match
2034,impersonator,match,match
2035,impersonator,match,match
2036,impersonator,match,match
2037,impersonator,match,match
2038,impersonator,match,match
2039,impersonator,match,match
2040,impersonator,match,match
2041,impersonator,match,match
2042,impersonator,match,match
2043,impersonator,match,match
2044,impersonator,match,match
2045,impersonator,match,match
2046,impersonator,match,match
2047,impersonator,match,match
2048,impersonator,match,match
2049,impersonator,match,match
2050,impersonator,match,match
2051,impersonator,match,match
2052,impersonator,match,match
2053,impersonator,match,match
2054,impersonator,match,match
2055,impersonator,match,match
2056,impersonator,match,match
2057,impersonator,match,match
2058,impersonator,match,match
2059,impersonator,match,match
2060,impersonator,match,match
2061,impersonator,match,match
2062,impersonator,match,match
2063,impersonator,match,match
2064,impersonator,match,match
2065,impersonator,match,match
2066,impersonator,match,match
2067,impersonator,match,match
2068,impersonator,match,match
2069,impersonator,match,match
2070,impersonator,match,match
2071,impersonator,match,match
2072,impersonator,match,match
2073,impersonator,match,match
2074,impersonator,match,match
2075,impersonator,match,match
2076,impersonator,match,match
2077,impersonator,match,match
2078,impersonator,match,match
2079,impersonator,match,match
2080,impersonator,match,match
2081,impersonator,match,match
2082,impersonator,match,match
2083,impersonator,match,match
2084,impersonator,match,match
2085,impersonator,match,match
2086,impersonator,match,match
2087,impersonator,match,match
2088,impersonator,match,match
2089,impersonator,match,match
2090,impersonator,match,match
2091,impersonator,match,match
2092,impersonator,match,match
2093,impersonator,match,match
2094,impersonator,match,match
2095,impersonator,match,match
2096,impersonator,match,match
2097,impersonator,match,match
2098,impersonator,match,match
2099,impersonator,match,match
2100,impersonator,match,match
2101,impersonator,match,match
2102,impersonator,match,match
2103,impersonator,match,match
2104,impersonator,match,match
2105,impersonator,match,match
2106,impersonator,match,match
2107,impersonator,match,match
2108,impersonator,match,match
2109,impersonator,match,match
2110,impersonator,match,match
2111,impersonator,match,match
2112,impersonator,match,match
2113,impersonator,match,match
2114,impersonator,match,match
2115,impersonator,match,match
2116,impersonator,match,match
2117,impersonator,match,match
2118,impersonator,match,match
2119,impersonator,match,match
2120,impersonator,match,match
2121,impersonator,match,match
2122,impersonator,match,match
2123,impersonator,match,match
2124,impersonator,match,match
2125,impersonator,match,match
2126,impersonator,match,match
2127,impersonator,match,match
2128,impersonator,match,match
2129,impersonator,match,match
2130,impersonator,match,match
2131,impersonator,match,match
2132,impersonator,match,match
2133,impersonator,match,match
2134,impersonator,match,match
2135,impersonator,match,match
2136,impersonator,match,match
2137,impersonator,match,match
2138,impersonator,match,match
2139,impersonator,match,match
2140,impersonator,match,match
2141,impersonator,match,match
2142,impersonator,match,match
2143,impersonator,match,match
2144,impersonator,match,match
2145,impersonator,match,match
2146,impersonator,match,match
2147,impersonator,match,match
2148,impersonator,match,match
2149,impersonator,match,match
2150,impersonator,match,match
2151,impersonator,match,match
2152,impersonator,match,match
2153,impersonator,match,match
2154,impersonator,match,match
2155,impersonator,match,match
2156,impersonator,match,match
2157,impersonator,match,match
2158,impersonator,match,match
2159,impersonator,match,match
2160,impersonator,match,match
2161,impersonator,match,match
2162,impersonator,match,match
2163,impersonator,match,match
2164,impersonator,match,match
2165,impersonator,match,match
2166,impersonator,match,match
2167,impersonator,match,match
2168,impersonator,match,match
2169,impersonator,match,match
2170,impersonator,match,match
2171,impersonator,match,match
2172,impersonator,match,match
2173,impersonator,match,match
2174,impersonator,match,match
2175,impersonator,match,match
2176,impersonator,match,match
2177,impersonator,match,match
2178,impersonator,match,match
2179,impersonator,match,match
2180,impersonator,match,match
2181,impersonator,match,match
2182,impersonator,match,match
2183,impersonator,match,match
2184,impersonator,match,match
2185,impersonator,match,match
2186,impersonator,match,match
2187,impersonator,match,match
2188,impersonator,match,match
2189,impersonator,match,match
2190,impersonator,match,match
2191,impersonator,match,match
2192,impersonator,match,match
2193,impersonator,match,match
2194,impersonator,match,match
2195,impersonator,match,match
2196,impersonator,match,match
2197,impersonator,match,match
2198,impersonator,match,match
2199,impersonator,match,match
2200,impersonator,match,match
2201,impersonator,match,match
2202,impersonator,match,match
2203,impersonator,match,match
2204,impersonator,match,match
2205,impersonator,match,match
2206,impersonator,match,match
2207,impersonator,match,match
2208,impersonator,match,match
2209,impersonator,match,match
2210,impersonator,match,match
2211,impersonator,match,match
2212,impersonator,match,match
2213,impersonator,match,match
2214,impersonator,match,match
2215,impersonator,match,match
2216,impersonator,match,match
2217,impersonator,match,match
2218,impersonator,match,match
2219,impersonator,match,match
2220,impersonator,match,match
2221,impersonator,match,match
2222,impersonator,match,match
2223,impersonator,mismatch,match
2224,impersonator,match,match
2225,impersonator,match,match
2226,impersonator,match,match
2227,impersonator,match,match
2228,impersonator,match,match
2229,impersonator,match,match
2230,impersonator,match,match
2231,impersonator,match,match
2232,impersonator,match,match
2233,impersonator,match,match
2234,impersonator,match,match
2235,impersonator,match,match
2236,impersonator,match,match
2237,impersonator,match,match
2238,impersonator,match,match
2239,impersonator,match,match
2240,impersonator,match,match
2241,impersonator,match,match
2242,impersonator,match,match
2243,impersonator,match,match
2244,impersonator,match,match
2245,impersonator,match,match
2246,impersonator,match,match
2247,impersonator,match,match
2248,impersonator,mismatch,match
2249,impersonator,match,match
2250,impersonator,match,match
2251,impersonator,match,match
2252,impersonator,match,match
2253,impersonator,match,match
2254,impersonator,match,match
2255,impersonator,match,match
2256,impersonator,match,match
2257,impersonator,match,match
2258,impersonator,match,match
2259,impersonator,match,match
2260,impersonator,match,match
2261,impersonator,match,match
2262,impersonator,match,match
2263,impersonator,match,match
2264,impersonator,match,match
2265,impersonator,match,match
2266,impersonator,match,match
2267,impersonator,match,match
2268,impersonator,match,match
2269,impersonator,match,match
2270,impersonator,match,match
2271,impersonator,match,match
2272,impersonator,match,match
2273,impersonator,match,match
2274,impersonator,match,match
2275,impersonator,match,match
2276,impersonator,match,match
2277,impersonator,match,match
2278,impersonator,match,match
2279,impersonator,impersonator,impersonator
2280,impersonator,impersonator,impersonator
2281,impersonator,impersonator,impersonator
2282,impersonator,impersonator,impersonator
2283,impersonator,impersonator,impersonator
2284,impersonator,impersonator,impersonator
2285,impersonator,impersonator,impersonator
2286,impersonator,impersonator,impersonator
2287,impersonator,impersonator,impersonator
2288,impersonator,impersonator,impersonator
2289,impersonator,impersonator,impersonator
2290,impersonator,impersonator,impersonator
2291,impersonator,impersonator,impersonator
2292,impersonator,impersonator,impersonator
2293,impersonator,impersonator,impersonator
2294,impersonator,impersonator,impersonator
2295,impersonator,impersonator,impersonator
2296,impersonator,impersonator,impersonator
2297,impersonator,impersonator,impersonator
2298,impersonator,impersonator,impersonator
2299,impersonator,impersonator,impersonator
2300,impersonator,impersonator,impersonator
2301,impersonator,impersonator,impersonator
2302,impersonator,impersonator,impersonator
2303,impersonator,impersonator,impersonator
2304,impersonator,impersonator,impersonator
2305,impersonator,impersonator,impersonator
2306,impersonator,impersonator,impersonator
2307,impersonator,impersonator,impersonator
2308,impersonator,impersonator,impersonator
2309,impersonator,impersonator,impersonator
2310,impersonator,impersonator,impersonator
2311,impersonator,impersonator,impersonator
2312,impersonator,impersonator,impersonator
2313,impersonator,impersonator,impersonator
2314,impersonator,impersonator,impersonator
2315,impersonator,impersonator,impersonator
2316,impersonator,impersonator,impersonator
2317,impersonator,impersonator,impersonator
2318,impersonator,impersonator,impersonator
2319,impersonator,impersonator,impersonator
2320,impersonator,impersonator,impersonator
2321,impersonator,impersonator,impersonator
2322,impersonator,impersonator,impersonator
2323,impersonator,impersonator,impersonator
2324,impersonator,impersonator,impersonator
2325,impersonator,impersonator,impersonator
2326,impersonator,impersonator,impersonator
2327,impersonator,impersonator,impersonator
2328,impersonator,impersonator,impersonator
2329,impersonator,impersonator,impersonator
2330,impersonator,impersonator,impersonator
2331,impersonator,impersonator,impersonator
2332,impersonator,impersonator,impersonator
2333,impersonator,impersonator,impersonator
2334,impersonator,impersonator,impersonator
2335,impersonator,impersonator,impersonator
2336,impersonator,impersonator,impersonator
2337,impersonator,impersonator,impersonator
2338,impersonator,impersonator,impersonator
2339,impersonator,impersonator,impersonator
2340,impersonator,impersonator,impersonator
2341,impersonator,impersonator,impersonator
2342,impersonator,impersonator,impersonator
2343,impersonator,impersonator,impersonator
2344,impersonator,impersonator,impersonator
2345,impersonator,impersonator,impersonator
2346,impersonator,impersonator,impersonator
2347,impersonator,impersonator,impersonator
2348,impersonator,impersonator,impersonator
2349,impersonator,impersonator,impersonator
2350,impersonator,impersonator,impersonator
2351,impersonator,impersonator,impersonator
2352,impersonator,impersonator,impersonator
2353,impersonator,impersonator,impersonator
2354,impersonator,impersonator,impersonator
2355,impersonator,impersonator,impersonator
2356,impersonator,impersonator,impersonator
2357,impersonator,impersonator,impersonator
2358,impersonator,impersonator,impersonator
2359,impersonator,impersonator,impersonator
2360,impersonator,impersonator,impersonator
2361,impersonator,impersonator,impersonator
2362,impersonator,impersonator,impersonator
2363,impersonator,impersonator,impersonator
2364,impersonator,impersonator,impersonator
2365,impersonator,impersonator,impersonator
2366,impersonator,impersonator,impersonator
2367,impersonator,impersonator,impersonator
2368,impersonator,impersonator,impersonator
2369,impersonator,impersonator,impersonator
2370,impersonator,impersonator,impersonator
2371,impersonator,impersonator,impersonator
2372,impersonator,impersonator,impersonator
2373,impersonator,impersonator,impersonator
2374,impersonator,impersonator,impersonator
2375,impersonator,impersonator,impersonator
2376,impersonator,impersonator,impersonator
2377,impersonator,impersonator,impersonator
2378,impersonator,impersonator,impersonator
2379,impersonator,impersonator,impersonator
2380,impersonator,impersonator,impersonator
2381,impersonator,impersonator,impersonator
2382,impersonator,impersonator,impersonator
2383,impersonator,impersonator,impersonator
2384,impersonator,impersonator,impersonator
2385,impersonator,impersonator,impersonator
2386,impersonator,impersonator,impersonator
2387,impersonator,impersonator,impersonator
2388,impersonator,impersonator,impersonator
2389,impersonator,impersonator,impersonator
2390,impersonator,impersonator,impersonator
2391,impersonator,impersonator,impersonator
2392,impersonator,impersonator,impersonator
2393,impersonator,impersonator,impersonator
2394,impersonator,impersonator,impersonator
2395,impersonator,impersonator,impersonator
2396,impersonator,impersonator,impersonator
2397,impersonator,impersonator,impersonator
2398,impersonator,impersonator,impersonator
2399,impersonator,impersonator,impersonator
2400,impersonator,impersonator,impersonator
2401,impersonator,impersonator,impersonator
2402,impersonator,impersonator,impersonator
2403,impersonator,impersonator,impersonator
2404,impersonator,impersonator,impersonator
2405,impersonator,impersonator,impersonator
2406,impersonator,impersonator,impersonator
2407,impersonator,impersonator,impersonator
2408,impersonator,impersonator,impersonator
2409,impersonator,impersonator,impersonator
2410,impersonator,impersonator,impersonator
2411,impersonator,impersonator,impersonator
2412,impersonator,impersonator,impersonator
2413,impersonator,impersonator,impersonator
2414,impersonator,impersonator,impersonator
2415,impersonator,impersonator,impersonator
2416,impersonator,impersonator,impersonator
2417,impersonator,impersonator,impersonator
2418,impersonator,impersonator,impersonator
2419,impersonator,impersonator,impersonator
2420,impersonator,impersonator,impersonator
2421,impersonator,impersonator,impersonator
2422,impersonator,impersonator,impersonator
2423,impersonator,impersonator,impersonator
2424,impersonator,impersonator,impersonator
2425,impersonator,impersonator,impersonator
2426,impersonator,impersonator,impersonator
2427,impersonator,impersonator,impersonator
2428,impersonator,impersonator,impersonator
2429,impersonator,impersonator,impersonator
2430,impersonator,impersonator,impersonator
2431,impersonator,impersonator,impersonator
2432,impersonator,impersonator,impersonator
2433,impersonator,impersonator,impersonator
2434,impersonator,impersonator,impersonator
2435,impersonator,impersonator,impersonator
2436,impersonator,impersonator,impersonator
2437,impersonator,impersonator,impersonator
2438,impersonator,impersonator,impersonator
2439,impersonator,impersonator,impersonator
2440,impersonator,impersonator,impersonator
2441,impersonator,impersonator,impersonator
2442,impersonator,impersonator,impersonator
2443,impersonator,impersonator,impersonator
2444,impersonator,impersonator,impersonator
2445,impersonator,impersonator,impersonator
2446,impersonator,impersonator,impersonator
2447,impersonator,impersonator,impersonator
2448,impersonator,impersonator,impersonator
2449,impersonator,impersonator,impersonator
2450,impersonator,impersonator,impersonator
2451,impersonator,impersonator,impersonator
2452,impersonator,impersonator,impersonator
2453,impersonator,impersonator,impersonator
2454,impersonator,impersonator,impersonator
2455,impersonator,impersonator,impersonator
2456,impersonator,impersonator,impersonator
2457,impersonator,impersonator,impersonator
2458,impersonator,impersonator,impersonator
2459,impersonator,impersonator,impersonator
2460,impersonator,impersonator,impersonator
2461,impersonator,impersonator,impersonator
2462,impersonator,impersonator,impersonator
2463,impersonator,impersonator,impersonator
2464,impersonator,impersonator,impersonator
2465,impersonator,impersonator,impersonator
2466,impersonator,impersonator,impersonator
2467,impersonator,impersonator,impersonator
2468,impersonator,impersonator,impersonator
2469,impersonator,impersonator,impersonator
2470,impersonator,impersonator,impersonator
2471,impersonator,impersonator,impersonator
2472,impersonator,impersonator,impersonator
2473,impersonator,impersonator,impersonator
2474,impersonator,impersonator,impersonator
2475,impersonator,impersonator,impersonator
2476,impersonator,impersonator,impersonator
2477,impersonator,impersonator,impersonator
2478,impersonator,impersonator,impersonator
2479,impersonator,impersonator,impersonator
2480,impersonator,impersonator,impersonator
2481,impersonator,impersonator,impersonator
2482,impersonator,impersonator,impersonator
2483,impersonator,impersonator,impersonator
2484,impersonator,impersonator,impersonator
2485,impersonator,impersonator,impersonator
2486,impersonator,impersonator,impersonator
2487,impersonator,impersonator,impersonator
2488,impersonator,impersonator,impersonator
2489,impersonator,impersonator,impersonator
2490,impersonator,impersonator,impersonator
2491,impersonator,impersonator,impersonator
2492,impersonator,impersonator,impersonator
2493,impersonator,impersonator,impersonator
2494,impersonator,impersonator,impersonator
2495,impersonator,impersonator,impersonator
2496,impersonator,impersonator,impersonator
2497,impersonator,impersonator,impersonator
2498,impersonator,impersonator,impersonator
2499,impersonator,impersonator,impersonator
2500,impersonator,impersonator,impersonator
2501,impersonator,impersonator,impersonator
2502,impersonator,impersonator,impersonator
2503,impersonator,impersonator,impersonator
2504,impersonator,impersonator,impersonator
2505,impersonator,impersonator,impersonator
2506,impersonator,impersonator,impersonator
2507,impersonator,impersonator,impersonator
2508,impersonator,impersonator,impersonator
2509,impersonator,impersonator,impersonator
2510,impersonator,impersonator,impersonator
2511,impersonator,impersonator,impersonator
2512,impersonator,impersonator,impersonator
2513,impersonator,impersonator,impersonator
2514,impersonator,impersonator,impersonator
2515,impersonator,impersonator,impersonator
2516,impersonator,impersonator,impersonator
2517,impersonator,impersonator,impersonator
2518,impersonator,impersonator,impersonator
2519,impersonator,impersonator,impersonator
2520,impersonator,impersonator,impersonator
2521,impersonator,impersonator,impersonator
2522,impersonator,impersonator,impersonator
2523,impersonator,impersonator,impersonator
2524,impersonator,impersonator,impersonator
2525,impersonator,impersonator,impersonator
2526,impersonator,impersonator,impersonator
2527,impersonator,impersonator,impersonator
2528,impersonator,impersonator,impersonator
2529,impersonator,impersonator,impersonator
2530,impersonator,impersonator,impersonator
2531,impersonator,impersonator,impersonator
2532,impersonator,impersonator,impersonator
2533,impersonator,impersonator,impersonator
2534,impersonator,impersonator,impersonator
2535,impersonator,impersonator,impersonator
2536,impersonator,impersonator,impersonator
2537,impersonator,impersonator,impersonator
2538,impersonator,impersonator,impersonator
2539,impersonator,impersonator,impersonator
2540,impersonator,impersonator,impersonator
2541,impersonator,impersonator,impersonator
2542,impersonator,impersonator,impersonator
2543,impersonator,impersonator,impersonator
2544,impersonator,impersonator,impersonator
2545,impersonator,impersonator,impersonator
2546,impersonator,impersonator,impersonator
2547,impersonator,impersonator,impersonator
2548,impersonator,impersonator,impersonator
2549,impersonator,impersonator,impersonator
2550,impersonator,impersonator,impersonator
2551,impersonator,impersonator,impersonator
2552,impersonator,impersonator,impersonator
2553,impersonator,impersonator,impersonator
2554,impersonator,impersonator,impersonator
2555,impersonator,impersonator,impersonator
2556,impersonator,mismatch,impersonator
2557,impersonator,impersonator,impersonator
2558,impersonator,impersonator,impersonator
2559,impersonator,impersonator,impersonator
2560,impersonator,impersonator,impersonator
2561,impersonator,impersonator,impersonator
2562,impersonator,impersonator,impersonator
2563,impersonator,impersonator,impersonator
2564,impersonator,impersonator,impersonator
2565,impersonator,impersonator,impersonator
2566,impersonator,impersonator,impersonator
2567,impersonator,impersonator,impersonator
2568,impersonator,impersonator,impersonator
2569,impersonator,impersonator,impersonator
2570,impersonator,impersonator,impersonator
2571,impersonator,impersonator,impersonator
2572,impersonator,impersonator,impersonator
2573,impersonator,impersonator,impersonator
2574,impersonator,impersonator,impersonator
2575,impersonator,impersonator,impersonator
2576,impersonator,impersonator,impersonator
2577,impersonator,impersonator,impersonator
2578,impersonator,impersonator,impersonator
2579,impersonator,impersonator,impersonator
2580,impersonator,impersonator,impersonator
2581,impersonator,impersonator,impersonator
2582,impersonator,impersonator,impersonator
2583,impersonator,impersonator,impersonator
2584,impersonator,impersonator,impersonator
2585,impersonator,impersonator,impersonator
2586,impersonator,impersonator,impersonator
2587,impersonator,impersonator,impersonator
2588,impersonator,impersonator,impersonator
2589,impersonator,impersonator,impersonator
2590,impersonator,impersonator,impersonator
2591,impersonator,impersonator,impersonator
2592,impersonator,impersonator,impersonator
2593,impersonator,impersonator,impersonator
2594,impersonator,impersonator,impersonator
2595,impersonator,impersonator,impersonator
2596,impersonator,impersonator,impersonator
2597,impersonator,impersonator,impersonator
2598,impersonator,impersonator,impersonator
2599,impersonator,impersonator,impersonator
2600,impersonator,impersonator,impersonator
2601,impersonator,impersonator,impersonator
2602,impersonator,impersonator,impersonator
2603,impersonator,impersonator,impersonator
2604,impersonator,impersonator,impersonator
2605,impersonator,impersonator,impersonator
2606,impersonator,impersonator,impersonator
2607,impersonator,impersonator,impersonator
2608,impersonator,impersonator,impersonator
2609,impersonator,impersonator,impersonator
2610,impersonator,impersonator,impersonator
2611,impersonator,impersonator,impersonator
2612,impersonator,impersonator,impersonator
2613,impersonator,impersonator,impersonator
2614,impersonator,impersonator,impersonator
2615,impersonator,impersonator,impersonator
2616,impersonator,impersonator,impersonator
2617,impersonator,impersonator,impersonator
2618,impersonator,impersonator,impersonator
2619,impersonator,impersonator,impersonator
2620,impersonator,impersonator,impersonator
2621,impersonator,impersonator,impersonator
2622,impersonator,impersonator,impersonator
2623,impersonator,impersonator,impersonator
2624,impersonator,impersonator,impersonator
2625,impersonator,impersonator,impersonator
2626,impersonator,impersonator,impersonator
2627,impersonator,impersonator,impersonator
2628,impersonator,impersonator,impersonator
2629,impersonator,impersonator,impersonator
2630,impersonator,impersonator,impersonator
2631,impersonator,impersonator,impersonator
2632,impersonator,impersonator,impersonator
2633,impersonator,impersonator,impersonator
2634,impersonator,impersonator,impersonator
2635,impersonator,impersonator,impersonator
2636,impersonator,impersonator,impersonator
2637,impersonator,impersonator,impersonator
2638,impersonator,impersonator,impersonator
2639,impersonator,impersonator,impersonator
2640,impersonator,impersonator,impersonator
2641,impersonator,impersonator,impersonator
2642,impersonator,impersonator,impersonator
2643,impersonator,impersonator,impersonator
2644,impersonator,impersonator,impersonator
2645,impersonator,impersonator,impersonator
2646,impersonator,impersonator,impersonator
2647,impersonator,impersonator,impersonator
2648,impersonator,impersonator,impersonator
2649,impersonator,impersonator,impersonator
2650,impersonator,impersonator,impersonator
2651,impersonator,impersonator,impersonator
2652,impersonator,impersonator,impersonator
2653,impersonator,impersonator,impersonator
2654,impersonator,impersonator,impersonator
2655,impersonator,impersonator,impersonator
2656,impersonator,impersonator,impersonator
2657,impersonator,impersonator,impersonator
2658,impersonator,impersonator,impersonator
2659,impersonator,impersonator,impersonator
2660,impersonator,impersonator,impersonator
2661,impersonator,impersonator,impersonator
2662,impersonator,impersonator,impersonator
2663,impersonator,impersonator,impersonator
2664,impersonator,impersonator,impersonator
2665,impersonator,impersonator,impersonator
2666,impersonator,impersonator,impersonator
2667,impersonator,impersonator,impersonator
2668,impersonator,impersonator,impersonator
2669,impersonator,impersonator,impersonator
2670,impersonator,impersonator,impersonator
2671,impersonator,impersonator,impersonator
2672,impersonator,impersonator,impersonator
2673,impersonator,impersonator,impersonator
2674,impersonator,impersonator,impersonator
2675,impersonator,impersonator,impersonator
2676,impersonator,impersonator,impersonator
2677,impersonator,impersonator,impersonator
2678,impersonator,impersonator,impersonator
2679,impersonator,impersonator,impersonator
2680,impersonator,impersonator,impersonator
2681,impersonator,impersonator,impersonator
2682,impersonator,impersonator,impersonator
2683,impersonator,impersonator,impersonator
2684,impersonator,impersonator,impersonator
2685,impersonator,impersonator,impersonator
2686,impersonator,impersonator,impersonator
2687,impersonator,impersonator,impersonator
2688,impersonator,impersonator,impersonator
2689,impersonator,impersonator,impersonator
2690,impersonator,impersonator,impersonator
2691,impersonator,impersonator,impersonator
2692,impersonator,impersonator,impersonator
2693,impersonator,impersonator,impersonator
2694,impersonator,impersonator,impersonator
2695,impersonator,impersonator,impersonator
2696,impersonator,impersonator,impersonator
2697,impersonator,impersonator,impersonator
2698,impersonator,impersonator,impersonator
2699,impersonator,impersonator,impersonator
2700,impersonator,impersonator,impersonator
2701,impersonator,impersonator,impersonator
2702,impersonator,impersonator,impersonator
2703,impersonator,impersonator,impersonator
2704,impersonator,impersonator,impersonator
2705,impersonator,impersonator,impersonator
2706,impersonator,impersonator,impersonator
2707,impersonator,impersonator,impersonator
2708,impersonator,impersonator,impersonator
2709,impersonator,impersonator,impersonator
2710,impersonator,impersonator,impersonator
2711,impersonator,impersonator,impersonator
2712,impersonator,impersonator,impersonator
2713,impersonator,impersonator,impersonator
2714,impersonator,impersonator,impersonator
2715,impersonator,impersonator,impersonator
2716,impersonator,impersonator,impersonator
2717,impersonator,impersonator,impersonator
2718,impersonator,impersonator,impersonator
2719,impersonator,impersonator,impersonator
2720,impersonator,impersonator,impersonator
2721,impersonator,impersonator,impersonator
2722,impersonator,impersonator,impersonator
2723,impersonator,impersonator,impersonator
2724,impersonator,impersonator,impersonator
2725,impersonator,impersonator,impersonator
2726,impersonator,impersonator,impersonator
2727,impersonator,impersonator,impersonator
2728,impersonator,impersonator,impersonator
2729,impersonator,impersonator,impersonator
2730,impersonator,impersonator,impersonator
2731,impersonator,impersonator,impersonator
2732,impersonator,impersonator,impersonator
2733,impersonator,impersonator,impersonator
2734,impersonator,impersonator,impersonator
2735,impersonator,impersonator,impersonator
2736,impersonator,impersonator,impersonator
2737,impersonator,impersonator,impersonator
2738,impersonator,impersonator,impersonator
2739,impersonator,impersonator,impersonator
2740,impersonator,impersonator,impersonator
2741,impersonator,impersonator,impersonator
2742,impersonator,impersonator,impersonator
2743,impersonator,impersonator,impersonator
2744,impersonator,impersonator,impersonator
2745,impersonator,impersonator,impersonator
2746,impersonator,impersonator,impersonator
2747,impersonator,impersonator,impersonator
2748,impersonator,impersonator,impersonator
2749,impersonator,impersonator,impersonator
2750,impersonator,impersonator,impersonator
2751,impersonator,impersonator,impersonator
2752,impersonator,impersonator,impersonator
2753,impersonator,impersonator,impersonator
2754,impersonator,impersonator,impersonator
2755,impersonator,impersonator,impersonator
2756,impersonator,impersonator,impersonator
2757,impersonator,impersonator,impersonator
2758,impersonator,impersonator,impersonator
2759,impersonator,impersonator,impersonator
2760,impersonator,impersonator,impersonator
2761,impersonator,impersonator,impersonator
2762,impersonator,impersonator,impersonator
2763,impersonator,impersonator,impersonator
2764,impersonator,impersonator,impersonator
2765,impersonator,impersonator,impersonator
2766,impersonator,impersonator,impersonator
2767,impersonator,impersonator,impersonator
2768,impersonator,impersonator,impersonator
2769,impersonator,impersonator,impersonator
2770,impersonator,impersonator,impersonator
2771,impersonator,impersonator,impersonator
2772,impersonator,impersonator,impersonator
2773,impersonator,impersonator,impersonator
2774,impersonator,impersonator,impersonator
2775,impersonator,impersonator,impersonator
2776,impersonator,impersonator,impersonator
2777,impersonator,impersonator,impersonator
2778,impersonator,impersonator,impersonator
2779,impersonator,impersonator,impersonator
2780,impersonator,impersonator,impersonator
2781,impersonator,impersonator,impersonator
2782,impersonator,impersonator,impersonator
2783,impersonator,impersonator,impersonator
2784,impersonator,impersonator,impersonator
2785,impersonator,impersonator,impersonator
2786,impersonator,impersonator,impersonator
2787,impersonator,impersonator,impersonator
2788,impersonator,impersonator,impersonator
2789,impersonator,impersonator,impersonator
2790,impersonator,impersonator,impersonator
2791,impersonator,impersonator,impersonator
2792,impersonator,impersonator,impersonator
2793,impersonator,impersonator,impersonator
2794,impersonator,impersonator,impersonator
2795,impersonator,impersonator,impersonator
2796,impersonator,impersonator,impersonator
2797,impersonator,impersonator,impersonator
2798,impersonator,impersonator,impersonator
2799,impersonator,impersonator,impersonator
2800,impersonator,impersonator,impersonator
2801,impersonator,impersonator,impersonator
2802,impersonator,impersonator,impersonator
2803,impersonator,impersonator,impersonator
2804,impersonator,impersonator,impersonator
2805,impersonator,impersonator,impersonator
2806,impersonator,impersonator,impersonator
2807,impersonator,impersonator,impersonator
2808,impersonator,impersonator,impersonator
2809,impersonator,impersonator,impersonator
2810,impersonator,impersonator,impersonator
2811,impersonator,impersonator,impersonator
2812,impersonator,impersonator,impersonator
2813,impersonator,impersonator,impersonator
2814,impersonator,impersonator,impersonator
2815,impersonator,impersonator,impersonator
2816,impersonator,impersonator,impersonator
2817,impersonator,impersonator,impersonator
2818,impersonator,impersonator,impersonator
2819,impersonator,impersonator,impersonator
2820,impersonator,impersonator,impersonator
2821,impersonator,impersonator,impersonator
2822,impersonator,impersonator,impersonator
2823,impersonator,impersonator,impersonator
2824,impersonator,impersonator,impersonator
2825,impersonator,impersonator,impersonator
2826,impersonator,impersonator,impersonator
2827,impersonator,impersonator,impersonator
2828,impersonator,impersonator,impersonator
2829,impersonator,impersonator,impersonator
2830,impersonator,impersonator,impersonator
2831,impersonator,impersonator,impersonator
2832,impersonator,impersonator,impersonator
2833,impersonator,impersonator,impersonator
2834,impersonator,impersonator,impersonator
2835,impersonator,impersonator,impersonator
2836,impersonator,impersonator,impersonator
2837,impersonator,impersonator,impersonator
2838,impersonator,impersonator,impersonator
2839,impersonator,impersonator,impersonator
2840,impersonator,impersonator,impersonator
2841,impersonator,impersonator,impersonator
2842,impersonator,impersonator,impersonator
2843,impersonator,impersonator,impersonator
2844,impersonator,impersonator,match
2845,impersonator,impersonator,impersonator
2846,impersonator,impersonator,impersonator
2847,impersonator,impersonator,impersonator
2848,impersonator,impersonator,impersonator
2849,impersonator,impersonator,impersonator
2850,impersonator,impersonator,impersonator
2851,impersonator,impersonator,impersonator
2852,impersonator,impersonator,impersonator
2853,impersonator,impersonator,impersonator
2854,impersonator,impersonator,impersonator
2855,impersonator,impersonator,impersonator
2856,impersonator,impersonator,impersonator
2857,impersonator,impersonator,mismatch
2858,impersonator,impersonator,impersonator
2859,impersonator,impersonator,impersonator
2860,impersonator,impersonator,impersonator
2861,impersonator,impersonator,impersonator
2862,impersonator,impersonator,impersonator
2863,impersonator,impersonator,impersonator
2864,impersonator,impersonator,impersonator
2865,impersonator,impersonator,impersonator
2866,impersonator,impersonator,impersonator
2867,impersonator,impersonator,impersonator
2868,impersonator,impersonator,impersonator
2869,impersonator,impersonator,impersonator
2870,impersonator,impersonator,impersonator
2871,impersonator,impersonator,impersonator
2872,impersonator,impersonator,impersonator
2873,impersonator,impersonator,impersonator
2874,impersonator,impersonator,impersonator
2875,impersonator,impersonator,impersonator
2876,impersonator,impersonator,impersonator
2877,impersonator,impersonator,impersonator
2878,impersonator,impersonator,mismatch
2879,impersonator,impersonator,impersonator
2880,impersonator,impersonator,impersonator
2881,impersonator,impersonator,impersonator
2882,impersonator,impersonator,impersonator
2883,impersonator,impersonator,impersonator
2884,impersonator,impersonator,impersonator
2885,impersonator,impersonator,impersonator
2886,impersonator,impersonator,impersonator
2887,impersonator,impersonator,impersonator
2888,impersonator,impersonator,impersonator
2889,impersonator,impersonator,impersonator
2890,impersonator,impersonator,impersonator
2891,impersonator,impersonator,impersonator
2892,impersonator,impersonator,impersonator
2893,impersonator,impersonator,impersonator
2894,impersonator,impersonator,impersonator
2895,impersonator,impersonator,impersonator
2896,impersonator,mismatch,impersonator
2897,impersonator,impersonator,impersonator
2898,impersonator,impersonator,impersonator
2899,impersonator,impersonator,impersonator
2900,impersonator,impersonator,impersonator
2901,impersonator,impersonator,impersonator
2902,impersonator,impersonator,impersonator
2903,impersonator,impersonator,impersonator
2904,impersonator,impersonator,impersonator
2905,impersonator,impersonator,impersonator
2906,impersonator,impersonator,impersonator
2907,impersonator,impersonator,impersonator
2908,impersonator,impersonator,impersonator
2909,impersonator,impersonator,impersonator
2910,impersonator,match,impersonator
2911,impersonator,impersonator,impersonator
2912,impersonator,impersonator,impersonator
2913,impersonator,impersonator,impersonator
2914,impersonator,impersonator,impersonator
2915,impersonator,impersonator,impersonator
2916,impersonator,impersonator,impersonator
2917,impersonator,impersonator,impersonator
2918,impersonator,impersonator,impersonator
2919,impersonator,impersonator,impersonator
2920,impersonator,impersonator,impersonator
2921,impersonator,impersonator,impersonator
2922,impersonator,impersonator,impersonator
2923,impersonator,impersonator,impersonator
2924,impersonator,impersonator,impersonator
2925,impersonator,impersonator,impersonator
2926,impersonator,impersonator,impersonator
2927,impersonator,impersonator,impersonator
2928,impersonator,impersonator,impersonator
2929,impersonator,impersonator,impersonator
2930,impersonator,impersonator,impersonator
2931,impersonator,impersonator,impersonator
2932,impersonator,impersonator,impersonator
2933,impersonator,impersonator,impersonator
2934,impersonator,impersonator,impersonator
2935,impersonator,impersonator,impersonator
2936,impersonator,impersonator,impersonator
2937,impersonator,impersonator,impersonator
2938,impersonator,impersonator,impersonator
2939,impersonator,impersonator,impersonator
2940,impersonator,impersonator,impersonator
2941,impersonator,impersonator,impersonator
2942,impersonator,impersonator,impersonator
2943,impersonator,impersonator,impersonator
2944,impersonator,impersonator,impersonator
2945,impersonator,impersonator,impersonator
2946,impersonator,impersonator,impersonator
2947,impersonator,impersonator,impersonator
2948,impersonator,impersonator,impersonator
2949,impersonator,impersonator,impersonator
2950,impersonator,impersonator,impersonator
2951,impersonator,impersonator,impersonator
2952,impersonator,impersonator,impersonator
2953,impersonator,impersonator,impersonator
2954,impersonator,impersonator,impersonator
2955,impersonator,impersonator,impersonator
2956,impersonator,impersonator,impersonator
2957,impersonator,impersonator,impersonator
2958,impersonator,impersonator,impersonator
2959,impersonator,impersonator,impersonator
2960,impersonator,impersonator,impersonator
2961,impersonator,impersonator,impersonator
2962,impersonator,impersonator,impersonator
2963,impersonator,impersonator,impersonator
2964,impersonator,impersonator,impersonator
2965,impersonator,impersonator,impersonator
2966,impersonator,impersonator,impersonator
2967,impersonator,impersonator,impersonator
2968,impersonator,impersonator,impersonator
2969,impersonator,impersonator,impersonator
2970,impersonator,impersonator,impersonator
2971,impersonator,impersonator,impersonator
2972,impersonator,impersonator,impersonator
2973,impersonator,impersonator,impersonator
2974,impersonator,impersonator,impersonator
2975,impersonator,impersonator,impersonator
2976,impersonator,impersonator,impersonator
2977,impersonator,impersonator,impersonator
2978,impersonator,impersonator,impersonator
2979,impersonator,impersonator,impersonator
2980,impersonator,impersonator,impersonator
2981,impersonator,impersonator,impersonator
2982,impersonator,impersonator,impersonator
2983,impersonator,impersonator,impersonator
2984,impersonator,impersonator,impersonator
2985,impersonator,impersonator,impersonator
2986,impersonator,impersonator,impersonator
2987,impersonator,impersonator,impersonator
2988,impersonator,impersonator,impersonator
2989,impersonator,impersonator,impersonator
2990,impersonator,impersonator,impersonator
2991,impersonator,impersonator,impersonator
2992,impersonator,impersonator,impersonator
2993,impersonator,mismatch,impersonator
2994,impersonator,impersonator,impersonator
2995,impersonator,impersonator,impersonator
2996,impersonator,impersonator,impersonator
2997,impersonator,impersonator,impersonator
2998,impersonator,impersonator,impersonator
2999,impersonator,impersonator,impersonator
3000,impersonator,impersonator,impersonator
3001,impersonator,impersonator,impersonator
3002,impersonator,impersonator,impersonator
3003,impersonator,impersonator,impersonator
3004,impersonator,impersonator,impersonator
3005,impersonator,impersonator,impersonator
3006,impersonator,impersonator,impersonator
3007,impersonator,impersonator,impersonator
3008,impersonator,impersonator,impersonator
3009,impersonator,impersonator,impersonator
3010,impersonator,impersonator,impersonator
3011,impersonator,impersonator,impersonator
3012,impersonator,impersonator,impersonator
3013,impersonator,impersonator,impersonator
3014,impersonator,impersonator,impersonator
3015,impersonator,impersonator,impersonator
3016,impersonator,impersonator,impersonator
3017,impersonator,impersonator,impersonator
3018,impersonator,impersonator,impersonator
3019,impersonator,impersonator,impersonator
3020,impersonator,impersonator,impersonator
3021,impersonator,impersonator,impersonator
3022,impersonator,impersonator,impersonator
3023,impersonator,impersonator,impersonator
3024,impersonator,impersonator,impersonator
3025,impersonator,impersonator,impersonator
3026,impersonator,impersonator,impersonator
3027,impersonator,impersonator,impersonator
3028,impersonator,impersonator,impersonator
3029,impersonator,impersonator,impersonator
3030,impersonator,impersonator,impersonator
3031,impersonator,impersonator,impersonator
3032,impersonator,impersonator,impersonator
3033,impersonator,impersonator,impersonator
3034,impersonator,impersonator,impersonator
3035,impersonator,impersonator,impersonator
3036,impersonator,impersonator,impersonator
3037,impersonator,impersonator,impersonator
3038,impersonator,impersonator,impersonator
3039,impersonator,impersonator,impersonator
3040,impersonator,impersonator,impersonator
3041,impersonator,impersonator,impersonator
3042,impersonator,match,match
3043,impersonator,match,match
3044,impersonator,match,impersonator
3045,impersonator,match,match
3046,impersonator,match,match
3047,impersonator,match,match
3048,impersonator,match,match
3049,impersonator,match,match
3050,impersonator,match,match
3051,impersonator,match,match
3052,impersonator,match,match
3053,impersonator,match,match
3054,impersonator,match,match
3055,impersonator,match,match
3056,impersonator,match,match
3057,impersonator,impersonator,match
3058,impersonator,match,match
3059,impersonator,match,match
3060,impersonator,match,match
3061,impersonator,match,match
3062,impersonator,match,match
3063,impersonator,match,match
3064,impersonator,match,match
3065,impersonator,match,match
3066,impersonator,match,match
3067,impersonator,match,match
3068,impersonator,match,match
3069,impersonator,match,match
3070,impersonator,match,match
3071,impersonator,match,match
3072,impersonator,match,match
3073,impersonator,match,match
3074,impersonator,match,match
3075,impersonator,match,match
3076,impersonator,match,match
3077,impersonator,match,match
3078,impersonator,match,match
3079,impersonator,match,match
3080,impersonator,match,match
3081,impersonator,impersonator,match
3082,impersonator,match,match
3083,impersonator,match,match
3084,impersonator,match,match
3085,impersonator,match,match
3086,impersonator,match,match
3087,impersonator,match,match
3088,impersonator,match,match
3089,impersonator,match,match
3090,impersonator,match,match
3091,impersonator,match,match
3092,impersonator,match,match
3093,impersonator,match,match
3094,impersonator,match,match
3095,impersonator,match,match
3096,impersonator,match,match
3097,impersonator,match,match
3098,impersonator,match,match
3099,impersonator,match,match
3100,impersonator,match,match
3101,impersonator,match,match
3102,impersonator,match,match
3103,impersonator,match,match
3104,impersonator,match,match
3105,impersonator,match,match
3106,impersonator,match,match
3107,impersonator,match,match
3108,impersonator,match,match
3109,impersonator,match,match
3110,impersonator,match,match
3111,impersonator,match,match
3112,impersonator,match,match
3113,impersonator,match,match
3114,impersonator,impersonator,match
3115,impersonator,match,match
3116,impersonator,match,match
3117,impersonator,match,match
3118,impersonator,match,match
3119,impersonator,match,match
3120,impersonator,match,match
3121,impersonator,match,match
3122,impersonator,match,match
3123,impersonator,match,match
3124,impersonator,match,match
3125,impersonator,match,match
3126,impersonator,match,match
3127,impersonator,match,match
3128,impersonator,match,match
3129,impersonator,match,match
3130,impersonator,match,impersonator
3131,impersonator,match,match
3132,impersonator,match,match
3133,impersonator,match,match
3134,impersonator,match,match
3135,impersonator,match,match
3136,impersonator,match,match
3137,impersonator,match,match
3138,impersonator,match,match
3139,impersonator,match,match
3140,impersonator,match,match
3141,impersonator,match,match
3142,impersonator,match,match
3143,impersonator,match,match
3144,impersonator,match,match
3145,impersonator,match,match
3146,impersonator,match,match
3147,impersonator,match,match
3148,impersonator,match,match
3149,impersonator,match,match
3150,impersonator,match,match
3151,impersonator,match,match
3152,impersonator,match,match
3153,impersonator,match,match
3154,impersonator,match,match
3155,impersonator,match,match
3156,impersonator,match,match
3157,impersonator,match,match
3158,impersonator,match,match
3159,impersonator,match,match
3160,impersonator,match,match
3161,impersonator,match,match
3162,impersonator,match,match
3163,impersonator,match,match
3164,impersonator,match,match
3165,impersonator,match,match
3166,impersonator,match,match
3167,impersonator,match,match
3168,impersonator,match,match
3169,impersonator,match,match
3170,impersonator,match,match
3171,impersonator,match,match
3172,impersonator,match,match
3173,impersonator,match,match
3174,impersonator,match,match
3175,impersonator,match,match
3176,impersonator,match,match
3177,impersonator,match,match
3178,impersonator,match,match
3179,impersonator,match,match
3180,impersonator,match,match
3181,impersonator,match,match
3182,impersonator,match,match
3183,impersonator,match,match
3184,impersonator,match,match
3185,impersonator,match,match
3186,impersonator,match,match
3187,impersonator,match,match
3188,impersonator,match,match
3189,impersonator,match,match
3190,impersonator,match,impersonator
3191,impersonator,match,match
3192,impersonator,match,match
3193,impersonator,match,match
3194,impersonator,impersonator,match
3195,impersonator,match,match
3196,impersonator,match,match
3197,impersonator,match,match
3198,impersonator,match,match
3199,impersonator,match,match
3200,impersonator,match,match
3201,impersonator,match,match
3202,impersonator,match,match
3203,impersonator,match,match
3204,impersonator,match,match
3205,impersonator,match,match
3206,impersonator,match,match
3207,impersonator,match,match
3208,impersonator,match,match
3209,impersonator,match,match
3210,impersonator,match,match
3211,impersonator,match,match
3212,impersonator,match,match
3213,impersonator,match,match
3214,impersonator,match,match
3215,impersonator,match,match
3216,impersonator,match,match
3217,impersonator,match,match
3218,impersonator,match,match
3219,impersonator,match,match
3220,impersonator,match,match
3221,impersonator,match,match
3222,impersonator,match,match
3223,impersonator,match,match
3224,impersonator,match,match
3225,impersonator,match,match
3226,impersonator,match,match
3227,impersonator,match,match
3228,impersonator,match,match
3229,impersonator,match,match
3230,impersonator,match,match
3231,impersonator,match,match
3232,impersonator,match,match
3233,impersonator,match,match
3234,impersonator,match,match
3235,impersonator,match,match
3236,impersonator,match,match
3237,impersonator,match,match
3238,impersonator,match,match
3239,impersonator,match,match
3240,impersonator,match,match
3241,impersonator,match,match
3242,impersonator,match,match
3243,impersonator,match,match
3244,impersonator,match,match
3245,impersonator,match,match
3246,impersonator,match,match
3247,impersonator,match,match
3248,impersonator,match,match
3249,impersonator,match,match
3250,impersonator,match,match
3251,impersonator,match,match
3252,impersonator,match,match
3253,impersonator,match,match
3254,impersonator,match,match
3255,impersonator,match,match
3256,impersonator,match,match
3257,impersonator,match,match
3258,impersonator,match,match
3259,impersonator,match,match
3260,impersonator,match,match
3261,impersonator,match,match
3262,impersonator,match,match
3263,impersonator,match,match
3264,impersonator,match,match
3265,impersonator,match,match
3266,impersonator,match,match
3267,impersonator,match,match
3268,impersonator,match,match
3269,impersonator,match,match
3270,impersonator,match,match
3271,impersonator,match,match
3272,impersonator,match,match
3273,impersonator,match,match
3274,impersonator,match,match
3275,impersonator,match,match
3276,impersonator,match,match
3277,impersonator,match,match
3278,impersonator,match,match
3279,impersonator,match,match
3280,impersonator,match,match
3281,impersonator,match,match
3282,impersonator,match,match
3283,impersonator,match,match
3284,impersonator,match,match
3285,impersonator,match,match
3286,impersonator,match,match
3287,impersonator,match,match
3288,impersonator,impersonator,match
3289,impersonator,match,match
3290,impersonator,match,match
3291,impersonator,match,match
3292,impersonator,match,match
3293,impersonator,match,match
3294,impersonator,match,match
3295,impersonator,match,match
3296,impersonator,match,match
3297,impersonator,impersonator,impersonator
3298,impersonator,impersonator,impersonator
3299,impersonator,impersonator,impersonator
3300,impersonator,impersonator,impersonator
3301,impersonator,impersonator,impersonator
3302,impersonator,impersonator,impersonator
3303,impersonator,impersonator,impersonator
3304,impersonator,impersonator,impersonator
3305,impersonator,impersonator,impersonator
3306,impersonator,impersonator,impersonator
3307,impersonator,impersonator,impersonator
3308,impersonator,impersonator,impersonator
3309,impersonator,impersonator,impersonator
3310,impersonator,impersonator,impersonator
3311,impersonator,impersonator,impersonator
3312,impersonator,impersonator,impersonator
3313,impersonator,impersonator,impersonator
3314,impersonator,impersonator,impersonator
3315,impersonator,impersonator,impersonator
3316,impersonator,impersonator,impersonator
3317,impersonator,impersonator,impersonator
3318,impersonator,impersonator,impersonator
3319,impersonator,impersonator,impersonator
3320,impersonator,impersonator,impersonator
3321,impersonator,impersonator,impersonator
3322,impersonator,impersonator,impersonator
3323,impersonator,impersonator,impersonator
3324,impersonator,impersonator,impersonator
3325,impersonator,impersonator,impersonator
3326,impersonator,impersonator,impersonator
3327,impersonator,impersonator,impersonator
3328,impersonator,impersonator,impersonator
3329,impersonator,impersonator,impersonator
3330,impersonator,impersonator,impersonator
3331,impersonator,impersonator,impersonator
3332,impersonator,impersonator,impersonator
3333,impersonator,impersonator,impersonator
3334,impersonator,impersonator,impersonator
3335,impersonator,impersonator,impersonator
3336,impersonator,impersonator,impersonator
3337,impersonator,impersonator,impersonator
3338,impersonator,impersonator,impersonator
3339,impersonator,impersonator,impersonator
3340,impersonator,impersonator,impersonator
3341,impersonator,impersonator,impersonator
3342,impersonator,impersonator,impersonator
3343,impersonator,impersonator,impersonator
3344,impersonator,impersonator,impersonator
3345,impersonator,impersonator,impersonator
3346,impersonator,impersonator,impersonator
3347,impersonator,impersonator,impersonator
3348,impersonator,impersonator,impersonator
3349,impersonator,impersonator,impersonator
3350,impersonator,impersonator,impersonator
3351,impersonator,impersonator,impersonator
3352,impersonator,impersonator,impersonator
3353,impersonator,impersonator,impersonator
3354,impersonator,impersonator,impersonator
3355,impersonator,impersonator,impersonator
3356,impersonator,impersonator,impersonator
3357,impersonator,impersonator,impersonator
3358,impersonator,impersonator,impersonator
3359,impersonator,impersonator,impersonator
3360,impersonator,impersonator,impersonator
3361,impersonator,impersonator,impersonator
3362,impersonator,impersonator,impersonator
3363,impersonator,impersonator,impersonator
3364,impersonator,impersonator,impersonator
3365,impersonator,impersonator,impersonator
3366,impersonator,impersonator,impersonator
3367,impersonator,impersonator,impersonator
3368,impersonator,impersonator,impersonator
3369,impersonator,impersonator,impersonator
3370,impersonator,impersonator,impersonator
3371,impersonator,impersonator,impersonator
3372,impersonator,impersonator,impersonator
3373,impersonator,impersonator,impersonator
3374,impersonator,impersonator,impersonator
3375,impersonator,impersonator,impersonator
3376,impersonator,impersonator,impersonator
3377,impersonator,impersonator,impersonator
3378,impersonator,impersonator,impersonator
3379,impersonator,impersonator,impersonator
3380,impersonator,impersonator,impersonator
3381,impersonator,impersonator,impersonator
3382,impersonator,impersonator,impersonator
3383,impersonator,impersonator,impersonator
3384,impersonator,impersonator,impersonator
3385,impersonator,impersonator,impersonator
3386,impersonator,impersonator,impersonator
3387,impersonator,impersonator,impersonator
3388,impersonator,impersonator,impersonator
3389,impersonator,impersonator,impersonator
3390,impersonator,impersonator,impersonator
3391,impersonator,impersonator,impersonator
3392,impersonator,impersonator,impersonator
3393,impersonator,impersonator,impersonator
3394,impersonator,impersonator,impersonator
3395,impersonator,impersonator,impersonator
3396,impersonator,impersonator,impersonator
3397,impersonator,impersonator,impersonator
3398,impersonator,impersonator,impersonator
3399,impersonator,impersonator,impersonator
3400,impersonator,impersonator,impersonator
3401,impersonator,impersonator,impersonator
3402,impersonator,impersonator,impersonator
3403,impersonator,impersonator,impersonator
3404,impersonator,impersonator,impersonator
3405,impersonator,impersonator,impersonator
3406,impersonator,impersonator,impersonator
3407,impersonator,impersonator,impersonator
3408,impersonator,impersonator,impersonator
3409,impersonator,impersonator,impersonator
3410,impersonator,impersonator,impersonator
3411,impersonator,impersonator,impersonator
3412,impersonator,impersonator,impersonator
3413,impersonator,impersonator,impersonator
3414,impersonator,impersonator,impersonator
3415,impersonator,impersonator,impersonator
3416,impersonator,impersonator,impersonator
3417,impersonator,impersonator,impersonator
3418,impersonator,impersonator,impersonator
3419,impersonator,impersonator,impersonator
3420,impersonator,impersonator,impersonator
3421,impersonator,impersonator,impersonator
3422,impersonator,impersonator,impersonator
3423,impersonator,impersonator,impersonator
3424,impersonator,impersonator,impersonator
3425,impersonator,impersonator,impersonator
3426,impersonator,impersonator,impersonator
3427,impersonator,impersonator,impersonator
3428,impersonator,impersonator,impersonator
3429,impersonator,impersonator,impersonator
3430,impersonator,impersonator,impersonator
3431,impersonator,impersonator,impersonator
3432,impersonator,impersonator,impersonator
3433,impersonator,impersonator,impersonator
3434,impersonator,impersonator,impersonator
3435,impersonator,impersonator,impersonator
3436,impersonator,impersonator,impersonator
3437,impersonator,impersonator,impersonator
3438,impersonator,impersonator,impersonator
3439,impersonator,impersonator,impersonator
3440,impersonator,impersonator,impersonator
3441,impersonator,impersonator,impersonator
3442,impersonator,impersonator,impersonator
3443,impersonator,impersonator,impersonator
3444,impersonator,impersonator,impersonator
3445,impersonator,impersonator,impersonator
3446,impersonator,impersonator,impersonator
3447,impersonator,impersonator,impersonator
3448,impersonator,impersonator,impersonator
3449,impersonator,impersonator,impersonator
3450,impersonator,impersonator,impersonator
3451,impersonator,impersonator,impersonator
3452,impersonator,impersonator,impersonator
3453,impersonator,impersonator,impersonator
3454,impersonator,impersonator,impersonator
3455,impersonator,impersonator,impersonator
3456,impersonator,impersonator,impersonator
3457,impersonator,impersonator,impersonator
3458,impersonator,impersonator,impersonator
3459,impersonator,impersonator,impersonator
3460,impersonator,impersonator,impersonator
3461,impersonator,impersonator,impersonator
3462,impersonator,impersonator,impersonator
3463,impersonator,impersonator,impersonator
3464,impersonator,impersonator,impersonator
3465,impersonator,impersonator,impersonator
3466,impersonator,impersonator,impersonator
3467,impersonator,impersonator,impersonator
3468,impersonator,impersonator,impersonator
3469,impersonator,impersonator,impersonator
3470,impersonator,impersonator,impersonator
3471,impersonator,impersonator,impersonator
3472,impersonator,impersonator,impersonator
3473,impersonator,impersonator,impersonator
3474,impersonator,impersonator,impersonator
3475,impersonator,impersonator,impersonator
3476,impersonator,impersonator,impersonator
3477,impersonator,impersonator,impersonator
3478,impersonator,impersonator,impersonator
3479,impersonator,impersonator,impersonator
3480,impersonator,impersonator,impersonator
3481,impersonator,impersonator,impersonator
3482,impersonator,impersonator,impersonator
3483,impersonator,impersonator,impersonator
3484,impersonator,impersonator,impersonator
3485,impersonator,impersonator,impersonator
3486,impersonator,impersonator,impersonator
3487,impersonator,impersonator,impersonator
3488,impersonator,impersonator,impersonator
3489,impersonator,impersonator,impersonator
3490,impersonator,impersonator,impersonator
3491,impersonator,impersonator,impersonator
3492,impersonator,impersonator,impersonator
3493,impersonator,impersonator,impersonator
3494,impersonator,impersonator,impersonator
3495,impersonator,impersonator,impersonator
3496,impersonator,impersonator,impersonator
3497,impersonator,impersonator,impersonator
3498,impersonator,impersonator,impersonator
3499,impersonator,impersonator,impersonator
3500,impersonator,impersonator,impersonator
3501,impersonator,impersonator,impersonator
3502,impersonator,impersonator,impersonator
3503,impersonator,impersonator,impersonator
3504,impersonator,impersonator,impersonator
3505,impersonator,impersonator,impersonator
3506,impersonator,impersonator,impersonator
3507,impersonator,impersonator,impersonator
3508,impersonator,impersonator,impersonator
3509,impersonator,impersonator,impersonator
3510,impersonator,impersonator,impersonator
3511,impersonator,impersonator,impersonator
3512,impersonator,mismatch,impersonator
3513,impersonator,impersonator,impersonator
3514,impersonator,impersonator,impersonator
3515,impersonator,impersonator,impersonator
3516,impersonator,impersonator,impersonator
3517,impersonator,impersonator,impersonator
3518,impersonator,impersonator,impersonator
3519,impersonator,impersonator,impersonator
3520,impersonator,mismatch,impersonator
3521,impersonator,impersonator,impersonator
3522,impersonator,impersonator,impersonator
3523,impersonator,impersonator,impersonator
3524,impersonator,impersonator,impersonator
3525,impersonator,impersonator,impersonator
3526,impersonator,impersonator,impersonator
3527,impersonator,impersonator,impersonator
3528,impersonator,impersonator,impersonator
3529,impersonator,impersonator,impersonator
3530,impersonator,mismatch,impersonator
3531,impersonator,impersonator,impersonator
3532,impersonator,impersonator,impersonator
3533,impersonator,impersonator,impersonator
3534,impersonator,impersonator,impersonator
3535,impersonator,impersonator,impersonator
3536,impersonator,impersonator,impersonator
3537,impersonator,impersonator,impersonator
3538,impersonator,impersonator,impersonator
3539,impersonator,impersonator,impersonator
3540,impersonator,impersonator,impersonator
3541,impersonator,impersonator,impersonator
3542,impersonator,impersonator,impersonator
3543,impersonator,impersonator,impersonator
3544,impersonator,impersonator,impersonator
3545,impersonator,impersonator,impersonator
3546,impersonator,impersonator,impersonator
3547,impersonator,impersonator,impersonator
3548,impersonator,impersonator,impersonator
3549,impersonator,impersonator,impersonator
3550,impersonator,impersonator,impersonator
3551,impersonator,impersonator,impersonator
3552,impersonator,impersonator,impersonator
3553,impersonator,impersonator,impersonator
3554,impersonator,impersonator,impersonator
3555,impersonator,impersonator,impersonator
3556,impersonator,impersonator,impersonator
3557,impersonator,impersonator,impersonator
3558,impersonator,impersonator,impersonator
3559,impersonator,impersonator,impersonator
3560,impersonator,impersonator,impersonator
3561,impersonator,impersonator,impersonator
3562,impersonator,impersonator,impersonator
3563,impersonator,impersonator,impersonator
3564,impersonator,impersonator,impersonator
3565,impersonator,impersonator,impersonator
3566,impersonator,impersonator,impersonator
3567,impersonator,impersonator,impersonator
3568,impersonator,impersonator,impersonator
3569,impersonator,impersonator,impersonator
3570,impersonator,impersonator,impersonator
3571,impersonator,impersonator,impersonator
3572,impersonator,impersonator,impersonator
3573,impersonator,impersonator,impersonator
3574,impersonator,impersonator,impersonator
3575,impersonator,impersonator,impersonator
3576,impersonator,impersonator,impersonator
3577,impersonator,impersonator,impersonator
3578,impersonator,impersonator,impersonator
3579,impersonator,impersonator,impersonator
3580,impersonator,impersonator,impersonator
3581,impersonator,impersonator,impersonator
3582,impersonator,impersonator,impersonator
3583,impersonator,impersonator,impersonator
3584,impersonator,impersonator,impersonator
3585,impersonator,impersonator,impersonator
3586,impersonator,impersonator,impersonator
3587,impersonator,impersonator,impersonator
3588,impersonator,impersonator,impersonator
3589,impersonator,impersonator,impersonator
3590,impersonator,impersonator,impersonator
3591,impersonator,impersonator,impersonator
3592,impersonator,impersonator,impersonator
3593,impersonator,impersonator,impersonator
3594,impersonator,impersonator,impersonator
3595,impersonator,impersonator,impersonator
3596,impersonator,impersonator,impersonator
3597,impersonator,impersonator,impersonator
3598,impersonator,impersonator,impersonator
3599,impersonator,impersonator,impersonator
3600,impersonator,impersonator,impersonator
3601,impersonator,impersonator,impersonator
3602,impersonator,impersonator,impersonator
3603,impersonator,impersonator,impersonator
3604,impersonator,impersonator,impersonator
3605,impersonator,impersonator,impersonator
3606,impersonator,impersonator,impersonator
3607,impersonator,impersonator,impersonator
3608,impersonator,impersonator,impersonator
3609,impersonator,impersonator,impersonator
3610,impersonator,impersonator,impersonator
3611,impersonator,impersonator,impersonator
3612,impersonator,impersonator,impersonator
3613,impersonator,impersonator,impersonator
3614,impersonator,impersonator,impersonator
3615,impersonator,impersonator,impersonator
3616,impersonator,impersonator,impersonator
3617,impersonator,impersonator,impersonator
3618,impersonator,impersonator,impersonator
3619,impersonator,impersonator,impersonator
3620,impersonator,impersonator,impersonator
3621,impersonator,impersonator,impersonator
3622,impersonator,impersonator,impersonator
3623,impersonator,impersonator,impersonator
3624,impersonator,impersonator,impersonator
3625,impersonator,impersonator,impersonator
3626,impersonator,impersonator,impersonator
3627,impersonator,impersonator,impersonator
3628,impersonator,impersonator,impersonator
3629,impersonator,impersonator,impersonator
3630,impersonator,impersonator,impersonator
3631,impersonator,impersonator,impersonator
3632,impersonator,impersonator,impersonator
3633,impersonator,impersonator,impersonator
3634,impersonator,impersonator,impersonator
3635,impersonator,impersonator,impersonator
3636,impersonator,impersonator,impersonator
3637,impersonator,impersonator,impersonator
3638,impersonator,impersonator,impersonator
3639,impersonator,impersonator,impersonator
3640,impersonator,impersonator,impersonator
3641,impersonator,impersonator,impersonator
3642,impersonator,impersonator,impersonator
3643,impersonator,impersonator,impersonator
3644,impersonator,impersonator,impersonator
3645,impersonator,impersonator,impersonator
3646,impersonator,impersonator,impersonator
3647,impersonator,impersonator,impersonator
3648,impersonator,impersonator,impersonator
3649,impersonator,impersonator,impersonator
3650,impersonator,impersonator,impersonator
3651,impersonator,impersonator,impersonator
3652,impersonator,impersonator,impersonator
3653,impersonator,impersonator,impersonator
3654,impersonator,impersonator,impersonator
3655,impersonator,impersonator,impersonator
3656,impersonator,impersonator,impersonator
3657,impersonator,impersonator,impersonator
3658,impersonator,impersonator,impersonator
3659,impersonator,impersonator,impersonator
3660,impersonator,impersonator,impersonator
3661,impersonator,impersonator,impersonator
3662,impersonator,impersonator,impersonator
3663,impersonator,impersonator,impersonator
3664,impersonator,impersonator,impersonator
3665,impersonator,impersonator,impersonator
3666,impersonator,impersonator,impersonator
3667,impersonator,impersonator,impersonator
3668,impersonator,impersonator,impersonator
3669,impersonator,impersonator,impersonator
3670,impersonator,impersonator,impersonator
3671,impersonator,impersonator,impersonator
3672,impersonator,impersonator,impersonator
3673,impersonator,impersonator,impersonator
3674,impersonator,impersonator,impersonator
3675,impersonator,impersonator,impersonator
3676,impersonator,impersonator,impersonator
3677,impersonator,impersonator,impersonator
3678,impersonator,impersonator,impersonator
3679,impersonator,impersonator,impersonator
3680,impersonator,impersonator,impersonator
3681,impersonator,impersonator,impersonator
3682,impersonator,impersonator,impersonator
3683,impersonator,impersonator,impersonator
3684,impersonator,impersonator,impersonator
3685,impersonator,impersonator,impersonator
3686,impersonator,impersonator,impersonator
3687,impersonator,impersonator,impersonator
3688,impersonator,impersonator,impersonator
3689,impersonator,impersonator,impersonator
3690,impersonator,impersonator,impersonator
3691,impersonator,impersonator,impersonator
3692,impersonator,impersonator,impersonator
3693,impersonator,impersonator,impersonator
3694,impersonator,impersonator,impersonator
3695,impersonator,impersonator,impersonator
3696,impersonator,impersonator,impersonator
3697,impersonator,impersonator,impersonator
3698,impersonator,impersonator,impersonator
3699,impersonator,impersonator,impersonator
3700,impersonator,impersonator,impersonator
3701,impersonator,impersonator,impersonator
3702,impersonator,impersonator,impersonator
3703,impersonator,impersonator,impersonator
3704,impersonator,impersonator,impersonator
3705,impersonator,impersonator,impersonator
3706,impersonator,impersonator,impersonator
3707,impersonator,impersonator,impersonator
3708,impersonator,impersonator,impersonator
3709,impersonator,impersonator,impersonator
3710,impersonator,impersonator,impersonator
3711,impersonator,impersonator,impersonator
3712,impersonator,impersonator,impersonator
3713,impersonator,impersonator,impersonator
3714,impersonator,impersonator,impersonator
3715,impersonator,impersonator,impersonator
3716,impersonator,impersonator,impersonator
3717,impersonator,impersonator,impersonator
3718,impersonator,impersonator,impersonator
3719,impersonator,impersonator,impersonator
3720,impersonator,impersonator,impersonator
3721,impersonator,impersonator,impersonator
3722,impersonator,impersonator,impersonator
3723,impersonator,impersonator,impersonator
3724,impersonator,impersonator,impersonator
3725,impersonator,impersonator,impersonator
3726,impersonator,impersonator,impersonator
3727,impersonator,impersonator,impersonator
3728,impersonator,impersonator,impersonator
3729,impersonator,impersonator,impersonator
3730,impersonator,impersonator,impersonator
3731,impersonator,impersonator,impersonator
3732,impersonator,impersonator,impersonator
3733,impersonator,impersonator,impersonator
3734,impersonator,impersonator,impersonator
3735,impersonator,impersonator,impersonator
3736,impersonator,impersonator,impersonator
3737,impersonator,impersonator,impersonator
3738,impersonator,impersonator,impersonator
3739,impersonator,impersonator,impersonator
3740,impersonator,impersonator,impersonator
3741,impersonator,impersonator,impersonator
3742,impersonator,impersonator,impersonator
3743,impersonator,impersonator,impersonator
3744,impersonator,impersonator,impersonator
3745,impersonator,impersonator,impersonator
3746,impersonator,impersonator,impersonator
3747,impersonator,impersonator,impersonator
3748,impersonator,impersonator,impersonator
3749,impersonator,impersonator,impersonator
3750,impersonator,impersonator,impersonator
3751,impersonator,impersonator,impersonator
3752,impersonator,impersonator,impersonator
3753,impersonator,impersonator,impersonator
3754,impersonator,impersonator,impersonator
3755,impersonator,impersonator,impersonator
3756,impersonator,impersonator,impersonator
3757,impersonator,impersonator,impersonator
3758,impersonator,impersonator,impersonator
3759,impersonator,impersonator,impersonator
3760,impersonator,impersonator,impersonator
3761,impersonator,impersonator,impersonator
3762,impersonator,impersonator,impersonator
3763,impersonator,impersonator,impersonator
3764,impersonator,impersonator,impersonator
3765,impersonator,impersonator,impersonator
3766,impersonator,impersonator,impersonator
3767,impersonator,impersonator,impersonator
3768,impersonator,impersonator,impersonator
3769,impersonator,impersonator,impersonator
3770,impersonator,impersonator,impersonator
3771,impersonator,impersonator,impersonator
3772,impersonator,impersonator,impersonator
3773,impersonator,impersonator,impersonator
3774,impersonator,impersonator,impersonator
3775,impersonator,impersonator,impersonator
3776,impersonator,impersonator,impersonator
3777,impersonator,impersonator,impersonator
3778,impersonator,impersonator,impersonator
3779,impersonator,impersonator,impersonator
3780,impersonator,impersonator,impersonator
3781,impersonator,impersonator,impersonator
3782,impersonator,impersonator,impersonator
3783,impersonator,impersonator,impersonator
3784,impersonator,impersonator,impersonator
3785,impersonator,impersonator,impersonator
3786,impersonator,impersonator,impersonator
3787,impersonator,impersonator,impersonator
3788,impersonator,impersonator,impersonator
3789,impersonator,impersonator,impersonator
3790,impersonator,impersonator,impersonator
3791,impersonator,impersonator,impersonator
3792,impersonator,impersonator,impersonator
3793,impersonator,impersonator,impersonator
3794,impersonator,impersonator,impersonator
3795,impersonator,impersonator,impersonator
3796,impersonator,impersonator,impersonator
3797,impersonator,impersonator,impersonator
3798,impersonator,impersonator,impersonator
3799,impersonator,impersonator,impersonator
3800,impersonator,impersonator,impersonator
3801,impersonator,impersonator,impersonator
3802,impersonator,impersonator,impersonator
3803,impersonator,impersonator,impersonator
3804,impersonator,impersonator,impersonator
3805,impersonator,impersonator,impersonator
3806,impersonator,impersonator,impersonator
3807,impersonator,impersonator,impersonator
3808,impersonator,impersonator,impersonator
3809,impersonator,impersonator,impersonator
3810,impersonator,impersonator,impersonator
3811,impersonator,impersonator,impersonator
3812,impersonator,impersonator,impersonator
3813,impersonator,impersonator,impersonator
3814,impersonator,impersonator,impersonator
3815,impersonator,impersonator,impersonator
3816,impersonator,impersonator,impersonator
3817,impersonator,impersonator,impersonator
3818,impersonator,impersonator,impersonator
3819,impersonator,impersonator,impersonator
3820,impersonator,impersonator,impersonator
3821,impersonator,impersonator,impersonator
3822,impersonator,impersonator,impersonator
3823,impersonator,impersonator,impersonator
3824,impersonator,impersonator,impersonator
3825,impersonator,impersonator,impersonator
3826,impersonator,impersonator,impersonator
3827,impersonator,impersonator,impersonator
3828,impersonator,impersonator,impersonator
3829,impersonator,impersonator,impersonator
3830,impersonator,impersonator,impersonator
3831,impersonator,impersonator,impersonator
3832,impersonator,impersonator,impersonator
3833,impersonator,impersonator,impersonator
3834,impersonator,impersonator,impersonator
3835,impersonator,impersonator,impersonator
3836,impersonator,impersonator,impersonator
3837,impersonator,impersonator,impersonator
3838,impersonator,impersonator,impersonator
3839,impersonator,impersonator,impersonator
3840,impersonator,impersonator,impersonator
3841,impersonator,impersonator,impersonator
3842,impersonator,impersonator,impersonator
3843,impersonator,impersonator,impersonator
3844,impersonator,impersonator,impersonator
3845,impersonator,impersonator,impersonator
3846,impersonator,impersonator,impersonator
3847,impersonator,impersonator,impersonator
3848,impersonator,impersonator,impersonator
3849,impersonator,impersonator,impersonator
3850,impersonator,impersonator,impersonator
3851,impersonator,impersonator,impersonator
3852,impersonator,impersonator,impersonator
3853,impersonator,impersonator,impersonator
3854,impersonator,impersonator,impersonator
3855,impersonator,impersonator,impersonator
3856,impersonator,impersonator,impersonator
3857,impersonator,impersonator,impersonator
3858,impersonator,impersonator,impersonator
3859,impersonator,impersonator,impersonator
3860,impersonator,impersonator,impersonator
3861,impersonator,impersonator,impersonator
3862,impersonator,impersonator,impersonator
3863,impersonator,impersonator,impersonator
3864,impersonator,impersonator,impersonator
3865,impersonator,impersonator,impersonator
3866,impersonator,impersonator,impersonator
3867,impersonator,impersonator,impersonator
3868,impersonator,impersonator,impersonator
3869,impersonator,impersonator,impersonator
3870,impersonator,impersonator,impersonator
3871,impersonator,impersonator,impersonator
3872,impersonator,impersonator,impersonator
3873,impersonator,impersonator,impersonator
3874,impersonator,impersonator,impersonator
3875,impersonator,impersonator,impersonator
3876,impersonator,impersonator,impersonator
3877,impersonator,impersonator,impersonator
3878,impersonator,impersonator,impersonator
3879,impersonator,impersonator,impersonator
3880,impersonator,impersonator,impersonator
3881,impersonator,impersonator,impersonator
3882,impersonator,impersonator,impersonator
3883,impersonator,impersonator,impersonator
3884,impersonator,impersonator,impersonator
3885,impersonator,impersonator,impersonator
3886,impersonator,impersonator,impersonator
3887,impersonator,impersonator,impersonator
3888,impersonator,impersonator,impersonator
3889,impersonator,impersonator,impersonator
3890,impersonator,impersonator,impersonator
3891,impersonator,impersonator,impersonator
3892,impersonator,impersonator,impersonator
3893,impersonator,impersonator,impersonator
3894,impersonator,impersonator,impersonator
3895,impersonator,impersonator,impersonator
3896,impersonator,impersonator,impersonator
3897,impersonator,impersonator,impersonator
3898,impersonator,impersonator,impersonator
3899,impersonator,impersonator,impersonator
3900,impersonator,impersonator,impersonator
3901,impersonator,impersonator,impersonator
3902,impersonator,impersonator,impersonator
3903,impersonator,impersonator,impersonator
3904,impersonator,impersonator,impersonator
3905,impersonator,impersonator,impersonator
3906,impersonator,impersonator,impersonator
3907,impersonator,impersonator,impersonator
3908,impersonator,impersonator,impersonator
3909,impersonator,impersonator,impersonator
3910,impersonator,impersonator,impersonator
3911,impersonator,impersonator,impersonator
3912,impersonator,impersonator,impersonator
3913,impersonator,impersonator,impersonator
3914,impersonator,impersonator,impersonator
3915,impersonator,impersonator,impersonator
3916,impersonator,impersonator,impersonator
3917,impersonator,impersonator,impersonator
3918,impersonator,impersonator,impersonator
3919,impersonator,impersonator,impersonator
3920,impersonator,impersonator,impersonator
3921,impersonator,impersonator,impersonator
3922,impersonator,impersonator,impersonator
3923,impersonator,impersonator,impersonator
3924,impersonator,impersonator,impersonator
3925,impersonator,impersonator,impersonator
3926,impersonator,impersonator,impersonator
3927,impersonator,impersonator,impersonator
3928,impersonator,impersonator,impersonator
3929,impersonator,impersonator,impersonator
3930,impersonator,impersonator,impersonator
3931,impersonator,impersonator,impersonator
3932,impersonator,impersonator,impersonator
3933,impersonator,impersonator,impersonator
3934,impersonator,impersonator,impersonator
3935,impersonator,impersonator,impersonator
3936,impersonator,impersonator,impersonator
3937,impersonator,impersonator,impersonator
3938,impersonator,impersonator,impersonator
3939,impersonator,impersonator,impersonator
3940,impersonator,impersonator,impersonator
3941,impersonator,impersonator,impersonator
3942,impersonator,impersonator,impersonator
3943,impersonator,impersonator,impersonator
3944,impersonator,impersonator,impersonator
3945,impersonator,impersonator,impersonator
3946,impersonator,impersonator,impersonator
3947,impersonator,impersonator,impersonator
3948,impersonator,impersonator,impersonator
3949,impersonator,impersonator,impersonator
3950,impersonator,impersonator,impersonator
3951,impersonator,impersonator,impersonator
3952,impersonator,impersonator,impersonator
3953,impersonator,impersonator,impersonator
3954,impersonator,impersonator,impersonator
3955,impersonator,impersonator,impersonator
3956,impersonator,impersonator,impersonator
3957,impersonator,impersonator,impersonator
3958,impersonator,impersonator,impersonator
3959,impersonator,impersonator,impersonator
3960,impersonator,impersonator,impersonator
3961,impersonator,impersonator,impersonator
3962,impersonator,impersonator,impersonator
3963,impersonator,impersonator,impersonator
3964,impersonator,impersonator,impersonator
3965,impersonator,impersonator,impersonator
3966,impersonator,impersonator,impersonator
3967,impersonator,impersonator,impersonator
3968,impersonator,impersonator,impersonator
3969,impersonator,impersonator,impersonator
3970,impersonator,impersonator,impersonator
3971,impersonator,impersonator,impersonator
3972,impersonator,impersonator,impersonator
3973,impersonator,impersonator,impersonator
3974,impersonator,impersonator,impersonator
3975,impersonator,impersonator,impersonator
3976,impersonator,impersonator,impersonator
3977,impersonator,impersonator,impersonator
3978,impersonator,impersonator,impersonator
3979,impersonator,impersonator,impersonator
3980,impersonator,impersonator,impersonator
3981,impersonator,impersonator,impersonator
3982,impersonator,impersonator,impersonator
3983,impersonator,impersonator,impersonator
3984,impersonator,impersonator,impersonator
3985,impersonator,impersonator,impersonator
3986,impersonator,impersonator,impersonator
3987,impersonator,impersonator,impersonator
3988,impersonator,impersonator,impersonator
3989,impersonator,impersonator,impersonator
3990,impersonator,impersonator,impersonator
3991,impersonator,impersonator,impersonator
3992,impersonator,impersonator,impersonator
3993,impersonator,impersonator,impersonator
3994,impersonator,impersonator,impersonator
3995,impersonator,impersonator,impersonator
3996,impersonator,impersonator,impersonator
3997,impersonator,impersonator,impersonator
3998,impersonator,impersonator,impersonator
3999,impersonator,impersonator,impersonator
4000,impersonator,impersonator,impersonator
4001,impersonator,impersonator,impersonator
4002,impersonator,impersonator,impersonator
4003,impersonator,impersonator,impersonator
4004,impersonator,impersonator,impersonator
4005,impersonator,impersonator,impersonator
4006,impersonator,impersonator,impersonator
4007,impersonator,impersonator,impersonator
4008,impersonator,impersonator,impersonator
4009,impersonator,impersonator,impersonator
4010,impersonator,impersonator,impersonator
4011,impersonator,impersonator,impersonator
4012,impersonator,impersonator,impersonator
4013,impersonator,impersonator,impersonator
4014,impersonator,impersonator,impersonator
4015,impersonator,impersonator,impersonator
4016,impersonator,impersonator,impersonator
4017,impersonator,impersonator,impersonator
4018,impersonator,impersonator,impersonator
4019,impersonator,impersonator,impersonator
4020,impersonator,impersonator,impersonator
4021,impersonator,impersonator,impersonator
4022,impersonator,impersonator,impersonator
4023,impersonator,impersonator,impersonator
4024,impersonator,impersonator,impersonator
4025,impersonator,impersonator,impersonator
4026,impersonator,impersonator,impersonator
4027,impersonator,impersonator,impersonator
4028,impersonator,impersonator,impersonator
4029,impersonator,impersonator,impersonator
4030,impersonator,impersonator,impersonator
4031,impersonator,impersonator,impersonator
4032,impersonator,impersonator,impersonator
4033,impersonator,impersonator,impersonator
4034,impersonator,impersonator,impersonator
4035,impersonator,impersonator,impersonator
4036,impersonator,impersonator,impersonator
4037,impersonator,impersonator,impersonator
4038,impersonator,impersonator,impersonator
4039,impersonator,impersonator,impersonator
4040,impersonator,impersonator,impersonator
4041,impersonator,impersonator,impersonator
4042,impersonator,match,match
4043,impersonator,match,impersonator
4044,impersonator,match,match
4045,impersonator,match,match
4046,impersonator,match,match
4047,impersonator,match,match
4048,impersonator,match,match
4049,impersonator,match,match
4050,impersonator,match,impersonator
4051,impersonator,match,impersonator
4052,impersonator,match,match
4053,impersonator,match,match
4054,impersonator,match,match
4055,impersonator,match,match
4056,impersonator,match,match
4057,impersonator,match,match
4058,impersonator,match,match
4059,impersonator,impersonator,impersonator
4060,impersonator,match,match
4061,impersonator,match,match
4062,impersonator,match,match
4063,impersonator,match,match
4064,impersonator,match,match
4065,impersonator,match,match
4066,impersonator,match,match
4067,impersonator,match,match
4068,impersonator,impersonator,impersonator
4069,impersonator,impersonator,match
4070,impersonator,match,match
4071,impersonator,impersonator,match
4072,impersonator,match,match
4073,impersonator,match,match
4074,impersonator,mismatch,match
4075,impersonator,match,match
4076,impersonator,match,match
4077,impersonator,match,match
4078,impersonator,match,match
4079,impersonator,impersonator,match
4080,impersonator,match,match
4081,impersonator,match,match
4082,impersonator,match,match
4083,impersonator,match,match
4084,impersonator,match,match
4085,impersonator,match,match
4086,impersonator,match,match
4087,impersonator,match,match
4088,impersonator,match,match
4089,impersonator,match,match
4090,impersonator,match,match
4091,impersonator,impersonator,match
4092,impersonator,match,match
4093,impersonator,match,match
4094,impersonator,match,match
4095,impersonator,match,match
4096,impersonator,match,match
4097,impersonator,impersonator,impersonator
4098,impersonator,match,match
4099,impersonator,match,match
4100,impersonator,match,match
4101,impersonator,match,match
4102,impersonator,match,match
4103,impersonator,match,match
4104,impersonator,match,match
4105,impersonator,match,match
4106,impersonator,match,match
4107,impersonator,mismatch,match
4108,impersonator,match,match
4109,impersonator,match,match
4110,impersonator,match,impersonator
4111,impersonator,match,match
4112,impersonator,match,match
4113,impersonator,match,match
4114,impersonator,match,match
4115,impersonator,match,match
4116,impersonator,mismatch,match
4117,impersonator,impersonator,match
4118,impersonator,match,match
4119,impersonator,match,match
4120,impersonator,match,match
4121,impersonator,match,match
4122,impersonator,match,match
4123,impersonator,match,match
4124,impersonator,match,match
4125,impersonator,match,match
4126,impersonator,match,match
4127,impersonator,match,match
4128,impersonator,impersonator,match
4129,impersonator,match,match
4130,impersonator,match,match
4131,impersonator,match,impersonator
4132,impersonator,match,match
4133,impersonator,match,match
4134,impersonator,match,match
4135,impersonator,match,match
4136,impersonator,impersonator,match
4137,impersonator,match,match
4138,impersonator,match,match
4139,impersonator,match,match
4140,impersonator,impersonator,match
4141,impersonator,match,match
4142,impersonator,match,match
4143,impersonator,match,impersonator
4144,impersonator,match,match
4145,impersonator,match,match
4146,impersonator,match,match
4147,impersonator,match,match
4148,impersonator,impersonator,match
4149,impersonator,match,match
4150,impersonator,match,match
4151,impersonator,match,match
4152,impersonator,impersonator,match
4153,impersonator,impersonator,match
4154,impersonator,mismatch,match
4155,impersonator,match,match
4156,impersonator,match,match
4157,impersonator,match,match
4158,impersonator,impersonator,match
4159,impersonator,mismatch,match
4160,impersonator,match,match
4161,impersonator,match,match
4162,impersonator,match,impersonator
4163,impersonator,match,match
4164,impersonator,match,match
4165,impersonator,match,match
4166,impersonator,match,match
4167,impersonator,match,match
4168,impersonator,match,match
4169,impersonator,match,match
4170,impersonator,match,match
4171,impersonator,match,match
4172,impersonator,match,match
4173,impersonator,match,match
4174,impersonator,match,match
4175,impersonator,match,match
4176,impersonator,match,match
4177,impersonator,match,match
4178,impersonator,impersonator,match
4179,impersonator,mismatch,match
4180,impersonator,mismatch,match
4181,impersonator,match,match
4182,impersonator,match,match
4183,impersonator,match,match
4184,impersonator,impersonator,match
4185,impersonator,match,match
4186,impersonator,match,match
4187,impersonator,match,match
4188,impersonator,match,match
4189,impersonator,match,match
4190,impersonator,match,match
4191,impersonator,match,match
4192,impersonator,match,match
4193,impersonator,match,match
4194,impersonator,match,match
4195,impersonator,match,impersonator
4196,impersonator,mismatch,match
4197,impersonator,match,match
4198,impersonator,match,match
4199,impersonator,match,match
4200,impersonator,match,match
4201,impersonator,match,match
4202,impersonator,match,match
4203,impersonator,impersonator,match
4204,impersonator,match,impersonator
4205,impersonator,match,match
4206,impersonator,match,match
4207,impersonator,match,match
4208,impersonator,match,match
4209,impersonator,impersonator,match
4210,impersonator,match,impersonator
4211,impersonator,match,impersonator
4212,impersonator,match,impersonator
4213,impersonator,impersonator,match
4214,impersonator,match,match
4215,impersonator,match,match
4216,impersonator,match,impersonator
4217,impersonator,match,impersonator
4218,impersonator,match,match
4219,impersonator,match,match
4220,impersonator,match,match
4221,impersonator,match,match
4222,impersonator,match,match
4223,impersonator,match,match
4224,impersonator,match,match
4225,impersonator,match,impersonator
4226,impersonator,match,match
4227,impersonator,match,match
4228,impersonator,match,match
4229,impersonator,match,match
4230,impersonator,match,match
4231,impersonator,match,match
4232,impersonator,match,impersonator
4233,impersonator,match,impersonator
4234,impersonator,match,mismatch
4235,impersonator,match,match
4236,impersonator,match,match
4237,impersonator,match,match
4238,impersonator,match,match
4239,impersonator,match,match
4240,impersonator,match,match
4241,impersonator,match,impersonator
4242,impersonator,match,match
4243,impersonator,match,impersonator
4244,impersonator,match,match
4245,impersonator,match,impersonator
4246,impersonator,match,match
4247,impersonator,match,match
4248,impersonator,match,match
4249,impersonator,impersonator,match
4250,impersonator,match,match
4251,impersonator,match,match
4252,impersonator,match,match
4253,impersonator,match,match
4254,impersonator,match,match
4255,impersonator,match,impersonator
4256,impersonator,match,match
4257,impersonator,match,match
4258,impersonator,match,match
4259,impersonator,mismatch,mismatch
4260,impersonator,match,match
4261,impersonator,match,match
4262,impersonator,match,match
4263,impersonator,match,match
4264,impersonator,match,match
4265,impersonator,match,match
4266,impersonator,match,impersonator
4267,impersonator,match,match
4268,impersonator,match,match
4269,impersonator,match,match
4270,impersonator,match,match
4271,impersonator,match,match
4272,impersonator,match,match
4273,impersonator,match,match
4274,impersonator,match,match
4275,impersonator,match,match
4276,impersonator,impersonator,match
4277,impersonator,match,match
4278,impersonator,match,match
4279,impersonator,match,match
4280,impersonator,match,match
4281,impersonator,match,match
4282,impersonator,match,impersonator
4283,impersonator,match,impersonator
4284,impersonator,match,match
4285,impersonator,impersonator,match
4286,impersonator,match,match
4287,impersonator,match,match
4288,impersonator,match,match
4289,impersonator,match,match
4290,impersonator,match,match
4291,impersonator,match,match
4292,impersonator,match,match
4293,impersonator,match,match
4294,impersonator,match,match
4295,impersonator,match,match
4296,impersonator,match,match
4297,impersonator,match,match
4298,impersonator,match,match
4299,impersonator,match,match
4300,impersonator,match,impersonator
4301,impersonator,match,impersonator
4302,impersonator,impersonator,impersonator
4303,impersonator,impersonator,impersonator
4304,impersonator,impersonator,impersonator
4305,impersonator,impersonator,impersonator
4306,impersonator,impersonator,impersonator
4307,impersonator,impersonator,impersonator
4308,impersonator,impersonator,impersonator
4309,impersonator,impersonator,impersonator
4310,impersonator,impersonator,impersonator
4311,impersonator,impersonator,impersonator
4312,impersonator,impersonator,impersonator
4313,impersonator,impersonator,impersonator
4314,impersonator,impersonator,impersonator
4315,impersonator,impersonator,impersonator
4316,impersonator,impersonator,impersonator
4317,impersonator,impersonator,impersonator
4318,impersonator,impersonator,impersonator
4319,impersonator,impersonator,impersonator
4320,impersonator,impersonator,impersonator
4321,impersonator,impersonator,impersonator
4322,impersonator,impersonator,impersonator
4323,impersonator,impersonator,impersonator
4324,impersonator,impersonator,impersonator
4325,impersonator,impersonator,impersonator
4326,impersonator,impersonator,impersonator
4327,impersonator,impersonator,impersonator
4328,impersonator,impersonator,impersonator
4329,impersonator,impersonator,impersonator
4330,impersonator,impersonator,impersonator
4331,impersonator,impersonator,impersonator
4332,impersonator,impersonator,impersonator
4333,impersonator,impersonator,impersonator
4334,impersonator,impersonator,impersonator
4335,impersonator,impersonator,impersonator
4336,impersonator,impersonator,impersonator
4337,impersonator,impersonator,impersonator
4338,impersonator,impersonator,impersonator
4339,impersonator,impersonator,impersonator
4340,impersonator,impersonator,impersonator
4341,impersonator,impersonator,impersonator
4342,impersonator,impersonator,impersonator
4343,impersonator,impersonator,impersonator
4344,impersonator,impersonator,impersonator
4345,impersonator,impersonator,impersonator
4346,impersonator,impersonator,impersonator
4347,impersonator,impersonator,impersonator
4348,impersonator,impersonator,impersonator
4349,impersonator,impersonator,impersonator
4350,impersonator,impersonator,impersonator
4351,impersonator,impersonator,impersonator
4352,impersonator,impersonator,impersonator
4353,impersonator,impersonator,impersonator
4354,impersonator,impersonator,impersonator
4355,impersonator,impersonator,impersonator
4356,impersonator,impersonator,impersonator
4357,impersonator,impersonator,impersonator
4358,impersonator,impersonator,impersonator
4359,impersonator,impersonator,impersonator
4360,impersonator,impersonator,impersonator
4361,impersonator,impersonator,impersonator
4362,impersonator,impersonator,impersonator
4363,impersonator,impersonator,impersonator
4364,impersonator,impersonator,impersonator
4365,impersonator,impersonator,impersonator
4366,impersonator,impersonator,impersonator
4367,impersonator,impersonator,impersonator
4368,impersonator,impersonator,impersonator
4369,impersonator,impersonator,impersonator
4370,impersonator,impersonator,impersonator
4371,impersonator,impersonator,impersonator
4372,impersonator,impersonator,impersonator
4373,impersonator,impersonator,impersonator
4374,impersonator,impersonator,impersonator
4375,impersonator,impersonator,impersonator
4376,impersonator,impersonator,impersonator
4377,impersonator,impersonator,impersonator
4378,impersonator,impersonator,impersonator
4379,impersonator,impersonator,impersonator
4380,impersonator,impersonator,impersonator
4381,impersonator,impersonator,impersonator
4382,impersonator,impersonator,impersonator
4383,impersonator,impersonator,impersonator
4384,impersonator,impersonator,impersonator
4385,impersonator,impersonator,impersonator
4386,impersonator,impersonator,impersonator
4387,impersonator,impersonator,impersonator
4388,impersonator,impersonator,impersonator
4389,impersonator,impersonator,impersonator
4390,impersonator,impersonator,impersonator
4391,impersonator,impersonator,impersonator
4392,impersonator,impersonator,impersonator
4393,impersonator,impersonator,impersonator
4394,impersonator,impersonator,impersonator
4395,impersonator,impersonator,impersonator
4396,impersonator,impersonator,impersonator
4397,impersonator,impersonator,impersonator
4398,impersonator,impersonator,impersonator
4399,impersonator,impersonator,impersonator
4400,impersonator,impersonator,impersonator
4401,impersonator,impersonator,impersonator
4402,impersonator,impersonator,impersonator
4403,impersonator,impersonator,impersonator
4404,impersonator,impersonator,impersonator
4405,impersonator,impersonator,impersonator
4406,impersonator,impersonator,impersonator
4407,impersonator,impersonator,impersonator
4408,impersonator,impersonator,impersonator
4409,impersonator,impersonator,impersonator
4410,impersonator,impersonator,impersonator
4411,impersonator,impersonator,impersonator
4412,impersonator,impersonator,impersonator
4413,impersonator,impersonator,impersonator
4414,impersonator,impersonator,impersonator
4415,impersonator,impersonator,impersonator
4416,impersonator,impersonator,impersonator
4417,impersonator,impersonator,impersonator
4418,impersonator,impersonator,impersonator
4419,impersonator,impersonator,impersonator
4420,impersonator,impersonator,impersonator
4421,impersonator,impersonator,impersonator
4422,impersonator,impersonator,impersonator
4423,impersonator,impersonator,impersonator
4424,impersonator,impersonator,impersonator
4425,impersonator,impersonator,impersonator
4426,impersonator,impersonator,impersonator
4427,impersonator,impersonator,impersonator
4428,impersonator,impersonator,impersonator
4429,impersonator,impersonator,impersonator
4430,impersonator,impersonator,impersonator
4431,impersonator,impersonator,impersonator
4432,impersonator,impersonator,impersonator
4433,impersonator,impersonator,impersonator
4434,impersonator,impersonator,impersonator
4435,impersonator,impersonator,impersonator
4436,impersonator,impersonator,impersonator
4437,impersonator,impersonator,impersonator
4438,impersonator,impersonator,impersonator
4439,impersonator,impersonator,impersonator
4440,impersonator,impersonator,impersonator
4441,impersonator,impersonator,impersonator
4442,impersonator,impersonator,impersonator
4443,impersonator,impersonator,impersonator
4444,impersonator,impersonator,impersonator
4445,impersonator,impersonator,impersonator
4446,impersonator,impersonator,impersonator
4447,impersonator,impersonator,impersonator
4448,impersonator,impersonator,impersonator
4449,impersonator,impersonator,impersonator
4450,impersonator,impersonator,impersonator
4451,impersonator,impersonator,impersonator
4452,impersonator,impersonator,impersonator
4453,impersonator,impersonator,impersonator
4454,impersonator,impersonator,impersonator
4455,impersonator,impersonator,impersonator
4456,impersonator,impersonator,impersonator
4457,impersonator,impersonator,impersonator
4458,impersonator,impersonator,impersonator
4459,impersonator,impersonator,impersonator
4460,impersonator,impersonator,impersonator
4461,impersonator,impersonator,impersonator
4462,impersonator,impersonator,impersonator
4463,impersonator,impersonator,impersonator
4464,impersonator,impersonator,impersonator
4465,impersonator,impersonator,impersonator
4466,impersonator,impersonator,impersonator
4467,impersonator,impersonator,impersonator
4468,impersonator,impersonator,impersonator
4469,impersonator,impersonator,impersonator
4470,impersonator,impersonator,impersonator
4471,impersonator,impersonator,impersonator
4472,impersonator,impersonator,impersonator
4473,impersonator,impersonator,impersonator
4474,impersonator,impersonator,impersonator
4475,impersonator,impersonator,impersonator
4476,impersonator,impersonator,impersonator
4477,impersonator,impersonator,impersonator
4478,impersonator,impersonator,impersonator
4479,impersonator,impersonator,impersonator
4480,impersonator,impersonator,impersonator
4481,impersonator,impersonator,impersonator
4482,impersonator,impersonator,impersonator
4483,impersonator,impersonator,impersonator
4484,impersonator,impersonator,impersonator
4485,impersonator,impersonator,impersonator
4486,impersonator,impersonator,impersonator
4487,impersonator,impersonator,impersonator
4488,impersonator,impersonator,impersonator
4489,impersonator,impersonator,impersonator
4490,impersonator,impersonator,impersonator
4491,impersonator,impersonator,impersonator
4492,impersonator,impersonator,impersonator
4493,impersonator,impersonator,impersonator
4494,impersonator,impersonator,impersonator
4495,impersonator,impersonator,impersonator
4496,impersonator,impersonator,impersonator
4497,impersonator,impersonator,impersonator
4498,impersonator,impersonator,impersonator
4499,impersonator,impersonator,impersonator
4500,impersonator,impersonator,impersonator
4501,impersonator,impersonator,impersonator
4502,impersonator,impersonator,impersonator
4503,impersonator,impersonator,impersonator
4504,impersonator,impersonator,impersonator
4505,impersonator,impersonator,impersonator
4506,impersonator,impersonator,impersonator
4507,impersonator,impersonator,impersonator
4508,impersonator,impersonator,impersonator
4509,impersonator,impersonator,impersonator
4510,impersonator,impersonator,impersonator
4511,impersonator,impersonator,impersonator
4512,impersonator,impersonator,impersonator
4513,impersonator,impersonator,impersonator
4514,impersonator,impersonator,impersonator
4515,impersonator,impersonator,impersonator
4516,impersonator,impersonator,impersonator
4517,impersonator,impersonator,impersonator
4518,impersonator,impersonator,impersonator
4519,impersonator,impersonator,impersonator
4520,impersonator,impersonator,impersonator
4521,impersonator,impersonator,impersonator
4522,impersonator,impersonator,impersonator
4523,impersonator,impersonator,impersonator
4524,impersonator,impersonator,impersonator
4525,impersonator,impersonator,impersonator
4526,impersonator,impersonator,impersonator
4527,impersonator,impersonator,impersonator
4528,impersonator,impersonator,impersonator
4529,impersonator,impersonator,impersonator
4530,impersonator,impersonator,impersonator
4531,impersonator,impersonator,impersonator
4532,impersonator,impersonator,impersonator
4533,impersonator,impersonator,impersonator
4534,impersonator,impersonator,impersonator
4535,impersonator,impersonator,impersonator
4536,impersonator,impersonator,impersonator
4537,impersonator,impersonator,impersonator
4538,impersonator,impersonator,impersonator
4539,impersonator,impersonator,impersonator
4540,impersonator,impersonator,impersonator
4541,impersonator,impersonator,impersonator
4542,impersonator,impersonator,impersonator
4543,impersonator,impersonator,impersonator
4544,impersonator,impersonator,impersonator
4545,impersonator,impersonator,impersonator
4546,impersonator,impersonator,impersonator
4547,impersonator,impersonator,impersonator
4548,impersonator,impersonator,impersonator
4549,impersonator,impersonator,impersonator
4550,impersonator,impersonator,impersonator
4551,impersonator,impersonator,impersonator
4552,impersonator,impersonator,impersonator
4553,impersonator,impersonator,impersonator
4554,impersonator,impersonator,impersonator
4555,impersonator,impersonator,impersonator
4556,impersonator,impersonator,impersonator
4557,impersonator,impersonator,impersonator
4558,impersonator,impersonator,impersonator
4559,impersonator,impersonator,impersonator
4560,impersonator,impersonator,impersonator
4561,impersonator,impersonator,impersonator
4562,impersonator,impersonator,impersonator
4563,impersonator,impersonator,impersonator
4564,impersonator,impersonator,impersonator
4565,impersonator,impersonator,impersonator
4566,impersonator,impersonator,impersonator
4567,impersonator,impersonator,impersonator
4568,impersonator,impersonator,impersonator
4569,impersonator,impersonator,impersonator
4570,impersonator,impersonator,impersonator
4571,impersonator,impersonator,impersonator
4572,impersonator,impersonator,impersonator
4573,impersonator,impersonator,impersonator
4574,impersonator,impersonator,impersonator
4575,impersonator,impersonator,impersonator
4576,impersonator,impersonator,impersonator
4577,impersonator,impersonator,impersonator
4578,impersonator,impersonator,impersonator
4579,impersonator,impersonator,impersonator
4580,impersonator,impersonator,impersonator
4581,impersonator,impersonator,impersonator
4582,impersonator,impersonator,impersonator
4583,impersonator,impersonator,impersonator
4584,impersonator,impersonator,impersonator
4585,impersonator,impersonator,impersonator
4586,impersonator,impersonator,impersonator
4587,impersonator,impersonator,impersonator
4588,impersonator,match,impersonator
4589,impersonator,impersonator,mismatch
4590,impersonator,impersonator,match
4591,impersonator,impersonator,impersonator
4592,impersonator,impersonator,impersonator
4593,impersonator,impersonator,match
4594,impersonator,impersonator,impersonator
4595,impersonator,impersonator,impersonator
4596,impersonator,impersonator,impersonator
4597,impersonator,impersonator,impersonator
4598,impersonator,impersonator,impersonator
4599,impersonator,impersonator,impersonator
4600,impersonator,impersonator,impersonator
4601,impersonator,impersonator,impersonator
4602,impersonator,impersonator,impersonator
4603,impersonator,impersonator,mismatch
4604,impersonator,impersonator,impersonator
4605,impersonator,impersonator,impersonator
4606,impersonator,impersonator,impersonator
4607,impersonator,impersonator,impersonator
4608,impersonator,impersonator,impersonator
4609,impersonator,impersonator,impersonator
4610,impersonator,impersonator,impersonator
4611,impersonator,impersonator,impersonator
4612,impersonator,impersonator,impersonator
4613,impersonator,impersonator,impersonator
4614,impersonator,impersonator,impersonator
4615,impersonator,impersonator,impersonator
4616,impersonator,impersonator,impersonator
4617,impersonator,impersonator,impersonator
4618,impersonator,impersonator,impersonator
4619,impersonator,impersonator,match
4620,impersonator,impersonator,impersonator
4621,impersonator,impersonator,impersonator
4622,impersonator,impersonator,impersonator
4623,impersonator,impersonator,impersonator
4624,impersonator,impersonator,impersonator
4625,impersonator,impersonator,impersonator
4626,impersonator,impersonator,impersonator
4627,impersonator,impersonator,impersonator
4628,impersonator,impersonator,mismatch
4629,impersonator,impersonator,impersonator
4630,impersonator,impersonator,impersonator
4631,impersonator,impersonator,impersonator
4632,impersonator,impersonator,impersonator
4633,impersonator,impersonator,impersonator
4634,impersonator,impersonator,impersonator
4635,impersonator,impersonator,impersonator
4636,impersonator,match,impersonator
4637,impersonator,impersonator,mismatch
4638,impersonator,impersonator,impersonator
4639,impersonator,impersonator,impersonator
4640,impersonator,impersonator,impersonator
4641,impersonator,impersonator,impersonator
4642,impersonator,impersonator,impersonator
4643,impersonator,impersonator,impersonator
4644,impersonator,impersonator,mismatch
4645,impersonator,impersonator,impersonator
4646,impersonator,impersonator,impersonator
4647,impersonator,mismatch,impersonator
4648,impersonator,impersonator,impersonator
4649,impersonator,impersonator,impersonator
4650,impersonator,impersonator,impersonator
4651,impersonator,impersonator,impersonator
4652,impersonator,impersonator,impersonator
4653,impersonator,impersonator,impersonator
4654,impersonator,impersonator,impersonator
4655,impersonator,match,impersonator
4656,impersonator,impersonator,impersonator
4657,impersonator,impersonator,match
4658,impersonator,match,impersonator
4659,impersonator,impersonator,impersonator
4660,impersonator,impersonator,impersonator
4661,impersonator,impersonator,impersonator
4662,impersonator,impersonator,impersonator
4663,impersonator,impersonator,impersonator
4664,impersonator,impersonator,impersonator
4665,impersonator,impersonator,impersonator
4666,impersonator,impersonator,impersonator
4667,impersonator,impersonator,impersonator
4668,impersonator,impersonator,impersonator
4669,impersonator,impersonator,impersonator
4670,impersonator,impersonator,impersonator
4671,impersonator,impersonator,impersonator
4672,impersonator,impersonator,mismatch
4673,impersonator,impersonator,impersonator
4674,impersonator,impersonator,impersonator
4675,impersonator,impersonator,impersonator
4676,impersonator,impersonator,impersonator
4677,impersonator,impersonator,impersonator
4678,impersonator,impersonator,mismatch
4679,impersonator,impersonator,impersonator
4680,impersonator,impersonator,impersonator
4681,impersonator,impersonator,impersonator
4682,impersonator,impersonator,mismatch
4683,impersonator,mismatch,impersonator
4684,impersonator,impersonator,match
4685,impersonator,impersonator,impersonator
4686,impersonator,impersonator,impersonator
4687,impersonator,impersonator,impersonator
4688,impersonator,impersonator,impersonator
4689,impersonator,impersonator,impersonator
4690,impersonator,impersonator,impersonator
4691,impersonator,impersonator,impersonator
4692,impersonator,impersonator,impersonator
4693,impersonator,impersonator,impersonator
4694,impersonator,match,impersonator
4695,impersonator,impersonator,impersonator
4696,impersonator,impersonator,impersonator
4697,impersonator,impersonator,impersonator
4698,impersonator,impersonator,impersonator
4699,impersonator,impersonator,impersonator
4700,impersonator,impersonator,impersonator
4701,impersonator,impersonator,impersonator
4702,impersonator,impersonator,impersonator
4703,impersonator,impersonator,impersonator
4704,impersonator,impersonator,impersonator
4705,impersonator,match,impersonator
4706,impersonator,impersonator,impersonator
4707,impersonator,impersonator,impersonator
4708,impersonator,impersonator,impersonator
4709,impersonator,impersonator,impersonator
4710,impersonator,mismatch,impersonator
4711,impersonator,impersonator,impersonator
4712,impersonator,match,impersonator
4713,impersonator,impersonator,impersonator
4714,impersonator,impersonator,impersonator
4715,impersonator,impersonator,impersonator
4716,impersonator,impersonator,impersonator
4717,impersonator,impersonator,impersonator
4718,impersonator,impersonator,impersonator
4719,impersonator,impersonator,mismatch
4720,impersonator,impersonator,impersonator
4721,impersonator,impersonator,impersonator
4722,impersonator,impersonator,impersonator
4723,impersonator,impersonator,impersonator
4724,impersonator,impersonator,impersonator
4725,impersonator,impersonator,impersonator
4726,impersonator,impersonator,impersonator
4727,impersonator,impersonator,impersonator
4728,impersonator,impersonator,impersonator
4729,impersonator,impersonator,impersonator
4730,impersonator,impersonator,impersonator
4731,impersonator,impersonator,impersonator
4732,impersonator,impersonator,impersonator
4733,impersonator,impersonator,impersonator
4734,impersonator,impersonator,impersonator
4735,impersonator,impersonator,impersonator
4736,impersonator,impersonator,impersonator
4737,impersonator,match,impersonator
4738,impersonator,impersonator,mismatch
4739,impersonator,impersonator,impersonator
4740,impersonator,impersonator,impersonator
4741,impersonator,match,impersonator
4742,impersonator,impersonator,impersonator
4743,impersonator,impersonator,impersonator
4744,impersonator,impersonator,impersonator
4745,impersonator,impersonator,impersonator
4746,impersonator,match,impersonator
4747,impersonator,impersonator,impersonator
4748,impersonator,impersonator,impersonator
4749,impersonator,impersonator,impersonator
4750,impersonator,match,impersonator
4751,impersonator,impersonator,impersonator
4752,impersonator,impersonator,impersonator
4753,impersonator,impersonator,impersonator
4754,impersonator,impersonator,impersonator
4755,impersonator,impersonator,impersonator
4756,impersonator,impersonator,impersonator
4757,impersonator,impersonator,impersonator
4758,impersonator,impersonator,impersonator
4759,impersonator,match,match
4760,impersonator,impersonator,impersonator
4761,impersonator,impersonator,impersonator
4762,impersonator,impersonator,impersonator
4763,impersonator,impersonator,impersonator
4764,impersonator,impersonator,impersonator
4765,impersonator,impersonator,impersonator
4766,impersonator,impersonator,impersonator
4767,impersonator,impersonator,impersonator
4768,impersonator,impersonator,impersonator
4769,impersonator,impersonator,impersonator
4770,impersonator,impersonator,impersonator
4771,impersonator,impersonator,impersonator
4772,impersonator,impersonator,impersonator
4773,impersonator,impersonator,impersonator
4774,impersonator,impersonator,impersonator
4775,impersonator,match,impersonator
4776,impersonator,impersonator,impersonator
4777,impersonator,impersonator,impersonator
4778,impersonator,impersonator,impersonator
4779,impersonator,impersonator,impersonator
4780,impersonator,impersonator,impersonator
4781,impersonator,impersonator,impersonator
4782,impersonator,impersonator,impersonator
4783,impersonator,impersonator,impersonator
4784,impersonator,impersonator,impersonator
4785,impersonator,impersonator,impersonator
4786,impersonator,impersonator,impersonator
4787,impersonator,match,impersonator
4788,impersonator,impersonator,impersonator
4789,impersonator,impersonator,impersonator
4790,impersonator,mismatch,impersonator
4791,impersonator,impersonator,impersonator
4792,impersonator,impersonator,impersonator
4793,impersonator,impersonator,impersonator
4794,impersonator,impersonator,impersonator
4795,impersonator,impersonator,match
4796,impersonator,mismatch,impersonator
4797,impersonator,impersonator,impersonator
4798,impersonator,impersonator,impersonator
4799,impersonator,impersonator,impersonator
4800,impersonator,impersonator,impersonator
4801,impersonator,impersonator,impersonator
4802,impersonator,impersonator,impersonator
4803,impersonator,match,impersonator
4804,impersonator,impersonator,impersonator
4805,impersonator,impersonator,impersonator
4806,impersonator,impersonator,impersonator
4807,impersonator,impersonator,impersonator
4808,impersonator,impersonator,impersonator
4809,impersonator,impersonator,impersonator
4810,impersonator,impersonator,impersonator
4811,impersonator,impersonator,impersonator
4812,impersonator,impersonator,impersonator
4813,impersonator,impersonator,impersonator
4814,impersonator,impersonator,impersonator
4815,impersonator,impersonator,impersonator
4816,impersonator,impersonator,impersonator
4817,impersonator,impersonator,match
4818,impersonator,impersonator,impersonator
4819,impersonator,impersonator,impersonator
4820,impersonator,impersonator,impersonator
4821,impersonator,impersonator,impersonator
4822,impersonator,impersonator,mismatch
4823,impersonator,impersonator,impersonator
4824,impersonator,impersonator,impersonator
4825,impersonator,impersonator,impersonator
4826,impersonator,impersonator,impersonator
4827,impersonator,match,impersonator
4828,impersonator,impersonator,impersonator
4829,impersonator,impersonator,impersonator
4830,impersonator,match,impersonator
4831,impersonator,impersonator,impersonator
4832,impersonator,impersonator,impersonator
4833,impersonator,impersonator,impersonator
4834,impersonator,impersonator,mismatch
4835,impersonator,impersonator,impersonator
4836,impersonator,impersonator,impersonator
4837,impersonator,impersonator,impersonator
4838,impersonator,impersonator,impersonator
4839,impersonator,impersonator,mismatch
4840,impersonator,impersonator,impersonator
4841,impersonator,impersonator,impersonator
4842,impersonator,impersonator,match
4843,impersonator,impersonator,impersonator
4844,impersonator,impersonator,impersonator
4845,impersonator,impersonator,impersonator
4846,impersonator,impersonator,impersonator
4847,impersonator,impersonator,impersonator
4848,impersonator,impersonator,match
4849,impersonator,impersonator,impersonator
4850,impersonator,impersonator,impersonator
4851,impersonator,impersonator,impersonator
4852,impersonator,mismatch,impersonator
4853,impersonator,impersonator,impersonator
4854,impersonator,impersonator,match
4855,impersonator,impersonator,impersonator
4856,impersonator,impersonator,impersonator
4857,impersonator,impersonator,impersonator
4858,impersonator,impersonator,impersonator
4859,impersonator,impersonator,impersonator
4860,impersonator,match,impersonator
4861,impersonator,match,impersonator
4862,impersonator,impersonator,impersonator
4863,impersonator,impersonator,match
4864,impersonator,impersonator,match
4865,impersonator,impersonator,impersonator
4866,impersonator,impersonator,impersonator
4867,impersonator,impersonator,impersonator
4868,impersonator,impersonator,impersonator
4869,impersonator,match,impersonator
4870,impersonator,mismatch,impersonator
4871,impersonator,impersonator,impersonator
4872,impersonator,impersonator,impersonator
4873,impersonator,impersonator,mismatch
4874,impersonator,match,match
4875,impersonator,impersonator,impersonator
4876,impersonator,impersonator,impersonator
4877,impersonator,match,impersonator
4878,impersonator,impersonator,impersonator
4879,impersonator,impersonator,impersonator
4880,impersonator,impersonator,impersonator
4881,impersonator,impersonator,impersonator
4882,impersonator,match,impersonator
4883,impersonator,impersonator,impersonator
4884,impersonator,impersonator,impersonator
4885,impersonator,impersonator,impersonator
4886,impersonator,impersonator,impersonator
4887,impersonator,impersonator,impersonator
4888,impersonator,impersonator,impersonator
4889,impersonator,impersonator,impersonator
4890,impersonator,impersonator,impersonator
4891,impersonator,impersonator,impersonator
4892,impersonator,impersonator,impersonator
4893,impersonator,match,impersonator
4894,impersonator,impersonator,impersonator
4895,impersonator,impersonator,impersonator
4896,impersonator,impersonator,impersonator
4897,impersonator,impersonator,impersonator
4898,impersonator,impersonator,impersonator
4899,impersonator,impersonator,mismatch
4900,impersonator,impersonator,impersonator
4901,impersonator,impersonator,impersonator
4902,impersonator,impersonator,impersonator
4903,impersonator,impersonator,impersonator
4904,impersonator,match,impersonator
4905,impersonator,impersonator,impersonator
4906,impersonator,impersonator,impersonator
4907,impersonator,impersonator,impersonator
4908,impersonator,impersonator,match
4909,impersonator,impersonator,mismatch
4910,impersonator,mismatch,impersonator
4911,impersonator,impersonator,impersonator
4912,impersonator,impersonator,impersonator
4913,impersonator,impersonator,impersonator
4914,impersonator,impersonator,impersonator
4915,impersonator,impersonator,impersonator
4916,impersonator,impersonator,impersonator
4917,impersonator,impersonator,impersonator
4918,impersonator,impersonator,impersonator
4919,impersonator,impersonator,impersonator
4920,impersonator,match,mismatch
4921,impersonator,impersonator,match
4922,impersonator,impersonator,impersonator
4923,impersonator,impersonator,impersonator
4924,impersonator,impersonator,impersonator
4925,impersonator,impersonator,impersonator
4926,impersonator,impersonator,impersonator
4927,impersonator,impersonator,impersonator
4928,impersonator,impersonator,impersonator
4929,impersonator,impersonator,impersonator
4930,impersonator,impersonator,impersonator
4931,impersonator,impersonator,impersonator
4932,impersonator,impersonator,impersonator
4933,impersonator,impersonator,impersonator
4934,impersonator,impersonator,impersonator
4935,impersonator,impersonator,impersonator
4936,impersonator,impersonator,impersonator
4937,impersonator,impersonator,impersonator
4938,impersonator,impersonator,impersonator
4939,impersonator,impersonator,impersonator
4940,impersonator,impersonator,impersonator
4941,impersonator,impersonator,impersonator
4942,impersonator,impersonator,impersonator
4943,impersonator,impersonator,impersonator
4944,impersonator,impersonator,impersonator
4945,impersonator,mismatch,impersonator
4946,impersonator,match,impersonator
4947,impersonator,impersonator,impersonator
4948,impersonator,impersonator,impersonator
4949,impersonator,impersonator,impersonator
4950,impersonator,impersonator,impersonator
4951,impersonator,impersonator,impersonator
4952,impersonator,impersonator,impersonator
4953,impersonator,impersonator,impersonator
4954,impersonator,impersonator,impersonator
4955,impersonator,impersonator,match
4956,impersonator,impersonator,impersonator
4957,impersonator,impersonator,impersonator
4958,impersonator,impersonator,impersonator
4959,impersonator,impersonator,mismatch
4960,impersonator,match,match
4961,impersonator,match,mismatch
4962,impersonator,impersonator,impersonator
4963,impersonator,impersonator,impersonator
4964,impersonator,impersonator,impersonator
4965,impersonator,impersonator,mismatch
4966,impersonator,impersonator,impersonator
4967,impersonator,impersonator,impersonator
4968,impersonator,impersonator,impersonator
4969,impersonator,impersonator,impersonator
4970,impersonator,impersonator,impersonator
4971,impersonator,impersonator,impersonator
4972,impersonator,impersonator,impersonator
4973,impersonator,impersonator,impersonator
4974,impersonator,impersonator,impersonator
4975,impersonator,impersonator,impersonator
4976,impersonator,mismatch,mismatch
4977,impersonator,impersonator,impersonator
4978,impersonator,impersonator,impersonator
4979,impersonator,impersonator,impersonator
4980,impersonator,impersonator,impersonator
4981,impersonator,impersonator,impersonator
4982,impersonator,match,impersonator
4983,impersonator,impersonator,impersonator
4984,impersonator,impersonator,impersonator
4985,impersonator,impersonator,impersonator
4986,impersonator,impersonator,impersonator
4987,impersonator,impersonator,impersonator
4988,impersonator,impersonator,impersonator
4989,impersonator,impersonator,impersonator
4990,impersonator,impersonator,impersonator
4991,impersonator,impersonator,mismatch
4992,impersonator,impersonator,impersonator
4993,impersonator,impersonator,impersonator
4994,impersonator,impersonator,impersonator
4995,impersonator,impersonator,mismatch
4996,impersonator,impersonator,impersonator
4997,impersonator,impersonator,impersonator
4998,impersonator,impersonator,impersonator
4999,impersonator,impersonator,impersonator
5000,impersonator,impersonator,impersonator
5001,impersonator,impersonator,impersonator
5002,impersonator,impersonator,impersonator
5003,impersonator,impersonator,impersonator
5004,impersonator,impersonator,match
5005,impersonator,impersonator,impersonator
5006,impersonator,impersonator,impersonator
5007,impersonator,impersonator,impersonator
5008,impersonator,impersonator,impersonator
5009,impersonator,impersonator,impersonator
5010,impersonator,match,impersonator
5011,impersonator,impersonator,impersonator
5012,impersonator,impersonator,match
5013,impersonator,impersonator,impersonator
5014,impersonator,impersonator,impersonator
5015,impersonator,impersonator,impersonator
5016,impersonator,impersonator,impersonator
5017,impersonator,impersonator,impersonator
5018,impersonator,impersonator,impersonator
5019,impersonator,impersonator,impersonator
5020,impersonator,impersonator,match
5021,impersonator,impersonator,mismatch
5022,impersonator,impersonator,match
5023,impersonator,impersonator,impersonator
5024,impersonator,impersonator,impersonator
5025,impersonator,impersonator,impersonator
5026,impersonator,impersonator,impersonator
5027,impersonator,match,impersonator
5028,impersonator,impersonator,impersonator
5029,impersonator,impersonator,impersonator
5030,impersonator,match,impersonator
5031,impersonator,impersonator,match
5032,impersonator,impersonator,impersonator
5033,impersonator,impersonator,impersonator
5034,impersonator,impersonator,impersonator
5035,impersonator,match,impersonator
5036,impersonator,impersonator,impersonator
5037,impersonator,impersonator,impersonator
5038,impersonator,impersonator,impersonator
5039,impersonator,impersonator,impersonator
5040,impersonator,impersonator,impersonator
5041,impersonator,impersonator,impersonator
5042,impersonator,impersonator,impersonator
5043,impersonator,impersonator,impersonator
5044,impersonator,impersonator,impersonator
5045,impersonator,impersonator,impersonator
5046,impersonator,impersonator,impersonator
5047,impersonator,impersonator,impersonator
5048,impersonator,impersonator,impersonator
5049,impersonator,impersonator,impersonator
5050,impersonator,impersonator,impersonator
5051,impersonator,impersonator,impersonator
5052,impersonator,impersonator,impersonator
5053,impersonator,impersonator,impersonator
5054,impersonator,impersonator,match
5055,impersonator,match,impersonator
5056,impersonator,impersonator,impersonator
5057,impersonator,mismatch,impersonator
5058,impersonator,impersonator,impersonator
5059,impersonator,mismatch,impersonator
5060,impersonator,impersonator,impersonator
5061,impersonator,impersonator,mismatch
5062,impersonator,impersonator,impersonator
5063,impersonator,impersonator,impersonator
5064,impersonator,impersonator,impersonator
5065,impersonator,impersonator,match
5066,impersonator,impersonator,mismatch
5067,impersonator,impersonator,impersonator
5068,impersonator,impersonator,impersonator
5069,impersonator,impersonator,impersonator
5070,impersonator,impersonator,impersonator
5071,impersonator,impersonator,impersonator
5072,impersonator,impersonator,impersonator
5073,impersonator,impersonator,impersonator
5074,impersonator,impersonator,impersonator
5075,impersonator,impersonator,impersonator
5076,impersonator,impersonator,impersonator
5077,impersonator,impersonator,impersonator
5078,impersonator,impersonator,impersonator
5079,impersonator,impersonator,impersonator
5080,impersonator,impersonator,impersonator
5081,impersonator,impersonator,impersonator
5082,impersonator,impersonator,impersonator
5083,impersonator,impersonator,impersonator
5084,impersonator,impersonator,impersonator
5085,impersonator,impersonator,impersonator
5086,impersonator,impersonator,impersonator
5087,impersonator,impersonator,impersonator
5088,impersonator,impersonator,impersonator
5089,impersonator,impersonator,impersonator
5090,impersonator,impersonator,match
5091,impersonator,match,impersonator
5092,impersonator,impersonator,impersonator
5093,impersonator,impersonator,impersonator
5094,impersonator,impersonator,impersonator
5095,impersonator,impersonator,impersonator
5096,impersonator,impersonator,match
5097,impersonator,impersonator,impersonator
5098,impersonator,impersonator,impersonator
5099,impersonator,impersonator,impersonator
5100,impersonator,match,impersonator
5101,impersonator,impersonator,impersonator
5102,impersonator,impersonator,match
5103,impersonator,impersonator,mismatch
5104,impersonator,impersonator,impersonator
5105,impersonator,impersonator,impersonator
5106,impersonator,impersonator,impersonator
5107,impersonator,impersonator,impersonator
5108,impersonator,impersonator,impersonator
5109,impersonator,impersonator,impersonator
5110,impersonator,impersonator,impersonator
5111,impersonator,impersonator,impersonator
5112,impersonator,impersonator,impersonator
5113,impersonator,impersonator,impersonator
5114,impersonator,impersonator,impersonator
5115,impersonator,impersonator,match
5116,impersonator,impersonator,impersonator
5117,impersonator,impersonator,match
5118,impersonator,impersonator,impersonator
5119,impersonator,impersonator,impersonator
5120,impersonator,impersonator,impersonator
5121,impersonator,impersonator,impersonator
5122,impersonator,impersonator,impersonator
5123,impersonator,impersonator,impersonator
5124,impersonator,impersonator,impersonator
5125,impersonator,impersonator,impersonator
5126,impersonator,impersonator,impersonator
5127,impersonator,impersonator,impersonator
5128,impersonator,impersonator,mismatch
5129,impersonator,impersonator,impersonator
5130,impersonator,impersonator,impersonator
5131,impersonator,impersonator,impersonator
5132,impersonator,impersonator,impersonator
5133,impersonator,mismatch,impersonator
5134,impersonator,impersonator,impersonator
5135,impersonator,impersonator,impersonator
5136,impersonator,impersonator,impersonator
5137,impersonator,impersonator,impersonator
5138,impersonator,impersonator,impersonator
5139,impersonator,match,impersonator
5140,impersonator,impersonator,impersonator
5141,impersonator,impersonator,impersonator
5142,impersonator,impersonator,impersonator
5143,impersonator,impersonator,impersonator
5144,impersonator,impersonator,impersonator
5145,impersonator,impersonator,impersonator
5146,impersonator,impersonator,impersonator
5147,impersonator,impersonator,impersonator
5148,impersonator,impersonator,match
5149,impersonator,impersonator,impersonator
5150,impersonator,impersonator,impersonator
5151,impersonator,impersonator,impersonator
5152,impersonator,impersonator,impersonator
5153,impersonator,impersonator,match
5154,impersonator,impersonator,impersonator
5155,impersonator,impersonator,match
5156,impersonator,impersonator,impersonator
5157,impersonator,impersonator,impersonator
5158,impersonator,impersonator,impersonator
5159,impersonator,impersonator,match
5160,impersonator,impersonator,impersonator
5161,impersonator,impersonator,impersonator
5162,impersonator,impersonator,impersonator
5163,impersonator,impersonator,impersonator
5164,impersonator,impersonator,match
5165,impersonator,match,mismatch
5166,impersonator,impersonator,impersonator
5167,impersonator,impersonator,impersonator
5168,impersonator,impersonator,impersonator
5169,impersonator,impersonator,impersonator
5170,impersonator,impersonator,impersonator
5171,impersonator,impersonator,impersonator
5172,impersonator,impersonator,match
5173,impersonator,impersonator,impersonator
5174,impersonator,impersonator,impersonator
5175,impersonator,impersonator,impersonator
5176,impersonator,impersonator,impersonator
5177,impersonator,impersonator,impersonator
5178,impersonator,impersonator,impersonator
5179,impersonator,impersonator,impersonator
5180,impersonator,impersonator,impersonator
5181,impersonator,impersonator,impersonator
5182,impersonator,mismatch,impersonator
5183,impersonator,impersonator,impersonator
5184,impersonator,impersonator,impersonator
5185,impersonator,impersonator,impersonator
5186,impersonator,impersonator,impersonator
5187,impersonator,impersonator,impersonator
5188,impersonator,match,impersonator
5189,impersonator,mismatch,mismatch
5190,impersonator,impersonator,match
5191,impersonator,impersonator,impersonator
5192,impersonator,impersonator,impersonator
5193,impersonator,impersonator,match
5194,impersonator,impersonator,impersonator
5195,impersonator,impersonator,impersonator
5196,impersonator,impersonator,impersonator
5197,impersonator,impersonator,impersonator
5198,impersonator,match,impersonator
5199,impersonator,mismatch,impersonator
5200,impersonator,impersonator,impersonator
5201,impersonator,match,match
5202,impersonator,match,match
5203,impersonator,match,match
5204,impersonator,match,match
5205,impersonator,match,match
5206,impersonator,match,match
5207,impersonator,match,match
5208,impersonator,match,match
5209,impersonator,match,match
5210,impersonator,match,match
5211,impersonator,match,match
5212,impersonator,match,match
5213,impersonator,match,match
5214,impersonator,match,match
5215,impersonator,match,match
5216,impersonator,match,match
5217,impersonator,match,match
5218,impersonator,match,match
5219,impersonator,match,match
5220,impersonator,match,match
5221,impersonator,match,match
5222,impersonator,match,match
5223,impersonator,match,match
5224,impersonator,match,match
5225,impersonator,match,match
5226,impersonator,match,match
5227,impersonator,match,match
5228,impersonator,match,match
5229,impersonator,match,match
5230,impersonator,match,match
5231,impersonator,match,match
5232,impersonator,match,match
5233,impersonator,match,match
5234,impersonator,match,match
5235,impersonator,match,match
5236,impersonator,match,match
5237,impersonator,match,match
5238,impersonator,match,match
5239,impersonator,mismatch,match
5240,impersonator,match,match
5241,impersonator,match,match
5242,impersonator,impersonator,match
5243,impersonator,match,match
5244,impersonator,match,match
5245,impersonator,match,match
5246,impersonator,match,match
5247,impersonator,match,match
5248,impersonator,match,match
5249,impersonator,mismatch,match
5250,impersonator,match,match
5251,impersonator,match,match
5252,impersonator,match,match
5253,impersonator,match,match
5254,impersonator,match,match
5255,impersonator,match,match
5256,impersonator,match,match
5257,impersonator,match,match
5258,impersonator,match,match
5259,impersonator,match,match
5260,impersonator,match,match
5261,impersonator,impersonator,match
5262,impersonator,match,match
5263,impersonator,match,match
5264,impersonator,match,match
5265,impersonator,match,match
5266,impersonator,match,match
5267,impersonator,match,match
5268,impersonator,match,match
5269,impersonator,match,match
5270,impersonator,match,match
5271,impersonator,match,match
5272,impersonator,match,match
5273,impersonator,match,match
5274,impersonator,match,match
5275,impersonator,match,match
5276,impersonator,match,match
5277,impersonator,match,match
5278,impersonator,match,match
5279,impersonator,match,match
5280,impersonator,match,match
5281,impersonator,match,match
5282,impersonator,match,match
5283,impersonator,match,match
5284,impersonator,match,match
5285,impersonator,match,match
5286,impersonator,match,match
5287,impersonator,match,match
5288,impersonator,match,match
5289,impersonator,match,match
5290,impersonator,match,match
5291,impersonator,match,match
5292,impersonator,match,match
5293,impersonator,match,match
5294,impersonator,match,match
5295,impersonator,match,match
5296,impersonator,match,match
5297,impersonator,match,match
5298,impersonator,match,match
5299,impersonator,match,match
5300,impersonator,match,match
5301,impersonator,match,match
5302,impersonator,match,match
5303,impersonator,match,match
5304,impersonator,match,match
5305,impersonator,match,match
5306,impersonator,match,match
5307,impersonator,match,match
5308,impersonator,match,match
5309,impersonator,match,match
5310,impersonator,match,match
5311,impersonator,match,match
5312,impersonator,match,match
5313,impersonator,match,match
5314,impersonator,match,match
5315,impersonator,match,match
5316,impersonator,match,match
5317,impersonator,match,match
5318,impersonator,match,match
5319,impersonator,match,match
5320,impersonator,match,match
5321,impersonator,match,match
5322,impersonator,match,match
5323,impersonator,match,match
5324,impersonator,match,match
5325,impersonator,match,match
5326,impersonator,match,match
5327,impersonator,match,match
5328,impersonator,match,match
5329,impersonator,match,match
5330,impersonator,match,match
5331,impersonator,mismatch,match
5332,impersonator,match,match
5333,impersonator,match,match
5334,impersonator,match,match
5335,impersonator,match,match
5336,impersonator,match,match
5337,impersonator,match,match
5338,impersonator,match,match
5339,impersonator,match,match
5340,impersonator,match,match
5341,impersonator,match,match
5342,impersonator,match,match
5343,impersonator,match,match
5344,impersonator,match,match
5345,impersonator,match,match
5346,impersonator,match,match
5347,impersonator,match,match
5348,impersonator,match,match
5349,impersonator,match,match
5350,impersonator,match,match
5351,impersonator,match,match
5352,impersonator,match,match
5353,impersonator,match,match
5354,impersonator,match,match
5355,impersonator,match,match
5356,impersonator,match,match
5357,impersonator,match,match
5358,impersonator,match,match
5359,impersonator,match,match
5360,impersonator,match,match
5361,impersonator,match,match
5362,impersonator,match,match
5363,impersonator,match,match
5364,impersonator,match,match
5365,impersonator,match,match
5366,impersonator,match,match
5367,impersonator,match,match
5368,impersonator,match,match
5369,impersonator,match,match
5370,impersonator,match,match
5371,impersonator,match,match
5372,impersonator,match,match
5373,impersonator,match,match
5374,impersonator,match,match
5375,impersonator,match,mismatch
5376,impersonator,match,match
5377,impersonator,match,match
5378,impersonator,match,match
5379,impersonator,match,match
5380,impersonator,match,match
5381,impersonator,match,match
5382,impersonator,match,match
5383,impersonator,match,match
5384,impersonator,match,match
5385,impersonator,match,match
5386,impersonator,match,match
5387,impersonator,match,match
5388,impersonator,match,match
5389,impersonator,match,match
5390,impersonator,impersonator,match
5391,impersonator,match,match
5392,impersonator,match,match
5393,impersonator,match,match
5394,impersonator,match,match
5395,impersonator,match,match
5396,impersonator,match,match
5397,impersonator,match,match
5398,impersonator,match,match
5399,impersonator,match,match
5400,impersonator,match,match
5401,impersonator,match,match
5402,impersonator,match,match
5403,impersonator,match,match
5404,impersonator,match,match
5405,impersonator,match,match
5406,impersonator,match,match
5407,impersonator,match,match
5408,impersonator,match,match
5409,impersonator,match,match
5410,impersonator,match,match
5411,impersonator,match,match
5412,impersonator,match,match
5413,impersonator,match,match
5414,impersonator,match,match
5415,impersonator,match,match
5416,impersonator,match,match
5417,impersonator,match,match
5418,impersonator,match,match
5419,impersonator,match,match
5420,impersonator,match,match
5421,impersonator,match,match
5422,impersonator,match,match
5423,impersonator,match,match
5424,impersonator,match,match
5425,impersonator,match,match
5426,impersonator,match,match
5427,impersonator,match,match
5428,impersonator,match,match
5429,impersonator,impersonator,match
5430,impersonator,match,match
5431,impersonator,match,match
5432,impersonator,match,match
5433,impersonator,match,match
5434,impersonator,match,match
5435,impersonator,match,match
5436,impersonator,match,match
5437,impersonator,match,match
5438,impersonator,match,match
5439,impersonator,match,match
5440,impersonator,match,match
5441,impersonator,match,match
5442,impersonator,match,match
5443,impersonator,match,match
5444,impersonator,match,impersonator
5445,impersonator,impersonator,impersonator
5446,impersonator,impersonator,impersonator
5447,impersonator,impersonator,impersonator
5448,impersonator,impersonator,impersonator
5449,impersonator,impersonator,impersonator
5450,impersonator,impersonator,impersonator
5451,impersonator,impersonator,impersonator
5452,impersonator,impersonator,impersonator
5453,impersonator,impersonator,impersonator
5454,impersonator,impersonator,impersonator
5455,impersonator,impersonator,impersonator
5456,impersonator,impersonator,impersonator
5457,impersonator,impersonator,impersonator
5458,impersonator,impersonator,impersonator
5459,impersonator,impersonator,impersonator
5460,impersonator,impersonator,impersonator
5461,impersonator,impersonator,impersonator
5462,impersonator,impersonator,impersonator
5463,impersonator,impersonator,impersonator
5464,impersonator,impersonator,impersonator
5465,impersonator,impersonator,impersonator
5466,impersonator,impersonator,impersonator
5467,impersonator,impersonator,impersonator
5468,impersonator,impersonator,impersonator
5469,impersonator,impersonator,impersonator
5470,impersonator,impersonator,impersonator
5471,impersonator,impersonator,impersonator
5472,impersonator,impersonator,impersonator
5473,impersonator,impersonator,impersonator
5474,impersonator,impersonator,impersonator
5475,impersonator,impersonator,impersonator
5476,impersonator,impersonator,impersonator
5477,impersonator,impersonator,impersonator
5478,impersonator,impersonator,impersonator
5479,impersonator,impersonator,impersonator
5480,impersonator,impersonator,impersonator
5481,impersonator,impersonator,impersonator
5482,impersonator,impersonator,impersonator
5483,impersonator,impersonator,impersonator
5484,impersonator,impersonator,impersonator
5485,impersonator,impersonator,impersonator
5486,impersonator,impersonator,impersonator
5487,impersonator,impersonator,impersonator
5488,impersonator,impersonator,impersonator
5489,impersonator,impersonator,impersonator
5490,impersonator,impersonator,impersonator
5491,impersonator,impersonator,impersonator
5492,impersonator,impersonator,impersonator
5493,impersonator,impersonator,impersonator
5494,impersonator,impersonator,impersonator
5495,impersonator,impersonator,impersonator
5496,impersonator,impersonator,impersonator
5497,impersonator,impersonator,impersonator
5498,impersonator,impersonator,impersonator
5499,impersonator,impersonator,impersonator
5500,impersonator,impersonator,impersonator
5501,impersonator,impersonator,impersonator
5502,impersonator,impersonator,impersonator
5503,impersonator,impersonator,impersonator
5504,impersonator,impersonator,impersonator
5505,impersonator,impersonator,impersonator
5506,impersonator,impersonator,impersonator
5507,impersonator,impersonator,impersonator
5508,impersonator,impersonator,impersonator
5509,impersonator,impersonator,impersonator
5510,impersonator,impersonator,impersonator
5511,impersonator,impersonator,impersonator
5512,impersonator,impersonator,impersonator
5513,impersonator,impersonator,impersonator
5514,impersonator,impersonator,impersonator
5515,impersonator,impersonator,impersonator
5516,impersonator,impersonator,impersonator
5517,impersonator,impersonator,impersonator
5518,impersonator,impersonator,impersonator
5519,impersonator,impersonator,impersonator
5520,impersonator,impersonator,impersonator
5521,impersonator,impersonator,impersonator
5522,impersonator,impersonator,impersonator
5523,impersonator,impersonator,impersonator
5524,impersonator,impersonator,impersonator
5525,impersonator,impersonator,impersonator
5526,impersonator,impersonator,impersonator
5527,impersonator,impersonator,impersonator
5528,impersonator,impersonator,impersonator
5529,impersonator,impersonator,impersonator
5530,impersonator,impersonator,impersonator
5531,impersonator,impersonator,impersonator
5532,impersonator,impersonator,impersonator
5533,impersonator,impersonator,impersonator
5534,impersonator,impersonator,impersonator
5535,impersonator,impersonator,impersonator
5536,impersonator,impersonator,impersonator
5537,impersonator,impersonator,impersonator
5538,impersonator,impersonator,impersonator
5539,impersonator,impersonator,impersonator
5540,impersonator,impersonator,impersonator
5541,impersonator,impersonator,impersonator
5542,impersonator,impersonator,impersonator
5543,impersonator,impersonator,impersonator
5544,impersonator,impersonator,impersonator
5545,impersonator,impersonator,impersonator
5546,impersonator,impersonator,impersonator
5547,impersonator,impersonator,impersonator
5548,impersonator,impersonator,impersonator
5549,impersonator,impersonator,impersonator
5550,impersonator,impersonator,impersonator
5551,impersonator,impersonator,impersonator
5552,impersonator,impersonator,impersonator
5553,impersonator,impersonator,impersonator
5554,impersonator,impersonator,impersonator
5555,impersonator,impersonator,impersonator
5556,impersonator,impersonator,impersonator
5557,impersonator,impersonator,impersonator
5558,impersonator,impersonator,impersonator
5559,impersonator,impersonator,impersonator
5560,impersonator,impersonator,impersonator
5561,impersonator,impersonator,impersonator
5562,impersonator,impersonator,impersonator
5563,impersonator,impersonator,impersonator
5564,impersonator,impersonator,impersonator
5565,impersonator,impersonator,impersonator
5566,impersonator,impersonator,impersonator
5567,impersonator,impersonator,impersonator
5568,impersonator,impersonator,impersonator
5569,impersonator,impersonator,impersonator
5570,impersonator,impersonator,impersonator
5571,impersonator,impersonator,impersonator
5572,impersonator,impersonator,impersonator
5573,impersonator,impersonator,impersonator
5574,impersonator,impersonator,impersonator
5575,impersonator,impersonator,impersonator
5576,impersonator,impersonator,impersonator
5577,impersonator,impersonator,impersonator
5578,impersonator,impersonator,impersonator
5579,impersonator,impersonator,impersonator
5580,impersonator,impersonator,impersonator
5581,impersonator,impersonator,impersonator
5582,impersonator,impersonator,impersonator
5583,impersonator,impersonator,impersonator
5584,impersonator,impersonator,impersonator
5585,impersonator,impersonator,impersonator
5586,impersonator,impersonator,impersonator
5587,impersonator,impersonator,impersonator
5588,impersonator,impersonator,impersonator
5589,impersonator,impersonator,impersonator
5590,impersonator,impersonator,impersonator
5591,impersonator,impersonator,impersonator
5592,impersonator,impersonator,impersonator
5593,impersonator,impersonator,impersonator
5594,impersonator,impersonator,impersonator
5595,impersonator,impersonator,impersonator
5596,impersonator,impersonator,impersonator
5597,impersonator,impersonator,impersonator
5598,impersonator,impersonator,impersonator
5599,impersonator,impersonator,impersonator
5600,impersonator,impersonator,impersonator
5601,impersonator,impersonator,impersonator
5602,impersonator,impersonator,impersonator
5603,impersonator,impersonator,impersonator
5604,impersonator,impersonator,impersonator
5605,impersonator,impersonator,impersonator
5606,impersonator,impersonator,impersonator
5607,impersonator,impersonator,impersonator
5608,impersonator,impersonator,impersonator
5609,impersonator,impersonator,impersonator
5610,impersonator,impersonator,impersonator
5611,impersonator,impersonator,impersonator
5612,impersonator,impersonator,impersonator
5613,impersonator,impersonator,impersonator
5614,impersonator,impersonator,impersonator
5615,impersonator,impersonator,impersonator
5616,impersonator,impersonator,impersonator
5617,impersonator,impersonator,impersonator
5618,impersonator,impersonator,impersonator
5619,impersonator,impersonator,impersonator
5620,impersonator,impersonator,impersonator
5621,impersonator,impersonator,impersonator
5622,impersonator,impersonator,impersonator
5623,impersonator,impersonator,impersonator
5624,impersonator,impersonator,impersonator
5625,impersonator,impersonator,impersonator
5626,impersonator,impersonator,impersonator
5627,impersonator,impersonator,impersonator
5628,impersonator,impersonator,impersonator
5629,impersonator,impersonator,impersonator
5630,impersonator,impersonator,impersonator
5631,impersonator,impersonator,impersonator
5632,impersonator,impersonator,impersonator
5633,impersonator,impersonator,impersonator
5634,impersonator,impersonator,impersonator
5635,impersonator,impersonator,impersonator
5636,impersonator,impersonator,impersonator
5637,impersonator,impersonator,impersonator
5638,impersonator,impersonator,impersonator
5639,impersonator,impersonator,impersonator
5640,impersonator,impersonator,impersonator
5641,impersonator,impersonator,impersonator
5642,impersonator,impersonator,impersonator
5643,impersonator,impersonator,impersonator
5644,impersonator,impersonator,impersonator
5645,impersonator,impersonator,impersonator
5646,impersonator,impersonator,impersonator
5647,impersonator,impersonator,impersonator
5648,impersonator,impersonator,impersonator
5649,impersonator,impersonator,impersonator
5650,impersonator,impersonator,impersonator
5651,impersonator,impersonator,impersonator
5652,impersonator,impersonator,impersonator
5653,impersonator,impersonator,impersonator
5654,impersonator,impersonator,impersonator
5655,impersonator,impersonator,impersonator
5656,impersonator,impersonator,impersonator
5657,impersonator,impersonator,impersonator
5658,impersonator,impersonator,impersonator
5659,impersonator,impersonator,impersonator
5660,impersonator,impersonator,impersonator
5661,impersonator,impersonator,impersonator
5662,impersonator,impersonator,impersonator
5663,impersonator,impersonator,impersonator
5664,impersonator,impersonator,impersonator
5665,impersonator,impersonator,impersonator
5666,impersonator,impersonator,impersonator
5667,impersonator,impersonator,impersonator
5668,impersonator,impersonator,impersonator
5669,impersonator,impersonator,impersonator
5670,impersonator,impersonator,impersonator
5671,impersonator,impersonator,impersonator
5672,impersonator,impersonator,impersonator
5673,impersonator,impersonator,impersonator
5674,impersonator,impersonator,impersonator
5675,impersonator,impersonator,impersonator
5676,impersonator,impersonator,impersonator
5677,impersonator,impersonator,impersonator
5678,impersonator,impersonator,impersonator
5679,impersonator,impersonator,impersonator
5680,impersonator,impersonator,impersonator
5681,impersonator,impersonator,impersonator
5682,impersonator,impersonator,impersonator
5683,impersonator,impersonator,impersonator
5684,impersonator,impersonator,impersonator
5685,impersonator,impersonator,impersonator
5686,impersonator,impersonator,impersonator
5687,impersonator,impersonator,impersonator
5688,impersonator,impersonator,impersonator
5689,impersonator,impersonator,impersonator
5690,impersonator,impersonator,impersonator
5691,impersonator,impersonator,impersonator
5692,impersonator,impersonator,impersonator
5693,impersonator,impersonator,impersonator
5694,impersonator,impersonator,impersonator
5695,impersonator,impersonator,impersonator
5696,impersonator,impersonator,impersonator
5697,impersonator,impersonator,impersonator
5698,impersonator,impersonator,impersonator
5699,impersonator,impersonator,impersonator
5700,impersonator,impersonator,impersonator
5701,impersonator,impersonator,impersonator
5702,impersonator,impersonator,impersonator
5703,impersonator,impersonator,impersonator
5704,impersonator,impersonator,impersonator
5705,impersonator,impersonator,impersonator
5706,impersonator,impersonator,impersonator
5707,impersonator,impersonator,impersonator
5708,impersonator,impersonator,impersonator
5709,impersonator,impersonator,impersonator
5710,impersonator,impersonator,impersonator
5711,impersonator,impersonator,impersonator
5712,impersonator,impersonator,impersonator
5713,impersonator,impersonator,impersonator
5714,impersonator,impersonator,impersonator
5715,impersonator,impersonator,impersonator
5716,impersonator,impersonator,impersonator
5717,impersonator,impersonator,impersonator
5718,impersonator,impersonator,impersonator
5719,impersonator,impersonator,impersonator
5720,impersonator,impersonator,impersonator
5721,impersonator,impersonator,impersonator
5722,impersonator,impersonator,impersonator
5723,impersonator,impersonator,impersonator
5724,impersonator,impersonator,impersonator
5725,impersonator,impersonator,impersonator
5726,impersonator,impersonator,impersonator
5727,impersonator,impersonator,impersonator
5728,impersonator,impersonator,impersonator
5729,impersonator,impersonator,impersonator
5730,impersonator,impersonator,impersonator
5731,impersonator,impersonator,impersonator
5732,impersonator,impersonator,impersonator
5733,impersonator,impersonator,impersonator
5734,impersonator,impersonator,impersonator
5735,impersonator,impersonator,impersonator
5736,impersonator,impersonator,impersonator
5737,impersonator,impersonator,impersonator
5738,impersonator,impersonator,impersonator
5739,impersonator,impersonator,impersonator
5740,impersonator,impersonator,impersonator
5741,impersonator,impersonator,impersonator
5742,impersonator,impersonator,impersonator
5743,impersonator,impersonator,impersonator
5744,impersonator,impersonator,impersonator
5745,impersonator,impersonator,impersonator
5746,impersonator,impersonator,impersonator
5747,impersonator,impersonator,impersonator
5748,impersonator,impersonator,impersonator
5749,impersonator,impersonator,impersonator
5750,impersonator,impersonator,impersonator
5751,impersonator,impersonator,impersonator
5752,impersonator,impersonator,impersonator
5753,impersonator,impersonator,impersonator
5754,impersonator,impersonator,impersonator
5755,impersonator,impersonator,impersonator
5756,impersonator,impersonator,impersonator
5757,impersonator,impersonator,impersonator
5758,impersonator,impersonator,impersonator
5759,impersonator,impersonator,match
5760,impersonator,impersonator,impersonator
5761,impersonator,impersonator,impersonator
5762,impersonator,impersonator,impersonator
5763,impersonator,impersonator,impersonator
5764,impersonator,impersonator,impersonator
5765,impersonator,impersonator,impersonator
5766,impersonator,impersonator,impersonator
5767,impersonator,impersonator,impersonator
5768,impersonator,impersonator,impersonator
5769,impersonator,impersonator,impersonator
5770,impersonator,impersonator,impersonator
5771,impersonator,impersonator,impersonator
5772,impersonator,impersonator,impersonator
5773,impersonator,impersonator,impersonator
5774,impersonator,impersonator,impersonator
5775,impersonator,impersonator,impersonator
5776,impersonator,impersonator,impersonator
5777,impersonator,impersonator,impersonator
5778,impersonator,impersonator,impersonator
5779,impersonator,impersonator,impersonator
5780,impersonator,impersonator,impersonator
5781,impersonator,impersonator,impersonator
5782,impersonator,impersonator,impersonator
5783,impersonator,impersonator,impersonator
5784,impersonator,impersonator,impersonator
5785,impersonator,impersonator,impersonator
5786,impersonator,impersonator,impersonator
5787,impersonator,impersonator,impersonator
5788,impersonator,impersonator,impersonator
5789,impersonator,impersonator,impersonator
5790,impersonator,impersonator,impersonator
5791,impersonator,impersonator,impersonator
5792,impersonator,impersonator,impersonator
5793,impersonator,impersonator,impersonator
5794,impersonator,impersonator,impersonator
5795,impersonator,impersonator,impersonator
5796,impersonator,impersonator,impersonator
5797,impersonator,impersonator,impersonator
5798,impersonator,impersonator,impersonator
5799,impersonator,impersonator,impersonator
5800,impersonator,impersonator,impersonator
5801,impersonator,impersonator,impersonator
5802,impersonator,impersonator,impersonator
5803,impersonator,impersonator,impersonator
5804,impersonator,impersonator,impersonator
5805,impersonator,impersonator,impersonator
5806,impersonator,impersonator,impersonator
5807,impersonator,impersonator,impersonator
5808,impersonator,impersonator,impersonator
5809,impersonator,impersonator,impersonator
5810,impersonator,impersonator,impersonator
5811,impersonator,impersonator,impersonator
5812,impersonator,impersonator,impersonator
5813,impersonator,impersonator,impersonator
5814,impersonator,impersonator,impersonator
5815,impersonator,impersonator,impersonator
5816,impersonator,impersonator,impersonator
5817,impersonator,impersonator,impersonator
5818,impersonator,impersonator,impersonator
5819,impersonator,impersonator,impersonator
5820,impersonator,impersonator,impersonator
5821,impersonator,impersonator,impersonator
5822,impersonator,impersonator,impersonator
5823,impersonator,impersonator,impersonator
5824,impersonator,impersonator,impersonator
5825,impersonator,impersonator,impersonator
5826,impersonator,impersonator,impersonator
5827,impersonator,impersonator,impersonator
5828,impersonator,impersonator,impersonator
5829,impersonator,impersonator,impersonator
5830,impersonator,impersonator,impersonator
5831,impersonator,impersonator,impersonator
5832,impersonator,impersonator,impersonator
5833,impersonator,impersonator,impersonator
5834,impersonator,impersonator,impersonator
5835,impersonator,impersonator,impersonator
5836,impersonator,impersonator,impersonator
5837,impersonator,impersonator,impersonator
5838,impersonator,impersonator,impersonator
5839,impersonator,impersonator,impersonator
5840,impersonator,impersonator,impersonator
5841,impersonator,impersonator,impersonator
5842,impersonator,impersonator,impersonator
5843,impersonator,impersonator,impersonator
5844,impersonator,impersonator,impersonator
5845,impersonator,impersonator,impersonator
5846,impersonator,impersonator,impersonator
5847,impersonator,impersonator,impersonator
5848,impersonator,impersonator,impersonator
5849,impersonator,impersonator,impersonator
5850,impersonator,impersonator,impersonator
5851,impersonator,impersonator,impersonator
5852,impersonator,impersonator,impersonator
5853,impersonator,impersonator,impersonator
5854,impersonator,impersonator,impersonator
5855,impersonator,impersonator,impersonator
5856,impersonator,impersonator,impersonator
5857,impersonator,impersonator,impersonator
5858,impersonator,impersonator,impersonator
5859,impersonator,impersonator,impersonator
5860,impersonator,impersonator,impersonator
5861,impersonator,impersonator,impersonator
5862,impersonator,impersonator,impersonator
5863,impersonator,impersonator,impersonator
5864,impersonator,impersonator,impersonator
5865,impersonator,impersonator,impersonator
5866,impersonator,impersonator,impersonator
5867,impersonator,impersonator,impersonator
5868,impersonator,impersonator,impersonator
5869,impersonator,impersonator,impersonator
5870,impersonator,impersonator,impersonator
5871,impersonator,impersonator,impersonator
5872,impersonator,impersonator,impersonator
5873,impersonator,impersonator,impersonator
5874,impersonator,impersonator,impersonator
5875,impersonator,impersonator,impersonator
5876,impersonator,impersonator,impersonator
5877,impersonator,impersonator,impersonator
5878,impersonator,impersonator,impersonator
5879,impersonator,impersonator,impersonator
5880,impersonator,impersonator,impersonator
5881,impersonator,impersonator,impersonator
5882,impersonator,impersonator,impersonator
5883,impersonator,impersonator,impersonator
5884,impersonator,impersonator,impersonator
5885,impersonator,impersonator,impersonator
5886,impersonator,impersonator,impersonator
5887,impersonator,impersonator,impersonator
5888,impersonator,impersonator,impersonator
5889,impersonator,impersonator,impersonator
5890,impersonator,impersonator,impersonator
5891,impersonator,impersonator,impersonator
5892,impersonator,impersonator,impersonator
5893,impersonator,impersonator,impersonator
5894,impersonator,impersonator,impersonator
5895,impersonator,impersonator,impersonator
5896,impersonator,impersonator,impersonator
5897,impersonator,impersonator,impersonator
5898,impersonator,impersonator,impersonator
5899,impersonator,impersonator,impersonator
5900,impersonator,impersonator,impersonator
5901,impersonator,impersonator,impersonator
5902,impersonator,impersonator,impersonator
5903,impersonator,impersonator,impersonator
5904,impersonator,impersonator,impersonator
5905,impersonator,impersonator,impersonator
5906,impersonator,impersonator,impersonator
5907,impersonator,impersonator,impersonator
5908,impersonator,impersonator,impersonator
5909,impersonator,impersonator,impersonator
5910,impersonator,impersonator,impersonator
5911,impersonator,impersonator,impersonator
5912,impersonator,impersonator,impersonator
5913,impersonator,impersonator,impersonator
5914,impersonator,impersonator,impersonator
5915,impersonator,impersonator,impersonator
5916,impersonator,impersonator,impersonator
5917,impersonator,impersonator,impersonator
5918,impersonator,impersonator,impersonator
5919,impersonator,impersonator,impersonator
5920,impersonator,impersonator,impersonator
5921,impersonator,impersonator,impersonator
5922,impersonator,impersonator,impersonator
5923,impersonator,impersonator,impersonator
5924,impersonator,impersonator,impersonator
5925,impersonator,impersonator,impersonator
5926,impersonator,impersonator,impersonator
5927,impersonator,impersonator,match
5928,impersonator,impersonator,impersonator
5929,impersonator,impersonator,impersonator
5930,impersonator,impersonator,impersonator
5931,impersonator,impersonator,impersonator
5932,impersonator,impersonator,impersonator
5933,impersonator,impersonator,impersonator
5934,impersonator,impersonator,impersonator
5935,impersonator,impersonator,impersonator
5936,impersonator,impersonator,impersonator
5937,impersonator,impersonator,impersonator
5938,impersonator,impersonator,impersonator
5939,impersonator,impersonator,impersonator
5940,impersonator,impersonator,impersonator
5941,impersonator,impersonator,impersonator
5942,impersonator,impersonator,impersonator
5943,impersonator,impersonator,impersonator
5944,impersonator,impersonator,impersonator
5945,impersonator,impersonator,impersonator
5946,impersonator,impersonator,impersonator
5947,impersonator,impersonator,impersonator
5948,impersonator,impersonator,impersonator
5949,impersonator,impersonator,impersonator
5950,impersonator,impersonator,impersonator
5951,impersonator,impersonator,impersonator
5952,impersonator,impersonator,impersonator
5953,impersonator,impersonator,impersonator
5954,impersonator,impersonator,impersonator
5955,impersonator,impersonator,impersonator
5956,impersonator,impersonator,impersonator
5957,impersonator,impersonator,impersonator
5958,impersonator,impersonator,impersonator
5959,impersonator,impersonator,impersonator
5960,impersonator,impersonator,impersonator
5961,impersonator,impersonator,impersonator
5962,impersonator,impersonator,impersonator
5963,impersonator,impersonator,impersonator
5964,impersonator,impersonator,impersonator
5965,impersonator,impersonator,impersonator
5966,impersonator,impersonator,impersonator
5967,impersonator,impersonator,impersonator
5968,impersonator,impersonator,impersonator
5969,impersonator,impersonator,impersonator
5970,impersonator,impersonator,impersonator
5971,impersonator,impersonator,impersonator
5972,impersonator,impersonator,impersonator
5973,impersonator,impersonator,impersonator
5974,impersonator,impersonator,impersonator
5975,impersonator,impersonator,impersonator
5976,impersonator,impersonator,impersonator
5977,impersonator,impersonator,impersonator
5978,impersonator,impersonator,impersonator
5979,impersonator,impersonator,impersonator
5980,impersonator,impersonator,impersonator
5981,impersonator,impersonator,impersonator
5982,impersonator,impersonator,impersonator
5983,impersonator,impersonator,impersonator
5984,impersonator,impersonator,impersonator
5985,impersonator,impersonator,impersonator
5986,impersonator,impersonator,impersonator
5987,impersonator,impersonator,impersonator
5988,impersonator,impersonator,impersonator
5989,impersonator,impersonator,impersonator
5990,impersonator,impersonator,impersonator
5991,impersonator,impersonator,impersonator
5992,impersonator,impersonator,impersonator
5993,impersonator,impersonator,impersonator
5994,impersonator,impersonator,impersonator
5995,impersonator,impersonator,impersonator
5996,impersonator,impersonator,impersonator
5997,impersonator,impersonator,impersonator
5998,impersonator,impersonator,impersonator
5999,impersonator,impersonator,impersonator
6000,impersonator,impersonator,impersonator
6001,impersonator,impersonator,impersonator
6002,impersonator,impersonator,impersonator
6003,impersonator,impersonator,impersonator
6004,impersonator,impersonator,impersonator
6005,impersonator,impersonator,impersonator
6006,impersonator,impersonator,impersonator
6007,impersonator,impersonator,impersonator
6008,impersonator,impersonator,impersonator
6009,impersonator,impersonator,impersonator
6010,impersonator,impersonator,impersonator
6011,impersonator,impersonator,impersonator
6012,impersonator,impersonator,impersonator
6013,impersonator,impersonator,impersonator
6014,impersonator,impersonator,impersonator
6015,impersonator,impersonator,impersonator
6016,impersonator,impersonator,impersonator
6017,impersonator,impersonator,impersonator
6018,impersonator,impersonator,impersonator
6019,impersonator,impersonator,impersonator
6020,impersonator,impersonator,impersonator
6021,impersonator,impersonator,impersonator
6022,impersonator,impersonator,impersonator
6023,impersonator,impersonator,impersonator
6024,impersonator,impersonator,impersonator
6025,impersonator,impersonator,impersonator
6026,impersonator,impersonator,impersonator
6027,impersonator,impersonator,impersonator
6028,impersonator,impersonator,impersonator
6029,impersonator,impersonator,impersonator
6030,impersonator,impersonator,impersonator
6031,impersonator,impersonator,impersonator
6032,impersonator,impersonator,impersonator
6033,impersonator,impersonator,impersonator
6034,impersonator,impersonator,impersonator
6035,impersonator,impersonator,impersonator
6036,impersonator,impersonator,impersonator
6037,impersonator,impersonator,impersonator
6038,impersonator,impersonator,impersonator
6039,impersonator,impersonator,impersonator
6040,impersonator,impersonator,impersonator
6041,impersonator,impersonator,impersonator
6042,impersonator,impersonator,impersonator
6043,impersonator,impersonator,impersonator
6044,impersonator,impersonator,impersonator
6045,impersonator,impersonator,impersonator
6046,impersonator,impersonator,impersonator
6047,impersonator,impersonator,impersonator
6048,impersonator,impersonator,impersonator
6049,impersonator,impersonator,impersonator
6050,impersonator,impersonator,impersonator
6051,impersonator,impersonator,impersonator
6052,impersonator,match,impersonator
6053,impersonator,impersonator,impersonator
6054,impersonator,impersonator,impersonator
6055,impersonator,impersonator,impersonator
6056,impersonator,impersonator,impersonator
6057,impersonator,impersonator,impersonator
6058,impersonator,impersonator,impersonator
6059,impersonator,impersonator,impersonator
6060,impersonator,impersonator,impersonator
6061,impersonator,impersonator,impersonator
6062,impersonator,impersonator,impersonator
6063,impersonator,impersonator,impersonator
6064,impersonator,impersonator,impersonator
6065,impersonator,impersonator,impersonator
6066,impersonator,impersonator,impersonator
6067,impersonator,impersonator,impersonator
6068,impersonator,impersonator,impersonator
6069,impersonator,impersonator,impersonator
6070,impersonator,impersonator,impersonator
6071,impersonator,impersonator,impersonator
6072,impersonator,impersonator,impersonator
6073,impersonator,impersonator,impersonator
6074,impersonator,impersonator,impersonator
6075,impersonator,impersonator,impersonator
6076,impersonator,impersonator,impersonator
6077,impersonator,impersonator,impersonator
6078,impersonator,impersonator,impersonator
6079,impersonator,impersonator,impersonator
6080,impersonator,impersonator,impersonator
6081,impersonator,impersonator,impersonator
6082,impersonator,impersonator,impersonator
6083,impersonator,impersonator,impersonator
6084,impersonator,impersonator,impersonator
6085,impersonator,impersonator,impersonator
6086,impersonator,impersonator,impersonator
6087,impersonator,impersonator,impersonator
6088,impersonator,impersonator,impersonator
6089,impersonator,impersonator,impersonator
6090,impersonator,impersonator,impersonator
6091,impersonator,impersonator,impersonator
6092,impersonator,impersonator,impersonator
6093,impersonator,impersonator,impersonator
6094,impersonator,impersonator,impersonator
6095,impersonator,impersonator,impersonator
6096,impersonator,impersonator,impersonator
6097,impersonator,impersonator,impersonator
6098,impersonator,impersonator,impersonator
6099,impersonator,impersonator,impersonator
6100,impersonator,impersonator,impersonator
6101,impersonator,impersonator,impersonator
6102,impersonator,impersonator,impersonator
6103,impersonator,impersonator,impersonator
6104,impersonator,impersonator,impersonator
6105,impersonator,impersonator,impersonator
6106,impersonator,impersonator,impersonator
6107,impersonator,impersonator,impersonator
6108,impersonator,impersonator,impersonator
6109,impersonator,impersonator,impersonator
6110,impersonator,impersonator,impersonator
6111,impersonator,impersonator,impersonator
6112,impersonator,impersonator,impersonator
6113,impersonator,impersonator,impersonator
6114,impersonator,impersonator,impersonator
6115,impersonator,impersonator,impersonator
6116,impersonator,impersonator,impersonator
6117,impersonator,impersonator,impersonator
6118,impersonator,impersonator,impersonator
6119,impersonator,impersonator,impersonator
6120,impersonator,impersonator,impersonator
6121,impersonator,impersonator,impersonator
6122,impersonator,impersonator,impersonator
6123,impersonator,impersonator,impersonator
6124,impersonator,impersonator,impersonator
6125,impersonator,impersonator,impersonator
6126,impersonator,impersonator,impersonator
6127,impersonator,impersonator,impersonator
6128,impersonator,impersonator,impersonator
6129,impersonator,impersonator,impersonator
6130,impersonator,impersonator,impersonator
6131,impersonator,impersonator,impersonator
6132,impersonator,impersonator,impersonator
6133,impersonator,impersonator,impersonator
6134,impersonator,impersonator,impersonator
6135,impersonator,impersonator,impersonator
6136,impersonator,impersonator,impersonator
6137,impersonator,impersonator,impersonator
6138,impersonator,impersonator,impersonator
6139,impersonator,impersonator,impersonator
6140,impersonator,impersonator,impersonator
6141,impersonator,impersonator,impersonator
6142,impersonator,impersonator,impersonator
6143,impersonator,impersonator,impersonator
6144,impersonator,impersonator,impersonator
6145,impersonator,impersonator,impersonator
6146,impersonator,impersonator,impersonator
6147,impersonator,impersonator,impersonator
6148,impersonator,impersonator,impersonator
6149,impersonator,impersonator,impersonator
6150,impersonator,impersonator,impersonator
6151,impersonator,impersonator,impersonator
6152,impersonator,impersonator,impersonator
6153,impersonator,impersonator,impersonator
6154,impersonator,impersonator,impersonator
6155,impersonator,impersonator,impersonator
6156,impersonator,impersonator,impersonator
6157,impersonator,impersonator,impersonator
6158,impersonator,impersonator,impersonator
6159,impersonator,impersonator,impersonator
6160,impersonator,impersonator,impersonator
6161,impersonator,impersonator,impersonator
6162,impersonator,impersonator,impersonator
6163,impersonator,impersonator,impersonator
6164,impersonator,impersonator,impersonator
6165,impersonator,impersonator,impersonator
6166,impersonator,impersonator,impersonator
6167,impersonator,impersonator,impersonator
6168,impersonator,impersonator,impersonator
6169,impersonator,impersonator,impersonator
6170,impersonator,impersonator,impersonator
6171,impersonator,impersonator,impersonator
6172,impersonator,impersonator,impersonator
6173,impersonator,impersonator,impersonator
6174,impersonator,impersonator,impersonator
6175,impersonator,impersonator,impersonator
6176,impersonator,impersonator,impersonator
6177,impersonator,impersonator,impersonator
6178,impersonator,impersonator,impersonator
6179,impersonator,impersonator,impersonator
6180,impersonator,impersonator,impersonator
6181,impersonator,impersonator,impersonator
6182,impersonator,impersonator,impersonator
6183,impersonator,impersonator,impersonator
6184,impersonator,impersonator,impersonator
6185,impersonator,impersonator,impersonator
6186,impersonator,impersonator,impersonator
6187,impersonator,impersonator,impersonator
6188,impersonator,impersonator,impersonator
6189,impersonator,impersonator,impersonator
6190,impersonator,impersonator,impersonator
6191,impersonator,impersonator,impersonator
6192,impersonator,impersonator,impersonator
6193,impersonator,impersonator,impersonator
6194,impersonator,impersonator,impersonator
6195,impersonator,impersonator,impersonator
6196,impersonator,impersonator,impersonator
6197,impersonator,impersonator,impersonator
6198,impersonator,impersonator,impersonator
6199,impersonator,impersonator,impersonator
6200,impersonator,impersonator,impersonator
6201,impersonator,impersonator,impersonator
6202,impersonator,impersonator,impersonator
6203,impersonator,impersonator,impersonator
6204,impersonator,impersonator,impersonator
6205,impersonator,impersonator,impersonator
6206,impersonator,impersonator,impersonator
6207,impersonator,impersonator,impersonator
6208,impersonator,impersonator,impersonator
6209,impersonator,impersonator,impersonator
6210,impersonator,impersonator,impersonator
6211,impersonator,impersonator,impersonator
6212,impersonator,impersonator,impersonator
6213,impersonator,impersonator,impersonator
6214,impersonator,impersonator,impersonator
6215,impersonator,impersonator,impersonator
6216,impersonator,impersonator,impersonator
6217,impersonator,impersonator,impersonator
6218,impersonator,impersonator,impersonator
6219,impersonator,impersonator,impersonator
6220,impersonator,impersonator,impersonator
6221,impersonator,impersonator,impersonator
6222,impersonator,impersonator,impersonator
6223,impersonator,impersonator,impersonator
6224,impersonator,impersonator,impersonator
6225,impersonator,impersonator,impersonator
6226,impersonator,impersonator,impersonator
6227,impersonator,impersonator,impersonator
6228,impersonator,impersonator,impersonator
6229,impersonator,impersonator,impersonator
6230,impersonator,impersonator,match
6231,impersonator,impersonator,impersonator
6232,impersonator,impersonator,impersonator
6233,impersonator,match,match
6234,impersonator,match,match
6235,impersonator,match,match
6236,impersonator,match,match
6237,impersonator,match,match
6238,impersonator,match,match
6239,impersonator,match,match
6240,impersonator,match,match
6241,impersonator,match,match
6242,impersonator,match,match
6243,impersonator,match,match
6244,impersonator,match,match
6245,impersonator,impersonator,match
6246,impersonator,match,match
6247,impersonator,match,match
6248,impersonator,match,match
6249,impersonator,match,match
6250,impersonator,match,match
6251,impersonator,match,match
6252,impersonator,match,match
6253,impersonator,match,match
6254,impersonator,match,match
6255,impersonator,match,match
6256,impersonator,match,match
6257,impersonator,match,match
6258,impersonator,match,match
6259,impersonator,match,match
6260,impersonator,match,match
6261,impersonator,match,match
6262,impersonator,match,match
6263,impersonator,match,match
6264,impersonator,match,match
6265,impersonator,match,match
6266,impersonator,match,match
6267,impersonator,match,match
6268,impersonator,match,match
6269,impersonator,match,match
6270,impersonator,impersonator,match
6271,impersonator,match,match
6272,impersonator,mismatch,match
6273,impersonator,match,match
6274,impersonator,match,match
6275,impersonator,match,match
6276,impersonator,match,match
6277,impersonator,match,match
6278,impersonator,match,match
6279,impersonator,match,match
6280,impersonator,match,match
6281,impersonator,match,match
6282,impersonator,match,match
6283,impersonator,match,match
6284,impersonator,match,match
6285,impersonator,match,match
6286,impersonator,match,match
6287,impersonator,match,match
6288,impersonator,match,match
6289,impersonator,match,match
6290,impersonator,match,match
6291,impersonator,match,match
6292,impersonator,match,match
6293,impersonator,match,match
6294,impersonator,match,match
6295,impersonator,match,match
6296,impersonator,match,match
6297,impersonator,match,match
6298,impersonator,match,match
6299,impersonator,match,match
6300,impersonator,match,match
6301,impersonator,match,match
6302,impersonator,match,match
6303,impersonator,match,match
6304,impersonator,match,match
6305,impersonator,match,match
6306,impersonator,match,match
6307,impersonator,match,match
6308,impersonator,match,match
6309,impersonator,match,match
6310,impersonator,match,match
6311,impersonator,match,match
6312,impersonator,match,match
6313,impersonator,match,match
6314,impersonator,match,match
6315,impersonator,match,match
6316,impersonator,match,match
6317,impersonator,match,match
6318,impersonator,match,match
6319,impersonator,match,match
6320,impersonator,match,impersonator
6321,impersonator,match,match
6322,impersonator,match,match
6323,impersonator,match,match
6324,impersonator,match,match
6325,impersonator,match,match
6326,impersonator,match,match
6327,impersonator,match,match
6328,impersonator,match,match
6329,impersonator,match,match
6330,impersonator,mismatch,match
6331,impersonator,match,match
6332,impersonator,match,match
6333,impersonator,match,match
6334,impersonator,match,match
6335,impersonator,match,match
6336,impersonator,match,match
6337,impersonator,match,match
6338,impersonator,match,match
6339,impersonator,match,match
6340,impersonator,match,match
6341,impersonator,match,match
6342,impersonator,match,match
6343,impersonator,match,match
6344,impersonator,match,match
6345,impersonator,match,match
6346,impersonator,match,match
6347,impersonator,match,match
6348,impersonator,match,match
6349,impersonator,impersonator,match
6350,impersonator,match,match
6351,impersonator,match,match
6352,impersonator,match,match
6353,impersonator,match,match
6354,impersonator,match,match
6355,impersonator,match,match
6356,impersonator,match,match
6357,impersonator,match,match
6358,impersonator,match,match
6359,impersonator,match,match
6360,impersonator,match,match
6361,impersonator,match,match
6362,impersonator,match,match
6363,impersonator,match,match
6364,impersonator,match,match
6365,impersonator,match,match
6366,impersonator,match,match
6367,impersonator,match,match
6368,impersonator,match,match
6369,impersonator,match,match
6370,impersonator,match,match
6371,impersonator,match,match
6372,impersonator,match,match
6373,impersonator,match,match
6374,impersonator,match,match
6375,impersonator,match,match
6376,impersonator,match,match
6377,impersonator,match,match
6378,impersonator,match,match
6379,impersonator,match,match
6380,impersonator,match,match
6381,impersonator,match,match
6382,impersonator,match,match
6383,impersonator,mismatch,match
6384,impersonator,match,match
6385,impersonator,match,match
6386,impersonator,match,match
6387,impersonator,match,match
6388,impersonator,match,match
6389,impersonator,match,match
6390,impersonator,match,match
6391,impersonator,match,match
6392,impersonator,match,match
6393,impersonator,match,match
6394,impersonator,match,match
6395,impersonator,match,match
6396,impersonator,match,match
6397,impersonator,match,match
6398,impersonator,match,match
6399,impersonator,match,match
6400,impersonator,match,match
6401,impersonator,match,match
6402,impersonator,match,match
6403,impersonator,match,match
6404,impersonator,match,match
6405,impersonator,match,match
6406,impersonator,match,match
6407,impersonator,match,match
6408,impersonator,match,match
6409,impersonator,match,match
6410,impersonator,match,match
6411,impersonator,match,match
6412,impersonator,match,match
6413,impersonator,match,match
6414,impersonator,match,match
6415,impersonator,match,match
6416,impersonator,match,match
6417,impersonator,match,impersonator
6418,impersonator,match,match
6419,impersonator,match,match
6420,impersonator,match,match
6421,impersonator,match,match
6422,impersonator,match,match
6423,impersonator,match,match
6424,impersonator,match,match
6425,impersonator,match,match
6426,impersonator,match,match
6427,impersonator,match,match
6428,impersonator,match,match
6429,impersonator,match,match
6430,impersonator,match,match
6431,impersonator,match,match
6432,impersonator,match,match
6433,impersonator,match,match
6434,impersonator,match,match
6435,impersonator,match,match
6436,impersonator,match,match
6437,impersonator,match,match
6438,impersonator,match,match
6439,impersonator,match,match
6440,impersonator,match,match
6441,impersonator,match,match
6442,impersonator,match,match
6443,impersonator,match,match
6444,impersonator,match,match
6445,impersonator,match,match
6446,impersonator,match,match
6447,impersonator,match,match
6448,impersonator,match,match
6449,impersonator,match,match
6450,impersonator,match,match
6451,impersonator,match,match
6452,impersonator,match,match
6453,impersonator,match,match
6454,impersonator,match,match
6455,impersonator,match,match
6456,impersonator,match,match
6457,impersonator,match,match
6458,impersonator,match,match
6459,impersonator,match,match
6460,impersonator,match,match
6461,impersonator,match,match
6462,impersonator,match,match
6463,impersonator,match,match
6464,impersonator,match,match
6465,impersonator,match,match
6466,impersonator,match,match
6467,impersonator,match,match
6468,impersonator,match,match
6469,impersonator,match,match
6470,impersonator,match,match
6471,impersonator,match,match
6472,impersonator,match,match
6473,impersonator,match,match
6474,impersonator,match,match
6475,impersonator,match,match
6476,impersonator,match,match
6477,impersonator,match,match
6478,impersonator,match,match
6479,impersonator,match,match
6480,impersonator,match,match
6481,impersonator,match,match
6482,impersonator,match,match
6483,impersonator,match,match
6484,impersonator,match,match
6485,impersonator,match,match
6486,impersonator,match,match
6487,impersonator,impersonator,impersonator
6488,impersonator,impersonator,impersonator
6489,impersonator,impersonator,impersonator
6490,impersonator,impersonator,impersonator
6491,impersonator,impersonator,impersonator
6492,impersonator,impersonator,impersonator
6493,impersonator,impersonator,impersonator
6494,impersonator,impersonator,impersonator
6495,impersonator,impersonator,impersonator
6496,impersonator,impersonator,impersonator
6497,impersonator,impersonator,impersonator
6498,impersonator,impersonator,impersonator
6499,impersonator,impersonator,impersonator
6500,impersonator,impersonator,impersonator
6501,impersonator,impersonator,impersonator
6502,impersonator,impersonator,impersonator
6503,impersonator,impersonator,impersonator
6504,impersonator,impersonator,impersonator
6505,impersonator,impersonator,impersonator
6506,impersonator,impersonator,impersonator
6507,impersonator,impersonator,impersonator
6508,impersonator,impersonator,impersonator
6509,impersonator,impersonator,impersonator
6510,impersonator,impersonator,impersonator
6511,impersonator,impersonator,impersonator
6512,impersonator,impersonator,impersonator
6513,impersonator,impersonator,impersonator
6514,impersonator,impersonator,impersonator
6515,impersonator,impersonator,impersonator
6516,impersonator,impersonator,impersonator
6517,impersonator,impersonator,impersonator
6518,impersonator,impersonator,impersonator
6519,impersonator,impersonator,impersonator
6520,impersonator,impersonator,impersonator
6521,impersonator,impersonator,impersonator
6522,impersonator,impersonator,impersonator
6523,impersonator,impersonator,impersonator
6524,impersonator,impersonator,impersonator
6525,impersonator,impersonator,impersonator
6526,impersonator,impersonator,impersonator
6527,impersonator,impersonator,impersonator
6528,impersonator,impersonator,impersonator
6529,impersonator,impersonator,impersonator
6530,impersonator,impersonator,impersonator
6531,impersonator,impersonator,impersonator
6532,impersonator,impersonator,impersonator
6533,impersonator,impersonator,impersonator
6534,impersonator,impersonator,impersonator
6535,impersonator,impersonator,impersonator
6536,impersonator,impersonator,impersonator
6537,impersonator,impersonator,impersonator
6538,impersonator,impersonator,impersonator
6539,impersonator,impersonator,impersonator
6540,impersonator,impersonator,impersonator
6541,impersonator,impersonator,impersonator
6542,impersonator,impersonator,impersonator
6543,impersonator,impersonator,impersonator
6544,impersonator,impersonator,impersonator
6545,impersonator,impersonator,impersonator
6546,impersonator,impersonator,impersonator
6547,impersonator,impersonator,impersonator
6548,impersonator,impersonator,impersonator
6549,impersonator,impersonator,impersonator
6550,impersonator,impersonator,impersonator
6551,impersonator,impersonator,impersonator
6552,impersonator,impersonator,impersonator
6553,impersonator,impersonator,impersonator
6554,impersonator,impersonator,impersonator
6555,impersonator,impersonator,impersonator
6556,impersonator,impersonator,impersonator
6557,impersonator,impersonator,impersonator
6558,impersonator,impersonator,impersonator
6559,impersonator,impersonator,impersonator
6560,impersonator,impersonator,impersonator
6561,impersonator,impersonator,impersonator
6562,impersonator,impersonator,impersonator
6563,impersonator,impersonator,impersonator
6564,impersonator,impersonator,impersonator
6565,impersonator,impersonator,impersonator
6566,impersonator,impersonator,impersonator
6567,impersonator,impersonator,impersonator
6568,impersonator,impersonator,impersonator
6569,impersonator,impersonator,impersonator
6570,impersonator,impersonator,impersonator
6571,impersonator,impersonator,impersonator
6572,impersonator,impersonator,impersonator
6573,impersonator,impersonator,impersonator
6574,impersonator,impersonator,impersonator
6575,impersonator,impersonator,impersonator
6576,impersonator,impersonator,impersonator
6577,impersonator,impersonator,impersonator
6578,impersonator,impersonator,impersonator
6579,impersonator,impersonator,impersonator
6580,impersonator,impersonator,impersonator
6581,impersonator,impersonator,impersonator
6582,impersonator,impersonator,impersonator
6583,impersonator,impersonator,impersonator
6584,impersonator,impersonator,impersonator
6585,impersonator,impersonator,impersonator
6586,impersonator,impersonator,impersonator
6587,impersonator,impersonator,impersonator
6588,impersonator,impersonator,impersonator
6589,impersonator,impersonator,impersonator
6590,impersonator,impersonator,impersonator
6591,impersonator,impersonator,impersonator
6592,impersonator,impersonator,impersonator
6593,impersonator,impersonator,impersonator
6594,impersonator,impersonator,impersonator
6595,impersonator,impersonator,impersonator
6596,impersonator,impersonator,impersonator
6597,impersonator,impersonator,impersonator
6598,impersonator,impersonator,impersonator
6599,impersonator,impersonator,impersonator
6600,impersonator,impersonator,impersonator
6601,impersonator,impersonator,impersonator
6602,impersonator,impersonator,impersonator
6603,impersonator,impersonator,impersonator
6604,impersonator,impersonator,impersonator
6605,impersonator,impersonator,impersonator
6606,impersonator,impersonator,impersonator
6607,impersonator,impersonator,impersonator
6608,impersonator,impersonator,impersonator
6609,impersonator,impersonator,impersonator
6610,impersonator,impersonator,impersonator
6611,impersonator,impersonator,impersonator
6612,impersonator,impersonator,impersonator
6613,impersonator,impersonator,impersonator
6614,impersonator,impersonator,impersonator
6615,impersonator,impersonator,impersonator
6616,impersonator,impersonator,impersonator
6617,impersonator,impersonator,impersonator
6618,impersonator,impersonator,impersonator
6619,impersonator,impersonator,impersonator
6620,impersonator,impersonator,impersonator
6621,impersonator,impersonator,impersonator
6622,impersonator,impersonator,impersonator
6623,impersonator,impersonator,impersonator
6624,impersonator,impersonator,impersonator
6625,impersonator,impersonator,impersonator
6626,impersonator,impersonator,impersonator
6627,impersonator,impersonator,impersonator
6628,impersonator,impersonator,impersonator
6629,impersonator,impersonator,impersonator
6630,impersonator,impersonator,impersonator
6631,impersonator,impersonator,impersonator
6632,impersonator,impersonator,impersonator
6633,impersonator,impersonator,impersonator
6634,impersonator,impersonator,impersonator
6635,impersonator,impersonator,impersonator
6636,impersonator,impersonator,impersonator
6637,impersonator,impersonator,impersonator
6638,impersonator,impersonator,impersonator
6639,impersonator,impersonator,impersonator
6640,impersonator,impersonator,impersonator
6641,impersonator,impersonator,impersonator
6642,impersonator,impersonator,impersonator
6643,impersonator,impersonator,impersonator
6644,impersonator,impersonator,impersonator
6645,impersonator,impersonator,impersonator
6646,impersonator,impersonator,impersonator
6647,impersonator,impersonator,impersonator
6648,impersonator,impersonator,impersonator
6649,impersonator,impersonator,impersonator
6650,impersonator,impersonator,impersonator
6651,impersonator,impersonator,impersonator
6652,impersonator,impersonator,impersonator
6653,impersonator,impersonator,impersonator
6654,impersonator,impersonator,impersonator
6655,impersonator,impersonator,impersonator
6656,impersonator,impersonator,impersonator
6657,impersonator,impersonator,impersonator
6658,impersonator,impersonator,impersonator
6659,impersonator,impersonator,impersonator
6660,impersonator,impersonator,impersonator
6661,impersonator,impersonator,impersonator
6662,impersonator,impersonator,impersonator
6663,impersonator,impersonator,impersonator
6664,impersonator,impersonator,impersonator
6665,impersonator,impersonator,impersonator
6666,impersonator,impersonator,impersonator
6667,impersonator,impersonator,impersonator
6668,impersonator,impersonator,impersonator
6669,impersonator,impersonator,impersonator
6670,impersonator,impersonator,impersonator
6671,impersonator,impersonator,impersonator
6672,impersonator,impersonator,impersonator
6673,impersonator,impersonator,impersonator
6674,impersonator,impersonator,impersonator
6675,impersonator,impersonator,impersonator
6676,impersonator,impersonator,impersonator
6677,impersonator,impersonator,impersonator
6678,impersonator,impersonator,impersonator
6679,impersonator,impersonator,impersonator
6680,impersonator,impersonator,impersonator
6681,impersonator,impersonator,impersonator
6682,impersonator,impersonator,impersonator
6683,impersonator,impersonator,mismatch
6684,impersonator,impersonator,impersonator
6685,impersonator,impersonator,impersonator
6686,impersonator,impersonator,impersonator
6687,impersonator,impersonator,impersonator
6688,impersonator,impersonator,impersonator
6689,impersonator,impersonator,impersonator
6690,impersonator,impersonator,impersonator
6691,impersonator,impersonator,impersonator
6692,impersonator,impersonator,impersonator
6693,impersonator,impersonator,impersonator
6694,impersonator,impersonator,impersonator
6695,impersonator,impersonator,impersonator
6696,impersonator,impersonator,impersonator
6697,impersonator,impersonator,impersonator
6698,impersonator,impersonator,impersonator
6699,impersonator,impersonator,impersonator
6700,impersonator,impersonator,impersonator
6701,impersonator,impersonator,impersonator
6702,impersonator,impersonator,impersonator
6703,impersonator,impersonator,impersonator
6704,impersonator,impersonator,impersonator
6705,impersonator,impersonator,impersonator
6706,impersonator,impersonator,impersonator
6707,impersonator,impersonator,impersonator
6708,impersonator,impersonator,impersonator
6709,impersonator,impersonator,impersonator
6710,impersonator,impersonator,impersonator
6711,impersonator,impersonator,impersonator
6712,impersonator,impersonator,impersonator
6713,impersonator,impersonator,impersonator
6714,impersonator,impersonator,impersonator
6715,impersonator,impersonator,impersonator
6716,impersonator,impersonator,impersonator
6717,impersonator,impersonator,impersonator
6718,impersonator,impersonator,impersonator
6719,impersonator,impersonator,impersonator
6720,impersonator,impersonator,impersonator
6721,impersonator,impersonator,impersonator
6722,impersonator,impersonator,impersonator
6723,impersonator,impersonator,impersonator
6724,impersonator,impersonator,impersonator
6725,impersonator,impersonator,impersonator
6726,impersonator,impersonator,impersonator
6727,impersonator,impersonator,mismatch
6728,impersonator,impersonator,impersonator
6729,impersonator,impersonator,impersonator
6730,impersonator,impersonator,impersonator
6731,impersonator,impersonator,impersonator
6732,impersonator,impersonator,impersonator
6733,impersonator,impersonator,impersonator
6734,impersonator,impersonator,impersonator
6735,impersonator,impersonator,impersonator
6736,impersonator,impersonator,impersonator
6737,impersonator,impersonator,impersonator
6738,impersonator,impersonator,impersonator
6739,impersonator,impersonator,impersonator
6740,impersonator,impersonator,impersonator
6741,impersonator,impersonator,impersonator
6742,impersonator,impersonator,impersonator
6743,impersonator,impersonator,impersonator
6744,impersonator,impersonator,impersonator
6745,impersonator,impersonator,impersonator
6746,impersonator,impersonator,impersonator
6747,impersonator,impersonator,impersonator
6748,impersonator,impersonator,impersonator
6749,impersonator,impersonator,impersonator
6750,impersonator,impersonator,impersonator
6751,impersonator,impersonator,impersonator
6752,impersonator,impersonator,impersonator
6753,impersonator,impersonator,impersonator
6754,impersonator,impersonator,impersonator
6755,impersonator,impersonator,impersonator
6756,impersonator,impersonator,impersonator
6757,impersonator,impersonator,impersonator
6758,impersonator,impersonator,impersonator
6759,impersonator,impersonator,impersonator
6760,impersonator,impersonator,impersonator
6761,impersonator,impersonator,impersonator
6762,impersonator,impersonator,impersonator
6763,impersonator,impersonator,impersonator
6764,impersonator,impersonator,impersonator
6765,impersonator,impersonator,impersonator
6766,impersonator,impersonator,impersonator
6767,impersonator,impersonator,impersonator
6768,impersonator,impersonator,impersonator
6769,impersonator,impersonator,impersonator
6770,impersonator,impersonator,impersonator
6771,impersonator,impersonator,impersonator
6772,impersonator,impersonator,impersonator
6773,impersonator,impersonator,impersonator
6774,impersonator,impersonator,impersonator
6775,impersonator,impersonator,impersonator
6776,impersonator,impersonator,impersonator
6777,impersonator,impersonator,impersonator
6778,impersonator,impersonator,impersonator
6779,impersonator,impersonator,impersonator
6780,impersonator,impersonator,impersonator
6781,impersonator,impersonator,impersonator
6782,impersonator,impersonator,impersonator
6783,impersonator,impersonator,impersonator
6784,impersonator,impersonator,impersonator
6785,impersonator,impersonator,impersonator
6786,impersonator,impersonator,impersonator
6787,impersonator,impersonator,impersonator
6788,impersonator,impersonator,impersonator
6789,impersonator,impersonator,impersonator
6790,impersonator,impersonator,impersonator
6791,impersonator,impersonator,impersonator
6792,impersonator,impersonator,impersonator
6793,impersonator,impersonator,impersonator
6794,impersonator,impersonator,impersonator
6795,impersonator,impersonator,impersonator
6796,impersonator,impersonator,impersonator
6797,impersonator,impersonator,impersonator
6798,impersonator,impersonator,impersonator
6799,impersonator,impersonator,impersonator
6800,impersonator,impersonator,impersonator
6801,impersonator,impersonator,impersonator
6802,impersonator,impersonator,impersonator
6803,impersonator,impersonator,impersonator
6804,impersonator,impersonator,impersonator
6805,impersonator,impersonator,impersonator
6806,impersonator,impersonator,impersonator
6807,impersonator,impersonator,impersonator
6808,impersonator,impersonator,impersonator
6809,impersonator,impersonator,impersonator
6810,impersonator,impersonator,impersonator
6811,impersonator,impersonator,impersonator
6812,impersonator,impersonator,impersonator
6813,impersonator,impersonator,impersonator
6814,impersonator,impersonator,impersonator
6815,impersonator,impersonator,impersonator
6816,impersonator,impersonator,impersonator
6817,impersonator,impersonator,impersonator
6818,impersonator,impersonator,impersonator
6819,impersonator,impersonator,impersonator
6820,impersonator,impersonator,impersonator
6821,impersonator,impersonator,impersonator
6822,impersonator,impersonator,impersonator
6823,impersonator,impersonator,impersonator
6824,impersonator,impersonator,impersonator
6825,impersonator,impersonator,impersonator
6826,impersonator,impersonator,impersonator
6827,impersonator,impersonator,impersonator
6828,impersonator,impersonator,match
6829,impersonator,impersonator,impersonator
6830,impersonator,impersonator,impersonator
6831,impersonator,impersonator,impersonator
6832,impersonator,impersonator,impersonator
6833,impersonator,impersonator,match
6834,impersonator,impersonator,impersonator
6835,impersonator,impersonator,impersonator
6836,impersonator,impersonator,impersonator
6837,impersonator,impersonator,impersonator
6838,impersonator,impersonator,impersonator
6839,impersonator,impersonator,impersonator
6840,impersonator,impersonator,impersonator
6841,impersonator,impersonator,match
6842,impersonator,impersonator,impersonator
6843,impersonator,impersonator,impersonator
6844,impersonator,impersonator,impersonator
6845,impersonator,impersonator,mismatch
6846,impersonator,impersonator,impersonator
6847,impersonator,impersonator,impersonator
6848,impersonator,impersonator,impersonator
6849,impersonator,impersonator,impersonator
6850,impersonator,impersonator,impersonator
6851,impersonator,impersonator,impersonator
6852,impersonator,impersonator,impersonator
6853,impersonator,impersonator,impersonator
6854,impersonator,impersonator,impersonator
6855,impersonator,impersonator,impersonator
6856,impersonator,impersonator,impersonator
6857,impersonator,impersonator,impersonator
6858,impersonator,impersonator,impersonator
6859,impersonator,impersonator,impersonator
6860,impersonator,impersonator,match
6861,impersonator,impersonator,impersonator
6862,impersonator,impersonator,impersonator
6863,impersonator,impersonator,impersonator
6864,impersonator,impersonator,impersonator
6865,impersonator,impersonator,match
6866,impersonator,impersonator,impersonator
6867,impersonator,impersonator,impersonator
6868,impersonator,impersonator,impersonator
6869,impersonator,impersonator,impersonator
6870,impersonator,impersonator,impersonator
6871,impersonator,impersonator,impersonator
6872,impersonator,impersonator,impersonator
6873,impersonator,impersonator,impersonator
6874,impersonator,impersonator,impersonator
6875,impersonator,impersonator,impersonator
6876,impersonator,impersonator,impersonator
6877,impersonator,impersonator,impersonator
6878,impersonator,impersonator,impersonator
6879,impersonator,impersonator,impersonator
6880,impersonator,impersonator,impersonator
6881,impersonator,impersonator,impersonator
6882,impersonator,impersonator,impersonator
6883,impersonator,impersonator,impersonator
6884,impersonator,impersonator,impersonator
6885,impersonator,impersonator,impersonator
6886,impersonator,impersonator,impersonator
6887,impersonator,impersonator,impersonator
6888,impersonator,impersonator,impersonator
6889,impersonator,impersonator,impersonator
6890,impersonator,impersonator,impersonator
6891,impersonator,impersonator,impersonator
6892,impersonator,impersonator,impersonator
6893,impersonator,impersonator,impersonator
6894,impersonator,impersonator,match
6895,impersonator,impersonator,impersonator
6896,impersonator,impersonator,impersonator
6897,impersonator,impersonator,impersonator
6898,impersonator,impersonator,impersonator
6899,impersonator,impersonator,impersonator
6900,impersonator,impersonator,impersonator
6901,impersonator,impersonator,impersonator
6902,impersonator,impersonator,impersonator
6903,impersonator,impersonator,impersonator
6904,impersonator,impersonator,mismatch
6905,impersonator,impersonator,impersonator
6906,impersonator,impersonator,impersonator
6907,impersonator,impersonator,impersonator
6908,impersonator,impersonator,impersonator
6909,impersonator,impersonator,impersonator
6910,impersonator,impersonator,impersonator
6911,impersonator,impersonator,impersonator
6912,impersonator,impersonator,impersonator
6913,impersonator,impersonator,impersonator
6914,impersonator,impersonator,mismatch
6915,impersonator,impersonator,impersonator
6916,impersonator,mismatch,impersonator
6917,impersonator,impersonator,impersonator
6918,impersonator,impersonator,impersonator
6919,impersonator,impersonator,impersonator
6920,impersonator,impersonator,impersonator
6921,impersonator,impersonator,impersonator
6922,impersonator,impersonator,impersonator
6923,impersonator,impersonator,impersonator
6924,impersonator,impersonator,impersonator
6925,impersonator,impersonator,impersonator
6926,impersonator,impersonator,impersonator
6927,impersonator,impersonator,impersonator
6928,impersonator,impersonator,impersonator
6929,impersonator,impersonator,impersonator
6930,impersonator,impersonator,impersonator
6931,impersonator,impersonator,impersonator
6932,impersonator,impersonator,impersonator
6933,impersonator,impersonator,impersonator
6934,impersonator,impersonator,impersonator
6935,impersonator,impersonator,mismatch
6936,impersonator,impersonator,impersonator
6937,impersonator,impersonator,impersonator
6938,impersonator,impersonator,impersonator
6939,impersonator,impersonator,impersonator
6940,impersonator,impersonator,impersonator
6941,impersonator,impersonator,impersonator
6942,impersonator,impersonator,impersonator
6943,impersonator,impersonator,impersonator
6944,impersonator,impersonator,impersonator
6945,impersonator,impersonator,impersonator
6946,impersonator,impersonator,impersonator
6947,impersonator,impersonator,impersonator
6948,impersonator,impersonator,impersonator
6949,impersonator,impersonator,impersonator
6950,impersonator,impersonator,mismatch
6951,impersonator,impersonator,impersonator
6952,impersonator,impersonator,impersonator
6953,impersonator,impersonator,impersonator
6954,impersonator,impersonator,impersonator
6955,impersonator,impersonator,impersonator
6956,impersonator,impersonator,impersonator
6957,impersonator,impersonator,impersonator
6958,impersonator,match,impersonator
6959,impersonator,impersonator,impersonator
6960,impersonator,impersonator,impersonator
6961,impersonator,impersonator,impersonator
6962,impersonator,impersonator,impersonator
6963,impersonator,impersonator,impersonator
6964,impersonator,impersonator,impersonator
6965,impersonator,impersonator,impersonator
6966,impersonator,mismatch,impersonator
6967,impersonator,impersonator,impersonator
6968,impersonator,impersonator,impersonator
6969,impersonator,impersonator,impersonator
6970,impersonator,impersonator,impersonator
6971,impersonator,impersonator,impersonator
6972,impersonator,impersonator,impersonator
6973,impersonator,impersonator,impersonator
6974,impersonator,impersonator,impersonator
6975,impersonator,match,impersonator
6976,impersonator,impersonator,impersonator
6977,impersonator,impersonator,impersonator
6978,impersonator,impersonator,impersonator
6979,impersonator,impersonator,impersonator
6980,impersonator,impersonator,impersonator
6981,impersonator,impersonator,impersonator
6982,impersonator,match,impersonator
6983,impersonator,impersonator,impersonator
6984,impersonator,match,impersonator
6985,impersonator,impersonator,mismatch
6986,impersonator,impersonator,impersonator
6987,impersonator,impersonator,impersonator
6988,impersonator,match,impersonator
6989,impersonator,impersonator,impersonator
6990,impersonator,impersonator,impersonator
6991,impersonator,impersonator,impersonator
6992,impersonator,impersonator,impersonator
6993,impersonator,impersonator,impersonator
6994,impersonator,impersonator,impersonator
6995,impersonator,impersonator,impersonator
6996,impersonator,impersonator,impersonator
6997,impersonator,impersonator,impersonator
6998,impersonator,impersonator,impersonator
6999,impersonator,impersonator,impersonator
7000,impersonator,impersonator,impersonator
7001,impersonator,mismatch,impersonator
7002,impersonator,mismatch,impersonator
7003,impersonator,impersonator,impersonator
7004,impersonator,impersonator,impersonator
7005,impersonator,impersonator,impersonator
7006,impersonator,impersonator,impersonator
7007,impersonator,impersonator,impersonator
7008,impersonator,impersonator,impersonator
7009,impersonator,impersonator,impersonator
7010,impersonator,impersonator,impersonator
7011,impersonator,impersonator,impersonator
7012,impersonator,impersonator,impersonator
7013,impersonator,impersonator,impersonator
7014,impersonator,impersonator,match
7015,impersonator,impersonator,match
7016,impersonator,impersonator,impersonator
7017,impersonator,impersonator,impersonator
7018,impersonator,impersonator,impersonator
7019,impersonator,impersonator,impersonator
7020,impersonator,impersonator,impersonator
7021,impersonator,impersonator,impersonator
7022,impersonator,impersonator,impersonator
7023,impersonator,match,impersonator
7024,impersonator,impersonator,impersonator
7025,impersonator,impersonator,impersonator
7026,impersonator,impersonator,impersonator
7027,impersonator,impersonator,impersonator
7028,impersonator,impersonator,impersonator
7029,impersonator,impersonator,mismatch
7030,impersonator,impersonator,impersonator
7031,impersonator,impersonator,impersonator
7032,impersonator,impersonator,impersonator
7033,impersonator,impersonator,impersonator
7034,impersonator,impersonator,impersonator
7035,impersonator,impersonator,impersonator
7036,impersonator,impersonator,impersonator
7037,impersonator,impersonator,impersonator
7038,impersonator,impersonator,impersonator
7039,impersonator,impersonator,impersonator
7040,impersonator,impersonator,impersonator
7041,impersonator,impersonator,impersonator
7042,impersonator,mismatch,impersonator
7043,impersonator,impersonator,impersonator
7044,impersonator,impersonator,impersonator
7045,impersonator,mismatch,impersonator
7046,impersonator,impersonator,impersonator
7047,impersonator,impersonator,impersonator
7048,impersonator,impersonator,impersonator
7049,impersonator,impersonator,impersonator
7050,impersonator,impersonator,mismatch
7051,impersonator,impersonator,impersonator
7052,impersonator,impersonator,impersonator
7053,impersonator,impersonator,impersonator
7054,impersonator,impersonator,mismatch
7055,impersonator,impersonator,impersonator
7056,impersonator,impersonator,impersonator
7057,impersonator,impersonator,impersonator
7058,impersonator,impersonator,impersonator
7059,impersonator,impersonator,impersonator
7060,impersonator,impersonator,impersonator
7061,impersonator,impersonator,impersonator
7062,impersonator,impersonator,impersonator
7063,impersonator,impersonator,impersonator
7064,impersonator,impersonator,impersonator
7065,impersonator,impersonator,impersonator
7066,impersonator,impersonator,impersonator
7067,impersonator,impersonator,impersonator
7068,impersonator,impersonator,impersonator
7069,impersonator,impersonator,impersonator
7070,impersonator,mismatch,impersonator
7071,impersonator,impersonator,impersonator
7072,impersonator,impersonator,impersonator
7073,impersonator,impersonator,impersonator
7074,impersonator,impersonator,impersonator
7075,impersonator,impersonator,impersonator
7076,impersonator,impersonator,impersonator
7077,impersonator,impersonator,impersonator
7078,impersonator,impersonator,impersonator
7079,impersonator,impersonator,impersonator
7080,impersonator,impersonator,impersonator
7081,impersonator,impersonator,impersonator
7082,impersonator,impersonator,impersonator
7083,impersonator,impersonator,impersonator
7084,impersonator,impersonator,impersonator
7085,impersonator,impersonator,mismatch
7086,impersonator,impersonator,impersonator
7087,impersonator,impersonator,impersonator
7088,impersonator,impersonator,impersonator
7089,impersonator,impersonator,impersonator
7090,impersonator,impersonator,impersonator
7091,impersonator,impersonator,impersonator
7092,impersonator,mismatch,impersonator
7093,impersonator,impersonator,impersonator
7094,impersonator,impersonator,impersonator
7095,impersonator,mismatch,impersonator
7096,impersonator,impersonator,impersonator
7097,impersonator,impersonator,impersonator
7098,impersonator,impersonator,mismatch
7099,impersonator,match,impersonator
7100,impersonator,impersonator,impersonator
7101,impersonator,impersonator,impersonator
7102,impersonator,impersonator,impersonator
7103,impersonator,impersonator,impersonator
7104,impersonator,impersonator,impersonator
7105,impersonator,impersonator,impersonator
7106,impersonator,impersonator,impersonator
7107,impersonator,impersonator,impersonator
7108,impersonator,impersonator,impersonator
7109,impersonator,impersonator,impersonator
7110,impersonator,impersonator,impersonator
7111,impersonator,impersonator,impersonator
7112,impersonator,impersonator,impersonator
7113,impersonator,impersonator,impersonator
7114,impersonator,impersonator,impersonator
7115,impersonator,impersonator,impersonator
7116,impersonator,impersonator,impersonator
7117,impersonator,impersonator,impersonator
7118,impersonator,impersonator,impersonator
7119,impersonator,impersonator,impersonator
7120,impersonator,impersonator,impersonator
7121,impersonator,impersonator,impersonator
7122,impersonator,impersonator,impersonator
7123,impersonator,impersonator,impersonator
7124,impersonator,impersonator,mismatch
7125,impersonator,impersonator,impersonator
7126,impersonator,impersonator,impersonator
7127,impersonator,impersonator,impersonator
7128,impersonator,impersonator,impersonator
7129,impersonator,impersonator,mismatch
7130,impersonator,impersonator,impersonator
7131,impersonator,impersonator,impersonator
7132,impersonator,impersonator,impersonator
7133,impersonator,impersonator,impersonator
7134,impersonator,impersonator,impersonator
7135,impersonator,impersonator,impersonator
7136,impersonator,impersonator,impersonator
7137,impersonator,impersonator,impersonator
7138,impersonator,impersonator,impersonator
7139,impersonator,impersonator,impersonator
7140,impersonator,impersonator,impersonator
7141,impersonator,impersonator,impersonator
7142,impersonator,impersonator,impersonator
7143,impersonator,impersonator,impersonator
7144,impersonator,impersonator,impersonator
7145,impersonator,impersonator,impersonator
7146,impersonator,impersonator,mismatch
7147,impersonator,impersonator,impersonator
7148,impersonator,impersonator,impersonator
7149,impersonator,impersonator,impersonator
7150,impersonator,impersonator,impersonator
7151,impersonator,impersonator,impersonator
7152,impersonator,impersonator,impersonator
7153,impersonator,impersonator,impersonator
7154,impersonator,impersonator,impersonator
7155,impersonator,impersonator,impersonator
7156,impersonator,impersonator,impersonator
7157,impersonator,impersonator,impersonator
7158,impersonator,impersonator,impersonator
7159,impersonator,impersonator,impersonator
7160,impersonator,impersonator,impersonator
7161,impersonator,impersonator,impersonator
7162,impersonator,impersonator,impersonator
7163,impersonator,impersonator,impersonator
7164,impersonator,impersonator,impersonator
7165,impersonator,impersonator,impersonator
7166,impersonator,impersonator,impersonator
7167,impersonator,impersonator,impersonator
7168,impersonator,impersonator,impersonator
7169,impersonator,impersonator,impersonator
7170,impersonator,mismatch,impersonator
7171,impersonator,impersonator,impersonator
7172,impersonator,impersonator,impersonator
7173,impersonator,impersonator,impersonator
7174,impersonator,impersonator,impersonator
7175,impersonator,impersonator,impersonator
7176,impersonator,impersonator,mismatch
7177,impersonator,impersonator,impersonator
7178,impersonator,impersonator,impersonator
7179,impersonator,impersonator,impersonator
7180,impersonator,impersonator,impersonator
7181,impersonator,impersonator,impersonator
7182,impersonator,impersonator,impersonator
7183,impersonator,impersonator,impersonator
7184,impersonator,impersonator,impersonator
7185,impersonator,impersonator,impersonator
7186,impersonator,impersonator,impersonator
7187,impersonator,impersonator,impersonator
7188,impersonator,impersonator,impersonator
7189,impersonator,impersonator,impersonator
7190,impersonator,impersonator,match
7191,impersonator,impersonator,impersonator
7192,impersonator,match,match
7193,impersonator,match,match
7194,impersonator,match,match
7195,impersonator,match,match
7196,impersonator,match,match
7197,impersonator,match,match
7198,impersonator,match,mismatch
7199,impersonator,match,match
7200,impersonator,match,match
7201,impersonator,impersonator,match
7202,impersonator,match,match
7203,impersonator,match,match
7204,impersonator,match,match
7205,impersonator,match,match
7206,impersonator,match,match
7207,impersonator,match,match
7208,impersonator,match,match
7209,impersonator,match,match
7210,impersonator,match,match
7211,impersonator,match,match
7212,impersonator,match,match
7213,impersonator,match,match
7214,impersonator,match,match
7215,impersonator,match,match
7216,impersonator,match,match
7217,impersonator,match,match
7218,impersonator,match,match
7219,impersonator,match,match
7220,impersonator,match,match
7221,impersonator,match,impersonator
7222,impersonator,match,match
7223,impersonator,match,match
7224,impersonator,match,match
7225,impersonator,match,match
7226,impersonator,match,match
7227,impersonator,match,match
7228,impersonator,match,match
7229,impersonator,match,match
7230,impersonator,match,match
7231,impersonator,match,match
7232,impersonator,match,match
7233,impersonator,match,match
7234,impersonator,match,match
7235,impersonator,match,match
7236,impersonator,match,match
7237,impersonator,match,match
7238,impersonator,match,match
7239,impersonator,match,match
7240,impersonator,match,match
7241,impersonator,match,match
7242,impersonator,match,match
7243,impersonator,match,match
7244,impersonator,match,match
7245,impersonator,match,impersonator
7246,impersonator,match,match
7247,impersonator,match,match
7248,impersonator,match,match
7249,impersonator,mismatch,match
7250,impersonator,match,match
7251,impersonator,match,match
7252,impersonator,match,match
7253,impersonator,impersonator,match
7254,impersonator,match,impersonator
7255,impersonator,match,match
7256,impersonator,match,match
7257,impersonator,match,match
7258,impersonator,match,match
7259,impersonator,match,match
7260,impersonator,match,match
7261,impersonator,match,match
7262,impersonator,mismatch,match
7263,impersonator,match,match
7264,impersonator,impersonator,match
7265,impersonator,match,match
7266,impersonator,match,match
7267,impersonator,match,match
7268,impersonator,match,match
7269,impersonator,match,match
7270,impersonator,match,match
7271,impersonator,match,match
7272,impersonator,match,match
7273,impersonator,match,match
7274,impersonator,match,match
7275,impersonator,match,match
7276,impersonator,match,match
7277,impersonator,match,match
7278,impersonator,match,match
7279,impersonator,match,match
7280,impersonator,match,match
7281,impersonator,match,match
7282,impersonator,match,match
7283,impersonator,match,match
7284,impersonator,match,match
7285,impersonator,match,match
7286,impersonator,match,match
7287,impersonator,match,match
7288,impersonator,match,match
7289,impersonator,match,match
7290,impersonator,match,impersonator
7291,impersonator,match,match
7292,impersonator,match,match
7293,impersonator,match,match
7294,impersonator,match,match
7295,impersonator,match,match
7296,impersonator,match,match
7297,impersonator,match,match
7298,impersonator,match,match
7299,impersonator,match,impersonator
7300,impersonator,match,match
7301,impersonator,match,match
7302,impersonator,match,match
7303,impersonator,match,match
7304,impersonator,match,match
7305,impersonator,match,match
7306,impersonator,match,match
7307,impersonator,match,match
7308,impersonator,match,match
7309,impersonator,match,match
7310,impersonator,impersonator,match
7311,impersonator,match,match
7312,impersonator,match,match
7313,impersonator,match,match
7314,impersonator,impersonator,match
7315,impersonator,match,match
7316,impersonator,match,match
7317,impersonator,match,match
7318,impersonator,mismatch,match
7319,impersonator,match,mismatch
7320,impersonator,match,match
7321,impersonator,match,impersonator
7322,impersonator,match,match
7323,impersonator,match,match
7324,impersonator,match,match
7325,impersonator,match,match
7326,impersonator,match,impersonator
7327,impersonator,match,match
7328,impersonator,match,match
7329,impersonator,impersonator,match
7330,impersonator,match,match
7331,impersonator,match,match
7332,impersonator,match,match
7333,impersonator,match,match
7334,impersonator,match,match
7335,impersonator,match,match
7336,impersonator,match,match
7337,impersonator,match,match
7338,impersonator,match,match
7339,impersonator,match,match
7340,impersonator,impersonator,match
7341,impersonator,match,match
7342,impersonator,mismatch,match
7343,impersonator,match,mismatch
7344,impersonator,match,match
7345,impersonator,match,match
7346,impersonator,match,match
7347,impersonator,match,match
7348,impersonator,match,match
7349,impersonator,match,match
7350,impersonator,match,match
7351,impersonator,match,match
7352,impersonator,match,match
7353,impersonator,mismatch,match
7354,impersonator,match,match
7355,impersonator,match,match
7356,impersonator,match,match
7357,impersonator,match,match
7358,impersonator,match,match
7359,impersonator,match,match
7360,impersonator,match,match
7361,impersonator,match,match
7362,impersonator,match,match
7363,impersonator,match,match
7364,impersonator,match,match
7365,impersonator,match,match
7366,impersonator,match,match
7367,impersonator,match,match
7368,impersonator,match,mismatch
7369,impersonator,match,match
7370,impersonator,match,match
7371,impersonator,match,match
7372,impersonator,match,match
7373,impersonator,match,match
7374,impersonator,match,match
7375,impersonator,match,match
7376,impersonator,match,match
7377,impersonator,match,match
7378,impersonator,match,match
7379,impersonator,match,match
7380,impersonator,match,match
7381,impersonator,match,match
7382,impersonator,match,match
7383,impersonator,match,match
7384,impersonator,match,match
7385,impersonator,match,match
7386,impersonator,match,match
7387,impersonator,match,match
7388,impersonator,match,match
7389,impersonator,match,match
7390,impersonator,match,match
7391,impersonator,match,match
7392,impersonator,match,match
7393,impersonator,match,match
7394,impersonator,match,match
7395,impersonator,match,match
7396,impersonator,match,match
7397,impersonator,match,impersonator
7398,impersonator,match,match
7399,impersonator,match,match
7400,impersonator,match,match
7401,impersonator,match,match
7402,impersonator,match,match
7403,impersonator,match,impersonator
7404,impersonator,match,match
7405,impersonator,match,match
7406,impersonator,match,match
7407,impersonator,match,match
7408,impersonator,match,match
7409,impersonator,match,match
7410,impersonator,match,match
7411,impersonator,match,match
7412,impersonator,impersonator,match
7413,impersonator,match,match
7414,impersonator,match,match
7415,impersonator,match,match
7416,impersonator,match,impersonator
7417,impersonator,match,match
7418,impersonator,match,match
7419,impersonator,match,mismatch
7420,impersonator,match,match
7421,impersonator,match,match
7422,impersonator,match,match
7423,impersonator,match,match
7424,impersonator,impersonator,impersonator
7425,impersonator,impersonator,impersonator
7426,impersonator,impersonator,impersonator
7427,impersonator,impersonator,impersonator
7428,impersonator,impersonator,impersonator
7429,impersonator,impersonator,impersonator
7430,impersonator,impersonator,impersonator
7431,impersonator,impersonator,impersonator
7432,impersonator,impersonator,impersonator
7433,impersonator,impersonator,impersonator
7434,impersonator,impersonator,impersonator
7435,impersonator,impersonator,impersonator
7436,impersonator,impersonator,impersonator
7437,impersonator,impersonator,impersonator
7438,impersonator,impersonator,impersonator
7439,impersonator,impersonator,impersonator
7440,impersonator,impersonator,impersonator
7441,impersonator,impersonator,impersonator
7442,impersonator,impersonator,impersonator
7443,impersonator,impersonator,impersonator
7444,impersonator,impersonator,impersonator
7445,impersonator,impersonator,impersonator
7446,impersonator,impersonator,impersonator
7447,impersonator,impersonator,impersonator
7448,impersonator,impersonator,impersonator
7449,impersonator,impersonator,impersonator
7450,impersonator,impersonator,impersonator
7451,impersonator,impersonator,impersonator
7452,impersonator,impersonator,impersonator
7453,impersonator,impersonator,impersonator
7454,impersonator,impersonator,impersonator
7455,impersonator,impersonator,impersonator
7456,impersonator,impersonator,impersonator
7457,impersonator,impersonator,impersonator
7458,impersonator,impersonator,impersonator
7459,impersonator,impersonator,impersonator
7460,impersonator,impersonator,impersonator
7461,impersonator,impersonator,impersonator
7462,impersonator,impersonator,impersonator
7463,impersonator,impersonator,impersonator
7464,impersonator,impersonator,impersonator
7465,impersonator,impersonator,impersonator
7466,impersonator,impersonator,impersonator
7467,impersonator,impersonator,impersonator
7468,impersonator,impersonator,impersonator
7469,impersonator,impersonator,impersonator
7470,impersonator,impersonator,impersonator
7471,impersonator,impersonator,impersonator
7472,impersonator,impersonator,impersonator
7473,impersonator,impersonator,impersonator
7474,impersonator,impersonator,impersonator
7475,impersonator,impersonator,impersonator
7476,impersonator,impersonator,impersonator
7477,impersonator,impersonator,impersonator
7478,impersonator,impersonator,impersonator
7479,impersonator,impersonator,impersonator
7480,impersonator,impersonator,impersonator
7481,impersonator,impersonator,impersonator
7482,impersonator,impersonator,impersonator
7483,impersonator,impersonator,impersonator
7484,impersonator,impersonator,impersonator
7485,impersonator,impersonator,impersonator
7486,impersonator,impersonator,impersonator
7487,impersonator,impersonator,impersonator
7488,impersonator,impersonator,impersonator
7489,impersonator,impersonator,impersonator
7490,impersonator,impersonator,impersonator
7491,impersonator,impersonator,impersonator
7492,impersonator,impersonator,impersonator
7493,impersonator,impersonator,impersonator
7494,impersonator,impersonator,impersonator
7495,impersonator,impersonator,impersonator
7496,impersonator,impersonator,impersonator
7497,impersonator,impersonator,impersonator
7498,impersonator,impersonator,impersonator
7499,impersonator,impersonator,impersonator
7500,impersonator,impersonator,impersonator
7501,impersonator,impersonator,impersonator
7502,impersonator,impersonator,impersonator
7503,impersonator,impersonator,impersonator
7504,impersonator,impersonator,impersonator
7505,impersonator,impersonator,impersonator
7506,impersonator,impersonator,impersonator
7507,impersonator,impersonator,impersonator
7508,impersonator,impersonator,impersonator
7509,impersonator,impersonator,impersonator
7510,impersonator,impersonator,impersonator
7511,impersonator,impersonator,impersonator
7512,impersonator,impersonator,impersonator
7513,impersonator,impersonator,impersonator
7514,impersonator,impersonator,impersonator
7515,impersonator,impersonator,impersonator
7516,impersonator,impersonator,impersonator
7517,impersonator,impersonator,impersonator
7518,impersonator,impersonator,impersonator
7519,impersonator,impersonator,impersonator
7520,impersonator,impersonator,impersonator
7521,impersonator,impersonator,impersonator
7522,impersonator,impersonator,impersonator
7523,impersonator,impersonator,impersonator
7524,impersonator,impersonator,impersonator
7525,impersonator,impersonator,impersonator
7526,impersonator,impersonator,impersonator
7527,impersonator,impersonator,impersonator
7528,impersonator,impersonator,impersonator
7529,impersonator,impersonator,impersonator
7530,impersonator,impersonator,impersonator
7531,impersonator,impersonator,impersonator
7532,impersonator,impersonator,impersonator
7533,impersonator,impersonator,impersonator
7534,impersonator,impersonator,impersonator
7535,impersonator,impersonator,impersonator
7536,impersonator,impersonator,impersonator
7537,impersonator,impersonator,impersonator
7538,impersonator,impersonator,impersonator
7539,impersonator,impersonator,impersonator
7540,impersonator,impersonator,impersonator
7541,impersonator,impersonator,impersonator
7542,impersonator,impersonator,impersonator
7543,impersonator,impersonator,impersonator
7544,impersonator,impersonator,impersonator
7545,impersonator,impersonator,impersonator
7546,impersonator,impersonator,impersonator
7547,impersonator,impersonator,impersonator
7548,impersonator,impersonator,impersonator
7549,impersonator,impersonator,impersonator
7550,impersonator,impersonator,impersonator
7551,impersonator,impersonator,impersonator
7552,impersonator,impersonator,impersonator
7553,impersonator,impersonator,impersonator
7554,impersonator,impersonator,impersonator
7555,impersonator,impersonator,impersonator
7556,impersonator,impersonator,impersonator
7557,impersonator,impersonator,impersonator
7558,impersonator,impersonator,impersonator
7559,impersonator,impersonator,impersonator
7560,impersonator,impersonator,impersonator
7561,impersonator,impersonator,impersonator
7562,impersonator,impersonator,impersonator
7563,impersonator,impersonator,impersonator
7564,impersonator,impersonator,impersonator
7565,impersonator,impersonator,impersonator
7566,impersonator,impersonator,impersonator
7567,impersonator,impersonator,impersonator
7568,impersonator,impersonator,impersonator
7569,impersonator,impersonator,impersonator
7570,impersonator,impersonator,impersonator
7571,impersonator,impersonator,impersonator
7572,impersonator,impersonator,impersonator
7573,impersonator,impersonator,impersonator
7574,impersonator,impersonator,impersonator
7575,impersonator,impersonator,impersonator
7576,impersonator,impersonator,impersonator
7577,impersonator,impersonator,impersonator
7578,impersonator,impersonator,impersonator
7579,impersonator,impersonator,impersonator
7580,impersonator,impersonator,impersonator
7581,impersonator,impersonator,impersonator
7582,impersonator,impersonator,impersonator
7583,impersonator,impersonator,impersonator
7584,impersonator,impersonator,impersonator
7585,impersonator,impersonator,impersonator
7586,impersonator,impersonator,impersonator
7587,impersonator,impersonator,impersonator
7588,impersonator,impersonator,impersonator
7589,impersonator,impersonator,impersonator
7590,impersonator,impersonator,impersonator
7591,impersonator,impersonator,impersonator
7592,impersonator,impersonator,impersonator
7593,impersonator,impersonator,impersonator
7594,impersonator,impersonator,impersonator
7595,impersonator,impersonator,impersonator
7596,impersonator,impersonator,impersonator
7597,impersonator,impersonator,mismatch
7598,impersonator,impersonator,impersonator
7599,impersonator,impersonator,impersonator
7600,impersonator,impersonator,impersonator
7601,impersonator,impersonator,impersonator
7602,impersonator,impersonator,impersonator
7603,impersonator,impersonator,impersonator
7604,impersonator,impersonator,impersonator
7605,impersonator,impersonator,impersonator
7606,impersonator,impersonator,impersonator
7607,impersonator,impersonator,impersonator
7608,impersonator,impersonator,impersonator
7609,impersonator,impersonator,impersonator
7610,impersonator,impersonator,impersonator
7611,impersonator,impersonator,impersonator
7612,impersonator,impersonator,impersonator
7613,impersonator,impersonator,impersonator
7614,impersonator,impersonator,impersonator
7615,impersonator,impersonator,impersonator
7616,impersonator,impersonator,impersonator
7617,impersonator,impersonator,impersonator
7618,impersonator,impersonator,impersonator
7619,impersonator,impersonator,impersonator
7620,impersonator,impersonator,impersonator
7621,impersonator,impersonator,impersonator
7622,impersonator,impersonator,impersonator
7623,impersonator,impersonator,impersonator
7624,impersonator,impersonator,impersonator
7625,impersonator,impersonator,impersonator
7626,impersonator,impersonator,impersonator
7627,impersonator,impersonator,impersonator
7628,impersonator,impersonator,impersonator
7629,impersonator,impersonator,impersonator
7630,impersonator,impersonator,impersonator
7631,impersonator,impersonator,impersonator
7632,impersonator,impersonator,impersonator
7633,impersonator,impersonator,impersonator
7634,impersonator,impersonator,impersonator
7635,impersonator,impersonator,impersonator
7636,impersonator,impersonator,impersonator
7637,impersonator,impersonator,impersonator
7638,impersonator,impersonator,impersonator
7639,impersonator,impersonator,impersonator
7640,impersonator,impersonator,impersonator
7641,impersonator,impersonator,impersonator
7642,impersonator,impersonator,impersonator
7643,impersonator,impersonator,impersonator
7644,impersonator,impersonator,impersonator
7645,impersonator,impersonator,impersonator
7646,impersonator,impersonator,impersonator
7647,impersonator,impersonator,impersonator
7648,impersonator,mismatch,impersonator
7649,impersonator,impersonator,mismatch
7650,impersonator,impersonator,impersonator
7651,impersonator,impersonator,mismatch
7652,impersonator,impersonator,impersonator
7653,impersonator,impersonator,impersonator
7654,impersonator,impersonator,impersonator
7655,impersonator,impersonator,impersonator
7656,impersonator,impersonator,impersonator
7657,impersonator,impersonator,impersonator
7658,impersonator,impersonator,impersonator
7659,impersonator,impersonator,impersonator
7660,impersonator,impersonator,impersonator
7661,impersonator,impersonator,impersonator
7662,impersonator,impersonator,impersonator
7663,impersonator,impersonator,impersonator
7664,impersonator,impersonator,impersonator
7665,impersonator,impersonator,impersonator
7666,impersonator,impersonator,impersonator
7667,impersonator,impersonator,impersonator
7668,impersonator,impersonator,impersonator
7669,impersonator,impersonator,mismatch
7670,impersonator,impersonator,impersonator
7671,impersonator,impersonator,impersonator
7672,impersonator,impersonator,impersonator
7673,impersonator,impersonator,impersonator
7674,impersonator,impersonator,impersonator
7675,impersonator,impersonator,impersonator
7676,impersonator,impersonator,match
7677,impersonator,impersonator,impersonator
7678,impersonator,impersonator,impersonator
7679,impersonator,impersonator,impersonator
7680,impersonator,match,impersonator
7681,impersonator,impersonator,impersonator
7682,impersonator,impersonator,impersonator
7683,impersonator,impersonator,impersonator
7684,impersonator,impersonator,impersonator
7685,impersonator,impersonator,impersonator
7686,impersonator,impersonator,impersonator
7687,impersonator,impersonator,impersonator
7688,impersonator,impersonator,impersonator
7689,impersonator,impersonator,impersonator
7690,impersonator,impersonator,impersonator
7691,impersonator,impersonator,impersonator
7692,impersonator,impersonator,impersonator
7693,impersonator,impersonator,impersonator
7694,impersonator,impersonator,mismatch
7695,impersonator,impersonator,impersonator
7696,impersonator,impersonator,impersonator
7697,impersonator,impersonator,match
7698,impersonator,impersonator,impersonator
7699,impersonator,impersonator,impersonator
7700,impersonator,impersonator,impersonator
7701,impersonator,impersonator,impersonator
7702,impersonator,impersonator,impersonator
7703,impersonator,impersonator,impersonator
7704,impersonator,impersonator,impersonator
7705,impersonator,impersonator,impersonator
7706,impersonator,impersonator,impersonator
7707,impersonator,impersonator,impersonator
7708,impersonator,mismatch,impersonator
7709,impersonator,impersonator,impersonator
7710,impersonator,impersonator,impersonator
7711,impersonator,impersonator,impersonator
7712,impersonator,impersonator,impersonator
7713,impersonator,impersonator,impersonator
7714,impersonator,impersonator,impersonator
7715,impersonator,impersonator,impersonator
7716,impersonator,impersonator,impersonator
7717,impersonator,impersonator,impersonator
7718,impersonator,impersonator,impersonator
7719,impersonator,impersonator,impersonator
7720,impersonator,impersonator,impersonator
7721,impersonator,impersonator,impersonator
7722,impersonator,impersonator,impersonator
7723,impersonator,impersonator,impersonator
7724,impersonator,impersonator,impersonator
7725,impersonator,impersonator,impersonator
7726,impersonator,impersonator,impersonator
7727,impersonator,impersonator,impersonator
7728,impersonator,impersonator,impersonator
7729,impersonator,match,impersonator
7730,impersonator,impersonator,impersonator
7731,impersonator,impersonator,impersonator
7732,impersonator,impersonator,mismatch
7733,impersonator,mismatch,impersonator
7734,impersonator,impersonator,impersonator
7735,impersonator,match,impersonator
7736,impersonator,impersonator,impersonator
7737,impersonator,impersonator,impersonator
7738,impersonator,impersonator,impersonator
7739,impersonator,impersonator,impersonator
7740,impersonator,match,impersonator
7741,impersonator,impersonator,impersonator
7742,impersonator,impersonator,impersonator
7743,impersonator,impersonator,impersonator
7744,impersonator,impersonator,impersonator
7745,impersonator,impersonator,impersonator
7746,impersonator,impersonator,impersonator
7747,impersonator,impersonator,mismatch
7748,impersonator,impersonator,impersonator
7749,impersonator,impersonator,impersonator
7750,impersonator,impersonator,mismatch
7751,impersonator,mismatch,impersonator
7752,impersonator,mismatch,impersonator
7753,impersonator,impersonator,impersonator
7754,impersonator,match,impersonator
7755,impersonator,impersonator,impersonator
7756,impersonator,impersonator,impersonator
7757,impersonator,impersonator,impersonator
7758,impersonator,mismatch,impersonator
7759,impersonator,impersonator,impersonator
7760,impersonator,impersonator,impersonator
7761,impersonator,impersonator,impersonator
7762,impersonator,impersonator,impersonator
7763,impersonator,impersonator,impersonator
7764,impersonator,impersonator,impersonator
7765,impersonator,impersonator,impersonator
7766,impersonator,impersonator,impersonator
7767,impersonator,impersonator,impersonator
7768,impersonator,impersonator,impersonator
7769,impersonator,impersonator,impersonator
7770,impersonator,impersonator,match
7771,impersonator,impersonator,mismatch
7772,impersonator,impersonator,impersonator
7773,impersonator,impersonator,impersonator
7774,impersonator,impersonator,impersonator
7775,impersonator,impersonator,impersonator
7776,impersonator,impersonator,impersonator
7777,impersonator,impersonator,impersonator
7778,impersonator,impersonator,impersonator
7779,impersonator,impersonator,impersonator
7780,impersonator,impersonator,impersonator
7781,impersonator,impersonator,impersonator
7782,impersonator,impersonator,impersonator
7783,impersonator,impersonator,impersonator
7784,impersonator,impersonator,impersonator
7785,impersonator,impersonator,impersonator
7786,impersonator,impersonator,impersonator
7787,impersonator,impersonator,impersonator
7788,impersonator,impersonator,impersonator
7789,impersonator,impersonator,impersonator
7790,impersonator,impersonator,impersonator
7791,impersonator,impersonator,impersonator
7792,impersonator,match,impersonator
7793,impersonator,impersonator,mismatch
7794,impersonator,impersonator,impersonator
7795,impersonator,impersonator,impersonator
7796,impersonator,impersonator,impersonator
7797,impersonator,impersonator,impersonator
7798,impersonator,impersonator,impersonator
7799,impersonator,impersonator,impersonator
7800,impersonator,impersonator,impersonator
7801,impersonator,impersonator,impersonator
7802,impersonator,impersonator,mismatch
7803,impersonator,impersonator,impersonator
7804,impersonator,impersonator,mismatch
7805,impersonator,impersonator,impersonator
7806,impersonator,impersonator,impersonator
7807,impersonator,impersonator,impersonator
7808,impersonator,impersonator,impersonator
7809,impersonator,impersonator,impersonator
7810,impersonator,impersonator,impersonator
7811,impersonator,impersonator,impersonator
7812,impersonator,impersonator,impersonator
7813,impersonator,impersonator,impersonator
7814,impersonator,impersonator,impersonator
7815,impersonator,impersonator,impersonator
7816,impersonator,mismatch,impersonator
7817,impersonator,impersonator,impersonator
7818,impersonator,impersonator,impersonator
7819,impersonator,impersonator,impersonator
7820,impersonator,impersonator,impersonator
7821,impersonator,impersonator,impersonator
7822,impersonator,impersonator,impersonator
7823,impersonator,impersonator,mismatch
7824,impersonator,impersonator,impersonator
7825,impersonator,impersonator,impersonator
7826,impersonator,impersonator,impersonator
7827,impersonator,impersonator,impersonator
7828,impersonator,impersonator,impersonator
7829,impersonator,impersonator,impersonator
7830,impersonator,impersonator,impersonator
7831,impersonator,impersonator,impersonator
7832,impersonator,impersonator,impersonator
7833,impersonator,impersonator,impersonator
7834,impersonator,impersonator,impersonator
7835,impersonator,impersonator,impersonator
7836,impersonator,impersonator,mismatch
7837,impersonator,impersonator,impersonator
7838,impersonator,impersonator,impersonator
7839,impersonator,impersonator,impersonator
7840,impersonator,impersonator,impersonator
7841,impersonator,impersonator,impersonator
7842,impersonator,impersonator,impersonator
7843,impersonator,impersonator,impersonator
7844,impersonator,impersonator,impersonator
7845,impersonator,impersonator,match
7846,impersonator,impersonator,impersonator
7847,impersonator,impersonator,impersonator
7848,impersonator,impersonator,match
7849,impersonator,impersonator,impersonator
7850,impersonator,impersonator,impersonator
7851,impersonator,impersonator,impersonator
7852,impersonator,impersonator,impersonator
7853,impersonator,impersonator,impersonator
7854,impersonator,impersonator,impersonator
7855,impersonator,impersonator,impersonator
7856,impersonator,impersonator,impersonator
7857,impersonator,impersonator,impersonator
7858,impersonator,impersonator,impersonator
7859,impersonator,impersonator,impersonator
7860,impersonator,impersonator,impersonator
7861,impersonator,impersonator,impersonator
7862,impersonator,impersonator,impersonator
7863,impersonator,impersonator,impersonator
7864,impersonator,impersonator,impersonator
7865,impersonator,match,impersonator
7866,impersonator,impersonator,impersonator
7867,impersonator,impersonator,impersonator
7868,impersonator,impersonator,impersonator
7869,impersonator,impersonator,impersonator
7870,impersonator,impersonator,impersonator
7871,impersonator,mismatch,impersonator
7872,impersonator,impersonator,impersonator
7873,impersonator,match,impersonator
7874,impersonator,impersonator,impersonator
7875,impersonator,impersonator,impersonator
7876,impersonator,impersonator,impersonator
7877,impersonator,impersonator,impersonator
7878,impersonator,impersonator,impersonator
7879,impersonator,impersonator,impersonator
7880,impersonator,impersonator,impersonator
7881,impersonator,impersonator,impersonator
7882,impersonator,mismatch,impersonator
7883,impersonator,impersonator,impersonator
7884,impersonator,impersonator,impersonator
7885,impersonator,impersonator,impersonator
7886,impersonator,impersonator,impersonator
7887,impersonator,impersonator,impersonator
7888,impersonator,impersonator,impersonator
7889,impersonator,match,impersonator
7890,impersonator,impersonator,impersonator
7891,impersonator,impersonator,impersonator
7892,impersonator,impersonator,impersonator
7893,impersonator,impersonator,impersonator
7894,impersonator,impersonator,impersonator
7895,impersonator,impersonator,impersonator
7896,impersonator,impersonator,impersonator
7897,impersonator,impersonator,impersonator
7898,impersonator,impersonator,impersonator
7899,impersonator,impersonator,impersonator
7900,impersonator,impersonator,impersonator
7901,impersonator,impersonator,impersonator
7902,impersonator,impersonator,impersonator
7903,impersonator,impersonator,mismatch
7904,impersonator,match,impersonator
7905,impersonator,impersonator,impersonator
7906,impersonator,impersonator,impersonator
7907,impersonator,impersonator,mismatch
7908,impersonator,impersonator,impersonator
7909,impersonator,impersonator,impersonator
7910,impersonator,impersonator,impersonator
7911,impersonator,impersonator,impersonator
7912,impersonator,impersonator,impersonator
7913,impersonator,impersonator,impersonator
7914,impersonator,mismatch,impersonator
7915,impersonator,match,impersonator
7916,impersonator,impersonator,impersonator
7917,impersonator,mismatch,impersonator
7918,impersonator,impersonator,impersonator
7919,impersonator,impersonator,impersonator
7920,impersonator,impersonator,match
7921,impersonator,impersonator,impersonator
7922,impersonator,impersonator,impersonator
7923,impersonator,impersonator,impersonator
7924,impersonator,mismatch,impersonator
7925,impersonator,impersonator,impersonator
7926,impersonator,impersonator,impersonator
7927,impersonator,impersonator,impersonator
7928,impersonator,match,match
7929,impersonator,mismatch,impersonator
7930,impersonator,impersonator,mismatch
7931,impersonator,impersonator,impersonator
7932,impersonator,impersonator,impersonator
7933,impersonator,impersonator,impersonator
7934,impersonator,impersonator,impersonator
7935,impersonator,match,mismatch
7936,impersonator,impersonator,impersonator
7937,impersonator,impersonator,impersonator
7938,impersonator,impersonator,mismatch
7939,impersonator,impersonator,impersonator
7940,impersonator,impersonator,match
7941,impersonator,impersonator,mismatch
7942,impersonator,impersonator,impersonator
7943,impersonator,impersonator,impersonator
7944,impersonator,impersonator,impersonator
7945,impersonator,impersonator,impersonator
7946,impersonator,impersonator,impersonator
7947,impersonator,impersonator,impersonator
7948,impersonator,impersonator,impersonator
7949,impersonator,impersonator,impersonator
7950,impersonator,impersonator,mismatch
7951,impersonator,impersonator,mismatch
7952,impersonator,mismatch,impersonator
7953,impersonator,mismatch,match
7954,impersonator,impersonator,impersonator
7955,impersonator,impersonator,impersonator
7956,impersonator,impersonator,impersonator
7957,impersonator,match,impersonator
7958,impersonator,impersonator,impersonator
7959,impersonator,impersonator,impersonator
7960,impersonator,impersonator,impersonator
7961,impersonator,impersonator,impersonator
7962,impersonator,impersonator,impersonator
7963,impersonator,impersonator,impersonator
7964,impersonator,impersonator,impersonator
7965,impersonator,impersonator,impersonator
7966,impersonator,impersonator,impersonator
7967,impersonator,impersonator,impersonator
7968,impersonator,impersonator,impersonator
7969,impersonator,match,impersonator
7970,impersonator,impersonator,impersonator
7971,impersonator,impersonator,impersonator
7972,impersonator,impersonator,impersonator
7973,impersonator,match,mismatch
7974,impersonator,impersonator,impersonator
7975,impersonator,impersonator,match
7976,impersonator,match,impersonator
7977,impersonator,impersonator,impersonator
7978,impersonator,mismatch,match
7979,impersonator,impersonator,impersonator
7980,impersonator,impersonator,impersonator
7981,impersonator,impersonator,impersonator
7982,impersonator,impersonator,impersonator
7983,impersonator,impersonator,impersonator
7984,impersonator,impersonator,impersonator
7985,impersonator,impersonator,impersonator
7986,impersonator,impersonator,impersonator
7987,impersonator,mismatch,mismatch
7988,impersonator,impersonator,impersonator
7989,impersonator,mismatch,impersonator
7990,impersonator,impersonator,impersonator
7991,impersonator,impersonator,impersonator
7992,impersonator,impersonator,impersonator
7993,impersonator,impersonator,impersonator
7994,impersonator,impersonator,impersonator
7995,impersonator,impersonator,impersonator
7996,impersonator,impersonator,impersonator
7997,impersonator,match,impersonator
7998,impersonator,impersonator,impersonator
7999,impersonator,impersonator,impersonator
8000,impersonator,impersonator,impersonator
8001,impersonator,impersonator,impersonator
8002,impersonator,impersonator,impersonator
8003,impersonator,impersonator,impersonator
8004,impersonator,impersonator,impersonator
8005,impersonator,impersonator,impersonator
8006,impersonator,impersonator,impersonator
8007,impersonator,impersonator,impersonator
8008,impersonator,impersonator,impersonator
8009,impersonator,match,impersonator
8010,impersonator,impersonator,impersonator
8011,impersonator,mismatch,match
8012,impersonator,match,impersonator
8013,impersonator,mismatch,impersonator
8014,impersonator,impersonator,impersonator
8015,impersonator,impersonator,impersonator
8016,impersonator,impersonator,impersonator
8017,impersonator,match,impersonator
8018,impersonator,impersonator,impersonator
8019,impersonator,impersonator,impersonator
8020,impersonator,impersonator,impersonator
8021,impersonator,impersonator,impersonator
8022,impersonator,match,impersonator
8023,impersonator,mismatch,impersonator
8024,impersonator,impersonator,impersonator
8025,impersonator,impersonator,impersonator
8026,impersonator,impersonator,impersonator
8027,impersonator,impersonator,impersonator
8028,impersonator,impersonator,match
8029,impersonator,impersonator,impersonator
8030,impersonator,impersonator,mismatch
8031,impersonator,impersonator,impersonator
8032,impersonator,impersonator,match
8033,impersonator,impersonator,impersonator
8034,impersonator,impersonator,impersonator
8035,impersonator,impersonator,impersonator
8036,impersonator,impersonator,mismatch
8037,impersonator,impersonator,impersonator
8038,impersonator,impersonator,impersonator
8039,impersonator,match,impersonator
8040,impersonator,impersonator,mismatch
8041,impersonator,impersonator,impersonator
8042,impersonator,impersonator,impersonator
8043,impersonator,impersonator,impersonator
8044,impersonator,impersonator,match
8045,impersonator,impersonator,impersonator
8046,impersonator,match,match
8047,impersonator,impersonator,impersonator
8048,impersonator,impersonator,impersonator
8049,impersonator,match,impersonator
8050,impersonator,impersonator,impersonator
8051,impersonator,impersonator,impersonator
8052,impersonator,impersonator,mismatch
8053,impersonator,impersonator,match
8054,impersonator,match,impersonator
8055,impersonator,impersonator,impersonator
8056,impersonator,impersonator,mismatch
8057,impersonator,mismatch,impersonator
8058,impersonator,impersonator,impersonator
8059,impersonator,impersonator,impersonator
8060,impersonator,match,match
8061,impersonator,match,match
8062,impersonator,match,match
8063,impersonator,match,match
8064,impersonator,match,match
8065,impersonator,match,match
8066,impersonator,match,match
8067,impersonator,match,match
8068,impersonator,match,match
8069,impersonator,match,match
8070,impersonator,match,match
8071,impersonator,match,match
8072,impersonator,impersonator,match
8073,impersonator,match,match
8074,impersonator,match,match
8075,impersonator,match,match
8076,impersonator,match,match
8077,impersonator,match,match
8078,impersonator,match,match
8079,impersonator,impersonator,match
8080,impersonator,match,match
8081,impersonator,match,match
8082,impersonator,match,match
8083,impersonator,match,match
8084,impersonator,match,match
8085,impersonator,match,match
8086,impersonator,mismatch,match
8087,impersonator,match,match
8088,impersonator,match,match
8089,impersonator,match,match
8090,impersonator,match,match
8091,impersonator,match,match
8092,impersonator,match,match
8093,impersonator,match,match
8094,impersonator,match,match
8095,impersonator,match,match
8096,impersonator,match,match
8097,impersonator,match,match
8098,impersonator,match,match
8099,impersonator,match,match
8100,impersonator,match,match
8101,impersonator,match,match
8102,impersonator,match,match
8103,impersonator,match,match
8104,impersonator,match,match
8105,impersonator,match,match
8106,impersonator,match,match
8107,impersonator,match,match
8108,impersonator,match,match
8109,impersonator,match,match
8110,impersonator,match,match
8111,impersonator,match,match
8112,impersonator,match,match
8113,impersonator,match,match
8114,impersonator,match,match
8115,impersonator,match,match
8116,impersonator,match,match
8117,impersonator,match,match
8118,impersonator,match,match
8119,impersonator,match,match
8120,impersonator,match,match
8121,impersonator,match,match
8122,impersonator,match,match
8123,impersonator,match,match
8124,impersonator,match,match
8125,impersonator,match,match
8126,impersonator,match,match
8127,impersonator,match,match
8128,impersonator,match,match
8129,impersonator,match,match
8130,impersonator,match,match
8131,impersonator,match,match
8132,impersonator,match,match
8133,impersonator,match,match
8134,impersonator,match,match
8135,impersonator,match,match
8136,impersonator,match,impersonator
8137,impersonator,match,match
8138,impersonator,match,match
8139,impersonator,match,match
8140,impersonator,match,match
8141,impersonator,match,match
8142,impersonator,match,match
8143,impersonator,match,match
8144,impersonator,match,match
8145,impersonator,match,match
8146,impersonator,match,match
8147,impersonator,match,match
8148,impersonator,match,match
8149,impersonator,match,match
8150,impersonator,match,match
8151,impersonator,match,match
8152,impersonator,match,match
8153,impersonator,match,match
8154,impersonator,match,match
8155,impersonator,match,match
8156,impersonator,match,match
8157,impersonator,match,match
8158,impersonator,match,match
8159,impersonator,match,match
8160,impersonator,match,match
8161,impersonator,match,match
8162,impersonator,match,match
8163,impersonator,match,match
8164,impersonator,match,match
8165,impersonator,match,match
8166,impersonator,match,match
8167,impersonator,match,match
8168,impersonator,match,match
8169,impersonator,match,match
8170,impersonator,match,match
8171,impersonator,match,match
8172,impersonator,match,match
8173,impersonator,impersonator,match
8174,impersonator,match,match
8175,impersonator,match,match
8176,impersonator,match,match
8177,impersonator,match,match
8178,impersonator,match,match
8179,impersonator,match,match
8180,impersonator,match,match
8181,impersonator,match,match
8182,impersonator,match,match
8183,impersonator,match,match
8184,impersonator,match,match
8185,impersonator,match,match
8186,impersonator,match,match
8187,impersonator,match,match
8188,impersonator,match,match
8189,impersonator,match,match
8190,impersonator,match,match
8191,impersonator,match,match
8192,impersonator,match,match
8193,impersonator,match,match
8194,impersonator,match,match
8195,impersonator,match,match
8196,impersonator,match,match
8197,impersonator,match,impersonator
8198,impersonator,match,match
8199,impersonator,match,match
8200,impersonator,match,match
8201,impersonator,match,mismatch
8202,impersonator,match,match
8203,impersonator,match,match
8204,impersonator,match,match
8205,impersonator,match,match
8206,impersonator,match,match
8207,impersonator,match,match
8208,impersonator,match,match
8209,impersonator,match,match
8210,impersonator,match,match
8211,impersonator,match,match
8212,impersonator,match,match
8213,impersonator,match,match
8214,impersonator,match,match
8215,impersonator,match,match
8216,impersonator,match,match
8217,impersonator,match,match
8218,impersonator,match,match
8219,impersonator,match,match
8220,impersonator,match,match
8221,impersonator,match,match
8222,impersonator,match,match
8223,impersonator,match,match
8224,impersonator,impersonator,match
8225,impersonator,match,match
8226,impersonator,match,match
8227,impersonator,match,match
8228,impersonator,impersonator,match
8229,impersonator,match,match
8230,impersonator,match,match
8231,impersonator,match,match
8232,impersonator,match,match
8233,impersonator,match,match
8234,impersonator,match,match
8235,impersonator,match,match
8236,impersonator,match,match
8237,impersonator,match,match
8238,impersonator,match,match
8239,impersonator,match,match
8240,impersonator,match,match
8241,impersonator,match,match
8242,impersonator,match,match
8243,impersonator,match,match
8244,impersonator,match,match
8245,impersonator,match,match
8246,impersonator,match,match
8247,impersonator,match,match
8248,impersonator,impersonator,match
8249,impersonator,match,match
8250,impersonator,match,match
8251,impersonator,match,match
8252,impersonator,match,match
8253,impersonator,match,match
8254,impersonator,match,match
8255,impersonator,match,match
8256,impersonator,match,match
8257,impersonator,match,match
8258,impersonator,match,match
8259,impersonator,match,match
8260,impersonator,match,match
8261,impersonator,match,match
8262,impersonator,match,match
8263,impersonator,match,match
8264,impersonator,match,match
8265,impersonator,match,match
8266,impersonator,match,match
8267,impersonator,match,match
8268,impersonator,match,match
8269,impersonator,match,match
8270,impersonator,match,match
8271,impersonator,match,match
8272,impersonator,match,match
8273,impersonator,match,match
8274,impersonator,match,match
8275,impersonator,match,match
8276,impersonator,match,match
8277,impersonator,match,match
8278,impersonator,match,match
8279,impersonator,match,match
8280,impersonator,match,match
8281,impersonator,match,match
8282,impersonator,match,match
8283,impersonator,match,match
8284,impersonator,match,match
8285,impersonator,match,match
8286,impersonator,match,match
8287,impersonator,match,match
8288,impersonator,match,match
8289,impersonator,match,match
8290,impersonator,impersonator,match
8291,impersonator,match,match
8292,impersonator,match,match
8293,impersonator,match,match
8294,impersonator,match,match
8295,impersonator,match,match
8296,impersonator,match,match
8297,impersonator,match,match
8298,impersonator,match,match
8299,impersonator,match,match
8300,impersonator,match,match
8301,impersonator,match,mismatch
8302,impersonator,mismatch,match
8303,impersonator,match,match
8304,impersonator,match,match
8305,impersonator,match,match
8306,impersonator,match,match
8307,impersonator,match,match
8308,impersonator,match,match
8309,impersonator,match,match
8310,impersonator,match,match
8311,impersonator,match,match
8312,impersonator,match,match
8313,impersonator,impersonator,impersonator
8314,impersonator,impersonator,impersonator
8315,impersonator,impersonator,impersonator
8316,impersonator,impersonator,impersonator
8317,impersonator,impersonator,impersonator
8318,impersonator,impersonator,impersonator
8319,impersonator,impersonator,impersonator
8320,impersonator,impersonator,impersonator
8321,impersonator,impersonator,impersonator
8322,impersonator,impersonator,impersonator
8323,impersonator,impersonator,impersonator
8324,impersonator,impersonator,impersonator
8325,impersonator,impersonator,impersonator
8326,impersonator,impersonator,impersonator
8327,impersonator,impersonator,impersonator
8328,impersonator,impersonator,impersonator
8329,impersonator,impersonator,impersonator
8330,impersonator,impersonator,impersonator
8331,impersonator,impersonator,impersonator
8332,impersonator,impersonator,impersonator
8333,impersonator,impersonator,impersonator
8334,impersonator,impersonator,impersonator
8335,impersonator,impersonator,impersonator
8336,impersonator,impersonator,impersonator
8337,impersonator,impersonator,impersonator
8338,impersonator,impersonator,impersonator
8339,impersonator,impersonator,impersonator
8340,impersonator,impersonator,impersonator
8341,impersonator,impersonator,impersonator
8342,impersonator,impersonator,impersonator
8343,impersonator,impersonator,impersonator
8344,impersonator,impersonator,impersonator
8345,impersonator,impersonator,impersonator
8346,impersonator,impersonator,impersonator
8347,impersonator,impersonator,impersonator
8348,impersonator,impersonator,impersonator
8349,impersonator,impersonator,impersonator
8350,impersonator,impersonator,impersonator
8351,impersonator,impersonator,impersonator
8352,impersonator,impersonator,impersonator
8353,impersonator,impersonator,impersonator
8354,impersonator,impersonator,impersonator
8355,impersonator,impersonator,impersonator
8356,impersonator,impersonator,impersonator
8357,impersonator,impersonator,impersonator
8358,impersonator,impersonator,impersonator
8359,impersonator,impersonator,impersonator
8360,impersonator,impersonator,impersonator
8361,impersonator,impersonator,impersonator
8362,impersonator,impersonator,impersonator
8363,impersonator,impersonator,impersonator
8364,impersonator,impersonator,impersonator
8365,impersonator,impersonator,impersonator
8366,impersonator,impersonator,impersonator
8367,impersonator,impersonator,impersonator
8368,impersonator,impersonator,impersonator
8369,impersonator,impersonator,impersonator
8370,impersonator,impersonator,impersonator
8371,impersonator,impersonator,impersonator
8372,impersonator,impersonator,impersonator
8373,impersonator,impersonator,impersonator
8374,impersonator,impersonator,impersonator
8375,impersonator,impersonator,impersonator
8376,impersonator,impersonator,impersonator
8377,impersonator,impersonator,impersonator
8378,impersonator,impersonator,impersonator
8379,impersonator,impersonator,impersonator
8380,impersonator,impersonator,impersonator
8381,impersonator,impersonator,impersonator
8382,impersonator,impersonator,impersonator
8383,impersonator,impersonator,impersonator
8384,impersonator,impersonator,impersonator
8385,impersonator,impersonator,impersonator
8386,impersonator,impersonator,impersonator
8387,impersonator,impersonator,impersonator
8388,impersonator,impersonator,impersonator
8389,impersonator,impersonator,impersonator
8390,impersonator,impersonator,impersonator
8391,impersonator,impersonator,impersonator
8392,impersonator,impersonator,impersonator
8393,impersonator,impersonator,impersonator
8394,impersonator,impersonator,impersonator
8395,impersonator,impersonator,impersonator
8396,impersonator,impersonator,impersonator
8397,impersonator,impersonator,impersonator
8398,impersonator,impersonator,impersonator
8399,impersonator,impersonator,impersonator
8400,impersonator,impersonator,impersonator
8401,impersonator,impersonator,impersonator
8402,impersonator,impersonator,impersonator
8403,impersonator,impersonator,impersonator
8404,impersonator,impersonator,impersonator
8405,impersonator,impersonator,impersonator
8406,impersonator,impersonator,impersonator
8407,impersonator,impersonator,impersonator
8408,impersonator,impersonator,impersonator
8409,impersonator,impersonator,impersonator
8410,impersonator,impersonator,impersonator
8411,impersonator,impersonator,impersonator
8412,impersonator,impersonator,impersonator
8413,impersonator,impersonator,impersonator
8414,impersonator,impersonator,impersonator
8415,impersonator,impersonator,impersonator
8416,impersonator,impersonator,impersonator
8417,impersonator,impersonator,impersonator
8418,impersonator,impersonator,impersonator
8419,impersonator,impersonator,impersonator
8420,impersonator,impersonator,impersonator
8421,impersonator,impersonator,impersonator
8422,impersonator,impersonator,impersonator
8423,impersonator,impersonator,impersonator
8424,impersonator,impersonator,impersonator
8425,impersonator,impersonator,impersonator
8426,impersonator,impersonator,impersonator
8427,impersonator,impersonator,impersonator
8428,impersonator,impersonator,impersonator
8429,impersonator,impersonator,impersonator
8430,impersonator,impersonator,impersonator
8431,impersonator,impersonator,impersonator
8432,impersonator,impersonator,impersonator
8433,impersonator,impersonator,impersonator
8434,impersonator,impersonator,impersonator
8435,impersonator,impersonator,impersonator
8436,impersonator,impersonator,impersonator
8437,impersonator,impersonator,impersonator
8438,impersonator,impersonator,impersonator
8439,impersonator,impersonator,impersonator
8440,impersonator,impersonator,impersonator
8441,impersonator,impersonator,impersonator
8442,impersonator,impersonator,impersonator
8443,impersonator,impersonator,impersonator
8444,impersonator,impersonator,impersonator
8445,impersonator,impersonator,impersonator
8446,impersonator,impersonator,impersonator
8447,impersonator,impersonator,impersonator
8448,impersonator,impersonator,impersonator
8449,impersonator,impersonator,impersonator
8450,impersonator,impersonator,impersonator
8451,impersonator,impersonator,impersonator
8452,impersonator,impersonator,impersonator
8453,impersonator,impersonator,impersonator
8454,impersonator,impersonator,impersonator
8455,impersonator,impersonator,impersonator
8456,impersonator,impersonator,impersonator
8457,impersonator,impersonator,impersonator
8458,impersonator,impersonator,impersonator
8459,impersonator,impersonator,impersonator
8460,impersonator,impersonator,impersonator
8461,impersonator,impersonator,impersonator
8462,impersonator,impersonator,impersonator
8463,impersonator,impersonator,impersonator
8464,impersonator,impersonator,impersonator
8465,impersonator,impersonator,impersonator
8466,impersonator,impersonator,impersonator
8467,impersonator,impersonator,impersonator
8468,impersonator,impersonator,impersonator
8469,impersonator,impersonator,impersonator
8470,impersonator,impersonator,impersonator
8471,impersonator,impersonator,impersonator
8472,impersonator,impersonator,impersonator
8473,impersonator,impersonator,impersonator
8474,impersonator,impersonator,impersonator
8475,impersonator,impersonator,impersonator
8476,impersonator,impersonator,impersonator
8477,impersonator,impersonator,impersonator
8478,impersonator,impersonator,impersonator
8479,impersonator,impersonator,impersonator
8480,impersonator,impersonator,impersonator
8481,impersonator,impersonator,impersonator
8482,impersonator,impersonator,impersonator
8483,impersonator,impersonator,mismatch
8484,impersonator,impersonator,impersonator
8485,impersonator,impersonator,impersonator
8486,impersonator,impersonator,impersonator
8487,impersonator,impersonator,impersonator
8488,impersonator,impersonator,impersonator
8489,impersonator,impersonator,impersonator
8490,impersonator,impersonator,impersonator
8491,impersonator,impersonator,impersonator
8492,impersonator,impersonator,impersonator
8493,impersonator,impersonator,impersonator
8494,impersonator,impersonator,impersonator
8495,impersonator,impersonator,impersonator
8496,impersonator,impersonator,impersonator
8497,impersonator,impersonator,impersonator
8498,impersonator,impersonator,impersonator
8499,impersonator,impersonator,impersonator
8500,impersonator,impersonator,impersonator
8501,impersonator,impersonator,impersonator
8502,impersonator,impersonator,impersonator
8503,impersonator,impersonator,impersonator
8504,impersonator,impersonator,impersonator
8505,impersonator,impersonator,impersonator
8506,impersonator,impersonator,impersonator
8507,impersonator,impersonator,impersonator
8508,impersonator,impersonator,impersonator
8509,impersonator,impersonator,impersonator
8510,impersonator,impersonator,impersonator
8511,impersonator,impersonator,impersonator
8512,impersonator,impersonator,impersonator
8513,impersonator,impersonator,impersonator
8514,impersonator,impersonator,impersonator
8515,impersonator,impersonator,impersonator
8516,impersonator,impersonator,impersonator
8517,impersonator,impersonator,impersonator
8518,impersonator,impersonator,impersonator
8519,impersonator,impersonator,impersonator
8520,impersonator,impersonator,impersonator
8521,impersonator,impersonator,impersonator
8522,impersonator,impersonator,impersonator
8523,impersonator,impersonator,impersonator
8524,impersonator,impersonator,impersonator
8525,impersonator,impersonator,impersonator
8526,impersonator,impersonator,impersonator
8527,impersonator,impersonator,impersonator
8528,impersonator,impersonator,impersonator
8529,impersonator,impersonator,impersonator
8530,impersonator,impersonator,impersonator
8531,impersonator,impersonator,impersonator
8532,impersonator,impersonator,impersonator
8533,impersonator,impersonator,impersonator
8534,impersonator,impersonator,impersonator
8535,impersonator,impersonator,impersonator
8536,impersonator,impersonator,impersonator
8537,impersonator,impersonator,impersonator
8538,impersonator,impersonator,impersonator
8539,impersonator,impersonator,impersonator
8540,impersonator,impersonator,impersonator
8541,impersonator,impersonator,impersonator
8542,impersonator,impersonator,impersonator
8543,impersonator,impersonator,impersonator
8544,impersonator,impersonator,impersonator
8545,impersonator,impersonator,impersonator
8546,impersonator,impersonator,impersonator
8547,impersonator,impersonator,impersonator
8548,impersonator,impersonator,impersonator
8549,impersonator,impersonator,impersonator
8550,impersonator,impersonator,impersonator
8551,impersonator,impersonator,impersonator
8552,impersonator,impersonator,impersonator
8553,impersonator,impersonator,impersonator
8554,impersonator,impersonator,impersonator
8555,impersonator,impersonator,impersonator
8556,impersonator,impersonator,impersonator
8557,impersonator,impersonator,impersonator
8558,impersonator,impersonator,impersonator
8559,impersonator,impersonator,impersonator
8560,impersonator,impersonator,impersonator
8561,impersonator,impersonator,impersonator
8562,impersonator,impersonator,impersonator
8563,impersonator,impersonator,impersonator
8564,impersonator,impersonator,impersonator
8565,impersonator,impersonator,impersonator
8566,impersonator,impersonator,impersonator
8567,impersonator,impersonator,impersonator
8568,impersonator,impersonator,impersonator
8569,impersonator,impersonator,impersonator
8570,impersonator,impersonator,impersonator
8571,impersonator,impersonator,impersonator
8572,impersonator,impersonator,impersonator
8573,impersonator,impersonator,impersonator
8574,impersonator,impersonator,impersonator
8575,impersonator,impersonator,impersonator
8576,impersonator,impersonator,impersonator
8577,impersonator,impersonator,impersonator
8578,impersonator,impersonator,impersonator
8579,impersonator,impersonator,impersonator
8580,impersonator,impersonator,impersonator
8581,impersonator,impersonator,impersonator
8582,impersonator,impersonator,impersonator
8583,impersonator,impersonator,impersonator
8584,impersonator,impersonator,impersonator
8585,impersonator,impersonator,impersonator
8586,impersonator,impersonator,impersonator
8587,impersonator,impersonator,impersonator
8588,impersonator,impersonator,impersonator
8589,impersonator,impersonator,impersonator
8590,impersonator,impersonator,impersonator
8591,impersonator,impersonator,impersonator
8592,impersonator,impersonator,impersonator
8593,impersonator,impersonator,impersonator
8594,impersonator,impersonator,impersonator
8595,impersonator,impersonator,impersonator
8596,impersonator,impersonator,impersonator
8597,impersonator,impersonator,impersonator
8598,impersonator,impersonator,impersonator
8599,impersonator,impersonator,impersonator
8600,impersonator,impersonator,impersonator
8601,impersonator,impersonator,impersonator
8602,impersonator,impersonator,impersonator
8603,impersonator,impersonator,impersonator
8604,impersonator,impersonator,impersonator
8605,impersonator,impersonator,impersonator
8606,impersonator,impersonator,impersonator
8607,impersonator,impersonator,impersonator
8608,impersonator,impersonator,impersonator
8609,impersonator,impersonator,impersonator
8610,impersonator,impersonator,impersonator
8611,impersonator,impersonator,impersonator
8612,impersonator,impersonator,impersonator
8613,impersonator,impersonator,impersonator
8614,impersonator,impersonator,impersonator
8615,impersonator,impersonator,mismatch
8616,impersonator,impersonator,impersonator
8617,impersonator,impersonator,impersonator
8618,impersonator,impersonator,impersonator
8619,impersonator,impersonator,impersonator
8620,impersonator,impersonator,impersonator
8621,impersonator,impersonator,impersonator
8622,impersonator,impersonator,impersonator
8623,impersonator,impersonator,impersonator
8624,impersonator,impersonator,impersonator
8625,impersonator,impersonator,impersonator
8626,impersonator,impersonator,impersonator
8627,impersonator,impersonator,impersonator
8628,impersonator,impersonator,impersonator
8629,impersonator,impersonator,impersonator
8630,impersonator,impersonator,impersonator
8631,impersonator,impersonator,impersonator
8632,impersonator,impersonator,impersonator
8633,impersonator,impersonator,impersonator
8634,impersonator,impersonator,impersonator
8635,impersonator,impersonator,impersonator
8636,impersonator,impersonator,impersonator
8637,impersonator,impersonator,impersonator
8638,impersonator,impersonator,impersonator
8639,impersonator,impersonator,impersonator
8640,impersonator,impersonator,mismatch
8641,impersonator,impersonator,impersonator
8642,impersonator,impersonator,impersonator
8643,impersonator,impersonator,impersonator
8644,impersonator,impersonator,impersonator
8645,impersonator,impersonator,impersonator
8646,impersonator,impersonator,impersonator
8647,impersonator,impersonator,impersonator
8648,impersonator,impersonator,impersonator
8649,impersonator,impersonator,impersonator
8650,impersonator,impersonator,impersonator
8651,impersonator,impersonator,impersonator
8652,impersonator,impersonator,impersonator
8653,impersonator,impersonator,impersonator
8654,impersonator,impersonator,impersonator
8655,impersonator,impersonator,impersonator
8656,impersonator,impersonator,impersonator
8657,impersonator,impersonator,impersonator
8658,impersonator,impersonator,impersonator
8659,impersonator,impersonator,impersonator
8660,impersonator,impersonator,impersonator
8661,impersonator,impersonator,impersonator
8662,impersonator,impersonator,impersonator
8663,impersonator,impersonator,impersonator
8664,impersonator,impersonator,impersonator
8665,impersonator,impersonator,impersonator
8666,impersonator,impersonator,impersonator
8667,impersonator,impersonator,impersonator
8668,impersonator,impersonator,impersonator
8669,impersonator,impersonator,impersonator
8670,impersonator,impersonator,match
8671,impersonator,impersonator,impersonator
8672,impersonator,impersonator,impersonator
8673,impersonator,impersonator,impersonator
8674,impersonator,impersonator,impersonator
8675,impersonator,impersonator,impersonator
8676,impersonator,impersonator,impersonator
8677,impersonator,impersonator,impersonator
8678,impersonator,impersonator,impersonator
8679,impersonator,impersonator,impersonator
8680,impersonator,impersonator,impersonator
8681,impersonator,impersonator,impersonator
8682,impersonator,impersonator,impersonator
8683,impersonator,impersonator,impersonator
8684,impersonator,impersonator,impersonator
8685,impersonator,impersonator,impersonator
8686,impersonator,impersonator,impersonator
8687,impersonator,impersonator,impersonator
8688,impersonator,impersonator,impersonator
8689,impersonator,impersonator,impersonator
8690,impersonator,impersonator,impersonator
8691,impersonator,impersonator,impersonator
8692,impersonator,impersonator,impersonator
8693,impersonator,impersonator,impersonator
8694,impersonator,impersonator,impersonator
8695,impersonator,impersonator,impersonator
8696,impersonator,impersonator,impersonator
8697,impersonator,impersonator,impersonator
8698,impersonator,impersonator,impersonator
8699,impersonator,mismatch,impersonator
8700,impersonator,impersonator,impersonator
8701,impersonator,impersonator,impersonator
8702,impersonator,impersonator,impersonator
8703,impersonator,impersonator,impersonator
8704,impersonator,impersonator,impersonator
8705,impersonator,impersonator,impersonator
8706,impersonator,impersonator,impersonator
8707,impersonator,impersonator,impersonator
8708,impersonator,impersonator,impersonator
8709,impersonator,impersonator,impersonator
8710,impersonator,impersonator,impersonator
8711,impersonator,impersonator,impersonator
8712,impersonator,impersonator,impersonator
8713,impersonator,impersonator,impersonator
8714,impersonator,impersonator,impersonator
8715,impersonator,impersonator,impersonator
8716,impersonator,mismatch,impersonator
8717,impersonator,impersonator,impersonator
8718,impersonator,impersonator,impersonator
8719,impersonator,impersonator,impersonator
8720,impersonator,impersonator,impersonator
8721,impersonator,impersonator,impersonator
8722,impersonator,impersonator,impersonator
8723,impersonator,impersonator,impersonator
8724,impersonator,impersonator,impersonator
8725,impersonator,impersonator,impersonator
8726,impersonator,impersonator,impersonator
8727,impersonator,impersonator,impersonator
8728,impersonator,impersonator,impersonator
8729,impersonator,impersonator,impersonator
8730,impersonator,impersonator,impersonator
8731,impersonator,impersonator,impersonator
8732,impersonator,impersonator,impersonator
8733,impersonator,impersonator,impersonator
8734,impersonator,impersonator,impersonator
8735,impersonator,impersonator,impersonator
8736,impersonator,impersonator,impersonator
8737,impersonator,impersonator,impersonator
8738,impersonator,impersonator,impersonator
8739,impersonator,impersonator,impersonator
8740,impersonator,impersonator,impersonator
8741,impersonator,impersonator,impersonator
8742,impersonator,impersonator,impersonator
8743,impersonator,impersonator,impersonator
8744,impersonator,impersonator,impersonator
8745,impersonator,impersonator,impersonator
8746,impersonator,impersonator,impersonator
8747,impersonator,impersonator,impersonator
8748,impersonator,impersonator,impersonator
8749,impersonator,impersonator,impersonator
8750,impersonator,impersonator,impersonator
8751,impersonator,impersonator,impersonator
8752,impersonator,impersonator,impersonator
8753,impersonator,impersonator,impersonator
8754,impersonator,impersonator,impersonator
8755,impersonator,impersonator,impersonator
8756,impersonator,impersonator,impersonator
8757,impersonator,impersonator,impersonator
8758,impersonator,impersonator,impersonator
8759,impersonator,impersonator,impersonator
8760,impersonator,impersonator,impersonator
8761,impersonator,impersonator,impersonator
8762,impersonator,impersonator,impersonator
8763,impersonator,impersonator,impersonator
8764,impersonator,impersonator,impersonator
8765,impersonator,impersonator,impersonator
8766,impersonator,impersonator,impersonator
8767,impersonator,impersonator,impersonator
8768,impersonator,impersonator,impersonator
8769,impersonator,impersonator,impersonator
8770,impersonator,impersonator,impersonator
8771,impersonator,impersonator,impersonator
8772,impersonator,impersonator,impersonator
8773,impersonator,impersonator,impersonator
8774,impersonator,impersonator,impersonator
8775,impersonator,impersonator,impersonator
8776,impersonator,impersonator,impersonator
8777,impersonator,impersonator,impersonator
8778,impersonator,impersonator,impersonator
8779,impersonator,match,impersonator
8780,impersonator,impersonator,impersonator
8781,impersonator,impersonator,impersonator
8782,impersonator,impersonator,impersonator
8783,impersonator,impersonator,impersonator
8784,impersonator,impersonator,impersonator
8785,impersonator,impersonator,impersonator
8786,impersonator,impersonator,impersonator
8787,impersonator,impersonator,impersonator
8788,impersonator,impersonator,impersonator
8789,impersonator,impersonator,impersonator
8790,impersonator,impersonator,match
8791,impersonator,impersonator,impersonator
8792,impersonator,impersonator,impersonator
8793,impersonator,impersonator,impersonator
8794,impersonator,impersonator,impersonator
8795,impersonator,mismatch,impersonator
8796,impersonator,impersonator,impersonator
8797,impersonator,impersonator,mismatch
8798,impersonator,impersonator,match
8799,impersonator,impersonator,impersonator
8800,impersonator,impersonator,impersonator
8801,impersonator,impersonator,impersonator
8802,impersonator,impersonator,impersonator
8803,impersonator,impersonator,impersonator
8804,impersonator,impersonator,impersonator
8805,impersonator,impersonator,impersonator
8806,impersonator,impersonator,impersonator
8807,impersonator,impersonator,impersonator
8808,impersonator,impersonator,impersonator
8809,impersonator,impersonator,impersonator
8810,impersonator,impersonator,impersonator
8811,impersonator,impersonator,impersonator
8812,impersonator,impersonator,impersonator
8813,impersonator,impersonator,impersonator
8814,impersonator,impersonator,impersonator
8815,impersonator,impersonator,impersonator
8816,impersonator,impersonator,impersonator
8817,impersonator,impersonator,impersonator
8818,impersonator,impersonator,impersonator
8819,impersonator,impersonator,impersonator
8820,impersonator,impersonator,impersonator
8821,impersonator,mismatch,impersonator
8822,impersonator,impersonator,impersonator
8823,impersonator,impersonator,impersonator
8824,impersonator,impersonator,impersonator
8825,impersonator,impersonator,impersonator
8826,impersonator,impersonator,impersonator
8827,impersonator,impersonator,impersonator
8828,impersonator,impersonator,impersonator
8829,impersonator,impersonator,impersonator
8830,impersonator,impersonator,impersonator
8831,impersonator,impersonator,impersonator
8832,impersonator,impersonator,impersonator
8833,impersonator,impersonator,impersonator
8834,impersonator,match,impersonator
8835,impersonator,impersonator,impersonator
8836,impersonator,impersonator,impersonator
8837,impersonator,impersonator,impersonator
8838,impersonator,impersonator,impersonator
8839,impersonator,impersonator,impersonator
8840,impersonator,impersonator,impersonator
8841,impersonator,impersonator,impersonator
8842,impersonator,impersonator,impersonator
8843,impersonator,impersonator,impersonator
8844,impersonator,impersonator,impersonator
8845,impersonator,impersonator,impersonator
8846,impersonator,impersonator,impersonator
8847,impersonator,impersonator,impersonator
8848,impersonator,impersonator,impersonator
8849,impersonator,impersonator,impersonator
8850,impersonator,impersonator,match
8851,impersonator,impersonator,impersonator
8852,impersonator,impersonator,impersonator
8853,impersonator,impersonator,impersonator
8854,impersonator,impersonator,impersonator
8855,impersonator,impersonator,impersonator
8856,impersonator,match,impersonator
8857,impersonator,impersonator,impersonator
8858,impersonator,impersonator,impersonator
8859,impersonator,impersonator,impersonator
8860,impersonator,impersonator,impersonator
8861,impersonator,impersonator,impersonator
8862,impersonator,impersonator,impersonator
8863,impersonator,impersonator,match
8864,impersonator,match,impersonator
8865,impersonator,impersonator,impersonator
8866,impersonator,impersonator,impersonator
8867,impersonator,impersonator,impersonator
8868,impersonator,impersonator,impersonator
8869,impersonator,impersonator,impersonator
8870,impersonator,impersonator,impersonator
8871,impersonator,impersonator,impersonator
8872,impersonator,impersonator,impersonator
8873,impersonator,impersonator,impersonator
8874,impersonator,impersonator,impersonator
8875,impersonator,impersonator,match
8876,impersonator,impersonator,impersonator
8877,impersonator,impersonator,impersonator
8878,impersonator,impersonator,mismatch
8879,impersonator,impersonator,impersonator
8880,impersonator,impersonator,impersonator
8881,impersonator,impersonator,impersonator
8882,impersonator,impersonator,impersonator
8883,impersonator,match,impersonator
8884,impersonator,impersonator,impersonator
8885,impersonator,match,impersonator
8886,impersonator,impersonator,impersonator
8887,impersonator,impersonator,mismatch
8888,impersonator,impersonator,impersonator
8889,impersonator,impersonator,impersonator
8890,impersonator,impersonator,impersonator
8891,impersonator,impersonator,match
8892,impersonator,impersonator,impersonator
8893,impersonator,impersonator,impersonator
8894,impersonator,impersonator,impersonator
8895,impersonator,impersonator,impersonator
8896,impersonator,impersonator,impersonator
8897,impersonator,impersonator,impersonator
8898,impersonator,impersonator,impersonator
8899,impersonator,impersonator,impersonator
8900,impersonator,impersonator,impersonator
8901,impersonator,impersonator,impersonator
8902,impersonator,impersonator,impersonator
8903,impersonator,impersonator,impersonator
8904,impersonator,impersonator,impersonator
8905,impersonator,impersonator,impersonator
8906,impersonator,impersonator,impersonator
8907,impersonator,impersonator,impersonator
8908,impersonator,impersonator,impersonator
8909,impersonator,match,impersonator
8910,impersonator,impersonator,impersonator
8911,impersonator,impersonator,mismatch
8912,impersonator,impersonator,impersonator
8913,impersonator,impersonator,impersonator
8914,impersonator,impersonator,impersonator
8915,impersonator,impersonator,impersonator
8916,impersonator,impersonator,impersonator
8917,impersonator,impersonator,impersonator
8918,impersonator,impersonator,impersonator
8919,impersonator,impersonator,impersonator
8920,impersonator,match,impersonator
8921,impersonator,impersonator,impersonator
8922,impersonator,impersonator,impersonator
8923,impersonator,impersonator,impersonator
8924,impersonator,impersonator,impersonator
8925,impersonator,impersonator,impersonator
8926,impersonator,impersonator,impersonator
8927,impersonator,impersonator,impersonator
8928,impersonator,impersonator,impersonator
8929,impersonator,impersonator,impersonator
8930,impersonator,impersonator,impersonator
8931,impersonator,impersonator,impersonator
8932,impersonator,impersonator,impersonator
8933,impersonator,impersonator,impersonator
8934,impersonator,impersonator,impersonator
8935,impersonator,impersonator,impersonator
8936,impersonator,impersonator,impersonator
8937,impersonator,impersonator,impersonator
8938,impersonator,impersonator,impersonator
8939,impersonator,impersonator,impersonator
8940,impersonator,impersonator,impersonator
8941,impersonator,impersonator,impersonator
8942,impersonator,impersonator,impersonator
8943,impersonator,impersonator,impersonator
8944,impersonator,impersonator,impersonator
8945,impersonator,match,impersonator
8946,impersonator,impersonator,impersonator
8947,impersonator,impersonator,impersonator
8948,impersonator,impersonator,impersonator
8949,impersonator,impersonator,impersonator
8950,impersonator,impersonator,impersonator
8951,impersonator,impersonator,impersonator
8952,impersonator,impersonator,impersonator
8953,impersonator,impersonator,impersonator
8954,impersonator,impersonator,impersonator
8955,impersonator,impersonator,impersonator
8956,impersonator,impersonator,impersonator
8957,impersonator,impersonator,impersonator
8958,impersonator,impersonator,impersonator
8959,impersonator,impersonator,mismatch
8960,impersonator,impersonator,impersonator
8961,impersonator,impersonator,impersonator
8962,impersonator,impersonator,impersonator
8963,impersonator,impersonator,impersonator
8964,impersonator,impersonator,impersonator
8965,impersonator,impersonator,impersonator
8966,impersonator,impersonator,impersonator
8967,impersonator,impersonator,impersonator
8968,impersonator,impersonator,impersonator
8969,impersonator,impersonator,impersonator
8970,impersonator,impersonator,impersonator
8971,impersonator,impersonator,impersonator
8972,impersonator,match,impersonator
8973,impersonator,impersonator,impersonator
8974,impersonator,impersonator,impersonator
8975,impersonator,impersonator,match
8976,impersonator,impersonator,impersonator
8977,impersonator,impersonator,impersonator
8978,impersonator,impersonator,impersonator
8979,impersonator,impersonator,impersonator
8980,impersonator,impersonator,impersonator
8981,impersonator,impersonator,impersonator
8982,impersonator,impersonator,impersonator
8983,impersonator,impersonator,impersonator
8984,impersonator,mismatch,impersonator
8985,impersonator,impersonator,impersonator
8986,impersonator,impersonator,impersonator
8987,impersonator,impersonator,impersonator
8988,impersonator,impersonator,mismatch
8989,impersonator,impersonator,impersonator
8990,impersonator,impersonator,impersonator
8991,impersonator,impersonator,impersonator
