,label,attempt_0,attempt_1,attempt_2,attempt_3,attempt_4,attempt_5,attempt_6,attempt_7
0,impersonator,match,match,match,match,match,match,match,match
1,impersonator,match,match,match,match,match,match,match,match
2,impersonator,match,match,match,match,match,match,match,match
3,impersonator,match,match,match,match,match,match,match,match
4,impersonator,match,match,match,match,match,match,match,match
5,impersonator,match,match,match,match,match,match,match,match
6,impersonator,match,match,match,match,match,match,match,match
7,impersonator,match,match,match,match,match,match,match,match
8,impersonator,match,match,match,match,match,match,match,match
9,impersonator,match,match,match,match,match,match,match,match
10,impersonator,match,match,match,match,match,match,match,match
11,impersonator,match,match,match,match,match,match,match,match
12,impersonator,match,match,match,match,match,match,match,match
13,impersonator,match,match,match,match,match,match,match,match
14,impersonator,match,match,match,match,match,match,match,match
15,impersonator,match,match,match,match,match,match,match,match
16,impersonator,match,match,match,match,match,match,match,match
17,impersonator,match,match,match,match,match,match,match,match
18,impersonator,match,match,match,match,match,match,match,match
19,impersonator,match,match,match,match,match,match,match,match
20,impersonator,match,match,match,match,match,match,match,match
21,impersonator,match,match,match,match,match,match,match,match
22,impersonator,match,match,match,match,match,match,match,match
23,impersonator,match,match,match,match,match,match,match,match
24,impersonator,match,match,match,match,match,match,match,match
25,impersonator,match,match,match,match,match,match,match,match
26,impersonator,match,match,match,match,match,match,match,match
27,impersonator,match,match,match,match,match,match,match,match
28,impersonator,match,match,match,match,match,match,match,match
29,impersonator,match,match,match,match,match,match,match,match
30,impersonator,match,match,match,match,match,match,match,match
31,impersonator,match,match,match,match,match,match,match,match
32,impersonator,match,match,match,match,match,match,match,match
33,impersonator,match,match,match,match,match,match,match,match
34,impersonator,match,match,match,match,match,match,match,match
35,impersonator,match,match,match,match,match,match,match,match
36,impersonator,match,match,match,match,match,match,match,match
37,impersonator,match,match,match,match,match,match,match,match
38,impersonator,match,match,match,match,match,match,match,match
39,impersonator,match,match,match,match,match,match,match,match
40,impersonator,match,match,match,match,match,match,match,match
41,impersonator,match,match,match,match,match,match,match,match
42,impersonator,match,match,match,match,match,match,match,match
43,impersonator,match,match,match,impersonator,match,match,match,match
44,impersonator,match,match,match,match,match,match,match,match
45,impersonator,match,match,match,match,match,match,match,match
46,impersonator,match,match,match,match,match,match,match,match
47,impersonator,match,match,match,match,match,match,match,match
48,impersonator,match,match,match,match,match,match,match,match
49,impersonator,match,match,match,match,match,match,match,match
50,impersonator,match,match,match,match,match,match,match,match
51,impersonator,match,match,match,match,match,match,match,match
52,impersonator,match,match,match,match,match,match,match,match
53,impersonator,match,match,match,match,match,match,match,match
54,impersonator,match,match,match,match,match,match,match,match
55,impersonator,match,match,match,match,match,match,match,match
56,impersonator,match,match,match,match,match,match,match,match
57,impersonator,match,match,match,match,match,match,match,match
58,impersonator,match,match,match,match,match,match,match,match
59,impersonator,match,match,match,match,match,match,match,match
60,impersonator,match,match,match,match,match,match,match,match
61,impersonator,match,match,match,match,match,match,match,match
62,impersonator,match,match,match,impersonator,impersonator,impersonator,impersonator,impersonator
63,impersonator,impersonator,impersonator,impersonator,impersonator,impersonator,impersonator,impersonator,impersonator
64,impersonator,impersonator,impersonator,impersonator,impersonator,impersonator,impersonator,impersonator,impersonator
65,impersonator,impersonator,impersonator,impersonator,impersonator,impersonator,impersonator,impersonator,impersonator
66,impersonator,impersonator,impersonator,impersonator,impersonator,impersonator,impersonator,impersonator,impersonator
67,impersonator,impersonator,impersonator,impersonator,impersonator,impersonator,impersonator,impersonator,impersonator
68,impersonator,impersonator,impersonator,impersonator,impersonator,impersonator,impersonator,impersonator,impersonator
69,impersonator,impersonator,impersonator,impersonator,impersonator,impersonator,impersonator,impersonator,impersonator
70,impersonator,impersonator,impersonator,impersonator,impersonator,impersonator,impersonator,impersonator,impersonator
71,impersonator,impersonator,impersonator,impersonator,impersonator,impersonator,impersonator,impersonator,impersonator
72,impersonator,impersonator,impersonator,impersonator,impersonator,impersonator,impersonator,impersonator,impersonator
73,impersonator,impersonator,impersonator,impersonator,impersonator,impersonator,impersonator,impersonator,impersonator
74,impersonator,impersonator,impersonator,impersonator,impersonator,impersonator,impersonator,impersonator,impersonator
75,impersonator,impersonator,impersonator,impersonator,impersonator,impersonator,impersonator,impersonator,impersonator
76,impersonator,impersonator,impersonator,impersonator,impersonator,impersonator,impersonator,impersonator,impersonator
77,impersonator,impersonator,impersonator,impersonator,impersonator,impersonator,impersonator,impersonator,impersonator
78,impersonator,impersonator,impersonator,impersonator,impersonator,impersonator,impersonator,impersonator,impersonator
79,impersonator,impersonator,impersonator,impersonator,impersonator,impersonator,impersonator,impersonator,impersonator
80,impersonator,impersonator,impersonator,impersonator,impersonator,impersonator,impersonator,impersonator,impersonator
81,impersonator,impersonator,impersonator,impersonator,impersonator,impersonator,impersonator,impersonator,impersonator
82,impersonator,impersonator,impersonator,impersonator,impersonator,impersonator,impersonator,impersonator,impersonator
83,impersonator,impersonator,impersonator,impersonator,impersonator,impersonator,impersonator,impersonator,impersonator
84,impersonator,impersonator,impersonator,impersonator,impersonator,impersonator,impersonator,impersonator,impersonator
85,impersonator,impersonator,impersonator,impersonator,impersonator,impersonator,impersonator,impersonator,impersonator
86,impersonator,impersonator,impersonator,impersonator,impersonator,impersonator,impersonator,impersonator,impersonator
87,impersonator,impersonator,impersonator,impersonator,impersonator,impersonator,impersonator,impersonator,impersonator
88,impersonator,impersonator,impersonator,impersonator,impersonator,impersonator,impersonator,impersonator,impersonator
89,impersonator,impersonator,impersonator,impersonator,impersonator,impersonator,impersonator,impersonator,impersonator
90,impersonator,impersonator,impersonator,impersonator,impersonator,impersonator,impersonator,impersonator,impersonator
91,impersonator,impersonator,impersonator,impersonator,impersonator,impersonator,impersonator,impersonator,impersonator
92,impersonator,impersonator,impersonator,impersonator,impersonator,impersonator,impersonator,impersonator,impersonator
93,impersonator,impersonator,impersonator,impersonator,impersonator,impersonator,impersonator,impersonator,impersonator
94,impersonator,impersonator,impersonator,impersonator,impersonator,impersonator,impersonator,impersonator,impersonator
95,impersonator,impersonator,impersonator,impersonator,impersonator,impersonator,impersonator,impersonator,impersonator
96,impersonator,impersonator,impersonator,impersonator,impersonator,impersonator,impersonator,impersonator,impersonator
97,impersonator,impersonator,impersonator,impersonator,impersonator,impersonator,impersonator,impersonator,impersonator
98,impersonator,impersonator,impersonator,impersonator,impersonator,impersonator,impersonator,impersonator,impersonator
99,impersonator,impersonator,impersonator,impersonator,impersonator,impersonator,impersonator,impersonator,impersonator
100,impersonator,impersonator,impersonator,impersonator,impersonator,impersonator,impersonator,impersonator,impersonator
101,impersonator,impersonator,impersonator,impersonator,impersonator,impersonator,impersonator,impersonator,impersonator
102,impersonator,impersonator,impersonator,impersonator,impersonator,impersonator,impersonator,impersonator,impersonator
103,impersonator,impersonator,impersonator,impersonator,impersonator,impersonator,impersonator,impersonator,impersonator
104,impersonator,impersonator,impersonator,impersonator,impersonator,impersonator,impersonator,impersonator,impersonator
105,impersonator,impersonator,impersonator,impersonator,impersonator,impersonator,impersonator,impersonator,impersonator
106,impersonator,impersonator,impersonator,impersonator,impersonator,impersonator,impersonator,impersonator,impersonator
107,impersonator,impersonator,impersonator,impersonator,impersonator,impersonator,impersonator,impersonator,impersonator
108,impersonator,impersonator,impersonator,impersonator,impersonator,impersonator,impersonator,impersonator,impersonator
109,impersonator,impersonator,impersonator,impersonator,impersonator,impersonator,impersonator,impersonator,impersonator
110,impersonator,impersonator,impersonator,impersonator,impersonator,impersonator,impersonator,mismatch,impersonator
111,impersonator,impersonator,impersonator,impersonator,impersonator,impersonator,impersonator,impersonator,impersonator
112,impersonator,impersonator,impersonator,impersonator,impersonator,impersonator,impersonator,impersonator,impersonator
113,impersonator,impersonator,impersonator,impersonator,impersonator,impersonator,impersonator,impersonator,impersonator
114,impersonator,impersonator,impersonator,impersonator,impersonator,impersonator,impersonator,impersonator,impersonator
115,impersonator,impersonator,impersonator,impersonator,impersonator,impersonator,impersonator,impersonator,impersonator
116,impersonator,impersonator,impersonator,impersonator,impersonator,impersonator,impersonator,impersonator,impersonator
117,impersonator,impersonator,impersonator,impersonator,impersonator,impersonator,impersonator,impersonator,impersonator
118,impersonator,impersonator,impersonator,impersonator,impersonator,impersonator,impersonator,impersonator,impersonator
119,impersonator,impersonator,impersonator,impersonator,impersonator,impersonator,impersonator,impersonator,impersonator
120,impersonator,impersonator,impersonator,impersonator,impersonator,impersonator,impersonator,impersonator,impersonator
121,impersonator,impersonator,impersonator,impersonator,impersonator,impersonator,impersonator,impersonator,impersonator
122,impersonator,impersonator,impersonator,impersonator,impersonator,impersonator,impersonator,impersonator,impersonator
123,impersonator,impersonator,impersonator,impersonator,impersonator,impersonator,impersonator,impersonator,impersonator
124,impersonator,impersonator,impersonator,impersonator,impersonator,impersonator,impersonator,impersonator,impersonator
125,impersonator,impersonator,impersonator,impersonator,impersonator,impersonator,impersonator,impersonator,impersonator
126,impersonator,impersonator,impersonator,impersonator,impersonator,impersonator,impersonator,impersonator,impersonator
127,impersonator,impersonator,impersonator,impersonator,impersonator,impersonator,impersonator,impersonator,impersonator
128,impersonator,impersonator,impersonator,impersonator,impersonator,impersonator,impersonator,impersonator,impersonator
129,impersonator,impersonator,impersonator,impersonator,impersonator,impersonator,impersonator,impersonator,impersonator
130,impersonator,impersonator,impersonator,impersonator,impersonator,impersonator,impersonator,impersonator,impersonator
131,impersonator,impersonator,impersonator,impersonator,impersonator,impersonator,impersonator,impersonator,impersonator
132,impersonator,impersonator,impersonator,impersonator,impersonator,impersonator,impersonator,impersonator,impersonator
133,impersonator,impersonator,impersonator,impersonator,impersonator,impersonator,impersonator,impersonator,impersonator
134,impersonator,impersonator,impersonator,impersonator,impersonator,impersonator,impersonator,impersonator,impersonator
135,impersonator,impersonator,impersonator,impersonator,impersonator,impersonator,impersonator,impersonator,impersonator
136,impersonator,impersonator,impersonator,impersonator,impersonator,impersonator,impersonator,impersonator,impersonator
137,impersonator,impersonator,impersonator,impersonator,impersonator,impersonator,impersonator,impersonator,impersonator
138,impersonator,impersonator,impersonator,impersonator,impersonator,impersonator,impersonator,impersonator,impersonator
139,impersonator,impersonator,impersonator,impersonator,impersonator,impersonator,impersonator,impersonator,impersonator
140,impersonator,impersonator,impersonator,impersonator,impersonator,impersonator,impersonator,match,impersonator
141,impersonator,impersonator,impersonator,impersonator,impersonator,impersonator,impersonator,impersonator,impersonator
142,impersonator,impersonator,impersonator,impersonator,impersonator,impersonator,impersonator,impersonator,impersonator
143,impersonator,impersonator,impersonator,impersonator,impersonator,impersonator,impersonator,impersonator,impersonator
144,impersonator,impersonator,impersonator,impersonator,impersonator,impersonator,impersonator,impersonator,impersonator
145,impersonator,impersonator,impersonator,impersonator,impersonator,impersonator,impersonator,impersonator,impersonator
146,impersonator,impersonator,impersonator,impersonator,impersonator,impersonator,impersonator,impersonator,impersonator
147,impersonator,impersonator,impersonator,impersonator,impersonator,impersonator,impersonator,impersonator,impersonator
148,impersonator,impersonator,impersonator,impersonator,impersonator,impersonator,impersonator,impersonator,impersonator
149,impersonator,impersonator,impersonator,impersonator,impersonator,impersonator,impersonator,impersonator,impersonator
150,impersonator,impersonator,impersonator,impersonator,impersonator,impersonator,impersonator,impersonator,impersonator
151,impersonator,impersonator,impersonator,impersonator,impersonator,impersonator,impersonator,impersonator,impersonator
152,impersonator,impersonator,impersonator,impersonator,impersonator,impersonator,impersonator,impersonator,impersonator
153,impersonator,impersonator,impersonator,impersonator,impersonator,impersonator,impersonator,impersonator,impersonator
154,impersonator,impersonator,impersonator,impersonator,impersonator,impersonator,impersonator,impersonator,impersonator
155,impersonator,impersonator,impersonator,impersonator,impersonator,impersonator,impersonator,impersonator,match
156,impersonator,impersonator,impersonator,impersonator,impersonator,impersonator,impersonator,impersonator,impersonator
157,impersonator,impersonator,impersonator,impersonator,impersonator,impersonator,impersonator,impersonator,impersonator
158,impersonator,impersonator,impersonator,impersonator,impersonator,impersonator,impersonator,impersonator,impersonator
159,impersonator,impersonator,impersonator,impersonator,impersonator,impersonator,impersonator,impersonator,impersonator
160,impersonator,impersonator,impersonator,impersonator,impersonator,impersonator,impersonator,impersonator,impersonator
161,impersonator,impersonator,impersonator,impersonator,impersonator,impersonator,impersonator,impersonator,impersonator
162,impersonator,impersonator,impersonator,impersonator,impersonator,impersonator,impersonator,impersonator,impersonator
163,impersonator,impersonator,impersonator,impersonator,impersonator,impersonator,impersonator,impersonator,impersonator
164,impersonator,impersonator,impersonator,impersonator,impersonator,impersonator,impersonator,impersonator,impersonator
165,impersonator,impersonator,impersonator,impersonator,impersonator,impersonator,impersonator,impersonator,impersonator
166,impersonator,impersonator,impersonator,impersonator,impersonator,impersonator,impersonator,impersonator,impersonator
167,impersonator,impersonator,impersonator,impersonator,impersonator,impersonator,impersonator,impersonator,impersonator
168,impersonator,impersonator,impersonator,impersonator,impersonator,impersonator,impersonator,impersonator,impersonator
169,impersonator,impersonator,impersonator,impersonator,impersonator,impersonator,impersonator,impersonator,impersonator
170,impersonator,impersonator,impersonator,impersonator,impersonator,impersonator,impersonator,impersonator,impersonator
171,impersonator,impersonator,impersonator,impersonator,impersonator,impersonator,impersonator,impersonator,impersonator
172,impersonator,impersonator,impersonator,impersonator,impersonator,impersonator,impersonator,impersonator,impersonator
173,impersonator,impersonator,impersonator,impersonator,impersonator,impersonator,impersonator,impersonator,impersonator
174,impersonator,impersonator,impersonator,impersonator,impersonator,impersonator,impersonator,impersonator,impersonator
175,impersonator,impersonator,impersonator,impersonator,impersonator,impersonator,impersonator,impersonator,impersonator
176,impersonator,impersonator,impersonator,impersonator,impersonator,impersonator,impersonator,impersonator,impersonator
177,impersonator,impersonator,impersonator,impersonator,impersonator,impersonator,impersonator,impersonator,impersonator
178,impersonator,impersonator,impersonator,impersonator,impersonator,impersonator,impersonator,impersonator,impersonator
179,impersonator,impersonator,impersonator,impersonator,impersonator,impersonator,impersonator,impersonator,impersonator
180,impersonator,impersonator,impersonator,impersonator,impersonator,impersonator,impersonator,impersonator,impersonator
181,impersonator,impersonator,impersonator,impersonator,impersonator,impersonator,impersonator,impersonator,impersonator
182,impersonator,impersonator,impersonator,impersonator,impersonator,impersonator,impersonator,impersonator,impersonator
183,impersonator,impersonator,impersonator,impersonator,impersonator,impersonator,impersonator,impersonator,impersonator
184,impersonator,impersonator,impersonator,impersonator,impersonator,impersonator,impersonator,impersonator,impersonator
185,impersonator,impersonator,impersonator,impersonator,impersonator,impersonator,impersonator,impersonator,impersonator
186,impersonator,impersonator,impersonator,impersonator,impersonator,impersonator,impersonator,impersonator,impersonator
187,impersonator,impersonator,impersonator,impersonator,impersonator,impersonator,impersonator,impersonator,impersonator
188,impersonator,impersonator,impersonator,impersonator,impersonator,impersonator,impersonator,impersonator,impersonator
189,impersonator,impersonator,impersonator,impersonator,impersonator,impersonator,impersonator,impersonator,impersonator
190,impersonator,impersonator,impersonator,impersonator,impersonator,impersonator,impersonator,impersonator,impersonator
191,impersonator,impersonator,impersonator,impersonator,impersonator,impersonator,impersonator,impersonator,impersonator
192,impersonator,impersonator,impersonator,impersonator,impersonator,impersonator,impersonator,impersonator,impersonator
193,impersonator,impersonator,impersonator,impersonator,impersonator,impersonator,impersonator,impersonator,impersonator
194,impersonator,impersonator,impersonator,impersonator,match,impersonator,impersonator,impersonator,impersonator
195,impersonator,impersonator,impersonator,impersonator,impersonator,impersonator,impersonator,impersonator,impersonator
196,impersonator,impersonator,impersonator,impersonator,impersonator,impersonator,impersonator,impersonator,impersonator
197,impersonator,impersonator,impersonator,impersonator,impersonator,impersonator,impersonator,impersonator,impersonator
198,impersonator,impersonator,impersonator,impersonator,impersonator,impersonator,impersonator,impersonator,impersonator
199,impersonator,impersonator,impersonator,impersonator,impersonator,impersonator,impersonator,impersonator,impersonator
200,impersonator,impersonator,impersonator,impersonator,impersonator,impersonator,impersonator,impersonator,impersonator
201,impersonator,impersonator,impersonator,impersonator,impersonator,impersonator,impersonator,impersonator,impersonator
202,impersonator,impersonator,impersonator,impersonator,impersonator,impersonator,impersonator,impersonator,impersonator
203,impersonator,impersonator,impersonator,impersonator,impersonator,impersonator,impersonator,impersonator,impersonator
204,impersonator,impersonator,impersonator,impersonator,impersonator,impersonator,impersonator,impersonator,impersonator
205,impersonator,impersonator,impersonator,impersonator,impersonator,impersonator,impersonator,impersonator,impersonator
206,impersonator,impersonator,impersonator,impersonator,impersonator,impersonator,impersonator,impersonator,impersonator
207,impersonator,impersonator,impersonator,impersonator,impersonator,match,impersonator,impersonator,impersonator
208,impersonator,impersonator,impersonator,impersonator,impersonator,impersonator,impersonator,impersonator,impersonator
209,impersonator,impersonator,impersonator,impersonator,impersonator,impersonator,impersonator,impersonator,impersonator
210,impersonator,impersonator,impersonator,impersonator,impersonator,impersonator,impersonator,impersonator,impersonator
211,impersonator,impersonator,impersonator,impersonator,impersonator,impersonator,impersonator,impersonator,impersonator
212,impersonator,impersonator,impersonator,impersonator,impersonator,impersonator,impersonator,impersonator,impersonator
213,impersonator,impersonator,impersonator,impersonator,impersonator,impersonator,impersonator,impersonator,impersonator
214,impersonator,impersonator,impersonator,impersonator,impersonator,impersonator,impersonator,impersonator,impersonator
215,impersonator,impersonator,impersonator,impersonator,impersonator,impersonator,impersonator,impersonator,impersonator
216,impersonator,impersonator,impersonator,impersonator,impersonator,impersonator,impersonator,impersonator,impersonator
217,impersonator,impersonator,impersonator,impersonator,impersonator,impersonator,impersonator,impersonator,impersonator
218,impersonator,impersonator,impersonator,impersonator,impersonator,impersonator,impersonator,impersonator,impersonator
219,impersonator,impersonator,impersonator,impersonator,impersonator,impersonator,impersonator,impersonator,impersonator
220,impersonator,impersonator,impersonator,impersonator,impersonator,impersonator,impersonator,impersonator,impersonator
221,impersonator,impersonator,impersonator,impersonator,impersonator,impersonator,impersonator,impersonator,impersonator
222,impersonator,impersonator,impersonator,impersonator,impersonator,impersonator,impersonator,impersonator,impersonator
223,impersonator,impersonator,impersonator,impersonator,impersonator,impersonator,impersonator,impersonator,impersonator
224,impersonator,impersonator,impersonator,impersonator,impersonator,impersonator,impersonator,impersonator,impersonator
225,impersonator,impersonator,impersonator,impersonator,impersonator,impersonator,impersonator,impersonator,impersonator
226,impersonator,impersonator,impersonator,impersonator,impersonator,impersonator,impersonator,impersonator,impersonator
227,impersonator,impersonator,impersonator,impersonator,impersonator,impersonator,impersonator,impersonator,impersonator
228,impersonator,impersonator,impersonator,impersonator,impersonator,impersonator,impersonator,impersonator,impersonator
229,impersonator,impersonator,impersonator,impersonator,impersonator,impersonator,impersonator,impersonator,impersonator
230,impersonator,impersonator,impersonator,impersonator,impersonator,impersonator,impersonator,impersonator,impersonator
231,impersonator,impersonator,impersonator,impersonator,impersonator,impersonator,impersonator,impersonator,impersonator
232,impersonator,impersonator,impersonator,impersonator,impersonator,impersonator,impersonator,impersonator,impersonator
233,impersonator,impersonator,impersonator,impersonator,impersonator,impersonator,impersonator,impersonator,impersonator
234,impersonator,impersonator,impersonator,impersonator,impersonator,impersonator,impersonator,impersonator,impersonator
235,impersonator,impersonator,impersonator,impersonator,impersonator,impersonator,impersonator,impersonator,impersonator
236,impersonator,impersonator,impersonator,impersonator,impersonator,impersonator,impersonator,impersonator,impersonator
237,impersonator,impersonator,impersonator,impersonator,impersonator,impersonator,impersonator,impersonator,impersonator
238,impersonator,impersonator,impersonator,impersonator,impersonator,impersonator,impersonator,impersonator,impersonator
239,impersonator,impersonator,impersonator,impersonator,impersonator,impersonator,impersonator,impersonator,impersonator
240,impersonator,impersonator,impersonator,impersonator,impersonator,impersonator,impersonator,impersonator,impersonator
241,impersonator,impersonator,impersonator,impersonator,impersonator,impersonator,impersonator,impersonator,impersonator
242,impersonator,impersonator,impersonator,impersonator,impersonator,impersonator,impersonator,impersonator,impersonator
243,impersonator,impersonator,impersonator,impersonator,impersonator,impersonator,impersonator,impersonator,impersonator
244,impersonator,impersonator,impersonator,impersonator,impersonator,impersonator,impersonator,impersonator,impersonator
245,impersonator,impersonator,impersonator,impersonator,impersonator,impersonator,impersonator,impersonator,impersonator
246,impersonator,impersonator,impersonator,impersonator,impersonator,impersonator,impersonator,impersonator,impersonator
247,impersonator,impersonator,impersonator,impersonator,impersonator,impersonator,impersonator,impersonator,impersonator
248,impersonator,impersonator,impersonator,impersonator,impersonator,impersonator,impersonator,impersonator,impersonator
249,impersonator,impersonator,impersonator,impersonator,impersonator,impersonator,impersonator,impersonator,impersonator
250,impersonator,impersonator,impersonator,impersonator,impersonator,impersonator,impersonator,impersonator,impersonator
251,impersonator,impersonator,impersonator,impersonator,impersonator,impersonator,impersonator,impersonator,impersonator
252,impersonator,match,match,match,match,match,match,match,match
253,impersonator,match,match,match,match,match,match,match,match
254,impersonator,match,match,match,match,match,match,match,match
255,impersonator,match,match,match,match,match,impersonator,match,match
256,impersonator,match,match,match,match,match,match,impersonator,match
257,impersonator,match,match,match,match,match,match,match,match
258,impersonator,match,match,match,match,match,match,match,match
259,impersonator,match,match,match,match,match,match,match,match
260,impersonator,match,match,match,match,match,match,match,match
261,impersonator,match,match,match,match,match,match,match,match
262,impersonator,match,match,match,match,impersonator,match,match,match
263,impersonator,match,match,match,match,match,match,match,match
264,impersonator,match,match,match,match,match,match,match,match
265,impersonator,match,match,match,match,match,match,impersonator,match
266,impersonator,match,match,match,match,match,match,match,match
267,impersonator,match,match,match,match,match,match,match,match
268,impersonator,match,match,match,match,match,match,match,match
269,impersonator,match,match,match,match,match,match,match,match
270,impersonator,match,match,match,match,match,match,match,match
271,impersonator,match,match,match,match,match,match,match,match
272,impersonator,match,mismatch,match,match,match,match,match,match
273,impersonator,match,match,match,match,match,match,match,match
274,impersonator,match,match,match,match,match,match,match,match
275,impersonator,match,match,match,match,match,match,match,match
276,impersonator,match,match,match,match,impersonator,match,match,match
277,impersonator,match,match,match,match,match,match,match,match
278,impersonator,match,mismatch,mismatch,match,match,match,match,match
279,impersonator,impersonator,match,match,impersonator,match,match,match,match
280,impersonator,match,match,match,match,match,match,match,match
281,impersonator,match,match,match,match,match,match,match,match
282,impersonator,match,match,match,match,match,match,match,match
283,impersonator,match,match,match,match,match,match,match,match
284,impersonator,match,match,match,match,match,match,match,match
285,impersonator,match,match,match,match,match,match,match,match
286,impersonator,match,match,match,match,match,match,match,match
287,impersonator,match,match,match,match,match,match,match,match
288,impersonator,match,match,match,match,impersonator,match,match,match
289,impersonator,match,match,match,match,match,match,match,match
290,impersonator,match,match,match,match,match,match,match,match
291,impersonator,match,match,match,match,match,match,match,match
292,impersonator,match,match,match,match,match,match,match,match
293,impersonator,match,match,match,match,match,match,match,match
294,impersonator,match,match,match,match,match,match,match,match
295,impersonator,match,match,match,match,match,match,match,match
296,impersonator,impersonator,match,match,match,match,impersonator,match,match
297,impersonator,match,match,match,match,match,match,match,match
298,impersonator,match,match,match,match,match,match,impersonator,match
299,impersonator,match,match,match,match,match,match,match,match
300,impersonator,match,match,match,match,match,match,match,match
301,impersonator,match,match,match,match,match,match,match,match
302,impersonator,match,match,match,impersonator,match,match,match,match
303,impersonator,match,match,match,match,match,match,match,match
304,impersonator,match,match,match,match,match,match,match,match
305,impersonator,match,match,match,match,match,match,impersonator,match
306,impersonator,match,impersonator,match,match,match,match,match,match
307,impersonator,match,match,match,match,match,match,match,match
308,impersonator,match,match,match,match,match,match,match,match
309,impersonator,match,impersonator,match,match,match,match,match,match
310,impersonator,match,match,match,match,match,match,match,match
311,impersonator,match,match,match,impersonator,match,match,match,match
312,impersonator,match,match,match,match,match,match,match,match
313,impersonator,match,match,match,match,match,match,match,match
314,impersonator,impersonator,impersonator,impersonator,impersonator,impersonator,impersonator,impersonator,impersonator
315,impersonator,impersonator,impersonator,impersonator,impersonator,impersonator,impersonator,impersonator,impersonator
316,impersonator,impersonator,impersonator,impersonator,impersonator,impersonator,impersonator,impersonator,impersonator
317,impersonator,impersonator,impersonator,impersonator,impersonator,impersonator,impersonator,impersonator,impersonator
318,impersonator,impersonator,impersonator,impersonator,impersonator,impersonator,impersonator,impersonator,impersonator
319,impersonator,impersonator,impersonator,impersonator,impersonator,impersonator,impersonator,impersonator,impersonator
320,impersonator,impersonator,impersonator,impersonator,impersonator,impersonator,impersonator,impersonator,impersonator
321,impersonator,impersonator,impersonator,impersonator,impersonator,impersonator,impersonator,impersonator,impersonator
322,impersonator,impersonator,impersonator,impersonator,impersonator,impersonator,impersonator,impersonator,impersonator
323,impersonator,impersonator,impersonator,impersonator,impersonator,impersonator,impersonator,impersonator,impersonator
324,impersonator,impersonator,impersonator,impersonator,impersonator,impersonator,impersonator,impersonator,impersonator
325,impersonator,impersonator,impersonator,impersonator,impersonator,impersonator,impersonator,impersonator,impersonator
326,impersonator,impersonator,impersonator,impersonator,impersonator,impersonator,impersonator,impersonator,impersonator
327,impersonator,impersonator,impersonator,impersonator,impersonator,impersonator,impersonator,impersonator,impersonator
328,impersonator,impersonator,impersonator,impersonator,impersonator,impersonator,impersonator,impersonator,impersonator
329,impersonator,impersonator,impersonator,impersonator,impersonator,impersonator,impersonator,impersonator,impersonator
330,impersonator,impersonator,impersonator,impersonator,impersonator,impersonator,impersonator,impersonator,impersonator
331,impersonator,impersonator,impersonator,impersonator,impersonator,impersonator,impersonator,impersonator,impersonator
332,impersonator,impersonator,impersonator,impersonator,impersonator,impersonator,impersonator,impersonator,impersonator
333,impersonator,impersonator,impersonator,impersonator,impersonator,impersonator,impersonator,impersonator,impersonator
334,impersonator,impersonator,impersonator,impersonator,impersonator,impersonator,impersonator,impersonator,impersonator
335,impersonator,impersonator,impersonator,impersonator,impersonator,impersonator,impersonator,impersonator,impersonator
336,impersonator,impersonator,impersonator,impersonator,impersonator,impersonator,impersonator,impersonator,impersonator
337,impersonator,impersonator,impersonator,impersonator,impersonator,impersonator,impersonator,impersonator,impersonator
338,impersonator,impersonator,impersonator,impersonator,impersonator,impersonator,impersonator,impersonator,impersonator
339,impersonator,impersonator,impersonator,impersonator,impersonator,impersonator,impersonator,impersonator,impersonator
340,impersonator,impersonator,impersonator,impersonator,impersonator,impersonator,impersonator,impersonator,impersonator
341,impersonator,impersonator,impersonator,impersonator,impersonator,impersonator,impersonator,impersonator,impersonator
342,impersonator,impersonator,impersonator,impersonator,impersonator,impersonator,impersonator,impersonator,impersonator
343,impersonator,impersonator,impersonator,impersonator,impersonator,impersonator,impersonator,impersonator,impersonator
344,impersonator,impersonator,impersonator,impersonator,impersonator,impersonator,impersonator,impersonator,impersonator
345,impersonator,impersonator,impersonator,impersonator,impersonator,impersonator,impersonator,impersonator,impersonator
346,impersonator,impersonator,impersonator,impersonator,impersonator,impersonator,impersonator,impersonator,impersonator
347,impersonator,impersonator,impersonator,impersonator,impersonator,impersonator,impersonator,impersonator,impersonator
348,impersonator,impersonator,impersonator,impersonator,impersonator,impersonator,impersonator,impersonator,impersonator
349,impersonator,impersonator,impersonator,impersonator,impersonator,impersonator,impersonator,impersonator,impersonator
350,impersonator,impersonator,impersonator,impersonator,impersonator,impersonator,impersonator,impersonator,impersonator
351,impersonator,impersonator,impersonator,impersonator,impersonator,impersonator,impersonator,impersonator,impersonator
352,impersonator,impersonator,impersonator,impersonator,impersonator,impersonator,impersonator,impersonator,impersonator
353,impersonator,impersonator,impersonator,impersonator,impersonator,impersonator,impersonator,impersonator,impersonator
354,impersonator,impersonator,impersonator,impersonator,impersonator,impersonator,impersonator,impersonator,impersonator
355,impersonator,impersonator,impersonator,impersonator,impersonator,impersonator,impersonator,impersonator,impersonator
356,impersonator,impersonator,impersonator,impersonator,impersonator,impersonator,impersonator,impersonator,impersonator
357,impersonator,impersonator,impersonator,impersonator,impersonator,impersonator,impersonator,impersonator,impersonator
358,impersonator,impersonator,impersonator,impersonator,impersonator,impersonator,impersonator,impersonator,impersonator
359,impersonator,impersonator,impersonator,impersonator,mismatch,impersonator,impersonator,impersonator,impersonator
360,impersonator,impersonator,impersonator,impersonator,impersonator,impersonator,impersonator,impersonator,impersonator
361,impersonator,impersonator,impersonator,impersonator,impersonator,impersonator,impersonator,impersonator,impersonator
362,impersonator,impersonator,impersonator,impersonator,impersonator,impersonator,impersonator,impersonator,impersonator
363,impersonator,impersonator,impersonator,impersonator,impersonator,impersonator,impersonator,impersonator,impersonator
364,impersonator,impersonator,impersonator,impersonator,impersonator,impersonator,impersonator,impersonator,impersonator
365,impersonator,impersonator,impersonator,impersonator,impersonator,impersonator,impersonator,impersonator,impersonator
366,impersonator,impersonator,impersonator,impersonator,impersonator,impersonator,impersonator,impersonator,impersonator
367,impersonator,impersonator,impersonator,impersonator,impersonator,impersonator,impersonator,impersonator,impersonator
368,impersonator,impersonator,impersonator,impersonator,impersonator,impersonator,impersonator,impersonator,impersonator
369,impersonator,impersonator,impersonator,impersonator,impersonator,impersonator,impersonator,impersonator,impersonator
370,impersonator,impersonator,impersonator,impersonator,impersonator,impersonator,impersonator,impersonator,impersonator
371,impersonator,impersonator,impersonator,impersonator,impersonator,impersonator,impersonator,impersonator,impersonator
372,impersonator,impersonator,impersonator,impersonator,impersonator,impersonator,impersonator,mismatch,impersonator
373,impersonator,impersonator,impersonator,impersonator,impersonator,impersonator,impersonator,impersonator,impersonator
374,impersonator,impersonator,impersonator,impersonator,impersonator,impersonator,impersonator,impersonator,impersonator
375,impersonator,impersonator,impersonator,impersonator,impersonator,impersonator,impersonator,impersonator,impersonator
376,impersonator,impersonator,impersonator,impersonator,impersonator,impersonator,impersonator,impersonator,impersonator
377,impersonator,impersonator,impersonator,impersonator,impersonator,impersonator,impersonator,impersonator,impersonator
378,impersonator,impersonator,impersonator,mismatch,impersonator,impersonator,impersonator,impersonator,impersonator
379,impersonator,impersonator,impersonator,impersonator,impersonator,impersonator,impersonator,impersonator,impersonator
380,impersonator,impersonator,impersonator,impersonator,impersonator,impersonator,impersonator,impersonator,impersonator
381,impersonator,impersonator,impersonator,impersonator,impersonator,match,impersonator,impersonator,impersonator
382,impersonator,impersonator,impersonator,impersonator,impersonator,impersonator,impersonator,impersonator,impersonator
383,impersonator,impersonator,impersonator,mismatch,impersonator,impersonator,mismatch,impersonator,impersonator
384,impersonator,impersonator,impersonator,impersonator,impersonator,impersonator,impersonator,impersonator,impersonator
385,impersonator,impersonator,impersonator,impersonator,impersonator,impersonator,impersonator,impersonator,impersonator
386,impersonator,impersonator,impersonator,impersonator,impersonator,impersonator,impersonator,impersonator,impersonator
387,impersonator,impersonator,impersonator,impersonator,impersonator,impersonator,impersonator,impersonator,impersonator
388,impersonator,impersonator,impersonator,impersonator,impersonator,impersonator,impersonator,impersonator,impersonator
389,impersonator,impersonator,impersonator,match,impersonator,impersonator,impersonator,impersonator,match
390,impersonator,match,impersonator,impersonator,impersonator,impersonator,impersonator,impersonator,impersonator
391,impersonator,impersonator,impersonator,impersonator,impersonator,impersonator,impersonator,impersonator,impersonator
392,impersonator,match,impersonator,impersonator,impersonator,impersonator,mismatch,impersonator,impersonator
393,impersonator,impersonator,impersonator,mismatch,impersonator,impersonator,impersonator,match,impersonator
394,impersonator,impersonator,impersonator,impersonator,impersonator,impersonator,impersonator,impersonator,impersonator
395,impersonator,impersonator,impersonator,impersonator,impersonator,impersonator,impersonator,impersonator,impersonator
396,impersonator,impersonator,impersonator,impersonator,impersonator,impersonator,impersonator,impersonator,match
397,impersonator,impersonator,impersonator,impersonator,match,impersonator,impersonator,impersonator,impersonator
398,impersonator,impersonator,impersonator,impersonator,impersonator,impersonator,impersonator,impersonator,impersonator
399,impersonator,impersonator,impersonator,impersonator,impersonator,impersonator,impersonator,impersonator,impersonator
400,impersonator,impersonator,impersonator,mismatch,impersonator,impersonator,mismatch,impersonator,impersonator
401,impersonator,impersonator,impersonator,impersonator,impersonator,impersonator,impersonator,impersonator,impersonator
402,impersonator,impersonator,impersonator,impersonator,impersonator,impersonator,impersonator,impersonator,impersonator
403,impersonator,impersonator,impersonator,impersonator,impersonator,impersonator,impersonator,impersonator,impersonator
404,impersonator,impersonator,impersonator,impersonator,impersonator,impersonator,impersonator,impersonator,impersonator
405,impersonator,impersonator,impersonator,match,impersonator,impersonator,impersonator,impersonator,impersonator
406,impersonator,impersonator,impersonator,impersonator,impersonator,impersonator,impersonator,impersonator,impersonator
407,impersonator,impersonator,impersonator,impersonator,impersonator,impersonator,impersonator,impersonator,impersonator
408,impersonator,impersonator,impersonator,impersonator,match,impersonator,impersonator,mismatch,impersonator
409,impersonator,impersonator,impersonator,impersonator,impersonator,impersonator,impersonator,impersonator,impersonator
410,impersonator,impersonator,match,impersonator,impersonator,impersonator,impersonator,impersonator,match
411,impersonator,impersonator,impersonator,impersonator,impersonator,impersonator,impersonator,match,impersonator
412,impersonator,mismatch,impersonator,impersonator,impersonator,impersonator,match,impersonator,mismatch
413,impersonator,impersonator,impersonator,impersonator,impersonator,impersonator,mismatch,mismatch,impersonator
414,impersonator,impersonator,impersonator,impersonator,impersonator,impersonator,impersonator,impersonator,impersonator
415,impersonator,impersonator,impersonator,impersonator,impersonator,impersonator,impersonator,impersonator,impersonator
416,impersonator,impersonator,impersonator,impersonator,impersonator,impersonator,impersonator,mismatch,impersonator
417,impersonator,impersonator,impersonator,impersonator,impersonator,impersonator,impersonator,impersonator,impersonator
418,impersonator,impersonator,impersonator,match,impersonator,impersonator,impersonator,impersonator,impersonator
419,impersonator,impersonator,impersonator,impersonator,mismatch,impersonator,impersonator,impersonator,impersonator
420,impersonator,impersonator,impersonator,match,impersonator,impersonator,impersonator,impersonator,impersonator
421,impersonator,impersonator,impersonator,impersonator,impersonator,impersonator,impersonator,impersonator,impersonator
422,impersonator,impersonator,impersonator,impersonator,impersonator,impersonator,impersonator,impersonator,impersonator
423,impersonator,impersonator,impersonator,impersonator,impersonator,impersonator,impersonator,impersonator,impersonator
424,impersonator,impersonator,impersonator,impersonator,impersonator,impersonator,impersonator,impersonator,impersonator
425,impersonator,impersonator,impersonator,impersonator,impersonator,impersonator,impersonator,impersonator,impersonator
426,impersonator,impersonator,impersonator,impersonator,impersonator,impersonator,impersonator,impersonator,impersonator
427,impersonator,impersonator,impersonator,impersonator,impersonator,impersonator,impersonator,impersonator,impersonator
428,impersonator,impersonator,impersonator,impersonator,impersonator,impersonator,impersonator,impersonator,impersonator
429,impersonator,impersonator,impersonator,impersonator,impersonator,mismatch,impersonator,mismatch,impersonator
430,impersonator,impersonator,impersonator,impersonator,impersonator,match,impersonator,impersonator,impersonator
431,impersonator,impersonator,impersonator,impersonator,impersonator,impersonator,impersonator,impersonator,impersonator
432,impersonator,impersonator,impersonator,impersonator,match,impersonator,impersonator,mismatch,impersonator
433,impersonator,impersonator,impersonator,impersonator,impersonator,impersonator,impersonator,impersonator,impersonator
434,impersonator,impersonator,impersonator,impersonator,impersonator,impersonator,impersonator,impersonator,impersonator
435,impersonator,mismatch,impersonator,match,mismatch,impersonator,impersonator,impersonator,impersonator
436,impersonator,impersonator,impersonator,impersonator,impersonator,impersonator,impersonator,impersonator,impersonator
437,impersonator,impersonator,impersonator,impersonator,impersonator,impersonator,impersonator,impersonator,impersonator
438,impersonator,impersonator,impersonator,impersonator,mismatch,impersonator,mismatch,impersonator,impersonator
439,impersonator,impersonator,impersonator,mismatch,impersonator,impersonator,impersonator,impersonator,impersonator
440,impersonator,match,impersonator,impersonator,impersonator,impersonator,impersonator,impersonator,impersonator
441,impersonator,impersonator,impersonator,impersonator,impersonator,impersonator,match,impersonator,mismatch
442,impersonator,impersonator,match,impersonator,impersonator,impersonator,impersonator,impersonator,impersonator
443,impersonator,impersonator,impersonator,impersonator,impersonator,impersonator,impersonator,impersonator,mismatch
444,impersonator,impersonator,match,impersonator,impersonator,impersonator,impersonator,impersonator,impersonator
445,impersonator,impersonator,impersonator,impersonator,impersonator,impersonator,match,impersonator,impersonator
446,impersonator,match,impersonator,impersonator,impersonator,impersonator,match,impersonator,impersonator
447,impersonator,match,match,impersonator,impersonator,impersonator,impersonator,impersonator,impersonator
448,impersonator,impersonator,impersonator,impersonator,impersonator,impersonator,impersonator,impersonator,match
449,impersonator,impersonator,impersonator,impersonator,impersonator,impersonator,impersonator,impersonator,match
450,impersonator,impersonator,impersonator,impersonator,impersonator,impersonator,impersonator,impersonator,impersonator
451,impersonator,match,impersonator,impersonator,match,impersonator,impersonator,impersonator,impersonator
452,impersonator,impersonator,impersonator,impersonator,match,match,impersonator,impersonator,match
453,impersonator,impersonator,impersonator,impersonator,impersonator,impersonator,match,impersonator,match
454,impersonator,match,impersonator,mismatch,impersonator,impersonator,impersonator,impersonator,impersonator
455,impersonator,impersonator,match,impersonator,match,impersonator,impersonator,impersonator,impersonator
456,impersonator,mismatch,impersonator,impersonator,match,impersonator,impersonator,impersonator,impersonator
457,impersonator,impersonator,impersonator,impersonator,match,impersonator,impersonator,mismatch,match
458,impersonator,impersonator,impersonator,match,impersonator,impersonator,impersonator,impersonator,impersonator
459,impersonator,impersonator,impersonator,mismatch,impersonator,impersonator,impersonator,impersonator,impersonator
460,impersonator,impersonator,impersonator,impersonator,impersonator,impersonator,impersonator,impersonator,impersonator
461,impersonator,impersonator,impersonator,match,impersonator,impersonator,impersonator,impersonator,impersonator
462,impersonator,impersonator,impersonator,match,impersonator,impersonator,impersonator,impersonator,impersonator
463,impersonator,match,mismatch,impersonator,impersonator,impersonator,impersonator,mismatch,impersonator
464,impersonator,impersonator,impersonator,impersonator,impersonator,impersonator,impersonator,impersonator,impersonator
465,impersonator,match,impersonator,impersonator,match,impersonator,impersonator,impersonator,impersonator
466,impersonator,impersonator,impersonator,impersonator,impersonator,impersonator,mismatch,impersonator,impersonator
467,impersonator,impersonator,match,impersonator,impersonator,impersonator,mismatch,impersonator,impersonator
468,impersonator,impersonator,impersonator,impersonator,impersonator,impersonator,impersonator,match,impersonator
469,impersonator,impersonator,match,impersonator,impersonator,mismatch,impersonator,match,impersonator
470,impersonator,impersonator,impersonator,impersonator,impersonator,impersonator,impersonator,impersonator,mismatch
471,impersonator,impersonator,impersonator,impersonator,impersonator,impersonator,impersonator,impersonator,impersonator
472,impersonator,impersonator,match,impersonator,impersonator,impersonator,impersonator,match,impersonator
473,impersonator,impersonator,impersonator,impersonator,impersonator,impersonator,impersonator,impersonator,impersonator
474,impersonator,match,impersonator,impersonator,impersonator,match,impersonator,impersonator,impersonator
475,impersonator,impersonator,impersonator,impersonator,impersonator,match,impersonator,impersonator,impersonator
476,impersonator,impersonator,impersonator,impersonator,impersonator,impersonator,impersonator,match,impersonator
477,impersonator,impersonator,impersonator,impersonator,impersonator,impersonator,impersonator,impersonator,impersonator
478,impersonator,impersonator,impersonator,impersonator,impersonator,impersonator,impersonator,impersonator,impersonator
479,impersonator,impersonator,impersonator,impersonator,impersonator,impersonator,impersonator,impersonator,impersonator
480,impersonator,match,impersonator,match,match,impersonator,impersonator,impersonator,impersonator
481,impersonator,impersonator,impersonator,impersonator,impersonator,impersonator,impersonator,match,impersonator
482,impersonator,impersonator,impersonator,impersonator,impersonator,impersonator,impersonator,impersonator,match
483,impersonator,impersonator,mismatch,impersonator,impersonator,impersonator,impersonator,impersonator,impersonator
484,impersonator,match,impersonator,match,match,match,impersonator,impersonator,impersonator
485,impersonator,impersonator,impersonator,impersonator,impersonator,match,impersonator,impersonator,impersonator
486,impersonator,match,impersonator,impersonator,impersonator,match,impersonator,match,impersonator
487,impersonator,impersonator,impersonator,impersonator,impersonator,impersonator,impersonator,impersonator,match
488,impersonator,mismatch,impersonator,impersonator,match,impersonator,impersonator,impersonator,impersonator
489,impersonator,impersonator,impersonator,impersonator,impersonator,match,impersonator,impersonator,impersonator
490,impersonator,impersonator,impersonator,impersonator,impersonator,impersonator,impersonator,impersonator,impersonator
491,impersonator,impersonator,impersonator,impersonator,impersonator,impersonator,impersonator,impersonator,impersonator
492,impersonator,impersonator,impersonator,impersonator,impersonator,impersonator,impersonator,match,impersonator
493,impersonator,impersonator,impersonator,impersonator,impersonator,impersonator,impersonator,impersonator,impersonator
494,impersonator,impersonator,match,impersonator,impersonator,impersonator,impersonator,mismatch,match
495,impersonator,mismatch,impersonator,match,impersonator,match,impersonator,impersonator,impersonator
496,impersonator,impersonator,impersonator,impersonator,impersonator,impersonator,impersonator,impersonator,impersonator
497,impersonator,impersonator,mismatch,impersonator,match,impersonator,impersonator,impersonator,impersonator
498,impersonator,impersonator,impersonator,impersonator,impersonator,impersonator,impersonator,impersonator,impersonator
499,impersonator,impersonator,impersonator,impersonator,impersonator,impersonator,match,match,impersonator
500,impersonator,impersonator,impersonator,impersonator,impersonator,impersonator,impersonator,impersonator,match
501,impersonator,impersonator,mismatch,match,impersonator,impersonator,mismatch,impersonator,impersonator
502,impersonator,impersonator,impersonator,impersonator,impersonator,impersonator,impersonator,impersonator,impersonator
503,impersonator,impersonator,impersonator,impersonator,impersonator,impersonator,impersonator,impersonator,impersonator
504,impersonator,impersonator,impersonator,impersonator,impersonator,impersonator,impersonator,impersonator,match
505,impersonator,impersonator,match,impersonator,impersonator,impersonator,impersonator,match,impersonator
506,impersonator,match,match,match,match,match,match,match,match
507,impersonator,match,match,match,match,match,match,match,match
508,impersonator,match,match,match,match,match,match,match,match
509,impersonator,match,match,match,match,match,match,match,match
510,impersonator,match,match,match,match,match,match,match,match
511,impersonator,match,match,match,match,match,match,match,match
512,impersonator,match,match,match,match,match,match,match,match
513,impersonator,match,match,match,match,match,match,match,match
514,impersonator,match,match,match,match,match,match,match,match
515,impersonator,match,match,match,match,match,match,match,match
516,impersonator,match,match,match,match,match,match,match,match
517,impersonator,match,match,match,match,match,match,match,match
518,impersonator,match,match,match,match,match,match,match,match
519,impersonator,match,match,match,match,match,match,match,match
520,impersonator,match,match,match,match,match,match,match,match
521,impersonator,match,match,match,match,match,match,match,match
522,impersonator,match,match,match,match,match,match,match,match
523,impersonator,match,match,match,match,match,match,match,match
524,impersonator,match,match,match,match,match,match,match,match
525,impersonator,match,match,match,match,match,match,match,match
526,impersonator,match,match,match,match,match,match,match,match
527,impersonator,match,match,match,match,match,match,match,match
528,impersonator,match,match,match,match,match,match,match,match
529,impersonator,match,match,match,match,match,match,match,match
530,impersonator,match,match,match,match,match,match,match,match
531,impersonator,match,match,match,match,match,match,match,match
532,impersonator,match,match,match,match,match,match,match,match
533,impersonator,match,match,match,match,match,match,match,match
534,impersonator,match,match,match,match,match,match,match,match
535,impersonator,match,match,match,match,match,match,match,match
536,impersonator,match,match,match,match,match,match,match,match
537,impersonator,match,match,match,match,match,match,match,match
538,impersonator,match,match,match,match,match,match,match,match
539,impersonator,match,match,match,match,match,match,match,match
540,impersonator,match,match,match,match,match,match,match,match
541,impersonator,match,match,match,match,match,match,match,match
542,impersonator,match,match,match,match,match,match,match,match
543,impersonator,match,match,match,match,match,match,match,match
544,impersonator,match,match,match,match,match,match,match,match
545,impersonator,match,match,match,match,match,match,match,match
546,impersonator,match,match,match,match,match,match,match,match
547,impersonator,match,match,match,match,match,match,match,match
548,impersonator,match,match,match,match,match,match,match,match
549,impersonator,match,match,match,match,match,match,match,match
550,impersonator,match,match,match,match,match,match,match,match
551,impersonator,match,match,match,match,match,match,match,match
552,impersonator,match,match,match,match,match,match,match,match
553,impersonator,match,match,match,match,match,match,match,match
554,impersonator,match,match,match,match,match,match,match,match
555,impersonator,match,match,match,match,match,match,mismatch,match
556,impersonator,match,match,match,match,match,match,match,match
557,impersonator,match,match,match,match,match,match,match,match
558,impersonator,match,match,match,match,match,match,match,match
559,impersonator,match,match,match,match,match,match,match,match
560,impersonator,match,match,match,match,match,match,match,match
561,impersonator,match,match,match,match,match,match,match,match
562,impersonator,mismatch,match,match,match,match,match,match,match
563,impersonator,match,match,match,match,match,match,match,match
564,impersonator,match,match,match,match,match,match,match,match
565,impersonator,match,match,match,match,match,match,match,match
566,impersonator,match,match,match,match,match,match,match,match
567,impersonator,match,match,match,match,match,match,match,match
568,impersonator,match,match,match,match,match,match,match,match
569,impersonator,match,match,match,match,match,match,impersonator,impersonator
570,impersonator,impersonator,impersonator,impersonator,impersonator,impersonator,impersonator,impersonator,impersonator
571,impersonator,impersonator,impersonator,impersonator,impersonator,impersonator,impersonator,impersonator,impersonator
572,impersonator,impersonator,impersonator,impersonator,impersonator,impersonator,impersonator,impersonator,impersonator
573,impersonator,impersonator,impersonator,impersonator,impersonator,impersonator,impersonator,impersonator,impersonator
574,impersonator,impersonator,impersonator,impersonator,impersonator,impersonator,impersonator,impersonator,impersonator
575,impersonator,impersonator,impersonator,impersonator,impersonator,impersonator,impersonator,impersonator,impersonator
576,impersonator,impersonator,impersonator,impersonator,impersonator,impersonator,impersonator,impersonator,impersonator
577,impersonator,impersonator,impersonator,impersonator,impersonator,impersonator,impersonator,impersonator,impersonator
578,impersonator,impersonator,impersonator,impersonator,impersonator,impersonator,impersonator,impersonator,impersonator
579,impersonator,impersonator,impersonator,impersonator,impersonator,impersonator,impersonator,impersonator,impersonator
580,impersonator,impersonator,impersonator,impersonator,impersonator,impersonator,impersonator,impersonator,impersonator
581,impersonator,impersonator,impersonator,impersonator,impersonator,impersonator,impersonator,impersonator,impersonator
582,impersonator,impersonator,impersonator,impersonator,impersonator,impersonator,impersonator,impersonator,impersonator
583,impersonator,impersonator,impersonator,impersonator,impersonator,impersonator,impersonator,impersonator,impersonator
584,impersonator,impersonator,impersonator,impersonator,impersonator,impersonator,impersonator,impersonator,impersonator
585,impersonator,impersonator,impersonator,impersonator,impersonator,impersonator,impersonator,impersonator,impersonator
586,impersonator,impersonator,impersonator,impersonator,impersonator,impersonator,impersonator,impersonator,impersonator
587,impersonator,impersonator,impersonator,impersonator,impersonator,impersonator,impersonator,impersonator,impersonator
588,impersonator,impersonator,impersonator,impersonator,impersonator,impersonator,impersonator,impersonator,impersonator
589,impersonator,impersonator,impersonator,impersonator,impersonator,impersonator,impersonator,impersonator,impersonator
590,impersonator,impersonator,impersonator,impersonator,impersonator,impersonator,impersonator,impersonator,impersonator
591,impersonator,impersonator,impersonator,impersonator,impersonator,impersonator,impersonator,impersonator,impersonator
592,impersonator,impersonator,impersonator,impersonator,impersonator,impersonator,impersonator,impersonator,impersonator
593,impersonator,impersonator,impersonator,impersonator,impersonator,impersonator,impersonator,impersonator,impersonator
594,impersonator,impersonator,impersonator,impersonator,impersonator,impersonator,impersonator,impersonator,impersonator
595,impersonator,impersonator,impersonator,impersonator,impersonator,impersonator,impersonator,impersonator,impersonator
596,impersonator,impersonator,impersonator,impersonator,impersonator,impersonator,impersonator,impersonator,impersonator
597,impersonator,impersonator,impersonator,impersonator,impersonator,impersonator,impersonator,impersonator,impersonator
598,impersonator,impersonator,impersonator,impersonator,impersonator,impersonator,impersonator,impersonator,impersonator
599,impersonator,impersonator,impersonator,impersonator,impersonator,impersonator,impersonator,impersonator,impersonator
600,impersonator,impersonator,impersonator,impersonator,impersonator,impersonator,impersonator,impersonator,impersonator
601,impersonator,impersonator,impersonator,impersonator,impersonator,impersonator,impersonator,impersonator,impersonator
602,impersonator,impersonator,impersonator,impersonator,impersonator,impersonator,impersonator,impersonator,impersonator
603,impersonator,impersonator,impersonator,impersonator,impersonator,impersonator,impersonator,impersonator,impersonator
604,impersonator,impersonator,impersonator,impersonator,impersonator,impersonator,impersonator,impersonator,impersonator
605,impersonator,impersonator,impersonator,impersonator,impersonator,impersonator,impersonator,impersonator,impersonator
606,impersonator,impersonator,impersonator,impersonator,impersonator,impersonator,impersonator,impersonator,impersonator
607,impersonator,impersonator,impersonator,impersonator,impersonator,impersonator,impersonator,impersonator,impersonator
608,impersonator,impersonator,impersonator,impersonator,impersonator,impersonator,impersonator,impersonator,impersonator
609,impersonator,impersonator,impersonator,impersonator,impersonator,impersonator,impersonator,impersonator,impersonator
610,impersonator,impersonator,impersonator,impersonator,impersonator,impersonator,impersonator,impersonator,impersonator
611,impersonator,impersonator,impersonator,impersonator,impersonator,impersonator,impersonator,impersonator,impersonator
612,impersonator,impersonator,impersonator,impersonator,impersonator,impersonator,impersonator,impersonator,impersonator
613,impersonator,impersonator,impersonator,impersonator,impersonator,impersonator,impersonator,impersonator,impersonator
614,impersonator,impersonator,impersonator,impersonator,impersonator,impersonator,impersonator,impersonator,impersonator
615,impersonator,impersonator,impersonator,impersonator,impersonator,impersonator,impersonator,impersonator,impersonator
616,impersonator,impersonator,impersonator,impersonator,impersonator,impersonator,impersonator,impersonator,impersonator
617,impersonator,impersonator,impersonator,impersonator,impersonator,impersonator,impersonator,impersonator,impersonator
618,impersonator,impersonator,impersonator,impersonator,impersonator,impersonator,impersonator,impersonator,impersonator
619,impersonator,impersonator,impersonator,impersonator,impersonator,impersonator,impersonator,impersonator,impersonator
620,impersonator,impersonator,impersonator,impersonator,impersonator,impersonator,impersonator,impersonator,impersonator
621,impersonator,impersonator,impersonator,impersonator,impersonator,impersonator,impersonator,impersonator,impersonator
622,impersonator,impersonator,impersonator,impersonator,impersonator,impersonator,impersonator,impersonator,impersonator
623,impersonator,impersonator,impersonator,impersonator,impersonator,impersonator,impersonator,impersonator,impersonator
624,impersonator,impersonator,impersonator,impersonator,impersonator,impersonator,impersonator,impersonator,impersonator
625,impersonator,impersonator,impersonator,impersonator,impersonator,impersonator,impersonator,impersonator,impersonator
626,impersonator,impersonator,impersonator,impersonator,impersonator,impersonator,impersonator,impersonator,impersonator
627,impersonator,impersonator,impersonator,impersonator,impersonator,impersonator,impersonator,impersonator,impersonator
628,impersonator,impersonator,impersonator,impersonator,impersonator,impersonator,impersonator,impersonator,impersonator
629,impersonator,impersonator,impersonator,impersonator,impersonator,impersonator,impersonator,impersonator,impersonator
630,impersonator,impersonator,impersonator,impersonator,impersonator,impersonator,impersonator,impersonator,impersonator
631,impersonator,impersonator,impersonator,impersonator,impersonator,impersonator,impersonator,impersonator,impersonator
632,impersonator,impersonator,impersonator,impersonator,impersonator,impersonator,impersonator,impersonator,impersonator
633,impersonator,impersonator,impersonator,impersonator,impersonator,impersonator,impersonator,impersonator,impersonator
634,impersonator,impersonator,impersonator,impersonator,impersonator,impersonator,impersonator,impersonator,impersonator
635,impersonator,impersonator,impersonator,impersonator,impersonator,impersonator,impersonator,impersonator,impersonator
636,impersonator,impersonator,impersonator,impersonator,impersonator,impersonator,impersonator,impersonator,impersonator
637,impersonator,impersonator,impersonator,impersonator,impersonator,impersonator,impersonator,impersonator,impersonator
638,impersonator,impersonator,impersonator,impersonator,impersonator,impersonator,impersonator,impersonator,impersonator
639,impersonator,mismatch,impersonator,impersonator,impersonator,impersonator,impersonator,impersonator,impersonator
640,impersonator,impersonator,impersonator,impersonator,impersonator,impersonator,impersonator,impersonator,impersonator
641,impersonator,impersonator,impersonator,impersonator,impersonator,impersonator,impersonator,impersonator,impersonator
642,impersonator,impersonator,impersonator,impersonator,impersonator,impersonator,impersonator,impersonator,impersonator
643,impersonator,impersonator,impersonator,impersonator,impersonator,impersonator,impersonator,impersonator,impersonator
644,impersonator,impersonator,impersonator,impersonator,impersonator,impersonator,impersonator,impersonator,impersonator
645,impersonator,impersonator,impersonator,impersonator,impersonator,impersonator,impersonator,impersonator,impersonator
646,impersonator,impersonator,impersonator,impersonator,impersonator,impersonator,impersonator,impersonator,impersonator
647,impersonator,impersonator,impersonator,impersonator,impersonator,impersonator,impersonator,impersonator,impersonator
648,impersonator,impersonator,impersonator,impersonator,impersonator,impersonator,impersonator,impersonator,impersonator
649,impersonator,impersonator,impersonator,impersonator,impersonator,impersonator,impersonator,impersonator,impersonator
650,impersonator,impersonator,impersonator,impersonator,impersonator,impersonator,impersonator,impersonator,impersonator
651,impersonator,impersonator,impersonator,impersonator,impersonator,impersonator,impersonator,impersonator,impersonator
652,impersonator,impersonator,impersonator,impersonator,impersonator,impersonator,impersonator,impersonator,impersonator
653,impersonator,impersonator,impersonator,impersonator,impersonator,impersonator,impersonator,impersonator,impersonator
654,impersonator,impersonator,impersonator,impersonator,impersonator,impersonator,impersonator,impersonator,impersonator
655,impersonator,impersonator,impersonator,impersonator,impersonator,impersonator,impersonator,impersonator,impersonator
656,impersonator,impersonator,impersonator,impersonator,impersonator,impersonator,impersonator,impersonator,impersonator
657,impersonator,impersonator,impersonator,impersonator,impersonator,impersonator,impersonator,impersonator,impersonator
658,impersonator,impersonator,impersonator,impersonator,impersonator,impersonator,impersonator,impersonator,impersonator
659,impersonator,impersonator,impersonator,impersonator,impersonator,impersonator,impersonator,impersonator,impersonator
660,impersonator,impersonator,impersonator,impersonator,impersonator,impersonator,impersonator,impersonator,impersonator
661,impersonator,impersonator,impersonator,impersonator,impersonator,impersonator,impersonator,impersonator,impersonator
662,impersonator,impersonator,impersonator,impersonator,impersonator,impersonator,impersonator,impersonator,impersonator
663,impersonator,impersonator,impersonator,impersonator,impersonator,impersonator,impersonator,impersonator,impersonator
664,impersonator,impersonator,impersonator,impersonator,impersonator,impersonator,impersonator,impersonator,impersonator
665,impersonator,impersonator,impersonator,impersonator,impersonator,impersonator,impersonator,impersonator,impersonator
666,impersonator,impersonator,impersonator,impersonator,impersonator,impersonator,impersonator,impersonator,impersonator
667,impersonator,impersonator,impersonator,impersonator,impersonator,impersonator,impersonator,impersonator,impersonator
668,impersonator,impersonator,impersonator,impersonator,impersonator,impersonator,impersonator,impersonator,impersonator
669,impersonator,impersonator,impersonator,impersonator,impersonator,impersonator,impersonator,impersonator,impersonator
670,impersonator,impersonator,impersonator,impersonator,impersonator,impersonator,impersonator,impersonator,impersonator
671,impersonator,impersonator,impersonator,impersonator,impersonator,impersonator,impersonator,impersonator,impersonator
672,impersonator,impersonator,impersonator,impersonator,impersonator,impersonator,impersonator,impersonator,impersonator
673,impersonator,impersonator,impersonator,impersonator,impersonator,impersonator,impersonator,impersonator,impersonator
674,impersonator,impersonator,impersonator,impersonator,impersonator,impersonator,impersonator,impersonator,impersonator
675,impersonator,impersonator,impersonator,impersonator,impersonator,impersonator,impersonator,impersonator,impersonator
676,impersonator,impersonator,impersonator,impersonator,impersonator,impersonator,impersonator,impersonator,impersonator
677,impersonator,impersonator,impersonator,impersonator,impersonator,impersonator,impersonator,impersonator,impersonator
678,impersonator,impersonator,impersonator,impersonator,impersonator,impersonator,impersonator,impersonator,impersonator
679,impersonator,impersonator,impersonator,impersonator,impersonator,impersonator,impersonator,impersonator,impersonator
680,impersonator,impersonator,impersonator,impersonator,impersonator,impersonator,impersonator,impersonator,impersonator
681,impersonator,impersonator,impersonator,impersonator,impersonator,impersonator,impersonator,impersonator,impersonator
682,impersonator,impersonator,impersonator,impersonator,impersonator,impersonator,impersonator,impersonator,impersonator
683,impersonator,impersonator,impersonator,impersonator,impersonator,impersonator,impersonator,impersonator,impersonator
684,impersonator,impersonator,impersonator,impersonator,impersonator,impersonator,impersonator,impersonator,impersonator
685,impersonator,impersonator,impersonator,impersonator,impersonator,impersonator,impersonator,impersonator,impersonator
686,impersonator,impersonator,impersonator,impersonator,impersonator,impersonator,impersonator,impersonator,impersonator
687,impersonator,impersonator,impersonator,impersonator,impersonator,impersonator,impersonator,impersonator,impersonator
688,impersonator,impersonator,impersonator,impersonator,impersonator,impersonator,impersonator,impersonator,impersonator
689,impersonator,impersonator,impersonator,impersonator,impersonator,impersonator,impersonator,impersonator,impersonator
690,impersonator,impersonator,impersonator,impersonator,impersonator,impersonator,impersonator,impersonator,impersonator
691,impersonator,impersonator,impersonator,impersonator,impersonator,impersonator,impersonator,impersonator,impersonator
692,impersonator,impersonator,impersonator,impersonator,impersonator,impersonator,impersonator,impersonator,impersonator
693,impersonator,impersonator,impersonator,impersonator,impersonator,impersonator,impersonator,impersonator,impersonator
694,impersonator,impersonator,impersonator,impersonator,impersonator,impersonator,impersonator,impersonator,impersonator
695,impersonator,impersonator,impersonator,impersonator,impersonator,impersonator,impersonator,impersonator,impersonator
696,impersonator,impersonator,impersonator,impersonator,impersonator,impersonator,impersonator,impersonator,impersonator
697,impersonator,impersonator,impersonator,impersonator,impersonator,impersonator,impersonator,impersonator,impersonator
698,impersonator,impersonator,impersonator,impersonator,impersonator,impersonator,impersonator,impersonator,impersonator
699,impersonator,impersonator,impersonator,impersonator,impersonator,impersonator,impersonator,impersonator,impersonator
700,impersonator,impersonator,impersonator,impersonator,impersonator,impersonator,impersonator,impersonator,impersonator
701,impersonator,impersonator,impersonator,impersonator,impersonator,impersonator,impersonator,impersonator,impersonator
702,impersonator,impersonator,impersonator,impersonator,impersonator,impersonator,impersonator,impersonator,impersonator
703,impersonator,impersonator,impersonator,impersonator,impersonator,impersonator,impersonator,impersonator,impersonator
704,impersonator,impersonator,impersonator,impersonator,impersonator,impersonator,impersonator,impersonator,impersonator
705,impersonator,impersonator,impersonator,impersonator,impersonator,impersonator,impersonator,impersonator,impersonator
706,impersonator,impersonator,impersonator,impersonator,impersonator,impersonator,impersonator,impersonator,impersonator
707,impersonator,impersonator,impersonator,impersonator,impersonator,impersonator,impersonator,impersonator,impersonator
708,impersonator,impersonator,impersonator,impersonator,impersonator,impersonator,impersonator,impersonator,impersonator
709,impersonator,impersonator,impersonator,impersonator,impersonator,impersonator,impersonator,impersonator,impersonator
710,impersonator,impersonator,impersonator,impersonator,impersonator,impersonator,impersonator,impersonator,impersonator
711,impersonator,impersonator,match,impersonator,impersonator,impersonator,impersonator,impersonator,impersonator
712,impersonator,impersonator,impersonator,impersonator,impersonator,impersonator,impersonator,impersonator,impersonator
713,impersonator,impersonator,impersonator,impersonator,impersonator,impersonator,impersonator,impersonator,impersonator
714,impersonator,impersonator,impersonator,impersonator,mismatch,impersonator,impersonator,impersonator,impersonator
715,impersonator,impersonator,impersonator,impersonator,impersonator,impersonator,impersonator,impersonator,impersonator
716,impersonator,impersonator,impersonator,impersonator,impersonator,impersonator,impersonator,impersonator,impersonator
717,impersonator,impersonator,impersonator,impersonator,impersonator,impersonator,impersonator,impersonator,impersonator
718,impersonator,impersonator,impersonator,impersonator,impersonator,impersonator,impersonator,impersonator,impersonator
719,impersonator,impersonator,impersonator,impersonator,impersonator,impersonator,mismatch,impersonator,impersonator
720,impersonator,impersonator,impersonator,impersonator,impersonator,impersonator,impersonator,impersonator,impersonator
721,impersonator,impersonator,impersonator,impersonator,impersonator,impersonator,impersonator,impersonator,impersonator
722,impersonator,impersonator,impersonator,impersonator,impersonator,impersonator,impersonator,impersonator,impersonator
723,impersonator,impersonator,impersonator,impersonator,impersonator,impersonator,impersonator,impersonator,impersonator
724,impersonator,mismatch,impersonator,impersonator,impersonator,impersonator,impersonator,impersonator,impersonator
725,impersonator,impersonator,impersonator,impersonator,impersonator,impersonator,impersonator,impersonator,impersonator
726,impersonator,impersonator,impersonator,impersonator,impersonator,impersonator,impersonator,impersonator,impersonator
727,impersonator,impersonator,impersonator,impersonator,impersonator,match,impersonator,impersonator,impersonator
728,impersonator,impersonator,impersonator,impersonator,impersonator,impersonator,impersonator,impersonator,impersonator
729,impersonator,impersonator,impersonator,impersonator,impersonator,impersonator,impersonator,impersonator,impersonator
730,impersonator,impersonator,impersonator,impersonator,impersonator,impersonator,impersonator,impersonator,impersonator
731,impersonator,impersonator,impersonator,impersonator,impersonator,impersonator,impersonator,impersonator,impersonator
732,impersonator,impersonator,impersonator,impersonator,impersonator,impersonator,impersonator,impersonator,impersonator
733,impersonator,impersonator,impersonator,impersonator,impersonator,impersonator,impersonator,impersonator,impersonator
734,impersonator,impersonator,impersonator,impersonator,impersonator,impersonator,impersonator,impersonator,impersonator
735,impersonator,impersonator,impersonator,impersonator,impersonator,impersonator,impersonator,impersonator,impersonator
736,impersonator,impersonator,impersonator,impersonator,impersonator,impersonator,impersonator,impersonator,impersonator
737,impersonator,impersonator,impersonator,impersonator,impersonator,impersonator,impersonator,impersonator,impersonator
738,impersonator,impersonator,impersonator,impersonator,impersonator,impersonator,impersonator,impersonator,impersonator
739,impersonator,impersonator,impersonator,impersonator,impersonator,impersonator,impersonator,impersonator,impersonator
740,impersonator,impersonator,impersonator,impersonator,impersonator,impersonator,impersonator,impersonator,impersonator
741,impersonator,impersonator,impersonator,impersonator,impersonator,impersonator,impersonator,impersonator,impersonator
742,impersonator,impersonator,impersonator,impersonator,impersonator,impersonator,impersonator,impersonator,impersonator
743,impersonator,impersonator,impersonator,impersonator,impersonator,impersonator,impersonator,impersonator,impersonator
744,impersonator,impersonator,impersonator,impersonator,impersonator,impersonator,impersonator,impersonator,impersonator
745,impersonator,impersonator,impersonator,impersonator,impersonator,impersonator,impersonator,impersonator,impersonator
746,impersonator,impersonator,impersonator,impersonator,impersonator,impersonator,impersonator,impersonator,impersonator
747,impersonator,impersonator,impersonator,impersonator,impersonator,impersonator,impersonator,impersonator,impersonator
748,impersonator,impersonator,impersonator,mismatch,impersonator,impersonator,impersonator,impersonator,impersonator
749,impersonator,impersonator,impersonator,impersonator,impersonator,impersonator,impersonator,impersonator,impersonator
750,impersonator,impersonator,impersonator,impersonator,impersonator,impersonator,impersonator,impersonator,impersonator
751,impersonator,impersonator,impersonator,impersonator,impersonator,impersonator,impersonator,impersonator,impersonator
752,impersonator,impersonator,impersonator,impersonator,impersonator,impersonator,impersonator,impersonator,impersonator
753,impersonator,impersonator,impersonator,impersonator,impersonator,impersonator,impersonator,impersonator,impersonator
754,impersonator,impersonator,impersonator,impersonator,impersonator,impersonator,impersonator,impersonator,impersonator
755,impersonator,impersonator,impersonator,impersonator,impersonator,impersonator,impersonator,impersonator,impersonator
756,impersonator,impersonator,impersonator,impersonator,impersonator,impersonator,impersonator,impersonator,impersonator
757,impersonator,impersonator,impersonator,impersonator,impersonator,impersonator,impersonator,impersonator,impersonator
758,impersonator,impersonator,impersonator,impersonator,impersonator,impersonator,impersonator,impersonator,impersonator
759,impersonator,impersonator,impersonator,impersonator,impersonator,impersonator,impersonator,impersonator,impersonator
760,impersonator,match,match,match,match,match,impersonator,match,match
761,impersonator,match,match,match,match,match,match,match,match
762,impersonator,match,match,match,match,match,match,match,match
763,impersonator,match,match,match,match,match,match,impersonator,match
764,impersonator,match,match,match,match,match,match,match,match
765,impersonator,match,match,match,match,match,match,match,match
766,impersonator,match,match,match,match,match,match,match,match
767,impersonator,match,match,match,match,match,match,match,match
768,impersonator,match,match,match,match,match,match,match,match
769,impersonator,match,match,match,match,match,match,impersonator,match
770,impersonator,match,match,match,match,match,match,match,match
771,impersonator,match,match,match,match,match,match,match,match
772,impersonator,match,match,match,match,match,match,match,match
773,impersonator,match,match,match,match,match,match,match,match
774,impersonator,match,match,match,match,match,match,match,match
775,impersonator,match,match,match,match,match,match,match,match
776,impersonator,match,match,match,match,match,match,match,match
777,impersonator,match,match,match,match,match,match,match,match
778,impersonator,impersonator,match,match,match,match,match,match,match
779,impersonator,match,match,match,match,match,match,match,match
780,impersonator,match,match,match,match,match,match,match,match
781,impersonator,match,match,match,match,match,match,match,match
782,impersonator,match,impersonator,match,match,match,match,match,match
783,impersonator,match,match,match,match,match,match,match,match
784,impersonator,match,match,match,match,match,match,match,match
785,impersonator,match,match,match,match,match,match,match,match
786,impersonator,match,match,match,match,match,match,match,match
787,impersonator,match,match,match,match,match,match,match,match
788,impersonator,match,match,match,match,match,match,match,match
789,impersonator,match,match,match,match,match,match,match,match
790,impersonator,match,match,match,match,match,match,match,match
791,impersonator,match,match,match,match,match,match,match,match
792,impersonator,match,match,match,match,match,match,match,match
793,impersonator,match,match,match,match,match,match,match,match
794,impersonator,match,match,match,match,match,match,match,match
795,impersonator,match,match,match,match,match,match,match,match
796,impersonator,match,match,match,match,match,match,match,match
797,impersonator,match,impersonator,match,match,match,match,match,match
798,impersonator,impersonator,match,match,match,match,match,match,match
799,impersonator,match,match,match,match,match,match,match,match
800,impersonator,match,match,match,match,match,match,match,match
801,impersonator,match,match,match,match,match,match,match,match
802,impersonator,match,match,match,match,match,match,match,match
803,impersonator,match,match,match,match,match,match,match,match
804,impersonator,match,match,match,match,match,match,match,match
805,impersonator,match,match,match,match,match,match,match,match
806,impersonator,match,match,match,match,match,match,match,match
807,impersonator,match,match,match,match,match,match,match,match
808,impersonator,match,match,match,match,match,match,match,match
809,impersonator,match,match,match,match,match,match,match,match
810,impersonator,match,match,match,match,match,match,match,match
811,impersonator,match,match,match,match,match,match,match,match
812,impersonator,match,match,match,match,match,match,match,match
813,impersonator,match,match,match,match,match,match,match,match
814,impersonator,match,match,match,match,match,match,match,match
815,impersonator,match,match,match,match,match,match,match,match
816,impersonator,match,match,match,match,match,match,match,match
817,impersonator,match,match,match,match,match,match,match,match
818,impersonator,match,match,match,match,match,match,match,match
819,impersonator,match,match,match,match,match,match,match,match
820,impersonator,match,match,match,match,match,match,match,match
821,impersonator,match,match,match,match,impersonator,match,match,match
822,impersonator,match,match,match,match,match,match,match,match
823,impersonator,match,match,match,match,match,match,impersonator,impersonator
824,impersonator,impersonator,impersonator,impersonator,impersonator,impersonator,impersonator,impersonator,impersonator
825,impersonator,impersonator,impersonator,impersonator,impersonator,impersonator,impersonator,impersonator,impersonator
826,impersonator,impersonator,impersonator,impersonator,impersonator,impersonator,impersonator,impersonator,impersonator
827,impersonator,impersonator,impersonator,impersonator,impersonator,impersonator,impersonator,impersonator,impersonator
828,impersonator,impersonator,impersonator,impersonator,impersonator,impersonator,impersonator,impersonator,impersonator
829,impersonator,impersonator,impersonator,impersonator,impersonator,impersonator,impersonator,impersonator,impersonator
830,impersonator,impersonator,impersonator,impersonator,impersonator,impersonator,impersonator,impersonator,impersonator
831,impersonator,impersonator,impersonator,impersonator,impersonator,impersonator,impersonator,impersonator,impersonator
832,impersonator,impersonator,impersonator,impersonator,impersonator,impersonator,impersonator,impersonator,impersonator
833,impersonator,impersonator,impersonator,impersonator,impersonator,impersonator,impersonator,impersonator,impersonator
834,impersonator,impersonator,impersonator,impersonator,impersonator,impersonator,impersonator,impersonator,impersonator
835,impersonator,impersonator,impersonator,impersonator,impersonator,impersonator,impersonator,impersonator,impersonator
836,impersonator,impersonator,impersonator,impersonator,impersonator,impersonator,impersonator,impersonator,impersonator
837,impersonator,impersonator,impersonator,impersonator,impersonator,impersonator,impersonator,impersonator,impersonator
838,impersonator,impersonator,impersonator,impersonator,impersonator,impersonator,impersonator,impersonator,impersonator
839,impersonator,impersonator,impersonator,impersonator,impersonator,impersonator,impersonator,impersonator,impersonator
840,impersonator,impersonator,impersonator,impersonator,impersonator,impersonator,impersonator,impersonator,impersonator
841,impersonator,impersonator,impersonator,impersonator,impersonator,impersonator,impersonator,impersonator,impersonator
842,impersonator,impersonator,impersonator,impersonator,impersonator,impersonator,impersonator,impersonator,impersonator
843,impersonator,impersonator,impersonator,impersonator,impersonator,impersonator,impersonator,impersonator,impersonator
844,impersonator,impersonator,impersonator,impersonator,impersonator,impersonator,impersonator,impersonator,impersonator
845,impersonator,impersonator,impersonator,impersonator,impersonator,impersonator,impersonator,impersonator,impersonator
846,impersonator,impersonator,impersonator,impersonator,impersonator,impersonator,impersonator,impersonator,impersonator
847,impersonator,impersonator,impersonator,impersonator,impersonator,impersonator,impersonator,impersonator,impersonator
848,impersonator,impersonator,impersonator,impersonator,impersonator,impersonator,impersonator,impersonator,impersonator
849,impersonator,impersonator,impersonator,impersonator,impersonator,impersonator,impersonator,impersonator,impersonator
850,impersonator,impersonator,impersonator,impersonator,impersonator,impersonator,impersonator,impersonator,impersonator
851,impersonator,impersonator,impersonator,impersonator,impersonator,impersonator,impersonator,impersonator,impersonator
852,impersonator,impersonator,impersonator,impersonator,impersonator,impersonator,impersonator,impersonator,impersonator
853,impersonator,impersonator,impersonator,impersonator,impersonator,impersonator,impersonator,impersonator,impersonator
854,impersonator,impersonator,impersonator,impersonator,impersonator,impersonator,impersonator,impersonator,impersonator
855,impersonator,impersonator,impersonator,impersonator,impersonator,impersonator,impersonator,impersonator,impersonator
856,impersonator,impersonator,impersonator,impersonator,impersonator,impersonator,impersonator,impersonator,impersonator
857,impersonator,impersonator,impersonator,impersonator,impersonator,impersonator,impersonator,impersonator,impersonator
858,impersonator,impersonator,impersonator,impersonator,impersonator,impersonator,impersonator,impersonator,impersonator
859,impersonator,impersonator,impersonator,impersonator,impersonator,impersonator,impersonator,impersonator,impersonator
860,impersonator,impersonator,impersonator,impersonator,impersonator,impersonator,impersonator,impersonator,impersonator
861,impersonator,impersonator,impersonator,impersonator,impersonator,impersonator,impersonator,impersonator,impersonator
862,impersonator,impersonator,impersonator,impersonator,impersonator,impersonator,impersonator,impersonator,impersonator
863,impersonator,impersonator,impersonator,impersonator,impersonator,impersonator,impersonator,impersonator,impersonator
864,impersonator,impersonator,impersonator,impersonator,impersonator,impersonator,impersonator,impersonator,impersonator
865,impersonator,impersonator,impersonator,impersonator,impersonator,impersonator,impersonator,impersonator,impersonator
866,impersonator,impersonator,impersonator,impersonator,impersonator,impersonator,impersonator,impersonator,impersonator
867,impersonator,impersonator,impersonator,impersonator,impersonator,impersonator,impersonator,impersonator,impersonator
868,impersonator,impersonator,impersonator,impersonator,impersonator,impersonator,impersonator,impersonator,impersonator
869,impersonator,impersonator,impersonator,impersonator,impersonator,impersonator,impersonator,impersonator,impersonator
870,impersonator,impersonator,impersonator,impersonator,impersonator,impersonator,impersonator,impersonator,impersonator
871,impersonator,impersonator,impersonator,impersonator,impersonator,impersonator,impersonator,impersonator,impersonator
872,impersonator,impersonator,impersonator,impersonator,impersonator,impersonator,impersonator,impersonator,impersonator
873,impersonator,impersonator,impersonator,impersonator,impersonator,impersonator,impersonator,impersonator,impersonator
874,impersonator,impersonator,impersonator,impersonator,impersonator,impersonator,impersonator,impersonator,impersonator
875,impersonator,impersonator,impersonator,impersonator,impersonator,impersonator,impersonator,impersonator,impersonator
876,impersonator,impersonator,impersonator,impersonator,impersonator,impersonator,impersonator,impersonator,impersonator
877,impersonator,impersonator,impersonator,impersonator,impersonator,mismatch,impersonator,impersonator,impersonator
878,impersonator,impersonator,impersonator,impersonator,impersonator,impersonator,impersonator,impersonator,impersonator
879,impersonator,impersonator,impersonator,impersonator,impersonator,mismatch,impersonator,impersonator,impersonator
880,impersonator,impersonator,impersonator,impersonator,impersonator,impersonator,impersonator,impersonator,impersonator
881,impersonator,impersonator,impersonator,impersonator,impersonator,impersonator,impersonator,impersonator,impersonator
882,impersonator,mismatch,impersonator,impersonator,impersonator,impersonator,impersonator,impersonator,impersonator
883,impersonator,impersonator,impersonator,impersonator,impersonator,impersonator,impersonator,impersonator,impersonator
884,impersonator,impersonator,impersonator,impersonator,impersonator,impersonator,impersonator,impersonator,impersonator
885,impersonator,impersonator,impersonator,impersonator,impersonator,impersonator,impersonator,impersonator,impersonator
886,impersonator,impersonator,impersonator,impersonator,impersonator,impersonator,impersonator,impersonator,impersonator
887,impersonator,impersonator,impersonator,impersonator,impersonator,impersonator,impersonator,impersonator,impersonator
888,impersonator,impersonator,impersonator,impersonator,impersonator,impersonator,impersonator,impersonator,impersonator
889,impersonator,impersonator,impersonator,impersonator,impersonator,impersonator,impersonator,impersonator,impersonator
890,impersonator,impersonator,impersonator,impersonator,impersonator,impersonator,impersonator,impersonator,impersonator
891,impersonator,impersonator,impersonator,impersonator,impersonator,impersonator,impersonator,impersonator,impersonator
892,impersonator,impersonator,impersonator,impersonator,impersonator,impersonator,impersonator,impersonator,impersonator
893,impersonator,impersonator,impersonator,impersonator,impersonator,impersonator,impersonator,impersonator,impersonator
894,impersonator,impersonator,impersonator,impersonator,impersonator,impersonator,impersonator,impersonator,impersonator
895,impersonator,impersonator,impersonator,impersonator,impersonator,impersonator,impersonator,impersonator,impersonator
896,impersonator,impersonator,impersonator,impersonator,impersonator,impersonator,impersonator,impersonator,impersonator
897,impersonator,impersonator,impersonator,impersonator,impersonator,impersonator,impersonator,impersonator,impersonator
898,impersonator,impersonator,impersonator,impersonator,impersonator,impersonator,impersonator,impersonator,impersonator
899,impersonator,impersonator,impersonator,impersonator,impersonator,impersonator,impersonator,impersonator,impersonator
900,impersonator,impersonator,impersonator,impersonator,impersonator,impersonator,impersonator,impersonator,impersonator
901,impersonator,impersonator,impersonator,impersonator,impersonator,impersonator,impersonator,impersonator,impersonator
902,impersonator,impersonator,impersonator,impersonator,impersonator,impersonator,impersonator,impersonator,impersonator
903,impersonator,impersonator,impersonator,impersonator,impersonator,impersonator,impersonator,impersonator,impersonator
904,impersonator,impersonator,impersonator,impersonator,impersonator,impersonator,impersonator,impersonator,impersonator
905,impersonator,impersonator,impersonator,impersonator,impersonator,impersonator,impersonator,impersonator,impersonator
906,impersonator,impersonator,impersonator,impersonator,impersonator,impersonator,impersonator,impersonator,impersonator
907,impersonator,impersonator,impersonator,impersonator,impersonator,impersonator,impersonator,impersonator,impersonator
908,impersonator,impersonator,impersonator,impersonator,impersonator,impersonator,impersonator,impersonator,impersonator
909,impersonator,impersonator,impersonator,impersonator,impersonator,impersonator,impersonator,impersonator,impersonator
910,impersonator,impersonator,impersonator,impersonator,impersonator,impersonator,impersonator,impersonator,impersonator
911,impersonator,impersonator,impersonator,impersonator,impersonator,impersonator,impersonator,impersonator,impersonator
912,impersonator,impersonator,impersonator,impersonator,impersonator,impersonator,impersonator,impersonator,impersonator
913,impersonator,impersonator,impersonator,impersonator,impersonator,impersonator,impersonator,impersonator,impersonator
914,impersonator,impersonator,impersonator,impersonator,impersonator,impersonator,impersonator,impersonator,impersonator
915,impersonator,impersonator,impersonator,impersonator,impersonator,impersonator,impersonator,impersonator,impersonator
916,impersonator,impersonator,impersonator,impersonator,impersonator,impersonator,impersonator,impersonator,impersonator
917,impersonator,impersonator,impersonator,impersonator,impersonator,impersonator,impersonator,impersonator,impersonator
918,impersonator,impersonator,impersonator,impersonator,impersonator,impersonator,impersonator,impersonator,impersonator
919,impersonator,impersonator,impersonator,impersonator,impersonator,impersonator,impersonator,impersonator,impersonator
920,impersonator,impersonator,impersonator,impersonator,impersonator,impersonator,impersonator,impersonator,impersonator
921,impersonator,impersonator,impersonator,impersonator,impersonator,impersonator,impersonator,impersonator,impersonator
922,impersonator,impersonator,impersonator,impersonator,impersonator,impersonator,impersonator,impersonator,impersonator
923,impersonator,impersonator,impersonator,impersonator,impersonator,impersonator,impersonator,impersonator,impersonator
924,impersonator,impersonator,impersonator,impersonator,impersonator,impersonator,impersonator,impersonator,impersonator
925,impersonator,impersonator,impersonator,impersonator,impersonator,impersonator,impersonator,impersonator,impersonator
926,impersonator,impersonator,impersonator,impersonator,impersonator,impersonator,impersonator,impersonator,impersonator
927,impersonator,impersonator,impersonator,impersonator,impersonator,impersonator,impersonator,impersonator,impersonator
928,impersonator,impersonator,impersonator,impersonator,impersonator,impersonator,impersonator,impersonator,impersonator
929,impersonator,impersonator,impersonator,impersonator,impersonator,impersonator,impersonator,impersonator,impersonator
930,impersonator,impersonator,impersonator,impersonator,impersonator,impersonator,impersonator,impersonator,impersonator
931,impersonator,impersonator,impersonator,impersonator,impersonator,impersonator,impersonator,impersonator,impersonator
932,impersonator,impersonator,impersonator,impersonator,impersonator,impersonator,impersonator,impersonator,impersonator
933,impersonator,impersonator,impersonator,impersonator,impersonator,impersonator,impersonator,impersonator,impersonator
934,impersonator,impersonator,impersonator,impersonator,impersonator,impersonator,impersonator,impersonator,impersonator
935,impersonator,impersonator,impersonator,impersonator,impersonator,impersonator,impersonator,impersonator,impersonator
936,impersonator,impersonator,impersonator,impersonator,impersonator,impersonator,impersonator,impersonator,impersonator
937,impersonator,impersonator,impersonator,impersonator,impersonator,impersonator,impersonator,impersonator,impersonator
938,impersonator,impersonator,impersonator,impersonator,impersonator,impersonator,impersonator,impersonator,impersonator
939,impersonator,impersonator,impersonator,impersonator,impersonator,impersonator,impersonator,impersonator,impersonator
940,impersonator,impersonator,impersonator,impersonator,impersonator,impersonator,impersonator,impersonator,impersonator
941,impersonator,impersonator,impersonator,impersonator,impersonator,impersonator,impersonator,impersonator,impersonator
942,impersonator,impersonator,impersonator,impersonator,impersonator,impersonator,impersonator,impersonator,impersonator
943,impersonator,impersonator,impersonator,impersonator,impersonator,impersonator,impersonator,impersonator,impersonator
944,impersonator,impersonator,impersonator,impersonator,impersonator,impersonator,impersonator,impersonator,impersonator
945,impersonator,impersonator,impersonator,impersonator,impersonator,impersonator,impersonator,impersonator,impersonator
946,impersonator,impersonator,impersonator,impersonator,impersonator,impersonator,impersonator,impersonator,impersonator
947,impersonator,impersonator,impersonator,impersonator,impersonator,impersonator,impersonator,impersonator,impersonator
948,impersonator,impersonator,impersonator,impersonator,impersonator,impersonator,impersonator,impersonator,impersonator
949,impersonator,impersonator,impersonator,impersonator,impersonator,impersonator,impersonator,impersonator,impersonator
950,impersonator,impersonator,impersonator,impersonator,impersonator,impersonator,impersonator,impersonator,impersonator
951,impersonator,impersonator,impersonator,impersonator,impersonator,impersonator,impersonator,impersonator,impersonator
952,impersonator,impersonator,impersonator,impersonator,impersonator,impersonator,impersonator,impersonator,impersonator
953,impersonator,impersonator,impersonator,impersonator,impersonator,impersonator,impersonator,impersonator,impersonator
954,impersonator,impersonator,impersonator,impersonator,impersonator,impersonator,impersonator,impersonator,impersonator
955,impersonator,impersonator,impersonator,impersonator,impersonator,impersonator,impersonator,impersonator,impersonator
956,impersonator,impersonator,impersonator,impersonator,impersonator,impersonator,impersonator,impersonator,impersonator
957,impersonator,impersonator,impersonator,impersonator,impersonator,impersonator,impersonator,impersonator,impersonator
958,impersonator,impersonator,impersonator,impersonator,impersonator,impersonator,impersonator,impersonator,impersonator
959,impersonator,impersonator,impersonator,impersonator,impersonator,impersonator,impersonator,impersonator,impersonator
960,impersonator,impersonator,impersonator,impersonator,impersonator,impersonator,impersonator,impersonator,impersonator
961,impersonator,impersonator,impersonator,impersonator,impersonator,impersonator,impersonator,impersonator,impersonator
962,impersonator,impersonator,impersonator,impersonator,impersonator,impersonator,impersonator,impersonator,impersonator
963,impersonator,impersonator,impersonator,impersonator,impersonator,impersonator,impersonator,impersonator,impersonator
964,impersonator,impersonator,impersonator,impersonator,impersonator,impersonator,impersonator,impersonator,impersonator
965,impersonator,impersonator,impersonator,impersonator,impersonator,impersonator,impersonator,impersonator,impersonator
966,impersonator,impersonator,impersonator,impersonator,impersonator,impersonator,impersonator,impersonator,impersonator
967,impersonator,impersonator,impersonator,impersonator,impersonator,impersonator,impersonator,impersonator,impersonator
968,impersonator,impersonator,impersonator,impersonator,impersonator,impersonator,impersonator,impersonator,impersonator
969,impersonator,impersonator,impersonator,impersonator,impersonator,impersonator,impersonator,impersonator,impersonator
970,impersonator,impersonator,impersonator,impersonator,impersonator,impersonator,impersonator,impersonator,impersonator
971,impersonator,impersonator,impersonator,impersonator,impersonator,impersonator,impersonator,impersonator,impersonator
972,impersonator,impersonator,impersonator,impersonator,impersonator,impersonator,impersonator,impersonator,impersonator
973,impersonator,impersonator,impersonator,impersonator,impersonator,impersonator,impersonator,impersonator,impersonator
974,impersonator,impersonator,impersonator,impersonator,impersonator,impersonator,impersonator,impersonator,impersonator
975,impersonator,impersonator,impersonator,impersonator,impersonator,impersonator,impersonator,impersonator,impersonator
976,impersonator,impersonator,impersonator,impersonator,impersonator,impersonator,impersonator,impersonator,impersonator
977,impersonator,impersonator,impersonator,impersonator,impersonator,impersonator,impersonator,impersonator,impersonator
978,impersonator,impersonator,impersonator,impersonator,impersonator,impersonator,impersonator,impersonator,impersonator
979,impersonator,impersonator,impersonator,impersonator,impersonator,impersonator,impersonator,impersonator,impersonator
980,impersonator,impersonator,impersonator,impersonator,impersonator,impersonator,impersonator,impersonator,impersonator
981,impersonator,impersonator,impersonator,impersonator,impersonator,impersonator,impersonator,impersonator,impersonator
982,impersonator,impersonator,impersonator,impersonator,impersonator,impersonator,impersonator,impersonator,impersonator
983,impersonator,impersonator,impersonator,impersonator,impersonator,impersonator,impersonator,impersonator,impersonator
984,impersonator,impersonator,impersonator,impersonator,impersonator,impersonator,impersonator,impersonator,impersonator
985,impersonator,impersonator,impersonator,impersonator,impersonator,impersonator,impersonator,impersonator,impersonator
986,impersonator,impersonator,impersonator,impersonator,impersonator,impersonator,impersonator,impersonator,impersonator
987,impersonator,impersonator,impersonator,impersonator,impersonator,impersonator,impersonator,impersonator,impersonator
988,impersonator,impersonator,impersonator,impersonator,impersonator,impersonator,impersonator,impersonator,impersonator
989,impersonator,impersonator,impersonator,impersonator,impersonator,impersonator,impersonator,impersonator,impersonator
990,impersonator,impersonator,impersonator,impersonator,impersonator,impersonator,impersonator,impersonator,impersonator
991,impersonator,impersonator,impersonator,impersonator,impersonator,impersonator,impersonator,impersonator,impersonator
992,impersonator,impersonator,impersonator,impersonator,impersonator,impersonator,impersonator,impersonator,impersonator
993,impersonator,impersonator,impersonator,impersonator,impersonator,impersonator,impersonator,impersonator,impersonator
994,impersonator,impersonator,impersonator,impersonator,impersonator,impersonator,impersonator,impersonator,impersonator
995,impersonator,impersonator,impersonator,impersonator,impersonator,impersonator,impersonator,impersonator,impersonator
996,impersonator,impersonator,impersonator,impersonator,impersonator,impersonator,impersonator,impersonator,impersonator
997,impersonator,impersonator,impersonator,impersonator,impersonator,impersonator,impersonator,impersonator,impersonator
998,impersonator,impersonator,impersonator,impersonator,impersonator,impersonator,impersonator,impersonator,impersonator
999,impersonator,impersonator,impersonator,impersonator,impersonator,impersonator,impersonator,impersonator,impersonator
1000,impersonator,impersonator,impersonator,impersonator,impersonator,impersonator,impersonator,impersonator,impersonator
1001,impersonator,impersonator,impersonator,impersonator,impersonator,impersonator,impersonator,impersonator,impersonator
1002,impersonator,impersonator,impersonator,impersonator,impersonator,impersonator,impersonator,impersonator,impersonator
1003,impersonator,impersonator,impersonator,impersonator,impersonator,impersonator,impersonator,impersonator,impersonator
1004,impersonator,impersonator,impersonator,impersonator,impersonator,impersonator,impersonator,impersonator,impersonator
1005,impersonator,impersonator,impersonator,impersonator,impersonator,impersonator,impersonator,impersonator,impersonator
1006,impersonator,impersonator,impersonator,impersonator,impersonator,impersonator,impersonator,impersonator,impersonator
1007,impersonator,impersonator,impersonator,impersonator,impersonator,impersonator,impersonator,impersonator,impersonator
1008,impersonator,impersonator,impersonator,impersonator,impersonator,impersonator,impersonator,impersonator,impersonator
1009,impersonator,impersonator,impersonator,impersonator,impersonator,impersonator,impersonator,impersonator,impersonator
1010,impersonator,match,match,match,impersonator,match,match,match,match
1011,impersonator,match,match,match,match,match,match,match,match
1012,impersonator,match,impersonator,match,impersonator,match,match,match,match
1013,impersonator,match,match,match,match,match,match,match,match
1014,impersonator,match,match,impersonator,impersonator,match,match,match,match
1015,impersonator,match,match,match,match,match,match,match,match
1016,impersonator,match,match,match,match,impersonator,impersonator,impersonator,match
1017,impersonator,match,match,impersonator,match,match,match,match,match
1018,impersonator,mismatch,match,match,match,match,match,match,match
1019,impersonator,match,match,impersonator,match,match,match,match,match
1020,impersonator,match,match,match,match,match,match,match,match
1021,impersonator,match,match,match,match,match,match,match,match
1022,impersonator,match,match,impersonator,match,match,match,match,match
1023,impersonator,match,match,match,match,match,match,impersonator,impersonator
1024,impersonator,match,match,match,match,match,match,match,match
1025,impersonator,match,match,match,match,match,match,match,match
1026,impersonator,match,match,mismatch,match,match,match,match,match
1027,impersonator,match,impersonator,match,match,match,match,match,match
1028,impersonator,match,match,match,match,mismatch,match,impersonator,match
1029,impersonator,match,match,match,match,match,match,match,match
1030,impersonator,match,match,match,match,match,match,match,match
1031,impersonator,match,match,match,match,impersonator,match,match,match
1032,impersonator,match,match,match,impersonator,match,match,match,match
1033,impersonator,match,match,match,match,impersonator,match,match,match
1034,impersonator,match,match,match,match,impersonator,match,match,match
1035,impersonator,match,match,match,impersonator,match,match,match,match
1036,impersonator,match,match,match,match,impersonator,match,match,match
1037,impersonator,match,match,match,match,impersonator,match,impersonator,match
1038,impersonator,mismatch,match,match,match,match,match,match,match
1039,impersonator,impersonator,match,mismatch,match,match,match,match,match
1040,impersonator,match,impersonator,match,match,match,match,match,match
1041,impersonator,match,match,match,match,match,match,match,match
1042,impersonator,match,match,match,match,match,match,match,match
1043,impersonator,match,match,match,match,match,match,match,match
1044,impersonator,impersonator,match,mismatch,match,mismatch,match,match,match
1045,impersonator,match,match,match,match,impersonator,match,match,match
1046,impersonator,match,match,match,match,match,match,match,match
1047,impersonator,match,match,match,match,match,match,match,match
1048,impersonator,match,match,match,impersonator,mismatch,match,match,match
1049,impersonator,match,match,match,match,match,match,match,match
1050,impersonator,match,match,impersonator,match,match,impersonator,match,match
1051,impersonator,match,match,match,match,match,match,impersonator,match
1052,impersonator,match,impersonator,match,impersonator,match,impersonator,impersonator,match
1053,impersonator,match,match,match,match,match,impersonator,match,impersonator
1054,impersonator,match,match,match,match,match,match,match,match
1055,impersonator,match,match,match,match,match,match,match,impersonator
1056,impersonator,match,match,match,match,match,match,match,match
1057,impersonator,match,match,match,match,match,impersonator,match,impersonator
1058,impersonator,match,mismatch,match,match,match,match,match,match
1059,impersonator,match,match,match,match,match,match,match,impersonator
1060,impersonator,match,match,match,impersonator,match,match,match,impersonator
1061,impersonator,match,match,match,match,match,match,impersonator,match
1062,impersonator,match,match,match,match,match,match,match,match
1063,impersonator,match,match,match,impersonator,match,match,match,match
1064,impersonator,match,match,mismatch,mismatch,match,match,match,match
1065,impersonator,match,match,match,match,match,match,match,match
1066,impersonator,match,impersonator,match,match,match,match,match,match
1067,impersonator,match,match,match,match,match,match,match,match
1068,impersonator,match,match,match,match,impersonator,match,match,match
1069,impersonator,match,match,match,match,match,match,match,match
1070,impersonator,match,impersonator,match,impersonator,match,match,impersonator,match
1071,impersonator,match,match,match,match,match,match,match,match
1072,impersonator,match,match,match,match,match,match,match,match
1073,impersonator,match,match,match,match,match,match,match,match
1074,impersonator,match,match,match,match,match,impersonator,match,impersonator
1075,impersonator,impersonator,impersonator,impersonator,impersonator,impersonator,impersonator,impersonator,impersonator
1076,impersonator,impersonator,impersonator,impersonator,impersonator,impersonator,impersonator,impersonator,impersonator
1077,impersonator,impersonator,impersonator,impersonator,impersonator,impersonator,impersonator,impersonator,impersonator
1078,impersonator,impersonator,impersonator,impersonator,impersonator,impersonator,impersonator,impersonator,impersonator
1079,impersonator,impersonator,impersonator,impersonator,impersonator,impersonator,impersonator,impersonator,impersonator
1080,impersonator,impersonator,impersonator,impersonator,impersonator,impersonator,impersonator,impersonator,impersonator
1081,impersonator,impersonator,impersonator,impersonator,impersonator,impersonator,impersonator,impersonator,impersonator
1082,impersonator,impersonator,impersonator,impersonator,impersonator,impersonator,impersonator,impersonator,impersonator
1083,impersonator,impersonator,impersonator,impersonator,impersonator,impersonator,impersonator,impersonator,impersonator
1084,impersonator,impersonator,impersonator,impersonator,impersonator,impersonator,impersonator,impersonator,impersonator
1085,impersonator,impersonator,impersonator,impersonator,impersonator,impersonator,impersonator,impersonator,impersonator
1086,impersonator,impersonator,impersonator,impersonator,impersonator,impersonator,impersonator,impersonator,impersonator
1087,impersonator,impersonator,impersonator,impersonator,impersonator,impersonator,impersonator,impersonator,impersonator
1088,impersonator,impersonator,impersonator,impersonator,impersonator,impersonator,impersonator,impersonator,impersonator
1089,impersonator,impersonator,impersonator,impersonator,impersonator,impersonator,impersonator,impersonator,impersonator
1090,impersonator,impersonator,impersonator,impersonator,impersonator,impersonator,impersonator,impersonator,impersonator
1091,impersonator,impersonator,impersonator,impersonator,impersonator,impersonator,impersonator,impersonator,impersonator
1092,impersonator,impersonator,impersonator,impersonator,impersonator,impersonator,impersonator,impersonator,impersonator
1093,impersonator,impersonator,impersonator,impersonator,impersonator,impersonator,impersonator,impersonator,impersonator
1094,impersonator,impersonator,impersonator,impersonator,impersonator,impersonator,impersonator,impersonator,impersonator
1095,impersonator,impersonator,impersonator,impersonator,impersonator,impersonator,impersonator,impersonator,impersonator
1096,impersonator,impersonator,impersonator,impersonator,impersonator,impersonator,impersonator,impersonator,impersonator
1097,impersonator,impersonator,impersonator,impersonator,impersonator,impersonator,impersonator,impersonator,impersonator
1098,impersonator,impersonator,impersonator,impersonator,impersonator,impersonator,impersonator,impersonator,impersonator
1099,impersonator,impersonator,impersonator,impersonator,impersonator,impersonator,impersonator,impersonator,impersonator
1100,impersonator,impersonator,impersonator,impersonator,impersonator,impersonator,impersonator,impersonator,impersonator
1101,impersonator,impersonator,impersonator,impersonator,impersonator,impersonator,impersonator,impersonator,impersonator
1102,impersonator,impersonator,impersonator,impersonator,impersonator,impersonator,impersonator,impersonator,impersonator
1103,impersonator,impersonator,impersonator,impersonator,impersonator,impersonator,impersonator,impersonator,impersonator
1104,impersonator,impersonator,impersonator,impersonator,impersonator,impersonator,impersonator,impersonator,impersonator
1105,impersonator,impersonator,impersonator,impersonator,impersonator,impersonator,impersonator,impersonator,impersonator
1106,impersonator,impersonator,impersonator,impersonator,impersonator,impersonator,impersonator,impersonator,impersonator
1107,impersonator,impersonator,impersonator,impersonator,impersonator,impersonator,impersonator,impersonator,impersonator
1108,impersonator,impersonator,impersonator,impersonator,impersonator,impersonator,impersonator,impersonator,impersonator
1109,impersonator,impersonator,impersonator,impersonator,impersonator,impersonator,impersonator,impersonator,impersonator
1110,impersonator,impersonator,impersonator,impersonator,impersonator,impersonator,impersonator,impersonator,impersonator
1111,impersonator,impersonator,impersonator,impersonator,impersonator,impersonator,impersonator,impersonator,impersonator
1112,impersonator,impersonator,impersonator,impersonator,impersonator,impersonator,impersonator,impersonator,impersonator
1113,impersonator,impersonator,impersonator,impersonator,impersonator,impersonator,impersonator,impersonator,impersonator
1114,impersonator,impersonator,impersonator,impersonator,impersonator,impersonator,impersonator,impersonator,impersonator
1115,impersonator,impersonator,impersonator,impersonator,impersonator,impersonator,impersonator,impersonator,impersonator
1116,impersonator,impersonator,impersonator,impersonator,impersonator,impersonator,impersonator,impersonator,impersonator
1117,impersonator,impersonator,impersonator,impersonator,impersonator,impersonator,impersonator,impersonator,impersonator
1118,impersonator,impersonator,impersonator,impersonator,impersonator,impersonator,impersonator,impersonator,impersonator
1119,impersonator,impersonator,impersonator,impersonator,impersonator,impersonator,impersonator,impersonator,impersonator
1120,impersonator,impersonator,impersonator,impersonator,impersonator,impersonator,impersonator,impersonator,impersonator
1121,impersonator,impersonator,impersonator,impersonator,impersonator,impersonator,impersonator,impersonator,impersonator
1122,impersonator,impersonator,impersonator,impersonator,impersonator,impersonator,impersonator,impersonator,impersonator
1123,impersonator,impersonator,impersonator,impersonator,impersonator,impersonator,impersonator,impersonator,impersonator
1124,impersonator,impersonator,impersonator,impersonator,impersonator,impersonator,impersonator,impersonator,impersonator
1125,impersonator,impersonator,impersonator,impersonator,impersonator,impersonator,impersonator,impersonator,impersonator
1126,impersonator,impersonator,impersonator,impersonator,impersonator,impersonator,impersonator,impersonator,impersonator
1127,impersonator,impersonator,impersonator,impersonator,impersonator,impersonator,impersonator,impersonator,impersonator
1128,impersonator,impersonator,impersonator,impersonator,impersonator,impersonator,impersonator,impersonator,impersonator
1129,impersonator,impersonator,impersonator,impersonator,impersonator,impersonator,impersonator,impersonator,impersonator
1130,impersonator,impersonator,impersonator,impersonator,impersonator,impersonator,impersonator,impersonator,impersonator
1131,impersonator,impersonator,impersonator,impersonator,impersonator,impersonator,impersonator,impersonator,impersonator
1132,impersonator,impersonator,impersonator,impersonator,impersonator,impersonator,impersonator,impersonator,impersonator
1133,impersonator,impersonator,impersonator,impersonator,impersonator,impersonator,impersonator,impersonator,impersonator
1134,impersonator,impersonator,impersonator,impersonator,impersonator,impersonator,impersonator,impersonator,impersonator
1135,impersonator,impersonator,impersonator,impersonator,impersonator,impersonator,impersonator,impersonator,impersonator
1136,impersonator,impersonator,impersonator,impersonator,impersonator,impersonator,impersonator,impersonator,impersonator
1137,impersonator,impersonator,impersonator,impersonator,impersonator,impersonator,impersonator,impersonator,impersonator
1138,impersonator,impersonator,impersonator,impersonator,impersonator,impersonator,impersonator,impersonator,impersonator
1139,impersonator,impersonator,impersonator,impersonator,impersonator,impersonator,impersonator,impersonator,impersonator
1140,impersonator,impersonator,impersonator,impersonator,impersonator,impersonator,impersonator,impersonator,impersonator
1141,impersonator,impersonator,impersonator,impersonator,impersonator,impersonator,impersonator,impersonator,impersonator
1142,impersonator,impersonator,impersonator,impersonator,impersonator,impersonator,impersonator,impersonator,impersonator
1143,impersonator,impersonator,impersonator,impersonator,impersonator,impersonator,impersonator,impersonator,impersonator
1144,impersonator,impersonator,impersonator,impersonator,impersonator,impersonator,impersonator,impersonator,impersonator
1145,impersonator,impersonator,impersonator,impersonator,impersonator,impersonator,impersonator,impersonator,impersonator
1146,impersonator,impersonator,impersonator,impersonator,impersonator,match,impersonator,impersonator,mismatch
1147,impersonator,impersonator,match,impersonator,impersonator,impersonator,impersonator,impersonator,match
1148,impersonator,impersonator,impersonator,impersonator,impersonator,impersonator,impersonator,impersonator,impersonator
1149,impersonator,impersonator,impersonator,impersonator,impersonator,impersonator,impersonator,impersonator,impersonator
1150,impersonator,impersonator,impersonator,impersonator,mismatch,impersonator,impersonator,impersonator,impersonator
1151,impersonator,impersonator,impersonator,impersonator,impersonator,impersonator,impersonator,impersonator,impersonator
1152,impersonator,impersonator,impersonator,impersonator,impersonator,impersonator,impersonator,impersonator,impersonator
1153,impersonator,impersonator,impersonator,impersonator,impersonator,impersonator,impersonator,impersonator,impersonator
1154,impersonator,impersonator,impersonator,impersonator,match,impersonator,impersonator,impersonator,impersonator
1155,impersonator,impersonator,impersonator,impersonator,impersonator,impersonator,impersonator,impersonator,impersonator
1156,impersonator,impersonator,impersonator,impersonator,impersonator,impersonator,mismatch,impersonator,impersonator
1157,impersonator,impersonator,impersonator,impersonator,impersonator,impersonator,impersonator,impersonator,impersonator
1158,impersonator,impersonator,impersonator,impersonator,impersonator,match,impersonator,impersonator,mismatch
1159,impersonator,impersonator,impersonator,impersonator,impersonator,impersonator,impersonator,impersonator,impersonator
1160,impersonator,impersonator,impersonator,impersonator,impersonator,impersonator,mismatch,impersonator,impersonator
1161,impersonator,impersonator,impersonator,mismatch,impersonator,impersonator,impersonator,impersonator,impersonator
1162,impersonator,impersonator,impersonator,impersonator,impersonator,impersonator,impersonator,impersonator,impersonator
1163,impersonator,impersonator,impersonator,match,impersonator,impersonator,impersonator,impersonator,match
1164,impersonator,match,impersonator,impersonator,impersonator,impersonator,impersonator,impersonator,impersonator
1165,impersonator,impersonator,impersonator,impersonator,impersonator,impersonator,impersonator,impersonator,impersonator
1166,impersonator,impersonator,impersonator,impersonator,impersonator,impersonator,impersonator,impersonator,impersonator
1167,impersonator,impersonator,impersonator,impersonator,impersonator,impersonator,mismatch,impersonator,impersonator
1168,impersonator,impersonator,impersonator,impersonator,impersonator,impersonator,impersonator,impersonator,impersonator
1169,impersonator,impersonator,mismatch,impersonator,impersonator,impersonator,impersonator,impersonator,impersonator
1170,impersonator,impersonator,mismatch,mismatch,impersonator,impersonator,match,impersonator,impersonator
1171,impersonator,impersonator,impersonator,impersonator,impersonator,impersonator,impersonator,impersonator,impersonator
1172,impersonator,impersonator,impersonator,impersonator,impersonator,impersonator,impersonator,impersonator,impersonator
1173,impersonator,match,impersonator,impersonator,impersonator,impersonator,impersonator,impersonator,impersonator
1174,impersonator,impersonator,impersonator,impersonator,impersonator,impersonator,impersonator,impersonator,impersonator
1175,impersonator,impersonator,impersonator,impersonator,impersonator,impersonator,impersonator,match,impersonator
1176,impersonator,impersonator,impersonator,impersonator,impersonator,impersonator,impersonator,impersonator,impersonator
1177,impersonator,mismatch,impersonator,impersonator,impersonator,match,impersonator,impersonator,impersonator
1178,impersonator,impersonator,impersonator,impersonator,impersonator,impersonator,impersonator,impersonator,impersonator
1179,impersonator,impersonator,impersonator,impersonator,mismatch,impersonator,impersonator,impersonator,impersonator
1180,impersonator,impersonator,impersonator,impersonator,impersonator,impersonator,impersonator,impersonator,impersonator
1181,impersonator,impersonator,impersonator,impersonator,impersonator,impersonator,impersonator,impersonator,impersonator
1182,impersonator,impersonator,impersonator,impersonator,impersonator,impersonator,impersonator,impersonator,impersonator
1183,impersonator,impersonator,impersonator,impersonator,impersonator,impersonator,impersonator,match,impersonator
1184,impersonator,impersonator,mismatch,impersonator,impersonator,impersonator,impersonator,match,impersonator
1185,impersonator,impersonator,impersonator,impersonator,impersonator,impersonator,impersonator,impersonator,impersonator
1186,impersonator,match,impersonator,impersonator,impersonator,impersonator,impersonator,impersonator,impersonator
1187,impersonator,match,impersonator,impersonator,impersonator,impersonator,impersonator,impersonator,impersonator
1188,impersonator,impersonator,impersonator,impersonator,impersonator,impersonator,impersonator,impersonator,impersonator
1189,impersonator,impersonator,impersonator,match,match,impersonator,impersonator,impersonator,impersonator
1190,impersonator,impersonator,impersonator,impersonator,impersonator,impersonator,impersonator,impersonator,impersonator
1191,impersonator,impersonator,impersonator,impersonator,impersonator,impersonator,impersonator,impersonator,impersonator
1192,impersonator,impersonator,impersonator,impersonator,impersonator,impersonator,impersonator,impersonator,impersonator
1193,impersonator,impersonator,impersonator,match,impersonator,impersonator,impersonator,impersonator,impersonator
1194,impersonator,impersonator,impersonator,impersonator,impersonator,impersonator,impersonator,impersonator,impersonator
1195,impersonator,impersonator,impersonator,impersonator,impersonator,impersonator,impersonator,impersonator,impersonator
1196,impersonator,impersonator,impersonator,match,impersonator,impersonator,impersonator,impersonator,impersonator
1197,impersonator,mismatch,impersonator,impersonator,impersonator,impersonator,impersonator,impersonator,impersonator
1198,impersonator,impersonator,impersonator,impersonator,match,mismatch,impersonator,impersonator,impersonator
1199,impersonator,impersonator,impersonator,impersonator,impersonator,impersonator,impersonator,impersonator,impersonator
1200,impersonator,impersonator,impersonator,match,impersonator,impersonator,impersonator,impersonator,impersonator
1201,impersonator,impersonator,impersonator,impersonator,impersonator,impersonator,impersonator,impersonator,impersonator
1202,impersonator,impersonator,impersonator,impersonator,impersonator,impersonator,impersonator,impersonator,impersonator
1203,impersonator,impersonator,impersonator,impersonator,impersonator,impersonator,impersonator,impersonator,match
1204,impersonator,impersonator,impersonator,impersonator,impersonator,impersonator,impersonator,impersonator,impersonator
1205,impersonator,impersonator,mismatch,impersonator,impersonator,impersonator,impersonator,impersonator,impersonator
1206,impersonator,impersonator,impersonator,match,impersonator,impersonator,impersonator,impersonator,impersonator
1207,impersonator,match,impersonator,impersonator,impersonator,impersonator,impersonator,impersonator,impersonator
1208,impersonator,impersonator,mismatch,impersonator,impersonator,impersonator,impersonator,impersonator,impersonator
1209,impersonator,impersonator,impersonator,impersonator,mismatch,impersonator,impersonator,impersonator,impersonator
1210,impersonator,impersonator,match,impersonator,impersonator,impersonator,impersonator,impersonator,impersonator
1211,impersonator,impersonator,impersonator,impersonator,impersonator,impersonator,match,impersonator,impersonator
1212,impersonator,impersonator,impersonator,impersonator,impersonator,mismatch,impersonator,impersonator,impersonator
1213,impersonator,impersonator,match,impersonator,impersonator,impersonator,impersonator,impersonator,impersonator
1214,impersonator,impersonator,impersonator,impersonator,impersonator,match,impersonator,match,impersonator
1215,impersonator,impersonator,impersonator,impersonator,match,impersonator,match,impersonator,impersonator
1216,impersonator,impersonator,impersonator,impersonator,impersonator,impersonator,impersonator,match,impersonator
1217,impersonator,mismatch,impersonator,impersonator,impersonator,impersonator,impersonator,impersonator,mismatch
1218,impersonator,match,match,impersonator,impersonator,impersonator,impersonator,match,impersonator
1219,impersonator,impersonator,impersonator,impersonator,impersonator,impersonator,impersonator,impersonator,impersonator
1220,impersonator,match,impersonator,impersonator,impersonator,impersonator,impersonator,impersonator,impersonator
1221,impersonator,impersonator,impersonator,impersonator,impersonator,impersonator,impersonator,impersonator,impersonator
1222,impersonator,impersonator,impersonator,impersonator,impersonator,impersonator,impersonator,match,impersonator
1223,impersonator,impersonator,impersonator,impersonator,impersonator,impersonator,impersonator,impersonator,impersonator
1224,impersonator,impersonator,impersonator,impersonator,mismatch,impersonator,impersonator,impersonator,impersonator
1225,impersonator,impersonator,impersonator,impersonator,impersonator,match,impersonator,impersonator,impersonator
1226,impersonator,impersonator,impersonator,impersonator,impersonator,impersonator,match,impersonator,mismatch
1227,impersonator,mismatch,impersonator,impersonator,impersonator,impersonator,impersonator,impersonator,impersonator
1228,impersonator,impersonator,impersonator,impersonator,impersonator,impersonator,impersonator,impersonator,impersonator
1229,impersonator,impersonator,impersonator,impersonator,impersonator,match,mismatch,impersonator,match
1230,impersonator,impersonator,impersonator,impersonator,impersonator,impersonator,impersonator,impersonator,impersonator
1231,impersonator,impersonator,impersonator,impersonator,impersonator,impersonator,impersonator,impersonator,impersonator
1232,impersonator,impersonator,impersonator,impersonator,impersonator,impersonator,impersonator,impersonator,impersonator
1233,impersonator,impersonator,impersonator,impersonator,impersonator,impersonator,impersonator,impersonator,impersonator
1234,impersonator,impersonator,impersonator,impersonator,impersonator,impersonator,impersonator,impersonator,impersonator
1235,impersonator,impersonator,impersonator,impersonator,impersonator,impersonator,impersonator,mismatch,impersonator
1236,impersonator,match,impersonator,impersonator,impersonator,impersonator,impersonator,impersonator,impersonator
1237,impersonator,impersonator,impersonator,impersonator,impersonator,impersonator,impersonator,impersonator,impersonator
1238,impersonator,impersonator,impersonator,impersonator,match,impersonator,impersonator,impersonator,impersonator
1239,impersonator,impersonator,impersonator,impersonator,mismatch,match,match,match,mismatch
1240,impersonator,impersonator,impersonator,impersonator,impersonator,impersonator,impersonator,impersonator,mismatch
1241,impersonator,impersonator,impersonator,impersonator,impersonator,impersonator,impersonator,impersonator,impersonator
1242,impersonator,impersonator,impersonator,impersonator,impersonator,impersonator,impersonator,impersonator,impersonator
1243,impersonator,impersonator,impersonator,impersonator,impersonator,mismatch,mismatch,impersonator,impersonator
1244,impersonator,impersonator,impersonator,impersonator,impersonator,impersonator,impersonator,impersonator,impersonator
1245,impersonator,match,impersonator,impersonator,impersonator,impersonator,impersonator,impersonator,impersonator
1246,impersonator,impersonator,impersonator,impersonator,impersonator,impersonator,impersonator,impersonator,impersonator
1247,impersonator,impersonator,impersonator,impersonator,mismatch,impersonator,impersonator,impersonator,impersonator
1248,impersonator,impersonator,impersonator,impersonator,mismatch,impersonator,impersonator,impersonator,impersonator
1249,impersonator,impersonator,impersonator,impersonator,impersonator,impersonator,impersonator,impersonator,impersonator
1250,impersonator,impersonator,impersonator,impersonator,impersonator,impersonator,match,impersonator,impersonator
1251,impersonator,impersonator,impersonator,impersonator,impersonator,impersonator,impersonator,impersonator,impersonator
1252,impersonator,match,impersonator,impersonator,impersonator,impersonator,match,impersonator,impersonator
1253,impersonator,impersonator,impersonator,impersonator,impersonator,impersonator,impersonator,impersonator,impersonator
1254,impersonator,impersonator,impersonator,impersonator,impersonator,impersonator,match,impersonator,mismatch
1255,impersonator,impersonator,match,impersonator,impersonator,impersonator,impersonator,impersonator,impersonator
1256,impersonator,impersonator,impersonator,match,impersonator,impersonator,impersonator,impersonator,impersonator
1257,impersonator,match,impersonator,impersonator,match,impersonator,impersonator,impersonator,impersonator
1258,impersonator,impersonator,impersonator,match,impersonator,impersonator,impersonator,impersonator,impersonator
1259,impersonator,impersonator,impersonator,impersonator,impersonator,impersonator,impersonator,impersonator,impersonator
1260,impersonator,impersonator,impersonator,impersonator,impersonator,impersonator,impersonator,impersonator,impersonator
1261,impersonator,impersonator,impersonator,impersonator,impersonator,impersonator,impersonator,impersonator,impersonator
1262,impersonator,impersonator,impersonator,impersonator,impersonator,impersonator,impersonator,impersonator,impersonator
1263,impersonator,impersonator,match,match,impersonator,impersonator,impersonator,mismatch,impersonator
1264,impersonator,impersonator,impersonator,mismatch,impersonator,impersonator,impersonator,impersonator,mismatch
1265,impersonator,impersonator,impersonator,impersonator,impersonator,impersonator,impersonator,impersonator,match
1266,impersonator,impersonator,mismatch,impersonator,impersonator,impersonator,impersonator,impersonator,impersonator
1267,impersonator,impersonator,impersonator,impersonator,impersonator,impersonator,impersonator,impersonator,impersonator
1268,impersonator,impersonator,impersonator,impersonator,impersonator,impersonator,impersonator,impersonator,impersonator
1269,impersonator,impersonator,impersonator,impersonator,impersonator,impersonator,impersonator,impersonator,impersonator
1270,impersonator,impersonator,impersonator,impersonator,impersonator,impersonator,impersonator,impersonator,impersonator
1271,impersonator,impersonator,impersonator,impersonator,impersonator,impersonator,impersonator,impersonator,impersonator
1272,impersonator,impersonator,match,match,impersonator,impersonator,impersonator,impersonator,impersonator
1273,impersonator,impersonator,impersonator,impersonator,impersonator,impersonator,match,impersonator,impersonator
1274,impersonator,impersonator,impersonator,impersonator,impersonator,match,impersonator,impersonator,impersonator
1275,impersonator,impersonator,match,impersonator,mismatch,impersonator,impersonator,impersonator,impersonator
1276,impersonator,impersonator,impersonator,impersonator,impersonator,impersonator,impersonator,impersonator,impersonator
1277,impersonator,impersonator,impersonator,impersonator,impersonator,impersonator,impersonator,impersonator,impersonator
1278,impersonator,impersonator,impersonator,impersonator,match,impersonator,impersonator,impersonator,match
1279,impersonator,impersonator,impersonator,impersonator,impersonator,impersonator,impersonator,impersonator,impersonator
1280,impersonator,impersonator,impersonator,impersonator,impersonator,impersonator,impersonator,impersonator,impersonator
1281,impersonator,impersonator,impersonator,impersonator,impersonator,impersonator,mismatch,impersonator,impersonator
1282,impersonator,impersonator,impersonator,impersonator,impersonator,impersonator,impersonator,mismatch,impersonator
1283,impersonator,impersonator,impersonator,impersonator,impersonator,impersonator,impersonator,impersonator,impersonator
1284,impersonator,impersonator,impersonator,match,impersonator,impersonator,impersonator,impersonator,impersonator
1285,impersonator,impersonator,impersonator,impersonator,impersonator,impersonator,impersonator,impersonator,impersonator
1286,impersonator,impersonator,impersonator,impersonator,impersonator,impersonator,match,impersonator,impersonator
1287,impersonator,impersonator,impersonator,impersonator,impersonator,impersonator,impersonator,impersonator,match
1288,impersonator,impersonator,impersonator,impersonator,match,impersonator,impersonator,impersonator,impersonator
1289,impersonator,impersonator,impersonator,impersonator,match,impersonator,impersonator,impersonator,impersonator
1290,impersonator,impersonator,impersonator,impersonator,impersonator,impersonator,match,match,mismatch
1291,impersonator,impersonator,impersonator,impersonator,impersonator,impersonator,impersonator,impersonator,impersonator
1292,impersonator,impersonator,impersonator,impersonator,impersonator,impersonator,match,impersonator,impersonator
1293,impersonator,impersonator,impersonator,impersonator,impersonator,impersonator,impersonator,impersonator,impersonator
1294,impersonator,impersonator,impersonator,impersonator,impersonator,impersonator,impersonator,impersonator,impersonator
1295,impersonator,mismatch,impersonator,impersonator,impersonator,impersonator,impersonator,impersonator,impersonator
1296,impersonator,impersonator,impersonator,impersonator,impersonator,match,impersonator,mismatch,mismatch
1297,impersonator,impersonator,match,impersonator,impersonator,impersonator,impersonator,impersonator,match
1298,impersonator,impersonator,impersonator,impersonator,impersonator,impersonator,impersonator,impersonator,impersonator
1299,impersonator,match,match,match,match,match,match,match,match
1300,impersonator,match,match,match,match,match,match,match,match
1301,impersonator,match,match,match,match,match,match,match,match
1302,impersonator,match,match,match,match,match,match,match,match
1303,impersonator,match,match,match,match,match,match,match,match
1304,impersonator,match,match,match,match,match,match,match,match
1305,impersonator,match,match,match,match,match,match,match,match
1306,impersonator,match,match,match,match,match,match,match,match
1307,impersonator,match,match,match,match,match,match,match,match
1308,impersonator,match,match,match,match,mismatch,match,match,match
1309,impersonator,match,match,impersonator,match,match,match,match,match
1310,impersonator,match,match,match,match,match,match,match,match
1311,impersonator,mismatch,match,match,match,match,match,match,match
1312,impersonator,match,match,match,match,match,match,match,match
1313,impersonator,match,match,match,match,match,match,match,match
1314,impersonator,impersonator,match,match,match,match,match,match,match
1315,impersonator,match,match,match,match,match,match,match,match
1316,impersonator,match,match,match,match,match,match,match,match
1317,impersonator,match,match,match,match,match,match,match,match
1318,impersonator,match,match,match,match,match,match,match,match
1319,impersonator,match,match,match,match,match,match,match,match
1320,impersonator,match,match,match,match,match,match,match,match
1321,impersonator,match,match,match,match,match,match,match,match
1322,impersonator,match,match,match,match,match,match,match,match
1323,impersonator,match,match,match,match,match,match,match,match
1324,impersonator,match,match,match,match,match,match,match,match
1325,impersonator,match,match,match,match,match,match,match,match
1326,impersonator,match,match,match,match,match,match,match,match
1327,impersonator,match,match,match,match,match,match,match,match
1328,impersonator,match,match,match,match,match,match,match,match
1329,impersonator,match,match,match,match,match,match,match,match
1330,impersonator,match,match,match,match,match,match,match,match
1331,impersonator,match,match,match,match,mismatch,match,match,match
1332,impersonator,match,match,match,match,match,match,match,match
1333,impersonator,match,match,match,match,match,match,match,match
1334,impersonator,match,match,match,match,match,match,match,match
1335,impersonator,match,match,match,match,match,match,match,match
1336,impersonator,match,match,match,match,match,match,match,match
1337,impersonator,match,match,match,match,match,match,match,match
1338,impersonator,match,match,match,match,match,match,match,match
1339,impersonator,match,match,match,match,match,match,match,match
1340,impersonator,match,match,match,match,match,match,match,match
1341,impersonator,match,match,match,match,match,match,match,match
1342,impersonator,match,match,match,match,match,mismatch,match,match
1343,impersonator,match,match,match,match,match,match,match,match
1344,impersonator,match,match,match,match,match,match,match,match
1345,impersonator,match,match,match,match,match,match,match,match
1346,impersonator,match,match,impersonator,match,match,match,match,match
1347,impersonator,match,match,match,match,match,match,match,match
1348,impersonator,match,match,match,match,match,match,match,match
1349,impersonator,match,match,match,match,match,match,match,match
1350,impersonator,match,match,match,match,match,match,match,match
1351,impersonator,match,match,match,match,match,match,match,match
1352,impersonator,match,match,match,match,match,match,match,match
1353,impersonator,match,match,match,match,match,match,match,match
1354,impersonator,match,match,match,match,match,match,match,match
1355,impersonator,match,match,match,match,match,match,match,match
1356,impersonator,impersonator,match,match,match,match,match,match,match
1357,impersonator,match,match,match,match,match,match,match,match
1358,impersonator,match,match,match,match,match,match,match,match
1359,impersonator,match,match,match,match,match,match,match,impersonator
1360,impersonator,impersonator,impersonator,impersonator,impersonator,impersonator,impersonator,impersonator,impersonator
1361,impersonator,impersonator,impersonator,impersonator,impersonator,impersonator,impersonator,impersonator,impersonator
1362,impersonator,impersonator,impersonator,impersonator,impersonator,impersonator,impersonator,impersonator,impersonator
1363,impersonator,impersonator,impersonator,impersonator,impersonator,impersonator,impersonator,impersonator,impersonator
1364,impersonator,impersonator,impersonator,impersonator,impersonator,impersonator,impersonator,impersonator,impersonator
1365,impersonator,impersonator,impersonator,impersonator,impersonator,impersonator,impersonator,impersonator,impersonator
1366,impersonator,impersonator,impersonator,impersonator,impersonator,impersonator,impersonator,impersonator,impersonator
1367,impersonator,impersonator,impersonator,impersonator,impersonator,impersonator,impersonator,impersonator,impersonator
1368,impersonator,impersonator,impersonator,impersonator,impersonator,impersonator,impersonator,impersonator,impersonator
1369,impersonator,impersonator,impersonator,impersonator,impersonator,impersonator,impersonator,impersonator,impersonator
1370,impersonator,impersonator,impersonator,impersonator,impersonator,impersonator,impersonator,impersonator,impersonator
1371,impersonator,impersonator,impersonator,impersonator,impersonator,impersonator,impersonator,impersonator,impersonator
1372,impersonator,impersonator,impersonator,impersonator,impersonator,impersonator,impersonator,impersonator,impersonator
1373,impersonator,impersonator,impersonator,impersonator,impersonator,impersonator,impersonator,impersonator,impersonator
1374,impersonator,impersonator,impersonator,impersonator,impersonator,impersonator,impersonator,impersonator,impersonator
1375,impersonator,impersonator,impersonator,impersonator,impersonator,impersonator,impersonator,impersonator,impersonator
1376,impersonator,impersonator,impersonator,impersonator,impersonator,impersonator,impersonator,impersonator,impersonator
1377,impersonator,impersonator,impersonator,impersonator,impersonator,impersonator,impersonator,impersonator,impersonator
1378,impersonator,impersonator,impersonator,impersonator,impersonator,impersonator,impersonator,impersonator,impersonator
1379,impersonator,impersonator,impersonator,impersonator,impersonator,impersonator,impersonator,impersonator,impersonator
1380,impersonator,impersonator,impersonator,impersonator,impersonator,impersonator,impersonator,impersonator,impersonator
1381,impersonator,impersonator,impersonator,impersonator,impersonator,impersonator,impersonator,impersonator,impersonator
1382,impersonator,impersonator,impersonator,impersonator,impersonator,impersonator,impersonator,impersonator,impersonator
1383,impersonator,impersonator,impersonator,impersonator,impersonator,impersonator,impersonator,impersonator,impersonator
1384,impersonator,impersonator,impersonator,impersonator,impersonator,impersonator,impersonator,impersonator,impersonator
1385,impersonator,impersonator,impersonator,impersonator,impersonator,impersonator,impersonator,impersonator,impersonator
1386,impersonator,impersonator,impersonator,impersonator,impersonator,impersonator,impersonator,impersonator,impersonator
1387,impersonator,impersonator,impersonator,impersonator,impersonator,impersonator,impersonator,impersonator,impersonator
1388,impersonator,impersonator,impersonator,impersonator,impersonator,impersonator,impersonator,impersonator,impersonator
1389,impersonator,impersonator,impersonator,impersonator,impersonator,impersonator,impersonator,impersonator,impersonator
1390,impersonator,impersonator,impersonator,impersonator,impersonator,impersonator,impersonator,impersonator,impersonator
1391,impersonator,impersonator,impersonator,impersonator,impersonator,impersonator,impersonator,impersonator,impersonator
1392,impersonator,impersonator,impersonator,impersonator,impersonator,impersonator,impersonator,impersonator,impersonator
1393,impersonator,impersonator,impersonator,impersonator,impersonator,impersonator,impersonator,impersonator,impersonator
1394,impersonator,impersonator,impersonator,impersonator,impersonator,impersonator,impersonator,impersonator,impersonator
1395,impersonator,impersonator,impersonator,impersonator,impersonator,impersonator,impersonator,impersonator,impersonator
1396,impersonator,impersonator,impersonator,impersonator,impersonator,impersonator,impersonator,impersonator,impersonator
1397,impersonator,impersonator,impersonator,impersonator,impersonator,impersonator,impersonator,impersonator,impersonator
1398,impersonator,impersonator,impersonator,impersonator,impersonator,impersonator,impersonator,impersonator,impersonator
1399,impersonator,impersonator,impersonator,impersonator,impersonator,impersonator,impersonator,impersonator,impersonator
1400,impersonator,impersonator,impersonator,impersonator,impersonator,impersonator,impersonator,impersonator,impersonator
1401,impersonator,impersonator,impersonator,impersonator,impersonator,impersonator,impersonator,impersonator,impersonator
1402,impersonator,impersonator,impersonator,impersonator,impersonator,impersonator,impersonator,impersonator,impersonator
1403,impersonator,impersonator,impersonator,impersonator,impersonator,impersonator,impersonator,impersonator,impersonator
1404,impersonator,impersonator,impersonator,impersonator,impersonator,impersonator,impersonator,impersonator,impersonator
1405,impersonator,impersonator,impersonator,impersonator,impersonator,impersonator,impersonator,impersonator,impersonator
1406,impersonator,impersonator,impersonator,impersonator,impersonator,impersonator,impersonator,impersonator,impersonator
1407,impersonator,impersonator,impersonator,impersonator,impersonator,impersonator,impersonator,impersonator,impersonator
1408,impersonator,impersonator,impersonator,impersonator,impersonator,impersonator,impersonator,impersonator,impersonator
1409,impersonator,impersonator,impersonator,impersonator,impersonator,impersonator,impersonator,impersonator,impersonator
1410,impersonator,impersonator,impersonator,impersonator,impersonator,impersonator,impersonator,impersonator,impersonator
1411,impersonator,impersonator,impersonator,impersonator,impersonator,impersonator,impersonator,impersonator,impersonator
1412,impersonator,impersonator,impersonator,impersonator,impersonator,impersonator,impersonator,impersonator,impersonator
1413,impersonator,impersonator,impersonator,impersonator,impersonator,impersonator,impersonator,impersonator,impersonator
1414,impersonator,impersonator,impersonator,impersonator,impersonator,impersonator,impersonator,impersonator,impersonator
1415,impersonator,impersonator,impersonator,impersonator,impersonator,impersonator,impersonator,impersonator,impersonator
1416,impersonator,impersonator,impersonator,impersonator,impersonator,impersonator,impersonator,impersonator,impersonator
1417,impersonator,impersonator,impersonator,impersonator,impersonator,impersonator,impersonator,impersonator,impersonator
1418,impersonator,impersonator,impersonator,impersonator,impersonator,impersonator,impersonator,impersonator,impersonator
1419,impersonator,impersonator,impersonator,impersonator,impersonator,impersonator,impersonator,impersonator,impersonator
1420,impersonator,impersonator,impersonator,impersonator,impersonator,impersonator,impersonator,impersonator,impersonator
1421,impersonator,impersonator,impersonator,impersonator,impersonator,impersonator,impersonator,impersonator,impersonator
1422,impersonator,impersonator,impersonator,impersonator,impersonator,impersonator,impersonator,impersonator,impersonator
1423,impersonator,impersonator,impersonator,impersonator,impersonator,impersonator,impersonator,impersonator,impersonator
1424,impersonator,impersonator,impersonator,impersonator,impersonator,impersonator,impersonator,impersonator,impersonator
1425,impersonator,impersonator,impersonator,impersonator,impersonator,impersonator,impersonator,impersonator,impersonator
1426,impersonator,impersonator,impersonator,impersonator,impersonator,impersonator,impersonator,impersonator,impersonator
1427,impersonator,impersonator,impersonator,impersonator,impersonator,impersonator,impersonator,impersonator,impersonator
1428,impersonator,impersonator,impersonator,impersonator,impersonator,impersonator,impersonator,impersonator,impersonator
1429,impersonator,impersonator,impersonator,impersonator,impersonator,impersonator,impersonator,impersonator,impersonator
1430,impersonator,impersonator,impersonator,impersonator,impersonator,impersonator,impersonator,impersonator,impersonator
1431,impersonator,impersonator,impersonator,impersonator,impersonator,impersonator,impersonator,impersonator,impersonator
1432,impersonator,impersonator,impersonator,impersonator,impersonator,impersonator,impersonator,impersonator,impersonator
1433,impersonator,impersonator,impersonator,impersonator,impersonator,impersonator,impersonator,impersonator,impersonator
1434,impersonator,impersonator,impersonator,impersonator,impersonator,impersonator,impersonator,impersonator,impersonator
1435,impersonator,impersonator,impersonator,impersonator,impersonator,impersonator,impersonator,impersonator,impersonator
1436,impersonator,impersonator,impersonator,impersonator,impersonator,impersonator,impersonator,impersonator,impersonator
1437,impersonator,impersonator,impersonator,impersonator,impersonator,impersonator,impersonator,impersonator,impersonator
1438,impersonator,impersonator,impersonator,impersonator,impersonator,impersonator,match,impersonator,impersonator
1439,impersonator,impersonator,impersonator,impersonator,impersonator,impersonator,impersonator,impersonator,impersonator
1440,impersonator,impersonator,impersonator,impersonator,impersonator,impersonator,impersonator,impersonator,impersonator
1441,impersonator,impersonator,impersonator,impersonator,impersonator,impersonator,impersonator,impersonator,impersonator
1442,impersonator,impersonator,impersonator,impersonator,impersonator,impersonator,impersonator,impersonator,impersonator
1443,impersonator,impersonator,impersonator,impersonator,impersonator,impersonator,impersonator,impersonator,impersonator
1444,impersonator,impersonator,impersonator,impersonator,impersonator,impersonator,impersonator,impersonator,impersonator
1445,impersonator,impersonator,impersonator,impersonator,impersonator,impersonator,impersonator,impersonator,impersonator
1446,impersonator,impersonator,impersonator,impersonator,impersonator,impersonator,impersonator,impersonator,impersonator
1447,impersonator,impersonator,impersonator,impersonator,impersonator,impersonator,impersonator,impersonator,impersonator
1448,impersonator,impersonator,impersonator,impersonator,impersonator,impersonator,impersonator,impersonator,impersonator
1449,impersonator,impersonator,impersonator,impersonator,impersonator,impersonator,impersonator,impersonator,impersonator
1450,impersonator,impersonator,impersonator,impersonator,impersonator,impersonator,impersonator,impersonator,impersonator
1451,impersonator,impersonator,impersonator,impersonator,impersonator,impersonator,impersonator,impersonator,impersonator
1452,impersonator,impersonator,impersonator,impersonator,impersonator,impersonator,impersonator,impersonator,impersonator
1453,impersonator,impersonator,impersonator,impersonator,impersonator,impersonator,impersonator,impersonator,impersonator
1454,impersonator,impersonator,impersonator,impersonator,impersonator,impersonator,impersonator,impersonator,impersonator
1455,impersonator,impersonator,impersonator,impersonator,impersonator,impersonator,impersonator,impersonator,impersonator
1456,impersonator,impersonator,impersonator,impersonator,impersonator,impersonator,impersonator,impersonator,impersonator
1457,impersonator,impersonator,impersonator,impersonator,impersonator,impersonator,impersonator,impersonator,impersonator
1458,impersonator,impersonator,impersonator,impersonator,impersonator,impersonator,impersonator,impersonator,impersonator
1459,impersonator,impersonator,impersonator,impersonator,impersonator,impersonator,impersonator,impersonator,impersonator
1460,impersonator,impersonator,impersonator,impersonator,impersonator,impersonator,impersonator,impersonator,impersonator
1461,impersonator,impersonator,impersonator,impersonator,impersonator,impersonator,impersonator,impersonator,impersonator
1462,impersonator,impersonator,impersonator,impersonator,impersonator,impersonator,impersonator,impersonator,impersonator
1463,impersonator,impersonator,impersonator,impersonator,impersonator,impersonator,impersonator,impersonator,impersonator
1464,impersonator,impersonator,impersonator,impersonator,impersonator,impersonator,impersonator,impersonator,impersonator
1465,impersonator,impersonator,impersonator,impersonator,impersonator,impersonator,impersonator,impersonator,impersonator
1466,impersonator,impersonator,impersonator,impersonator,impersonator,impersonator,impersonator,impersonator,impersonator
1467,impersonator,impersonator,impersonator,impersonator,impersonator,impersonator,impersonator,impersonator,impersonator
1468,impersonator,impersonator,impersonator,impersonator,impersonator,impersonator,impersonator,impersonator,impersonator
1469,impersonator,impersonator,impersonator,impersonator,impersonator,impersonator,impersonator,impersonator,impersonator
1470,impersonator,impersonator,impersonator,impersonator,impersonator,impersonator,impersonator,impersonator,impersonator
1471,impersonator,impersonator,impersonator,impersonator,impersonator,impersonator,impersonator,impersonator,impersonator
1472,impersonator,impersonator,impersonator,impersonator,impersonator,impersonator,impersonator,impersonator,impersonator
1473,impersonator,impersonator,impersonator,impersonator,impersonator,impersonator,impersonator,impersonator,impersonator
1474,impersonator,impersonator,impersonator,impersonator,impersonator,impersonator,impersonator,impersonator,impersonator
1475,impersonator,impersonator,impersonator,impersonator,impersonator,impersonator,impersonator,impersonator,impersonator
1476,impersonator,impersonator,impersonator,impersonator,impersonator,impersonator,impersonator,impersonator,impersonator
1477,impersonator,impersonator,impersonator,impersonator,impersonator,impersonator,impersonator,impersonator,impersonator
1478,impersonator,impersonator,impersonator,impersonator,impersonator,impersonator,impersonator,impersonator,impersonator
1479,impersonator,impersonator,impersonator,impersonator,impersonator,impersonator,impersonator,impersonator,impersonator
1480,impersonator,impersonator,impersonator,impersonator,impersonator,impersonator,match,impersonator,impersonator
1481,impersonator,impersonator,impersonator,impersonator,impersonator,impersonator,impersonator,impersonator,impersonator
1482,impersonator,impersonator,impersonator,impersonator,impersonator,impersonator,impersonator,impersonator,impersonator
1483,impersonator,impersonator,impersonator,impersonator,impersonator,impersonator,impersonator,impersonator,impersonator
1484,impersonator,impersonator,impersonator,impersonator,impersonator,impersonator,impersonator,impersonator,impersonator
1485,impersonator,impersonator,impersonator,impersonator,impersonator,impersonator,impersonator,impersonator,impersonator
1486,impersonator,impersonator,impersonator,impersonator,impersonator,impersonator,impersonator,impersonator,impersonator
1487,impersonator,impersonator,impersonator,impersonator,impersonator,impersonator,impersonator,impersonator,impersonator
1488,impersonator,impersonator,impersonator,impersonator,impersonator,impersonator,impersonator,impersonator,impersonator
1489,impersonator,impersonator,impersonator,impersonator,impersonator,impersonator,impersonator,impersonator,impersonator
1490,impersonator,impersonator,impersonator,impersonator,impersonator,impersonator,impersonator,impersonator,impersonator
1491,impersonator,impersonator,impersonator,impersonator,impersonator,impersonator,impersonator,impersonator,impersonator
1492,impersonator,impersonator,impersonator,impersonator,impersonator,impersonator,impersonator,impersonator,impersonator
1493,impersonator,impersonator,impersonator,impersonator,impersonator,impersonator,impersonator,impersonator,impersonator
1494,impersonator,impersonator,impersonator,impersonator,impersonator,impersonator,impersonator,impersonator,impersonator
1495,impersonator,impersonator,impersonator,impersonator,impersonator,impersonator,impersonator,impersonator,impersonator
1496,impersonator,impersonator,impersonator,impersonator,impersonator,impersonator,impersonator,impersonator,impersonator
1497,impersonator,impersonator,impersonator,impersonator,impersonator,impersonator,impersonator,impersonator,impersonator
1498,impersonator,impersonator,impersonator,impersonator,impersonator,impersonator,impersonator,impersonator,impersonator
1499,impersonator,impersonator,impersonator,impersonator,impersonator,impersonator,impersonator,impersonator,impersonator
1500,impersonator,impersonator,impersonator,impersonator,impersonator,impersonator,impersonator,impersonator,impersonator
1501,impersonator,impersonator,impersonator,impersonator,impersonator,impersonator,impersonator,impersonator,impersonator
1502,impersonator,impersonator,impersonator,impersonator,impersonator,impersonator,impersonator,impersonator,impersonator
1503,impersonator,impersonator,impersonator,impersonator,impersonator,impersonator,impersonator,impersonator,impersonator
1504,impersonator,impersonator,impersonator,impersonator,impersonator,impersonator,impersonator,impersonator,impersonator
1505,impersonator,impersonator,impersonator,impersonator,impersonator,impersonator,impersonator,impersonator,impersonator
1506,impersonator,impersonator,impersonator,impersonator,impersonator,impersonator,impersonator,impersonator,impersonator
1507,impersonator,impersonator,impersonator,impersonator,impersonator,impersonator,impersonator,impersonator,impersonator
1508,impersonator,impersonator,impersonator,impersonator,impersonator,impersonator,impersonator,impersonator,impersonator
1509,impersonator,impersonator,impersonator,impersonator,impersonator,impersonator,impersonator,impersonator,impersonator
1510,impersonator,impersonator,impersonator,impersonator,impersonator,impersonator,impersonator,impersonator,impersonator
1511,impersonator,impersonator,impersonator,impersonator,impersonator,impersonator,impersonator,match,impersonator
1512,impersonator,impersonator,impersonator,impersonator,impersonator,impersonator,impersonator,impersonator,impersonator
1513,impersonator,impersonator,impersonator,impersonator,impersonator,impersonator,impersonator,impersonator,impersonator
1514,impersonator,impersonator,impersonator,impersonator,impersonator,impersonator,impersonator,impersonator,impersonator
1515,impersonator,impersonator,impersonator,impersonator,impersonator,impersonator,impersonator,impersonator,impersonator
1516,impersonator,impersonator,impersonator,impersonator,impersonator,impersonator,impersonator,impersonator,impersonator
1517,impersonator,impersonator,impersonator,impersonator,impersonator,impersonator,impersonator,impersonator,impersonator
1518,impersonator,impersonator,impersonator,impersonator,impersonator,impersonator,impersonator,impersonator,impersonator
1519,impersonator,impersonator,impersonator,impersonator,impersonator,impersonator,impersonator,impersonator,impersonator
1520,impersonator,impersonator,impersonator,impersonator,impersonator,impersonator,impersonator,impersonator,impersonator
1521,impersonator,impersonator,impersonator,impersonator,impersonator,impersonator,impersonator,impersonator,impersonator
1522,impersonator,impersonator,impersonator,impersonator,impersonator,impersonator,impersonator,impersonator,impersonator
1523,impersonator,impersonator,impersonator,impersonator,impersonator,impersonator,impersonator,impersonator,impersonator
1524,impersonator,impersonator,impersonator,impersonator,impersonator,impersonator,impersonator,impersonator,impersonator
1525,impersonator,impersonator,impersonator,impersonator,impersonator,impersonator,impersonator,impersonator,impersonator
1526,impersonator,impersonator,impersonator,impersonator,impersonator,impersonator,impersonator,impersonator,impersonator
1527,impersonator,impersonator,impersonator,impersonator,impersonator,impersonator,impersonator,impersonator,impersonator
1528,impersonator,impersonator,impersonator,impersonator,impersonator,impersonator,impersonator,impersonator,impersonator
1529,impersonator,impersonator,impersonator,impersonator,impersonator,impersonator,impersonator,impersonator,impersonator
1530,impersonator,impersonator,impersonator,impersonator,impersonator,impersonator,impersonator,impersonator,impersonator
1531,impersonator,impersonator,impersonator,impersonator,impersonator,impersonator,impersonator,impersonator,impersonator
1532,impersonator,impersonator,impersonator,impersonator,impersonator,impersonator,impersonator,impersonator,impersonator
1533,impersonator,impersonator,impersonator,impersonator,impersonator,impersonator,impersonator,impersonator,impersonator
1534,impersonator,impersonator,impersonator,impersonator,impersonator,impersonator,impersonator,impersonator,impersonator
1535,impersonator,impersonator,impersonator,impersonator,impersonator,impersonator,impersonator,impersonator,impersonator
1536,impersonator,impersonator,impersonator,impersonator,impersonator,impersonator,impersonator,impersonator,impersonator
1537,impersonator,impersonator,impersonator,impersonator,impersonator,impersonator,impersonator,impersonator,impersonator
1538,impersonator,impersonator,impersonator,impersonator,impersonator,impersonator,impersonator,impersonator,impersonator
1539,impersonator,impersonator,impersonator,impersonator,impersonator,impersonator,impersonator,impersonator,impersonator
1540,impersonator,impersonator,impersonator,impersonator,impersonator,impersonator,impersonator,impersonator,impersonator
1541,impersonator,impersonator,impersonator,impersonator,impersonator,impersonator,impersonator,impersonator,impersonator
1542,impersonator,impersonator,impersonator,impersonator,impersonator,impersonator,impersonator,impersonator,impersonator
1543,impersonator,impersonator,impersonator,impersonator,impersonator,impersonator,impersonator,impersonator,impersonator
1544,impersonator,impersonator,impersonator,impersonator,impersonator,impersonator,impersonator,impersonator,impersonator
1545,impersonator,impersonator,impersonator,impersonator,impersonator,impersonator,impersonator,impersonator,impersonator
1546,impersonator,impersonator,impersonator,impersonator,impersonator,impersonator,impersonator,impersonator,impersonator
1547,impersonator,impersonator,impersonator,impersonator,impersonator,impersonator,impersonator,impersonator,impersonator
1548,impersonator,impersonator,impersonator,impersonator,impersonator,impersonator,impersonator,impersonator,impersonator
1549,impersonator,impersonator,impersonator,impersonator,impersonator,impersonator,impersonator,impersonator,impersonator
1550,impersonator,impersonator,impersonator,impersonator,impersonator,impersonator,impersonator,impersonator,impersonator
1551,impersonator,impersonator,impersonator,impersonator,impersonator,impersonator,impersonator,impersonator,impersonator
1552,impersonator,impersonator,impersonator,impersonator,impersonator,impersonator,impersonator,impersonator,impersonator
1553,impersonator,impersonator,impersonator,impersonator,impersonator,impersonator,impersonator,impersonator,impersonator
1554,impersonator,impersonator,impersonator,impersonator,impersonator,impersonator,impersonator,impersonator,impersonator
1555,impersonator,impersonator,impersonator,impersonator,impersonator,impersonator,impersonator,impersonator,impersonator
1556,impersonator,impersonator,impersonator,impersonator,match,impersonator,impersonator,impersonator,impersonator
1557,impersonator,match,match,match,match,match,match,match,match
1558,impersonator,match,match,match,match,match,match,match,match
1559,impersonator,match,match,match,match,match,match,match,match
1560,impersonator,impersonator,match,match,match,match,match,match,match
1561,impersonator,match,match,match,match,match,match,match,match
1562,impersonator,match,match,match,match,match,match,match,match
1563,impersonator,match,match,match,match,match,match,match,match
1564,impersonator,match,match,match,match,match,match,match,match
1565,impersonator,match,match,match,match,match,match,match,match
1566,impersonator,match,match,impersonator,match,match,match,mismatch,match
1567,impersonator,match,match,match,match,match,match,match,match
1568,impersonator,match,match,match,match,match,match,match,match
1569,impersonator,match,match,match,match,match,match,match,match
1570,impersonator,match,match,match,match,match,match,match,match
1571,impersonator,match,match,match,match,match,match,match,match
1572,impersonator,match,match,match,match,match,match,match,match
1573,impersonator,match,match,match,match,match,match,match,match
1574,impersonator,match,match,match,match,match,match,match,match
1575,impersonator,match,match,match,match,match,match,match,match
1576,impersonator,match,match,match,match,match,match,match,match
1577,impersonator,match,match,match,match,match,match,match,match
1578,impersonator,match,match,match,match,match,match,match,impersonator
1579,impersonator,match,match,match,match,match,match,match,match
1580,impersonator,match,match,match,match,match,match,match,match
1581,impersonator,match,match,mismatch,match,match,match,match,match
1582,impersonator,match,match,match,match,match,match,match,match
1583,impersonator,match,match,match,match,match,match,match,match
1584,impersonator,match,match,match,match,match,match,match,match
1585,impersonator,match,match,match,match,match,match,match,match
1586,impersonator,impersonator,match,match,match,match,match,match,match
1587,impersonator,match,match,match,match,match,match,match,match
1588,impersonator,match,match,match,match,match,match,match,match
1589,impersonator,match,match,match,match,match,match,match,match
1590,impersonator,match,match,match,match,match,match,match,match
1591,impersonator,match,match,match,match,match,match,match,match
1592,impersonator,match,match,match,match,match,match,match,match
1593,impersonator,match,match,match,match,match,match,match,match
1594,impersonator,match,match,match,match,mismatch,match,match,match
1595,impersonator,match,match,match,match,match,match,match,match
1596,impersonator,match,match,match,match,match,match,match,match
1597,impersonator,match,match,match,match,match,match,match,match
1598,impersonator,match,match,match,match,match,match,match,match
1599,impersonator,match,match,match,match,match,match,match,match
1600,impersonator,match,match,match,match,match,match,match,match
1601,impersonator,match,match,match,match,match,match,match,match
1602,impersonator,match,match,match,match,match,match,match,match
1603,impersonator,match,impersonator,match,match,match,match,match,match
1604,impersonator,match,match,match,match,match,match,match,match
1605,impersonator,match,match,match,match,match,match,match,match
1606,impersonator,match,match,match,match,match,match,match,match
1607,impersonator,match,match,match,match,match,match,match,match
1608,impersonator,match,match,match,match,match,match,match,match
1609,impersonator,match,match,match,match,match,match,match,match
1610,impersonator,match,match,match,match,match,match,match,match
1611,impersonator,match,match,match,match,match,match,match,match
1612,impersonator,match,match,match,match,match,match,match,match
1613,impersonator,match,match,match,match,match,match,match,match
1614,impersonator,match,match,match,match,match,match,match,match
1615,impersonator,match,match,match,match,match,match,match,match
1616,impersonator,match,match,match,match,match,match,match,match
1617,impersonator,match,match,match,match,match,match,match,match
1618,impersonator,match,match,match,match,match,match,match,match
1619,impersonator,match,match,match,match,match,match,match,match
1620,impersonator,match,match,match,match,impersonator,impersonator,impersonator,impersonator
1621,impersonator,impersonator,impersonator,impersonator,impersonator,impersonator,impersonator,impersonator,impersonator
1622,impersonator,impersonator,impersonator,impersonator,impersonator,impersonator,impersonator,impersonator,impersonator
1623,impersonator,impersonator,impersonator,impersonator,impersonator,impersonator,impersonator,impersonator,impersonator
1624,impersonator,impersonator,impersonator,impersonator,impersonator,impersonator,impersonator,impersonator,impersonator
1625,impersonator,impersonator,impersonator,impersonator,impersonator,impersonator,impersonator,impersonator,impersonator
1626,impersonator,impersonator,impersonator,impersonator,impersonator,impersonator,impersonator,impersonator,impersonator
1627,impersonator,impersonator,impersonator,impersonator,impersonator,impersonator,impersonator,impersonator,impersonator
1628,impersonator,impersonator,impersonator,impersonator,impersonator,impersonator,impersonator,impersonator,impersonator
1629,impersonator,impersonator,impersonator,impersonator,impersonator,impersonator,impersonator,impersonator,impersonator
1630,impersonator,impersonator,impersonator,impersonator,impersonator,impersonator,impersonator,impersonator,impersonator
1631,impersonator,impersonator,impersonator,impersonator,impersonator,impersonator,impersonator,impersonator,impersonator
1632,impersonator,impersonator,impersonator,impersonator,impersonator,impersonator,impersonator,impersonator,impersonator
1633,impersonator,impersonator,impersonator,impersonator,impersonator,impersonator,impersonator,impersonator,impersonator
1634,impersonator,impersonator,impersonator,impersonator,impersonator,impersonator,impersonator,impersonator,impersonator
1635,impersonator,impersonator,impersonator,impersonator,impersonator,impersonator,impersonator,impersonator,impersonator
1636,impersonator,impersonator,impersonator,impersonator,impersonator,impersonator,impersonator,impersonator,impersonator
1637,impersonator,impersonator,impersonator,impersonator,impersonator,impersonator,impersonator,impersonator,impersonator
1638,impersonator,impersonator,impersonator,impersonator,impersonator,impersonator,impersonator,impersonator,impersonator
1639,impersonator,impersonator,impersonator,impersonator,impersonator,impersonator,impersonator,impersonator,impersonator
1640,impersonator,impersonator,impersonator,impersonator,impersonator,impersonator,impersonator,impersonator,impersonator
1641,impersonator,impersonator,impersonator,impersonator,impersonator,impersonator,impersonator,impersonator,impersonator
1642,impersonator,impersonator,impersonator,impersonator,impersonator,impersonator,impersonator,impersonator,impersonator
1643,impersonator,impersonator,impersonator,impersonator,impersonator,impersonator,impersonator,impersonator,impersonator
1644,impersonator,impersonator,impersonator,impersonator,impersonator,impersonator,impersonator,impersonator,impersonator
1645,impersonator,impersonator,impersonator,impersonator,impersonator,impersonator,impersonator,impersonator,impersonator
1646,impersonator,impersonator,impersonator,impersonator,impersonator,impersonator,impersonator,impersonator,impersonator
1647,impersonator,impersonator,impersonator,impersonator,impersonator,impersonator,impersonator,impersonator,impersonator
1648,impersonator,impersonator,impersonator,impersonator,impersonator,impersonator,impersonator,impersonator,impersonator
1649,impersonator,impersonator,impersonator,impersonator,impersonator,impersonator,impersonator,impersonator,impersonator
1650,impersonator,impersonator,impersonator,impersonator,impersonator,impersonator,impersonator,impersonator,impersonator
1651,impersonator,impersonator,impersonator,impersonator,impersonator,impersonator,impersonator,impersonator,impersonator
1652,impersonator,impersonator,impersonator,impersonator,impersonator,impersonator,impersonator,impersonator,impersonator
1653,impersonator,impersonator,impersonator,impersonator,impersonator,impersonator,impersonator,impersonator,impersonator
1654,impersonator,impersonator,impersonator,impersonator,impersonator,impersonator,impersonator,impersonator,impersonator
1655,impersonator,impersonator,impersonator,impersonator,impersonator,impersonator,impersonator,impersonator,impersonator
1656,impersonator,impersonator,impersonator,impersonator,impersonator,impersonator,impersonator,impersonator,impersonator
1657,impersonator,impersonator,impersonator,impersonator,impersonator,impersonator,impersonator,impersonator,impersonator
1658,impersonator,impersonator,impersonator,impersonator,impersonator,impersonator,impersonator,impersonator,impersonator
1659,impersonator,impersonator,impersonator,impersonator,impersonator,impersonator,impersonator,impersonator,impersonator
1660,impersonator,impersonator,impersonator,impersonator,impersonator,impersonator,impersonator,impersonator,impersonator
1661,impersonator,impersonator,impersonator,impersonator,impersonator,impersonator,impersonator,impersonator,impersonator
1662,impersonator,impersonator,impersonator,impersonator,impersonator,impersonator,impersonator,impersonator,impersonator
1663,impersonator,impersonator,impersonator,impersonator,impersonator,impersonator,impersonator,impersonator,impersonator
1664,impersonator,impersonator,impersonator,impersonator,impersonator,impersonator,impersonator,impersonator,impersonator
1665,impersonator,impersonator,impersonator,impersonator,impersonator,impersonator,impersonator,impersonator,impersonator
1666,impersonator,impersonator,impersonator,impersonator,impersonator,impersonator,impersonator,impersonator,impersonator
1667,impersonator,impersonator,impersonator,impersonator,impersonator,impersonator,impersonator,impersonator,impersonator
1668,impersonator,impersonator,impersonator,impersonator,impersonator,impersonator,impersonator,impersonator,impersonator
1669,impersonator,impersonator,impersonator,impersonator,impersonator,impersonator,mismatch,impersonator,impersonator
1670,impersonator,impersonator,impersonator,impersonator,impersonator,impersonator,impersonator,impersonator,impersonator
1671,impersonator,impersonator,impersonator,impersonator,impersonator,impersonator,impersonator,impersonator,impersonator
1672,impersonator,impersonator,impersonator,impersonator,impersonator,impersonator,impersonator,impersonator,impersonator
1673,impersonator,impersonator,impersonator,impersonator,impersonator,impersonator,impersonator,impersonator,impersonator
1674,impersonator,impersonator,impersonator,impersonator,impersonator,impersonator,impersonator,impersonator,impersonator
1675,impersonator,impersonator,impersonator,impersonator,impersonator,impersonator,impersonator,impersonator,impersonator
1676,impersonator,impersonator,impersonator,impersonator,impersonator,impersonator,impersonator,impersonator,impersonator
1677,impersonator,impersonator,impersonator,impersonator,impersonator,impersonator,impersonator,impersonator,impersonator
1678,impersonator,impersonator,impersonator,impersonator,impersonator,impersonator,impersonator,impersonator,impersonator
1679,impersonator,impersonator,impersonator,impersonator,impersonator,impersonator,impersonator,impersonator,impersonator
1680,impersonator,impersonator,impersonator,impersonator,impersonator,impersonator,mismatch,impersonator,impersonator
1681,impersonator,impersonator,impersonator,impersonator,impersonator,impersonator,impersonator,impersonator,impersonator
1682,impersonator,impersonator,impersonator,impersonator,impersonator,impersonator,impersonator,impersonator,impersonator
1683,impersonator,impersonator,impersonator,impersonator,impersonator,impersonator,impersonator,impersonator,impersonator
1684,impersonator,impersonator,impersonator,impersonator,impersonator,impersonator,impersonator,impersonator,impersonator
1685,impersonator,impersonator,impersonator,impersonator,impersonator,impersonator,impersonator,impersonator,impersonator
1686,impersonator,impersonator,impersonator,impersonator,impersonator,impersonator,impersonator,impersonator,impersonator
1687,impersonator,impersonator,impersonator,impersonator,impersonator,impersonator,impersonator,impersonator,impersonator
1688,impersonator,impersonator,impersonator,impersonator,impersonator,impersonator,impersonator,impersonator,impersonator
1689,impersonator,impersonator,impersonator,impersonator,impersonator,impersonator,impersonator,impersonator,impersonator
1690,impersonator,impersonator,impersonator,impersonator,impersonator,impersonator,impersonator,impersonator,impersonator
1691,impersonator,impersonator,impersonator,impersonator,impersonator,impersonator,impersonator,impersonator,impersonator
1692,impersonator,impersonator,impersonator,impersonator,impersonator,impersonator,impersonator,impersonator,impersonator
1693,impersonator,impersonator,impersonator,impersonator,impersonator,impersonator,impersonator,impersonator,impersonator
1694,impersonator,impersonator,impersonator,impersonator,impersonator,impersonator,impersonator,impersonator,impersonator
1695,impersonator,impersonator,impersonator,impersonator,impersonator,impersonator,impersonator,impersonator,impersonator
1696,impersonator,impersonator,impersonator,impersonator,impersonator,impersonator,impersonator,impersonator,impersonator
1697,impersonator,impersonator,impersonator,impersonator,impersonator,impersonator,impersonator,impersonator,impersonator
1698,impersonator,impersonator,impersonator,impersonator,impersonator,impersonator,impersonator,impersonator,impersonator
1699,impersonator,impersonator,impersonator,impersonator,impersonator,impersonator,impersonator,impersonator,impersonator
1700,impersonator,impersonator,impersonator,impersonator,impersonator,impersonator,impersonator,impersonator,impersonator
1701,impersonator,impersonator,impersonator,impersonator,impersonator,impersonator,impersonator,impersonator,impersonator
1702,impersonator,impersonator,impersonator,impersonator,impersonator,impersonator,impersonator,impersonator,impersonator
1703,impersonator,impersonator,impersonator,impersonator,impersonator,impersonator,impersonator,impersonator,impersonator
1704,impersonator,impersonator,impersonator,impersonator,impersonator,impersonator,impersonator,impersonator,impersonator
1705,impersonator,impersonator,impersonator,impersonator,impersonator,impersonator,impersonator,impersonator,match
1706,impersonator,impersonator,impersonator,impersonator,impersonator,impersonator,impersonator,impersonator,impersonator
1707,impersonator,impersonator,match,impersonator,impersonator,impersonator,impersonator,impersonator,impersonator
1708,impersonator,impersonator,impersonator,impersonator,impersonator,impersonator,impersonator,impersonator,impersonator
1709,impersonator,impersonator,match,impersonator,impersonator,impersonator,impersonator,impersonator,impersonator
1710,impersonator,impersonator,mismatch,impersonator,impersonator,impersonator,impersonator,impersonator,impersonator
1711,impersonator,impersonator,impersonator,impersonator,impersonator,impersonator,impersonator,impersonator,impersonator
1712,impersonator,impersonator,impersonator,impersonator,impersonator,impersonator,impersonator,impersonator,impersonator
1713,impersonator,impersonator,impersonator,impersonator,impersonator,impersonator,impersonator,impersonator,match
1714,impersonator,impersonator,impersonator,impersonator,impersonator,impersonator,impersonator,impersonator,impersonator
1715,impersonator,impersonator,match,impersonator,impersonator,impersonator,impersonator,impersonator,impersonator
1716,impersonator,impersonator,impersonator,impersonator,impersonator,impersonator,impersonator,impersonator,impersonator
1717,impersonator,impersonator,impersonator,impersonator,impersonator,impersonator,impersonator,impersonator,impersonator
1718,impersonator,impersonator,impersonator,impersonator,impersonator,impersonator,impersonator,impersonator,impersonator
1719,impersonator,impersonator,impersonator,impersonator,impersonator,impersonator,impersonator,impersonator,impersonator
1720,impersonator,impersonator,impersonator,impersonator,impersonator,impersonator,impersonator,impersonator,impersonator
1721,impersonator,impersonator,impersonator,impersonator,impersonator,impersonator,impersonator,impersonator,impersonator
1722,impersonator,impersonator,impersonator,impersonator,match,impersonator,impersonator,impersonator,impersonator
1723,impersonator,impersonator,impersonator,impersonator,impersonator,impersonator,impersonator,impersonator,impersonator
1724,impersonator,impersonator,impersonator,impersonator,impersonator,impersonator,impersonator,impersonator,mismatch
1725,impersonator,impersonator,impersonator,impersonator,impersonator,impersonator,impersonator,impersonator,impersonator
1726,impersonator,impersonator,impersonator,impersonator,impersonator,impersonator,impersonator,impersonator,impersonator
1727,impersonator,impersonator,impersonator,impersonator,mismatch,impersonator,impersonator,mismatch,impersonator
1728,impersonator,impersonator,impersonator,impersonator,impersonator,impersonator,impersonator,impersonator,impersonator
1729,impersonator,impersonator,impersonator,impersonator,impersonator,impersonator,impersonator,impersonator,impersonator
1730,impersonator,impersonator,impersonator,impersonator,impersonator,impersonator,impersonator,impersonator,impersonator
1731,impersonator,impersonator,impersonator,impersonator,impersonator,impersonator,impersonator,impersonator,impersonator
1732,impersonator,impersonator,impersonator,impersonator,impersonator,impersonator,mismatch,impersonator,impersonator
1733,impersonator,impersonator,impersonator,impersonator,impersonator,impersonator,impersonator,impersonator,impersonator
1734,impersonator,impersonator,impersonator,impersonator,impersonator,impersonator,impersonator,impersonator,impersonator
1735,impersonator,impersonator,impersonator,impersonator,impersonator,impersonator,impersonator,impersonator,impersonator
1736,impersonator,impersonator,impersonator,impersonator,mismatch,impersonator,impersonator,impersonator,impersonator
1737,impersonator,impersonator,impersonator,impersonator,impersonator,impersonator,impersonator,impersonator,impersonator
1738,impersonator,impersonator,impersonator,match,impersonator,impersonator,impersonator,impersonator,impersonator
1739,impersonator,impersonator,impersonator,impersonator,impersonator,impersonator,impersonator,impersonator,impersonator
1740,impersonator,impersonator,impersonator,mismatch,impersonator,impersonator,impersonator,impersonator,impersonator
1741,impersonator,impersonator,impersonator,impersonator,impersonator,impersonator,impersonator,impersonator,impersonator
1742,impersonator,impersonator,impersonator,impersonator,impersonator,match,impersonator,impersonator,impersonator
1743,impersonator,impersonator,impersonator,impersonator,impersonator,impersonator,impersonator,impersonator,impersonator
1744,impersonator,impersonator,impersonator,match,impersonator,impersonator,impersonator,match,impersonator
1745,impersonator,impersonator,mismatch,impersonator,impersonator,impersonator,impersonator,match,impersonator
1746,impersonator,impersonator,impersonator,impersonator,impersonator,impersonator,impersonator,impersonator,impersonator
1747,impersonator,impersonator,impersonator,impersonator,impersonator,impersonator,impersonator,impersonator,impersonator
1748,impersonator,impersonator,impersonator,impersonator,impersonator,impersonator,impersonator,impersonator,impersonator
1749,impersonator,mismatch,impersonator,mismatch,impersonator,impersonator,impersonator,impersonator,impersonator
1750,impersonator,impersonator,impersonator,impersonator,impersonator,impersonator,impersonator,impersonator,impersonator
1751,impersonator,impersonator,impersonator,impersonator,impersonator,impersonator,impersonator,impersonator,impersonator
1752,impersonator,impersonator,impersonator,impersonator,match,impersonator,match,impersonator,impersonator
1753,impersonator,impersonator,impersonator,impersonator,impersonator,impersonator,impersonator,impersonator,impersonator
1754,impersonator,impersonator,impersonator,impersonator,impersonator,match,impersonator,impersonator,impersonator
1755,impersonator,impersonator,impersonator,impersonator,impersonator,impersonator,impersonator,impersonator,impersonator
1756,impersonator,impersonator,mismatch,impersonator,impersonator,impersonator,impersonator,impersonator,impersonator
1757,impersonator,impersonator,impersonator,impersonator,impersonator,impersonator,impersonator,impersonator,impersonator
1758,impersonator,impersonator,impersonator,impersonator,impersonator,impersonator,impersonator,impersonator,impersonator
1759,impersonator,impersonator,impersonator,mismatch,impersonator,impersonator,impersonator,impersonator,impersonator
1760,impersonator,mismatch,impersonator,impersonator,impersonator,impersonator,impersonator,impersonator,impersonator
1761,impersonator,impersonator,impersonator,impersonator,mismatch,impersonator,impersonator,impersonator,impersonator
1762,impersonator,impersonator,impersonator,impersonator,mismatch,impersonator,impersonator,impersonator,impersonator
1763,impersonator,impersonator,impersonator,impersonator,impersonator,impersonator,impersonator,impersonator,impersonator
1764,impersonator,impersonator,impersonator,impersonator,impersonator,impersonator,impersonator,impersonator,impersonator
1765,impersonator,impersonator,impersonator,impersonator,impersonator,impersonator,impersonator,impersonator,impersonator
1766,impersonator,impersonator,impersonator,mismatch,impersonator,impersonator,impersonator,impersonator,impersonator
1767,impersonator,impersonator,impersonator,impersonator,impersonator,impersonator,impersonator,impersonator,impersonator
1768,impersonator,impersonator,impersonator,impersonator,impersonator,impersonator,impersonator,impersonator,impersonator
1769,impersonator,impersonator,impersonator,impersonator,impersonator,impersonator,impersonator,impersonator,impersonator
1770,impersonator,impersonator,mismatch,impersonator,impersonator,impersonator,impersonator,impersonator,impersonator
1771,impersonator,impersonator,impersonator,impersonator,impersonator,impersonator,impersonator,mismatch,impersonator
1772,impersonator,impersonator,impersonator,impersonator,impersonator,mismatch,impersonator,impersonator,impersonator
1773,impersonator,impersonator,impersonator,impersonator,mismatch,match,impersonator,impersonator,impersonator
1774,impersonator,impersonator,impersonator,impersonator,impersonator,impersonator,impersonator,impersonator,impersonator
1775,impersonator,impersonator,impersonator,impersonator,impersonator,impersonator,impersonator,impersonator,impersonator
1776,impersonator,impersonator,impersonator,impersonator,impersonator,impersonator,impersonator,impersonator,impersonator
1777,impersonator,impersonator,impersonator,impersonator,impersonator,impersonator,impersonator,impersonator,impersonator
1778,impersonator,impersonator,impersonator,impersonator,impersonator,impersonator,impersonator,impersonator,impersonator
1779,impersonator,impersonator,impersonator,impersonator,impersonator,impersonator,impersonator,impersonator,mismatch
1780,impersonator,impersonator,impersonator,impersonator,impersonator,impersonator,impersonator,impersonator,impersonator
1781,impersonator,impersonator,mismatch,impersonator,impersonator,impersonator,impersonator,impersonator,impersonator
1782,impersonator,impersonator,impersonator,impersonator,impersonator,impersonator,impersonator,impersonator,impersonator
1783,impersonator,impersonator,impersonator,impersonator,impersonator,impersonator,impersonator,impersonator,impersonator
1784,impersonator,impersonator,impersonator,impersonator,impersonator,impersonator,impersonator,impersonator,impersonator
1785,impersonator,impersonator,impersonator,impersonator,mismatch,impersonator,impersonator,impersonator,impersonator
1786,impersonator,impersonator,impersonator,impersonator,impersonator,impersonator,impersonator,impersonator,impersonator
1787,impersonator,impersonator,impersonator,impersonator,impersonator,impersonator,impersonator,impersonator,impersonator
1788,impersonator,impersonator,impersonator,impersonator,impersonator,impersonator,impersonator,impersonator,impersonator
1789,impersonator,impersonator,impersonator,impersonator,impersonator,impersonator,impersonator,impersonator,impersonator
1790,impersonator,impersonator,impersonator,impersonator,impersonator,impersonator,impersonator,impersonator,impersonator
1791,impersonator,impersonator,impersonator,mismatch,impersonator,impersonator,impersonator,impersonator,impersonator
1792,impersonator,impersonator,impersonator,impersonator,impersonator,impersonator,impersonator,impersonator,mismatch
1793,impersonator,impersonator,impersonator,impersonator,impersonator,impersonator,impersonator,impersonator,impersonator
1794,impersonator,impersonator,impersonator,impersonator,impersonator,impersonator,impersonator,impersonator,impersonator
1795,impersonator,impersonator,impersonator,impersonator,impersonator,impersonator,impersonator,impersonator,impersonator
1796,impersonator,match,match,match,match,match,match,match,match
1797,impersonator,match,match,match,match,match,mismatch,match,match
1798,impersonator,match,match,impersonator,match,match,match,match,match
1799,impersonator,match,match,match,match,match,match,match,match
1800,impersonator,match,match,match,match,match,match,match,match
1801,impersonator,match,match,match,match,match,match,match,match
1802,impersonator,match,match,match,match,match,match,match,match
1803,impersonator,match,match,match,impersonator,match,match,match,match
1804,impersonator,match,match,match,match,match,match,match,match
1805,impersonator,match,match,match,match,match,match,match,match
1806,impersonator,match,match,match,match,match,match,match,match
1807,impersonator,match,match,match,match,match,match,match,match
1808,impersonator,match,match,match,match,match,match,match,match
1809,impersonator,match,match,match,impersonator,match,match,match,match
1810,impersonator,match,match,mismatch,match,match,match,match,match
1811,impersonator,match,match,impersonator,match,match,impersonator,match,match
1812,impersonator,match,match,match,match,match,match,match,match
1813,impersonator,match,match,match,match,mismatch,match,match,match
1814,impersonator,impersonator,match,match,match,match,match,match,match
1815,impersonator,match,match,match,match,match,match,match,match
1816,impersonator,match,match,match,match,match,match,match,match
1817,impersonator,match,match,match,match,match,match,match,match
1818,impersonator,match,match,match,match,match,match,match,match
1819,impersonator,match,match,match,match,match,match,match,match
1820,impersonator,match,match,match,match,match,impersonator,match,match
1821,impersonator,match,match,match,match,match,match,match,match
1822,impersonator,match,match,match,match,match,match,match,impersonator
1823,impersonator,match,match,match,match,match,match,match,match
1824,impersonator,match,match,match,match,match,match,match,match
1825,impersonator,match,match,match,match,impersonator,match,match,match
1826,impersonator,match,match,match,match,impersonator,match,match,match
1827,impersonator,match,match,match,match,mismatch,match,match,mismatch
1828,impersonator,match,match,match,impersonator,match,match,match,match
1829,impersonator,match,match,match,match,match,impersonator,match,match
1830,impersonator,match,match,impersonator,match,match,match,match,match
1831,impersonator,match,match,match,match,match,match,match,match
1832,impersonator,match,match,match,match,match,match,match,match
1833,impersonator,impersonator,match,match,match,mismatch,match,match,mismatch
1834,impersonator,match,match,match,match,match,match,match,match
1835,impersonator,match,match,match,match,match,match,match,match
1836,impersonator,match,match,mismatch,match,match,match,match,match
1837,impersonator,match,match,match,match,match,match,match,match
1838,impersonator,match,match,match,match,match,match,match,match
1839,impersonator,match,match,match,match,match,match,match,match
1840,impersonator,match,mismatch,match,match,match,match,match,match
1841,impersonator,match,match,match,match,match,match,match,match
1842,impersonator,match,match,match,match,match,match,match,match
1843,impersonator,match,match,match,match,match,match,match,match
1844,impersonator,match,match,match,match,match,match,match,match
1845,impersonator,match,match,match,match,match,match,match,match
1846,impersonator,match,match,match,match,match,match,match,match
1847,impersonator,match,match,match,impersonator,match,match,match,match
1848,impersonator,match,match,match,match,match,match,match,impersonator
1849,impersonator,match,match,match,match,match,match,match,match
1850,impersonator,match,match,match,match,match,match,match,match
1851,impersonator,impersonator,match,match,match,match,match,match,match
1852,impersonator,match,impersonator,match,match,match,match,match,mismatch
1853,impersonator,match,match,match,match,match,match,match,match
1854,impersonator,impersonator,impersonator,impersonator,impersonator,impersonator,impersonator,impersonator,impersonator
1855,impersonator,impersonator,impersonator,impersonator,impersonator,impersonator,impersonator,impersonator,impersonator
1856,impersonator,impersonator,impersonator,impersonator,impersonator,impersonator,impersonator,impersonator,impersonator
1857,impersonator,impersonator,impersonator,impersonator,impersonator,impersonator,impersonator,impersonator,impersonator
1858,impersonator,impersonator,impersonator,impersonator,impersonator,impersonator,impersonator,impersonator,impersonator
1859,impersonator,impersonator,impersonator,impersonator,impersonator,impersonator,impersonator,impersonator,impersonator
1860,impersonator,impersonator,impersonator,impersonator,impersonator,impersonator,impersonator,impersonator,impersonator
1861,impersonator,impersonator,impersonator,impersonator,impersonator,impersonator,impersonator,impersonator,impersonator
1862,impersonator,impersonator,impersonator,impersonator,impersonator,impersonator,impersonator,impersonator,impersonator
1863,impersonator,impersonator,impersonator,impersonator,impersonator,impersonator,impersonator,impersonator,impersonator
1864,impersonator,impersonator,impersonator,impersonator,impersonator,impersonator,impersonator,impersonator,impersonator
1865,impersonator,impersonator,impersonator,impersonator,impersonator,impersonator,impersonator,impersonator,impersonator
1866,impersonator,impersonator,impersonator,impersonator,impersonator,impersonator,impersonator,impersonator,impersonator
1867,impersonator,impersonator,impersonator,impersonator,impersonator,impersonator,impersonator,impersonator,impersonator
1868,impersonator,impersonator,impersonator,impersonator,impersonator,impersonator,impersonator,impersonator,impersonator
1869,impersonator,impersonator,impersonator,impersonator,impersonator,impersonator,impersonator,impersonator,impersonator
1870,impersonator,impersonator,impersonator,impersonator,impersonator,impersonator,impersonator,impersonator,impersonator
1871,impersonator,impersonator,impersonator,impersonator,impersonator,impersonator,impersonator,impersonator,impersonator
1872,impersonator,impersonator,impersonator,impersonator,impersonator,impersonator,impersonator,impersonator,impersonator
1873,impersonator,impersonator,impersonator,impersonator,impersonator,impersonator,impersonator,impersonator,impersonator
1874,impersonator,impersonator,impersonator,impersonator,impersonator,impersonator,impersonator,impersonator,impersonator
1875,impersonator,impersonator,impersonator,impersonator,impersonator,impersonator,impersonator,impersonator,impersonator
1876,impersonator,impersonator,impersonator,impersonator,impersonator,impersonator,impersonator,impersonator,impersonator
1877,impersonator,impersonator,impersonator,impersonator,impersonator,impersonator,impersonator,impersonator,impersonator
1878,impersonator,impersonator,impersonator,impersonator,impersonator,impersonator,impersonator,impersonator,impersonator
1879,impersonator,impersonator,impersonator,impersonator,impersonator,impersonator,impersonator,impersonator,impersonator
1880,impersonator,impersonator,impersonator,impersonator,impersonator,impersonator,impersonator,impersonator,impersonator
1881,impersonator,impersonator,impersonator,impersonator,impersonator,impersonator,impersonator,impersonator,impersonator
1882,impersonator,impersonator,impersonator,impersonator,impersonator,impersonator,impersonator,impersonator,impersonator
1883,impersonator,impersonator,impersonator,impersonator,impersonator,impersonator,impersonator,impersonator,impersonator
1884,impersonator,impersonator,impersonator,impersonator,impersonator,impersonator,impersonator,impersonator,impersonator
1885,impersonator,impersonator,impersonator,impersonator,impersonator,impersonator,impersonator,impersonator,impersonator
1886,impersonator,impersonator,impersonator,impersonator,impersonator,impersonator,impersonator,impersonator,impersonator
1887,impersonator,impersonator,impersonator,impersonator,impersonator,impersonator,impersonator,impersonator,impersonator
1888,impersonator,impersonator,impersonator,impersonator,impersonator,impersonator,impersonator,impersonator,impersonator
1889,impersonator,impersonator,impersonator,impersonator,impersonator,impersonator,impersonator,impersonator,impersonator
1890,impersonator,impersonator,impersonator,impersonator,impersonator,impersonator,impersonator,impersonator,impersonator
1891,impersonator,impersonator,impersonator,impersonator,impersonator,impersonator,impersonator,impersonator,impersonator
1892,impersonator,impersonator,impersonator,impersonator,impersonator,impersonator,impersonator,impersonator,impersonator
1893,impersonator,impersonator,impersonator,impersonator,impersonator,impersonator,impersonator,impersonator,impersonator
1894,impersonator,impersonator,impersonator,impersonator,impersonator,impersonator,impersonator,impersonator,impersonator
1895,impersonator,impersonator,impersonator,impersonator,impersonator,impersonator,impersonator,impersonator,impersonator
1896,impersonator,impersonator,impersonator,impersonator,impersonator,impersonator,impersonator,impersonator,impersonator
1897,impersonator,impersonator,impersonator,impersonator,mismatch,impersonator,impersonator,impersonator,impersonator
1898,impersonator,impersonator,impersonator,impersonator,impersonator,impersonator,impersonator,impersonator,impersonator
1899,impersonator,impersonator,impersonator,impersonator,impersonator,impersonator,impersonator,impersonator,impersonator
1900,impersonator,impersonator,impersonator,impersonator,impersonator,impersonator,impersonator,impersonator,impersonator
1901,impersonator,impersonator,impersonator,impersonator,impersonator,impersonator,impersonator,impersonator,impersonator
1902,impersonator,impersonator,impersonator,impersonator,impersonator,impersonator,impersonator,impersonator,impersonator
1903,impersonator,impersonator,impersonator,impersonator,impersonator,impersonator,impersonator,impersonator,impersonator
1904,impersonator,impersonator,impersonator,impersonator,impersonator,impersonator,impersonator,impersonator,impersonator
1905,impersonator,impersonator,impersonator,impersonator,impersonator,impersonator,impersonator,impersonator,impersonator
1906,impersonator,impersonator,impersonator,impersonator,impersonator,impersonator,impersonator,impersonator,impersonator
1907,impersonator,impersonator,impersonator,impersonator,impersonator,impersonator,impersonator,impersonator,impersonator
1908,impersonator,impersonator,impersonator,impersonator,impersonator,impersonator,impersonator,impersonator,impersonator
1909,impersonator,impersonator,impersonator,impersonator,impersonator,impersonator,impersonator,impersonator,impersonator
1910,impersonator,mismatch,impersonator,impersonator,mismatch,impersonator,impersonator,impersonator,mismatch
1911,impersonator,impersonator,impersonator,impersonator,impersonator,impersonator,impersonator,impersonator,impersonator
1912,impersonator,impersonator,impersonator,impersonator,impersonator,impersonator,impersonator,impersonator,impersonator
1913,impersonator,impersonator,impersonator,impersonator,impersonator,impersonator,impersonator,impersonator,impersonator
1914,impersonator,impersonator,impersonator,impersonator,impersonator,impersonator,impersonator,impersonator,impersonator
1915,impersonator,impersonator,impersonator,impersonator,mismatch,impersonator,impersonator,impersonator,impersonator
1916,impersonator,impersonator,impersonator,impersonator,impersonator,impersonator,impersonator,impersonator,impersonator
1917,impersonator,impersonator,match,impersonator,impersonator,impersonator,impersonator,impersonator,impersonator
1918,impersonator,match,impersonator,impersonator,impersonator,impersonator,impersonator,impersonator,impersonator
1919,impersonator,impersonator,impersonator,impersonator,impersonator,impersonator,impersonator,impersonator,impersonator
1920,impersonator,impersonator,impersonator,impersonator,impersonator,impersonator,impersonator,impersonator,impersonator
1921,impersonator,impersonator,impersonator,impersonator,impersonator,impersonator,mismatch,impersonator,impersonator
1922,impersonator,impersonator,impersonator,impersonator,match,impersonator,impersonator,impersonator,impersonator
1923,impersonator,impersonator,impersonator,impersonator,impersonator,impersonator,impersonator,impersonator,impersonator
1924,impersonator,impersonator,impersonator,impersonator,impersonator,impersonator,impersonator,impersonator,impersonator
1925,impersonator,mismatch,impersonator,impersonator,impersonator,impersonator,impersonator,impersonator,impersonator
1926,impersonator,impersonator,impersonator,impersonator,impersonator,impersonator,impersonator,impersonator,impersonator
1927,impersonator,impersonator,impersonator,impersonator,impersonator,impersonator,impersonator,impersonator,impersonator
1928,impersonator,impersonator,impersonator,impersonator,impersonator,impersonator,impersonator,impersonator,impersonator
1929,impersonator,impersonator,impersonator,impersonator,impersonator,impersonator,impersonator,impersonator,impersonator
1930,impersonator,impersonator,impersonator,match,impersonator,impersonator,impersonator,impersonator,impersonator
1931,impersonator,impersonator,mismatch,mismatch,impersonator,impersonator,impersonator,match,impersonator
1932,impersonator,impersonator,impersonator,impersonator,impersonator,impersonator,impersonator,impersonator,impersonator
1933,impersonator,match,impersonator,impersonator,impersonator,impersonator,impersonator,impersonator,impersonator
1934,impersonator,impersonator,impersonator,impersonator,impersonator,impersonator,impersonator,impersonator,mismatch
1935,impersonator,impersonator,impersonator,impersonator,impersonator,impersonator,mismatch,mismatch,impersonator
1936,impersonator,mismatch,impersonator,impersonator,impersonator,match,impersonator,impersonator,impersonator
1937,impersonator,impersonator,impersonator,impersonator,impersonator,mismatch,impersonator,impersonator,impersonator
1938,impersonator,impersonator,impersonator,impersonator,impersonator,impersonator,impersonator,impersonator,impersonator
1939,impersonator,impersonator,impersonator,impersonator,impersonator,impersonator,impersonator,impersonator,impersonator
1940,impersonator,impersonator,impersonator,impersonator,impersonator,impersonator,match,impersonator,mismatch
1941,impersonator,impersonator,impersonator,impersonator,impersonator,impersonator,impersonator,impersonator,impersonator
1942,impersonator,impersonator,impersonator,impersonator,impersonator,impersonator,impersonator,impersonator,impersonator
1943,impersonator,impersonator,impersonator,impersonator,impersonator,impersonator,impersonator,impersonator,impersonator
1944,impersonator,impersonator,impersonator,impersonator,impersonator,impersonator,impersonator,impersonator,impersonator
1945,impersonator,impersonator,impersonator,impersonator,impersonator,impersonator,impersonator,impersonator,impersonator
1946,impersonator,match,impersonator,impersonator,mismatch,impersonator,impersonator,impersonator,impersonator
1947,impersonator,impersonator,impersonator,impersonator,impersonator,impersonator,impersonator,impersonator,impersonator
1948,impersonator,impersonator,impersonator,impersonator,impersonator,impersonator,mismatch,impersonator,impersonator
1949,impersonator,impersonator,mismatch,impersonator,impersonator,impersonator,impersonator,impersonator,impersonator
1950,impersonator,impersonator,impersonator,impersonator,impersonator,impersonator,impersonator,impersonator,impersonator
1951,impersonator,impersonator,impersonator,impersonator,impersonator,impersonator,impersonator,impersonator,impersonator
1952,impersonator,mismatch,impersonator,impersonator,impersonator,impersonator,impersonator,impersonator,impersonator
1953,impersonator,impersonator,impersonator,impersonator,impersonator,impersonator,impersonator,impersonator,mismatch
1954,impersonator,impersonator,impersonator,impersonator,impersonator,impersonator,impersonator,impersonator,impersonator
1955,impersonator,impersonator,impersonator,impersonator,impersonator,impersonator,impersonator,impersonator,impersonator
1956,impersonator,impersonator,impersonator,impersonator,impersonator,impersonator,impersonator,impersonator,impersonator
1957,impersonator,impersonator,mismatch,impersonator,impersonator,impersonator,impersonator,impersonator,impersonator
1958,impersonator,impersonator,impersonator,impersonator,impersonator,impersonator,impersonator,impersonator,impersonator
1959,impersonator,impersonator,impersonator,impersonator,match,impersonator,impersonator,impersonator,impersonator
1960,impersonator,impersonator,match,impersonator,impersonator,impersonator,impersonator,impersonator,impersonator
1961,impersonator,impersonator,impersonator,impersonator,impersonator,impersonator,impersonator,impersonator,impersonator
1962,impersonator,impersonator,impersonator,impersonator,impersonator,impersonator,impersonator,impersonator,impersonator
1963,impersonator,impersonator,impersonator,impersonator,impersonator,impersonator,impersonator,impersonator,impersonator
1964,impersonator,impersonator,impersonator,match,impersonator,impersonator,impersonator,impersonator,impersonator
1965,impersonator,impersonator,impersonator,impersonator,impersonator,impersonator,impersonator,mismatch,impersonator
1966,impersonator,impersonator,impersonator,match,impersonator,impersonator,impersonator,impersonator,impersonator
1967,impersonator,impersonator,impersonator,impersonator,impersonator,impersonator,impersonator,impersonator,impersonator
1968,impersonator,impersonator,impersonator,impersonator,impersonator,mismatch,impersonator,impersonator,impersonator
1969,impersonator,impersonator,impersonator,impersonator,impersonator,impersonator,impersonator,impersonator,impersonator
1970,impersonator,impersonator,impersonator,match,impersonator,impersonator,impersonator,impersonator,impersonator
1971,impersonator,impersonator,impersonator,impersonator,impersonator,impersonator,impersonator,impersonator,impersonator
1972,impersonator,impersonator,impersonator,impersonator,impersonator,impersonator,impersonator,impersonator,impersonator
1973,impersonator,impersonator,impersonator,impersonator,impersonator,impersonator,impersonator,impersonator,mismatch
1974,impersonator,match,impersonator,impersonator,impersonator,impersonator,impersonator,impersonator,mismatch
1975,impersonator,impersonator,impersonator,impersonator,impersonator,impersonator,impersonator,impersonator,impersonator
1976,impersonator,impersonator,impersonator,impersonator,impersonator,mismatch,impersonator,match,impersonator
1977,impersonator,impersonator,impersonator,mismatch,impersonator,impersonator,impersonator,impersonator,impersonator
1978,impersonator,impersonator,match,impersonator,impersonator,impersonator,impersonator,impersonator,impersonator
1979,impersonator,mismatch,impersonator,impersonator,impersonator,impersonator,impersonator,impersonator,impersonator
1980,impersonator,match,match,mismatch,impersonator,impersonator,mismatch,impersonator,impersonator
1981,impersonator,impersonator,impersonator,impersonator,impersonator,impersonator,impersonator,match,mismatch
1982,impersonator,impersonator,impersonator,impersonator,impersonator,impersonator,mismatch,impersonator,impersonator
1983,impersonator,impersonator,match,impersonator,mismatch,impersonator,impersonator,impersonator,impersonator
1984,impersonator,impersonator,impersonator,impersonator,impersonator,impersonator,impersonator,impersonator,impersonator
1985,impersonator,impersonator,impersonator,impersonator,impersonator,impersonator,mismatch,impersonator,mismatch
1986,impersonator,mismatch,impersonator,mismatch,match,impersonator,impersonator,impersonator,impersonator
1987,impersonator,impersonator,impersonator,match,impersonator,impersonator,impersonator,impersonator,impersonator
1988,impersonator,impersonator,impersonator,impersonator,impersonator,impersonator,impersonator,impersonator,impersonator
1989,impersonator,impersonator,impersonator,impersonator,impersonator,impersonator,impersonator,impersonator,impersonator
1990,impersonator,impersonator,impersonator,match,impersonator,impersonator,impersonator,impersonator,impersonator
1991,impersonator,impersonator,impersonator,match,mismatch,impersonator,impersonator,impersonator,match
1992,impersonator,match,impersonator,impersonator,impersonator,mismatch,match,impersonator,impersonator
1993,impersonator,impersonator,impersonator,impersonator,impersonator,impersonator,impersonator,impersonator,impersonator
1994,impersonator,impersonator,impersonator,impersonator,impersonator,impersonator,impersonator,mismatch,mismatch
1995,impersonator,impersonator,impersonator,mismatch,impersonator,impersonator,impersonator,impersonator,impersonator
1996,impersonator,impersonator,impersonator,impersonator,impersonator,impersonator,impersonator,impersonator,impersonator
1997,impersonator,impersonator,impersonator,match,impersonator,impersonator,impersonator,impersonator,impersonator
1998,impersonator,impersonator,impersonator,impersonator,impersonator,impersonator,impersonator,impersonator,impersonator
1999,impersonator,impersonator,impersonator,impersonator,impersonator,impersonator,impersonator,impersonator,impersonator
2000,impersonator,impersonator,impersonator,match,impersonator,impersonator,impersonator,mismatch,match
2001,impersonator,match,impersonator,mismatch,impersonator,impersonator,impersonator,impersonator,impersonator
2002,impersonator,impersonator,impersonator,match,impersonator,impersonator,impersonator,impersonator,impersonator
2003,impersonator,impersonator,impersonator,impersonator,impersonator,match,impersonator,mismatch,impersonator
2004,impersonator,impersonator,impersonator,impersonator,impersonator,impersonator,impersonator,impersonator,impersonator
2005,impersonator,impersonator,match,impersonator,impersonator,impersonator,mismatch,impersonator,impersonator
2006,impersonator,impersonator,match,impersonator,impersonator,impersonator,impersonator,impersonator,impersonator
2007,impersonator,impersonator,mismatch,impersonator,impersonator,impersonator,impersonator,match,impersonator
2008,impersonator,impersonator,mismatch,impersonator,impersonator,impersonator,impersonator,impersonator,impersonator
2009,impersonator,impersonator,match,impersonator,impersonator,match,match,impersonator,impersonator
2010,impersonator,impersonator,impersonator,match,impersonator,impersonator,impersonator,impersonator,impersonator
2011,impersonator,impersonator,mismatch,impersonator,match,match,impersonator,impersonator,impersonator
2012,impersonator,impersonator,mismatch,mismatch,impersonator,impersonator,impersonator,impersonator,impersonator
2013,impersonator,match,match,match,match,match,match,match,match
2014,impersonator,match,match,match,match,match,match,match,match
2015,impersonator,match,match,match,match,match,match,match,match
2016,impersonator,impersonator,match,match,match,match,match,match,match
2017,impersonator,match,match,match,match,match,match,impersonator,match
2018,impersonator,match,match,match,match,match,match,match,match
2019,impersonator,match,match,match,match,mismatch,match,match,match
2020,impersonator,match,match,match,match,match,match,match,match
2021,impersonator,match,match,match,match,match,match,match,match
2022,impersonator,match,match,match,match,match,match,match,match
2023,impersonator,match,match,match,match,match,match,match,match
2024,impersonator,match,match,match,match,match,match,match,match
2025,impersonator,match,match,match,match,match,match,match,match
2026,impersonator,match,match,match,match,match,match,match,match
2027,impersonator,match,match,match,match,match,match,match,match
2028,impersonator,match,match,match,match,match,match,match,match
2029,impersonator,match,match,match,match,match,match,match,match
2030,impersonator,match,match,match,match,match,match,match,match
2031,impersonator,match,match,match,match,match,match,match,match
2032,impersonator,match,impersonator,match,match,match,match,match,match
2033,impersonator,match,match,match,match,match,match,match,match
2034,impersonator,match,match,match,match,match,match,match,match
2035,impersonator,match,match,match,match,match,match,match,match
2036,impersonator,match,match,match,match,match,match,match,match
2037,impersonator,match,match,match,match,match,match,match,match
2038,impersonator,match,match,match,match,match,match,match,match
2039,impersonator,match,match,match,match,match,match,match,match
2040,impersonator,match,match,match,match,match,match,match,match
2041,impersonator,match,match,impersonator,match,match,match,match,match
2042,impersonator,match,match,match,match,match,match,match,match
2043,impersonator,match,match,match,match,match,match,match,match
2044,impersonator,match,match,match,match,match,match,match,match
2045,impersonator,match,match,match,match,match,match,match,match
2046,impersonator,match,match,match,match,match,match,match,match
2047,impersonator,match,match,match,impersonator,match,match,match,match
2048,impersonator,match,match,match,mismatch,match,match,match,match
2049,impersonator,match,match,match,match,match,match,match,match
2050,impersonator,match,match,match,match,match,match,match,match
2051,impersonator,match,match,match,match,match,match,match,match
2052,impersonator,match,match,match,match,match,match,match,match
2053,impersonator,match,match,match,match,match,match,match,match
2054,impersonator,impersonator,match,match,match,match,match,match,match
2055,impersonator,impersonator,match,match,match,match,match,match,match
2056,impersonator,match,match,match,match,match,match,match,match
2057,impersonator,match,match,match,match,match,match,match,match
2058,impersonator,match,match,match,match,match,match,match,match
2059,impersonator,match,match,match,match,match,match,match,match
2060,impersonator,impersonator,match,match,match,match,match,match,match
2061,impersonator,match,match,match,match,match,match,match,match
2062,impersonator,match,match,match,match,match,match,match,match
2063,impersonator,match,match,match,match,match,match,match,match
2064,impersonator,match,match,match,match,match,match,match,match
2065,impersonator,match,match,match,match,match,match,match,match
2066,impersonator,match,match,match,match,match,match,match,match
2067,impersonator,match,match,match,match,match,match,match,match
2068,impersonator,match,match,match,match,match,match,match,match
2069,impersonator,match,match,match,match,match,match,match,match
2070,impersonator,match,match,match,match,impersonator,match,match,match
2071,impersonator,match,match,match,match,match,match,match,match
2072,impersonator,match,match,match,match,match,match,match,match
2073,impersonator,match,match,match,mismatch,mismatch,match,match,match
2074,impersonator,match,match,match,match,match,match,match,match
2075,impersonator,match,match,match,match,match,match,match,match
2076,impersonator,match,match,impersonator,impersonator,impersonator,impersonator,impersonator,impersonator
2077,impersonator,impersonator,impersonator,impersonator,impersonator,impersonator,impersonator,impersonator,impersonator
2078,impersonator,impersonator,impersonator,impersonator,impersonator,impersonator,impersonator,impersonator,impersonator
2079,impersonator,impersonator,impersonator,impersonator,impersonator,impersonator,impersonator,impersonator,impersonator
2080,impersonator,impersonator,impersonator,impersonator,impersonator,impersonator,impersonator,impersonator,impersonator
2081,impersonator,impersonator,impersonator,impersonator,impersonator,impersonator,impersonator,impersonator,impersonator
2082,impersonator,impersonator,impersonator,impersonator,impersonator,impersonator,impersonator,impersonator,impersonator
2083,impersonator,impersonator,impersonator,impersonator,impersonator,impersonator,impersonator,impersonator,impersonator
2084,impersonator,impersonator,impersonator,impersonator,impersonator,impersonator,impersonator,impersonator,impersonator
2085,impersonator,impersonator,impersonator,impersonator,impersonator,impersonator,impersonator,impersonator,impersonator
2086,impersonator,impersonator,impersonator,impersonator,impersonator,impersonator,impersonator,impersonator,impersonator
2087,impersonator,impersonator,impersonator,impersonator,impersonator,impersonator,impersonator,impersonator,impersonator
2088,impersonator,impersonator,impersonator,impersonator,impersonator,impersonator,impersonator,impersonator,impersonator
2089,impersonator,impersonator,impersonator,impersonator,impersonator,impersonator,impersonator,impersonator,impersonator
2090,impersonator,impersonator,impersonator,impersonator,impersonator,impersonator,impersonator,impersonator,impersonator
2091,impersonator,impersonator,impersonator,impersonator,impersonator,impersonator,impersonator,impersonator,impersonator
2092,impersonator,impersonator,impersonator,impersonator,impersonator,impersonator,impersonator,impersonator,impersonator
2093,impersonator,impersonator,impersonator,impersonator,impersonator,impersonator,impersonator,impersonator,impersonator
2094,impersonator,impersonator,impersonator,impersonator,impersonator,impersonator,impersonator,impersonator,impersonator
2095,impersonator,impersonator,impersonator,impersonator,impersonator,impersonator,impersonator,impersonator,impersonator
2096,impersonator,impersonator,impersonator,impersonator,impersonator,impersonator,impersonator,impersonator,impersonator
2097,impersonator,impersonator,impersonator,impersonator,impersonator,impersonator,impersonator,impersonator,impersonator
2098,impersonator,impersonator,impersonator,impersonator,impersonator,impersonator,impersonator,impersonator,impersonator
2099,impersonator,impersonator,impersonator,impersonator,impersonator,impersonator,impersonator,impersonator,impersonator
2100,impersonator,impersonator,impersonator,impersonator,impersonator,impersonator,impersonator,impersonator,impersonator
2101,impersonator,impersonator,impersonator,impersonator,impersonator,impersonator,impersonator,impersonator,impersonator
2102,impersonator,impersonator,impersonator,impersonator,impersonator,impersonator,impersonator,impersonator,impersonator
2103,impersonator,impersonator,impersonator,impersonator,impersonator,impersonator,impersonator,impersonator,impersonator
2104,impersonator,impersonator,impersonator,impersonator,impersonator,impersonator,impersonator,impersonator,impersonator
2105,impersonator,impersonator,impersonator,impersonator,impersonator,impersonator,impersonator,impersonator,impersonator
2106,impersonator,impersonator,impersonator,impersonator,impersonator,impersonator,impersonator,impersonator,impersonator
2107,impersonator,impersonator,impersonator,impersonator,impersonator,impersonator,impersonator,impersonator,impersonator
2108,impersonator,impersonator,impersonator,impersonator,impersonator,impersonator,impersonator,impersonator,impersonator
2109,impersonator,impersonator,impersonator,impersonator,impersonator,impersonator,impersonator,impersonator,impersonator
2110,impersonator,impersonator,impersonator,impersonator,impersonator,impersonator,impersonator,impersonator,impersonator
2111,impersonator,impersonator,impersonator,impersonator,impersonator,impersonator,impersonator,impersonator,impersonator
2112,impersonator,impersonator,impersonator,impersonator,impersonator,impersonator,impersonator,impersonator,impersonator
2113,impersonator,impersonator,impersonator,impersonator,impersonator,impersonator,impersonator,impersonator,impersonator
2114,impersonator,impersonator,impersonator,impersonator,impersonator,impersonator,impersonator,impersonator,impersonator
2115,impersonator,impersonator,impersonator,impersonator,impersonator,impersonator,impersonator,impersonator,impersonator
2116,impersonator,impersonator,impersonator,impersonator,impersonator,impersonator,impersonator,impersonator,impersonator
2117,impersonator,impersonator,impersonator,impersonator,impersonator,impersonator,impersonator,impersonator,impersonator
2118,impersonator,impersonator,impersonator,impersonator,impersonator,impersonator,impersonator,impersonator,mismatch
2119,impersonator,impersonator,impersonator,impersonator,impersonator,impersonator,impersonator,impersonator,impersonator
2120,impersonator,impersonator,impersonator,impersonator,impersonator,impersonator,impersonator,impersonator,impersonator
2121,impersonator,impersonator,impersonator,impersonator,impersonator,impersonator,impersonator,impersonator,impersonator
2122,impersonator,impersonator,impersonator,impersonator,impersonator,impersonator,impersonator,impersonator,impersonator
2123,impersonator,impersonator,impersonator,impersonator,impersonator,impersonator,impersonator,impersonator,impersonator
2124,impersonator,impersonator,impersonator,impersonator,impersonator,impersonator,impersonator,impersonator,impersonator
2125,impersonator,impersonator,impersonator,impersonator,impersonator,impersonator,impersonator,impersonator,impersonator
2126,impersonator,impersonator,impersonator,impersonator,impersonator,impersonator,impersonator,impersonator,impersonator
2127,impersonator,impersonator,impersonator,impersonator,impersonator,impersonator,impersonator,impersonator,impersonator
2128,impersonator,impersonator,impersonator,impersonator,impersonator,impersonator,impersonator,impersonator,impersonator
2129,impersonator,impersonator,impersonator,impersonator,impersonator,impersonator,impersonator,impersonator,impersonator
2130,impersonator,impersonator,impersonator,impersonator,impersonator,impersonator,impersonator,impersonator,impersonator
2131,impersonator,impersonator,impersonator,impersonator,impersonator,impersonator,impersonator,impersonator,impersonator
2132,impersonator,impersonator,impersonator,impersonator,impersonator,impersonator,impersonator,impersonator,impersonator
2133,impersonator,impersonator,impersonator,impersonator,impersonator,impersonator,impersonator,impersonator,impersonator
2134,impersonator,impersonator,impersonator,impersonator,impersonator,impersonator,impersonator,impersonator,impersonator
2135,impersonator,impersonator,impersonator,impersonator,impersonator,impersonator,impersonator,impersonator,impersonator
2136,impersonator,impersonator,impersonator,impersonator,impersonator,impersonator,impersonator,impersonator,impersonator
2137,impersonator,impersonator,impersonator,impersonator,impersonator,impersonator,impersonator,impersonator,impersonator
2138,impersonator,impersonator,impersonator,impersonator,impersonator,impersonator,impersonator,impersonator,impersonator
2139,impersonator,impersonator,impersonator,impersonator,impersonator,impersonator,impersonator,impersonator,impersonator
2140,impersonator,impersonator,impersonator,impersonator,impersonator,impersonator,impersonator,impersonator,impersonator
2141,impersonator,impersonator,impersonator,impersonator,impersonator,impersonator,impersonator,impersonator,impersonator
2142,impersonator,impersonator,impersonator,impersonator,impersonator,impersonator,impersonator,impersonator,impersonator
2143,impersonator,impersonator,impersonator,impersonator,impersonator,impersonator,impersonator,impersonator,impersonator
2144,impersonator,impersonator,impersonator,impersonator,impersonator,impersonator,impersonator,impersonator,impersonator
2145,impersonator,impersonator,impersonator,impersonator,impersonator,impersonator,impersonator,impersonator,impersonator
2146,impersonator,impersonator,impersonator,impersonator,impersonator,impersonator,impersonator,impersonator,impersonator
2147,impersonator,impersonator,impersonator,impersonator,impersonator,impersonator,impersonator,impersonator,impersonator
2148,impersonator,impersonator,impersonator,impersonator,impersonator,impersonator,impersonator,impersonator,impersonator
2149,impersonator,impersonator,impersonator,impersonator,impersonator,impersonator,impersonator,impersonator,impersonator
2150,impersonator,impersonator,impersonator,impersonator,impersonator,impersonator,impersonator,impersonator,impersonator
2151,impersonator,impersonator,impersonator,impersonator,impersonator,impersonator,impersonator,impersonator,mismatch
2152,impersonator,impersonator,impersonator,impersonator,impersonator,impersonator,impersonator,impersonator,impersonator
2153,impersonator,impersonator,impersonator,impersonator,impersonator,impersonator,impersonator,impersonator,impersonator
2154,impersonator,impersonator,impersonator,impersonator,impersonator,impersonator,impersonator,impersonator,impersonator
2155,impersonator,impersonator,impersonator,impersonator,impersonator,impersonator,impersonator,impersonator,impersonator
2156,impersonator,impersonator,impersonator,impersonator,impersonator,impersonator,impersonator,impersonator,impersonator
2157,impersonator,impersonator,impersonator,impersonator,impersonator,impersonator,impersonator,impersonator,impersonator
2158,impersonator,impersonator,mismatch,impersonator,impersonator,impersonator,impersonator,impersonator,impersonator
2159,impersonator,impersonator,impersonator,impersonator,impersonator,impersonator,impersonator,impersonator,impersonator
2160,impersonator,impersonator,impersonator,impersonator,impersonator,impersonator,impersonator,impersonator,impersonator
2161,impersonator,impersonator,impersonator,impersonator,impersonator,impersonator,impersonator,impersonator,impersonator
2162,impersonator,impersonator,impersonator,impersonator,impersonator,impersonator,impersonator,impersonator,impersonator
2163,impersonator,impersonator,impersonator,impersonator,impersonator,impersonator,impersonator,impersonator,impersonator
2164,impersonator,impersonator,impersonator,impersonator,impersonator,impersonator,impersonator,impersonator,impersonator
2165,impersonator,impersonator,impersonator,impersonator,impersonator,impersonator,match,impersonator,impersonator
2166,impersonator,impersonator,impersonator,impersonator,impersonator,impersonator,impersonator,impersonator,impersonator
2167,impersonator,impersonator,impersonator,impersonator,impersonator,impersonator,impersonator,impersonator,impersonator
2168,impersonator,impersonator,impersonator,impersonator,impersonator,impersonator,impersonator,impersonator,impersonator
2169,impersonator,impersonator,impersonator,impersonator,impersonator,impersonator,impersonator,impersonator,impersonator
2170,impersonator,impersonator,impersonator,impersonator,impersonator,impersonator,impersonator,impersonator,impersonator
2171,impersonator,impersonator,impersonator,impersonator,impersonator,impersonator,impersonator,impersonator,impersonator
2172,impersonator,impersonator,impersonator,impersonator,impersonator,impersonator,impersonator,mismatch,impersonator
2173,impersonator,impersonator,impersonator,impersonator,impersonator,impersonator,impersonator,impersonator,impersonator
2174,impersonator,impersonator,impersonator,impersonator,impersonator,impersonator,impersonator,impersonator,impersonator
2175,impersonator,impersonator,impersonator,impersonator,impersonator,impersonator,impersonator,impersonator,impersonator
2176,impersonator,impersonator,impersonator,impersonator,impersonator,impersonator,impersonator,impersonator,impersonator
2177,impersonator,mismatch,impersonator,impersonator,impersonator,impersonator,impersonator,impersonator,impersonator
2178,impersonator,impersonator,impersonator,impersonator,impersonator,impersonator,impersonator,impersonator,impersonator
2179,impersonator,impersonator,impersonator,impersonator,impersonator,impersonator,impersonator,impersonator,impersonator
2180,impersonator,impersonator,impersonator,impersonator,impersonator,impersonator,impersonator,impersonator,impersonator
2181,impersonator,impersonator,impersonator,impersonator,impersonator,impersonator,impersonator,impersonator,impersonator
2182,impersonator,impersonator,impersonator,impersonator,impersonator,impersonator,impersonator,impersonator,impersonator
2183,impersonator,impersonator,impersonator,impersonator,impersonator,impersonator,impersonator,impersonator,impersonator
2184,impersonator,impersonator,impersonator,impersonator,impersonator,impersonator,impersonator,impersonator,impersonator
2185,impersonator,impersonator,impersonator,impersonator,impersonator,impersonator,impersonator,impersonator,impersonator
2186,impersonator,impersonator,impersonator,impersonator,impersonator,impersonator,impersonator,impersonator,impersonator
2187,impersonator,impersonator,impersonator,impersonator,impersonator,impersonator,impersonator,impersonator,impersonator
2188,impersonator,impersonator,impersonator,impersonator,impersonator,impersonator,impersonator,impersonator,impersonator
2189,impersonator,impersonator,impersonator,impersonator,impersonator,impersonator,impersonator,impersonator,impersonator
2190,impersonator,impersonator,impersonator,impersonator,impersonator,impersonator,impersonator,impersonator,impersonator
2191,impersonator,impersonator,impersonator,impersonator,impersonator,impersonator,impersonator,impersonator,impersonator
2192,impersonator,impersonator,impersonator,impersonator,impersonator,impersonator,impersonator,match,impersonator
2193,impersonator,impersonator,impersonator,impersonator,impersonator,impersonator,impersonator,impersonator,impersonator
2194,impersonator,impersonator,impersonator,impersonator,impersonator,impersonator,impersonator,impersonator,impersonator
2195,impersonator,impersonator,impersonator,impersonator,impersonator,impersonator,match,impersonator,impersonator
2196,impersonator,impersonator,impersonator,impersonator,impersonator,impersonator,impersonator,mismatch,impersonator
2197,impersonator,impersonator,impersonator,impersonator,mismatch,impersonator,match,impersonator,impersonator
2198,impersonator,impersonator,impersonator,impersonator,impersonator,impersonator,impersonator,impersonator,impersonator
2199,impersonator,impersonator,impersonator,impersonator,impersonator,impersonator,impersonator,impersonator,impersonator
2200,impersonator,impersonator,impersonator,impersonator,impersonator,impersonator,impersonator,impersonator,impersonator
2201,impersonator,impersonator,impersonator,impersonator,impersonator,impersonator,impersonator,impersonator,impersonator
2202,impersonator,impersonator,impersonator,impersonator,impersonator,impersonator,impersonator,impersonator,impersonator
2203,impersonator,impersonator,impersonator,mismatch,impersonator,impersonator,impersonator,impersonator,impersonator
2204,impersonator,impersonator,impersonator,impersonator,impersonator,impersonator,impersonator,impersonator,impersonator
2205,impersonator,impersonator,impersonator,impersonator,impersonator,impersonator,impersonator,impersonator,impersonator
2206,impersonator,impersonator,impersonator,impersonator,impersonator,match,impersonator,impersonator,impersonator
2207,impersonator,impersonator,impersonator,impersonator,impersonator,impersonator,impersonator,impersonator,impersonator
2208,impersonator,impersonator,impersonator,impersonator,impersonator,impersonator,impersonator,impersonator,impersonator
2209,impersonator,impersonator,impersonator,impersonator,impersonator,impersonator,impersonator,impersonator,impersonator
2210,impersonator,impersonator,impersonator,impersonator,impersonator,impersonator,match,impersonator,impersonator
2211,impersonator,impersonator,impersonator,impersonator,impersonator,impersonator,impersonator,impersonator,impersonator
2212,impersonator,match,impersonator,impersonator,impersonator,impersonator,impersonator,impersonator,impersonator
2213,impersonator,impersonator,impersonator,impersonator,impersonator,impersonator,impersonator,impersonator,match
2214,impersonator,match,impersonator,impersonator,impersonator,impersonator,impersonator,impersonator,impersonator
2215,impersonator,impersonator,impersonator,impersonator,impersonator,impersonator,impersonator,impersonator,impersonator
2216,impersonator,impersonator,impersonator,impersonator,impersonator,impersonator,impersonator,impersonator,match
2217,impersonator,impersonator,impersonator,impersonator,impersonator,impersonator,mismatch,impersonator,impersonator
2218,impersonator,impersonator,impersonator,impersonator,impersonator,impersonator,impersonator,match,impersonator
2219,impersonator,impersonator,impersonator,match,impersonator,impersonator,impersonator,impersonator,mismatch
2220,impersonator,impersonator,impersonator,impersonator,impersonator,impersonator,impersonator,impersonator,match
2221,impersonator,impersonator,impersonator,impersonator,impersonator,impersonator,impersonator,impersonator,impersonator
2222,impersonator,impersonator,impersonator,impersonator,impersonator,impersonator,impersonator,impersonator,impersonator
2223,impersonator,impersonator,impersonator,impersonator,impersonator,impersonator,impersonator,impersonator,impersonator
2224,impersonator,impersonator,impersonator,impersonator,impersonator,impersonator,impersonator,impersonator,impersonator
2225,impersonator,impersonator,impersonator,match,impersonator,impersonator,impersonator,impersonator,mismatch
2226,impersonator,impersonator,impersonator,impersonator,impersonator,impersonator,impersonator,impersonator,impersonator
2227,impersonator,impersonator,impersonator,impersonator,impersonator,impersonator,impersonator,impersonator,impersonator
2228,impersonator,match,impersonator,impersonator,impersonator,impersonator,impersonator,impersonator,impersonator
2229,impersonator,impersonator,impersonator,impersonator,impersonator,impersonator,impersonator,impersonator,impersonator
2230,impersonator,impersonator,impersonator,impersonator,impersonator,impersonator,impersonator,impersonator,impersonator
2231,impersonator,impersonator,impersonator,impersonator,impersonator,impersonator,impersonator,impersonator,impersonator
2232,impersonator,impersonator,impersonator,impersonator,impersonator,impersonator,impersonator,impersonator,impersonator
2233,impersonator,impersonator,impersonator,impersonator,impersonator,impersonator,impersonator,impersonator,impersonator
2234,impersonator,impersonator,impersonator,match,impersonator,impersonator,impersonator,impersonator,impersonator
2235,impersonator,impersonator,impersonator,impersonator,impersonator,impersonator,impersonator,impersonator,impersonator
2236,impersonator,impersonator,impersonator,impersonator,impersonator,impersonator,impersonator,impersonator,impersonator
2237,impersonator,impersonator,impersonator,impersonator,impersonator,impersonator,impersonator,impersonator,mismatch
2238,impersonator,impersonator,impersonator,impersonator,impersonator,impersonator,impersonator,impersonator,impersonator
2239,impersonator,impersonator,impersonator,impersonator,impersonator,impersonator,impersonator,impersonator,impersonator
2240,impersonator,impersonator,impersonator,impersonator,impersonator,impersonator,impersonator,impersonator,impersonator
2241,impersonator,match,impersonator,impersonator,impersonator,impersonator,impersonator,impersonator,match
2242,impersonator,impersonator,impersonator,impersonator,impersonator,impersonator,impersonator,impersonator,impersonator
2243,impersonator,impersonator,impersonator,impersonator,impersonator,impersonator,impersonator,impersonator,impersonator
2244,impersonator,mismatch,impersonator,impersonator,impersonator,impersonator,impersonator,impersonator,impersonator
2245,impersonator,impersonator,mismatch,impersonator,impersonator,impersonator,impersonator,impersonator,impersonator
