,label,Feature 0,Feature 1,Feature 2,Feature 3,Feature 4,Feature 5,Feature 6
888,genuine,171.0,171.0,176.0,173.0,174.0,172.0,172.0
2946,genuine,11.5,17.0,778.5,421.0,17.3,16.1,397.3
2254,genuine,16.3,35.9,61.4,10.9,32.3,119.8,31.6
2300,genuine,16.9,1183.5,422.5,23.2,19.0,21.6,20.4
1649,genuine,412.2,232.0,449.6,31.5,233.7,233.5,450.4
597,impersonator,14.7,15.6,1.2,231.6,659.6,419.3,15.2
4461,genuine,17.9,991.2,8.7,421.0,19.0,18.2,20.2
3545,genuine,24.1,15.1,18.0,767.9,18.3,19.0,18.8
644,genuine,13.0,173.0,323.0,170.0,170.0,12.0,166.0
219,genuine,13.3,18.5,981.2,13.9,183.6,632.6,16.4
1009,impersonator,26.5,9.9,426.8,18.4,25.7,229.5,24.5
3510,genuine,164.0,165.0,169.0,167.0,166.0,166.0,167.0
3453,impersonator,164.0,172.4,161.3,182.7,168.6,164.0,166.3
850,genuine,21.0,18.8,422.8,14.3,19.5,19.6,20.1
1782,impersonator,21.2,18.8,380.6,17.1,14.2,219.9,399.5
3389,genuine,229.6,432.4,15.9,234.1,233.4,232.3,434.6
1087,genuine,14.6,43.1,1614.6,19.1,18.8,20.1,16.3
3865,impersonator,13.7,7.7,973.5,436.2,16.5,14.6,15.8
3421,impersonator,219.8,209.0,223.5,234.7,448.9,25.9,240.6
2019,impersonator,15.7,18.0,26.1,1427.9,20.5,23.6,14.7
3831,impersonator,169.9,175.3,174.8,176.5,169.6,169.1,171.3
3873,impersonator,22.8,399.6,367.4,224.0,208.0,218.0,432.6
3957,impersonator,22.4,24.1,27.3,1021.5,27.1,23.7,21.4
3574,genuine,41.8,585.3,16.8,17.1,2077.1,20.1,17.1
781,impersonator,168.7,166.9,178.4,176.9,168.9,174.8,165.0
530,genuine,11.2,16.3,1004.5,18.5,12.3,16.8,16.7
1027,genuine,165.0,167.0,10.0,158.0,332.0,168.0,167.0
2599,genuine,16.4,1570.6,17.6,18.3,18.4,18.4,18.4
684,impersonator,161.0,169.0,172.0,174.4,166.4,167.1,165.0
3220,impersonator,21.8,11.5,1152.1,16.0,15.6,22.3,19.8
3758,genuine,15.6,18.2,785.9,631.3,20.5,16.8,16.5
2896,genuine,171.0,173.0,174.0,174.0,172.0,173.0,172.0
2582,impersonator,16.8,1276.0,5.1,25.1,21.6,19.8,17.6
3712,genuine,168.0,189.0,153.0,170.0,13.0,167.0,333.0
3552,impersonator,18.8,239.7,227.7,226.0,453.0,237.1,430.6
3771,genuine,14.8,17.6,18.4,18.4,756.8,17.1,19.5
559,impersonator,231.7,230.8,220.5,233.0,214.7,224.8,414.3
4003,genuine,430.4,16.4,233.1,232.4,433.7,16.6,432.9
641,genuine,433.1,13.2,232.6,233.9,232.9,432.2,16.5
2623,impersonator,161.8,170.4,153.7,175.3,173.7,166.0,169.5
1516,genuine,423.3,1469.7,15.8,16.9,46.4,64.1,59.4
4090,genuine,179.0,169.0,158.0,170.0,168.0,183.0,167.0
1195,impersonator,421.2,13.0,210.8,226.8,217.5,433.6,8.2
636,genuine,50.5,373.1,18.8,73.7,82.2,34.4,2536.4
889,genuine,165.0,180.0,153.0,169.0,169.0,11.0,166.0
3732,impersonator,377.0,402.9,22.5,239.2,237.4,439.9,15.2
1867,genuine,169.0,188.0,9.0,150.0,349.0,167.0,166.0
3269,genuine,180.0,178.0,151.0,172.0,172.0,169.0,169.0
1803,impersonator,156.1,169.1,166.4,20.6,165.7,168.1,166.5
3240,genuine,14.1,1625.0,17.9,18.4,21.3,17.9,17.9
2559,impersonator,222.7,245.5,226.3,221.0,432.8,12.4,220.0
731,genuine,16.1,19.6,16.5,18.5,18.4,82.5,18.4
1226,impersonator,8.6,19.8,65.4,956.5,1193.7,19.7,26.9
339,impersonator,17.0,17.0,1476.9,429.3,16.7,17.3,24.5
3037,impersonator,18.0,1436.6,21.3,14.6,17.5,23.1,21.2
4181,impersonator,430.2,10.0,8.6,238.9,214.2,430.9,412.4
837,impersonator,17.9,227.3,220.3,216.0,216.2,222.4,431.0
1568,impersonator,166.5,162.3,162.7,179.9,166.1,172.6,169.0
953,impersonator,18.1,231.9,444.7,440.7,20.4,21.7,449.2
3339,genuine,412.3,31.0,232.6,233.1,233.1,450.7,14.8
1792,genuine,15.8,1381.8,16.6,17.3,17.5,17.5,17.5
881,genuine,999.5,19.6,18.2,18.8,19.0,2248.8,14.2
200,impersonator,166.4,173.0,172.1,180.3,167.8,171.1,172.1
1468,impersonator,24.8,176.2,158.3,174.9,17.7,168.8,167.9
2833,impersonator,19.0,23.6,41.8,19.3,1815.3,19.2,24.2
2759,genuine,19.3,20.8,1603.4,14.5,20.7,20.3,20.1
688,impersonator,24.9,421.1,18.7,227.9,226.8,437.3,446.3
3824,impersonator,167.7,177.2,162.0,171.6,165.8,168.9,165.3
661,impersonator,16.3,23.2,128.9,847.6,27.4,21.4,19.5
612,genuine,169.0,172.0,169.0,172.0,171.0,172.0,164.0
3687,genuine,228.5,216.8,233.2,233.2,233.1,433.5,16.7
2253,genuine,171.0,175.0,175.0,172.0,174.0,173.0,173.0
1183,impersonator,24.1,9.0,214.3,219.5,220.2,225.9,12.5
3143,impersonator,1956.6,19.5,13.3,298.1,16.1,26.6,20.2
1222,impersonator,9.6,14.4,380.1,26.1,15.4,16.6,17.7
2306,genuine,230.0,233.8,29.9,216.3,416.8,232.9,450.4
929,impersonator,18.2,28.8,222.5,932.6,446.9,223.0,19.2
1057,impersonator,7.8,234.8,344.0,445.1,19.5,232.2,222.9
570,genuine,225.7,233.4,233.2,232.7,233.0,450.6,16.1
1034,genuine,16.4,16.4,16.7,16.6,16.6,16.5,27.7
2007,genuine,166.0,171.0,175.0,170.0,174.0,170.0,337.0
3520,genuine,171.0,173.0,173.0,173.0,171.0,174.0,173.0
2888,genuine,166.0,168.0,169.0,168.0,166.0,167.0,167.0
2403,genuine,172.0,172.0,174.0,172.0,173.0,173.0,171.0
4291,impersonator,223.3,233.6,223.1,229.0,448.7,20.6,234.9
855,genuine,164.0,190.0,152.0,170.0,172.0,170.0,168.0
2227,impersonator,236.0,240.2,202.7,219.1,457.4,19.7,233.4
3166,impersonator,18.2,15.5,444.7,21.1,222.7,219.3,447.2
2789,genuine,164.0,166.0,167.0,165.0,164.0,168.0,166.0
2717,impersonator,163.7,168.3,163.8,19.7,165.8,164.9,13.1
2539,impersonator,13.4,25.3,726.7,423.8,13.5,14.4,17.6
1696,genuine,172.0,173.0,175.0,173.0,173.0,172.0,173.0
1640,impersonator,228.6,214.7,357.4,15.9,6.8,228.0,411.7
1083,genuine,166.0,170.0,170.0,170.0,169.0,168.0,168.0
4449,genuine,164.0,183.0,157.0,172.0,3.0,168.0,339.0
2046,impersonator,16.2,392.9,15.0,182.9,170.4,170.4,169.3
3480,impersonator,16.0,163.5,125.4,669.2,25.2,19.7,13.6
2428,impersonator,160.3,158.9,167.4,161.5,161.5,165.3,165.4
1323,genuine,164.0,187.0,153.0,170.0,168.0,171.0,171.0
1966,impersonator,12.5,4.5,387.1,15.9,15.0,18.9,20.4
278,impersonator,1656.5,26.6,16.4,27.3,75.4,18.7,22.3
3805,genuine,172.0,171.0,175.0,173.0,173.0,173.0,173.0
266,genuine,170.0,173.0,176.0,173.0,172.0,174.0,173.0
4465,genuine,164.0,167.0,169.0,166.0,166.0,166.0,167.0
637,genuine,17.9,229.7,429.1,15.4,434.5,16.1,15.8
343,impersonator,5.4,179.1,150.4,676.2,17.1,21.1,22.9
254,genuine,396.2,217.5,20.9,19.6,20.3,20.0,20.5
3323,genuine,166.0,168.0,7.0,161.0,332.0,167.0,167.0
4172,impersonator,3.4,232.1,532.6,439.8,16.2,16.9,241.8
2313,genuine,163.0,166.0,168.0,166.0,166.0,166.0,166.0
2919,genuine,169.0,170.0,170.0,171.0,173.0,170.0,167.0
1330,impersonator,164.8,175.2,171.1,167.7,165.9,165.1,163.4
2357,impersonator,168.4,170.7,162.2,176.1,172.3,174.6,171.4
4290,genuine,231.8,196.7,16.5,216.6,199.6,215.6,216.5
486,impersonator,21.9,218.9,456.6,436.9,234.3,233.2,446.0
3914,impersonator,167.2,171.9,166.5,176.3,170.3,166.2,168.1
1513,impersonator,163.2,174.6,163.6,177.7,174.4,168.8,172.3
1828,genuine,165.0,168.0,166.0,167.0,8.0,159.0,335.0
3975,genuine,164.0,184.0,153.0,170.0,170.0,171.0,169.0
2978,impersonator,15.6,15.2,412.1,27.4,25.4,22.7,96.8
2587,genuine,165.0,168.0,168.0,167.0,168.0,166.0,168.0
3347,impersonator,171.7,173.8,156.7,173.6,171.1,15.8,16.6
4454,genuine,14.5,362.2,631.0,16.7,19.8,16.6,17.3
3116,genuine,17.0,21.9,770.5,207.0,19.5,622.9,16.4
3895,impersonator,169.7,162.1,163.0,14.6,161.6,17.2,163.4
2101,impersonator,19.6,17.5,10.7,143.9,164.9,164.3,16.9
384,impersonator,14.1,18.2,1005.9,614.8,13.2,1853.7,22.0
1070,impersonator,216.0,169.3,396.5,470.2,22.0,23.7,21.3
1166,impersonator,166.7,163.7,171.3,168.2,175.1,173.4,168.4
3038,genuine,230.2,452.8,31.4,233.7,233.0,451.0,14.6
3,impersonator,163.5,177.8,153.1,170.4,164.6,14.6,162.2
3202,impersonator,11.4,1349.1,397.5,24.3,25.7,26.4,18.7
1520,genuine,13.9,18.5,19.3,19.0,1130.5,18.7,19.2
3556,genuine,231.4,446.2,16.9,232.7,233.3,232.9,233.4
3202,genuine,172.0,171.0,175.0,174.0,172.0,173.0,174.0
1337,genuine,166.0,188.0,158.0,171.0,171.0,169.0,168.0
2949,genuine,13.5,13.3,210.2,216.3,216.5,416.4,233.0
1215,impersonator,449.1,15.3,225.1,225.6,437.3,14.7,223.6
344,impersonator,163.4,165.0,169.8,226.8,166.1,167.9,164.6
116,genuine,228.0,231.6,451.0,31.7,15.3,217.1,216.3
453,impersonator,161.4,176.0,148.4,183.1,170.5,170.5,23.8
1373,genuine,230.1,433.0,16.5,233.5,16.1,216.6,200.0
92,impersonator,14.2,23.1,1193.1,30.3,18.1,22.1,21.1
4015,genuine,17.4,229.7,229.6,233.1,233.2,233.5,16.4
1606,impersonator,165.1,174.1,166.1,174.1,169.9,171.5,166.9
2477,genuine,164.0,179.0,154.0,173.0,167.0,9.0,166.0
1190,genuine,167.0,171.0,170.0,169.0,172.0,169.0,166.0
98,impersonator,10.9,20.0,913.8,17.6,19.4,15.7,11.8
1713,impersonator,21.6,223.4,407.0,417.3,224.9,215.4,445.1
2251,impersonator,233.7,18.4,397.3,26.3,212.0,226.6,412.2
3285,genuine,194.6,432.5,232.6,231.9,234.1,232.6,451.3
916,genuine,172.0,173.0,173.0,171.0,173.0,174.0,173.0
3708,genuine,230.1,232.4,16.3,216.3,634.2,15.3,15.9
3486,genuine,171.0,173.0,176.0,173.0,172.0,175.0,172.0
2247,impersonator,172.6,172.4,171.7,174.9,170.6,178.6,170.1
1619,genuine,167.0,190.0,156.0,170.0,169.0,171.0,9.0
2053,impersonator,13.0,223.6,212.2,244.0,406.9,231.9,227.7
2093,genuine,229.3,232.5,432.1,16.5,233.2,233.3,233.1
764,impersonator,24.4,443.0,427.3,245.7,227.3,229.2,436.4
687,genuine,167.0,167.0,167.0,165.0,167.0,165.0,167.0
955,impersonator,21.8,439.8,0.0,231.0,347.8,171.8,16.6
2761,impersonator,11.8,13.7,1118.4,13.1,547.5,737.0,19.4
75,impersonator,5.4,26.4,590.6,443.4,16.9,19.9,21.4
3363,impersonator,19.8,170.4,166.2,180.8,169.7,174.8,172.0
2874,impersonator,165.4,178.1,155.3,33.2,166.4,169.7,17.4
3205,impersonator,15.9,18.8,1387.8,1240.6,20.7,16.4,23.6
3294,impersonator,224.7,20.9,209.4,223.9,205.5,15.1,209.9
4250,genuine,195.7,216.3,216.5,199.9,417.2,233.0,433.6
1554,impersonator,6.7,135.8,22.9,394.8,139.1,116.2,117.8
330,genuine,16.9,18.3,69.7,1526.0,17.8,19.5,18.6
372,genuine,163.0,168.0,167.0,165.0,167.0,169.0,168.0
1939,impersonator,238.4,248.6,413.4,30.1,30.1,241.5,221.8
3572,genuine,227.1,231.0,450.6,31.5,234.4,232.4,450.6
2463,impersonator,238.1,228.4,446.6,24.4,243.6,244.8,221.3
498,impersonator,68.6,1342.1,25.2,19.8,24.6,18.6,24.2
854,impersonator,168.2,180.4,169.9,173.8,174.4,175.4,169.0
2306,impersonator,167.6,174.9,149.9,171.2,162.1,166.9,312.9
1810,impersonator,165.3,165.0,168.7,179.5,172.0,172.8,170.3
2270,impersonator,162.8,168.0,161.8,177.3,170.7,172.3,164.8
747,genuine,163.0,191.0,149.0,172.0,169.0,170.0,170.0
2275,genuine,164.0,167.0,168.0,167.0,168.0,168.0,166.0
1799,impersonator,166.9,178.8,150.0,177.3,165.6,16.4,165.0
2294,impersonator,12.0,1241.0,20.3,160.9,19.4,16.9,78.9
1428,impersonator,6.1,23.6,507.3,676.7,15.7,17.1,26.0
3065,impersonator,225.1,16.9,12.4,235.4,225.7,17.6,446.5
2380,genuine,17.8,18.4,781.3,422.5,16.9,19.2,19.0
1403,impersonator,172.0,170.9,178.1,174.6,168.9,168.7,167.6
2161,impersonator,13.0,28.1,14.1,18.4,1836.7,20.0,23.1
4381,genuine,431.2,14.1,233.9,233.2,232.4,234.1,232.3
1218,genuine,228.6,232.7,433.5,16.9,232.7,232.9,233.2
2147,genuine,164.0,179.0,154.0,172.0,170.0,170.0,169.0
1088,impersonator,169.3,164.6,167.6,179.2,171.2,169.5,168.9
1805,impersonator,159.4,162.2,169.5,169.2,162.9,161.9,169.2
1483,genuine,185.0,10.0,150.0,349.0,166.0,166.0,166.0
757,genuine,15.8,17.9,1382.7,15.2,17.7,17.5,17.8
1769,genuine,21.1,18.4,20.8,1591.8,21.9,19.9,21.7
2955,impersonator,28.1,16.7,9.3,227.7,228.1,411.2,11.3
680,genuine,14.7,16.1,16.6,72.2,40.6,55.1,99.1
939,impersonator,16.8,14.8,791.8,1623.7,22.6,22.5,21.4
1506,impersonator,160.9,170.9,166.6,177.7,173.9,169.7,168.9
3854,impersonator,162.5,164.9,167.1,168.9,166.2,164.9,163.0
2312,impersonator,168.4,182.7,154.0,177.5,166.3,173.0,165.7
1549,genuine,791.6,203.4,15.6,19.5,16.6,17.3,17.9
2602,genuine,169.0,172.0,167.0,170.0,171.0,172.0,167.0
954,genuine,164.0,166.0,168.0,165.0,166.0,167.0,165.0
4128,genuine,216.9,195.5,433.4,233.0,433.5,16.2,233.3
3328,impersonator,168.0,167.3,174.3,168.3,168.9,171.6,165.8
15,impersonator,21.5,14.7,922.1,25.3,23.9,21.9,16.6
445,genuine,228.2,449.5,16.0,14.7,215.9,216.8,216.7
4095,genuine,167.0,168.0,166.0,166.0,167.0,169.0,165.0
2929,genuine,168.0,192.0,150.0,170.0,170.0,11.0,166.0
901,genuine,163.0,217.0,134.0,166.0,167.0,183.0,166.0
3898,impersonator,411.3,12.2,2.3,228.3,206.6,215.7,15.9
3985,impersonator,17.2,19.2,450.4,27.8,10.3,231.3,435.0
4021,impersonator,10.9,14.9,13.9,24.2,15.8,20.5,19.1
1104,impersonator,18.0,22.2,667.8,412.6,26.4,22.1,26.4
3736,genuine,227.6,232.2,232.7,232.5,450.6,15.8,233.5
1700,genuine,167.0,173.0,170.0,171.0,173.0,171.0,168.0
2174,impersonator,1442.0,660.0,50.2,262.7,23.1,17.1,22.5
713,genuine,165.0,168.0,167.0,8.0,160.0,334.0,168.0
304,impersonator,416.2,3.7,18.2,221.0,217.3,420.5,437.3
444,impersonator,1574.1,1455.5,24.3,30.9,20.0,20.5,22.0
1622,genuine,15.3,17.7,783.8,420.9,14.9,20.5,16.5
2362,impersonator,21.1,22.5,27.9,24.6,27.8,19.1,14.9
3827,impersonator,171.6,165.8,169.4,174.5,168.4,170.7,161.2
2594,genuine,590.7,17.8,18.1,33.5,64.2,65.7,30.2
479,impersonator,160.8,162.8,173.3,207.5,174.8,167.3,172.6
16,impersonator,170.5,170.1,172.3,181.9,172.8,172.9,179.0
2108,impersonator,12.4,18.9,695.1,638.6,12.9,13.9,20.8
4,impersonator,239.7,233.4,382.5,319.8,417.7,19.7,222.9
3369,impersonator,461.3,224.2,474.2,25.3,230.9,225.4,429.7
1538,genuine,167.0,186.0,11.0,150.0,334.0,182.0,167.0
2563,impersonator,431.5,30.0,25.8,229.4,219.0,440.1,13.8
2735,impersonator,386.1,176.5,156.7,178.4,176.6,20.3,22.8
4129,impersonator,12.1,20.0,807.3,903.6,20.4,20.1,23.3
340,genuine,165.0,167.0,168.0,167.0,166.0,166.0,167.0
4213,genuine,12.5,232.7,233.1,433.2,16.9,232.9,232.5
461,genuine,164.0,186.0,156.0,171.0,171.0,171.0,169.0
1192,impersonator,15.5,28.2,1189.4,421.8,17.4,20.6,19.6
3491,impersonator,17.3,10.6,519.2,452.1,20.8,22.2,27.1
3904,impersonator,12.7,24.1,165.7,24.3,18.4,26.8,25.2
817,genuine,167.0,170.0,169.0,171.0,172.0,171.0,165.0
2886,impersonator,27.1,18.3,1182.0,14.4,21.6,17.2,22.6
2798,impersonator,11.6,17.9,1024.3,32.5,21.4,16.8,20.9
1688,genuine,16.5,15.1,214.7,213.6,199.8,215.3,417.1
1765,genuine,226.2,449.6,31.9,250.3,249.7,450.5,32.3
3936,genuine,170.0,168.0,169.0,174.0,179.0,165.0,173.0
1149,impersonator,20.2,12.0,1064.8,20.6,22.1,65.6,23.4
3510,impersonator,14.9,216.2,351.2,16.4,220.7,211.1,421.8
1594,impersonator,219.7,231.4,219.9,223.0,413.5,228.0,424.2
2138,impersonator,161.3,169.2,159.1,169.2,172.3,169.4,166.6
3620,genuine,166.0,166.0,166.0,168.0,167.0,168.0,168.0
1567,impersonator,21.5,406.7,16.7,219.6,214.4,410.0,13.4
1001,genuine,194.4,431.4,234.7,231.9,453.6,11.8,450.7
4139,impersonator,169.1,177.0,153.3,172.5,20.0,172.8,169.4
2980,impersonator,16.0,224.6,384.8,29.9,231.0,235.2,218.9
3585,genuine,445.8,29.6,16.0,216.6,215.9,200.7,633.3
1710,genuine,164.0,188.0,154.0,171.0,168.0,169.0,170.0
3121,impersonator,173.1,168.6,182.3,170.8,174.8,174.8,168.6
1139,genuine,168.0,193.0,151.0,171.0,168.0,11.0,167.0
2152,impersonator,10.6,23.3,164.6,1619.1,174.5,20.1,21.9
1230,genuine,17.8,1887.5,19.9,52.6,96.0,69.7,20.3
3170,impersonator,18.2,16.7,25.9,1006.8,19.1,17.9,18.8
1113,genuine,172.0,174.0,174.0,172.0,175.0,173.0,173.0
3445,genuine,1226.5,15.8,17.4,1877.8,20.7,13.4,16.7
3939,genuine,166.0,168.0,168.0,165.0,167.0,168.0,169.0
3192,genuine,229.3,233.0,233.1,433.4,16.7,232.9,233.2
3984,genuine,164.0,169.0,167.0,168.0,166.0,169.0,167.0
374,impersonator,161.4,166.9,171.9,173.7,162.3,165.4,163.6
259,impersonator,224.7,435.8,6.6,252.8,226.7,466.1,13.4
3169,impersonator,173.7,162.3,173.9,174.7,178.4,176.2,173.1
654,impersonator,25.2,4.5,362.1,24.6,215.4,222.5,436.6
1760,impersonator,164.8,162.6,170.4,166.7,168.9,167.6,161.4
3636,impersonator,223.8,234.7,231.2,237.0,441.1,18.8,229.8
155,impersonator,162.2,79.8,161.3,171.8,170.9,172.5,165.7
2501,impersonator,172.4,172.9,171.8,178.3,178.8,179.7,171.5
3108,impersonator,220.4,418.3,13.7,230.7,435.5,435.8,211.7
2520,genuine,230.5,16.1,235.5,400.0,233.1,233.1,451.1
1717,impersonator,220.6,231.7,203.0,448.7,16.4,23.0,232.6
2325,genuine,171.0,175.0,175.0,174.0,172.0,174.0,172.0
3639,impersonator,165.3,176.8,162.6,175.4,166.1,168.1,169.5
1079,genuine,164.0,185.0,153.0,171.0,171.0,170.0,171.0
9,genuine,16.0,737.9,18.5,17.8,18.1,58.2,65.1
2932,impersonator,172.3,166.9,163.5,175.7,175.0,21.5,172.0
703,genuine,15.8,30.3,107.2,61.2,31.5,125.4,42.6
1394,impersonator,9.5,20.6,1123.1,1463.3,20.5,22.0,18.1
837,genuine,13.3,17.5,18.7,17.1,777.6,17.4,18.1
1387,impersonator,159.4,169.9,167.9,172.9,160.4,166.1,166.4
624,impersonator,171.6,170.7,170.7,179.4,183.1,176.9,173.0
572,impersonator,15.8,17.3,19.6,300.1,84.6,96.8,20.7
3984,impersonator,20.7,22.0,20.7,5.4,657.8,18.6,22.5
1611,impersonator,215.3,242.4,212.1,414.8,420.5,18.4,229.1
4259,impersonator,164.0,14.7,167.0,267.6,164.6,164.3,17.8
1072,impersonator,215.5,226.7,200.3,431.1,11.7,223.5,209.1
1176,impersonator,222.8,227.5,208.5,241.4,441.4,23.7,236.9
4062,impersonator,165.7,173.2,176.0,176.5,170.9,169.9,166.9
2232,impersonator,66.5,22.6,15.9,27.1,86.4,19.2,18.3
4472,genuine,5.8,2104.1,17.3,16.9,17.1,17.0,17.4
500,impersonator,21.8,16.0,13.9,13.8,744.1,19.7,20.1
4311,impersonator,162.9,170.6,169.6,176.0,172.6,166.2,164.3
2492,impersonator,164.2,173.6,176.7,177.9,172.7,174.5,172.6
3605,genuine,13.2,17.3,784.0,16.7,17.1,19.4,16.6
218,impersonator,94.0,1301.0,8.2,20.0,63.7,23.4,92.4
2034,impersonator,164.0,167.3,170.9,180.6,166.0,172.9,170.7
56,genuine,169.0,170.0,171.0,172.0,172.0,172.0,163.0
1077,genuine,88.9,897.1,17.0,17.4,17.8,17.1,2468.0
1156,genuine,12.7,15.0,805.2,14.4,15.8,17.8,17.2
1385,genuine,164.0,168.0,168.0,14.0,153.0,332.0,169.0
632,impersonator,22.1,22.7,125.7,241.9,226.3,421.6,430.0
504,genuine,166.0,169.0,171.0,170.0,168.0,169.0,170.0
835,impersonator,19.8,14.6,23.3,243.2,220.5,223.9,20.3
3927,impersonator,166.0,176.7,154.6,180.6,292.4,170.3,168.3
459,impersonator,161.3,180.9,150.1,178.3,169.3,14.4,164.2
3632,impersonator,17.3,22.6,682.6,606.5,19.8,16.2,16.0
1457,impersonator,10.8,12.2,694.1,618.6,16.1,15.5,19.6
902,impersonator,20.3,22.6,428.4,24.2,229.0,233.7,421.8
1372,genuine,170.0,173.0,175.0,173.0,172.0,173.0,171.0
737,impersonator,166.6,172.1,168.4,179.6,167.4,173.2,175.5
1296,impersonator,78.9,1639.4,23.6,15.7,18.3,94.1,117.3
1,impersonator,161.9,168.8,173.5,173.2,166.5,164.7,165.4
4052,genuine,164.0,167.0,166.0,14.0,152.0,332.0,169.0
2206,genuine,16.1,15.4,1381.2,16.2,15.9,16.8,17.2
2864,genuine,150.0,336.0,168.0,166.0,9.0,159.0,331.0
351,impersonator,160.3,161.4,175.0,169.5,162.2,164.6,166.3
2126,impersonator,16.4,169.1,2.4,15.0,17.8,23.2,17.5
274,genuine,168.0,173.0,171.0,173.0,171.0,170.0,166.0
1937,impersonator,166.0,47.3,167.9,219.8,171.7,168.9,167.4
3180,genuine,414.0,16.1,216.6,199.9,416.8,233.0,233.3
3526,impersonator,173.2,167.3,171.0,173.0,173.9,169.1,169.3
727,genuine,412.1,14.5,15.7,16.9,16.7,16.2,16.7
1279,impersonator,169.0,168.1,171.2,175.1,161.2,172.4,167.8
2672,impersonator,170.5,177.7,0.0,179.0,13.6,167.6,308.4
2534,impersonator,170.2,181.9,314.9,174.0,14.5,15.4,343.9
518,genuine,91.2,73.6,150.2,88.1,111.9,104.0,31.3
1706,impersonator,20.0,28.8,119.3,200.8,1147.6,21.6,20.3
2836,impersonator,11.5,20.5,164.4,25.4,22.9,22.1,21.5
1172,impersonator,156.9,167.9,165.3,175.7,165.9,166.8,167.5
2519,impersonator,172.5,180.8,0.0,185.7,325.6,169.0,13.3
1177,genuine,15.3,18.4,49.4,1548.8,16.4,18.2,17.6
1078,genuine,169.0,172.0,169.0,170.0,173.0,169.0,166.0
2039,impersonator,162.9,173.6,176.1,172.2,168.5,169.9,163.4
3136,impersonator,158.3,158.6,170.9,167.7,161.7,163.0,165.6
3700,impersonator,166.0,168.3,171.1,169.4,167.2,171.7,165.0
3184,genuine,165.0,168.0,166.0,166.0,168.0,167.0,169.0
3919,genuine,14.1,1592.7,15.9,17.7,18.0,20.4,17.1
4123,genuine,226.8,217.7,232.1,233.1,16.0,215.5,634.3
2991,genuine,163.0,179.0,155.0,170.0,168.0,169.0,169.0
2354,impersonator,428.3,17.0,400.8,268.6,212.6,228.4,433.7
3034,impersonator,171.1,183.6,152.6,175.8,160.1,168.8,164.9
3760,impersonator,165.7,173.7,182.7,178.5,176.3,173.6,167.1
2732,impersonator,164.1,162.3,167.3,163.8,169.6,164.6,164.9
2706,impersonator,1072.2,1339.5,14.0,27.5,28.8,15.7,16.9
857,genuine,26.1,14.6,575.4,424.3,16.0,18.1,19.6
2047,genuine,15.4,212.7,216.3,199.9,416.8,233.2,433.4
204,genuine,15.0,233.7,228.0,433.6,16.4,232.9,233.2
4200,impersonator,21.0,9.7,20.1,210.2,207.9,409.7,14.9
359,impersonator,426.5,15.8,558.1,220.4,20.0,18.8,20.5
2065,genuine,14.5,16.2,17.8,15.9,1167.3,15.5,18.3
2151,genuine,412.8,232.2,233.2,233.0,200.1,433.4,16.6
780,impersonator,21.7,229.7,229.1,438.2,418.9,20.3,454.9
592,genuine,171.0,173.0,174.0,172.0,172.0,172.0,173.0
2512,impersonator,21.1,24.0,20.3,263.8,945.8,22.3,17.5
1023,genuine,17.8,19.0,781.7,207.4,19.6,18.9,818.4
4276,impersonator,9.1,9.8,622.7,628.4,12.7,15.8,20.1
1565,genuine,20.1,18.8,1580.2,17.6,21.0,20.1,20.4
526,genuine,14.4,15.7,1591.1,27.2,15.1,632.6,19.0
2531,genuine,19.4,18.1,15.5,620.7,13.8,18.6,18.2
2860,impersonator,16.7,18.7,70.1,1010.2,452.9,25.5,23.1
4187,impersonator,171.8,174.1,170.0,179.4,177.7,170.9,168.7
127,genuine,168.0,170.0,171.0,171.0,173.0,168.0,166.0
3778,genuine,166.0,172.0,170.0,171.0,170.0,171.0,165.0
2748,impersonator,171.4,178.1,188.8,178.6,175.1,172.8,175.6
1229,impersonator,26.6,26.2,30.7,28.4,15.5,19.2,64.0
3783,impersonator,10.4,14.1,543.3,904.5,26.4,22.7,21.2
2660,genuine,229.0,229.8,232.6,450.4,15.7,233.5,233.3
3008,impersonator,167.0,164.2,173.1,176.4,166.7,167.7,161.8
3017,genuine,232.2,229.9,433.8,15.9,233.3,233.4,433.5
1136,genuine,166.0,168.0,167.0,167.0,165.0,168.0,167.0
811,genuine,17.0,17.3,781.6,630.8,19.0,17.1,15.9
2280,genuine,166.0,170.0,169.0,171.0,170.0,171.0,164.0
2099,impersonator,166.4,181.8,151.2,179.2,400.7,168.4,164.7
4371,impersonator,16.0,28.4,1032.8,634.5,23.3,14.8,16.6
4372,impersonator,165.0,167.2,171.8,169.8,167.4,169.1,316.8
2955,genuine,15.0,1838.7,16.8,18.4,18.6,20.0,16.7
1494,impersonator,171.1,166.9,165.5,173.6,174.4,172.1,168.9
1553,impersonator,172.0,164.3,167.0,169.9,171.7,174.8,170.1
961,genuine,15.7,18.6,1168.5,636.5,21.1,20.1,19.4
3624,genuine,231.0,230.1,232.8,433.2,16.6,233.3,233.3
4136,impersonator,168.7,163.5,165.1,167.1,168.0,167.4,294.6
336,genuine,16.4,1183.8,201.7,17.2,17.6,832.0,17.8
316,genuine,168.0,173.0,175.0,173.0,172.0,174.0,173.0
4364,genuine,163.0,178.0,159.0,170.0,169.0,168.0,170.0
1689,impersonator,172.0,174.2,173.0,174.6,167.6,173.7,166.0
4237,genuine,14.8,64.7,914.9,14.7,17.6,19.7,16.6
3884,impersonator,158.4,160.6,177.2,163.8,162.1,295.4,167.7
845,impersonator,165.5,159.9,164.8,161.3,164.1,164.7,163.3
2911,impersonator,173.0,163.8,164.2,176.3,171.6,175.6,173.2
3120,impersonator,231.3,426.6,456.0,31.7,239.3,219.9,223.2
615,genuine,14.8,26.6,551.8,15.3,17.3,24.5,85.8
775,genuine,15.0,15.4,17.2,17.1,16.9,16.9,77.8
4333,impersonator,218.4,238.1,221.1,464.9,447.4,24.1,230.3
2584,genuine,58.1,1451.5,14.7,431.4,18.2,18.2,15.6
1705,genuine,171.0,174.0,175.0,173.0,174.0,173.0,174.0
2194,impersonator,163.0,160.6,157.1,172.4,164.9,168.4,167.4
27,genuine,167.0,169.0,170.0,170.0,168.0,168.0,169.0
3649,impersonator,442.2,13.4,211.0,227.1,207.0,430.1,10.1
1372,impersonator,8.5,12.2,380.0,32.9,11.7,22.5,22.4
2030,impersonator,166.6,184.0,148.7,170.6,166.9,170.2,171.3
4412,impersonator,166.9,164.9,167.0,243.8,175.9,167.8,162.3
1560,impersonator,167.9,171.2,171.2,174.6,169.0,172.1,167.7
2968,impersonator,455.4,17.9,230.3,234.3,236.6,448.1,428.6
1852,genuine,231.7,228.4,234.8,448.3,14.4,234.1,234.4
751,genuine,172.0,174.0,175.0,174.0,173.0,173.0,173.0
317,genuine,171.0,172.0,174.0,175.0,175.0,174.0,175.0
3071,genuine,214.5,198.4,433.4,233.1,433.4,16.9,233.0
505,impersonator,165.1,382.8,392.2,20.0,161.5,303.9,168.6
1375,genuine,180.0,173.0,157.0,170.0,171.0,170.0,169.0
3891,genuine,168.0,172.0,170.0,170.0,170.0,171.0,166.0
2083,genuine,18.1,21.4,1569.4,16.7,21.0,20.4,22.3
324,genuine,167.0,187.0,157.0,172.0,171.0,172.0,171.0
3443,genuine,1814.9,15.9,17.9,18.3,18.0,18.5,17.5
2438,impersonator,164.9,175.6,167.5,177.4,169.7,164.4,161.3
1140,impersonator,24.6,18.3,23.6,29.0,235.4,229.9,18.9
3296,impersonator,7.4,17.1,944.8,228.2,443.9,21.0,21.0
2506,genuine,331.0,183.0,166.0,167.0,167.0,166.0,182.0
667,impersonator,15.6,12.9,23.5,155.6,96.7,52.2,88.2
3599,genuine,166.0,168.0,167.0,14.0,155.0,334.0,164.0
606,impersonator,162.5,176.9,171.2,172.4,165.9,168.1,165.8
1587,impersonator,166.8,175.6,147.5,176.0,169.5,169.1,166.1
3434,impersonator,171.5,179.3,166.0,175.4,168.5,18.1,12.7
119,impersonator,217.3,237.4,385.2,456.4,430.4,234.2,429.3
4479,genuine,205.0,140.0,153.0,170.0,171.0,11.0,169.0
1162,impersonator,13.6,13.2,1036.1,22.9,16.7,22.0,17.0
331,genuine,16.4,594.2,425.2,20.1,22.2,19.2,19.7
1762,impersonator,15.7,440.2,12.2,250.4,232.4,447.4,14.6
3301,impersonator,16.7,18.4,860.1,31.7,20.6,21.6,16.3
1368,genuine,227.3,232.9,449.5,31.3,233.8,233.4,450.4
2317,genuine,22.3,1696.2,22.7,15.5,422.9,15.7,19.2
3403,genuine,153.2,40.1,71.8,90.0,17.8,31.8,128.1
1178,impersonator,17.4,219.0,419.0,438.4,21.5,226.4,225.1
245,genuine,230.2,233.3,452.6,15.3,232.9,234.0,232.9
1277,genuine,167.0,167.0,168.0,164.0,168.0,167.0,170.0
2189,genuine,19.0,1180.2,207.5,17.2,19.2,19.0,19.3
236,genuine,22.3,18.2,799.1,21.2,17.4,19.7,19.5
277,impersonator,163.3,177.3,153.2,169.3,170.4,169.8,170.7
3242,impersonator,424.8,26.3,218.9,223.4,221.6,16.3,421.1
4026,genuine,443.4,32.2,232.6,233.4,450.7,31.4,233.5
2018,impersonator,170.1,171.3,172.5,173.8,170.9,173.0,161.9
2782,impersonator,172.6,175.9,162.9,175.1,171.2,173.2,170.0
3236,genuine,164.0,180.0,159.0,168.0,171.0,170.0,182.0
4125,genuine,414.2,15.2,232.9,232.4,233.0,216.7,233.3
3471,impersonator,15.9,4.4,12.6,240.4,170.9,169.2,164.5
2981,impersonator,170.3,169.8,163.3,177.2,174.7,175.8,171.8
2427,genuine,14.3,17.1,1222.5,368.0,15.4,430.2,18.7
2891,genuine,172.0,189.0,163.0,177.0,175.0,176.0,172.0
2631,impersonator,17.8,24.4,104.9,1254.3,21.7,22.0,20.9
3238,impersonator,233.2,23.8,417.3,250.3,233.7,229.6,422.9
2986,genuine,170.0,173.0,174.0,173.0,172.0,172.0,174.0
4415,impersonator,16.3,22.6,60.3,990.4,23.8,19.9,21.4
2266,genuine,779.3,626.9,20.9,16.9,16.4,17.4,18.7
3173,genuine,14.3,1188.2,199.2,16.5,17.8,18.2,19.1
1298,impersonator,172.5,177.6,157.3,176.1,163.8,170.3,163.5
1464,impersonator,162.6,169.5,170.2,175.0,167.4,167.8,167.4
268,genuine,15.2,16.4,17.0,19.1,757.8,18.4,16.1
3511,genuine,164.0,167.0,167.0,165.0,168.0,166.0,167.0
854,genuine,168.0,174.0,170.0,172.0,170.0,172.0,167.0
720,genuine,164.0,167.0,166.0,184.0,166.0,167.0,166.0
3377,impersonator,16.6,24.1,910.4,620.9,16.4,13.2,16.4
1270,impersonator,163.1,169.8,171.8,19.6,160.5,318.4,167.0
2917,impersonator,174.7,167.9,174.6,175.0,172.8,177.1,168.8
142,genuine,16.0,16.9,1805.0,22.6,16.3,18.3,19.5
4257,genuine,18.3,19.0,953.5,837.0,20.0,19.9,19.2
2150,impersonator,163.8,170.2,166.2,168.0,165.2,166.9,167.2
102,impersonator,15.2,11.3,680.7,26.2,16.7,20.4,18.2
4148,genuine,167.0,172.0,168.0,174.0,171.0,171.0,167.0
3514,genuine,18.6,17.2,14.7,1590.5,27.0,15.9,16.4
1845,impersonator,9.4,246.0,148.6,183.6,24.7,14.9,15.2
1744,genuine,228.1,456.5,24.1,232.1,233.8,450.4,16.6
1426,impersonator,10.4,26.0,732.5,935.1,16.1,16.2,20.5
4248,genuine,163.0,167.0,169.0,167.0,166.0,166.0,164.0
4262,genuine,212.9,417.0,233.2,233.0,216.7,233.6,232.7
380,genuine,20.7,17.0,142.2,838.3,19.9,19.0,19.2
1075,impersonator,162.7,168.6,176.1,177.7,165.9,168.0,162.5
1318,genuine,166.0,168.0,167.0,168.0,168.0,168.0,168.0
179,genuine,161.0,170.0,170.0,172.0,169.0,171.0,166.0
920,genuine,415.3,229.8,233.1,433.4,16.5,233.0,233.2
21,genuine,167.0,172.0,168.0,170.0,170.0,171.0,168.0
1840,impersonator,16.6,231.8,915.6,233.7,431.5,19.6,21.9
1581,impersonator,19.7,19.2,1106.8,20.0,16.7,19.1,13.6
426,genuine,884.2,20.1,21.6,19.3,34.2,60.7,50.4
2021,genuine,167.0,169.0,168.0,170.0,170.0,171.0,166.0
2358,impersonator,23.2,379.4,426.9,7.3,218.7,212.4,405.0
3165,impersonator,79.3,1167.1,11.8,24.2,15.9,16.6,11.9
3051,impersonator,228.1,239.8,408.2,23.1,13.7,226.4,219.4
4334,genuine,156.0,335.0,168.0,166.0,4.0,164.0,5.0
2005,genuine,230.5,453.0,31.7,233.1,233.1,451.4,15.6
3621,impersonator,167.2,170.2,177.9,171.7,170.5,173.3,172.2
593,impersonator,165.5,164.0,173.7,168.0,162.5,169.0,166.1
3690,impersonator,168.7,176.1,173.0,178.8,168.8,172.2,167.5
3370,genuine,28.5,13.2,2111.2,16.6,16.8,18.3,21.9
4100,impersonator,27.7,211.7,0.0,32.2,214.8,224.9,405.3
460,impersonator,167.0,163.2,160.8,249.1,169.5,168.7,166.5
225,genuine,169.0,175.0,173.0,173.0,174.0,171.0,173.0
4353,impersonator,225.6,417.5,371.5,233.5,437.0,14.3,11.9
2910,genuine,164.0,190.0,154.0,169.0,169.0,171.0,169.0
1830,impersonator,18.2,413.5,14.9,220.4,243.3,228.4,13.3
4279,impersonator,164.6,165.3,161.6,174.0,170.3,171.3,162.9
2712,impersonator,1116.3,1374.2,13.1,24.1,21.9,20.3,95.6
4302,genuine,430.0,16.0,235.2,233.1,15.7,217.7,633.4
3875,genuine,19.0,22.5,19.4,965.5,21.2,20.0,21.6
3069,genuine,164.0,184.0,152.0,172.0,171.0,168.0,171.0
2432,impersonator,166.4,172.3,170.7,170.8,168.1,169.0,164.5
3429,genuine,19.1,19.9,961.8,632.7,21.1,17.6,19.5
4142,impersonator,15.8,15.8,772.9,637.1,19.4,21.7,20.3
82,impersonator,173.5,164.6,168.2,176.0,173.6,177.0,173.4
1896,genuine,163.0,168.0,168.0,166.0,168.0,169.0,165.0
1444,impersonator,17.3,12.4,235.1,222.9,207.9,412.6,435.7
36,impersonator,167.7,14.0,160.5,189.2,164.0,164.3,166.1
3119,impersonator,226.4,232.8,218.3,421.0,14.6,224.0,219.7
201,impersonator,172.7,165.7,173.6,170.7,173.5,171.5,163.7
3520,impersonator,164.9,168.3,167.0,174.5,171.7,174.9,166.1
4101,impersonator,19.7,11.5,6.0,233.7,216.1,418.7,14.1
385,impersonator,171.8,164.2,163.5,171.4,164.6,174.4,169.9
3530,impersonator,418.4,17.5,211.0,225.4,218.8,433.6,214.7
380,impersonator,172.4,175.5,156.8,172.9,163.7,169.0,165.4
1122,genuine,170.0,171.0,172.0,175.0,174.0,175.0,173.0
392,genuine,167.0,171.0,168.0,172.0,169.0,169.0,168.0
2571,impersonator,214.9,447.4,22.1,34.9,2044.1,22.8,14.8
1802,impersonator,170.2,167.1,170.5,177.5,173.6,173.9,171.7
270,genuine,173.0,173.0,174.0,176.0,173.0,173.0,174.0
1460,genuine,172.0,174.0,173.0,176.0,172.0,173.0,172.0
3594,genuine,20.6,26.0,1141.1,623.8,20.6,21.3,21.5
4421,genuine,430.6,13.2,433.5,16.4,473.6,28.4,429.3
694,impersonator,217.1,232.5,231.1,31.8,20.1,218.6,232.1
271,impersonator,162.5,178.8,156.3,167.6,163.9,168.1,163.5
3189,genuine,169.0,189.0,9.0,151.0,332.0,169.0,169.0
759,genuine,35.3,1761.3,23.9,14.1,17.2,17.2,16.6
1392,impersonator,222.4,18.4,5.9,244.5,454.8,457.3,19.4
1658,impersonator,405.8,452.6,23.5,237.1,241.8,456.4,19.4
1328,genuine,166.0,166.0,167.0,166.0,166.0,167.0,167.0
3536,genuine,18.1,18.6,983.0,630.3,24.7,18.1,20.6
1476,impersonator,227.8,246.0,217.1,224.9,457.1,19.2,221.3
3633,impersonator,12.9,17.4,404.7,26.0,73.6,24.5,437.7
666,genuine,163.0,176.0,155.0,171.0,170.0,11.0,166.0
1365,genuine,15.7,1194.1,18.6,19.1,17.1,18.4,18.4
1299,impersonator,20.5,14.8,408.9,16.4,25.4,16.5,20.5
476,impersonator,159.7,167.6,169.6,171.5,173.5,164.4,166.2
3014,impersonator,169.7,176.0,154.9,178.2,167.1,166.5,169.8
4429,genuine,226.9,231.8,232.9,450.1,16.3,451.0,14.8
4228,genuine,230.3,231.2,233.1,199.9,233.2,233.2,433.6
2225,impersonator,171.2,157.7,166.3,173.4,164.1,169.7,163.0
186,genuine,14.5,15.6,1168.4,418.8,16.4,16.5,17.0
516,impersonator,19.2,431.0,15.0,239.0,442.3,446.6,13.8
710,genuine,16.1,14.2,10.4,429.7,216.2,417.9,232.6
1606,genuine,164.0,349.0,150.0,171.0,12.0,167.0,333.0
2986,impersonator,169.0,179.0,1.1,178.9,172.1,175.2,170.6
1910,impersonator,24.6,23.4,663.4,27.3,27.8,19.7,16.4
4122,genuine,165.0,165.0,169.0,167.0,165.0,166.0,166.0
1704,impersonator,15.0,163.8,182.1,251.6,634.5,166.0,166.9
850,impersonator,170.9,186.4,10.0,296.0,170.8,16.3,164.7
4019,impersonator,17.8,17.9,26.6,164.9,70.6,75.4,89.9
2868,impersonator,166.1,166.2,174.7,172.8,173.5,168.3,171.9
1074,genuine,230.1,233.4,232.7,216.5,233.4,233.4,233.2
725,genuine,170.0,173.0,176.0,173.0,172.0,173.0,173.0
3424,impersonator,15.8,6.5,199.8,214.1,205.7,211.2,405.4
4108,genuine,179.0,180.0,153.0,168.0,169.0,13.0,167.0
949,impersonator,20.5,415.3,0.0,232.8,224.3,435.1,15.9
1888,genuine,14.5,1379.3,202.8,16.0,17.2,17.1,17.2
3221,impersonator,171.4,176.7,153.8,176.0,167.7,166.9,162.6
3326,impersonator,20.9,23.1,29.5,618.6,854.3,22.0,17.4
2411,genuine,17.2,18.7,781.1,423.2,16.3,18.7,19.6
1915,genuine,19.7,824.7,1914.7,18.6,17.1,18.4,62.6
2067,genuine,165.0,185.0,157.0,171.0,172.0,170.0,11.0
1693,impersonator,17.6,108.4,26.0,222.3,116.9,76.2,110.7
1994,impersonator,174.4,175.3,161.2,176.3,173.7,176.4,174.6
1571,impersonator,170.5,174.9,167.7,173.4,172.4,174.4,172.6
3310,genuine,423.9,16.2,231.9,233.3,232.8,433.4,17.1
3617,impersonator,167.6,169.7,174.1,178.5,168.7,172.2,172.7
1749,impersonator,166.3,176.5,162.4,170.1,168.6,176.1,170.6
3804,impersonator,21.4,228.4,459.2,228.8,236.4,17.5,438.2
3345,genuine,16.3,18.4,526.2,18.6,18.6,27.7,70.7
3267,genuine,164.0,346.0,159.0,169.0,170.0,169.0,169.0
2215,genuine,230.3,229.3,233.1,450.0,16.1,233.6,232.4
341,genuine,166.0,187.0,1.0,169.0,14.0,316.0,351.0
2969,genuine,165.0,166.0,168.0,168.0,165.0,168.0,165.0
3731,genuine,192.6,417.1,233.2,450.8,15.4,232.5,450.6
3515,impersonator,4.9,13.5,1008.3,427.7,16.8,15.7,16.0
3422,genuine,165.0,169.0,167.0,167.0,166.0,168.0,169.0
452,impersonator,23.8,87.6,35.0,21.3,95.4,63.2,103.5
558,impersonator,165.4,163.1,161.0,18.7,166.6,340.3,166.5
2487,impersonator,167.3,166.0,170.2,181.5,170.3,172.6,343.9
1862,genuine,167.0,170.0,169.0,171.0,170.0,172.0,165.0
1787,genuine,213.4,416.9,15.7,216.6,200.0,216.7,416.6
96,impersonator,173.3,173.6,178.7,181.3,175.8,174.5,171.4
0,impersonator,215.9,225.1,410.7,25.3,21.0,16.6,222.0
1093,impersonator,12.8,48.4,169.4,26.5,70.2,19.9,168.9
686,genuine,14.1,214.8,419.4,232.8,233.2,450.0,15.6
1207,genuine,165.0,177.0,155.0,170.0,169.0,10.0,166.0
3494,impersonator,6.0,76.6,10.2,1460.2,13.0,22.2,20.6
3980,impersonator,395.8,17.4,9.9,313.8,21.6,104.8,18.9
1415,impersonator,2.0,23.9,499.6,1708.0,22.6,20.0,18.2
2067,impersonator,163.2,180.9,155.3,176.9,160.9,164.3,165.3
2548,genuine,165.0,185.0,155.0,171.0,169.0,167.0,171.0
109,impersonator,20.0,19.4,25.3,13.9,15.8,15.0,19.4
3737,genuine,15.0,231.7,229.6,433.4,16.7,233.0,232.9
1947,genuine,17.7,17.5,773.5,17.9,19.7,17.3,18.7
1404,impersonator,23.9,24.4,1291.1,18.1,28.3,15.9,23.2
3282,impersonator,12.7,14.9,788.3,23.9,24.8,17.0,17.6
3481,genuine,227.9,233.0,233.2,433.3,16.4,233.1,233.3
3645,genuine,14.9,1185.2,620.0,18.2,16.9,19.9,17.0
1089,impersonator,17.1,17.4,924.5,1156.9,13.0,68.5,22.7
2295,impersonator,170.7,169.4,178.1,178.1,173.8,171.3,171.0
2530,genuine,164.0,188.0,157.0,171.0,169.0,170.0,10.0
3917,impersonator,14.8,28.7,942.9,916.3,21.3,20.8,18.7
2727,genuine,167.0,172.0,169.0,170.0,172.0,170.0,165.0
4434,impersonator,165.6,165.9,161.2,171.5,167.5,171.7,166.2
4474,genuine,417.6,228.0,16.3,216.4,199.9,433.4,233.2
169,genuine,170.0,175.0,174.0,175.0,173.0,173.0,173.0
1901,impersonator,229.4,229.4,437.7,239.8,227.2,19.8,224.0
2658,genuine,16.1,18.9,786.4,418.9,15.5,17.7,18.2
3921,genuine,169.0,169.0,170.0,169.0,169.0,168.0,169.0
3694,impersonator,11.6,1195.0,794.9,10.1,8.4,13.1,11.9
3533,impersonator,442.8,15.5,221.7,231.0,429.9,454.1,231.1
1852,impersonator,165.8,175.7,152.8,178.7,169.2,13.9,169.4
4052,impersonator,12.2,19.2,10.9,646.5,12.3,20.4,13.7
2598,impersonator,227.9,411.3,23.6,240.6,227.8,454.4,23.4
38,genuine,17.3,20.1,33.0,1139.3,18.7,19.5,19.7
4252,impersonator,14.8,5.3,53.4,13.2,14.8,17.8,439.4
3106,genuine,14.1,17.1,1170.4,429.1,16.2,16.6,16.8
2375,impersonator,163.0,159.6,168.3,180.4,169.3,177.8,162.8
1836,impersonator,166.6,160.7,168.9,174.5,171.1,163.2,167.0
4068,genuine,230.3,527.1,8.2,13.7,13.8,16.3,1066.6
573,genuine,231.1,14.4,215.2,416.9,233.2,433.5,16.8
3609,genuine,170.0,172.0,175.0,175.0,171.0,172.0,173.0
858,genuine,17.1,18.3,1587.4,20.0,19.5,20.2,20.1
1333,genuine,2158.7,17.4,15.3,17.6,18.4,586.8,16.9
3810,impersonator,174.3,176.8,477.2,176.5,176.7,170.2,173.5
2169,impersonator,12.9,19.7,10.3,1108.3,12.0,20.7,23.5
2409,impersonator,24.2,1461.3,17.4,21.8,24.8,21.7,171.6
141,impersonator,22.3,1315.6,28.2,24.4,27.5,20.7,13.4
2781,genuine,163.0,167.0,167.0,167.0,165.0,168.0,166.0
2026,genuine,180.0,174.0,156.0,170.0,168.0,172.0,10.0
4053,impersonator,218.9,20.9,14.3,236.6,453.1,26.3,26.0
660,impersonator,27.1,184.6,4.1,174.3,299.9,15.2,335.8
2826,impersonator,21.1,173.0,168.5,176.2,175.0,169.9,169.9
659,impersonator,15.8,23.8,1396.0,1224.4,21.6,23.7,24.5
4319,genuine,169.0,173.0,169.0,170.0,172.0,171.0,168.0
2400,genuine,165.0,168.0,168.0,166.0,168.0,166.0,168.0
2459,genuine,173.0,173.0,174.0,174.0,171.0,173.0,174.0
816,genuine,15.3,19.5,100.8,1258.5,19.2,19.4,18.9
538,genuine,165.0,164.0,167.0,165.0,168.0,166.0,167.0
357,genuine,173.0,172.0,175.0,173.0,174.0,175.0,172.0
1325,impersonator,158.7,171.3,167.6,178.3,168.1,168.2,166.9
3863,genuine,18.3,19.9,19.1,1160.2,19.1,21.0,19.4
3500,genuine,166.0,170.0,168.0,172.0,171.0,169.0,169.0
1244,genuine,232.5,233.5,449.0,16.8,232.4,234.1,449.8
2423,impersonator,1802.5,1561.6,7.5,18.9,24.1,20.9,15.5
4272,genuine,164.0,169.0,168.0,169.0,168.0,168.0,169.0
4270,impersonator,168.5,173.1,164.2,175.4,167.2,169.5,164.0
2111,impersonator,7.4,20.4,113.8,242.5,20.9,15.4,16.5
4489,impersonator,230.7,445.8,420.5,39.0,248.6,230.0,20.1
4207,genuine,8.0,320.0,332.0,167.0,168.0,166.0,169.0
3154,impersonator,172.0,166.1,175.8,178.4,167.2,168.1,168.9
101,genuine,17.2,10.7,215.2,216.3,216.6,199.8,417.1
1399,genuine,82.4,596.7,1909.8,17.7,15.6,24.6,87.3
1188,impersonator,164.6,174.5,175.6,178.1,166.6,172.6,169.6
489,genuine,165.0,169.0,168.0,168.0,169.0,169.0,166.0
395,impersonator,167.4,168.5,173.3,178.5,175.4,174.7,172.9
4480,genuine,14.5,104.6,7.1,92.0,100.6,18.8,31.9
1887,impersonator,22.6,244.9,1228.1,439.5,429.5,227.6,423.4
2828,impersonator,161.6,166.5,170.5,206.2,176.7,172.0,165.9
4377,genuine,449.7,31.9,31.9,200.5,216.6,216.7,199.4
100,impersonator,14.7,18.0,747.1,997.9,20.9,20.1,23.7
1377,impersonator,12.6,19.8,713.2,617.6,16.5,15.6,15.2
4152,impersonator,165.4,172.0,172.2,174.6,169.6,166.7,162.4
2178,genuine,164.0,166.0,165.0,166.0,167.0,165.0,166.0
3496,impersonator,165.6,174.1,148.0,172.5,167.3,171.4,163.7
2937,impersonator,19.3,24.8,11.9,29.7,21.0,19.9,21.4
3781,genuine,163.0,184.0,153.0,171.0,8.0,166.0,333.0
2066,genuine,163.0,178.0,156.0,169.0,171.0,170.0,171.0
1282,impersonator,169.9,181.4,149.0,179.2,172.8,173.6,164.6
3092,genuine,429.5,15.8,232.9,233.2,433.3,16.8,232.7
4325,impersonator,170.5,177.0,157.0,169.9,166.1,170.6,164.9
1175,impersonator,26.5,14.9,19.5,18.6,16.6,20.8,20.1
2628,genuine,232.0,230.1,15.2,216.5,417.1,233.2,233.2
3091,impersonator,12.6,26.7,760.5,646.2,19.7,22.5,16.3
363,genuine,165.0,167.0,167.0,15.0,152.0,332.0,168.0
663,genuine,180.0,173.0,158.0,168.0,169.0,171.0,169.0
1338,impersonator,168.3,167.5,167.4,180.2,174.4,174.3,172.4
2372,genuine,165.0,167.0,168.0,16.0,150.0,333.0,168.0
778,genuine,168.0,171.0,169.0,171.0,171.0,172.0,165.0
1598,impersonator,429.9,226.3,207.7,216.3,454.8,19.0,240.1
4212,impersonator,167.7,170.6,169.2,171.8,170.9,175.8,166.8
252,impersonator,20.1,9.4,206.4,223.9,222.3,224.3,218.5
4121,impersonator,161.7,169.7,164.8,173.2,162.1,168.4,165.4
2397,impersonator,227.9,220.9,223.9,231.0,432.4,14.9,227.4
4076,genuine,163.0,168.0,167.0,166.0,166.0,169.0,167.0
3172,impersonator,166.4,170.5,162.7,179.8,173.7,173.6,167.3
114,genuine,164.0,166.0,169.0,167.0,166.0,167.0,167.0
1250,impersonator,161.0,168.1,175.0,33.6,162.7,166.4,324.6
3447,genuine,165.0,167.0,167.0,167.0,166.0,165.0,169.0
3113,genuine,797.2,17.9,18.2,19.6,77.3,215.1,1127.1
1918,genuine,16.8,17.8,974.7,17.7,18.1,18.5,18.3
2542,impersonator,16.3,22.6,17.8,916.3,20.9,21.7,20.1
1297,genuine,171.0,175.0,176.0,172.0,172.0,174.0,173.0
717,genuine,16.0,19.6,547.3,1256.9,17.8,18.1,18.5
1666,impersonator,1643.7,23.3,22.3,17.8,1521.6,19.5,18.9
1005,genuine,164.0,174.0,155.0,171.0,169.0,171.0,170.0
2731,impersonator,18.4,177.6,651.0,654.2,23.3,22.2,21.2
2182,impersonator,402.6,226.1,207.0,212.2,440.0,18.1,235.9
2763,impersonator,158.8,169.7,163.8,173.1,162.0,164.0,165.7
613,impersonator,165.0,173.1,170.0,176.9,175.7,168.9,166.1
2143,genuine,447.3,29.1,233.4,232.8,233.2,449.6,16.3
1427,genuine,171.0,173.0,173.0,173.0,172.0,172.0,173.0
1026,impersonator,18.2,32.9,813.9,884.5,20.9,19.6,19.9
1407,impersonator,23.8,25.5,12.0,28.1,17.5,221.0,22.1
2639,impersonator,165.2,164.0,165.4,172.1,168.2,167.7,166.0
8,impersonator,20.2,227.7,212.1,13.6,225.3,233.3,429.9
424,impersonator,20.8,22.5,735.7,1430.2,27.2,22.2,21.1
1530,genuine,165.0,167.0,171.0,167.0,168.0,169.0,169.0
4025,impersonator,22.8,24.9,212.2,228.2,218.6,225.0,398.8
920,impersonator,16.0,18.3,758.7,15.6,16.5,15.6,17.0
61,genuine,169.0,171.0,170.0,170.0,171.0,172.0,166.0
4420,genuine,169.0,170.0,169.0,171.0,173.0,172.0,166.0
3907,impersonator,12.2,11.1,9.9,1027.8,19.1,21.6,18.2
2215,impersonator,16.4,24.1,1202.3,604.1,16.2,19.9,14.6
2983,genuine,181.0,172.0,156.0,171.0,172.0,12.0,166.0
3125,genuine,230.3,229.1,449.6,31.5,233.9,449.6,15.5
4204,genuine,164.0,181.0,151.0,169.0,169.0,13.0,167.0
3249,impersonator,169.7,165.5,160.5,173.6,169.6,173.7,171.1
4389,impersonator,15.8,17.8,29.0,1522.0,19.7,19.9,19.2
3729,genuine,166.0,170.0,171.0,168.0,168.0,167.0,168.0
281,genuine,164.0,167.0,168.0,15.0,153.0,330.0,165.0
822,impersonator,13.7,16.4,674.7,660.9,19.8,23.0,26.1
2211,genuine,163.0,189.0,156.0,171.0,183.0,167.0,165.0
3670,genuine,14.4,16.9,1169.1,16.9,17.2,17.2,18.1
355,genuine,93.5,2015.9,18.3,447.6,17.0,15.7,16.9
4218,genuine,17.2,20.0,18.5,962.2,19.1,19.7,19.3
2433,impersonator,19.8,21.5,417.5,24.8,23.5,1944.3,14.0
4319,impersonator,172.6,167.1,177.0,181.7,172.6,175.4,176.2
3759,genuine,229.1,233.6,233.2,433.1,16.7,232.4,233.4
2407,genuine,19.7,17.6,17.4,1172.1,16.7,18.6,17.8
4364,impersonator,15.9,30.5,1320.9,1351.5,18.2,19.2,12.3
1722,genuine,163.0,170.0,166.0,166.0,167.0,167.0,166.0
2267,genuine,16.7,20.7,1169.5,421.9,16.9,19.6,20.5
2458,impersonator,11.9,21.9,720.9,462.5,21.0,22.9,21.7
540,impersonator,1310.2,454.2,0.0,171.8,311.7,171.9,16.5
196,impersonator,160.7,166.4,167.2,174.3,175.5,166.6,167.3
1300,impersonator,24.5,237.3,462.0,232.1,231.3,452.5,228.4
1923,genuine,15.8,14.8,585.7,433.5,21.2,17.0,18.8
2762,genuine,229.6,233.1,433.3,17.1,233.4,232.5,433.9
2911,genuine,167.0,185.0,13.0,150.0,350.0,166.0,167.0
989,genuine,21.7,15.6,311.1,1482.1,19.4,20.1,19.6
489,impersonator,17.3,24.5,13.3,1377.4,1264.6,22.2,16.1
3466,genuine,17.4,16.8,1610.6,16.0,18.5,18.7,18.3
2265,genuine,165.0,171.0,171.0,170.0,168.0,168.0,167.0
3735,impersonator,21.4,30.1,747.8,20.5,21.9,16.1,12.7
1905,genuine,10.0,179.0,320.0,170.0,168.0,12.0,167.0
4107,genuine,15.7,17.9,18.1,948.7,17.9,18.4,18.4
3557,impersonator,717.5,1402.0,947.2,25.3,14.2,18.6,14.3
4390,genuine,13.8,20.2,55.8,1739.2,12.8,217.1,215.9
2686,genuine,164.0,170.0,167.0,167.0,168.0,167.0,169.0
3707,genuine,16.4,18.8,1169.2,631.3,19.4,15.5,18.2
396,impersonator,16.5,1529.3,337.5,23.6,25.9,341.7,21.3
3182,impersonator,171.2,176.1,156.5,170.4,165.7,166.9,167.0
4242,genuine,164.0,182.0,159.0,169.0,5.0,166.0,350.0
600,impersonator,165.8,171.3,170.5,172.1,164.8,164.6,164.1
3555,genuine,15.5,18.1,17.1,19.1,948.1,17.5,18.0
2793,genuine,169.0,171.0,169.0,171.0,172.0,170.0,167.0
3672,genuine,16.5,18.7,985.4,415.8,20.0,20.4,21.5
2160,impersonator,178.1,165.9,175.4,175.3,179.4,171.7,172.9
31,impersonator,11.3,20.3,16.5,982.6,14.7,20.7,20.4
4399,genuine,169.0,173.0,175.0,174.0,175.0,171.0,171.0
521,genuine,166.0,168.0,167.0,165.0,168.0,169.0,167.0
1066,genuine,187.0,8.0,149.0,351.0,166.0,166.0,166.0
330,impersonator,413.2,19.7,11.5,240.1,225.4,439.9,20.3
3541,impersonator,24.0,419.2,0.6,215.7,201.8,228.5,414.2
3983,genuine,1398.6,21.8,18.0,18.1,19.0,18.8,19.2
2142,genuine,17.1,21.9,19.1,391.1,18.3,20.8,18.6
2684,impersonator,15.2,14.2,973.9,1022.7,22.2,19.7,20.3
3650,genuine,18.0,21.4,1196.4,18.4,15.9,18.2,18.8
2824,impersonator,162.8,165.6,168.6,169.1,172.3,171.4,165.7
3227,genuine,164.0,184.0,158.0,170.0,168.0,171.0,168.0
650,genuine,164.0,169.0,167.0,15.0,154.0,334.0,167.0
2659,genuine,171.0,168.0,171.0,173.0,171.0,172.0,168.0
2612,genuine,163.0,178.0,155.0,175.0,168.0,8.0,166.0
1596,genuine,17.9,16.8,19.1,19.5,28.7,63.7,74.3
1481,impersonator,159.5,168.4,164.1,173.0,167.2,163.7,165.5
1597,genuine,183.0,13.0,149.0,350.0,167.0,166.0,168.0
3793,impersonator,237.6,228.0,217.1,433.3,17.9,226.5,214.4
869,impersonator,163.2,163.1,173.5,327.7,171.6,171.2,165.2
2372,impersonator,169.7,176.5,159.1,173.1,13.3,14.8,15.7
3777,genuine,2105.0,19.1,19.0,19.7,17.4,15.5,18.3
863,impersonator,242.8,25.3,220.7,224.6,442.8,17.2,218.6
1493,genuine,169.0,175.0,173.0,173.0,174.0,172.0,173.0
1638,impersonator,176.2,174.4,173.5,176.9,171.0,170.5,174.3
3250,impersonator,164.5,177.3,152.6,182.3,161.5,170.8,164.8
1385,impersonator,13.9,26.8,822.1,446.0,17.3,22.6,21.5
318,impersonator,171.4,170.4,185.5,168.1,170.3,169.8,171.8
1832,genuine,171.0,174.0,173.0,172.0,173.0,174.0,173.0
2340,impersonator,229.4,432.6,31.4,251.9,447.8,455.6,17.9
2568,impersonator,226.1,19.7,216.5,246.5,233.2,459.2,22.7
1584,genuine,17.1,18.9,16.7,18.6,18.8,1772.5,17.8
4093,genuine,30.1,55.1,59.1,1485.9,20.8,17.0,18.5
2371,genuine,164.0,178.0,154.0,170.0,171.0,9.0,166.0
1576,genuine,165.0,190.0,151.0,171.0,170.0,168.0,171.0
527,genuine,166.0,164.0,167.0,169.0,167.0,165.0,168.0
1912,impersonator,15.3,170.1,10.7,26.4,20.1,18.5,19.2
1401,genuine,11.9,431.7,11.5,233.3,16.2,216.5,200.0
1937,genuine,228.4,433.0,16.6,233.1,16.5,216.2,200.1
3610,genuine,16.0,12.8,17.0,1786.8,35.7,16.6,16.4
107,impersonator,168.5,165.8,170.6,177.1,169.6,173.9,169.2
2026,impersonator,161.3,164.1,158.7,166.9,167.9,164.3,165.5
1764,genuine,13.4,19.6,977.1,415.7,19.1,19.7,22.1
1369,impersonator,427.6,15.6,226.2,225.3,421.0,13.2,223.4
3581,genuine,213.8,231.9,433.3,30.6,219.1,233.3,432.7
308,impersonator,212.7,372.8,0.3,231.8,216.3,428.5,20.0
2130,genuine,219.2,410.6,233.2,233.3,16.3,216.5,417.0
121,genuine,41.4,16.3,642.8,22.4,230.9,450.0,33.1
1681,impersonator,6.5,232.7,650.7,455.7,24.1,27.2,18.4
3843,impersonator,171.1,177.8,157.9,176.5,166.8,170.3,166.7
1903,impersonator,230.0,240.0,412.2,33.4,459.2,23.3,239.2
3804,genuine,1336.1,14.5,17.0,16.9,17.2,15.5,55.6
4144,impersonator,174.2,169.7,165.0,165.7,168.3,170.9,163.6
251,impersonator,82.7,20.5,41.7,21.4,1539.4,19.0,98.7
2771,genuine,171.0,174.0,174.0,172.0,173.0,173.0,173.0
1161,genuine,226.0,163.0,172.0,178.0,183.0,354.0,12.0
1531,impersonator,234.1,405.9,28.3,348.4,239.8,233.4,14.2
4241,genuine,12.7,17.4,17.5,964.6,628.3,18.4,17.3
2505,genuine,14.6,18.7,1166.3,422.7,15.2,18.2,18.5
3292,genuine,164.0,165.0,166.0,167.0,165.0,166.0,167.0
3726,impersonator,434.4,25.9,223.1,226.4,444.7,17.4,229.8
1902,impersonator,443.0,426.8,416.1,230.7,171.1,426.7,446.2
2857,genuine,14.0,131.7,16.3,1669.0,16.1,17.9,16.3
2051,genuine,227.7,30.7,200.8,215.4,216.3,400.4,450.8
3258,impersonator,21.7,10.9,1402.1,16.3,17.5,23.8,28.5
1735,impersonator,169.2,42.5,174.3,244.5,165.9,170.1,433.2
4305,genuine,163.0,166.0,168.0,166.0,166.0,168.0,166.0
2285,impersonator,168.1,175.8,169.8,179.0,170.8,168.3,166.8
4155,genuine,2008.5,18.8,87.2,688.4,15.9,17.6,19.1
3535,impersonator,165.9,167.2,178.2,163.3,164.1,169.9,168.6
1121,impersonator,170.4,181.5,153.2,175.1,160.0,167.8,166.1
1219,genuine,16.4,21.2,743.0,17.1,18.3,17.6,18.3
3502,impersonator,1092.4,1763.0,13.7,25.0,767.1,21.9,15.9
513,genuine,11.9,13.8,15.8,16.7,17.2,16.4,16.1
3025,impersonator,219.7,496.1,1374.9,1016.4,24.5,23.5,20.9
4002,impersonator,17.2,235.7,408.9,242.1,225.5,229.1,224.4
2501,genuine,15.0,20.1,19.8,1012.4,17.9,16.4,18.8
608,genuine,15.3,233.0,227.5,433.3,16.6,233.0,233.0
3507,genuine,229.3,230.3,449.5,32.0,232.7,234.9,231.2
3379,genuine,330.0,179.0,156.0,171.0,171.0,169.0,171.0
3031,genuine,168.0,173.0,169.0,172.0,173.0,170.0,165.0
3027,impersonator,164.6,173.9,163.3,172.3,160.5,165.8,165.9
2500,impersonator,10.8,20.5,794.6,645.8,19.7,21.1,18.6
2873,impersonator,16.5,24.6,27.0,18.8,23.0,72.1,90.7
3381,genuine,170.0,173.0,174.0,172.0,173.0,173.0,173.0
2646,genuine,164.0,167.0,169.0,16.0,152.0,334.0,165.0
2880,impersonator,20.3,16.4,26.6,27.8,87.4,63.8,24.3
389,impersonator,174.5,170.2,164.0,173.7,172.9,175.1,163.1
3201,genuine,170.0,175.0,174.0,173.0,174.0,172.0,172.0
1229,genuine,15.9,1231.5,19.2,15.9,17.9,18.3,17.4
4268,impersonator,22.7,15.8,9.0,13.2,89.5,19.5,73.1
692,genuine,163.0,170.0,166.0,165.0,168.0,166.0,169.0
610,impersonator,21.0,231.6,421.9,31.9,20.0,237.1,228.6
103,impersonator,9.2,20.4,573.8,432.2,20.1,23.9,21.2
195,impersonator,166.7,174.7,170.9,179.5,171.3,172.9,173.2
3577,impersonator,168.8,169.6,168.6,173.9,169.1,169.1,169.5
1593,genuine,167.0,188.0,15.0,150.0,333.0,166.0,166.0
670,impersonator,23.7,1280.4,13.2,27.6,19.6,20.2,17.4
4438,impersonator,22.4,21.7,25.8,19.8,2154.4,21.7,20.5
3874,genuine,166.0,169.0,169.0,169.0,167.0,169.0,170.0
4450,genuine,165.0,167.0,168.0,165.0,169.0,168.0,167.0
3484,genuine,167.0,171.0,168.0,171.0,171.0,169.0,168.0
1967,impersonator,18.9,1656.7,454.3,19.0,23.2,237.7,98.4
4386,impersonator,162.0,160.6,168.5,170.4,171.4,168.3,167.6
3640,genuine,172.0,174.0,172.0,174.0,172.0,175.0,172.0
3545,impersonator,15.1,20.1,47.5,220.7,446.8,23.8,23.8
3655,genuine,16.7,19.4,20.0,19.7,19.8,67.6,17.7
3712,impersonator,170.5,170.6,170.0,174.5,172.6,172.0,164.9
3206,impersonator,19.9,224.6,409.4,433.6,12.8,216.6,428.7
2112,genuine,170.0,173.0,173.0,173.0,171.0,175.0,174.0
1518,genuine,16.1,18.7,974.1,422.6,15.8,18.6,18.8
2639,genuine,27.4,56.2,63.5,1244.2,843.0,18.4,17.3
4173,impersonator,166.5,171.5,158.5,170.9,167.6,165.2,164.6
56,impersonator,9.1,14.5,668.1,9.2,13.6,22.6,26.0
3045,impersonator,228.6,412.5,15.5,241.9,222.1,229.0,429.3
4408,impersonator,168.5,172.1,154.0,171.6,167.5,173.9,166.0
4070,impersonator,12.6,21.1,576.3,425.4,14.7,20.1,17.7
3449,impersonator,418.7,223.4,232.3,237.9,436.5,17.1,229.2
3077,impersonator,170.2,179.0,161.1,175.3,165.5,169.0,164.9
1851,genuine,166.0,167.0,168.0,13.0,151.0,334.0,168.0
2835,impersonator,159.5,169.6,168.0,172.9,166.0,164.5,163.0
626,impersonator,169.1,179.1,149.1,174.7,172.9,15.3,166.7
2388,impersonator,233.2,418.4,53.8,374.4,181.3,177.4,173.2
657,genuine,213.1,416.5,233.1,433.6,16.8,233.1,16.3
1353,impersonator,174.8,177.2,176.1,177.6,172.2,174.4,173.0
3922,genuine,170.0,175.0,174.0,172.0,174.0,175.0,173.0
3987,impersonator,1407.5,428.3,12.0,17.3,26.3,20.0,21.3
4413,impersonator,163.8,10.7,161.9,12.6,161.1,165.1,166.5
2638,impersonator,226.2,231.5,426.5,246.1,455.1,23.0,228.4
4056,genuine,215.8,196.9,433.2,232.9,433.7,16.1,233.3
2760,genuine,1008.1,17.3,20.6,17.2,16.8,2270.9,16.6
2010,impersonator,13.7,12.5,34.3,793.4,710.2,13.7,19.3
926,impersonator,160.2,167.9,173.9,174.1,172.4,168.6,166.3
117,genuine,15.7,17.7,1162.7,422.6,16.8,19.2,19.4
1346,impersonator,217.7,229.4,372.2,17.7,27.6,234.5,222.7
3947,genuine,59.7,78.1,103.5,64.1,37.5,66.3,32.9
1557,impersonator,221.8,176.7,161.8,234.2,437.8,22.5,233.3
1644,impersonator,434.7,14.5,209.8,219.7,209.9,408.3,11.6
4066,genuine,14.5,15.8,77.9,94.6,63.6,95.9,96.3
4037,genuine,13.9,11.0,231.4,199.1,216.8,416.8,449.9
3162,impersonator,169.8,171.4,163.6,173.1,169.3,166.8,162.5
1181,genuine,31.1,453.0,44.1,251.7,248.4,470.9,45.8
451,impersonator,227.9,224.4,468.2,29.0,172.5,224.2,445.7
4022,impersonator,466.1,10.9,0.0,234.2,223.4,431.9,16.5
1024,impersonator,212.0,230.4,371.7,433.6,14.1,233.6,219.3
550,genuine,165.0,169.0,167.0,167.0,169.0,168.0,169.0
3031,impersonator,20.9,14.6,817.9,17.0,18.3,17.6,21.7
1019,impersonator,76.1,439.9,9.1,28.9,11.3,23.0,19.0
3032,genuine,186.0,11.0,149.0,350.0,166.0,167.0,166.0
925,impersonator,17.9,24.2,23.8,1287.1,17.3,20.1,15.7
2419,genuine,231.9,230.0,233.2,199.8,433.4,16.5,233.2
3865,genuine,164.0,168.0,169.0,166.0,166.0,167.0,166.0
1908,genuine,168.0,171.0,170.0,169.0,172.0,171.0,181.0
2166,impersonator,240.2,246.7,150.2,35.3,469.1,28.5,230.9
361,genuine,62.4,2433.2,17.3,19.9,17.0,18.5,18.6
177,genuine,163.0,179.0,156.0,170.0,170.0,170.0,169.0
360,genuine,16.0,18.7,1190.7,20.2,18.4,19.1,15.4
1773,genuine,18.2,20.9,23.8,745.8,628.1,20.7,21.5
2641,impersonator,170.3,176.6,155.9,171.6,171.0,171.3,168.1
2392,genuine,17.3,17.2,25.2,14.9,976.3,16.9,20.3
3657,impersonator,15.0,22.9,32.2,29.2,18.3,15.8,18.9
3466,impersonator,164.8,175.0,148.3,175.8,163.2,169.5,170.4
3169,genuine,169.0,173.0,174.0,173.0,175.0,172.0,172.0
3219,impersonator,21.3,13.9,1315.7,20.7,18.5,21.3,21.5
1511,genuine,216.0,413.1,233.2,433.5,16.3,233.3,233.1
3973,impersonator,171.1,170.4,169.5,176.8,173.1,171.1,163.3
1802,genuine,17.5,788.5,424.3,18.7,22.2,21.4,17.1
1345,genuine,165.0,168.0,167.0,167.0,168.0,169.0,168.0
549,genuine,417.1,228.3,433.5,16.2,233.3,16.3,216.5
158,genuine,42.0,1556.3,21.6,16.2,18.7,19.2,18.8
519,genuine,35.0,46.9,56.2,2049.7,19.2,19.8,19.2
3796,genuine,17.5,16.2,1008.1,22.2,16.4,17.2,18.7
2541,genuine,15.9,19.3,792.1,418.1,16.9,420.4,17.8
128,genuine,445.2,32.2,231.1,234.8,231.3,451.0,16.0
3072,impersonator,25.9,10.9,31.3,231.7,215.2,430.5,424.5
399,genuine,441.0,16.1,18.2,25.7,93.9,1734.7,17.0
1755,impersonator,165.9,161.9,174.1,173.8,159.3,166.4,164.7
301,genuine,16.0,18.5,1171.5,631.2,22.1,20.4,19.9
4198,genuine,11.9,18.7,21.3,18.8,940.5,840.4,17.4
1445,impersonator,10.6,139.6,25.1,175.6,111.6,77.7,84.1
293,genuine,167.0,191.0,154.0,172.0,171.0,171.0,8.0
3268,impersonator,16.0,233.4,423.3,446.2,21.1,17.2,419.8
42,genuine,53.5,653.6,16.7,18.3,19.8,54.0,2429.0
3529,impersonator,14.0,18.6,781.8,422.9,24.3,18.9,21.6
3730,genuine,170.0,172.0,174.0,173.0,173.0,171.0,173.0
894,genuine,166.0,167.0,169.0,170.0,170.0,170.0,168.0
3213,impersonator,16.6,22.4,148.0,1347.8,18.6,21.0,15.1
2135,impersonator,83.5,109.7,27.2,33.2,30.4,77.8,18.0
1363,genuine,227.4,231.3,233.6,233.6,231.3,233.0,451.4
1020,genuine,167.0,171.0,169.0,172.0,172.0,170.0,167.0
2312,genuine,172.0,173.0,175.0,173.0,173.0,173.0,172.0
511,impersonator,26.0,19.6,1103.1,17.8,14.4,66.3,71.0
2470,genuine,166.0,167.0,167.0,166.0,166.0,167.0,169.0
1648,genuine,167.0,166.0,167.0,169.0,167.0,167.0,168.0
127,impersonator,160.7,167.3,162.8,179.6,169.4,172.4,167.5
84,impersonator,166.7,167.6,177.7,172.2,175.1,169.0,164.8
3774,genuine,228.0,233.0,433.3,16.9,432.9,16.4,433.3
2178,impersonator,21.5,16.8,547.8,18.5,14.0,25.2,18.1
2246,impersonator,168.2,167.8,171.7,168.3,168.2,171.4,161.9
1013,impersonator,410.4,11.9,25.3,236.3,221.2,437.7,22.3
1604,genuine,166.0,167.0,166.0,168.0,168.0,168.0,168.0
3692,genuine,170.0,173.0,174.0,172.0,175.0,174.0,172.0
1738,genuine,16.6,15.1,18.7,25.4,88.3,35.3,63.8
3002,genuine,164.0,168.0,166.0,166.0,166.0,167.0,167.0
2794,genuine,19.8,17.9,1583.3,17.4,19.1,19.6,19.8
2523,genuine,166.0,167.0,167.0,167.0,169.0,167.0,168.0
3846,genuine,120.4,1213.6,15.7,1224.8,22.4,22.0,16.2
4400,impersonator,15.2,22.2,1331.3,21.4,18.4,15.6,19.8
2157,genuine,17.0,14.8,215.8,212.6,199.7,215.2,416.9
1376,impersonator,19.1,225.7,197.2,457.1,15.2,13.7,231.4
2913,impersonator,17.6,21.7,644.0,635.6,27.9,25.5,20.2
1424,impersonator,166.4,173.2,173.2,172.8,164.2,172.0,165.4
4280,genuine,172.0,173.0,174.0,172.0,172.0,174.0,174.0
2655,genuine,227.9,232.0,450.3,32.3,232.9,450.8,15.6
4074,genuine,413.9,232.4,233.1,433.3,16.9,233.1,232.9
1058,genuine,169.0,175.0,173.0,172.0,173.0,173.0,173.0
2376,impersonator,18.2,1494.4,388.3,18.7,23.0,14.3,24.0
3185,impersonator,977.8,21.4,22.2,1383.7,81.1,92.7,19.6
3458,impersonator,20.2,22.1,440.3,20.1,21.6,21.1,19.4
4460,genuine,229.1,449.7,32.7,232.0,233.6,449.6,15.8
2226,genuine,447.8,27.9,15.1,234.6,199.7,216.8,199.7
3792,impersonator,11.1,237.3,357.2,22.6,13.9,222.9,229.8
3849,impersonator,16.2,16.4,10.4,1487.8,16.3,18.6,20.3
1340,genuine,16.6,13.1,217.0,212.9,199.8,216.5,417.0
3194,genuine,16.0,785.5,420.1,16.0,16.9,17.6,17.9
3161,genuine,17.8,24.8,1569.3,16.6,19.4,20.0,19.6
3396,impersonator,805.8,410.3,19.5,28.5,886.1,20.4,18.5
4192,impersonator,15.3,248.6,393.3,19.3,20.3,237.3,231.4
464,genuine,172.0,172.0,173.0,173.0,173.0,174.0,174.0
1695,impersonator,21.3,218.3,222.0,226.3,225.4,220.8,421.9
1173,impersonator,167.1,172.5,1200.3,16.6,163.5,167.7,165.5
3388,genuine,19.1,17.9,129.5,1469.6,20.9,19.2,20.2
499,impersonator,16.4,21.3,426.3,438.3,16.7,226.0,324.2
4298,genuine,184.0,11.0,150.0,350.0,167.0,166.0,167.0
1576,impersonator,164.3,168.9,162.4,174.9,163.0,169.5,167.4
3105,genuine,15.6,13.2,215.6,215.3,417.6,232.2,433.3
2172,impersonator,170.7,191.2,146.8,177.5,164.2,168.3,163.9
358,genuine,431.1,15.2,232.2,233.3,16.3,216.5,617.1
4160,impersonator,1512.2,24.0,22.7,22.1,19.9,17.1,17.7
2454,impersonator,21.1,6.7,216.0,231.2,214.8,223.4,414.2
4253,impersonator,163.8,356.6,158.5,32.6,162.9,164.9,16.2
860,impersonator,1566.6,27.9,29.6,19.5,21.0,20.9,1898.3
3738,impersonator,169.8,165.3,160.8,170.4,165.3,21.7,323.1
2504,genuine,165.0,167.0,169.0,166.0,169.0,168.0,169.0
669,impersonator,18.4,21.9,25.9,976.3,56.8,89.6,82.3
893,impersonator,171.1,169.6,173.2,176.1,172.4,171.9,166.3
1881,genuine,169.0,174.0,173.0,175.0,172.0,175.0,171.0
4013,impersonator,229.6,425.5,8.3,22.3,14.3,18.8,16.1
3447,impersonator,11.6,229.3,195.8,426.7,14.0,226.2,443.1
1400,genuine,14.1,433.5,13.9,231.5,233.2,233.4,433.1
3098,impersonator,5.3,163.8,335.7,18.5,14.9,16.1,14.5
805,impersonator,1797.5,20.9,1663.7,21.3,23.3,16.7,27.1
3652,impersonator,169.7,172.3,171.6,173.3,168.0,173.6,166.8
2720,genuine,165.0,178.0,157.0,169.0,169.0,172.0,168.0
4429,impersonator,171.6,173.9,172.3,179.3,171.3,174.9,173.3
3546,genuine,14.7,114.1,18.1,20.4,16.7,33.7,79.9
52,impersonator,17.1,1172.9,21.5,10.6,19.5,16.0,15.2
789,genuine,14.5,14.4,16.9,17.5,953.6,845.3,15.5
3989,genuine,166.0,169.0,167.0,167.0,169.0,165.0,169.0
2798,genuine,169.0,175.0,173.0,172.0,173.0,174.0,175.0
3103,genuine,164.0,182.0,151.0,170.0,170.0,11.0,167.0
4163,impersonator,449.6,20.2,224.9,225.0,223.5,17.1,225.9
1432,impersonator,170.0,180.1,156.0,177.9,168.9,173.2,170.2
436,genuine,13.9,23.6,14.5,80.6,14.8,104.7,112.3
2717,genuine,36.7,213.6,2121.7,18.2,16.1,17.2,17.8
3944,impersonator,162.1,185.3,147.6,175.0,8.4,169.0,326.1
1362,genuine,230.6,433.2,16.3,233.1,233.3,433.4,17.1
862,genuine,18.1,16.1,40.1,926.9,17.4,18.0,17.8
923,genuine,430.3,231.7,233.3,433.9,15.9,233.1,233.1
3372,genuine,230.1,233.4,15.2,216.7,199.8,433.6,232.9
2099,genuine,164.0,169.0,167.0,166.0,164.0,167.0,166.0
3386,genuine,17.3,13.1,17.1,16.4,1166.0,627.0,19.9
3280,genuine,168.0,170.0,170.0,170.0,173.0,170.0,164.0
416,impersonator,229.4,428.2,410.0,23.6,228.2,223.2,417.7
4198,impersonator,162.1,166.2,163.8,169.5,163.2,166.3,164.4
960,impersonator,18.8,235.5,354.1,33.0,31.1,245.8,468.4
4055,impersonator,44.6,1367.9,22.4,28.9,23.3,18.4,17.9
4359,impersonator,159.2,166.7,170.6,174.0,165.2,166.7,166.0
3628,genuine,168.0,167.0,171.0,169.0,169.0,170.0,168.0
3458,genuine,18.2,20.8,950.0,626.8,20.3,19.7,21.3
2848,genuine,229.5,433.4,16.1,233.2,233.3,233.2,417.0
3378,genuine,412.5,231.6,232.1,450.5,15.0,233.6,233.1
957,impersonator,12.3,13.8,612.2,1014.3,29.7,26.1,27.9
3681,impersonator,439.6,26.3,24.9,233.2,226.1,443.2,17.3
2958,impersonator,173.9,167.4,170.1,178.7,167.6,174.4,158.2
1433,impersonator,11.9,24.7,786.6,19.2,17.4,21.7,27.4
4214,impersonator,49.3,1419.3,157.1,13.4,14.0,20.7,13.5
653,genuine,168.0,187.0,159.0,172.0,169.0,171.0,172.0
4155,impersonator,19.1,19.2,18.6,230.1,93.6,94.9,97.0
1174,genuine,164.0,169.0,166.0,167.0,167.0,167.0,166.0
2480,genuine,33.6,227.9,229.8,232.8,232.6,450.0,32.9
3117,impersonator,220.0,227.7,435.9,448.3,19.5,223.6,227.1
709,impersonator,850.3,413.8,12.8,322.3,238.3,445.2,20.5
2594,impersonator,167.2,172.5,176.9,177.7,174.9,172.6,169.5
3361,genuine,164.0,169.0,167.0,167.0,166.0,167.0,168.0
3758,impersonator,168.3,164.5,168.4,172.3,170.9,171.9,165.4
1317,genuine,230.2,432.4,16.3,233.1,233.3,433.2,16.2
1747,genuine,164.0,177.0,156.0,170.0,170.0,9.0,167.0
206,genuine,164.0,169.0,167.0,167.0,168.0,166.0,167.0
2776,genuine,172.0,173.0,173.0,172.0,172.0,224.0,165.0
3911,impersonator,173.9,172.1,164.2,180.8,170.7,174.6,166.6
1080,impersonator,170.9,175.0,0.0,175.2,168.8,172.4,169.6
1847,impersonator,18.6,20.1,425.2,331.0,165.4,16.7,241.7
2826,genuine,65.8,2027.3,17.0,18.9,195.4,22.0,19.0
2710,impersonator,163.0,171.5,164.5,173.2,165.8,167.4,168.7
2230,genuine,229.9,15.7,216.2,416.8,233.1,433.5,16.6
147,impersonator,15.0,18.5,153.8,1239.8,20.3,22.5,20.5
3052,genuine,165.0,177.0,158.0,173.0,169.0,169.0,169.0
3525,impersonator,12.4,23.1,735.2,1032.5,23.5,22.6,28.1
583,impersonator,19.7,135.5,21.8,1363.9,106.2,107.0,118.3
1920,genuine,21.4,17.0,15.5,317.5,1050.0,16.9,17.5
2100,genuine,20.0,19.3,1023.6,20.2,17.7,20.4,20.1
2131,impersonator,16.6,171.3,412.8,947.3,20.3,26.6,222.6
3028,impersonator,164.6,181.1,152.6,178.7,167.2,167.0,171.6
2134,genuine,165.0,186.0,154.0,171.0,168.0,171.0,169.0
3900,impersonator,14.0,12.3,403.0,9.9,14.4,16.0,422.7
3244,impersonator,160.4,164.4,177.0,168.5,163.9,164.3,162.7
1959,impersonator,229.8,225.2,23.8,26.6,236.0,234.3,425.8
2179,impersonator,235.3,23.4,27.9,228.7,445.3,224.1,236.3
2217,genuine,170.0,173.0,174.0,174.0,172.0,172.0,173.0
584,genuine,167.0,170.0,170.0,170.0,170.0,171.0,168.0
591,impersonator,167.3,169.6,172.9,173.0,163.5,164.9,168.6
3143,genuine,223.7,232.9,232.8,233.1,433.5,16.9,232.5
3186,impersonator,166.9,401.7,162.6,174.4,177.8,173.0,166.6
1380,impersonator,160.4,172.4,166.5,168.1,164.6,307.6,168.8
89,genuine,172.0,173.0,175.0,174.0,173.0,173.0,172.0
2859,impersonator,417.3,223.1,221.0,233.0,445.5,15.6,229.6
821,genuine,172.0,171.0,174.0,174.0,173.0,173.0,173.0
416,genuine,167.0,169.0,170.0,170.0,168.0,171.0,167.0
3571,impersonator,10.1,21.6,70.6,20.2,21.5,19.5,224.5
3882,genuine,15.6,15.0,131.2,17.2,1034.2,838.4,16.4
2569,impersonator,18.6,216.3,224.2,425.0,224.4,232.5,226.0
4256,impersonator,162.7,161.7,162.1,294.0,169.5,168.6,166.7
4022,genuine,18.5,9.7,209.7,214.5,216.5,199.6,417.5
412,genuine,789.0,205.1,16.0,17.1,17.5,17.3,17.7
3662,genuine,164.0,191.0,154.0,172.0,171.0,168.0,170.0
1763,genuine,169.0,173.0,173.0,172.0,174.0,173.0,173.0
1607,impersonator,14.1,15.8,28.5,229.4,230.0,217.2,19.1
3142,impersonator,21.3,164.6,164.9,254.9,169.0,169.3,170.9
3408,impersonator,88.7,1676.3,410.5,28.0,21.0,14.6,22.2
2425,impersonator,17.3,1174.0,12.0,16.6,13.8,21.7,14.6
40,genuine,169.0,171.0,168.0,172.0,186.0,154.0,170.0
3753,impersonator,165.4,169.9,173.9,167.5,166.5,168.0,170.1
3953,genuine,1096.6,16.4,18.7,18.5,18.4,18.4,33.0
744,impersonator,14.7,26.9,21.9,1729.3,22.2,20.6,18.3
24,impersonator,163.5,168.5,164.7,173.6,165.2,165.6,164.2
21,impersonator,17.3,17.4,690.8,586.3,12.2,19.0,713.4
2027,genuine,14.4,214.9,214.9,417.1,233.0,233.4,433.8
4078,genuine,169.0,172.0,176.0,173.0,173.0,175.0,173.0
2799,impersonator,227.8,228.6,222.6,442.7,20.7,22.8,224.0
1128,genuine,331.0,189.0,153.0,171.0,176.0,165.0,170.0
2640,impersonator,167.9,173.6,173.0,180.5,171.4,174.2,171.4
3082,genuine,101.7,325.2,20.2,38.3,92.5,2385.3,18.4
988,impersonator,161.8,161.0,166.6,25.3,167.7,168.4,167.7
2101,genuine,163.0,170.0,169.0,168.0,167.0,167.0,167.0
3540,impersonator,167.4,164.9,175.2,27.9,164.1,310.3,168.6
3264,genuine,168.0,192.0,152.0,170.0,168.0,170.0,169.0
4084,impersonator,206.0,239.5,203.3,440.9,431.0,23.1,231.5
442,impersonator,218.1,224.9,221.2,174.5,165.4,17.3,231.1
1524,impersonator,168.0,179.2,151.3,182.3,165.7,13.7,169.5
3283,impersonator,227.6,417.9,15.2,45.5,226.9,233.2,428.2
1558,impersonator,174.1,163.1,176.3,312.1,174.9,176.3,173.6
242,impersonator,11.2,13.9,13.8,15.7,816.7,441.9,19.8
4323,genuine,17.1,14.9,1390.0,17.1,16.1,16.7,16.6
4388,impersonator,19.9,24.9,640.2,435.4,19.0,22.5,20.2
3741,impersonator,14.2,17.2,771.1,447.2,14.2,21.4,18.1
1878,impersonator,165.6,177.1,163.6,175.0,169.2,170.2,164.9
2808,impersonator,8.3,16.0,476.2,434.1,10.4,17.9,20.2
241,genuine,9.8,628.7,224.6,10.0,448.5,17.8,14.4
1221,genuine,18.1,16.6,16.7,17.8,1141.8,16.8,17.6
1510,impersonator,82.3,992.5,7.5,19.6,16.1,15.8,17.4
1519,genuine,172.0,171.0,174.0,172.0,175.0,173.0,175.0
2369,impersonator,158.8,170.7,334.5,31.4,161.2,318.1,299.4
1059,impersonator,168.7,177.4,153.1,174.0,163.5,167.5,169.1
3903,impersonator,172.9,164.2,178.2,177.6,178.5,170.7,171.5
1194,impersonator,20.1,6.1,670.3,1340.0,227.2,81.1,75.6
3913,genuine,14.2,23.8,433.6,451.9,30.5,231.9,233.0
2094,impersonator,14.6,29.6,16.0,131.1,27.8,79.8,25.5
683,impersonator,13.5,23.9,754.2,968.7,16.7,20.5,22.9
4336,genuine,230.3,233.8,232.8,433.7,15.5,233.6,432.6
3744,genuine,164.0,169.0,169.0,167.0,167.0,167.0,166.0
3890,genuine,330.0,168.0,167.0,168.0,167.0,166.0,169.0
1275,genuine,13.7,18.6,770.2,1043.5,19.7,20.4,19.4
4114,genuine,229.4,433.1,15.3,233.0,233.1,233.4,433.3
2829,genuine,14.1,230.7,231.9,233.1,233.2,433.4,16.7
522,impersonator,81.2,18.9,28.5,14.0,15.9,19.2,17.9
2540,impersonator,988.9,407.7,19.1,21.6,20.6,22.1,11.0
1187,impersonator,163.1,171.1,166.1,173.5,173.6,171.2,165.4
1191,impersonator,171.6,179.3,169.8,174.4,162.8,168.9,171.8
3346,impersonator,169.6,167.8,165.4,177.0,169.3,171.2,167.0
3779,impersonator,222.4,239.2,233.8,245.1,436.5,23.1,431.0
3714,genuine,17.2,23.3,750.8,17.1,17.9,16.4,55.4
874,genuine,15.5,16.6,1195.0,18.0,16.6,16.6,17.1
29,impersonator,170.5,172.2,163.9,176.5,168.2,175.1,171.1
697,impersonator,17.3,13.1,403.1,17.9,20.6,21.2,22.2
1577,genuine,16.8,60.1,1751.1,22.0,16.1,16.7,189.3
3428,impersonator,13.1,15.2,869.0,24.4,11.7,18.0,22.0
566,genuine,19.2,611.9,17.3,17.8,56.2,2231.6,16.1
2608,genuine,207.2,232.6,433.4,15.7,233.1,233.4,232.9
913,impersonator,7.1,232.2,558.4,440.6,23.5,22.4,25.4
2291,impersonator,164.0,157.6,161.4,174.0,161.3,169.9,163.0
2461,genuine,233.1,195.5,15.0,216.7,200.1,217.9,632.5
2574,impersonator,170.5,185.9,158.0,172.8,163.0,169.4,168.7
2670,genuine,166.0,171.0,170.0,168.0,170.0,169.0,189.0
875,impersonator,174.5,171.7,170.1,172.6,170.9,175.7,170.6
696,genuine,14.8,17.7,976.7,630.0,18.0,15.3,17.9
1679,impersonator,231.0,224.4,431.5,36.3,243.5,239.3,229.8
55,genuine,168.0,185.0,157.0,172.0,169.0,169.0,168.0
2233,impersonator,168.8,176.8,154.5,173.7,162.4,170.4,168.9
4097,genuine,230.1,233.1,233.2,433.5,16.5,233.3,233.3
3007,impersonator,164.4,171.9,168.3,174.1,170.0,168.5,165.8
1217,genuine,229.3,230.1,450.3,31.5,233.2,451.8,15.4
3949,genuine,19.1,22.1,780.4,632.0,25.2,19.7,18.9
178,impersonator,221.3,234.4,170.9,244.7,423.1,20.2,235.7
4300,genuine,212.8,199.6,216.5,417.3,15.5,216.8,200.0
3809,impersonator,11.4,1286.3,8.3,17.8,16.3,12.5,16.4
2467,impersonator,168.2,171.4,166.6,175.9,175.2,170.4,174.2
1258,impersonator,173.2,169.8,164.2,173.6,173.7,169.1,164.0
1650,genuine,13.5,432.3,16.2,232.7,233.3,233.1,216.8
471,genuine,168.0,171.0,169.0,173.0,170.0,170.0,198.0
4425,impersonator,230.0,427.3,386.4,221.5,213.8,229.9,402.3
292,impersonator,169.0,168.2,170.2,181.1,170.3,173.5,173.7
4050,genuine,231.1,446.8,16.3,232.9,233.2,233.1,17.4
2922,impersonator,11.2,14.3,594.0,1043.0,25.3,18.4,811.0
4293,genuine,169.0,174.0,175.0,172.0,173.0,173.0,175.0
2853,impersonator,21.7,1048.7,378.9,22.1,23.4,24.9,15.9
3193,impersonator,16.8,113.1,28.2,16.4,90.3,22.0,97.3
1113,impersonator,166.4,170.8,168.0,173.1,170.0,169.3,167.5
3733,impersonator,19.5,106.8,28.3,223.1,169.7,14.8,76.7
597,genuine,22.8,20.0,20.2,14.7,584.6,18.7,19.0
796,impersonator,168.1,167.1,170.3,23.9,164.5,292.5,167.3
2520,impersonator,13.5,21.8,7.5,25.4,813.2,22.8,14.0
1835,impersonator,12.0,24.2,26.3,29.0,18.7,17.4,15.1
1007,genuine,163.0,166.0,167.0,168.0,166.0,165.0,166.0
1465,genuine,199.8,212.3,417.2,232.7,417.8,15.7,232.6
1011,genuine,172.0,173.0,172.0,173.0,174.0,173.0,173.0
3425,genuine,166.0,171.0,168.0,170.0,173.0,171.0,166.0
166,genuine,200.4,429.0,233.2,432.8,16.4,233.3,233.2
3558,genuine,12.7,28.6,116.8,63.9,90.2,51.4,27.8
1232,impersonator,13.8,24.5,121.4,1171.0,17.9,20.4,21.3
3199,genuine,165.0,181.0,156.0,170.0,9.0,167.0,333.0
2854,genuine,14.0,223.4,232.7,432.4,17.2,16.1,216.4
1299,genuine,165.0,168.0,167.0,167.0,167.0,169.0,166.0
165,impersonator,172.7,168.5,174.1,174.0,170.7,172.3,172.1
3496,genuine,18.3,1384.5,18.3,20.5,20.0,22.2,16.3
1281,impersonator,168.2,170.3,177.3,173.0,177.0,173.3,175.1
3772,genuine,16.3,18.7,17.4,1164.7,17.2,20.3,19.7
2647,genuine,180.0,172.0,157.0,171.0,171.0,169.0,10.0
4482,genuine,232.0,229.9,433.6,16.2,433.8,16.1,233.2
368,genuine,14.0,168.0,171.0,336.0,18.0,163.0,186.0
1926,genuine,164.0,166.0,167.0,166.0,167.0,167.0,166.0
3370,impersonator,168.5,173.5,173.1,169.9,175.3,168.4,166.9
334,impersonator,159.8,167.0,172.5,177.3,169.4,169.3,167.0
2579,impersonator,163.3,163.6,173.9,175.9,160.9,164.9,166.3
3735,genuine,169.0,190.0,7.0,150.0,334.0,171.0,171.0
4220,impersonator,16.5,173.9,421.9,171.3,162.0,166.2,9.6
2588,genuine,163.0,169.0,166.0,4.0,161.0,4.0,329.0
2003,impersonator,161.9,172.5,38.5,172.7,162.7,169.5,321.9
1610,genuine,16.5,1402.3,19.5,21.5,21.8,17.6,20.2
1300,genuine,165.0,14.0,152.0,336.0,166.0,168.0,9.0
1741,genuine,165.0,167.0,166.0,168.0,169.0,166.0,166.0
3455,genuine,228.9,231.5,232.4,450.4,15.8,233.2,233.3
1758,genuine,15.8,430.3,14.4,233.0,16.3,216.5,200.0
2800,impersonator,232.3,227.8,205.5,419.7,213.9,229.0,218.4
4321,genuine,155.1,32.5,821.3,16.2,16.2,16.5,26.7
853,impersonator,165.9,164.6,167.5,171.5,168.0,167.1,166.0
1121,genuine,166.0,174.0,169.0,171.0,173.0,171.0,167.0
168,genuine,228.9,232.2,232.8,450.1,17.0,232.2,15.1
2011,impersonator,91.6,1055.7,30.6,22.0,23.1,20.2,19.4
4217,impersonator,163.6,171.5,168.1,172.0,171.0,173.1,171.2
3066,genuine,162.0,166.0,169.0,166.0,167.0,167.0,166.0
2359,impersonator,243.2,422.6,219.4,227.6,238.8,21.6,223.4
4250,impersonator,169.5,41.8,164.5,154.1,166.4,168.0,169.6
2269,impersonator,21.3,27.0,19.5,14.4,18.5,18.2,15.3
3217,impersonator,13.6,25.0,0.4,646.0,24.1,16.8,21.9
3248,genuine,14.3,15.9,1197.8,15.7,17.0,16.5,16.8
1496,impersonator,168.4,175.8,151.2,173.6,168.0,18.7,10.7
413,impersonator,447.9,225.6,223.3,215.7,441.4,18.4,226.8
4257,impersonator,12.8,417.1,15.7,236.0,19.7,21.1,20.1
413,genuine,15.5,16.6,779.1,14.5,615.3,15.9,17.7
1934,impersonator,169.5,173.0,183.4,174.1,166.6,167.3,168.1
1714,genuine,230.7,235.3,450.1,16.1,233.2,233.6,449.6
2954,genuine,38.0,36.5,48.3,557.7,17.0,17.6,65.0
4128,impersonator,161.3,162.0,166.1,176.2,163.9,299.9,164.1
964,genuine,16.8,16.2,15.0,810.4,431.4,17.4,16.9
668,genuine,172.0,171.0,175.0,172.0,175.0,173.0,171.0
4077,impersonator,164.8,170.6,159.4,159.6,169.1,166.7,164.9
759,impersonator,172.2,167.6,175.1,171.2,170.2,172.7,164.9
833,genuine,167.0,167.0,167.0,167.0,165.0,169.0,166.0
2056,genuine,12.5,14.5,18.1,1002.5,19.5,15.4,16.9
3751,impersonator,9.1,22.7,889.1,861.9,19.0,16.2,13.9
4161,impersonator,166.8,177.1,152.9,172.2,171.2,170.2,166.8
1847,genuine,16.9,15.3,1157.9,420.0,15.4,17.9,20.0
2420,impersonator,19.7,20.2,422.0,14.6,17.7,20.6,18.5
2563,genuine,166.0,168.0,167.0,165.0,166.0,167.0,167.0
1824,genuine,172.0,172.0,176.0,172.0,173.0,173.0,175.0
2136,impersonator,18.4,17.7,20.5,23.3,63.2,18.0,77.1
4247,impersonator,169.4,170.1,155.5,174.8,167.3,170.8,167.5
2693,genuine,214.6,233.0,232.4,233.2,450.0,32.6,233.4
4396,impersonator,12.7,402.9,17.6,246.8,211.5,426.2,15.5
3286,genuine,217.1,411.5,233.2,433.5,16.6,233.0,16.1
2851,impersonator,10.7,16.8,19.5,1767.9,16.7,19.2,17.8
4150,impersonator,216.3,222.8,222.7,236.0,422.3,19.3,231.1
2542,genuine,223.8,232.7,233.1,199.4,233.5,233.1,433.2
2080,impersonator,164.7,167.4,169.0,177.4,173.0,171.3,169.4
1994,genuine,173.0,172.0,172.0,174.0,172.0,174.0,172.0
3335,impersonator,168.1,176.4,148.0,172.9,164.1,17.1,165.7
2219,impersonator,14.7,29.9,826.4,656.2,18.0,20.6,23.8
2201,impersonator,18.4,230.0,217.4,185.9,219.8,217.4,216.8
4197,impersonator,450.7,396.0,0.1,239.1,237.9,436.9,16.9
376,genuine,15.3,230.7,232.2,433.4,16.8,232.4,233.4
1383,impersonator,65.6,1150.6,8.1,26.8,81.2,73.4,112.0
997,genuine,232.7,429.1,16.9,233.0,233.1,432.8,17.0
4143,impersonator,167.2,167.7,175.8,170.1,170.8,168.4,165.0
1180,impersonator,171.1,172.4,181.1,175.1,170.2,171.9,168.5
4467,genuine,20.6,13.7,15.6,754.7,845.1,17.0,16.4
1965,impersonator,24.8,171.3,173.6,176.8,175.6,172.5,171.6
2922,genuine,429.6,16.2,232.0,233.4,433.6,16.2,232.1
1168,impersonator,173.8,173.5,176.3,174.3,178.3,172.8,170.6
4027,impersonator,13.1,31.2,697.5,1456.5,20.7,18.6,18.5
577,impersonator,400.0,18.3,217.1,236.3,422.9,23.8,432.0
2095,genuine,13.5,13.0,210.4,432.7,233.3,233.0,434.3
2346,impersonator,15.2,14.8,652.0,22.3,13.7,14.2,18.5
3376,impersonator,19.2,14.4,995.6,19.9,20.2,17.0,24.7
4050,impersonator,389.5,22.9,115.7,226.5,17.6,19.7,20.3
4086,genuine,167.0,167.0,170.0,12.0,156.0,332.0,168.0
1776,genuine,226.7,233.0,233.0,232.7,233.5,232.8,233.3
2856,impersonator,171.1,172.6,180.9,174.1,167.8,172.2,163.3
1864,impersonator,170.8,166.8,181.0,179.6,172.8,173.8,172.0
4150,genuine,181.0,169.0,159.0,171.0,171.0,169.0,10.0
89,impersonator,380.8,35.2,165.9,242.7,173.9,173.2,161.3
2057,impersonator,219.0,248.3,236.3,229.8,452.0,18.6,244.7
3775,genuine,225.8,431.3,16.6,233.2,232.7,433.4,16.8
1233,genuine,11.8,232.5,233.3,433.3,15.6,233.3,233.2
2193,impersonator,237.0,17.9,227.7,221.3,456.8,19.9,231.3
2151,impersonator,168.8,173.5,180.3,175.5,171.0,169.8,165.1
3082,impersonator,9.7,15.1,2.9,216.8,18.9,20.4,24.6
2846,impersonator,167.4,171.8,152.5,167.8,171.2,170.6,166.8
907,genuine,172.0,172.0,176.0,171.0,173.0,173.0,173.0
2999,genuine,229.0,232.9,233.1,433.4,16.7,232.9,233.3
4262,impersonator,12.7,18.9,590.3,427.5,18.2,19.1,20.0
4497,impersonator,170.3,185.2,146.0,179.7,163.8,16.7,318.9
1418,impersonator,17.9,24.5,408.0,28.5,228.9,225.2,442.4
3029,impersonator,24.3,15.4,10.2,224.5,228.1,422.0,427.6
3553,genuine,25.6,420.5,13.6,233.2,233.3,433.6,30.7
3906,impersonator,406.2,225.1,216.5,220.2,419.4,14.4,237.1
2181,impersonator,8.1,22.3,710.2,444.5,16.2,17.3,20.2
2893,impersonator,906.8,1373.2,12.8,16.5,1351.5,20.5,20.5
962,genuine,10.3,2519.3,20.0,13.6,15.6,401.0,17.0
1160,genuine,1578.7,24.0,16.1,19.8,20.9,18.9,18.4
1211,impersonator,21.0,236.8,431.4,449.0,19.8,231.5,225.2
3845,impersonator,172.0,180.3,150.4,177.7,170.0,168.3,168.4
2839,genuine,163.0,170.0,168.0,166.0,8.0,158.0,333.0
1880,genuine,228.6,232.8,433.4,16.8,433.4,16.3,233.1
3939,impersonator,232.6,420.8,27.2,236.0,233.5,418.2,16.5
3187,genuine,17.0,1391.7,15.8,20.6,20.0,20.2,20.0
78,genuine,15.3,20.8,1654.7,16.0,17.9,17.6,17.7
3594,impersonator,242.4,213.0,387.8,23.1,228.0,233.3,227.6
2903,impersonator,8.7,13.3,391.9,31.6,17.5,14.6,229.4
894,impersonator,220.8,232.0,429.7,247.8,172.1,21.9,225.2
2311,impersonator,167.6,173.2,152.2,168.7,11.1,16.7,312.1
1984,impersonator,230.5,473.4,26.5,230.2,228.9,23.0,18.0
368,impersonator,224.1,238.8,19.7,296.2,247.9,439.2,22.1
3197,genuine,170.0,175.0,174.0,174.0,171.0,173.0,173.0
1648,impersonator,162.5,159.9,161.1,175.9,168.6,165.5,169.9
1624,impersonator,16.8,12.1,1219.4,614.8,23.0,16.6,19.3
2739,genuine,15.9,23.7,975.4,415.9,18.1,18.9,20.6
3847,impersonator,170.6,165.5,179.7,175.5,177.3,175.8,170.8
780,genuine,28.0,341.0,177.0,25.0,167.0,171.0,171.0
1974,impersonator,165.2,171.6,168.0,176.6,170.3,172.7,166.6
490,genuine,169.0,175.0,172.0,173.0,173.0,173.0,173.0
1800,impersonator,162.1,172.7,163.6,167.9,165.6,171.1,338.8
1613,impersonator,163.4,164.3,174.8,172.8,168.4,167.0,162.7
72,genuine,229.4,236.4,31.6,199.7,217.1,199.6,634.5
1653,genuine,163.0,180.0,159.0,170.0,171.0,169.0,170.0
1446,genuine,164.0,169.0,167.0,14.0,151.0,333.0,168.0
1144,impersonator,173.1,166.7,182.8,175.8,170.8,176.0,170.4
299,genuine,165.0,167.0,167.0,17.0,150.0,329.0,168.0
4091,genuine,13.8,21.2,15.2,1173.1,16.0,16.4,17.1
281,impersonator,6.4,21.0,596.7,446.0,17.0,23.4,22.6
2846,genuine,15.4,18.6,974.9,631.5,17.8,15.6,18.2
235,genuine,915.4,17.8,19.6,17.8,18.3,2253.9,15.3
2821,impersonator,23.6,13.2,340.8,32.7,215.2,222.3,444.9
4239,impersonator,425.5,410.1,19.9,253.4,243.1,455.0,14.6
70,genuine,17.0,1584.9,22.0,16.0,20.3,17.0,18.0
3038,impersonator,21.5,430.9,10.0,221.2,226.6,222.6,16.4
2326,impersonator,452.0,20.0,22.8,218.9,228.1,231.2,17.5
155,genuine,181.0,173.0,156.0,169.0,169.0,168.0,14.0
1822,genuine,229.4,233.1,433.2,16.7,233.0,233.4,433.1
980,impersonator,232.1,223.9,211.2,18.5,12.7,227.3,412.1
3677,genuine,171.0,173.0,174.0,172.0,174.0,174.0,173.0
1512,impersonator,164.6,181.4,149.7,173.7,163.5,166.0,222.4
3101,genuine,16.7,2240.8,36.2,128.6,49.8,85.2,32.7
2619,genuine,16.1,790.2,210.8,19.7,20.1,19.4,19.0
553,impersonator,233.1,440.3,359.8,237.3,234.4,233.5,216.0
2823,genuine,171.0,172.0,176.0,171.0,174.0,173.0,173.0
2461,impersonator,13.9,12.1,111.6,18.0,16.9,103.7,97.0
1002,genuine,16.9,18.4,19.7,17.5,19.2,19.0,27.2
2421,genuine,166.0,167.0,166.0,167.0,169.0,165.0,167.0
404,genuine,20.1,18.8,19.9,1382.3,20.1,20.9,20.4
1119,impersonator,221.8,167.9,22.8,168.4,163.9,320.2,166.0
641,impersonator,10.0,25.9,536.3,616.7,19.2,25.1,21.3
676,impersonator,16.3,17.5,688.3,626.4,15.8,19.0,16.4
3178,genuine,15.4,18.4,980.9,628.3,20.5,16.8,21.4
1208,genuine,760.9,1476.5,18.3,19.3,49.7,32.0,107.9
1568,genuine,227.5,450.3,30.6,232.9,234.0,232.7,450.4
2184,genuine,15.4,229.2,432.7,16.2,232.8,233.2,433.7
4363,genuine,12.9,14.1,216.4,216.5,199.8,216.2,417.1
3199,impersonator,163.6,164.4,167.4,20.8,159.0,160.8,163.4
946,impersonator,230.8,80.5,24.6,322.0,23.3,173.4,172.0
3926,genuine,228.5,433.1,16.5,233.2,233.2,233.1,433.6
1241,impersonator,18.2,11.8,391.5,17.1,22.1,21.1,420.3
1145,genuine,227.8,449.8,32.1,232.9,233.4,450.1,15.7
2901,genuine,230.1,233.3,233.1,233.1,433.5,15.7,232.9
758,impersonator,166.1,168.8,165.5,165.7,170.5,168.5,162.2
4487,genuine,163.0,166.0,167.0,4.0,162.0,6.0,325.0
901,impersonator,224.1,230.9,227.3,224.9,446.8,17.4,235.5
3715,impersonator,15.9,14.3,1150.2,11.9,18.4,15.1,20.3
1014,genuine,171.0,175.0,174.0,173.0,173.0,173.0,174.0
702,genuine,165.0,176.0,158.0,171.0,168.0,168.0,172.0
129,impersonator,15.6,19.2,1034.5,433.0,8.8,20.0,21.5
152,impersonator,165.2,180.2,149.2,175.2,163.4,17.0,14.7
1976,impersonator,13.1,14.9,11.0,1025.7,20.0,24.8,19.9
2353,impersonator,223.0,236.9,406.5,33.1,229.2,228.8,236.1
300,impersonator,18.4,1047.1,2.2,26.9,13.2,20.4,11.9
1059,genuine,215.9,213.3,416.3,233.0,233.4,433.6,16.1
41,impersonator,169.7,162.4,169.3,168.4,161.7,168.5,162.6
3034,genuine,231.2,231.9,233.2,433.5,16.9,232.8,433.5
2764,genuine,165.0,166.0,167.0,167.0,167.0,167.0,169.0
3642,genuine,167.0,173.0,169.0,170.0,172.0,172.0,164.0
1891,impersonator,16.6,437.6,19.8,269.4,91.6,94.6,102.0
858,impersonator,13.6,249.7,236.9,429.6,18.6,20.3,225.6
2309,genuine,1023.7,17.1,19.2,20.1,2053.2,21.2,17.0
2120,genuine,171.0,173.0,173.0,174.0,173.0,173.0,173.0
1445,genuine,173.0,175.0,175.0,172.0,174.0,172.0,173.0
1743,genuine,17.0,19.8,18.9,1161.8,22.3,18.5,17.4
241,impersonator,6.7,16.3,860.1,1530.9,22.7,21.2,16.4
1406,genuine,12.0,227.6,12.8,216.6,199.8,433.7,433.4
1738,impersonator,167.6,162.5,171.5,168.8,169.6,172.2,161.5
1400,impersonator,1004.1,58.3,13.8,14.3,16.2,15.2,19.7
2487,genuine,168.0,172.0,168.0,172.0,170.0,171.0,166.0
4159,genuine,16.4,781.6,422.7,15.4,19.1,18.8,18.1
975,genuine,15.1,14.5,812.2,16.4,16.1,16.6,16.7
1751,genuine,18.0,21.8,376.7,629.3,20.2,20.5,20.2
3498,impersonator,160.1,167.7,166.6,174.1,171.3,169.4,167.7
193,genuine,165.0,187.0,154.0,172.0,172.0,170.0,169.0
2025,genuine,230.9,231.1,16.4,216.4,416.9,233.1,233.4
1985,impersonator,20.0,13.8,409.1,22.1,231.3,221.1,21.6
1813,genuine,106.2,704.7,1894.4,18.3,19.3,19.6,17.9
4251,impersonator,21.6,51.2,1299.6,19.8,74.3,23.3,58.6
3224,genuine,180.0,175.0,154.0,172.0,169.0,170.0,168.0
3299,impersonator,163.0,157.9,160.1,229.1,163.4,166.6,165.9
2987,genuine,170.0,169.0,170.0,172.0,170.0,173.0,166.0
3075,impersonator,22.0,10.5,965.5,635.0,19.4,18.5,19.9
3225,genuine,165.0,169.0,166.0,167.0,168.0,167.0,168.0
433,genuine,230.1,233.2,233.0,433.3,16.6,233.1,433.5
2836,genuine,166.0,168.0,166.0,168.0,167.0,166.0,166.0
2335,genuine,48.8,1348.3,16.0,17.5,19.0,19.0,19.3
1824,impersonator,163.2,176.1,155.6,174.8,158.5,169.6,163.2
4354,genuine,165.0,185.0,156.0,172.0,169.0,170.0,10.0
1011,impersonator,16.8,1237.3,11.6,22.5,109.3,18.8,24.5
1257,impersonator,21.4,1.5,206.7,218.6,201.3,228.3,418.3
4426,impersonator,165.0,172.7,146.1,173.7,165.2,169.1,165.2
640,impersonator,24.8,18.8,39.0,250.2,73.3,63.5,79.9
2475,impersonator,7.9,239.5,210.1,462.5,437.1,19.5,234.8
753,impersonator,168.4,170.5,178.9,178.1,176.0,173.0,172.1
3446,genuine,15.6,23.6,1134.9,628.4,18.3,18.4,17.9
62,genuine,227.6,230.5,232.9,450.8,16.5,232.9,231.2
1632,genuine,17.1,748.9,16.9,610.3,16.5,16.9,17.2
745,impersonator,14.5,19.0,384.1,26.0,23.1,25.3,690.1
1827,genuine,2413.8,23.7,10.3,85.0,52.3,70.1,30.0
995,genuine,18.8,19.2,18.9,1151.6,19.2,19.6,19.9
2216,genuine,227.7,233.0,433.5,16.6,232.9,233.3,433.3
1578,impersonator,162.5,169.1,166.3,169.2,169.6,169.3,424.0
3445,impersonator,168.2,175.8,148.9,172.8,164.3,14.4,165.5
1683,impersonator,14.2,28.2,366.1,439.7,21.2,19.6,19.8
2104,impersonator,24.8,12.9,792.4,9.9,11.6,218.7,10.6
2667,genuine,16.0,18.1,596.8,16.0,18.2,18.3,18.4
4028,genuine,17.6,22.2,29.4,74.9,19.6,103.9,95.3
122,impersonator,171.5,167.2,175.9,170.1,171.4,173.3,165.6
2050,impersonator,16.1,418.0,9.8,28.9,121.0,88.5,20.0
3830,genuine,168.0,11.0,156.0,332.0,168.0,167.0,8.0
4103,genuine,226.2,233.1,233.1,232.6,450.9,31.2,233.8
4484,impersonator,27.5,19.0,450.5,28.8,224.0,220.0,424.8
4371,genuine,170.0,173.0,176.0,173.0,174.0,172.0,174.0
2264,genuine,169.0,174.0,175.0,175.0,174.0,172.0,175.0
2482,impersonator,14.4,21.1,426.1,18.3,12.0,231.8,447.1
3966,genuine,229.3,232.8,433.4,16.7,232.9,232.9,416.6
1630,genuine,170.0,173.0,173.0,172.0,173.0,173.0,173.0
843,genuine,18.8,1161.1,631.6,21.8,17.1,19.3,19.3
4496,impersonator,20.2,10.3,997.5,826.9,20.3,20.4,18.8
1548,impersonator,25.7,214.0,748.6,225.0,223.3,214.4,420.4
930,impersonator,163.4,170.1,169.5,177.8,166.9,165.4,167.0
966,impersonator,173.0,168.5,170.0,172.3,172.9,172.0,170.3
2981,genuine,163.0,169.0,166.0,168.0,169.0,167.0,167.0
1785,genuine,14.8,11.9,229.9,198.4,216.7,216.1,617.3
2324,genuine,16.2,19.8,1170.2,632.9,19.2,16.9,17.2
882,genuine,15.1,13.0,218.0,213.9,199.9,416.8,233.2
435,impersonator,167.3,176.9,146.5,168.2,163.4,18.8,321.5
226,impersonator,19.1,22.4,736.9,18.6,14.8,19.8,16.8
2990,impersonator,1113.3,166.5,175.8,177.6,174.4,173.1,169.6
1691,impersonator,169.5,176.9,177.1,194.9,169.2,171.6,172.4
3111,impersonator,15.9,20.6,1122.5,1987.6,10.9,21.3,22.8
2503,genuine,607.3,20.5,21.7,22.3,15.9,17.3,19.1
4330,genuine,165.0,167.0,168.0,165.0,166.0,166.0,166.0
1405,impersonator,162.1,163.1,166.8,178.6,171.6,169.3,161.6
2044,impersonator,170.8,169.6,174.0,180.6,175.1,176.2,171.4
833,impersonator,220.8,219.7,216.6,142.0,20.8,20.7,230.9
4337,genuine,165.0,190.0,154.0,172.0,168.0,169.0,11.0
2951,genuine,168.0,173.0,168.0,172.0,171.0,170.0,181.0
172,genuine,13.8,991.6,623.8,12.4,221.7,15.1,17.2
3097,impersonator,165.3,167.7,165.1,175.3,177.5,173.0,165.7
1062,genuine,171.0,175.0,175.0,172.0,171.0,175.0,174.0
3499,genuine,15.7,18.2,1780.8,19.5,18.7,19.0,18.4
738,genuine,163.0,189.0,151.0,169.0,171.0,170.0,170.0
2030,genuine,434.6,13.0,231.1,232.9,433.2,16.2,233.4
3877,genuine,13.8,432.2,14.4,233.0,233.0,433.5,16.5
4223,genuine,172.0,173.0,175.0,173.0,174.0,172.0,175.0
2626,impersonator,1053.1,1063.8,363.5,14.8,16.1,20.2,15.0
4260,genuine,164.0,173.0,156.0,173.0,168.0,13.0,166.0
732,impersonator,170.0,175.5,141.8,181.1,172.2,175.6,173.0
994,impersonator,171.0,177.5,163.5,174.8,162.2,170.0,168.9
1639,impersonator,168.4,172.0,175.2,170.3,176.1,174.6,168.8
1130,impersonator,15.5,1195.5,590.9,19.9,17.6,20.3,16.4
1938,genuine,230.4,231.9,16.5,216.2,200.0,433.5,433.3
2320,genuine,166.0,172.0,168.0,173.0,173.0,172.0,165.0
791,genuine,14.2,14.6,22.9,42.3,39.5,1151.4,17.9
754,impersonator,1187.0,18.7,1338.5,22.4,18.7,15.4,23.2
1010,impersonator,166.6,177.6,148.0,176.7,162.8,167.6,168.3
3719,genuine,18.0,19.4,962.0,626.2,20.5,21.7,22.9
1134,genuine,13.1,234.9,233.0,232.5,233.3,233.2,450.3
2337,genuine,230.4,453.9,32.0,231.4,235.0,449.0,16.2
3867,genuine,172.0,172.0,175.0,171.0,171.0,174.0,173.0
3437,genuine,24.8,249.5,251.1,448.5,31.6,250.1,250.0
3699,genuine,164.0,166.0,169.0,166.0,165.0,166.0,168.0
2879,genuine,167.0,172.0,167.0,170.0,172.0,172.0,166.0
788,impersonator,22.6,393.4,1.3,234.5,220.0,421.6,9.4
2279,impersonator,169.0,168.8,171.0,178.7,169.0,175.8,172.7
2495,genuine,9.4,1468.8,14.6,1038.6,15.1,16.8,62.5
3256,impersonator,1282.7,1137.8,12.2,443.2,16.7,21.9,12.4
2223,impersonator,167.1,165.7,165.8,176.7,170.4,166.7,164.2
1361,genuine,17.1,14.4,1197.3,19.3,16.7,626.7,14.6
1284,impersonator,16.3,15.5,27.8,1458.7,13.7,19.5,14.2
2879,impersonator,434.3,443.7,16.0,239.6,210.8,417.0,15.5
753,genuine,17.5,14.5,211.2,433.5,233.3,233.2,433.5
3780,genuine,417.7,228.5,433.5,16.6,16.4,216.5,199.5
1623,genuine,167.0,174.0,169.0,172.0,170.0,171.0,165.0
3681,genuine,15.3,224.6,233.2,232.2,233.4,450.9,15.0
4002,genuine,171.0,175.0,174.0,174.0,174.0,175.0,174.0
3644,impersonator,14.9,228.0,210.1,430.1,19.3,220.6,440.6
2379,impersonator,906.2,1251.9,15.0,26.2,19.4,19.7,18.6
2751,impersonator,167.7,174.8,154.7,172.4,161.7,167.8,167.4
1030,impersonator,169.1,164.1,177.0,176.1,166.1,168.8,162.3
140,genuine,167.0,184.0,5.0,167.0,333.0,167.0,167.0
797,impersonator,9.4,26.4,746.3,17.2,16.7,1940.0,21.4
3767,genuine,214.3,197.5,216.4,216.6,199.9,416.8,234.2
1617,impersonator,10.5,18.1,698.6,645.7,8.5,18.5,19.5
1759,genuine,229.9,232.8,433.2,16.7,233.0,16.7,216.5
875,genuine,230.3,232.6,433.3,16.6,453.6,15.0,232.0
3782,genuine,16.7,15.6,16.7,16.0,971.7,16.9,17.7
968,impersonator,166.7,171.0,395.3,178.2,169.3,172.2,167.3
4365,impersonator,13.9,221.4,207.7,224.7,215.3,219.6,439.1
2478,genuine,200.5,211.2,416.2,233.3,16.4,216.5,200.0
3894,genuine,166.0,167.0,167.0,166.0,167.0,167.0,168.0
541,impersonator,174.7,184.6,169.8,167.4,169.2,171.3,169.8
3901,genuine,168.0,169.0,170.0,168.0,169.0,171.0,168.0
355,impersonator,15.1,21.8,733.2,1570.1,24.0,23.4,17.5
580,impersonator,3.9,26.1,513.1,435.7,18.3,20.6,730.6
542,impersonator,16.1,16.1,6.3,1342.2,21.5,14.4,22.4
3862,genuine,17.5,17.4,783.2,631.8,20.1,16.7,17.6
3117,genuine,170.0,172.0,174.0,171.0,173.0,172.0,172.0
4186,impersonator,234.7,226.1,414.8,25.4,457.6,21.9,228.3
3936,impersonator,19.9,14.7,16.7,240.9,209.9,422.0,17.4
4309,genuine,163.0,180.0,157.0,172.0,168.0,171.0,171.0
3508,genuine,229.7,448.2,16.8,232.7,233.2,433.4,16.9
1313,genuine,14.8,218.9,210.6,199.6,216.5,199.9,417.0
2066,impersonator,244.3,423.9,18.0,234.8,251.4,452.0,221.3
1790,impersonator,7.3,168.1,164.7,98.0,286.8,168.0,171.3
4382,impersonator,11.1,227.0,197.4,448.9,15.1,227.4,225.8
4355,impersonator,10.3,230.9,211.6,429.5,8.4,222.1,440.7
2013,impersonator,172.7,172.5,172.8,182.1,177.4,176.7,172.8
4185,genuine,164.0,183.0,154.0,170.0,9.0,167.0,333.0
1915,impersonator,226.1,27.0,15.2,440.3,19.3,22.0,15.1
4231,genuine,167.0,172.0,171.0,173.0,170.0,172.0,165.0
714,genuine,165.0,168.0,167.0,164.0,167.0,168.0,168.0
3747,genuine,164.0,168.0,165.0,167.0,169.0,166.0,168.0
3740,impersonator,17.8,21.0,913.9,839.7,18.0,20.8,19.4
3314,genuine,430.7,15.2,232.7,232.9,433.3,16.4,233.2
2272,impersonator,168.6,171.9,168.8,174.7,164.5,172.2,170.8
947,impersonator,20.6,15.7,1566.9,15.8,20.5,23.1,16.4
3440,genuine,418.5,227.3,433.6,16.2,233.2,233.3,234.0
3547,genuine,173.0,171.0,174.0,174.0,172.0,175.0,172.0
1854,genuine,172.0,174.0,174.0,173.0,175.0,173.0,172.0
976,genuine,171.0,172.0,175.0,174.0,173.0,172.0,172.0
3656,impersonator,164.9,165.7,162.8,171.6,169.5,18.5,167.7
2014,genuine,16.2,21.5,780.7,631.8,20.2,220.7,16.0
2307,genuine,166.0,170.0,170.0,170.0,169.0,170.0,170.0
26,genuine,413.7,433.4,15.9,233.3,233.5,433.2,16.5
2327,impersonator,1187.1,11.2,23.5,285.7,21.5,105.7,86.4
431,impersonator,20.0,15.2,1292.5,18.7,25.1,75.2,22.4
2933,genuine,16.3,16.6,770.9,626.5,17.2,17.5,17.8
1316,genuine,182.0,170.0,157.0,171.0,169.0,14.0,166.0
2085,impersonator,24.2,14.1,372.1,22.8,659.2,21.5,22.3
2444,genuine,169.0,193.0,10.0,149.0,334.0,183.0,166.0
2212,genuine,163.0,189.0,147.0,170.0,171.0,172.0,169.0
3451,genuine,165.0,166.0,167.0,166.0,165.0,164.0,167.0
2318,genuine,19.6,1579.1,20.2,16.6,16.7,16.9,16.9
941,genuine,430.1,14.0,233.3,16.4,216.4,200.7,215.8
2642,impersonator,170.3,166.3,175.7,175.1,173.4,172.9,171.9
3298,genuine,14.9,17.6,20.1,16.8,1784.8,17.3,17.7
822,genuine,170.0,173.0,174.0,172.0,173.0,172.0,174.0
442,genuine,79.6,45.8,140.4,43.6,56.9,30.6,124.0
3137,impersonator,20.8,24.8,1265.3,28.3,15.3,675.7,21.5
3271,impersonator,163.3,171.7,167.3,172.9,166.2,169.4,170.3
3039,genuine,18.2,19.6,1394.1,22.0,16.3,17.1,19.1
2210,genuine,167.0,164.0,166.0,165.0,166.0,167.0,165.0
1420,impersonator,170.2,177.0,152.8,170.1,166.0,167.2,164.2
1507,impersonator,220.1,243.2,210.1,230.3,455.3,16.2,232.8
3286,impersonator,169.4,168.5,177.2,176.5,170.1,172.2,172.3
3233,genuine,16.9,18.5,18.5,18.5,67.0,28.0,56.3
2240,impersonator,9.3,411.6,419.0,262.9,159.2,13.6,17.3
3981,genuine,164.0,170.0,168.0,166.0,166.0,167.0,167.0
1442,impersonator,227.2,251.0,26.1,232.1,235.1,458.3,222.4
4286,genuine,15.0,433.5,7.6,233.2,233.8,432.6,16.3
3855,genuine,163.0,184.0,156.0,169.0,8.0,166.0,335.0
3078,genuine,172.0,174.0,176.0,173.0,176.0,174.0,173.0
4189,genuine,164.0,185.0,157.0,170.0,172.0,168.0,170.0
2245,genuine,16.6,229.4,230.6,433.4,17.8,231.3,233.2
3265,genuine,163.0,180.0,154.0,170.0,172.0,8.0,166.0
3581,impersonator,11.5,19.4,130.6,1343.9,1401.5,64.6,17.5
3929,genuine,169.0,171.0,175.0,172.0,172.0,172.0,174.0
1698,impersonator,8.3,178.9,147.3,1542.3,164.3,16.3,18.2
2617,impersonator,219.1,233.7,154.2,236.7,467.3,20.2,233.3
1371,genuine,165.0,167.0,167.0,167.0,169.0,167.0,166.0
3654,genuine,36.6,978.9,15.7,19.3,18.7,21.4,17.7
938,impersonator,164.3,170.0,163.2,169.4,169.8,169.7,166.0
2132,impersonator,168.2,179.2,7.0,256.2,310.5,173.0,168.9
4377,impersonator,171.0,173.0,179.2,176.2,171.2,173.4,171.2
1420,genuine,229.4,433.1,16.4,233.2,433.3,16.3,233.3
935,genuine,171.0,170.0,169.0,171.0,173.0,172.0,167.0
228,genuine,14.9,16.9,351.9,1467.6,17.1,17.4,17.1
2914,genuine,13.7,979.9,630.1,19.1,14.4,17.3,17.7
655,genuine,18.9,21.2,19.9,966.9,22.5,22.3,20.3
993,genuine,461.8,45.8,253.7,248.3,248.3,217.1,31.0
196,genuine,230.5,432.6,16.8,233.2,433.9,16.1,233.1
2394,impersonator,1409.2,21.5,0.7,17.9,20.8,19.7,568.5
2766,impersonator,20.3,404.0,220.3,231.2,234.1,431.1,15.8
3915,impersonator,176.0,165.1,170.0,169.4,170.7,170.8,163.3
4471,impersonator,235.6,407.9,368.5,26.0,223.4,219.0,424.3
2730,genuine,13.3,432.4,14.6,232.7,16.0,216.3,417.3
3087,impersonator,239.5,227.8,389.6,23.9,221.8,230.3,428.2
3517,genuine,17.3,17.6,17.5,551.2,21.6,18.2,18.3
1519,impersonator,172.5,174.5,171.9,177.7,175.5,175.1,170.0
3830,impersonator,13.5,12.8,214.9,223.4,211.8,425.2,12.1
4189,impersonator,235.4,224.5,427.3,23.4,234.0,229.3,437.3
1446,impersonator,170.6,179.5,152.3,179.9,169.5,173.7,167.0
2697,genuine,181.0,172.0,157.0,172.0,168.0,168.0,170.0
1052,impersonator,163.5,166.6,158.9,13.2,9.5,302.7,167.2
2902,impersonator,18.9,403.4,12.2,25.4,28.3,19.8,15.5
3214,genuine,14.7,15.8,17.0,16.9,48.2,79.8,96.3
1198,impersonator,167.5,176.3,181.5,175.0,174.5,178.4,174.5
2554,impersonator,19.0,19.6,637.8,640.5,22.0,19.0,18.8
772,impersonator,170.3,178.7,177.7,181.3,173.6,174.8,172.0
1702,impersonator,170.4,179.7,370.6,169.9,13.2,13.3,322.7
1312,genuine,14.3,16.8,18.3,18.8,758.2,627.8,17.8
4046,impersonator,10.3,25.5,8.3,452.8,17.8,20.3,22.8
2703,impersonator,159.7,163.7,165.0,167.1,162.1,163.9,163.0
470,impersonator,234.5,560.4,448.9,30.1,237.1,236.2,422.5
2866,genuine,165.0,167.0,168.0,168.0,168.0,166.0,166.0
2016,impersonator,167.1,176.7,153.5,175.2,165.6,17.4,167.8
2474,genuine,168.0,188.0,153.0,172.0,170.0,10.0,167.0
163,genuine,16.4,215.2,412.9,233.2,433.2,16.4,232.6
2163,impersonator,158.3,161.9,161.8,239.8,170.2,169.8,167.2
2442,genuine,17.7,17.4,984.4,631.6,21.0,15.9,18.8
771,genuine,13.9,223.0,233.0,233.0,16.5,216.4,617.3
2118,genuine,17.1,231.0,228.5,233.3,433.4,16.4,433.4
2551,impersonator,167.3,182.7,144.5,180.5,168.3,21.9,19.6
2939,impersonator,24.3,15.4,7.8,14.5,20.4,22.2,19.1
3696,genuine,164.0,178.0,159.0,168.0,170.0,171.0,170.0
3838,genuine,837.3,18.8,17.1,18.5,55.8,2234.8,30.1
3935,impersonator,398.7,354.9,161.9,37.8,161.6,168.3,12.8
1114,impersonator,169.0,171.9,173.9,178.5,173.5,171.8,167.8
1612,impersonator,11.1,12.9,920.9,21.7,14.8,22.7,21.6
2973,impersonator,14.6,15.7,5.0,28.7,23.9,22.4,22.6
2012,genuine,171.0,174.0,175.0,173.0,172.0,173.0,172.0
1693,genuine,168.0,172.0,169.0,171.0,170.0,172.0,167.0
2964,genuine,446.9,30.0,31.9,200.0,216.6,216.0,417.8
3197,impersonator,168.9,179.8,155.3,173.9,167.0,168.5,165.3
2295,genuine,165.0,188.0,1.0,170.0,13.0,317.0,333.0
796,genuine,226.5,232.4,451.0,15.7,233.1,233.3,232.8
585,genuine,19.1,18.7,1778.2,18.0,17.4,17.9,18.0
1828,impersonator,163.8,162.0,170.1,19.5,164.3,168.0,169.2
587,impersonator,18.4,1145.6,366.8,18.9,21.8,17.8,11.1
955,genuine,2475.5,15.5,22.8,27.9,91.1,71.9,11.1
936,impersonator,160.8,165.0,164.5,173.6,176.6,164.4,164.7
2592,genuine,165.0,166.0,169.0,166.0,167.0,165.0,166.0
1452,impersonator,18.4,27.9,15.1,16.1,25.8,23.5,22.8
730,genuine,15.3,16.6,1795.1,19.7,16.6,17.5,18.0
2526,genuine,19.5,20.3,128.9,1478.0,14.0,15.5,16.6
2328,impersonator,163.2,177.5,151.2,179.9,159.7,163.8,328.3
890,genuine,167.0,170.0,170.0,174.0,171.0,169.0,166.0
3507,impersonator,168.3,172.8,155.2,172.7,163.1,165.6,164.2
1589,genuine,20.3,14.0,17.5,17.7,961.8,19.3,16.8
3518,impersonator,166.7,176.1,149.8,179.5,163.9,168.9,168.4
2076,impersonator,16.0,14.7,698.2,811.2,5.8,17.1,19.3
4157,impersonator,162.4,161.6,394.8,12.1,160.9,312.3,166.0
90,impersonator,169.9,169.0,164.4,36.7,372.8,171.1,17.5
3454,impersonator,25.4,14.8,20.6,195.5,1644.3,73.9,23.7
4166,genuine,232.4,229.8,233.4,433.1,16.3,232.0,233.2
481,impersonator,166.1,173.0,154.5,172.9,169.4,169.2,168.2
1800,genuine,172.0,173.0,173.0,173.0,173.0,175.0,172.0
286,impersonator,221.3,422.6,26.5,248.9,223.2,427.2,12.0
1232,genuine,169.0,174.0,174.0,174.0,171.0,172.0,175.0
2381,genuine,131.8,19.6,119.1,25.8,82.2,31.6,96.4
3201,impersonator,421.5,16.1,217.9,227.2,222.9,16.0,18.7
1745,impersonator,14.6,17.7,680.1,29.5,21.6,22.8,21.9
3994,impersonator,430.5,243.9,246.6,236.7,229.8,435.7,229.3
4153,impersonator,236.4,446.4,17.5,240.1,232.1,445.2,13.1
310,impersonator,468.1,14.4,418.6,230.4,246.5,231.0,446.8
971,genuine,17.5,18.9,1569.1,17.1,18.7,20.3,19.3
2728,genuine,165.0,168.0,168.0,168.0,168.0,168.0,165.0
512,genuine,231.0,230.6,232.9,450.2,16.5,449.9,16.1
2763,genuine,186.0,160.0,174.0,173.0,172.0,173.0,172.0
4402,genuine,163.0,168.0,168.0,167.0,165.0,164.0,167.0
536,genuine,163.0,168.0,169.0,17.0,151.0,335.0,168.0
3137,genuine,87.0,40.1,1671.8,15.6,20.4,17.4,15.6
4069,impersonator,167.2,178.7,152.5,175.7,169.8,172.9,169.0
933,impersonator,408.7,13.8,145.9,239.5,450.2,26.2,23.5
2767,genuine,227.1,448.1,31.1,234.2,233.2,449.8,16.9
1821,impersonator,11.7,19.2,646.5,650.4,20.4,20.6,19.2
2921,genuine,16.8,20.3,85.0,1899.8,18.5,21.4,16.6
1673,genuine,163.0,165.0,167.0,164.0,167.0,166.0,165.0
3495,genuine,168.0,170.0,169.0,172.0,171.0,171.0,166.0
1962,genuine,485.7,46.2,248.2,243.6,450.4,32.4,232.7
1359,genuine,15.4,1225.5,22.7,16.4,17.1,18.9,609.0
1228,genuine,60.5,2483.8,34.6,20.1,56.5,84.5,58.6
1814,impersonator,166.1,167.6,175.7,173.3,170.3,168.9,165.6
1539,impersonator,167.2,169.8,170.6,176.4,167.4,170.5,172.2
1201,genuine,163.0,187.0,154.0,171.0,172.0,170.0,171.0
3412,impersonator,166.8,166.1,171.8,177.6,169.4,173.6,165.6
1795,genuine,17.9,18.2,18.7,971.7,19.2,21.2,20.1
338,impersonator,23.6,9.7,27.2,11.5,1513.0,16.0,19.9
4360,genuine,18.5,20.7,330.2,839.4,18.7,19.3,19.7
2916,impersonator,168.2,174.8,170.3,172.7,170.1,169.8,175.2
1537,genuine,428.3,16.3,233.0,233.3,433.4,16.9,232.8
4242,impersonator,221.2,413.8,219.6,228.3,241.1,223.1,432.8
1387,genuine,163.0,179.0,157.0,169.0,171.0,171.0,169.0
3671,impersonator,1053.6,177.1,2.8,297.6,168.6,21.4,20.7
63,genuine,227.9,232.9,233.4,16.1,216.4,617.1,16.7
1269,impersonator,23.7,15.6,400.6,232.5,208.5,225.6,434.8
282,genuine,168.0,187.0,156.0,171.0,168.0,13.0,166.0
3743,impersonator,216.3,250.9,219.3,239.8,438.0,23.0,226.1
2681,impersonator,165.9,174.3,176.6,174.7,175.4,171.5,163.7
159,genuine,173.0,174.0,173.0,173.0,173.0,174.0,174.0
1585,genuine,19.4,19.8,1595.7,20.7,20.9,17.4,21.5
3537,genuine,164.0,168.0,165.0,168.0,166.0,167.0,166.0
1271,genuine,233.1,196.0,233.2,233.1,433.3,16.5,233.3
3404,genuine,230.9,30.9,215.1,200.0,216.6,617.4,31.0
4089,impersonator,19.9,85.7,182.2,165.8,171.6,18.8,107.8
1977,genuine,15.7,21.0,1243.6,22.1,15.4,19.4,22.2
614,genuine,167.0,167.0,171.0,168.0,170.0,167.0,168.0
798,genuine,16.5,18.6,973.5,18.2,18.4,18.5,1231.8
3198,genuine,430.5,15.6,232.9,233.2,233.2,433.4,16.9
3233,impersonator,14.0,548.0,401.4,15.5,15.8,23.0,29.5
2965,genuine,17.2,20.1,979.9,411.8,21.2,21.0,21.6
1784,impersonator,161.3,174.2,168.4,178.0,166.6,166.0,168.5
4099,genuine,229.2,233.1,433.1,16.6,233.1,233.1,433.1
1675,genuine,17.1,19.2,953.9,836.7,20.1,19.3,20.1
1120,genuine,18.3,20.1,987.3,21.0,15.7,18.0,17.7
2167,genuine,167.0,171.0,169.0,173.0,173.0,172.0,167.0
2261,genuine,13.7,225.9,233.5,233.6,449.4,16.0,233.1
3174,impersonator,27.6,15.7,33.6,11.1,31.1,70.8,35.9
799,impersonator,172.4,173.6,174.6,179.7,175.8,173.2,175.3
4134,genuine,828.9,19.1,18.8,1864.0,19.7,19.6,19.1
4178,genuine,165.0,169.0,169.0,169.0,182.0,159.0,170.0
3278,genuine,213.9,253.0,449.6,30.3,251.1,250.0,451.5
3882,impersonator,17.4,239.9,206.2,431.7,24.3,234.9,242.1
1889,impersonator,15.6,22.7,222.4,22.5,221.6,227.0,215.8
1304,impersonator,9.1,22.6,532.3,434.2,10.4,227.9,18.9
3256,genuine,180.0,175.0,155.0,172.0,168.0,171.0,168.0
4105,impersonator,172.8,175.0,188.0,168.1,174.1,170.4,170.0
1222,genuine,69.6,244.8,16.9,77.5,56.0,58.5,40.7
3067,genuine,16.1,17.7,1407.3,17.0,17.3,19.7,19.9
1948,genuine,171.0,175.0,173.0,172.0,172.0,174.0,173.0
2028,genuine,168.0,173.0,175.0,174.0,173.0,174.0,173.0
1515,impersonator,172.5,163.1,173.3,183.8,167.1,169.2,165.3
1082,genuine,15.3,24.7,1159.6,630.9,20.2,16.1,18.6
865,genuine,14.1,15.7,97.3,1469.8,16.4,17.1,16.7
809,genuine,18.2,15.6,26.7,64.3,698.4,18.7,18.3
485,genuine,171.0,173.0,175.0,172.0,173.0,173.0,175.0
3518,genuine,168.0,169.0,168.0,169.0,169.0,168.0,168.0
50,impersonator,168.2,163.1,166.6,170.8,167.3,165.7,11.0
1721,impersonator,15.2,13.5,18.2,1471.7,29.0,27.2,29.4
1486,impersonator,18.3,572.8,27.6,17.8,71.7,78.9,93.1
3834,genuine,188.0,6.0,150.0,350.0,167.0,167.0,166.0
885,impersonator,18.2,23.1,8.3,30.2,22.4,20.1,19.5
3057,genuine,172.0,171.0,173.0,175.0,172.0,174.0,172.0
2292,impersonator,163.3,164.5,163.3,180.2,174.9,172.6,168.3
1917,genuine,229.9,433.3,16.4,233.1,233.3,16.3,216.7
3255,impersonator,225.5,13.6,212.0,213.5,222.9,14.1,230.5
2898,genuine,165.0,169.0,168.0,165.0,166.0,167.0,168.0
2008,impersonator,171.8,167.1,181.8,165.2,173.7,170.2,168.7
4350,genuine,165.0,169.0,167.0,167.0,169.0,165.0,168.0
2433,genuine,172.0,174.0,173.0,172.0,173.0,171.0,173.0
476,genuine,165.0,189.0,156.0,171.0,168.0,171.0,169.0
659,genuine,163.0,167.0,168.0,166.0,167.0,167.0,165.0
1241,genuine,232.0,429.6,16.9,432.8,17.1,15.8,216.2
2844,genuine,424.9,16.7,231.5,233.3,232.9,233.7,433.4
3304,impersonator,21.1,24.3,409.4,23.7,26.2,27.0,29.4
2526,impersonator,236.7,430.9,14.8,239.5,213.0,428.3,10.1
4354,impersonator,162.7,169.9,159.9,172.2,160.6,18.7,168.2
3689,impersonator,163.9,182.7,147.7,178.4,161.8,169.9,312.6
3406,genuine,1568.3,18.4,17.9,18.2,18.0,19.4,16.8
507,genuine,10.0,180.0,320.0,170.0,11.0,167.0,333.0
185,genuine,22.1,16.0,769.9,423.0,17.0,19.4,617.7
1669,impersonator,168.3,161.3,167.7,164.2,164.3,169.5,165.5
370,impersonator,232.3,232.6,417.3,40.3,251.5,239.0,222.8
4407,impersonator,167.4,174.2,156.0,177.5,163.1,169.4,166.1
1664,genuine,14.3,1183.0,628.4,17.2,16.4,18.7,17.2
4414,impersonator,232.4,388.7,391.1,36.1,237.2,236.9,18.4
1896,impersonator,21.3,9.8,224.0,16.7,222.9,225.8,422.5
3891,impersonator,28.7,17.9,32.6,182.5,83.2,77.8,66.6
4290,impersonator,157.9,169.8,166.5,172.8,164.1,170.3,167.6
2825,impersonator,223.9,398.6,383.7,26.4,226.5,19.5,70.2
3731,impersonator,165.4,162.9,172.6,175.7,170.9,167.8,163.7
2439,genuine,170.0,172.0,173.0,173.0,173.0,172.0,175.0
1012,impersonator,236.1,457.1,34.0,242.5,24.5,21.7,221.1
2662,genuine,170.0,173.0,175.0,172.0,174.0,174.0,173.0
483,genuine,434.8,13.4,230.0,233.1,433.5,16.7,433.5
2674,genuine,15.6,20.6,16.5,756.9,17.7,18.3,18.3
3093,impersonator,18.3,212.8,210.7,219.7,213.8,19.3,232.9
1583,genuine,16.5,14.4,216.3,212.3,199.7,216.4,416.0
3736,impersonator,15.5,14.4,801.3,919.5,21.3,20.6,19.3
2149,impersonator,165.9,172.1,152.1,172.9,167.7,163.2,166.5
1754,genuine,14.3,17.1,127.4,1054.0,18.9,823.9,18.0
773,genuine,29.2,392.4,18.5,61.8,81.9,60.0,56.1
1694,impersonator,170.0,167.7,179.8,168.1,172.4,172.7,165.8
3750,impersonator,170.3,165.6,172.4,185.9,182.6,175.8,174.2
2889,genuine,170.0,173.0,176.0,175.0,173.0,171.0,173.0
758,genuine,164.0,168.0,165.0,4.0,163.0,3.0,327.0
209,genuine,168.0,193.0,11.0,149.0,334.0,167.0,168.0
1713,genuine,235.9,426.4,17.1,15.5,216.8,199.7,216.9
657,impersonator,169.6,169.7,179.1,172.1,171.1,172.7,169.3
1357,impersonator,218.5,419.6,26.3,246.4,227.6,434.3,15.1
2927,genuine,168.0,172.0,170.0,172.0,171.0,171.0,166.0
668,impersonator,171.6,166.7,177.4,179.5,178.0,172.2,171.5
1536,genuine,15.2,443.2,29.8,233.0,450.8,15.8,231.9
1290,genuine,17.5,19.3,541.0,1051.1,20.4,20.5,21.8
2176,impersonator,15.9,21.3,155.9,1029.7,24.8,21.4,25.7
4485,genuine,15.3,17.4,976.4,631.3,18.0,15.3,18.0
1349,impersonator,20.5,17.4,19.3,1352.6,17.2,16.2,11.8
137,genuine,164.0,169.0,166.0,17.0,152.0,333.0,166.0
4156,impersonator,170.6,182.1,0.0,177.3,350.7,174.3,166.3
3666,impersonator,22.7,14.5,20.9,1423.3,48.8,17.9,65.9
4060,genuine,166.0,173.0,169.0,171.0,172.0,170.0,167.0
3684,genuine,169.0,173.0,176.0,172.0,174.0,173.0,170.0
2342,genuine,168.0,171.0,169.0,171.0,170.0,171.0,167.0
3615,genuine,235.9,210.0,233.2,233.3,16.6,216.5,199.8
2072,genuine,165.0,184.0,6.0,167.0,333.0,167.0,166.0
1584,impersonator,171.1,172.3,168.6,175.1,168.6,172.2,170.9
895,impersonator,172.0,174.7,179.7,360.8,172.9,171.8,172.9
4194,genuine,447.0,28.0,233.1,232.9,231.9,434.3,17.5
3244,genuine,165.0,166.0,166.0,166.0,167.0,168.0,167.0
263,genuine,233.7,27.6,216.4,198.9,444.7,29.2,213.1
3349,impersonator,22.0,1229.2,5.0,16.6,20.9,23.5,16.7
3213,genuine,2068.5,19.5,17.8,17.5,17.7,23.5,79.9
90,genuine,164.0,194.0,153.0,169.0,169.0,168.0,14.0
2656,impersonator,174.5,168.6,178.9,171.7,178.5,173.4,173.3
746,impersonator,168.7,162.2,176.0,27.8,165.7,12.9,163.7
677,impersonator,171.3,171.2,174.6,180.4,175.0,175.4,170.9
3969,impersonator,7.8,12.4,810.8,28.8,24.5,21.8,435.4
1343,genuine,197.2,235.9,31.2,200.2,216.6,418.1,14.1
2282,impersonator,19.4,22.1,12.6,226.5,220.3,434.2,431.2
1643,genuine,16.4,17.6,1002.6,16.1,15.9,17.1,17.0
1293,genuine,27.1,420.9,17.6,51.1,96.0,41.5,19.1
2104,genuine,165.0,178.0,155.0,171.0,170.0,170.0,168.0
4347,impersonator,433.3,14.0,214.3,229.3,420.3,15.7,226.7
2791,genuine,17.4,18.8,70.2,19.7,71.7,23.8,156.0
1484,impersonator,7.8,26.3,626.5,1676.6,16.1,20.9,21.5
3886,impersonator,172.5,171.9,172.4,170.8,177.5,176.5,172.4
1873,impersonator,171.5,169.7,179.6,170.9,176.1,173.9,167.7
3682,impersonator,161.6,168.5,164.8,177.1,168.6,169.9,167.1
3315,impersonator,171.1,171.2,179.2,173.2,169.4,174.5,171.7
3124,impersonator,172.1,169.2,173.0,173.0,171.4,166.8,167.5
1639,genuine,18.3,11.8,213.6,216.5,216.4,199.3,634.0
1184,impersonator,226.9,222.2,210.4,232.6,426.1,20.0,232.4
25,impersonator,439.7,18.8,15.6,236.3,225.1,434.1,18.4
4036,impersonator,15.9,19.9,1078.5,17.4,14.6,22.2,19.0
3263,genuine,163.0,190.0,150.0,170.0,170.0,172.0,170.0
1397,genuine,413.6,233.0,433.5,16.1,233.1,233.7,233.2
836,impersonator,167.4,170.3,160.4,176.5,174.5,172.7,175.0
154,genuine,169.0,171.0,168.0,172.0,170.0,171.0,168.0
2165,genuine,169.0,172.0,169.0,170.0,171.0,171.0,166.0
2746,genuine,212.8,199.6,216.5,216.5,417.2,15.7,216.6
2933,impersonator,2111.9,436.3,1485.9,14.3,23.1,81.7,16.3
2385,genuine,18.1,16.7,986.8,15.6,16.0,19.1,18.9
3324,impersonator,22.9,1371.2,25.8,20.2,95.4,95.6,113.8
4324,genuine,171.0,175.0,175.0,172.0,174.0,173.0,173.0
258,genuine,18.0,16.7,798.7,16.8,16.9,16.9,17.5
417,impersonator,231.6,223.3,385.4,21.3,10.2,213.2,417.8
1886,genuine,5.0,159.0,334.0,165.0,166.0,167.0,167.0
3067,impersonator,18.3,226.4,405.7,444.5,22.7,226.7,432.5
1542,impersonator,11.5,21.8,1177.9,19.3,20.3,18.4,17.3
1786,impersonator,1435.7,19.4,21.0,36.2,24.3,19.4,16.0
2292,genuine,13.5,1597.2,26.1,16.2,17.9,13.7,1017.0
2043,genuine,229.1,233.1,232.3,216.8,233.3,233.0,232.2
2205,impersonator,162.8,159.6,174.0,166.1,161.1,9.3,161.7
1170,impersonator,161.4,167.6,174.6,172.0,173.8,169.5,164.6
4434,genuine,17.0,17.6,782.7,21.6,16.0,18.3,18.6
3415,genuine,15.8,18.3,1173.0,631.5,17.5,16.1,16.5
560,impersonator,14.6,1241.0,145.7,21.0,17.3,22.5,23.7
1757,genuine,170.0,173.0,173.0,175.0,171.0,176.0,173.0
3634,impersonator,205.7,223.2,381.6,25.2,406.2,18.0,228.8
878,genuine,16.4,54.9,45.2,1270.2,17.4,18.6,18.2
2811,genuine,169.0,171.0,168.0,170.0,172.0,169.0,167.0
2724,genuine,18.7,22.6,17.0,19.0,1569.8,19.0,22.0
3460,impersonator,162.8,174.1,148.3,173.5,164.4,13.8,347.7
444,genuine,11.0,172.0,172.0,346.0,11.0,174.0,346.0
3218,genuine,44.4,1555.4,19.2,16.5,16.2,16.6,17.1
4042,genuine,18.5,600.1,420.2,16.1,19.6,19.2,22.5
2728,impersonator,159.8,167.8,181.8,17.9,165.3,324.9,165.0
3802,genuine,224.3,232.9,233.2,433.1,16.8,233.1,216.6
3118,impersonator,15.5,15.5,157.2,21.2,19.4,24.9,746.4
3433,impersonator,19.9,1523.9,1144.8,19.9,17.6,16.8,25.0
4367,genuine,163.0,168.0,168.0,168.0,168.0,166.0,169.0
1182,impersonator,14.7,26.5,153.4,996.2,12.1,17.3,20.4
3417,genuine,28.1,217.1,230.7,432.7,30.5,220.0,432.6
2689,genuine,445.5,29.9,15.9,217.2,216.0,216.7,617.7
3028,genuine,170.0,172.0,169.0,171.0,173.0,171.0,168.0
554,impersonator,15.6,23.1,12.9,15.3,93.2,25.2,24.0
552,impersonator,167.9,173.0,177.3,180.5,177.6,173.2,173.2
1909,impersonator,24.5,19.4,457.8,11.8,114.1,21.9,21.5
4024,genuine,13.1,17.3,73.2,32.6,66.9,80.3,62.3
3813,impersonator,766.4,88.9,39.4,261.9,83.8,98.3,86.4
1304,genuine,171.0,173.0,175.0,174.0,171.0,173.0,174.0
4265,genuine,167.0,187.0,16.0,149.0,333.0,167.0,184.0
2987,impersonator,162.5,162.9,172.9,161.9,171.3,170.2,166.7
3097,genuine,413.6,16.0,216.1,617.0,16.5,232.9,233.3
1789,impersonator,19.6,1182.2,417.3,27.8,21.3,17.9,19.4
3419,genuine,328.0,8.0,325.0,335.0,167.0,168.0,166.0
2681,genuine,15.3,17.3,17.4,17.9,24.2,80.1,6.5
4064,genuine,16.2,785.7,16.6,18.1,19.5,53.9,88.5
3501,impersonator,170.2,167.0,181.0,172.3,165.8,169.7,169.1
3334,genuine,15.0,16.6,1379.3,627.2,18.3,15.7,27.1
3583,genuine,171.0,174.0,173.0,173.0,174.0,172.0,174.0
4116,genuine,168.0,171.0,168.0,172.0,171.0,171.0,167.0
2757,genuine,169.0,171.0,169.0,173.0,172.0,170.0,166.0
2847,impersonator,163.2,164.9,160.3,166.3,160.3,164.3,166.5
427,genuine,425.8,14.7,233.3,233.3,233.4,433.2,17.0
2593,impersonator,168.5,172.3,162.1,176.3,162.9,168.5,163.9
852,genuine,12.1,70.7,87.9,1673.3,15.8,15.9,16.5
718,impersonator,165.8,165.4,162.3,171.6,171.5,172.8,164.0
3917,genuine,168.0,173.0,169.0,171.0,172.0,169.0,166.0
2416,genuine,227.1,232.8,232.9,450.7,16.1,449.6,15.5
2843,genuine,229.7,432.0,16.5,233.1,233.3,433.8,15.3
2001,genuine,16.9,19.3,19.5,1411.0,22.1,18.7,19.8
728,impersonator,19.6,226.4,417.2,20.6,220.4,224.8,444.0
4294,genuine,428.9,16.0,233.4,233.1,16.4,216.1,417.1
3176,impersonator,9.3,30.5,992.9,1974.3,31.1,25.2,23.4
4131,genuine,192.3,418.7,15.2,233.4,199.9,216.6,415.8
11,genuine,163.0,169.0,166.0,168.0,166.0,167.0,167.0
1324,genuine,170.0,174.0,174.0,172.0,173.0,173.0,175.0
769,impersonator,19.4,431.8,7.3,28.7,859.1,19.6,17.8
2875,impersonator,9.7,14.1,75.0,867.1,16.6,803.8,20.2
3131,impersonator,172.1,166.7,172.1,172.7,173.1,169.4,161.8
4089,genuine,166.0,172.0,169.0,171.0,172.0,171.0,167.0
1231,genuine,165.0,169.0,171.0,168.0,168.0,170.0,169.0
876,impersonator,168.7,171.1,169.1,172.2,171.1,171.6,165.0
427,impersonator,162.5,168.0,167.1,173.2,163.9,168.1,169.7
2174,genuine,164.0,169.0,166.0,165.0,168.0,168.0,166.0
3990,genuine,163.0,166.0,169.0,166.0,165.0,165.0,167.0
3549,impersonator,15.4,8.2,789.6,441.0,15.4,20.4,22.3
2134,impersonator,168.2,172.8,169.1,175.4,169.6,173.3,166.4
4464,genuine,171.0,172.0,174.0,172.0,173.0,172.0,172.0
1618,genuine,166.0,168.0,168.0,12.0,154.0,331.0,167.0
2293,impersonator,17.0,30.4,1123.4,430.3,18.7,17.7,24.1
2008,genuine,31.2,84.0,32.0,31.4,166.9,13.3,95.3
3683,genuine,162.0,168.0,169.0,167.0,165.0,168.0,167.0
1297,impersonator,161.6,165.3,168.6,169.9,176.4,166.6,169.4
210,genuine,164.0,178.0,157.0,171.0,172.0,171.0,171.0
1117,impersonator,18.0,14.1,1101.7,981.0,24.0,22.6,20.5
4046,genuine,171.0,175.0,173.0,175.0,171.0,174.0,174.0
3232,genuine,44.4,50.1,12.4,92.3,127.6,64.2,97.9
3949,impersonator,11.7,228.1,345.8,443.9,22.8,25.4,237.7
1335,impersonator,20.7,223.4,404.5,239.3,214.1,224.2,430.2
632,genuine,26.9,22.4,768.7,419.0,442.9,23.2,16.7
283,genuine,333.0,11.0,182.0,183.0,332.0,17.0,165.0
576,impersonator,223.2,235.3,417.7,172.6,435.4,22.9,230.9
1507,genuine,16.1,429.3,15.5,233.2,233.2,233.3,433.4
4102,impersonator,173.8,173.4,156.1,175.6,164.4,21.1,168.1
605,impersonator,174.1,163.1,182.4,177.5,172.3,173.5,166.1
630,impersonator,12.4,387.3,6.9,249.0,1123.9,167.7,12.3
135,genuine,25.9,13.2,2331.1,21.9,15.9,65.8,77.8
2176,genuine,225.2,431.5,16.8,233.2,233.3,432.8,16.6
783,impersonator,228.8,236.0,213.3,432.8,23.5,229.7,224.3
2753,impersonator,236.3,243.2,18.2,231.9,440.7,23.2,221.5
3139,genuine,168.0,167.0,176.0,172.0,172.0,170.0,176.0
2830,genuine,228.2,449.2,15.7,233.6,232.2,449.9,16.1
3935,genuine,14.0,16.0,1377.1,641.4,24.1,14.6,18.2
94,impersonator,176.3,174.1,404.0,19.5,165.5,164.6,163.7
2725,impersonator,215.9,223.5,216.4,236.9,420.6,19.9,234.9
628,impersonator,171.2,174.1,184.4,175.8,175.8,172.9,171.4
3870,impersonator,238.7,437.4,39.6,241.0,241.5,438.8,12.9
393,genuine,19.1,17.5,1587.5,14.6,19.9,19.7,19.7
2813,genuine,169.0,170.0,168.0,171.0,173.0,171.0,166.0
3490,impersonator,16.5,19.7,743.4,16.2,16.1,20.4,19.3
3222,impersonator,163.9,167.8,161.0,165.3,171.3,167.8,166.4
3147,impersonator,15.7,15.4,17.2,36.5,12.3,19.0,18.3
3976,impersonator,15.5,384.1,404.9,236.2,211.0,222.5,421.7
4255,impersonator,17.5,210.3,20.4,27.8,13.4,313.6,13.9
1866,impersonator,15.4,1652.5,8.4,24.3,20.5,26.9,14.3
804,impersonator,16.6,1250.6,25.8,882.3,16.0,23.2,16.3
3452,impersonator,20.3,16.6,7.8,26.6,207.0,225.9,403.0
2765,impersonator,155.5,172.3,174.3,175.9,168.2,162.9,163.9
210,impersonator,164.9,163.4,162.2,168.3,164.0,168.2,166.3
2405,genuine,170.0,174.0,174.0,174.0,173.0,171.0,174.0
1292,genuine,15.4,16.7,17.6,27.2,1801.5,14.0,17.1
1763,impersonator,17.3,222.8,351.9,407.9,9.7,224.6,221.5
4476,impersonator,218.4,227.9,228.5,27.8,223.8,220.4,229.1
405,impersonator,12.3,26.3,29.9,28.7,1025.8,432.6,21.4
2711,genuine,17.6,13.7,215.7,212.0,216.6,416.9,233.1
518,impersonator,421.7,178.1,39.8,172.8,166.3,167.4,166.9
4343,impersonator,169.8,168.3,165.0,167.3,161.3,166.6,166.7
2322,genuine,17.5,15.3,210.0,208.6,17.5,18.5,20.6
1028,impersonator,171.3,168.5,179.0,178.9,173.3,172.3,173.6
3128,impersonator,167.5,165.7,157.5,181.5,172.9,175.1,170.9
2358,genuine,16.9,61.4,47.8,1327.3,19.0,21.2,21.1
2129,impersonator,18.1,8.3,338.6,219.8,213.0,222.7,418.0
2997,impersonator,10.0,12.5,164.0,25.1,168.4,17.8,18.4
2810,genuine,434.9,227.7,16.3,216.4,416.6,433.4,16.5
4179,impersonator,12.1,18.5,468.5,21.7,22.4,18.6,232.8
4222,impersonator,224.2,225.4,15.0,227.2,226.6,21.9,18.4
3415,impersonator,19.4,21.6,15.2,31.0,91.3,20.0,12.6
12,genuine,41.3,1850.5,20.3,18.3,20.1,19.4,19.7
1665,impersonator,17.7,9.2,30.1,227.7,424.2,18.1,18.2
3612,genuine,16.5,65.5,42.5,56.0,21.4,119.2,31.8
859,impersonator,166.1,163.6,167.4,166.3,171.2,302.9,299.3
488,impersonator,14.0,22.7,683.2,646.1,18.3,19.1,20.8
3505,impersonator,12.6,11.2,168.3,169.5,49.6,166.4,443.2
2794,impersonator,171.6,174.2,152.3,174.6,176.1,14.9,17.9
312,genuine,230.3,16.6,216.2,199.9,417.0,433.3,16.6
944,impersonator,1832.4,1593.4,23.8,22.9,20.0,19.3,21.7
1335,genuine,1847.1,18.6,16.8,20.2,19.1,20.4,22.2
337,impersonator,167.0,173.4,185.3,174.5,171.7,171.7,173.3
1329,genuine,13.9,16.5,17.2,17.6,1151.1,16.3,16.2
3800,impersonator,163.5,163.3,168.3,173.2,161.0,309.4,168.3
2573,genuine,17.1,16.7,1579.1,18.8,16.5,17.7,18.8
4195,genuine,169.0,174.0,174.0,172.0,172.0,173.0,174.0
3680,impersonator,705.1,1244.2,21.0,12.5,17.2,213.7,13.4
1736,impersonator,17.7,15.6,1004.3,1526.2,27.2,24.8,12.3
3321,impersonator,168.3,174.5,7.5,172.0,166.5,171.1,169.9
3493,genuine,164.0,167.0,167.0,183.0,167.0,167.0,165.0
1421,genuine,231.4,230.6,233.4,16.2,216.5,617.0,16.6
268,impersonator,171.9,169.5,174.8,175.5,175.7,173.2,169.8
762,impersonator,425.9,24.5,238.9,236.3,454.2,19.5,21.3
3742,genuine,216.7,195.4,216.6,416.3,233.1,433.3,16.8
1750,impersonator,167.8,179.4,154.4,178.2,350.0,170.8,223.9
1348,genuine,13.0,15.7,22.1,1192.6,15.3,17.2,17.7
3377,genuine,168.0,172.0,168.0,170.0,172.0,170.0,166.0
259,genuine,166.0,168.0,168.0,166.0,169.0,167.0,167.0
1672,genuine,15.4,34.4,1348.4,414.9,18.0,18.2,631.4
4499,genuine,163.0,173.0,160.0,171.0,168.0,11.0,167.0
4299,genuine,18.1,18.5,964.3,418.1,20.9,21.0,21.1
2892,impersonator,1537.9,11.4,0.4,1209.6,21.3,21.3,20.0
1337,impersonator,163.4,166.4,158.6,176.1,170.1,175.1,169.9
3288,impersonator,237.0,23.1,247.5,231.7,212.9,434.6,223.7
4291,genuine,230.4,231.3,433.3,17.0,232.8,233.1,434.2
1980,genuine,233.1,228.9,433.3,16.5,433.3,16.6,233.0
2145,impersonator,161.0,163.5,154.4,165.2,176.5,168.3,18.7
3645,impersonator,2033.8,75.1,12.8,14.0,69.2,20.1,82.8
1245,impersonator,21.1,8.1,169.3,158.3,24.3,19.3,93.0
3109,genuine,15.2,18.9,1171.4,629.3,18.9,15.5,18.2
2340,genuine,228.6,232.8,233.1,233.3,433.4,19.0,230.6
2820,impersonator,20.5,26.1,418.3,11.7,21.2,21.9,16.1
1617,genuine,166.0,169.0,169.0,11.0,157.0,331.0,168.0
4288,impersonator,170.8,168.8,174.7,173.6,171.5,172.8,170.9
3367,genuine,17.8,20.5,1768.3,22.5,20.5,19.5,20.5
19,genuine,17.1,19.0,17.6,963.3,18.5,19.1,19.2
4406,impersonator,166.1,165.7,165.6,171.1,169.8,313.5,169.8
2088,genuine,18.9,20.6,1786.8,17.1,22.2,19.3,20.7
2155,genuine,416.8,229.1,433.4,16.4,233.3,233.0,233.0
3881,genuine,15.4,48.7,977.9,17.2,16.2,16.6,17.6
2460,genuine,17.4,15.0,1643.2,12.3,15.1,16.8,16.6
2880,genuine,14.9,19.9,589.8,421.6,16.5,17.9,18.7
529,genuine,196.2,416.4,232.9,233.4,432.8,16.1,233.5
3442,genuine,429.6,16.2,232.9,233.3,433.4,15.6,433.3
443,impersonator,430.0,408.5,0.8,226.4,207.0,221.6,10.4
3728,genuine,168.0,187.0,157.0,170.0,169.0,169.0,170.0
1100,genuine,229.9,233.3,233.0,433.5,17.1,233.2,233.0
202,genuine,164.0,175.0,156.0,172.0,170.0,9.0,167.0
191,genuine,14.8,783.2,210.3,18.7,17.2,819.9,219.7
3293,genuine,15.1,11.0,228.2,199.5,215.5,416.7,233.3
1762,genuine,234.6,427.7,16.5,233.2,16.3,216.4,199.9
3437,impersonator,171.1,163.3,20.0,177.4,88.4,170.7,172.8
2943,genuine,166.0,167.0,168.0,14.0,150.0,334.0,166.0
2204,impersonator,18.3,1508.2,23.5,240.5,219.3,441.6,14.1
462,genuine,165.0,167.0,166.0,166.0,8.0,158.0,330.0
2374,impersonator,161.7,163.6,170.1,171.1,173.3,167.8,161.2
2737,genuine,164.0,182.0,158.0,173.0,5.0,166.0,350.0
623,impersonator,11.1,18.6,755.4,825.0,10.0,20.4,16.9
2861,genuine,164.0,178.0,154.0,170.0,169.0,12.0,167.0
4294,impersonator,171.1,168.6,171.2,175.4,171.7,173.8,172.1
3003,impersonator,17.2,173.7,23.5,19.0,20.2,16.1,14.4
3432,genuine,166.0,169.0,168.0,165.0,169.0,167.0,168.0
1236,impersonator,11.8,16.6,654.4,666.3,23.6,21.2,17.3
2502,impersonator,12.9,235.2,208.6,432.3,405.0,222.1,438.7
4080,genuine,61.5,2451.7,19.3,25.2,63.0,95.9,35.6
405,genuine,170.0,173.0,173.0,172.0,174.0,173.0,173.0
3614,impersonator,166.8,161.1,170.1,171.6,166.4,166.5,168.7
3946,impersonator,12.5,181.0,154.3,176.2,168.2,171.0,167.0
3059,impersonator,22.6,15.3,1261.7,15.5,8.1,18.0,16.4
3541,genuine,14.0,18.5,17.7,24.4,1763.6,15.7,19.6
959,genuine,164.0,168.0,167.0,167.0,167.0,165.0,167.0
1203,genuine,616.1,28.6,232.3,449.8,15.5,233.8,232.9
4126,impersonator,10.5,16.3,1028.8,26.8,11.4,229.2,13.5
3054,genuine,165.0,169.0,166.0,167.0,167.0,167.0,167.0
1154,genuine,168.0,174.0,165.0,171.0,171.0,170.0,166.0
2530,impersonator,218.0,235.8,232.5,237.5,173.6,25.2,234.4
2344,impersonator,15.6,30.4,26.4,221.4,95.3,108.3,97.2
2507,genuine,172.0,173.0,175.0,173.0,173.0,174.0,171.0
1755,genuine,164.0,186.0,154.0,170.0,172.0,168.0,169.0
2683,impersonator,18.9,20.6,31.3,239.0,57.0,90.6,13.9
2486,impersonator,17.5,1239.0,23.6,23.5,17.4,15.0,12.8
82,genuine,180.0,171.0,157.0,170.0,168.0,171.0,170.0
303,impersonator,222.0,25.2,229.3,232.8,436.8,16.3,230.7
3625,genuine,433.9,11.8,233.1,233.1,433.2,16.7,232.1
3397,impersonator,953.9,134.6,11.4,25.3,93.4,76.8,93.9
3367,impersonator,164.5,169.6,174.8,181.8,175.1,169.5,171.7
1506,genuine,14.6,23.0,218.1,199.6,215.8,418.4,232.2
2279,genuine,20.5,17.2,1149.1,422.5,16.5,19.1,18.9
2260,genuine,98.9,58.3,71.9,73.8,50.0,64.2,88.9
3336,genuine,16.4,15.1,19.3,145.3,839.5,17.5,16.8
1956,genuine,171.0,171.0,175.0,172.0,172.0,173.0,174.0
812,impersonator,14.8,19.9,696.3,629.9,1368.9,20.6,17.9
1753,impersonator,153.3,173.0,157.2,180.4,173.2,166.9,163.3
2643,impersonator,176.5,168.5,179.0,172.7,172.7,177.1,172.2
439,impersonator,381.3,16.2,620.6,1005.5,16.3,20.3,21.4
3158,impersonator,436.2,230.2,225.3,230.7,221.8,246.4,434.3
3895,genuine,1028.9,16.0,16.8,16.7,16.7,54.3,1979.3
1411,impersonator,6.6,13.0,556.0,607.5,15.5,15.2,22.6
897,impersonator,418.0,228.3,203.6,218.0,418.0,15.4,230.0
2505,impersonator,165.1,158.4,382.4,21.9,162.8,168.9,307.2
3878,genuine,171.0,171.0,176.0,173.0,173.0,173.0,172.0
2541,impersonator,168.0,162.7,171.8,172.4,168.3,171.5,165.0
3134,genuine,171.0,174.0,173.0,171.0,171.0,175.0,173.0
321,genuine,168.0,171.0,171.0,168.0,168.0,170.0,168.0
1265,impersonator,173.4,167.5,171.4,176.4,171.4,172.1,171.5
3464,impersonator,24.6,385.3,392.4,19.7,211.0,216.0,412.4
4331,genuine,164.0,168.0,167.0,166.0,168.0,168.0,168.0
62,impersonator,160.0,164.4,168.9,170.4,162.6,170.8,165.5
2390,impersonator,166.3,168.7,169.4,167.9,170.1,167.1,165.6
376,impersonator,17.5,17.8,8.7,226.0,213.4,443.6,16.2
1381,genuine,431.3,28.3,232.5,233.0,234.1,450.3,15.1
2601,genuine,231.4,230.4,233.8,233.3,16.2,216.1,200.0
4231,impersonator,17.5,23.2,95.3,1299.9,27.0,25.0,19.6
788,genuine,166.0,170.0,170.0,172.0,171.0,171.0,166.0
1129,genuine,1190.3,202.0,21.5,22.5,22.0,15.9,19.5
889,impersonator,21.1,223.3,217.9,13.7,231.2,232.1,438.9
2928,impersonator,18.3,1196.9,21.3,247.3,212.3,171.5,15.2
3102,genuine,36.7,1097.1,17.3,18.1,20.2,1860.7,22.6
3457,impersonator,14.9,15.0,891.7,22.8,20.2,16.2,18.1
2948,genuine,164.0,167.0,168.0,167.0,173.0,162.0,169.0
4479,impersonator,12.9,470.1,10.7,23.0,899.6,22.0,15.1
2471,genuine,164.0,177.0,159.0,169.0,170.0,170.0,170.0
3348,genuine,166.0,170.0,170.0,171.0,171.0,173.0,166.0
2696,impersonator,19.9,16.2,417.3,22.6,22.1,91.8,23.4
1980,impersonator,227.7,246.2,231.0,444.0,26.0,233.8,237.2
186,impersonator,170.7,167.6,178.0,176.3,174.7,173.1,170.2
2082,genuine,17.9,17.5,35.4,1966.0,21.4,20.7,21.9
1926,impersonator,605.3,429.2,7.8,28.5,19.8,19.2,16.7
1966,genuine,169.0,171.0,169.0,173.0,171.0,170.0,164.0
1286,impersonator,1668.8,18.3,945.8,18.0,21.7,25.0,18.3
342,impersonator,18.5,1.6,209.8,219.8,212.6,211.0,435.4
2754,impersonator,162.5,162.9,164.5,169.3,159.9,164.3,166.9
841,genuine,412.7,232.9,232.8,433.5,16.4,233.0,233.2
2439,impersonator,15.1,24.2,159.6,25.9,25.5,18.2,24.0
1321,genuine,164.0,170.0,167.0,166.0,169.0,167.0,169.0
1743,impersonator,169.5,169.9,166.1,177.4,176.1,173.0,173.7
345,impersonator,17.4,14.4,788.3,422.8,24.6,24.9,26.7
2494,genuine,18.5,1394.9,17.4,19.1,18.8,18.9,21.5
1101,genuine,13.9,18.3,745.7,838.8,18.9,19.3,18.4
2111,genuine,394.6,232.8,233.8,449.3,15.6,233.9,233.7
4397,genuine,167.0,193.0,151.0,170.0,169.0,170.0,171.0
1927,genuine,164.0,169.0,168.0,168.0,168.0,7.0,159.0
1025,genuine,169.0,174.0,175.0,173.0,175.0,174.0,175.0
656,genuine,213.7,199.8,215.7,218.8,216.7,199.6,417.2
2131,genuine,184.0,160.0,175.0,174.0,172.0,172.0,171.0
4271,genuine,166.0,192.0,152.0,171.0,170.0,10.0,167.0
2855,impersonator,164.8,184.1,6.2,174.3,311.7,170.8,165.6
1077,impersonator,12.5,19.2,693.8,659.3,18.2,17.7,16.4
149,genuine,229.6,433.1,16.4,233.4,16.3,216.5,617.2
1540,impersonator,17.8,1043.2,18.6,21.3,14.2,14.1,15.7
3952,impersonator,171.9,178.2,157.7,168.5,170.2,170.6,166.4
4044,genuine,163.0,166.0,167.0,166.0,166.0,164.0,167.0
525,impersonator,17.8,1268.7,400.1,22.4,28.2,16.2,20.4
1586,genuine,164.0,168.0,166.0,167.0,167.0,167.0,168.0
3798,impersonator,404.4,419.6,18.4,26.1,217.1,435.2,215.2
3967,genuine,14.9,15.6,34.4,70.6,1082.9,16.9,17.9
1399,impersonator,20.1,112.5,13.0,307.7,63.2,173.7,10.6
3910,impersonator,235.2,237.8,404.6,434.6,445.7,226.9,230.7
2045,genuine,166.0,173.0,171.0,170.0,171.0,170.0,168.0
2492,genuine,166.0,178.0,236.0,101.0,171.0,170.0,166.0
4430,genuine,218.8,410.2,233.1,433.5,16.6,433.2,16.7
3204,genuine,165.0,193.0,152.0,170.0,171.0,170.0,168.0
327,impersonator,153.0,166.2,154.6,174.3,160.6,9.1,168.9
765,genuine,485.9,17.7,19.3,1854.7,16.4,17.1,17.7
1718,genuine,13.6,234.7,228.8,233.1,433.7,16.0,16.2
3163,genuine,230.1,453.6,231.6,16.1,233.3,450.0,16.0
861,genuine,18.0,16.9,977.7,632.9,19.2,229.1,19.5
1851,impersonator,11.5,25.8,1245.7,21.9,18.9,15.5,20.0
168,impersonator,19.0,10.9,938.5,23.0,14.0,22.1,19.2
418,impersonator,167.8,181.8,161.5,171.3,163.4,17.8,165.0
2415,genuine,164.0,181.0,155.0,172.0,8.0,167.0,350.0
3369,genuine,16.6,21.6,1164.0,420.0,16.5,20.1,18.0
4261,impersonator,13.2,6.0,819.0,883.0,462.6,19.1,23.8
173,genuine,73.0,1653.4,383.5,18.3,17.6,18.6,18.1
4246,impersonator,424.9,230.6,227.5,237.0,432.6,14.5,233.8
4339,genuine,180.0,180.0,150.0,171.0,169.0,13.0,167.0
695,impersonator,17.7,1652.9,12.9,27.9,1654.2,20.2,16.2
3783,genuine,167.0,167.0,171.0,169.0,168.0,184.0,182.0
1827,impersonator,168.8,169.8,161.9,177.5,170.2,173.9,165.9
1473,genuine,164.0,166.0,167.0,166.0,166.0,168.0,165.0
4308,impersonator,7.1,18.4,604.9,628.5,19.8,19.9,24.7
2546,impersonator,172.9,169.9,175.1,174.0,172.9,173.0,176.1
1008,impersonator,167.8,184.1,149.4,179.0,166.9,170.8,167.1
1814,genuine,169.0,188.0,156.0,169.0,10.0,165.0,334.0
2364,impersonator,19.2,19.7,2.6,16.3,16.0,422.6,17.8
2585,impersonator,225.5,233.4,225.1,26.4,226.0,225.5,214.4
237,impersonator,163.3,165.7,159.3,206.7,168.0,166.3,169.9
456,impersonator,167.3,174.4,165.2,174.9,167.6,171.8,166.5
2779,impersonator,17.8,9.3,216.4,14.0,213.1,215.0,422.8
3883,impersonator,229.9,226.6,219.1,22.6,439.5,231.9,229.0
2406,impersonator,17.3,393.1,12.4,246.3,208.9,431.8,7.2
1733,genuine,228.2,215.2,233.4,231.9,233.4,452.3,14.3
410,impersonator,168.9,185.6,167.0,177.9,173.7,168.0,162.8
419,genuine,16.3,12.8,220.3,210.9,199.9,216.4,417.1
4424,impersonator,16.7,11.5,408.5,13.9,12.5,18.9,409.1
515,impersonator,18.4,9.9,211.6,252.2,203.5,219.4,432.6
627,impersonator,227.2,174.7,167.4,27.7,179.2,27.2,169.2
2881,genuine,12.8,235.1,233.1,450.2,15.7,232.8,232.5
174,genuine,16.3,19.0,1627.4,15.7,19.7,20.8,17.8
3337,genuine,15.8,18.4,1174.8,418.3,16.5,18.0,17.3
3532,genuine,166.0,172.0,168.0,170.0,172.0,172.0,168.0
2241,genuine,20.0,14.5,558.3,839.4,19.0,18.6,19.0
3010,genuine,172.0,171.0,174.0,174.0,174.0,172.0,173.0
4147,genuine,18.6,22.2,1150.4,416.1,18.9,19.6,18.9
598,impersonator,21.9,244.0,226.4,225.9,218.2,228.1,431.7
1803,genuine,170.0,174.0,175.0,173.0,174.0,174.0,176.0
160,genuine,164.0,179.0,158.0,170.0,172.0,169.0,169.0
3619,genuine,166.0,172.0,168.0,171.0,170.0,171.0,166.0
4160,genuine,172.0,173.0,175.0,171.0,174.0,172.0,171.0
519,impersonator,227.9,232.7,225.1,429.0,438.6,16.0,226.1
1447,genuine,14.8,12.0,219.5,212.3,199.9,416.8,233.4
4282,genuine,13.1,218.1,212.5,199.5,417.0,233.3,433.1
3380,impersonator,165.8,168.0,176.7,179.6,167.7,169.1,164.0
377,impersonator,164.5,167.8,165.4,17.9,163.3,164.5,166.4
2575,impersonator,416.7,232.7,232.7,240.3,434.7,21.4,224.6
1632,impersonator,4.7,17.1,550.0,435.2,14.4,24.0,22.2
1049,impersonator,160.8,168.9,160.5,172.3,170.9,169.9,167.4
3535,genuine,16.3,20.1,789.2,420.2,14.8,20.1,17.6
2646,impersonator,166.3,180.6,145.7,176.4,168.3,168.2,168.9
3383,impersonator,402.5,389.6,165.6,179.8,172.9,178.0,171.0
3620,impersonator,170.0,163.6,174.9,171.7,170.7,177.5,173.9
303,genuine,13.3,231.8,433.4,16.2,233.2,232.8,433.2
2497,genuine,169.0,174.0,175.0,175.0,172.0,173.0,171.0
2753,genuine,20.7,18.7,20.3,958.4,19.0,19.4,20.4
4030,impersonator,15.4,20.5,17.1,1535.7,14.9,22.8,20.7
2939,genuine,430.0,16.7,235.5,232.5,450.8,15.6,233.2
1063,impersonator,167.7,178.7,157.4,177.9,170.3,168.7,166.9
4487,impersonator,71.6,1294.3,11.8,21.4,21.2,19.3,19.9
175,impersonator,10.3,16.4,720.6,1577.9,19.3,23.2,234.3
2249,genuine,64.5,31.5,120.4,47.2,44.8,23.5,100.1
2362,genuine,229.6,233.1,233.0,233.3,433.4,16.7,232.7
4485,impersonator,19.9,1033.1,1145.1,19.3,17.8,22.6,25.9
1311,impersonator,13.0,18.9,631.3,1218.6,24.0,15.8,17.8
521,impersonator,18.0,217.8,238.7,219.5,228.9,16.1,210.6
1146,genuine,13.6,218.0,210.7,199.9,416.5,233.3,233.5
4497,genuine,166.0,168.0,167.0,169.0,169.0,168.0,165.0
1465,impersonator,12.9,27.0,881.3,427.8,21.5,14.6,23.8
1273,impersonator,10.3,18.8,417.8,17.0,15.2,15.2,13.6
1482,genuine,15.5,16.0,970.6,630.9,16.2,16.2,16.6
914,impersonator,11.3,19.2,12.3,21.3,20.8,21.5,64.0
1367,genuine,172.0,171.0,174.0,171.0,174.0,172.0,173.0
1982,impersonator,156.7,170.0,165.5,168.7,161.2,164.9,327.4
4405,impersonator,222.7,224.5,359.6,453.4,11.6,229.1,220.7
386,impersonator,166.6,169.2,159.9,171.9,164.7,15.5,15.7
4214,genuine,165.0,168.0,168.0,168.0,168.0,168.0,167.0
2278,genuine,18.6,15.3,1206.1,20.5,14.8,18.0,20.1
4477,genuine,229.1,448.4,31.3,233.8,232.9,233.2,450.0
2369,genuine,18.4,17.3,967.5,421.9,15.8,19.1,19.8
2145,genuine,100.0,1432.1,15.3,1235.6,18.6,16.5,17.0
1811,impersonator,230.7,222.9,388.9,25.7,12.9,227.1,208.3
1562,impersonator,169.5,175.9,150.7,178.2,168.2,324.4,163.4
2338,impersonator,170.2,166.9,162.5,174.2,169.7,168.9,164.6
97,impersonator,178.7,166.8,177.5,179.9,173.9,174.5,170.1
928,impersonator,164.0,165.4,158.2,10.9,9.1,164.3,299.6
1416,impersonator,16.2,394.5,172.0,241.6,165.5,163.8,167.4
2878,impersonator,8.2,236.4,211.2,230.0,419.3,15.7,237.3
3876,genuine,165.0,171.0,170.0,174.0,170.0,173.0,164.0
349,impersonator,165.7,176.1,146.4,171.3,164.9,168.7,166.7
1256,impersonator,235.2,621.5,221.8,239.5,226.0,430.2,16.9
1153,genuine,16.4,13.8,16.3,1387.0,15.1,15.6,17.2
2203,genuine,164.0,165.0,168.0,166.0,166.0,166.0,168.0
194,genuine,803.4,206.2,13.1,19.3,19.3,17.1,16.5
3753,genuine,228.1,433.0,16.7,232.9,233.4,433.3,16.5
230,impersonator,165.6,171.1,178.9,175.3,166.8,169.4,172.5
1573,genuine,16.5,1388.5,411.4,20.7,17.1,20.9,17.1
113,genuine,228.7,232.8,448.7,32.0,15.7,216.7,216.5
3459,genuine,432.7,229.6,433.4,16.3,233.1,233.4,16.4
350,impersonator,168.5,183.7,162.4,177.6,99.3,169.3,169.3
2006,genuine,164.0,177.0,158.0,169.0,172.0,170.0,168.0
2577,genuine,14.1,18.2,20.5,17.5,949.0,19.6,17.6
3588,genuine,10.6,1644.7,16.9,15.0,16.6,16.7,16.3
4490,genuine,13.9,14.3,1400.0,18.8,10.5,412.5,216.7
3542,impersonator,165.1,163.4,164.5,171.7,167.6,171.8,168.0
3216,impersonator,166.3,174.3,156.2,173.2,166.2,168.5,167.6
2290,impersonator,16.9,11.9,160.8,28.6,20.9,173.9,22.2
3341,impersonator,170.8,174.9,182.0,176.4,173.7,173.0,172.4
4174,impersonator,20.3,222.7,386.1,13.1,222.8,223.2,417.1
1500,impersonator,174.0,174.2,173.7,174.6,173.8,178.4,175.6
1715,impersonator,165.8,181.6,151.9,171.4,324.1,171.5,170.6
2511,genuine,232.5,429.2,16.0,233.1,233.6,433.1,16.7
457,impersonator,17.8,28.7,225.1,426.9,225.8,223.4,448.4
1047,genuine,171.0,173.0,172.0,172.0,173.0,173.0,173.0
2076,genuine,165.0,167.0,167.0,16.0,149.0,336.0,167.0
1969,genuine,163.0,174.0,346.0,15.0,171.0,175.0,173.0
2243,genuine,165.0,170.0,167.0,168.0,166.0,166.0,169.0
1262,impersonator,230.3,220.3,230.3,240.9,227.9,21.2,229.0
313,genuine,165.0,172.0,168.0,171.0,174.0,170.0,167.0
2553,genuine,15.8,44.5,47.6,1276.3,18.8,17.7,17.3
2033,genuine,21.7,100.3,71.9,1437.5,19.2,19.7,18.0
3276,impersonator,221.9,247.8,413.5,236.9,464.8,25.4,231.2
2316,genuine,18.2,19.7,1394.5,15.7,19.0,18.5,18.9
227,genuine,953.3,19.0,17.4,18.1,18.4,978.9,16.3
2138,genuine,180.0,171.0,157.0,169.0,170.0,171.0,12.0
3224,impersonator,237.4,245.8,415.4,431.7,23.8,233.7,1150.4
1878,genuine,16.6,12.7,424.6,432.1,16.4,231.9,433.8
4403,genuine,1092.6,15.8,17.5,17.1,2072.2,20.4,41.2
4122,impersonator,172.2,172.4,177.1,175.6,172.5,172.7,172.5
3179,impersonator,171.0,184.4,159.6,169.0,168.3,21.7,12.3
3923,impersonator,219.2,235.9,441.3,43.2,245.6,232.8,218.2
1138,impersonator,165.9,170.4,177.6,179.1,174.2,171.7,171.6
3003,genuine,14.3,232.3,231.2,231.9,216.9,234.1,232.8
1725,impersonator,170.1,161.4,178.8,437.9,172.6,175.2,173.9
1642,impersonator,228.2,176.3,151.7,175.4,171.6,23.0,174.9
3191,genuine,629.8,15.8,233.3,232.3,433.5,16.4,233.3
3399,impersonator,231.6,175.6,153.9,177.6,163.0,19.8,172.5
4001,impersonator,21.2,23.0,852.5,18.5,16.2,21.0,12.6
1190,impersonator,229.3,238.5,166.4,238.7,457.8,22.7,243.5
3085,genuine,12.6,445.4,31.6,450.8,31.4,232.4,233.9
232,impersonator,12.9,1680.0,20.4,23.9,20.8,18.2,21.2
13,impersonator,3.3,223.2,349.8,423.3,8.6,220.1,439.3
3722,impersonator,167.9,171.7,179.8,176.1,173.3,169.3,169.9
2745,impersonator,11.5,20.4,17.3,1370.6,18.2,18.4,14.8
2853,genuine,17.0,18.2,1199.3,16.2,15.4,17.8,17.9
68,impersonator,216.3,235.0,330.2,458.8,444.0,20.7,233.6
1317,impersonator,232.4,438.5,21.5,233.5,240.5,431.8,17.4
146,impersonator,161.9,174.8,164.2,171.7,171.1,169.6,165.8
1440,genuine,170.0,175.0,176.0,172.0,173.0,175.0,172.0
1797,genuine,13.9,14.4,1395.4,13.5,16.7,16.8,17.1
1213,genuine,165.0,167.0,169.0,167.0,166.0,167.0,167.0
2257,genuine,15.6,18.3,1368.5,424.2,16.9,19.8,19.4
890,impersonator,160.7,167.1,156.8,172.8,167.2,168.8,165.5
1058,impersonator,219.3,241.2,213.7,448.3,16.9,234.3,212.8
3140,genuine,17.9,518.1,15.7,19.6,19.4,59.0,95.7
4428,genuine,165.0,166.0,167.0,166.0,167.0,166.0,167.0
4481,impersonator,16.2,19.2,686.4,22.3,14.2,1894.3,23.4
2214,genuine,1035.3,16.6,19.0,18.8,18.8,18.7,64.5
4004,genuine,173.0,171.0,174.0,172.0,173.0,172.0,174.0
3859,impersonator,221.7,237.8,381.5,437.6,11.7,225.2,236.6
3186,genuine,167.0,168.0,167.0,166.0,169.0,168.0,167.0
4204,impersonator,226.9,237.6,211.0,246.1,437.1,23.4,226.2
812,genuine,170.0,173.0,174.0,172.0,173.0,172.0,174.0
3389,impersonator,7.6,224.5,191.8,448.8,21.2,16.5,232.9
2402,genuine,432.0,15.8,230.6,233.1,433.4,16.7,232.8
3018,genuine,164.0,168.0,165.0,167.0,168.0,169.0,165.0
3409,impersonator,165.6,169.3,174.0,177.9,168.0,168.7,164.3
3551,impersonator,17.5,1105.3,464.8,20.8,17.0,15.4,15.4
1976,genuine,169.0,172.0,173.0,175.0,172.0,172.0,172.0
3293,impersonator,835.6,1961.7,31.2,20.2,26.8,24.0,65.3
1628,impersonator,167.0,168.4,175.4,181.3,169.0,169.6,164.2
389,genuine,430.5,16.7,235.1,232.9,450.0,15.9,233.4
980,genuine,12.9,424.5,16.2,433.8,15.7,232.9,233.3
2722,impersonator,163.1,162.7,165.7,177.7,171.0,15.4,169.9
2970,impersonator,23.0,22.9,11.5,219.5,211.0,221.5,430.7
2432,genuine,163.0,168.0,168.0,166.0,166.0,167.0,167.0
1626,impersonator,18.6,19.8,19.8,22.6,22.4,22.0,17.8
2930,genuine,13.1,431.4,15.8,216.6,232.8,200.0,233.2
1186,genuine,15.4,1382.6,17.8,20.2,20.2,23.5,16.3
772,genuine,165.0,167.0,166.0,167.0,167.0,169.0,167.0
3382,impersonator,160.5,169.5,169.9,166.9,163.4,169.2,165.8
4492,genuine,164.0,166.0,167.0,169.0,7.0,161.0,335.0
1758,impersonator,222.5,236.8,456.9,33.6,22.3,246.3,238.7
2715,impersonator,167.1,176.0,147.5,175.9,162.4,17.8,339.9
3556,impersonator,165.3,168.3,173.5,169.3,168.1,167.7,167.2
2992,impersonator,12.7,16.0,564.9,28.0,21.5,21.9,21.7
4201,impersonator,169.5,166.1,166.5,172.4,172.1,174.3,171.4
1790,genuine,14.4,15.8,149.4,846.5,16.7,17.5,16.1
1715,genuine,167.0,168.0,170.0,169.0,166.0,168.0,167.0
3848,impersonator,162.4,165.2,167.3,171.9,163.4,164.1,167.2
4466,impersonator,15.0,961.4,13.9,19.6,8.4,17.6,17.3
1680,impersonator,15.2,230.9,424.6,244.8,413.0,17.7,432.1
3779,genuine,431.5,14.7,233.3,232.7,433.3,15.8,233.2
3280,impersonator,14.7,21.8,15.1,240.8,1879.2,83.0,102.3
704,impersonator,12.4,20.5,1073.8,437.9,16.7,17.9,22.1
480,impersonator,18.9,15.3,23.9,135.2,97.6,94.6,63.3
1957,impersonator,12.4,16.3,19.0,14.5,18.7,16.5,19.5
1032,genuine,164.0,187.0,156.0,170.0,169.0,171.0,167.0
54,impersonator,114.1,1538.7,31.5,17.9,29.9,16.9,103.4
495,genuine,167.0,170.0,168.0,173.0,170.0,171.0,166.0
1336,genuine,60.3,522.1,17.5,19.2,57.1,87.5,27.2
3168,impersonator,237.3,24.7,226.2,229.8,446.3,23.7,223.1
4001,genuine,60.5,910.9,17.8,18.8,17.9,18.2,75.0
2982,impersonator,172.4,176.1,155.5,178.1,322.1,173.1,169.3
1334,genuine,94.8,1160.1,12.9,20.0,20.6,44.0,44.9
2196,genuine,165.0,182.0,153.0,169.0,12.0,167.0,333.0
1202,genuine,166.0,168.0,167.0,168.0,166.0,169.0,168.0
3925,genuine,169.0,174.0,174.0,175.0,173.0,174.0,174.0
173,impersonator,18.2,1326.6,16.4,18.4,15.5,20.1,20.4
1424,genuine,163.0,165.0,168.0,164.0,167.0,167.0,165.0
1037,genuine,12.6,235.1,233.2,231.9,450.6,31.9,233.6
2626,genuine,15.1,1171.9,421.2,15.2,17.4,17.1,18.0
2463,genuine,29.4,1050.9,19.0,17.4,18.8,1835.5,18.5
2657,genuine,163.0,168.0,171.0,170.0,168.0,168.0,170.0
1365,impersonator,11.8,165.3,166.1,28.3,166.6,315.5,171.3
1578,genuine,16.7,21.2,1587.2,20.2,17.9,206.5,20.0
2140,impersonator,168.1,176.3,154.6,180.4,162.6,19.6,164.7
2086,genuine,1201.5,16.2,19.7,19.1,20.8,16.5,18.7
3626,impersonator,21.9,1.5,433.6,115.4,197.6,214.3,426.7
2290,genuine,171.0,174.0,173.0,172.0,172.0,173.0,173.0
3115,impersonator,156.4,162.5,169.1,167.1,166.0,164.5,164.9
608,impersonator,16.1,17.3,23.4,175.3,64.2,75.0,85.5
2477,impersonator,162.0,167.6,164.9,166.5,169.2,168.6,167.9
678,impersonator,216.8,238.6,200.4,456.4,462.7,22.2,227.0
2010,genuine,431.3,15.9,235.0,233.5,450.6,14.9,233.2
3734,genuine,18.9,22.3,1359.1,204.5,20.5,20.3,21.7
2240,genuine,15.2,1241.3,15.3,16.8,16.6,17.5,17.8
3405,genuine,18.4,21.7,17.0,1183.0,18.6,18.7,19.1
3051,genuine,16.2,28.2,326.8,1258.5,19.0,18.8,18.5
2159,genuine,19.3,22.3,1787.1,16.8,23.5,18.9,21.2
3569,genuine,32.6,56.0,143.5,80.6,23.2,216.2,103.7
3816,genuine,15.6,596.0,422.2,15.9,20.6,17.6,19.8
491,impersonator,962.3,1635.8,18.5,23.0,23.2,17.5,20.2
2361,impersonator,22.9,25.0,8.5,35.8,23.8,20.5,13.4
2092,genuine,16.4,18.0,115.0,15.7,46.0,88.3,31.0
451,genuine,431.1,12.7,433.4,16.3,232.2,233.3,233.3
3212,impersonator,18.2,14.8,411.8,30.8,21.9,27.6,230.7
3046,impersonator,163.2,159.6,162.1,165.1,170.8,167.5,164.9
295,impersonator,1583.5,1376.4,15.1,18.0,1228.8,78.4,2366.3
284,genuine,168.0,170.0,170.0,169.0,170.0,170.0,169.0
1150,impersonator,163.9,187.0,151.0,179.8,166.1,167.4,164.6
541,genuine,232.2,229.2,216.7,233.1,233.2,233.3,433.3
1320,impersonator,166.0,175.3,0.0,31.9,279.9,175.4,21.5
4011,impersonator,17.3,231.3,211.1,230.8,16.7,222.8,227.5
2210,impersonator,14.9,13.6,386.6,23.7,6.3,238.0,19.9
244,genuine,602.9,405.3,16.2,20.6,17.2,17.5,17.5
4336,impersonator,169.9,170.2,170.7,177.4,169.6,178.6,171.5
2043,impersonator,170.8,172.2,158.5,167.9,172.8,175.8,168.2
1309,genuine,13.2,432.8,16.2,233.2,233.4,433.4,16.7
1181,impersonator,18.3,233.1,238.2,27.5,211.5,237.1,217.3
1822,impersonator,167.0,168.2,413.5,26.2,167.2,316.2,168.5
1118,genuine,229.8,233.4,433.8,15.8,233.1,233.2,433.4
3416,impersonator,163.2,178.8,9.5,177.2,172.0,171.8,168.0
2185,impersonator,438.4,28.4,864.3,227.3,454.4,19.4,21.0
1435,impersonator,169.8,166.2,168.7,176.9,174.6,174.2,170.3
2121,genuine,162.0,166.0,167.0,168.0,167.0,164.0,165.0
1306,genuine,167.0,188.0,2.0,170.0,13.0,317.0,333.0
739,impersonator,232.8,9.5,406.3,281.2,225.5,230.5,217.9
1831,impersonator,172.3,164.9,176.6,179.5,173.6,171.2,164.8
3950,genuine,15.8,18.0,1363.7,428.6,16.9,19.2,17.3
3763,genuine,172.0,174.0,174.0,172.0,172.0,174.0,175.0
2022,genuine,447.7,29.0,233.6,232.3,450.9,16.2,233.1
1056,impersonator,22.9,411.7,22.5,225.8,226.3,423.5,16.9
3469,genuine,14.3,17.8,409.3,199.4,20.3,17.8,18.0
3045,genuine,166.0,173.0,167.0,171.0,171.0,170.0,167.0
1954,impersonator,7.7,163.3,156.2,18.3,160.2,166.8,333.0
3914,genuine,172.0,172.0,173.0,173.0,171.0,176.0,173.0
3960,genuine,164.0,168.0,168.0,166.0,166.0,168.0,169.0
4220,genuine,171.0,174.0,175.0,174.0,172.0,174.0,174.0
2015,genuine,167.0,189.0,154.0,169.0,170.0,171.0,182.0
724,impersonator,427.6,12.0,16.2,228.7,236.3,424.2,19.3
1266,impersonator,172.4,166.6,166.8,177.3,174.7,174.4,170.1
2054,genuine,228.9,232.9,233.2,433.3,16.4,233.1,433.6
4387,impersonator,168.3,183.2,141.7,175.3,164.2,168.4,306.4
2551,genuine,11.5,149.0,844.8,18.4,17.5,17.5,17.4
3872,impersonator,170.3,167.9,173.3,173.3,169.8,169.6,163.5
4227,genuine,184.0,12.0,149.0,334.0,171.0,172.0,170.0
4193,genuine,168.0,167.0,166.0,166.0,168.0,166.0,166.0
1796,impersonator,163.3,158.9,172.4,178.8,165.1,170.8,164.7
3049,impersonator,15.9,5.3,168.2,238.1,164.6,171.7,166.3
3035,genuine,167.0,170.0,168.0,172.0,170.0,170.0,167.0
1262,genuine,987.1,196.7,14.9,16.3,16.5,18.0,19.8
4386,genuine,168.0,170.0,170.0,171.0,170.0,172.0,166.0
2276,impersonator,169.3,183.7,151.2,180.3,167.3,170.1,169.0
3424,genuine,230.2,231.6,432.3,16.5,233.3,233.3,16.4
805,genuine,17.3,18.6,1606.9,15.0,17.7,17.5,17.8
197,impersonator,16.9,11.8,23.1,217.9,18.3,20.0,23.8
1998,impersonator,10.1,398.6,163.5,295.7,167.3,167.5,169.0
2546,genuine,164.0,168.0,168.0,166.0,168.0,165.0,166.0
3436,genuine,210.3,215.9,417.3,232.8,232.5,449.9,15.6
4019,genuine,16.1,234.8,226.5,234.0,232.4,16.2,216.3
3532,impersonator,166.6,171.9,170.5,175.1,169.7,171.2,167.8
3302,impersonator,168.6,179.8,172.2,174.0,170.1,170.2,167.4
1764,impersonator,169.3,174.1,149.5,176.6,167.5,169.9,164.7
2271,genuine,16.9,20.8,981.8,631.3,24.8,14.6,19.2
2298,genuine,16.0,13.4,1390.7,15.9,16.3,17.4,397.2
4451,genuine,88.4,2532.9,17.1,16.2,413.0,17.2,16.6
2462,genuine,226.0,450.3,33.0,232.8,232.7,449.7,16.9
2332,impersonator,12.3,19.6,14.0,1108.8,769.1,24.1,18.7
217,impersonator,16.7,18.1,746.2,217.3,447.9,18.7,24.4
2598,genuine,447.1,30.4,451.0,32.1,249.1,450.2,31.1
2190,genuine,235.1,227.2,433.3,16.6,233.3,234.0,432.8
3343,impersonator,16.6,221.6,369.9,255.9,219.9,225.7,425.5
4195,impersonator,16.4,6.1,351.8,442.5,17.9,18.6,232.5
1127,impersonator,169.9,178.3,151.1,176.0,159.5,169.1,168.5
528,impersonator,421.8,225.4,213.2,232.2,217.7,223.7,227.2
1881,impersonator,8.7,20.1,881.1,950.1,23.2,23.5,24.9
3318,genuine,167.0,171.0,169.0,172.0,171.0,170.0,168.0
2192,impersonator,166.7,168.4,168.1,169.0,173.8,170.8,164.5
2522,genuine,18.7,978.2,205.0,16.1,18.1,18.5,18.6
3289,impersonator,19.2,13.7,777.1,630.1,13.9,16.4,17.3
2731,genuine,164.0,178.0,158.0,170.0,170.0,168.0,171.0
3023,impersonator,159.8,160.3,178.7,165.3,167.6,166.1,164.3
2048,impersonator,18.2,17.5,18.4,237.2,225.3,447.7,22.1
2344,genuine,16.9,16.0,346.6,1472.3,16.9,20.8,15.8
2509,genuine,18.8,16.9,18.2,964.3,18.9,18.6,18.2
3402,impersonator,9.4,227.6,202.6,213.6,405.5,14.9,228.2
2225,genuine,164.0,178.0,155.0,170.0,168.0,11.0,167.0
4077,genuine,165.0,167.0,167.0,168.0,167.0,165.0,168.0
1419,genuine,166.0,168.0,9.0,157.0,330.0,166.0,169.0
3519,genuine,164.0,182.0,156.0,172.0,6.0,166.0,350.0
3489,impersonator,15.9,17.1,0.0,1024.7,22.1,25.4,14.1
3754,impersonator,17.5,28.8,650.3,629.0,20.7,18.4,20.5
2689,impersonator,14.7,30.8,1080.1,14.1,20.3,237.0,438.0
765,impersonator,172.6,175.5,175.6,179.2,230.1,171.8,170.4
3333,genuine,16.0,19.3,1450.0,23.4,16.8,21.1,19.3
4154,impersonator,17.7,21.8,18.9,1404.4,1796.1,24.8,22.1
3345,impersonator,15.4,12.2,17.2,28.5,30.0,24.2,15.2
161,genuine,14.0,235.3,232.9,450.2,16.0,234.2,231.4
4248,impersonator,778.1,1179.4,14.5,24.3,13.9,22.5,17.4
1056,genuine,16.2,18.0,767.4,17.1,18.4,19.8,16.7
1174,impersonator,24.1,227.3,423.4,205.5,233.9,227.2,432.5
3279,impersonator,168.1,175.3,359.7,175.8,163.2,173.5,329.2
1197,genuine,823.4,18.0,18.7,19.3,2268.4,16.8,18.9
1987,impersonator,24.5,13.5,15.8,20.4,109.7,81.4,20.3
3181,genuine,17.3,16.4,1590.8,18.7,19.3,20.0,19.2
3750,genuine,197.6,215.7,416.9,233.3,232.8,216.9,433.4
3846,impersonator,16.8,20.1,215.6,229.8,215.1,215.9,426.7
2863,impersonator,170.8,171.8,29.0,303.5,101.5,175.0,173.2
3131,genuine,209.9,418.5,232.6,449.9,31.3,233.5,450.1
3860,impersonator,87.6,1410.2,35.4,25.4,23.1,20.6,89.4
1086,impersonator,228.6,229.0,217.2,232.0,218.1,228.8,223.6
1497,impersonator,165.0,172.1,158.4,170.6,163.7,169.2,166.0
1227,impersonator,163.9,165.1,170.9,172.8,162.5,161.2,165.6
3483,genuine,164.0,167.0,168.0,167.0,167.0,165.0,165.0
138,impersonator,18.1,21.9,416.4,24.0,16.3,19.7,338.4
2406,genuine,16.2,19.1,125.3,18.4,57.6,87.9,44.7
512,impersonator,11.2,20.6,106.1,27.2,86.1,444.5,82.8
2096,impersonator,14.4,16.5,14.7,22.2,19.2,16.7,18.9
2491,genuine,172.0,172.0,174.0,172.0,173.0,173.0,172.0
2173,impersonator,228.8,19.1,231.1,237.5,239.1,19.6,231.7
1564,impersonator,171.6,172.2,174.5,175.7,180.0,175.3,168.3
1677,genuine,163.0,180.0,154.0,170.0,169.0,11.0,166.0
1155,impersonator,11.5,24.2,521.6,642.0,18.7,22.3,17.7
1981,impersonator,162.8,166.0,163.7,180.0,165.8,168.1,162.1
1614,genuine,170.0,174.0,174.0,172.0,174.0,174.0,175.0
3309,impersonator,728.2,849.8,16.7,16.2,17.0,24.5,18.1
1943,impersonator,170.8,176.6,184.1,180.8,171.0,169.8,171.3
3885,genuine,1746.0,18.3,16.6,631.5,17.9,15.0,17.5
2040,genuine,164.0,167.0,167.0,3.0,162.0,5.0,327.0
3787,genuine,430.9,11.1,231.7,233.0,433.5,16.5,233.2
938,genuine,167.0,171.0,169.0,173.0,171.0,169.0,167.0
4196,impersonator,169.4,185.7,159.6,177.1,166.8,170.9,166.6
2286,genuine,17.7,19.1,792.6,418.7,19.9,18.4,20.3
3857,impersonator,231.5,471.9,22.2,227.2,233.3,455.5,18.0
4442,genuine,17.8,16.8,1388.1,17.8,16.7,16.6,17.2
1671,genuine,447.9,28.7,230.5,232.8,450.5,15.9,233.4
184,genuine,169.0,171.0,169.0,171.0,171.0,171.0,167.0
1856,genuine,186.0,10.0,150.0,350.0,167.0,167.0,167.0
1986,genuine,163.0,167.0,169.0,16.0,151.0,334.0,168.0
4325,genuine,230.0,233.0,433.2,16.8,232.5,233.3,432.9
2333,impersonator,162.7,172.3,156.9,178.0,172.0,171.3,168.0
4408,genuine,15.5,14.5,1396.8,17.0,15.4,17.0,17.2
1143,genuine,14.6,19.4,21.8,18.2,938.7,18.7,20.0
2900,impersonator,16.4,416.9,13.3,1287.3,24.6,23.0,17.5
3737,impersonator,168.4,179.7,152.4,179.1,163.7,168.5,17.2
2147,impersonator,171.0,165.1,174.1,173.2,175.3,177.0,174.9
69,impersonator,25.8,1326.9,33.5,19.4,71.3,89.0,63.3
3284,impersonator,417.6,404.3,218.5,227.3,225.5,435.5,563.4
1125,impersonator,165.2,166.5,162.2,174.6,163.9,170.0,167.1
2780,genuine,164.0,178.0,153.0,173.0,169.0,172.0,170.0
3573,genuine,166.0,168.0,169.0,169.0,169.0,170.0,171.0
3148,impersonator,425.9,230.4,213.8,230.2,212.6,224.5,214.3
3658,impersonator,15.6,21.3,444.3,23.6,19.9,347.2,20.8
917,genuine,11.8,233.3,430.3,16.4,233.0,233.2,433.3
2515,impersonator,229.3,397.6,18.4,227.6,208.3,224.7,6.2
2194,genuine,98.4,1919.1,226.2,20.5,17.3,19.0,18.7
4432,genuine,61.2,2045.8,15.6,18.6,19.9,20.0,595.9
1954,genuine,171.0,175.0,175.0,174.0,173.0,175.0,171.0
516,genuine,15.8,1615.5,16.5,15.6,17.8,18.0,19.4
985,genuine,11.5,17.8,978.5,628.0,18.7,16.6,19.0
1008,genuine,163.0,181.0,157.0,170.0,168.0,170.0,172.0
2617,genuine,166.0,167.0,168.0,166.0,167.0,166.0,168.0
2249,impersonator,169.0,165.9,172.0,177.4,163.9,170.2,170.4
2446,genuine,13.0,216.2,215.1,199.6,416.7,233.3,233.4
429,genuine,17.4,19.7,997.1,18.9,16.2,17.8,17.6
2931,genuine,16.7,18.6,29.6,1145.8,19.5,17.1,1020.7
2049,genuine,230.3,433.4,16.4,233.2,16.3,216.6,200.0
508,impersonator,23.2,225.8,399.0,23.4,15.2,221.3,229.7
3157,impersonator,163.2,169.3,167.2,173.4,161.3,162.6,163.9
3942,genuine,164.0,168.0,167.0,167.0,168.0,167.0,168.0
4372,genuine,166.0,167.0,167.0,167.0,168.0,166.0,167.0
1967,genuine,15.0,19.4,976.4,633.7,19.3,17.1,20.5
3823,impersonator,162.4,163.8,168.8,175.9,168.2,171.8,169.5
1541,impersonator,223.7,226.3,225.5,23.4,13.3,423.5,215.6
4288,genuine,16.0,17.7,1362.4,429.1,16.4,20.0,16.9
2517,genuine,18.4,12.8,21.1,11.7,966.6,16.9,16.0
4330,impersonator,10.7,15.9,68.5,1037.9,27.9,23.2,20.3
912,genuine,14.7,231.2,230.8,433.3,16.3,233.2,233.3
34,genuine,17.2,33.0,1575.0,237.2,19.7,17.8,17.8
768,impersonator,716.2,108.7,31.5,272.2,98.8,23.1,74.4
200,genuine,171.0,173.0,172.0,171.0,172.0,174.0,173.0
3047,genuine,14.2,19.7,1637.6,15.9,16.2,18.5,20.1
945,impersonator,166.6,185.5,170.4,177.7,169.2,14.0,166.4
1160,impersonator,168.7,174.8,159.3,236.4,169.1,169.8,166.8
86,genuine,164.0,169.0,169.0,166.0,168.0,168.0,165.0
182,genuine,425.5,15.5,232.7,232.8,233.4,433.1,16.6
4153,genuine,226.5,449.9,32.0,233.1,232.4,450.5,15.9
3742,impersonator,166.8,179.0,157.7,176.9,11.0,172.3,166.2
4456,impersonator,19.2,26.3,948.2,16.5,24.5,19.4,15.7
2218,genuine,170.0,173.0,176.0,174.0,175.0,174.0,174.0
4363,impersonator,231.9,229.5,440.7,451.8,22.8,231.1,429.4
4016,impersonator,155.8,165.6,168.5,168.7,171.1,169.2,164.6
228,impersonator,14.6,15.3,1154.5,1322.6,13.9,21.0,21.2
2202,genuine,1201.5,16.7,17.9,18.1,18.0,17.6,17.7
4148,impersonator,168.5,188.9,152.5,176.3,161.1,168.0,316.8
1930,impersonator,168.9,164.6,173.4,174.5,167.8,171.6,168.4
208,impersonator,162.2,164.2,170.0,177.4,173.3,174.0,168.8
2507,impersonator,174.2,163.6,170.4,175.4,165.7,165.5,167.5
2896,impersonator,15.3,11.5,95.7,804.8,1518.0,237.5,21.0
1595,impersonator,15.9,113.1,23.5,241.4,118.6,94.5,88.5
1131,impersonator,13.1,18.8,9.4,953.5,22.5,20.4,16.1
4,genuine,24.9,629.1,16.7,2092.1,16.1,17.3,17.6
4209,genuine,167.0,167.0,167.0,168.0,167.0,168.0,166.0
1163,genuine,62.7,71.5,1829.7,16.9,14.6,194.4,1056.3
3574,impersonator,232.0,436.3,11.9,221.2,449.9,441.0,218.9
972,genuine,164.0,183.0,156.0,172.0,5.0,167.0,350.0
401,genuine,14.9,15.5,216.1,212.3,200.0,216.5,417.1
3787,impersonator,10.6,22.4,722.2,20.3,24.2,19.8,22.5
2781,impersonator,172.1,182.1,161.1,174.7,66.7,171.0,166.4
2537,genuine,20.0,19.2,790.4,204.4,15.7,19.0,18.8
2092,impersonator,21.0,237.1,230.7,232.6,228.4,21.4,221.9
2777,genuine,164.0,167.0,167.0,166.0,168.0,168.0,167.0
501,genuine,170.0,173.0,175.0,172.0,174.0,171.0,171.0
1251,genuine,16.2,1362.6,203.9,220.8,14.2,643.9,17.8
4317,impersonator,17.4,7.8,101.3,232.7,1002.2,21.8,83.2
2070,impersonator,165.3,163.5,396.9,175.9,167.3,171.6,164.3
4426,genuine,14.9,1595.9,15.6,16.8,409.3,15.3,17.0
618,genuine,226.2,32.9,200.1,216.3,216.6,400.3,232.6
939,genuine,171.0,173.0,174.0,171.0,171.0,175.0,172.0
4318,genuine,16.3,16.7,17.8,17.6,17.5,71.0,21.3
1419,impersonator,166.2,167.2,172.3,172.8,166.4,167.5,163.1
289,genuine,166.0,168.0,167.0,165.0,169.0,167.0,169.0
790,genuine,164.0,179.0,152.0,172.0,168.0,12.0,167.0
3577,genuine,13.8,225.4,234.7,231.8,451.4,14.8,232.6
867,impersonator,163.7,176.2,153.8,178.6,165.2,167.8,167.3
4073,genuine,226.9,233.1,449.9,31.4,233.7,234.1,232.7
316,impersonator,167.4,9.9,178.1,177.1,170.8,172.1,174.1
304,genuine,170.0,174.0,176.0,173.0,174.0,175.0,174.0
3481,impersonator,164.9,176.9,169.2,173.3,173.9,169.0,169.1
4221,genuine,18.9,57.6,145.3,86.1,63.9,60.3,75.9
3616,impersonator,25.7,411.5,30.4,238.1,235.6,220.7,418.0
4280,impersonator,21.6,101.5,37.3,270.6,685.7,17.5,59.3
1458,genuine,180.0,173.0,158.0,169.0,170.0,14.0,166.0
4174,genuine,1077.2,1275.5,20.5,18.4,20.1,21.1,18.4
613,genuine,429.0,16.5,232.6,233.2,233.0,417.1,16.8
2694,genuine,163.0,181.0,155.0,171.0,169.0,171.0,168.0
1067,genuine,15.6,15.6,1175.6,18.4,19.5,20.6,17.9
285,impersonator,226.8,224.6,207.3,445.7,16.1,17.1,220.2
4094,genuine,164.0,348.0,155.0,171.0,9.0,166.0,349.0
2882,impersonator,27.6,1311.5,123.6,14.3,19.9,18.8,20.9
3872,genuine,14.2,12.4,441.1,449.5,31.3,233.9,232.9
2456,impersonator,16.8,184.3,385.6,174.1,168.2,16.2,316.0
1123,impersonator,161.2,162.5,166.2,172.9,168.0,173.0,166.4
1342,impersonator,223.8,185.1,148.2,167.2,165.8,171.6,228.3
671,impersonator,165.6,164.6,174.2,169.7,170.0,165.4,163.7
3976,genuine,19.9,16.1,963.8,632.0,18.5,15.1,18.8
4322,impersonator,23.1,420.3,3.1,27.0,91.6,102.5,15.8
1842,impersonator,15.4,24.8,13.9,21.0,27.3,22.9,26.8
4098,impersonator,160.9,164.6,167.8,169.7,167.4,165.8,165.5
2060,genuine,224.7,231.4,233.5,433.2,16.6,233.3,232.5
4471,genuine,17.5,21.5,963.2,420.3,17.3,415.0,16.6
78,impersonator,18.5,11.9,397.1,15.7,21.5,21.9,22.1
2671,impersonator,22.6,16.4,34.0,1397.2,21.4,23.3,23.6
1504,impersonator,14.5,21.6,23.9,1002.3,25.1,22.0,15.2
824,genuine,14.6,15.4,164.6,841.8,15.6,17.7,17.3
1627,genuine,164.0,167.0,169.0,16.0,150.0,332.0,166.0
2734,genuine,165.0,170.0,167.0,168.0,167.0,168.0,167.0
3410,genuine,16.8,22.6,1583.3,18.7,18.8,20.9,179.1
2135,genuine,170.0,174.0,174.0,174.0,172.0,172.0,172.0
2596,genuine,31.2,846.7,1691.3,17.3,15.5,17.7,17.4
3805,impersonator,165.5,181.4,159.7,177.3,175.7,178.7,171.6
497,genuine,13.8,22.0,1385.3,16.3,16.3,16.7,16.4
1777,genuine,170.0,174.0,173.0,173.0,172.0,171.0,175.0
3276,genuine,170.0,173.0,175.0,172.0,173.0,173.0,174.0
3951,impersonator,425.3,414.8,11.6,233.6,230.4,433.9,16.1
2031,genuine,163.0,165.0,167.0,166.0,165.0,165.0,164.0
1703,genuine,165.0,168.0,168.0,166.0,166.0,169.0,168.0
110,genuine,164.0,169.0,166.0,165.0,167.0,166.0,168.0
1575,genuine,165.0,168.0,167.0,13.0,154.0,336.0,166.0
4137,genuine,17.1,18.3,18.4,67.3,32.5,94.4,74.1
1347,genuine,424.7,16.1,232.3,232.9,233.1,433.3,16.7
986,genuine,235.5,227.1,433.4,16.6,16.2,216.4,199.5
3954,impersonator,19.5,23.9,1169.7,25.0,8.4,330.9,585.4
4311,genuine,164.0,166.0,166.0,167.0,166.0,165.0,166.0
3908,impersonator,18.6,16.1,1243.2,18.9,19.6,847.7,19.7
3015,impersonator,225.1,422.1,19.0,242.4,235.2,453.7,12.7
187,impersonator,171.1,168.2,169.6,175.1,175.0,177.1,170.1
2156,impersonator,24.8,13.7,392.0,13.7,17.4,19.4,19.9
2114,genuine,60.9,44.4,75.5,96.1,32.0,160.2,35.4
2800,genuine,164.0,177.0,155.0,170.0,170.0,10.0,166.0
105,impersonator,164.3,166.6,167.6,171.5,170.4,168.3,165.6
3674,genuine,17.7,1030.1,20.1,16.6,18.7,18.7,18.8
4176,impersonator,22.2,21.3,232.9,19.1,204.0,222.9,451.6
3964,genuine,16.4,14.4,1170.6,627.5,16.4,16.3,17.4
3871,impersonator,410.5,23.9,220.9,232.6,7.0,420.1,221.8
1995,impersonator,26.5,16.0,1441.3,21.0,20.6,23.1,15.7
1050,impersonator,10.0,15.6,727.7,221.0,19.6,21.8,23.3
1449,impersonator,22.1,1353.8,12.8,26.2,1077.0,18.4,11.8
2384,impersonator,8.7,180.6,5.2,169.6,171.6,19.7,18.1
1869,genuine,164.0,168.0,166.0,167.0,168.0,166.0,167.0
224,genuine,164.0,181.0,156.0,172.0,8.0,166.0,335.0
3834,impersonator,6.3,24.5,651.7,441.9,20.0,228.8,21.8
3723,impersonator,16.0,22.6,13.9,27.8,22.3,22.5,22.9
4208,genuine,12.6,432.8,12.4,233.2,233.3,233.4,16.1
2693,impersonator,21.6,22.3,40.2,28.4,90.7,84.9,106.7
1278,genuine,167.0,169.0,171.0,169.0,170.0,168.0,168.0
3400,impersonator,20.2,19.1,25.4,14.1,2034.9,22.8,21.5
3997,genuine,21.4,1408.5,16.4,20.3,19.9,19.9,20.3
538,impersonator,166.1,168.7,166.2,176.7,167.4,160.7,161.8
1674,genuine,167.0,174.0,171.0,170.0,171.0,171.0,165.0
2193,genuine,168.0,188.0,154.0,171.0,168.0,11.0,167.0
3195,impersonator,19.5,24.3,24.2,20.5,100.8,21.1,63.0
3120,genuine,167.0,169.0,169.0,169.0,172.0,172.0,165.0
1685,impersonator,21.2,1447.4,24.6,19.7,74.2,84.9,92.3
509,genuine,164.0,178.0,154.0,172.0,170.0,169.0,170.0
872,impersonator,215.5,236.3,211.6,668.1,17.0,226.7,241.0
1006,genuine,165.0,168.0,168.0,168.0,167.0,169.0,166.0
2484,genuine,19.1,22.7,18.6,956.0,19.1,19.9,20.7
2707,genuine,163.0,166.0,167.0,164.0,168.0,165.0,164.0
3600,impersonator,26.0,4.6,226.0,243.1,209.9,436.5,24.5
886,genuine,227.4,233.5,31.8,199.8,216.3,200.0,216.8
3521,genuine,14.9,1414.7,14.8,14.6,17.2,19.9,802.1
595,genuine,168.0,186.0,12.0,150.0,334.0,183.0,166.0
1730,genuine,22.3,15.7,962.4,632.3,21.4,16.4,16.7
2323,impersonator,9.3,984.2,1008.5,27.6,15.7,19.4,21.7
992,impersonator,166.9,182.6,152.9,175.1,12.4,166.3,302.6
2499,genuine,16.6,11.4,215.1,216.4,199.7,433.7,233.2
381,genuine,228.4,233.0,433.2,16.6,433.3,16.7,232.9
218,genuine,230.0,233.3,233.0,433.1,17.2,233.2,233.5
3661,impersonator,166.8,163.9,180.2,172.8,170.8,170.0,174.3
2813,impersonator,11.3,11.4,389.2,20.0,15.9,21.4,19.9
382,genuine,13.5,235.9,233.1,451.6,13.9,233.0,233.7
603,impersonator,21.4,21.2,16.0,226.1,205.2,417.2,410.6
1327,impersonator,17.4,16.7,20.2,194.1,99.2,93.1,88.4
3826,genuine,169.0,172.0,169.0,169.0,172.0,171.0,166.0
1541,genuine,173.0,171.0,175.0,173.0,172.0,172.0,172.0
1242,genuine,1602.8,21.9,16.6,19.6,19.3,20.0,19.7
520,genuine,15.8,17.9,18.8,54.9,54.0,40.9,88.1
4277,impersonator,164.5,165.4,171.9,172.4,168.5,174.8,169.6
1683,genuine,166.0,15.0,150.0,331.0,169.0,166.0,13.0
843,impersonator,18.7,18.7,11.1,1438.6,19.6,22.9,18.0
86,impersonator,224.9,251.0,438.0,254.6,468.6,22.9,245.6
2441,impersonator,16.7,18.7,764.2,426.8,17.6,20.3,23.5
2416,impersonator,10.5,34.4,10.6,936.6,20.8,21.9,16.0
3000,impersonator,170.7,186.6,156.5,179.1,169.6,170.1,169.1
2907,impersonator,162.2,173.4,163.8,172.9,171.1,170.7,169.3
371,impersonator,19.2,1212.9,381.0,22.4,21.4,88.6,26.4
909,impersonator,161.8,175.6,163.4,168.0,162.0,164.7,164.7
4318,impersonator,109.9,89.5,17.7,19.8,17.1,16.2,19.6
4259,genuine,165.0,187.0,155.0,172.0,171.0,171.0,8.0
2000,genuine,16.3,12.1,215.1,216.5,199.7,216.2,417.2
3651,impersonator,225.7,396.8,5.0,231.6,223.3,456.8,16.6
2719,impersonator,171.4,163.4,169.4,178.8,171.5,172.3,172.2
1645,impersonator,19.4,221.6,394.0,28.7,21.0,226.4,412.3
4337,impersonator,10.6,11.3,908.4,27.7,11.6,15.9,20.9
1342,genuine,16.6,22.6,529.1,846.3,20.5,20.3,19.5
2572,impersonator,163.4,171.0,171.5,148.1,165.7,163.4,161.9
3651,genuine,171.0,171.0,175.0,173.0,172.0,173.0,174.0
793,genuine,13.6,17.0,1399.2,17.1,15.7,16.9,17.3
1448,impersonator,15.8,414.4,5.6,18.9,18.8,76.6,28.3
2460,impersonator,162.8,168.7,184.3,172.4,168.9,169.0,166.6
1246,genuine,165.0,168.0,168.0,169.0,166.0,166.0,167.0
30,impersonator,420.8,27.2,28.1,223.3,221.9,434.8,14.2
602,genuine,227.0,230.7,217.9,232.9,233.5,449.7,15.1
1569,genuine,18.8,20.2,99.5,1691.4,21.2,20.2,19.5
3154,genuine,15.2,16.8,337.0,15.3,16.7,806.1,1049.8
2692,genuine,164.0,174.0,155.0,172.0,171.0,170.0,168.0
675,impersonator,159.5,167.4,167.2,168.8,164.7,164.8,165.8
2638,genuine,2502.4,28.1,13.0,59.8,92.1,88.1,100.9
2997,genuine,17.5,20.2,1174.6,620.3,24.5,22.2,20.5
3358,genuine,16.5,19.3,326.7,18.2,19.2,18.6,59.6
3522,impersonator,16.1,865.5,34.4,18.3,1726.4,16.7,24.1
2994,genuine,16.5,621.8,400.2,17.8,21.8,20.0,20.6
1254,genuine,167.0,172.0,169.0,171.0,172.0,173.0,165.0
1497,genuine,166.0,171.0,168.0,172.0,172.0,171.0,165.0
2690,genuine,166.0,168.0,167.0,167.0,166.0,10.0,156.0
1993,impersonator,14.6,21.9,61.7,1654.9,464.7,20.9,21.3
957,genuine,228.8,233.0,233.2,233.2,232.9,433.1,17.0
3299,genuine,593.0,1479.3,19.3,19.6,21.2,24.9,81.9
2905,impersonator,210.2,237.6,385.0,442.3,428.1,21.2,238.4
4059,impersonator,228.6,407.4,10.4,25.4,219.7,432.9,14.7
2298,impersonator,18.5,401.6,15.2,24.4,27.0,21.5,17.5
4102,genuine,164.0,178.0,151.0,170.0,169.0,171.0,168.0
2744,genuine,167.0,172.0,170.0,170.0,171.0,171.0,166.0
1753,genuine,29.2,46.9,16.6,2095.4,18.7,17.9,17.9
2532,impersonator,209.9,240.7,420.2,445.3,446.3,19.2,237.3
4476,genuine,19.5,16.8,18.8,549.4,20.7,21.1,22.3
1528,genuine,164.0,183.0,156.0,172.0,5.0,167.0,350.0
3892,impersonator,20.8,18.2,1389.7,16.7,14.2,17.5,23.9
4178,impersonator,210.1,241.1,208.4,443.4,14.9,21.6,232.5
545,genuine,12.7,232.5,233.2,233.1,216.7,233.3,234.0
265,impersonator,164.8,162.7,175.8,177.3,166.6,169.4,168.9
1133,genuine,179.0,174.0,154.0,170.0,170.0,170.0,12.0
877,genuine,169.0,172.0,170.0,171.0,173.0,171.0,167.0
969,impersonator,226.1,429.2,6.0,231.8,223.6,222.9,374.5
3800,genuine,15.0,185.0,9.0,338.0,191.0,168.0,345.0
2116,impersonator,18.4,441.7,9.6,224.6,24.8,19.6,16.4
1390,impersonator,19.6,26.8,991.8,1546.4,28.2,21.2,15.6
287,genuine,166.0,170.0,166.0,166.0,168.0,167.0,168.0
1788,genuine,16.9,13.6,422.7,15.3,17.7,20.0,16.8
1298,genuine,192.7,435.4,232.0,232.9,450.6,16.5,233.1
2676,genuine,163.0,170.0,168.0,167.0,169.0,166.0,166.0
1570,genuine,49.3,1107.6,15.5,16.5,16.8,16.5,16.8
2716,impersonator,169.2,165.7,173.1,181.2,166.5,173.8,175.1
2289,genuine,167.0,171.0,168.0,170.0,171.0,173.0,166.0
877,impersonator,214.4,24.4,19.4,28.7,223.7,16.5,17.0
1742,impersonator,235.1,415.0,30.3,236.2,213.5,430.3,10.8
2937,genuine,13.1,12.7,229.1,199.0,217.4,416.9,450.3
4236,impersonator,169.1,170.3,171.8,175.6,173.8,170.9,162.6
1940,genuine,216.4,411.6,233.2,233.3,433.7,16.4,16.2
3904,genuine,167.0,165.0,168.0,166.0,168.0,167.0,167.0
381,impersonator,161.4,165.3,154.6,175.9,163.7,166.7,167.9
198,genuine,214.1,415.6,232.9,232.3,434.3,15.5,234.1
418,genuine,14.4,234.8,227.9,233.3,233.3,433.5,15.4
2803,genuine,164.0,167.0,168.0,168.0,169.0,167.0,168.0
2771,impersonator,162.7,161.4,166.6,173.5,165.8,162.7,165.0
3797,genuine,231.5,430.3,15.7,232.7,233.3,233.1,433.6
3180,impersonator,173.0,168.8,170.5,175.5,167.2,169.7,167.3
3512,impersonator,20.2,5.9,16.5,215.9,207.9,412.4,412.2
2584,impersonator,20.3,22.0,233.6,240.3,235.1,428.9,15.4
3142,genuine,22.1,17.3,775.8,422.3,16.5,18.6,20.0
3778,impersonator,169.4,175.7,161.5,175.4,169.2,169.8,165.5
1719,impersonator,164.7,173.7,172.9,176.3,167.0,173.2,168.0
4449,impersonator,166.0,164.4,171.3,173.8,169.9,171.9,165.8
253,genuine,15.2,16.8,1169.8,629.6,17.5,16.0,17.1
2184,impersonator,442.8,18.0,392.5,231.8,217.1,232.6,228.1
3054,impersonator,10.2,19.0,34.0,1018.0,21.2,20.3,16.3
65,genuine,14.3,18.5,136.4,17.8,56.3,32.1,1996.2
1359,impersonator,169.9,180.8,0.0,181.4,367.6,25.8,170.4
192,impersonator,27.1,441.8,21.0,221.8,216.8,221.5,223.1
1024,genuine,16.7,17.9,18.6,19.6,952.4,19.4,18.9
3563,impersonator,164.5,162.4,174.9,171.5,164.0,165.1,167.6
1682,genuine,16.4,18.1,985.9,420.0,18.2,20.6,20.4
3689,genuine,6.0,159.0,4.0,327.0,11.0,322.0,335.0
1563,impersonator,162.5,176.9,150.6,176.3,165.8,166.7,165.8
3591,genuine,51.9,1340.8,206.5,17.8,17.5,20.8,16.6
2770,genuine,167.0,165.0,168.0,17.0,151.0,331.0,166.0
741,impersonator,166.2,172.1,19.3,184.9,169.8,170.3,167.8
3427,genuine,228.3,433.2,16.3,233.3,233.2,433.4,16.4
621,genuine,171.0,175.0,174.0,173.0,172.0,172.0,173.0
748,impersonator,157.4,162.4,168.3,175.6,174.4,168.3,161.6
3653,impersonator,11.4,16.8,7.2,285.1,217.6,435.5,16.6
407,genuine,163.0,177.0,155.0,171.0,168.0,12.0,166.0
3851,genuine,169.0,171.0,170.0,171.0,173.0,169.0,166.0
1555,genuine,163.0,167.0,168.0,168.0,167.0,169.0,165.0
217,genuine,16.8,18.9,973.2,632.0,21.6,16.6,17.3
135,impersonator,169.5,173.5,166.7,179.0,174.9,172.3,165.7
1257,genuine,181.0,175.0,152.0,172.0,170.0,170.0,11.0
3250,genuine,18.9,13.5,416.9,218.3,17.0,17.0,16.8
1179,genuine,12.7,232.6,233.1,233.2,216.1,233.4,16.4
2956,genuine,162.0,168.0,166.0,166.0,168.0,166.0,164.0
315,impersonator,166.5,163.9,168.6,264.4,165.6,167.3,164.3
1963,impersonator,231.8,241.9,207.8,439.6,11.2,229.4,407.4
1431,genuine,230.7,447.0,16.9,232.7,233.1,433.6,16.5
800,impersonator,24.1,12.5,693.6,11.7,27.1,16.0,16.7
3448,impersonator,438.4,435.2,19.7,245.2,229.1,450.1,18.8
4462,impersonator,169.4,172.1,174.6,171.9,172.5,173.1,168.0
2711,impersonator,13.7,1132.0,396.9,18.8,19.2,20.4,18.7
1761,genuine,430.4,16.4,235.9,232.2,450.7,15.4,233.9
1018,genuine,16.0,26.7,1388.8,16.5,18.6,20.3,16.7
1809,genuine,585.0,423.0,16.4,21.3,19.9,19.2,16.1
1523,genuine,18.3,20.4,21.5,947.5,628.3,19.8,21.4
189,genuine,166.0,169.0,170.0,169.0,170.0,169.0,170.0
2957,impersonator,11.3,17.6,1040.3,434.9,18.5,22.6,17.0
2171,genuine,180.0,182.0,149.0,170.0,171.0,11.0,166.0
3807,impersonator,404.6,24.6,216.0,229.6,444.8,14.4,234.4
2536,genuine,164.0,186.0,155.0,169.0,171.0,171.0,169.0
2277,impersonator,10.8,1166.3,364.9,14.6,22.1,17.0,14.4
2664,genuine,16.3,19.1,1166.3,626.8,19.6,19.1,19.0
2302,impersonator,161.1,167.3,174.4,167.0,166.7,166.7,165.9
1664,impersonator,163.5,182.6,156.6,175.7,171.5,168.5,159.6
400,genuine,234.1,228.4,433.3,16.4,233.3,233.3,433.2
1228,impersonator,21.7,21.1,1289.9,13.6,16.0,19.4,16.3
2153,impersonator,169.6,171.7,155.3,181.0,172.9,171.7,169.6
1995,genuine,11.9,14.8,218.0,213.7,199.9,216.5,417.0
599,genuine,170.0,173.0,175.0,170.0,173.0,174.0,174.0
2859,genuine,163.0,166.0,168.0,165.0,167.0,166.0,164.0
2314,impersonator,164.9,166.2,160.0,170.9,169.9,171.5,167.7
817,impersonator,17.9,1400.1,19.5,19.5,19.2,21.7,77.6
1681,genuine,18.6,18.7,19.2,1410.3,17.7,22.3,20.1
734,genuine,16.3,55.3,59.8,119.8,68.2,95.8,28.4
4490,impersonator,168.3,171.0,173.4,179.7,171.0,168.3,165.4
1917,impersonator,167.5,178.6,159.9,180.7,162.3,166.5,336.5
322,impersonator,12.1,18.4,20.2,893.7,1757.8,19.6,21.1
171,impersonator,172.6,171.7,173.5,183.0,168.4,175.7,170.6
3653,genuine,19.0,12.6,19.2,20.0,938.3,18.6,18.7
335,impersonator,169.8,162.9,162.2,172.2,170.4,170.7,165.9
4373,impersonator,407.5,128.5,6.6,221.4,341.8,170.0,174.1
3285,impersonator,168.9,168.3,168.8,177.8,173.6,173.5,169.8
2665,genuine,18.9,19.9,571.6,17.9,17.9,18.0,18.3
2727,impersonator,172.2,181.4,155.0,177.8,175.0,171.9,167.4
1381,impersonator,173.7,179.2,155.9,174.6,173.1,170.4,165.2
1362,impersonator,12.7,216.6,209.3,427.9,215.6,228.5,210.6
2827,impersonator,164.5,166.2,165.5,168.8,169.3,165.1,164.1
937,genuine,170.0,175.0,174.0,175.0,174.0,172.0,174.0
1277,impersonator,229.5,235.0,221.3,230.7,447.3,23.5,234.6
422,impersonator,429.9,446.6,82.0,235.1,228.4,433.7,15.9
2524,impersonator,170.3,172.2,174.2,174.6,171.2,173.9,175.9
1076,impersonator,20.0,25.6,723.1,13.9,23.1,21.9,22.6
645,impersonator,162.0,180.8,160.8,176.9,171.0,16.4,166.0
3170,genuine,166.0,169.0,171.0,170.0,168.0,167.0,171.0
1136,impersonator,167.3,169.0,169.2,266.7,173.3,170.3,165.1
4436,genuine,165.0,167.0,168.0,168.0,167.0,169.0,168.0
842,genuine,232.5,229.5,233.2,199.9,233.3,233.3,433.6
2614,genuine,168.0,172.0,169.0,174.0,170.0,171.0,169.0
255,impersonator,220.2,233.9,210.4,27.1,423.1,15.9,217.8
2036,genuine,230.0,233.5,232.7,433.5,16.6,233.2,233.4
1384,impersonator,170.4,180.0,146.7,176.8,165.8,15.7,320.8
3313,genuine,16.8,21.1,789.8,420.4,17.7,432.6,21.0
763,genuine,443.8,28.5,235.3,31.0,200.5,216.4,618.7
325,impersonator,2.0,14.2,7.7,232.1,863.9,20.8,14.3
3686,impersonator,161.9,182.4,151.7,179.8,11.5,17.2,326.6
3033,genuine,165.0,169.0,166.0,166.0,167.0,167.0,169.0
1517,impersonator,164.3,173.0,168.6,168.9,161.5,165.8,163.6
856,genuine,16.6,23.9,1600.5,16.0,18.5,18.8,18.4
3667,impersonator,13.3,20.7,1183.5,440.3,21.5,21.8,818.3
1302,genuine,169.0,172.0,168.0,172.0,171.0,173.0,167.0
1247,genuine,165.0,169.0,167.0,169.0,166.0,167.0,167.0
1041,impersonator,232.6,38.1,171.2,174.6,169.1,173.1,169.3
477,impersonator,20.3,16.1,214.4,224.5,408.4,428.6,435.2
4443,impersonator,166.4,173.1,158.8,174.1,168.5,173.4,162.5
2125,impersonator,237.0,422.8,389.5,30.9,231.5,433.2,227.2
1206,impersonator,169.5,165.1,174.8,180.7,168.7,168.8,166.6
2061,genuine,173.0,173.0,174.0,174.0,173.0,173.0,172.0
4486,genuine,224.1,232.5,433.8,16.5,232.8,233.2,216.2
4018,genuine,15.6,17.6,119.5,1258.8,17.8,17.8,18.7
4162,genuine,165.0,169.0,168.0,165.0,168.0,167.0,166.0
2109,genuine,170.0,174.0,173.0,175.0,172.0,172.0,173.0
1649,impersonator,162.6,162.0,169.7,165.1,161.0,168.5,166.6
2797,impersonator,1995.3,23.0,157.9,28.5,20.0,21.5,19.2
7,genuine,171.0,187.0,153.0,171.0,170.0,169.0,169.0
4493,genuine,164.0,169.0,168.0,170.0,168.0,169.0,170.0
1377,genuine,15.0,1172.6,631.1,16.2,16.0,17.4,17.6
3305,genuine,213.0,415.9,232.8,433.4,16.4,233.1,233.0
2924,genuine,169.0,184.0,156.0,171.0,169.0,170.0,170.0
834,genuine,165.0,168.0,170.0,169.0,169.0,169.0,167.0
3590,genuine,165.0,168.0,170.0,167.0,169.0,170.0,168.0
1073,genuine,11.0,170.0,326.0,171.0,170.0,10.0,167.0
2305,impersonator,19.5,807.9,25.8,21.5,1031.6,64.9,79.7
7,impersonator,12.1,222.0,1214.9,437.2,14.0,227.1,441.7
4246,genuine,15.4,15.0,935.0,15.6,16.8,16.8,16.9
520,impersonator,5.7,23.0,797.3,450.2,20.0,21.1,771.9
106,genuine,165.0,168.0,167.0,167.0,166.0,167.0,168.0
2491,impersonator,5.5,229.0,331.4,18.2,22.9,26.2,24.3
114,impersonator,165.4,173.1,173.2,174.9,165.2,168.6,163.5
3372,impersonator,24.8,3.6,11.1,227.6,215.2,426.8,21.5
3860,genuine,167.0,173.0,169.0,172.0,170.0,171.0,165.0
4117,genuine,170.0,173.0,175.0,172.0,174.0,173.0,173.0
1880,impersonator,20.1,22.6,11.7,18.3,23.6,20.6,17.6
2029,impersonator,17.9,1398.7,8.8,24.1,17.0,18.6,17.6
1796,genuine,15.8,20.2,785.0,417.8,15.8,20.6,17.1
2188,genuine,167.0,172.0,169.0,169.0,170.0,173.0,164.0
2752,impersonator,19.7,11.0,18.6,22.9,350.9,18.2,13.1
2157,impersonator,226.5,434.2,410.3,229.6,451.0,22.3,17.2
2054,impersonator,161.5,164.2,171.3,175.7,173.4,170.7,168.1
2455,impersonator,26.1,118.7,37.3,15.3,69.9,63.5,78.7
4437,genuine,165.0,173.0,168.0,171.0,173.0,173.0,166.0
1621,impersonator,168.8,175.1,166.5,178.1,169.8,168.9,169.3
3460,genuine,11.7,2747.3,19.3,13.8,28.0,62.7,88.6
2371,impersonator,169.5,181.9,159.0,176.5,170.6,169.0,170.1
1152,genuine,166.0,185.0,156.0,172.0,169.0,171.0,170.0
364,genuine,16.6,335.4,18.3,61.2,67.8,61.8,37.8
4278,genuine,163.0,168.0,166.0,167.0,166.0,167.0,166.0
3757,genuine,234.5,227.9,433.4,16.4,16.3,216.5,199.6
362,impersonator,173.6,167.3,171.3,168.5,178.3,178.7,177.8
2197,genuine,16.8,17.2,561.2,840.5,19.5,18.8,20.5
1455,genuine,209.3,216.2,199.8,421.4,426.1,16.3,434.6
3850,genuine,18.3,17.6,17.8,946.2,18.8,18.2,18.5
557,impersonator,10.9,18.7,1301.4,26.8,12.5,19.4,23.7
2702,genuine,89.5,1166.3,13.7,17.2,17.4,48.4,31.9
4167,genuine,164.0,167.0,168.0,169.0,166.0,166.0,166.0
3657,genuine,16.5,1407.8,22.1,17.3,19.1,20.2,18.1
2686,impersonator,223.7,232.8,473.8,37.3,252.6,247.8,216.5
1366,impersonator,18.7,12.2,213.0,203.1,214.4,12.1,227.3
4018,impersonator,21.0,1422.2,337.5,25.4,29.0,23.0,17.8
15,genuine,200.1,211.8,417.1,233.0,233.6,432.3,16.4
2519,genuine,166.0,167.0,169.0,166.0,168.0,166.0,166.0
2197,impersonator,166.6,173.6,169.2,168.5,165.2,170.8,167.5
1326,impersonator,172.6,165.7,178.4,170.9,170.9,173.6,174.0
801,impersonator,166.9,167.0,168.9,174.2,163.2,169.4,164.1
2089,impersonator,16.6,211.3,210.9,27.4,11.1,223.4,433.0
4411,impersonator,19.7,18.2,29.8,76.8,86.9,63.3,97.9
3073,impersonator,20.2,10.5,223.6,161.3,210.4,418.8,224.5
3159,genuine,13.1,232.5,233.2,232.7,433.3,16.8,232.9
622,genuine,231.7,227.7,234.0,433.4,16.0,233.2,233.3
1531,genuine,166.0,174.0,168.0,170.0,172.0,169.0,165.0
1756,genuine,169.0,172.0,174.0,174.0,175.0,173.0,172.0
3351,impersonator,106.6,1172.1,22.3,11.8,16.4,18.2,60.0
2127,genuine,181.0,173.0,155.0,171.0,170.0,168.0,12.0
2621,impersonator,21.2,236.6,388.2,12.7,15.2,229.0,225.2
3782,impersonator,167.8,166.8,166.0,172.3,171.0,170.6,162.6
473,impersonator,167.6,181.9,157.8,175.1,166.7,170.0,17.7
1635,impersonator,19.4,420.9,10.2,317.5,227.3,216.0,16.5
2864,impersonator,16.0,715.0,418.2,26.8,210.0,230.1,419.4
1812,genuine,168.0,172.0,168.0,173.0,170.0,172.0,164.0
1278,impersonator,29.2,160.8,476.0,31.4,210.5,172.5,430.2
981,impersonator,15.7,13.3,403.4,30.1,25.4,17.9,21.6
373,impersonator,167.9,185.9,685.2,172.2,164.6,14.6,332.5
4352,genuine,163.0,179.0,160.0,170.0,168.0,171.0,170.0
4302,impersonator,427.0,428.9,19.5,240.9,232.8,444.6,18.4
75,genuine,232.2,230.6,433.3,16.4,233.4,16.2,216.6
3397,genuine,232.6,429.5,16.3,233.1,433.7,16.5,16.3
4375,genuine,168.0,171.0,169.0,172.0,171.0,171.0,165.0
588,impersonator,392.6,160.3,159.2,192.8,164.9,164.3,163.8
1220,impersonator,19.3,223.8,433.1,29.4,226.6,236.2,443.6
3300,impersonator,18.9,242.2,392.4,24.7,220.9,227.8,456.2
3493,impersonator,180.1,172.5,174.7,174.6,175.1,176.4,176.4
2721,impersonator,167.0,182.7,150.3,177.6,166.0,166.9,169.1
4405,genuine,381.7,17.6,59.1,99.8,34.6,40.7,88.0
3614,genuine,167.0,167.0,168.0,168.0,171.0,168.0,171.0
515,genuine,227.8,232.9,233.3,433.4,16.8,232.9,233.2
557,genuine,164.0,183.0,150.0,171.0,168.0,12.0,167.0
3017,impersonator,16.4,18.7,25.6,876.5,29.1,26.4,18.7
2395,impersonator,235.9,231.8,428.4,422.5,431.7,22.6,219.6
205,genuine,167.0,170.0,170.0,167.0,169.0,169.0,170.0
1895,impersonator,158.6,167.5,167.6,177.9,169.8,167.7,165.9
2074,genuine,173.0,171.0,174.0,171.0,175.0,175.0,173.0
2894,impersonator,14.7,233.7,205.4,452.7,19.7,18.2,241.4
3306,impersonator,23.0,1093.2,381.4,25.0,15.6,18.9,18.3
1248,impersonator,18.8,16.3,36.5,15.1,21.5,21.8,18.2
2299,impersonator,168.8,181.8,0.0,177.8,298.5,173.3,17.4
2732,genuine,17.0,18.7,747.5,838.1,22.1,22.0,23.6
2339,genuine,232.6,12.6,214.9,199.0,216.6,417.8,433.4
1747,impersonator,16.9,1164.7,385.2,17.8,14.2,227.6,23.0
2972,impersonator,13.8,26.4,762.6,437.4,22.1,18.8,24.4
1252,impersonator,167.0,174.7,156.1,177.6,169.0,169.1,168.6
1234,genuine,15.7,18.8,600.6,405.6,15.9,20.1,16.8
3188,impersonator,25.3,211.7,446.1,31.7,233.5,235.8,225.8
1483,impersonator,214.0,449.1,0.2,340.7,319.2,16.4,11.1
370,genuine,807.9,202.9,18.9,21.0,20.9,20.8,19.0
3371,impersonator,14.7,22.9,13.3,1698.0,21.3,17.6,21.2
72,impersonator,8.5,20.0,763.6,1034.3,22.9,22.6,19.4
1944,impersonator,12.6,27.3,20.6,24.1,17.5,23.6,17.8
3981,impersonator,165.3,173.7,154.0,174.8,168.3,170.2,167.8
151,genuine,20.2,17.8,20.1,730.3,19.9,19.7,19.9
2457,impersonator,16.6,20.8,1120.4,19.7,20.9,26.5,20.0
2834,impersonator,455.4,237.5,242.0,231.5,445.9,22.8,232.1
872,genuine,429.2,16.3,233.0,233.2,433.4,16.6,233.2
377,genuine,165.0,169.0,167.0,166.0,166.0,165.0,168.0
2235,genuine,172.0,172.0,174.0,173.0,174.0,172.0,174.0
1251,impersonator,163.3,179.1,392.5,177.2,166.3,168.9,15.5
2540,genuine,170.0,175.0,175.0,174.0,175.0,174.0,173.0
692,impersonator,206.3,242.9,219.4,244.6,470.6,24.0,247.2
2485,genuine,414.0,232.2,16.5,216.2,199.9,634.2,16.0
1829,impersonator,166.1,182.3,159.1,176.7,168.5,168.0,166.7
60,genuine,15.9,1382.9,410.9,17.8,16.7,18.1,18.2
3515,genuine,231.9,431.1,16.4,233.3,433.9,16.3,232.9
4235,impersonator,17.4,418.4,9.6,16.2,15.8,17.1,17.9
80,genuine,165.0,170.0,166.0,13.0,153.0,335.0,168.0
4447,impersonator,165.2,168.2,164.8,171.8,168.2,164.4,167.4
3971,impersonator,13.0,20.0,18.5,1658.4,31.4,20.2,25.3
326,impersonator,165.5,162.9,174.8,173.3,170.7,170.3,170.8
2231,genuine,446.5,26.5,232.8,232.8,451.1,15.2,232.3
537,impersonator,166.8,179.3,158.8,29.3,171.4,19.3,13.7
510,genuine,228.0,233.1,233.1,233.3,433.5,16.6,233.0
1468,genuine,171.0,172.0,175.0,171.0,174.0,175.0,171.0
4342,genuine,225.4,232.6,232.8,450.8,16.6,232.6,232.9
683,genuine,169.0,172.0,176.0,180.0,164.0,172.0,173.0
810,impersonator,234.9,446.8,29.3,233.8,233.6,450.0,14.4
55,impersonator,223.6,242.2,363.7,233.4,478.0,24.0,231.5
23,impersonator,21.7,161.2,180.5,24.3,161.9,310.5,167.1
2069,genuine,1355.5,17.0,20.1,16.6,18.2,18.4,31.0
99,impersonator,18.2,14.2,29.5,10.1,11.7,18.9,21.4
1988,genuine,170.0,171.0,169.0,172.0,171.0,172.0,169.0
4041,genuine,169.0,167.0,168.0,169.0,183.0,157.0,171.0
367,impersonator,231.4,226.3,357.0,244.2,220.2,227.9,226.4
3768,impersonator,224.9,25.0,239.6,448.9,18.7,228.9,437.7
2191,impersonator,17.2,17.4,592.2,673.2,619.6,19.5,20.6
4146,impersonator,170.1,164.6,167.1,175.2,173.2,174.8,168.5
600,genuine,164.0,180.0,155.0,170.0,170.0,169.0,169.0
2700,impersonator,162.5,157.2,438.5,22.6,162.0,307.8,337.9
3766,genuine,225.6,234.2,449.6,16.3,232.7,451.3,15.6
4439,genuine,171.0,172.0,173.0,174.0,171.0,172.0,173.0
3500,impersonator,169.0,172.1,178.4,175.3,174.7,170.2,169.9
494,impersonator,14.2,29.1,841.6,872.5,15.8,23.4,20.2
3183,genuine,229.2,433.2,16.2,231.9,233.3,233.1,233.5
2020,impersonator,409.9,234.7,222.8,224.7,430.0,17.6,219.0
4187,genuine,164.0,175.0,158.0,168.0,170.0,12.0,167.0
2489,genuine,164.0,182.0,157.0,170.0,7.0,167.0,350.0
2783,genuine,171.0,171.0,176.0,173.0,174.0,173.0,173.0
461,impersonator,13.6,22.6,27.4,220.9,14.3,17.7,18.0
1401,impersonator,443.8,11.5,230.4,219.5,219.0,443.8,429.1
2934,impersonator,171.3,168.9,164.9,173.1,170.7,172.3,165.7
826,genuine,1179.3,18.6,18.3,393.8,18.2,19.0,19.0
4176,genuine,164.0,168.0,167.0,166.0,168.0,166.0,167.0
543,genuine,181.0,177.0,153.0,171.0,169.0,170.0,170.0
4435,genuine,166.0,168.0,168.0,168.0,166.0,168.0,168.0
982,genuine,166.0,171.0,170.0,170.0,172.0,170.0,167.0
1573,impersonator,162.4,172.1,163.8,177.6,169.3,166.7,168.1
1781,impersonator,232.3,436.1,13.9,224.5,224.5,13.0,426.0
2444,impersonator,173.1,176.0,169.5,174.9,167.5,170.9,177.4
2284,impersonator,15.4,189.1,150.5,174.6,13.9,15.8,18.5
138,genuine,15.0,11.4,14.1,413.6,432.7,232.6,433.2
3729,impersonator,164.1,162.0,168.4,167.6,163.8,164.8,167.1
911,genuine,16.9,15.9,52.7,66.5,1697.9,18.4,19.3
3744,impersonator,95.5,1343.2,21.2,11.0,20.6,20.5,16.8
3467,genuine,162.0,167.0,339.0,12.0,172.0,338.0,21.0
3448,genuine,228.1,232.9,233.2,15.5,214.9,216.4,217.6
3829,genuine,170.0,175.0,172.0,175.0,172.0,174.0,172.0
3794,genuine,431.3,14.8,232.9,232.2,433.4,16.6,433.2
3889,impersonator,163.9,171.8,163.9,176.3,167.0,170.2,170.3
2351,genuine,14.4,18.3,788.0,421.6,15.2,18.8,18.8
2186,genuine,165.0,169.0,166.0,167.0,167.0,167.0,168.0
711,genuine,16.3,17.8,1166.4,631.7,20.6,18.9,19.7
1150,genuine,162.0,180.0,371.0,42.0,141.0,182.0,170.0
2606,genuine,164.0,178.0,156.0,172.0,169.0,169.0,170.0
1787,impersonator,80.4,432.1,24.1,22.0,80.4,103.4,16.3
467,impersonator,18.0,10.3,131.2,234.2,170.1,167.7,172.1
43,genuine,445.4,30.3,233.3,231.9,233.2,451.2,15.4
3281,genuine,925.5,18.0,18.4,17.8,18.3,2251.9,16.8
2267,impersonator,165.0,163.9,161.5,166.9,166.4,164.0,162.2
1936,genuine,15.6,18.8,1585.0,21.5,22.2,19.1,21.0
2351,impersonator,48.8,667.7,14.9,24.0,20.4,19.1,19.1
3673,genuine,412.4,232.8,433.6,16.9,15.6,417.3,15.4
1746,impersonator,165.7,175.4,165.2,177.8,168.6,15.9,169.7
965,impersonator,175.7,167.4,182.8,176.9,177.8,176.1,172.4
4346,genuine,29.3,33.1,211.7,200.0,219.6,213.7,416.7
1313,impersonator,166.4,169.0,178.4,171.0,163.6,167.4,164.2
493,genuine,18.8,20.1,20.1,959.2,20.4,20.4,20.3
3165,genuine,17.3,15.1,16.8,15.9,776.9,17.1,16.7
1509,impersonator,17.2,16.6,807.1,24.0,17.8,16.3,16.9
3088,impersonator,229.1,398.1,27.6,246.9,230.5,460.3,13.0
1786,genuine,181.0,174.0,152.0,170.0,171.0,169.0,171.0
1759,impersonator,24.6,231.9,41.4,242.7,233.6,449.7,229.9
4460,impersonator,174.5,173.1,177.4,176.0,176.1,176.1,173.0
4185,impersonator,163.6,168.3,170.6,173.0,168.4,166.2,166.5
465,impersonator,17.0,14.4,772.1,906.8,18.6,21.0,18.1
3041,genuine,11.2,17.6,781.2,17.4,18.3,18.0,1233.1
3526,genuine,822.8,389.8,16.4,18.4,18.8,19.1,20.8
3550,genuine,166.0,186.0,2.0,170.0,13.0,316.0,333.0
26,impersonator,164.5,165.7,165.6,179.9,171.2,176.1,164.2
2321,impersonator,22.8,1468.3,11.2,9.3,58.1,83.6,2331.4
4186,genuine,13.0,217.0,414.4,233.1,233.5,16.2,216.0
2149,genuine,166.0,165.0,165.0,166.0,165.0,165.0,166.0
3833,genuine,14.6,231.9,230.2,433.3,16.4,233.2,233.3
2437,genuine,13.5,1209.1,17.5,221.9,16.3,413.3,430.7
3381,impersonator,5.5,28.2,541.9,1546.8,18.9,15.1,218.2
2954,impersonator,15.7,29.7,87.1,1529.0,28.9,23.5,23.6
4090,impersonator,218.9,231.1,204.2,242.9,432.2,17.2,217.1
4484,genuine,171.0,174.0,174.0,174.0,174.0,172.0,173.0
3351,genuine,20.2,19.6,1593.0,19.0,21.6,21.6,178.6
4217,genuine,155.0,333.0,166.0,168.0,167.0,168.0,168.0
4225,genuine,18.3,10.9,215.8,414.0,233.1,233.1,433.3
2893,genuine,170.0,175.0,174.0,171.0,172.0,174.0,173.0
3070,genuine,167.0,171.0,167.0,171.0,173.0,171.0,168.0
2865,impersonator,244.5,447.5,21.0,26.7,229.2,225.3,416.7
2819,impersonator,23.1,22.8,233.4,238.8,230.2,228.5,435.7
2625,impersonator,165.2,103.9,3.5,174.7,169.9,170.9,172.6
1704,genuine,227.0,450.3,31.3,233.2,232.9,450.4,32.0
2788,impersonator,235.4,218.1,225.0,31.5,230.3,235.3,226.2
2962,genuine,164.0,166.0,167.0,167.0,164.0,165.0,166.0
2845,impersonator,168.1,166.8,166.0,168.7,172.0,175.6,164.1
2513,impersonator,219.4,230.1,11.5,437.3,211.9,221.6,210.3
3238,genuine,191.7,215.6,416.8,15.5,216.7,199.8,216.2
4307,impersonator,23.5,15.6,96.3,20.5,17.9,14.3,11.9
2182,genuine,169.0,172.0,169.0,171.0,171.0,171.0,166.0
3990,impersonator,169.3,173.4,150.6,175.6,166.7,171.2,20.3
2709,genuine,171.0,173.0,177.0,171.0,173.0,174.0,172.0
900,genuine,167.0,172.0,169.0,171.0,170.0,172.0,166.0
673,impersonator,24.5,18.9,13.3,239.0,224.0,417.5,19.8
3928,impersonator,169.2,186.3,158.7,182.7,170.3,171.7,168.6
1069,impersonator,18.8,161.3,385.6,180.2,18.9,172.4,227.2
1185,genuine,165.0,168.0,167.0,12.0,154.0,334.0,165.0
183,impersonator,241.6,443.6,25.5,217.0,476.5,21.9,229.8
2980,genuine,18.4,20.8,97.1,1260.0,19.3,20.6,20.7
4079,impersonator,23.2,18.1,134.0,227.7,238.7,430.7,813.7
2393,impersonator,15.2,25.5,766.6,1528.2,15.5,19.4,632.6
4131,impersonator,437.8,241.1,221.9,245.8,448.3,23.1,420.9
2115,genuine,1358.3,16.0,16.5,15.5,396.2,15.9,17.6
1117,genuine,16.9,11.2,215.3,216.6,199.8,216.3,417.1
2253,impersonator,21.9,1204.4,404.9,31.7,18.6,18.3,10.1
1699,impersonator,17.8,406.0,17.1,234.8,81.7,98.8,99.8
1510,genuine,13.7,25.7,197.0,216.2,216.7,416.7,433.2
1209,impersonator,214.4,241.0,217.8,234.6,421.4,13.5,233.0
3497,genuine,18.5,14.3,778.4,421.6,15.4,18.1,17.9
1441,genuine,17.2,17.9,18.5,18.1,37.7,67.4,38.2
2778,impersonator,29.5,26.7,1049.1,643.7,25.1,21.2,18.6
73,impersonator,15.4,239.7,221.0,439.4,7.6,219.5,215.9
3269,impersonator,161.8,163.3,168.7,172.9,165.9,164.5,170.0
2888,impersonator,20.6,425.7,389.1,31.7,230.6,226.1,10.2
2723,genuine,64.9,1651.7,15.4,17.3,47.4,784.6,15.9
2700,genuine,19.4,17.0,18.5,744.6,838.3,20.6,22.3
1224,impersonator,167.0,166.5,180.4,178.1,170.5,173.0,166.5
4315,genuine,15.7,18.0,1590.2,17.4,18.8,19.8,17.0
1090,impersonator,12.3,15.1,418.2,25.9,22.8,16.8,19.8
4267,impersonator,219.7,233.8,214.4,223.7,425.8,15.9,230.2
855,impersonator,18.1,224.2,426.4,22.7,206.2,225.2,451.9
2401,impersonator,17.1,21.2,165.9,1341.2,27.5,170.9,77.4
3227,impersonator,22.1,54.0,12.3,20.8,24.0,25.6,18.6
1265,genuine,165.0,174.0,169.0,171.0,171.0,171.0,164.0
4398,genuine,166.0,173.0,169.0,170.0,171.0,172.0,165.0
3234,impersonator,13.3,12.3,23.9,247.2,222.5,438.1,18.4
4112,impersonator,168.8,34.4,165.8,183.6,170.9,172.0,171.0
1953,impersonator,162.9,166.8,170.0,175.0,171.7,174.6,167.1
1379,genuine,11.4,1596.0,16.4,433.3,16.5,16.2,16.5
1180,genuine,172.0,172.0,177.0,171.0,173.0,175.0,171.0
4236,genuine,165.0,180.0,150.0,170.0,168.0,169.0,170.0
1306,impersonator,168.1,167.1,165.0,233.5,174.0,172.8,166.8
3274,genuine,13.5,19.1,1156.7,633.4,18.8,16.6,19.1
2702,impersonator,160.9,169.4,160.8,177.9,175.3,171.9,166.5
354,genuine,167.0,186.0,17.0,149.0,334.0,166.0,168.0
1270,genuine,626.2,37.5,12.6,223.9,613.9,13.7,218.8
3362,impersonator,231.3,235.0,219.3,448.0,453.6,226.5,225.3
2714,impersonator,17.0,237.7,427.2,36.3,245.5,249.7,441.4
3815,impersonator,25.3,15.4,36.8,15.6,68.1,85.8,59.6
1501,impersonator,11.2,21.1,20.7,219.1,23.1,23.7,17.1
3513,impersonator,170.1,177.9,178.0,168.4,164.8,173.9,166.2
1171,impersonator,170.2,168.0,165.1,173.3,169.5,171.9,171.2
3331,genuine,173.0,171.0,172.0,174.0,172.0,175.0,174.0
3946,genuine,165.0,188.0,155.0,170.0,168.0,1.0,187.0
3655,impersonator,166.4,167.4,167.6,166.5,173.2,172.4,163.0
1107,genuine,14.1,65.2,74.8,17.1,64.2,96.0,41.3
2154,impersonator,429.7,14.9,24.4,228.0,216.0,424.3,96.9
2414,impersonator,24.0,7.5,104.9,906.0,72.8,24.0,17.8
3993,impersonator,443.3,14.7,116.8,238.8,229.0,443.8,23.3
2165,impersonator,18.1,73.3,84.2,231.6,172.7,172.6,163.5
3941,impersonator,12.8,18.1,415.6,422.6,18.2,20.3,22.5
414,impersonator,234.3,21.7,212.4,431.7,217.5,223.8,214.8
3702,impersonator,164.9,165.3,175.6,174.1,168.0,170.9,161.9
3178,impersonator,173.6,159.6,173.3,180.5,172.4,174.3,166.2
280,impersonator,8.1,24.8,604.8,1242.1,18.9,17.9,17.3
2971,genuine,166.0,169.0,171.0,169.0,168.0,171.0,169.0
3864,impersonator,12.2,14.1,29.0,1317.2,638.2,16.7,16.8
2480,impersonator,12.7,438.4,24.7,26.7,851.1,24.6,18.8
1434,genuine,211.1,216.4,416.5,233.2,233.4,433.4,16.6
631,genuine,229.9,232.9,235.7,215.9,233.5,234.2,449.8
904,impersonator,170.9,169.8,165.3,177.2,173.3,24.4,176.2
1481,genuine,165.0,171.0,168.0,170.0,171.0,171.0,168.0
838,genuine,384.8,1054.1,18.3,20.7,19.2,17.5,15.8
2277,genuine,15.5,964.4,421.8,17.4,19.6,19.6,21.4
1398,impersonator,164.1,168.0,177.3,170.3,172.5,168.2,164.1
874,impersonator,19.2,23.9,732.1,595.7,17.0,15.8,18.2
1031,genuine,179.0,173.0,157.0,171.0,171.0,11.0,166.0
80,impersonator,163.6,167.9,161.1,171.7,165.9,176.0,167.8
3888,genuine,167.0,170.0,169.0,171.0,172.0,170.0,166.0
4272,impersonator,168.0,169.1,170.1,167.7,173.3,167.6,164.5
2615,impersonator,174.8,167.4,177.1,169.1,167.7,171.3,167.9
1832,impersonator,172.1,178.1,176.6,178.6,170.0,171.5,170.1
1903,genuine,17.2,20.1,20.5,40.4,1165.1,18.9,19.2
1009,genuine,227.8,231.2,217.8,232.8,231.7,451.5,15.2
906,genuine,167.0,187.0,156.0,172.0,172.0,170.0,172.0
578,impersonator,17.9,1113.7,34.9,25.9,1409.1,16.7,19.1
2404,impersonator,16.3,13.7,641.0,1590.6,23.9,20.8,26.9
4368,genuine,169.0,172.0,167.0,172.0,217.0,127.0,168.0
2822,genuine,167.0,167.0,167.0,165.0,165.0,169.0,169.0
1975,genuine,16.1,15.2,212.1,216.2,417.1,233.0,233.0
411,genuine,5.0,1686.1,19.1,15.1,1018.8,20.8,19.8
1397,impersonator,213.5,224.7,195.5,239.5,441.8,21.8,217.7
4474,impersonator,2.0,15.4,803.8,211.5,15.9,15.9,2389.2
146,genuine,167.0,166.0,166.0,166.0,168.0,8.0,159.0
3592,genuine,228.6,233.0,433.3,17.0,232.8,233.0,233.3
3710,genuine,228.9,432.4,16.4,233.2,16.5,216.2,199.9
1638,genuine,17.0,1620.1,22.6,18.3,20.1,20.0,19.6
2315,genuine,15.8,16.5,47.2,1164.3,18.6,17.1,15.9
119,genuine,370.9,420.5,16.3,16.7,17.2,16.8,17.0
18,genuine,235.0,227.3,433.3,16.2,232.9,233.3,433.9
441,impersonator,221.8,234.8,425.8,452.8,13.1,221.4,223.0
1867,impersonator,418.0,247.5,9.6,249.5,446.1,457.9,225.9
1161,impersonator,235.2,420.3,14.5,14.9,231.2,220.0,13.3
1866,genuine,20.9,16.6,320.4,1485.5,19.1,20.5,20.5
1095,genuine,14.4,19.1,399.1,421.9,16.9,19.5,19.2
3579,genuine,164.0,166.0,166.0,165.0,168.0,166.0,169.0
1849,genuine,165.0,166.0,167.0,166.0,166.0,167.0,165.0
3043,impersonator,23.4,182.8,150.7,179.6,16.8,172.3,367.1
4043,genuine,164.0,166.0,168.0,166.0,166.0,168.0,167.0
1322,impersonator,174.4,176.4,177.2,170.6,166.3,173.8,170.4
4483,impersonator,934.1,1325.7,1328.5,27.0,21.1,22.1,16.8
4423,genuine,228.4,233.3,232.8,432.9,16.6,233.2,233.3
4070,genuine,167.0,171.0,168.0,172.0,170.0,170.0,168.0
2456,genuine,20.3,1177.2,415.6,17.6,22.6,16.7,17.6
863,genuine,168.0,171.0,168.0,171.0,170.0,170.0,166.0
4393,impersonator,166.6,175.4,164.5,184.5,169.8,172.6,173.6
2816,impersonator,230.6,234.0,227.9,235.5,427.7,17.2,226.8
2796,genuine,171.0,172.0,176.0,173.0,171.0,173.0,172.0
3822,impersonator,164.4,179.5,154.9,176.1,169.2,170.5,169.5
2902,genuine,231.7,198.4,232.1,232.1,433.5,16.6,433.2
437,impersonator,172.6,169.4,173.3,173.8,172.7,172.5,167.0
1477,impersonator,170.7,162.4,169.2,176.7,168.9,170.9,166.8
111,genuine,171.0,171.0,174.0,174.0,174.0,173.0,172.0
4255,genuine,166.0,168.0,169.0,168.0,167.0,167.0,167.0
2979,genuine,14.5,230.1,232.4,233.3,433.4,15.4,233.2
3005,impersonator,6.1,224.2,198.9,425.5,14.8,223.0,227.5
3323,impersonator,158.0,172.1,172.4,19.7,165.6,165.4,169.4
2910,impersonator,97.7,504.3,391.3,26.1,224.1,236.1,402.6
1703,impersonator,178.0,182.9,159.7,178.8,175.5,175.0,166.9
3446,impersonator,165.0,168.6,163.6,177.3,170.2,174.1,166.3
3110,impersonator,446.5,26.7,238.8,233.3,229.1,18.4,227.1
3127,impersonator,10.8,21.1,709.3,443.2,14.6,21.5,21.0
596,genuine,622.8,22.7,240.5,225.7,17.7,420.0,195.7
670,genuine,16.1,19.3,784.8,629.9,20.6,16.0,419.0
1879,genuine,18.6,20.2,13.6,946.4,18.1,18.8,18.7
1163,impersonator,238.2,230.4,430.6,26.2,23.8,223.7,215.8
1535,impersonator,414.4,175.1,160.9,182.1,169.2,170.3,171.9
619,impersonator,11.4,19.5,762.5,655.1,16.5,14.6,19.6
1491,genuine,15.3,18.8,397.9,209.5,19.1,19.3,18.7
3016,genuine,226.4,449.9,30.9,233.5,232.7,450.9,16.1
478,impersonator,14.7,12.9,590.8,400.5,212.3,12.4,17.3
721,impersonator,1658.0,17.9,20.7,1517.9,20.4,24.1,28.1
2656,genuine,18.5,20.1,1791.4,225.7,22.5,19.4,20.5
1958,genuine,170.0,172.0,174.0,174.0,174.0,174.0,173.0
3356,genuine,169.0,172.0,212.0,139.0,162.0,169.0,167.0
4108,impersonator,166.6,168.6,171.3,170.8,172.7,172.4,166.7
954,impersonator,449.7,464.3,33.0,253.1,239.2,438.1,18.1
3362,genuine,18.0,18.4,776.1,421.7,15.9,18.1,17.9
3803,impersonator,13.1,13.1,1283.2,602.7,22.0,19.0,24.5
421,genuine,213.5,415.4,233.6,431.8,16.2,233.3,233.3
4252,genuine,15.5,14.5,17.5,16.3,775.1,16.7,16.5
1189,impersonator,214.7,456.9,16.1,242.7,229.7,443.0,417.3
4093,impersonator,941.5,1670.7,27.8,24.9,20.0,17.1,49.5
3606,genuine,17.5,19.7,19.5,777.1,20.5,23.2,20.3
2380,impersonator,167.9,172.5,154.3,174.8,166.6,167.4,163.3
2796,impersonator,169.9,164.6,178.0,183.4,175.7,173.8,174.1
44,impersonator,172.2,170.8,170.9,177.3,169.3,175.4,173.0
4355,genuine,16.4,19.7,1795.6,18.7,18.5,19.3,22.2
1567,genuine,163.0,167.0,166.0,184.0,167.0,167.0,165.0
1003,impersonator,167.3,168.4,173.5,172.4,163.8,170.5,164.3
3281,impersonator,171.1,167.6,174.8,180.0,172.7,175.1,172.2
1818,impersonator,6.9,8.9,846.6,1130.3,18.5,18.2,16.8
4448,genuine,164.0,184.0,166.0,167.0,184.0,166.0,166.0
2978,genuine,171.0,173.0,173.0,171.0,172.0,173.0,171.0
2396,impersonator,169.9,172.0,169.9,165.2,163.7,167.2,166.7
1936,impersonator,169.5,155.5,168.2,170.5,170.7,172.8,161.6
4014,genuine,14.0,230.1,230.8,434.5,15.4,233.2,233.2
3277,genuine,224.7,232.0,433.3,15.5,233.5,233.4,16.6
2624,impersonator,12.0,23.8,1257.4,635.9,21.1,25.1,18.6
3948,impersonator,174.9,181.6,176.6,176.5,172.0,171.2,170.0
2132,genuine,17.2,43.1,48.5,320.9,19.1,26.9,79.8
3225,impersonator,9.5,1225.3,30.4,23.9,58.2,17.3,21.5
3687,impersonator,165.6,162.8,167.2,175.3,174.1,168.7,168.0
4283,genuine,234.6,427.8,16.6,16.1,216.4,200.1,216.4
3925,impersonator,14.0,22.4,1309.5,20.1,17.2,19.9,13.8
3814,impersonator,419.1,21.7,18.2,226.2,218.0,214.7,443.0
326,genuine,15.4,226.7,230.8,450.3,31.4,234.1,450.2
2499,impersonator,168.3,165.6,168.5,170.9,170.5,169.4,162.8
1992,genuine,63.5,43.0,56.3,1845.7,18.3,19.5,20.1
2678,genuine,164.0,167.0,182.0,168.0,166.0,167.0,166.0
635,impersonator,168.1,166.7,172.2,170.1,165.4,168.8,165.9
375,impersonator,23.0,26.7,16.1,232.8,222.0,437.7,13.7
1355,impersonator,21.4,24.5,30.6,1242.3,22.0,23.6,1984.2
1376,genuine,168.0,170.0,169.0,171.0,173.0,169.0,167.0
4424,genuine,202.2,214.8,16.1,17.1,16.6,17.2,16.7
3622,genuine,13.5,231.6,233.4,433.0,16.9,232.8,433.2
1905,impersonator,2156.9,1221.7,1234.1,21.4,20.4,23.2,89.5
4024,impersonator,166.5,168.6,168.7,171.4,173.9,173.2,167.0
4199,genuine,16.7,18.8,978.0,631.5,19.7,17.4,18.4
1591,impersonator,410.7,229.5,233.1,221.9,217.2,14.3,431.6
610,genuine,15.9,13.9,15.3,16.2,974.8,17.9,16.6
1147,genuine,166.0,168.0,166.0,168.0,167.0,168.0,169.0
737,genuine,170.0,174.0,174.0,172.0,173.0,175.0,173.0
531,impersonator,2.0,28.1,559.4,460.6,18.0,23.3,19.7
1176,genuine,166.0,167.0,168.0,166.0,167.0,167.0,168.0
2464,genuine,19.7,14.0,1599.4,16.9,17.8,17.9,17.8
3450,impersonator,174.7,176.6,163.1,174.5,170.3,169.5,164.0
603,genuine,16.7,231.4,228.4,233.2,433.4,16.7,233.0
1793,impersonator,166.3,171.6,168.7,166.2,169.5,170.0,164.7
573,impersonator,18.8,15.4,884.0,25.6,20.8,17.8,16.1
1393,genuine,172.0,173.0,174.0,174.0,173.0,172.0,172.0
3759,impersonator,167.2,181.4,157.7,175.6,169.6,174.4,170.3
3576,impersonator,16.1,22.1,692.2,1300.9,19.2,25.3,15.6
4183,genuine,22.3,20.0,17.9,958.3,20.5,20.7,19.8
1820,genuine,22.5,697.4,848.2,19.4,19.8,22.9,17.8
4452,impersonator,17.0,1281.0,24.5,24.2,20.9,18.4,20.7
983,genuine,167.0,174.0,171.0,169.0,171.0,171.0,167.0
1415,genuine,25.4,16.3,21.5,816.2,16.9,15.7,17.5
2566,impersonator,164.5,170.0,171.0,170.1,166.9,169.8,165.6
4407,genuine,16.3,19.0,982.5,632.9,20.5,18.5,20.2
2829,impersonator,18.7,229.2,403.9,21.2,233.3,224.9,448.9
2050,genuine,169.0,173.0,174.0,172.0,173.0,174.0,172.0
4369,impersonator,15.7,23.9,757.8,32.8,16.4,21.3,16.4
3819,impersonator,22.2,12.6,12.3,240.6,225.9,436.3,18.9
2468,genuine,171.0,175.0,1.0,178.0,1.0,339.0,2.0
1303,impersonator,7.8,216.6,402.1,430.9,23.2,23.3,233.8
1808,impersonator,168.4,165.7,164.2,173.8,166.1,170.8,165.5
498,genuine,164.0,186.0,156.0,171.0,170.0,170.0,11.0
1249,impersonator,161.5,176.0,164.8,169.0,170.8,171.3,166.2
1508,genuine,168.0,173.0,169.0,172.0,171.0,172.0,167.0
4384,impersonator,658.9,116.9,8.6,259.3,368.6,177.1,21.2
156,impersonator,25.8,226.2,213.8,23.6,228.9,235.2,416.6
735,impersonator,26.2,1260.9,400.5,25.9,22.8,15.3,26.0
3910,genuine,17.4,17.2,543.0,1056.8,19.4,20.9,22.0
2934,genuine,163.0,170.0,166.0,13.0,155.0,331.0,166.0
3478,genuine,164.0,169.0,167.0,168.0,169.0,167.0,168.0
725,impersonator,20.5,17.0,15.4,1273.9,214.8,92.6,17.2
98,genuine,167.0,170.0,170.0,171.0,172.0,169.0,164.0
828,genuine,167.0,169.0,171.0,168.0,170.0,169.0,170.0
1005,impersonator,19.4,19.5,10.7,17.8,870.2,22.2,19.5
3260,genuine,168.0,172.0,167.0,171.0,171.0,172.0,165.0
3209,genuine,18.9,15.4,941.2,629.5,17.3,19.5,19.2
422,genuine,16.2,22.7,40.1,73.9,9.6,100.0,100.4
395,genuine,16.3,17.2,16.5,16.8,15.5,17.6,553.9
1594,genuine,16.4,16.3,970.2,630.9,18.1,15.7,18.1
3849,genuine,14.7,230.6,232.0,433.4,15.6,233.2,233.2
1668,impersonator,8.9,16.0,395.0,21.6,13.5,21.2,13.7
1307,impersonator,15.3,10.7,339.5,18.5,203.5,210.2,424.7
178,genuine,15.6,17.9,134.7,18.5,65.1,32.1,86.3
689,genuine,17.0,17.5,25.0,1381.0,17.8,19.0,18.8
766,impersonator,169.1,163.9,176.0,164.5,168.8,163.0,164.6
3983,impersonator,1636.9,1576.8,24.0,20.5,19.7,19.9,15.4
2081,genuine,11.9,1366.3,17.3,17.8,18.0,18.7,16.8
3052,impersonator,169.3,170.5,169.3,181.4,166.1,168.7,168.0
4094,impersonator,21.0,13.1,1102.3,630.3,18.6,22.5,21.6
652,genuine,15.2,229.5,231.4,433.5,16.6,232.9,433.0
507,impersonator,167.8,183.3,152.3,177.6,17.7,166.5,335.4
4211,genuine,165.0,167.0,166.0,16.0,151.0,332.0,166.0
2284,genuine,193.0,3.0,149.0,350.0,167.0,166.0,166.0
1627,impersonator,20.9,447.5,36.1,246.4,225.4,226.1,13.7
3133,genuine,399.3,420.6,15.5,17.8,17.4,17.8,17.8
2086,impersonator,160.8,187.1,160.7,174.3,164.3,166.8,163.9
664,impersonator,222.3,179.0,9.8,173.3,171.8,170.9,15.6
2345,impersonator,11.7,13.7,354.9,450.9,17.3,20.8,14.2
1815,genuine,215.7,413.1,233.1,433.3,16.4,233.2,433.2
986,impersonator,226.2,218.2,217.9,253.0,208.7,216.2,221.6
590,impersonator,22.5,17.4,375.5,19.1,218.4,221.2,435.4
1588,genuine,428.8,16.4,232.3,233.3,433.4,16.7,233.0
3504,genuine,165.0,167.0,169.0,167.0,168.0,169.0,169.0
2239,impersonator,1432.2,1171.1,13.1,21.8,17.3,16.6,19.4
3931,impersonator,17.3,25.8,25.6,23.8,22.2,20.5,19.4
566,impersonator,216.6,230.5,376.9,27.4,228.6,225.9,223.3
4225,impersonator,9.8,444.3,762.9,652.5,13.9,20.9,16.3
3212,genuine,30.9,200.1,210.5,215.6,392.5,225.3,232.3
2690,impersonator,166.2,168.7,174.2,171.0,170.2,172.3,165.9
367,genuine,17.8,18.0,117.6,1258.4,17.6,18.1,19.9
4383,genuine,169.0,173.0,174.0,173.0,174.0,173.0,174.0
3206,genuine,225.8,450.1,16.3,14.3,217.0,216.6,216.5
3952,genuine,228.0,233.1,14.7,216.7,215.6,216.7,406.6
2117,genuine,331.0,192.0,150.0,169.0,171.0,170.0,170.0
625,genuine,166.0,173.0,168.0,171.0,172.0,172.0,164.0
2663,impersonator,15.8,30.4,718.6,609.5,18.3,716.3,23.6
2586,impersonator,21.0,10.6,200.3,409.3,215.9,220.7,419.5
385,genuine,431.2,12.8,231.2,233.2,433.3,16.7,232.6
1115,genuine,430.9,12.9,231.9,233.3,433.4,16.5,433.4
2842,genuine,163.0,167.0,166.0,167.0,167.0,167.0,167.0
3096,genuine,165.0,168.0,167.0,167.0,167.0,166.0,165.0
3188,genuine,167.0,169.0,169.0,170.0,171.0,172.0,165.0
2228,impersonator,14.9,405.8,7.5,23.4,970.6,27.7,17.7
88,genuine,227.7,449.4,31.0,233.8,233.1,451.0,15.0
4300,impersonator,16.6,889.4,361.4,21.0,12.7,23.7,15.1
652,impersonator,161.5,184.2,146.9,171.0,163.7,13.9,316.0
751,impersonator,165.9,166.5,167.0,166.8,169.8,14.2,163.6
20,genuine,165.0,168.0,166.0,167.0,169.0,166.0,167.0
3298,impersonator,11.6,18.4,770.4,18.1,19.2,19.8,21.2
2945,impersonator,161.0,179.6,158.7,173.2,161.8,168.1,166.8
2608,impersonator,170.0,165.1,165.1,178.6,176.3,171.9,169.3
723,genuine,13.5,16.9,400.7,422.2,16.4,18.5,18.8
3096,impersonator,4.9,19.9,549.6,433.7,20.8,20.6,699.6
916,impersonator,215.3,244.0,338.1,455.5,22.9,23.9,227.0
2064,genuine,17.6,971.9,625.3,22.2,21.3,20.5,16.9
649,impersonator,169.7,176.5,176.0,175.2,175.8,177.2,173.1
3575,impersonator,169.7,11.1,160.3,178.1,171.2,174.5,173.8
3920,genuine,229.8,433.4,16.4,233.1,232.7,233.2,233.1
997,impersonator,12.5,1265.2,4.7,24.9,21.8,18.5,16.2
4216,impersonator,172.5,176.4,177.6,175.8,172.0,171.4,170.8
864,genuine,165.0,168.0,166.0,168.0,166.0,167.0,168.0
2331,genuine,167.0,186.0,159.0,171.0,169.0,168.0,168.0
1249,genuine,17.2,1392.0,20.1,19.4,20.5,19.7,21.0
3812,impersonator,162.7,164.7,178.3,167.1,172.5,165.1,165.1
871,impersonator,12.7,20.3,3.2,664.4,20.5,20.7,22.1
2168,impersonator,237.1,17.9,376.7,222.1,229.6,231.8,446.6
3671,genuine,166.0,169.0,169.0,169.0,168.0,168.0,170.0
740,genuine,163.0,177.0,156.0,169.0,169.0,13.0,166.0
3928,genuine,168.0,168.0,171.0,169.0,167.0,168.0,169.0
3041,impersonator,165.1,182.1,158.2,177.5,14.6,165.6,315.6
1109,genuine,169.0,167.0,170.0,168.0,169.0,170.0,168.0
3815,genuine,16.3,14.1,214.9,214.9,199.9,216.4,216.6
664,genuine,227.4,14.5,216.3,216.6,417.3,232.7,451.4
1957,genuine,229.3,434.0,15.6,233.9,233.9,232.7,432.7
1070,genuine,13.6,15.4,216.3,216.3,200.0,216.6,416.7
2733,genuine,16.0,229.8,428.9,16.4,233.1,233.4,431.9
1038,genuine,173.0,173.0,175.0,171.0,172.0,173.0,173.0
3683,impersonator,169.4,176.0,158.3,177.0,164.4,168.9,169.7
2959,impersonator,229.6,418.8,11.8,236.3,220.7,448.4,17.6
1469,impersonator,18.0,18.9,27.3,15.8,22.5,23.9,20.7
1212,genuine,171.0,172.0,174.0,174.0,172.0,173.0,174.0
3586,genuine,605.9,405.1,15.0,17.7,19.6,16.6,17.3
968,genuine,226.1,231.3,433.3,16.8,232.7,233.3,433.3
3972,impersonator,13.6,223.5,904.5,22.2,21.1,24.5,449.9
1633,impersonator,166.9,176.0,151.7,179.3,160.7,167.1,322.4
3798,genuine,19.8,23.5,954.9,417.1,21.3,23.6,18.4
3578,impersonator,20.5,23.5,1342.7,1018.8,21.4,15.5,17.8
1534,genuine,14.0,13.6,228.6,216.0,199.8,215.6,199.6
1546,impersonator,159.7,168.8,169.2,172.5,165.5,164.7,165.9
3428,genuine,31.0,201.1,228.2,412.4,247.9,453.0,34.1
87,genuine,15.2,149.9,837.1,17.2,18.0,18.5,18.2
1687,genuine,15.2,20.7,590.8,408.6,16.5,16.6,17.2
2091,genuine,165.0,168.0,168.0,166.0,167.0,168.0,166.0
2352,impersonator,167.4,172.5,152.1,178.1,167.8,170.4,168.5
1689,genuine,227.9,449.8,30.2,233.7,233.6,450.6,15.1
1883,impersonator,173.1,164.5,164.2,184.3,173.6,175.2,170.2
3858,impersonator,16.6,22.6,672.7,31.6,22.2,23.3,23.0
3172,genuine,11.5,416.1,15.7,24.2,2302.0,15.9,19.3
1533,impersonator,15.3,18.1,875.0,20.8,21.8,16.9,16.0
2420,genuine,412.9,233.1,433.2,17.0,232.7,233.7,232.4
4215,genuine,16.8,25.9,961.6,421.3,15.8,17.6,837.8
756,genuine,7.0,161.0,334.0,165.0,167.0,4.0,164.0
2862,genuine,17.0,16.3,16.5,16.5,1401.0,16.3,18.7
1430,genuine,415.6,14.6,231.6,233.1,433.5,16.5,233.2
2481,impersonator,13.4,1397.5,671.8,13.1,26.1,25.5,19.1
696,impersonator,10.4,25.0,748.4,443.3,11.2,25.1,13.7
3454,genuine,23.0,87.7,76.0,84.1,97.6,194.6,95.9
892,genuine,17.7,19.9,18.1,1150.6,20.0,20.3,19.5
4251,genuine,15.7,234.1,227.5,233.3,432.9,16.1,234.0
1544,genuine,166.0,166.0,167.0,8.0,157.0,333.0,169.0
896,impersonator,160.7,169.1,164.5,167.1,171.6,169.0,169.1
4397,impersonator,170.3,179.7,148.8,173.8,170.9,168.8,168.1
1402,impersonator,9.4,420.1,21.0,204.7,93.3,111.3,84.9
4356,impersonator,18.2,19.2,372.2,436.9,23.4,22.4,25.1
40,impersonator,163.5,177.8,161.6,174.9,172.1,170.0,168.6
4445,impersonator,163.2,454.6,2.2,178.0,341.1,21.8,21.9
3217,genuine,18.6,1183.8,417.4,18.8,19.5,19.4,18.9
3073,genuine,167.0,170.0,168.0,170.0,172.0,171.0,169.0
2720,impersonator,11.4,237.5,408.3,445.4,16.1,234.7,220.7
4169,genuine,167.0,10.0,158.0,333.0,167.0,169.0,166.0
3665,impersonator,419.7,446.1,3.4,173.6,164.2,20.3,12.0
3151,genuine,171.0,172.0,175.0,173.0,175.0,174.0,174.0
2895,impersonator,235.6,12.2,412.9,27.0,211.7,228.3,407.0
180,genuine,170.0,174.0,174.0,172.0,173.0,172.0,175.0
534,impersonator,17.9,394.6,168.0,174.7,172.7,174.2,19.6
1818,genuine,166.0,169.0,170.0,168.0,171.0,170.0,167.0
1990,genuine,7.0,325.0,333.0,167.0,167.0,169.0,166.0
315,genuine,13.4,432.6,16.8,232.8,233.2,232.2,433.4
1997,genuine,18.7,20.1,1581.9,17.7,19.4,20.3,20.3
4361,genuine,172.0,172.0,176.0,174.0,173.0,172.0,174.0
192,genuine,169.0,174.0,173.0,173.0,172.0,171.0,174.0
3531,impersonator,18.5,421.2,16.7,237.1,216.9,217.3,8.9
949,genuine,19.7,22.7,1146.6,421.5,16.9,19.5,18.5
1611,genuine,115.8,96.1,139.1,2.1,42.1,31.5,139.9
1477,genuine,203.3,225.8,233.3,434.1,15.8,234.0,233.4
2996,impersonator,167.4,166.7,170.4,174.8,166.0,171.4,166.2
671,genuine,12.9,443.3,23.6,247.2,426.3,231.0,26.2
3150,genuine,226.1,450.2,31.4,234.0,232.9,451.0,15.8
691,impersonator,384.4,42.1,83.2,184.5,11.0,321.8,165.7
2692,impersonator,17.8,58.8,38.1,212.4,77.6,91.1,78.5
3534,genuine,15.7,15.1,1640.7,14.9,17.4,17.4,17.0
496,genuine,170.0,175.0,174.0,172.0,173.0,171.0,174.0
4191,impersonator,7.6,28.6,819.9,614.6,17.9,17.6,652.5
74,impersonator,240.5,415.6,450.7,232.7,239.5,228.2,18.0
3693,impersonator,166.1,180.0,159.3,167.5,163.1,13.1,167.3
528,genuine,605.0,407.5,15.9,17.7,18.0,17.9,18.0
903,impersonator,170.7,173.9,171.6,174.8,22.9,171.6,170.0
1053,genuine,170.0,173.0,174.0,172.0,174.0,171.0,172.0
3603,impersonator,168.6,172.8,170.1,169.8,164.3,172.1,165.5
3899,genuine,82.9,94.5,161.1,95.9,31.4,159.5,96.7
1247,impersonator,15.7,1258.0,19.4,23.5,15.7,13.5,19.5
2564,impersonator,13.3,28.2,651.8,627.8,15.2,731.7,13.9
794,impersonator,167.8,167.4,175.8,173.5,172.4,170.3,167.1
3626,genuine,18.1,22.6,197.7,209.3,16.9,17.1,17.1
4373,genuine,3.0,8.0,562.0,153.0,248.0,35.0,326.0
4224,impersonator,19.2,427.0,16.0,11.5,704.0,18.2,13.1
2045,impersonator,165.1,171.3,168.0,177.0,169.8,172.0,167.3
1029,impersonator,12.7,18.1,90.8,16.9,24.1,170.7,18.2
3210,impersonator,170.3,179.1,148.9,178.1,173.7,15.1,170.0
4306,impersonator,172.4,172.9,174.9,178.8,179.9,176.9,173.6
471,impersonator,25.1,233.4,16.2,21.7,235.8,227.8,12.4
278,genuine,164.0,186.0,160.0,171.0,169.0,13.0,167.0
456,genuine,182.0,173.0,155.0,169.0,168.0,169.0,14.0
1643,impersonator,30.5,220.1,424.3,33.5,237.8,232.0,437.4
144,impersonator,13.1,17.6,573.0,442.5,16.3,21.2,446.2
4384,genuine,180.0,170.0,157.0,170.0,172.0,171.0,10.0
3601,impersonator,17.7,448.6,23.4,17.9,1414.4,20.5,12.1
1423,impersonator,166.4,163.7,167.2,174.7,167.2,163.6,165.1
536,impersonator,20.7,1323.9,495.9,21.7,14.7,792.6,16.7
4416,genuine,16.9,19.8,130.9,1050.7,18.8,21.7,1012.0
942,impersonator,171.9,164.4,172.9,169.9,169.9,170.5,162.0
988,genuine,167.0,187.0,1.0,170.0,13.0,316.0,336.0
3080,genuine,15.0,44.4,1153.9,16.6,17.6,17.6,17.8
4180,impersonator,168.8,164.9,172.0,175.9,164.8,165.2,161.9
343,genuine,166.0,168.0,168.0,166.0,168.0,168.0,166.0
1500,genuine,171.0,174.0,175.0,174.0,173.0,173.0,173.0
1103,genuine,172.0,174.0,174.0,173.0,174.0,173.0,173.0
1151,genuine,170.0,174.0,174.0,174.0,173.0,174.0,171.0
3816,impersonator,1211.0,23.5,2.6,1504.5,806.7,19.7,16.0
2952,genuine,166.0,170.0,170.0,168.0,169.0,169.0,168.0
4381,impersonator,164.4,171.4,157.2,173.1,171.1,172.1,172.5
1752,impersonator,13.7,23.8,751.9,589.6,20.8,17.1,20.8
4063,genuine,180.0,176.0,155.0,170.0,171.0,172.0,171.0
2450,impersonator,20.2,396.7,24.5,30.8,1584.5,23.2,19.9
3741,genuine,14.8,37.1,534.6,627.0,16.5,16.5,16.5
1861,impersonator,13.4,601.0,691.4,21.1,21.9,23.0,14.9
3467,impersonator,452.2,5.1,207.0,220.4,211.4,212.4,424.8
3376,genuine,17.2,12.5,215.8,213.9,199.8,433.7,233.1
4266,impersonator,172.9,182.2,174.0,172.7,168.8,170.1,166.5
3768,genuine,167.0,171.0,169.0,168.0,171.0,169.0,170.0
402,genuine,165.0,169.0,166.0,165.0,167.0,169.0,168.0
3997,impersonator,423.2,11.3,210.3,196.3,422.9,18.9,225.7
3605,impersonator,17.5,176.8,157.2,180.4,14.1,170.1,167.4
1875,impersonator,8.0,234.2,207.5,448.2,13.0,18.1,233.6
2793,impersonator,168.0,164.0,176.7,171.8,170.3,169.1,166.1
4329,genuine,18.1,19.6,789.4,421.6,20.4,22.2,18.1
3663,impersonator,214.9,236.8,206.8,413.9,392.8,220.8,433.6
3064,genuine,16.2,16.8,976.0,16.9,17.3,17.0,17.7
3647,genuine,14.8,1376.7,202.0,20.2,17.0,819.5,21.3
3811,genuine,670.7,18.1,20.0,2076.0,23.6,18.3,20.9
2622,genuine,18.2,968.1,626.4,23.1,22.6,23.1,16.8
3393,impersonator,167.3,180.7,369.7,178.2,10.4,168.8,13.3
2906,impersonator,169.5,172.0,159.7,174.1,174.4,168.6,170.8
3679,impersonator,14.4,22.6,19.0,817.4,19.3,23.7,22.3
4310,impersonator,13.4,19.6,15.0,224.1,71.3,79.5,85.9
2425,genuine,330.0,168.0,167.0,168.0,170.0,166.0,165.0
2399,genuine,15.4,17.4,975.6,422.3,15.4,17.8,18.9
2642,genuine,21.6,4.9,427.3,433.7,16.9,232.7,433.0
815,impersonator,176.6,180.3,177.8,173.7,173.1,173.7,168.1
4114,impersonator,170.6,167.1,172.1,174.6,169.5,171.4,169.6
3618,genuine,16.0,23.8,974.8,631.2,20.9,15.2,19.1
611,genuine,17.7,17.6,1804.4,24.7,16.3,17.0,18.8
1836,genuine,18.2,18.8,1213.6,24.4,21.0,204.4,19.3
181,impersonator,17.0,22.2,14.2,173.0,1087.1,23.7,20.2
4477,impersonator,234.2,17.7,8.6,233.9,227.5,232.6,219.9
1456,genuine,164.0,175.0,154.0,170.0,170.0,169.0,12.0
3878,impersonator,12.8,12.4,128.1,1333.9,19.8,170.4,19.6
383,impersonator,170.8,168.3,168.4,171.3,169.4,173.0,162.9
586,genuine,15.7,442.7,29.5,234.6,234.0,231.5,450.6
4463,genuine,19.8,15.3,592.8,16.2,17.7,21.2,17.4
428,genuine,166.0,167.0,168.0,165.0,168.0,168.0,167.0
4444,genuine,7.0,188.0,11.0,317.0,333.0,167.0,166.0
2535,genuine,164.0,183.0,167.0,166.0,167.0,184.0,165.0
3926,impersonator,9.8,20.6,711.0,1278.9,17.8,17.6,22.4
1883,genuine,232.6,429.2,16.8,232.8,233.6,432.9,16.6
1193,genuine,164.0,187.0,152.0,172.0,170.0,170.0,170.0
176,impersonator,167.4,174.4,173.8,167.0,170.6,171.4,162.1
1826,genuine,227.7,232.7,232.7,450.2,16.3,232.4,233.8
752,impersonator,13.1,30.1,549.6,23.2,20.1,18.7,16.0
2802,genuine,173.0,172.0,172.0,175.0,172.0,173.0,175.0
4470,impersonator,10.1,17.1,590.0,17.8,12.8,15.2,20.9
3072,genuine,19.6,19.7,22.0,956.6,20.0,20.6,20.9
4267,genuine,231.0,429.9,17.1,233.3,233.4,416.6,16.4
252,genuine,169.0,169.0,170.0,169.0,169.0,168.0,167.0
739,genuine,13.7,18.1,22.4,983.3,15.6,18.8,18.7
1082,impersonator,168.3,170.1,166.6,171.0,171.1,174.9,169.8
4085,impersonator,427.1,17.0,209.7,217.5,209.0,404.1,419.2
449,impersonator,160.2,167.2,163.5,16.1,166.3,312.7,168.1
1267,genuine,2103.6,19.1,14.5,17.2,17.3,168.6,632.0
111,impersonator,164.5,172.3,169.9,167.9,165.0,167.8,163.8
3416,genuine,170.0,173.0,174.0,172.0,176.0,173.0,173.0
2347,impersonator,1443.4,123.3,28.8,1591.1,2013.5,21.0,26.0
591,genuine,15.6,16.3,977.4,630.5,16.2,16.1,17.9
1022,impersonator,6.0,18.2,571.6,446.5,15.2,231.4,773.7
466,genuine,165.0,167.0,168.0,167.0,169.0,165.0,167.0
2518,genuine,159.0,176.0,194.0,161.0,173.0,345.0,58.0
2334,impersonator,167.1,162.1,169.0,171.7,9.5,166.2,164.7
2090,impersonator,219.3,215.9,412.5,221.1,217.1,226.8,223.5
4061,genuine,14.3,20.4,25.7,79.3,33.6,64.9,71.8
1961,impersonator,18.0,10.6,220.3,438.6,764.4,18.5,21.7
1339,impersonator,167.9,165.2,180.7,175.1,169.2,167.5,172.6
3837,genuine,163.0,169.0,169.0,167.0,169.0,167.0,166.0
3863,impersonator,168.2,175.5,158.2,169.9,161.4,170.0,165.5
1724,impersonator,236.9,230.3,421.9,30.0,25.0,231.9,235.5
4040,impersonator,166.5,180.5,171.2,175.6,173.4,173.1,175.1
2387,genuine,180.0,179.0,152.0,171.0,167.0,13.0,167.0
1717,genuine,18.5,17.1,1406.9,24.1,17.7,16.4,19.0
742,impersonator,16.0,168.7,1027.4,29.9,19.2,21.2,22.1
2016,genuine,168.0,172.0,170.0,170.0,171.0,171.0,167.0
4316,impersonator,175.8,167.2,180.1,176.3,171.2,171.9,174.9
3548,genuine,165.0,168.0,168.0,166.0,168.0,166.0,168.0
1523,impersonator,167.7,164.2,179.8,177.8,167.6,310.6,166.5
646,impersonator,166.3,163.1,164.4,174.0,169.1,172.8,167.1
3617,genuine,16.3,1170.6,210.1,17.6,19.0,20.4,23.0
1838,impersonator,169.0,164.7,171.4,175.1,167.7,171.0,167.0
4080,impersonator,169.4,166.0,164.1,176.0,169.1,174.4,170.7
3881,impersonator,220.1,230.3,217.3,236.4,421.6,20.0,236.1
1027,impersonator,175.4,170.0,175.7,180.7,174.1,177.7,173.7
2833,genuine,173.0,174.0,172.0,173.0,171.0,175.0,172.0
3311,impersonator,166.3,160.4,160.6,168.6,164.5,291.0,168.4
2514,impersonator,163.2,166.7,164.3,176.0,164.3,166.2,165.4
163,impersonator,160.5,172.2,157.1,172.1,165.9,18.6,229.0
1865,impersonator,164.0,172.5,174.4,170.1,163.8,168.3,166.5
1872,impersonator,14.2,1086.9,20.8,22.3,69.1,20.1,64.2
702,impersonator,161.5,186.7,147.6,173.5,162.2,16.6,321.1
3248,impersonator,14.5,1716.1,23.7,19.5,934.4,21.0,20.0
3077,genuine,427.8,31.9,232.8,233.3,233.6,232.5,217.7
1233,impersonator,9.2,23.4,40.6,231.7,891.8,72.0,23.0
3845,genuine,173.0,171.0,173.0,173.0,172.0,174.0,172.0
4038,impersonator,21.9,18.9,32.7,20.6,49.5,66.0,69.3
945,genuine,16.1,35.9,1340.8,628.7,18.5,16.3,18.0
2593,genuine,16.6,16.9,1359.3,6.6,226.5,17.1,17.7
2513,genuine,413.2,232.8,16.3,216.5,199.9,433.7,233.5
1651,genuine,172.0,173.0,175.0,172.0,171.0,174.0,172.0
2275,impersonator,19.0,22.9,1358.2,19.3,25.0,16.2,20.6
425,genuine,34.8,87.6,1679.4,20.1,21.3,21.1,20.6
2252,impersonator,20.4,1218.1,27.3,25.5,19.2,23.5,13.9
2019,genuine,14.9,17.9,1383.9,14.7,16.8,18.7,843.1
3468,genuine,786.5,206.7,15.4,18.7,18.5,18.3,18.5
1109,impersonator,234.4,230.6,414.9,225.6,239.5,231.3,222.4
3962,genuine,17.4,20.8,1578.9,17.6,21.2,20.8,20.9
3251,genuine,14.3,216.8,413.6,233.3,233.2,433.3,16.7
2346,genuine,180.0,178.0,155.0,169.0,171.0,9.0,167.0
1569,impersonator,20.2,170.3,403.7,24.1,14.0,168.1,348.5
787,impersonator,11.5,18.7,990.2,17.9,21.2,18.4,14.3
1045,genuine,170.0,174.0,168.0,172.0,171.0,171.0,165.0
1098,impersonator,170.7,161.9,170.7,174.6,172.9,175.2,172.1
4208,impersonator,168.1,159.2,161.3,177.6,165.1,170.3,166.4
1416,genuine,19.1,16.8,57.1,568.3,17.1,20.4,59.5
1608,genuine,1211.6,19.2,18.0,20.4,17.1,18.9,20.1
777,genuine,171.0,173.0,175.0,173.0,173.0,174.0,174.0
2789,impersonator,176.7,163.4,184.5,174.7,174.0,174.1,169.6
604,impersonator,221.3,17.6,222.8,246.6,418.4,16.3,221.7
328,impersonator,218.0,465.2,0.4,176.1,329.5,19.8,167.6
1099,impersonator,14.8,1215.6,935.8,12.0,17.9,19.0,15.5
1276,genuine,165.0,170.0,170.0,173.0,172.0,170.0,165.0
2435,impersonator,15.1,14.9,215.8,228.6,227.0,14.2,221.5
487,genuine,170.0,173.0,174.0,174.0,174.0,184.0,167.0
2429,impersonator,238.4,8.4,21.4,225.1,230.1,422.0,14.2
2821,genuine,167.0,172.0,170.0,172.0,173.0,173.0,167.0
1382,impersonator,375.8,15.8,805.9,1085.7,16.5,18.2,16.6
4038,genuine,169.0,173.0,173.0,173.0,173.0,175.0,173.0
1813,impersonator,13.2,14.3,903.8,1036.3,22.2,20.6,19.5
2488,genuine,166.0,15.0,153.0,333.0,166.0,168.0,11.0
3835,genuine,165.0,191.0,154.0,170.0,170.0,12.0,167.0
2109,impersonator,20.2,16.3,425.7,215.5,231.4,233.0,436.0
3470,genuine,226.1,233.9,32.6,199.1,416.8,232.9,233.3
4104,genuine,73.0,29.9,135.3,31.4,46.6,88.7,83.6
3245,genuine,185.0,11.0,150.0,350.0,166.0,166.0,167.0
1408,impersonator,166.2,187.7,147.9,177.8,166.8,168.1,168.1
4326,impersonator,1363.8,24.3,21.8,279.9,86.5,22.6,20.7
2806,impersonator,13.5,22.1,981.4,243.4,18.1,82.1,18.9
4101,genuine,164.0,185.0,165.0,167.0,167.0,166.0,168.0
1943,genuine,16.0,19.2,16.3,18.2,1132.0,18.5,18.3
2462,impersonator,21.0,22.0,438.3,23.9,219.6,223.1,413.6
2006,impersonator,167.7,169.4,160.9,181.5,166.7,172.5,171.6
2612,impersonator,14.2,170.8,166.7,23.4,163.9,326.6,168.5
2919,impersonator,18.0,18.9,17.4,17.1,23.3,20.1,20.5
3303,genuine,166.0,167.0,167.0,167.0,167.0,167.0,167.0
1341,genuine,198.5,212.6,416.6,233.0,432.6,16.4,16.2
3909,genuine,166.0,166.0,168.0,165.0,168.0,167.0,167.0
4226,impersonator,233.3,410.1,10.6,238.8,225.7,430.6,19.4
1453,impersonator,30.9,18.7,21.3,223.9,208.4,426.4,411.1
2785,genuine,13.7,232.0,233.2,433.4,16.9,232.9,233.5
3725,impersonator,16.3,1678.4,15.2,19.5,2125.8,20.4,75.0
4115,impersonator,428.6,23.4,992.6,1113.1,22.7,27.0,18.6
2860,genuine,16.1,790.5,417.4,17.0,17.6,19.5,18.9
3418,impersonator,22.3,6.4,24.1,742.5,70.1,66.5,18.5
1929,impersonator,20.7,21.5,231.4,218.9,427.0,222.9,224.1
2187,impersonator,8.2,546.6,1032.2,31.3,17.0,17.3,19.4
2960,genuine,15.0,17.5,613.2,613.7,21.0,16.7,16.7
3622,impersonator,230.6,3.7,144.0,176.9,167.0,168.1,163.6
3218,impersonator,168.6,180.7,145.7,174.6,22.0,19.3,168.6
1271,impersonator,15.1,1145.3,1186.9,12.6,1326.7,19.1,18.5
1370,impersonator,164.7,167.7,180.3,174.9,165.2,164.6,170.7
3985,genuine,18.5,16.8,18.6,18.6,17.9,1771.5,18.2
844,impersonator,219.8,253.1,16.2,239.6,239.5,175.1,18.1
454,genuine,431.4,15.6,233.4,232.8,433.4,16.6,232.8
3945,genuine,14.7,223.9,232.0,433.6,16.2,232.8,216.7
2645,impersonator,17.7,173.7,445.8,28.6,164.7,322.6,443.2
4273,genuine,227.8,232.3,234.0,31.4,416.0,233.3,450.2
2824,genuine,226.2,451.0,31.8,234.0,449.8,15.7,15.8
504,impersonator,16.5,16.5,216.6,235.8,417.7,209.2,225.7
2603,impersonator,161.8,167.5,164.7,175.2,166.5,166.0,11.4
4216,genuine,229.1,447.6,14.9,233.7,233.1,450.5,16.4
2349,impersonator,168.0,174.3,169.5,175.9,166.5,171.6,166.4
1200,genuine,1438.3,22.0,226.0,18.5,20.5,16.4,16.4
3173,impersonator,169.3,170.8,147.1,176.4,169.4,169.3,169.5
150,impersonator,170.0,170.2,174.9,180.2,168.0,173.1,167.2
4261,genuine,25.4,15.5,202.8,216.5,216.5,416.9,233.2
421,impersonator,19.7,743.6,378.1,27.7,20.7,222.3,22.6
1697,impersonator,14.2,17.2,402.2,3.4,22.4,21.2,640.9
4465,impersonator,159.1,169.6,166.5,175.0,165.3,161.9,163.5
3788,genuine,17.8,20.9,300.9,1473.3,19.6,19.7,19.6
981,genuine,14.1,17.7,984.7,632.0,19.7,17.6,19.3
2576,impersonator,16.0,13.2,103.7,1309.3,21.5,20.3,14.5
1272,genuine,235.6,225.6,433.4,16.9,232.8,233.3,16.6
1091,genuine,15.2,19.0,530.0,838.3,16.8,18.0,17.1
1965,genuine,14.4,231.3,433.2,16.8,232.9,233.2,433.2
1532,impersonator,166.6,172.5,168.3,176.1,167.5,168.0,345.4
700,impersonator,170.5,180.0,158.6,176.9,166.5,171.8,164.9
2887,impersonator,222.7,236.2,366.2,234.7,452.3,22.2,232.9
2801,impersonator,21.9,176.4,174.0,262.8,60.9,173.4,172.0
823,impersonator,13.7,11.9,1254.4,15.7,13.5,23.0,20.6
897,genuine,164.0,167.0,166.0,166.0,166.0,164.0,166.0
2849,impersonator,24.9,1627.6,23.3,21.7,25.1,19.7,117.7
2962,impersonator,10.6,16.6,1299.8,429.6,15.0,15.0,18.3
1198,genuine,166.0,190.0,13.0,150.0,333.0,166.0,183.0
3465,genuine,14.1,12.7,16.0,16.0,593.0,15.5,17.2
4111,genuine,17.4,20.2,1583.8,16.5,23.4,18.7,20.1
2293,genuine,164.0,168.0,166.0,167.0,167.0,169.0,169.0
1110,impersonator,173.1,166.5,173.1,175.1,170.0,174.7,169.2
4092,impersonator,223.3,235.4,222.2,232.8,430.8,18.9,239.0
1226,genuine,163.0,168.0,168.0,166.0,167.0,168.0,168.0
4126,genuine,547.9,1048.4,16.1,16.1,16.7,17.0,16.9
3090,impersonator,166.4,165.2,163.5,166.9,170.5,170.9,166.3
2003,genuine,17.2,19.9,18.5,963.0,19.7,19.2,1021.1
1463,impersonator,214.7,229.8,367.4,439.1,20.4,230.4,227.9
3103,impersonator,160.7,166.4,160.3,171.1,169.2,165.2,333.5
529,impersonator,229.4,228.0,228.3,224.1,431.3,15.6,228.4
1963,genuine,164.0,167.0,167.0,167.0,167.0,169.0,168.0
2200,impersonator,218.5,223.0,219.2,229.3,423.9,224.6,447.0
3438,impersonator,226.3,230.7,439.9,196.2,238.1,219.6,789.2
777,impersonator,18.5,17.8,167.2,219.0,439.4,228.0,443.7
3404,impersonator,419.3,23.2,225.6,232.1,204.9,14.3,417.9
1414,impersonator,162.8,166.2,165.9,151.2,168.9,170.4,163.0
2324,impersonator,18.1,9.2,15.6,619.4,19.6,24.6,20.0
847,genuine,84.9,44.5,39.4,137.1,14.6,128.5,63.8
770,genuine,431.5,16.5,31.4,65.1,30.7,54.1,86.5
2421,impersonator,163.7,171.2,152.3,175.0,169.0,174.3,168.0
4292,genuine,45.6,2280.8,242.8,17.1,16.9,79.1,94.1
4282,impersonator,170.6,172.3,175.1,175.9,177.6,172.1,173.4
2252,genuine,165.0,166.0,168.0,167.0,165.0,168.0,168.0
4054,impersonator,17.6,16.1,423.2,27.9,19.1,17.7,20.0
3739,impersonator,163.6,165.2,163.5,164.4,168.9,167.8,164.6
2442,impersonator,23.6,398.6,8.0,225.8,222.9,429.5,10.0
65,impersonator,164.1,162.2,177.6,180.2,170.1,169.2,164.2
898,genuine,985.2,1482.4,18.7,19.1,18.2,73.1,87.2
1223,genuine,230.4,233.1,453.4,14.9,233.0,233.2,450.7
3516,genuine,170.0,171.0,174.0,171.0,174.0,174.0,172.0
656,impersonator,23.9,406.1,417.1,34.4,241.6,224.3,427.2
2229,genuine,429.9,15.5,216.7,200.0,216.4,416.2,16.3
439,genuine,165.0,166.0,168.0,169.0,169.0,166.0,165.0
1157,genuine,17.7,20.5,1792.8,19.5,20.4,17.8,18.1
2510,impersonator,172.3,167.4,175.1,170.5,174.2,176.8,170.0
4357,impersonator,161.8,167.5,152.6,183.2,174.3,170.6,170.1
2768,impersonator,205.5,13.6,748.1,34.0,17.7,21.6,21.6
3160,impersonator,173.1,173.7,170.2,172.1,172.2,176.7,175.1
3752,impersonator,168.5,175.3,153.0,181.1,165.7,18.5,165.5
1598,genuine,18.9,17.6,973.3,639.3,21.9,19.2,20.0
2327,genuine,227.2,233.5,449.7,31.0,16.0,216.3,216.9
2674,impersonator,17.6,241.0,411.6,16.2,14.5,231.6,237.9
625,impersonator,163.5,161.5,162.4,170.5,167.7,169.1,166.1
987,genuine,163.0,184.0,152.0,172.0,171.0,169.0,169.0
42,impersonator,15.7,23.2,15.5,33.2,16.0,17.9,15.0
2993,genuine,13.8,12.1,228.2,199.4,218.5,215.4,200.7
3880,genuine,11.0,175.0,325.0,170.0,170.0,170.0,171.0
1599,impersonator,168.3,184.0,150.1,168.9,165.3,16.0,19.0
1839,impersonator,9.7,429.4,19.1,22.5,1679.9,18.5,16.3
3835,impersonator,162.4,169.0,166.2,179.8,170.7,169.9,165.9
4495,genuine,165.0,172.0,171.0,170.0,172.0,169.0,166.0
3850,impersonator,227.7,241.5,223.0,232.1,449.8,19.2,226.3
3701,genuine,211.8,199.5,215.5,417.1,233.1,433.5,16.5
3118,genuine,229.1,233.0,433.3,16.6,233.2,233.2,433.2
540,genuine,19.3,18.7,979.6,420.9,21.2,641.4,28.2
1200,impersonator,14.9,212.7,394.2,31.7,18.8,24.7,238.9
2635,genuine,119.0,172.0,347.0,12.0,181.0,183.0,178.0
2373,genuine,228.2,232.7,232.4,450.6,15.2,233.4,232.7
3879,genuine,429.1,16.3,233.1,233.3,433.4,16.7,433.2
3135,impersonator,15.2,17.5,434.6,12.5,14.2,19.1,16.2
2730,impersonator,16.5,230.1,191.3,411.6,16.8,227.9,219.0
4071,impersonator,173.3,180.5,342.3,183.4,8.1,170.8,304.4
2334,genuine,164.0,168.0,167.0,15.0,152.0,331.0,167.0
806,impersonator,422.9,444.6,18.7,243.3,236.8,439.4,18.2
4132,genuine,17.5,19.4,19.1,771.2,20.9,18.5,19.4
3049,genuine,171.0,174.0,173.0,174.0,175.0,172.0,174.0
585,impersonator,173.9,180.7,159.5,175.6,171.2,171.5,167.7
2559,genuine,20.6,16.0,16.0,611.8,215.1,16.7,16.7
2623,genuine,167.0,11.0,158.0,331.0,167.0,167.0,169.0
4402,impersonator,159.1,164.2,162.3,172.7,167.6,162.8,163.3
3977,impersonator,17.9,210.0,205.6,429.5,215.7,218.0,400.5
3852,impersonator,20.8,12.3,205.2,231.6,211.2,224.8,221.1
66,genuine,18.1,18.2,954.4,837.3,22.0,17.6,19.4
2308,genuine,430.7,12.8,232.4,16.0,216.7,200.0,216.4
2663,genuine,164.0,182.0,156.0,171.0,8.0,167.0,332.0
2704,impersonator,9.0,15.6,79.9,21.8,19.9,16.9,20.1
1334,impersonator,173.0,173.5,157.3,172.2,166.6,171.6,165.9
2396,genuine,15.0,20.2,1199.9,18.4,17.0,18.7,17.8
1631,impersonator,170.7,176.1,169.7,178.9,180.8,174.9,175.5
4486,impersonator,221.4,235.8,227.1,237.8,424.9,16.4,225.9
2363,genuine,164.0,168.0,169.0,167.0,167.0,167.0,169.0
3828,impersonator,20.4,20.6,117.1,915.9,21.2,19.9,18.8
571,genuine,13.2,16.3,101.7,15.9,17.7,29.8,94.4
2918,genuine,18.8,18.8,17.5,780.8,17.6,20.6,21.3
3711,genuine,170.0,172.0,174.0,171.0,172.0,175.0,170.0
870,impersonator,397.8,165.4,6.8,29.9,164.4,167.1,168.3
2002,impersonator,670.2,175.9,20.1,30.7,19.7,170.5,17.7
1453,genuine,17.5,41.8,1137.9,632.6,19.7,15.8,19.0
3000,genuine,163.0,188.0,153.0,172.0,168.0,171.0,168.0
1080,genuine,196.6,215.6,417.2,433.4,15.2,234.2,232.6
1035,impersonator,165.5,166.4,170.1,160.8,164.3,168.7,165.9
560,genuine,15.2,1386.9,19.4,18.9,817.0,17.3,17.3
248,impersonator,166.9,171.5,414.4,173.7,168.6,172.0,170.9
49,genuine,170.0,175.0,173.0,173.0,174.0,175.0,173.0
1953,genuine,12.9,587.9,415.3,16.2,16.5,17.1,16.6
4087,impersonator,21.6,166.4,166.5,138.9,172.5,171.6,16.7
2211,impersonator,419.1,21.6,230.4,225.2,436.1,14.2,15.7
4219,impersonator,13.0,232.7,226.3,240.0,437.5,22.8,228.7
2128,impersonator,161.9,161.2,164.9,174.5,168.8,167.4,165.0
831,impersonator,163.4,180.9,152.6,177.2,169.2,170.9,168.8
1898,genuine,168.0,173.0,168.0,173.0,170.0,171.0,165.0
3422,impersonator,168.6,180.7,148.7,179.8,174.7,170.9,170.9
2820,genuine,17.2,20.5,121.6,1048.9,18.7,18.9,19.8
2271,impersonator,52.3,993.3,17.6,23.0,20.5,21.2,17.8
3339,impersonator,18.1,20.6,8.3,238.2,216.1,423.5,14.5
3116,impersonator,230.9,421.0,15.1,36.8,248.0,242.5,12.0
1361,impersonator,54.8,1220.2,28.7,22.4,18.8,18.1,17.3
523,impersonator,13.1,17.6,859.6,985.3,11.5,14.0,14.8
4229,genuine,14.7,16.8,17.1,17.9,957.7,16.7,16.8
1459,genuine,212.3,216.3,199.9,216.3,417.0,233.2,433.3
3571,genuine,167.0,173.0,171.0,171.0,173.0,169.0,166.0
2023,genuine,229.1,232.9,232.0,233.3,233.3,433.4,17.5
239,impersonator,173.8,164.8,177.5,175.5,171.5,177.0,171.0
1354,genuine,16.4,20.2,1346.7,633.7,21.5,16.4,18.3
4431,genuine,1338.2,16.6,1667.5,16.9,17.2,17.1,30.7
4256,genuine,164.0,167.0,169.0,167.0,168.0,166.0,167.0
445,impersonator,12.5,19.8,650.2,685.5,26.1,17.8,18.1
2291,genuine,630.9,16.6,16.8,17.9,17.0,17.4,54.2
1751,impersonator,13.3,18.8,1037.2,1430.4,24.5,22.3,801.4
848,impersonator,15.0,30.6,646.9,592.8,18.1,20.3,18.6
483,impersonator,18.3,161.1,168.4,226.4,166.5,167.8,165.6
856,impersonator,166.0,166.5,168.2,163.7,162.9,169.1,163.6
2671,genuine,17.6,16.5,17.8,17.4,1388.5,20.4,17.4
4078,impersonator,20.5,216.6,360.7,24.4,227.2,432.8,17.3
744,genuine,19.3,18.2,579.8,422.3,15.7,21.0,16.9
3855,impersonator,23.5,25.4,855.3,631.3,19.9,15.8,18.7
1768,genuine,16.9,17.6,1387.8,16.5,18.9,18.7,19.4
4406,genuine,13.4,16.9,580.3,203.9,9.3,15.7,819.6
2231,impersonator,20.5,77.5,132.4,1434.2,444.2,17.2,22.9
341,impersonator,161.0,172.6,168.5,273.6,169.9,173.1,164.6
51,impersonator,218.7,247.0,426.6,32.1,438.2,16.0,239.8
767,genuine,170.0,174.0,172.0,173.0,174.0,172.0,174.0
4013,genuine,14.2,230.7,232.2,233.2,433.3,15.7,233.1
3572,impersonator,23.3,19.2,31.1,911.0,781.6,23.0,15.6
1678,genuine,230.9,432.1,16.7,233.0,232.2,233.4,433.1
3959,impersonator,13.0,21.0,793.4,437.1,15.2,15.2,780.4
3486,impersonator,163.3,168.2,179.7,173.2,168.6,165.1,163.0
3019,impersonator,222.1,431.2,433.1,33.5,242.1,228.4,422.8
24,genuine,18.8,20.9,1579.9,17.3,20.6,20.1,20.1
4110,impersonator,165.3,177.4,156.7,174.3,164.4,170.7,162.1
1782,genuine,229.4,432.9,16.5,232.8,233.3,433.5,16.7
379,impersonator,232.5,173.2,421.2,22.0,168.8,342.8,572.1
3513,genuine,17.1,21.6,1157.9,424.4,16.6,17.0,18.3
1961,genuine,49.6,70.9,56.8,97.2,70.9,1918.9,15.4
2628,impersonator,17.8,16.4,229.8,226.7,196.5,211.8,406.6
3853,genuine,165.0,165.0,168.0,166.0,166.0,165.0,166.0
1607,genuine,165.0,167.0,166.0,9.0,159.0,333.0,168.0
535,genuine,13.2,75.0,1688.1,19.0,20.5,18.2,19.0
1470,impersonator,168.0,167.7,173.8,181.3,172.7,173.1,175.1
1302,impersonator,15.4,223.9,344.2,28.7,21.1,21.2,431.8
1672,impersonator,24.9,18.9,36.9,12.5,19.3,65.5,69.3
4228,impersonator,167.4,168.4,172.9,176.2,166.4,169.5,169.4
4496,genuine,168.0,167.0,171.0,170.0,169.0,170.0,169.0
2672,genuine,15.9,228.2,233.0,199.8,233.2,233.4,433.2
1081,genuine,826.8,16.7,16.7,17.3,16.4,1610.3,15.2
448,impersonator,21.1,13.6,27.8,29.3,17.4,9.6,16.4
2618,genuine,170.0,173.0,174.0,174.0,173.0,171.0,173.0
940,impersonator,448.9,9.3,233.7,238.4,431.8,21.7,242.1
2325,impersonator,166.1,161.0,160.9,177.4,171.3,169.2,166.0
3693,genuine,173.0,171.0,176.0,172.0,173.0,173.0,175.0
3365,genuine,181.0,177.0,155.0,171.0,171.0,9.0,167.0
2068,impersonator,456.6,15.0,8.9,216.7,207.3,420.1,16.6
2220,impersonator,20.3,19.9,0.0,25.9,24.9,23.4,21.0
782,genuine,172.0,171.0,174.0,172.0,174.0,174.0,175.0
698,genuine,213.2,416.5,233.1,233.4,433.2,16.4,233.0
2364,genuine,17.2,785.9,15.8,17.6,61.2,88.0,64.3
1055,impersonator,13.4,20.8,26.6,22.8,75.1,20.2,100.9
2328,genuine,171.0,172.0,174.0,172.0,175.0,174.0,173.0
4138,impersonator,217.9,239.7,365.7,459.6,21.5,20.4,226.8
770,impersonator,19.2,225.9,199.5,439.0,7.6,230.3,223.6
3047,impersonator,25.1,172.4,175.8,175.6,166.5,176.4,168.5
4395,impersonator,12.1,67.6,12.7,27.2,15.3,20.2,23.6
2266,impersonator,11.8,22.3,1050.7,17.7,18.4,21.5,232.5
2388,genuine,13.4,15.7,224.2,199.2,417.0,233.1,432.7
1960,impersonator,166.3,179.5,164.6,175.3,159.6,11.1,167.8
2329,impersonator,232.6,225.2,160.1,237.5,454.0,24.9,240.0
1042,impersonator,172.6,168.4,176.8,177.7,171.5,179.1,171.9
3235,impersonator,26.7,399.5,4.1,270.0,221.6,444.1,14.1
1126,genuine,227.8,232.0,450.3,31.5,233.7,233.0,450.9
1169,impersonator,18.9,1709.5,21.3,20.3,20.0,20.1,21.3
881,impersonator,14.9,14.8,682.2,417.5,11.7,16.1,18.4
3563,genuine,167.0,166.0,167.0,167.0,164.0,166.0,167.0
3378,impersonator,164.6,170.1,171.5,167.8,172.2,171.4,170.1
263,impersonator,12.4,173.5,362.4,34.9,24.1,26.4,28.8
3464,genuine,212.9,416.6,233.1,233.2,233.1,200.1,233.2
2475,genuine,17.1,13.9,211.9,216.6,199.7,216.6,417.0
3473,genuine,79.5,9.1,140.8,140.6,62.6,96.0,31.5
3080,impersonator,159.6,170.6,163.4,169.6,167.6,165.3,165.0
821,impersonator,15.6,15.4,379.2,15.6,25.1,16.8,21.9
2264,impersonator,23.4,415.8,26.7,246.2,225.5,219.8,8.3
369,genuine,169.0,173.0,169.0,174.0,169.0,172.0,166.0
701,impersonator,173.8,166.2,167.4,175.9,170.5,170.8,170.5
3407,impersonator,19.7,20.1,107.0,1359.3,28.9,16.6,85.1
3030,impersonator,166.4,175.2,167.1,176.5,173.4,171.4,165.2
2366,impersonator,172.8,175.2,148.4,176.3,166.3,170.5,167.5
4111,impersonator,170.6,171.0,172.4,171.2,175.5,169.8,164.2
4140,impersonator,164.4,169.8,168.0,175.0,162.1,169.5,166.8
1349,genuine,19.5,22.2,1588.9,18.7,21.7,22.3,179.0
4165,genuine,230.0,233.3,433.3,17.0,232.8,232.7,233.5
1393,impersonator,169.9,165.6,164.8,171.1,170.3,174.1,168.6
3219,genuine,37.0,63.2,2676.7,35.9,7.0,23.3,80.2
2633,genuine,171.0,171.0,173.0,173.0,174.0,174.0,173.0
4441,impersonator,20.7,21.0,1167.3,31.1,21.6,19.9,22.0
887,genuine,179.0,174.0,154.0,171.0,182.0,166.0,167.0
2735,genuine,12.3,24.3,72.5,23.1,36.4,88.2,2002.4
840,genuine,166.0,167.0,168.0,166.0,167.0,165.0,166.0
229,impersonator,222.8,242.0,7.8,28.3,25.1,224.7,697.5
3294,genuine,13.8,235.5,232.1,450.8,15.8,233.6,231.4
1696,impersonator,14.3,224.4,224.3,445.7,21.1,227.0,430.4
4344,impersonator,15.9,16.4,601.7,620.5,22.9,19.6,234.9
455,impersonator,11.1,210.0,213.8,222.7,426.2,14.4,232.2
950,genuine,169.0,173.0,173.0,175.0,172.0,174.0,173.0
4168,impersonator,11.4,16.4,153.8,427.3,19.9,17.8,22.4
2774,genuine,171.0,173.0,174.0,174.0,172.0,174.0,173.0
3001,impersonator,168.8,168.6,165.3,178.4,174.3,173.5,164.4
3347,genuine,165.0,168.0,167.0,8.0,160.0,331.0,166.0
903,genuine,166.0,168.0,169.0,166.0,167.0,169.0,166.0
214,impersonator,20.5,18.7,206.3,233.1,207.1,222.1,9.0
2777,impersonator,20.4,12.5,13.5,22.9,210.1,21.6,18.7
2288,genuine,165.0,168.0,167.0,169.0,167.0,167.0,167.0
2511,impersonator,15.4,17.2,152.9,1586.2,16.4,696.1,22.5
1326,genuine,165.0,168.0,166.0,166.0,166.0,168.0,169.0
1237,impersonator,15.1,1040.4,936.8,26.4,24.6,16.1,16.8
2601,impersonator,18.2,20.8,422.5,24.4,19.3,25.4,25.7
3068,genuine,171.0,173.0,175.0,173.0,172.0,173.0,171.0
201,genuine,170.0,175.0,175.0,173.0,172.0,175.0,173.0
3580,genuine,19.4,20.1,19.5,957.8,20.6,21.0,21.1
1870,genuine,225.2,451.4,31.7,232.7,232.9,452.4,13.8
3999,genuine,172.0,172.0,177.0,173.0,174.0,174.0,173.0
1695,genuine,225.8,232.0,433.9,15.6,233.6,233.2,233.0
4065,impersonator,458.5,442.5,15.4,231.6,234.9,446.6,24.1
3443,impersonator,236.6,224.0,425.5,238.9,428.7,22.0,230.4
685,genuine,169.0,173.0,174.0,173.0,174.0,174.0,173.0
299,impersonator,167.8,173.9,165.0,170.7,171.2,171.3,172.1
1945,impersonator,11.5,14.9,15.9,1296.3,23.0,23.2,23.1
4351,genuine,15.4,17.2,350.2,629.6,18.5,21.2,16.7
1634,impersonator,81.6,1407.6,23.6,19.3,100.0,82.2,22.3
195,genuine,172.0,173.0,176.0,173.0,174.0,172.0,171.0
3320,genuine,234.5,227.9,433.6,15.5,433.6,16.1,233.3
2108,genuine,17.0,561.0,17.5,19.0,55.8,72.5,62.4
3589,impersonator,209.4,397.1,13.1,285.1,1066.3,26.1,21.4
2453,impersonator,18.6,23.0,800.4,414.0,19.4,18.9,18.0
2164,impersonator,167.7,184.8,156.4,167.3,171.0,167.4,170.1
3696,impersonator,18.0,211.4,208.8,231.3,209.3,14.4,431.8
932,impersonator,20.2,704.3,916.5,17.1,16.6,19.9,19.1
2590,genuine,170.0,175.0,175.0,171.0,174.0,173.0,173.0
654,genuine,25.7,231.1,233.3,232.9,450.6,16.4,232.8
3568,impersonator,19.4,16.6,1375.4,6.0,20.9,23.5,18.8
1211,genuine,169.0,170.0,168.0,170.0,172.0,173.0,165.0
1081,impersonator,22.5,21.7,222.5,247.9,227.7,229.2,436.9
3576,genuine,19.5,16.9,1153.4,19.2,19.4,19.4,20.9
2528,impersonator,16.9,20.7,967.9,703.7,20.7,20.8,24.4
919,genuine,17.8,18.0,1400.2,20.4,16.7,631.6,24.7
514,genuine,15.2,18.6,1169.0,16.5,17.0,17.6,17.7
2943,impersonator,173.4,176.9,153.3,172.6,170.7,17.7,165.6
3420,impersonator,12.7,18.6,1124.8,1469.8,25.9,17.8,19.3
3152,genuine,167.0,166.0,165.0,168.0,167.0,168.0,166.0
1414,genuine,168.0,171.0,173.0,173.0,173.0,172.0,173.0
1647,genuine,16.4,19.4,974.1,631.7,20.4,16.2,19.1
3828,genuine,166.0,189.0,154.0,171.0,168.0,10.0,167.0
63,impersonator,10.4,77.5,99.6,966.6,25.5,21.4,229.3
4103,impersonator,242.4,409.9,218.5,226.8,225.0,231.9,426.3
2263,impersonator,25.4,434.4,16.9,238.2,229.2,432.2,12.0
2964,impersonator,227.1,387.9,4.1,225.1,212.2,413.7,15.8
1779,impersonator,223.4,233.9,432.6,20.6,28.1,22.1,447.7
3866,impersonator,167.5,161.9,171.6,179.4,167.3,168.3,166.9
447,impersonator,229.5,235.0,441.8,28.7,423.3,21.6,226.3
73,genuine,15.0,16.0,807.7,18.5,18.3,18.6,17.1
1350,genuine,18.0,60.2,246.0,16.5,64.8,87.9,38.6
194,impersonator,22.3,20.6,234.8,418.5,438.7,235.4,217.8
1043,impersonator,156.2,169.3,169.1,170.1,168.5,163.1,162.1
4000,impersonator,20.7,16.8,17.4,139.5,49.7,79.6,71.9
1674,impersonator,167.6,170.6,165.8,174.2,169.9,171.1,167.5
3691,impersonator,167.3,171.9,165.9,174.2,167.0,174.1,164.2
1089,genuine,164.0,168.0,168.0,165.0,167.0,168.0,169.0
294,impersonator,21.0,229.5,227.3,429.3,15.1,219.7,433.5
1559,impersonator,16.6,217.1,373.8,440.2,228.9,232.7,422.5
513,impersonator,169.1,177.9,168.6,171.5,166.5,170.4,165.5
974,genuine,166.0,167.0,169.0,167.0,168.0,168.0,167.0
226,genuine,164.0,181.0,159.0,172.0,168.0,170.0,183.0
1216,genuine,196.5,215.7,416.8,433.3,16.4,433.6,16.4
1013,genuine,163.0,178.0,157.0,170.0,170.0,171.0,168.0
3504,impersonator,19.0,3.9,0.0,228.3,216.0,428.4,17.7
3785,impersonator,163.4,167.4,173.9,165.9,167.5,166.2,162.6
1558,genuine,163.0,169.0,168.0,165.0,169.0,169.0,166.0
325,genuine,208.9,217.1,418.0,232.9,449.4,16.1,233.2
1243,impersonator,222.2,220.8,206.6,407.1,7.5,221.7,417.5
3312,impersonator,174.3,181.3,167.0,178.8,165.4,174.1,173.2
4454,impersonator,18.5,14.1,13.2,1449.6,16.4,2089.6,16.3
3897,genuine,16.8,1418.1,15.8,18.7,18.4,18.3,18.7
645,genuine,170.0,176.0,173.0,174.0,209.0,137.0,173.0
2250,impersonator,216.1,244.8,209.7,233.0,433.7,19.2,233.4
2895,genuine,166.0,169.0,167.0,165.0,167.0,167.0,167.0
1155,genuine,166.0,167.0,169.0,166.0,166.0,166.0,166.0
776,genuine,14.5,401.0,421.9,15.1,17.3,19.0,17.7
220,genuine,171.0,175.0,175.0,173.0,173.0,171.0,175.0
4123,impersonator,19.5,127.4,23.9,16.4,87.9,18.4,106.6
4366,genuine,171.0,174.0,173.0,175.0,174.0,175.0,172.0
2892,genuine,172.0,175.0,175.0,174.0,173.0,173.0,174.0
50,genuine,13.6,2089.2,19.6,19.1,422.1,19.3,18.8
2365,genuine,165.0,170.0,166.0,165.0,166.0,169.0,167.0
842,impersonator,14.9,13.4,112.6,20.7,22.6,23.8,17.5
4040,genuine,92.4,945.1,18.6,20.4,2291.6,21.8,22.1
2786,impersonator,23.7,15.8,7.4,23.5,21.2,228.5,13.3
2274,genuine,16.9,16.4,1427.5,16.6,16.2,17.2,17.3
1770,impersonator,13.4,3.1,214.7,221.4,205.3,216.6,427.3
1287,impersonator,162.7,172.7,172.3,165.4,168.3,166.4,169.5
4226,genuine,14.8,1608.7,16.3,18.0,17.3,16.8,19.5
630,genuine,15.7,1604.5,21.3,16.6,16.6,17.8,18.2
2556,impersonator,436.7,22.5,224.5,235.2,426.7,19.9,18.9
1853,genuine,181.0,170.0,157.0,171.0,170.0,169.0,12.0
1906,impersonator,411.8,12.0,214.0,209.2,218.9,17.5,231.4
457,genuine,172.0,175.0,174.0,174.0,172.0,174.0,171.0
930,genuine,164.0,165.0,168.0,165.0,166.0,166.0,168.0
426,impersonator,28.9,16.9,1475.6,17.7,623.5,19.9,14.1
1010,genuine,16.6,20.0,1161.8,422.0,15.6,18.9,20.3
3856,impersonator,169.6,178.0,152.1,177.2,165.0,170.4,172.3
1548,genuine,172.0,172.0,176.0,174.0,172.0,171.0,175.0
743,impersonator,173.1,181.5,147.3,176.6,172.1,19.1,20.8
1116,genuine,163.0,349.0,156.0,172.0,7.0,167.0,333.0
1158,genuine,19.3,19.2,336.0,844.0,20.8,19.4,20.5
4304,genuine,99.8,462.7,1693.0,18.0,18.3,17.0,982.7
3823,genuine,11.7,90.9,64.3,47.2,72.1,136.4,7.3
4427,genuine,86.6,55.7,75.0,36.1,112.8,63.9,31.0
300,genuine,164.0,164.0,167.0,164.0,167.0,167.0,166.0
193,impersonator,165.4,166.2,167.9,169.1,168.3,165.9,164.0
4421,impersonator,16.8,15.8,102.5,1050.4,235.7,21.3,17.7
3471,genuine,167.0,171.0,171.0,172.0,171.0,172.0,166.0
563,genuine,229.8,232.3,233.3,232.2,433.5,16.5,233.5
3641,genuine,17.3,17.9,1406.0,21.8,20.2,19.3,18.9
2947,genuine,394.6,215.6,16.8,16.9,72.0,83.5,96.0
2408,impersonator,13.3,15.4,729.7,440.7,20.3,21.9,229.5
2053,genuine,164.0,183.0,156.0,169.0,8.0,166.0,350.0
2605,genuine,164.0,187.0,154.0,171.0,171.0,172.0,171.0
1321,impersonator,19.0,31.3,1199.3,1585.5,20.1,18.0,12.6
1616,impersonator,162.6,168.2,168.3,171.9,169.6,172.1,166.7
1875,genuine,166.0,173.0,169.0,171.0,171.0,171.0,165.0
2440,impersonator,10.6,10.4,1412.5,21.5,10.1,16.6,16.5
2400,impersonator,170.1,177.6,165.5,177.4,166.9,171.5,164.6
91,impersonator,165.3,165.8,171.4,168.7,163.4,169.2,162.1
3754,genuine,14.7,234.1,228.3,233.3,433.3,16.3,233.4
2447,impersonator,22.0,15.2,448.3,24.5,19.4,23.3,18.7
3399,genuine,2115.0,17.6,17.3,17.6,18.3,18.3,18.0
3940,genuine,166.0,168.0,167.0,167.0,167.0,168.0,166.0
2017,impersonator,11.5,31.6,708.4,415.2,19.1,19.3,20.4
177,impersonator,172.6,177.5,179.6,181.6,168.3,170.2,172.3
1889,genuine,15.1,18.1,768.7,838.6,19.2,17.7,18.2
3923,genuine,167.0,167.0,169.0,166.0,168.0,165.0,168.0
3328,genuine,170.0,174.0,173.0,173.0,172.0,173.0,176.0
232,genuine,164.0,168.0,166.0,166.0,169.0,167.0,167.0
1545,genuine,168.0,173.0,168.0,172.0,172.0,171.0,166.0
2258,genuine,233.7,11.8,216.7,216.3,199.6,417.0,233.1
1462,impersonator,163.3,169.5,162.9,179.5,160.0,163.5,169.8
4359,genuine,17.0,132.7,19.6,91.4,92.5,8.1,96.7
3226,impersonator,17.2,16.9,85.1,447.7,21.3,24.7,26.6
1450,impersonator,23.6,22.0,779.1,29.9,18.2,16.6,18.1
2972,genuine,170.0,173.0,172.0,174.0,173.0,172.0,174.0
4322,genuine,433.6,31.5,232.8,233.4,450.3,16.2,232.7
2543,genuine,20.4,18.7,331.2,1260.6,22.4,18.7,20.5
1258,genuine,164.0,187.0,153.0,171.0,170.0,172.0,169.0
2204,genuine,173.0,174.0,173.0,175.0,171.0,173.0,175.0
2105,impersonator,162.0,422.9,2.3,174.5,319.4,175.0,14.9
1736,genuine,11.5,12.8,213.0,216.2,216.5,199.8,416.9
3551,genuine,169.0,168.0,169.0,170.0,169.0,169.0,171.0
526,impersonator,169.1,166.3,173.9,165.4,165.1,167.0,167.0
1210,genuine,166.0,172.0,170.0,171.0,171.0,173.0,166.0
3016,impersonator,162.1,165.4,163.4,175.4,169.9,168.0,168.7
1999,impersonator,169.7,166.2,175.9,178.9,175.2,169.7,164.1
3297,genuine,165.0,167.0,166.0,167.0,165.0,167.0,168.0
3692,impersonator,162.3,161.6,167.0,167.9,168.8,166.5,162.2
1970,genuine,165.0,167.0,168.0,167.0,167.0,168.0,166.0
306,impersonator,14.9,19.1,638.1,671.8,22.8,22.1,21.6
3375,genuine,164.0,167.0,168.0,15.0,153.0,334.0,166.0
3747,impersonator,169.8,168.3,169.1,176.9,172.5,172.3,28.2
4054,genuine,16.6,789.4,632.6,22.7,17.9,20.5,20.5
2952,impersonator,165.0,168.9,167.1,219.3,165.6,164.6,167.1
624,genuine,1361.3,20.6,16.1,1441.5,19.1,19.3,19.2
3241,genuine,12.7,19.4,1171.6,630.4,18.6,16.4,19.0
3329,genuine,180.0,170.0,156.0,170.0,168.0,170.0,169.0
2120,impersonator,169.0,169.5,159.4,168.7,175.4,171.4,166.1
2891,impersonator,12.9,26.0,749.3,1548.4,17.0,22.7,18.0
4340,genuine,7.0,326.0,334.0,167.0,169.0,167.0,168.0
3220,genuine,166.0,166.0,169.0,167.0,167.0,169.0,167.0
1740,genuine,164.0,166.0,165.0,167.0,165.0,167.0,167.0
1492,genuine,164.0,175.0,156.0,170.0,169.0,13.0,166.0
3652,genuine,331.0,165.0,167.0,8.0,160.0,333.0,169.0
4115,genuine,14.6,15.4,976.5,16.2,17.5,17.3,17.1
1060,genuine,159.0,335.0,167.0,167.0,4.0,162.0,4.0
4389,genuine,166.0,186.0,12.0,150.0,350.0,167.0,166.0
3208,impersonator,13.5,13.4,13.1,17.7,17.6,17.2,222.0
22,impersonator,166.2,186.2,342.6,172.5,12.8,171.2,339.3
4339,impersonator,11.4,23.3,19.3,875.9,15.7,21.9,13.9
2923,genuine,165.0,169.0,168.0,14.0,153.0,335.0,167.0
4447,genuine,14.1,19.5,1798.7,21.3,13.7,17.0,18.3
3584,genuine,16.7,1609.5,18.0,17.4,20.6,17.9,16.9
4498,genuine,210.5,414.8,232.8,31.4,200.0,418.0,232.5
3475,genuine,18.3,16.4,1605.1,15.3,16.8,17.0,16.8
2368,genuine,19.8,1802.7,16.5,21.0,20.5,20.5,20.7
1305,impersonator,17.0,25.3,10.1,19.2,16.0,70.4,24.5
4142,genuine,164.0,175.0,153.0,172.0,169.0,170.0,11.0
3772,impersonator,24.6,18.5,839.5,13.2,19.6,20.2,16.5
211,impersonator,14.3,14.8,1322.9,11.4,23.1,19.8,20.4
2190,impersonator,164.3,168.1,170.4,176.7,174.0,168.7,166.9
3948,genuine,167.0,168.0,169.0,169.0,169.0,169.0,167.0
1407,genuine,173.0,172.0,174.0,172.0,173.0,173.0,171.0
2313,impersonator,1805.9,95.0,26.0,214.9,104.5,170.7,102.8
2123,impersonator,169.1,182.0,157.0,178.8,168.2,12.3,168.8
2170,impersonator,169.3,170.4,30.8,331.1,176.9,177.3,173.4
3508,impersonator,233.5,397.9,211.9,233.3,219.6,437.6,420.9
973,impersonator,174.2,181.0,157.7,168.0,164.7,171.0,167.7
2610,genuine,10.0,179.0,319.0,172.0,11.0,167.0,334.0
2418,genuine,169.0,170.0,170.0,171.0,170.0,172.0,166.0
4478,genuine,198.4,430.8,233.4,433.2,15.8,232.9,233.3
4320,impersonator,163.9,177.2,164.8,168.7,170.5,169.0,165.4
3236,impersonator,403.3,179.2,159.2,181.3,171.1,172.3,169.5
2655,impersonator,172.0,168.1,167.7,168.5,164.1,174.1,173.9
4223,impersonator,227.8,415.1,30.2,235.0,242.1,439.3,14.5
3395,genuine,16.9,16.5,1162.3,18.6,18.6,19.6,17.2
1574,impersonator,11.3,21.0,16.4,228.6,218.3,419.6,438.3
3243,genuine,169.0,172.0,175.0,172.0,173.0,172.0,173.0
999,impersonator,171.2,168.0,175.8,179.8,169.7,173.6,172.8
2,impersonator,19.6,1686.0,29.3,27.9,19.5,20.7,92.1
1772,genuine,165.0,167.0,169.0,165.0,169.0,169.0,166.0
2256,impersonator,22.3,13.0,16.0,218.3,220.1,424.3,17.3
20,impersonator,163.0,164.3,171.8,169.3,160.8,164.5,166.5
2342,impersonator,10.9,27.8,809.1,14.8,18.8,22.2,23.5
3341,genuine,169.0,170.0,169.0,170.0,172.0,171.0,166.0
3257,impersonator,159.4,170.4,167.4,178.7,171.8,169.3,220.0
1253,impersonator,175.2,171.2,177.0,170.8,169.2,173.1,175.6
3587,genuine,166.0,168.0,167.0,168.0,167.0,169.0,167.0
3501,genuine,171.0,173.0,175.0,173.0,173.0,174.0,174.0
1343,impersonator,173.3,169.3,163.8,176.4,173.8,174.8,167.9
1716,genuine,169.0,174.0,173.0,172.0,173.0,172.0,173.0
2654,impersonator,173.1,168.6,162.3,177.3,171.2,176.9,170.7
1236,genuine,21.1,18.4,599.2,206.5,18.1,18.5,19.3
569,genuine,95.0,1801.3,18.3,18.2,18.6,819.8,16.2
846,genuine,163.0,170.0,167.0,165.0,167.0,167.0,168.0
662,impersonator,164.9,59.3,161.7,187.3,163.2,310.7,168.1
1882,genuine,23.1,18.0,23.9,393.2,633.6,21.8,16.3
1382,genuine,19.9,19.5,1785.4,17.3,21.4,22.7,18.9
4222,genuine,443.9,30.4,233.3,233.1,449.9,16.0,232.6
2110,genuine,163.0,176.0,155.0,170.0,169.0,169.0,170.0
4152,genuine,15.2,15.6,1409.1,415.8,18.5,18.0,20.5
1430,impersonator,17.5,18.8,24.1,1019.2,1639.8,169.4,22.1
635,genuine,225.3,232.3,433.4,16.6,232.7,233.4,233.1
2577,impersonator,170.8,178.5,158.0,172.5,168.1,171.9,164.3
384,genuine,227.6,230.0,231.7,217.1,233.3,232.7,233.1
2144,genuine,167.0,187.0,157.0,169.0,170.0,11.0,166.0
2654,genuine,18.9,39.6,1332.0,17.9,20.8,20.5,17.2
2413,genuine,15.5,216.1,413.4,233.1,233.1,433.3,16.5
2268,genuine,229.4,232.9,433.2,16.7,433.1,16.7,233.2
3260,impersonator,14.4,16.7,792.2,800.1,19.3,21.2,18.7
4042,impersonator,463.4,8.9,211.8,219.7,210.8,406.1,415.5
2117,impersonator,172.7,172.0,174.9,181.9,178.3,177.6,172.6
735,genuine,1076.1,18.2,15.0,18.5,17.3,16.4,18.3
3252,impersonator,22.1,22.2,16.1,23.7,218.6,231.7,418.9
2257,impersonator,8.0,25.7,14.1,28.8,17.5,12.9,16.1
599,impersonator,25.5,168.7,178.0,174.9,172.1,172.9,172.7
867,genuine,172.0,176.0,175.0,173.0,171.0,174.0,173.0
1450,genuine,15.7,16.0,788.0,417.4,17.0,18.5,18.9
4356,genuine,229.5,447.1,32.6,231.7,233.8,450.1,15.4
3325,genuine,163.0,176.0,156.0,170.0,170.0,169.0,168.0
3989,impersonator,18.9,173.4,1485.6,172.8,18.9,18.8,21.0
687,impersonator,167.2,167.6,181.1,179.0,173.7,173.9,172.9
234,impersonator,17.2,17.3,1445.9,633.1,22.0,20.3,21.4
1964,genuine,166.0,168.0,171.0,172.0,167.0,169.0,169.0
769,genuine,2115.4,219.9,18.2,17.7,17.8,25.7,49.6
3534,impersonator,23.5,1305.0,6.7,16.4,63.2,13.3,22.4
23,genuine,17.8,21.0,785.8,420.9,19.7,18.3,20.0
1602,impersonator,161.9,173.5,161.3,176.4,166.1,171.8,19.9
3970,impersonator,16.8,12.7,812.5,1659.7,17.0,17.7,19.0
3009,genuine,181.0,171.0,158.0,172.0,171.0,11.0,166.0
2756,impersonator,1987.2,1412.9,19.0,24.8,20.9,19.7,11.4
4117,impersonator,162.7,169.3,165.9,245.8,169.7,170.2,166.5
3601,genuine,165.0,167.0,167.0,165.0,167.0,166.0,166.0
3874,impersonator,161.4,164.8,161.0,180.9,170.0,166.2,170.1
3083,impersonator,163.4,161.3,165.0,168.9,167.5,170.1,165.9
291,impersonator,172.4,171.7,172.6,173.2,172.3,171.1,170.6
1595,genuine,16.5,227.3,233.3,433.1,16.6,233.2,233.4
688,genuine,167.0,171.0,170.0,171.0,172.0,173.0,168.0
2644,genuine,14.7,232.0,229.9,433.4,16.7,232.9,233.4
2248,genuine,166.0,170.0,168.0,170.0,173.0,171.0,167.0
4433,genuine,19.1,19.8,19.5,771.0,19.0,20.6,20.1
847,impersonator,11.9,24.1,781.1,22.0,22.5,24.2,22.4
1823,genuine,230.6,433.2,16.5,233.1,233.2,416.7,16.0
3110,genuine,411.3,232.5,233.8,449.3,16.4,231.8,233.4
2431,genuine,170.0,173.0,175.0,173.0,171.0,173.0,172.0
206,impersonator,3.5,12.9,340.6,19.8,19.5,16.1,229.9
3861,genuine,230.5,447.5,16.6,233.0,233.2,433.4,16.8
3801,impersonator,25.6,14.3,170.9,19.8,10.1,20.4,711.6
1378,impersonator,236.6,12.5,111.1,226.2,229.0,219.8,436.9
4158,impersonator,100.3,1604.6,25.1,16.1,1881.9,22.4,93.4
715,impersonator,459.2,16.6,20.1,221.5,226.6,17.9,424.7
4338,genuine,21.3,17.3,1391.4,16.3,21.6,20.7,23.1
964,impersonator,19.3,1374.8,1220.3,21.5,17.7,24.6,17.5
719,genuine,163.0,169.0,168.0,165.0,166.0,167.0,169.0
2908,impersonator,16.8,16.3,675.3,583.7,18.7,18.3,18.0
1726,genuine,163.0,186.0,158.0,170.0,169.0,182.0,167.0
104,impersonator,220.2,225.3,223.8,455.4,16.5,22.0,229.1
215,impersonator,172.0,178.3,157.1,175.1,167.3,165.0,164.1
3277,impersonator,24.8,14.1,403.8,9.0,18.6,19.1,658.9
2544,genuine,433.3,12.2,233.6,232.5,233.5,234.2,419.9
3706,genuine,21.1,13.4,20.9,1781.8,16.7,16.1,18.1
3007,genuine,31.2,2181.4,18.0,18.9,23.5,1015.5,17.5
2394,genuine,14.2,14.7,218.1,216.3,216.4,199.8,416.9
2941,genuine,15.7,14.5,17.6,16.4,1595.7,15.6,18.2
703,impersonator,177.8,170.3,177.0,178.4,172.0,174.8,170.1
4109,impersonator,162.1,167.0,434.9,170.6,164.1,166.4,164.1
2925,genuine,170.0,174.0,174.0,173.0,173.0,173.0,174.0
2417,impersonator,173.0,181.3,153.5,175.5,163.1,166.6,162.9
2569,genuine,596.7,425.9,18.4,21.2,20.7,20.5,16.2
2088,impersonator,163.5,171.2,172.8,175.6,171.3,166.5,167.3
588,genuine,13.4,432.9,14.1,232.5,15.9,216.6,200.1
4301,impersonator,175.1,166.3,172.5,178.0,173.3,171.7,173.8
580,genuine,170.0,173.0,174.0,173.0,173.0,172.0,175.0
3168,genuine,163.0,179.0,157.0,171.0,170.0,170.0,171.0
1620,impersonator,170.0,167.9,171.8,171.7,170.7,171.8,162.2
1386,impersonator,169.6,176.2,177.1,246.9,172.8,170.5,175.5
4293,impersonator,165.5,170.1,171.5,171.4,162.1,165.4,162.7
2822,impersonator,225.8,9.8,392.4,235.6,218.9,228.4,649.4
658,genuine,163.0,191.0,153.0,171.0,170.0,15.0,166.0
388,genuine,21.3,17.0,18.1,1385.1,20.0,19.4,22.1
4338,impersonator,172.5,163.5,185.1,174.3,175.6,172.0,173.1
1605,impersonator,169.9,170.4,978.1,170.5,163.0,19.3,164.0
4374,impersonator,171.6,167.0,172.4,178.5,170.0,170.2,167.1
1993,genuine,228.7,232.9,433.3,16.1,233.6,233.4,233.1
2177,genuine,168.0,189.0,155.0,172.0,7.0,167.0,350.0
3691,genuine,413.2,232.9,233.2,233.0,200.2,433.1,16.5
1105,impersonator,20.2,1458.5,17.1,20.0,21.2,21.9,86.0
2701,genuine,430.0,29.7,234.5,231.7,233.0,232.6,214.9
3101,impersonator,223.1,246.9,240.3,235.9,458.6,22.4,227.6
2090,genuine,164.0,168.0,167.0,166.0,167.0,166.0,168.0
472,genuine,167.0,171.0,168.0,174.0,171.0,171.0,165.0
4451,impersonator,170.8,171.9,171.0,177.3,171.7,175.9,167.7
2976,genuine,166.0,169.0,166.0,167.0,166.0,168.0,166.0
2709,impersonator,171.4,166.0,174.8,165.5,166.5,167.4,166.8
394,genuine,230.7,232.7,449.4,32.9,234.2,232.3,232.3
3690,genuine,229.6,233.0,432.9,16.6,233.2,233.2,233.4
2014,impersonator,168.2,154.7,168.5,165.0,162.1,167.8,161.4
3728,impersonator,231.5,433.4,22.0,257.6,235.7,458.1,16.4
3406,impersonator,165.4,164.6,175.3,172.6,177.4,169.2,165.4
958,impersonator,237.6,229.3,443.4,19.1,235.2,242.2,418.7
4084,genuine,164.0,181.0,154.0,172.0,9.0,166.0,334.0
361,impersonator,15.6,15.1,16.7,1480.2,21.0,24.1,18.9
525,genuine,217.3,212.1,199.9,216.5,633.3,16.3,233.4
1600,genuine,17.1,19.1,783.7,629.0,21.9,17.0,20.6
1355,genuine,233.0,430.0,15.7,233.4,16.1,217.1,199.5
1426,genuine,171.0,173.0,173.0,173.0,171.0,172.0,173.0
2996,genuine,166.0,187.0,155.0,170.0,170.0,170.0,11.0
1394,genuine,1369.1,18.1,21.1,18.2,17.9,19.8,19.4
1146,impersonator,14.4,19.6,927.5,592.1,13.7,19.9,20.8
4362,impersonator,11.2,23.2,161.9,651.2,18.4,21.6,20.0
3718,genuine,19.2,18.6,1394.6,19.9,16.6,19.2,19.4
2105,genuine,167.0,172.0,168.0,172.0,173.0,171.0,168.0
310,genuine,164.0,168.0,168.0,168.0,167.0,166.0,168.0
1261,impersonator,173.3,172.6,174.9,180.5,180.5,171.9,174.4
2650,genuine,165.0,166.0,168.0,166.0,168.0,165.0,167.0
1316,impersonator,159.7,173.6,161.9,177.7,168.7,167.6,164.8
176,genuine,163.0,183.0,167.0,167.0,166.0,167.0,166.0
2795,impersonator,11.5,20.3,1034.0,428.0,21.6,19.2,19.6
565,genuine,18.0,20.1,18.6,1382.7,19.3,20.4,19.5
840,impersonator,232.0,449.1,31.6,41.5,241.5,243.2,11.4
1148,genuine,166.0,171.0,170.0,171.0,171.0,172.0,165.0
1973,impersonator,9.1,28.4,637.6,1534.9,22.6,12.4,19.2
3695,impersonator,25.9,69.4,168.3,314.7,175.0,173.3,78.7
1014,impersonator,166.8,169.4,170.8,177.4,169.5,168.3,172.3
3565,impersonator,23.2,17.3,210.5,240.8,220.7,222.4,408.8
142,impersonator,224.8,439.8,35.0,35.8,240.1,441.3,226.4
3716,genuine,16.5,19.1,790.6,419.6,17.3,432.0,18.9
708,genuine,29.6,105.8,70.6,645.8,17.3,18.6,18.7
2815,genuine,23.0,228.1,433.1,16.8,232.6,233.9,432.8
143,impersonator,17.4,1564.3,433.4,26.9,28.0,29.3,14.5
85,impersonator,402.9,440.4,12.9,27.6,1340.8,24.5,25.1
366,impersonator,166.7,175.7,152.7,172.4,165.6,172.6,169.6
1108,genuine,170.0,173.0,174.0,171.0,173.0,172.0,173.0
3423,impersonator,10.0,21.3,36.7,706.6,16.1,17.7,12.8
1660,impersonator,166.2,168.7,167.9,165.9,158.4,316.5,166.8
3505,genuine,14.1,232.2,229.6,16.1,216.5,199.8,433.8
1239,impersonator,161.4,180.5,12.0,174.3,172.5,168.7,167.6
4312,genuine,198.5,40.8,404.7,413.8,24.7,233.0,10.3
818,genuine,19.4,226.1,231.7,15.4,216.4,417.3,16.2
2341,impersonator,162.2,164.6,175.3,170.8,164.2,164.7,167.6
3756,genuine,17.6,228.3,229.8,233.4,234.1,15.5,216.6
88,impersonator,170.6,174.1,173.6,184.2,172.7,172.4,167.7
1737,impersonator,161.5,168.5,162.7,173.3,167.9,173.4,165.2
1259,impersonator,22.9,14.0,984.0,17.8,95.1,23.5,23.5
2158,impersonator,168.1,168.7,175.7,175.1,176.1,174.2,176.7
2741,impersonator,24.5,30.3,107.9,12.7,75.6,16.4,67.1
1922,impersonator,16.4,218.3,219.0,434.9,199.9,214.5,425.7
3630,impersonator,7.9,23.9,922.5,982.1,23.3,18.9,22.1
3607,genuine,592.0,418.8,17.6,17.3,17.7,17.6,17.5
978,genuine,12.9,24.3,418.7,231.2,451.1,31.7,233.1
3012,genuine,15.0,783.2,629.3,16.5,16.7,17.0,17.0
488,genuine,168.0,169.0,171.0,170.0,168.0,170.0,169.0
760,impersonator,13.1,16.8,611.9,1019.9,18.5,22.5,17.0
3568,genuine,216.7,412.4,233.2,233.7,432.9,16.5,233.2
623,genuine,168.0,170.0,169.0,172.0,170.0,170.0,166.0
4087,genuine,35.8,875.0,232.4,50.7,4.0,660.4,48.8
2223,genuine,18.9,1202.9,15.2,18.0,18.3,18.1,18.5
2180,impersonator,166.1,177.7,159.6,169.0,168.8,169.6,169.1
3840,genuine,14.9,15.4,126.2,1048.3,17.9,18.4,18.3
2637,impersonator,20.7,18.6,240.6,226.1,226.8,221.5,424.1
3230,impersonator,168.9,159.8,178.2,21.7,164.9,170.7,162.2
3221,genuine,19.4,18.8,19.6,540.9,19.5,19.9,19.8
379,genuine,16.6,37.0,1862.7,19.9,17.2,19.7,15.5
1750,genuine,164.0,186.0,154.0,171.0,169.0,171.0,170.0
459,genuine,16.0,15.5,20.1,16.4,969.1,16.8,16.8
3585,impersonator,23.7,1540.5,35.1,25.3,24.3,17.2,89.3
1367,impersonator,172.7,176.1,174.2,176.0,175.5,172.7,175.6
3102,impersonator,228.8,229.5,412.5,30.3,236.4,21.8,235.1
2451,genuine,165.0,169.0,167.0,165.0,168.0,167.0,169.0
3119,genuine,163.0,164.0,167.0,166.0,165.0,165.0,164.0
1474,impersonator,172.6,175.4,154.1,176.0,170.7,17.9,167.9
503,impersonator,222.1,234.0,158.1,241.0,433.9,15.9,221.4
748,genuine,21.4,20.6,8.6,946.4,17.5,17.7,1223.6
1221,impersonator,12.3,786.7,1152.1,27.6,21.7,17.0,24.0
3643,genuine,170.0,173.0,176.0,172.0,173.0,174.0,172.0
348,genuine,429.7,23.7,8.3,216.6,215.9,216.6,417.1
2644,impersonator,440.5,399.6,23.4,226.0,219.0,433.7,13.7
3666,genuine,164.0,187.0,154.0,170.0,168.0,172.0,168.0
1363,impersonator,21.5,28.4,16.0,1611.1,20.4,22.1,20.7
3587,impersonator,162.1,180.3,144.8,174.3,171.1,13.5,170.7
3164,impersonator,165.8,165.6,164.4,165.8,171.6,170.5,163.7
3123,impersonator,168.6,179.2,158.6,176.3,170.1,171.4,168.0
1588,impersonator,18.9,443.4,14.2,13.8,20.8,23.7,18.8
1671,impersonator,6.0,20.6,367.3,427.9,18.2,18.5,439.8
3862,impersonator,18.2,18.4,841.9,6.5,20.7,91.6,22.1
3770,impersonator,166.2,169.1,168.3,161.5,165.0,166.2,166.3
1912,genuine,164.0,186.0,157.0,171.0,168.0,170.0,168.0
392,impersonator,163.4,175.2,161.6,171.5,19.2,19.9,165.7
2586,genuine,432.2,15.6,231.3,233.1,433.3,16.6,233.3
2116,genuine,14.6,2110.8,23.3,18.5,16.2,17.1,20.9
1225,genuine,163.0,182.0,155.0,171.0,9.0,166.0,334.0
262,genuine,20.6,22.6,19.6,21.1,951.4,20.2,20.7
517,genuine,230.7,249.0,450.2,32.6,233.8,450.1,232.9
3870,genuine,16.6,19.3,973.1,631.9,19.7,15.9,422.4
2032,genuine,164.0,181.0,155.0,171.0,9.0,167.0,333.0
1667,genuine,16.2,17.8,15.3,84.5,79.8,63.7,96.2
2649,impersonator,166.0,163.5,167.9,177.6,172.4,168.7,171.6
238,genuine,164.0,188.0,154.0,170.0,171.0,169.0,170.0
965,genuine,230.5,232.5,433.0,17.0,233.0,233.8,435.9
242,genuine,16.4,19.7,16.2,32.6,31.8,99.8,48.3
3552,genuine,20.4,23.4,20.1,22.3,576.9,20.3,20.4
2273,impersonator,18.5,16.0,112.3,15.7,23.1,17.5,18.3
1048,genuine,165.0,165.0,168.0,167.0,166.0,166.0,166.0
2532,genuine,328.0,167.0,168.0,7.0,160.0,331.0,167.0
2472,impersonator,22.8,1.5,14.4,237.3,212.2,222.3,14.2
1524,genuine,215.9,195.7,634.8,15.2,432.3,16.6,433.5
1328,impersonator,17.8,24.1,158.3,23.4,26.7,21.6,22.2
4051,genuine,15.4,40.4,49.8,34.4,87.6,96.2,43.5
4048,genuine,164.0,169.0,168.0,167.0,169.0,167.0,168.0
2305,genuine,17.0,21.0,44.2,57.6,30.1,96.0,31.8
2867,genuine,181.0,157.0,171.0,170.0,171.0,170.0,166.0
3717,genuine,171.0,173.0,176.0,173.0,175.0,171.0,172.0
2445,impersonator,164.5,179.2,148.7,178.9,169.3,166.8,168.4
2496,genuine,163.0,345.0,157.0,169.0,171.0,171.0,170.0
3057,impersonator,223.3,223.7,437.5,28.0,17.6,239.3,241.7
3166,genuine,15.2,787.7,16.0,17.0,17.4,55.3,93.5
2883,genuine,165.0,175.0,158.0,169.0,171.0,169.0,170.0
4310,genuine,171.0,172.0,173.0,175.0,174.0,172.0,173.0
1273,genuine,171.0,173.0,172.0,173.0,174.0,176.0,174.0
3890,impersonator,167.7,182.1,0.0,176.4,18.5,167.8,169.0
2687,impersonator,1758.9,1513.3,736.7,28.6,20.0,14.5,19.7
952,genuine,172.0,172.0,172.0,174.0,171.0,173.0,171.0
1902,genuine,75.8,79.6,23.3,104.0,83.1,25.6,99.1
1844,impersonator,170.6,175.6,442.9,172.4,166.2,171.9,12.6
804,genuine,168.0,171.0,170.0,173.0,170.0,172.0,167.0
1701,impersonator,169.1,168.2,172.0,177.8,173.0,171.9,170.3
4349,impersonator,212.9,172.3,405.2,35.8,18.5,19.6,19.6
2250,genuine,166.0,187.0,157.0,170.0,168.0,171.0,170.0
3920,impersonator,161.1,167.5,24.0,178.6,175.3,176.0,168.8
773,impersonator,13.2,181.5,161.0,363.4,18.4,169.4,172.9
4295,impersonator,15.1,20.9,341.7,1212.5,23.3,20.0,632.3
2198,genuine,16.7,18.2,1802.1,16.9,20.2,17.3,18.8
3956,impersonator,170.9,171.7,172.3,179.0,170.1,174.5,171.9
3972,genuine,171.0,173.0,173.0,173.0,173.0,172.0,173.0
1238,genuine,172.0,172.0,174.0,173.0,174.0,172.0,172.0
3673,impersonator,225.8,433.0,22.2,232.6,430.9,22.0,233.6
3435,impersonator,158.4,165.6,170.5,177.9,164.3,170.6,167.5
813,impersonator,435.1,10.6,217.1,217.1,211.1,11.4,18.2
3095,impersonator,231.7,220.1,216.7,429.1,226.3,16.2,216.4
3431,impersonator,20.0,18.1,25.7,24.5,17.9,18.0,12.9
3368,genuine,164.0,170.0,166.0,167.0,165.0,169.0,168.0
390,genuine,1209.2,19.4,229.5,16.3,18.3,18.5,18.2
4140,genuine,163.0,345.0,156.0,171.0,171.0,169.0,168.0
32,genuine,163.0,167.0,167.0,166.0,167.0,166.0,168.0
3784,impersonator,228.7,229.7,25.0,242.7,236.5,21.4,217.2
4457,genuine,166.0,171.0,169.0,171.0,170.0,172.0,166.0
1092,impersonator,231.5,233.1,128.2,241.7,236.0,409.7,223.7
546,genuine,163.0,189.0,153.0,171.0,169.0,170.0,167.0
555,genuine,18.7,19.5,540.3,1048.4,22.4,19.4,20.6
1455,impersonator,166.1,172.8,6.0,173.6,374.9,174.2,24.3
2627,genuine,226.8,450.6,31.3,31.9,199.7,216.7,617.7
2990,genuine,164.0,189.0,157.0,170.0,170.0,170.0,11.0
1194,genuine,15.2,15.6,969.0,628.8,16.3,16.9,17.2
2331,impersonator,172.9,168.4,164.3,169.8,175.4,175.1,166.8
3459,impersonator,163.3,178.9,152.5,182.5,310.8,12.2,15.3
475,impersonator,17.8,240.8,219.1,236.0,436.9,429.5,228.1
145,genuine,74.7,83.8,65.4,68.1,32.2,67.7,23.1
3752,genuine,225.1,432.6,17.0,232.4,233.3,233.1,433.3
3474,genuine,164.0,170.0,167.0,169.0,171.0,170.0,170.0
4015,impersonator,171.1,175.6,172.5,179.5,173.1,172.0,164.5
3869,impersonator,163.6,362.7,429.4,171.8,168.5,167.1,167.4
3111,genuine,170.0,173.0,174.0,174.0,175.0,171.0,173.0
579,genuine,12.9,4.2,16.7,1012.8,15.9,15.9,16.0
4458,impersonator,166.4,158.8,440.2,174.3,165.7,169.9,166.0
987,impersonator,413.8,8.5,198.0,218.1,203.3,412.6,12.8
4385,impersonator,856.5,1447.2,20.1,41.1,75.1,440.0,16.1
4275,impersonator,16.8,13.3,885.9,28.8,20.5,18.6,13.0
1354,impersonator,15.5,22.9,29.2,240.6,1871.4,19.4,21.1
2199,impersonator,20.1,19.0,752.8,644.9,23.2,21.3,20.3
1778,genuine,171.0,173.0,175.0,173.0,172.0,172.0,173.0
4324,impersonator,8.0,170.3,164.6,168.7,162.7,165.2,164.7
3348,impersonator,174.7,170.9,183.2,171.4,164.7,173.3,171.2
1087,impersonator,5.1,15.2,18.4,20.7,26.1,11.1,16.1
1579,genuine,171.0,175.0,174.0,175.0,173.0,172.0,174.0
184,impersonator,22.0,15.0,40.4,232.9,27.5,25.8,18.2
3610,impersonator,20.8,170.9,168.7,176.5,172.2,174.4,174.6
2733,impersonator,163.2,165.9,165.3,164.6,162.2,321.9,163.3
2872,genuine,232.8,429.0,16.6,16.2,216.6,199.8,215.5
4299,impersonator,10.2,20.8,165.4,23.1,20.4,24.4,25.2
3231,genuine,225.4,233.6,449.8,16.6,232.8,232.9,450.0
2058,impersonator,168.6,169.5,176.8,175.2,162.0,172.5,171.2
1179,impersonator,21.7,12.6,422.4,928.8,26.4,20.7,21.9
6,genuine,163.0,179.0,157.0,169.0,168.0,169.0,169.0
3789,impersonator,14.9,972.6,16.7,16.0,68.9,19.3,18.6
1554,genuine,155.0,333.0,167.0,164.0,166.0,166.0,168.0
4463,impersonator,410.2,5.3,215.4,213.4,206.0,221.0,225.6
221,impersonator,169.6,179.9,164.8,185.8,174.9,174.0,175.3
2884,impersonator,164.9,175.0,151.0,175.5,168.3,168.8,19.1
1931,impersonator,166.9,171.8,405.2,173.1,164.0,173.6,170.8
4012,genuine,21.1,42.9,1730.4,20.5,20.2,20.1,20.5
4164,impersonator,25.3,1291.2,33.6,167.9,25.6,21.7,23.3
1949,impersonator,15.0,8.6,978.4,28.6,19.5,26.2,776.5
2604,impersonator,18.9,20.5,380.5,240.5,228.3,228.9,14.7
905,impersonator,167.5,165.9,170.8,176.7,169.7,173.7,171.6
77,impersonator,229.8,232.1,362.6,22.7,222.1,220.2,419.4
1684,impersonator,16.5,7.0,3.9,22.2,11.7,22.3,17.9
1015,impersonator,5.9,17.8,625.4,634.9,23.8,18.4,19.6
2769,genuine,429.4,16.4,233.1,233.3,233.4,432.3,16.5
880,genuine,14.4,55.2,52.9,62.9,96.4,43.2,100.5
256,impersonator,14.6,17.1,376.7,22.1,20.4,16.9,14.9
223,impersonator,213.7,232.5,211.3,218.8,415.1,20.1,220.7
52,genuine,15.3,16.6,1373.9,18.1,19.4,18.6,17.9
974,impersonator,7.8,26.5,700.1,416.0,12.7,23.4,683.9
4200,genuine,231.7,430.6,16.2,232.8,433.3,16.5,233.2
4026,impersonator,172.2,167.6,166.8,169.5,171.5,169.4,166.6
3694,genuine,22.3,14.5,16.8,18.1,751.7,17.6,18.5
4358,genuine,164.0,187.0,156.0,169.0,168.0,170.0,169.0
3107,genuine,171.0,172.0,174.0,174.0,172.0,174.0,171.0
234,genuine,229.6,453.8,31.5,233.2,233.6,452.6,13.9
2095,impersonator,174.4,413.5,21.0,178.1,173.2,169.8,169.1
1645,genuine,230.2,452.4,31.5,234.0,233.2,450.3,15.8
3499,impersonator,23.0,27.3,49.4,28.0,23.9,19.7,20.1
346,genuine,413.7,231.6,434.4,15.5,233.9,433.7,15.4
3746,genuine,329.0,189.0,156.0,171.0,170.0,15.0,166.0
2071,genuine,414.7,230.6,233.4,434.0,28.6,219.3,16.3
3539,genuine,14.1,17.3,544.3,15.5,1452.7,18.0,17.3
302,genuine,166.0,168.0,167.0,166.0,167.0,168.0,167.0
3868,genuine,166.0,187.0,158.0,170.0,168.0,10.0,167.0
1679,genuine,15.8,211.9,216.2,199.7,417.0,233.2,433.4
223,genuine,171.0,173.0,174.0,175.0,172.0,172.0,173.0
4119,genuine,17.5,19.9,980.9,630.1,25.4,16.2,22.3
1894,impersonator,174.8,170.9,171.8,278.1,177.7,23.5,176.9
3024,impersonator,18.5,19.0,706.4,920.3,11.9,21.7,13.7
3262,impersonator,161.2,1040.6,17.1,212.2,166.4,171.7,168.5
1913,impersonator,160.0,164.9,172.1,181.5,175.1,176.2,167.9
2772,impersonator,227.6,457.3,9.6,240.7,229.3,237.3,12.3
2653,impersonator,13.0,19.0,645.1,1024.7,22.3,19.8,22.3
4067,impersonator,219.8,242.4,227.8,456.9,427.6,230.8,233.1
1351,genuine,164.0,167.0,167.0,165.0,167.0,165.0,166.0
2557,impersonator,16.4,434.3,777.1,22.4,11.4,22.6,12.5
3360,impersonator,171.1,169.0,172.1,170.2,166.4,175.4,166.1
4457,impersonator,223.4,227.2,223.1,233.7,427.5,17.8,231.3
1833,genuine,14.1,16.1,63.3,90.9,68.1,92.2,899.1
1860,genuine,167.0,173.0,169.0,169.0,172.0,171.0,166.0
4010,genuine,14.3,20.5,15.4,417.1,215.6,199.9,416.6
58,genuine,229.5,434.1,15.6,233.2,233.4,233.0,433.3
4433,impersonator,170.2,172.9,163.1,174.5,175.2,176.7,172.7
898,impersonator,163.9,161.8,164.9,164.0,161.0,172.2,167.3
1801,genuine,157.0,334.0,166.0,166.0,4.0,164.0,4.0
731,impersonator,3.4,23.3,501.5,436.5,17.8,21.1,22.2
3593,genuine,39.4,430.1,16.3,232.8,433.6,15.8,233.2
1987,genuine,16.3,750.8,18.8,16.6,16.7,56.0,96.1
952,impersonator,19.4,13.2,1414.3,22.9,23.6,20.9,19.3
1989,genuine,170.0,172.0,173.0,175.0,173.0,174.0,173.0
4175,impersonator,1020.1,1409.6,10.6,23.8,29.3,25.5,8.1
3288,genuine,230.2,431.5,16.4,233.2,233.1,416.9,16.4
2841,genuine,13.9,1199.1,15.9,424.2,18.3,16.6,16.7
3128,genuine,16.0,16.8,976.9,16.5,17.2,17.5,17.6
3844,genuine,167.0,173.0,168.0,171.0,171.0,174.0,165.0
1754,impersonator,171.8,182.4,153.2,178.2,164.8,173.5,167.9
1022,genuine,15.6,10.8,216.3,214.5,216.7,416.9,433.3
3456,impersonator,19.3,218.4,221.9,214.8,417.9,14.5,432.6
1550,genuine,16.2,21.0,786.1,631.8,23.5,16.3,17.3
1124,genuine,17.3,16.7,59.7,488.1,1264.0,20.6,19.1
2434,genuine,20.6,37.3,735.4,1474.1,18.0,18.1,17.6
1732,genuine,416.2,15.4,230.6,233.0,16.9,216.0,199.8
3021,genuine,424.9,17.1,231.9,233.1,233.1,216.7,233.5
3175,impersonator,212.1,236.5,194.1,457.3,21.8,23.2,227.6
1868,impersonator,232.3,425.4,20.4,252.3,235.3,22.7,14.8
3181,impersonator,168.7,174.5,159.3,181.8,167.5,168.3,169.5
1050,genuine,172.0,173.0,173.0,173.0,173.0,172.0,172.0
2851,genuine,17.6,227.0,232.6,433.8,15.5,233.1,433.7
779,genuine,170.0,175.0,173.0,175.0,173.0,175.0,172.0
1665,genuine,163.0,168.0,167.0,165.0,169.0,166.0,166.0
2549,impersonator,173.0,174.2,174.5,177.0,173.5,174.3,173.0
2365,impersonator,162.1,169.3,175.8,173.2,165.9,289.0,163.7
1872,genuine,18.9,25.0,716.9,837.2,20.7,20.2,20.7
2221,genuine,16.0,18.9,744.0,17.7,17.9,18.8,19.3
2770,impersonator,227.7,245.0,221.1,432.1,435.6,220.4,231.4
592,impersonator,171.4,174.9,174.4,176.0,167.9,171.4,164.6
2521,impersonator,425.0,174.9,3.1,235.9,328.5,90.6,169.1
462,impersonator,174.9,165.6,178.4,171.7,166.3,177.1,170.2
4425,genuine,19.3,18.1,19.4,969.7,20.2,21.5,21.0
1857,impersonator,452.0,4.9,232.6,221.0,202.7,419.6,16.1
754,genuine,171.0,172.0,172.0,172.0,172.0,175.0,174.0
29,genuine,1463.2,16.4,19.0,1436.8,21.8,20.9,19.3
4342,impersonator,15.7,11.4,596.4,1309.0,20.3,19.9,16.1
4057,genuine,16.3,18.2,19.1,753.4,20.2,21.2,21.5
4104,impersonator,161.3,168.3,164.4,247.1,160.5,163.6,170.1
803,impersonator,12.5,16.0,212.4,222.4,399.1,16.8,238.9
79,impersonator,16.7,1379.3,16.3,4.4,369.0,23.1,22.2
231,genuine,167.0,190.0,8.0,150.0,349.0,167.0,166.0
2595,genuine,17.0,1583.3,17.0,16.7,16.0,17.2,17.5
3468,impersonator,172.8,170.2,174.3,171.2,168.7,173.5,172.1
1791,genuine,171.0,174.0,173.0,171.0,173.0,173.0,173.0
2899,impersonator,217.5,228.3,197.6,450.8,17.7,19.0,236.1
4488,genuine,164.0,184.0,156.0,169.0,169.0,171.0,168.0
3307,genuine,171.0,172.0,174.0,173.0,173.0,172.0,174.0
3960,impersonator,18.5,25.6,19.2,24.2,23.1,21.8,16.5
611,impersonator,11.1,24.2,660.6,626.4,14.7,13.2,15.5
437,genuine,229.2,200.0,16.1,216.7,199.9,216.5,417.0
180,impersonator,165.7,172.6,163.8,177.2,168.5,166.6,17.2
1729,genuine,164.0,178.0,156.0,171.0,171.0,7.0,167.0
870,genuine,165.0,168.0,167.0,167.0,168.0,166.0,167.0
1876,genuine,164.0,184.0,154.0,171.0,171.0,170.0,168.0
3769,genuine,163.0,165.0,167.0,166.0,165.0,165.0,165.0
2251,genuine,448.4,27.3,233.7,232.5,450.4,17.3,233.1
1020,impersonator,21.2,215.9,372.8,20.4,225.3,219.4,425.0
1138,genuine,10.0,182.0,14.0,316.0,334.0,166.0,184.0
3433,genuine,169.0,171.0,174.0,173.0,173.0,175.0,174.0
4488,impersonator,166.0,167.7,172.4,173.7,161.4,165.0,166.4
4317,genuine,167.0,173.0,168.0,171.0,172.0,171.0,166.0
3,genuine,169.0,175.0,176.0,174.0,174.0,173.0,173.0
3685,impersonator,232.6,13.3,22.3,235.2,220.5,442.6,227.3
2476,impersonator,10.4,236.4,206.0,440.0,430.3,20.7,242.6
1325,genuine,164.0,183.0,167.0,166.0,166.0,167.0,183.0
2673,impersonator,9.2,27.6,964.4,1434.8,24.7,13.1,22.7
2022,impersonator,13.9,30.4,637.9,1020.3,32.5,22.3,21.8
1209,genuine,12.6,1185.7,14.4,402.3,14.6,17.2,17.2
2345,genuine,167.0,173.0,168.0,172.0,172.0,171.0,167.0
1626,genuine,164.0,181.0,157.0,172.0,7.0,166.0,349.0
233,genuine,170.0,174.0,175.0,202.0,146.0,173.0,173.0
2780,impersonator,13.4,24.2,1257.6,1818.5,29.2,25.0,24.1
3900,genuine,20.3,28.0,22.8,544.8,19.3,17.5,17.7
3600,genuine,12.8,232.8,434.0,15.7,233.3,233.8,432.4
3631,genuine,228.5,232.3,451.2,29.9,233.1,233.4,450.5
2747,impersonator,23.0,14.3,218.9,232.3,213.9,220.3,434.8
2113,genuine,12.4,17.7,399.3,209.2,17.3,17.5,17.8
3270,genuine,15.9,10.2,14.5,42.4,16.7,1220.6,34.7
68,genuine,163.0,180.0,157.0,171.0,169.0,172.0,169.0
1451,genuine,228.7,232.8,433.3,16.6,433.4,16.6,232.8
14,genuine,17.2,13.6,214.0,215.6,199.1,216.4,417.2
4341,genuine,229.2,231.2,31.5,199.6,417.6,16.2,215.1
3026,impersonator,25.7,223.4,359.3,163.2,11.8,205.3,213.2
2360,impersonator,16.0,19.8,64.8,17.1,17.5,14.6,24.9
1358,genuine,165.0,169.0,167.0,165.0,167.0,167.0,167.0
1159,impersonator,164.7,180.7,147.5,173.1,13.2,164.4,14.5
2806,genuine,167.0,170.0,170.0,170.0,170.0,171.0,167.0
3079,impersonator,20.6,676.0,426.1,16.2,20.9,84.1,25.4
4309,impersonator,164.4,174.2,173.9,168.5,162.1,166.6,164.9
2356,genuine,21.6,760.9,14.8,401.4,16.0,16.8,16.1
288,genuine,100.2,63.8,47.7,170.6,62.6,31.4,120.3
1692,genuine,37.2,197.2,199.6,216.6,416.8,233.3,233.2
391,impersonator,17.4,510.5,366.4,29.7,27.3,29.3,18.7
1614,impersonator,12.0,1290.7,699.6,21.9,15.0,22.6,17.0
3039,impersonator,10.8,22.7,530.6,682.1,456.1,29.5,23.3
2310,genuine,49.0,31.3,1166.2,17.8,19.0,24.6,387.3
549,impersonator,162.5,166.6,157.9,23.8,165.1,166.1,163.8
862,impersonator,14.1,26.6,9.5,918.7,22.5,20.6,20.8
2580,genuine,181.0,170.0,159.0,172.0,169.0,172.0,171.0
2527,genuine,168.0,171.0,171.0,171.0,171.0,171.0,164.0
3413,genuine,171.0,172.0,176.0,173.0,172.0,172.0,173.0
694,genuine,14.8,6.3,615.4,430.7,16.3,233.0,16.4
2718,impersonator,166.7,179.9,154.4,175.6,168.9,168.2,168.5
3487,impersonator,27.6,11.8,192.1,220.8,226.7,224.5,13.5
3560,impersonator,81.0,15.9,29.0,17.3,795.8,20.8,16.9
827,impersonator,23.0,3.9,8.9,226.9,212.2,226.4,13.2
816,impersonator,22.9,10.7,1033.2,17.7,22.1,20.6,23.4
948,impersonator,11.0,241.0,790.7,34.9,23.1,27.9,23.3
3326,genuine,430.7,15.7,231.8,233.1,433.5,16.4,233.4
3697,genuine,15.2,19.8,789.8,627.2,18.3,16.4,18.2
2566,genuine,166.0,187.0,155.0,169.0,169.0,169.0,171.0
4403,impersonator,21.7,233.6,437.0,456.4,227.9,231.0,445.8
2616,genuine,231.7,229.9,250.0,450.0,33.0,233.3,233.3
917,impersonator,1618.9,74.6,23.6,16.5,80.0,20.7,23.2
149,impersonator,15.5,19.9,24.6,21.7,21.5,19.5,19.3
3002,impersonator,169.5,166.5,189.1,170.4,172.2,168.3,170.2
1910,genuine,9.0,180.0,318.0,172.0,168.0,11.0,166.0
3130,genuine,169.0,175.0,174.0,173.0,175.0,172.0,173.0
1871,impersonator,28.4,104.7,29.4,15.9,15.9,65.2,86.1
2273,genuine,213.0,232.6,234.2,233.3,433.3,15.9,233.5
3667,genuine,17.0,230.0,228.6,233.2,433.2,16.5,233.0
733,genuine,15.4,17.9,975.1,632.3,18.4,14.1,18.3
3133,impersonator,13.8,1357.4,31.5,23.8,23.7,19.6,20.3
3968,genuine,228.2,433.5,16.0,16.2,216.5,199.8,216.7
2810,impersonator,227.9,21.2,440.7,29.5,224.1,229.7,230.0
10,impersonator,220.7,232.4,20.7,30.4,230.7,227.8,227.4
3975,impersonator,18.1,165.8,0.0,27.5,166.9,169.4,165.7
1418,genuine,170.0,173.0,175.0,174.0,172.0,175.0,173.0
436,impersonator,90.3,1670.2,50.1,18.6,22.7,170.4,22.4
3822,genuine,174.0,172.0,176.0,172.0,176.0,174.0,172.0
948,genuine,164.0,169.0,166.0,166.0,168.0,169.0,167.0
3214,impersonator,444.0,223.5,227.1,218.5,429.9,16.0,16.6
2083,impersonator,24.9,9.1,402.5,185.8,212.7,221.7,217.0
902,genuine,13.9,1009.6,230.8,15.6,17.7,16.3,15.3
2683,genuine,18.9,17.7,980.9,421.9,20.0,22.0,18.2
1748,impersonator,171.2,181.3,167.2,174.7,170.3,171.1,167.6
1092,genuine,167.0,184.0,12.0,150.0,350.0,167.0,166.0
1039,genuine,433.5,32.6,31.5,200.0,216.0,200.3,633.8
811,impersonator,9.0,29.5,862.2,19.0,28.0,29.2,22.5
2332,genuine,166.0,172.0,172.0,172.0,173.0,170.0,166.0
3918,genuine,167.0,188.0,157.0,169.0,171.0,169.0,171.0
4441,genuine,168.0,170.0,170.0,173.0,171.0,172.0,165.0
1187,genuine,229.8,235.7,450.2,15.5,234.1,232.8,450.0
4498,impersonator,6.1,15.8,517.3,615.6,17.6,17.4,15.6
1612,genuine,15.7,218.6,193.9,216.3,216.5,199.4,633.9
4285,impersonator,13.1,172.3,71.3,1761.7,20.5,172.5,82.9
643,genuine,31.8,630.5,17.7,17.9,39.2,55.4,2422.3
2960,impersonator,11.4,14.2,8.8,195.0,73.6,13.2,83.8
43,impersonator,419.6,419.6,6.2,255.3,229.7,436.9,18.3
253,impersonator,168.2,183.5,143.2,176.7,171.3,16.7,165.8
2685,genuine,15.8,442.8,30.5,450.3,31.3,234.2,15.4
2618,impersonator,12.5,20.7,805.5,412.1,22.0,14.1,844.6
1274,impersonator,168.5,172.2,151.8,174.1,166.4,172.1,169.0
2609,impersonator,12.9,12.6,17.9,8.4,15.1,17.8,20.0
3262,genuine,164.0,181.0,154.0,171.0,10.0,168.0,333.0
1279,genuine,7.0,158.0,332.0,168.0,165.0,167.0,167.0
3921,impersonator,169.1,179.5,172.0,170.8,177.7,172.3,167.2
4199,impersonator,75.9,1694.4,25.5,26.2,20.3,20.4,56.5
1561,impersonator,5.7,20.7,24.6,1275.5,18.6,75.9,18.6
2229,impersonator,165.2,162.9,164.0,174.7,170.1,169.4,164.2
3720,impersonator,18.9,914.8,748.9,28.4,22.7,22.9,22.9
2873,genuine,87.7,52.5,63.9,183.8,98.6,93.4,107.9
1357,genuine,165.0,167.0,167.0,168.0,168.0,165.0,169.0
2845,genuine,164.0,186.0,156.0,171.0,170.0,171.0,169.0
1096,impersonator,21.6,17.3,34.4,1368.8,69.0,87.2,86.7
3330,impersonator,166.6,164.5,168.9,171.4,171.2,170.4,166.1
2765,genuine,14.0,229.7,432.3,16.5,231.7,233.2,433.4
785,impersonator,14.7,17.7,736.0,19.5,12.0,20.2,17.8
1018,impersonator,12.6,22.3,738.7,1522.6,15.2,17.2,19.2
1284,genuine,171.0,173.0,176.0,172.0,173.0,173.0,173.0
2661,impersonator,171.0,171.4,186.0,175.8,170.0,175.6,170.0
4020,genuine,12.8,234.5,430.2,16.1,233.3,233.1,16.6
85,genuine,418.9,226.9,433.4,16.4,233.1,433.5,16.3
1417,impersonator,164.0,168.0,167.9,170.8,165.3,302.3,167.2
728,genuine,18.3,208.1,418.8,253.9,448.8,30.1,231.0
2222,impersonator,170.2,164.1,176.1,177.4,176.4,174.1,174.3
3951,genuine,166.0,191.0,153.0,169.0,171.0,170.0,170.0
2841,impersonator,221.8,239.1,412.5,230.6,430.5,19.4,237.9
1205,impersonator,171.7,175.0,56.9,181.2,325.9,170.5,168.2
2039,genuine,165.0,168.0,166.0,168.0,167.0,167.0,169.0
2877,genuine,16.4,24.3,108.3,36.4,26.9,147.5,18.2
4130,genuine,170.0,175.0,175.0,173.0,173.0,172.0,174.0
3993,genuine,11.9,18.5,970.6,17.6,17.3,821.2,16.9
4053,genuine,170.0,173.0,175.0,174.0,171.0,172.0,174.0
660,genuine,15.8,20.0,971.6,631.4,20.4,16.3,20.0
2473,genuine,170.0,174.0,174.0,175.0,173.0,172.0,172.0
2616,impersonator,10.8,18.4,869.5,1141.2,15.1,18.5,24.5
1968,genuine,167.0,167.0,168.0,166.0,167.0,169.0,168.0
1254,impersonator,222.0,224.1,432.9,39.3,30.4,235.8,230.7
11,impersonator,12.6,22.8,1055.7,23.3,13.8,21.3,20.4
199,genuine,165.0,172.0,167.0,173.0,173.0,173.0,165.0
1100,impersonator,164.9,180.6,150.6,170.5,164.3,168.1,167.4
3359,genuine,167.0,196.0,149.0,171.0,171.0,8.0,167.0
366,genuine,227.0,450.4,31.5,232.7,232.4,451.0,15.3
4409,genuine,165.0,167.0,10.0,158.0,334.0,167.0,166.0
2636,impersonator,173.6,167.5,188.0,178.1,172.9,172.9,168.3
2338,genuine,19.3,20.7,21.6,965.6,21.7,22.9,18.3
1933,genuine,229.9,433.4,16.2,233.1,233.9,432.7,16.5
3333,impersonator,216.9,236.7,226.8,228.2,434.1,22.1,227.6
730,impersonator,230.3,398.1,17.4,240.3,236.4,448.1,20.4
365,impersonator,1487.1,1332.9,16.5,26.1,15.7,16.6,13.8
1602,genuine,14.4,402.5,18.5,32.3,2270.6,25.3,18.5
4009,genuine,164.0,179.0,156.0,172.0,169.0,170.0,168.0
1432,genuine,168.0,171.0,169.0,173.0,171.0,169.0,167.0
2837,impersonator,165.4,160.0,160.9,174.8,169.4,172.2,164.1
2631,genuine,164.0,166.0,167.0,3.0,165.0,3.0,330.0
364,impersonator,229.1,224.3,223.5,225.0,218.8,225.1,217.6
2374,genuine,169.0,185.0,157.0,171.0,5.0,166.0,350.0
2146,genuine,53.4,76.8,1271.6,16.8,16.6,16.7,16.2
1637,impersonator,14.8,421.1,12.6,22.1,22.0,25.3,17.1
876,genuine,172.0,172.0,176.0,173.0,172.0,175.0,172.0
4180,genuine,169.0,167.0,209.0,138.0,159.0,167.0,170.0
2515,genuine,19.5,40.7,17.0,537.8,17.9,17.9,18.6
1390,genuine,14.7,229.8,233.4,232.7,433.5,16.5,233.0
3565,genuine,15.8,20.5,784.9,631.5,18.4,16.6,18.8
2592,impersonator,169.6,169.2,161.8,182.7,173.6,172.7,170.1
1794,impersonator,14.9,17.3,708.4,613.5,12.9,15.8,15.7
2370,genuine,165.0,168.0,171.0,167.0,171.0,168.0,168.0
2255,impersonator,5.5,22.1,541.1,1315.2,14.2,17.1,230.0
971,impersonator,168.7,175.7,157.9,173.9,164.6,167.9,303.0
3270,impersonator,22.5,214.2,393.1,21.8,221.0,226.8,426.7
4045,genuine,233.4,228.8,233.9,15.9,216.5,199.3,417.3
3099,impersonator,164.6,161.0,171.4,168.2,169.0,170.9,167.7
3418,genuine,166.0,173.0,169.0,170.0,171.0,170.0,167.0
1329,impersonator,226.9,447.7,17.6,242.4,226.6,435.1,10.2
4184,impersonator,11.4,20.4,765.7,217.9,433.3,15.7,18.6
2975,impersonator,215.2,225.6,398.8,232.2,432.6,19.3,228.5
240,genuine,165.0,168.0,166.0,16.0,152.0,329.0,166.0
4183,impersonator,437.1,425.8,16.9,238.8,235.2,446.6,21.1
3482,genuine,135.0,129.9,196.0,211.8,99.6,16.3,18.5
131,impersonator,164.1,163.2,163.9,173.8,164.5,167.5,164.5
556,genuine,582.1,418.9,16.6,16.6,16.9,17.2,63.7
2390,genuine,163.2,630.4,16.5,15.9,16.7,16.7,22.7
746,genuine,15.3,20.6,16.6,945.3,17.7,20.0,17.3
3527,genuine,228.5,232.3,452.6,29.1,233.5,233.3,433.4
1296,genuine,162.0,167.0,168.0,165.0,167.0,167.0,165.0
2828,genuine,166.0,167.0,169.0,171.0,169.0,168.0,171.0
32,impersonator,16.1,12.6,16.7,1345.4,16.9,15.7,28.2
1102,genuine,164.0,167.0,165.0,167.0,168.0,7.0,158.0
4075,impersonator,15.4,1529.0,602.0,1493.0,16.7,23.2,15.7
3808,genuine,226.3,232.3,451.1,31.6,232.9,233.2,233.1
2632,impersonator,19.3,220.0,201.2,216.0,211.1,15.2,220.1
4034,impersonator,164.1,167.2,176.1,171.0,171.2,166.8,169.8
2239,genuine,167.0,187.0,156.0,172.0,171.0,169.0,170.0
2272,genuine,41.5,1013.5,16.2,18.7,21.0,17.5,62.3
505,genuine,18.7,22.9,30.7,1170.4,16.4,16.5,16.9
3231,impersonator,11.3,163.1,175.7,30.9,167.9,21.5,21.4
1845,genuine,163.0,169.0,168.0,16.0,151.0,332.0,168.0
1487,genuine,172.0,173.0,174.0,173.0,173.0,172.0,174.0
1499,impersonator,163.5,163.8,176.9,179.2,162.7,166.9,164.9
1550,impersonator,699.6,1713.2,15.0,26.8,24.5,16.2,19.9
979,impersonator,18.2,19.0,229.8,220.5,219.1,411.8,667.5
4264,impersonator,19.2,22.1,1306.2,1274.7,15.0,15.4,14.6
584,impersonator,170.3,171.8,172.0,170.2,166.9,172.9,165.6
57,impersonator,16.3,18.4,537.2,434.7,21.1,24.0,8.5
690,impersonator,20.2,231.6,216.0,238.4,224.9,20.8,227.0
3523,genuine,14.8,18.9,1609.6,17.5,16.7,19.0,18.8
685,impersonator,21.9,554.9,414.1,21.2,215.9,222.6,427.4
1412,impersonator,169.7,167.7,160.4,174.7,172.2,170.1,167.0
3410,impersonator,167.8,167.8,171.0,183.5,172.0,173.6,169.1
2589,genuine,167.0,172.0,171.0,171.0,171.0,172.0,165.0
1314,impersonator,169.0,168.5,177.9,174.1,170.7,175.0,170.6
3528,impersonator,169.0,166.4,176.8,179.8,173.5,171.7,173.5
4088,genuine,15.7,228.9,232.1,433.4,16.8,233.0,233.2
4350,impersonator,172.2,167.3,174.2,29.3,170.6,176.4,170.4
3059,genuine,14.9,140.2,55.0,94.2,55.4,32.9,2073.0
1952,genuine,164.0,180.0,154.0,173.0,171.0,172.0,171.0
101,impersonator,25.5,1522.6,45.7,13.6,21.1,16.8,72.4
1901,genuine,227.3,233.0,233.1,449.6,15.5,450.8,14.7
1547,impersonator,3.9,164.3,157.2,173.2,164.2,168.1,167.5
1114,genuine,84.6,59.8,52.3,111.7,31.2,68.5,99.8
477,genuine,1890.6,225.3,17.2,16.8,17.1,16.6,44.6
4473,impersonator,18.4,17.0,5.2,18.3,931.0,19.4,18.5
1498,impersonator,171.8,175.9,167.3,179.8,171.9,170.8,165.6
506,impersonator,165.6,169.6,166.3,174.4,170.8,172.1,170.9
1231,impersonator,228.8,232.8,397.7,231.4,20.7,229.8,420.6
1002,impersonator,169.1,189.3,162.8,175.5,297.4,166.3,169.6
3986,impersonator,172.3,180.0,8.7,175.7,170.4,169.9,168.6
3105,impersonator,163.3,176.3,149.5,173.6,163.6,166.2,166.8
1722,impersonator,164.0,187.3,155.5,179.1,167.2,167.6,169.6
1028,genuine,165.0,167.0,167.0,167.0,167.0,164.0,166.0
4106,impersonator,416.7,432.0,20.6,238.0,17.8,20.7,19.7
3806,impersonator,221.6,230.7,441.3,445.7,22.3,236.0,222.1
3836,impersonator,24.3,11.5,17.8,31.5,24.6,21.3,18.9
2055,impersonator,9.6,21.0,757.8,615.6,18.2,16.4,22.8
1821,genuine,170.0,173.0,174.0,172.0,173.0,173.0,175.0
2782,genuine,164.0,179.0,155.0,170.0,169.0,173.0,167.0
1624,genuine,166.0,167.0,166.0,13.0,154.0,331.0,168.0
2287,genuine,165.0,169.0,167.0,167.0,169.0,168.0,166.0
1463,genuine,20.3,17.7,1597.5,21.8,232.5,20.2,21.9
1848,impersonator,163.6,180.2,159.1,180.7,168.9,167.8,169.9
3056,genuine,15.6,57.2,1128.2,631.2,19.9,15.6,18.3
3012,impersonator,167.3,157.7,172.3,180.6,170.5,174.6,169.3
3991,impersonator,162.5,167.6,161.5,169.6,171.8,167.2,165.5
378,impersonator,13.3,17.8,81.9,19.9,18.4,22.2,20.6
3958,genuine,15.4,1001.2,609.5,18.7,16.3,18.6,843.0
1582,genuine,13.5,230.9,228.8,216.9,234.5,232.1,15.6
394,impersonator,163.1,168.7,159.2,168.0,172.9,167.3,168.3
665,impersonator,167.2,173.2,169.7,176.2,174.3,176.5,177.4
237,genuine,165.0,186.0,152.0,170.0,168.0,171.0,168.0
679,impersonator,23.2,1.5,225.2,225.2,203.2,207.2,427.7
1356,genuine,20.3,17.3,552.3,208.0,20.5,16.7,17.8
1897,genuine,233.7,228.0,232.0,200.2,233.1,233.6,433.1
3398,impersonator,167.0,171.7,177.3,173.0,169.6,172.9,169.2
3385,genuine,232.4,429.6,16.8,233.0,233.3,433.2,16.6
2392,impersonator,171.0,172.6,173.4,172.5,169.4,173.6,165.3
1960,genuine,1242.0,16.9,17.4,1892.6,19.5,18.7,16.6
3279,genuine,228.8,232.4,433.4,17.0,232.4,233.3,233.3
4169,impersonator,169.4,166.7,173.8,180.5,167.4,173.5,169.8
1572,genuine,165.0,169.0,168.0,167.0,167.0,167.0,169.0
2748,genuine,163.0,187.0,156.0,172.0,169.0,169.0,14.0
150,genuine,165.0,168.0,167.0,168.0,168.0,166.0,165.0
3842,genuine,163.0,168.0,168.0,168.0,167.0,168.0,165.0
2832,genuine,1408.2,21.8,18.8,422.1,23.8,20.3,18.1
2517,impersonator,169.4,166.2,174.4,173.3,168.4,167.4,164.9
3350,impersonator,18.8,21.6,35.0,17.9,83.1,86.9,22.2
1063,genuine,12.4,19.1,967.5,207.7,18.7,18.9,19.3
2274,impersonator,76.7,21.5,1373.1,28.2,19.0,79.9,17.9
1978,impersonator,21.9,220.4,388.0,436.6,8.2,231.3,421.1
1949,genuine,957.4,15.2,18.6,18.2,18.2,24.2,69.4
3593,impersonator,233.2,412.4,26.4,236.5,247.0,430.1,17.3
2764,impersonator,14.0,14.3,433.5,17.5,14.5,317.1,19.1
1675,impersonator,168.7,181.8,155.2,174.5,163.9,13.8,168.3
1657,genuine,170.0,175.0,174.0,173.0,173.0,172.0,172.0
4107,impersonator,17.6,23.3,20.9,1225.9,17.9,21.2,724.0
1166,genuine,164.0,185.0,158.0,169.0,169.0,169.0,169.0
2060,impersonator,162.1,165.3,167.7,173.1,165.7,167.9,169.9
2817,impersonator,14.7,19.1,833.8,28.7,17.3,23.4,23.5
1556,impersonator,232.8,182.8,396.9,172.0,15.8,165.3,336.2
4459,impersonator,25.8,13.2,215.4,224.7,210.0,216.5,408.5
2498,genuine,165.0,193.0,154.0,169.0,171.0,171.0,170.0
2481,genuine,17.1,19.3,964.3,421.1,16.2,18.1,18.1
2001,impersonator,18.3,27.9,26.1,604.9,18.2,16.7,20.1
853,genuine,237.2,425.4,16.7,233.0,433.1,16.5,433.5
22,genuine,171.0,174.0,172.0,174.0,174.0,175.0,172.0
353,genuine,168.0,172.0,169.0,173.0,171.0,171.0,167.0
3115,genuine,168.0,192.0,154.0,172.0,169.0,169.0,169.0
2198,impersonator,1661.5,43.8,170.9,28.9,23.1,20.9,21.3
553,genuine,165.0,166.0,168.0,167.0,167.0,167.0,168.0
189,impersonator,19.5,433.3,19.3,170.3,233.4,225.3,11.3
3382,genuine,232.5,229.7,216.9,233.2,233.3,233.3,433.3
1457,genuine,430.1,16.7,233.2,16.2,216.6,199.9,633.7
749,genuine,16.1,21.0,82.3,65.6,640.9,18.1,16.3
1731,genuine,165.0,168.0,168.0,168.0,168.0,168.0,166.0
484,impersonator,234.4,28.1,391.0,27.2,20.3,234.2,222.3
1988,impersonator,169.3,171.0,178.1,171.5,171.0,175.8,171.1
3239,genuine,20.0,19.5,21.0,1578.8,19.9,21.1,20.9
2330,genuine,10.6,229.5,217.0,232.7,233.3,450.0,15.4
441,genuine,166.0,170.0,170.0,170.0,168.0,171.0,167.0
2226,impersonator,173.2,179.9,167.7,175.2,171.4,174.4,168.6
1737,genuine,164.0,179.0,156.0,171.0,170.0,169.0,171.0
458,impersonator,3.1,225.0,346.6,450.1,16.7,17.2,443.8
2084,genuine,164.0,177.0,155.0,169.0,171.0,12.0,166.0
2969,impersonator,171.8,164.6,170.3,180.3,175.6,173.9,178.8
3979,genuine,17.5,20.7,1156.5,421.9,16.1,20.9,17.0
272,impersonator,8.1,29.8,509.1,415.9,10.0,17.3,22.2
1332,impersonator,8.0,10.9,626.9,436.8,12.1,229.6,25.8
1139,impersonator,17.6,21.8,857.1,619.6,18.1,14.7,17.0
2570,impersonator,224.6,231.4,408.9,226.0,454.5,235.8,219.8
3624,impersonator,231.0,445.1,227.5,233.0,229.2,435.4,655.5
1040,genuine,172.0,172.0,175.0,173.0,172.0,173.0,173.0
3956,genuine,20.4,20.0,600.3,17.4,18.6,19.9,20.2
3950,impersonator,164.6,175.0,175.0,178.0,168.2,169.0,166.6
44,genuine,16.0,66.8,331.2,60.4,72.0,72.9,21.8
4320,genuine,16.2,22.6,1163.2,632.4,20.6,17.3,17.1
2130,impersonator,233.3,226.9,216.3,438.9,10.5,220.3,224.2
3813,genuine,164.0,168.0,168.0,166.0,168.0,167.0,167.0
879,impersonator,17.3,12.9,10.3,900.8,31.0,17.9,10.2
3745,impersonator,165.0,167.2,166.8,173.9,166.7,167.4,163.7
2029,genuine,435.2,10.6,232.3,233.0,433.4,16.6,233.3
3492,genuine,16.6,21.5,17.9,760.1,22.0,18.9,20.6
2643,genuine,167.0,171.0,168.0,171.0,172.0,173.0,167.0
3380,genuine,169.0,171.0,169.0,173.0,175.0,167.0,164.0
724,genuine,13.0,12.2,230.8,198.2,216.4,417.0,233.6
1021,genuine,163.0,186.0,158.0,170.0,171.0,171.0,9.0
3954,genuine,170.0,173.0,174.0,172.0,172.0,172.0,173.0
4113,impersonator,23.1,21.3,19.8,17.7,22.9,17.6,24.3
601,impersonator,169.1,179.8,152.9,171.8,161.3,171.5,167.4
2929,impersonator,26.2,10.0,233.3,164.4,210.8,222.1,416.0
1659,impersonator,21.5,171.4,11.8,178.6,284.3,171.2,54.1
2936,genuine,163.0,168.0,167.0,167.0,166.0,166.0,169.0
3543,impersonator,6.3,29.1,651.9,930.1,17.2,19.9,21.8
3083,genuine,229.5,233.1,433.0,16.5,233.3,232.8,433.3
243,genuine,12.2,1370.5,208.6,17.5,17.0,16.5,17.7
4171,impersonator,164.6,162.2,168.0,176.4,167.5,173.0,165.3
4258,genuine,163.0,169.0,169.0,168.0,168.0,165.0,167.0
710,impersonator,14.1,8.6,984.2,1465.3,18.1,728.6,235.4
1171,genuine,226.6,234.8,449.6,31.9,232.7,233.8,14.6
3820,impersonator,222.1,2.6,5.7,230.4,215.3,219.7,11.8
4367,impersonator,17.3,9.7,744.0,24.7,733.3,20.5,22.6
4348,genuine,165.0,169.0,168.0,167.0,167.0,167.0,167.0
2974,genuine,233.0,229.1,233.4,433.3,16.6,233.2,233.3
2774,impersonator,16.8,17.8,28.9,1209.3,1024.2,18.6,22.7
2360,genuine,430.4,16.5,233.0,233.1,433.4,16.1,233.5
2852,genuine,168.0,172.0,175.0,172.0,172.0,171.0,174.0
2304,genuine,14.4,15.3,1400.9,16.0,16.4,16.9,16.0
2213,genuine,17.1,19.7,18.7,772.9,18.4,19.5,20.3
207,genuine,168.0,171.0,171.0,171.0,173.0,171.0,166.0
273,genuine,12.7,15.4,207.9,217.3,215.5,416.8,433.7
4314,genuine,165.0,168.0,166.0,167.0,168.0,169.0,167.0
213,impersonator,436.3,18.8,239.4,231.7,453.8,16.5,232.2
4278,impersonator,10.8,27.5,601.8,1054.2,23.3,18.6,17.5
428,impersonator,17.1,1.5,199.2,232.5,199.4,216.1,414.5
2925,impersonator,15.6,18.1,855.4,437.7,16.7,19.1,15.1
2607,impersonator,173.7,175.0,173.7,173.1,178.2,176.1,177.6
2221,impersonator,175.9,171.6,172.7,174.9,169.0,173.6,172.2
203,genuine,17.3,19.4,17.9,773.1,18.6,18.8,21.1
1115,impersonator,17.5,1286.4,0.0,27.0,18.9,14.7,15.6
1016,impersonator,227.7,177.4,152.8,173.2,172.0,22.2,170.8
4088,impersonator,162.5,170.3,171.2,176.1,162.4,167.2,169.4
18,impersonator,166.9,165.4,162.4,172.7,172.3,174.6,330.3
3608,impersonator,15.6,17.8,441.8,412.4,13.3,18.6,13.2
3247,impersonator,166.7,165.1,174.2,176.4,167.6,173.1,171.2
1452,genuine,164.0,180.0,157.0,171.0,172.0,169.0,170.0
559,genuine,233.5,429.1,16.6,232.9,16.7,216.3,215.5
454,impersonator,17.7,411.7,25.8,223.5,224.0,222.3,18.3
2637,genuine,1159.0,18.8,18.5,20.1,20.1,15.8,18.4
2361,genuine,1032.6,21.5,17.1,18.8,19.0,20.0,18.6
795,impersonator,156.8,167.6,157.4,167.1,165.8,164.3,166.1
133,impersonator,165.5,166.0,172.3,170.0,165.6,166.9,165.4
3489,genuine,165.0,165.0,168.0,165.0,167.0,166.0,166.0
4473,genuine,14.9,217.0,212.3,199.7,416.8,233.4,15.9
4245,impersonator,170.8,177.8,154.9,174.5,165.4,170.6,166.4
2114,impersonator,18.6,19.4,1371.6,12.7,17.2,20.6,18.6
2196,impersonator,201.3,170.0,153.2,174.3,166.6,168.4,167.7
4118,genuine,15.8,18.8,1191.9,18.0,17.4,19.0,19.7
4419,genuine,212.9,199.1,433.4,233.3,433.8,15.7,233.5
383,genuine,170.0,176.0,174.0,172.0,173.0,175.0,172.0
4196,genuine,16.4,17.7,981.0,416.8,16.0,18.2,20.5
1280,genuine,417.8,429.1,233.1,16.1,233.0,233.2,233.4
1364,genuine,171.0,173.0,173.0,175.0,172.0,173.0,174.0
2357,genuine,170.0,173.0,174.0,173.0,173.0,174.0,174.0
3426,impersonator,174.4,170.4,174.1,179.6,172.3,175.7,172.4
2454,genuine,170.0,170.0,168.0,171.0,170.0,172.0,166.0
143,genuine,180.0,175.0,157.0,170.0,169.0,12.0,166.0
3442,impersonator,421.7,7.9,214.1,232.1,214.9,14.6,19.5
2398,genuine,169.0,173.0,175.0,171.0,174.0,173.0,173.0
3751,genuine,1578.2,625.9,18.1,17.7,17.6,17.5,17.2
4343,genuine,13.9,18.0,1367.7,631.2,21.3,16.9,19.4
3100,impersonator,223.8,242.3,381.0,33.8,29.5,240.1,443.2
3167,impersonator,15.0,162.8,170.5,182.5,168.3,173.7,165.3
1825,genuine,446.8,30.2,232.3,233.3,450.2,16.1,234.1
3320,impersonator,17.7,1260.9,22.8,18.1,12.9,24.5,18.0
2847,genuine,16.3,20.4,19.7,391.8,20.1,19.5,22.0
3887,genuine,16.6,18.7,17.1,18.5,65.9,61.0,41.9
28,impersonator,26.3,1032.3,438.2,13.8,23.1,232.2,18.3
1084,impersonator,162.7,163.5,177.6,171.7,169.0,173.3,162.5
2213,impersonator,19.8,26.7,8.1,22.3,17.5,19.0,18.0
103,genuine,226.9,449.5,32.1,234.1,232.8,449.8,15.4
3319,impersonator,176.7,170.9,167.8,179.0,175.4,174.7,174.3
2418,impersonator,233.9,233.8,239.6,20.8,229.4,227.3,440.7
2443,genuine,17.8,550.7,1480.7,20.1,22.6,21.1,18.9
2207,genuine,234.1,228.4,233.4,433.2,16.6,233.6,233.0
3413,impersonator,166.1,167.1,172.2,176.8,164.6,170.2,165.4
1892,genuine,164.0,175.0,157.0,171.0,170.0,10.0,167.0
1863,impersonator,163.2,14.0,158.9,25.9,160.0,312.1,163.0
2609,genuine,169.0,172.0,174.0,174.0,173.0,171.0,175.0
713,impersonator,212.8,407.3,18.8,958.4,906.1,21.2,17.3
3021,impersonator,165.7,162.3,170.0,167.8,165.0,166.7,165.1
3093,genuine,13.8,230.7,232.8,232.3,433.6,16.4,233.1
998,genuine,15.6,16.6,1644.5,16.1,18.3,17.7,17.9
2535,impersonator,23.5,1535.6,20.0,19.3,99.6,85.9,83.4
2259,genuine,170.0,170.0,169.0,170.0,171.0,171.0,168.0
2819,genuine,165.0,190.0,13.0,150.0,333.0,168.0,168.0
1819,genuine,230.7,230.0,432.7,16.8,232.7,233.3,433.5
3209,impersonator,169.4,168.7,178.3,171.9,167.9,170.1,167.9
3035,impersonator,1584.9,25.7,13.5,28.5,723.7,17.9,13.5
1870,impersonator,15.7,33.1,19.6,24.3,20.8,21.7,17.9
4345,impersonator,173.9,177.9,168.5,177.4,171.9,174.2,173.6
423,genuine,14.5,16.9,1372.4,418.3,16.1,18.1,17.2
3076,genuine,235.7,227.2,432.8,16.3,233.1,233.5,434.3
2560,impersonator,27.8,18.2,17.0,237.9,232.4,230.8,525.2
1657,impersonator,169.1,188.7,157.6,173.8,172.8,171.4,167.4
2811,impersonator,13.8,473.4,172.2,17.0,164.6,301.6,166.9
1637,genuine,171.0,175.0,174.0,172.0,174.0,173.0,173.0
1725,genuine,10.0,173.0,324.0,172.0,170.0,169.0,170.0
3698,genuine,14.2,443.7,32.0,231.6,232.8,451.4,15.0
749,impersonator,227.8,227.2,6.1,257.8,223.4,443.3,221.9
3987,genuine,141.0,174.0,173.0,171.0,172.0,174.0,171.0
750,impersonator,414.5,8.2,13.6,225.3,229.6,423.5,19.2
1066,impersonator,25.0,19.9,147.8,629.9,871.8,23.6,23.4
3334,impersonator,169.4,188.8,159.8,178.4,170.2,168.1,162.8
3497,impersonator,169.3,167.8,174.4,171.7,172.1,171.1,166.9
2858,impersonator,9.3,453.8,0.0,171.8,318.4,173.3,171.3
2255,genuine,13.0,232.5,429.4,16.3,233.2,233.2,433.5
166,impersonator,237.9,406.3,441.8,21.7,228.5,224.9,437.2
2294,genuine,168.0,184.0,0.0,170.0,14.0,317.0,349.0
2354,genuine,8.0,322.0,335.0,165.0,169.0,169.0,165.0
2079,impersonator,161.0,165.9,164.8,171.3,167.4,162.9,166.0
3762,impersonator,15.2,18.5,809.0,429.7,16.6,643.0,22.0
2508,genuine,15.7,19.7,139.8,837.1,19.1,18.8,18.6
2121,impersonator,161.8,170.4,174.7,298.4,164.2,169.5,170.1
1779,genuine,164.0,177.0,152.0,170.0,168.0,170.0,12.0
2106,genuine,163.0,166.0,166.0,165.0,166.0,166.0,166.0
1792,impersonator,19.4,13.9,1165.6,21.6,26.0,21.9,23.3
474,impersonator,217.5,230.3,226.1,428.7,427.2,14.9,440.3
1213,impersonator,227.9,218.8,382.9,227.7,223.5,440.7,214.6
1167,genuine,231.0,14.5,215.6,199.8,216.6,216.5,416.8
1727,genuine,228.8,232.9,16.4,216.5,417.1,233.0,233.0
4202,genuine,98.7,907.0,16.7,16.7,16.9,18.0,17.2
2614,impersonator,1267.7,17.2,38.3,233.2,86.7,92.4,97.6
274,impersonator,21.6,227.9,419.7,31.2,228.9,215.7,431.8
2096,genuine,18.1,18.2,18.9,971.5,628.3,20.9,21.5
3189,impersonator,22.0,564.1,18.4,20.2,23.8,16.8,14.4
2102,impersonator,23.0,1178.2,65.0,6.9,82.9,84.2,85.0
1511,impersonator,15.4,13.0,23.8,23.9,1307.0,25.7,23.8
495,impersonator,163.6,182.9,152.3,172.4,161.6,168.0,165.5
3360,genuine,78.9,45.3,1698.1,20.1,18.8,19.4,21.8
1575,impersonator,159.1,166.6,162.1,173.3,164.6,166.2,167.0
956,impersonator,232.7,393.6,408.0,32.7,233.8,233.5,436.9
336,impersonator,251.5,422.4,12.5,25.8,230.4,448.2,424.3
2973,genuine,19.8,19.6,19.6,1156.5,21.5,23.1,26.0
2235,impersonator,12.6,236.7,193.4,445.6,21.4,24.5,223.1
10,genuine,166.0,170.0,3.0,169.0,328.0,170.0,168.0
1946,impersonator,23.4,1176.6,14.5,18.1,22.7,15.7,14.9
2186,impersonator,169.1,159.1,166.0,175.3,169.1,170.1,165.0
907,impersonator,202.0,226.6,206.6,432.1,13.1,232.5,231.6
3071,impersonator,165.3,175.2,155.9,175.9,170.9,173.9,168.8
3295,impersonator,14.3,14.5,0.0,29.5,21.9,448.9,20.2
1810,genuine,166.0,171.0,167.0,174.0,169.0,172.0,166.0
1897,impersonator,168.2,164.6,167.5,164.5,168.0,166.7,165.2
36,genuine,17.5,20.1,963.4,835.8,19.0,21.3,20.1
3873,genuine,13.6,227.6,233.2,449.2,32.2,451.0,15.8
3405,impersonator,169.4,177.3,179.9,328.8,176.7,174.0,172.6
1503,impersonator,18.9,17.7,342.3,423.8,196.5,215.2,414.9
1547,genuine,981.2,222.7,17.5,17.6,17.9,17.5,17.7
293,impersonator,23.1,10.7,22.5,12.1,23.0,14.3,1744.0
4492,impersonator,27.5,1475.9,23.7,19.2,65.0,15.9,16.1
644,impersonator,165.6,180.2,152.7,176.5,172.9,170.9,168.5
3157,genuine,18.5,18.9,922.6,15.9,20.3,20.4,19.5
1631,genuine,166.0,168.0,167.0,167.0,167.0,169.0,168.0
1004,genuine,31.6,43.9,67.4,99.9,14.1,94.2,1806.5
167,impersonator,163.2,171.8,182.7,172.3,166.3,166.5,164.0
1505,genuine,171.0,175.0,173.0,175.0,174.0,172.0,171.0
2940,impersonator,161.1,171.6,164.2,172.6,156.5,164.9,163.4
2000,impersonator,18.6,423.7,9.3,204.1,228.2,230.6,13.1
1979,impersonator,160.9,169.7,176.1,177.9,176.4,174.2,170.9
3748,impersonator,168.0,170.4,171.9,177.0,173.3,171.8,171.3
1919,impersonator,164.8,168.5,171.8,170.7,171.7,167.8,161.7
2620,impersonator,172.8,168.3,166.2,171.3,171.6,177.8,171.2
1467,impersonator,224.6,433.3,14.7,251.8,236.7,443.8,14.9
1373,impersonator,163.3,160.4,161.1,170.1,168.2,170.9,165.0
3710,impersonator,16.0,30.0,76.3,959.3,25.7,25.5,18.5
3918,impersonator,227.2,180.3,181.2,242.1,170.5,20.1,25.6
651,impersonator,14.2,18.2,33.9,1012.0,17.6,18.1,13.1
4430,impersonator,165.9,174.6,150.4,178.5,165.0,167.9,166.4
1944,genuine,172.0,175.0,173.0,172.0,173.0,173.0,173.0
3703,genuine,17.9,18.1,982.7,630.5,27.3,18.5,21.3
342,genuine,164.0,182.0,153.0,173.0,8.0,166.0,351.0
3309,genuine,164.0,168.0,167.0,166.0,169.0,167.0,167.0
2966,impersonator,22.9,7.1,213.2,213.4,213.3,435.9,432.6
2555,impersonator,9.7,16.3,456.7,29.8,11.1,719.8,861.9
3228,genuine,230.0,233.2,233.0,433.5,16.6,233.1,433.3
2052,impersonator,217.1,221.9,407.6,27.3,27.7,172.1,219.7
2429,genuine,170.0,174.0,173.0,174.0,174.0,172.0,175.0
3627,impersonator,168.5,174.9,154.2,179.6,171.1,173.7,171.0
578,genuine,12.1,222.9,232.4,433.5,16.5,232.7,233.3
1246,impersonator,228.5,227.1,218.1,19.3,220.8,221.1,420.6
2180,genuine,166.0,168.0,170.0,168.0,169.0,167.0,167.0
4229,impersonator,172.0,172.7,153.7,173.4,168.8,170.3,172.2
2329,genuine,15.2,232.4,228.5,16.3,216.4,199.7,433.9
562,genuine,168.0,172.0,169.0,171.0,170.0,171.0,165.0
1054,impersonator,224.9,21.3,381.4,219.9,217.3,438.8,20.0
2474,impersonator,20.8,18.7,1043.4,16.1,16.1,20.0,19.1
1454,impersonator,234.1,26.4,17.9,239.8,245.8,465.2,20.0
1380,genuine,166.0,172.0,170.0,173.0,173.0,172.0,165.0
991,genuine,164.0,183.0,158.0,171.0,5.0,166.0,351.0
2007,impersonator,408.6,15.5,215.4,222.4,196.8,216.9,618.6
2664,impersonator,214.7,236.0,229.2,233.2,422.8,19.8,236.5
1085,impersonator,20.4,218.6,381.5,24.5,228.6,222.4,416.4
2548,impersonator,170.4,166.8,169.8,165.2,161.0,319.8,165.6
2583,impersonator,454.8,16.7,18.5,245.7,223.7,423.4,17.4
2840,genuine,164.0,185.0,157.0,172.0,170.0,170.0,169.0
2944,genuine,170.0,171.0,173.0,175.0,172.0,174.0,172.0
1111,genuine,1397.8,15.1,16.8,16.0,16.7,16.5,16.6
4410,genuine,164.0,165.0,167.0,166.0,165.0,166.0,167.0
4149,impersonator,15.3,1506.9,17.8,33.1,21.8,17.9,17.2
1485,impersonator,20.2,11.9,16.7,223.8,212.4,421.7,432.4
2909,genuine,166.0,169.0,168.0,166.0,169.0,167.0,168.0
3553,impersonator,26.7,177.1,478.7,29.3,27.9,21.4,19.2
4137,impersonator,62.5,1380.8,20.3,26.5,17.1,19.5,20.8
570,impersonator,168.8,165.2,14.5,178.0,329.5,174.2,171.9
1,genuine,16.2,17.4,1446.0,17.8,435.5,17.1,19.3
3945,impersonator,172.4,173.6,148.4,173.5,163.3,171.8,164.5
4345,genuine,230.8,433.6,15.9,233.0,433.7,15.9,232.9
4394,impersonator,170.0,167.6,165.8,176.5,167.6,168.3,166.6
3766,impersonator,166.0,159.9,159.0,173.2,168.3,165.9,165.2
3327,genuine,165.0,192.0,15.0,149.0,334.0,166.0,167.0
631,impersonator,11.0,18.6,662.7,425.2,13.8,238.4,431.0
1761,impersonator,170.7,181.4,154.6,172.6,332.8,164.5,168.8
2289,impersonator,171.2,160.2,163.0,176.5,173.7,174.8,166.7
2438,genuine,227.1,233.0,450.0,16.1,231.9,233.6,233.3
2790,genuine,15.2,16.9,17.3,1167.9,19.1,17.4,21.7
4147,impersonator,18.9,12.6,759.3,23.0,844.2,25.4,20.3
2042,impersonator,172.6,167.2,172.5,179.6,179.8,175.4,176.4
2554,genuine,165.0,165.0,168.0,165.0,168.0,166.0,165.0
3371,genuine,55.4,429.4,1907.1,19.3,19.1,18.9,70.7
682,impersonator,221.9,460.1,406.0,28.6,21.3,232.8,227.6
4240,impersonator,10.9,24.4,401.3,609.2,18.3,16.6,22.2
2417,genuine,19.0,20.1,379.9,836.5,19.9,22.5,18.9
2884,genuine,225.4,234.3,449.8,31.6,233.6,451.4,30.8
58,impersonator,159.6,165.0,176.8,173.0,163.0,165.8,167.6
2013,genuine,14.8,985.0,417.5,19.3,634.7,19.2,15.5
1775,impersonator,15.4,22.7,857.9,1055.7,15.2,21.7,19.7
154,impersonator,426.8,217.6,227.0,224.8,207.1,14.8,15.3
47,genuine,2263.0,10.8,17.5,17.5,49.5,55.5,72.4
3799,genuine,229.8,232.9,433.1,16.5,233.0,233.4,433.5
45,impersonator,16.8,13.4,338.5,405.7,17.9,222.4,20.5
2662,impersonator,14.8,512.3,360.1,14.1,18.4,18.5,17.8
2832,impersonator,24.6,7.3,231.7,215.7,213.9,217.9,442.4
2123,genuine,164.0,187.0,157.0,171.0,167.0,170.0,171.0
2080,genuine,148.0,167.0,169.0,170.0,170.0,168.0,170.0
3109,impersonator,160.7,166.3,169.5,172.8,163.2,165.7,164.9
1286,genuine,21.1,1370.1,18.7,18.9,18.9,20.3,17.2
2373,impersonator,19.5,8.8,23.2,23.5,779.6,20.1,17.5
3091,genuine,167.0,11.0,159.0,332.0,168.0,166.0,165.0
719,impersonator,163.1,173.7,177.1,173.3,169.2,172.4,167.5
1697,genuine,51.6,1339.9,1705.8,21.6,20.6,19.6,38.9
4308,genuine,17.5,18.4,19.7,17.9,50.0,16.4,24.7
2597,genuine,165.0,168.0,168.0,165.0,167.0,167.0,168.0
4491,genuine,163.0,178.0,159.0,170.0,170.0,170.0,170.0
3026,genuine,17.6,16.6,782.7,18.3,19.6,17.0,18.4
1850,genuine,167.0,168.0,167.0,167.0,169.0,169.0,166.0
3020,genuine,17.9,20.1,436.0,449.7,32.8,30.5,201.2
2160,genuine,165.0,168.0,166.0,166.0,168.0,165.0,169.0
1646,impersonator,232.1,421.5,21.5,235.0,450.7,19.9,228.8
1422,genuine,18.0,16.3,978.4,418.8,15.5,18.6,18.4
546,impersonator,12.6,26.5,221.5,226.5,227.8,17.3,432.8
3396,genuine,165.0,16.0,152.0,333.0,167.0,168.0,9.0
3164,genuine,172.0,173.0,175.0,171.0,171.0,172.0,174.0
1718,impersonator,20.3,16.5,15.4,15.4,23.9,17.8,22.2
3208,genuine,16.3,13.6,17.9,17.5,34.4,64.0,43.9
1042,genuine,14.7,18.9,969.0,630.7,16.0,16.6,16.6
912,impersonator,16.5,1665.2,1000.4,24.3,18.7,18.7,17.0
1749,genuine,195.4,216.3,216.4,416.6,233.2,233.3,433.5
2894,genuine,15.1,2.7,17.0,15.1,44.0,1381.7,16.5
2403,impersonator,169.2,162.5,171.1,172.9,169.5,172.0,171.8
3971,genuine,164.0,167.0,167.0,168.0,170.0,166.0,169.0
4184,genuine,15.1,17.9,347.3,1256.5,18.1,18.4,805.0
927,impersonator,166.6,165.2,167.4,175.3,173.6,168.2,164.3
1438,impersonator,21.8,21.9,2.4,11.3,20.6,229.5,649.7
3084,genuine,169.0,173.0,170.0,171.0,170.0,172.0,167.0
2547,impersonator,20.4,13.5,29.1,37.0,1771.8,21.8,67.4
639,impersonator,168.1,166.6,168.4,180.6,170.1,173.1,160.8
2979,impersonator,171.8,164.3,186.8,177.3,168.7,169.7,169.5
677,genuine,16.2,430.1,14.4,432.9,16.8,232.8,233.0
30,genuine,18.0,15.9,17.9,781.6,17.3,19.2,19.2
2838,impersonator,163.6,166.1,168.2,173.4,167.3,166.7,166.1
2558,genuine,165.0,166.0,167.0,164.0,167.0,164.0,165.0
2153,genuine,430.2,15.3,235.8,233.1,450.3,16.7,231.4
2603,genuine,14.3,20.5,545.9,1469.0,18.2,19.0,18.9
3567,impersonator,14.7,15.2,1150.0,6.3,15.3,13.2,18.7
2597,impersonator,15.2,235.4,222.3,438.1,13.4,227.5,442.9
3963,impersonator,1216.8,1418.1,16.8,28.3,93.7,101.6,125.3
1482,impersonator,12.9,25.3,81.2,1523.4,17.4,24.2,19.5
3392,impersonator,16.0,24.6,397.8,441.9,22.1,244.7,454.8
832,impersonator,21.0,229.3,430.1,26.8,229.3,220.2,440.9
3974,impersonator,11.8,14.1,24.9,241.2,1235.0,449.4,24.2
1076,genuine,20.0,22.9,1576.3,18.2,23.3,20.0,21.2
3390,genuine,17.8,11.4,214.3,216.7,216.1,199.9,417.0
3853,impersonator,166.1,174.3,166.7,14.4,170.1,165.7,167.7
3824,genuine,16.5,19.5,18.8,20.0,1150.2,18.4,19.5
2107,genuine,332.0,170.0,166.0,3.0,164.0,5.0,329.0
3749,genuine,164.0,170.0,167.0,13.0,155.0,332.0,167.0
430,impersonator,169.2,167.9,171.0,178.6,174.1,174.3,172.4
2552,impersonator,165.8,174.1,164.1,168.4,167.7,167.3,165.9
2579,genuine,163.0,182.0,157.0,171.0,5.0,166.0,350.0
2426,genuine,166.0,168.0,168.0,168.0,168.0,166.0,167.0
2122,genuine,165.0,187.0,155.0,171.0,169.0,172.0,171.0
1898,impersonator,23.5,434.6,0.0,175.6,231.2,168.3,10.8
2988,genuine,328.0,8.0,324.0,334.0,168.0,167.0,168.0
2564,genuine,169.0,171.0,169.0,172.0,171.0,173.0,165.0
4284,genuine,225.8,230.3,433.5,16.3,16.5,216.4,199.4
5,impersonator,8.1,12.2,341.1,19.2,13.2,16.8,19.1
2787,genuine,35.4,24.6,219.0,413.7,216.1,233.3,234.4
1707,genuine,229.3,199.9,233.0,233.2,433.9,16.1,233.5
3485,impersonator,25.8,212.3,206.3,217.5,223.0,221.5,428.2
3196,genuine,416.6,15.2,214.9,199.7,216.6,633.8,15.3
1873,genuine,7.9,76.9,96.2,116.4,25.9,161.3,95.8
1493,impersonator,14.3,15.0,878.5,25.3,17.9,23.7,23.2
198,impersonator,225.5,219.2,226.5,225.7,436.5,19.7,228.2
4212,genuine,433.0,12.3,233.9,232.3,433.5,16.5,233.1
2571,genuine,181.0,175.0,157.0,171.0,170.0,10.0,167.0
1526,impersonator,19.0,20.9,967.3,618.9,17.5,14.0,16.8
3713,impersonator,168.1,169.6,170.0,171.9,166.8,314.6,165.9
3311,genuine,13.9,945.1,15.2,16.2,16.4,16.5,16.6
2270,genuine,15.1,13.8,20.2,401.6,415.3,16.0,17.2
3401,genuine,164.0,168.0,166.0,167.0,166.0,10.0,158.0
3837,impersonator,164.7,164.4,169.9,167.5,160.2,164.2,162.4
2449,genuine,16.2,24.0,31.3,1748.2,19.8,19.2,20.3
844,genuine,229.4,233.1,16.0,215.4,617.3,16.3,233.2
4073,impersonator,11.4,20.8,5.7,220.5,445.2,20.3,14.1
46,impersonator,161.3,162.4,163.1,169.0,170.5,169.4,168.1
1767,genuine,168.0,171.0,169.0,172.0,171.0,175.0,161.0
2585,genuine,229.7,433.1,16.3,232.4,233.3,433.3,16.7
2192,genuine,18.4,21.2,1579.9,17.5,20.9,20.7,22.0
4158,genuine,13.1,16.4,15.9,1404.2,18.0,14.2,17.0
1996,genuine,16.2,18.3,17.8,19.2,17.1,65.1,24.1
4341,impersonator,166.0,176.2,155.6,172.4,172.3,17.7,170.6
2932,genuine,169.0,172.0,176.0,172.0,174.0,174.0,172.0
3094,impersonator,165.4,169.9,173.2,174.1,163.1,171.3,165.6
3575,genuine,172.0,172.0,176.0,173.0,174.0,175.0,171.0
4165,impersonator,160.4,162.1,174.8,175.3,174.5,175.3,168.0
1846,impersonator,21.4,441.8,18.5,178.8,82.9,22.9,23.8
3243,impersonator,173.2,168.5,168.3,178.2,168.2,170.7,174.6
4296,impersonator,172.9,168.4,169.1,170.6,168.5,172.5,163.4
1308,impersonator,171.6,163.6,157.3,171.5,173.3,173.6,165.0
1641,impersonator,12.8,19.4,33.3,28.5,21.5,23.3,707.2
1930,genuine,85.0,96.2,67.3,188.5,139.9,100.0,95.7
4091,impersonator,106.4,457.2,18.8,16.3,23.7,21.8,24.9
212,genuine,227.7,232.5,448.4,32.0,234.1,233.0,450.6
12,impersonator,169.0,446.4,16.7,25.5,386.0,173.3,21.4
2704,genuine,19.1,17.4,1772.4,21.8,17.6,19.7,19.3
3068,impersonator,17.0,18.0,18.8,25.0,24.1,18.8,16.0
3857,genuine,16.1,228.7,232.9,233.2,433.3,15.6,233.0
2767,impersonator,18.4,12.1,219.8,235.4,211.8,214.0,423.5
4399,impersonator,232.1,222.9,71.7,16.1,221.4,229.2,421.3
220,impersonator,158.6,161.5,166.1,175.6,169.0,165.1,167.6
1574,genuine,166.0,166.0,165.0,167.0,169.0,168.0,169.0
2668,impersonator,161.0,168.2,166.4,169.8,172.2,162.7,165.7
397,genuine,195.6,433.2,233.1,433.3,16.5,233.1,233.2
3560,genuine,16.7,16.9,20.9,942.7,19.2,19.4,19.1
4096,genuine,165.0,169.0,166.0,167.0,168.0,169.0,166.0
4116,impersonator,166.1,163.9,473.3,29.6,164.8,316.7,170.5
3733,genuine,19.0,21.7,20.2,956.5,20.5,21.6,19.3
2081,impersonator,8.8,427.3,22.9,15.2,1033.2,24.5,18.5
1097,impersonator,12.0,1140.9,16.6,9.4,851.4,17.1,21.0
4175,genuine,16.3,142.7,1259.0,19.0,16.7,16.6,16.7
2181,genuine,16.0,19.2,975.5,207.2,20.0,819.2,24.7
1860,impersonator,17.6,166.5,163.4,176.6,170.7,171.7,174.4
205,impersonator,15.5,20.8,25.6,1357.9,15.8,18.7,21.1
2244,impersonator,16.7,1100.2,407.3,19.9,17.0,24.0,18.2
648,genuine,184.0,184.0,185.0,189.0,174.0,168.0,172.0
104,genuine,425.2,16.0,232.7,233.2,233.0,216.9,233.5
265,genuine,15.6,97.0,60.2,64.0,30.8,113.9,18.1
921,impersonator,230.6,230.1,11.2,237.2,443.3,17.3,235.6
1071,impersonator,241.8,387.1,436.7,37.6,241.5,235.2,414.2
1723,impersonator,18.6,23.1,860.5,211.5,15.2,18.0,20.2
465,genuine,165.0,167.0,167.0,168.0,167.0,166.0,167.0
1829,genuine,164.0,186.0,154.0,171.0,168.0,172.0,183.0
2679,impersonator,167.8,164.7,177.3,173.3,173.2,171.1,169.3
4378,genuine,16.1,19.5,784.9,628.7,19.5,430.8,20.1
4461,impersonator,173.4,165.5,168.8,290.7,168.0,168.7,163.0
961,impersonator,14.0,1713.6,997.1,19.7,18.2,22.9,14.0
4249,impersonator,14.8,20.3,391.9,27.1,212.8,225.0,443.8
2788,genuine,168.0,167.0,168.0,166.0,167.0,166.0,167.0
3136,genuine,227.8,233.0,16.4,216.0,417.1,232.5,433.5
2924,impersonator,11.9,1346.6,659.9,618.4,19.7,19.8,17.2
425,impersonator,17.5,19.3,125.7,1423.1,24.1,26.9,19.4
2550,genuine,162.0,167.0,169.0,168.0,165.0,166.0,167.0
2752,genuine,67.6,129.7,76.1,31.6,123.8,31.8,107.9
1895,genuine,163.0,168.0,168.0,166.0,169.0,166.0,166.0
2172,genuine,165.0,167.0,167.0,165.0,169.0,167.0,166.0
4017,impersonator,172.0,171.7,175.5,168.6,170.2,171.2,164.3
2968,genuine,16.5,78.2,55.6,27.6,63.4,136.6,64.0
156,genuine,12.3,18.0,1157.4,17.2,832.5,19.4,15.5
4400,genuine,166.0,184.0,3.0,166.0,334.0,166.0,182.0
3647,impersonator,15.3,414.5,19.0,31.3,20.5,21.9,18.3
1628,genuine,167.0,168.0,168.0,169.0,167.0,168.0,168.0
2201,genuine,12.4,233.0,233.0,432.9,16.9,233.0,433.3
3784,genuine,13.3,232.2,231.5,433.3,16.7,232.9,233.3
2743,genuine,18.2,24.4,87.0,1704.8,20.6,23.4,17.3
4417,genuine,605.0,402.5,18.2,16.6,16.6,16.7,16.6
1728,impersonator,10.8,13.5,968.6,18.9,21.5,23.8,15.8
3825,impersonator,161.3,169.6,162.8,17.3,166.6,166.3,164.3
3127,genuine,165.0,170.0,167.0,167.0,165.0,167.0,167.0
1107,impersonator,226.2,229.7,416.1,32.7,22.7,236.4,13.8
1711,impersonator,167.2,166.2,169.4,16.7,165.0,169.9,167.7
3618,impersonator,20.8,26.6,38.0,25.2,19.2,22.2,18.5
709,genuine,12.0,158.0,331.0,167.0,171.0,5.0,172.0
3340,impersonator,169.7,169.6,175.8,175.1,173.3,173.0,174.1
1196,genuine,36.7,381.8,1686.2,17.3,17.9,17.0,25.9
589,genuine,19.2,21.2,19.5,958.5,21.1,19.9,20.8
4076,impersonator,13.4,16.6,1203.6,29.4,14.0,234.2,23.2
3820,genuine,17.3,20.4,1600.1,17.8,17.1,211.0,20.3
4413,genuine,168.0,172.0,169.0,170.0,170.0,173.0,167.0
2398,impersonator,420.1,441.3,19.7,225.2,222.7,436.1,12.6
1472,impersonator,167.7,171.0,178.7,173.8,174.7,170.5,166.0
820,genuine,171.0,173.0,172.0,175.0,174.0,173.0,171.0
1280,impersonator,24.0,20.0,36.8,278.4,16.7,171.2,169.0
3562,impersonator,12.9,9.8,961.7,429.9,14.0,23.8,26.0
1663,impersonator,168.7,177.9,161.1,177.7,168.2,168.5,167.1
2953,impersonator,421.4,11.9,21.0,245.2,222.7,420.3,437.2
2812,impersonator,10.4,239.2,213.0,443.3,444.7,21.6,234.6
1021,impersonator,24.7,1309.4,16.1,18.9,23.5,26.7,21.1
4156,genuine,15.9,19.2,85.9,21.8,1260.3,17.1,20.5
2791,impersonator,169.6,176.6,171.9,171.3,168.0,172.4,173.3
2536,impersonator,12.5,16.4,844.0,1258.2,1465.7,18.9,22.5
678,genuine,18.3,1777.5,23.6,15.8,19.1,18.6,18.7
3806,genuine,701.8,18.1,19.4,33.4,48.0,2200.5,17.8
190,genuine,170.0,172.0,169.0,171.0,170.0,170.0,166.0
3355,impersonator,172.1,179.4,165.7,174.6,164.8,18.5,168.0
544,impersonator,176.4,166.6,164.3,176.7,168.2,174.0,172.9
3124,genuine,12.1,831.7,18.9,20.2,18.3,2270.8,18.2
2089,genuine,51.8,1720.0,20.2,20.5,19.3,20.1,20.3
2726,genuine,25.7,527.3,17.3,18.9,59.0,79.5,31.9
3546,impersonator,232.1,415.8,24.5,252.5,242.8,235.8,432.6
2716,genuine,15.9,19.1,1005.2,171.2,18.2,16.6,16.4
4268,genuine,17.5,17.9,973.4,208.7,19.0,19.4,17.5
824,impersonator,171.5,173.8,177.1,180.3,175.1,173.9,172.9
1516,impersonator,210.9,235.8,227.6,450.5,436.4,25.1,233.5
2009,genuine,17.5,19.0,18.5,1767.8,19.0,19.6,21.2
951,genuine,14.8,219.5,210.0,200.0,215.3,617.3,16.3
535,impersonator,25.4,21.0,27.1,18.7,723.1,18.5,22.2
722,genuine,164.0,168.0,166.0,167.0,167.0,167.0,168.0
534,genuine,171.0,175.0,173.0,172.0,172.0,175.0,174.0
3582,genuine,165.0,170.0,168.0,168.0,169.0,169.0,170.0
2718,genuine,12.9,432.9,16.6,232.6,233.1,233.6,433.3
1411,genuine,166.0,187.0,157.0,168.0,169.0,172.0,10.0
4264,genuine,1011.6,15.7,18.4,17.6,17.8,18.1,17.9
1073,impersonator,18.7,1047.8,37.9,1573.0,22.0,74.2,19.3
1353,genuine,16.7,29.4,111.6,23.5,72.8,33.3,92.8
4327,impersonator,92.5,1297.9,28.3,21.9,25.4,16.1,17.4
433,impersonator,15.6,18.4,8.5,1152.0,16.4,17.0,17.6
3663,genuine,13.2,15.9,17.0,16.6,1154.8,15.1,16.3
864,impersonator,14.2,436.5,21.3,27.3,1535.0,23.2,11.7
4136,genuine,165.0,168.0,167.0,166.0,167.0,168.0,169.0
1219,impersonator,16.8,21.8,12.6,24.7,22.9,23.0,19.2
1972,impersonator,17.9,25.1,213.9,218.5,223.4,209.8,424.3
3373,impersonator,161.2,158.9,172.4,183.8,169.9,172.6,166.4
2669,genuine,13.4,598.6,415.9,16.5,19.1,18.9,18.5
3176,genuine,163.0,169.0,171.0,170.0,171.0,169.0,168.0
681,impersonator,170.4,166.1,175.7,177.0,166.2,173.6,166.2
1692,impersonator,420.8,23.9,80.0,227.8,370.8,19.4,16.4
1858,genuine,166.0,169.0,170.0,168.0,170.0,170.0,168.0
3237,impersonator,163.7,170.0,167.7,179.2,166.7,171.0,165.5
4285,genuine,165.0,169.0,165.0,166.0,168.0,167.0,167.0
2697,impersonator,164.4,170.0,163.8,171.8,173.5,174.0,165.2
2500,genuine,167.0,171.0,170.0,173.0,172.0,172.0,164.0
921,genuine,17.9,18.6,142.5,839.7,18.4,19.3,19.3
4029,impersonator,13.7,16.6,835.4,1389.4,20.7,17.4,17.0
3992,impersonator,170.9,167.9,162.1,164.8,168.3,173.3,166.4
2319,impersonator,16.4,35.7,1372.9,980.3,16.5,18.1,16.1
3113,impersonator,450.7,6.6,212.7,213.2,221.5,429.6,229.8
2738,genuine,229.2,433.4,16.3,233.1,233.2,433.3,16.7
169,impersonator,174.9,181.5,177.1,181.4,180.2,173.8,177.0
2494,impersonator,1885.4,1517.7,1719.4,18.2,18.5,20.2,20.2
3898,genuine,166.0,170.0,168.0,172.0,171.0,173.0,165.0
2772,genuine,17.3,19.1,790.5,421.7,20.9,16.6,19.7
2023,impersonator,169.7,183.5,153.0,175.0,164.7,170.5,303.4
2025,impersonator,233.0,231.2,424.1,30.6,26.1,21.0,14.9
386,genuine,169.0,182.0,156.0,170.0,170.0,168.0,170.0
2162,genuine,15.6,229.5,232.2,233.2,433.1,16.6,233.2
407,impersonator,8.4,15.5,610.2,24.4,19.0,17.7,17.9
1508,impersonator,170.8,184.5,0.0,177.9,19.1,168.0,325.9
4315,impersonator,171.7,175.4,178.8,175.1,175.8,170.7,173.3
543,impersonator,174.4,170.2,176.1,173.3,173.3,169.7,168.7
2035,impersonator,13.4,228.4,221.6,442.7,9.5,226.1,223.5
190,impersonator,226.3,221.7,414.8,226.9,16.5,228.6,223.6
1437,impersonator,174.6,168.6,173.2,178.5,177.8,175.6,172.8
3730,impersonator,164.1,169.5,162.1,170.6,167.0,163.9,164.2
869,genuine,172.0,173.0,173.0,173.0,173.0,174.0,171.0
838,impersonator,164.5,178.9,162.4,177.2,166.6,18.5,167.5
1240,impersonator,169.9,168.2,178.1,170.5,174.4,171.3,174.4
1909,genuine,13.5,17.0,17.2,975.1,17.0,16.6,20.0
3802,impersonator,217.1,219.5,367.2,234.0,413.3,24.1,428.2
1634,genuine,164.0,185.0,149.0,171.0,170.0,170.0,169.0
3247,genuine,171.0,173.0,175.0,173.0,175.0,172.0,173.0
1218,impersonator,164.0,168.9,174.1,183.2,174.2,169.0,171.7
1182,genuine,20.3,19.1,19.2,969.9,417.8,22.9,19.0
1336,impersonator,167.0,170.1,172.6,178.2,173.8,174.4,168.9
1538,impersonator,19.6,14.0,16.8,14.8,91.5,21.8,99.5
2486,genuine,163.0,167.0,166.0,165.0,166.0,168.0,165.0
3291,genuine,18.2,21.8,17.8,1586.1,20.2,20.6,20.9
2858,genuine,166.0,169.0,168.0,13.0,153.0,334.0,166.0
885,genuine,164.0,168.0,164.0,169.0,166.0,166.0,166.0
267,genuine,234.3,428.0,15.4,233.4,233.4,434.1,15.9
1615,genuine,167.0,172.0,168.0,172.0,172.0,171.0,166.0
2680,impersonator,23.1,396.6,16.5,230.5,207.3,216.7,10.9
463,genuine,172.0,173.0,176.0,171.0,174.0,175.0,173.0
2741,genuine,173.0,174.0,174.0,172.0,175.0,172.0,174.0
239,genuine,171.0,173.0,175.0,173.0,173.0,175.0,172.0
4482,impersonator,24.2,392.0,23.8,162.1,82.0,80.5,66.7
2917,genuine,166.0,168.0,166.0,168.0,166.0,168.0,166.0
3476,impersonator,164.5,174.8,149.8,177.5,172.5,169.8,169.9
1572,impersonator,18.2,15.7,922.2,1038.6,18.2,698.9,21.4
3014,genuine,168.0,186.0,157.0,171.0,170.0,170.0,12.0
2676,impersonator,6.2,25.0,679.6,418.6,15.8,16.7,22.6
3179,genuine,229.1,233.0,233.1,433.2,16.8,233.1,433.4
1189,genuine,180.0,177.0,154.0,171.0,169.0,13.0,166.0
3324,genuine,18.0,10.6,427.5,230.7,450.9,30.7,233.8
3187,impersonator,168.8,172.0,166.9,173.5,169.6,171.1,167.2
2179,genuine,164.0,182.0,157.0,172.0,6.0,167.0,349.0
1443,genuine,171.0,174.0,174.0,173.0,172.0,174.0,176.0
2721,genuine,17.6,19.3,18.1,964.3,416.3,19.2,19.0
2317,impersonator,167.5,164.8,174.3,171.0,169.1,167.0,164.8
1436,genuine,47.2,2105.8,7.4,435.7,16.7,17.8,17.8
1250,genuine,18.8,17.9,17.1,34.7,47.5,32.3,46.3
561,impersonator,167.5,171.5,164.3,173.9,166.9,171.2,165.5
2736,genuine,2484.6,11.2,16.0,18.5,26.3,74.6,77.2
2469,impersonator,174.2,181.4,170.4,172.4,174.6,169.4,169.4
2657,impersonator,172.0,180.9,153.9,173.4,165.0,169.3,168.9
1255,genuine,172.0,173.0,175.0,172.0,171.0,173.0,171.0
721,genuine,169.0,171.0,172.0,172.0,173.0,175.0,171.0
3024,genuine,167.0,11.0,158.0,332.0,167.0,167.0,166.0
1091,impersonator,11.1,18.5,782.5,19.0,20.0,25.7,22.5
568,genuine,167.0,188.0,157.0,170.0,168.0,170.0,169.0
294,genuine,163.0,168.0,168.0,168.0,167.0,166.0,169.0
1062,impersonator,163.0,171.2,183.3,29.0,163.4,167.8,165.6
3062,impersonator,163.2,174.5,173.3,178.8,171.5,172.5,176.1
2583,genuine,12.4,16.6,17.7,16.6,37.8,36.5,67.7
1293,impersonator,15.1,224.6,235.8,228.7,213.1,16.9,440.5
642,genuine,15.3,232.8,227.3,233.3,232.9,200.1,233.2
64,genuine,166.0,172.0,169.0,170.0,172.0,171.0,165.0
2452,impersonator,170.9,186.8,151.7,180.7,167.4,168.5,166.3
3317,impersonator,23.6,14.6,208.1,234.0,223.8,225.3,521.8
3036,genuine,166.0,167.0,168.0,167.0,166.0,169.0,169.0
406,impersonator,15.4,22.7,12.1,1430.7,18.4,27.6,20.5
1989,impersonator,12.0,22.2,3.4,986.2,24.1,26.6,15.7
415,impersonator,171.9,167.2,172.2,181.0,178.1,176.0,172.9
1225,impersonator,22.4,220.8,395.1,19.2,232.9,223.0,225.4
182,impersonator,9.2,21.0,826.6,1461.4,440.6,21.7,241.6
116,impersonator,6.7,10.2,612.8,640.3,11.5,18.0,16.6
2961,impersonator,169.7,166.4,166.1,169.3,174.6,178.1,165.7
53,impersonator,163.6,175.2,151.3,168.1,161.1,15.3,13.0
2222,genuine,14.4,30.8,1786.3,18.6,16.9,17.5,16.4
2722,genuine,169.0,172.0,176.0,174.0,171.0,173.0,175.0
3407,genuine,164.0,168.0,167.0,166.0,167.0,166.0,168.0
2547,genuine,229.9,233.2,233.0,433.5,16.4,233.1,233.5
4387,genuine,180.0,172.0,158.0,170.0,171.0,10.0,166.0
1502,impersonator,231.5,12.4,228.8,221.6,227.3,17.4,20.4
2561,genuine,213.8,213.6,417.0,233.0,433.5,16.6,233.0
3699,impersonator,10.8,959.2,4.5,16.0,10.3,21.8,17.0
3701,impersonator,164.7,172.5,165.4,173.3,171.8,168.2,164.4
846,impersonator,170.1,165.5,166.4,171.9,167.0,170.7,163.4
216,genuine,164.0,170.0,172.0,170.0,168.0,168.0,167.0
1214,impersonator,163.1,181.4,164.2,167.8,175.3,171.4,165.4
3253,genuine,18.0,14.1,19.4,18.3,20.1,50.4,31.5
2047,impersonator,19.3,227.4,374.3,26.2,26.9,21.3,22.6
1498,genuine,213.4,417.0,232.6,433.7,15.9,233.6,232.4
1711,genuine,169.0,174.0,175.0,171.0,173.0,174.0,174.0
4049,impersonator,170.5,182.0,151.4,172.6,164.8,167.6,166.5
1341,impersonator,168.5,179.2,156.4,173.5,341.5,174.0,167.9
2183,impersonator,20.9,21.0,442.6,13.9,19.4,229.7,440.6
357,impersonator,19.4,20.2,775.4,903.6,22.1,232.2,18.6
2930,impersonator,1332.5,812.1,1059.9,17.3,17.5,18.2,18.6
4297,impersonator,9.8,20.4,691.1,438.1,21.2,21.1,28.8
1600,impersonator,171.6,179.7,159.9,172.1,166.3,167.0,169.6
3174,genuine,165.0,169.0,166.0,166.0,169.0,166.0,167.0
424,genuine,14.1,18.1,975.8,631.0,19.2,15.7,17.9
700,genuine,181.0,173.0,159.0,172.0,171.0,8.0,167.0
1061,impersonator,21.3,15.4,1250.6,24.2,18.7,19.1,17.6
1090,genuine,14.8,16.5,54.5,35.2,16.1,119.9,32.3
2195,impersonator,1827.4,913.1,13.5,18.3,21.0,18.0,17.6
3584,impersonator,18.8,19.6,1327.8,1237.2,25.7,25.6,21.2
4456,genuine,17.0,226.6,232.8,16.1,216.7,199.9,433.6
285,genuine,171.0,172.0,173.0,177.0,173.0,173.0,172.0
1347,impersonator,170.6,159.1,154.6,177.9,171.3,170.5,162.0
1130,genuine,17.7,17.6,968.8,422.1,16.4,18.6,20.7
487,impersonator,171.7,175.5,159.2,173.6,167.9,171.5,168.0
3721,impersonator,227.5,227.7,221.6,205.7,214.4,16.3,210.2
3022,genuine,14.1,232.3,230.2,16.2,216.6,198.8,634.0
1673,impersonator,2.7,20.7,650.3,421.5,21.4,21.3,25.6
3969,genuine,166.0,170.0,169.0,173.0,171.0,172.0,164.0
2729,impersonator,21.8,218.4,202.3,237.4,24.2,17.2,225.6
2183,genuine,14.7,18.6,983.9,632.1,22.8,18.9,20.3
1964,impersonator,719.3,1218.8,362.3,25.3,22.6,23.8,21.6
935,impersonator,18.9,225.7,202.3,445.0,18.9,232.6,224.1
1629,genuine,14.3,310.0,16.8,56.7,79.6,57.1,45.7
2940,genuine,228.8,232.9,433.3,17.0,15.8,216.3,417.0
1788,impersonator,231.7,394.5,23.3,225.2,217.5,17.4,17.4
3621,genuine,23.0,16.1,16.3,16.2,1195.3,18.0,19.9
4063,impersonator,18.1,14.4,23.7,13.2,53.2,115.5,88.2
4440,genuine,19.2,17.3,17.2,1397.7,20.0,20.0,20.8
2119,genuine,196.3,215.0,418.1,232.2,16.3,216.4,419.4
706,impersonator,16.7,16.6,1612.2,23.9,19.8,16.6,23.6
1283,impersonator,215.9,242.8,218.1,27.7,17.7,20.9,226.3
818,impersonator,234.7,409.6,16.1,246.7,232.3,443.0,19.1
1956,impersonator,24.1,382.8,230.8,223.4,224.7,423.3,226.7
3887,impersonator,17.5,1179.4,12.8,29.4,19.8,16.1,21.2
2447,genuine,1038.2,1482.0,17.5,17.7,18.1,23.2,63.0
2835,genuine,14.2,4.1,634.8,15.8,14.0,16.1,27.5
1636,impersonator,219.2,241.1,224.4,239.7,441.7,19.1,229.2
1916,impersonator,171.2,174.8,170.8,177.1,166.4,172.7,169.0
2707,impersonator,19.3,19.2,1081.0,24.2,21.3,21.4,26.4
3598,genuine,164.0,168.0,165.0,166.0,167.0,168.0,166.0
3027,genuine,166.0,193.0,148.0,171.0,168.0,171.0,170.0
3044,genuine,165.0,168.0,169.0,166.0,166.0,168.0,168.0
3015,genuine,170.0,172.0,174.0,173.0,173.0,173.0,176.0
819,genuine,18.5,20.9,21.5,957.2,19.8,22.4,18.6
841,impersonator,11.3,24.2,475.1,409.3,8.8,15.5,16.2
284,impersonator,422.0,409.9,16.3,233.4,232.9,439.7,21.3
3004,impersonator,217.1,241.1,210.6,241.4,462.8,24.7,235.9
115,genuine,230.7,433.1,16.6,232.5,433.5,16.7,233.0
2228,genuine,16.1,19.9,1401.2,19.8,17.1,213.6,17.2
1808,genuine,169.0,174.0,173.0,173.0,174.0,172.0,175.0
973,genuine,590.3,422.4,15.0,17.4,17.8,17.7,17.8
2424,genuine,171.0,172.0,174.0,172.0,174.0,172.0,173.0
2602,impersonator,16.9,459.1,9.1,244.3,237.3,452.9,17.6
3840,impersonator,813.6,1362.3,31.0,20.0,9.9,55.7,69.7
1951,genuine,233.3,429.1,16.1,233.4,233.2,433.8,15.8
537,genuine,164.0,167.0,167.0,166.0,167.0,167.0,166.0
3700,genuine,211.1,217.0,614.8,19.4,10.9,432.2,233.3
3858,genuine,164.0,178.0,156.0,170.0,171.0,172.0,168.0
3608,genuine,1265.2,16.6,17.8,19.9,2048.6,17.8,19.9
4314,impersonator,21.6,229.8,26.5,226.1,226.8,219.9,418.3
4033,genuine,170.0,171.0,174.0,173.0,174.0,175.0,171.0
4082,genuine,164.0,176.0,155.0,172.0,170.0,10.0,166.0
2341,genuine,17.0,18.5,785.0,419.5,16.7,19.0,18.8
828,impersonator,162.8,176.1,143.4,183.6,350.1,20.0,316.7
563,impersonator,171.1,166.4,170.8,170.9,168.0,170.7,162.4
3677,impersonator,169.6,174.8,165.6,177.0,168.0,169.4,164.4
698,impersonator,452.9,14.8,212.6,216.0,223.9,418.5,705.4
4390,impersonator,13.4,17.0,909.8,17.9,21.5,26.8,25.6
1765,impersonator,22.4,399.6,7.2,222.8,216.9,432.0,18.3
162,genuine,165.0,165.0,168.0,164.0,169.0,166.0,165.0
819,impersonator,14.4,17.4,1158.1,230.3,699.5,24.3,25.1
1635,genuine,394.1,231.9,233.3,450.2,15.3,233.0,233.9
429,impersonator,13.9,9.0,8.6,221.4,209.2,419.9,421.3
4188,impersonator,165.7,161.0,177.1,20.0,161.2,169.9,160.2
2634,impersonator,166.9,169.9,169.8,171.1,175.9,170.4,165.6
175,genuine,18.1,21.8,18.2,1158.7,20.1,19.6,20.9
3013,genuine,227.5,450.5,14.5,233.2,467.2,27.8,225.4
2920,genuine,18.3,19.5,301.3,64.5,75.9,72.0,85.1
1442,genuine,1581.9,14.9,20.2,196.5,19.8,16.6,16.6
305,impersonator,175.8,160.7,171.1,178.4,171.7,173.7,168.8
4410,impersonator,160.5,157.2,160.9,173.0,168.3,168.1,165.3
3130,impersonator,170.4,164.5,162.9,170.8,172.6,171.7,165.7
3734,impersonator,169.6,176.8,161.1,175.6,169.3,172.3,169.8
2629,genuine,15.9,17.0,17.2,18.6,957.3,838.8,18.8
3191,impersonator,662.0,12.0,1430.9,21.9,23.1,20.9,14.2
3722,genuine,14.0,231.4,233.1,233.1,433.2,16.5,233.2
188,genuine,2275.2,17.4,18.6,591.2,17.8,19.5,19.7
1678,impersonator,1573.1,430.1,20.6,30.1,1884.0,18.7,12.6
4060,impersonator,15.0,14.3,802.2,218.9,855.1,19.1,18.3
1371,impersonator,163.5,166.5,159.2,174.9,172.8,169.7,173.7
3711,impersonator,232.3,19.9,222.4,246.4,230.0,235.5,20.8
806,genuine,227.9,232.4,450.5,32.0,233.2,232.3,434.2
2751,genuine,1343.5,24.5,17.1,421.5,20.5,21.4,17.3
802,genuine,172.0,174.0,174.0,174.0,175.0,174.0,173.0
653,impersonator,169.8,168.9,170.8,179.7,171.2,173.8,167.8
2254,impersonator,19.5,9.7,4.6,1645.8,14.5,16.9,19.1
1850,impersonator,164.9,169.0,170.0,169.2,166.1,173.7,165.2
3524,genuine,168.0,172.0,168.0,170.0,170.0,170.0,166.0
577,genuine,14.0,429.9,15.9,216.6,433.3,16.6,233.1
132,impersonator,241.7,231.9,218.1,217.7,460.3,18.3,220.8
4064,impersonator,20.2,164.5,1032.2,14.8,9.8,20.5,21.8
4409,impersonator,233.3,225.2,389.4,269.5,227.0,235.7,423.3
3877,impersonator,19.0,220.2,218.9,423.9,434.0,21.4,433.5
1570,impersonator,165.7,167.5,158.4,164.9,163.9,169.1,162.6
388,impersonator,167.9,167.8,179.0,14.0,162.0,334.1,167.2
4436,impersonator,15.6,33.0,1180.8,19.7,17.0,21.0,21.5
2726,impersonator,13.6,11.8,496.7,449.7,29.7,18.6,18.8
866,impersonator,158.5,162.6,164.6,172.7,158.8,166.4,166.8
1504,genuine,15.6,14.7,17.0,1160.3,6.1,16.8,16.5
4313,impersonator,170.2,171.9,171.3,172.9,175.0,170.4,173.8
3888,impersonator,223.7,222.4,213.9,213.5,218.8,16.3,227.4
640,genuine,170.0,175.0,175.0,174.0,172.0,172.0,173.0
750,genuine,168.0,171.0,170.0,173.0,172.0,171.0,164.0
923,impersonator,167.6,172.8,173.1,173.2,176.2,172.7,174.7
1127,genuine,168.0,172.0,206.0,137.0,170.0,170.0,166.0
4072,genuine,13.0,432.8,16.5,233.2,233.2,233.1,216.7
4327,genuine,165.0,178.0,153.0,173.0,169.0,10.0,167.0
2808,genuine,224.9,451.8,31.5,232.9,451.0,16.4,232.4
593,genuine,164.0,167.0,167.0,168.0,168.0,167.0,167.0
2404,genuine,17.1,19.0,20.2,21.3,581.0,17.8,19.2
3272,genuine,13.4,35.4,45.9,1148.5,17.5,15.9,17.1
3664,impersonator,169.4,169.3,173.4,171.5,170.9,171.5,173.2
3512,genuine,11.2,25.4,1023.2,17.7,18.9,19.7,2290.4
3200,genuine,18.9,13.8,18.8,19.6,941.1,18.5,18.6
1046,impersonator,17.5,194.4,207.8,397.3,203.5,225.2,422.0
250,genuine,229.6,433.1,15.7,233.0,233.3,233.0,216.1
984,impersonator,22.5,8.0,411.7,20.8,230.7,228.9,416.8
790,impersonator,162.0,163.5,161.9,19.1,165.7,170.7,169.8
112,impersonator,1589.8,424.5,30.3,18.8,19.8,20.9,17.6
4000,genuine,164.0,174.0,156.0,172.0,170.0,12.0,167.0
1440,impersonator,24.1,1446.5,13.1,26.9,23.5,21.6,18.2
3732,genuine,165.0,169.0,166.0,166.0,166.0,168.0,167.0
1045,impersonator,15.4,20.7,856.2,30.0,21.8,20.9,19.2
2171,impersonator,169.0,169.4,187.4,178.7,170.7,172.9,172.3
4237,impersonator,23.1,16.4,12.2,22.0,1252.8,22.5,21.3
2247,genuine,16.4,18.8,581.6,419.0,16.3,16.9,17.1
4388,genuine,166.0,172.0,168.0,171.0,172.0,171.0,168.0
3259,impersonator,7.7,14.7,13.7,1564.3,26.1,20.8,16.3
834,impersonator,23.7,418.0,374.6,37.7,228.2,218.6,422.2
4170,impersonator,11.1,14.5,11.9,24.2,22.9,17.8,21.9
4025,genuine,16.4,135.5,1467.9,19.5,17.9,19.0,18.6
264,genuine,170.0,173.0,175.0,173.0,174.0,174.0,176.0
1924,impersonator,16.4,973.7,25.0,19.3,15.1,18.2,14.1
1793,genuine,171.0,174.0,174.0,174.0,174.0,173.0,174.0
2187,genuine,16.3,16.3,16.9,33.9,72.6,14.4,104.2
634,impersonator,163.3,163.7,165.2,173.3,174.9,165.9,164.3
3679,genuine,167.0,12.0,155.0,331.0,167.0,169.0,9.0
136,impersonator,12.1,26.3,10.2,650.8,17.9,17.6,23.3
3566,impersonator,162.4,176.2,169.7,174.6,165.4,166.1,168.4
2746,impersonator,16.8,22.9,223.6,228.9,223.5,15.9,231.0
646,genuine,164.0,182.0,156.0,170.0,9.0,166.0,334.0
1582,impersonator,20.1,11.9,1036.9,22.2,23.4,350.8,20.9
782,impersonator,171.2,175.7,172.8,175.7,177.0,176.0,170.9
3198,impersonator,423.0,174.8,68.4,178.1,334.0,170.1,12.3
3200,impersonator,172.9,164.6,176.9,173.1,172.5,168.9,168.2
95,genuine,431.2,15.9,232.0,233.1,233.5,433.4,16.5
849,impersonator,164.9,166.7,161.5,170.3,169.0,169.6,167.6
19,impersonator,232.1,223.4,405.3,27.1,27.4,241.9,428.1
967,impersonator,170.4,169.0,162.2,167.6,170.7,176.2,167.8
1389,genuine,166.0,167.0,169.0,168.0,166.0,167.0,168.0
2640,genuine,165.0,169.0,167.0,166.0,169.0,166.0,167.0
2208,genuine,159.0,336.0,168.0,165.0,17.0,149.0,332.0
3854,genuine,224.7,233.7,450.1,31.3,234.0,232.8,450.2
4404,genuine,15.7,1197.7,204.4,15.4,19.1,19.6,19.2
3973,genuine,15.6,17.0,16.0,27.5,1567.8,18.2,17.9
3235,genuine,447.3,28.0,233.7,31.3,200.0,216.5,216.6
247,genuine,13.9,23.4,970.4,632.0,23.1,18.8,21.6
121,impersonator,1534.8,424.5,25.1,29.4,1192.1,21.7,13.7
2760,impersonator,170.9,165.9,173.6,181.7,176.7,176.5,173.7
2984,genuine,13.7,231.5,233.0,232.6,433.4,16.5,233.2
1597,impersonator,174.8,161.7,179.8,175.4,170.3,172.3,171.5
4495,impersonator,168.0,171.4,165.4,173.2,165.4,168.6,167.6
4006,impersonator,168.0,183.0,151.9,170.0,161.4,18.0,342.0
256,genuine,168.0,188.0,157.0,171.0,170.0,168.0,13.0
3078,impersonator,28.4,20.6,16.6,225.7,227.4,227.8,20.9
1345,impersonator,166.3,165.3,171.7,4.0,157.6,315.5,165.4
403,genuine,232.1,196.5,233.4,16.2,216.5,200.0,216.5
4271,impersonator,9.5,16.7,608.3,434.2,19.6,15.0,862.4
1255,impersonator,162.5,172.2,167.2,172.3,169.5,165.0,170.8
1927,impersonator,23.1,221.7,220.8,5.1,214.4,215.1,410.2
3474,impersonator,217.5,413.8,7.5,234.0,224.4,225.0,15.2
3226,genuine,167.0,167.0,171.0,169.0,170.0,168.0,167.0
2466,genuine,17.7,588.4,210.7,17.1,18.1,17.8,16.9
3871,genuine,19.5,962.1,632.5,21.7,17.2,19.4,19.9
1835,genuine,166.0,170.0,168.0,166.0,165.0,167.0,166.0
4134,impersonator,171.6,175.8,152.7,181.0,167.8,171.8,170.0
1235,genuine,164.0,173.0,157.0,169.0,170.0,168.0,14.0
3516,impersonator,161.8,177.8,181.8,174.0,171.3,168.4,167.2
3814,genuine,169.0,190.0,153.0,169.0,169.0,169.0,183.0
3391,genuine,14.9,18.9,336.9,1046.1,19.2,17.0,15.8
3591,impersonator,416.6,237.5,227.5,247.7,444.1,18.7,240.9
1774,impersonator,168.2,177.0,151.7,178.6,160.4,167.8,163.6
262,impersonator,14.8,18.8,576.3,1631.0,30.7,23.2,232.8
1616,genuine,71.8,119.5,88.8,31.4,167.8,1895.2,15.9
2281,impersonator,178.9,169.6,173.5,188.2,173.2,181.7,170.8
4292,impersonator,18.8,17.9,17.7,19.4,18.0,20.0,14.6
4393,genuine,164.0,187.0,153.0,169.0,169.0,171.0,169.0
3790,genuine,7.0,325.0,334.0,166.0,167.0,168.0,166.0
260,genuine,166.0,167.0,169.0,168.0,167.0,167.0,168.0
2872,impersonator,176.1,173.8,176.7,179.2,170.3,170.0,172.8
2217,impersonator,23.2,20.7,9.9,962.9,17.4,18.3,14.8
2988,impersonator,13.7,17.2,660.3,425.0,18.5,18.5,19.0
1344,genuine,15.8,1169.2,631.7,15.5,18.0,17.8,18.6
2537,impersonator,220.8,235.3,419.7,243.3,446.7,18.8,230.7
638,genuine,11.8,432.9,16.7,232.8,233.3,233.3,433.4
1203,impersonator,169.4,168.1,164.6,170.5,176.2,168.1,167.4
3998,genuine,164.0,175.0,157.0,170.0,170.0,170.0,169.0
328,genuine,951.0,17.4,17.8,1858.9,18.3,18.3,17.4
3249,genuine,18.1,29.3,91.4,535.1,17.7,19.2,17.0
3844,impersonator,222.1,453.2,5.7,222.0,234.5,220.3,21.0
1360,genuine,167.0,172.0,168.0,171.0,171.0,173.0,165.0
3702,genuine,19.3,18.9,328.1,839.5,20.1,20.5,20.7
2921,impersonator,10.5,175.9,8.5,172.1,349.6,173.6,15.6
1532,genuine,11.0,172.0,326.0,172.0,168.0,170.0,170.0
3287,genuine,14.7,1364.6,420.8,15.1,17.5,17.8,18.4
2977,genuine,1388.7,28.8,15.8,17.7,15.8,19.9,16.4
95,impersonator,13.5,5.8,18.9,167.4,75.8,68.3,170.2
1245,genuine,18.2,122.4,1049.4,17.1,17.8,17.6,17.8
2286,impersonator,14.9,18.1,75.9,979.5,20.2,17.9,21.5
4213,impersonator,170.8,164.3,65.7,172.7,166.4,170.1,164.4
3627,genuine,191.2,217.4,416.8,31.0,200.5,216.6,215.7
820,impersonator,20.4,233.2,217.5,426.0,17.4,220.5,227.4
112,genuine,1486.4,1248.8,17.8,16.4,17.2,17.5,17.4
803,genuine,171.0,172.0,175.0,173.0,175.0,173.0,172.0
3633,genuine,243.8,254.2,23.1,647.9,32.9,450.1,31.3
2961,genuine,167.0,172.0,170.0,171.0,170.0,172.0,165.0
2843,impersonator,19.5,17.9,33.5,19.3,73.1,170.7,19.0
2287,impersonator,9.3,26.0,655.2,1003.0,13.1,17.0,24.5
2809,genuine,170.0,172.0,175.0,173.0,173.0,173.0,174.0
3089,genuine,167.0,172.0,170.0,170.0,173.0,171.0,166.0
1741,impersonator,14.9,16.9,12.0,15.7,816.6,21.4,19.6
3716,impersonator,13.2,11.8,974.1,14.7,15.8,76.0,21.6
3821,genuine,171.0,173.0,174.0,172.0,173.0,174.0,174.0
1621,genuine,16.7,25.3,781.1,421.0,18.3,21.0,19.7
2581,genuine,167.0,171.0,171.0,170.0,169.0,169.0,168.0
153,impersonator,20.1,23.4,217.6,221.8,17.6,18.9,219.8
1549,impersonator,16.3,22.4,23.6,976.0,1346.7,23.5,17.8
523,genuine,16.7,25.6,39.6,73.8,23.1,100.2,959.4
3894,impersonator,164.5,170.7,162.9,11.1,163.9,334.6,167.1
722,impersonator,173.5,167.2,174.2,173.3,170.1,171.2,163.4
450,impersonator,17.5,23.2,17.4,21.8,11.0,20.6,23.4
3906,genuine,192.2,417.7,234.5,448.6,13.1,233.2,450.9
891,genuine,164.0,167.0,167.0,167.0,168.0,166.0,167.0
318,genuine,165.0,169.0,166.0,168.0,167.0,166.0,169.0
297,genuine,15.6,430.5,14.1,433.1,16.5,233.2,233.3
1797,impersonator,20.1,178.9,38.8,173.5,168.2,13.8,338.1
261,genuine,788.5,424.6,19.4,20.2,20.3,19.9,20.3
3087,genuine,165.0,169.0,166.0,167.0,166.0,166.0,169.0
994,genuine,171.0,195.0,156.0,178.0,3.0,180.0,342.0
857,impersonator,160.3,169.1,168.9,163.4,160.4,167.0,167.0
2795,genuine,170.0,173.0,174.0,173.0,174.0,188.0,158.0
3063,impersonator,14.1,1373.2,23.1,24.8,21.8,19.1,17.5
486,genuine,230.4,433.3,16.5,232.9,433.5,16.4,233.1
3829,impersonator,15.8,13.4,1142.1,26.5,14.9,17.7,22.0
2784,genuine,229.2,433.2,16.6,233.0,233.4,432.7,16.8
2992,genuine,30.1,101.7,64.8,100.2,35.1,81.2,106.2
926,genuine,171.0,174.0,174.0,172.0,172.0,173.0,174.0
1206,genuine,230.0,433.2,16.9,232.8,233.2,433.4,16.8
1729,impersonator,15.4,10.7,1061.9,17.5,12.2,20.5,14.5
3425,impersonator,160.2,173.8,157.1,175.4,170.0,170.7,168.4
795,genuine,430.1,16.5,233.0,232.4,232.9,217.0,433.2
4133,impersonator,166.9,166.6,169.4,176.8,168.1,173.5,168.9
3081,genuine,181.0,171.0,157.0,170.0,170.0,170.0,12.0
606,genuine,214.9,230.3,16.5,221.6,195.1,216.5,418.3
199,impersonator,169.4,179.2,150.7,174.2,165.0,18.2,165.2
2538,genuine,171.0,172.0,174.0,174.0,175.0,173.0,172.0
2629,impersonator,21.0,207.8,395.8,15.0,233.1,224.6,419.5
1398,genuine,1873.6,18.0,15.5,19.3,19.0,21.2,15.7
1048,impersonator,171.0,166.8,166.5,173.1,174.5,171.9,167.2
1580,impersonator,21.2,20.6,787.6,12.1,16.0,18.7,15.5
1156,impersonator,17.3,12.1,1534.3,11.9,12.3,224.8,19.3
1825,impersonator,173.3,173.0,172.0,171.1,168.5,172.3,164.1
3449,genuine,169.0,175.0,174.0,173.0,174.0,173.0,173.0
1812,impersonator,176.8,174.0,183.3,175.3,171.3,175.6,173.0
3065,genuine,17.2,486.6,18.9,18.9,71.4,78.7,21.7
1053,impersonator,15.3,20.9,18.5,17.5,20.8,24.2,19.7
4286,impersonator,161.4,163.5,166.3,171.7,168.8,15.5,167.8
2051,impersonator,17.5,232.6,211.3,235.3,16.1,16.2,229.0
3138,impersonator,166.2,167.9,170.2,173.2,173.0,173.3,175.7
420,impersonator,14.7,31.2,786.7,428.8,19.4,15.9,14.2
4081,impersonator,216.0,236.5,414.6,29.5,12.1,229.7,230.4
1038,impersonator,19.5,1203.1,362.6,25.5,20.9,223.0,20.6
1526,genuine,19.7,21.1,1138.9,13.3,19.7,19.3,20.7
1942,genuine,230.0,453.4,30.4,233.6,232.8,450.6,16.8
3803,genuine,168.0,15.0,152.0,334.0,169.0,166.0,10.0
4031,impersonator,61.5,1638.7,30.0,16.5,60.8,20.5,64.0
3409,genuine,225.8,16.3,215.9,417.3,232.9,450.0,15.0
1885,genuine,17.3,19.5,1391.1,17.6,17.8,18.1,18.2
1777,impersonator,12.8,22.2,16.8,1229.9,20.7,19.3,17.2
2195,genuine,14.7,422.9,16.7,232.7,233.1,233.2,433.5
1479,genuine,163.0,168.0,165.0,168.0,167.0,167.0,168.0
3586,impersonator,232.7,442.6,15.2,246.6,455.9,16.1,16.0
2381,impersonator,213.5,229.9,230.3,436.7,418.1,216.1,242.9
3940,impersonator,165.1,161.6,32.5,18.5,154.6,303.5,328.7
1633,genuine,164.0,188.0,155.0,171.0,170.0,168.0,13.0
2927,impersonator,226.8,242.7,29.9,221.2,424.1,444.0,226.9
1877,genuine,17.6,15.1,17.3,1601.7,15.0,17.6,17.9
666,impersonator,163.3,166.0,168.2,171.5,164.7,164.8,165.6
1193,impersonator,16.7,14.0,92.7,951.3,13.5,21.8,13.4
4092,genuine,194.7,415.9,233.0,232.0,450.9,15.6,450.5
2936,impersonator,879.4,22.7,0.0,21.1,17.2,15.1,11.5
1876,impersonator,15.5,23.4,19.1,1204.9,20.3,23.7,20.9
2734,impersonator,23.8,167.9,19.7,274.0,171.2,172.1,88.8
4369,genuine,171.0,174.0,175.0,173.0,174.0,173.0,173.0
1435,genuine,170.0,174.0,173.0,173.0,174.0,171.0,174.0
2070,genuine,12.7,432.7,16.1,233.4,233.3,233.3,16.7
1977,impersonator,20.4,1308.3,18.4,664.8,17.6,17.0,21.4
3988,genuine,169.0,192.0,12.0,150.0,333.0,184.0,166.0
2379,genuine,430.1,16.6,235.5,232.8,232.7,216.8,233.0
2611,impersonator,14.6,15.9,985.9,12.4,16.3,23.6,17.0
1137,impersonator,164.8,167.2,445.4,32.2,162.7,167.8,331.5
643,impersonator,26.1,19.7,15.8,27.2,31.7,26.0,22.2
1369,genuine,167.0,11.0,156.0,333.0,168.0,168.0,6.0
3401,impersonator,173.9,169.3,167.9,282.3,170.4,172.6,172.5
3079,genuine,165.0,188.0,158.0,171.0,183.0,166.0,167.0
321,impersonator,169.3,173.2,147.8,179.1,168.9,19.0,165.8
84,genuine,227.1,233.9,29.7,200.2,216.2,417.7,233.0
802,impersonator,172.2,168.1,172.8,177.0,172.0,170.6,169.0
3634,genuine,22.6,1242.3,1489.0,18.5,17.5,17.8,15.5
3414,impersonator,166.8,168.4,166.6,171.4,170.2,168.9,165.5
1562,genuine,227.2,231.8,232.8,232.6,451.0,14.8,232.9
2382,impersonator,2.0,215.5,372.4,434.9,19.5,24.9,235.0
1928,genuine,15.2,15.3,517.0,15.9,16.2,16.7,70.5
3292,impersonator,165.4,170.7,168.9,176.7,163.7,15.3,168.2
4017,genuine,45.7,48.0,57.0,10.8,79.8,95.7,72.1
3316,genuine,19.7,20.1,948.0,835.5,21.4,21.5,22.7
942,genuine,166.0,189.0,15.0,150.0,333.0,166.0,167.0
1428,genuine,9.0,323.0,334.0,167.0,166.0,168.0,166.0
4100,genuine,168.0,171.0,171.0,171.0,171.0,172.0,166.0
622,impersonator,21.5,226.2,403.6,27.2,230.9,237.0,449.9
3462,genuine,164.0,181.0,156.0,172.0,169.0,169.0,169.0
410,genuine,17.7,16.5,338.7,1261.1,16.5,17.5,17.6
1981,genuine,169.0,172.0,169.0,172.0,170.0,172.0,165.0
1962,impersonator,168.3,163.8,166.3,177.9,172.9,171.6,165.9
2876,impersonator,170.9,166.6,180.1,176.3,174.4,174.9,167.0
134,genuine,166.0,186.0,11.0,150.0,350.0,166.0,167.0
3616,genuine,166.0,172.0,171.0,172.0,171.0,170.0,167.0
1065,impersonator,18.6,19.6,23.8,6.4,737.5,48.9,62.3
64,impersonator,170.9,169.5,173.1,177.2,170.1,169.6,165.1
3488,impersonator,165.4,168.5,179.1,182.1,168.0,177.2,174.5
3215,genuine,231.6,226.3,450.7,31.6,233.9,233.1,450.5
1771,genuine,17.4,15.8,1423.0,19.3,17.0,18.7,20.3
3330,genuine,17.8,18.2,19.4,1590.1,17.3,20.4,19.8
2468,impersonator,169.1,165.1,176.5,172.2,174.9,174.0,173.5
4133,genuine,20.1,24.0,60.3,39.6,488.8,18.2,18.7
1264,impersonator,22.2,21.3,34.9,1529.8,79.6,455.5,23.0
1105,genuine,7.0,323.0,10.0,323.0,335.0,169.0,168.0
3912,genuine,15.4,229.3,231.7,433.4,16.4,233.2,233.0
3403,impersonator,6.7,233.3,1466.9,1128.0,15.3,19.4,23.7
3106,impersonator,18.7,18.0,24.5,243.4,2302.0,24.2,19.2
4376,impersonator,19.4,23.9,13.2,22.7,18.4,18.6,79.1
417,genuine,168.0,187.0,156.0,171.0,170.0,172.0,167.0
550,impersonator,1604.1,15.0,29.6,23.4,18.5,15.9,13.2
4423,impersonator,15.0,32.6,752.7,1615.4,22.6,15.6,19.9
4041,impersonator,16.0,22.2,19.7,23.6,65.6,21.1,17.1
924,genuine,170.0,173.0,174.0,173.0,175.0,170.0,171.0
320,impersonator,162.0,175.9,168.7,173.4,169.2,170.1,164.7
928,genuine,223.4,233.1,233.1,450.1,32.6,233.0,233.4
2861,impersonator,165.0,165.0,163.1,174.2,164.1,323.5,166.6
4005,impersonator,14.8,12.0,2.8,39.4,858.5,438.7,20.5
3295,genuine,15.9,18.9,16.0,965.3,417.2,17.3,20.8
1950,genuine,165.0,168.0,166.0,165.0,167.0,169.0,166.0
188,impersonator,22.0,91.8,22.1,190.2,52.9,1549.5,82.1
1990,impersonator,446.9,17.2,225.9,221.3,219.0,426.2,429.5
1489,genuine,229.1,232.9,432.7,16.9,232.8,233.0,433.6
4392,genuine,172.0,172.0,175.0,172.0,171.0,175.0,173.0
2124,genuine,17.1,20.0,955.1,18.6,19.3,19.4,19.8
3025,genuine,213.9,416.4,233.4,16.0,216.5,416.8,233.2
2112,impersonator,163.7,170.5,156.9,300.5,169.1,172.0,166.9
3943,genuine,23.9,12.7,218.4,202.3,18.3,20.2,16.7
3151,impersonator,7.7,23.5,624.5,442.9,17.1,22.1,16.9
213,genuine,167.0,167.0,169.0,169.0,169.0,168.0,169.0
4044,impersonator,227.2,402.6,14.9,237.4,232.9,219.7,425.2
4385,genuine,228.3,13.0,233.3,199.3,417.7,232.3,450.8
4351,impersonator,13.4,21.3,395.4,21.9,22.3,773.2,24.6
3122,genuine,165.0,169.0,167.0,166.0,166.0,168.0,168.0
2627,impersonator,161.8,159.3,166.8,172.1,168.2,166.8,169.0
2493,impersonator,453.5,421.4,14.6,238.7,240.0,445.3,16.5
2139,impersonator,166.5,368.1,390.3,28.5,164.3,168.2,161.8
3159,impersonator,169.5,169.8,180.0,176.9,171.6,166.9,164.4
3650,impersonator,11.3,21.7,651.4,438.9,23.3,20.1,21.8
110,impersonator,164.1,176.3,160.1,176.9,166.4,170.7,170.4
2062,genuine,166.0,170.0,170.0,170.0,170.0,170.0,166.0
1057,genuine,20.7,39.1,740.3,834.2,21.0,21.2,22.9
1680,genuine,168.0,173.0,168.0,170.0,171.0,171.0,166.0
2244,genuine,171.0,172.0,174.0,173.0,173.0,174.0,173.0
1339,genuine,163.0,167.0,167.0,165.0,165.0,165.0,166.0
2677,genuine,16.7,34.9,63.4,549.5,17.8,17.0,67.1
708,impersonator,165.8,176.7,168.9,172.2,170.5,167.3,166.1
2027,impersonator,211.2,238.2,215.3,450.2,430.0,17.2,239.3
2534,genuine,2337.3,189.6,18.5,51.3,79.8,48.1,40.2
3123,genuine,16.2,20.3,1230.6,18.9,15.7,18.7,18.6
736,genuine,16.8,26.5,1159.6,420.8,15.2,19.0,18.7
1044,impersonator,20.0,22.3,400.2,23.5,18.3,20.0,18.5
3726,genuine,57.0,95.9,1205.8,597.2,16.3,16.0,17.1
482,genuine,230.1,451.9,31.8,233.3,233.5,452.6,29.0
113,impersonator,18.7,16.9,28.5,1233.8,794.5,19.5,21.6
799,genuine,17.4,223.6,230.1,233.7,450.1,15.6,233.8
4276,genuine,169.0,172.0,174.0,174.0,175.0,172.0,174.0
859,genuine,162.0,178.0,153.0,170.0,169.0,13.0,167.0
2137,genuine,17.8,1138.6,624.5,17.9,19.1,18.2,18.0
3801,genuine,15.6,16.4,1170.1,631.4,14.0,15.8,17.2
354,impersonator,18.0,21.3,952.6,24.7,16.7,19.6,17.8
2834,genuine,12.7,16.4,783.7,419.9,15.1,18.2,18.0
2437,impersonator,176.3,177.0,175.3,179.1,178.6,174.4,171.3
1410,genuine,13.1,232.0,233.1,433.6,16.5,233.1,233.1
1579,impersonator,231.8,426.7,23.6,237.7,232.5,443.4,18.6
2899,genuine,169.0,171.0,171.0,172.0,170.0,171.0,166.0
204,impersonator,16.5,4.6,214.9,418.6,209.2,217.8,419.3
3539,impersonator,166.4,166.9,32.3,258.7,173.1,173.7,16.1
1047,impersonator,12.0,8.0,691.3,14.2,13.0,17.9,14.9
1705,impersonator,162.9,168.1,168.3,178.6,168.2,168.6,167.7
1752,genuine,165.0,168.0,166.0,14.0,152.0,330.0,167.0
1654,impersonator,157.5,165.9,171.8,178.0,160.7,166.6,165.2
2635,impersonator,172.7,29.0,149.2,175.5,18.7,15.0,1069.4
1691,genuine,12.8,433.2,16.3,232.5,233.4,233.1,433.5
172,impersonator,172.2,165.2,176.5,170.7,161.5,174.3,170.7
1409,impersonator,14.7,13.0,874.6,10.5,8.1,719.9,15.4
2296,impersonator,13.4,19.5,813.4,27.6,22.2,17.9,22.1
2009,impersonator,13.8,21.3,887.1,21.1,14.7,20.5,20.7
2588,impersonator,13.5,1357.6,1291.3,20.7,23.9,19.4,15.4
1408,genuine,430.9,15.9,231.4,233.2,233.2,16.5,216.4
2110,impersonator,165.9,174.4,172.5,173.8,170.5,168.7,163.4
995,impersonator,18.8,218.6,411.2,17.4,208.9,221.8,413.4
4450,impersonator,170.1,166.3,173.3,178.1,175.3,173.4,172.5
2453,genuine,164.0,185.0,153.0,172.0,168.0,171.0,169.0
298,impersonator,14.0,21.4,122.4,28.0,17.8,99.5,20.7
1379,impersonator,17.0,19.3,10.8,17.4,17.6,21.4,22.7
261,impersonator,15.4,18.0,1082.7,668.5,21.7,15.3,19.3
3287,impersonator,16.3,460.0,20.2,24.0,24.2,446.6,20.4
1392,genuine,16.1,18.6,983.1,630.3,17.6,15.8,19.4
2758,genuine,170.0,173.0,173.0,173.0,174.0,173.0,173.0
1000,impersonator,162.5,159.4,166.5,157.0,167.1,167.3,167.5
2587,impersonator,230.8,241.3,22.2,236.7,448.7,18.1,228.1
3312,genuine,12.1,16.6,18.3,16.1,1166.6,16.4,16.8
2740,impersonator,223.1,239.4,224.9,243.4,444.1,25.0,231.4
440,genuine,164.0,187.0,156.0,169.0,172.0,171.0,172.0
3818,impersonator,162.0,174.7,171.3,172.7,169.4,164.5,165.7
3121,genuine,444.1,30.0,234.9,230.5,436.3,14.8,239.4
784,genuine,18.2,21.5,1397.2,21.7,15.5,19.3,18.7
1199,genuine,171.0,175.0,174.0,173.0,174.0,172.0,173.0
3048,impersonator,22.3,24.8,17.3,26.3,100.6,20.8,98.3
2708,impersonator,165.9,159.2,164.1,23.6,163.1,324.5,165.7
3832,impersonator,21.8,11.8,25.2,215.5,215.7,435.5,18.6
4234,impersonator,246.1,9.0,213.0,208.5,207.4,221.6,417.7
789,impersonator,171.0,163.7,170.3,172.3,169.8,171.0,167.7
4244,impersonator,12.6,15.3,1391.0,15.8,18.0,18.2,14.8
602,impersonator,15.6,14.2,384.9,21.7,23.5,22.2,449.4
3771,impersonator,454.0,7.7,215.4,222.7,199.5,16.2,440.9
1819,impersonator,171.1,179.2,163.2,170.3,166.8,170.4,166.9
2037,genuine,171.0,172.0,175.0,172.0,175.0,171.0,172.0
1292,impersonator,167.7,173.0,158.2,176.5,167.1,14.7,168.9
2901,impersonator,164.1,163.0,155.1,20.7,162.8,167.1,167.7
4289,genuine,228.2,229.8,450.9,32.4,233.1,232.4,451.0
1893,genuine,226.6,233.2,450.2,32.0,233.7,233.3,451.8
1950,impersonator,223.9,433.7,13.0,242.1,234.3,459.6,12.6
164,impersonator,170.7,183.4,155.2,175.4,168.7,169.4,167.3
397,impersonator,13.6,25.5,29.3,227.2,433.6,16.0,17.5
2479,genuine,22.0,14.8,208.3,209.1,19.3,19.1,19.5
2465,genuine,164.0,165.0,165.0,167.0,166.0,165.0,168.0
2428,genuine,165.0,170.0,166.0,13.0,156.0,330.0,169.0
781,genuine,170.0,172.0,174.0,174.0,173.0,173.0,172.0
4016,genuine,165.0,186.0,154.0,170.0,172.0,171.0,171.0
1666,genuine,14.4,15.9,16.7,16.7,16.8,72.1,75.9
2938,genuine,19.4,18.6,965.1,422.7,17.4,19.4,21.4
4462,genuine,14.9,19.8,130.1,1052.4,17.8,18.9,1015.3
1051,impersonator,165.3,171.0,173.9,174.3,173.9,173.0,163.5
1837,genuine,26.0,230.2,233.4,232.7,450.1,16.5,232.9
3436,impersonator,166.0,170.2,176.1,172.9,169.3,172.7,164.4
306,genuine,15.0,16.8,1636.0,14.9,17.5,17.2,17.3
181,genuine,170.0,170.0,168.0,169.0,170.0,171.0,166.0
2562,impersonator,234.5,434.4,9.4,26.6,231.8,230.0,8.8
3602,impersonator,19.5,167.5,434.8,16.0,15.5,172.9,16.0
3301,genuine,164.0,178.0,154.0,171.0,168.0,12.0,165.0
2945,genuine,229.9,433.3,16.5,232.1,433.7,16.5,433.6
2129,genuine,165.0,168.0,167.0,167.0,167.0,165.0,168.0
978,impersonator,166.3,160.1,173.5,225.1,167.2,169.6,165.4
3661,genuine,17.6,34.3,1780.3,16.5,20.5,18.4,19.7
873,genuine,14.2,232.5,230.9,433.3,15.4,233.2,233.4
524,genuine,171.0,173.0,175.0,172.0,173.0,172.0,178.0
1242,impersonator,11.1,20.4,919.1,1602.7,19.7,17.1,22.1
1533,genuine,230.2,433.5,16.4,232.8,433.2,16.7,433.1
609,impersonator,7.8,15.1,558.8,1079.2,16.4,16.6,22.7
2436,genuine,164.0,167.0,166.0,168.0,168.0,167.0,166.0
3033,impersonator,9.6,25.4,674.8,415.8,19.9,19.2,23.3
1096,genuine,170.0,173.0,174.0,173.0,175.0,174.0,172.0
3795,impersonator,11.5,450.0,0.0,335.3,827.6,22.3,19.7
2963,genuine,18.1,12.1,641.7,15.4,232.7,233.2,233.2
2077,impersonator,15.4,19.5,400.0,30.5,20.8,20.4,18.2
4419,impersonator,169.3,169.6,168.9,172.4,165.9,166.4,165.2
1630,impersonator,173.2,182.2,146.4,176.6,165.5,169.8,305.1
924,impersonator,10.6,1367.2,1.6,26.5,19.0,23.5,22.5
616,impersonator,228.3,229.0,369.0,225.2,21.7,17.2,218.2
229,genuine,171.0,173.0,172.0,175.0,172.0,171.0,173.0
2052,genuine,48.5,1995.8,238.7,22.8,17.2,17.3,27.0
3678,impersonator,162.8,163.3,166.4,173.2,168.7,166.8,165.3
807,genuine,165.0,169.0,171.0,169.0,169.0,170.0,168.0
4481,genuine,13.4,232.2,233.0,233.0,233.0,233.3,16.3
3352,impersonator,168.2,170.4,186.4,178.8,169.5,176.5,174.0
1565,impersonator,168.5,165.3,180.2,10.4,165.4,164.6,168.2
2333,genuine,20.9,107.6,73.2,54.9,31.8,91.8,76.5
892,impersonator,163.0,168.1,169.9,172.4,168.5,168.7,167.6
3050,impersonator,161.4,173.8,172.4,173.7,164.1,166.6,167.1
3769,impersonator,169.8,160.2,172.4,176.6,172.8,170.7,163.1
3075,genuine,165.0,183.0,158.0,170.0,168.0,170.0,169.0
2467,genuine,228.7,432.9,16.7,232.9,433.4,16.9,232.8
594,impersonator,166.7,179.3,147.7,179.4,342.0,20.6,331.5
3629,impersonator,164.8,176.3,161.5,173.1,162.4,172.8,164.2
2737,impersonator,166.1,171.8,172.5,175.2,171.7,174.4,177.8
1798,impersonator,168.3,170.2,147.1,175.5,167.7,169.7,165.7
1433,genuine,229.6,433.2,16.0,233.1,233.2,433.4,17.1
3050,genuine,16.0,10.5,429.1,216.2,230.3,232.3,434.0
800,genuine,171.0,174.0,175.0,172.0,173.0,173.0,175.0
547,genuine,16.5,19.0,1567.9,17.3,18.9,20.5,17.2
1955,impersonator,21.3,18.5,206.7,224.9,211.5,236.2,430.8
2971,impersonator,14.3,30.7,1342.1,405.3,15.8,16.7,17.9
1528,impersonator,161.0,163.2,169.0,168.1,169.3,163.4,165.7
2699,genuine,171.0,172.0,175.0,173.0,172.0,172.0,173.0
1563,genuine,167.0,172.0,170.0,172.0,173.0,173.0,167.0
3379,impersonator,228.5,221.7,217.1,221.5,218.5,225.4,428.5
1991,genuine,165.0,169.0,165.0,167.0,167.0,169.0,168.0
4023,impersonator,172.5,166.4,175.8,175.7,175.9,174.0,163.5
2942,genuine,164.0,169.0,167.0,13.0,154.0,335.0,166.0
2578,genuine,163.0,170.0,168.0,166.0,168.0,168.0,168.0
689,impersonator,169.8,175.4,173.7,289.3,55.5,167.3,164.6
3132,impersonator,17.2,160.2,19.9,20.3,17.3,17.1,15.4
2562,genuine,230.2,433.0,16.8,232.6,233.5,233.3,433.2
905,genuine,168.0,171.0,171.0,169.0,169.0,169.0,169.0
771,impersonator,10.9,19.8,829.8,613.3,14.1,21.6,19.8
3604,impersonator,213.2,219.5,408.5,33.8,20.2,223.4,221.3
33,genuine,77.9,21.2,127.8,35.6,32.0,99.7,31.8
1060,impersonator,166.8,162.2,168.4,177.8,174.0,170.8,170.3
4283,impersonator,168.4,180.2,161.5,175.2,167.3,170.2,169.2
1480,genuine,171.0,176.0,172.0,172.0,175.0,172.0,174.0
1806,genuine,16.6,20.9,790.5,205.1,22.0,23.3,20.4
2064,impersonator,171.8,171.0,175.4,168.1,169.2,167.5,173.6
1370,genuine,19.7,20.8,21.4,1380.5,20.5,20.7,20.6
3595,genuine,624.1,214.0,16.5,16.0,16.9,16.8,16.7
2965,impersonator,170.8,185.0,161.1,180.6,169.0,173.8,170.4
4357,genuine,13.5,232.2,16.1,216.7,199.6,416.7,233.2
2412,genuine,17.3,16.1,16.1,16.7,1584.2,16.4,17.4
3739,genuine,229.6,230.8,450.1,31.5,233.9,233.0,452.3
1421,impersonator,1853.9,13.4,28.1,21.4,21.8,23.4,21.5
3967,impersonator,19.8,417.6,4.6,243.6,223.0,234.7,428.4
915,genuine,181.0,173.0,157.0,168.0,168.0,168.0,14.0
2386,genuine,169.0,175.0,173.0,172.0,175.0,174.0,172.0
2950,impersonator,168.7,174.3,178.2,174.1,174.4,171.5,169.2
2688,genuine,180.0,167.0,166.0,167.0,184.0,166.0,167.0
1137,genuine,14.4,445.7,28.3,232.6,450.1,16.0,233.7
209,impersonator,15.6,15.7,712.8,418.6,20.0,20.5,19.4
2712,genuine,165.0,170.0,168.0,167.0,168.0,166.0,167.0
5,genuine,165.0,170.0,169.0,171.0,172.0,170.0,166.0
1586,impersonator,169.2,188.2,162.3,173.5,171.6,175.2,169.2
2245,impersonator,164.2,402.1,19.3,298.6,67.4,167.7,74.5
4182,impersonator,163.7,178.1,152.4,172.3,162.1,166.6,165.5
896,genuine,413.2,231.1,451.1,29.2,234.6,233.3,233.0
984,genuine,330.0,186.0,154.0,171.0,172.0,169.0,169.0
933,genuine,229.8,448.7,17.0,232.6,233.3,233.0,433.6
3538,impersonator,14.0,170.8,175.8,23.8,20.9,29.8,18.3
3264,impersonator,13.1,21.9,361.7,10.2,12.5,641.1,737.8
4417,impersonator,15.5,15.9,769.2,832.0,14.8,20.9,25.0
2814,impersonator,165.5,160.9,168.1,173.2,174.5,167.4,167.6
3282,genuine,164.0,166.0,169.0,168.0,167.0,166.0,165.0
684,genuine,165.0,182.0,156.0,171.0,8.0,166.0,333.0
2524,genuine,165.0,166.0,165.0,166.0,166.0,167.0,168.0
4066,impersonator,19.9,1407.9,1157.6,25.3,13.5,21.3,15.3
2757,impersonator,160.8,158.6,164.8,165.5,163.0,317.8,165.9
1289,impersonator,15.8,13.8,679.3,662.3,14.5,16.0,17.1
647,impersonator,166.8,168.7,162.4,166.6,170.1,173.0,165.6
3273,genuine,167.0,188.0,13.0,150.0,334.0,167.0,169.0
2424,impersonator,14.8,19.2,723.8,645.8,18.5,20.7,21.9
1288,impersonator,14.5,20.4,371.0,27.1,24.1,18.4,20.7
1429,impersonator,170.1,176.1,158.0,394.6,176.6,166.2,168.7
762,genuine,167.0,172.0,169.0,171.0,173.0,171.0,165.0
4312,impersonator,162.5,173.2,153.3,178.9,173.4,166.0,165.7
372,impersonator,170.2,186.8,152.5,177.8,18.4,173.4,168.2
31,genuine,33.6,1900.8,20.3,15.8,18.1,18.4,18.1
975,impersonator,17.7,1235.1,9.0,13.5,23.6,20.6,80.1
59,genuine,169.0,173.0,167.0,173.0,170.0,170.0,168.0
1720,genuine,15.3,17.6,1007.7,18.9,15.9,17.5,16.9
3411,genuine,15.0,16.5,792.5,631.7,20.0,16.9,19.8
1720,impersonator,17.6,16.5,24.8,1511.8,823.5,23.6,20.2
2350,impersonator,169.9,180.0,0.0,169.4,164.3,169.5,166.6
3420,genuine,172.0,172.0,177.0,171.0,173.0,174.0,173.0
230,genuine,14.6,14.7,17.1,16.4,1200.9,16.7,16.7
532,impersonator,161.2,167.6,166.4,168.9,162.6,166.7,162.3
3670,impersonator,167.7,166.7,175.9,170.0,174.3,174.9,163.9
655,impersonator,169.1,159.7,169.1,173.8,168.1,170.6,163.3
2650,impersonator,1700.9,1528.8,17.3,27.6,20.4,22.0,20.2
2146,impersonator,24.6,418.7,25.7,15.9,21.9,18.4,66.3
235,impersonator,1076.8,91.5,9.9,18.9,95.3,24.9,70.9
1085,genuine,163.0,170.0,166.0,167.0,165.0,168.0,166.0
37,impersonator,158.5,156.7,158.4,181.3,171.4,170.4,169.0
249,genuine,165.0,167.0,166.0,167.0,165.0,168.0,167.0
4006,genuine,19.8,16.8,581.7,17.0,17.5,19.5,16.5
208,genuine,12.5,235.7,232.7,232.3,434.6,15.3,233.7
3100,genuine,164.0,166.0,167.0,167.0,166.0,165.0,166.0
2957,genuine,19.0,16.1,339.7,1263.5,15.7,16.4,15.9
2038,genuine,16.5,15.2,215.8,411.1,233.4,234.2,433.2
2659,impersonator,15.0,22.7,130.2,14.1,16.2,52.7,67.4
3748,genuine,166.0,169.0,168.0,164.0,167.0,167.0,168.0
2701,impersonator,16.2,158.9,163.1,224.2,167.8,167.6,163.7
2994,impersonator,163.5,179.9,150.7,173.4,162.9,166.5,318.1
334,genuine,17.2,9.7,229.7,199.0,416.6,232.9,450.5
2074,impersonator,163.1,169.7,166.5,172.6,165.1,166.9,163.4
3966,impersonator,166.0,165.8,165.0,170.9,165.9,173.9,162.9
1559,genuine,165.0,166.0,170.0,165.0,165.0,167.0,165.0
2867,impersonator,167.0,164.3,180.2,165.3,161.7,165.2,165.6
3578,genuine,17.8,19.8,970.2,417.9,19.8,18.8,19.2
2464,impersonator,14.1,1406.5,21.8,28.1,23.2,17.1,25.7
596,impersonator,221.5,226.4,227.8,237.1,441.8,434.3,232.3
1169,genuine,228.8,449.2,32.7,232.6,233.5,450.2,15.3
3296,genuine,17.3,12.4,17.1,972.1,629.9,16.5,15.4
3583,impersonator,174.2,172.8,176.4,181.9,173.3,176.5,173.4
3441,impersonator,162.9,171.8,170.4,173.9,169.5,168.5,166.0
130,genuine,227.9,14.0,216.8,216.2,632.9,15.4,233.7
2188,impersonator,158.9,162.5,165.3,174.4,168.6,166.0,167.7
712,impersonator,23.9,18.6,370.7,20.9,22.0,25.7,22.3
1690,impersonator,169.1,179.4,156.6,176.3,171.9,171.6,168.5
158,impersonator,441.4,410.5,5.4,228.3,214.5,427.6,10.7
3864,genuine,171.0,191.0,161.0,179.0,2.0,179.0,9.0
211,genuine,14.0,17.8,36.1,61.4,30.4,63.9,31.6
3452,genuine,14.6,213.0,216.6,199.8,216.2,617.1,16.8
1609,genuine,15.0,14.1,17.8,17.1,586.1,16.3,16.9
3686,genuine,16.0,17.4,18.5,18.7,1787.6,16.7,18.9
1023,impersonator,18.1,168.3,164.0,20.0,19.8,16.4,20.3
2311,genuine,13.8,215.6,415.7,232.3,433.4,16.5,233.1
910,genuine,1677.1,15.9,17.8,18.1,31.0,1818.5,19.3
1103,impersonator,16.7,10.4,779.2,1603.4,18.2,15.5,19.2
2175,genuine,166.0,169.0,169.0,171.0,168.0,170.0,167.0
1303,genuine,15.4,21.9,971.5,630.4,21.2,19.1,17.6
2995,genuine,170.0,173.0,175.0,173.0,174.0,172.0,172.0
2343,impersonator,235.7,432.0,8.8,238.6,235.8,453.7,13.6
1658,genuine,212.1,231.5,232.6,233.7,450.0,15.5,232.8
4368,impersonator,158.8,167.5,1159.7,167.9,168.9,166.5,168.5
2377,impersonator,171.6,169.0,176.9,177.5,165.5,170.5,172.4
647,genuine,172.0,171.0,177.0,172.0,174.0,172.0,173.0
2175,impersonator,163.2,166.0,24.2,172.1,164.9,311.5,171.2
3338,genuine,17.8,21.0,1384.3,199.6,21.3,21.2,21.8
2236,impersonator,164.9,162.6,174.5,164.8,164.9,165.1,166.6
4218,impersonator,13.7,11.9,833.3,17.4,19.7,16.7,19.6
3615,impersonator,165.3,161.8,174.9,177.6,168.4,170.3,164.8
3228,impersonator,23.4,14.5,128.0,310.1,228.1,228.4,440.2
607,impersonator,23.6,16.7,348.2,11.5,211.7,224.0,424.7
1996,impersonator,15.0,27.8,978.6,1435.2,20.8,23.9,20.7
3596,genuine,164.0,169.0,168.0,166.0,165.0,168.0,166.0
2576,genuine,165.0,169.0,10.0,159.0,335.0,168.0,168.0
2098,impersonator,160.7,160.9,162.9,168.6,164.0,163.8,165.4
3944,genuine,171.0,173.0,173.0,198.0,148.0,174.0,173.0
970,impersonator,167.8,169.2,168.5,177.2,172.8,170.6,169.0
4418,impersonator,15.8,1535.0,406.8,17.3,20.1,17.4,20.1
257,impersonator,171.5,174.2,178.8,172.8,176.5,174.6,164.7
1033,impersonator,14.5,19.9,30.8,1445.8,19.9,23.0,15.7
1403,genuine,166.0,171.0,171.0,173.0,171.0,172.0,166.0
3841,impersonator,16.7,212.6,409.9,26.6,14.9,237.3,225.3
3387,genuine,33.0,1802.1,16.6,20.5,20.1,20.1,19.9
1644,genuine,169.0,171.0,175.0,174.0,174.0,173.0,174.0
1522,impersonator,221.7,1310.0,10.7,27.6,20.5,24.2,20.1
4469,genuine,17.2,15.5,1402.7,18.4,13.3,18.0,17.9
1520,impersonator,13.4,13.8,1174.6,25.7,24.4,26.2,16.5
717,impersonator,164.4,179.4,155.4,175.4,167.3,171.8,163.8
4455,impersonator,163.7,159.6,166.6,169.8,171.5,167.1,164.4
224,impersonator,11.2,18.8,534.8,631.4,16.5,20.2,22.8
4149,genuine,16.6,15.3,17.9,17.6,22.0,52.4,30.7
2488,impersonator,165.6,165.3,166.5,15.9,160.7,317.1,167.3
1402,genuine,430.3,15.4,231.7,233.1,233.3,433.2,17.0
1043,genuine,169.0,174.0,173.0,173.0,173.0,172.0,173.0
3001,genuine,167.0,173.0,169.0,173.0,171.0,170.0,165.0
4086,impersonator,174.5,171.9,179.6,173.8,172.0,174.4,172.1
2705,genuine,330.0,184.0,155.0,170.0,171.0,170.0,168.0
1640,genuine,18.8,18.5,1172.2,630.7,24.1,17.4,19.7
401,impersonator,173.2,171.9,166.7,172.7,168.9,174.4,171.4
3558,impersonator,11.3,232.1,745.6,424.9,22.2,24.8,24.0
3257,genuine,22.1,15.7,17.2,15.8,16.7,1138.2,836.8
3438,genuine,228.3,232.9,433.3,17.1,232.7,233.2,433.5
2308,impersonator,166.6,170.0,148.1,169.0,167.0,165.8,165.9
1502,genuine,231.5,230.4,233.7,431.7,16.4,16.3,216.6
1490,impersonator,224.8,229.8,437.8,27.1,19.5,232.7,219.7
1916,genuine,166.0,168.0,171.0,168.0,169.0,170.0,170.0
398,genuine,432.7,15.6,230.7,233.0,233.3,433.3,16.9
2775,genuine,15.0,16.9,783.1,17.0,17.7,1034.0,15.4
2695,impersonator,66.0,1115.5,16.5,22.2,16.5,173.1,94.9
2817,genuine,16.6,14.5,969.3,629.3,16.7,15.8,204.5
2738,impersonator,163.5,178.2,173.9,175.0,171.8,169.7,162.9
943,genuine,16.5,88.5,418.5,16.9,19.3,44.0,23.5
2330,impersonator,16.3,20.5,1006.3,430.4,12.3,18.0,17.2
4475,genuine,16.6,12.0,214.4,216.1,199.9,216.7,216.0
1495,genuine,165.0,168.0,167.0,169.0,165.0,166.0,167.0
3682,genuine,17.6,21.3,114.1,1049.6,20.7,20.6,20.3
3060,genuine,170.0,172.0,175.0,171.0,174.0,173.0,173.0
375,genuine,171.0,173.0,175.0,173.0,173.0,174.0,174.0
374,genuine,164.0,169.0,167.0,168.0,167.0,165.0,166.0
2580,impersonator,227.0,227.3,228.9,443.6,458.0,20.5,232.9
443,genuine,171.0,174.0,172.0,174.0,172.0,174.0,175.0
4047,genuine,12.3,212.8,215.4,217.3,416.5,232.8,450.0
3346,genuine,797.1,209.3,22.0,17.7,20.0,20.6,19.5
1746,genuine,165.0,189.0,156.0,172.0,170.0,170.0,11.0
3317,genuine,430.4,16.2,233.1,233.2,434.1,15.1,433.4
3668,impersonator,381.4,176.3,161.5,287.4,170.1,18.2,18.1
1491,impersonator,25.4,14.1,416.9,15.7,221.9,224.6,424.3
3158,genuine,428.5,17.6,232.7,433.3,15.9,234.2,15.7
1388,genuine,431.1,15.8,235.7,233.3,450.4,15.4,233.5
2452,genuine,18.9,226.6,430.1,16.4,233.9,232.6,433.5
4427,impersonator,14.0,24.6,525.8,425.8,20.8,22.8,25.7
2038,impersonator,166.9,180.0,157.6,176.5,165.6,167.7,164.9
1496,genuine,167.0,169.0,169.0,169.0,168.0,168.0,169.0
2883,impersonator,10.3,14.3,596.2,452.1,13.4,19.3,16.9
3161,impersonator,157.8,171.7,163.1,182.9,177.0,168.9,170.5
900,impersonator,169.8,181.1,151.4,182.1,164.6,168.1,168.3
245,impersonator,22.1,3.5,199.3,213.0,197.5,409.8,415.5
1404,genuine,164.0,187.0,157.0,170.0,170.0,170.0,12.0
2170,genuine,165.0,170.0,168.0,168.0,168.0,167.0,168.0
2219,genuine,18.1,47.7,16.9,141.4,66.1,96.9,34.6
669,genuine,165.0,167.0,167.0,165.0,166.0,169.0,167.0
3896,impersonator,169.3,165.7,167.5,169.5,170.8,171.5,165.5
1798,genuine,164.0,188.0,153.0,170.0,169.0,169.0,169.0
2645,genuine,165.0,169.0,165.0,167.0,169.0,167.0,168.0
2262,impersonator,236.5,230.8,231.5,225.0,432.7,17.2,233.6
1732,impersonator,1201.2,1546.3,12.9,29.5,102.5,99.0,108.4
3229,impersonator,11.8,18.9,631.2,425.0,8.1,659.6,15.8
743,genuine,171.0,173.0,176.0,173.0,174.0,173.0,172.0
1025,impersonator,14.0,383.4,31.2,23.6,166.7,20.6,360.3
4145,genuine,172.0,172.0,174.0,175.0,173.0,173.0,173.0
3907,genuine,23.9,1389.1,23.6,20.4,20.5,17.3,19.5
2205,genuine,167.0,169.0,168.0,169.0,169.0,169.0,169.0
2755,genuine,165.0,165.0,167.0,165.0,166.0,164.0,165.0
3107,impersonator,17.9,228.0,196.4,233.0,214.5,221.6,417.6
3146,genuine,230.3,233.2,17.6,216.9,417.6,232.9,232.7
4159,impersonator,166.8,168.3,166.9,171.4,161.7,166.6,164.1
3889,genuine,168.0,189.0,155.0,172.0,169.0,169.0,168.0
1409,genuine,17.5,2563.5,51.4,85.1,81.8,78.1,68.0
3305,impersonator,21.8,16.2,925.5,16.5,15.7,25.4,24.0
3934,genuine,18.0,20.9,21.6,947.2,627.9,21.3,21.5
2805,genuine,835.3,17.3,17.8,20.0,53.6,101.5,19.3
4443,genuine,180.0,170.0,158.0,169.0,170.0,170.0,169.0
808,impersonator,25.2,10.8,147.4,206.0,65.7,176.8,88.7
2435,genuine,15.0,16.4,977.6,16.9,15.6,1046.4,16.9
1900,genuine,230.3,233.2,433.2,17.0,233.1,233.1,232.9
4241,impersonator,12.3,13.3,721.2,440.9,437.5,22.3,18.5
734,impersonator,167.3,177.8,159.0,174.1,163.8,172.0,166.3
3476,genuine,18.4,17.9,1162.0,631.4,20.6,16.5,18.5
705,impersonator,21.1,23.3,215.3,228.7,210.8,19.1,221.3
1234,impersonator,11.1,437.4,4.0,22.0,21.9,24.5,16.3
2787,impersonator,170.9,172.5,167.4,174.8,169.0,177.7,170.4
4274,genuine,12.8,231.9,233.2,433.4,16.0,233.4,233.2
1071,genuine,169.0,173.0,174.0,171.0,173.0,172.0,175.0
440,impersonator,1560.6,106.2,1559.9,235.5,20.4,23.4,21.8
2163,genuine,17.6,17.3,978.6,419.6,16.1,17.3,832.8
1946,genuine,429.5,16.2,233.1,233.3,433.1,16.7,433.3
1772,impersonator,222.8,234.1,216.9,335.2,20.9,22.1,226.8
947,genuine,11.6,14.5,16.7,16.9,17.3,17.3,17.2
784,impersonator,16.8,177.9,171.6,180.1,169.0,172.3,166.7
1386,genuine,16.2,19.2,1212.6,21.1,16.5,18.5,18.9
2451,impersonator,169.9,168.0,177.9,176.4,170.2,169.3,161.6
4489,genuine,229.3,232.6,233.1,433.2,16.8,232.8,433.3
92,genuine,14.9,15.3,1612.6,14.5,18.1,198.6,16.7
3149,genuine,166.0,168.0,167.0,15.0,150.0,333.0,166.0
676,genuine,165.0,169.0,168.0,167.0,165.0,168.0,166.0
2903,genuine,228.9,232.9,433.2,16.8,232.9,233.4,433.2
2630,impersonator,162.9,163.4,156.7,172.4,167.7,169.0,168.6
3848,genuine,171.0,175.0,173.0,173.0,172.0,172.0,175.0
3579,impersonator,4.0,26.3,683.5,442.9,19.5,25.4,232.6
1269,genuine,169.0,172.0,169.0,171.0,171.0,170.0,166.0
3797,impersonator,161.0,168.2,438.4,24.8,162.6,283.5,166.2
277,genuine,166.0,172.0,169.0,171.0,172.0,173.0,166.0
2850,genuine,163.0,174.0,175.0,171.0,174.0,173.0,174.0
3749,impersonator,167.1,163.2,172.3,171.5,172.2,165.9,168.4
3037,genuine,164.0,168.0,167.0,165.0,167.0,166.0,168.0
3261,impersonator,9.6,995.1,1048.4,24.8,15.0,20.1,19.4
2913,genuine,164.0,182.0,158.0,173.0,4.0,165.0,351.0
925,genuine,203.3,209.4,216.3,416.8,233.3,433.4,16.5
3374,genuine,165.0,167.0,168.0,3.0,162.0,5.0,331.0
931,genuine,9.0,186.0,12.0,316.0,333.0,167.0,183.0
323,genuine,14.4,17.2,1620.7,18.3,18.5,19.2,15.2
3641,impersonator,161.1,184.5,147.3,178.1,168.8,167.2,172.7
3444,impersonator,163.8,156.4,158.2,170.4,159.3,167.8,165.9
2234,impersonator,167.8,167.1,170.4,171.0,167.6,167.0,169.2
1104,genuine,16.9,20.1,14.4,968.2,626.2,20.4,16.7
1884,genuine,164.0,168.0,167.0,166.0,167.0,166.0,167.0
3688,genuine,412.5,232.8,433.0,16.7,233.2,233.2,233.0
3056,impersonator,170.2,164.7,177.8,171.1,170.6,172.6,170.2
2766,genuine,165.0,167.0,165.0,168.0,169.0,167.0,166.0
3826,impersonator,240.1,21.8,20.2,229.7,226.4,219.1,216.7
2457,genuine,169.0,174.0,172.0,173.0,173.0,172.0,172.0
2148,genuine,173.0,172.0,174.0,171.0,175.0,173.0,173.0
918,genuine,167.0,172.0,169.0,170.0,172.0,172.0,167.0
2694,impersonator,20.4,18.3,21.7,26.0,19.8,170.8,1995.7
1535,genuine,25.7,11.6,217.6,216.2,215.9,418.1,503.5
3781,impersonator,238.8,227.9,407.5,34.2,234.2,236.0,434.9
215,genuine,168.0,170.0,169.0,172.0,171.0,172.0,165.0
2466,impersonator,162.9,166.3,168.5,177.4,168.8,169.1,164.6
1887,genuine,166.0,186.0,156.0,169.0,172.0,169.0,170.0
3006,impersonator,172.0,165.2,165.1,172.2,168.8,175.3,169.4
1501,genuine,18.2,20.3,333.4,837.9,18.4,19.7,19.8
4353,genuine,16.4,17.9,18.0,15.4,1158.5,17.4,17.6
266,impersonator,170.9,171.8,175.2,179.0,174.9,171.9,168.7
1164,genuine,164.0,168.0,167.0,166.0,166.0,166.0,168.0
3488,genuine,1224.9,16.9,14.3,17.8,18.2,27.5,58.8
567,genuine,172.0,174.0,176.0,174.0,173.0,174.0,171.0
369,impersonator,23.6,103.7,17.8,22.3,14.0,19.7,19.2
3590,impersonator,13.1,18.1,82.6,220.5,16.4,18.6,18.8
1338,genuine,16.0,14.3,16.9,994.3,396.1,16.3,16.5
2082,impersonator,161.1,165.7,170.1,173.9,171.0,162.7,170.1
2283,genuine,413.5,629.5,17.8,17.7,15.8,16.7,17.7
1333,impersonator,164.1,165.3,165.5,168.3,165.5,166.8,159.7
2818,genuine,181.0,171.0,154.0,171.0,170.0,183.0,167.0
307,impersonator,172.0,175.1,166.6,173.9,169.8,174.2,172.5
2651,genuine,171.0,172.0,176.0,173.0,173.0,173.0,174.0
4207,impersonator,233.7,427.5,85.3,222.1,224.6,224.1,420.5
542,genuine,15.8,17.3,1168.7,629.7,21.6,15.6,17.1
2106,impersonator,14.7,12.1,903.6,429.0,10.1,17.5,17.2
695,genuine,11.8,11.8,232.1,214.8,198.8,417.3,233.1
2749,genuine,17.3,17.7,1407.0,20.3,17.7,19.6,17.1
174,impersonator,170.3,177.4,156.6,172.2,169.0,172.7,171.3
2059,impersonator,166.3,169.6,178.2,167.5,164.1,169.3,166.4
922,impersonator,171.4,173.8,183.4,174.6,171.1,173.3,167.4
3833,impersonator,218.1,407.2,21.6,249.6,233.6,448.4,14.5
3098,genuine,229.4,232.5,449.2,32.0,233.9,450.3,15.9
2389,impersonator,20.2,94.2,99.2,19.2,22.2,22.0,20.2
4422,genuine,164.0,166.0,169.0,166.0,168.0,165.0,168.0
1224,genuine,229.0,433.1,16.2,232.9,233.3,233.0,217.0
2647,impersonator,67.5,1042.9,26.3,31.1,97.1,21.5,24.5
3155,impersonator,165.6,174.1,159.1,170.9,161.3,169.2,304.4
409,genuine,169.0,173.0,173.0,172.0,173.0,173.0,174.0
2055,genuine,225.5,217.3,448.2,14.7,450.8,15.5,435.4
2071,impersonator,211.4,226.7,352.3,16.4,211.9,227.0,223.0
2543,impersonator,12.9,24.3,673.2,1075.5,22.4,22.3,22.2
4029,genuine,29.8,25.7,399.0,16.9,63.1,97.0,31.2
391,genuine,17.5,13.7,444.1,230.6,450.3,31.3,233.4
2035,genuine,170.0,170.0,167.0,170.0,171.0,169.0,166.0
4306,genuine,16.7,18.4,783.3,421.4,15.7,18.2,17.8
2897,genuine,593.7,17.1,17.2,2076.7,16.4,17.3,17.6
1886,impersonator,14.4,21.1,20.6,880.3,26.9,23.6,20.6
3343,genuine,168.0,170.0,169.0,171.0,172.0,172.0,165.0
3790,impersonator,234.3,223.9,389.7,28.3,23.0,236.5,229.8
3982,impersonator,168.3,167.9,181.9,170.5,169.8,173.0,170.2
415,genuine,605.3,18.3,21.7,26.2,174.0,176.7,16.2
2032,impersonator,160.9,164.6,164.4,200.8,172.5,169.6,166.2
291,genuine,226.6,431.4,16.5,233.1,233.2,433.7,16.4
191,impersonator,22.1,10.4,35.5,278.0,231.5,449.1,24.2
340,impersonator,165.2,172.0,160.5,170.8,168.2,165.2,165.2
1436,impersonator,172.8,173.9,170.0,173.0,175.4,171.9,168.8
1518,impersonator,164.7,165.0,168.0,161.1,160.0,167.1,161.3
3479,genuine,16.3,17.8,1178.3,421.3,18.1,23.6,16.9
275,impersonator,7.0,17.8,744.9,612.1,19.5,21.3,18.8
2282,genuine,165.0,166.0,169.0,168.0,166.0,167.0,167.0
2556,genuine,164.0,168.0,165.0,165.0,168.0,169.0,165.0
3866,genuine,18.9,18.8,1198.5,15.1,20.5,20.6,20.2
157,impersonator,232.5,226.0,414.5,34.4,23.4,242.0,402.4
3193,genuine,171.0,190.0,160.0,174.0,172.0,173.0,172.0
4079,genuine,16.3,18.3,41.3,1560.0,21.2,16.2,19.5
408,genuine,13.0,444.7,30.1,450.8,32.2,233.2,450.1
165,genuine,16.2,13.0,6.5,858.3,30.2,30.5,216.4
1469,genuine,12.2,225.8,232.1,433.5,16.6,232.8,216.8
3695,genuine,173.0,173.0,176.0,172.0,174.0,172.0,173.0
1238,impersonator,17.4,13.0,211.3,226.2,224.8,19.6,429.3
3456,genuine,15.3,429.0,16.6,232.5,16.0,216.4,199.9
2232,genuine,164.0,185.0,152.0,171.0,170.0,170.0,170.0
941,impersonator,78.0,462.0,7.7,26.9,17.5,17.8,19.0
2514,genuine,16.7,17.3,19.5,70.1,33.1,72.3,97.7
91,genuine,154.0,334.0,166.0,166.0,168.0,167.0,168.0
922,genuine,213.7,231.9,233.5,233.7,433.3,16.1,233.2
2446,impersonator,445.5,8.3,219.9,231.6,216.3,422.6,428.2
96,genuine,228.9,233.0,432.6,17.0,232.5,217.0,16.6
3519,impersonator,163.8,164.1,163.6,167.3,165.7,165.2,165.9
1364,impersonator,19.2,12.7,1370.2,31.8,19.3,2009.1,18.5
3487,genuine,164.0,183.0,151.0,172.0,170.0,7.0,168.0
2666,genuine,430.4,15.9,235.7,233.3,234.8,30.3,198.9
420,genuine,196.5,216.6,416.8,232.9,433.4,16.9,433.1
914,genuine,13.6,17.9,16.8,34.9,746.1,17.0,18.1
3040,impersonator,229.7,471.5,234.7,235.2,223.5,173.6,227.1
4003,impersonator,218.5,172.9,370.4,37.9,11.6,217.3,344.2
3478,impersonator,21.1,7.1,0.0,237.9,217.6,425.8,19.7
290,genuine,411.3,249.9,435.8,246.9,30.8,249.7,233.8
2959,genuine,170.0,172.0,170.0,171.0,172.0,171.0,168.0
1625,genuine,163.0,169.0,166.0,166.0,167.0,170.0,168.0
574,genuine,171.0,172.0,174.0,175.0,174.0,175.0,174.0
1661,genuine,166.0,170.0,170.0,168.0,170.0,169.0,169.0
1410,impersonator,160.7,169.6,164.4,178.5,173.9,167.2,170.2
1248,genuine,14.0,15.8,16.6,18.0,80.1,63.6,95.9
295,genuine,5.0,202.0,11.0,314.0,4.0,312.0,366.0
3588,impersonator,227.9,227.8,351.0,215.0,230.1,221.6,410.8
2745,genuine,168.0,171.0,169.0,170.0,171.0,171.0,165.0
2087,genuine,164.0,167.0,166.0,165.0,167.0,166.0,167.0
904,genuine,15.9,23.2,1356.8,420.2,15.4,18.5,17.7
373,genuine,15.6,18.1,635.7,15.1,233.7,432.7,17.6
2898,impersonator,23.5,27.0,15.1,239.8,222.4,235.0,13.9
3011,impersonator,165.6,164.6,173.6,176.9,168.6,170.1,167.3
3386,impersonator,11.3,415.7,3.5,880.7,1471.4,23.2,15.2
2137,impersonator,176.1,165.3,175.0,177.9,177.2,174.2,173.8
1395,genuine,164.0,187.0,154.0,171.0,171.0,170.0,168.0
3566,genuine,164.0,168.0,166.0,16.0,152.0,335.0,168.0
3521,impersonator,168.6,171.0,174.6,171.2,173.0,173.2,175.1
3023,genuine,170.0,168.0,170.0,171.0,171.0,171.0,168.0
3160,genuine,167.0,194.0,150.0,170.0,171.0,171.0,10.0
2073,impersonator,171.2,170.6,162.7,181.7,178.7,179.7,175.6
1125,genuine,172.0,172.0,174.0,175.0,175.0,174.0,174.0
2011,genuine,14.5,16.3,745.0,1047.9,19.4,18.5,19.3
1412,genuine,13.3,234.3,228.7,433.3,15.9,233.3,233.4
1263,impersonator,15.9,407.9,10.9,246.0,222.7,436.5,20.4
2276,genuine,90.4,31.0,64.7,143.0,43.9,31.7,123.8
761,genuine,14.5,213.2,216.2,199.9,216.2,417.0,433.3
2775,impersonator,168.3,171.4,169.2,171.7,171.0,168.0,166.6
1986,impersonator,14.2,21.2,849.3,26.3,18.2,20.2,23.4
1911,impersonator,19.1,18.6,203.3,209.4,226.3,436.7,702.4
467,genuine,17.4,17.2,18.2,527.9,1275.4,19.2,19.6
473,genuine,233.4,412.5,16.3,233.2,433.6,16.5,433.4
4124,genuine,167.0,186.0,157.0,170.0,168.0,169.0,168.0
3740,genuine,173.0,175.0,174.0,172.0,175.0,173.0,173.0
3132,genuine,164.0,168.0,167.0,167.0,166.0,166.0,166.0
882,impersonator,167.6,166.2,168.1,169.0,169.4,170.3,167.6
4274,impersonator,1023.0,99.9,23.7,247.6,93.0,98.5,113.3
469,impersonator,10.6,18.0,396.9,12.6,22.0,24.3,19.2
1461,impersonator,21.7,216.1,230.4,236.1,226.3,430.9,445.6
2091,impersonator,7.2,18.1,659.7,1008.6,12.9,749.8,18.3
3580,impersonator,165.9,177.6,158.8,177.1,171.8,167.8,169.8
3338,impersonator,164.4,167.6,174.3,13.1,163.1,331.8,162.9
4203,genuine,230.1,232.9,233.0,233.2,433.5,16.6,232.8
3897,impersonator,222.4,243.1,221.4,228.7,434.7,16.4,223.1
279,genuine,165.0,168.0,169.0,13.0,153.0,333.0,167.0
3141,impersonator,161.0,159.3,167.1,175.5,166.5,166.9,161.0
17,impersonator,167.6,180.1,162.9,172.3,164.7,167.9,163.7
390,impersonator,167.3,165.7,167.6,171.5,176.9,172.3,168.3
3184,impersonator,170.0,164.8,174.0,175.9,175.1,175.2,171.1
3043,genuine,167.0,168.0,170.0,167.0,167.0,169.0,170.0
3289,genuine,26.5,1942.3,19.4,15.8,218.2,18.7,18.7
2128,genuine,166.0,172.0,171.0,171.0,173.0,173.0,169.0
3676,genuine,170.0,174.0,173.0,174.0,173.0,174.0,173.0
2909,impersonator,172.5,170.2,172.0,178.8,168.6,177.2,168.5
727,impersonator,160.6,171.3,158.9,173.6,167.9,169.0,164.7
1647,impersonator,167.5,173.2,165.1,174.5,165.7,171.9,170.0
3708,impersonator,168.5,172.4,161.9,172.7,171.2,166.3,163.4
3171,genuine,15.3,17.3,18.2,17.7,17.9,55.3,35.8
2993,impersonator,163.9,173.6,177.2,175.4,166.8,168.0,164.8
3150,impersonator,1463.1,173.8,157.8,1615.5,27.3,22.1,23.3
408,impersonator,15.3,1446.8,638.0,23.7,11.4,19.6,11.0
144,genuine,777.3,630.0,15.1,16.9,17.0,17.0,15.9
1017,impersonator,223.2,226.5,389.3,25.3,228.5,218.3,210.1
1999,genuine,12.3,1885.7,12.9,15.8,16.7,819.3,17.2
3709,impersonator,19.1,16.8,214.2,442.4,408.4,222.5,235.4
1719,genuine,173.0,173.0,175.0,173.0,173.0,174.0,174.0
1212,impersonator,431.6,18.5,221.0,230.6,222.8,16.9,214.7
2339,impersonator,431.8,13.1,134.0,243.5,224.2,429.9,15.4
4135,impersonator,239.0,426.0,34.4,37.4,235.3,236.4,423.3
2422,genuine,168.0,190.0,154.0,170.0,9.0,167.0,334.0
4039,impersonator,170.0,171.6,168.7,173.1,173.4,168.7,165.7
3479,impersonator,9.2,397.9,25.9,262.5,98.0,77.4,100.2
398,impersonator,171.0,170.0,171.6,177.6,171.4,173.8,171.6
16,genuine,166.0,168.0,169.0,167.0,163.0,167.0,166.0
1958,impersonator,166.4,162.2,412.0,20.2,167.6,167.7,166.1
1405,genuine,230.3,232.7,233.1,433.1,16.7,232.6,233.5
1164,impersonator,169.7,168.1,173.3,177.2,170.4,172.8,174.7
927,genuine,431.0,15.7,15.2,216.4,216.7,199.8,216.6
337,genuine,163.0,167.0,166.0,167.0,167.0,166.0,169.0
1581,genuine,25.0,1595.2,15.2,19.5,20.2,20.3,20.9
3774,impersonator,212.5,235.9,211.9,236.0,433.6,22.5,229.8
1145,impersonator,160.8,164.2,160.8,169.9,168.1,161.9,163.5
3192,impersonator,948.3,164.8,94.8,189.7,165.6,168.1,17.9
674,impersonator,167.8,170.1,180.8,174.9,165.5,171.4,170.4
387,impersonator,163.6,161.5,163.0,172.8,162.2,173.8,164.9
2890,genuine,331.0,186.0,153.0,171.0,171.0,167.0,170.0
1907,impersonator,17.1,20.9,458.5,18.2,19.4,19.4,439.9
2739,impersonator,83.3,9.6,22.6,17.4,25.0,16.9,70.1
2409,genuine,16.3,13.9,213.9,215.7,199.8,433.2,232.6
3242,genuine,13.0,186.0,8.0,300.0,350.0,167.0,166.0
3629,genuine,230.5,431.4,16.9,233.8,233.4,232.2,433.5
3274,impersonator,163.9,180.6,152.0,179.6,168.5,168.4,166.1
1589,impersonator,211.6,233.1,413.3,20.8,233.0,20.6,226.1
2004,genuine,10.0,170.0,327.0,170.0,171.0,169.0,170.0
761,impersonator,463.9,13.7,33.0,244.2,235.4,459.3,16.7
3905,impersonator,160.0,171.7,424.8,25.6,7.7,314.2,313.7
2297,impersonator,28.8,984.8,391.2,30.7,14.7,21.6,21.7
3536,impersonator,174.5,168.4,177.5,172.9,175.1,172.9,171.5
2241,impersonator,18.8,397.2,18.0,20.2,212.1,424.5,48.5
982,impersonator,11.6,11.5,428.2,17.7,11.7,239.6,982.3
883,genuine,16.8,87.9,17.7,1456.8,19.3,22.1,19.3
4062,genuine,170.0,173.0,175.0,174.0,171.0,172.0,174.0
356,impersonator,162.7,167.7,170.0,19.4,164.4,170.2,167.9
4378,impersonator,14.7,235.0,809.1,435.3,21.3,230.6,237.4
2034,genuine,167.0,168.0,170.0,169.0,169.0,169.0,167.0
4395,genuine,6.0,159.0,4.0,327.0,9.0,321.0,333.0
1799,genuine,173.0,173.0,174.0,173.0,172.0,174.0,174.0
3643,impersonator,170.7,174.6,172.2,175.2,173.8,176.0,174.3
3259,genuine,227.3,233.5,450.0,31.5,233.3,231.5,451.0
3484,impersonator,160.9,161.9,174.4,14.7,160.8,166.2,165.0
4125,impersonator,18.4,10.6,84.4,1303.8,1677.6,18.9,26.0
255,genuine,34.2,79.0,2004.5,15.5,16.3,17.8,15.3
3388,impersonator,16.1,12.2,15.4,1186.0,15.4,14.2,74.1
449,genuine,170.0,172.0,175.0,171.0,173.0,175.0,174.0
4014,impersonator,168.3,175.4,161.9,175.2,166.2,319.8,164.1
2783,impersonator,172.8,170.9,167.4,179.1,165.9,171.3,340.1
45,genuine,190.6,431.8,16.6,232.9,233.4,233.3,433.2
1308,genuine,171.0,173.0,176.0,173.0,173.0,172.0,172.0
33,impersonator,60.2,1308.7,20.1,28.8,29.0,23.3,18.2
475,genuine,167.0,168.0,169.0,167.0,169.0,171.0,167.0
1868,genuine,230.1,233.4,233.1,433.4,16.6,233.1,233.2
2866,impersonator,1162.5,427.7,16.1,162.4,28.2,20.2,82.2
1159,genuine,157.0,336.0,166.0,169.0,16.0,151.0,334.0
2218,impersonator,26.6,20.2,227.5,234.5,217.7,432.2,420.3
2942,impersonator,167.4,166.9,171.6,175.0,169.6,173.0,163.0
393,impersonator,226.6,439.8,429.4,177.1,236.7,17.0,224.4
3832,genuine,163.0,179.0,156.0,169.0,170.0,168.0,171.0
4431,impersonator,13.2,26.3,2.1,1158.5,22.3,17.5,15.2
2141,impersonator,165.8,172.3,169.6,168.7,169.5,169.0,162.1
3932,impersonator,12.5,9.4,1273.8,442.9,12.7,22.1,23.0
2897,impersonator,24.1,23.9,29.2,31.0,101.0,87.8,108.5
3074,impersonator,227.6,214.7,220.8,234.9,230.4,22.1,233.9
4470,genuine,16.3,19.5,1359.5,17.5,18.3,18.1,1249.3
450,genuine,171.0,171.0,176.0,175.0,171.0,172.0,173.0
2301,genuine,172.0,175.0,174.0,173.0,171.0,172.0,171.0
3964,impersonator,235.4,217.5,379.1,223.4,221.0,229.3,419.5
2233,genuine,228.1,450.0,32.3,31.8,198.8,216.5,216.4
3530,genuine,166.0,168.0,167.0,13.0,154.0,334.0,167.0
2246,genuine,167.0,169.0,167.0,166.0,167.0,168.0,167.0
1947,impersonator,1448.0,19.9,21.8,23.4,25.4,18.0,14.8
2848,impersonator,166.1,175.9,158.8,182.0,162.8,168.4,172.4
1064,impersonator,161.8,167.7,161.5,176.4,162.9,167.3,165.7
1116,impersonator,160.8,174.7,171.6,171.5,170.1,166.5,165.0
272,genuine,15.1,16.7,1167.9,630.4,17.0,16.5,17.5
4287,impersonator,173.1,164.6,172.5,174.1,174.8,177.3,169.3
1654,genuine,164.0,170.0,158.0,169.0,168.0,16.0,168.0
572,genuine,171.0,173.0,174.0,175.0,171.0,174.0,176.0
125,impersonator,19.0,36.1,20.1,187.7,88.8,72.9,103.4
2122,impersonator,20.7,19.4,29.1,230.8,27.9,24.2,23.6
1542,genuine,164.0,165.0,166.0,166.0,165.0,165.0,167.0
478,genuine,42.4,224.7,249.9,233.1,32.7,215.8,617.1
2002,genuine,164.0,177.0,160.0,171.0,169.0,170.0,170.0
1816,genuine,224.8,232.3,434.2,15.7,232.7,233.2,433.2
1088,genuine,213.5,216.3,416.8,233.0,433.5,16.8,432.7
4295,genuine,170.0,173.0,177.0,172.0,173.0,172.0,171.0
617,impersonator,434.1,430.2,20.9,225.5,222.8,436.1,13.1
3517,impersonator,170.0,172.1,148.7,171.1,168.7,168.8,166.5
4478,impersonator,1609.9,1616.3,19.5,23.3,16.1,23.0,21.4
1853,impersonator,165.7,166.7,168.6,171.8,169.9,167.6,161.9
2299,genuine,345.0,10.0,175.0,347.0,10.0,176.0,347.0
1134,impersonator,216.5,233.4,207.3,436.1,13.2,234.3,431.5
2314,genuine,50.9,579.7,18.1,18.6,63.6,95.4,12.1
3598,impersonator,206.5,173.5,158.9,175.3,21.3,19.3,17.5
3879,impersonator,170.8,178.0,175.1,177.2,166.2,175.1,176.0
1285,impersonator,25.8,17.9,19.6,237.8,222.1,223.6,17.6
236,impersonator,170.3,170.9,160.9,168.6,168.7,172.6,167.2
3597,impersonator,12.9,468.9,811.9,655.6,24.8,21.1,24.0
2708,genuine,113.4,1702.9,11.7,19.1,19.7,20.5,362.6
1001,impersonator,164.0,174.2,162.8,179.3,165.7,171.7,166.7
1441,impersonator,21.7,1845.5,20.7,12.9,17.7,22.5,14.5
1552,genuine,16.7,21.1,17.9,392.5,18.5,20.7,17.6
1217,impersonator,77.1,1285.5,30.0,24.8,95.9,23.4,106.9
3237,genuine,16.1,19.5,1203.4,15.5,18.4,18.3,18.1
2093,impersonator,71.0,1266.7,10.9,28.5,100.5,21.3,18.8
813,genuine,200.2,429.0,15.7,233.3,233.5,15.5,216.1
1622,impersonator,162.1,178.0,0.0,179.6,348.5,172.4,17.1
3554,genuine,167.0,171.0,168.0,174.0,171.0,172.0,166.0
1605,genuine,230.5,30.5,216.4,199.2,416.0,233.2,232.7
4316,genuine,169.0,174.0,174.0,173.0,174.0,173.0,174.0
106,impersonator,170.6,178.6,149.6,172.0,316.8,21.0,323.7
3924,impersonator,433.0,22.0,239.7,234.7,446.7,21.6,21.4
3495,impersonator,162.1,336.7,176.3,20.6,166.4,301.2,163.6
3707,impersonator,26.3,1202.4,20.6,20.6,21.1,19.1,22.3
2555,genuine,164.0,169.0,169.0,165.0,168.0,167.0,167.0
3941,genuine,166.0,169.0,168.0,166.0,168.0,170.0,167.0
1112,impersonator,161.4,158.6,169.5,173.5,168.6,168.3,165.8
1305,genuine,165.0,169.0,168.0,167.0,168.0,167.0,165.0
2161,genuine,19.4,20.9,214.7,216.4,417.6,232.8,449.8
2923,impersonator,14.2,15.4,668.8,1525.1,20.8,15.8,16.3
1459,impersonator,17.5,24.0,224.6,232.2,420.1,16.9,436.3
1587,genuine,339.0,362.0,158.0,177.0,178.0,173.0,173.0
231,impersonator,166.0,170.2,164.0,169.8,166.7,172.6,165.0
1590,impersonator,9.7,11.0,22.7,223.8,212.6,169.2,22.6
3210,genuine,15.1,20.1,1395.8,21.5,15.6,17.8,19.7
2509,impersonator,160.9,165.1,170.3,174.3,172.7,167.2,164.4
3391,impersonator,10.1,19.5,675.2,414.1,21.4,18.0,16.2
2856,genuine,167.0,192.0,153.0,171.0,170.0,16.0,166.0
2118,impersonator,12.9,24.8,1121.4,426.7,14.6,17.3,20.7
3762,genuine,224.3,233.5,432.7,16.3,233.0,16.6,216.5
502,genuine,16.4,137.5,840.1,19.8,19.9,20.0,20.5
4049,genuine,1199.3,16.9,22.5,20.2,20.8,20.6,21.3
1413,genuine,2565.2,13.1,16.1,32.4,136.6,30.6,33.4
1975,impersonator,161.2,170.3,147.8,173.9,10.8,13.2,13.4
8,genuine,163.0,166.0,169.0,166.0,167.0,166.0,166.0
4334,impersonator,172.0,170.4,171.6,175.9,177.1,172.3,171.3
2792,genuine,26.9,227.4,432.4,16.7,233.0,233.1,433.5
2815,impersonator,20.5,1257.8,17.4,25.2,1853.8,20.0,24.2
3646,impersonator,171.7,181.8,153.0,177.5,170.3,170.5,166.0
1106,impersonator,224.9,215.5,15.2,232.9,231.5,14.5,219.2
2510,genuine,18.5,20.9,1580.9,19.2,18.4,20.3,20.4
3086,genuine,17.2,17.6,18.0,1155.3,18.8,19.3,18.7
3648,genuine,40.0,145.0,325.0,170.0,171.0,170.0,169.0
1525,impersonator,218.1,184.4,147.5,180.0,170.8,170.3,166.3
83,impersonator,15.9,4.1,5.0,10.6,230.0,426.0,20.1
1185,impersonator,167.5,174.9,171.1,180.4,174.5,174.6,174.9
3393,genuine,17.5,18.2,14.4,38.3,542.5,17.2,18.3
4435,impersonator,224.6,227.2,428.7,28.2,419.0,234.5,222.8
1527,genuine,164.0,168.0,166.0,166.0,169.0,167.0,168.0
1940,impersonator,20.3,22.1,215.0,222.7,225.0,223.2,218.8
814,genuine,13.7,223.4,232.8,232.7,233.2,433.4,16.6
2620,genuine,61.4,81.7,16.2,73.4,99.9,78.9,110.7
2242,impersonator,23.1,13.5,11.0,16.7,219.0,24.1,13.3
3357,impersonator,166.8,170.0,172.5,164.1,164.0,163.7,167.4
985,impersonator,177.1,170.8,180.2,174.9,175.8,179.2,175.7
133,genuine,165.0,170.0,168.0,166.0,168.0,166.0,169.0
4083,impersonator,21.1,1389.1,171.9,18.6,22.4,170.4,20.4
35,genuine,170.0,175.0,174.0,174.0,174.0,172.0,173.0
1580,genuine,197.6,215.6,216.2,417.0,216.3,433.7,16.4
1230,impersonator,23.3,19.8,134.8,166.0,24.2,16.1,22.4
2470,impersonator,163.4,179.7,146.7,177.6,372.9,10.8,348.3
1007,impersonator,23.1,213.6,443.6,30.0,229.2,230.9,443.2
636,impersonator,163.5,168.8,159.8,168.6,168.1,164.6,216.2
2356,impersonator,176.2,173.9,174.2,181.9,175.3,171.9,172.4
1314,genuine,209.6,230.4,16.5,216.4,200.1,216.6,634.4
3204,impersonator,19.5,15.3,1216.0,13.6,18.1,18.4,16.4
2590,impersonator,18.0,18.2,586.5,18.6,22.7,19.5,23.6
491,genuine,14.7,17.0,18.8,1018.0,23.4,16.5,18.6
71,impersonator,167.1,166.5,168.0,173.2,168.6,167.7,165.8
1515,genuine,51.8,787.2,17.7,18.2,18.1,58.0,2422.7
2375,genuine,417.4,12.3,216.2,216.5,199.2,417.2,232.8
2216,impersonator,22.8,21.4,37.8,1193.7,13.4,15.5,470.7
296,impersonator,53.1,1535.6,27.1,171.7,21.4,15.3,20.4
747,impersonator,231.6,245.0,425.0,25.1,24.2,19.9,220.3
2062,impersonator,11.7,16.7,605.5,419.2,12.3,21.3,21.2
2539,genuine,167.0,166.0,167.0,167.0,167.0,168.0,167.0
4157,genuine,164.0,180.0,159.0,172.0,169.0,171.0,167.0
575,genuine,165.0,3.0,163.0,4.0,329.0,10.0,324.0
851,impersonator,168.3,169.5,174.7,175.6,176.7,175.1,173.5
4168,genuine,228.8,449.2,31.8,14.8,216.9,216.1,216.3
2890,impersonator,9.4,16.2,783.3,456.2,20.4,19.6,24.5
53,genuine,216.6,629.9,15.6,433.4,16.0,232.8,233.5
4260,impersonator,166.8,163.1,163.4,172.8,167.6,173.6,169.2
3300,genuine,181.0,177.0,155.0,170.0,169.0,13.0,166.0
1072,genuine,13.7,16.3,1191.1,15.5,18.1,17.7,17.7
530,impersonator,170.7,169.2,171.6,171.1,173.6,171.3,168.1
1467,genuine,16.7,16.4,933.2,629.2,17.2,17.5,18.2
569,impersonator,170.8,174.1,174.4,178.1,175.4,172.0,167.8
561,genuine,171.0,174.0,174.0,172.0,172.0,172.0,172.0
3412,genuine,166.0,173.0,167.0,171.0,172.0,169.0,166.0
3368,impersonator,169.9,183.9,143.2,176.9,9.5,16.6,11.8
2784,impersonator,24.3,14.5,19.7,224.9,220.6,428.4,18.0
4072,impersonator,24.6,24.1,1568.4,32.4,15.6,16.3,22.6
2386,impersonator,168.8,173.1,161.7,180.3,168.4,170.2,169.4
4173,genuine,23.4,1616.8,23.4,16.2,629.4,20.3,16.5
3757,impersonator,168.7,169.2,167.1,172.0,166.2,169.1,165.0
3265,impersonator,219.0,463.9,373.4,24.7,17.5,19.5,19.6
3190,genuine,166.0,193.0,151.0,172.0,183.0,167.0,165.0
4247,genuine,15.8,17.7,18.0,972.1,19.2,20.6,19.9
3222,genuine,233.8,428.6,16.6,233.2,16.2,216.4,200.0
3156,impersonator,9.9,18.9,193.7,876.7,23.1,15.0,22.1
1623,impersonator,19.4,222.8,203.7,434.3,215.1,231.8,227.2
1406,impersonator,170.2,168.2,174.2,175.8,171.4,172.5,170.6
1862,impersonator,167.9,168.5,167.1,168.5,172.2,166.3,168.7
1815,impersonator,12.2,19.3,636.0,427.7,17.7,20.5,16.1
1849,impersonator,161.3,185.3,150.9,177.4,163.3,170.1,166.3
2956,impersonator,166.6,168.5,164.7,174.1,168.0,171.1,163.9
1215,genuine,411.7,433.3,16.3,233.2,16.1,216.6,199.4
2624,genuine,430.7,16.2,235.2,233.5,450.5,16.1,234.5
2696,genuine,17.6,19.2,972.4,632.4,20.0,16.8,430.7
1890,genuine,165.0,168.0,167.0,168.0,166.0,168.0,165.0
297,impersonator,161.8,177.8,157.3,177.6,167.3,167.3,164.2
2714,genuine,17.6,1780.7,19.4,20.4,18.2,19.7,20.0
3684,impersonator,16.1,24.7,650.6,607.4,11.0,17.7,18.4
1545,impersonator,420.5,231.1,215.3,221.5,212.0,226.4,411.0
273,impersonator,169.6,172.7,161.9,178.8,168.9,168.5,164.8
1478,impersonator,166.9,169.7,169.1,174.8,175.5,168.8,166.0
2063,impersonator,160.0,165.1,401.8,18.9,6.3,302.9,302.2
2115,impersonator,215.4,15.6,162.5,1054.8,458.8,16.3,24.2
1495,impersonator,167.9,178.2,150.3,170.1,168.6,168.8,163.9
3441,genuine,166.0,188.0,155.0,171.0,168.0,170.0,168.0
1934,genuine,170.0,173.0,176.0,174.0,173.0,171.0,173.0
3440,impersonator,13.0,7.7,642.9,639.9,21.4,17.9,18.1
742,genuine,2564.6,26.2,13.9,81.3,84.3,47.2,40.5
605,genuine,12.4,232.0,233.0,433.4,16.4,233.3,433.4
3533,genuine,228.1,233.0,232.7,233.2,433.5,16.8,433.2
1488,genuine,165.0,167.0,167.0,167.0,167.0,168.0,166.0
432,impersonator,17.2,181.7,44.9,25.3,22.9,19.7,23.7
1310,genuine,165.0,166.0,166.0,168.0,166.0,168.0,166.0
2057,genuine,14.4,12.5,226.4,198.1,217.8,216.0,198.9
1429,genuine,35.1,107.2,890.1,1923.0,17.1,17.0,64.7
1522,genuine,21.5,2414.0,21.1,14.1,15.6,19.4,19.7
1656,impersonator,415.3,20.3,19.8,227.9,231.6,433.0,423.4
3358,impersonator,170.5,185.4,165.9,180.2,169.7,169.0,167.9
4233,impersonator,173.2,171.8,175.0,168.1,165.5,167.2,164.6
969,genuine,429.5,16.3,232.8,233.2,233.3,433.4,16.7
4240,genuine,166.0,185.0,158.0,172.0,171.0,9.0,166.0
2881,impersonator,451.2,13.0,209.0,222.8,213.9,227.2,416.8
2634,genuine,230.3,433.5,16.0,233.4,433.6,16.2,433.3
307,genuine,17.2,15.7,1379.5,212.4,16.8,19.7,20.8
3275,impersonator,13.7,1470.9,757.0,17.4,15.3,22.2,23.0
3390,impersonator,169.6,172.4,178.1,177.5,173.4,178.1,175.2
2778,genuine,164.0,190.0,150.0,172.0,170.0,170.0,169.0
832,genuine,164.0,166.0,165.0,165.0,167.0,166.0,167.0
2073,genuine,18.2,18.5,542.9,629.0,20.5,18.4,19.7
1907,genuine,432.4,14.9,232.0,233.2,433.4,16.3,233.3
3547,impersonator,159.7,167.4,158.4,168.3,169.2,169.7,166.9
755,impersonator,166.9,167.6,172.4,167.8,162.6,166.4,168.9
2776,impersonator,23.9,81.3,24.9,237.3,71.3,23.4,87.4
650,impersonator,7.4,12.3,214.3,428.2,11.9,232.3,20.9
3129,impersonator,165.8,167.1,159.7,177.7,171.8,173.7,172.5
4366,impersonator,173.4,166.0,174.5,177.4,174.8,171.8,169.8
704,genuine,14.5,22.1,1162.3,626.9,20.5,18.2,19.5
414,genuine,1791.6,16.4,17.5,18.4,20.7,17.5,16.3
3912,impersonator,19.6,18.2,27.7,131.8,92.5,116.7,112.4
3649,genuine,186.0,8.0,149.0,350.0,166.0,166.0,168.0
3408,genuine,14.9,16.3,1625.9,16.3,16.1,206.3,16.1
3714,impersonator,19.8,1126.6,1141.7,16.2,21.8,17.0,107.7
1893,impersonator,25.8,16.4,222.7,211.2,224.0,214.7,416.4
3933,impersonator,14.8,21.1,1037.9,604.6,21.3,18.8,22.4
2582,genuine,184.0,12.0,149.0,334.0,183.0,167.0,167.0
282,impersonator,166.2,173.7,172.7,177.7,176.6,173.8,174.5
3423,genuine,165.0,178.0,155.0,170.0,170.0,10.0,166.0
2665,impersonator,12.3,16.5,158.3,33.9,20.0,21.6,26.7
711,impersonator,168.6,172.2,171.5,173.7,168.9,172.1,169.3
616,genuine,170.0,174.0,173.0,173.0,173.0,176.0,172.0
3329,impersonator,20.8,9.6,944.4,1281.6,642.7,220.5,14.3
998,impersonator,166.4,173.5,173.6,171.7,171.5,172.5,170.3
1918,impersonator,165.9,168.0,178.3,178.5,176.8,170.4,171.0
3659,genuine,430.5,16.3,233.1,233.4,433.7,16.1,233.2
3055,genuine,429.3,16.1,233.0,233.3,433.4,16.5,233.2
3365,impersonator,170.8,173.7,168.0,172.0,175.9,176.4,171.0
3155,genuine,14.7,439.8,16.0,233.2,233.1,432.8,16.8
41,genuine,171.0,173.0,175.0,171.0,172.0,174.0,172.0
893,genuine,170.0,173.0,170.0,170.0,171.0,172.0,164.0
4296,genuine,171.0,174.0,176.0,174.0,173.0,172.0,174.0
3196,impersonator,18.6,407.8,15.9,230.5,214.9,426.4,17.6
958,genuine,166.0,172.0,168.0,170.0,171.0,170.0,165.0
1592,impersonator,167.1,178.7,163.4,178.1,164.2,168.7,163.6
3472,genuine,18.3,19.0,598.5,422.7,18.4,22.3,17.7
1323,impersonator,164.2,172.7,166.6,175.4,164.7,15.0,167.0
2422,impersonator,445.5,416.2,16.8,238.8,232.3,455.2,13.8
1294,impersonator,171.2,175.0,159.8,179.1,174.7,174.5,173.0
3974,genuine,12.2,31.4,84.8,41.2,61.2,99.3,15.1
4254,impersonator,167.4,164.4,170.2,174.9,168.8,170.6,169.9
3841,genuine,163.0,184.0,167.0,166.0,167.0,166.0,182.0
4376,genuine,16.6,46.3,85.3,1690.4,19.8,17.4,16.1
1871,genuine,165.0,169.0,165.0,166.0,168.0,169.0,167.0
3763,impersonator,168.8,179.5,155.9,169.7,169.1,175.0,168.8
891,impersonator,157.3,168.1,154.8,176.8,161.1,163.5,163.5
2440,genuine,20.6,19.5,19.5,769.2,21.5,19.6,20.9
626,genuine,164.0,180.0,153.0,172.0,170.0,9.0,165.0
2024,impersonator,175.3,175.4,179.0,175.5,171.8,171.6,172.6
3146,impersonator,170.9,179.8,157.1,177.9,168.5,169.2,169.1
726,genuine,1391.4,21.5,15.6,18.2,18.3,20.4,16.4
164,genuine,169.0,174.0,172.0,174.0,173.0,173.0,175.0
132,genuine,165.0,166.0,168.0,167.0,167.0,166.0,167.0
2699,impersonator,21.7,441.7,5.0,230.0,240.6,435.9,14.4
3414,genuine,17.3,20.4,978.3,629.8,21.7,15.2,19.0
4483,genuine,18.6,46.4,80.6,83.2,23.4,179.2,33.1
4182,genuine,167.0,171.0,168.0,169.0,173.0,171.0,167.0
1039,impersonator,22.1,414.0,27.8,18.9,1874.3,19.2,14.9
333,impersonator,170.5,171.7,162.9,174.5,174.8,170.7,169.3
2472,genuine,14.4,16.7,1593.7,16.5,16.1,17.1,17.2
2844,impersonator,6.1,26.1,629.8,446.3,23.4,27.3,1050.9
4071,genuine,20.6,16.8,11.7,18.0,563.6,17.2,17.4
2613,genuine,168.0,167.0,170.0,170.0,167.0,169.0,171.0
338,genuine,227.2,449.1,32.1,231.9,450.6,16.2,233.0
1243,genuine,209.2,232.2,433.5,17.0,233.1,233.1,433.3
3431,genuine,230.1,233.6,452.0,15.8,232.2,234.9,232.1
4243,impersonator,22.0,26.3,716.9,23.5,14.3,21.0,17.3
3284,genuine,163.0,169.0,169.0,166.0,167.0,168.0,166.0
2713,impersonator,227.7,183.4,153.3,174.8,12.9,10.2,431.7
3327,impersonator,17.7,13.8,781.3,915.1,21.8,24.6,2064.7
3509,genuine,165.0,168.0,167.0,166.0,168.0,167.0,167.0
617,genuine,15.8,18.2,975.3,19.2,16.9,18.4,18.2
3149,impersonator,159.2,166.4,164.7,174.8,164.4,164.4,163.0
4028,impersonator,170.6,171.9,176.5,177.6,170.6,168.8,21.1
2825,genuine,415.0,231.5,14.6,216.2,416.9,433.3,16.4
3795,genuine,18.8,14.9,34.4,1326.6,16.8,20.1,18.3
4414,genuine,12.6,20.5,1147.2,18.8,21.3,17.3,20.0
831,genuine,13.4,232.7,233.2,232.7,433.3,16.6,233.2
1449,genuine,230.7,430.0,16.6,433.0,16.5,233.0,233.2
3011,genuine,17.6,21.1,970.3,632.2,20.5,17.4,19.5
3060,impersonator,169.5,170.9,179.6,177.7,174.5,177.8,178.7
2773,genuine,181.0,176.0,153.0,169.0,171.0,172.0,8.0
2742,genuine,165.0,170.0,167.0,168.0,167.0,167.0,167.0
1997,impersonator,162.7,157.6,169.7,168.7,159.2,162.1,163.7
4284,impersonator,16.2,17.7,1151.9,1160.3,20.4,21.9,17.5
333,genuine,172.0,174.0,174.0,172.0,172.0,174.0,173.0
2935,genuine,20.0,14.3,419.4,210.2,15.2,21.0,16.7
3743,genuine,15.5,17.3,400.3,422.6,16.7,19.2,19.2
108,impersonator,166.7,174.1,168.1,173.5,170.8,171.9,166.1
562,impersonator,170.5,180.5,151.8,175.3,164.2,166.1,14.2
1141,impersonator,160.8,180.3,5.7,175.2,329.1,167.6,18.8
2258,impersonator,18.1,33.6,16.2,21.5,1104.2,26.9,20.6
732,genuine,163.0,183.0,156.0,172.0,5.0,166.0,350.0
1214,genuine,432.5,14.6,15.1,216.1,216.6,199.9,416.9
139,genuine,18.6,17.6,1384.6,20.2,224.1,19.2,18.3
1534,impersonator,16.1,1537.2,33.8,17.6,19.8,18.5,22.9
2823,impersonator,1365.3,1505.5,32.0,19.9,18.4,14.1,13.9
2691,genuine,21.1,13.5,35.6,57.7,1075.7,838.0,18.9
2574,genuine,429.2,15.0,433.2,16.5,232.0,233.3,233.3
2545,impersonator,15.6,26.6,664.4,1085.1,19.2,18.2,18.2
1311,genuine,16.6,1625.8,14.9,15.8,632.8,16.9,16.8
1178,genuine,211.9,416.7,233.1,232.9,216.7,233.3,233.1
3537,impersonator,423.3,445.0,22.7,225.9,214.9,20.4,221.0
3092,impersonator,10.4,22.5,933.3,175.5,15.4,17.6,18.3
2572,genuine,16.4,19.8,1406.5,20.8,15.6,16.0,18.0
2075,genuine,10.4,419.8,1905.1,16.6,18.7,20.4,17.3
2209,impersonator,170.4,175.1,172.7,173.4,166.8,165.5,164.3
2502,genuine,166.0,12.0,155.0,331.0,167.0,166.0,12.0
1556,genuine,15.6,17.0,1173.8,417.4,16.5,17.8,17.9
1709,genuine,16.3,20.2,17.5,24.7,32.9,74.8,45.7
3599,impersonator,24.7,14.7,5.0,18.0,19.5,19.4,16.3
4032,impersonator,163.9,169.7,166.1,170.9,168.2,168.6,168.5
2484,impersonator,171.2,167.1,170.7,179.2,171.0,177.3,172.6
1676,genuine,163.0,169.0,167.0,168.0,169.0,168.0,169.0
3986,genuine,165.0,189.0,154.0,171.0,169.0,172.0,171.0
2208,impersonator,170.6,160.7,170.7,175.9,167.8,171.6,170.7
2248,impersonator,170.7,165.5,174.8,180.6,166.7,173.4,171.0
705,genuine,16.9,21.1,1164.6,630.4,19.6,17.2,19.4
455,genuine,14.5,1400.6,15.3,16.9,17.9,17.5,17.4
4323,impersonator,21.3,219.9,206.0,418.0,16.2,228.3,224.0
3005,genuine,230.5,231.9,233.2,233.1,433.5,16.2,233.5
3332,genuine,33.7,1039.4,17.8,18.1,2297.2,19.3,20.1
3354,impersonator,11.7,20.0,1223.6,962.3,14.8,16.4,22.3
1924,genuine,17.6,19.4,21.4,750.5,837.8,22.2,18.6
2028,impersonator,17.6,29.1,395.0,27.2,19.4,16.9,16.7
1201,impersonator,171.1,170.1,165.5,172.4,172.9,175.8,166.1
3040,genuine,212.3,413.9,232.3,233.0,450.2,17.2,231.8
2807,impersonator,12.1,27.6,381.4,421.3,22.7,242.8,951.5
2094,genuine,17.2,17.1,967.9,422.3,15.4,17.4,17.3
4452,genuine,16.3,17.0,1186.6,16.1,17.8,18.0,17.8
2622,impersonator,392.1,403.3,21.3,239.8,229.6,222.4,19.1
4348,impersonator,172.7,176.4,146.3,173.4,160.9,168.1,163.3
1290,impersonator,218.0,425.3,26.1,251.0,239.8,436.9,18.5
1108,impersonator,17.4,14.3,29.0,18.0,16.3,16.5,20.0
4361,impersonator,227.2,225.8,375.5,240.9,213.2,14.4,213.2
1064,genuine,170.0,173.0,174.0,173.0,175.0,175.0,172.0
2,genuine,165.0,167.0,167.0,168.0,169.0,166.0,168.0
47,impersonator,17.5,10.6,1222.3,20.7,13.9,22.6,17.3
2557,genuine,15.5,423.7,14.8,233.0,233.1,232.9,433.6
830,genuine,167.0,171.0,171.0,170.0,172.0,170.0,166.0
3756,impersonator,45.8,1132.2,2.5,23.5,44.9,65.0,69.8
3211,impersonator,171.9,177.8,145.4,172.7,165.9,166.3,167.2
3139,impersonator,13.0,1586.8,865.3,623.5,15.7,18.4,21.9
775,impersonator,9.5,19.1,647.2,1624.6,21.1,18.1,21.8
1322,genuine,412.9,230.8,450.1,32.2,451.0,16.0,232.3
2079,genuine,18.7,18.5,1008.6,22.7,16.4,17.3,18.3
3703,impersonator,167.8,171.2,166.2,173.2,170.6,173.1,168.1
1132,genuine,166.0,167.0,165.0,15.0,153.0,332.0,166.0
474,genuine,180.0,167.0,166.0,167.0,166.0,183.0,166.0
3336,impersonator,168.7,171.4,151.3,176.0,170.4,169.7,170.5
1332,genuine,428.8,16.6,232.6,233.2,433.4,16.5,233.3
1196,impersonator,15.1,14.0,1250.3,146.1,20.7,93.9,96.9
3069,impersonator,168.4,167.5,165.2,172.0,169.2,167.4,164.2
3303,impersonator,17.1,23.7,423.5,19.6,20.8,17.3,25.1
1830,genuine,230.5,231.0,233.9,199.3,234.1,233.4,433.2
312,impersonator,50.7,1287.5,12.3,22.5,18.8,21.8,13.7
1656,genuine,230.0,433.1,16.3,233.2,233.6,434.0,15.6
3145,impersonator,15.5,10.2,0.0,1634.2,211.1,428.5,16.6
736,impersonator,164.5,159.7,168.7,169.8,171.6,169.0,162.0
2236,genuine,181.0,172.0,157.0,169.0,169.0,183.0,166.0
3482,impersonator,9.9,18.9,620.3,452.3,448.1,24.7,23.0
3719,impersonator,169.7,169.3,169.1,172.5,169.8,173.0,167.8
1972,genuine,13.0,170.0,327.0,171.0,168.0,169.0,172.0
3234,genuine,229.4,233.2,433.5,16.4,232.8,233.2,433.4
2352,genuine,163.0,179.0,154.0,172.0,168.0,10.0,167.0
3008,genuine,19.0,19.0,107.3,1268.6,20.0,22.0,21.1
2169,genuine,197.3,415.4,233.0,232.3,450.1,15.3,450.9
3114,genuine,170.0,172.0,175.0,173.0,174.0,174.0,174.0
3095,genuine,17.4,21.1,18.5,1342.0,420.2,20.5,18.7
2430,impersonator,15.4,19.8,672.5,432.5,16.8,23.4,21.0
3717,impersonator,173.7,170.6,175.2,171.3,173.8,171.2,172.7
2200,genuine,18.5,22.2,960.8,632.5,22.2,18.0,19.0
2975,genuine,227.7,231.1,451.2,31.7,234.1,237.9,444.6
1391,genuine,1030.2,16.6,227.2,15.2,16.7,16.6,16.8
3998,impersonator,167.3,176.7,0.0,179.2,158.9,168.7,303.8
4023,genuine,226.5,232.6,451.0,31.5,233.2,451.0,14.5
2591,impersonator,171.5,170.6,176.3,179.0,168.9,172.6,170.0
3084,impersonator,171.0,184.5,156.1,181.4,164.5,175.5,169.6
825,impersonator,221.9,174.8,160.0,166.5,169.7,171.0,164.3
3063,genuine,165.0,188.0,1.0,170.0,13.0,316.0,334.0
448,genuine,15.9,17.7,1407.9,16.3,14.2,17.9,17.4
1968,impersonator,166.0,170.8,167.0,178.3,173.2,164.9,167.2
2483,impersonator,167.7,169.9,177.4,176.9,175.5,174.0,167.0
2465,impersonator,171.7,176.2,381.6,174.1,168.3,168.1,351.4
4012,impersonator,164.9,173.9,159.1,181.7,172.7,170.8,167.9
3660,genuine,229.5,232.0,16.3,216.6,416.5,234.0,433.1
1899,genuine,13.6,12.4,208.3,215.0,416.7,233.0,433.5
3959,genuine,18.7,9.2,214.6,433.4,233.2,233.1,433.2
2946,impersonator,19.1,9.5,206.0,141.2,209.8,211.6,433.1
371,genuine,15.6,14.4,1020.0,8.7,17.6,16.3,16.4
3046,genuine,172.0,173.0,176.0,173.0,174.0,172.0,175.0
1726,impersonator,18.9,22.8,207.8,435.3,203.2,218.9,425.0
2044,genuine,18.1,19.4,1600.9,16.4,21.2,21.5,19.5
3978,genuine,158.0,171.0,338.0,13.0,168.0,183.0,167.0
594,genuine,431.9,21.4,8.2,216.3,216.3,216.6,416.8
38,impersonator,15.0,18.8,538.6,419.6,17.7,22.7,22.1
402,impersonator,18.3,18.8,30.2,1383.1,21.2,19.9,17.9
614,impersonator,174.6,172.4,176.3,172.7,172.1,173.3,167.3
2995,impersonator,20.0,175.0,154.2,174.8,358.4,15.3,16.2
2725,genuine,163.0,169.0,168.0,167.0,168.0,165.0,166.0
3384,impersonator,165.4,171.3,167.8,175.0,169.0,172.3,166.9
2098,genuine,16.7,16.3,19.0,17.0,564.9,17.7,16.9
1938,impersonator,165.8,173.1,159.8,179.7,174.6,169.4,164.6
3955,impersonator,166.5,166.6,174.8,171.0,169.1,167.8,165.0
2869,genuine,14.7,17.3,18.2,388.6,3.9,17.0,18.5
67,genuine,168.0,170.0,169.0,173.0,171.0,171.0,168.0
4375,impersonator,166.8,178.9,151.1,176.3,168.5,172.5,170.6
1625,impersonator,25.3,224.9,419.2,225.7,236.8,15.6,435.2
4328,genuine,168.0,172.0,170.0,172.0,171.0,170.0,167.0
3808,impersonator,23.5,24.5,412.4,25.7,209.8,219.1,430.1
2485,impersonator,10.5,21.0,20.7,19.6,23.2,18.3,22.3
3761,genuine,215.4,413.6,232.5,16.2,217.9,415.7,232.9
2041,genuine,542.1,20.5,29.3,79.8,60.5,1943.5,19.4
2033,impersonator,231.1,237.6,435.8,243.0,426.9,21.1,234.7
2234,genuine,19.2,23.4,1619.4,20.6,16.6,18.5,20.0
1239,genuine,18.1,14.9,629.0,15.4,14.5,17.7,17.9
3402,genuine,165.0,168.0,166.0,165.0,165.0,166.0,167.0
3639,genuine,16.6,17.2,956.7,626.9,19.1,18.9,21.0
2309,impersonator,167.7,174.6,168.2,169.1,169.5,167.8,164.7
1256,genuine,171.0,170.0,170.0,172.0,172.0,169.0,166.0
825,genuine,2112.8,19.9,18.4,19.3,19.2,19.2,19.1
3140,impersonator,1552.5,20.7,27.4,30.7,27.2,19.4,88.4
1122,impersonator,162.5,169.3,172.7,181.0,167.6,170.2,166.3
4127,impersonator,169.4,179.6,146.2,171.9,168.9,11.2,321.8
1244,impersonator,431.6,23.6,229.2,227.7,208.5,415.8,426.3
1735,genuine,16.3,165.6,1910.1,20.1,16.7,18.7,18.5
3962,impersonator,12.9,232.2,373.2,458.8,7.2,228.3,226.3
658,impersonator,165.3,169.9,398.8,171.5,170.9,166.0,167.2
4448,impersonator,1453.1,1563.5,21.2,1522.2,1799.9,22.4,73.4
880,impersonator,232.5,404.9,12.3,237.0,224.7,434.6,8.5
1841,impersonator,164.5,179.4,157.7,179.2,164.6,167.5,167.9
1471,impersonator,1263.6,1106.5,26.2,31.5,15.8,19.7,11.4
4110,genuine,17.7,20.3,779.6,423.3,16.6,19.1,20.1
1861,genuine,166.0,167.0,167.0,168.0,166.0,167.0,167.0
809,impersonator,17.2,22.1,202.6,17.4,985.4,24.9,21.5
4210,genuine,606.6,403.0,15.3,18.1,20.1,16.6,17.8
1543,impersonator,25.2,402.5,225.8,215.9,230.8,222.4,629.8
3606,impersonator,11.9,17.6,356.8,28.2,14.4,21.1,20.3
662,genuine,171.0,168.0,168.0,172.0,171.0,170.0,165.0
1783,impersonator,167.6,169.1,172.0,173.4,174.8,177.3,167.7
4167,impersonator,8.2,15.4,410.3,1643.8,15.7,20.8,20.3
4321,impersonator,24.4,23.3,437.2,225.7,226.0,14.0,12.0
351,genuine,15.0,983.6,632.4,16.8,16.0,427.0,406.4
1756,impersonator,17.1,16.5,699.3,591.5,12.5,759.9,23.5
2553,impersonator,170.0,171.2,163.4,178.8,170.8,176.4,171.6
1734,genuine,163.0,183.0,155.0,172.0,5.0,166.0,351.0
963,impersonator,166.4,169.5,158.9,177.9,164.8,166.6,165.0
3392,genuine,213.0,215.8,199.6,633.7,15.5,232.9,433.4
583,genuine,170.0,173.0,175.0,172.0,173.0,174.0,173.0
3163,impersonator,219.8,224.1,223.9,440.2,17.9,17.4,232.1
2393,genuine,6.1,205.2,56.2,83.7,62.3,45.7,96.0
1358,impersonator,20.6,17.4,675.6,26.1,17.8,720.1,642.1
522,genuine,162.0,168.0,168.0,165.0,169.0,165.0,168.0
3463,genuine,76.0,363.8,15.6,18.9,33.3,46.5,2638.6
3613,impersonator,27.0,17.0,233.1,226.0,218.2,16.9,420.8
3465,impersonator,173.1,164.0,166.1,168.5,162.6,168.8,163.9
950,impersonator,170.1,172.7,180.2,174.7,172.9,174.5,167.1
993,impersonator,169.1,168.7,166.5,235.6,174.8,168.2,163.4
533,genuine,18.6,20.0,37.7,1133.2,18.4,19.8,19.5
3240,impersonator,6.8,18.9,7.2,961.1,21.7,22.0,18.0
1285,genuine,170.0,175.0,174.0,174.0,172.0,174.0,173.0
137,impersonator,170.4,178.3,174.6,180.3,174.6,176.9,172.8
1093,genuine,18.1,23.5,90.5,1696.9,18.1,20.4,19.8
883,impersonator,21.3,18.5,945.1,24.2,68.8,18.4,81.8
3053,impersonator,29.3,12.4,202.7,14.6,216.3,226.2,623.9
4370,impersonator,8.2,17.1,165.6,171.8,172.6,22.4,166.5
4005,genuine,163.0,189.0,155.0,170.0,170.0,168.0,170.0
4254,genuine,166.0,188.0,1.0,171.0,13.0,316.0,334.0
2625,genuine,167.0,169.0,169.0,170.0,171.0,168.0,169.0
4346,impersonator,223.2,231.4,217.3,223.4,453.8,16.8,224.1
60,impersonator,164.8,166.4,176.6,169.3,170.2,171.1,167.8
159,impersonator,169.0,184.4,148.6,175.3,165.9,171.1,164.0
2408,genuine,16.2,17.2,975.1,417.1,20.6,17.2,19.2
2804,genuine,164.0,168.0,169.0,165.0,167.0,167.0,167.0
3658,genuine,164.0,166.0,169.0,15.0,151.0,333.0,166.0
3913,impersonator,168.1,173.9,168.0,178.8,175.3,180.1,174.4
4193,impersonator,20.3,1348.9,376.3,25.0,27.7,814.7,17.9
2549,genuine,18.0,171.0,321.0,169.0,170.0,13.0,166.0
960,genuine,230.4,451.8,32.2,233.1,233.4,451.0,15.8
701,genuine,1175.1,415.2,19.6,16.0,18.5,18.6,20.3
117,impersonator,236.1,406.0,373.5,32.8,218.6,229.1,427.9
4439,impersonator,219.1,237.6,212.7,232.7,429.4,18.5,231.8
500,genuine,167.0,169.0,166.0,14.0,155.0,331.0,168.0
4081,genuine,21.3,46.2,71.0,1258.8,20.2,19.5,21.5
565,impersonator,25.1,14.7,1232.4,3.3,31.3,16.9,17.4
1044,genuine,163.0,189.0,153.0,173.0,170.0,171.0,11.0
2615,genuine,229.9,236.0,450.3,17.0,231.7,233.0,450.4
1744,impersonator,165.3,182.7,157.7,171.9,360.1,173.6,166.1
2382,genuine,231.5,430.4,16.8,231.7,233.3,433.4,16.5
937,impersonator,225.1,184.9,454.4,223.6,447.6,20.4,233.4
126,genuine,430.5,12.2,434.2,15.5,233.8,432.9,16.6
1877,impersonator,167.2,180.3,146.3,180.3,171.7,166.1,165.5
352,impersonator,21.1,20.8,234.7,246.2,434.7,236.1,230.1
1425,genuine,415.7,229.7,233.3,433.2,16.8,433.1,16.4
1202,impersonator,228.7,216.8,223.8,421.2,11.6,219.2,413.8
147,genuine,229.8,232.8,232.1,433.3,16.6,233.0,233.2
3668,genuine,169.0,172.0,169.0,170.0,172.0,172.0,166.0
718,genuine,199.9,212.5,416.6,233.0,233.5,15.8,216.0
1067,impersonator,14.1,1191.6,1.6,10.2,15.4,13.8,20.7
899,impersonator,14.0,16.9,32.3,1562.7,445.7,174.4,102.7
1525,genuine,2.0,9.0,644.0,80.0,249.0,12.0,382.0
4279,genuine,14.0,230.7,232.2,433.3,16.8,232.8,232.9
412,impersonator,22.7,223.0,223.0,226.7,428.8,220.8,233.8
76,impersonator,173.5,168.1,168.6,180.1,177.4,174.9,174.4
4083,genuine,13.6,19.1,1148.9,18.3,19.5,19.0,20.5
558,genuine,2.0,8.0,592.0,137.0,115.0,219.0,209.0
9,impersonator,166.5,405.2,172.6,180.7,169.6,171.7,165.9
2729,genuine,165.0,167.0,165.0,166.0,165.0,165.0,167.0
2818,impersonator,169.1,155.3,168.9,180.6,177.1,173.1,169.7
1984,genuine,445.0,31.3,234.3,232.0,449.8,15.6,233.8
1721,genuine,172.0,171.0,176.0,175.0,172.0,172.0,172.0
1263,genuine,227.4,233.3,232.6,450.4,14.2,233.7,450.1
779,impersonator,420.9,9.9,212.0,222.1,414.0,7.1,907.3
1659,genuine,14.6,18.5,816.1,11.5,228.6,17.3,19.0
1854,impersonator,16.6,16.6,1106.2,22.0,18.4,17.7,109.6
3933,genuine,24.2,2063.8,15.2,18.9,20.7,17.3,19.1
4057,impersonator,20.3,423.4,433.9,20.4,18.3,20.6,18.9
2015,impersonator,163.8,170.4,169.0,183.9,168.9,170.1,170.7
755,genuine,171.0,175.0,173.0,173.0,171.0,174.0,174.0
1816,impersonator,15.9,1347.9,30.0,18.8,9.6,19.0,12.3
2262,genuine,167.0,167.0,167.0,15.0,152.0,334.0,167.0
1126,impersonator,15.2,22.9,664.4,1141.1,25.2,20.8,22.4
2958,genuine,163.0,176.0,155.0,172.0,169.0,168.0,169.0
3727,impersonator,22.2,11.9,7.7,9.1,12.7,421.2,17.2
1971,genuine,164.0,169.0,168.0,167.0,169.0,167.0,167.0
2974,impersonator,168.3,169.1,403.2,17.4,162.3,332.8,165.7
3525,genuine,93.9,1406.4,15.5,16.7,797.3,209.6,15.9
3475,impersonator,14.1,24.7,209.1,444.0,418.2,229.5,437.7
153,genuine,16.6,19.2,781.6,208.6,18.6,18.2,819.8
3538,genuine,225.0,234.2,232.7,232.5,232.7,232.9,216.8
1514,genuine,164.0,353.0,151.0,170.0,169.0,169.0,168.0
1933,impersonator,389.1,17.7,175.1,248.1,438.5,15.5,792.8
406,genuine,169.0,173.0,176.0,173.0,173.0,173.0,178.0
663,impersonator,223.3,385.3,429.0,165.9,197.9,218.4,6.8
4035,impersonator,224.1,223.7,393.6,451.5,411.0,18.0,231.8
288,impersonator,173.6,172.3,172.7,178.5,168.4,176.8,167.3
1110,genuine,13.4,441.5,32.2,232.5,232.9,450.9,15.4
1776,impersonator,160.6,61.9,170.7,174.2,159.5,168.2,168.1
648,impersonator,172.1,178.2,177.3,171.8,175.5,176.1,173.3
1499,genuine,15.5,17.1,980.5,629.4,18.4,16.0,205.0
3332,impersonator,21.1,215.5,405.5,20.8,232.9,232.6,217.8
496,impersonator,16.7,705.7,29.6,24.4,96.2,76.3,94.1
1888,impersonator,9.4,22.3,1089.9,435.7,19.2,25.5,19.8
2185,genuine,167.0,187.0,156.0,169.0,171.0,10.0,167.0
4132,impersonator,444.2,17.2,219.0,230.1,213.5,416.9,20.2
2885,genuine,215.6,210.4,217.3,198.5,216.9,418.1,449.8
3245,impersonator,167.5,160.4,172.3,39.4,168.6,172.9,164.9
125,genuine,327.0,9.0,321.0,332.0,166.0,167.0,170.0
2126,genuine,12.3,232.6,233.1,233.1,200.1,233.0,233.5
959,impersonator,1093.6,425.2,4.9,24.4,84.3,93.8,14.4
1097,genuine,16.8,17.5,782.3,422.4,15.6,18.4,18.4
4043,impersonator,167.2,185.5,148.7,176.3,166.6,172.4,167.6
3909,impersonator,166.8,161.7,183.6,171.4,169.4,169.1,168.9
3363,genuine,444.5,30.9,231.1,233.1,450.1,16.5,232.0
1529,genuine,18.6,9.8,216.2,215.2,199.9,217.0,416.2
3665,genuine,213.8,216.4,418.9,233.0,450.6,15.0,233.9
1663,genuine,15.5,18.3,828.6,172.0,17.1,18.7,18.2
323,impersonator,421.4,17.2,222.4,240.3,227.1,430.3,19.8
1840,genuine,433.1,26.5,219.4,233.1,433.7,30.6,219.2
2237,impersonator,20.1,12.7,15.0,175.8,18.1,22.7,27.1
1592,genuine,164.0,183.0,184.0,170.0,169.0,173.0,172.0
3916,impersonator,26.6,79.5,1436.9,21.0,19.6,23.9,81.1
470,genuine,14.8,18.2,1581.8,18.9,17.8,17.8,17.4
3353,impersonator,222.7,218.9,386.9,11.1,216.0,217.0,413.9
931,impersonator,174.3,171.4,170.8,173.9,170.7,174.5,170.8
3595,impersonator,13.8,17.5,371.9,24.7,17.6,789.8,18.4
3697,impersonator,165.7,175.2,153.0,175.9,174.7,20.3,17.4
4032,genuine,1013.2,384.5,15.3,16.9,17.0,17.1,16.8
1618,impersonator,11.7,25.4,800.0,1306.8,19.8,19.6,19.9
4468,impersonator,171.5,165.6,171.3,173.8,173.3,171.0,164.1
2863,genuine,424.7,17.0,232.7,233.0,433.2,16.6,233.1
2742,impersonator,164.9,177.4,162.2,174.7,170.5,171.1,168.7
298,genuine,164.0,176.0,154.0,172.0,168.0,12.0,166.0
49,impersonator,17.2,1315.3,6.8,18.7,18.7,14.7,13.7
2335,impersonator,24.3,208.7,349.6,16.3,230.1,228.1,421.3
2483,genuine,214.3,197.9,433.7,233.2,433.5,30.7,218.5
332,genuine,37.6,53.8,474.1,16.6,25.1,56.1,2429.7
1509,genuine,170.0,173.0,173.0,173.0,171.0,173.0,171.0
531,genuine,169.0,171.0,171.0,171.0,171.0,170.0,167.0
992,genuine,164.0,168.0,167.0,167.0,168.0,167.0,167.0
878,impersonator,14.7,173.1,159.2,27.7,21.5,20.6,13.3
3453,genuine,169.0,172.0,170.0,171.0,171.0,169.0,166.0
1773,impersonator,20.2,17.3,755.0,1459.7,15.7,22.7,19.9
590,genuine,165.0,169.0,167.0,167.0,167.0,167.0,168.0
2575,genuine,163.0,166.0,166.0,166.0,168.0,168.0,167.0
1437,genuine,165.0,166.0,168.0,166.0,164.0,167.0,165.0
672,genuine,164.0,168.0,168.0,168.0,168.0,169.0,168.0
28,genuine,14.1,14.9,135.4,17.5,16.8,16.9,28.7
4202,impersonator,218.0,238.9,422.9,34.9,23.8,20.3,232.4
2983,impersonator,162.7,171.5,166.6,168.4,169.4,166.0,166.8
1841,genuine,87.2,76.8,84.9,62.2,1743.6,17.1,17.7
4297,genuine,229.6,233.0,231.8,16.8,216.2,417.1,233.1
798,impersonator,221.7,240.5,206.8,228.5,430.4,18.8,228.8
3042,genuine,170.0,173.0,175.0,173.0,173.0,174.0,173.0
2768,genuine,169.0,172.0,169.0,169.0,172.0,172.0,166.0
3357,genuine,230.8,232.7,433.5,16.2,232.5,233.2,433.4
3114,impersonator,18.3,234.1,404.3,20.2,224.7,223.2,233.9
3318,impersonator,219.3,178.0,11.4,171.0,161.8,168.1,18.2
3266,genuine,18.5,21.7,955.0,634.1,18.8,16.8,19.2
2413,impersonator,167.3,171.6,165.7,173.0,175.4,169.5,169.1
345,genuine,170.0,174.0,175.0,174.0,174.0,173.0,172.0
3934,impersonator,233.7,243.1,423.8,1147.9,450.8,20.8,230.1
3836,genuine,169.0,169.0,170.0,173.0,172.0,170.0,164.0
2302,genuine,15.7,1184.9,415.1,19.1,15.5,17.8,18.2
3053,genuine,79.9,39.9,127.2,24.8,83.9,95.6,91.8
79,genuine,13.9,22.4,418.5,233.2,232.7,449.7,17.0
2870,impersonator,12.9,246.6,218.1,243.1,442.6,17.7,239.7
1016,genuine,165.0,166.0,166.0,167.0,166.0,165.0,166.0
1438,genuine,164.0,168.0,167.0,8.0,158.0,333.0,167.0
2167,impersonator,164.2,396.2,160.5,18.1,166.4,168.3,167.8
1783,genuine,166.0,185.0,157.0,169.0,169.0,171.0,12.0
2479,impersonator,11.0,11.2,545.2,429.8,16.0,15.7,907.6
509,impersonator,14.5,11.3,35.3,933.2,766.1,16.0,695.2
510,impersonator,223.4,241.0,231.5,229.7,438.6,234.1,233.8
1141,genuine,173.0,173.0,174.0,172.0,174.0,172.0,171.0
2320,impersonator,163.6,168.8,170.5,172.7,165.9,168.2,165.4
778,impersonator,231.1,28.0,23.8,238.8,463.8,25.5,242.9
2307,impersonator,162.1,171.2,167.7,176.8,171.4,170.7,166.7
638,impersonator,166.4,164.6,159.9,174.8,173.3,169.0,164.1
3792,genuine,19.5,21.0,787.0,207.7,19.1,17.3,18.5
1642,genuine,429.1,16.3,233.0,233.2,233.0,233.4,432.9
1135,genuine,199.1,213.3,417.2,15.2,216.5,199.8,634.1
3268,genuine,164.0,177.0,155.0,171.0,168.0,13.0,166.0
3902,impersonator,175.1,166.2,183.4,170.2,173.5,173.0,177.4
551,genuine,167.0,171.0,167.0,173.0,173.0,170.0,166.0
2077,genuine,166.0,172.0,169.0,170.0,170.0,171.0,166.0
4020,impersonator,158.0,172.9,170.8,172.6,159.0,165.3,170.1
2998,genuine,153.0,174.0,170.0,169.0,171.0,171.0,166.0
1466,impersonator,14.8,19.3,744.4,653.9,21.6,173.3,18.9
2666,impersonator,168.2,177.2,155.5,169.6,173.0,168.3,165.2
1620,genuine,416.4,229.1,233.4,432.4,16.7,233.0,434.3
353,impersonator,15.0,1731.3,152.3,17.1,23.7,24.3,18.5
3777,impersonator,11.7,18.1,896.6,227.0,22.5,20.5,24.9
1983,genuine,17.6,20.5,970.6,632.6,20.8,17.8,19.3
637,impersonator,18.8,18.9,657.4,662.7,27.9,25.6,14.9
1330,genuine,18.7,16.1,785.8,418.2,16.3,18.3,17.0
1921,impersonator,169.6,165.0,162.1,182.1,175.5,176.6,175.4
4398,impersonator,1557.3,179.4,18.5,19.2,710.8,21.9,23.8
1879,impersonator,162.8,163.9,180.1,164.2,164.9,162.7,161.6
4120,impersonator,8.9,239.0,207.2,441.8,17.4,228.2,449.4
269,impersonator,14.9,19.8,1255.5,30.3,16.6,17.7,20.7
1846,genuine,166.0,173.0,169.0,172.0,169.0,172.0,166.0
2173,genuine,170.0,174.0,174.0,173.0,175.0,172.0,175.0
2670,impersonator,12.5,14.8,660.0,420.5,19.6,20.4,19.2
2490,genuine,14.4,232.1,433.0,15.3,233.2,233.3,433.6
693,impersonator,157.4,176.1,169.4,159.3,163.6,167.3,161.5
1811,genuine,164.0,169.0,166.0,167.0,167.0,168.0,168.0
1069,genuine,428.9,16.1,233.2,15.3,216.4,216.6,617.3
3611,genuine,165.0,165.0,165.0,167.0,169.0,166.0,169.0
3055,impersonator,26.7,10.6,1327.7,8.2,672.1,20.7,19.9
4190,genuine,170.0,174.0,174.0,172.0,173.0,175.0,173.0
1075,genuine,795.3,625.1,23.4,15.7,17.5,19.6,18.9
3432,impersonator,169.8,164.1,169.9,178.7,173.7,175.8,165.0
1033,genuine,163.0,166.0,165.0,166.0,164.0,167.0,164.0
1653,impersonator,169.6,168.9,173.7,178.6,172.6,174.3,173.2
3916,genuine,229.1,433.1,16.5,233.1,433.4,16.6,233.2
207,impersonator,170.1,167.4,174.4,177.0,171.8,173.8,173.3
3548,impersonator,169.4,450.6,13.1,296.9,331.2,170.1,168.2
2155,impersonator,13.3,9.5,162.8,23.7,161.3,306.0,343.7
2508,impersonator,164.6,163.7,155.6,167.0,178.4,168.9,167.9
1454,genuine,16.8,420.7,17.1,232.2,233.1,231.9,216.7
1268,genuine,165.0,169.0,166.0,166.0,165.0,166.0,166.0
3978,impersonator,56.9,1591.4,18.1,28.5,1406.4,20.4,18.9
219,impersonator,23.2,19.3,3.7,23.6,17.6,19.2,17.7
1739,genuine,15.3,233.2,228.4,433.5,16.3,233.4,233.1
123,impersonator,164.9,172.4,380.7,175.1,164.5,15.9,321.4
3126,impersonator,22.5,219.5,451.2,31.7,231.9,224.8,425.0
2243,impersonator,17.0,27.1,207.4,223.0,212.2,17.8,408.2
582,genuine,20.5,15.5,983.2,16.4,17.1,18.2,17.7
2280,impersonator,236.3,239.8,437.6,305.7,472.4,22.5,232.6
2976,impersonator,173.6,169.8,170.8,181.7,166.4,174.8,169.5
2498,impersonator,33.9,873.6,23.8,24.2,18.8,16.5,78.3
1619,impersonator,161.6,160.0,163.5,176.3,170.9,167.6,162.9
3291,impersonator,21.5,16.9,439.8,13.2,14.6,2054.8,20.6
4235,genuine,163.0,176.0,158.0,171.0,171.0,8.0,166.0
2078,impersonator,168.7,180.4,163.7,171.1,172.7,168.6,171.2
4221,impersonator,12.6,19.9,851.7,27.2,14.0,22.8,22.3
3239,impersonator,14.0,1284.1,10.4,12.8,18.8,21.4,22.4
2384,genuine,171.0,175.0,175.0,175.0,171.0,172.0,173.0
4224,genuine,15.5,18.3,1395.9,16.8,19.6,19.3,18.9
70,impersonator,163.1,49.7,163.4,176.5,161.8,169.7,164.9
3996,impersonator,30.3,160.2,174.4,177.4,179.0,173.4,168.0
1925,genuine,181.0,169.0,156.0,170.0,171.0,183.0,166.0
3429,impersonator,7.6,19.3,654.8,436.3,17.8,25.2,240.6
1261,genuine,233.5,429.1,16.5,233.1,232.4,433.4,16.4
1571,genuine,165.0,181.0,158.0,171.0,6.0,165.0,351.0
4453,genuine,227.7,450.4,32.3,28.9,200.3,216.7,216.8
1601,impersonator,165.6,168.4,178.9,175.2,163.5,167.3,172.3
3543,genuine,164.0,168.0,168.0,168.0,167.0,168.0,168.0
4494,genuine,412.8,15.6,216.7,199.9,433.7,433.5,15.1
1590,genuine,164.0,168.0,168.0,13.0,153.0,333.0,168.0
1521,genuine,164.0,183.0,157.0,171.0,5.0,167.0,334.0
3190,impersonator,19.7,1645.2,21.2,32.3,20.5,15.5,16.3
4347,genuine,230.8,230.8,233.3,433.3,16.5,233.1,433.5
1422,impersonator,9.0,9.9,487.1,437.6,16.3,22.7,23.4
3745,genuine,16.3,14.4,17.2,17.7,1577.2,16.8,18.2
1970,impersonator,387.8,455.7,10.5,180.6,335.7,171.9,73.3
3463,impersonator,10.0,22.8,1143.3,686.0,22.4,19.4,22.6
3773,impersonator,220.3,242.6,223.3,230.2,443.4,15.4,230.3
46,genuine,163.0,169.0,168.0,167.0,168.0,167.0,167.0
1473,impersonator,984.7,104.6,16.8,20.7,21.8,16.5,15.1
2759,impersonator,15.9,15.2,24.3,8.9,24.3,64.7,86.5
313,impersonator,16.0,30.3,769.6,19.4,25.0,23.1,20.2
93,impersonator,160.5,160.4,168.3,172.8,163.6,167.6,165.5
4082,impersonator,173.5,178.2,155.7,170.0,168.5,165.9,167.2
1655,genuine,18.7,118.0,1468.1,21.8,19.7,20.5,20.7
3789,genuine,164.0,179.0,155.0,169.0,169.0,169.0,171.0
548,genuine,10.9,18.8,600.8,209.9,16.6,16.5,16.9
1252,genuine,330.0,188.0,153.0,170.0,170.0,169.0,169.0
936,genuine,168.0,186.0,160.0,170.0,4.0,166.0,351.0
2805,impersonator,165.9,182.5,148.6,177.7,165.7,169.3,10.9
3470,impersonator,13.3,226.1,224.0,227.3,426.8,13.6,444.6
59,impersonator,165.8,182.0,152.8,176.5,166.1,170.8,169.2
4365,genuine,430.1,16.2,233.1,233.2,234.0,432.9,16.1
3426,genuine,13.1,235.1,232.9,451.4,15.5,232.1,450.1
555,impersonator,15.1,10.7,125.9,1417.4,443.4,20.2,13.8
1724,genuine,168.0,167.0,170.0,166.0,171.0,168.0,169.0
4211,impersonator,10.9,22.6,366.9,650.5,13.4,17.7,20.0
485,impersonator,169.2,174.9,161.8,179.5,169.9,166.4,168.4
642,impersonator,161.8,172.6,168.2,175.4,168.4,170.4,166.9
1530,impersonator,17.6,27.2,16.1,18.8,19.3,22.6,23.7
868,genuine,167.0,172.0,169.0,170.0,169.0,171.0,166.0
4469,impersonator,231.8,449.7,9.5,234.0,223.7,433.5,15.4
1661,impersonator,11.7,22.3,767.6,414.5,19.7,13.4,21.7
2411,impersonator,165.3,181.8,157.4,179.8,168.1,174.1,168.9
2525,genuine,17.7,70.7,56.0,89.0,2009.6,19.8,17.4
2679,genuine,163.0,177.0,157.0,172.0,170.0,171.0,169.0
1992,impersonator,175.3,163.2,180.5,180.7,175.9,174.7,168.6
693,genuine,180.0,176.0,154.0,170.0,172.0,12.0,166.0
1307,genuine,17.8,18.5,17.0,987.0,19.0,18.4,21.1
4145,impersonator,168.1,166.0,165.2,173.5,171.5,168.3,169.8
2230,impersonator,16.9,21.7,160.2,1547.0,71.0,19.2,71.0
3893,genuine,172.0,173.0,174.0,173.0,174.0,173.0,174.0
785,genuine,414.9,14.4,215.4,216.5,416.8,433.4,16.8
1857,genuine,17.0,14.9,15.4,966.7,419.0,17.2,17.4
1140,genuine,165.0,168.0,169.0,165.0,169.0,168.0,167.0
2065,impersonator,14.9,32.3,603.9,622.5,23.2,15.6,21.3
1527,impersonator,20.9,1430.6,1325.8,13.8,17.4,229.8,18.2
1979,genuine,166.0,166.0,165.0,168.0,9.0,159.0,331.0
4287,genuine,17.1,18.9,1173.4,631.9,22.7,18.0,20.0
309,impersonator,167.6,178.9,154.0,176.7,166.9,175.1,169.4
3319,genuine,566.9,17.6,18.9,19.0,90.1,57.1,30.3
2353,genuine,444.8,30.8,232.0,31.3,200.4,216.5,417.5
479,genuine,166.0,168.0,8.0,158.0,333.0,167.0,166.0
1669,genuine,18.0,18.2,781.3,630.6,20.8,17.0,19.8
4391,impersonator,22.1,225.3,395.0,26.7,235.0,231.8,218.7
2495,impersonator,160.1,181.2,147.1,176.5,167.3,14.0,168.6
2871,impersonator,229.9,239.3,17.8,240.6,223.0,16.1,224.8
3472,impersonator,166.1,175.2,156.9,177.4,172.7,17.5,168.5
1143,impersonator,173.5,178.3,157.7,172.3,168.7,175.1,167.4
221,genuine,17.0,52.4,50.6,1700.3,19.4,19.0,18.6
4362,genuine,173.0,173.0,174.0,173.0,173.0,173.0,173.0
2391,impersonator,20.4,11.5,17.1,28.9,16.7,19.5,20.5
2493,genuine,16.9,21.4,95.2,1506.7,16.3,18.9,17.9
2261,impersonator,165.7,171.0,173.2,172.3,168.7,164.5,165.1
1197,impersonator,166.5,174.7,147.1,173.9,164.1,166.9,16.0
4121,genuine,13.9,232.3,232.1,433.2,16.8,233.3,432.9
2125,genuine,230.6,433.0,16.2,233.5,233.2,233.1,433.6
2790,impersonator,174.8,167.0,172.5,178.7,172.1,176.0,170.9
2756,genuine,164.0,181.0,156.0,171.0,8.0,166.0,351.0
1978,genuine,11.9,433.5,15.5,233.3,233.4,233.3,433.0
1780,genuine,167.0,191.0,152.0,169.0,170.0,171.0,170.0
2285,genuine,167.0,172.0,168.0,171.0,171.0,172.0,167.0
879,genuine,423.4,15.8,233.1,233.4,433.3,16.8,433.1
4459,genuine,169.0,174.0,174.0,173.0,173.0,171.0,173.0
1439,impersonator,232.9,179.3,145.9,176.2,162.3,14.6,13.2
1471,genuine,171.0,173.0,174.0,173.0,176.0,174.0,173.0
4069,genuine,13.8,13.0,346.8,1260.8,16.2,16.7,621.0
2389,genuine,16.9,17.8,791.5,19.3,21.0,20.0,16.2
3875,impersonator,171.0,177.8,157.0,175.3,162.4,170.2,165.2
836,genuine,163.0,167.0,165.0,167.0,168.0,169.0,166.0
1391,impersonator,226.3,461.7,37.4,223.9,242.4,227.0,529.7
619,genuine,20.4,15.4,16.6,16.6,1208.3,18.7,18.9
581,genuine,67.3,769.3,18.4,18.5,18.7,66.4,2447.6
1065,genuine,170.0,175.0,174.0,175.0,171.0,174.0,173.0
289,impersonator,218.1,14.4,25.4,1622.9,23.5,25.0,14.0
3354,genuine,15.4,230.7,230.9,16.0,216.5,416.6,233.2
2723,impersonator,166.9,181.2,150.9,180.1,164.1,174.4,332.8
387,genuine,230.6,433.3,233.1,16.6,233.1,433.4,17.1
888,impersonator,220.4,120.0,7.5,1330.8,16.6,20.6,26.1
1157,impersonator,18.4,1259.2,26.2,25.9,1135.6,25.2,18.1
3255,genuine,228.8,232.8,233.0,233.2,433.8,15.4,234.1
1546,genuine,19.0,19.3,770.8,208.4,21.2,17.3,608.5
1124,impersonator,16.8,15.2,24.2,214.1,19.6,73.7,78.3
2944,impersonator,17.0,16.7,853.1,626.2,22.6,20.8,20.9
554,genuine,164.0,166.0,166.0,166.0,166.0,168.0,164.0
1315,impersonator,231.9,22.0,445.6,26.9,228.6,228.0,220.5
2448,impersonator,15.4,27.2,1056.9,441.1,20.3,18.1,26.2
4446,impersonator,173.5,180.2,177.2,178.0,178.8,175.1,176.2
4177,genuine,376.3,20.2,57.6,86.6,44.6,48.3,86.8
2496,impersonator,20.6,171.5,471.1,29.0,21.2,228.1,446.1
2703,genuine,17.1,1995.4,26.5,12.9,18.4,16.5,17.7
1462,genuine,213.2,419.3,232.5,450.3,15.8,234.3,232.7
1216,impersonator,225.4,223.6,220.4,223.7,228.6,231.4,214.0
3819,genuine,229.9,236.0,449.5,15.9,232.7,233.4,450.3
2154,genuine,167.0,172.0,168.0,171.0,173.0,172.0,165.0
434,genuine,165.0,168.0,169.0,166.0,165.0,168.0,167.0
1425,impersonator,170.1,175.8,158.7,178.3,167.7,172.6,172.5
1464,genuine,170.0,174.0,173.0,174.0,172.0,173.0,173.0
2831,impersonator,12.6,17.0,1142.4,288.8,16.7,24.2,17.2
929,genuine,12.8,236.2,226.8,233.3,433.2,16.5,433.3
1809,impersonator,168.0,165.7,175.5,171.7,171.1,168.9,167.6
35,impersonator,9.3,8.7,121.2,893.4,20.5,20.2,21.0
1177,impersonator,161.5,57.9,160.9,211.6,166.9,169.3,169.3
966,genuine,16.3,438.1,17.6,231.6,233.0,233.0,215.8
3597,genuine,170.0,172.0,169.0,172.0,173.0,169.0,166.0
815,genuine,17.1,18.0,36.8,1349.6,17.7,17.6,20.9
3527,impersonator,166.6,175.3,160.6,182.1,174.3,171.9,171.4
4171,genuine,16.4,18.2,975.4,428.6,16.9,18.2,18.9
409,impersonator,166.3,167.8,173.7,180.3,174.3,172.7,166.3
1655,impersonator,1559.8,1407.7,1075.4,17.3,30.6,16.2,16.3
2087,impersonator,166.3,178.9,163.7,168.4,169.3,169.3,165.9
1603,genuine,14.8,17.1,1372.4,19.5,18.4,19.4,17.6
1859,genuine,166.0,174.0,171.0,170.0,171.0,171.0,165.0
1368,impersonator,173.5,166.3,187.3,170.7,165.3,168.9,169.4
2842,impersonator,17.0,17.7,1228.9,12.2,18.6,17.1,18.6
2238,impersonator,19.6,23.0,138.8,851.1,32.1,26.6,20.9
3315,genuine,169.0,174.0,175.0,175.0,174.0,174.0,172.0
3821,impersonator,167.2,163.2,180.5,178.9,169.4,173.9,174.0
2591,genuine,7.0,322.0,333.0,166.0,166.0,167.0,169.0
1593,impersonator,16.3,16.4,6.2,215.1,221.1,582.2,19.2
1351,impersonator,170.2,168.5,158.9,174.5,169.2,171.8,164.8
280,genuine,413.5,235.8,232.8,450.0,15.9,232.9,232.2
4151,impersonator,164.7,179.6,11.7,176.2,167.6,168.2,11.6
3125,impersonator,17.9,229.6,233.8,440.2,7.8,222.3,227.3
3450,genuine,164.0,180.0,157.0,171.0,170.0,171.0,171.0
1709,impersonator,12.9,26.0,950.6,637.4,29.3,18.3,19.5
4179,genuine,16.6,20.4,30.4,1359.4,17.1,18.8,19.2
3502,genuine,170.0,174.0,174.0,173.0,173.0,173.0,175.0
3721,genuine,168.0,171.0,171.0,171.0,170.0,170.0,167.0
3908,genuine,166.0,185.0,159.0,173.0,170.0,169.0,168.0
729,genuine,40.8,63.4,2272.2,12.6,88.0,72.5,64.1
1848,genuine,14.5,218.8,210.9,200.0,216.1,417.1,233.2
776,impersonator,169.1,170.5,169.3,180.9,174.2,172.7,174.4
2469,genuine,61.2,1498.5,15.8,19.1,19.9,1193.5,19.0
1820,impersonator,16.0,16.3,17.8,1535.1,103.5,86.2,788.1
2633,impersonator,165.4,169.0,165.8,167.6,173.7,168.9,164.6
2661,genuine,164.0,168.0,166.0,165.0,167.0,165.0,169.0
4379,impersonator,173.2,179.2,168.5,174.3,171.1,170.0,167.8
2303,impersonator,21.1,1274.2,20.4,1555.5,17.2,16.7,18.2
1485,genuine,163.0,180.0,156.0,169.0,168.0,170.0,169.0
1583,impersonator,169.9,175.4,173.1,171.5,173.7,170.9,173.6
774,impersonator,170.8,164.2,166.9,169.2,172.5,168.6,162.5
3062,genuine,170.0,172.0,175.0,173.0,172.0,174.0,173.0
1118,impersonator,165.2,168.7,176.2,175.4,169.9,169.0,163.1
4219,genuine,173.0,174.0,173.0,173.0,175.0,174.0,173.0
3126,genuine,171.0,175.0,177.0,173.0,172.0,171.0,173.0
494,genuine,13.3,235.1,228.8,232.6,434.1,16.3,233.3
4415,genuine,20.6,21.8,17.0,957.5,416.7,20.4,19.8
2869,impersonator,170.4,168.3,171.2,174.4,175.9,172.8,173.1
3785,genuine,16.1,18.8,1615.2,17.4,15.4,18.3,18.5
2336,genuine,12.8,216.2,417.1,232.1,433.9,16.2,233.1
1952,impersonator,168.4,167.2,173.5,177.9,176.9,174.6,176.1
107,genuine,16.3,21.6,975.5,423.1,16.7,19.9,19.2
2544,impersonator,169.5,162.1,171.3,175.3,165.8,170.2,164.8
3869,genuine,404.5,207.3,19.6,20.5,21.9,19.3,20.4
2506,impersonator,577.6,1448.6,9.5,24.8,25.3,15.1,9.9
3254,impersonator,20.7,429.2,396.0,29.0,16.5,20.7,430.1
764,genuine,227.3,232.6,233.0,450.5,15.6,233.6,233.3
1147,impersonator,15.1,19.6,862.3,423.3,20.4,23.7,19.7
1327,genuine,16.9,53.6,39.4,76.8,31.0,144.6,58.7
3494,genuine,17.6,19.7,1390.9,19.6,17.4,18.8,18.7
2419,impersonator,16.3,17.8,669.9,431.1,18.6,218.7,19.4
3656,genuine,228.3,433.9,15.6,232.7,233.5,233.3,433.4
3977,genuine,210.0,216.7,417.1,232.4,450.5,15.2,233.6
913,genuine,431.5,14.8,232.6,233.2,16.3,216.7,416.9
183,genuine,165.0,169.0,168.0,13.0,155.0,332.0,169.0
3523,impersonator,418.9,24.5,233.0,227.7,216.2,411.1,10.7
2263,genuine,166.0,169.0,167.0,168.0,169.0,168.0,168.0
2926,genuine,15.7,230.4,232.1,232.8,432.8,16.2,234.1
3076,impersonator,5.2,18.3,799.1,1406.8,19.7,17.9,16.4
1128,impersonator,163.5,183.0,165.8,171.4,169.0,169.9,171.7
1923,impersonator,168.5,168.6,176.6,183.2,170.7,173.5,171.2
787,genuine,17.5,21.4,16.8,18.6,18.5,47.0,34.8
3353,genuine,14.5,17.6,16.8,64.0,26.4,20.8,187.5
3961,impersonator,23.4,225.3,416.1,38.8,240.0,226.4,422.5
76,genuine,15.7,22.9,636.6,28.7,234.7,232.0,451.1
1708,impersonator,14.7,17.6,580.8,1283.3,22.8,21.5,15.8
1383,genuine,816.9,13.9,16.9,18.3,17.6,88.2,55.9
1801,impersonator,23.4,106.5,32.2,47.0,66.7,77.2,83.6
826,impersonator,56.7,560.4,19.6,22.9,21.0,18.8,13.6
1714,impersonator,21.0,11.0,201.2,215.7,406.1,215.6,433.2
2904,genuine,13.7,5.0,437.1,231.0,449.8,30.6,234.6
3148,genuine,167.0,172.0,170.0,171.0,173.0,171.0,166.0
895,genuine,164.0,175.0,157.0,169.0,171.0,9.0,167.0
4008,impersonator,231.0,240.4,20.4,220.8,457.4,24.9,220.3
3995,impersonator,170.4,176.4,157.5,174.4,171.6,172.6,166.4
4416,impersonator,16.7,15.3,722.9,605.8,21.5,24.7,16.7
2989,impersonator,168.3,176.7,162.8,242.9,346.4,167.4,16.6
4438,genuine,15.9,20.1,16.5,16.6,17.2,17.9,57.1
2998,impersonator,224.1,219.0,216.1,234.8,451.2,18.9,240.2
4396,genuine,17.9,25.2,38.8,50.2,1904.0,17.9,22.4
2191,genuine,18.1,20.5,217.5,216.1,199.0,216.1,618.5
1503,genuine,10.9,448.8,28.4,31.0,201.1,216.7,216.0
989,impersonator,166.1,170.7,171.6,162.1,165.8,163.4,165.3
216,impersonator,167.1,182.0,150.8,177.3,168.5,172.3,170.0
3793,genuine,14.8,16.7,173.2,17.7,17.1,17.5,20.5
3171,impersonator,174.6,164.9,20.3,180.2,170.5,176.4,173.8
2935,impersonator,26.2,1384.9,1305.2,12.2,19.0,16.7,26.1
382,impersonator,167.7,177.9,152.3,179.6,167.0,165.1,165.7
276,impersonator,14.9,10.5,29.2,18.6,930.8,172.5,18.7
2568,genuine,227.6,449.9,30.8,234.1,232.4,449.8,15.8
848,genuine,22.2,20.2,211.4,216.1,199.5,416.6,434.1
714,impersonator,164.1,163.7,166.8,168.9,167.3,170.8,163.8
3144,impersonator,13.8,13.3,693.5,1413.8,20.7,19.6,16.2
3185,genuine,17.4,21.4,966.5,421.7,16.4,19.2,19.5
3366,impersonator,16.1,12.2,30.9,139.6,72.0,170.4,87.8
1529,impersonator,17.1,24.1,417.8,15.6,16.5,104.1,21.4
2668,genuine,1213.4,17.8,17.6,18.1,18.3,2271.2,17.9
3931,genuine,15.9,12.2,218.3,213.6,416.6,233.1,16.5
4442,impersonator,166.1,168.5,159.1,176.4,169.0,170.2,165.8
4349,genuine,11.9,784.4,420.3,19.1,16.7,16.4,17.3
48,genuine,17.2,16.5,24.8,956.9,17.7,16.4,17.8
3720,genuine,478.1,17.1,33.9,76.0,88.2,87.4,100.0
1863,genuine,633.7,1711.1,18.7,17.4,18.3,76.9,77.4
741,genuine,229.3,232.9,16.3,215.9,417.4,232.9,432.7
951,impersonator,19.6,17.8,619.9,644.3,21.3,21.6,20.8
3246,impersonator,226.3,181.6,431.8,35.4,17.8,20.1,353.3
1932,genuine,430.1,233.1,16.1,216.4,417.0,233.3,16.1
4289,impersonator,92.9,1478.9,17.5,15.2,21.8,15.2,106.0
2773,impersonator,217.6,442.3,12.5,238.0,242.6,456.5,22.6
115,impersonator,413.2,8.4,210.7,243.1,428.1,20.7,15.8
1702,genuine,168.0,172.0,169.0,170.0,170.0,171.0,165.0
1701,genuine,164.0,166.0,166.0,167.0,168.0,167.0,167.0
3266,impersonator,20.0,12.5,421.4,23.9,21.5,22.0,19.7
4138,genuine,164.0,165.0,166.0,167.0,167.0,166.0,167.0
571,impersonator,162.3,180.7,164.8,167.5,172.8,171.5,169.2
618,impersonator,171.7,175.9,172.2,179.1,175.1,178.0,168.1
97,genuine,16.8,16.6,337.3,15.5,16.4,69.2,103.5
4075,genuine,16.7,18.9,978.2,631.3,21.9,16.6,19.4
3979,impersonator,170.6,167.1,152.1,173.6,175.3,172.8,175.3
2455,genuine,180.0,174.0,158.0,172.0,169.0,10.0,166.0
4027,genuine,28.8,215.4,228.7,433.8,16.1,233.4,233.4
2682,genuine,14.2,17.4,351.0,835.0,17.1,18.2,16.3
3724,genuine,164.0,168.0,168.0,168.0,168.0,168.0,168.0
3203,genuine,171.0,173.0,176.0,173.0,173.0,171.0,171.0
399,impersonator,164.6,162.8,162.5,176.9,170.7,173.6,170.8
3718,impersonator,170.7,181.2,150.8,175.7,169.8,174.3,171.3
2885,impersonator,19.1,1.9,206.9,231.0,198.6,224.8,218.3
1662,genuine,164.0,165.0,168.0,165.0,167.0,166.0,167.0
162,impersonator,171.9,167.9,181.0,284.2,173.6,172.3,172.1
3780,impersonator,169.6,181.8,151.1,177.2,165.7,169.9,167.9
757,impersonator,167.5,166.0,176.3,179.0,170.9,171.6,172.7
4379,genuine,170.0,174.0,175.0,171.0,172.0,175.0,174.0
3451,impersonator,9.6,242.2,210.1,436.2,434.7,23.7,244.9
335,genuine,169.0,171.0,169.0,171.0,171.0,172.0,166.0
3316,impersonator,19.4,17.4,28.4,914.8,22.1,26.5,19.0
492,genuine,181.0,180.0,153.0,168.0,171.0,11.0,166.0
2545,genuine,169.0,175.0,174.0,174.0,175.0,173.0,172.0
1004,impersonator,172.1,168.9,172.1,177.4,167.4,174.2,166.2
2391,genuine,2487.9,16.9,19.6,17.1,18.9,74.2,33.8
4411,genuine,164.0,189.0,156.0,169.0,171.0,168.0,13.0
990,impersonator,169.6,177.0,151.7,178.9,161.3,170.2,349.4
1458,impersonator,18.5,6.9,57.0,1531.6,433.1,23.9,23.0
2525,impersonator,165.2,174.4,12.6,357.4,221.2,164.6,161.7
446,genuine,138.8,127.0,31.3,267.0,10.5,16.8,16.2
576,genuine,16.8,17.5,983.0,631.5,20.0,18.3,19.6
2906,genuine,13.2,215.8,216.5,199.6,634.2,16.0,232.9
1805,genuine,162.0,167.0,169.0,166.0,166.0,167.0,166.0
1149,genuine,17.6,18.3,18.2,972.2,20.2,19.8,21.0
3089,impersonator,227.0,225.2,400.6,245.8,475.7,27.0,235.8
1208,impersonator,167.0,176.2,173.8,178.8,172.9,173.3,174.9
3503,impersonator,169.6,176.1,155.5,177.2,164.6,171.5,170.2
1660,genuine,12.4,11.9,214.1,214.7,216.5,199.7,633.7
4232,genuine,17.2,75.8,245.5,1689.4,16.7,18.0,19.1
2068,genuine,446.4,29.8,233.2,230.8,450.8,15.1,234.2
3704,genuine,15.1,18.1,20.7,17.3,951.4,838.8,19.9
130,impersonator,21.5,26.2,1087.3,17.0,21.4,24.0,17.6
629,impersonator,15.5,874.9,398.9,21.4,16.5,20.8,23.0
1941,impersonator,226.2,215.8,232.7,234.2,230.3,219.3,407.0
3676,impersonator,168.8,161.9,169.2,175.9,173.5,175.5,170.5
2021,impersonator,7.5,16.2,525.4,437.2,16.0,22.1,20.7
4143,genuine,20.3,13.4,15.8,16.9,1779.0,19.4,16.5
2928,genuine,163.0,184.0,167.0,166.0,166.0,184.0,166.0
767,impersonator,11.9,23.4,727.9,911.0,19.9,18.9,19.2
2807,genuine,233.2,429.0,16.9,16.1,216.6,199.8,633.7
552,genuine,171.0,174.0,175.0,172.0,172.0,173.0,172.0
1537,impersonator,163.5,171.9,170.8,26.4,163.1,165.1,166.7
3919,impersonator,168.0,174.3,158.8,174.0,169.8,166.8,167.8
4467,impersonator,4.2,20.8,197.1,434.8,16.4,233.4,740.1
3669,impersonator,164.9,171.6,162.0,169.6,174.7,170.4,166.4
3767,impersonator,165.4,177.6,157.4,181.2,164.0,171.5,170.0
3099,genuine,170.0,173.0,173.0,173.0,173.0,174.0,174.0
2560,genuine,167.0,172.0,170.0,170.0,170.0,172.0,165.0
3957,genuine,17.3,1371.9,206.0,17.2,18.6,19.1,20.4
1945,genuine,16.1,21.1,16.6,17.7,1586.2,16.8,19.5
2260,impersonator,165.3,169.5,172.0,171.9,166.2,165.9,164.0
1804,impersonator,233.3,388.7,17.9,37.3,240.7,25.4,15.5
3411,impersonator,234.5,235.7,396.5,236.2,444.7,18.3,228.3
3876,impersonator,17.6,14.4,15.1,1643.9,18.3,14.7,12.9
2915,impersonator,9.7,18.0,13.3,22.7,15.3,19.4,18.1
37,genuine,16.9,19.4,1586.0,17.2,19.3,19.0,21.0
1585,impersonator,20.7,12.9,113.1,1540.2,109.1,101.0,19.9
1685,genuine,1418.8,19.1,22.6,17.4,16.4,18.9,19.2
3147,genuine,232.1,229.2,217.1,16.3,216.4,216.6,199.7
1998,genuine,171.0,173.0,176.0,173.0,173.0,172.0,175.0
2316,impersonator,19.1,18.3,10.8,1221.5,22.1,19.1,18.6
3383,genuine,396.6,232.1,232.0,450.2,15.9,232.8,233.3
3955,genuine,16.7,16.2,977.0,631.5,18.0,16.2,19.9
1757,impersonator,3.6,22.5,500.8,25.5,16.5,22.4,27.2
67,impersonator,165.2,182.8,153.1,179.3,165.5,17.9,163.5
3761,impersonator,164.0,168.9,173.2,174.2,171.2,167.3,162.5
2042,genuine,165.0,168.0,169.0,166.0,167.0,168.0,168.0
3613,genuine,1577.5,23.8,16.4,431.7,19.9,18.4,19.8
2680,genuine,165.0,169.0,168.0,168.0,167.0,168.0,167.0
3394,impersonator,164.4,170.5,165.0,173.8,171.9,175.8,173.2
1864,genuine,19.8,19.1,1354.8,631.0,21.6,16.7,16.7
3970,genuine,19.6,20.1,390.6,207.8,20.8,18.0,18.8
2031,impersonator,229.7,241.8,234.7,243.3,458.5,25.0,237.9
1264,genuine,16.9,17.4,1414.3,18.0,16.1,21.1,17.2
2967,impersonator,164.3,393.3,1.8,28.8,8.5,170.5,14.7
319,impersonator,167.8,167.3,167.2,178.9,172.9,172.3,166.0
1925,impersonator,164.2,168.3,175.4,167.9,170.8,168.3,165.7
4391,genuine,19.3,17.1,775.4,422.6,16.7,17.4,18.6
271,genuine,162.0,167.0,168.0,165.0,167.0,166.0,167.0
1551,genuine,230.7,432.7,16.8,232.9,233.1,433.5,16.2
1466,genuine,166.0,171.0,169.0,173.0,172.0,172.0,166.0
2706,genuine,166.0,167.0,167.0,12.0,155.0,334.0,166.0
3514,impersonator,19.1,26.8,26.3,804.4,22.5,22.1,23.2
3271,genuine,198.9,430.3,15.5,233.5,232.8,233.6,433.7
1920,impersonator,172.5,173.4,172.6,177.1,171.2,171.3,169.4
4109,genuine,16.1,19.7,557.3,15.7,18.0,17.6,86.6
4065,genuine,447.1,27.6,232.8,233.1,232.9,449.8,16.2
3746,impersonator,166.0,166.1,172.8,178.1,174.8,167.9,163.4
1684,genuine,19.4,1478.0,18.4,18.1,19.7,20.2,14.9
2069,impersonator,22.5,14.1,13.5,1248.5,223.9,21.2,19.4
503,genuine,15.2,16.1,812.5,18.5,16.6,16.8,16.7
690,genuine,229.3,233.0,16.3,216.3,417.0,233.2,433.0
240,impersonator,162.2,158.6,164.1,165.3,166.7,162.7,160.5
2970,genuine,172.0,174.0,174.0,172.0,174.0,175.0,173.0
3961,genuine,233.6,228.7,433.7,16.0,233.4,232.9,232.8
2914,impersonator,166.6,177.0,152.0,171.3,170.8,167.7,166.5
1991,impersonator,18.1,16.9,28.8,583.4,70.6,55.0,71.1
4238,impersonator,16.8,18.9,26.0,18.1,89.5,98.7,96.6
1706,genuine,172.0,173.0,174.0,172.0,173.0,172.0,174.0
3211,genuine,230.3,232.3,232.9,233.4,233.6,233.1,233.3
1514,impersonator,18.5,223.6,214.3,429.5,5.7,224.0,222.0
314,impersonator,210.8,230.8,203.6,416.2,425.1,18.7,215.4
2840,impersonator,16.3,187.9,167.6,180.7,14.2,162.2,13.9
1982,genuine,170.0,173.0,174.0,173.0,173.0,172.0,171.0
4141,impersonator,169.6,171.6,174.5,177.9,169.6,171.3,173.1
1301,impersonator,219.2,243.2,230.3,441.4,437.5,229.6,233.6
3417,impersonator,22.3,21.0,10.6,226.0,221.7,438.2,16.0
3859,genuine,166.0,186.0,158.0,172.0,168.0,173.0,168.0
4031,genuine,16.9,20.0,983.2,630.4,22.9,16.9,20.1
2237,genuine,172.0,172.0,175.0,175.0,173.0,174.0,172.0
1374,genuine,163.0,180.0,157.0,172.0,168.0,171.0,170.0
3361,impersonator,18.3,19.7,1473.9,1474.0,95.6,20.8,21.1
4047,impersonator,1371.7,18.8,26.7,19.8,19.6,18.8,14.4
1331,impersonator,229.0,229.3,215.7,233.2,429.3,20.6,228.5
1348,impersonator,18.8,557.3,164.3,663.3,19.5,19.1,225.9
2103,genuine,16.5,19.1,951.0,837.1,22.3,17.8,19.8
3796,impersonator,161.1,163.7,158.2,167.7,170.6,164.6,164.0
568,impersonator,933.2,179.6,9.5,170.1,340.0,169.8,171.6
3861,impersonator,240.9,18.6,422.3,231.6,240.5,233.0,230.5
1291,impersonator,18.1,18.7,1572.6,219.7,205.4,431.6,17.1
3847,genuine,17.8,21.3,20.3,959.0,419.2,20.3,22.0
1826,impersonator,18.6,19.3,21.2,1132.5,889.3,22.2,23.9
1843,impersonator,166.7,164.9,163.5,164.6,162.7,18.3,164.3
2792,impersonator,161.1,171.8,166.2,173.7,165.2,167.4,164.6
3927,genuine,170.0,173.0,175.0,173.0,173.0,171.0,173.0
3867,impersonator,14.6,9.2,34.7,265.1,99.1,16.8,90.1
2072,impersonator,8.3,1280.0,399.6,23.6,17.9,16.7,16.3
2142,impersonator,167.0,166.4,163.2,163.7,160.6,167.8,166.2
4281,genuine,13.6,216.9,417.7,32.0,643.4,23.1,225.4
2938,impersonator,167.6,169.8,165.5,168.0,164.7,165.8,164.9
1158,impersonator,163.5,169.3,163.8,173.9,166.1,164.0,167.5
122,genuine,227.3,234.3,449.1,31.4,233.1,233.3,433.3
4422,impersonator,19.7,371.9,411.9,221.9,231.6,446.7,436.3
665,genuine,171.0,174.0,173.0,174.0,173.0,174.0,174.0
3755,genuine,430.7,16.3,236.4,232.3,450.2,31.0,234.0
2830,impersonator,14.0,21.5,379.5,21.0,19.0,16.3,224.9
360,impersonator,20.8,212.7,234.4,224.6,221.4,224.3,436.6
197,genuine,445.8,32.3,31.0,199.5,216.4,216.3,618.0
2288,impersonator,15.5,25.5,811.9,401.5,16.4,20.6,21.9
639,genuine,15.2,229.5,15.3,216.2,199.8,433.7,232.9
1740,impersonator,170.0,167.6,174.5,177.7,171.7,173.6,167.9
4234,genuine,15.5,19.6,17.3,774.2,19.7,17.2,18.2
3421,genuine,167.0,171.0,169.0,171.0,171.0,170.0,166.0
214,genuine,227.2,230.7,234.7,232.6,232.2,233.0,450.2
1175,genuine,164.0,168.0,167.0,14.0,151.0,330.0,167.0
1360,impersonator,163.2,168.0,165.7,176.1,166.9,166.7,173.3
3144,genuine,16.4,19.9,976.7,631.5,18.7,15.8,21.3
4401,impersonator,219.9,226.9,221.4,228.6,452.2,21.9,225.6
1707,impersonator,13.6,24.4,429.1,9.6,17.2,15.5,23.0
706,genuine,18.5,17.9,56.4,1538.3,20.1,19.1,19.1
3713,genuine,430.2,16.3,235.5,232.3,450.5,15.7,233.2
1086,genuine,164.0,168.0,167.0,166.0,167.0,167.0,166.0
435,genuine,17.3,214.4,212.8,416.3,233.2,433.7,16.3
4058,genuine,13.9,20.2,793.4,417.0,18.1,636.3,14.1
1641,genuine,444.9,31.8,233.5,31.0,199.8,218.0,616.4
672,impersonator,412.3,14.3,224.8,222.6,222.8,16.4,603.8
2097,genuine,13.4,432.6,16.5,233.2,16.2,216.4,199.8
2779,genuine,165.0,189.0,157.0,172.0,168.0,171.0,168.0
517,impersonator,16.2,219.7,346.8,451.7,22.0,22.6,238.7
2966,genuine,17.3,19.9,981.7,630.9,26.5,18.5,20.4
1512,genuine,1344.7,18.3,16.6,17.3,17.7,18.3,17.6
4203,impersonator,231.7,440.1,23.2,238.7,224.2,18.0,13.2
2951,impersonator,170.0,168.8,164.8,172.7,167.4,172.7,168.4
2497,impersonator,222.5,236.9,213.9,426.7,423.6,20.4,230.1
1129,impersonator,11.0,29.5,507.1,640.5,17.2,17.5,13.5
2102,genuine,171.0,171.0,175.0,173.0,173.0,173.0,174.0
118,impersonator,19.5,20.3,823.0,10.7,14.0,19.5,19.0
909,genuine,166.0,168.0,166.0,166.0,167.0,166.0,169.0
3058,genuine,171.0,173.0,176.0,171.0,173.0,174.0,173.0
1051,genuine,167.0,171.0,170.0,168.0,170.0,171.0,166.0
100,genuine,17.0,18.5,1626.1,17.1,19.5,20.3,18.5
346,impersonator,161.3,164.7,157.3,181.6,172.8,16.2,168.0
1774,genuine,823.0,391.1,17.2,18.1,19.4,18.9,19.0
463,impersonator,171.9,177.8,155.6,175.3,164.5,170.8,165.6
3564,impersonator,19.0,412.7,19.5,22.6,28.2,21.6,21.2
686,impersonator,20.9,107.5,128.7,1084.0,17.9,18.4,106.9
1479,impersonator,17.6,16.5,32.2,11.3,560.7,15.1,11.4
1074,impersonator,169.7,180.8,154.9,174.5,166.0,169.0,167.0
2412,impersonator,15.6,28.2,380.1,14.7,19.7,20.0,17.5
3623,impersonator,171.0,157.9,170.2,174.3,169.7,178.8,169.8
4453,impersonator,227.9,187.9,0.0,178.6,169.2,27.8,17.0
887,impersonator,169.9,164.3,165.1,173.1,173.9,177.8,171.9
2368,impersonator,165.9,165.2,170.6,180.6,167.4,171.1,169.7
4418,genuine,69.7,89.4,88.3,29.8,18.2,36.3,151.8
2749,impersonator,173.1,172.7,181.5,178.1,170.4,176.5,173.0
2516,genuine,168.0,170.0,170.0,173.0,171.0,170.0,166.0
246,impersonator,15.2,185.6,153.3,179.7,166.1,13.3,165.1
845,genuine,18.8,21.1,105.2,1267.6,21.4,21.9,21.4
4190,impersonator,10.5,166.0,166.8,171.4,174.2,167.5,19.9
1099,genuine,15.2,788.2,15.4,16.2,16.9,55.3,86.3
2558,impersonator,15.8,19.9,1496.4,1262.7,16.9,22.8,19.6
3604,genuine,171.0,174.0,173.0,171.0,173.0,173.0,176.0
3631,impersonator,164.8,181.8,158.0,179.5,164.9,168.4,342.0
2430,genuine,431.4,15.8,232.7,233.3,433.5,16.5,233.2
3938,impersonator,9.9,21.3,627.5,634.5,19.5,17.9,20.9
2878,genuine,12.6,2550.4,42.3,95.7,31.3,168.4,80.0
609,genuine,417.1,228.6,233.3,433.2,16.4,433.5,16.6
667,genuine,196.4,216.6,216.4,419.5,234.1,449.4,15.8
2688,impersonator,163.4,164.3,172.9,170.9,175.6,169.7,161.2
3561,genuine,231.2,230.9,233.4,233.2,232.7,433.9,15.9
1017,genuine,829.8,1468.2,16.1,18.1,17.3,19.9,16.7
547,impersonator,227.1,176.8,28.8,254.3,254.0,23.1,224.4
2599,impersonator,167.9,181.7,400.5,178.4,167.5,165.5,169.9
2607,genuine,14.7,17.7,783.9,420.1,16.0,17.7,16.7
582,impersonator,1083.1,1347.5,20.4,14.7,930.1,17.7,93.1
1152,impersonator,162.7,164.1,173.6,254.2,161.9,166.3,168.1
3081,impersonator,169.6,177.3,148.5,178.2,337.8,164.9,173.6
2985,impersonator,174.1,167.4,170.1,178.0,173.0,171.6,169.1
222,impersonator,164.2,165.6,183.3,175.1,166.7,173.0,171.3
760,genuine,19.4,18.1,328.8,838.5,20.6,21.0,20.9
1601,genuine,164.0,180.0,154.0,172.0,170.0,171.0,170.0
2049,impersonator,174.0,165.2,172.0,178.2,171.9,174.2,169.8
3791,genuine,14.4,357.5,840.2,15.7,16.9,17.8,15.8
2915,genuine,1377.6,19.7,17.8,19.6,19.3,19.6,19.6
865,impersonator,168.3,164.0,169.9,171.5,169.5,168.6,170.8
3275,genuine,165.0,172.0,170.0,170.0,173.0,170.0,165.0
1789,genuine,170.0,174.0,173.0,173.0,174.0,172.0,174.0
3272,impersonator,725.9,1400.0,31.8,28.7,20.2,18.2,18.8
3352,genuine,15.4,429.2,16.2,233.0,233.5,233.1,433.4
1615,impersonator,211.1,249.5,214.4,234.6,423.0,20.2,234.3
3632,genuine,168.0,173.0,170.0,171.0,172.0,171.0,167.0
4210,impersonator,168.0,186.5,153.6,175.5,167.8,165.4,332.2
1309,impersonator,234.3,418.5,37.4,19.5,230.5,226.7,226.2
1427,impersonator,169.9,171.7,177.7,180.1,178.0,175.0,176.1
752,genuine,17.3,11.2,214.8,433.5,233.2,233.2,432.9
1932,impersonator,421.4,12.8,220.9,222.6,445.1,13.7,445.3
493,impersonator,170.0,367.1,385.7,33.8,164.7,328.6,166.7
1162,genuine,171.0,171.0,176.0,173.0,174.0,172.0,175.0
2871,genuine,13.0,219.9,211.7,199.7,417.0,233.3,233.0
2561,impersonator,162.2,164.0,402.1,27.6,170.1,307.5,324.1
4404,impersonator,22.6,424.4,35.2,32.2,58.4,170.0,348.6
2849,genuine,170.0,173.0,174.0,174.0,173.0,172.0,174.0
2521,genuine,172.0,174.0,175.0,172.0,173.0,171.0,172.0
1939,genuine,165.0,166.0,168.0,164.0,167.0,169.0,167.0
1106,genuine,709.5,15.6,16.7,16.2,55.3,87.4,1919.6
1123,genuine,14.3,12.0,650.7,29.0,233.8,231.1,450.4
1690,genuine,170.0,170.0,168.0,170.0,172.0,169.0,167.0
3314,impersonator,404.8,28.5,142.8,221.7,232.2,436.2,16.8
2144,impersonator,16.0,423.6,18.4,15.2,1458.4,25.7,19.6
3302,genuine,231.5,13.7,216.6,200.1,216.5,215.6,200.0
1969,impersonator,169.6,169.9,175.7,173.3,169.8,172.2,166.5
956,genuine,172.0,172.0,174.0,172.0,174.0,174.0,173.0
3991,genuine,164.0,170.0,167.0,166.0,169.0,167.0,167.0
1012,genuine,166.0,168.0,167.0,168.0,166.0,167.0,166.0
3636,genuine,163.0,165.0,167.0,167.0,166.0,167.0,165.0
1276,impersonator,11.9,14.6,1335.3,16.5,16.8,20.1,15.8
1413,impersonator,166.5,164.4,167.9,175.0,172.4,173.0,168.5
365,genuine,162.0,166.0,168.0,166.0,167.0,165.0,166.0
212,impersonator,174.1,177.5,152.6,172.9,168.7,176.9,167.6
1536,impersonator,222.5,231.7,207.0,433.7,420.5,18.2,233.9
2527,impersonator,169.9,185.1,151.7,171.0,164.5,169.1,168.1
1908,impersonator,166.8,183.2,162.3,176.0,170.3,166.7,164.1
792,impersonator,721.9,450.6,17.9,26.7,107.3,24.4,89.3
756,impersonator,166.6,167.1,407.2,30.0,171.4,167.8,166.6
3359,impersonator,174.4,172.5,157.6,177.7,169.7,172.1,170.8
3555,impersonator,171.4,170.9,128.1,173.3,165.4,174.3,166.8
3506,genuine,165.0,167.0,169.0,14.0,151.0,334.0,166.0
1102,impersonator,225.4,415.1,390.2,180.5,228.9,23.6,230.4
2600,genuine,164.0,169.0,166.0,165.0,165.0,167.0,167.0
4480,impersonator,17.5,25.1,398.9,769.5,24.5,15.0,21.7
3307,impersonator,169.0,168.3,167.2,181.0,177.0,170.2,165.6
3167,genuine,165.0,174.0,168.0,173.0,171.0,170.0,166.0
3899,impersonator,166.7,174.7,0.0,177.8,170.2,19.0,172.6
699,impersonator,16.3,27.1,958.1,21.4,16.6,727.8,19.6
225,impersonator,447.7,12.8,17.5,227.0,228.5,428.6,13.7
556,impersonator,19.7,162.1,176.7,177.5,170.4,172.7,171.4
430,genuine,163.0,165.0,167.0,167.0,164.0,167.0,167.0
1914,impersonator,18.6,10.4,631.3,14.3,14.8,14.9,12.1
1374,impersonator,371.4,174.6,19.8,182.3,171.3,15.5,17.2
1320,genuine,16.3,14.2,211.6,413.3,233.3,233.3,433.7
2136,genuine,170.0,173.0,173.0,173.0,174.0,173.0,173.0
2259,impersonator,11.7,20.3,1239.0,23.8,20.9,775.7,20.7
3308,genuine,164.0,165.0,168.0,166.0,167.0,168.0,165.0
484,genuine,172.0,174.0,174.0,173.0,175.0,173.0,171.0
1352,impersonator,20.3,1564.0,363.5,26.3,14.8,219.1,443.0
378,genuine,17.1,15.9,16.3,17.2,1974.1,17.3,24.9
2941,impersonator,168.9,176.1,155.4,146.8,166.8,164.9,164.9
2999,impersonator,10.7,20.7,712.0,1458.3,23.2,17.1,14.8
1865,genuine,13.5,451.9,31.4,15.6,217.6,215.7,216.4
4206,impersonator,231.6,222.4,233.1,234.6,439.7,21.2,453.3
3549,genuine,165.0,168.0,167.0,168.0,167.0,168.0,167.0
1474,genuine,17.8,18.6,975.3,632.6,17.9,17.0,19.4
1396,impersonator,170.0,169.4,168.6,180.1,174.6,176.9,169.5
34,impersonator,22.0,14.6,13.7,960.4,934.6,94.9,20.9
1036,impersonator,10.7,24.2,717.3,436.3,18.1,16.1,21.1
1319,impersonator,167.5,181.2,151.4,177.8,168.2,168.1,165.4
71,genuine,166.0,189.0,154.0,171.0,169.0,11.0,167.0
1068,impersonator,8.7,21.1,663.9,426.6,15.6,15.6,20.1
634,genuine,171.0,174.0,176.0,171.0,176.0,173.0,173.0
57,genuine,229.6,433.0,16.6,233.1,232.3,233.3,433.3
3297,impersonator,159.1,394.7,169.3,170.0,165.0,317.5,163.3
2490,impersonator,242.3,17.4,16.6,237.3,217.5,420.5,13.4
4120,genuine,15.3,216.0,413.8,233.1,433.6,16.2,233.4
3892,genuine,164.0,168.0,166.0,165.0,168.0,169.0,168.0
2522,impersonator,170.7,176.6,169.4,175.4,168.6,171.3,163.4
2321,genuine,165.0,166.0,168.0,166.0,165.0,167.0,166.0
77,genuine,170.0,174.0,173.0,174.0,173.0,174.0,174.0
13,genuine,166.0,194.0,11.0,150.0,332.0,168.0,166.0
972,impersonator,171.7,182.5,149.7,180.3,172.5,172.4,169.2
2740,genuine,169.0,172.0,175.0,173.0,173.0,173.0,172.0
2669,impersonator,435.2,19.1,229.3,230.3,214.0,224.6,421.8
2363,impersonator,166.1,164.3,175.3,173.8,175.8,170.7,162.3
1806,impersonator,163.8,169.1,164.4,172.2,161.6,167.3,167.4
861,impersonator,16.9,224.6,220.6,229.4,419.6,19.6,217.2
1220,genuine,987.9,207.2,18.4,20.1,20.0,20.1,20.7
1677,impersonator,22.5,80.7,29.2,17.6,50.2,91.6,65.3
4037,impersonator,170.5,181.5,156.3,175.5,167.1,170.0,170.1
1652,impersonator,164.9,177.0,152.8,170.8,161.4,166.5,167.2
1434,impersonator,424.5,243.2,220.2,233.9,437.4,19.4,225.6
2326,genuine,164.0,170.0,159.0,170.0,169.0,170.0,11.0
3704,impersonator,16.7,21.8,419.0,15.4,12.1,61.9,22.8
4007,impersonator,173.1,169.5,172.3,177.5,176.0,178.5,177.7
3070,impersonator,9.8,23.4,24.3,12.0,14.0,17.9,20.1
3811,impersonator,21.5,17.8,945.4,229.9,84.6,27.0,19.1
2370,impersonator,162.6,167.0,163.5,177.5,174.1,173.0,167.0
575,impersonator,234.2,223.3,389.2,29.1,234.5,233.3,238.4
1456,impersonator,13.7,47.6,33.2,300.6,96.6,25.5,93.3
4281,impersonator,24.6,9.9,13.4,157.8,216.4,214.6,434.2
3122,impersonator,160.6,180.4,163.9,181.3,165.6,171.5,168.6
2224,impersonator,18.7,23.9,1351.7,651.6,23.2,20.9,22.2
829,genuine,165.0,169.0,168.0,165.0,167.0,168.0,168.0
983,impersonator,19.8,214.7,449.3,30.7,231.7,19.2,435.9
2337,impersonator,162.5,175.9,162.8,175.6,174.5,173.1,173.1
3304,genuine,164.0,186.0,157.0,169.0,171.0,171.0,168.0
4269,impersonator,243.9,224.9,210.8,224.8,223.6,442.2,410.9
3988,impersonator,164.5,174.7,165.6,176.5,172.0,171.3,166.0
4127,genuine,164.0,168.0,167.0,167.0,168.0,167.0,169.0
2605,impersonator,223.6,244.9,230.6,231.8,438.7,16.4,237.5
3044,impersonator,18.4,19.9,26.3,232.3,20.8,16.6,19.0
1555,impersonator,225.8,229.0,11.9,244.9,454.1,27.0,15.7
3992,genuine,166.0,188.0,15.0,150.0,333.0,167.0,183.0
2905,genuine,13.7,234.0,229.4,232.8,233.0,200.0,233.0
1985,genuine,17.6,19.6,981.8,631.3,23.1,20.1,17.6
3678,genuine,12.5,233.5,231.5,433.3,16.6,233.1,233.3
4172,genuine,170.0,173.0,174.0,174.0,189.0,171.0,170.0
1036,genuine,15.1,17.5,1402.9,16.5,16.3,422.0,17.2
651,genuine,163.0,174.0,157.0,169.0,171.0,10.0,166.0
3112,impersonator,158.6,163.3,163.7,251.6,169.0,327.7,165.1
3554,impersonator,27.0,8.1,206.5,220.7,199.9,208.5,419.7
3337,impersonator,1425.1,416.9,10.2,24.4,1766.2,23.2,20.6
3344,impersonator,166.3,163.3,162.6,20.3,162.4,166.8,164.8
2459,impersonator,14.3,21.5,342.3,26.0,29.8,23.6,23.0
3229,genuine,17.6,18.2,17.3,582.9,17.7,19.5,16.8
1603,impersonator,224.7,222.1,404.8,232.8,457.4,23.6,230.8
3104,impersonator,164.4,166.5,154.5,176.1,169.9,168.9,167.3
839,genuine,412.3,232.9,433.4,16.9,232.7,233.2,433.3
1240,genuine,199.0,132.0,167.0,166.0,165.0,165.0,168.0
4141,genuine,180.0,172.0,154.0,171.0,172.0,171.0,169.0
3680,genuine,167.0,171.0,169.0,168.0,168.0,168.0,169.0
4097,impersonator,11.0,1459.4,21.6,23.8,12.5,11.9,17.5
2189,impersonator,168.1,178.7,353.1,176.6,162.6,168.4,166.7
4332,genuine,230.2,232.3,433.5,15.9,233.1,433.7,16.3
4230,impersonator,13.5,21.6,11.5,18.4,24.8,23.7,640.8
39,genuine,168.0,172.0,171.0,170.0,170.0,173.0,163.0
4335,impersonator,14.9,18.2,373.9,24.9,17.9,18.5,19.4
3207,impersonator,167.8,165.4,161.4,176.8,165.5,317.5,167.2
3705,impersonator,15.9,18.6,143.9,1714.3,22.1,23.2,20.8
2963,impersonator,19.7,14.0,18.8,14.0,73.3,230.6,73.8
1170,genuine,166.0,169.0,8.0,160.0,332.0,168.0,168.0
2040,impersonator,20.4,216.4,201.4,219.1,223.8,216.5,409.5
362,genuine,168.0,172.0,170.0,172.0,172.0,171.0,167.0
3419,impersonator,225.7,407.6,24.9,238.3,249.1,438.6,16.8
3638,genuine,170.0,172.0,175.0,175.0,172.0,175.0,173.0
3603,genuine,230.2,16.0,216.7,218.5,199.7,418.0,232.0
1785,impersonator,164.5,166.6,167.5,168.7,169.4,165.0,163.3
2567,genuine,14.1,230.7,233.1,233.3,16.4,216.3,417.7
1289,genuine,204.1,85.2,187.7,187.9,188.0,826.4,21.8
3153,genuine,169.0,174.0,174.0,173.0,174.0,173.0,173.0
2133,impersonator,168.4,182.0,154.8,179.9,174.4,170.5,166.9
1731,impersonator,160.1,167.7,171.7,178.6,182.8,168.4,175.2
544,genuine,165.0,188.0,156.0,170.0,168.0,1.0,187.0
3374,impersonator,8.2,440.6,2.0,30.6,775.6,21.5,16.6
2531,impersonator,235.8,415.2,2.5,41.7,232.4,222.4,11.0
3253,impersonator,165.4,182.7,166.2,178.8,165.4,171.3,168.5
3183,impersonator,23.6,414.4,9.8,32.5,21.4,21.1,18.4
2436,impersonator,171.8,170.3,179.8,168.8,172.9,175.2,169.8
2518,impersonator,170.4,167.7,180.2,177.4,172.0,172.5,168.7
3839,genuine,172.0,175.0,174.0,173.0,173.0,174.0,172.0
4304,impersonator,164.0,173.4,170.9,173.8,170.8,168.2,165.3
4303,genuine,170.0,169.0,168.0,171.0,171.0,170.0,167.0
1237,genuine,16.6,1196.2,19.3,17.1,16.9,18.0,1034.6
1780,impersonator,170.4,172.9,175.2,172.9,172.3,171.6,173.8
3996,genuine,164.0,183.0,165.0,166.0,166.0,166.0,168.0
2673,genuine,17.3,20.0,1161.6,633.1,20.4,17.5,20.7
2636,genuine,171.0,171.0,170.0,174.0,172.0,170.0,167.0
4209,impersonator,169.1,173.2,173.0,173.1,173.1,171.3,165.9
2473,impersonator,170.7,166.2,176.6,179.9,173.7,172.9,166.4
2124,impersonator,81.8,1366.8,31.2,18.7,20.8,172.9,24.9
2323,genuine,1533.3,19.3,14.9,630.6,18.4,14.8,17.6
1346,genuine,164.0,183.0,153.0,171.0,9.0,167.0,333.0
2816,genuine,19.1,16.5,17.3,546.1,21.6,20.3,18.4
4139,genuine,167.0,173.0,168.0,173.0,170.0,171.0,164.0
3953,impersonator,21.5,391.8,10.5,242.5,227.1,433.1,14.9
1119,genuine,445.5,29.2,233.2,232.8,451.2,15.3,232.6
1948,impersonator,15.5,230.3,219.4,445.4,17.7,225.2,425.1
4464,impersonator,12.0,21.2,0.6,228.9,706.3,445.4,97.9
691,genuine,172.0,171.0,176.0,172.0,175.0,173.0,172.0
1274,genuine,173.0,173.0,169.0,170.0,169.0,173.0,167.0
679,genuine,173.0,176.0,176.0,4.0,170.0,11.0,335.0
4135,genuine,170.0,172.0,172.0,173.0,174.0,172.0,173.0
411,impersonator,13.5,417.7,4.0,179.8,230.2,436.8,19.0
238,impersonator,15.8,1651.3,11.0,26.3,15.0,16.5,19.8
3430,impersonator,12.5,18.2,930.4,12.9,21.4,17.5,27.0
1049,genuine,164.0,231.0,127.0,161.0,187.0,176.0,172.0
661,genuine,15.7,22.5,1194.9,20.9,16.0,16.6,17.4
74,genuine,17.6,12.8,16.5,17.2,780.5,18.0,16.9
4298,impersonator,20.9,235.5,388.1,16.0,218.2,219.9,423.4
615,impersonator,13.2,24.5,30.4,1387.8,17.2,19.6,18.0
2799,genuine,416.7,229.0,16.1,216.5,617.3,16.0,233.5
1352,genuine,12.4,15.6,1163.4,16.7,17.5,17.6,20.3
3349,genuine,166.0,166.0,167.0,165.0,166.0,169.0,166.0
1310,impersonator,229.8,232.2,396.4,225.7,219.1,217.6,218.8
716,impersonator,165.4,163.3,175.9,169.3,167.8,169.2,164.1
3842,impersonator,12.3,23.6,437.8,19.1,22.6,19.5,17.7
4232,impersonator,791.5,1543.1,11.2,20.5,24.3,20.6,17.7
2220,genuine,169.0,173.0,176.0,173.0,174.0,175.0,175.0
290,impersonator,227.0,231.4,209.1,431.1,222.4,229.4,428.5
1439,genuine,167.0,174.0,171.0,175.0,345.0,16.0,186.0
2610,impersonator,165.4,160.6,162.8,166.9,170.5,175.3,164.4
4215,impersonator,227.1,230.9,382.7,444.6,21.7,235.0,212.7
2755,impersonator,169.6,168.2,172.2,171.8,167.6,177.7,175.4
2315,impersonator,225.5,457.9,438.1,34.2,233.3,234.5,9.8
2048,genuine,15.8,19.8,25.9,78.5,57.5,15.1,127.7
1167,impersonator,16.9,24.0,34.0,1125.2,18.4,21.7,20.9
1505,impersonator,21.6,13.8,21.7,1395.5,22.3,25.5,21.6
3675,genuine,168.0,186.0,154.0,171.0,169.0,168.0,170.0
2812,genuine,163.0,179.0,158.0,171.0,168.0,171.0,171.0
1839,genuine,181.0,173.0,157.0,171.0,168.0,172.0,169.0
3965,genuine,19.9,16.0,973.0,22.3,17.9,20.2,19.4
4099,impersonator,170.1,172.6,160.7,176.7,168.4,173.4,167.2
4068,impersonator,16.5,14.2,359.4,25.5,19.2,24.5,436.1
2085,genuine,165.0,166.0,167.0,15.0,152.0,331.0,168.0
2641,genuine,16.8,25.5,69.0,1898.6,19.7,19.2,18.8
1566,genuine,18.4,1412.7,19.0,16.4,16.0,16.8,17.3
574,impersonator,168.9,177.5,150.3,171.3,169.3,167.7,167.2
1609,impersonator,11.3,18.0,157.2,172.6,268.6,415.4,216.9
3922,impersonator,16.3,229.3,220.8,435.7,220.7,237.5,445.6
1205,genuine,227.6,233.8,450.9,29.0,233.0,233.7,232.9
1894,genuine,15.6,12.2,214.2,216.5,199.7,216.4,417.0
2164,genuine,164.0,186.0,157.0,171.0,170.0,170.0,169.0
3738,genuine,28.7,34.4,104.9,38.2,47.9,32.8,30.7
548,impersonator,846.2,1716.2,19.5,17.6,23.7,24.1,78.4
793,impersonator,164.3,167.3,161.7,170.3,165.3,170.2,163.9
2503,impersonator,166.7,171.5,172.9,168.1,166.6,168.6,166.0
1142,genuine,170.0,173.0,175.0,174.0,173.0,173.0,173.0
587,genuine,223.8,199.5,232.5,233.1,233.4,17.0,416.6
3310,impersonator,222.6,216.9,213.4,227.8,218.8,235.1,413.5
438,genuine,166.0,187.0,4.0,167.0,333.0,166.0,167.0
729,impersonator,2.2,18.6,676.0,440.6,23.5,18.6,25.4
2912,impersonator,420.6,444.0,26.3,225.0,231.5,426.2,19.6
3283,genuine,164.0,186.0,152.0,170.0,171.0,169.0,170.0
1199,impersonator,18.5,22.3,18.2,1310.6,1609.6,19.4,20.8
3659,impersonator,23.0,23.8,214.8,226.3,207.1,218.1,417.8
4112,genuine,214.5,212.9,199.3,416.9,232.9,417.0,16.6
2300,impersonator,174.2,172.2,186.0,179.2,172.8,171.6,168.1
3791,impersonator,166.2,172.1,169.4,176.4,170.4,171.3,170.7
1935,impersonator,14.8,1180.6,29.6,19.8,13.5,20.0,17.6
899,genuine,432.1,14.8,14.7,216.7,216.4,199.9,634.0
774,genuine,165.0,14.0,153.0,334.0,169.0,166.0,167.0
468,genuine,164.0,176.0,156.0,171.0,170.0,10.0,167.0
4458,genuine,450.3,39.7,249.4,251.7,247.9,221.1,27.3
3398,genuine,163.0,189.0,153.0,171.0,170.0,171.0,169.0
3924,genuine,171.0,171.0,175.0,176.0,171.0,172.0,174.0
1037,impersonator,162.3,166.8,168.3,171.8,174.4,169.5,169.3
2750,impersonator,15.6,14.9,13.5,1478.3,19.3,20.4,15.6
2058,genuine,164.0,166.0,165.0,165.0,165.0,166.0,166.0
61,impersonator,18.1,690.4,422.5,26.5,19.5,174.2,95.8
3104,genuine,350.0,192.0,162.0,176.0,176.0,172.0,3.0
3685,genuine,613.2,222.7,21.1,16.7,18.7,15.6,40.9
4412,genuine,166.0,166.0,169.0,165.0,166.0,168.0,167.0
3384,genuine,18.2,21.5,951.2,836.4,19.1,20.3,23.9
1733,impersonator,164.9,165.2,162.1,174.3,174.3,175.6,168.0
970,genuine,166.0,186.0,157.0,172.0,170.0,168.0,171.0
2984,impersonator,16.2,16.9,801.9,18.9,17.3,21.6,337.6
2567,impersonator,166.2,167.8,175.4,181.0,174.7,172.8,174.2
1553,genuine,17.6,22.9,965.0,421.4,15.9,19.4,19.3
344,genuine,230.1,233.1,233.3,433.2,16.4,233.3,233.5
4307,genuine,429.9,16.1,233.1,233.2,16.4,216.3,617.2
967,genuine,18.2,19.6,1446.2,23.2,21.9,18.5,21.1
1728,genuine,166.0,167.0,168.0,167.0,167.0,166.0,169.0
3112,genuine,164.0,180.0,153.0,170.0,168.0,171.0,170.0
2648,impersonator,8.9,17.3,54.1,609.3,434.6,14.9,24.9
2529,impersonator,25.8,452.1,421.5,245.1,443.9,226.1,716.3
2041,impersonator,167.1,170.0,162.5,178.9,166.5,166.2,161.7
276,genuine,168.0,190.0,9.0,150.0,350.0,167.0,166.0
2238,genuine,20.7,3.7,427.8,232.6,433.6,16.5,233.0
497,impersonator,176.4,179.1,152.4,171.7,170.4,169.3,168.0
598,genuine,166.0,166.0,170.0,167.0,6.0,164.0,332.0
4437,impersonator,163.0,167.0,161.1,171.7,162.9,167.5,164.0
1444,genuine,431.8,15.2,232.1,233.0,233.4,16.7,216.2
3498,genuine,163.0,168.0,168.0,167.0,168.0,167.0,169.0
3799,impersonator,167.8,171.3,166.1,173.5,173.7,171.2,165.3
681,genuine,20.7,19.5,73.5,1475.8,18.8,19.4,19.5
3963,genuine,230.4,235.9,449.5,15.2,233.9,233.5,450.2
3723,genuine,15.9,17.2,971.4,632.0,18.9,16.9,20.3
4206,genuine,172.0,175.0,173.0,172.0,174.0,174.0,176.0
3531,genuine,18.3,15.2,1608.0,16.7,18.6,18.1,18.1
1784,genuine,16.2,20.8,18.0,1389.6,19.0,19.6,18.2
2150,genuine,15.1,434.4,11.9,15.5,216.3,216.6,200.0
311,genuine,229.9,16.0,216.4,199.7,216.5,633.9,16.4
2377,genuine,17.6,1194.1,15.3,16.9,17.3,17.6,15.9
2675,genuine,35.8,2111.3,17.7,18.9,48.4,84.1,31.6
1133,impersonator,228.8,234.0,450.7,219.9,463.3,20.1,226.5
1591,genuine,172.0,172.0,174.0,174.0,174.0,173.0,174.0
3937,impersonator,157.8,183.0,150.7,173.7,157.7,12.6,166.1
1460,impersonator,1819.7,1210.1,24.2,18.4,19.2,18.6,11.9
1739,impersonator,161.6,160.2,166.8,171.5,169.7,167.3,167.1
990,genuine,429.6,15.7,233.2,233.3,433.4,16.5,433.4
2100,impersonator,14.5,17.3,8.0,230.6,202.0,413.2,412.2
2283,impersonator,164.6,171.5,178.6,174.5,174.5,167.8,170.1
4113,genuine,180.0,173.0,157.0,172.0,170.0,11.0,166.0
581,impersonator,419.7,14.5,221.2,233.1,412.0,18.9,429.0
2916,genuine,368.3,15.8,17.5,49.9,56.2,55.4,47.7
3457,genuine,165.0,171.0,172.0,172.0,170.0,171.0,166.0
2868,genuine,16.3,18.0,24.6,1149.7,2.7,17.6,1039.2
1807,impersonator,171.4,169.9,176.2,177.2,180.1,176.0,175.8
1384,genuine,180.0,181.0,148.0,172.0,167.0,15.0,167.0
157,genuine,164.0,186.0,156.0,170.0,170.0,171.0,169.0
2036,impersonator,16.3,7.9,222.3,214.3,214.4,215.7,224.7
1184,genuine,19.6,20.2,414.4,232.7,433.6,15.8,233.9
4493,impersonator,27.0,12.1,224.2,240.9,206.7,15.4,425.8
4048,impersonator,10.6,16.3,689.0,21.5,11.4,19.0,22.0
673,genuine,168.0,170.0,170.0,173.0,169.0,173.0,167.0
3709,genuine,3.9,11.5,34.6,1222.8,41.5,9.1,31.7
25,genuine,19.9,15.8,438.2,232.5,450.8,29.9,234.3
932,genuine,172.0,174.0,173.0,173.0,173.0,172.0,174.0
1891,genuine,188.0,8.0,150.0,350.0,166.0,167.0,167.0
301,impersonator,21.4,22.3,31.3,634.9,103.7,22.3,226.5
3544,genuine,167.0,168.0,168.0,169.0,168.0,172.0,166.0
3322,genuine,216.5,413.1,233.3,433.4,16.4,232.5,233.3
3994,genuine,213.4,198.5,216.5,634.8,15.4,233.4,15.0
480,genuine,28.3,37.4,55.6,546.3,17.0,17.1,17.0
1890,impersonator,417.5,222.7,195.6,217.7,425.5,12.0,239.4
4275,genuine,229.6,232.3,450.7,31.7,233.7,450.2,15.9
1026,genuine,165.0,167.0,167.0,166.0,166.0,166.0,168.0
3230,genuine,165.0,168.0,167.0,167.0,168.0,168.0,168.0
1448,genuine,229.3,232.8,432.3,16.5,233.2,233.3,233.4
1324,impersonator,165.6,169.1,158.2,179.5,174.0,170.4,166.4
720,impersonator,20.2,24.1,1148.7,613.2,16.6,16.2,12.9
884,impersonator,11.4,14.1,15.9,22.6,10.3,16.4,16.9
1804,genuine,164.0,168.0,168.0,167.0,167.0,169.0,167.0
332,impersonator,420.6,32.1,220.2,221.9,430.0,18.9,227.6
3528,genuine,166.0,167.0,169.0,168.0,167.0,168.0,167.0
2162,impersonator,16.0,1.5,1033.2,8.9,8.2,229.4,20.1
2982,genuine,172.0,172.0,173.0,172.0,173.0,173.0,172.0
222,genuine,167.0,188.0,154.0,170.0,169.0,168.0,14.0
1913,genuine,2512.5,13.1,19.0,19.4,18.9,20.0,16.7
1699,genuine,164.0,186.0,156.0,170.0,169.0,171.0,170.0
1154,impersonator,20.5,22.8,26.9,900.6,1806.5,25.9,14.8
3995,genuine,166.0,168.0,172.0,171.0,167.0,170.0,171.0
3559,impersonator,19.2,22.9,930.9,607.6,12.6,12.6,11.8
3883,genuine,18.0,19.1,161.9,626.7,16.2,17.2,16.3
275,genuine,164.0,167.0,165.0,168.0,166.0,169.0,167.0
3290,impersonator,19.2,823.7,0.7,25.5,23.8,25.8,14.6
347,genuine,15.1,15.1,16.9,1361.8,17.0,20.9,16.3
2056,impersonator,7.1,23.3,448.0,19.4,25.0,24.7,446.9
4061,impersonator,170.4,187.2,154.6,177.3,171.6,174.8,164.4
4333,genuine,170.0,174.0,175.0,175.0,173.0,171.0,176.0
1662,impersonator,175.5,173.7,175.3,175.7,174.1,172.6,172.2
3325,impersonator,163.6,165.1,178.4,165.1,161.1,163.8,164.7
2177,impersonator,218.7,167.3,157.8,15.0,163.4,13.4,166.5
2621,genuine,165.0,167.0,16.0,484.0,8.0,17.0,311.0
3635,impersonator,10.4,26.3,549.8,458.8,28.5,25.1,246.2
827,genuine,16.9,20.5,790.5,421.2,20.4,29.8,9.1
251,genuine,172.0,174.0,191.0,165.0,174.0,347.0,32.0
3205,genuine,164.0,167.0,168.0,165.0,167.0,170.0,168.0
108,genuine,163.0,168.0,165.0,3.0,163.0,5.0,325.0
2383,impersonator,160.8,162.8,166.5,167.5,159.5,164.1,166.3
2301,impersonator,168.9,169.9,175.3,175.6,174.4,15.4,175.5
4004,impersonator,10.9,21.4,882.9,636.3,17.2,24.9,24.4
551,impersonator,25.3,1450.2,15.1,19.3,13.6,440.4,16.0
2159,impersonator,23.3,21.7,27.8,25.7,1878.3,96.3,19.2
2886,genuine,172.0,172.0,173.0,173.0,173.0,173.0,174.0
490,impersonator,168.9,183.9,146.8,176.1,171.9,170.6,16.7
4383,impersonator,167.2,163.8,160.5,162.9,169.5,165.7,163.9
2710,genuine,164.0,168.0,167.0,167.0,169.0,165.0,170.0
1974,genuine,166.0,169.0,169.0,167.0,165.0,166.0,168.0
3241,impersonator,16.9,216.5,223.5,438.8,8.4,214.1,428.7
283,impersonator,165.1,167.8,168.1,172.8,166.1,167.9,163.5
918,impersonator,10.3,22.4,756.6,929.0,16.7,19.9,14.8
884,genuine,18.1,20.3,19.1,1581.7,18.3,20.8,19.8
248,genuine,1409.0,15.3,16.0,18.6,16.1,16.9,18.4
1135,impersonator,458.6,7.2,226.8,221.2,226.7,215.6,413.9
1727,impersonator,171.7,175.7,162.9,175.3,164.7,168.1,166.2
1778,impersonator,162.2,166.3,174.1,174.3,173.3,172.3,169.8
680,impersonator,171.7,178.1,176.0,177.0,171.2,176.3,177.0
1935,genuine,170.0,173.0,176.0,173.0,175.0,174.0,173.0
2682,impersonator,16.5,224.8,204.7,249.9,7.8,19.7,222.3
3958,impersonator,170.2,163.0,183.9,181.5,169.7,175.1,172.3
1295,impersonator,1658.0,30.6,15.6,16.1,1620.4,93.3,17.0
4059,genuine,167.0,190.0,154.0,171.0,169.0,168.0,13.0
2383,genuine,27.0,1591.0,22.4,811.2,18.2,17.4,17.3
1670,impersonator,17.2,23.7,87.8,951.1,18.3,19.2,18.9
3129,genuine,164.0,168.0,166.0,166.0,165.0,166.0,166.0
2426,impersonator,18.3,20.7,92.1,1277.9,19.3,94.3,22.1
2769,impersonator,163.4,162.0,165.9,166.4,166.6,168.2,164.5
4036,genuine,15.1,18.2,964.3,839.6,20.7,22.7,18.4
3491,genuine,163.0,180.0,155.0,171.0,169.0,170.0,169.0
564,impersonator,164.2,161.0,176.4,164.5,167.2,322.3,163.1
270,impersonator,167.8,172.7,148.8,174.0,169.4,18.0,171.7
2606,impersonator,169.3,165.7,173.2,247.0,175.5,175.7,174.0
1283,genuine,169.0,174.0,175.0,174.0,171.0,175.0,173.0
976,impersonator,228.1,423.7,8.7,233.8,231.1,452.1,225.2
167,genuine,158.5,636.3,20.4,21.4,22.1,22.0,24.0
1959,genuine,171.0,174.0,173.0,173.0,172.0,174.0,173.0
1389,impersonator,164.5,165.4,172.4,180.0,167.6,168.8,161.6
4392,impersonator,171.0,170.3,174.7,178.4,162.3,175.5,172.4
1486,genuine,225.6,234.3,233.2,232.3,449.6,16.6,232.9
3688,impersonator,167.2,175.6,152.0,171.9,164.7,168.5,163.2
940,genuine,164.0,169.0,168.0,166.0,167.0,168.0,168.0
1112,genuine,163.0,170.0,167.0,167.0,166.0,167.0,168.0
1034,impersonator,22.2,455.1,21.4,29.9,16.4,18.9,53.5
1288,genuine,20.6,16.3,420.6,220.9,15.1,18.9,18.7
458,genuine,165.0,167.0,166.0,168.0,167.0,168.0,167.0
2265,impersonator,159.9,169.0,166.5,173.8,163.5,166.1,168.4
2715,genuine,167.0,191.0,152.0,171.0,10.0,167.0,333.0
2278,impersonator,231.9,242.3,25.9,237.9,247.0,22.0,434.7
3511,impersonator,236.9,407.2,386.3,238.2,221.2,231.4,12.7
1079,impersonator,170.4,172.1,172.4,169.5,172.1,171.0,173.7
2678,impersonator,168.3,166.2,158.5,169.1,167.8,171.3,9.7
6,impersonator,16.8,16.6,27.1,227.3,1608.1,23.4,25.1
4227,impersonator,231.0,411.2,166.4,229.0,431.2,16.6,20.2
1650,impersonator,168.8,171.2,177.4,180.3,173.0,176.7,169.0
66,impersonator,5.2,19.2,568.9,442.5,9.5,608.7,18.2
2889,impersonator,172.9,172.4,176.4,170.0,173.4,173.2,170.3
1375,impersonator,16.7,13.1,26.8,29.9,889.1,452.9,18.2
2445,genuine,165.0,13.0,154.0,332.0,168.0,167.0,8.0
233,impersonator,167.9,164.6,180.5,179.3,172.4,172.6,174.4
187,genuine,230.3,231.5,233.6,233.0,433.5,14.8,433.5
2736,impersonator,6.0,19.6,691.7,633.0,16.4,24.3,28.0
243,impersonator,175.8,176.6,154.6,172.2,169.7,171.5,169.3
3182,genuine,165.0,168.0,166.0,167.0,167.0,169.0,169.0
3776,genuine,164.0,167.0,166.0,16.0,151.0,332.0,168.0
3134,impersonator,168.4,173.3,171.1,304.1,168.8,168.5,171.2
3932,genuine,225.1,432.3,16.6,233.0,232.6,433.5,16.4
1560,genuine,166.0,168.0,166.0,166.0,167.0,167.0,167.0
1919,genuine,167.0,173.0,171.0,169.0,171.0,173.0,166.0
324,impersonator,14.8,1311.2,9.8,22.7,12.7,17.6,15.8
2005,impersonator,174.1,175.0,174.0,175.9,174.2,172.7,168.6
170,impersonator,167.7,177.6,158.3,177.1,159.7,163.9,165.2
1478,genuine,430.5,16.5,232.7,233.1,433.5,16.8,233.2
3999,impersonator,168.1,173.8,165.8,173.6,173.9,173.8,164.3
3589,genuine,1672.2,1044.1,18.9,66.2,86.3,57.6,82.3
3607,impersonator,172.2,162.7,180.8,178.4,173.3,178.0,172.3
514,impersonator,155.6,174.3,147.2,171.1,162.6,18.5,223.2
1204,genuine,1194.5,16.1,16.2,17.0,16.7,15.9,16.9
1431,impersonator,168.4,170.3,170.9,170.1,171.2,173.0,163.7
4335,genuine,170.0,182.0,174.0,177.0,170.0,175.0,176.0
601,genuine,165.0,169.0,168.0,165.0,166.0,166.0,168.0
2653,genuine,432.1,15.6,230.6,233.2,433.3,16.8,432.9
1723,genuine,107.3,1792.5,13.3,17.4,20.7,406.4,812.7
2804,impersonator,170.1,175.2,173.3,176.4,177.7,173.2,170.4
4033,impersonator,227.2,232.5,395.4,223.7,233.2,234.3,441.1
2912,genuine,168.0,172.0,171.0,170.0,170.0,170.0,167.0
2268,impersonator,225.8,420.5,9.5,229.6,224.0,443.6,19.2
1906,genuine,169.0,174.0,174.0,173.0,176.0,173.0,173.0
977,impersonator,165.9,172.9,167.8,166.3,167.8,167.9,170.0
814,impersonator,10.0,31.5,24.7,15.9,1548.8,24.2,25.5
2367,impersonator,7.1,22.6,14.5,272.9,364.6,95.8,72.7
649,genuine,15.8,50.1,1134.4,633.0,17.2,16.2,18.0
3705,genuine,27.5,1814.1,31.1,15.7,17.9,116.9,60.0
3203,impersonator,163.0,168.7,170.3,173.3,164.2,169.1,166.7
2318,impersonator,239.6,240.8,413.8,327.1,249.4,240.5,232.4
4258,impersonator,221.5,397.8,0.6,236.2,231.7,19.3,13.1
1195,genuine,28.5,120.0,48.7,120.1,59.5,95.4,35.8
1831,genuine,202.7,15.2,16.4,16.7,16.6,17.0,18.0
4328,impersonator,173.4,174.2,171.3,303.6,171.0,170.8,170.4
1817,impersonator,161.5,178.9,154.7,174.1,179.8,171.1,168.4
3258,genuine,16.1,20.1,1161.2,633.2,20.9,17.7,18.8
1035,genuine,15.9,18.2,18.3,1156.2,19.0,17.9,18.9
3195,genuine,230.0,453.2,30.7,233.5,233.8,233.9,30.9
2758,impersonator,159.2,166.5,167.2,170.5,172.1,168.2,165.4
3839,impersonator,220.1,245.8,194.6,429.0,452.0,19.0,238.4
1294,genuine,171.0,173.0,185.0,169.0,176.0,173.0,173.0
279,impersonator,16.1,1626.7,22.5,657.3,805.2,25.7,20.4
1472,genuine,164.0,179.0,152.0,169.0,169.0,29.0,151.0
3364,impersonator,2202.7,1389.0,17.3,19.2,21.0,19.6,20.5
4096,impersonator,170.2,175.0,162.3,167.1,173.9,171.6,164.3
996,genuine,17.0,798.9,401.3,18.7,18.2,18.4,19.1
2242,genuine,1596.8,626.9,16.3,21.1,16.6,17.1,21.3
3350,genuine,165.0,169.0,168.0,165.0,168.0,167.0,167.0
2350,genuine,19.2,22.8,592.2,206.4,17.2,17.0,17.5
3252,genuine,18.7,19.4,18.6,966.8,21.0,22.0,18.6
3321,genuine,158.0,334.0,168.0,165.0,4.0,163.0,5.0
1942,impersonator,170.4,184.5,163.9,174.6,167.1,169.9,167.7
3611,impersonator,160.2,157.6,166.7,20.0,165.4,163.9,163.0
1694,genuine,11.8,215.0,216.1,216.4,416.8,233.4,450.5
1971,impersonator,1479.4,19.7,672.8,20.0,18.3,20.5,15.3
3725,genuine,230.2,233.1,433.1,16.8,233.5,233.4,433.2
3794,impersonator,169.1,173.3,153.6,167.0,165.1,170.9,311.5
2985,genuine,225.2,232.9,432.3,16.7,232.9,234.0,432.7
4352,impersonator,228.1,229.7,441.1,435.3,468.7,25.0,241.1
2589,impersonator,165.7,184.7,155.2,180.2,167.2,168.5,167.8
4205,impersonator,163.4,175.1,154.8,176.6,170.4,168.5,166.8
1686,impersonator,162.1,167.0,171.5,171.4,166.6,167.7,166.8
4205,genuine,11.0,15.9,16.5,165.4,845.6,16.1,16.6
4130,impersonator,11.9,109.5,20.3,222.0,82.7,74.0,115.7
915,impersonator,11.6,19.1,204.6,226.3,408.0,8.6,220.8
118,genuine,216.5,412.1,233.3,232.4,216.8,433.5,16.6
3207,genuine,164.0,165.0,169.0,166.0,166.0,167.0,165.0
145,impersonator,172.6,168.4,178.8,178.4,174.6,174.3,171.2
160,impersonator,169.3,171.3,170.0,172.4,171.5,171.3,170.6
2512,genuine,170.0,172.0,175.0,173.0,175.0,171.0,173.0
1253,genuine,171.0,184.0,162.0,175.0,171.0,174.0,172.0
4118,impersonator,813.1,426.8,21.0,19.5,25.5,18.2,18.1
3570,genuine,227.0,450.1,30.6,234.1,233.3,450.5,16.3
2349,genuine,60.9,2075.7,17.3,16.1,618.4,18.1,17.8
545,impersonator,176.8,161.6,175.7,182.0,176.1,175.0,172.2
3529,genuine,20.0,14.8,1008.2,23.4,14.9,18.2,19.0
3108,genuine,172.0,193.0,162.0,176.0,177.0,178.0,172.0
1029,genuine,16.1,214.6,630.1,16.8,232.7,233.1,433.3
2410,genuine,168.0,174.0,176.0,174.0,172.0,174.0,172.0
633,genuine,16.6,19.7,781.0,422.1,15.8,20.6,17.6
2809,impersonator,230.1,20.6,235.9,444.6,423.5,226.6,434.6
2743,impersonator,229.0,234.0,217.0,245.5,228.4,28.4,224.5
2097,impersonator,167.3,162.8,165.8,162.4,165.3,166.9,161.2
1610,impersonator,229.4,421.2,442.9,20.9,233.8,229.1,223.9
4034,genuine,19.7,16.1,803.3,16.7,20.1,18.8,19.6
2148,impersonator,229.2,398.7,397.3,24.4,224.3,230.6,210.9
2802,impersonator,11.8,19.6,32.5,229.5,842.8,21.7,21.7
3773,genuine,147.0,184.0,154.0,170.0,8.0,166.0,333.0
2410,impersonator,16.0,413.0,30.7,20.5,953.9,16.8,16.8
438,impersonator,161.7,171.7,147.1,177.2,168.0,165.5,164.9
3036,impersonator,7.1,23.6,608.7,650.5,19.5,18.1,17.1
131,genuine,14.3,22.8,105.2,85.8,10.1,49.8,54.7
3261,genuine,226.6,233.6,450.7,31.1,232.9,233.4,450.3
3473,impersonator,230.7,235.2,213.7,217.3,457.1,20.0,243.0
464,impersonator,15.9,24.0,10.1,260.5,18.8,171.6,19.5
151,impersonator,425.2,10.1,222.0,222.8,229.0,436.4,20.1
1487,impersonator,161.6,183.0,148.5,174.3,164.7,163.5,312.9
3675,impersonator,162.3,163.4,169.9,170.5,169.6,169.8,167.8
4161,genuine,163.0,166.0,167.0,169.0,165.0,170.0,167.0
4273,impersonator,19.4,173.4,172.6,24.9,28.2,21.9,21.8
1807,genuine,165.0,168.0,169.0,13.0,152.0,334.0,166.0
3646,genuine,20.3,2501.3,18.8,17.4,16.5,17.7,17.6
4382,genuine,164.0,165.0,167.0,164.0,166.0,168.0,167.0
979,genuine,164.0,166.0,167.0,166.0,167.0,167.0,166.0
359,genuine,21.2,17.0,17.7,1159.9,21.0,19.1,20.9
1191,genuine,166.0,167.0,170.0,165.0,167.0,168.0,168.0
1188,genuine,16.5,3.4,17.0,418.9,215.4,216.7,199.7
3648,impersonator,164.1,165.9,163.1,14.2,166.3,321.8,166.0
1030,genuine,19.3,20.0,557.9,209.4,19.9,20.2,18.5
2063,genuine,169.0,173.0,175.0,171.0,174.0,172.0,174.0
120,impersonator,16.7,28.7,82.7,1511.5,18.9,15.5,19.2
1266,genuine,17.9,1582.4,16.6,19.0,19.5,19.4,19.6
2427,impersonator,162.5,414.5,161.4,27.0,165.0,19.3,166.4
3852,genuine,171.0,174.0,175.0,174.0,173.0,172.0,173.0
2750,genuine,19.8,20.2,216.4,198.7,217.7,216.3,619.2
3893,impersonator,175.0,173.8,185.4,172.2,172.5,174.4,174.5
3764,impersonator,16.4,434.9,432.4,6.3,19.4,18.6,21.9
1951,impersonator,19.7,408.2,0.0,245.8,213.5,430.0,9.7
1928,impersonator,16.6,23.5,754.0,16.1,16.5,22.7,19.4
2786,genuine,15.5,19.1,977.3,630.0,17.5,225.8,17.5
1748,genuine,446.6,30.3,234.3,230.8,449.9,16.4,451.1
3569,impersonator,162.4,165.6,166.7,173.0,173.5,169.8,162.1
715,genuine,15.6,19.8,16.7,17.8,79.3,9.1,95.4
109,genuine,14.7,15.8,772.3,15.3,17.2,596.1,1050.7
1032,impersonator,175.7,169.0,187.8,175.8,167.9,174.5,173.2
1366,genuine,169.0,172.0,168.0,170.0,172.0,173.0,167.0
434,impersonator,164.9,170.8,176.1,170.0,170.8,171.3,166.7
4266,genuine,19.3,15.0,16.5,17.6,1579.4,16.2,19.4
2785,impersonator,16.0,20.7,4.9,1280.4,11.7,16.6,18.7
1098,genuine,169.0,170.0,170.0,172.0,174.0,170.0,165.0
1331,genuine,1642.7,1052.6,18.6,19.1,39.9,79.4,71.9
2348,impersonator,168.8,168.4,176.9,178.1,165.9,173.2,166.5
466,impersonator,162.9,159.9,166.7,174.8,167.6,166.1,166.3
2604,genuine,19.0,1829.1,20.3,20.1,16.7,17.9,19.2
4446,genuine,171.0,174.0,175.0,173.0,175.0,172.0,172.0
1859,impersonator,222.8,222.8,416.3,426.4,448.0,19.0,223.5
4269,genuine,171.0,172.0,176.0,174.0,173.0,171.0,174.0
2533,impersonator,167.7,160.7,169.7,9.2,162.8,165.7,165.1
1561,genuine,15.9,1597.1,19.0,15.7,19.4,17.4,18.5
919,impersonator,21.7,14.6,223.7,235.5,203.0,219.8,427.7
1267,impersonator,197.4,381.3,13.7,30.5,319.3,168.4,14.9
247,impersonator,167.4,177.5,149.1,183.6,166.6,170.5,167.7
953,genuine,17.2,17.2,399.1,18.0,19.4,19.3,18.8
2900,genuine,68.6,1823.3,12.4,15.9,16.9,17.9,20.2
1275,impersonator,172.4,168.9,174.0,173.4,175.3,170.1,171.5
2949,impersonator,166.1,164.3,162.0,168.2,172.8,170.2,169.0
3562,genuine,226.1,231.4,433.4,15.8,233.4,232.9,433.4
2887,genuine,13.1,15.9,150.4,1268.5,16.2,15.6,18.1
2378,impersonator,10.5,248.5,380.9,457.5,23.2,230.4,242.7
1770,genuine,17.6,57.0,1120.3,630.5,20.3,16.7,18.6
3755,impersonator,168.8,179.2,160.8,171.6,168.5,173.1,168.1
3660,impersonator,168.9,170.6,30.3,177.6,766.6,171.6,21.7
48,impersonator,231.0,10.2,216.4,222.0,222.3,222.6,216.3
2387,impersonator,11.8,17.3,1057.8,908.1,1048.1,87.8,17.9
105,genuine,225.0,233.6,232.6,433.2,16.3,233.2,216.7
791,impersonator,169.9,175.7,166.6,169.8,168.7,172.2,166.4
1884,impersonator,163.5,168.1,177.4,170.7,159.3,166.2,168.8
1470,genuine,195.1,216.1,636.7,31.8,230.6,234.3,215.8
1006,impersonator,99.1,968.7,25.9,13.2,23.5,24.4,23.5
2281,genuine,1007.9,1482.4,19.8,20.2,20.8,19.2,15.7
1046,genuine,14.4,16.6,1386.6,208.1,16.6,16.7,16.6
1855,genuine,224.6,232.9,435.2,15.0,233.4,232.8,433.5
2667,impersonator,438.5,220.4,75.4,234.0,221.5,218.5,422.1
1388,impersonator,99.3,171.8,144.4,15.3,21.2,21.3,18.6
2367,genuine,169.0,171.0,169.0,168.0,169.0,169.0,168.0
783,genuine,331.0,184.0,154.0,172.0,170.0,171.0,168.0
4374,genuine,33.9,31.4,767.1,16.4,2121.7,19.7,15.1
1340,impersonator,167.7,173.6,167.7,168.8,174.8,170.6,167.3
3335,genuine,170.0,171.0,176.0,172.0,174.0,172.0,171.0
3564,genuine,15.7,18.1,1176.8,630.0,18.6,16.0,19.4
4499,impersonator,13.8,12.1,715.2,970.4,451.4,22.2,19.4
1670,genuine,170.0,173.0,176.0,173.0,172.0,173.0,175.0
2402,impersonator,161.3,169.2,164.2,180.1,166.9,171.1,165.1
1475,genuine,14.5,228.7,233.4,433.3,16.3,233.3,233.3
1068,genuine,1231.2,15.3,19.8,16.0,16.5,17.9,17.6
3592,impersonator,165.8,169.2,180.9,171.8,172.2,174.7,172.5
1494,genuine,165.0,168.0,168.0,15.0,151.0,330.0,169.0
3364,genuine,231.9,230.3,233.2,216.7,233.2,233.2,16.5
908,genuine,446.4,33.2,256.4,29.8,215.8,216.7,418.4
1676,impersonator,235.8,13.0,244.9,232.9,220.5,428.5,658.0
2140,genuine,169.0,171.0,171.0,170.0,172.0,172.0,168.0
3557,genuine,172.0,172.0,174.0,174.0,173.0,173.0,173.0
1344,impersonator,219.6,239.0,167.7,235.1,467.0,13.7,233.6
1983,impersonator,174.1,163.2,161.6,170.0,171.0,169.7,164.6
2877,impersonator,17.4,13.5,16.5,970.1,1046.8,15.5,20.3
738,impersonator,17.4,1656.8,411.6,25.9,19.4,22.7,21.1
2141,genuine,167.0,172.0,169.0,173.0,171.0,172.0,166.0
3030,genuine,18.8,51.0,123.8,479.6,20.5,16.8,26.0
170,genuine,23.2,128.0,1658.3,14.6,16.3,16.6,16.6
4401,genuine,164.0,172.0,159.0,170.0,168.0,169.0,12.0
3135,genuine,167.0,166.0,167.0,169.0,167.0,168.0,167.0
1272,impersonator,220.8,229.9,238.6,436.1,13.2,428.9,233.9
3570,impersonator,19.7,1148.3,387.5,29.1,12.2,17.0,19.3
3435,genuine,226.4,233.4,232.5,233.4,216.7,232.7,232.5
1712,impersonator,167.3,189.5,155.7,169.9,169.6,17.2,165.2
3455,impersonator,172.1,166.9,169.6,253.0,173.7,171.2,161.3
839,impersonator,1012.6,1249.2,31.4,10.6,23.4,15.5,20.1
830,impersonator,166.0,172.1,164.7,170.5,170.4,168.3,168.3
3175,genuine,2235.3,17.4,12.0,16.7,16.4,17.0,16.9
3662,impersonator,168.8,174.7,158.5,170.1,165.5,15.1,14.1
3896,genuine,164.0,167.0,167.0,168.0,167.0,166.0,166.0
403,impersonator,221.3,236.3,413.2,29.4,441.2,20.0,224.6
1686,genuine,332.0,169.0,165.0,4.0,163.0,4.0,326.0
1055,genuine,430.3,16.3,433.4,16.7,233.6,232.8,233.2
81,genuine,167.0,187.0,156.0,170.0,169.0,17.0,166.0
1892,impersonator,4.8,241.4,438.0,455.1,28.4,28.3,236.7
2967,genuine,169.0,172.0,170.0,171.0,173.0,172.0,166.0
1019,genuine,12.6,18.2,970.5,631.2,19.5,16.0,17.9
1235,impersonator,162.6,165.3,168.4,161.5,169.2,317.2,164.7
4144,genuine,164.0,169.0,166.0,16.0,151.0,330.0,167.0
3968,impersonator,178.2,169.4,180.8,176.5,178.5,171.2,169.6
627,genuine,167.0,186.0,3.0,169.0,13.0,316.0,333.0
629,genuine,167.0,172.0,171.0,173.0,171.0,171.0,167.0
674,genuine,14.4,17.0,17.6,18.5,529.7,17.6,17.6
4491,impersonator,169.0,171.7,155.3,169.9,165.1,167.9,162.5
400,impersonator,21.2,1284.3,25.6,26.9,24.6,25.1,18.0
2018,genuine,165.0,169.0,165.0,166.0,168.0,166.0,167.0
1461,genuine,170.0,173.0,173.0,173.0,171.0,172.0,173.0
3540,genuine,213.4,199.8,435.6,233.9,449.3,16.3,233.2
3138,genuine,165.0,166.0,167.0,167.0,166.0,165.0,169.0
2366,genuine,14.3,21.1,787.6,206.3,19.3,21.4,810.1
250,impersonator,168.4,167.5,163.1,170.0,167.1,170.0,166.2
244,impersonator,16.1,1596.9,33.0,20.4,23.0,16.1,23.7
4444,impersonator,164.1,165.3,163.0,173.1,169.5,170.5,168.7
348,impersonator,166.8,175.6,159.8,174.8,166.3,165.6,168.4
2827,genuine,166.0,165.0,167.0,15.0,150.0,335.0,166.0
2319,genuine,17.9,16.1,19.0,17.4,18.3,18.3,46.6
1842,genuine,31.5,143.7,5.6,169.7,63.4,93.9,44.2
246,genuine,164.0,167.0,168.0,166.0,168.0,169.0,167.0
2133,genuine,172.0,173.0,176.0,171.0,173.0,173.0,172.0
1771,impersonator,169.2,167.2,170.9,178.1,177.5,175.6,165.8
1356,impersonator,9.3,9.0,391.2,420.8,20.4,227.5,22.1
934,genuine,447.8,29.1,233.4,232.5,450.4,14.3,233.0
123,genuine,13.5,232.5,233.2,432.6,16.5,233.2,233.3
3366,genuine,16.6,21.9,951.2,836.1,24.2,18.1,18.8
2687,genuine,17.1,16.5,16.5,16.8,373.6,16.8,16.4
249,impersonator,222.4,225.1,208.2,231.4,405.8,227.5,223.8
2269,genuine,164.0,166.0,169.0,166.0,167.0,164.0,167.0
2336,impersonator,173.8,180.0,174.6,179.4,173.6,175.9,172.2
2953,genuine,166.0,168.0,168.0,168.0,167.0,168.0,167.0
3263,impersonator,166.1,171.2,163.4,171.0,166.1,172.2,164.7
3609,impersonator,166.6,169.9,162.6,174.2,173.7,170.5,16.7
3980,genuine,201.3,411.1,233.7,232.7,433.7,16.5,434.4
579,impersonator,165.0,172.2,179.6,165.4,171.7,171.1,163.2
4445,genuine,216.5,196.1,433.5,232.9,233.4,433.6,15.9
1094,genuine,165.0,171.0,168.0,173.0,170.0,171.0,164.0
1791,impersonator,178.2,172.9,176.7,178.7,172.1,174.1,171.5
3048,genuine,331.0,167.0,168.0,166.0,168.0,166.0,169.0
3880,impersonator,161.9,169.6,165.6,173.6,168.2,171.4,165.7
352,genuine,180.0,171.0,159.0,168.0,171.0,169.0,10.0
3522,genuine,17.3,21.2,971.0,423.0,17.2,16.9,844.9
3216,genuine,165.0,167.0,166.0,169.0,169.0,168.0,167.0
4010,impersonator,18.2,24.4,15.0,246.2,23.3,23.9,17.0
786,impersonator,174.4,172.4,181.0,170.9,171.3,174.0,169.6
1973,genuine,13.4,232.0,233.1,233.0,433.3,16.3,233.4
3825,genuine,171.0,172.0,173.0,173.0,173.0,174.0,173.0
3251,impersonator,230.4,231.4,386.4,436.7,21.8,235.4,405.2
2443,impersonator,22.7,100.9,16.1,9.3,819.0,72.2,92.1
1817,genuine,16.5,781.0,211.5,17.9,19.3,18.4,19.1
2127,impersonator,225.7,235.9,399.2,23.3,233.5,224.0,418.7
356,genuine,1178.5,21.2,21.3,16.1,17.9,19.5,19.6
1613,genuine,172.0,171.0,177.0,172.0,175.0,173.0,173.0
2004,impersonator,167.8,166.2,179.0,177.5,169.7,175.2,176.2
14,impersonator,164.7,172.1,159.0,179.2,163.0,168.0,165.8
3290,genuine,198.4,430.0,234.1,15.9,216.8,199.8,433.0
977,genuine,164.0,189.0,155.0,169.0,170.0,183.0,167.0
2206,impersonator,164.8,159.1,164.4,172.4,164.1,166.8,169.3
3480,genuine,430.3,16.4,232.4,233.4,433.6,16.7,233.3
1052,genuine,14.2,229.2,234.3,232.5,200.4,233.3,433.3
2948,impersonator,175.1,168.9,171.2,173.9,171.1,173.4,170.1
128,impersonator,174.0,159.6,164.8,175.9,171.0,174.2,166.9
2724,impersonator,23.5,18.3,383.7,18.0,208.6,220.8,423.9
1539,genuine,792.8,14.0,18.4,18.4,17.8,46.1,31.2
3818,genuine,173.0,171.0,172.0,173.0,174.0,174.0,172.0
2528,genuine,163.0,180.0,152.0,170.0,171.0,170.0,167.0
1767,impersonator,10.2,17.1,349.4,17.2,19.5,19.4,22.6
1396,genuine,170.0,173.0,174.0,173.0,174.0,173.0,175.0
564,genuine,17.1,16.4,968.0,629.0,17.2,16.2,204.7
866,genuine,429.4,232.8,16.4,233.1,433.4,16.7,233.0
807,impersonator,165.3,165.6,176.2,168.3,167.6,169.1,168.4
3019,genuine,17.7,15.8,18.6,14.1,1140.3,628.9,16.3
1148,impersonator,163.3,169.3,163.2,182.4,174.1,174.9,177.1
2376,genuine,166.0,188.0,154.0,170.0,170.0,171.0,169.0
327,genuine,168.0,171.0,169.0,172.0,171.0,171.0,166.0
3775,impersonator,167.3,183.5,364.4,175.3,10.3,167.5,18.8
1000,genuine,1623.7,16.6,18.4,21.1,16.7,17.2,18.3
3915,genuine,213.7,199.8,216.4,633.7,16.3,233.2,433.2
4058,impersonator,173.1,164.9,174.5,173.1,169.3,170.4,164.6
1040,impersonator,173.7,167.0,171.0,173.5,176.8,173.5,174.7
453,genuine,162.0,166.0,166.0,168.0,164.0,167.0,168.0
906,impersonator,164.1,171.8,163.3,170.8,165.0,172.4,170.0
873,impersonator,173.8,164.8,179.3,181.0,181.5,173.7,172.7
1911,genuine,164.0,178.0,156.0,171.0,171.0,169.0,172.0
4466,genuine,12.5,232.9,233.1,433.2,16.3,233.3,233.2
2652,impersonator,168.6,172.7,164.5,179.7,174.4,173.6,164.3
1395,impersonator,166.8,170.4,167.1,180.1,169.7,175.6,161.6
94,genuine,228.9,16.4,214.9,417.0,233.2,16.5,216.2
851,genuine,16.8,15.5,1399.8,16.5,17.8,17.5,17.3
3306,genuine,167.0,188.0,157.0,172.0,171.0,170.0,170.0
3698,impersonator,15.6,25.4,1193.2,439.0,22.8,14.0,19.9
1443,impersonator,160.1,173.5,173.7,171.4,163.9,166.5,165.1
2533,genuine,22.5,17.9,15.5,18.8,18.7,1762.5,18.3
136,genuine,167.0,171.0,169.0,169.0,169.0,167.0,167.0
1513,genuine,16.7,18.3,1222.3,17.9,15.7,20.2,620.0
4045,impersonator,422.7,16.7,219.2,226.1,221.0,18.5,449.1
1227,genuine,165.0,187.0,157.0,169.0,171.0,170.0,170.0
808,genuine,18.8,23.1,1348.2,422.5,18.2,17.2,19.5
2573,impersonator,20.7,19.2,793.3,1230.0,26.1,93.4,23.8
320,genuine,164.0,178.0,152.0,169.0,169.0,169.0,13.0
2059,genuine,167.0,167.0,167.0,166.0,166.0,164.0,165.0
2476,genuine,171.0,174.0,174.0,175.0,172.0,174.0,172.0
258,impersonator,18.7,16.9,7.7,27.6,21.2,20.3,16.4
768,genuine,560.7,1470.0,16.1,16.8,16.9,17.0,16.7
4360,impersonator,225.6,407.9,21.3,18.2,18.1,21.0,19.5
4163,genuine,170.0,169.0,170.0,171.0,171.0,172.0,167.0
2347,genuine,17.9,17.8,1816.5,23.5,17.4,19.5,20.3
2857,impersonator,233.4,168.4,163.2,179.5,177.5,173.1,178.4
2450,genuine,166.0,185.0,5.0,167.0,333.0,166.0,167.0
999,genuine,19.2,16.5,1407.4,21.4,16.2,21.1,17.7
849,genuine,13.4,232.0,233.0,233.2,433.5,16.5,233.4
3843,genuine,430.3,16.4,235.1,234.0,449.5,15.9,232.9
3938,genuine,20.2,15.2,210.3,207.9,18.1,20.9,16.6
1551,impersonator,169.1,165.4,173.2,171.3,172.2,171.2,164.3
1833,impersonator,172.2,181.1,177.6,172.6,174.1,172.3,170.1
347,impersonator,161.6,167.0,163.9,168.4,165.9,165.5,164.1
1769,impersonator,169.3,167.4,162.4,171.1,166.6,169.3,167.3
4021,genuine,164.0,168.0,165.0,165.0,165.0,166.0,169.0
2017,genuine,225.4,234.5,232.2,450.4,16.9,449.5,15.6
1489,impersonator,163.8,168.0,33.8,180.1,163.2,169.4,165.3
620,genuine,181.0,173.0,155.0,171.0,169.0,169.0,13.0
991,impersonator,14.2,18.7,24.4,1031.2,672.3,17.9,16.0
2107,impersonator,165.4,162.2,175.4,174.6,170.5,167.5,166.5
2747,genuine,15.9,19.6,20.5,20.8,1141.5,20.4,20.4
4181,genuine,228.6,433.1,16.6,233.0,433.0,16.7,233.0
2166,genuine,168.0,170.0,168.0,170.0,170.0,171.0,168.0
1904,impersonator,172.9,165.4,177.6,176.7,168.4,172.8,166.9
3776,impersonator,13.1,16.3,378.6,14.8,17.2,20.2,16.2
3542,genuine,191.3,415.4,233.4,233.1,433.7,16.5,233.1
2303,genuine,16.7,74.6,20.6,45.8,2066.8,18.4,19.2
2565,genuine,17.7,17.1,1170.4,406.3,16.8,18.3,19.5
1447,impersonator,669.3,434.0,12.8,16.6,13.4,1759.6,16.3
506,genuine,171.0,172.0,175.0,172.0,174.0,171.0,174.0
3788,impersonator,19.0,16.8,97.4,22.3,89.2,20.1,99.8
1131,genuine,172.0,172.0,174.0,174.0,172.0,172.0,174.0
4194,impersonator,167.3,170.7,170.5,175.7,173.6,174.5,176.7
2803,impersonator,157.9,165.8,162.9,180.8,161.9,173.6,168.3
2648,genuine,165.0,166.0,168.0,167.0,169.0,165.0,167.0
3373,genuine,170.0,175.0,172.0,173.0,172.0,174.0,175.0
2850,impersonator,407.9,437.1,104.5,235.2,435.3,18.5,13.3
1350,impersonator,2052.6,105.1,177.9,261.1,171.3,172.3,173.7
2046,genuine,163.0,169.0,167.0,165.0,168.0,168.0,168.0
3058,impersonator,392.1,26.8,21.9,240.5,423.7,14.6,12.8
350,genuine,16.3,139.1,1051.1,16.7,16.5,16.5,16.5
1844,genuine,17.3,17.0,776.0,632.1,20.8,16.8,17.9
2695,genuine,15.7,1.5,15.0,23.1,15.3,1216.6,18.5
287,impersonator,168.4,171.4,180.7,176.6,176.3,170.2,170.1
17,genuine,166.0,169.0,166.0,168.0,169.0,168.0,168.0
446,impersonator,168.0,179.0,152.5,176.6,15.5,21.1,13.2
3911,genuine,229.6,232.4,16.4,216.3,199.9,433.1,16.4
707,impersonator,17.7,1240.0,1250.4,13.0,21.2,19.8,15.7
2407,impersonator,391.6,21.9,20.5,457.4,21.2,701.6,19.5
3356,impersonator,12.5,6.5,159.3,1582.4,18.7,18.9,19.1
4106,genuine,17.9,17.9,18.9,19.7,47.2,49.8,102.4
3223,impersonator,16.7,20.5,115.1,1236.9,26.2,23.5,19.6
4129,genuine,16.6,17.5,974.8,421.6,15.8,19.0,18.1
1312,impersonator,432.2,14.2,224.7,238.4,414.5,14.8,421.1
1734,impersonator,158.1,157.6,163.3,17.3,169.1,163.5,165.9
733,impersonator,42.5,1653.9,3.1,22.3,27.0,23.3,13.3
4074,impersonator,238.7,181.4,155.3,174.5,177.1,173.3,352.0
567,impersonator,166.2,161.1,175.7,179.9,172.7,167.8,163.4
87,impersonator,16.7,22.5,902.5,438.9,22.8,23.8,22.9
4124,impersonator,167.7,163.0,160.4,179.6,167.0,166.7,167.0
3246,genuine,163.0,170.0,166.0,167.0,167.0,169.0,167.0
4326,genuine,19.9,20.6,105.6,1258.7,19.9,20.8,20.2
682,genuine,224.3,432.9,16.7,16.1,216.6,199.9,215.9
1120,impersonator,169.2,170.7,161.5,180.1,173.1,175.0,172.2
99,genuine,171.0,173.0,173.0,172.0,172.0,173.0,174.0
589,impersonator,16.4,27.3,363.9,18.7,27.6,25.6,23.9
3439,genuine,167.0,167.0,167.0,166.0,168.0,167.0,166.0
4394,genuine,14.5,12.7,213.5,216.4,199.7,416.9,232.7
3032,impersonator,14.4,428.2,14.2,237.3,226.9,436.4,13.2
1781,genuine,227.6,231.4,451.7,30.7,230.8,233.9,450.5
2158,genuine,8.0,322.0,333.0,167.0,165.0,168.0,166.0
3628,impersonator,169.3,164.9,170.8,173.9,166.8,175.5,174.6
1318,impersonator,661.2,1587.2,10.6,7.4,11.5,17.0,66.0
3582,impersonator,10.7,17.0,81.9,1227.9,1610.7,19.1,21.5
1564,genuine,166.0,168.0,167.0,168.0,166.0,168.0,165.0
2385,impersonator,16.4,423.3,11.2,30.7,26.0,24.6,14.1
1668,genuine,165.0,169.0,165.0,166.0,167.0,168.0,169.0
3061,impersonator,15.6,18.1,12.4,7.9,12.6,20.3,17.9
1646,genuine,4.0,837.0,16.6,17.2,17.7,2281.2,19.2
2801,genuine,16.5,1174.3,630.5,15.3,16.4,17.0,17.0
4344,genuine,172.0,172.0,173.0,172.0,173.0,174.0,173.0
2611,genuine,15.6,96.3,48.1,657.1,17.1,17.4,18.6
3559,genuine,163.0,164.0,169.0,165.0,165.0,167.0,166.0
2675,impersonator,162.0,168.0,162.3,175.6,170.1,173.3,167.1
1899,impersonator,24.5,141.8,169.7,169.1,85.4,15.9,88.0
2348,genuine,165.0,167.0,166.0,168.0,166.0,165.0,168.0
3461,impersonator,175.7,174.9,180.5,174.6,180.0,174.4,172.6
4146,genuine,170.0,174.0,173.0,171.0,174.0,174.0,173.0
2212,impersonator,161.7,163.1,167.5,176.1,170.4,168.3,166.1
3492,impersonator,19.9,19.0,1045.6,26.5,15.4,22.6,23.6
2423,genuine,16.2,42.1,1144.3,834.2,20.8,18.5,20.1
2168,genuine,1397.3,16.5,16.6,16.6,16.9,16.8,16.7
4277,genuine,19.4,17.7,209.4,206.9,19.0,18.9,18.2
1111,impersonator,163.2,159.2,165.7,168.8,163.1,167.8,163.6
2113,impersonator,17.1,247.2,386.3,436.2,21.4,237.8,239.4
4249,genuine,12.1,426.7,15.4,233.1,433.3,16.4,232.8
1629,impersonator,7.4,1430.5,11.7,16.2,17.6,17.6,14.5
2489,impersonator,237.5,429.4,36.3,238.9,229.8,221.7,13.4
527,impersonator,167.2,167.7,170.7,173.3,173.5,175.0,164.3
3623,genuine,172.0,175.0,176.0,172.0,173.0,173.0,175.0
3664,genuine,163.0,177.0,158.0,170.0,170.0,170.0,171.0
1183,genuine,171.0,172.0,175.0,174.0,173.0,174.0,171.0
3156,genuine,230.0,232.3,434.2,15.9,233.2,17.0,215.7
740,impersonator,169.5,170.2,180.5,173.5,168.3,171.0,169.3
1941,genuine,17.5,21.9,104.6,1492.5,20.3,19.4,19.6
4440,impersonator,14.8,27.5,156.3,1077.9,23.7,23.2,21.6
3635,genuine,19.3,19.4,20.1,968.4,22.1,20.7,18.7
508,genuine,166.0,168.0,165.0,167.0,168.0,169.0,165.0
3355,genuine,13.1,14.0,957.9,834.4,22.3,17.3,19.0
1173,genuine,1062.6,201.4,17.6,20.1,17.3,19.7,18.4
0,genuine,186.0,10.0,150.0,350.0,167.0,167.0,166.0
2504,impersonator,167.1,168.5,176.8,173.6,170.3,173.0,167.2
3477,genuine,183.0,13.0,149.0,349.0,169.0,165.0,166.0
2578,impersonator,168.7,170.7,178.9,178.1,174.6,172.1,171.9
4305,impersonator,217.8,249.5,228.2,438.1,22.3,231.4,245.4
2471,impersonator,167.3,180.2,11.2,179.2,168.5,169.2,165.5
2882,genuine,17.4,15.9,990.3,16.3,19.4,19.5,20.5
1874,impersonator,23.6,407.6,383.6,20.1,220.8,217.7,9.3
3066,impersonator,14.1,26.1,979.7,416.4,15.6,743.1,24.6
81,impersonator,227.0,231.0,432.5,25.8,241.9,228.7,226.9
3602,genuine,169.0,194.0,10.0,150.0,333.0,167.0,183.0
2920,impersonator,238.2,18.5,456.2,25.3,227.6,226.7,429.3
1794,genuine,95.1,647.9,1703.9,20.1,14.5,22.4,69.7
1766,impersonator,170.9,169.8,173.7,169.2,166.2,168.5,161.3
1417,genuine,56.9,1911.1,253.6,20.9,20.1,40.1,77.8
202,impersonator,169.7,172.4,179.2,174.3,172.3,166.7,165.5
3573,impersonator,172.1,176.6,155.5,178.8,169.8,16.9,169.6
3490,genuine,15.8,19.7,1807.8,21.2,16.3,18.3,18.9
2876,genuine,169.0,172.0,173.0,171.0,173.0,171.0,173.0
4105,genuine,412.9,215.8,233.5,15.6,216.5,416.6,433.9
3827,genuine,166.0,168.0,167.0,16.0,151.0,334.0,167.0
4270,genuine,165.0,169.0,167.0,168.0,167.0,167.0,167.0
331,impersonator,168.0,176.8,169.0,171.2,167.2,164.4,166.0
93,genuine,166.0,168.0,166.0,15.0,150.0,333.0,167.0
3483,impersonator,166.7,164.7,171.0,173.3,171.4,172.6,167.5
3637,impersonator,171.6,165.1,163.9,177.1,170.3,173.3,169.8
140,impersonator,1720.7,70.3,37.2,22.5,106.5,21.6,23.2
4201,genuine,229.3,433.3,16.3,233.5,233.0,433.3,16.4
102,genuine,165.0,186.0,154.0,170.0,171.0,172.0,169.0
124,genuine,8.0,159.0,4.0,328.0,9.0,323.0,331.0
3807,genuine,169.0,174.0,175.0,174.0,173.0,171.0,173.0
141,genuine,165.0,168.0,168.0,168.0,168.0,167.0,168.0
2744,impersonator,166.7,160.1,173.2,19.0,164.8,172.7,167.8
3194,impersonator,170.9,181.2,150.2,178.6,164.7,165.5,164.0
3427,impersonator,23.1,10.3,388.6,99.8,226.3,217.5,416.0
2224,genuine,168.0,172.0,168.0,181.0,165.0,168.0,169.0
2950,genuine,166.0,169.0,169.0,167.0,166.0,166.0,168.0
1858,impersonator,15.1,16.3,114.6,5.8,71.9,83.9,78.0
1260,genuine,227.4,232.7,233.0,232.6,450.7,15.5,233.3
502,impersonator,236.4,434.3,24.2,242.5,385.2,22.7,13.6
4331,impersonator,13.0,22.5,610.4,611.3,15.4,14.2,16.3
3765,impersonator,15.0,178.5,169.9,174.6,45.8,168.1,78.3
3009,impersonator,19.8,435.9,0.2,37.7,237.5,460.1,13.8
2874,genuine,8.0,179.0,319.0,169.0,169.0,12.0,167.0
317,impersonator,171.9,165.8,175.8,172.8,173.0,174.3,171.6
260,impersonator,172.2,163.2,171.3,173.2,168.9,174.9,169.3
4154,genuine,197.2,232.3,16.2,216.6,199.9,216.3,417.0
2660,impersonator,425.4,247.9,16.1,244.7,459.0,25.4,228.9
2397,genuine,1985.1,403.8,18.8,20.9,20.3,16.6,18.8
2441,genuine,15.1,17.0,17.6,17.7,956.9,17.8,18.7
1834,genuine,1241.3,19.4,16.1,17.7,18.3,19.0,18.3
868,impersonator,17.2,229.2,407.1,25.6,18.3,213.5,218.0
2355,impersonator,9.0,238.7,228.2,235.7,414.1,20.6,234.7
3340,genuine,168.0,168.0,171.0,168.0,170.0,169.0,168.0
1186,impersonator,24.8,16.3,411.5,14.0,22.7,20.0,19.0
707,genuine,18.9,17.3,18.3,1397.8,19.4,19.3,19.6
1488,impersonator,164.7,176.6,156.5,178.2,176.4,171.6,169.2
633,impersonator,17.8,1498.8,381.7,24.5,22.4,232.2,16.7
322,genuine,164.0,183.0,155.0,170.0,172.0,171.0,169.0
4011,genuine,17.0,21.4,951.8,835.7,19.9,23.6,17.8
1521,impersonator,163.5,167.4,167.5,172.0,166.3,170.9,163.5
2870,genuine,16.0,15.0,1174.6,629.1,16.6,17.1,17.2
1768,impersonator,166.6,174.1,157.2,101.5,169.6,170.1,166.9
1540,genuine,53.4,425.3,17.9,49.4,85.1,1988.9,20.4
1041,genuine,15.1,123.7,58.9,77.3,71.9,33.8,808.9
1636,genuine,209.5,232.7,233.7,233.3,449.8,17.0,232.7
3177,impersonator,23.7,16.1,12.9,22.4,24.9,86.0,21.1
1823,impersonator,168.3,375.9,23.4,171.7,165.7,172.1,164.0
267,impersonator,21.8,21.0,384.6,223.6,220.3,223.7,427.7
1552,impersonator,166.8,162.9,159.4,173.4,172.8,174.3,161.2
801,genuine,166.0,169.0,166.0,166.0,166.0,165.0,168.0
2075,impersonator,171.2,170.6,179.4,179.4,167.4,174.4,172.7
2797,genuine,170.0,172.0,176.0,173.0,172.0,172.0,172.0
2908,genuine,16.9,30.7,324.4,837.6,18.6,18.1,18.7
3141,genuine,15.2,591.0,421.8,15.4,18.1,17.8,17.9
934,impersonator,14.0,175.9,160.2,36.3,26.2,17.9,26.5
3838,impersonator,20.3,10.8,28.5,29.9,82.6,93.9,68.0
4332,impersonator,224.3,7.1,345.3,232.1,225.7,227.7,424.2
539,genuine,165.0,166.0,169.0,166.0,167.0,167.0,167.0
1287,genuine,166.0,166.0,166.0,166.0,166.0,168.0,166.0
2012,impersonator,220.8,236.7,415.9,438.1,19.6,242.4,231.6
3342,genuine,167.0,189.0,15.0,149.0,333.0,168.0,165.0
1476,genuine,14.0,14.7,16.0,16.9,974.1,416.7,16.2
911,impersonator,21.9,1283.2,25.0,17.1,27.4,18.7,18.1
3462,impersonator,9.4,12.8,676.6,1453.6,27.0,20.2,20.7
1900,impersonator,9.2,224.5,216.1,445.0,12.5,216.0,419.6
2431,impersonator,163.4,163.6,166.7,178.7,166.4,170.8,165.6
3042,impersonator,159.6,170.7,167.8,7.3,160.7,321.0,167.8
148,genuine,165.0,168.0,167.0,167.0,169.0,165.0,166.0
946,genuine,12.9,1387.2,13.3,224.1,15.3,17.9,815.5
860,genuine,12.9,16.2,337.7,1046.4,16.7,615.8,15.6
3018,impersonator,22.4,23.2,9.4,29.1,21.4,17.6,13.3
3817,genuine,171.0,174.0,174.0,172.0,174.0,171.0,174.0
2355,genuine,44.9,1027.5,17.6,17.9,2066.9,18.2,17.5
3394,genuine,228.4,433.0,16.8,232.7,233.1,433.3,17.0
1914,genuine,170.0,173.0,173.0,172.0,173.0,174.0,173.0
1268,impersonator,18.4,24.7,28.6,21.4,23.0,21.9,19.8
1192,genuine,14.5,16.2,1389.8,17.1,15.9,16.7,16.8
3086,impersonator,243.3,9.8,402.3,233.5,235.3,454.5,168.2
3630,genuine,164.0,182.0,156.0,172.0,7.0,166.0,351.0
1667,impersonator,16.3,27.6,10.5,22.9,28.1,25.5,18.0
69,genuine,448.2,27.3,32.2,200.2,216.5,216.8,199.9
2918,impersonator,18.1,163.8,164.3,25.2,172.4,20.2,340.1
4008,genuine,16.9,970.3,203.3,17.3,20.1,20.8,20.4
604,genuine,156.0,334.0,165.0,167.0,169.0,168.0,169.0
3706,impersonator,449.3,20.9,214.6,218.0,419.0,19.3,415.9
3503,genuine,15.4,16.5,596.2,17.0,17.3,17.3,17.3
423,impersonator,1567.9,25.4,19.7,28.7,16.2,16.9,13.2
1319,genuine,14.0,1203.0,17.3,15.2,16.2,16.5,16.8
2434,impersonator,445.3,21.6,27.7,239.8,234.7,462.6,20.5
2596,impersonator,166.1,176.8,175.2,174.3,172.3,168.7,162.8
524,impersonator,164.4,416.9,162.9,23.4,161.9,166.2,215.3
2482,genuine,20.0,16.3,974.1,422.5,15.2,19.7,17.4
3215,impersonator,13.6,225.7,684.8,439.5,15.0,23.2,22.3
2143,impersonator,238.5,217.3,424.4,27.6,232.2,232.5,432.1
1172,genuine,165.0,167.0,168.0,16.0,150.0,333.0,167.0
1651,impersonator,170.8,165.0,430.0,173.4,167.5,170.1,14.6
3267,impersonator,434.8,15.7,230.9,223.7,214.0,221.0,13.2
1760,genuine,165.0,165.0,166.0,164.0,167.0,166.0,166.0
3567,genuine,16.7,77.0,53.6,33.7,23.8,96.0,77.1
3461,genuine,167.0,170.0,169.0,172.0,167.0,168.0,168.0
1378,genuine,163.0,170.0,167.0,167.0,167.0,167.0,167.0
2061,impersonator,219.6,423.3,19.6,244.1,216.9,449.6,428.3
1931,genuine,171.0,173.0,172.0,171.0,175.0,173.0,173.0
4329,impersonator,13.8,15.8,1333.3,17.6,15.3,16.7,17.2
2713,genuine,168.0,183.0,159.0,172.0,168.0,12.0,167.0
3013,impersonator,168.0,172.0,467.1,166.2,172.4,168.9,167.8
3385,impersonator,161.6,177.4,160.0,174.7,15.9,170.2,167.7
4188,genuine,229.2,214.7,233.4,16.4,215.9,200.1,433.4
962,impersonator,170.0,172.3,167.1,178.6,168.8,172.8,167.1
1843,genuine,165.0,171.0,164.0,167.0,170.0,167.0,168.0
129,genuine,166.0,168.0,170.0,169.0,167.0,171.0,168.0
431,genuine,226.8,233.2,15.5,216.5,216.2,417.8,448.7
716,genuine,29.8,229.8,25.0,216.6,216.0,416.3,450.4
4358,impersonator,170.9,180.9,160.6,175.8,169.6,172.1,169.6
1301,genuine,171.0,174.0,173.0,174.0,171.0,173.0,174.0
3903,genuine,16.5,234.0,210.4,233.3,233.3,233.2,433.4
120,genuine,164.0,169.0,166.0,16.0,151.0,335.0,165.0
302,impersonator,235.2,227.8,352.2,216.8,224.5,230.8,213.6
339,genuine,170.0,173.0,175.0,174.0,174.0,172.0,172.0
4197,genuine,15.9,18.7,13.5,48.1,41.5,39.2,98.7
4239,genuine,18.8,19.3,47.5,914.0,18.2,20.3,20.3
2538,impersonator,19.3,19.9,762.3,27.8,22.5,20.1,13.5
309,genuine,17.0,1371.2,204.6,17.8,19.9,21.1,19.6
2600,impersonator,17.3,26.5,768.1,1530.0,16.8,756.1,22.0
3619,impersonator,216.6,241.1,684.8,451.0,21.7,22.6,235.5
3342,impersonator,10.2,30.1,613.2,647.8,16.7,18.4,846.8
2310,impersonator,951.1,21.2,22.5,20.2,17.8,20.6,20.2
1165,genuine,14.9,21.1,436.7,232.0,450.3,32.6,233.2
3434,genuine,164.0,166.0,167.0,166.0,169.0,165.0,168.0
620,impersonator,168.9,162.3,166.6,178.1,171.5,171.2,163.8
2698,impersonator,167.7,179.5,157.3,176.7,327.4,167.6,166.3
179,impersonator,444.9,16.0,214.8,208.2,210.2,214.4,425.9
3884,genuine,16.3,19.8,992.4,212.8,16.6,17.8,18.9
329,genuine,17.0,1045.0,20.6,18.4,20.1,20.4,20.8
4230,genuine,164.0,169.0,166.0,166.0,166.0,168.0,168.0
3929,impersonator,167.3,164.0,170.0,170.2,171.2,172.8,164.3
4253,genuine,170.0,173.0,175.0,172.0,174.0,173.0,175.0
1543,genuine,21.9,14.9,773.0,422.5,16.8,20.7,18.3
908,impersonator,11.9,548.8,367.5,33.6,25.2,24.2,451.3
1132,impersonator,19.1,12.6,227.0,233.2,216.5,421.8,18.7
1260,impersonator,167.4,185.1,143.1,177.0,165.5,20.9,165.9
2926,impersonator,162.4,181.3,142.0,175.5,6.5,11.8,318.6
4301,genuine,18.0,14.5,16.3,17.6,1163.4,17.9,17.3
1078,impersonator,164.9,172.9,171.7,164.6,162.5,168.8,161.9
4244,genuine,15.1,232.3,229.7,433.3,15.4,233.5,433.1
1775,genuine,15.3,230.8,230.5,433.1,16.5,232.8,233.2
1210,impersonator,168.5,181.3,142.2,175.3,19.0,18.7,165.7
3596,impersonator,19.0,1749.1,414.9,9.3,22.5,16.3,17.0
3786,impersonator,10.1,21.8,614.1,431.5,23.0,20.5,19.2
1742,genuine,98.8,950.7,18.6,17.6,17.0,18.3,2019.5
308,genuine,15.2,224.5,234.5,448.9,31.5,450.9,15.9
4468,genuine,170.0,173.0,176.0,173.0,174.0,174.0,174.0
1295,genuine,17.4,781.8,209.7,18.4,18.2,18.1,18.5
1700,impersonator,162.4,172.4,177.2,167.5,164.3,164.3,162.7
2552,genuine,171.0,173.0,174.0,172.0,173.0,174.0,171.0
1885,impersonator,170.2,177.2,179.9,173.0,178.0,174.4,176.5
829,impersonator,231.2,248.2,407.7,232.6,454.1,19.6,222.9
329,impersonator,174.0,173.2,173.7,164.9,170.9,174.1,164.5
3074,genuine,230.4,233.0,433.4,16.4,233.0,199.9,233.5
1144,genuine,164.0,167.0,166.0,168.0,167.0,168.0,166.0
3817,impersonator,20.6,230.4,214.1,217.7,233.7,15.3,223.3
404,impersonator,17.0,15.2,19.6,1023.7,20.9,720.9,17.2
4177,impersonator,19.5,242.0,446.2,35.9,467.2,233.5,217.1
481,genuine,229.1,232.9,232.8,216.8,233.5,233.1,433.3
152,genuine,164.0,181.0,153.0,171.0,11.0,166.0,333.0
4095,impersonator,15.2,18.1,631.9,1170.5,14.5,18.7,15.7
2705,impersonator,165.4,175.9,172.5,177.2,168.5,173.2,172.1
3868,impersonator,19.2,18.7,756.3,1245.0,2024.6,22.6,18.3
943,impersonator,17.1,7.5,17.3,225.5,14.8,431.6,20.7
1475,impersonator,13.5,23.1,586.2,433.9,20.0,21.4,16.5
3715,genuine,167.0,171.0,169.0,170.0,174.0,169.0,167.0
2458,genuine,164.0,176.0,159.0,170.0,171.0,172.0,169.0
2399,impersonator,16.8,14.8,19.3,207.7,215.7,211.5,415.5
2203,impersonator,15.7,10.1,582.6,21.2,22.3,18.5,13.6
3022,impersonator,159.7,164.0,164.2,207.8,175.2,168.7,168.1
3760,genuine,28.2,1544.2,19.7,24.2,16.8,1413.7,19.8
1165,impersonator,20.0,18.9,887.6,294.7,979.8,73.6,27.1
3937,genuine,14.6,223.1,232.8,233.4,433.3,16.7,216.8
311,impersonator,1407.4,18.2,17.6,30.8,461.4,22.5,17.1
3642,impersonator,173.5,175.0,180.8,174.0,173.4,175.9,170.0
2297,genuine,15.7,68.0,78.7,1051.0,16.0,20.7,1016.3
712,genuine,164.0,167.0,167.0,166.0,167.0,164.0,165.0
3885,impersonator,166.4,182.9,155.7,171.4,168.4,170.4,166.9
2947,impersonator,17.0,25.6,1093.3,10.7,16.5,19.0,21.6
4051,impersonator,178.1,167.2,174.5,177.5,174.0,174.5,176.8
3152,impersonator,20.2,28.1,215.4,206.7,400.5,224.7,217.3
3439,impersonator,171.2,183.4,397.1,177.4,20.7,170.8,166.1
203,impersonator,222.6,227.2,163.3,230.1,427.4,15.7,241.4
4039,genuine,14.3,24.6,597.1,205.2,15.5,18.2,18.4
3524,impersonator,167.7,171.7,168.0,176.0,171.1,171.4,168.0
2343,genuine,164.0,185.0,154.0,170.0,171.0,170.0,169.0
2595,impersonator,162.1,162.8,162.7,23.3,163.5,320.5,166.6
2691,impersonator,16.4,15.7,219.7,428.2,213.7,218.8,215.0
2448,genuine,166.0,172.0,169.0,173.0,171.0,171.0,165.0
4191,genuine,170.0,173.0,174.0,174.0,174.0,182.0,162.0
27,impersonator,405.1,21.3,1.5,225.2,217.8,449.7,14.1
1492,impersonator,166.1,170.1,182.9,255.7,173.3,169.9,166.4
2854,impersonator,20.5,1514.0,32.9,23.8,19.2,24.5,15.9
3982,genuine,219.1,193.6,215.5,216.7,199.5,417.2,16.3
1566,impersonator,28.2,10.2,416.5,24.0,208.5,221.9,428.6
2478,impersonator,19.4,20.1,27.6,14.6,806.3,18.1,19.6
171,genuine,166.0,170.0,169.0,168.0,169.0,170.0,169.0
314,genuine,18.3,16.2,20.6,16.8,1002.3,17.0,16.8
4494,impersonator,231.2,433.8,22.1,247.1,442.8,455.8,686.9
1291,genuine,19.2,581.6,416.5,17.6,17.9,18.0,20.5
3485,genuine,17.8,20.2,1163.0,421.7,17.8,17.4,19.0
3004,genuine,88.7,217.1,23.2,23.8,124.7,23.2,2543.1
586,impersonator,18.9,225.3,416.5,239.5,221.6,228.4,434.2
612,impersonator,161.9,167.5,169.1,171.5,163.1,168.9,168.1
4055,genuine,165.0,168.0,167.0,165.0,169.0,165.0,166.0
2550,impersonator,165.2,159.2,166.4,172.7,171.5,169.5,165.6
3637,genuine,166.0,188.0,152.0,170.0,172.0,169.0,170.0
2449,impersonator,157.9,165.6,164.5,173.9,162.9,166.5,169.3
4056,impersonator,173.2,176.0,174.3,176.3,172.1,172.2,169.6
51,genuine,171.0,176.0,1.0,179.0,14.0,322.0,339.0
2684,genuine,16.5,19.4,971.6,633.4,20.0,16.7,19.6
3064,impersonator,170.5,167.9,170.1,180.0,179.2,173.3,167.8
3006,genuine,172.0,173.0,174.0,173.0,171.0,172.0,172.0
4170,genuine,15.6,19.8,1032.5,388.4,22.9,20.8,22.0
460,genuine,16.5,19.2,1177.9,629.5,20.9,18.8,20.6
1882,impersonator,18.0,10.9,244.4,235.7,224.0,229.8,227.1
726,impersonator,163.5,401.0,157.6,279.1,594.3,172.1,164.9
3943,impersonator,15.2,1672.7,6.9,31.6,23.0,20.2,19.4
4380,impersonator,163.3,162.4,167.9,166.1,159.0,165.0,161.0
1151,impersonator,162.1,183.2,163.1,177.2,164.9,171.6,164.7
2256,genuine,231.3,446.4,16.9,232.7,233.1,233.5,433.0
628,genuine,164.0,188.0,153.0,171.0,170.0,169.0,170.0
786,genuine,12.8,234.7,217.1,232.9,231.9,453.3,13.9
3331,impersonator,9.7,8.4,18.2,19.3,688.5,77.1,94.6
4455,genuine,13.9,17.8,16.8,970.4,418.5,17.1,616.3
697,genuine,164.0,170.0,169.0,12.0,156.0,334.0,167.0
996,impersonator,23.6,212.6,380.7,32.4,230.3,223.4,421.2
419,impersonator,19.7,426.6,5.0,16.4,21.0,25.1,20.9
3930,impersonator,20.2,7.7,120.4,1125.7,24.3,26.5,21.0
1712,genuine,20.7,16.1,970.9,632.2,21.0,17.5,22.4
3322,impersonator,172.3,175.3,182.4,170.8,169.7,170.9,168.8
2078,genuine,171.0,174.0,176.0,172.0,173.0,172.0,172.0
2214,impersonator,219.2,381.4,35.8,251.8,232.7,227.1,420.3
2570,genuine,171.0,172.0,174.0,173.0,172.0,175.0,172.0
2415,impersonator,171.4,172.9,396.1,176.5,170.0,175.0,368.3
2516,impersonator,161.0,163.8,167.3,167.3,163.5,166.3,165.7
3810,genuine,164.0,192.0,152.0,170.0,170.0,169.0,168.0
4166,impersonator,170.0,183.6,150.5,176.2,165.8,170.4,164.6
134,impersonator,170.6,168.2,179.3,175.2,170.1,174.1,173.9
4035,genuine,16.1,789.8,419.1,18.1,16.4,19.0,19.9
3856,genuine,424.3,15.1,235.9,17.3,213.1,416.2,433.5
1599,genuine,18.1,19.4,1395.1,19.4,16.8,19.3,19.1
2632,genuine,164.0,177.0,155.0,169.0,171.0,11.0,166.0
4151,genuine,164.0,167.0,168.0,14.0,155.0,333.0,169.0
4428,impersonator,12.7,18.6,567.6,841.9,23.3,21.3,16.8
2024,genuine,164.0,169.0,167.0,165.0,167.0,10.0,158.0
2613,impersonator,167.8,166.8,172.1,173.5,168.8,172.8,165.7
3644,genuine,172.0,173.0,176.0,173.0,173.0,175.0,172.0
1490,genuine,17.9,19.0,19.7,771.3,19.5,20.1,20.0
1838,genuine,164.0,169.0,10.0,154.0,331.0,167.0,168.0
1921,genuine,158.0,629.4,19.5,18.7,19.6,19.3,19.6
492,impersonator,67.0,1499.1,14.2,13.5,14.1,15.4,60.9
2904,impersonator,1684.1,1008.2,21.0,17.8,16.7,15.6,10.6
1223,impersonator,23.6,22.4,18.0,18.1,1789.6,17.1,16.9
1577,impersonator,162.3,162.9,168.9,171.0,175.4,170.3,166.3
3010,impersonator,405.0,176.6,150.4,287.0,16.1,16.2,13.2
532,genuine,227.1,233.1,233.0,450.0,15.5,234.3,449.5
3550,impersonator,15.3,18.4,22.8,16.1,27.8,18.7,18.7
3308,impersonator,9.1,15.1,818.7,1034.0,16.1,19.3,23.5
3444,genuine,168.0,171.0,170.0,172.0,172.0,172.0,164.0
621,impersonator,10.7,12.2,352.6,434.4,21.6,20.8,18.6
2839,impersonator,168.4,166.3,176.1,179.5,170.3,173.2,172.2
4303,impersonator,171.0,172.5,175.3,170.5,166.9,171.3,164.8
3612,impersonator,170.9,168.6,158.6,172.5,172.6,172.8,165.1
2838,genuine,413.6,232.6,233.1,433.3,16.6,233.1,16.5
2852,impersonator,168.2,167.7,170.0,167.7,176.2,170.5,170.7
3278,impersonator,168.2,175.8,157.2,172.0,171.8,170.0,168.3
1837,impersonator,164.4,164.2,163.4,178.6,168.0,168.4,166.2
2651,impersonator,6.2,12.7,1173.0,27.2,15.3,15.0,14.0
1745,genuine,165.0,168.0,169.0,166.0,167.0,165.0,169.0
296,genuine,173.0,174.0,175.0,171.0,174.0,173.0,172.0
4245,genuine,180.0,179.0,151.0,169.0,170.0,168.0,46.0
257,genuine,14.1,18.9,954.6,834.9,20.4,20.3,20.2
910,impersonator,232.3,231.3,422.3,27.6,220.1,228.3,18.1
2199,genuine,6.0,159.0,332.0,166.0,165.0,168.0,167.0
1015,genuine,16.4,19.6,17.4,1776.8,18.5,19.3,18.1
4030,genuine,167.0,171.0,172.0,170.0,171.0,171.0,166.0
1054,genuine,13.0,433.4,15.6,233.1,233.2,433.6,16.8
3313,impersonator,22.0,21.6,29.7,231.5,230.4,443.5,22.1
1281,genuine,429.1,16.2,232.9,233.3,233.2,233.4,16.2
3930,genuine,17.0,19.0,972.5,422.4,16.7,18.7,19.1
3965,impersonator,161.9,166.4,172.6,170.7,160.6,314.3,160.6
2855,genuine,17.0,23.5,1358.8,208.3,18.0,16.7,18.1
2831,genuine,12.7,212.7,432.6,232.5,450.5,15.7,232.7
2209,genuine,170.0,172.0,174.0,172.0,171.0,173.0,173.0
1922,genuine,18.1,19.7,330.4,839.2,19.3,20.5,19.7
1142,impersonator,731.6,1354.6,10.5,23.5,19.0,14.8,84.5
3654,impersonator,225.4,239.9,224.1,227.1,440.9,25.6,226.2
4243,genuine,413.9,231.1,434.4,15.0,433.1,15.7,233.5
432,genuine,230.2,433.6,16.2,233.4,233.5,16.4,216.3
286,genuine,12.7,232.4,232.5,433.3,16.6,233.5,233.2
4067,genuine,18.0,16.9,74.2,13.7,55.3,39.1,107.8
1766,genuine,11.0,172.0,327.0,171.0,170.0,170.0,170.0
2395,genuine,170.0,172.0,174.0,171.0,172.0,173.0,172.0
3273,impersonator,222.5,437.4,158.5,252.2,800.9,173.1,19.1
1608,impersonator,163.2,182.3,12.1,171.1,167.4,171.7,168.3
4340,impersonator,230.6,16.0,33.4,233.6,222.4,224.9,17.6
607,genuine,165.0,167.0,167.0,166.0,167.0,166.0,169.0
4263,impersonator,162.8,165.7,158.5,233.7,162.0,321.0,168.5
2529,genuine,15.7,16.4,19.0,19.4,762.3,18.5,18.8
1544,impersonator,13.8,168.4,15.6,9.0,1.0,318.1,166.5
675,genuine,168.0,167.0,168.0,168.0,170.0,167.0,168.0
264,impersonator,15.1,20.4,926.0,25.5,27.7,86.0,16.7
1084,genuine,165.0,167.0,167.0,3.0,165.0,3.0,330.0
139,impersonator,166.8,164.4,168.3,164.3,162.0,165.9,167.2
835,genuine,165.0,171.0,169.0,173.0,173.0,172.0,167.0
3672,impersonator,16.3,993.4,1065.9,34.6,15.5,18.3,16.8
1153,impersonator,23.5,16.0,28.3,228.7,226.6,95.0,98.7
501,impersonator,167.8,179.3,168.2,173.6,329.2,171.9,565.5
871,genuine,14.8,234.4,228.3,232.9,433.3,16.6,232.5
1795,impersonator,1423.7,26.6,1448.3,21.5,21.0,21.7,22.2
1716,impersonator,16.8,16.6,16.7,23.6,98.6,108.1,100.8
2931,impersonator,168.4,169.4,174.3,174.1,174.6,171.6,166.2
3770,genuine,432.1,14.5,231.9,233.2,433.5,16.7,16.2
2103,impersonator,210.6,226.1,209.5,428.7,423.1,15.6,238.1
1596,impersonator,171.1,176.8,175.6,178.1,172.4,175.7,172.4
4085,genuine,25.2,92.9,118.9,115.9,97.0,102.7,104.0
4009,impersonator,165.6,176.9,165.6,175.6,164.1,165.7,167.6
3901,impersonator,167.6,168.3,168.4,171.0,21.7,172.5,165.9
2565,impersonator,15.3,947.0,347.9,22.1,13.1,19.9,21.5
2977,impersonator,162.7,165.1,163.2,167.0,169.9,169.2,167.3
1710,impersonator,167.1,178.9,152.3,176.2,169.6,173.9,164.8
3851,impersonator,22.0,172.1,172.4,179.3,170.4,174.9,172.8
797,genuine,13.3,21.3,637.3,16.0,232.1,233.0,448.7
2989,genuine,14.9,17.3,1133.1,417.9,16.7,19.0,19.5
452,genuine,16.6,17.1,1408.3,19.1,17.3,22.8,16.1
2207,impersonator,10.4,21.1,628.8,431.6,18.5,20.5,16.7
1904,genuine,17.4,224.3,230.6,453.4,27.7,233.9,233.7
2139,genuine,14.8,783.0,630.1,16.7,16.1,17.1,827.3
3509,impersonator,14.8,19.5,757.4,419.4,18.7,18.7,22.5
2581,impersonator,5.0,426.1,21.3,24.5,1409.6,441.4,25.7
944,genuine,233.8,228.4,433.4,16.0,233.7,16.1,216.4
124,impersonator,25.1,8.5,17.1,227.3,214.9,401.8,12.7
3400,genuine,229.5,233.0,433.9,15.4,233.0,234.2,433.1
363,impersonator,16.2,23.6,17.8,1409.6,20.3,28.6,21.6
3947,impersonator,15.3,20.9,1534.6,14.8,18.0,19.7,22.7
763,impersonator,168.9,181.2,157.4,175.8,171.6,173.7,166.5
185,impersonator,172.7,170.4,169.0,169.4,171.2,171.8,167.7
4472,impersonator,21.7,8.7,199.6,146.6,214.3,225.4,426.7
3831,genuine,166.0,172.0,170.0,171.0,173.0,171.0,167.0
3674,impersonator,176.1,172.2,177.8,175.9,172.9,174.3,171.2
766,genuine,171.0,175.0,173.0,172.0,172.0,173.0,173.0
3942,impersonator,953.1,416.1,615.8,20.9,23.0,26.8,20.9
1003,genuine,169.0,172.0,168.0,173.0,173.0,170.0,165.0
396,genuine,171.0,173.0,173.0,175.0,173.0,174.0,174.0
472,impersonator,12.5,1.9,21.2,15.1,18.2,83.4,20.9
4265,impersonator,19.5,394.7,66.0,162.4,213.7,210.8,13.7
3786,genuine,23.1,13.5,218.4,215.6,216.7,198.7,634.6
2359,genuine,16.3,812.9,15.1,17.8,18.7,18.7,18.8
595,impersonator,13.9,14.3,373.4,10.6,14.1,230.6,438.3
533,impersonator,162.0,165.8,159.1,173.7,169.0,166.4,166.0
1315,genuine,18.2,16.5,16.4,361.7,1055.7,15.6,16.9
3088,genuine,18.5,54.6,39.4,1329.3,20.2,20.7,21.7
3764,genuine,230.6,231.0,233.5,16.1,416.8,231.8,16.3
2761,genuine,66.0,85.6,59.3,87.4,57.8,55.9,41.7
54,genuine,229.3,433.1,15.7,233.1,233.3,433.4,16.5
2296,genuine,18.4,14.7,966.2,631.7,19.2,15.7,18.6
1094,impersonator,23.9,408.6,408.9,35.1,227.7,230.8,12.9
2658,impersonator,167.4,166.5,167.0,174.0,166.1,169.3,161.6
469,genuine,17.6,19.5,971.6,640.8,24.8,22.3,19.9
2814,genuine,15.3,17.3,792.1,632.4,20.1,15.7,17.2
2304,impersonator,1664.6,399.3,9.2,26.1,20.4,22.1,18.6
2523,impersonator,1759.7,118.6,38.0,217.7,117.9,100.8,90.7
3812,genuine,229.9,233.1,233.7,432.8,16.5,233.0,233.3
4420,impersonator,162.4,167.3,171.0,171.3,159.9,289.5,167.1
1095,impersonator,166.6,174.4,176.3,172.6,172.3,174.6,175.6
269,genuine,15.9,17.3,142.8,1270.1,15.7,17.3,15.6
1730,impersonator,216.5,251.4,214.9,245.1,442.9,19.9,219.7
1423,genuine,170.0,172.0,174.0,173.0,172.0,171.0,175.0
39,impersonator,168.5,165.4,0.0,179.3,166.3,15.0,12.8
1869,impersonator,164.9,171.8,170.4,178.5,167.7,168.6,163.7
3809,genuine,166.0,169.0,170.0,170.0,167.0,169.0,169.0
148,impersonator,221.6,112.5,440.4,24.4,14.0,17.5,18.0
1031,impersonator,21.4,10.6,8.3,225.7,215.3,221.9,418.6
3387,impersonator,427.3,226.4,216.3,236.1,417.0,17.3,225.7
745,genuine,166.0,190.0,153.0,172.0,170.0,10.0,167.0
4098,genuine,300.5,16.9,31.5,23.5,126.9,9.9,71.4
823,genuine,181.0,181.0,146.0,172.0,1.0,186.0,13.0
3544,impersonator,175.0,173.7,170.6,174.4,174.1,174.1,168.2
2037,impersonator,213.4,222.2,369.2,433.6,17.6,221.7,230.8
3625,impersonator,168.9,167.7,175.2,171.6,170.1,169.7,164.1
1652,genuine,18.5,18.1,1204.0,19.0,17.0,632.4,22.6
358,impersonator,166.1,169.7,164.1,161.8,168.0,165.0,167.9
3886,genuine,171.0,171.0,174.0,174.0,174.0,172.0,175.0
1874,genuine,167.0,174.0,167.0,171.0,173.0,171.0,165.0
2649,genuine,164.0,169.0,167.0,166.0,167.0,166.0,165.0
1687,impersonator,236.3,23.6,397.7,228.1,224.2,225.7,412.8
499,genuine,164.0,168.0,167.0,15.0,153.0,331.0,166.0
1929,genuine,447.8,27.7,234.5,233.3,232.1,450.8,15.9
2152,genuine,169.0,173.0,174.0,173.0,175.0,171.0,174.0
1282,genuine,15.4,33.4,305.7,17.6,72.5,24.6,89.2
2991,impersonator,13.6,1283.4,36.5,24.5,689.6,323.1,15.3
2119,impersonator,15.2,16.0,96.7,918.6,21.7,20.6,17.5
3029,genuine,228.2,231.8,451.5,30.5,234.0,232.8,450.3
511,genuine,171.0,171.0,173.0,172.0,171.0,174.0,174.0
3765,genuine,165.0,168.0,167.0,165.0,169.0,169.0,167.0
2227,genuine,170.0,187.0,9.0,150.0,333.0,183.0,166.0
2378,genuine,7.9,110.8,305.7,2146.9,12.6,15.2,205.2
3020,impersonator,158.8,168.8,166.4,173.4,166.3,169.8,166.7
254,impersonator,162.3,161.7,164.2,27.8,162.7,306.1,169.5
792,genuine,170.0,176.0,173.0,174.0,186.0,163.0,173.0
963,genuine,168.0,189.0,154.0,170.0,171.0,11.0,167.0
539,impersonator,17.0,227.5,367.1,237.3,223.3,229.5,217.9
1688,impersonator,225.7,453.0,163.1,241.5,449.2,452.2,235.3
4238,genuine,93.4,79.3,16.4,103.8,92.3,2.7,73.1
292,genuine,167.0,170.0,169.0,171.0,170.0,168.0,170.0
1955,genuine,16.2,16.9,1603.0,14.2,20.1,16.4,16.6
852,impersonator,21.9,28.3,1190.8,1094.5,26.0,21.3,22.8
3469,impersonator,424.2,27.4,14.3,238.1,236.9,19.5,15.1
1480,impersonator,168.3,179.4,155.9,178.6,171.5,175.5,167.2
1682,impersonator,12.3,10.7,16.9,1368.2,227.9,72.2,13.8
2719,genuine,424.7,16.4,233.0,233.0,232.9,433.3,16.8
349,genuine,225.6,16.4,233.1,400.0,232.8,234.2,451.4
3094,genuine,167.0,172.0,171.0,173.0,169.0,170.0,166.0
3254,genuine,171.0,173.0,175.0,171.0,175.0,174.0,175.0
447,genuine,164.0,168.0,167.0,168.0,167.0,169.0,166.0
2322,impersonator,165.1,166.0,167.8,18.7,163.4,301.2,165.1
3506,impersonator,164.4,403.1,25.2,31.1,167.2,334.8,16.1
2907,genuine,18.1,19.1,1198.7,16.2,15.1,18.3,17.7
4007,genuine,169.0,172.0,172.0,169.0,171.0,171.0,170.0
1698,genuine,17.0,20.4,952.9,838.4,18.7,19.7,19.2
83,genuine,16.3,17.5,1168.2,629.0,18.2,18.6,18.2
4475,impersonator,174.1,170.6,180.0,169.0,172.6,174.3,169.6
3162,genuine,166.0,171.0,171.0,172.0,173.0,171.0,166.0
3430,genuine,169.0,173.0,175.0,173.0,175.0,171.0,174.0
3638,impersonator,4.5,26.5,775.4,840.7,27.0,18.0,19.5
1517,genuine,14.1,11.9,13.2,413.5,215.7,216.8,416.7
2762,impersonator,726.7,428.7,0.0,179.7,292.6,21.0,15.0
2677,impersonator,239.7,428.1,413.4,34.7,240.4,28.9,17.7
4233,genuine,22.7,31.1,923.2,422.4,17.3,19.4,407.1
2020,genuine,14.6,18.4,19.0,19.2,945.5,18.2,18.5
2630,genuine,233.0,430.3,16.0,233.2,232.7,433.6,16.1
227,impersonator,16.1,164.4,37.2,348.7,389.9,171.8,166.7
1834,impersonator,12.9,7.3,856.0,840.8,17.2,19.4,17.1
1061,genuine,16.7,19.7,971.3,422.4,16.9,19.4,19.1
3640,impersonator,165.9,179.6,160.8,178.0,166.7,169.6,166.6
3669,genuine,172.0,172.0,174.0,174.0,173.0,171.0,173.0
1856,impersonator,1228.9,436.3,25.0,28.7,20.3,19.8,17.8
4313,genuine,18.3,210.7,215.0,199.5,417.0,231.7,232.9
1451,impersonator,16.9,19.4,24.3,1389.4,124.6,173.2,81.8
1557,genuine,168.0,174.0,169.0,173.0,173.0,170.0,167.0
2865,genuine,23.4,18.5,19.3,1377.4,18.8,22.0,20.7
3561,impersonator,171.6,174.4,180.4,181.3,170.5,167.6,172.0
2685,impersonator,432.7,15.4,222.9,213.6,432.8,14.3,230.7
4370,genuine,165.0,187.0,157.0,172.0,168.0,169.0,170.0
3090,genuine,17.1,20.7,1171.8,624.1,25.4,18.3,18.6
4162,impersonator,165.3,166.1,168.6,175.9,162.7,170.9,164.6
2156,genuine,413.3,15.8,216.4,199.7,216.5,417.1,232.9
3232,impersonator,170.5,166.5,178.3,176.4,169.7,171.8,171.9
2837,genuine,171.0,172.0,176.0,173.0,173.0,173.0,173.0
3223,genuine,168.0,171.0,167.0,173.0,172.0,171.0,167.0
126,impersonator,14.1,1176.0,35.0,19.5,95.1,16.2,17.1
886,impersonator,13.5,8.3,954.3,436.9,20.0,13.0,16.3
2401,genuine,168.0,169.0,169.0,169.0,170.0,169.0,169.0
3905,genuine,164.0,181.0,151.0,172.0,172.0,8.0,166.0
3344,genuine,164.0,165.0,167.0,165.0,168.0,166.0,167.0
2084,impersonator,16.6,19.9,15.7,25.5,17.7,22.3,24.5
482,impersonator,170.2,181.5,159.6,174.6,167.3,171.2,168.7
1168,genuine,171.0,173.0,174.0,172.0,176.0,173.0,172.0
4432,impersonator,171.1,172.4,174.1,176.6,167.4,173.2,173.6
3727,genuine,18.4,19.5,1593.6,18.8,18.7,20.5,180.2
2405,impersonator,222.2,235.0,434.5,31.9,223.5,238.6,440.3
1708,genuine,15.6,17.7,338.2,838.7,17.9,18.0,18.1
319,genuine,165.0,170.0,165.0,167.0,168.0,166.0,167.0
4164,genuine,165.0,167.0,167.0,165.0,167.0,169.0,167.0
2698,genuine,14.4,23.5,217.1,198.8,216.6,216.5,618.3
1259,genuine,16.2,18.2,18.2,965.2,18.3,18.2,20.4
305,genuine,101.3,759.7,18.7,23.2,15.9,2290.3,25.5
3153,impersonator,160.3,168.3,171.3,167.2,169.3,167.7,171.4
3724,impersonator,23.0,404.0,32.8,24.1,915.0,26.2,765.8
3902,genuine,13.3,18.4,979.2,633.5,17.7,15.4,18.7
4119,impersonator,19.7,13.4,1036.9,19.4,11.6,18.8,713.2
161,impersonator,223.6,11.7,815.9,693.0,26.3,24.3,23.9
1207,impersonator,167.7,168.4,167.6,172.6,169.2,168.3,164.5
810,genuine,13.4,234.7,233.0,449.9,15.5,233.6,233.3
2875,genuine,14.1,21.5,789.5,629.4,24.9,15.4,418.3
699,genuine,19.2,606.0,200.1,16.3,17.7,21.2,16.6
1101,impersonator,14.9,99.7,25.2,24.7,79.9,1799.9,23.5
1855,impersonator,21.5,213.8,435.9,35.7,23.8,224.2,427.6
1604,impersonator,20.9,9.1,211.4,426.3,219.0,232.6,414.1
2414,genuine,171.0,174.0,174.0,172.0,173.0,172.0,172.0
2862,impersonator,19.7,18.5,19.7,17.2,18.4,24.3,19.9
3145,genuine,165.0,169.0,168.0,168.0,167.0,167.0,167.0
4380,genuine,172.0,171.0,176.0,173.0,171.0,175.0,173.0
4263,genuine,168.0,172.0,171.0,171.0,172.0,171.0,167.0
2202,impersonator,7.7,19.6,564.3,432.5,12.5,17.3,19.6
3085,impersonator,15.2,225.4,437.7,447.9,22.5,227.7,228.5
468,impersonator,169.0,168.5,150.9,176.7,167.6,169.7,334.1
3395,impersonator,15.8,34.0,25.7,191.5,83.5,105.0,109.4
2754,genuine,24.6,542.6,16.6,54.6,1619.5,16.1,16.1
1484,genuine,163.0,164.0,169.0,165.0,166.0,168.0,166.0
1204,impersonator,159.6,170.7,173.1,174.0,164.6,163.7,163.9
794,genuine,232.2,446.6,16.3,232.9,233.5,233.0,433.5
3375,impersonator,11.7,18.5,802.7,1140.0,22.3,22.9,14.2
4192,genuine,230.6,452.4,31.4,233.7,232.4,452.3,14.7
3061,genuine,18.4,18.4,1407.0,21.3,19.7,19.0,20.4
723,impersonator,173.3,174.5,164.8,173.2,168.2,168.3,170.6
2652,genuine,229.0,448.2,15.8,233.5,233.1,450.3,31.8
2619,impersonator,167.5,169.3,166.0,19.8,165.5,328.2,13.9
3177,genuine,1182.7,207.5,21.1,630.2,22.6,18.2,19.9
1083,impersonator,203.6,224.3,198.6,434.3,413.9,227.4,236.2
3477,impersonator,171.7,170.8,166.0,173.7,170.4,167.8,166.2
