,label,attempt_0,attempt_1,attempt_2,attempt_3
0,impersonator,match,match,match,match
1,impersonator,match,match,match,match
2,impersonator,match,match,match,match
3,impersonator,match,match,match,match
4,impersonator,match,match,match,match
5,impersonator,match,match,match,match
6,impersonator,match,match,match,match
7,impersonator,match,match,match,match
8,impersonator,match,match,match,match
9,impersonator,match,match,match,match
10,impersonator,match,match,match,match
11,impersonator,match,match,match,match
12,impersonator,match,match,match,match
13,impersonator,match,match,match,match
14,impersonator,match,match,match,match
15,impersonator,match,match,match,match
16,impersonator,match,match,match,match
17,impersonator,match,match,match,match
18,impersonator,match,match,match,match
19,impersonator,match,match,match,match
20,impersonator,match,match,match,match
21,impersonator,match,match,match,match
22,impersonator,match,match,match,match
23,impersonator,match,match,match,match
24,impersonator,match,match,match,match
25,impersonator,match,match,match,match
26,impersonator,match,match,match,match
27,impersonator,match,match,match,match
28,impersonator,match,match,match,match
29,impersonator,match,match,match,match
30,impersonator,match,match,match,match
31,impersonator,match,match,match,match
32,impersonator,match,match,match,match
33,impersonator,match,match,match,match
34,impersonator,match,match,match,match
35,impersonator,match,match,match,match
36,impersonator,match,match,match,match
37,impersonator,match,match,match,match
38,impersonator,match,match,match,match
39,impersonator,match,match,match,match
40,impersonator,match,match,match,match
41,impersonator,match,match,match,match
42,impersonator,match,match,match,match
43,impersonator,match,match,match,match
44,impersonator,match,match,match,match
45,impersonator,match,match,match,match
46,impersonator,match,match,match,match
47,impersonator,match,match,match,match
48,impersonator,match,match,match,match
49,impersonator,match,match,match,match
50,impersonator,match,match,match,match
51,impersonator,match,match,match,match
52,impersonator,match,match,match,match
53,impersonator,match,match,match,match
54,impersonator,match,match,match,match
55,impersonator,match,match,match,match
56,impersonator,match,match,match,match
57,impersonator,match,match,match,match
58,impersonator,match,match,match,match
59,impersonator,match,match,match,match
60,impersonator,match,match,match,match
61,impersonator,match,match,match,match
62,impersonator,match,match,match,match
63,impersonator,match,match,match,match
64,impersonator,match,match,match,match
65,impersonator,match,match,match,match
66,impersonator,match,match,match,match
67,impersonator,match,match,match,match
68,impersonator,match,match,match,match
69,impersonator,match,match,match,match
70,impersonator,match,match,match,match
71,impersonator,match,match,match,match
72,impersonator,match,match,match,match
73,impersonator,match,match,match,match
74,impersonator,match,match,match,match
75,impersonator,match,match,match,match
76,impersonator,match,match,match,match
77,impersonator,match,match,match,match
78,impersonator,match,match,match,match
79,impersonator,match,match,match,match
80,impersonator,match,match,match,match
81,impersonator,match,match,match,match
82,impersonator,match,match,match,match
83,impersonator,match,match,match,match
84,impersonator,match,match,match,match
85,impersonator,match,match,match,match
86,impersonator,match,match,match,impersonator
87,impersonator,match,match,match,match
88,impersonator,match,match,match,match
89,impersonator,match,match,match,match
90,impersonator,match,match,match,match
91,impersonator,match,match,match,match
92,impersonator,match,match,match,match
93,impersonator,match,match,match,match
94,impersonator,match,match,match,match
95,impersonator,match,match,match,match
96,impersonator,match,match,match,match
97,impersonator,match,match,match,match
98,impersonator,match,match,match,match
99,impersonator,match,match,match,match
100,impersonator,match,match,match,match
101,impersonator,match,match,match,match
102,impersonator,match,match,match,match
103,impersonator,match,match,match,match
104,impersonator,match,match,match,match
105,impersonator,match,match,match,match
106,impersonator,match,match,match,match
107,impersonator,match,match,match,match
108,impersonator,match,match,match,match
109,impersonator,match,match,match,match
110,impersonator,match,match,match,match
111,impersonator,match,match,match,match
112,impersonator,match,match,match,match
113,impersonator,match,match,match,match
114,impersonator,match,match,match,match
115,impersonator,match,match,match,match
116,impersonator,match,match,match,match
117,impersonator,match,match,match,match
118,impersonator,match,match,match,match
119,impersonator,match,match,match,match
120,impersonator,match,match,match,match
121,impersonator,match,match,match,match
122,impersonator,match,match,match,match
123,impersonator,match,match,match,match
124,impersonator,match,match,match,impersonator
125,impersonator,impersonator,impersonator,impersonator,impersonator
126,impersonator,impersonator,impersonator,impersonator,impersonator
127,impersonator,impersonator,impersonator,impersonator,impersonator
128,impersonator,impersonator,impersonator,impersonator,impersonator
129,impersonator,impersonator,impersonator,impersonator,impersonator
130,impersonator,impersonator,impersonator,impersonator,impersonator
131,impersonator,impersonator,impersonator,impersonator,impersonator
132,impersonator,impersonator,impersonator,impersonator,impersonator
133,impersonator,impersonator,impersonator,impersonator,impersonator
134,impersonator,impersonator,impersonator,impersonator,impersonator
135,impersonator,impersonator,impersonator,impersonator,impersonator
136,impersonator,impersonator,impersonator,impersonator,impersonator
137,impersonator,impersonator,impersonator,impersonator,impersonator
138,impersonator,impersonator,impersonator,impersonator,impersonator
139,impersonator,impersonator,impersonator,impersonator,impersonator
140,impersonator,impersonator,impersonator,impersonator,impersonator
141,impersonator,impersonator,impersonator,impersonator,impersonator
142,impersonator,impersonator,impersonator,impersonator,impersonator
143,impersonator,impersonator,impersonator,impersonator,impersonator
144,impersonator,impersonator,impersonator,impersonator,impersonator
145,impersonator,impersonator,impersonator,impersonator,impersonator
146,impersonator,impersonator,impersonator,impersonator,impersonator
147,impersonator,impersonator,impersonator,impersonator,impersonator
148,impersonator,impersonator,impersonator,impersonator,impersonator
149,impersonator,impersonator,impersonator,impersonator,impersonator
150,impersonator,impersonator,impersonator,impersonator,impersonator
151,impersonator,impersonator,impersonator,impersonator,impersonator
152,impersonator,impersonator,impersonator,impersonator,impersonator
153,impersonator,impersonator,impersonator,impersonator,impersonator
154,impersonator,impersonator,impersonator,impersonator,impersonator
155,impersonator,impersonator,impersonator,impersonator,impersonator
156,impersonator,impersonator,impersonator,impersonator,impersonator
157,impersonator,impersonator,impersonator,impersonator,impersonator
158,impersonator,impersonator,impersonator,impersonator,impersonator
159,impersonator,impersonator,impersonator,impersonator,impersonator
160,impersonator,impersonator,impersonator,impersonator,impersonator
161,impersonator,impersonator,impersonator,impersonator,impersonator
162,impersonator,impersonator,impersonator,impersonator,impersonator
163,impersonator,impersonator,impersonator,impersonator,impersonator
164,impersonator,impersonator,impersonator,impersonator,impersonator
165,impersonator,impersonator,impersonator,impersonator,impersonator
166,impersonator,impersonator,impersonator,impersonator,impersonator
167,impersonator,impersonator,impersonator,impersonator,impersonator
168,impersonator,impersonator,impersonator,impersonator,impersonator
169,impersonator,impersonator,impersonator,impersonator,impersonator
170,impersonator,impersonator,impersonator,impersonator,impersonator
171,impersonator,impersonator,impersonator,impersonator,impersonator
172,impersonator,impersonator,impersonator,impersonator,impersonator
173,impersonator,impersonator,impersonator,impersonator,impersonator
174,impersonator,impersonator,impersonator,impersonator,impersonator
175,impersonator,impersonator,impersonator,impersonator,impersonator
176,impersonator,impersonator,impersonator,impersonator,impersonator
177,impersonator,impersonator,impersonator,impersonator,impersonator
178,impersonator,impersonator,impersonator,impersonator,impersonator
179,impersonator,impersonator,impersonator,impersonator,impersonator
180,impersonator,impersonator,impersonator,impersonator,impersonator
181,impersonator,impersonator,impersonator,impersonator,impersonator
182,impersonator,impersonator,impersonator,impersonator,impersonator
183,impersonator,impersonator,impersonator,impersonator,impersonator
184,impersonator,impersonator,impersonator,impersonator,impersonator
185,impersonator,impersonator,impersonator,impersonator,impersonator
186,impersonator,impersonator,impersonator,impersonator,impersonator
187,impersonator,impersonator,impersonator,impersonator,impersonator
188,impersonator,impersonator,impersonator,impersonator,impersonator
189,impersonator,impersonator,impersonator,impersonator,impersonator
190,impersonator,impersonator,impersonator,impersonator,impersonator
191,impersonator,impersonator,impersonator,impersonator,impersonator
192,impersonator,impersonator,impersonator,impersonator,impersonator
193,impersonator,impersonator,impersonator,impersonator,impersonator
194,impersonator,impersonator,impersonator,impersonator,impersonator
195,impersonator,impersonator,impersonator,impersonator,impersonator
196,impersonator,impersonator,impersonator,impersonator,impersonator
197,impersonator,impersonator,impersonator,impersonator,impersonator
198,impersonator,impersonator,impersonator,impersonator,impersonator
199,impersonator,impersonator,impersonator,impersonator,impersonator
200,impersonator,impersonator,impersonator,impersonator,impersonator
201,impersonator,impersonator,impersonator,impersonator,impersonator
202,impersonator,impersonator,impersonator,impersonator,impersonator
203,impersonator,impersonator,impersonator,impersonator,impersonator
204,impersonator,impersonator,impersonator,impersonator,impersonator
205,impersonator,impersonator,impersonator,impersonator,impersonator
206,impersonator,impersonator,impersonator,impersonator,impersonator
207,impersonator,impersonator,impersonator,impersonator,impersonator
208,impersonator,impersonator,impersonator,impersonator,impersonator
209,impersonator,impersonator,impersonator,impersonator,impersonator
210,impersonator,impersonator,impersonator,impersonator,impersonator
211,impersonator,impersonator,impersonator,impersonator,impersonator
212,impersonator,impersonator,impersonator,impersonator,impersonator
213,impersonator,impersonator,impersonator,impersonator,impersonator
214,impersonator,impersonator,impersonator,impersonator,impersonator
215,impersonator,impersonator,impersonator,impersonator,impersonator
216,impersonator,impersonator,impersonator,impersonator,impersonator
217,impersonator,impersonator,impersonator,impersonator,impersonator
218,impersonator,impersonator,impersonator,impersonator,impersonator
219,impersonator,impersonator,impersonator,impersonator,impersonator
220,impersonator,impersonator,impersonator,impersonator,impersonator
221,impersonator,impersonator,impersonator,mismatch,impersonator
222,impersonator,impersonator,impersonator,impersonator,impersonator
223,impersonator,impersonator,impersonator,impersonator,impersonator
224,impersonator,impersonator,impersonator,impersonator,impersonator
225,impersonator,impersonator,impersonator,impersonator,impersonator
226,impersonator,impersonator,impersonator,impersonator,impersonator
227,impersonator,impersonator,impersonator,impersonator,impersonator
228,impersonator,impersonator,impersonator,impersonator,impersonator
229,impersonator,impersonator,impersonator,impersonator,impersonator
230,impersonator,impersonator,impersonator,impersonator,impersonator
231,impersonator,impersonator,impersonator,impersonator,impersonator
232,impersonator,impersonator,impersonator,impersonator,impersonator
233,impersonator,impersonator,impersonator,impersonator,impersonator
234,impersonator,impersonator,impersonator,impersonator,impersonator
235,impersonator,impersonator,impersonator,impersonator,impersonator
236,impersonator,impersonator,impersonator,impersonator,impersonator
237,impersonator,impersonator,impersonator,impersonator,impersonator
238,impersonator,impersonator,impersonator,impersonator,impersonator
239,impersonator,impersonator,impersonator,impersonator,impersonator
240,impersonator,impersonator,impersonator,impersonator,impersonator
241,impersonator,impersonator,impersonator,impersonator,impersonator
242,impersonator,impersonator,impersonator,impersonator,impersonator
243,impersonator,impersonator,impersonator,impersonator,impersonator
244,impersonator,impersonator,impersonator,impersonator,impersonator
245,impersonator,impersonator,impersonator,impersonator,impersonator
246,impersonator,impersonator,impersonator,impersonator,impersonator
247,impersonator,impersonator,impersonator,impersonator,impersonator
248,impersonator,impersonator,impersonator,impersonator,impersonator
249,impersonator,impersonator,impersonator,impersonator,impersonator
250,impersonator,impersonator,impersonator,impersonator,impersonator
251,impersonator,impersonator,impersonator,impersonator,impersonator
252,impersonator,impersonator,impersonator,impersonator,impersonator
253,impersonator,impersonator,impersonator,impersonator,impersonator
254,impersonator,impersonator,impersonator,impersonator,impersonator
255,impersonator,impersonator,impersonator,impersonator,impersonator
256,impersonator,impersonator,impersonator,impersonator,impersonator
257,impersonator,impersonator,impersonator,impersonator,impersonator
258,impersonator,impersonator,impersonator,impersonator,impersonator
259,impersonator,impersonator,impersonator,impersonator,impersonator
260,impersonator,impersonator,impersonator,impersonator,impersonator
261,impersonator,impersonator,impersonator,impersonator,impersonator
262,impersonator,impersonator,impersonator,impersonator,impersonator
263,impersonator,impersonator,impersonator,impersonator,impersonator
264,impersonator,impersonator,impersonator,impersonator,impersonator
265,impersonator,impersonator,impersonator,impersonator,impersonator
266,impersonator,impersonator,impersonator,impersonator,impersonator
267,impersonator,impersonator,impersonator,impersonator,impersonator
268,impersonator,impersonator,impersonator,impersonator,impersonator
269,impersonator,impersonator,impersonator,impersonator,impersonator
270,impersonator,impersonator,impersonator,impersonator,impersonator
271,impersonator,impersonator,impersonator,impersonator,impersonator
272,impersonator,impersonator,impersonator,impersonator,impersonator
273,impersonator,impersonator,impersonator,impersonator,impersonator
274,impersonator,impersonator,impersonator,impersonator,impersonator
275,impersonator,impersonator,impersonator,impersonator,impersonator
276,impersonator,impersonator,impersonator,impersonator,impersonator
277,impersonator,impersonator,impersonator,impersonator,impersonator
278,impersonator,impersonator,impersonator,impersonator,impersonator
279,impersonator,impersonator,impersonator,impersonator,impersonator
280,impersonator,impersonator,impersonator,impersonator,impersonator
281,impersonator,impersonator,impersonator,match,impersonator
282,impersonator,impersonator,impersonator,impersonator,impersonator
283,impersonator,impersonator,impersonator,impersonator,impersonator
284,impersonator,impersonator,impersonator,impersonator,impersonator
285,impersonator,impersonator,impersonator,impersonator,impersonator
286,impersonator,impersonator,impersonator,impersonator,impersonator
287,impersonator,impersonator,impersonator,impersonator,impersonator
288,impersonator,impersonator,impersonator,impersonator,impersonator
289,impersonator,impersonator,impersonator,impersonator,impersonator
290,impersonator,impersonator,impersonator,impersonator,impersonator
291,impersonator,impersonator,impersonator,impersonator,impersonator
292,impersonator,impersonator,impersonator,impersonator,impersonator
293,impersonator,impersonator,impersonator,impersonator,impersonator
294,impersonator,impersonator,impersonator,impersonator,impersonator
295,impersonator,impersonator,impersonator,impersonator,impersonator
296,impersonator,impersonator,impersonator,impersonator,impersonator
297,impersonator,impersonator,impersonator,impersonator,impersonator
298,impersonator,impersonator,impersonator,impersonator,impersonator
299,impersonator,impersonator,impersonator,impersonator,impersonator
300,impersonator,impersonator,impersonator,impersonator,impersonator
301,impersonator,impersonator,impersonator,impersonator,impersonator
302,impersonator,impersonator,impersonator,impersonator,impersonator
303,impersonator,impersonator,impersonator,impersonator,impersonator
304,impersonator,impersonator,impersonator,impersonator,impersonator
305,impersonator,impersonator,impersonator,impersonator,impersonator
306,impersonator,impersonator,impersonator,impersonator,impersonator
307,impersonator,impersonator,impersonator,impersonator,impersonator
308,impersonator,impersonator,impersonator,impersonator,impersonator
309,impersonator,impersonator,impersonator,impersonator,impersonator
310,impersonator,impersonator,impersonator,impersonator,impersonator
311,impersonator,impersonator,impersonator,impersonator,match
312,impersonator,impersonator,impersonator,impersonator,impersonator
313,impersonator,impersonator,impersonator,impersonator,impersonator
314,impersonator,impersonator,impersonator,impersonator,impersonator
315,impersonator,impersonator,impersonator,impersonator,impersonator
316,impersonator,impersonator,impersonator,impersonator,impersonator
317,impersonator,impersonator,impersonator,impersonator,impersonator
318,impersonator,impersonator,impersonator,impersonator,impersonator
319,impersonator,impersonator,impersonator,impersonator,impersonator
320,impersonator,impersonator,impersonator,impersonator,impersonator
321,impersonator,impersonator,impersonator,impersonator,impersonator
322,impersonator,impersonator,impersonator,impersonator,impersonator
323,impersonator,impersonator,impersonator,impersonator,impersonator
324,impersonator,impersonator,impersonator,impersonator,impersonator
325,impersonator,impersonator,impersonator,impersonator,impersonator
326,impersonator,impersonator,impersonator,impersonator,impersonator
327,impersonator,impersonator,impersonator,impersonator,impersonator
328,impersonator,impersonator,impersonator,impersonator,impersonator
329,impersonator,impersonator,impersonator,impersonator,impersonator
330,impersonator,impersonator,impersonator,impersonator,impersonator
331,impersonator,impersonator,impersonator,impersonator,impersonator
332,impersonator,impersonator,impersonator,impersonator,impersonator
333,impersonator,impersonator,impersonator,impersonator,impersonator
334,impersonator,impersonator,impersonator,impersonator,impersonator
335,impersonator,impersonator,impersonator,impersonator,impersonator
336,impersonator,impersonator,impersonator,impersonator,impersonator
337,impersonator,impersonator,impersonator,impersonator,impersonator
338,impersonator,impersonator,impersonator,impersonator,impersonator
339,impersonator,impersonator,impersonator,impersonator,impersonator
340,impersonator,impersonator,impersonator,impersonator,impersonator
341,impersonator,impersonator,impersonator,impersonator,impersonator
342,impersonator,impersonator,impersonator,impersonator,impersonator
343,impersonator,impersonator,impersonator,impersonator,impersonator
344,impersonator,impersonator,impersonator,impersonator,impersonator
345,impersonator,impersonator,impersonator,impersonator,impersonator
346,impersonator,impersonator,impersonator,impersonator,impersonator
347,impersonator,impersonator,impersonator,impersonator,impersonator
348,impersonator,impersonator,impersonator,impersonator,impersonator
349,impersonator,impersonator,impersonator,impersonator,impersonator
350,impersonator,impersonator,impersonator,impersonator,impersonator
351,impersonator,impersonator,impersonator,impersonator,impersonator
352,impersonator,impersonator,impersonator,impersonator,impersonator
353,impersonator,impersonator,impersonator,impersonator,impersonator
354,impersonator,impersonator,impersonator,impersonator,impersonator
355,impersonator,impersonator,impersonator,impersonator,impersonator
356,impersonator,impersonator,impersonator,impersonator,impersonator
357,impersonator,impersonator,impersonator,impersonator,impersonator
358,impersonator,impersonator,impersonator,impersonator,impersonator
359,impersonator,impersonator,impersonator,impersonator,impersonator
360,impersonator,impersonator,impersonator,impersonator,impersonator
361,impersonator,impersonator,impersonator,impersonator,impersonator
362,impersonator,impersonator,impersonator,impersonator,impersonator
363,impersonator,impersonator,impersonator,impersonator,impersonator
364,impersonator,impersonator,impersonator,impersonator,impersonator
365,impersonator,impersonator,impersonator,impersonator,impersonator
366,impersonator,impersonator,impersonator,impersonator,impersonator
367,impersonator,impersonator,impersonator,impersonator,impersonator
368,impersonator,impersonator,impersonator,impersonator,impersonator
369,impersonator,impersonator,impersonator,impersonator,impersonator
370,impersonator,impersonator,impersonator,impersonator,impersonator
371,impersonator,impersonator,impersonator,impersonator,impersonator
372,impersonator,impersonator,impersonator,impersonator,impersonator
373,impersonator,impersonator,impersonator,impersonator,impersonator
374,impersonator,impersonator,impersonator,impersonator,impersonator
375,impersonator,impersonator,impersonator,impersonator,impersonator
376,impersonator,impersonator,impersonator,impersonator,impersonator
377,impersonator,impersonator,impersonator,impersonator,impersonator
378,impersonator,impersonator,impersonator,impersonator,impersonator
379,impersonator,impersonator,impersonator,impersonator,impersonator
380,impersonator,impersonator,impersonator,impersonator,impersonator
381,impersonator,impersonator,impersonator,impersonator,impersonator
382,impersonator,impersonator,impersonator,impersonator,impersonator
383,impersonator,impersonator,impersonator,impersonator,impersonator
384,impersonator,impersonator,impersonator,impersonator,impersonator
385,impersonator,impersonator,impersonator,impersonator,impersonator
386,impersonator,impersonator,impersonator,impersonator,impersonator
387,impersonator,impersonator,impersonator,impersonator,impersonator
388,impersonator,impersonator,impersonator,impersonator,match
389,impersonator,impersonator,impersonator,impersonator,impersonator
390,impersonator,impersonator,impersonator,impersonator,impersonator
391,impersonator,impersonator,impersonator,impersonator,impersonator
392,impersonator,impersonator,impersonator,impersonator,impersonator
393,impersonator,impersonator,impersonator,impersonator,impersonator
394,impersonator,impersonator,impersonator,impersonator,impersonator
395,impersonator,impersonator,impersonator,impersonator,impersonator
396,impersonator,impersonator,impersonator,impersonator,impersonator
397,impersonator,impersonator,impersonator,impersonator,impersonator
398,impersonator,impersonator,impersonator,impersonator,impersonator
399,impersonator,impersonator,impersonator,impersonator,impersonator
400,impersonator,impersonator,impersonator,impersonator,impersonator
401,impersonator,impersonator,impersonator,impersonator,impersonator
402,impersonator,impersonator,impersonator,impersonator,impersonator
403,impersonator,impersonator,impersonator,impersonator,impersonator
404,impersonator,impersonator,impersonator,impersonator,impersonator
405,impersonator,impersonator,impersonator,impersonator,impersonator
406,impersonator,impersonator,impersonator,impersonator,impersonator
407,impersonator,impersonator,impersonator,impersonator,impersonator
408,impersonator,impersonator,impersonator,impersonator,impersonator
409,impersonator,impersonator,impersonator,impersonator,impersonator
410,impersonator,impersonator,impersonator,impersonator,impersonator
411,impersonator,impersonator,impersonator,impersonator,impersonator
412,impersonator,impersonator,impersonator,impersonator,impersonator
413,impersonator,impersonator,impersonator,impersonator,impersonator
414,impersonator,impersonator,impersonator,impersonator,impersonator
415,impersonator,match,impersonator,impersonator,impersonator
416,impersonator,impersonator,impersonator,impersonator,impersonator
417,impersonator,impersonator,impersonator,impersonator,impersonator
418,impersonator,impersonator,impersonator,impersonator,impersonator
419,impersonator,impersonator,impersonator,impersonator,impersonator
420,impersonator,impersonator,impersonator,impersonator,impersonator
421,impersonator,impersonator,impersonator,impersonator,impersonator
422,impersonator,impersonator,impersonator,impersonator,impersonator
423,impersonator,impersonator,impersonator,impersonator,impersonator
424,impersonator,impersonator,impersonator,impersonator,impersonator
425,impersonator,impersonator,impersonator,impersonator,impersonator
426,impersonator,impersonator,impersonator,impersonator,impersonator
427,impersonator,impersonator,impersonator,impersonator,impersonator
428,impersonator,impersonator,impersonator,impersonator,impersonator
429,impersonator,impersonator,impersonator,impersonator,impersonator
430,impersonator,impersonator,impersonator,impersonator,impersonator
431,impersonator,impersonator,impersonator,impersonator,impersonator
432,impersonator,impersonator,impersonator,impersonator,impersonator
433,impersonator,impersonator,impersonator,impersonator,impersonator
434,impersonator,impersonator,impersonator,impersonator,impersonator
435,impersonator,impersonator,impersonator,impersonator,impersonator
436,impersonator,impersonator,impersonator,impersonator,impersonator
437,impersonator,impersonator,impersonator,impersonator,impersonator
438,impersonator,impersonator,impersonator,impersonator,impersonator
439,impersonator,impersonator,impersonator,impersonator,impersonator
440,impersonator,impersonator,impersonator,impersonator,impersonator
441,impersonator,impersonator,impersonator,impersonator,impersonator
442,impersonator,impersonator,impersonator,impersonator,impersonator
443,impersonator,impersonator,impersonator,impersonator,impersonator
444,impersonator,impersonator,impersonator,impersonator,impersonator
445,impersonator,impersonator,impersonator,impersonator,impersonator
446,impersonator,impersonator,impersonator,impersonator,impersonator
447,impersonator,impersonator,impersonator,impersonator,impersonator
448,impersonator,impersonator,impersonator,impersonator,impersonator
449,impersonator,impersonator,impersonator,impersonator,impersonator
450,impersonator,impersonator,impersonator,impersonator,impersonator
451,impersonator,impersonator,impersonator,impersonator,impersonator
452,impersonator,impersonator,impersonator,impersonator,impersonator
453,impersonator,impersonator,impersonator,impersonator,impersonator
454,impersonator,impersonator,impersonator,impersonator,impersonator
455,impersonator,impersonator,impersonator,impersonator,impersonator
456,impersonator,impersonator,impersonator,impersonator,impersonator
457,impersonator,impersonator,impersonator,impersonator,impersonator
458,impersonator,impersonator,impersonator,impersonator,impersonator
459,impersonator,impersonator,impersonator,impersonator,impersonator
460,impersonator,impersonator,impersonator,impersonator,impersonator
461,impersonator,impersonator,impersonator,impersonator,impersonator
462,impersonator,impersonator,impersonator,impersonator,impersonator
463,impersonator,impersonator,impersonator,impersonator,impersonator
464,impersonator,impersonator,impersonator,impersonator,impersonator
465,impersonator,impersonator,impersonator,impersonator,impersonator
466,impersonator,impersonator,impersonator,impersonator,impersonator
467,impersonator,impersonator,impersonator,impersonator,impersonator
468,impersonator,impersonator,impersonator,impersonator,impersonator
469,impersonator,impersonator,impersonator,impersonator,impersonator
470,impersonator,impersonator,impersonator,impersonator,impersonator
471,impersonator,impersonator,impersonator,impersonator,impersonator
472,impersonator,impersonator,impersonator,impersonator,impersonator
473,impersonator,impersonator,impersonator,impersonator,impersonator
474,impersonator,impersonator,impersonator,impersonator,impersonator
475,impersonator,impersonator,impersonator,impersonator,impersonator
476,impersonator,impersonator,impersonator,impersonator,impersonator
477,impersonator,impersonator,impersonator,impersonator,impersonator
478,impersonator,impersonator,impersonator,impersonator,impersonator
479,impersonator,impersonator,impersonator,impersonator,impersonator
480,impersonator,impersonator,impersonator,impersonator,impersonator
481,impersonator,impersonator,impersonator,impersonator,impersonator
482,impersonator,impersonator,impersonator,impersonator,impersonator
483,impersonator,impersonator,impersonator,impersonator,impersonator
484,impersonator,impersonator,impersonator,impersonator,impersonator
485,impersonator,impersonator,impersonator,impersonator,impersonator
486,impersonator,impersonator,impersonator,impersonator,impersonator
487,impersonator,impersonator,impersonator,impersonator,impersonator
488,impersonator,impersonator,impersonator,impersonator,impersonator
489,impersonator,impersonator,impersonator,impersonator,impersonator
490,impersonator,impersonator,impersonator,impersonator,impersonator
491,impersonator,impersonator,impersonator,impersonator,impersonator
492,impersonator,impersonator,impersonator,impersonator,impersonator
493,impersonator,impersonator,impersonator,impersonator,impersonator
494,impersonator,impersonator,impersonator,impersonator,impersonator
495,impersonator,impersonator,impersonator,impersonator,impersonator
496,impersonator,impersonator,impersonator,impersonator,impersonator
497,impersonator,impersonator,impersonator,impersonator,impersonator
498,impersonator,impersonator,impersonator,impersonator,impersonator
499,impersonator,impersonator,impersonator,impersonator,impersonator
500,impersonator,impersonator,impersonator,impersonator,impersonator
501,impersonator,impersonator,impersonator,impersonator,impersonator
502,impersonator,impersonator,impersonator,impersonator,impersonator
503,impersonator,impersonator,impersonator,impersonator,impersonator
504,impersonator,match,match,match,match
505,impersonator,match,match,match,match
506,impersonator,match,match,match,match
507,impersonator,match,match,match,match
508,impersonator,match,match,match,match
509,impersonator,match,match,match,match
510,impersonator,match,match,match,match
511,impersonator,match,impersonator,match,match
512,impersonator,match,match,match,match
513,impersonator,match,match,impersonator,match
514,impersonator,match,match,match,match
515,impersonator,match,match,match,match
516,impersonator,match,match,match,match
517,impersonator,match,match,match,match
518,impersonator,match,match,match,match
519,impersonator,match,match,match,match
520,impersonator,match,match,match,match
521,impersonator,match,match,match,match
522,impersonator,match,match,match,match
523,impersonator,match,match,match,match
524,impersonator,match,match,match,match
525,impersonator,impersonator,match,match,match
526,impersonator,match,match,match,match
527,impersonator,match,match,match,match
528,impersonator,match,match,match,match
529,impersonator,match,match,match,match
530,impersonator,match,match,match,match
531,impersonator,match,match,impersonator,match
532,impersonator,match,match,match,match
533,impersonator,match,match,match,match
534,impersonator,match,match,match,match
535,impersonator,match,match,match,match
536,impersonator,match,match,match,match
537,impersonator,match,match,match,match
538,impersonator,match,match,match,match
539,impersonator,match,match,match,match
540,impersonator,match,match,match,match
541,impersonator,match,match,match,match
542,impersonator,match,match,match,match
543,impersonator,match,match,match,match
544,impersonator,match,mismatch,match,match
545,impersonator,match,match,match,match
546,impersonator,match,match,match,match
547,impersonator,match,match,match,match
548,impersonator,match,match,match,match
549,impersonator,match,match,match,match
550,impersonator,match,match,match,match
551,impersonator,match,match,match,match
552,impersonator,match,match,match,match
553,impersonator,impersonator,match,match,match
554,impersonator,match,match,match,match
555,impersonator,match,match,match,match
556,impersonator,match,mismatch,mismatch,match
557,impersonator,match,match,match,match
558,impersonator,impersonator,match,match,impersonator
559,impersonator,match,match,match,match
560,impersonator,match,match,match,match
561,impersonator,match,match,match,match
562,impersonator,match,match,match,match
563,impersonator,match,match,match,match
564,impersonator,match,match,match,match
565,impersonator,match,match,match,match
566,impersonator,match,match,match,match
567,impersonator,match,match,match,match
568,impersonator,match,match,match,match
569,impersonator,match,match,match,match
570,impersonator,match,match,match,match
571,impersonator,match,match,match,match
572,impersonator,match,match,match,match
573,impersonator,match,match,match,match
574,impersonator,match,match,match,match
575,impersonator,match,match,match,match
576,impersonator,match,match,match,match
577,impersonator,impersonator,match,match,match
578,impersonator,match,match,match,match
579,impersonator,match,match,match,match
580,impersonator,match,match,match,match
581,impersonator,match,match,match,match
582,impersonator,match,match,match,match
583,impersonator,match,match,match,match
584,impersonator,match,match,match,match
585,impersonator,match,match,match,match
586,impersonator,match,match,match,match
587,impersonator,match,match,match,match
588,impersonator,match,match,match,match
589,impersonator,match,match,match,match
590,impersonator,match,match,match,match
591,impersonator,match,match,match,match
592,impersonator,impersonator,match,match,match
593,impersonator,match,impersonator,match,match
594,impersonator,match,match,match,match
595,impersonator,match,match,match,match
596,impersonator,match,match,match,match
597,impersonator,match,match,impersonator,match
598,impersonator,match,match,match,match
599,impersonator,match,match,match,match
600,impersonator,match,match,match,match
601,impersonator,match,match,match,match
602,impersonator,match,match,match,match
603,impersonator,match,match,match,match
604,impersonator,match,match,match,impersonator
605,impersonator,match,match,match,match
606,impersonator,match,match,match,match
607,impersonator,match,match,match,match
608,impersonator,match,match,match,match
609,impersonator,match,match,match,match
610,impersonator,match,match,match,match
611,impersonator,match,match,impersonator,match
612,impersonator,match,impersonator,match,match
613,impersonator,match,match,match,match
614,impersonator,match,match,match,match
615,impersonator,match,match,match,match
616,impersonator,match,match,match,match
617,impersonator,match,match,match,match
618,impersonator,match,impersonator,match,match
619,impersonator,match,match,match,match
620,impersonator,match,match,match,match
621,impersonator,match,match,match,match
622,impersonator,match,match,match,impersonator
623,impersonator,match,match,match,match
624,impersonator,match,match,match,match
625,impersonator,match,match,match,match
626,impersonator,match,match,match,match
627,impersonator,match,match,match,match
628,impersonator,impersonator,impersonator,impersonator,impersonator
629,impersonator,impersonator,impersonator,impersonator,impersonator
630,impersonator,impersonator,impersonator,impersonator,impersonator
631,impersonator,impersonator,impersonator,impersonator,impersonator
632,impersonator,impersonator,impersonator,impersonator,impersonator
633,impersonator,impersonator,impersonator,impersonator,impersonator
634,impersonator,impersonator,impersonator,impersonator,impersonator
635,impersonator,impersonator,impersonator,impersonator,impersonator
636,impersonator,impersonator,impersonator,impersonator,impersonator
637,impersonator,impersonator,impersonator,impersonator,impersonator
638,impersonator,impersonator,impersonator,impersonator,impersonator
639,impersonator,impersonator,impersonator,impersonator,impersonator
640,impersonator,impersonator,impersonator,impersonator,impersonator
641,impersonator,impersonator,impersonator,impersonator,impersonator
642,impersonator,impersonator,impersonator,impersonator,impersonator
643,impersonator,impersonator,impersonator,impersonator,impersonator
644,impersonator,impersonator,impersonator,impersonator,impersonator
645,impersonator,impersonator,impersonator,impersonator,impersonator
646,impersonator,impersonator,impersonator,impersonator,impersonator
647,impersonator,impersonator,impersonator,impersonator,impersonator
648,impersonator,impersonator,impersonator,impersonator,impersonator
649,impersonator,impersonator,impersonator,impersonator,impersonator
650,impersonator,impersonator,impersonator,impersonator,impersonator
651,impersonator,impersonator,impersonator,impersonator,impersonator
652,impersonator,impersonator,impersonator,impersonator,impersonator
653,impersonator,impersonator,impersonator,impersonator,impersonator
654,impersonator,impersonator,impersonator,impersonator,impersonator
655,impersonator,impersonator,impersonator,impersonator,impersonator
656,impersonator,impersonator,impersonator,impersonator,impersonator
657,impersonator,impersonator,impersonator,impersonator,impersonator
658,impersonator,impersonator,impersonator,impersonator,impersonator
659,impersonator,impersonator,impersonator,impersonator,impersonator
660,impersonator,impersonator,impersonator,impersonator,impersonator
661,impersonator,impersonator,impersonator,impersonator,impersonator
662,impersonator,impersonator,impersonator,impersonator,impersonator
663,impersonator,impersonator,impersonator,impersonator,impersonator
664,impersonator,impersonator,impersonator,impersonator,impersonator
665,impersonator,impersonator,impersonator,impersonator,impersonator
666,impersonator,impersonator,impersonator,impersonator,impersonator
667,impersonator,impersonator,impersonator,impersonator,impersonator
668,impersonator,impersonator,impersonator,impersonator,impersonator
669,impersonator,impersonator,impersonator,impersonator,impersonator
670,impersonator,impersonator,impersonator,impersonator,impersonator
671,impersonator,impersonator,impersonator,impersonator,impersonator
672,impersonator,impersonator,impersonator,impersonator,impersonator
673,impersonator,impersonator,impersonator,impersonator,impersonator
674,impersonator,impersonator,impersonator,impersonator,impersonator
675,impersonator,impersonator,impersonator,impersonator,impersonator
676,impersonator,impersonator,impersonator,impersonator,impersonator
677,impersonator,impersonator,impersonator,impersonator,impersonator
678,impersonator,impersonator,impersonator,impersonator,impersonator
679,impersonator,impersonator,impersonator,impersonator,impersonator
680,impersonator,impersonator,impersonator,impersonator,impersonator
681,impersonator,impersonator,impersonator,impersonator,impersonator
682,impersonator,impersonator,impersonator,impersonator,impersonator
683,impersonator,impersonator,impersonator,impersonator,impersonator
684,impersonator,impersonator,impersonator,impersonator,impersonator
685,impersonator,impersonator,impersonator,impersonator,impersonator
686,impersonator,impersonator,impersonator,impersonator,impersonator
687,impersonator,impersonator,impersonator,impersonator,impersonator
688,impersonator,impersonator,impersonator,impersonator,impersonator
689,impersonator,impersonator,impersonator,impersonator,impersonator
690,impersonator,impersonator,impersonator,impersonator,impersonator
691,impersonator,impersonator,impersonator,impersonator,impersonator
692,impersonator,impersonator,impersonator,impersonator,impersonator
693,impersonator,impersonator,impersonator,impersonator,impersonator
694,impersonator,impersonator,impersonator,impersonator,impersonator
695,impersonator,impersonator,impersonator,impersonator,impersonator
696,impersonator,impersonator,impersonator,impersonator,impersonator
697,impersonator,impersonator,impersonator,impersonator,impersonator
698,impersonator,impersonator,impersonator,impersonator,impersonator
699,impersonator,impersonator,impersonator,impersonator,impersonator
700,impersonator,impersonator,impersonator,impersonator,impersonator
701,impersonator,impersonator,impersonator,impersonator,impersonator
702,impersonator,impersonator,impersonator,impersonator,impersonator
703,impersonator,impersonator,impersonator,impersonator,impersonator
704,impersonator,impersonator,impersonator,impersonator,impersonator
705,impersonator,impersonator,impersonator,impersonator,impersonator
706,impersonator,impersonator,impersonator,impersonator,impersonator
707,impersonator,impersonator,impersonator,impersonator,impersonator
708,impersonator,impersonator,impersonator,impersonator,impersonator
709,impersonator,impersonator,impersonator,impersonator,impersonator
710,impersonator,impersonator,impersonator,impersonator,impersonator
711,impersonator,impersonator,impersonator,impersonator,impersonator
712,impersonator,impersonator,impersonator,impersonator,impersonator
713,impersonator,impersonator,impersonator,impersonator,impersonator
714,impersonator,impersonator,impersonator,impersonator,impersonator
715,impersonator,impersonator,impersonator,impersonator,impersonator
716,impersonator,impersonator,impersonator,impersonator,impersonator
717,impersonator,impersonator,impersonator,impersonator,impersonator
718,impersonator,impersonator,impersonator,impersonator,mismatch
719,impersonator,impersonator,impersonator,impersonator,impersonator
720,impersonator,impersonator,impersonator,impersonator,impersonator
721,impersonator,impersonator,impersonator,impersonator,impersonator
722,impersonator,impersonator,impersonator,impersonator,impersonator
723,impersonator,impersonator,impersonator,impersonator,impersonator
724,impersonator,impersonator,impersonator,impersonator,impersonator
725,impersonator,impersonator,impersonator,impersonator,impersonator
726,impersonator,impersonator,impersonator,impersonator,impersonator
727,impersonator,impersonator,impersonator,impersonator,impersonator
728,impersonator,impersonator,impersonator,impersonator,impersonator
729,impersonator,impersonator,impersonator,impersonator,impersonator
730,impersonator,impersonator,impersonator,impersonator,impersonator
731,impersonator,impersonator,impersonator,impersonator,impersonator
732,impersonator,impersonator,impersonator,impersonator,impersonator
733,impersonator,impersonator,impersonator,impersonator,impersonator
734,impersonator,impersonator,impersonator,impersonator,impersonator
735,impersonator,impersonator,impersonator,impersonator,impersonator
736,impersonator,impersonator,impersonator,impersonator,impersonator
737,impersonator,impersonator,impersonator,impersonator,impersonator
738,impersonator,impersonator,impersonator,impersonator,impersonator
739,impersonator,impersonator,impersonator,impersonator,impersonator
740,impersonator,impersonator,impersonator,impersonator,impersonator
741,impersonator,impersonator,impersonator,impersonator,impersonator
742,impersonator,impersonator,impersonator,impersonator,impersonator
743,impersonator,impersonator,impersonator,impersonator,impersonator
744,impersonator,impersonator,impersonator,impersonator,impersonator
745,impersonator,impersonator,impersonator,mismatch,impersonator
746,impersonator,impersonator,impersonator,impersonator,impersonator
747,impersonator,impersonator,impersonator,impersonator,impersonator
748,impersonator,impersonator,impersonator,impersonator,impersonator
749,impersonator,impersonator,impersonator,impersonator,impersonator
750,impersonator,impersonator,impersonator,impersonator,impersonator
751,impersonator,impersonator,impersonator,impersonator,impersonator
752,impersonator,impersonator,impersonator,impersonator,impersonator
753,impersonator,impersonator,impersonator,impersonator,impersonator
754,impersonator,impersonator,impersonator,impersonator,impersonator
755,impersonator,impersonator,impersonator,impersonator,impersonator
756,impersonator,impersonator,impersonator,mismatch,impersonator
757,impersonator,impersonator,impersonator,impersonator,impersonator
758,impersonator,impersonator,impersonator,impersonator,impersonator
759,impersonator,impersonator,impersonator,impersonator,impersonator
760,impersonator,impersonator,impersonator,impersonator,impersonator
761,impersonator,impersonator,impersonator,impersonator,impersonator
762,impersonator,impersonator,impersonator,impersonator,impersonator
763,impersonator,match,impersonator,impersonator,impersonator
764,impersonator,impersonator,impersonator,impersonator,impersonator
765,impersonator,impersonator,impersonator,impersonator,impersonator
766,impersonator,impersonator,impersonator,mismatch,impersonator
767,impersonator,impersonator,mismatch,impersonator,impersonator
768,impersonator,impersonator,impersonator,impersonator,impersonator
769,impersonator,impersonator,impersonator,impersonator,impersonator
770,impersonator,impersonator,impersonator,impersonator,impersonator
771,impersonator,impersonator,impersonator,impersonator,impersonator
772,impersonator,impersonator,impersonator,impersonator,impersonator
773,impersonator,impersonator,impersonator,impersonator,impersonator
774,impersonator,impersonator,impersonator,impersonator,impersonator
775,impersonator,impersonator,impersonator,impersonator,impersonator
776,impersonator,impersonator,impersonator,impersonator,impersonator
777,impersonator,impersonator,impersonator,impersonator,impersonator
778,impersonator,impersonator,impersonator,match,impersonator
779,impersonator,impersonator,impersonator,impersonator,match
780,impersonator,match,impersonator,impersonator,impersonator
781,impersonator,impersonator,impersonator,impersonator,impersonator
782,impersonator,impersonator,impersonator,impersonator,impersonator
783,impersonator,impersonator,impersonator,impersonator,impersonator
784,impersonator,match,impersonator,impersonator,impersonator
785,impersonator,impersonator,mismatch,impersonator,impersonator
786,impersonator,impersonator,impersonator,mismatch,impersonator
787,impersonator,impersonator,impersonator,match,impersonator
788,impersonator,impersonator,impersonator,impersonator,impersonator
789,impersonator,impersonator,impersonator,impersonator,impersonator
790,impersonator,impersonator,impersonator,impersonator,impersonator
791,impersonator,impersonator,impersonator,impersonator,impersonator
792,impersonator,impersonator,impersonator,impersonator,impersonator
793,impersonator,impersonator,impersonator,impersonator,match
794,impersonator,impersonator,impersonator,impersonator,match
795,impersonator,impersonator,impersonator,impersonator,impersonator
796,impersonator,impersonator,impersonator,impersonator,impersonator
797,impersonator,impersonator,impersonator,impersonator,impersonator
798,impersonator,impersonator,impersonator,impersonator,impersonator
799,impersonator,impersonator,impersonator,impersonator,impersonator
800,impersonator,impersonator,impersonator,mismatch,impersonator
801,impersonator,impersonator,mismatch,impersonator,impersonator
802,impersonator,impersonator,impersonator,impersonator,impersonator
803,impersonator,impersonator,impersonator,impersonator,impersonator
804,impersonator,impersonator,impersonator,impersonator,impersonator
805,impersonator,impersonator,impersonator,impersonator,impersonator
806,impersonator,impersonator,impersonator,impersonator,impersonator
807,impersonator,impersonator,impersonator,impersonator,impersonator
808,impersonator,impersonator,impersonator,impersonator,impersonator
809,impersonator,impersonator,impersonator,impersonator,impersonator
810,impersonator,impersonator,impersonator,match,impersonator
811,impersonator,impersonator,impersonator,impersonator,impersonator
812,impersonator,impersonator,impersonator,impersonator,impersonator
813,impersonator,impersonator,impersonator,impersonator,impersonator
814,impersonator,impersonator,impersonator,impersonator,impersonator
815,impersonator,impersonator,impersonator,impersonator,impersonator
816,impersonator,impersonator,impersonator,impersonator,match
817,impersonator,impersonator,impersonator,mismatch,impersonator
818,impersonator,impersonator,impersonator,impersonator,impersonator
819,impersonator,impersonator,impersonator,impersonator,impersonator
820,impersonator,impersonator,match,impersonator,impersonator
821,impersonator,impersonator,impersonator,impersonator,match
822,impersonator,impersonator,impersonator,impersonator,impersonator
823,impersonator,impersonator,impersonator,match,impersonator
824,impersonator,mismatch,impersonator,impersonator,impersonator
825,impersonator,impersonator,match,impersonator,mismatch
826,impersonator,impersonator,impersonator,impersonator,impersonator
827,impersonator,impersonator,mismatch,mismatch,impersonator
828,impersonator,impersonator,impersonator,impersonator,impersonator
829,impersonator,impersonator,impersonator,impersonator,impersonator
830,impersonator,impersonator,impersonator,impersonator,impersonator
831,impersonator,impersonator,impersonator,impersonator,impersonator
832,impersonator,impersonator,impersonator,impersonator,impersonator
833,impersonator,impersonator,impersonator,mismatch,impersonator
834,impersonator,impersonator,impersonator,impersonator,impersonator
835,impersonator,impersonator,impersonator,impersonator,impersonator
836,impersonator,impersonator,impersonator,match,impersonator
837,impersonator,impersonator,impersonator,impersonator,impersonator
838,impersonator,impersonator,impersonator,impersonator,mismatch
839,impersonator,impersonator,impersonator,impersonator,impersonator
840,impersonator,impersonator,impersonator,match,impersonator
841,impersonator,impersonator,impersonator,impersonator,impersonator
842,impersonator,impersonator,impersonator,impersonator,impersonator
843,impersonator,impersonator,impersonator,impersonator,impersonator
844,impersonator,impersonator,impersonator,impersonator,impersonator
845,impersonator,impersonator,impersonator,impersonator,impersonator
846,impersonator,impersonator,impersonator,impersonator,impersonator
847,impersonator,impersonator,impersonator,impersonator,impersonator
848,impersonator,impersonator,impersonator,impersonator,impersonator
849,impersonator,impersonator,impersonator,impersonator,impersonator
850,impersonator,impersonator,impersonator,impersonator,impersonator
851,impersonator,impersonator,impersonator,impersonator,impersonator
852,impersonator,impersonator,impersonator,impersonator,impersonator
853,impersonator,impersonator,impersonator,impersonator,impersonator
854,impersonator,impersonator,impersonator,impersonator,impersonator
855,impersonator,impersonator,impersonator,impersonator,impersonator
856,impersonator,impersonator,impersonator,impersonator,impersonator
857,impersonator,impersonator,impersonator,impersonator,impersonator
858,impersonator,impersonator,impersonator,impersonator,impersonator
859,impersonator,mismatch,impersonator,mismatch,impersonator
860,impersonator,impersonator,impersonator,impersonator,impersonator
861,impersonator,match,impersonator,impersonator,impersonator
862,impersonator,impersonator,impersonator,impersonator,impersonator
863,impersonator,impersonator,impersonator,impersonator,impersonator
864,impersonator,impersonator,impersonator,impersonator,match
865,impersonator,impersonator,impersonator,mismatch,impersonator
866,impersonator,impersonator,impersonator,impersonator,impersonator
867,impersonator,impersonator,impersonator,impersonator,impersonator
868,impersonator,impersonator,impersonator,impersonator,impersonator
869,impersonator,impersonator,impersonator,impersonator,impersonator
870,impersonator,mismatch,impersonator,match,mismatch
871,impersonator,impersonator,impersonator,impersonator,impersonator
872,impersonator,impersonator,impersonator,impersonator,impersonator
873,impersonator,impersonator,impersonator,impersonator,impersonator
874,impersonator,impersonator,impersonator,impersonator,impersonator
875,impersonator,impersonator,impersonator,impersonator,impersonator
876,impersonator,impersonator,impersonator,impersonator,mismatch
877,impersonator,impersonator,mismatch,impersonator,impersonator
878,impersonator,impersonator,impersonator,mismatch,impersonator
879,impersonator,impersonator,impersonator,impersonator,impersonator
880,impersonator,match,impersonator,impersonator,impersonator
881,impersonator,impersonator,impersonator,impersonator,impersonator
882,impersonator,impersonator,impersonator,impersonator,impersonator
883,impersonator,impersonator,match,impersonator,mismatch
884,impersonator,impersonator,match,impersonator,impersonator
885,impersonator,impersonator,impersonator,impersonator,impersonator
886,impersonator,impersonator,impersonator,impersonator,impersonator
887,impersonator,impersonator,impersonator,impersonator,mismatch
888,impersonator,impersonator,match,impersonator,impersonator
889,impersonator,impersonator,impersonator,impersonator,impersonator
890,impersonator,impersonator,impersonator,impersonator,impersonator
891,impersonator,impersonator,match,impersonator,impersonator
892,impersonator,match,impersonator,impersonator,impersonator
893,impersonator,impersonator,match,impersonator,impersonator
894,impersonator,match,match,impersonator,impersonator
895,impersonator,impersonator,impersonator,impersonator,impersonator
896,impersonator,impersonator,impersonator,impersonator,impersonator
897,impersonator,impersonator,impersonator,impersonator,match
898,impersonator,impersonator,impersonator,impersonator,impersonator
899,impersonator,impersonator,impersonator,impersonator,match
900,impersonator,impersonator,impersonator,impersonator,impersonator
901,impersonator,impersonator,impersonator,impersonator,impersonator
902,impersonator,match,impersonator,impersonator,match
903,impersonator,impersonator,impersonator,impersonator,impersonator
904,impersonator,impersonator,impersonator,impersonator,match
905,impersonator,match,impersonator,impersonator,match
906,impersonator,impersonator,impersonator,impersonator,impersonator
907,impersonator,impersonator,match,impersonator,match
908,impersonator,match,impersonator,mismatch,impersonator
909,impersonator,impersonator,impersonator,impersonator,impersonator
910,impersonator,impersonator,match,impersonator,match
911,impersonator,impersonator,impersonator,impersonator,impersonator
912,impersonator,mismatch,impersonator,impersonator,match
913,impersonator,impersonator,impersonator,impersonator,impersonator
914,impersonator,impersonator,impersonator,impersonator,match
915,impersonator,impersonator,impersonator,mismatch,match
916,impersonator,impersonator,impersonator,match,impersonator
917,impersonator,impersonator,impersonator,impersonator,impersonator
918,impersonator,impersonator,impersonator,mismatch,impersonator
919,impersonator,impersonator,impersonator,impersonator,impersonator
920,impersonator,impersonator,impersonator,impersonator,impersonator
921,impersonator,impersonator,impersonator,impersonator,impersonator
922,impersonator,impersonator,impersonator,match,impersonator
923,impersonator,impersonator,impersonator,impersonator,impersonator
924,impersonator,impersonator,impersonator,match,impersonator
925,impersonator,impersonator,impersonator,impersonator,impersonator
926,impersonator,match,mismatch,impersonator,impersonator
927,impersonator,impersonator,impersonator,mismatch,impersonator
928,impersonator,impersonator,impersonator,impersonator,impersonator
929,impersonator,impersonator,impersonator,impersonator,impersonator
930,impersonator,match,impersonator,impersonator,match
931,impersonator,impersonator,impersonator,impersonator,impersonator
932,impersonator,impersonator,impersonator,impersonator,impersonator
933,impersonator,impersonator,mismatch,impersonator,impersonator
934,impersonator,impersonator,match,impersonator,impersonator
935,impersonator,impersonator,mismatch,impersonator,impersonator
936,impersonator,impersonator,impersonator,impersonator,impersonator
937,impersonator,impersonator,impersonator,match,impersonator
938,impersonator,impersonator,match,impersonator,impersonator
939,impersonator,mismatch,impersonator,match,impersonator
940,impersonator,impersonator,impersonator,impersonator,impersonator
941,impersonator,impersonator,impersonator,impersonator,mismatch
942,impersonator,impersonator,impersonator,impersonator,impersonator
943,impersonator,impersonator,impersonator,impersonator,impersonator
944,impersonator,impersonator,match,impersonator,impersonator
945,impersonator,impersonator,impersonator,match,impersonator
946,impersonator,impersonator,impersonator,impersonator,impersonator
947,impersonator,impersonator,impersonator,impersonator,impersonator
948,impersonator,match,impersonator,impersonator,impersonator
949,impersonator,match,impersonator,impersonator,impersonator
950,impersonator,impersonator,impersonator,impersonator,impersonator
951,impersonator,match,impersonator,impersonator,impersonator
952,impersonator,impersonator,impersonator,impersonator,impersonator
953,impersonator,impersonator,impersonator,match,impersonator
954,impersonator,impersonator,impersonator,impersonator,impersonator
955,impersonator,impersonator,impersonator,impersonator,impersonator
956,impersonator,impersonator,impersonator,impersonator,impersonator
957,impersonator,impersonator,impersonator,impersonator,impersonator
958,impersonator,impersonator,impersonator,impersonator,impersonator
959,impersonator,impersonator,impersonator,impersonator,impersonator
960,impersonator,match,impersonator,match,match
961,impersonator,impersonator,impersonator,impersonator,impersonator
962,impersonator,impersonator,impersonator,impersonator,impersonator
963,impersonator,impersonator,impersonator,match,impersonator
964,impersonator,impersonator,impersonator,impersonator,impersonator
965,impersonator,impersonator,impersonator,impersonator,match
966,impersonator,impersonator,mismatch,impersonator,impersonator
967,impersonator,impersonator,impersonator,impersonator,impersonator
968,impersonator,match,impersonator,match,match
969,impersonator,match,impersonator,impersonator,impersonator
970,impersonator,impersonator,impersonator,impersonator,impersonator
971,impersonator,match,impersonator,impersonator,impersonator
972,impersonator,match,impersonator,impersonator,impersonator
973,impersonator,match,impersonator,match,impersonator
974,impersonator,impersonator,impersonator,impersonator,impersonator
975,impersonator,impersonator,impersonator,impersonator,match
976,impersonator,mismatch,impersonator,impersonator,match
977,impersonator,impersonator,impersonator,impersonator,impersonator
978,impersonator,impersonator,impersonator,impersonator,impersonator
979,impersonator,match,impersonator,impersonator,impersonator
980,impersonator,impersonator,impersonator,impersonator,impersonator
981,impersonator,impersonator,impersonator,impersonator,impersonator
982,impersonator,impersonator,impersonator,impersonator,impersonator
983,impersonator,impersonator,impersonator,impersonator,impersonator
984,impersonator,impersonator,impersonator,impersonator,impersonator
985,impersonator,impersonator,impersonator,match,impersonator
986,impersonator,impersonator,impersonator,impersonator,impersonator
987,impersonator,impersonator,impersonator,impersonator,impersonator
988,impersonator,impersonator,match,impersonator,impersonator
989,impersonator,impersonator,impersonator,mismatch,match
990,impersonator,mismatch,impersonator,match,impersonator
991,impersonator,match,impersonator,impersonator,impersonator
992,impersonator,impersonator,impersonator,impersonator,impersonator
993,impersonator,impersonator,impersonator,impersonator,impersonator
994,impersonator,impersonator,mismatch,impersonator,match
995,impersonator,impersonator,impersonator,impersonator,impersonator
996,impersonator,impersonator,impersonator,impersonator,impersonator
997,impersonator,impersonator,impersonator,impersonator,impersonator
998,impersonator,impersonator,impersonator,impersonator,impersonator
999,impersonator,impersonator,match,match,impersonator
1000,impersonator,impersonator,impersonator,impersonator,impersonator
1001,impersonator,impersonator,impersonator,impersonator,match
1002,impersonator,impersonator,mismatch,match,impersonator
1003,impersonator,impersonator,mismatch,impersonator,impersonator
1004,impersonator,impersonator,impersonator,impersonator,impersonator
1005,impersonator,impersonator,impersonator,impersonator,impersonator
1006,impersonator,impersonator,impersonator,impersonator,impersonator
1007,impersonator,impersonator,impersonator,impersonator,impersonator
1008,impersonator,impersonator,impersonator,impersonator,impersonator
1009,impersonator,impersonator,impersonator,impersonator,match
1010,impersonator,impersonator,match,impersonator,impersonator
1011,impersonator,impersonator,impersonator,match,impersonator
1012,impersonator,match,match,match,match
1013,impersonator,match,match,match,match
1014,impersonator,match,match,match,match
1015,impersonator,match,match,match,match
1016,impersonator,match,match,match,match
1017,impersonator,match,match,match,match
1018,impersonator,match,match,match,match
1019,impersonator,match,match,match,match
1020,impersonator,match,match,match,match
1021,impersonator,match,match,match,match
1022,impersonator,match,match,match,match
1023,impersonator,match,match,match,match
1024,impersonator,match,match,match,match
1025,impersonator,match,match,match,match
1026,impersonator,match,match,match,match
1027,impersonator,match,match,match,match
1028,impersonator,match,match,match,match
1029,impersonator,match,match,match,match
1030,impersonator,match,match,match,match
1031,impersonator,match,match,match,match
1032,impersonator,match,match,match,match
1033,impersonator,match,match,match,match
1034,impersonator,match,match,match,match
1035,impersonator,match,match,match,match
1036,impersonator,match,match,match,match
1037,impersonator,match,match,match,match
1038,impersonator,match,match,match,match
1039,impersonator,match,match,match,match
1040,impersonator,match,match,match,match
1041,impersonator,match,match,match,match
1042,impersonator,match,match,match,match
1043,impersonator,match,match,match,match
1044,impersonator,match,match,match,match
1045,impersonator,match,match,match,match
1046,impersonator,match,match,match,match
1047,impersonator,match,match,match,match
1048,impersonator,match,match,match,match
1049,impersonator,match,match,match,match
1050,impersonator,match,match,match,match
1051,impersonator,match,match,match,match
1052,impersonator,match,match,match,match
1053,impersonator,match,match,match,match
1054,impersonator,match,match,match,match
1055,impersonator,match,match,match,match
1056,impersonator,match,match,match,match
1057,impersonator,match,match,match,match
1058,impersonator,match,match,match,match
1059,impersonator,match,match,match,match
1060,impersonator,match,match,match,match
1061,impersonator,match,match,match,match
1062,impersonator,match,match,match,match
1063,impersonator,match,match,match,match
1064,impersonator,match,match,match,match
1065,impersonator,match,match,match,match
1066,impersonator,match,match,match,match
1067,impersonator,match,match,match,match
1068,impersonator,match,match,match,match
1069,impersonator,match,match,match,match
1070,impersonator,match,match,match,match
1071,impersonator,match,match,match,match
1072,impersonator,match,match,match,match
1073,impersonator,match,match,match,match
1074,impersonator,match,match,match,match
1075,impersonator,match,match,match,match
1076,impersonator,match,match,match,match
1077,impersonator,match,match,match,match
1078,impersonator,match,match,match,match
1079,impersonator,match,match,match,match
1080,impersonator,match,match,match,match
1081,impersonator,match,match,match,match
1082,impersonator,match,match,match,match
1083,impersonator,match,match,match,match
1084,impersonator,match,match,match,match
1085,impersonator,match,match,match,match
1086,impersonator,match,match,match,match
1087,impersonator,match,match,match,match
1088,impersonator,match,match,match,match
1089,impersonator,match,match,match,match
1090,impersonator,match,match,match,match
1091,impersonator,match,match,match,match
1092,impersonator,match,match,match,match
1093,impersonator,match,match,match,match
1094,impersonator,match,match,match,match
1095,impersonator,match,match,match,match
1096,impersonator,match,match,match,match
1097,impersonator,match,match,match,match
1098,impersonator,match,match,match,match
1099,impersonator,match,match,match,match
1100,impersonator,match,match,match,match
1101,impersonator,match,match,match,match
1102,impersonator,match,match,match,match
1103,impersonator,match,match,match,match
1104,impersonator,match,match,match,match
1105,impersonator,match,match,match,match
1106,impersonator,match,match,match,match
1107,impersonator,match,match,match,match
1108,impersonator,match,match,match,match
1109,impersonator,match,match,match,match
1110,impersonator,match,match,match,match
1111,impersonator,match,match,mismatch,match
1112,impersonator,match,match,match,match
1113,impersonator,match,match,match,match
1114,impersonator,match,match,match,match
1115,impersonator,match,match,match,match
1116,impersonator,match,match,match,match
1117,impersonator,match,match,match,match
1118,impersonator,match,match,match,match
1119,impersonator,match,match,match,match
1120,impersonator,match,match,match,match
1121,impersonator,match,match,match,match
1122,impersonator,match,match,match,match
1123,impersonator,match,match,match,match
1124,impersonator,mismatch,match,match,match
1125,impersonator,match,match,match,match
1126,impersonator,match,match,match,match
1127,impersonator,match,match,match,match
1128,impersonator,match,match,match,match
1129,impersonator,match,match,match,match
1130,impersonator,match,match,match,match
1131,impersonator,match,match,match,match
1132,impersonator,match,match,match,match
1133,impersonator,match,match,match,match
1134,impersonator,match,match,match,match
1135,impersonator,match,match,match,match
1136,impersonator,match,match,match,match
1137,impersonator,match,match,match,match
1138,impersonator,match,match,match,match
1139,impersonator,match,match,impersonator,impersonator
1140,impersonator,impersonator,impersonator,impersonator,impersonator
1141,impersonator,impersonator,impersonator,impersonator,impersonator
1142,impersonator,impersonator,impersonator,impersonator,impersonator
1143,impersonator,impersonator,impersonator,impersonator,impersonator
1144,impersonator,impersonator,impersonator,impersonator,impersonator
1145,impersonator,impersonator,impersonator,impersonator,impersonator
1146,impersonator,impersonator,impersonator,impersonator,impersonator
1147,impersonator,impersonator,impersonator,impersonator,impersonator
1148,impersonator,impersonator,impersonator,impersonator,impersonator
1149,impersonator,impersonator,impersonator,impersonator,impersonator
1150,impersonator,impersonator,impersonator,impersonator,impersonator
1151,impersonator,impersonator,impersonator,impersonator,impersonator
1152,impersonator,impersonator,impersonator,impersonator,impersonator
1153,impersonator,impersonator,impersonator,impersonator,impersonator
1154,impersonator,impersonator,impersonator,impersonator,impersonator
1155,impersonator,impersonator,impersonator,impersonator,impersonator
1156,impersonator,impersonator,impersonator,impersonator,impersonator
1157,impersonator,impersonator,impersonator,impersonator,impersonator
1158,impersonator,impersonator,impersonator,impersonator,impersonator
1159,impersonator,impersonator,impersonator,impersonator,impersonator
1160,impersonator,impersonator,impersonator,impersonator,impersonator
1161,impersonator,impersonator,impersonator,impersonator,impersonator
1162,impersonator,impersonator,impersonator,impersonator,impersonator
1163,impersonator,impersonator,impersonator,impersonator,impersonator
1164,impersonator,impersonator,impersonator,impersonator,impersonator
1165,impersonator,impersonator,impersonator,impersonator,impersonator
1166,impersonator,impersonator,impersonator,impersonator,impersonator
1167,impersonator,impersonator,impersonator,impersonator,impersonator
1168,impersonator,impersonator,impersonator,impersonator,impersonator
1169,impersonator,impersonator,impersonator,impersonator,impersonator
1170,impersonator,impersonator,impersonator,impersonator,impersonator
1171,impersonator,impersonator,impersonator,impersonator,impersonator
1172,impersonator,impersonator,impersonator,impersonator,impersonator
1173,impersonator,impersonator,impersonator,impersonator,impersonator
1174,impersonator,impersonator,impersonator,impersonator,impersonator
1175,impersonator,impersonator,impersonator,impersonator,impersonator
1176,impersonator,impersonator,impersonator,impersonator,impersonator
1177,impersonator,impersonator,impersonator,impersonator,impersonator
1178,impersonator,impersonator,impersonator,impersonator,impersonator
1179,impersonator,impersonator,impersonator,impersonator,impersonator
1180,impersonator,impersonator,impersonator,impersonator,impersonator
1181,impersonator,impersonator,impersonator,impersonator,impersonator
1182,impersonator,impersonator,impersonator,impersonator,impersonator
1183,impersonator,impersonator,impersonator,impersonator,impersonator
1184,impersonator,impersonator,impersonator,impersonator,impersonator
1185,impersonator,impersonator,impersonator,impersonator,impersonator
1186,impersonator,impersonator,impersonator,impersonator,impersonator
1187,impersonator,impersonator,impersonator,impersonator,impersonator
1188,impersonator,impersonator,impersonator,impersonator,impersonator
1189,impersonator,impersonator,impersonator,impersonator,impersonator
1190,impersonator,impersonator,impersonator,impersonator,impersonator
1191,impersonator,impersonator,impersonator,impersonator,impersonator
1192,impersonator,impersonator,impersonator,impersonator,impersonator
1193,impersonator,impersonator,impersonator,impersonator,impersonator
1194,impersonator,impersonator,impersonator,impersonator,impersonator
1195,impersonator,impersonator,impersonator,impersonator,impersonator
1196,impersonator,impersonator,impersonator,impersonator,impersonator
1197,impersonator,impersonator,impersonator,impersonator,impersonator
1198,impersonator,impersonator,impersonator,impersonator,impersonator
1199,impersonator,impersonator,impersonator,impersonator,impersonator
1200,impersonator,impersonator,impersonator,impersonator,impersonator
1201,impersonator,impersonator,impersonator,impersonator,impersonator
1202,impersonator,impersonator,impersonator,impersonator,impersonator
1203,impersonator,impersonator,impersonator,impersonator,impersonator
1204,impersonator,impersonator,impersonator,impersonator,impersonator
1205,impersonator,impersonator,impersonator,impersonator,impersonator
1206,impersonator,impersonator,impersonator,impersonator,impersonator
1207,impersonator,impersonator,impersonator,impersonator,impersonator
1208,impersonator,impersonator,impersonator,impersonator,impersonator
1209,impersonator,impersonator,impersonator,impersonator,impersonator
1210,impersonator,impersonator,impersonator,impersonator,impersonator
1211,impersonator,impersonator,impersonator,impersonator,impersonator
1212,impersonator,impersonator,impersonator,impersonator,impersonator
1213,impersonator,impersonator,impersonator,impersonator,impersonator
1214,impersonator,impersonator,impersonator,impersonator,impersonator
1215,impersonator,impersonator,impersonator,impersonator,impersonator
1216,impersonator,impersonator,impersonator,impersonator,impersonator
1217,impersonator,impersonator,impersonator,impersonator,impersonator
1218,impersonator,impersonator,impersonator,impersonator,impersonator
1219,impersonator,impersonator,impersonator,impersonator,impersonator
1220,impersonator,impersonator,impersonator,impersonator,impersonator
1221,impersonator,impersonator,impersonator,impersonator,impersonator
1222,impersonator,impersonator,impersonator,impersonator,impersonator
1223,impersonator,impersonator,impersonator,impersonator,impersonator
1224,impersonator,impersonator,impersonator,impersonator,impersonator
1225,impersonator,impersonator,impersonator,impersonator,impersonator
1226,impersonator,impersonator,impersonator,impersonator,impersonator
1227,impersonator,impersonator,impersonator,impersonator,impersonator
1228,impersonator,impersonator,impersonator,impersonator,impersonator
1229,impersonator,impersonator,impersonator,impersonator,impersonator
1230,impersonator,impersonator,impersonator,impersonator,impersonator
1231,impersonator,impersonator,impersonator,impersonator,impersonator
1232,impersonator,impersonator,impersonator,impersonator,impersonator
1233,impersonator,impersonator,impersonator,impersonator,impersonator
1234,impersonator,impersonator,impersonator,impersonator,impersonator
1235,impersonator,impersonator,impersonator,impersonator,impersonator
1236,impersonator,impersonator,impersonator,impersonator,impersonator
1237,impersonator,impersonator,impersonator,impersonator,impersonator
1238,impersonator,impersonator,impersonator,impersonator,impersonator
1239,impersonator,impersonator,impersonator,impersonator,impersonator
1240,impersonator,impersonator,impersonator,impersonator,impersonator
1241,impersonator,impersonator,impersonator,impersonator,impersonator
1242,impersonator,impersonator,impersonator,impersonator,impersonator
1243,impersonator,impersonator,impersonator,impersonator,impersonator
1244,impersonator,impersonator,impersonator,impersonator,impersonator
1245,impersonator,impersonator,impersonator,impersonator,impersonator
1246,impersonator,impersonator,impersonator,impersonator,impersonator
1247,impersonator,impersonator,impersonator,impersonator,impersonator
1248,impersonator,impersonator,impersonator,impersonator,impersonator
1249,impersonator,impersonator,impersonator,impersonator,impersonator
1250,impersonator,impersonator,impersonator,impersonator,impersonator
1251,impersonator,impersonator,impersonator,impersonator,impersonator
1252,impersonator,impersonator,impersonator,impersonator,impersonator
1253,impersonator,impersonator,impersonator,impersonator,impersonator
1254,impersonator,impersonator,impersonator,impersonator,impersonator
1255,impersonator,impersonator,impersonator,impersonator,impersonator
1256,impersonator,impersonator,impersonator,impersonator,impersonator
1257,impersonator,impersonator,impersonator,impersonator,impersonator
1258,impersonator,impersonator,impersonator,impersonator,impersonator
1259,impersonator,impersonator,impersonator,impersonator,impersonator
1260,impersonator,impersonator,impersonator,impersonator,impersonator
1261,impersonator,impersonator,impersonator,impersonator,impersonator
1262,impersonator,impersonator,impersonator,impersonator,impersonator
1263,impersonator,impersonator,impersonator,impersonator,impersonator
1264,impersonator,impersonator,impersonator,impersonator,impersonator
1265,impersonator,impersonator,impersonator,impersonator,impersonator
1266,impersonator,impersonator,impersonator,impersonator,impersonator
1267,impersonator,impersonator,impersonator,impersonator,impersonator
1268,impersonator,impersonator,impersonator,impersonator,impersonator
1269,impersonator,impersonator,impersonator,impersonator,impersonator
1270,impersonator,impersonator,impersonator,impersonator,impersonator
1271,impersonator,impersonator,impersonator,impersonator,impersonator
1272,impersonator,impersonator,impersonator,impersonator,impersonator
1273,impersonator,impersonator,impersonator,impersonator,impersonator
1274,impersonator,impersonator,impersonator,impersonator,impersonator
1275,impersonator,impersonator,impersonator,impersonator,impersonator
1276,impersonator,impersonator,impersonator,impersonator,impersonator
1277,impersonator,impersonator,impersonator,impersonator,impersonator
1278,impersonator,mismatch,impersonator,impersonator,impersonator
1279,impersonator,impersonator,impersonator,impersonator,impersonator
1280,impersonator,impersonator,impersonator,impersonator,impersonator
1281,impersonator,impersonator,impersonator,impersonator,impersonator
1282,impersonator,impersonator,impersonator,impersonator,impersonator
1283,impersonator,impersonator,impersonator,impersonator,impersonator
1284,impersonator,impersonator,impersonator,impersonator,impersonator
1285,impersonator,impersonator,impersonator,impersonator,impersonator
1286,impersonator,impersonator,impersonator,impersonator,impersonator
1287,impersonator,impersonator,impersonator,impersonator,impersonator
1288,impersonator,impersonator,impersonator,impersonator,impersonator
1289,impersonator,impersonator,impersonator,impersonator,impersonator
1290,impersonator,impersonator,impersonator,impersonator,impersonator
1291,impersonator,impersonator,impersonator,impersonator,impersonator
1292,impersonator,impersonator,impersonator,impersonator,impersonator
1293,impersonator,impersonator,impersonator,impersonator,impersonator
1294,impersonator,impersonator,impersonator,impersonator,impersonator
1295,impersonator,impersonator,impersonator,impersonator,impersonator
1296,impersonator,impersonator,impersonator,impersonator,impersonator
1297,impersonator,impersonator,impersonator,impersonator,impersonator
1298,impersonator,impersonator,impersonator,impersonator,impersonator
1299,impersonator,impersonator,impersonator,impersonator,impersonator
1300,impersonator,impersonator,impersonator,impersonator,impersonator
1301,impersonator,impersonator,impersonator,impersonator,impersonator
1302,impersonator,impersonator,impersonator,impersonator,impersonator
1303,impersonator,impersonator,impersonator,impersonator,impersonator
1304,impersonator,impersonator,impersonator,impersonator,impersonator
1305,impersonator,impersonator,impersonator,impersonator,impersonator
1306,impersonator,impersonator,impersonator,impersonator,impersonator
1307,impersonator,impersonator,impersonator,impersonator,impersonator
1308,impersonator,impersonator,impersonator,impersonator,impersonator
1309,impersonator,impersonator,impersonator,impersonator,impersonator
1310,impersonator,impersonator,impersonator,impersonator,impersonator
1311,impersonator,impersonator,impersonator,impersonator,impersonator
1312,impersonator,impersonator,impersonator,impersonator,impersonator
1313,impersonator,impersonator,impersonator,impersonator,impersonator
1314,impersonator,impersonator,impersonator,impersonator,impersonator
1315,impersonator,impersonator,impersonator,impersonator,impersonator
1316,impersonator,impersonator,impersonator,impersonator,impersonator
1317,impersonator,impersonator,impersonator,impersonator,impersonator
1318,impersonator,impersonator,impersonator,impersonator,impersonator
1319,impersonator,impersonator,impersonator,impersonator,impersonator
1320,impersonator,impersonator,impersonator,impersonator,impersonator
1321,impersonator,impersonator,impersonator,impersonator,impersonator
1322,impersonator,impersonator,impersonator,impersonator,impersonator
1323,impersonator,impersonator,impersonator,impersonator,impersonator
1324,impersonator,impersonator,impersonator,impersonator,impersonator
1325,impersonator,impersonator,impersonator,impersonator,impersonator
1326,impersonator,impersonator,impersonator,impersonator,impersonator
1327,impersonator,impersonator,impersonator,impersonator,impersonator
1328,impersonator,impersonator,impersonator,impersonator,impersonator
1329,impersonator,impersonator,impersonator,impersonator,impersonator
1330,impersonator,impersonator,impersonator,impersonator,impersonator
1331,impersonator,impersonator,impersonator,impersonator,impersonator
1332,impersonator,impersonator,impersonator,impersonator,impersonator
1333,impersonator,impersonator,impersonator,impersonator,impersonator
1334,impersonator,impersonator,impersonator,impersonator,impersonator
1335,impersonator,impersonator,impersonator,impersonator,impersonator
1336,impersonator,impersonator,impersonator,impersonator,impersonator
1337,impersonator,impersonator,impersonator,impersonator,impersonator
1338,impersonator,impersonator,impersonator,impersonator,impersonator
1339,impersonator,impersonator,impersonator,impersonator,impersonator
1340,impersonator,impersonator,impersonator,impersonator,impersonator
1341,impersonator,impersonator,impersonator,impersonator,impersonator
1342,impersonator,impersonator,impersonator,impersonator,impersonator
1343,impersonator,impersonator,impersonator,impersonator,impersonator
1344,impersonator,impersonator,impersonator,impersonator,impersonator
1345,impersonator,impersonator,impersonator,impersonator,impersonator
1346,impersonator,impersonator,impersonator,impersonator,impersonator
1347,impersonator,impersonator,impersonator,impersonator,impersonator
1348,impersonator,impersonator,impersonator,impersonator,impersonator
1349,impersonator,impersonator,impersonator,impersonator,impersonator
1350,impersonator,impersonator,impersonator,impersonator,impersonator
1351,impersonator,impersonator,impersonator,impersonator,impersonator
1352,impersonator,impersonator,impersonator,impersonator,impersonator
1353,impersonator,impersonator,impersonator,impersonator,impersonator
1354,impersonator,impersonator,impersonator,impersonator,impersonator
1355,impersonator,impersonator,impersonator,impersonator,impersonator
1356,impersonator,impersonator,impersonator,impersonator,impersonator
1357,impersonator,impersonator,impersonator,impersonator,impersonator
1358,impersonator,impersonator,impersonator,impersonator,impersonator
1359,impersonator,impersonator,impersonator,impersonator,impersonator
1360,impersonator,impersonator,impersonator,impersonator,impersonator
1361,impersonator,impersonator,impersonator,impersonator,impersonator
1362,impersonator,impersonator,impersonator,impersonator,impersonator
1363,impersonator,impersonator,impersonator,impersonator,impersonator
1364,impersonator,impersonator,impersonator,impersonator,impersonator
1365,impersonator,impersonator,impersonator,impersonator,impersonator
1366,impersonator,impersonator,impersonator,impersonator,impersonator
1367,impersonator,impersonator,impersonator,impersonator,impersonator
1368,impersonator,impersonator,impersonator,impersonator,impersonator
1369,impersonator,impersonator,impersonator,impersonator,impersonator
1370,impersonator,impersonator,impersonator,impersonator,impersonator
1371,impersonator,impersonator,impersonator,impersonator,impersonator
1372,impersonator,impersonator,impersonator,impersonator,impersonator
1373,impersonator,impersonator,impersonator,impersonator,impersonator
1374,impersonator,impersonator,impersonator,impersonator,impersonator
1375,impersonator,impersonator,impersonator,impersonator,impersonator
1376,impersonator,impersonator,impersonator,impersonator,impersonator
1377,impersonator,impersonator,impersonator,impersonator,impersonator
1378,impersonator,impersonator,impersonator,impersonator,impersonator
1379,impersonator,impersonator,impersonator,impersonator,impersonator
1380,impersonator,impersonator,impersonator,impersonator,impersonator
1381,impersonator,impersonator,impersonator,impersonator,impersonator
1382,impersonator,impersonator,impersonator,impersonator,impersonator
1383,impersonator,impersonator,impersonator,impersonator,impersonator
1384,impersonator,impersonator,impersonator,impersonator,impersonator
1385,impersonator,impersonator,impersonator,impersonator,impersonator
1386,impersonator,impersonator,impersonator,impersonator,impersonator
1387,impersonator,impersonator,impersonator,impersonator,impersonator
1388,impersonator,impersonator,impersonator,impersonator,impersonator
1389,impersonator,impersonator,impersonator,impersonator,impersonator
1390,impersonator,impersonator,impersonator,impersonator,impersonator
1391,impersonator,impersonator,impersonator,impersonator,impersonator
1392,impersonator,impersonator,impersonator,impersonator,impersonator
1393,impersonator,impersonator,impersonator,impersonator,impersonator
1394,impersonator,impersonator,impersonator,impersonator,impersonator
1395,impersonator,impersonator,impersonator,impersonator,impersonator
1396,impersonator,impersonator,impersonator,impersonator,impersonator
1397,impersonator,impersonator,impersonator,impersonator,impersonator
1398,impersonator,impersonator,impersonator,impersonator,impersonator
1399,impersonator,impersonator,impersonator,impersonator,impersonator
1400,impersonator,impersonator,impersonator,impersonator,impersonator
1401,impersonator,impersonator,impersonator,impersonator,impersonator
1402,impersonator,impersonator,impersonator,impersonator,impersonator
1403,impersonator,impersonator,impersonator,impersonator,impersonator
1404,impersonator,impersonator,impersonator,impersonator,impersonator
1405,impersonator,impersonator,impersonator,impersonator,impersonator
1406,impersonator,impersonator,impersonator,impersonator,impersonator
1407,impersonator,impersonator,impersonator,impersonator,impersonator
1408,impersonator,impersonator,impersonator,impersonator,impersonator
1409,impersonator,impersonator,impersonator,impersonator,impersonator
1410,impersonator,impersonator,impersonator,impersonator,impersonator
1411,impersonator,impersonator,impersonator,impersonator,impersonator
1412,impersonator,impersonator,impersonator,impersonator,impersonator
1413,impersonator,impersonator,impersonator,impersonator,impersonator
1414,impersonator,impersonator,impersonator,impersonator,impersonator
1415,impersonator,impersonator,impersonator,impersonator,impersonator
1416,impersonator,impersonator,impersonator,impersonator,impersonator
1417,impersonator,impersonator,impersonator,impersonator,impersonator
1418,impersonator,impersonator,impersonator,impersonator,impersonator
1419,impersonator,impersonator,impersonator,impersonator,impersonator
1420,impersonator,impersonator,impersonator,impersonator,impersonator
1421,impersonator,impersonator,impersonator,impersonator,impersonator
1422,impersonator,impersonator,match,impersonator,impersonator
1423,impersonator,impersonator,impersonator,impersonator,impersonator
1424,impersonator,impersonator,impersonator,impersonator,impersonator
1425,impersonator,impersonator,impersonator,impersonator,impersonator
1426,impersonator,impersonator,impersonator,impersonator,impersonator
1427,impersonator,impersonator,impersonator,impersonator,impersonator
1428,impersonator,impersonator,impersonator,impersonator,mismatch
1429,impersonator,impersonator,impersonator,impersonator,impersonator
1430,impersonator,impersonator,impersonator,impersonator,impersonator
1431,impersonator,impersonator,impersonator,impersonator,impersonator
1432,impersonator,impersonator,impersonator,impersonator,impersonator
1433,impersonator,impersonator,impersonator,impersonator,impersonator
1434,impersonator,impersonator,impersonator,impersonator,impersonator
1435,impersonator,impersonator,impersonator,impersonator,impersonator
1436,impersonator,impersonator,impersonator,impersonator,impersonator
1437,impersonator,impersonator,impersonator,impersonator,impersonator
1438,impersonator,impersonator,impersonator,impersonator,impersonator
1439,impersonator,impersonator,mismatch,impersonator,impersonator
1440,impersonator,impersonator,impersonator,impersonator,impersonator
1441,impersonator,impersonator,impersonator,impersonator,impersonator
1442,impersonator,impersonator,impersonator,impersonator,impersonator
1443,impersonator,impersonator,impersonator,impersonator,impersonator
1444,impersonator,impersonator,impersonator,impersonator,impersonator
1445,impersonator,impersonator,impersonator,impersonator,impersonator
1446,impersonator,impersonator,impersonator,impersonator,impersonator
1447,impersonator,impersonator,impersonator,impersonator,impersonator
1448,impersonator,mismatch,impersonator,impersonator,impersonator
1449,impersonator,impersonator,impersonator,impersonator,impersonator
1450,impersonator,impersonator,impersonator,impersonator,impersonator
1451,impersonator,impersonator,impersonator,impersonator,impersonator
1452,impersonator,impersonator,impersonator,impersonator,impersonator
1453,impersonator,impersonator,impersonator,impersonator,impersonator
1454,impersonator,impersonator,impersonator,impersonator,impersonator
1455,impersonator,match,impersonator,impersonator,impersonator
1456,impersonator,impersonator,impersonator,impersonator,impersonator
1457,impersonator,impersonator,impersonator,impersonator,impersonator
1458,impersonator,impersonator,impersonator,impersonator,impersonator
1459,impersonator,impersonator,impersonator,impersonator,impersonator
1460,impersonator,impersonator,impersonator,impersonator,impersonator
1461,impersonator,impersonator,impersonator,impersonator,impersonator
1462,impersonator,impersonator,impersonator,impersonator,impersonator
1463,impersonator,impersonator,impersonator,impersonator,impersonator
1464,impersonator,impersonator,impersonator,impersonator,impersonator
1465,impersonator,impersonator,impersonator,impersonator,impersonator
1466,impersonator,impersonator,impersonator,impersonator,impersonator
1467,impersonator,impersonator,impersonator,impersonator,impersonator
1468,impersonator,impersonator,impersonator,impersonator,impersonator
1469,impersonator,impersonator,impersonator,impersonator,impersonator
1470,impersonator,impersonator,impersonator,impersonator,impersonator
1471,impersonator,impersonator,impersonator,impersonator,impersonator
1472,impersonator,impersonator,impersonator,impersonator,impersonator
1473,impersonator,impersonator,impersonator,impersonator,impersonator
1474,impersonator,impersonator,impersonator,impersonator,impersonator
1475,impersonator,impersonator,impersonator,impersonator,impersonator
1476,impersonator,impersonator,impersonator,impersonator,impersonator
1477,impersonator,impersonator,impersonator,impersonator,impersonator
1478,impersonator,impersonator,impersonator,impersonator,impersonator
1479,impersonator,impersonator,impersonator,impersonator,impersonator
1480,impersonator,impersonator,impersonator,impersonator,impersonator
1481,impersonator,impersonator,impersonator,impersonator,impersonator
1482,impersonator,impersonator,impersonator,impersonator,impersonator
1483,impersonator,impersonator,impersonator,impersonator,impersonator
1484,impersonator,impersonator,impersonator,impersonator,impersonator
1485,impersonator,impersonator,impersonator,impersonator,impersonator
1486,impersonator,impersonator,impersonator,impersonator,impersonator
1487,impersonator,impersonator,impersonator,impersonator,impersonator
1488,impersonator,impersonator,impersonator,impersonator,impersonator
1489,impersonator,impersonator,impersonator,impersonator,impersonator
1490,impersonator,impersonator,impersonator,impersonator,impersonator
1491,impersonator,impersonator,impersonator,impersonator,impersonator
1492,impersonator,impersonator,impersonator,impersonator,impersonator
1493,impersonator,impersonator,impersonator,impersonator,impersonator
1494,impersonator,impersonator,impersonator,impersonator,impersonator
1495,impersonator,impersonator,impersonator,impersonator,impersonator
1496,impersonator,impersonator,impersonator,mismatch,impersonator
1497,impersonator,impersonator,impersonator,impersonator,impersonator
1498,impersonator,impersonator,impersonator,impersonator,impersonator
1499,impersonator,impersonator,impersonator,impersonator,impersonator
1500,impersonator,impersonator,impersonator,impersonator,impersonator
1501,impersonator,impersonator,impersonator,impersonator,impersonator
1502,impersonator,impersonator,impersonator,impersonator,impersonator
1503,impersonator,impersonator,impersonator,impersonator,impersonator
1504,impersonator,impersonator,impersonator,impersonator,impersonator
1505,impersonator,impersonator,impersonator,impersonator,impersonator
1506,impersonator,impersonator,impersonator,impersonator,impersonator
1507,impersonator,impersonator,impersonator,impersonator,impersonator
1508,impersonator,impersonator,impersonator,impersonator,impersonator
1509,impersonator,impersonator,impersonator,impersonator,impersonator
1510,impersonator,impersonator,impersonator,impersonator,impersonator
1511,impersonator,impersonator,impersonator,impersonator,impersonator
1512,impersonator,impersonator,impersonator,impersonator,impersonator
1513,impersonator,impersonator,impersonator,impersonator,impersonator
1514,impersonator,impersonator,impersonator,impersonator,impersonator
1515,impersonator,impersonator,impersonator,impersonator,impersonator
1516,impersonator,impersonator,impersonator,impersonator,impersonator
1517,impersonator,impersonator,impersonator,impersonator,impersonator
1518,impersonator,impersonator,impersonator,impersonator,impersonator
1519,impersonator,impersonator,impersonator,impersonator,impersonator
1520,impersonator,impersonator,impersonator,impersonator,impersonator
1521,impersonator,match,match,match,match
1522,impersonator,match,impersonator,match,match
1523,impersonator,match,match,match,match
1524,impersonator,match,match,match,match
1525,impersonator,match,match,match,match
1526,impersonator,match,match,match,match
1527,impersonator,match,match,match,match
1528,impersonator,match,match,impersonator,match
1529,impersonator,match,match,match,match
1530,impersonator,match,match,match,match
1531,impersonator,match,match,match,match
1532,impersonator,match,match,match,match
1533,impersonator,match,match,match,match
1534,impersonator,match,match,match,match
1535,impersonator,match,match,match,match
1536,impersonator,match,match,match,match
1537,impersonator,match,match,match,match
1538,impersonator,match,match,match,match
1539,impersonator,match,match,match,match
1540,impersonator,match,match,impersonator,match
1541,impersonator,match,match,match,match
1542,impersonator,match,match,match,match
1543,impersonator,match,match,match,match
1544,impersonator,match,match,match,match
1545,impersonator,match,match,match,match
1546,impersonator,match,match,match,match
1547,impersonator,match,match,match,match
1548,impersonator,match,match,match,match
1549,impersonator,match,match,match,match
1550,impersonator,match,match,match,match
1551,impersonator,match,match,match,match
1552,impersonator,match,match,match,match
1553,impersonator,match,match,match,match
1554,impersonator,match,match,match,match
1555,impersonator,match,match,match,match
1556,impersonator,match,match,match,match
1557,impersonator,impersonator,match,match,match
1558,impersonator,match,match,match,match
1559,impersonator,match,match,match,match
1560,impersonator,match,match,match,match
1561,impersonator,match,match,match,match
1562,impersonator,match,match,match,match
1563,impersonator,match,match,match,match
1564,impersonator,match,match,match,match
1565,impersonator,match,impersonator,match,match
1566,impersonator,match,match,match,match
1567,impersonator,match,match,match,match
1568,impersonator,match,match,match,match
1569,impersonator,match,match,match,match
1570,impersonator,match,match,match,match
1571,impersonator,match,match,match,match
1572,impersonator,match,match,match,match
1573,impersonator,match,match,match,match
1574,impersonator,match,match,match,match
1575,impersonator,match,match,match,match
1576,impersonator,match,match,match,match
1577,impersonator,match,match,match,match
1578,impersonator,match,match,match,match
1579,impersonator,match,match,match,match
1580,impersonator,match,match,match,match
1581,impersonator,match,match,match,match
1582,impersonator,match,match,match,match
1583,impersonator,match,match,match,match
1584,impersonator,match,match,match,match
1585,impersonator,match,match,match,match
1586,impersonator,match,match,match,match
1587,impersonator,match,match,match,match
1588,impersonator,match,match,match,match
1589,impersonator,match,match,match,match
1590,impersonator,match,match,match,match
1591,impersonator,match,match,match,match
1592,impersonator,match,match,match,match
1593,impersonator,match,match,match,match
1594,impersonator,match,match,match,match
1595,impersonator,match,impersonator,match,match
1596,impersonator,match,match,match,match
1597,impersonator,impersonator,match,match,match
1598,impersonator,match,match,match,match
1599,impersonator,match,match,match,match
1600,impersonator,match,match,match,match
1601,impersonator,match,match,match,match
1602,impersonator,match,match,match,match
1603,impersonator,match,match,match,match
1604,impersonator,match,match,match,match
1605,impersonator,match,match,match,match
1606,impersonator,match,match,match,match
1607,impersonator,match,match,match,match
1608,impersonator,match,match,match,match
1609,impersonator,match,match,match,match
1610,impersonator,match,match,match,match
1611,impersonator,match,match,match,match
1612,impersonator,match,match,match,match
1613,impersonator,match,match,match,match
1614,impersonator,match,match,match,match
1615,impersonator,match,match,match,match
1616,impersonator,match,match,match,match
1617,impersonator,match,match,match,match
1618,impersonator,match,match,match,match
1619,impersonator,match,match,match,match
1620,impersonator,match,match,match,match
1621,impersonator,match,match,match,match
1622,impersonator,match,match,match,match
1623,impersonator,match,match,match,match
1624,impersonator,match,match,match,match
1625,impersonator,match,match,match,match
1626,impersonator,match,match,match,match
1627,impersonator,match,match,match,match
1628,impersonator,match,match,match,match
1629,impersonator,match,match,match,match
1630,impersonator,match,match,match,match
1631,impersonator,match,match,match,match
1632,impersonator,match,match,match,match
1633,impersonator,match,match,match,match
1634,impersonator,match,match,match,match
1635,impersonator,match,match,match,match
1636,impersonator,match,match,match,match
1637,impersonator,match,match,match,match
1638,impersonator,match,match,match,match
1639,impersonator,match,match,match,match
1640,impersonator,match,match,match,match
1641,impersonator,match,match,match,match
1642,impersonator,match,match,match,match
1643,impersonator,match,match,match,match
1644,impersonator,impersonator,match,match,match
1645,impersonator,match,match,match,match
1646,impersonator,match,match,match,match
1647,impersonator,match,match,match,match
1648,impersonator,match,match,impersonator,impersonator
1649,impersonator,impersonator,impersonator,impersonator,impersonator
1650,impersonator,impersonator,impersonator,impersonator,impersonator
1651,impersonator,impersonator,impersonator,impersonator,impersonator
1652,impersonator,impersonator,impersonator,impersonator,impersonator
1653,impersonator,impersonator,impersonator,impersonator,impersonator
1654,impersonator,impersonator,impersonator,impersonator,impersonator
1655,impersonator,impersonator,impersonator,impersonator,impersonator
1656,impersonator,impersonator,impersonator,impersonator,impersonator
1657,impersonator,impersonator,impersonator,impersonator,impersonator
1658,impersonator,impersonator,impersonator,impersonator,impersonator
1659,impersonator,impersonator,impersonator,impersonator,impersonator
1660,impersonator,impersonator,impersonator,impersonator,impersonator
1661,impersonator,impersonator,impersonator,impersonator,impersonator
1662,impersonator,impersonator,impersonator,impersonator,impersonator
1663,impersonator,impersonator,impersonator,impersonator,impersonator
1664,impersonator,impersonator,impersonator,impersonator,impersonator
1665,impersonator,impersonator,impersonator,impersonator,impersonator
1666,impersonator,impersonator,impersonator,impersonator,impersonator
1667,impersonator,impersonator,impersonator,impersonator,impersonator
1668,impersonator,impersonator,impersonator,impersonator,impersonator
1669,impersonator,impersonator,impersonator,impersonator,impersonator
1670,impersonator,impersonator,impersonator,impersonator,impersonator
1671,impersonator,impersonator,impersonator,impersonator,impersonator
1672,impersonator,impersonator,impersonator,impersonator,impersonator
1673,impersonator,impersonator,impersonator,impersonator,impersonator
1674,impersonator,impersonator,impersonator,impersonator,impersonator
1675,impersonator,impersonator,impersonator,impersonator,impersonator
1676,impersonator,impersonator,impersonator,impersonator,impersonator
1677,impersonator,impersonator,impersonator,impersonator,impersonator
1678,impersonator,impersonator,impersonator,impersonator,impersonator
1679,impersonator,impersonator,impersonator,impersonator,impersonator
1680,impersonator,impersonator,impersonator,impersonator,impersonator
1681,impersonator,impersonator,impersonator,impersonator,impersonator
1682,impersonator,impersonator,impersonator,impersonator,impersonator
1683,impersonator,impersonator,impersonator,impersonator,impersonator
1684,impersonator,impersonator,impersonator,impersonator,impersonator
1685,impersonator,impersonator,impersonator,impersonator,impersonator
1686,impersonator,impersonator,impersonator,impersonator,impersonator
1687,impersonator,impersonator,impersonator,impersonator,impersonator
1688,impersonator,impersonator,impersonator,impersonator,impersonator
1689,impersonator,impersonator,impersonator,impersonator,impersonator
1690,impersonator,impersonator,impersonator,impersonator,impersonator
1691,impersonator,impersonator,impersonator,impersonator,impersonator
1692,impersonator,impersonator,impersonator,impersonator,impersonator
1693,impersonator,impersonator,impersonator,impersonator,impersonator
1694,impersonator,impersonator,impersonator,impersonator,impersonator
1695,impersonator,impersonator,impersonator,impersonator,impersonator
1696,impersonator,impersonator,impersonator,impersonator,impersonator
1697,impersonator,impersonator,impersonator,impersonator,impersonator
1698,impersonator,impersonator,impersonator,impersonator,impersonator
1699,impersonator,impersonator,impersonator,impersonator,impersonator
1700,impersonator,impersonator,impersonator,impersonator,impersonator
1701,impersonator,impersonator,impersonator,impersonator,impersonator
1702,impersonator,impersonator,impersonator,impersonator,impersonator
1703,impersonator,impersonator,impersonator,impersonator,impersonator
1704,impersonator,impersonator,impersonator,impersonator,impersonator
1705,impersonator,impersonator,impersonator,impersonator,impersonator
1706,impersonator,impersonator,impersonator,impersonator,impersonator
1707,impersonator,impersonator,impersonator,impersonator,impersonator
1708,impersonator,impersonator,impersonator,impersonator,impersonator
1709,impersonator,impersonator,impersonator,impersonator,impersonator
1710,impersonator,impersonator,impersonator,impersonator,impersonator
1711,impersonator,impersonator,impersonator,impersonator,impersonator
1712,impersonator,impersonator,impersonator,impersonator,impersonator
1713,impersonator,impersonator,impersonator,impersonator,impersonator
1714,impersonator,impersonator,impersonator,impersonator,impersonator
1715,impersonator,impersonator,impersonator,impersonator,impersonator
1716,impersonator,impersonator,impersonator,impersonator,impersonator
1717,impersonator,impersonator,impersonator,impersonator,impersonator
1718,impersonator,impersonator,impersonator,impersonator,impersonator
1719,impersonator,impersonator,impersonator,impersonator,impersonator
1720,impersonator,impersonator,impersonator,impersonator,impersonator
1721,impersonator,impersonator,impersonator,impersonator,impersonator
1722,impersonator,impersonator,impersonator,impersonator,impersonator
1723,impersonator,impersonator,impersonator,impersonator,impersonator
1724,impersonator,impersonator,impersonator,impersonator,impersonator
1725,impersonator,impersonator,impersonator,impersonator,impersonator
1726,impersonator,impersonator,impersonator,impersonator,impersonator
1727,impersonator,impersonator,impersonator,impersonator,impersonator
1728,impersonator,impersonator,impersonator,impersonator,impersonator
1729,impersonator,impersonator,impersonator,impersonator,impersonator
1730,impersonator,impersonator,impersonator,impersonator,impersonator
1731,impersonator,impersonator,impersonator,impersonator,impersonator
1732,impersonator,impersonator,impersonator,impersonator,impersonator
1733,impersonator,impersonator,impersonator,impersonator,impersonator
1734,impersonator,impersonator,impersonator,impersonator,impersonator
1735,impersonator,impersonator,impersonator,impersonator,impersonator
1736,impersonator,impersonator,impersonator,impersonator,impersonator
1737,impersonator,impersonator,impersonator,impersonator,impersonator
1738,impersonator,impersonator,impersonator,impersonator,impersonator
1739,impersonator,impersonator,impersonator,impersonator,impersonator
1740,impersonator,impersonator,impersonator,impersonator,impersonator
1741,impersonator,impersonator,impersonator,impersonator,impersonator
1742,impersonator,impersonator,impersonator,impersonator,impersonator
1743,impersonator,impersonator,impersonator,impersonator,impersonator
1744,impersonator,impersonator,impersonator,impersonator,impersonator
1745,impersonator,impersonator,impersonator,impersonator,impersonator
1746,impersonator,impersonator,impersonator,impersonator,impersonator
1747,impersonator,impersonator,impersonator,impersonator,impersonator
1748,impersonator,impersonator,impersonator,impersonator,impersonator
1749,impersonator,impersonator,impersonator,impersonator,impersonator
1750,impersonator,impersonator,impersonator,impersonator,impersonator
1751,impersonator,impersonator,impersonator,impersonator,impersonator
1752,impersonator,impersonator,impersonator,impersonator,impersonator
1753,impersonator,impersonator,impersonator,impersonator,impersonator
1754,impersonator,impersonator,impersonator,impersonator,impersonator
1755,impersonator,impersonator,impersonator,impersonator,impersonator
1756,impersonator,mismatch,impersonator,impersonator,impersonator
1757,impersonator,impersonator,impersonator,impersonator,impersonator
1758,impersonator,impersonator,impersonator,impersonator,impersonator
1759,impersonator,impersonator,impersonator,impersonator,impersonator
1760,impersonator,mismatch,impersonator,impersonator,impersonator
1761,impersonator,impersonator,impersonator,impersonator,impersonator
1762,impersonator,impersonator,impersonator,impersonator,impersonator
1763,impersonator,impersonator,impersonator,impersonator,impersonator
1764,impersonator,impersonator,impersonator,impersonator,impersonator
1765,impersonator,mismatch,impersonator,impersonator,impersonator
1766,impersonator,impersonator,impersonator,impersonator,impersonator
1767,impersonator,impersonator,impersonator,impersonator,impersonator
1768,impersonator,impersonator,impersonator,impersonator,impersonator
1769,impersonator,impersonator,impersonator,impersonator,impersonator
1770,impersonator,impersonator,impersonator,impersonator,impersonator
1771,impersonator,impersonator,impersonator,impersonator,impersonator
1772,impersonator,impersonator,impersonator,impersonator,impersonator
1773,impersonator,impersonator,impersonator,impersonator,impersonator
1774,impersonator,impersonator,impersonator,impersonator,impersonator
1775,impersonator,impersonator,impersonator,impersonator,impersonator
1776,impersonator,impersonator,impersonator,impersonator,impersonator
1777,impersonator,impersonator,impersonator,impersonator,impersonator
1778,impersonator,impersonator,impersonator,impersonator,impersonator
1779,impersonator,impersonator,impersonator,impersonator,impersonator
1780,impersonator,impersonator,impersonator,impersonator,impersonator
1781,impersonator,impersonator,impersonator,impersonator,impersonator
1782,impersonator,impersonator,impersonator,impersonator,impersonator
1783,impersonator,impersonator,impersonator,impersonator,impersonator
1784,impersonator,impersonator,impersonator,impersonator,impersonator
1785,impersonator,impersonator,impersonator,impersonator,impersonator
1786,impersonator,impersonator,impersonator,impersonator,impersonator
1787,impersonator,impersonator,impersonator,impersonator,impersonator
1788,impersonator,impersonator,impersonator,impersonator,impersonator
1789,impersonator,impersonator,impersonator,impersonator,impersonator
1790,impersonator,impersonator,impersonator,impersonator,impersonator
1791,impersonator,impersonator,impersonator,impersonator,impersonator
1792,impersonator,impersonator,impersonator,impersonator,impersonator
1793,impersonator,impersonator,impersonator,impersonator,impersonator
1794,impersonator,impersonator,impersonator,impersonator,impersonator
1795,impersonator,impersonator,impersonator,impersonator,impersonator
1796,impersonator,impersonator,impersonator,impersonator,impersonator
1797,impersonator,impersonator,impersonator,impersonator,impersonator
1798,impersonator,impersonator,impersonator,impersonator,impersonator
1799,impersonator,impersonator,impersonator,impersonator,impersonator
1800,impersonator,impersonator,impersonator,impersonator,impersonator
1801,impersonator,impersonator,impersonator,impersonator,impersonator
1802,impersonator,impersonator,impersonator,impersonator,impersonator
1803,impersonator,impersonator,impersonator,impersonator,impersonator
1804,impersonator,impersonator,impersonator,impersonator,impersonator
1805,impersonator,impersonator,impersonator,impersonator,impersonator
1806,impersonator,impersonator,impersonator,impersonator,impersonator
1807,impersonator,impersonator,impersonator,impersonator,impersonator
1808,impersonator,impersonator,impersonator,impersonator,impersonator
1809,impersonator,impersonator,impersonator,impersonator,impersonator
1810,impersonator,impersonator,impersonator,impersonator,impersonator
1811,impersonator,impersonator,impersonator,impersonator,impersonator
1812,impersonator,impersonator,impersonator,impersonator,impersonator
1813,impersonator,impersonator,impersonator,impersonator,impersonator
1814,impersonator,impersonator,impersonator,impersonator,impersonator
1815,impersonator,impersonator,impersonator,impersonator,impersonator
1816,impersonator,impersonator,impersonator,impersonator,impersonator
1817,impersonator,impersonator,impersonator,impersonator,impersonator
1818,impersonator,impersonator,impersonator,impersonator,impersonator
1819,impersonator,impersonator,impersonator,impersonator,impersonator
1820,impersonator,impersonator,impersonator,impersonator,impersonator
1821,impersonator,impersonator,impersonator,impersonator,impersonator
1822,impersonator,impersonator,impersonator,impersonator,impersonator
1823,impersonator,impersonator,impersonator,impersonator,impersonator
1824,impersonator,impersonator,impersonator,impersonator,impersonator
1825,impersonator,impersonator,impersonator,impersonator,impersonator
1826,impersonator,impersonator,impersonator,impersonator,impersonator
1827,impersonator,impersonator,impersonator,impersonator,impersonator
1828,impersonator,impersonator,impersonator,impersonator,impersonator
1829,impersonator,impersonator,impersonator,impersonator,impersonator
1830,impersonator,impersonator,impersonator,impersonator,impersonator
1831,impersonator,impersonator,impersonator,impersonator,impersonator
1832,impersonator,impersonator,impersonator,impersonator,impersonator
1833,impersonator,impersonator,impersonator,impersonator,impersonator
1834,impersonator,impersonator,impersonator,impersonator,impersonator
1835,impersonator,impersonator,impersonator,impersonator,impersonator
1836,impersonator,impersonator,impersonator,impersonator,impersonator
1837,impersonator,impersonator,impersonator,impersonator,impersonator
1838,impersonator,impersonator,impersonator,impersonator,impersonator
1839,impersonator,impersonator,impersonator,impersonator,impersonator
1840,impersonator,impersonator,impersonator,impersonator,impersonator
1841,impersonator,impersonator,impersonator,impersonator,impersonator
1842,impersonator,impersonator,impersonator,impersonator,impersonator
1843,impersonator,impersonator,impersonator,impersonator,impersonator
1844,impersonator,impersonator,impersonator,impersonator,impersonator
1845,impersonator,impersonator,impersonator,impersonator,impersonator
1846,impersonator,impersonator,impersonator,impersonator,impersonator
1847,impersonator,impersonator,impersonator,impersonator,impersonator
1848,impersonator,impersonator,impersonator,impersonator,impersonator
1849,impersonator,impersonator,impersonator,impersonator,impersonator
1850,impersonator,impersonator,impersonator,impersonator,impersonator
1851,impersonator,impersonator,impersonator,impersonator,impersonator
1852,impersonator,impersonator,impersonator,impersonator,impersonator
1853,impersonator,impersonator,impersonator,impersonator,impersonator
1854,impersonator,impersonator,impersonator,impersonator,impersonator
1855,impersonator,impersonator,impersonator,impersonator,impersonator
1856,impersonator,impersonator,impersonator,impersonator,impersonator
1857,impersonator,impersonator,impersonator,impersonator,impersonator
1858,impersonator,impersonator,impersonator,impersonator,impersonator
1859,impersonator,impersonator,impersonator,impersonator,impersonator
1860,impersonator,impersonator,impersonator,impersonator,impersonator
1861,impersonator,impersonator,impersonator,impersonator,impersonator
1862,impersonator,impersonator,impersonator,impersonator,impersonator
1863,impersonator,impersonator,impersonator,impersonator,impersonator
1864,impersonator,impersonator,impersonator,impersonator,impersonator
1865,impersonator,impersonator,impersonator,impersonator,impersonator
1866,impersonator,impersonator,impersonator,impersonator,impersonator
1867,impersonator,impersonator,impersonator,impersonator,impersonator
1868,impersonator,impersonator,impersonator,impersonator,impersonator
1869,impersonator,impersonator,impersonator,impersonator,impersonator
1870,impersonator,impersonator,impersonator,impersonator,impersonator
1871,impersonator,impersonator,impersonator,impersonator,impersonator
1872,impersonator,impersonator,impersonator,impersonator,impersonator
1873,impersonator,impersonator,impersonator,impersonator,impersonator
1874,impersonator,impersonator,impersonator,impersonator,impersonator
1875,impersonator,impersonator,impersonator,impersonator,impersonator
1876,impersonator,impersonator,impersonator,impersonator,impersonator
1877,impersonator,impersonator,impersonator,impersonator,impersonator
1878,impersonator,impersonator,impersonator,impersonator,impersonator
1879,impersonator,impersonator,impersonator,impersonator,impersonator
1880,impersonator,impersonator,impersonator,impersonator,impersonator
1881,impersonator,impersonator,impersonator,impersonator,impersonator
1882,impersonator,impersonator,impersonator,impersonator,impersonator
1883,impersonator,impersonator,impersonator,impersonator,impersonator
1884,impersonator,impersonator,impersonator,impersonator,impersonator
1885,impersonator,impersonator,impersonator,impersonator,impersonator
1886,impersonator,impersonator,impersonator,impersonator,impersonator
1887,impersonator,impersonator,impersonator,impersonator,impersonator
1888,impersonator,impersonator,impersonator,impersonator,impersonator
1889,impersonator,impersonator,impersonator,impersonator,impersonator
1890,impersonator,impersonator,impersonator,impersonator,impersonator
1891,impersonator,impersonator,impersonator,impersonator,impersonator
1892,impersonator,impersonator,impersonator,impersonator,impersonator
1893,impersonator,impersonator,impersonator,impersonator,impersonator
1894,impersonator,impersonator,impersonator,impersonator,impersonator
1895,impersonator,impersonator,impersonator,impersonator,impersonator
1896,impersonator,impersonator,impersonator,impersonator,impersonator
1897,impersonator,impersonator,impersonator,impersonator,impersonator
1898,impersonator,impersonator,impersonator,impersonator,impersonator
1899,impersonator,impersonator,impersonator,impersonator,impersonator
1900,impersonator,impersonator,impersonator,impersonator,impersonator
1901,impersonator,impersonator,impersonator,impersonator,impersonator
1902,impersonator,impersonator,impersonator,impersonator,impersonator
1903,impersonator,impersonator,impersonator,impersonator,impersonator
1904,impersonator,impersonator,impersonator,impersonator,impersonator
1905,impersonator,impersonator,impersonator,impersonator,impersonator
1906,impersonator,impersonator,impersonator,impersonator,impersonator
1907,impersonator,impersonator,impersonator,impersonator,impersonator
1908,impersonator,impersonator,impersonator,impersonator,impersonator
1909,impersonator,impersonator,impersonator,impersonator,impersonator
1910,impersonator,impersonator,impersonator,impersonator,impersonator
1911,impersonator,impersonator,impersonator,impersonator,impersonator
1912,impersonator,impersonator,impersonator,impersonator,impersonator
1913,impersonator,impersonator,impersonator,impersonator,impersonator
1914,impersonator,impersonator,impersonator,impersonator,impersonator
1915,impersonator,impersonator,impersonator,impersonator,impersonator
1916,impersonator,impersonator,impersonator,impersonator,impersonator
1917,impersonator,impersonator,impersonator,impersonator,impersonator
1918,impersonator,impersonator,impersonator,impersonator,impersonator
1919,impersonator,impersonator,impersonator,impersonator,impersonator
1920,impersonator,impersonator,impersonator,impersonator,impersonator
1921,impersonator,impersonator,impersonator,impersonator,impersonator
1922,impersonator,impersonator,impersonator,impersonator,impersonator
1923,impersonator,impersonator,impersonator,impersonator,impersonator
1924,impersonator,impersonator,impersonator,impersonator,impersonator
1925,impersonator,impersonator,impersonator,impersonator,impersonator
1926,impersonator,impersonator,impersonator,impersonator,impersonator
1927,impersonator,impersonator,impersonator,impersonator,impersonator
1928,impersonator,impersonator,impersonator,impersonator,impersonator
1929,impersonator,impersonator,impersonator,impersonator,impersonator
1930,impersonator,impersonator,impersonator,impersonator,impersonator
1931,impersonator,impersonator,impersonator,impersonator,impersonator
1932,impersonator,impersonator,impersonator,impersonator,impersonator
1933,impersonator,impersonator,impersonator,impersonator,impersonator
1934,impersonator,impersonator,impersonator,impersonator,impersonator
1935,impersonator,impersonator,impersonator,impersonator,impersonator
1936,impersonator,impersonator,impersonator,impersonator,impersonator
1937,impersonator,impersonator,impersonator,impersonator,impersonator
1938,impersonator,impersonator,impersonator,impersonator,impersonator
1939,impersonator,impersonator,impersonator,impersonator,impersonator
1940,impersonator,impersonator,impersonator,impersonator,impersonator
1941,impersonator,impersonator,impersonator,impersonator,impersonator
1942,impersonator,impersonator,impersonator,impersonator,impersonator
1943,impersonator,impersonator,impersonator,impersonator,impersonator
1944,impersonator,impersonator,impersonator,impersonator,impersonator
1945,impersonator,impersonator,impersonator,impersonator,impersonator
1946,impersonator,impersonator,impersonator,impersonator,impersonator
1947,impersonator,impersonator,impersonator,impersonator,impersonator
1948,impersonator,impersonator,impersonator,impersonator,impersonator
1949,impersonator,impersonator,impersonator,impersonator,impersonator
1950,impersonator,impersonator,impersonator,impersonator,impersonator
1951,impersonator,impersonator,impersonator,impersonator,impersonator
1952,impersonator,impersonator,impersonator,impersonator,impersonator
1953,impersonator,impersonator,impersonator,impersonator,impersonator
1954,impersonator,impersonator,impersonator,impersonator,impersonator
1955,impersonator,impersonator,impersonator,impersonator,impersonator
1956,impersonator,impersonator,impersonator,impersonator,impersonator
1957,impersonator,impersonator,impersonator,impersonator,impersonator
1958,impersonator,impersonator,impersonator,impersonator,impersonator
1959,impersonator,impersonator,impersonator,impersonator,impersonator
1960,impersonator,impersonator,impersonator,impersonator,impersonator
1961,impersonator,impersonator,impersonator,impersonator,impersonator
1962,impersonator,impersonator,impersonator,impersonator,impersonator
1963,impersonator,impersonator,impersonator,impersonator,impersonator
1964,impersonator,impersonator,impersonator,impersonator,impersonator
1965,impersonator,impersonator,impersonator,impersonator,impersonator
1966,impersonator,impersonator,impersonator,impersonator,impersonator
1967,impersonator,impersonator,impersonator,impersonator,impersonator
1968,impersonator,impersonator,impersonator,impersonator,impersonator
1969,impersonator,impersonator,impersonator,impersonator,impersonator
1970,impersonator,impersonator,impersonator,impersonator,impersonator
1971,impersonator,impersonator,impersonator,impersonator,impersonator
1972,impersonator,impersonator,impersonator,impersonator,impersonator
1973,impersonator,impersonator,impersonator,impersonator,impersonator
1974,impersonator,impersonator,impersonator,impersonator,impersonator
1975,impersonator,impersonator,impersonator,impersonator,impersonator
1976,impersonator,impersonator,impersonator,impersonator,impersonator
1977,impersonator,impersonator,impersonator,impersonator,impersonator
1978,impersonator,impersonator,impersonator,impersonator,impersonator
1979,impersonator,impersonator,impersonator,impersonator,impersonator
1980,impersonator,impersonator,impersonator,impersonator,impersonator
1981,impersonator,impersonator,impersonator,impersonator,impersonator
1982,impersonator,impersonator,impersonator,impersonator,impersonator
1983,impersonator,impersonator,impersonator,impersonator,impersonator
1984,impersonator,impersonator,impersonator,impersonator,impersonator
1985,impersonator,impersonator,impersonator,impersonator,impersonator
1986,impersonator,impersonator,impersonator,impersonator,impersonator
1987,impersonator,impersonator,impersonator,impersonator,impersonator
1988,impersonator,impersonator,impersonator,impersonator,impersonator
1989,impersonator,impersonator,impersonator,impersonator,impersonator
1990,impersonator,impersonator,impersonator,impersonator,impersonator
1991,impersonator,impersonator,impersonator,impersonator,impersonator
1992,impersonator,impersonator,impersonator,impersonator,impersonator
1993,impersonator,impersonator,impersonator,impersonator,impersonator
1994,impersonator,impersonator,impersonator,impersonator,impersonator
1995,impersonator,impersonator,impersonator,impersonator,impersonator
1996,impersonator,impersonator,impersonator,impersonator,impersonator
1997,impersonator,impersonator,impersonator,impersonator,impersonator
1998,impersonator,impersonator,impersonator,impersonator,impersonator
1999,impersonator,impersonator,impersonator,impersonator,impersonator
2000,impersonator,impersonator,impersonator,impersonator,impersonator
2001,impersonator,impersonator,impersonator,impersonator,impersonator
2002,impersonator,impersonator,impersonator,impersonator,impersonator
2003,impersonator,impersonator,impersonator,impersonator,impersonator
2004,impersonator,impersonator,impersonator,impersonator,impersonator
2005,impersonator,impersonator,impersonator,impersonator,impersonator
2006,impersonator,impersonator,impersonator,impersonator,impersonator
2007,impersonator,impersonator,impersonator,impersonator,impersonator
2008,impersonator,impersonator,impersonator,impersonator,impersonator
2009,impersonator,impersonator,impersonator,impersonator,impersonator
2010,impersonator,impersonator,impersonator,impersonator,impersonator
2011,impersonator,impersonator,impersonator,impersonator,impersonator
2012,impersonator,impersonator,impersonator,impersonator,impersonator
2013,impersonator,impersonator,impersonator,impersonator,impersonator
2014,impersonator,impersonator,impersonator,impersonator,impersonator
2015,impersonator,impersonator,impersonator,impersonator,impersonator
2016,impersonator,impersonator,impersonator,impersonator,impersonator
2017,impersonator,impersonator,impersonator,impersonator,impersonator
2018,impersonator,impersonator,impersonator,impersonator,impersonator
2019,impersonator,impersonator,impersonator,impersonator,impersonator
2020,impersonator,impersonator,impersonator,impersonator,impersonator
2021,impersonator,match,match,match,impersonator
2022,impersonator,match,match,match,match
2023,impersonator,match,match,match,match
2024,impersonator,match,match,match,match
2025,impersonator,match,impersonator,match,impersonator
2026,impersonator,match,match,match,match
2027,impersonator,match,match,match,match
2028,impersonator,match,match,match,match
2029,impersonator,match,match,impersonator,impersonator
2030,impersonator,match,match,match,match
2031,impersonator,match,match,match,match
2032,impersonator,match,match,match,match
2033,impersonator,match,match,match,match
2034,impersonator,impersonator,impersonator,impersonator,match
2035,impersonator,match,match,impersonator,match
2036,impersonator,match,match,match,match
2037,impersonator,mismatch,match,match,match
2038,impersonator,match,match,match,match
2039,impersonator,match,match,impersonator,match
2040,impersonator,match,match,match,match
2041,impersonator,match,match,match,match
2042,impersonator,match,match,match,match
2043,impersonator,match,match,match,match
2044,impersonator,match,match,match,match
2045,impersonator,match,match,impersonator,match
2046,impersonator,match,match,match,match
2047,impersonator,match,match,match,match
2048,impersonator,match,match,impersonator,impersonator
2049,impersonator,match,match,match,match
2050,impersonator,match,match,match,match
2051,impersonator,match,match,match,match
2052,impersonator,match,match,match,match
2053,impersonator,match,match,mismatch,match
2054,impersonator,match,match,match,match
2055,impersonator,match,impersonator,match,match
2056,impersonator,match,match,match,match
2057,impersonator,match,match,match,match
2058,impersonator,mismatch,match,impersonator,match
2059,impersonator,match,match,match,match
2060,impersonator,match,match,match,match
2061,impersonator,match,match,match,match
2062,impersonator,match,match,match,match
2063,impersonator,match,match,match,match
2064,impersonator,impersonator,match,match,match
2065,impersonator,match,match,match,impersonator
2066,impersonator,match,match,match,match
2067,impersonator,match,match,match,match
2068,impersonator,impersonator,match,match,match
2069,impersonator,match,match,match,match
2070,impersonator,impersonator,match,match,match
2071,impersonator,match,match,match,impersonator
2072,impersonator,match,match,match,match
2073,impersonator,match,match,match,match
2074,impersonator,impersonator,match,match,match
2075,impersonator,match,match,match,match
2076,impersonator,impersonator,match,impersonator,match
2077,impersonator,mismatch,match,match,match
2078,impersonator,match,match,match,match
2079,impersonator,impersonator,match,mismatch,match
2080,impersonator,match,match,match,match
2081,impersonator,match,impersonator,match,match
2082,impersonator,match,match,match,match
2083,impersonator,match,match,match,match
2084,impersonator,match,match,match,match
2085,impersonator,match,match,match,match
2086,impersonator,match,match,match,match
2087,impersonator,match,match,match,match
2088,impersonator,match,match,match,match
2089,impersonator,impersonator,match,mismatch,match
2090,impersonator,mismatch,match,match,match
2091,impersonator,match,match,match,match
2092,impersonator,impersonator,match,match,match
2093,impersonator,match,match,match,match
2094,impersonator,match,match,match,match
2095,impersonator,match,match,match,match
2096,impersonator,match,match,match,match
2097,impersonator,match,match,match,impersonator
2098,impersonator,mismatch,match,match,match
2099,impersonator,match,match,match,match
2100,impersonator,match,match,match,match
2101,impersonator,match,match,impersonator,match
2102,impersonator,match,impersonator,match,match
2103,impersonator,match,match,match,match
2104,impersonator,match,match,impersonator,match
2105,impersonator,match,impersonator,match,impersonator
2106,impersonator,match,impersonator,impersonator,match
2107,impersonator,match,match,match,match
2108,impersonator,match,impersonator,match,impersonator
2109,impersonator,match,match,match,match
2110,impersonator,match,match,match,match
2111,impersonator,match,match,match,match
2112,impersonator,match,match,match,impersonator
2113,impersonator,match,match,match,match
2114,impersonator,match,match,match,match
2115,impersonator,match,match,match,match
2116,impersonator,match,impersonator,match,impersonator
2117,impersonator,match,mismatch,match,match
2118,impersonator,match,match,match,match
2119,impersonator,match,match,match,match
2120,impersonator,match,match,match,impersonator
2121,impersonator,match,match,match,impersonator
2122,impersonator,match,match,match,impersonator
2123,impersonator,match,match,match,match
2124,impersonator,match,match,impersonator,match
2125,impersonator,match,match,match,match
2126,impersonator,match,match,match,match
2127,impersonator,match,match,match,impersonator
2128,impersonator,match,match,match,match
2129,impersonator,match,match,mismatch,mismatch
2130,impersonator,match,match,match,match
2131,impersonator,match,match,match,match
2132,impersonator,match,match,match,match
2133,impersonator,match,impersonator,match,match
2134,impersonator,match,match,match,match
2135,impersonator,match,match,match,match
2136,impersonator,match,match,match,match
2137,impersonator,match,match,match,match
2138,impersonator,impersonator,match,match,match
2139,impersonator,match,match,match,match
2140,impersonator,match,match,match,match
2141,impersonator,match,impersonator,match,impersonator
2142,impersonator,match,match,impersonator,match
2143,impersonator,match,match,match,match
2144,impersonator,match,match,match,match
2145,impersonator,match,match,match,match
2146,impersonator,match,match,match,match
2147,impersonator,match,match,match,match
2148,impersonator,match,match,match,match
2149,impersonator,match,match,match,match
2150,impersonator,match,impersonator,match,impersonator
2151,impersonator,impersonator,impersonator,impersonator,impersonator
2152,impersonator,impersonator,impersonator,impersonator,impersonator
2153,impersonator,impersonator,impersonator,impersonator,impersonator
2154,impersonator,impersonator,impersonator,impersonator,impersonator
2155,impersonator,impersonator,impersonator,impersonator,impersonator
2156,impersonator,impersonator,impersonator,impersonator,impersonator
2157,impersonator,impersonator,impersonator,impersonator,impersonator
2158,impersonator,impersonator,impersonator,impersonator,impersonator
2159,impersonator,impersonator,impersonator,impersonator,impersonator
2160,impersonator,impersonator,impersonator,impersonator,impersonator
2161,impersonator,impersonator,impersonator,impersonator,impersonator
2162,impersonator,impersonator,impersonator,impersonator,impersonator
2163,impersonator,impersonator,impersonator,impersonator,impersonator
2164,impersonator,impersonator,impersonator,impersonator,impersonator
2165,impersonator,impersonator,impersonator,impersonator,impersonator
2166,impersonator,impersonator,impersonator,impersonator,impersonator
2167,impersonator,impersonator,impersonator,impersonator,impersonator
2168,impersonator,impersonator,impersonator,impersonator,impersonator
2169,impersonator,impersonator,impersonator,impersonator,impersonator
2170,impersonator,impersonator,impersonator,impersonator,impersonator
2171,impersonator,impersonator,impersonator,impersonator,impersonator
2172,impersonator,impersonator,impersonator,impersonator,impersonator
2173,impersonator,impersonator,impersonator,impersonator,impersonator
2174,impersonator,impersonator,impersonator,impersonator,impersonator
2175,impersonator,impersonator,impersonator,impersonator,impersonator
2176,impersonator,impersonator,impersonator,impersonator,impersonator
2177,impersonator,impersonator,impersonator,impersonator,impersonator
2178,impersonator,impersonator,impersonator,impersonator,impersonator
2179,impersonator,impersonator,impersonator,impersonator,impersonator
2180,impersonator,impersonator,impersonator,impersonator,impersonator
2181,impersonator,impersonator,impersonator,impersonator,impersonator
2182,impersonator,impersonator,impersonator,impersonator,impersonator
2183,impersonator,impersonator,impersonator,impersonator,impersonator
2184,impersonator,impersonator,impersonator,impersonator,impersonator
2185,impersonator,impersonator,impersonator,impersonator,impersonator
2186,impersonator,impersonator,impersonator,impersonator,impersonator
2187,impersonator,impersonator,impersonator,impersonator,impersonator
2188,impersonator,impersonator,impersonator,impersonator,impersonator
2189,impersonator,impersonator,impersonator,impersonator,impersonator
2190,impersonator,impersonator,impersonator,impersonator,impersonator
2191,impersonator,impersonator,impersonator,impersonator,impersonator
2192,impersonator,impersonator,impersonator,impersonator,impersonator
2193,impersonator,impersonator,impersonator,impersonator,impersonator
2194,impersonator,impersonator,impersonator,impersonator,impersonator
2195,impersonator,impersonator,impersonator,impersonator,impersonator
2196,impersonator,impersonator,impersonator,impersonator,impersonator
2197,impersonator,impersonator,impersonator,impersonator,impersonator
2198,impersonator,impersonator,impersonator,impersonator,impersonator
2199,impersonator,impersonator,impersonator,impersonator,impersonator
2200,impersonator,impersonator,impersonator,impersonator,impersonator
2201,impersonator,impersonator,impersonator,impersonator,impersonator
2202,impersonator,impersonator,impersonator,impersonator,impersonator
2203,impersonator,impersonator,impersonator,impersonator,impersonator
2204,impersonator,impersonator,impersonator,impersonator,impersonator
2205,impersonator,impersonator,impersonator,impersonator,impersonator
2206,impersonator,impersonator,impersonator,impersonator,impersonator
2207,impersonator,impersonator,impersonator,impersonator,impersonator
2208,impersonator,impersonator,impersonator,impersonator,impersonator
2209,impersonator,impersonator,impersonator,impersonator,impersonator
2210,impersonator,impersonator,impersonator,impersonator,impersonator
2211,impersonator,impersonator,impersonator,impersonator,impersonator
2212,impersonator,impersonator,impersonator,impersonator,impersonator
2213,impersonator,impersonator,impersonator,impersonator,impersonator
2214,impersonator,impersonator,impersonator,impersonator,impersonator
2215,impersonator,impersonator,impersonator,impersonator,impersonator
2216,impersonator,impersonator,impersonator,impersonator,impersonator
2217,impersonator,impersonator,impersonator,impersonator,impersonator
2218,impersonator,impersonator,impersonator,impersonator,impersonator
2219,impersonator,impersonator,impersonator,impersonator,impersonator
2220,impersonator,impersonator,impersonator,impersonator,impersonator
2221,impersonator,impersonator,impersonator,impersonator,impersonator
2222,impersonator,impersonator,impersonator,impersonator,impersonator
2223,impersonator,impersonator,impersonator,impersonator,impersonator
2224,impersonator,impersonator,impersonator,impersonator,impersonator
2225,impersonator,impersonator,impersonator,impersonator,impersonator
2226,impersonator,impersonator,impersonator,impersonator,impersonator
2227,impersonator,impersonator,impersonator,impersonator,impersonator
2228,impersonator,impersonator,impersonator,impersonator,impersonator
2229,impersonator,impersonator,impersonator,impersonator,impersonator
2230,impersonator,impersonator,impersonator,impersonator,impersonator
2231,impersonator,impersonator,impersonator,impersonator,impersonator
2232,impersonator,impersonator,impersonator,impersonator,impersonator
2233,impersonator,impersonator,impersonator,impersonator,impersonator
2234,impersonator,impersonator,impersonator,impersonator,impersonator
2235,impersonator,impersonator,impersonator,impersonator,impersonator
2236,impersonator,impersonator,impersonator,impersonator,impersonator
2237,impersonator,impersonator,impersonator,impersonator,impersonator
2238,impersonator,impersonator,impersonator,impersonator,impersonator
2239,impersonator,impersonator,impersonator,impersonator,impersonator
2240,impersonator,impersonator,impersonator,impersonator,impersonator
2241,impersonator,impersonator,impersonator,impersonator,impersonator
2242,impersonator,impersonator,impersonator,impersonator,impersonator
2243,impersonator,impersonator,impersonator,impersonator,impersonator
2244,impersonator,impersonator,impersonator,impersonator,impersonator
2245,impersonator,impersonator,impersonator,impersonator,impersonator
2246,impersonator,impersonator,impersonator,impersonator,impersonator
2247,impersonator,impersonator,impersonator,impersonator,impersonator
2248,impersonator,impersonator,impersonator,impersonator,impersonator
2249,impersonator,impersonator,impersonator,impersonator,impersonator
2250,impersonator,impersonator,impersonator,impersonator,impersonator
2251,impersonator,impersonator,impersonator,impersonator,impersonator
2252,impersonator,impersonator,impersonator,impersonator,impersonator
2253,impersonator,impersonator,impersonator,impersonator,impersonator
2254,impersonator,impersonator,impersonator,impersonator,impersonator
2255,impersonator,impersonator,impersonator,impersonator,impersonator
2256,impersonator,impersonator,impersonator,impersonator,impersonator
2257,impersonator,impersonator,impersonator,impersonator,impersonator
2258,impersonator,impersonator,impersonator,impersonator,impersonator
2259,impersonator,impersonator,impersonator,impersonator,impersonator
2260,impersonator,impersonator,impersonator,impersonator,impersonator
2261,impersonator,impersonator,impersonator,impersonator,impersonator
2262,impersonator,impersonator,impersonator,impersonator,impersonator
2263,impersonator,impersonator,impersonator,impersonator,impersonator
2264,impersonator,impersonator,impersonator,impersonator,impersonator
2265,impersonator,impersonator,impersonator,impersonator,impersonator
2266,impersonator,impersonator,impersonator,impersonator,impersonator
2267,impersonator,impersonator,impersonator,impersonator,impersonator
2268,impersonator,impersonator,impersonator,impersonator,impersonator
2269,impersonator,impersonator,impersonator,impersonator,impersonator
2270,impersonator,impersonator,impersonator,impersonator,impersonator
2271,impersonator,impersonator,impersonator,impersonator,impersonator
2272,impersonator,impersonator,impersonator,impersonator,impersonator
2273,impersonator,impersonator,impersonator,impersonator,impersonator
2274,impersonator,impersonator,impersonator,impersonator,impersonator
2275,impersonator,impersonator,impersonator,impersonator,impersonator
2276,impersonator,impersonator,impersonator,impersonator,impersonator
2277,impersonator,impersonator,impersonator,impersonator,impersonator
2278,impersonator,impersonator,impersonator,impersonator,impersonator
2279,impersonator,impersonator,impersonator,impersonator,impersonator
2280,impersonator,impersonator,impersonator,impersonator,impersonator
2281,impersonator,impersonator,impersonator,impersonator,impersonator
2282,impersonator,impersonator,impersonator,impersonator,impersonator
2283,impersonator,impersonator,impersonator,impersonator,impersonator
2284,impersonator,impersonator,impersonator,impersonator,impersonator
2285,impersonator,impersonator,impersonator,impersonator,impersonator
2286,impersonator,impersonator,impersonator,impersonator,impersonator
2287,impersonator,impersonator,impersonator,impersonator,impersonator
2288,impersonator,impersonator,impersonator,impersonator,impersonator
2289,impersonator,impersonator,impersonator,impersonator,impersonator
2290,impersonator,impersonator,impersonator,impersonator,impersonator
2291,impersonator,impersonator,impersonator,impersonator,impersonator
2292,impersonator,impersonator,impersonator,impersonator,impersonator
2293,impersonator,impersonator,impersonator,impersonator,impersonator
2294,impersonator,match,impersonator,impersonator,mismatch
2295,impersonator,impersonator,match,impersonator,impersonator
2296,impersonator,impersonator,impersonator,impersonator,match
2297,impersonator,impersonator,impersonator,impersonator,impersonator
2298,impersonator,impersonator,impersonator,impersonator,impersonator
2299,impersonator,impersonator,impersonator,impersonator,impersonator
2300,impersonator,impersonator,impersonator,impersonator,impersonator
2301,impersonator,impersonator,impersonator,impersonator,mismatch
2302,impersonator,impersonator,impersonator,impersonator,impersonator
2303,impersonator,impersonator,impersonator,impersonator,impersonator
2304,impersonator,impersonator,impersonator,impersonator,impersonator
2305,impersonator,impersonator,impersonator,impersonator,impersonator
2306,impersonator,impersonator,impersonator,impersonator,impersonator
2307,impersonator,impersonator,impersonator,impersonator,impersonator
2308,impersonator,impersonator,impersonator,impersonator,impersonator
2309,impersonator,impersonator,impersonator,impersonator,match
2310,impersonator,impersonator,impersonator,impersonator,impersonator
2311,impersonator,impersonator,impersonator,impersonator,impersonator
2312,impersonator,impersonator,impersonator,impersonator,impersonator
2313,impersonator,impersonator,impersonator,impersonator,impersonator
2314,impersonator,impersonator,mismatch,impersonator,impersonator
2315,impersonator,impersonator,impersonator,impersonator,impersonator
2316,impersonator,impersonator,impersonator,impersonator,impersonator
2317,impersonator,impersonator,impersonator,impersonator,impersonator
2318,impersonator,match,impersonator,impersonator,mismatch
2319,impersonator,impersonator,impersonator,impersonator,impersonator
2320,impersonator,impersonator,impersonator,impersonator,impersonator
2321,impersonator,impersonator,impersonator,impersonator,impersonator
2322,impersonator,impersonator,mismatch,impersonator,impersonator
2323,impersonator,impersonator,impersonator,mismatch,impersonator
2324,impersonator,impersonator,impersonator,impersonator,impersonator
2325,impersonator,impersonator,impersonator,impersonator,impersonator
2326,impersonator,impersonator,impersonator,impersonator,impersonator
2327,impersonator,impersonator,impersonator,match,impersonator
2328,impersonator,impersonator,impersonator,impersonator,match
2329,impersonator,match,impersonator,impersonator,impersonator
2330,impersonator,impersonator,impersonator,impersonator,impersonator
2331,impersonator,impersonator,impersonator,impersonator,impersonator
2332,impersonator,impersonator,impersonator,impersonator,impersonator
2333,impersonator,impersonator,impersonator,impersonator,impersonator
2334,impersonator,impersonator,impersonator,impersonator,impersonator
2335,impersonator,impersonator,impersonator,impersonator,impersonator
2336,impersonator,impersonator,mismatch,impersonator,impersonator
2337,impersonator,impersonator,impersonator,impersonator,impersonator
2338,impersonator,impersonator,impersonator,impersonator,impersonator
2339,impersonator,impersonator,mismatch,impersonator,impersonator
2340,impersonator,impersonator,impersonator,impersonator,impersonator
2341,impersonator,impersonator,mismatch,mismatch,impersonator
2342,impersonator,impersonator,match,impersonator,impersonator
2343,impersonator,impersonator,impersonator,impersonator,impersonator
2344,impersonator,impersonator,impersonator,impersonator,impersonator
2345,impersonator,impersonator,impersonator,impersonator,impersonator
2346,impersonator,impersonator,impersonator,impersonator,impersonator
2347,impersonator,match,impersonator,impersonator,impersonator
2348,impersonator,impersonator,impersonator,impersonator,impersonator
2349,impersonator,impersonator,impersonator,impersonator,impersonator
2350,impersonator,impersonator,impersonator,impersonator,impersonator
2351,impersonator,impersonator,impersonator,impersonator,impersonator
2352,impersonator,impersonator,impersonator,match,impersonator
2353,impersonator,impersonator,impersonator,impersonator,impersonator
2354,impersonator,impersonator,impersonator,impersonator,impersonator
2355,impersonator,mismatch,impersonator,impersonator,impersonator
2356,impersonator,match,impersonator,impersonator,impersonator
2357,impersonator,impersonator,impersonator,impersonator,impersonator
2358,impersonator,impersonator,impersonator,impersonator,impersonator
2359,impersonator,impersonator,impersonator,impersonator,mismatch
2360,impersonator,impersonator,impersonator,impersonator,impersonator
2361,impersonator,impersonator,impersonator,impersonator,impersonator
2362,impersonator,impersonator,impersonator,impersonator,impersonator
2363,impersonator,impersonator,impersonator,impersonator,impersonator
2364,impersonator,impersonator,impersonator,impersonator,impersonator
2365,impersonator,impersonator,impersonator,impersonator,impersonator
2366,impersonator,impersonator,impersonator,impersonator,impersonator
2367,impersonator,impersonator,impersonator,impersonator,impersonator
2368,impersonator,impersonator,impersonator,match,impersonator
2369,impersonator,impersonator,mismatch,impersonator,impersonator
2370,impersonator,impersonator,impersonator,match,impersonator
2371,impersonator,impersonator,impersonator,impersonator,impersonator
2372,impersonator,impersonator,impersonator,impersonator,impersonator
2373,impersonator,match,impersonator,impersonator,impersonator
2374,impersonator,impersonator,impersonator,impersonator,impersonator
2375,impersonator,match,impersonator,impersonator,impersonator
2376,impersonator,impersonator,impersonator,impersonator,impersonator
2377,impersonator,impersonator,impersonator,impersonator,impersonator
2378,impersonator,impersonator,impersonator,impersonator,impersonator
2379,impersonator,impersonator,impersonator,match,match
2380,impersonator,impersonator,impersonator,impersonator,impersonator
2381,impersonator,impersonator,impersonator,impersonator,impersonator
2382,impersonator,impersonator,impersonator,impersonator,impersonator
2383,impersonator,impersonator,impersonator,impersonator,impersonator
2384,impersonator,impersonator,impersonator,impersonator,impersonator
2385,impersonator,impersonator,impersonator,impersonator,impersonator
2386,impersonator,impersonator,impersonator,impersonator,impersonator
2387,impersonator,impersonator,impersonator,match,impersonator
2388,impersonator,impersonator,impersonator,impersonator,impersonator
2389,impersonator,impersonator,impersonator,impersonator,impersonator
2390,impersonator,impersonator,impersonator,impersonator,impersonator
2391,impersonator,impersonator,impersonator,impersonator,impersonator
2392,impersonator,impersonator,impersonator,impersonator,impersonator
2393,impersonator,impersonator,impersonator,match,impersonator
2394,impersonator,impersonator,impersonator,impersonator,impersonator
2395,impersonator,mismatch,impersonator,impersonator,impersonator
2396,impersonator,impersonator,impersonator,impersonator,impersonator
2397,impersonator,impersonator,impersonator,impersonator,match
2398,impersonator,mismatch,impersonator,impersonator,impersonator
2399,impersonator,impersonator,impersonator,impersonator,impersonator
2400,impersonator,impersonator,impersonator,impersonator,impersonator
2401,impersonator,impersonator,impersonator,match,impersonator
2402,impersonator,impersonator,impersonator,impersonator,impersonator
2403,impersonator,impersonator,impersonator,impersonator,impersonator
2404,impersonator,impersonator,impersonator,impersonator,impersonator
2405,impersonator,impersonator,impersonator,impersonator,impersonator
2406,impersonator,impersonator,impersonator,impersonator,impersonator
2407,impersonator,impersonator,impersonator,impersonator,impersonator
2408,impersonator,impersonator,impersonator,impersonator,match
2409,impersonator,impersonator,impersonator,impersonator,impersonator
2410,impersonator,impersonator,impersonator,impersonator,impersonator
2411,impersonator,impersonator,mismatch,impersonator,impersonator
2412,impersonator,impersonator,impersonator,impersonator,impersonator
2413,impersonator,impersonator,impersonator,match,impersonator
2414,impersonator,impersonator,impersonator,impersonator,impersonator
2415,impersonator,match,impersonator,impersonator,impersonator
2416,impersonator,impersonator,impersonator,impersonator,impersonator
2417,impersonator,impersonator,mismatch,impersonator,impersonator
2418,impersonator,impersonator,impersonator,impersonator,impersonator
2419,impersonator,impersonator,impersonator,impersonator,mismatch
2420,impersonator,impersonator,impersonator,impersonator,impersonator
2421,impersonator,impersonator,match,impersonator,impersonator
2422,impersonator,impersonator,impersonator,impersonator,impersonator
2423,impersonator,impersonator,impersonator,impersonator,impersonator
2424,impersonator,impersonator,match,impersonator,impersonator
2425,impersonator,impersonator,impersonator,impersonator,impersonator
2426,impersonator,mismatch,impersonator,impersonator,impersonator
2427,impersonator,impersonator,match,impersonator,impersonator
2428,impersonator,impersonator,impersonator,impersonator,impersonator
2429,impersonator,impersonator,impersonator,impersonator,impersonator
2430,impersonator,match,impersonator,match,impersonator
2431,impersonator,impersonator,impersonator,impersonator,match
2432,impersonator,impersonator,match,impersonator,impersonator
2433,impersonator,impersonator,impersonator,impersonator,impersonator
2434,impersonator,impersonator,impersonator,match,impersonator
2435,impersonator,mismatch,impersonator,impersonator,impersonator
2436,impersonator,impersonator,impersonator,impersonator,mismatch
2437,impersonator,match,match,impersonator,impersonator
2438,impersonator,impersonator,impersonator,match,impersonator
2439,impersonator,impersonator,impersonator,impersonator,impersonator
2440,impersonator,impersonator,impersonator,impersonator,impersonator
2441,impersonator,match,impersonator,impersonator,impersonator
2442,impersonator,impersonator,impersonator,impersonator,impersonator
2443,impersonator,impersonator,impersonator,impersonator,impersonator
2444,impersonator,impersonator,impersonator,impersonator,impersonator
2445,impersonator,impersonator,impersonator,impersonator,impersonator
2446,impersonator,impersonator,impersonator,match,impersonator
2447,impersonator,impersonator,impersonator,impersonator,impersonator
2448,impersonator,impersonator,impersonator,impersonator,impersonator
2449,impersonator,impersonator,impersonator,impersonator,mismatch
2450,impersonator,impersonator,impersonator,impersonator,impersonator
2451,impersonator,impersonator,impersonator,impersonator,impersonator
2452,impersonator,match,impersonator,impersonator,impersonator
2453,impersonator,impersonator,impersonator,impersonator,impersonator
2454,impersonator,impersonator,match,impersonator,mismatch
2455,impersonator,mismatch,impersonator,impersonator,impersonator
2456,impersonator,impersonator,impersonator,impersonator,impersonator
2457,impersonator,impersonator,impersonator,impersonator,impersonator
2458,impersonator,impersonator,impersonator,impersonator,impersonator
2459,impersonator,impersonator,impersonator,impersonator,impersonator
2460,impersonator,match,mismatch,impersonator,match
2461,impersonator,impersonator,impersonator,impersonator,impersonator
2462,impersonator,impersonator,impersonator,impersonator,impersonator
2463,impersonator,impersonator,impersonator,impersonator,impersonator
2464,impersonator,impersonator,impersonator,impersonator,impersonator
2465,impersonator,impersonator,impersonator,impersonator,impersonator
2466,impersonator,impersonator,impersonator,impersonator,impersonator
2467,impersonator,impersonator,impersonator,impersonator,impersonator
2468,impersonator,impersonator,impersonator,impersonator,impersonator
2469,impersonator,impersonator,impersonator,impersonator,impersonator
2470,impersonator,impersonator,impersonator,impersonator,impersonator
2471,impersonator,impersonator,impersonator,impersonator,impersonator
2472,impersonator,impersonator,impersonator,mismatch,impersonator
2473,impersonator,match,impersonator,impersonator,impersonator
2474,impersonator,impersonator,impersonator,impersonator,impersonator
2475,impersonator,impersonator,impersonator,impersonator,impersonator
2476,impersonator,impersonator,impersonator,impersonator,impersonator
2477,impersonator,impersonator,impersonator,impersonator,match
2478,impersonator,impersonator,impersonator,impersonator,impersonator
2479,impersonator,impersonator,impersonator,impersonator,mismatch
2480,impersonator,match,match,match,mismatch
2481,impersonator,impersonator,impersonator,impersonator,impersonator
2482,impersonator,impersonator,impersonator,impersonator,mismatch
2483,impersonator,impersonator,impersonator,impersonator,impersonator
2484,impersonator,impersonator,impersonator,impersonator,impersonator
2485,impersonator,impersonator,impersonator,impersonator,impersonator
2486,impersonator,impersonator,impersonator,impersonator,impersonator
2487,impersonator,impersonator,impersonator,impersonator,impersonator
2488,impersonator,mismatch,mismatch,impersonator,impersonator
2489,impersonator,impersonator,impersonator,impersonator,impersonator
2490,impersonator,impersonator,impersonator,impersonator,impersonator
2491,impersonator,match,impersonator,impersonator,impersonator
2492,impersonator,impersonator,impersonator,impersonator,impersonator
2493,impersonator,impersonator,impersonator,impersonator,impersonator
2494,impersonator,impersonator,impersonator,impersonator,impersonator
2495,impersonator,impersonator,impersonator,impersonator,mismatch
2496,impersonator,impersonator,impersonator,impersonator,impersonator
2497,impersonator,impersonator,impersonator,impersonator,mismatch
2498,impersonator,impersonator,impersonator,impersonator,impersonator
2499,impersonator,impersonator,impersonator,impersonator,impersonator
2500,impersonator,impersonator,impersonator,impersonator,impersonator
2501,impersonator,impersonator,impersonator,impersonator,impersonator
2502,impersonator,impersonator,match,impersonator,impersonator
2503,impersonator,impersonator,impersonator,impersonator,impersonator
2504,impersonator,impersonator,impersonator,impersonator,impersonator
2505,impersonator,match,impersonator,impersonator,impersonator
2506,impersonator,impersonator,match,impersonator,impersonator
2507,impersonator,impersonator,impersonator,impersonator,impersonator
2508,impersonator,impersonator,impersonator,impersonator,impersonator
2509,impersonator,impersonator,impersonator,impersonator,impersonator
2510,impersonator,impersonator,match,impersonator,mismatch
2511,impersonator,impersonator,match,impersonator,impersonator
2512,impersonator,impersonator,impersonator,impersonator,impersonator
2513,impersonator,impersonator,impersonator,match,impersonator
2514,impersonator,impersonator,impersonator,impersonator,impersonator
2515,impersonator,match,impersonator,impersonator,match
2516,impersonator,impersonator,impersonator,impersonator,impersonator
2517,impersonator,impersonator,impersonator,match,impersonator
2518,impersonator,impersonator,impersonator,impersonator,impersonator
2519,impersonator,impersonator,impersonator,impersonator,impersonator
2520,impersonator,impersonator,impersonator,impersonator,impersonator
2521,impersonator,impersonator,impersonator,impersonator,impersonator
2522,impersonator,impersonator,impersonator,impersonator,impersonator
2523,impersonator,impersonator,impersonator,impersonator,impersonator
2524,impersonator,impersonator,impersonator,impersonator,impersonator
2525,impersonator,impersonator,impersonator,impersonator,impersonator
2526,impersonator,impersonator,impersonator,impersonator,impersonator
2527,impersonator,impersonator,match,match,impersonator
2528,impersonator,impersonator,impersonator,mismatch,impersonator
2529,impersonator,impersonator,impersonator,mismatch,impersonator
2530,impersonator,impersonator,impersonator,impersonator,mismatch
2531,impersonator,impersonator,impersonator,impersonator,impersonator
2532,impersonator,impersonator,impersonator,impersonator,match
2533,impersonator,impersonator,mismatch,impersonator,impersonator
2534,impersonator,impersonator,impersonator,impersonator,impersonator
2535,impersonator,impersonator,impersonator,impersonator,impersonator
2536,impersonator,impersonator,impersonator,impersonator,impersonator
2537,impersonator,impersonator,impersonator,impersonator,impersonator
2538,impersonator,impersonator,impersonator,impersonator,impersonator
2539,impersonator,impersonator,impersonator,impersonator,impersonator
2540,impersonator,impersonator,impersonator,impersonator,impersonator
2541,impersonator,impersonator,impersonator,impersonator,impersonator
2542,impersonator,impersonator,impersonator,impersonator,impersonator
2543,impersonator,impersonator,impersonator,impersonator,impersonator
2544,impersonator,impersonator,impersonator,impersonator,impersonator
2545,impersonator,impersonator,match,match,impersonator
2546,impersonator,impersonator,impersonator,impersonator,impersonator
2547,impersonator,impersonator,impersonator,impersonator,impersonator
2548,impersonator,impersonator,match,impersonator,impersonator
2549,impersonator,impersonator,impersonator,impersonator,impersonator
2550,impersonator,match,impersonator,impersonator,impersonator
2551,impersonator,impersonator,match,impersonator,mismatch
2552,impersonator,impersonator,impersonator,impersonator,impersonator
2553,impersonator,impersonator,impersonator,impersonator,impersonator
2554,impersonator,impersonator,impersonator,impersonator,impersonator
2555,impersonator,impersonator,impersonator,impersonator,impersonator
2556,impersonator,impersonator,impersonator,impersonator,impersonator
2557,impersonator,impersonator,impersonator,impersonator,match
2558,impersonator,impersonator,impersonator,impersonator,match
2559,impersonator,impersonator,impersonator,impersonator,impersonator
2560,impersonator,impersonator,impersonator,impersonator,impersonator
2561,impersonator,impersonator,impersonator,impersonator,impersonator
2562,impersonator,impersonator,impersonator,impersonator,impersonator
2563,impersonator,impersonator,impersonator,impersonator,impersonator
2564,impersonator,impersonator,mismatch,impersonator,impersonator
2565,impersonator,impersonator,impersonator,impersonator,impersonator
2566,impersonator,impersonator,impersonator,mismatch,impersonator
2567,impersonator,impersonator,impersonator,impersonator,impersonator
2568,impersonator,impersonator,impersonator,impersonator,impersonator
2569,impersonator,impersonator,impersonator,match,impersonator
2570,impersonator,impersonator,impersonator,impersonator,impersonator
2571,impersonator,impersonator,impersonator,impersonator,impersonator
2572,impersonator,impersonator,impersonator,impersonator,impersonator
2573,impersonator,impersonator,impersonator,impersonator,impersonator
2574,impersonator,impersonator,match,impersonator,impersonator
2575,impersonator,impersonator,impersonator,impersonator,impersonator
2576,impersonator,impersonator,impersonator,impersonator,match
2577,impersonator,impersonator,impersonator,impersonator,match
2578,impersonator,impersonator,impersonator,impersonator,impersonator
2579,impersonator,impersonator,impersonator,impersonator,match
2580,impersonator,impersonator,impersonator,impersonator,impersonator
2581,impersonator,impersonator,impersonator,impersonator,impersonator
2582,impersonator,impersonator,match,match,mismatch
2583,impersonator,impersonator,impersonator,impersonator,impersonator
2584,impersonator,impersonator,impersonator,impersonator,impersonator
2585,impersonator,impersonator,impersonator,impersonator,impersonator
2586,impersonator,impersonator,match,impersonator,impersonator
2587,impersonator,impersonator,impersonator,impersonator,impersonator
2588,impersonator,impersonator,impersonator,impersonator,impersonator
2589,impersonator,impersonator,impersonator,impersonator,impersonator
2590,impersonator,impersonator,impersonator,impersonator,impersonator
2591,impersonator,mismatch,impersonator,impersonator,impersonator
2592,impersonator,impersonator,impersonator,impersonator,impersonator
2593,impersonator,impersonator,impersonator,impersonator,impersonator
2594,impersonator,match,impersonator,mismatch,mismatch
2595,impersonator,impersonator,match,impersonator,impersonator
2596,impersonator,impersonator,impersonator,impersonator,match
2597,impersonator,impersonator,impersonator,impersonator,impersonator
2598,impersonator,impersonator,impersonator,impersonator,impersonator
2599,impersonator,match,impersonator,mismatch,impersonator
2600,impersonator,match,match,match,match
2601,impersonator,match,match,match,match
2602,impersonator,match,match,match,match
2603,impersonator,match,match,match,match
2604,impersonator,match,match,match,match
2605,impersonator,match,match,match,match
2606,impersonator,match,match,match,match
2607,impersonator,match,match,match,match
2608,impersonator,match,match,match,match
2609,impersonator,match,match,match,match
2610,impersonator,match,match,match,match
2611,impersonator,match,match,match,match
2612,impersonator,match,match,match,match
2613,impersonator,match,match,match,match
2614,impersonator,match,match,match,match
2615,impersonator,match,match,match,match
2616,impersonator,match,match,match,match
2617,impersonator,match,match,match,match
2618,impersonator,match,match,match,match
2619,impersonator,mismatch,match,match,match
2620,impersonator,match,match,impersonator,match
2621,impersonator,match,match,match,match
2622,impersonator,match,match,match,match
2623,impersonator,match,match,match,match
2624,impersonator,mismatch,match,match,match
2625,impersonator,match,match,match,match
2626,impersonator,match,match,match,match
2627,impersonator,match,match,match,match
2628,impersonator,match,match,match,match
2629,impersonator,match,match,match,match
2630,impersonator,impersonator,match,match,match
2631,impersonator,match,match,match,match
2632,impersonator,match,match,match,match
2633,impersonator,match,match,match,match
2634,impersonator,match,match,match,match
2635,impersonator,match,match,match,match
2636,impersonator,match,match,match,match
2637,impersonator,match,match,match,match
2638,impersonator,match,match,match,match
2639,impersonator,match,match,match,match
2640,impersonator,match,match,match,match
2641,impersonator,match,match,match,match
2642,impersonator,match,match,match,match
2643,impersonator,match,match,match,match
2644,impersonator,match,match,match,match
2645,impersonator,match,match,match,match
2646,impersonator,match,match,match,match
2647,impersonator,match,match,match,match
2648,impersonator,match,match,match,match
2649,impersonator,match,match,match,match
2650,impersonator,match,match,match,match
2651,impersonator,match,match,match,match
2652,impersonator,match,match,match,match
2653,impersonator,match,match,match,match
2654,impersonator,match,match,match,match
2655,impersonator,match,match,match,match
2656,impersonator,match,match,match,match
2657,impersonator,match,match,match,match
2658,impersonator,match,match,match,match
2659,impersonator,match,match,match,match
2660,impersonator,match,match,match,match
2661,impersonator,match,match,match,match
2662,impersonator,match,match,match,match
2663,impersonator,match,match,match,match
2664,impersonator,match,match,match,match
2665,impersonator,mismatch,match,match,match
2666,impersonator,match,match,match,match
2667,impersonator,match,match,match,match
2668,impersonator,match,match,match,match
2669,impersonator,match,match,match,match
2670,impersonator,match,match,match,match
2671,impersonator,match,match,match,match
2672,impersonator,match,match,match,match
2673,impersonator,match,match,match,match
2674,impersonator,match,match,match,match
2675,impersonator,match,match,match,match
2676,impersonator,match,match,match,match
2677,impersonator,match,match,match,match
2678,impersonator,match,match,match,match
2679,impersonator,match,match,match,match
2680,impersonator,match,match,match,match
2681,impersonator,match,match,match,match
2682,impersonator,match,match,match,match
2683,impersonator,match,match,match,match
2684,impersonator,match,match,match,match
2685,impersonator,match,match,match,match
2686,impersonator,match,match,match,match
2687,impersonator,match,mismatch,match,match
2688,impersonator,match,match,match,match
2689,impersonator,match,match,match,match
2690,impersonator,match,match,match,match
2691,impersonator,match,match,match,match
2692,impersonator,match,match,match,match
2693,impersonator,match,match,match,match
2694,impersonator,match,match,impersonator,match
2695,impersonator,match,match,match,match
2696,impersonator,match,match,match,match
2697,impersonator,match,match,match,match
2698,impersonator,match,match,match,match
2699,impersonator,match,match,match,match
2700,impersonator,match,match,match,match
2701,impersonator,match,match,match,match
2702,impersonator,match,match,match,match
2703,impersonator,match,match,match,match
2704,impersonator,match,match,match,match
2705,impersonator,match,match,match,match
2706,impersonator,match,match,match,match
2707,impersonator,match,match,match,match
2708,impersonator,match,match,match,match
2709,impersonator,match,match,match,match
2710,impersonator,match,match,match,match
2711,impersonator,match,match,match,match
2712,impersonator,match,match,match,match
2713,impersonator,match,match,match,match
2714,impersonator,impersonator,match,match,match
2715,impersonator,match,match,match,match
2716,impersonator,match,match,match,match
2717,impersonator,match,match,match,match
2718,impersonator,match,match,match,match
2719,impersonator,match,match,match,match
2720,impersonator,match,match,match,match
2721,impersonator,match,match,match,impersonator
2722,impersonator,impersonator,impersonator,impersonator,impersonator
2723,impersonator,impersonator,impersonator,impersonator,impersonator
2724,impersonator,impersonator,impersonator,impersonator,impersonator
2725,impersonator,impersonator,impersonator,impersonator,impersonator
2726,impersonator,impersonator,impersonator,impersonator,impersonator
2727,impersonator,impersonator,impersonator,impersonator,impersonator
2728,impersonator,impersonator,impersonator,impersonator,impersonator
2729,impersonator,impersonator,impersonator,impersonator,impersonator
2730,impersonator,impersonator,impersonator,impersonator,impersonator
2731,impersonator,impersonator,impersonator,impersonator,impersonator
2732,impersonator,impersonator,impersonator,impersonator,impersonator
2733,impersonator,impersonator,impersonator,impersonator,impersonator
2734,impersonator,impersonator,impersonator,impersonator,impersonator
2735,impersonator,impersonator,impersonator,impersonator,impersonator
2736,impersonator,impersonator,impersonator,impersonator,impersonator
2737,impersonator,impersonator,impersonator,impersonator,impersonator
2738,impersonator,impersonator,impersonator,impersonator,impersonator
2739,impersonator,impersonator,impersonator,impersonator,impersonator
2740,impersonator,impersonator,impersonator,impersonator,impersonator
2741,impersonator,impersonator,impersonator,impersonator,impersonator
2742,impersonator,impersonator,impersonator,impersonator,impersonator
2743,impersonator,impersonator,impersonator,impersonator,impersonator
2744,impersonator,impersonator,impersonator,impersonator,impersonator
2745,impersonator,impersonator,impersonator,impersonator,impersonator
2746,impersonator,impersonator,impersonator,impersonator,impersonator
2747,impersonator,impersonator,impersonator,impersonator,impersonator
2748,impersonator,impersonator,impersonator,impersonator,impersonator
2749,impersonator,impersonator,impersonator,impersonator,impersonator
2750,impersonator,impersonator,impersonator,impersonator,impersonator
2751,impersonator,impersonator,impersonator,impersonator,impersonator
2752,impersonator,impersonator,impersonator,impersonator,impersonator
2753,impersonator,impersonator,impersonator,impersonator,impersonator
2754,impersonator,impersonator,impersonator,impersonator,impersonator
2755,impersonator,impersonator,impersonator,impersonator,impersonator
2756,impersonator,impersonator,impersonator,impersonator,impersonator
2757,impersonator,impersonator,impersonator,impersonator,impersonator
2758,impersonator,impersonator,impersonator,impersonator,impersonator
2759,impersonator,impersonator,impersonator,impersonator,impersonator
2760,impersonator,impersonator,impersonator,impersonator,impersonator
2761,impersonator,impersonator,impersonator,impersonator,impersonator
2762,impersonator,impersonator,impersonator,impersonator,impersonator
2763,impersonator,impersonator,impersonator,impersonator,impersonator
2764,impersonator,impersonator,impersonator,impersonator,impersonator
2765,impersonator,impersonator,impersonator,impersonator,impersonator
2766,impersonator,impersonator,impersonator,impersonator,impersonator
2767,impersonator,impersonator,impersonator,impersonator,impersonator
2768,impersonator,impersonator,impersonator,impersonator,impersonator
2769,impersonator,impersonator,impersonator,impersonator,impersonator
2770,impersonator,impersonator,impersonator,impersonator,impersonator
2771,impersonator,impersonator,impersonator,impersonator,impersonator
2772,impersonator,impersonator,impersonator,impersonator,impersonator
2773,impersonator,impersonator,impersonator,impersonator,impersonator
2774,impersonator,impersonator,impersonator,impersonator,impersonator
2775,impersonator,impersonator,impersonator,impersonator,impersonator
2776,impersonator,impersonator,impersonator,impersonator,impersonator
2777,impersonator,impersonator,impersonator,impersonator,impersonator
2778,impersonator,impersonator,impersonator,impersonator,impersonator
2779,impersonator,impersonator,impersonator,impersonator,impersonator
2780,impersonator,impersonator,impersonator,impersonator,impersonator
2781,impersonator,impersonator,impersonator,impersonator,impersonator
2782,impersonator,impersonator,impersonator,impersonator,impersonator
2783,impersonator,impersonator,impersonator,impersonator,impersonator
2784,impersonator,impersonator,impersonator,impersonator,impersonator
2785,impersonator,impersonator,impersonator,impersonator,impersonator
2786,impersonator,impersonator,impersonator,impersonator,impersonator
2787,impersonator,impersonator,impersonator,impersonator,impersonator
2788,impersonator,impersonator,impersonator,impersonator,impersonator
2789,impersonator,impersonator,impersonator,impersonator,impersonator
2790,impersonator,impersonator,impersonator,impersonator,impersonator
2791,impersonator,impersonator,impersonator,impersonator,impersonator
2792,impersonator,impersonator,impersonator,impersonator,impersonator
2793,impersonator,impersonator,impersonator,impersonator,impersonator
2794,impersonator,impersonator,impersonator,impersonator,impersonator
2795,impersonator,impersonator,impersonator,impersonator,impersonator
2796,impersonator,impersonator,impersonator,impersonator,impersonator
2797,impersonator,impersonator,impersonator,impersonator,impersonator
2798,impersonator,impersonator,impersonator,impersonator,impersonator
2799,impersonator,impersonator,impersonator,impersonator,impersonator
2800,impersonator,impersonator,impersonator,impersonator,impersonator
2801,impersonator,impersonator,impersonator,impersonator,impersonator
2802,impersonator,impersonator,impersonator,impersonator,impersonator
2803,impersonator,impersonator,impersonator,impersonator,impersonator
2804,impersonator,impersonator,impersonator,impersonator,impersonator
2805,impersonator,impersonator,impersonator,impersonator,impersonator
2806,impersonator,impersonator,impersonator,impersonator,impersonator
2807,impersonator,impersonator,impersonator,impersonator,impersonator
2808,impersonator,impersonator,impersonator,impersonator,impersonator
2809,impersonator,impersonator,impersonator,impersonator,impersonator
2810,impersonator,impersonator,impersonator,impersonator,impersonator
2811,impersonator,impersonator,impersonator,impersonator,impersonator
2812,impersonator,impersonator,impersonator,impersonator,impersonator
2813,impersonator,impersonator,impersonator,impersonator,impersonator
2814,impersonator,impersonator,impersonator,impersonator,impersonator
2815,impersonator,impersonator,impersonator,impersonator,impersonator
2816,impersonator,impersonator,impersonator,impersonator,impersonator
2817,impersonator,impersonator,impersonator,impersonator,impersonator
2818,impersonator,impersonator,impersonator,impersonator,impersonator
2819,impersonator,impersonator,impersonator,impersonator,impersonator
2820,impersonator,impersonator,impersonator,impersonator,impersonator
2821,impersonator,impersonator,impersonator,impersonator,impersonator
2822,impersonator,impersonator,impersonator,impersonator,impersonator
2823,impersonator,impersonator,impersonator,impersonator,impersonator
2824,impersonator,impersonator,impersonator,impersonator,impersonator
2825,impersonator,impersonator,impersonator,impersonator,impersonator
2826,impersonator,impersonator,impersonator,impersonator,impersonator
2827,impersonator,impersonator,impersonator,impersonator,impersonator
2828,impersonator,impersonator,impersonator,impersonator,impersonator
2829,impersonator,impersonator,impersonator,impersonator,impersonator
2830,impersonator,impersonator,impersonator,impersonator,impersonator
2831,impersonator,impersonator,impersonator,impersonator,impersonator
2832,impersonator,impersonator,impersonator,impersonator,impersonator
2833,impersonator,impersonator,impersonator,impersonator,impersonator
2834,impersonator,impersonator,impersonator,impersonator,impersonator
2835,impersonator,impersonator,impersonator,impersonator,impersonator
2836,impersonator,impersonator,impersonator,impersonator,impersonator
2837,impersonator,impersonator,impersonator,impersonator,impersonator
2838,impersonator,impersonator,impersonator,impersonator,impersonator
2839,impersonator,impersonator,impersonator,impersonator,impersonator
2840,impersonator,impersonator,impersonator,impersonator,impersonator
2841,impersonator,impersonator,impersonator,impersonator,impersonator
2842,impersonator,impersonator,impersonator,impersonator,impersonator
2843,impersonator,impersonator,impersonator,impersonator,impersonator
2844,impersonator,impersonator,impersonator,impersonator,impersonator
2845,impersonator,impersonator,impersonator,impersonator,impersonator
2846,impersonator,impersonator,impersonator,impersonator,impersonator
2847,impersonator,impersonator,impersonator,impersonator,impersonator
2848,impersonator,impersonator,impersonator,impersonator,impersonator
2849,impersonator,impersonator,impersonator,impersonator,impersonator
2850,impersonator,impersonator,impersonator,impersonator,impersonator
2851,impersonator,impersonator,impersonator,impersonator,impersonator
2852,impersonator,impersonator,impersonator,impersonator,impersonator
2853,impersonator,impersonator,impersonator,impersonator,impersonator
2854,impersonator,impersonator,impersonator,impersonator,impersonator
2855,impersonator,impersonator,impersonator,impersonator,impersonator
2856,impersonator,impersonator,impersonator,impersonator,impersonator
2857,impersonator,impersonator,impersonator,impersonator,impersonator
2858,impersonator,impersonator,impersonator,impersonator,impersonator
2859,impersonator,impersonator,impersonator,impersonator,impersonator
2860,impersonator,impersonator,impersonator,impersonator,impersonator
2861,impersonator,impersonator,impersonator,impersonator,impersonator
2862,impersonator,impersonator,impersonator,impersonator,impersonator
2863,impersonator,impersonator,impersonator,impersonator,impersonator
2864,impersonator,impersonator,impersonator,impersonator,impersonator
2865,impersonator,impersonator,impersonator,impersonator,impersonator
2866,impersonator,impersonator,impersonator,impersonator,impersonator
2867,impersonator,impersonator,impersonator,impersonator,impersonator
2868,impersonator,impersonator,impersonator,impersonator,impersonator
2869,impersonator,impersonator,impersonator,impersonator,impersonator
2870,impersonator,impersonator,impersonator,impersonator,impersonator
2871,impersonator,impersonator,impersonator,impersonator,impersonator
2872,impersonator,impersonator,impersonator,impersonator,impersonator
2873,impersonator,impersonator,impersonator,impersonator,impersonator
2874,impersonator,impersonator,impersonator,impersonator,impersonator
2875,impersonator,impersonator,impersonator,impersonator,impersonator
2876,impersonator,impersonator,impersonator,impersonator,impersonator
2877,impersonator,impersonator,impersonator,impersonator,impersonator
2878,impersonator,impersonator,impersonator,impersonator,impersonator
2879,impersonator,impersonator,match,impersonator,impersonator
2880,impersonator,impersonator,impersonator,impersonator,impersonator
2881,impersonator,impersonator,impersonator,impersonator,impersonator
2882,impersonator,impersonator,impersonator,impersonator,impersonator
2883,impersonator,impersonator,impersonator,impersonator,impersonator
2884,impersonator,impersonator,impersonator,impersonator,impersonator
2885,impersonator,impersonator,impersonator,impersonator,impersonator
2886,impersonator,impersonator,impersonator,impersonator,impersonator
2887,impersonator,impersonator,impersonator,impersonator,impersonator
2888,impersonator,impersonator,impersonator,impersonator,impersonator
2889,impersonator,impersonator,impersonator,impersonator,impersonator
2890,impersonator,impersonator,impersonator,impersonator,impersonator
2891,impersonator,impersonator,impersonator,impersonator,impersonator
2892,impersonator,impersonator,impersonator,impersonator,impersonator
2893,impersonator,impersonator,impersonator,impersonator,impersonator
2894,impersonator,impersonator,impersonator,impersonator,impersonator
2895,impersonator,impersonator,impersonator,impersonator,impersonator
2896,impersonator,impersonator,impersonator,impersonator,impersonator
2897,impersonator,impersonator,impersonator,impersonator,impersonator
2898,impersonator,impersonator,impersonator,impersonator,impersonator
2899,impersonator,impersonator,impersonator,impersonator,impersonator
2900,impersonator,impersonator,impersonator,impersonator,impersonator
2901,impersonator,impersonator,impersonator,impersonator,impersonator
2902,impersonator,impersonator,impersonator,impersonator,impersonator
2903,impersonator,impersonator,impersonator,impersonator,impersonator
2904,impersonator,impersonator,impersonator,impersonator,impersonator
2905,impersonator,impersonator,impersonator,impersonator,impersonator
2906,impersonator,impersonator,impersonator,impersonator,impersonator
2907,impersonator,impersonator,impersonator,impersonator,impersonator
2908,impersonator,impersonator,impersonator,impersonator,impersonator
2909,impersonator,impersonator,impersonator,impersonator,impersonator
2910,impersonator,impersonator,impersonator,impersonator,impersonator
2911,impersonator,impersonator,impersonator,impersonator,impersonator
2912,impersonator,impersonator,impersonator,impersonator,impersonator
2913,impersonator,impersonator,impersonator,impersonator,impersonator
2914,impersonator,impersonator,impersonator,impersonator,impersonator
2915,impersonator,impersonator,impersonator,impersonator,impersonator
2916,impersonator,impersonator,impersonator,impersonator,impersonator
2917,impersonator,impersonator,impersonator,impersonator,impersonator
2918,impersonator,impersonator,impersonator,impersonator,impersonator
2919,impersonator,impersonator,impersonator,impersonator,impersonator
2920,impersonator,impersonator,impersonator,impersonator,impersonator
2921,impersonator,impersonator,impersonator,impersonator,impersonator
2922,impersonator,impersonator,impersonator,impersonator,impersonator
2923,impersonator,impersonator,impersonator,impersonator,impersonator
2924,impersonator,impersonator,impersonator,impersonator,impersonator
2925,impersonator,impersonator,impersonator,impersonator,impersonator
2926,impersonator,impersonator,impersonator,impersonator,impersonator
2927,impersonator,impersonator,impersonator,impersonator,impersonator
2928,impersonator,impersonator,impersonator,impersonator,impersonator
2929,impersonator,impersonator,impersonator,impersonator,impersonator
2930,impersonator,impersonator,impersonator,impersonator,impersonator
2931,impersonator,impersonator,impersonator,impersonator,impersonator
2932,impersonator,impersonator,impersonator,impersonator,impersonator
2933,impersonator,impersonator,impersonator,impersonator,impersonator
2934,impersonator,impersonator,impersonator,impersonator,impersonator
2935,impersonator,impersonator,impersonator,impersonator,impersonator
2936,impersonator,impersonator,impersonator,impersonator,impersonator
2937,impersonator,impersonator,impersonator,impersonator,impersonator
2938,impersonator,impersonator,impersonator,impersonator,impersonator
2939,impersonator,impersonator,impersonator,impersonator,impersonator
2940,impersonator,impersonator,impersonator,impersonator,impersonator
2941,impersonator,impersonator,impersonator,impersonator,impersonator
2942,impersonator,impersonator,impersonator,impersonator,impersonator
2943,impersonator,impersonator,impersonator,impersonator,impersonator
2944,impersonator,impersonator,impersonator,impersonator,impersonator
2945,impersonator,impersonator,impersonator,impersonator,impersonator
2946,impersonator,impersonator,impersonator,impersonator,impersonator
2947,impersonator,impersonator,impersonator,impersonator,impersonator
2948,impersonator,impersonator,impersonator,impersonator,impersonator
2949,impersonator,impersonator,impersonator,impersonator,impersonator
2950,impersonator,impersonator,impersonator,impersonator,impersonator
2951,impersonator,impersonator,impersonator,impersonator,impersonator
2952,impersonator,impersonator,impersonator,impersonator,impersonator
2953,impersonator,impersonator,impersonator,impersonator,impersonator
2954,impersonator,impersonator,impersonator,impersonator,impersonator
2955,impersonator,impersonator,impersonator,impersonator,impersonator
2956,impersonator,impersonator,impersonator,impersonator,impersonator
2957,impersonator,impersonator,impersonator,impersonator,impersonator
2958,impersonator,impersonator,impersonator,impersonator,impersonator
2959,impersonator,impersonator,impersonator,impersonator,impersonator
2960,impersonator,impersonator,impersonator,impersonator,impersonator
2961,impersonator,impersonator,impersonator,impersonator,impersonator
2962,impersonator,impersonator,impersonator,impersonator,impersonator
2963,impersonator,impersonator,match,impersonator,impersonator
2964,impersonator,impersonator,impersonator,impersonator,impersonator
2965,impersonator,impersonator,impersonator,impersonator,impersonator
2966,impersonator,impersonator,impersonator,impersonator,impersonator
2967,impersonator,impersonator,impersonator,impersonator,impersonator
2968,impersonator,impersonator,impersonator,impersonator,impersonator
2969,impersonator,impersonator,impersonator,impersonator,impersonator
2970,impersonator,impersonator,impersonator,impersonator,impersonator
2971,impersonator,impersonator,impersonator,impersonator,impersonator
2972,impersonator,impersonator,impersonator,impersonator,impersonator
2973,impersonator,impersonator,impersonator,impersonator,impersonator
2974,impersonator,impersonator,impersonator,impersonator,impersonator
2975,impersonator,impersonator,impersonator,impersonator,impersonator
2976,impersonator,impersonator,impersonator,impersonator,impersonator
2977,impersonator,impersonator,impersonator,impersonator,impersonator
2978,impersonator,impersonator,impersonator,impersonator,impersonator
2979,impersonator,impersonator,impersonator,impersonator,impersonator
2980,impersonator,impersonator,impersonator,impersonator,impersonator
2981,impersonator,impersonator,impersonator,impersonator,impersonator
2982,impersonator,impersonator,impersonator,impersonator,impersonator
2983,impersonator,impersonator,impersonator,impersonator,impersonator
2984,impersonator,impersonator,impersonator,impersonator,impersonator
2985,impersonator,impersonator,impersonator,impersonator,impersonator
2986,impersonator,impersonator,impersonator,impersonator,impersonator
2987,impersonator,impersonator,impersonator,impersonator,impersonator
2988,impersonator,impersonator,impersonator,impersonator,impersonator
2989,impersonator,impersonator,impersonator,impersonator,impersonator
2990,impersonator,impersonator,impersonator,impersonator,impersonator
2991,impersonator,impersonator,impersonator,impersonator,impersonator
2992,impersonator,impersonator,impersonator,impersonator,impersonator
2993,impersonator,impersonator,impersonator,impersonator,impersonator
2994,impersonator,impersonator,impersonator,impersonator,impersonator
2995,impersonator,impersonator,impersonator,impersonator,impersonator
2996,impersonator,impersonator,impersonator,impersonator,impersonator
2997,impersonator,impersonator,impersonator,impersonator,impersonator
2998,impersonator,impersonator,impersonator,impersonator,impersonator
2999,impersonator,impersonator,impersonator,impersonator,impersonator
3000,impersonator,impersonator,impersonator,impersonator,impersonator
3001,impersonator,impersonator,impersonator,impersonator,impersonator
3002,impersonator,impersonator,impersonator,impersonator,impersonator
3003,impersonator,impersonator,impersonator,impersonator,impersonator
3004,impersonator,impersonator,impersonator,impersonator,impersonator
3005,impersonator,impersonator,impersonator,impersonator,impersonator
3006,impersonator,impersonator,impersonator,impersonator,impersonator
3007,impersonator,impersonator,impersonator,impersonator,impersonator
3008,impersonator,impersonator,impersonator,impersonator,impersonator
3009,impersonator,impersonator,impersonator,impersonator,impersonator
3010,impersonator,impersonator,impersonator,impersonator,impersonator
3011,impersonator,impersonator,impersonator,impersonator,impersonator
3012,impersonator,impersonator,impersonator,impersonator,impersonator
3013,impersonator,impersonator,impersonator,impersonator,impersonator
3014,impersonator,impersonator,impersonator,impersonator,impersonator
3015,impersonator,impersonator,impersonator,impersonator,impersonator
3016,impersonator,impersonator,impersonator,impersonator,impersonator
3017,impersonator,impersonator,impersonator,impersonator,impersonator
3018,impersonator,impersonator,impersonator,impersonator,impersonator
3019,impersonator,impersonator,impersonator,impersonator,impersonator
3020,impersonator,impersonator,impersonator,impersonator,impersonator
3021,impersonator,impersonator,impersonator,impersonator,impersonator
3022,impersonator,impersonator,impersonator,impersonator,impersonator
3023,impersonator,impersonator,impersonator,impersonator,impersonator
3024,impersonator,impersonator,impersonator,impersonator,impersonator
3025,impersonator,impersonator,impersonator,match,impersonator
3026,impersonator,impersonator,impersonator,impersonator,impersonator
3027,impersonator,impersonator,impersonator,impersonator,impersonator
3028,impersonator,impersonator,impersonator,impersonator,impersonator
3029,impersonator,impersonator,impersonator,impersonator,impersonator
3030,impersonator,impersonator,impersonator,impersonator,impersonator
3031,impersonator,impersonator,impersonator,impersonator,impersonator
3032,impersonator,impersonator,impersonator,impersonator,impersonator
3033,impersonator,impersonator,impersonator,impersonator,impersonator
3034,impersonator,impersonator,impersonator,impersonator,impersonator
3035,impersonator,impersonator,impersonator,impersonator,impersonator
3036,impersonator,impersonator,impersonator,impersonator,impersonator
3037,impersonator,impersonator,impersonator,impersonator,impersonator
3038,impersonator,impersonator,impersonator,impersonator,impersonator
3039,impersonator,impersonator,impersonator,impersonator,impersonator
3040,impersonator,impersonator,impersonator,impersonator,impersonator
3041,impersonator,impersonator,impersonator,impersonator,impersonator
3042,impersonator,impersonator,impersonator,impersonator,impersonator
3043,impersonator,impersonator,impersonator,impersonator,impersonator
3044,impersonator,impersonator,impersonator,impersonator,impersonator
3045,impersonator,impersonator,impersonator,impersonator,impersonator
3046,impersonator,impersonator,impersonator,impersonator,impersonator
3047,impersonator,impersonator,impersonator,impersonator,impersonator
3048,impersonator,impersonator,impersonator,impersonator,impersonator
3049,impersonator,impersonator,impersonator,impersonator,impersonator
3050,impersonator,impersonator,impersonator,impersonator,impersonator
3051,impersonator,impersonator,impersonator,impersonator,impersonator
3052,impersonator,impersonator,impersonator,impersonator,impersonator
3053,impersonator,impersonator,impersonator,impersonator,impersonator
3054,impersonator,impersonator,impersonator,impersonator,impersonator
3055,impersonator,impersonator,impersonator,impersonator,impersonator
3056,impersonator,impersonator,impersonator,impersonator,impersonator
3057,impersonator,impersonator,impersonator,impersonator,impersonator
3058,impersonator,impersonator,impersonator,impersonator,impersonator
3059,impersonator,impersonator,impersonator,impersonator,impersonator
3060,impersonator,impersonator,impersonator,impersonator,impersonator
3061,impersonator,impersonator,impersonator,impersonator,impersonator
3062,impersonator,impersonator,impersonator,impersonator,impersonator
3063,impersonator,impersonator,impersonator,impersonator,impersonator
3064,impersonator,impersonator,impersonator,impersonator,impersonator
3065,impersonator,impersonator,impersonator,impersonator,impersonator
3066,impersonator,impersonator,impersonator,impersonator,impersonator
3067,impersonator,impersonator,impersonator,impersonator,impersonator
3068,impersonator,impersonator,impersonator,impersonator,impersonator
3069,impersonator,impersonator,impersonator,impersonator,impersonator
3070,impersonator,impersonator,impersonator,impersonator,impersonator
3071,impersonator,impersonator,impersonator,impersonator,impersonator
3072,impersonator,impersonator,impersonator,impersonator,impersonator
3073,impersonator,impersonator,impersonator,impersonator,impersonator
3074,impersonator,impersonator,impersonator,impersonator,impersonator
3075,impersonator,impersonator,impersonator,impersonator,impersonator
3076,impersonator,impersonator,impersonator,impersonator,impersonator
3077,impersonator,impersonator,impersonator,impersonator,impersonator
3078,impersonator,impersonator,impersonator,impersonator,impersonator
3079,impersonator,impersonator,impersonator,impersonator,impersonator
3080,impersonator,impersonator,impersonator,impersonator,impersonator
3081,impersonator,impersonator,impersonator,impersonator,impersonator
3082,impersonator,impersonator,impersonator,impersonator,impersonator
3083,impersonator,impersonator,impersonator,impersonator,impersonator
3084,impersonator,impersonator,impersonator,impersonator,impersonator
3085,impersonator,impersonator,impersonator,impersonator,impersonator
3086,impersonator,impersonator,impersonator,impersonator,impersonator
3087,impersonator,impersonator,impersonator,impersonator,impersonator
3088,impersonator,impersonator,impersonator,impersonator,impersonator
3089,impersonator,impersonator,impersonator,impersonator,impersonator
3090,impersonator,impersonator,impersonator,impersonator,impersonator
3091,impersonator,impersonator,impersonator,impersonator,impersonator
3092,impersonator,impersonator,impersonator,impersonator,impersonator
3093,impersonator,impersonator,impersonator,impersonator,impersonator
3094,impersonator,impersonator,impersonator,impersonator,impersonator
3095,impersonator,impersonator,impersonator,impersonator,impersonator
3096,impersonator,impersonator,impersonator,impersonator,impersonator
3097,impersonator,impersonator,impersonator,impersonator,impersonator
3098,impersonator,impersonator,impersonator,impersonator,impersonator
3099,impersonator,impersonator,impersonator,impersonator,impersonator
3100,impersonator,impersonator,impersonator,impersonator,impersonator
3101,impersonator,impersonator,impersonator,impersonator,impersonator
3102,impersonator,impersonator,impersonator,impersonator,impersonator
3103,impersonator,impersonator,impersonator,impersonator,impersonator
3104,impersonator,impersonator,impersonator,impersonator,impersonator
3105,impersonator,impersonator,impersonator,impersonator,impersonator
3106,impersonator,impersonator,impersonator,impersonator,impersonator
3107,impersonator,impersonator,impersonator,impersonator,impersonator
3108,impersonator,impersonator,impersonator,impersonator,impersonator
3109,impersonator,impersonator,impersonator,impersonator,impersonator
3110,impersonator,impersonator,impersonator,impersonator,impersonator
3111,impersonator,impersonator,impersonator,impersonator,impersonator
3112,impersonator,impersonator,impersonator,impersonator,impersonator
3113,impersonator,impersonator,impersonator,impersonator,impersonator
3114,impersonator,impersonator,impersonator,impersonator,match
3115,impersonator,impersonator,impersonator,impersonator,impersonator
3116,impersonator,match,match,match,match
3117,impersonator,match,match,match,match
3118,impersonator,match,match,match,match
3119,impersonator,match,match,match,match
3120,impersonator,match,match,match,match
3121,impersonator,match,match,match,match
3122,impersonator,impersonator,match,match,match
3123,impersonator,match,match,match,match
3124,impersonator,match,match,match,match
3125,impersonator,match,match,match,match
3126,impersonator,match,match,match,match
3127,impersonator,match,match,match,match
3128,impersonator,match,match,match,match
3129,impersonator,match,match,match,match
3130,impersonator,match,match,match,match
3131,impersonator,match,match,match,match
3132,impersonator,match,match,match,match
3133,impersonator,match,match,match,match
3134,impersonator,match,match,impersonator,match
3135,impersonator,match,match,mismatch,match
3136,impersonator,match,match,match,match
3137,impersonator,match,match,match,match
3138,impersonator,match,match,match,match
3139,impersonator,match,match,match,match
3140,impersonator,match,match,match,match
3141,impersonator,match,match,match,match
3142,impersonator,match,match,match,match
3143,impersonator,match,match,match,match
3144,impersonator,match,match,match,match
3145,impersonator,match,match,match,match
3146,impersonator,match,match,match,match
3147,impersonator,match,match,match,match
3148,impersonator,match,match,match,match
3149,impersonator,match,match,match,match
3150,impersonator,match,match,match,match
3151,impersonator,match,match,match,match
3152,impersonator,match,match,match,match
3153,impersonator,match,match,match,match
3154,impersonator,match,match,match,match
3155,impersonator,match,match,match,match
3156,impersonator,match,match,match,match
3157,impersonator,match,match,match,match
3158,impersonator,match,match,match,match
3159,impersonator,match,match,match,impersonator
3160,impersonator,match,match,match,match
3161,impersonator,match,match,match,match
3162,impersonator,match,match,match,match
3163,impersonator,match,match,match,match
3164,impersonator,match,match,mismatch,match
3165,impersonator,match,match,match,match
3166,impersonator,match,match,match,match
3167,impersonator,match,match,match,match
3168,impersonator,match,match,match,match
3169,impersonator,match,match,match,match
3170,impersonator,match,match,match,match
3171,impersonator,match,match,match,match
3172,impersonator,match,match,match,match
3173,impersonator,match,match,match,match
3174,impersonator,impersonator,match,match,match
3175,impersonator,match,match,match,match
3176,impersonator,match,match,match,match
3177,impersonator,match,match,match,match
3178,impersonator,match,match,match,match
3179,impersonator,match,match,match,match
3180,impersonator,match,match,match,match
3181,impersonator,match,match,match,match
3182,impersonator,match,match,match,match
3183,impersonator,match,match,match,match
3184,impersonator,match,match,match,match
3185,impersonator,match,match,match,match
3186,impersonator,match,match,match,match
3187,impersonator,match,match,match,match
3188,impersonator,match,match,match,match
3189,impersonator,match,match,match,match
3190,impersonator,match,match,match,match
3191,impersonator,mismatch,match,match,match
3192,impersonator,match,match,match,match
3193,impersonator,match,match,match,match
3194,impersonator,match,match,match,match
3195,impersonator,match,match,match,match
3196,impersonator,match,match,match,match
3197,impersonator,match,match,match,match
3198,impersonator,match,match,match,match
3199,impersonator,match,match,match,match
3200,impersonator,match,match,match,match
3201,impersonator,match,match,match,match
3202,impersonator,match,match,match,match
3203,impersonator,match,match,match,match
3204,impersonator,match,match,match,match
3205,impersonator,match,match,match,match
3206,impersonator,match,match,match,match
3207,impersonator,match,match,match,match
3208,impersonator,match,impersonator,match,match
3209,impersonator,match,match,match,match
3210,impersonator,match,match,match,match
3211,impersonator,match,match,match,match
3212,impersonator,match,match,match,match
3213,impersonator,match,match,match,match
3214,impersonator,match,match,match,match
3215,impersonator,match,match,match,match
3216,impersonator,match,match,match,match
3217,impersonator,match,match,match,match
3218,impersonator,match,match,match,match
3219,impersonator,match,match,match,match
3220,impersonator,match,match,match,match
3221,impersonator,match,match,match,match
3222,impersonator,match,match,match,match
3223,impersonator,match,match,match,match
3224,impersonator,match,match,match,match
3225,impersonator,match,match,match,match
3226,impersonator,match,match,match,match
3227,impersonator,match,match,match,match
3228,impersonator,match,match,match,match
3229,impersonator,match,match,match,match
3230,impersonator,match,match,match,match
3231,impersonator,match,match,match,match
3232,impersonator,match,match,match,match
3233,impersonator,match,match,match,match
3234,impersonator,match,match,match,match
3235,impersonator,match,match,match,match
3236,impersonator,match,match,match,match
3237,impersonator,match,match,match,match
3238,impersonator,match,match,match,match
3239,impersonator,match,match,match,match
3240,impersonator,match,match,match,match
3241,impersonator,match,match,match,match
3242,impersonator,match,match,match,match
3243,impersonator,impersonator,impersonator,impersonator,impersonator
3244,impersonator,impersonator,impersonator,impersonator,impersonator
3245,impersonator,impersonator,impersonator,impersonator,impersonator
3246,impersonator,impersonator,impersonator,impersonator,impersonator
3247,impersonator,impersonator,impersonator,impersonator,impersonator
3248,impersonator,impersonator,impersonator,impersonator,impersonator
3249,impersonator,impersonator,impersonator,impersonator,impersonator
3250,impersonator,impersonator,impersonator,impersonator,impersonator
3251,impersonator,impersonator,impersonator,impersonator,impersonator
3252,impersonator,impersonator,impersonator,impersonator,impersonator
3253,impersonator,impersonator,impersonator,impersonator,impersonator
3254,impersonator,impersonator,impersonator,impersonator,impersonator
3255,impersonator,impersonator,impersonator,impersonator,impersonator
3256,impersonator,impersonator,impersonator,impersonator,impersonator
3257,impersonator,impersonator,impersonator,impersonator,impersonator
3258,impersonator,impersonator,impersonator,impersonator,impersonator
3259,impersonator,impersonator,impersonator,impersonator,impersonator
3260,impersonator,impersonator,impersonator,impersonator,impersonator
3261,impersonator,impersonator,impersonator,impersonator,impersonator
3262,impersonator,impersonator,impersonator,impersonator,impersonator
3263,impersonator,impersonator,impersonator,impersonator,impersonator
3264,impersonator,impersonator,impersonator,impersonator,impersonator
3265,impersonator,impersonator,impersonator,impersonator,impersonator
3266,impersonator,impersonator,impersonator,impersonator,impersonator
3267,impersonator,impersonator,impersonator,impersonator,impersonator
3268,impersonator,impersonator,impersonator,impersonator,impersonator
3269,impersonator,impersonator,impersonator,impersonator,impersonator
3270,impersonator,impersonator,impersonator,impersonator,impersonator
3271,impersonator,impersonator,impersonator,impersonator,impersonator
3272,impersonator,impersonator,impersonator,impersonator,impersonator
3273,impersonator,impersonator,impersonator,impersonator,impersonator
3274,impersonator,impersonator,impersonator,impersonator,impersonator
3275,impersonator,impersonator,impersonator,impersonator,impersonator
3276,impersonator,impersonator,impersonator,impersonator,impersonator
3277,impersonator,impersonator,impersonator,impersonator,impersonator
3278,impersonator,impersonator,impersonator,impersonator,impersonator
3279,impersonator,impersonator,impersonator,impersonator,impersonator
3280,impersonator,impersonator,impersonator,impersonator,impersonator
3281,impersonator,impersonator,impersonator,impersonator,impersonator
3282,impersonator,impersonator,impersonator,impersonator,impersonator
3283,impersonator,impersonator,impersonator,impersonator,impersonator
3284,impersonator,impersonator,impersonator,impersonator,impersonator
3285,impersonator,impersonator,impersonator,impersonator,impersonator
3286,impersonator,impersonator,impersonator,impersonator,impersonator
3287,impersonator,impersonator,impersonator,impersonator,impersonator
3288,impersonator,impersonator,impersonator,impersonator,impersonator
3289,impersonator,impersonator,impersonator,impersonator,impersonator
3290,impersonator,impersonator,impersonator,impersonator,impersonator
3291,impersonator,impersonator,impersonator,impersonator,impersonator
3292,impersonator,impersonator,impersonator,impersonator,impersonator
3293,impersonator,impersonator,impersonator,impersonator,impersonator
3294,impersonator,impersonator,impersonator,impersonator,impersonator
3295,impersonator,impersonator,impersonator,impersonator,impersonator
3296,impersonator,impersonator,impersonator,impersonator,impersonator
3297,impersonator,impersonator,impersonator,impersonator,impersonator
3298,impersonator,impersonator,impersonator,impersonator,impersonator
3299,impersonator,impersonator,impersonator,impersonator,impersonator
3300,impersonator,impersonator,impersonator,impersonator,impersonator
3301,impersonator,impersonator,impersonator,impersonator,impersonator
3302,impersonator,impersonator,impersonator,impersonator,impersonator
3303,impersonator,impersonator,impersonator,impersonator,impersonator
3304,impersonator,impersonator,impersonator,impersonator,impersonator
3305,impersonator,impersonator,impersonator,impersonator,impersonator
3306,impersonator,impersonator,impersonator,impersonator,impersonator
3307,impersonator,impersonator,impersonator,impersonator,impersonator
3308,impersonator,impersonator,impersonator,impersonator,impersonator
3309,impersonator,impersonator,impersonator,impersonator,impersonator
3310,impersonator,impersonator,impersonator,impersonator,impersonator
3311,impersonator,impersonator,impersonator,impersonator,impersonator
3312,impersonator,impersonator,impersonator,impersonator,impersonator
3313,impersonator,impersonator,impersonator,impersonator,impersonator
3314,impersonator,impersonator,impersonator,impersonator,impersonator
3315,impersonator,impersonator,impersonator,impersonator,impersonator
3316,impersonator,impersonator,impersonator,impersonator,impersonator
3317,impersonator,impersonator,impersonator,impersonator,impersonator
3318,impersonator,impersonator,impersonator,impersonator,impersonator
3319,impersonator,impersonator,impersonator,impersonator,impersonator
3320,impersonator,impersonator,impersonator,impersonator,impersonator
3321,impersonator,impersonator,impersonator,impersonator,impersonator
3322,impersonator,impersonator,impersonator,impersonator,impersonator
3323,impersonator,impersonator,impersonator,impersonator,impersonator
3324,impersonator,impersonator,impersonator,impersonator,impersonator
3325,impersonator,impersonator,impersonator,impersonator,impersonator
3326,impersonator,impersonator,impersonator,impersonator,impersonator
3327,impersonator,impersonator,impersonator,impersonator,impersonator
3328,impersonator,impersonator,impersonator,impersonator,impersonator
3329,impersonator,impersonator,impersonator,impersonator,impersonator
3330,impersonator,impersonator,impersonator,impersonator,impersonator
3331,impersonator,impersonator,impersonator,impersonator,impersonator
3332,impersonator,impersonator,impersonator,impersonator,impersonator
3333,impersonator,impersonator,impersonator,impersonator,impersonator
3334,impersonator,impersonator,impersonator,impersonator,impersonator
3335,impersonator,impersonator,impersonator,impersonator,impersonator
3336,impersonator,impersonator,impersonator,impersonator,impersonator
3337,impersonator,impersonator,impersonator,impersonator,impersonator
3338,impersonator,impersonator,impersonator,impersonator,impersonator
3339,impersonator,impersonator,impersonator,impersonator,impersonator
3340,impersonator,impersonator,impersonator,impersonator,impersonator
3341,impersonator,impersonator,mismatch,impersonator,impersonator
3342,impersonator,impersonator,impersonator,impersonator,impersonator
3343,impersonator,impersonator,impersonator,impersonator,impersonator
3344,impersonator,impersonator,impersonator,impersonator,impersonator
3345,impersonator,impersonator,impersonator,impersonator,impersonator
3346,impersonator,impersonator,impersonator,impersonator,impersonator
3347,impersonator,impersonator,impersonator,impersonator,impersonator
3348,impersonator,impersonator,impersonator,impersonator,impersonator
3349,impersonator,impersonator,impersonator,impersonator,impersonator
3350,impersonator,impersonator,impersonator,impersonator,impersonator
3351,impersonator,impersonator,impersonator,impersonator,impersonator
3352,impersonator,impersonator,impersonator,impersonator,impersonator
3353,impersonator,impersonator,impersonator,impersonator,impersonator
3354,impersonator,impersonator,impersonator,impersonator,impersonator
3355,impersonator,impersonator,impersonator,impersonator,impersonator
3356,impersonator,impersonator,impersonator,impersonator,impersonator
3357,impersonator,impersonator,impersonator,impersonator,impersonator
3358,impersonator,impersonator,impersonator,impersonator,impersonator
3359,impersonator,impersonator,impersonator,impersonator,impersonator
3360,impersonator,impersonator,impersonator,impersonator,impersonator
3361,impersonator,impersonator,impersonator,impersonator,impersonator
3362,impersonator,impersonator,impersonator,impersonator,impersonator
3363,impersonator,impersonator,mismatch,impersonator,impersonator
3364,impersonator,impersonator,impersonator,impersonator,impersonator
3365,impersonator,impersonator,impersonator,impersonator,impersonator
3366,impersonator,impersonator,impersonator,impersonator,impersonator
3367,impersonator,impersonator,impersonator,impersonator,impersonator
3368,impersonator,impersonator,impersonator,impersonator,impersonator
3369,impersonator,impersonator,impersonator,impersonator,impersonator
3370,impersonator,impersonator,impersonator,impersonator,impersonator
3371,impersonator,impersonator,impersonator,impersonator,impersonator
3372,impersonator,impersonator,impersonator,impersonator,impersonator
3373,impersonator,impersonator,impersonator,impersonator,impersonator
3374,impersonator,impersonator,impersonator,impersonator,impersonator
3375,impersonator,impersonator,impersonator,impersonator,impersonator
3376,impersonator,impersonator,impersonator,impersonator,impersonator
3377,impersonator,impersonator,impersonator,impersonator,impersonator
3378,impersonator,impersonator,impersonator,impersonator,impersonator
3379,impersonator,impersonator,impersonator,impersonator,impersonator
3380,impersonator,impersonator,impersonator,impersonator,impersonator
3381,impersonator,impersonator,impersonator,impersonator,impersonator
3382,impersonator,impersonator,impersonator,impersonator,impersonator
3383,impersonator,impersonator,impersonator,impersonator,impersonator
3384,impersonator,impersonator,impersonator,impersonator,impersonator
3385,impersonator,impersonator,impersonator,impersonator,impersonator
3386,impersonator,impersonator,impersonator,impersonator,impersonator
3387,impersonator,impersonator,impersonator,impersonator,impersonator
3388,impersonator,impersonator,impersonator,impersonator,impersonator
3389,impersonator,impersonator,impersonator,impersonator,impersonator
3390,impersonator,impersonator,impersonator,impersonator,impersonator
3391,impersonator,impersonator,impersonator,impersonator,impersonator
3392,impersonator,impersonator,impersonator,impersonator,impersonator
3393,impersonator,impersonator,impersonator,impersonator,impersonator
3394,impersonator,impersonator,impersonator,impersonator,impersonator
3395,impersonator,impersonator,impersonator,impersonator,impersonator
3396,impersonator,impersonator,impersonator,impersonator,impersonator
3397,impersonator,impersonator,impersonator,impersonator,impersonator
3398,impersonator,impersonator,impersonator,impersonator,impersonator
3399,impersonator,impersonator,impersonator,impersonator,impersonator
3400,impersonator,impersonator,impersonator,impersonator,impersonator
3401,impersonator,impersonator,impersonator,impersonator,impersonator
3402,impersonator,impersonator,impersonator,impersonator,impersonator
3403,impersonator,impersonator,impersonator,impersonator,impersonator
3404,impersonator,impersonator,impersonator,impersonator,impersonator
3405,impersonator,impersonator,impersonator,impersonator,impersonator
3406,impersonator,impersonator,impersonator,impersonator,impersonator
3407,impersonator,impersonator,impersonator,impersonator,impersonator
3408,impersonator,impersonator,impersonator,impersonator,impersonator
3409,impersonator,impersonator,impersonator,impersonator,impersonator
3410,impersonator,impersonator,impersonator,impersonator,impersonator
3411,impersonator,impersonator,impersonator,impersonator,impersonator
3412,impersonator,impersonator,impersonator,impersonator,impersonator
3413,impersonator,impersonator,impersonator,impersonator,match
3414,impersonator,impersonator,impersonator,impersonator,impersonator
3415,impersonator,impersonator,impersonator,impersonator,impersonator
3416,impersonator,impersonator,match,impersonator,impersonator
3417,impersonator,impersonator,impersonator,impersonator,impersonator
3418,impersonator,impersonator,impersonator,impersonator,impersonator
3419,impersonator,impersonator,impersonator,impersonator,impersonator
3420,impersonator,impersonator,match,impersonator,impersonator
3421,impersonator,impersonator,impersonator,impersonator,impersonator
3422,impersonator,impersonator,mismatch,impersonator,impersonator
3423,impersonator,impersonator,impersonator,impersonator,impersonator
3424,impersonator,impersonator,impersonator,impersonator,impersonator
3425,impersonator,impersonator,impersonator,impersonator,impersonator
3426,impersonator,impersonator,impersonator,impersonator,impersonator
3427,impersonator,impersonator,impersonator,impersonator,impersonator
3428,impersonator,impersonator,impersonator,impersonator,impersonator
3429,impersonator,impersonator,impersonator,impersonator,match
3430,impersonator,impersonator,impersonator,impersonator,impersonator
3431,impersonator,impersonator,impersonator,impersonator,impersonator
3432,impersonator,impersonator,match,impersonator,impersonator
3433,impersonator,impersonator,impersonator,impersonator,impersonator
3434,impersonator,impersonator,impersonator,impersonator,impersonator
3435,impersonator,impersonator,impersonator,impersonator,impersonator
3436,impersonator,impersonator,impersonator,impersonator,impersonator
3437,impersonator,impersonator,impersonator,impersonator,impersonator
3438,impersonator,impersonator,impersonator,impersonator,impersonator
3439,impersonator,impersonator,impersonator,impersonator,impersonator
3440,impersonator,impersonator,impersonator,impersonator,impersonator
3441,impersonator,impersonator,impersonator,impersonator,impersonator
3442,impersonator,impersonator,impersonator,impersonator,impersonator
3443,impersonator,impersonator,impersonator,impersonator,impersonator
3444,impersonator,impersonator,impersonator,impersonator,impersonator
3445,impersonator,impersonator,impersonator,impersonator,impersonator
3446,impersonator,impersonator,impersonator,impersonator,match
3447,impersonator,impersonator,impersonator,impersonator,impersonator
3448,impersonator,impersonator,impersonator,impersonator,impersonator
3449,impersonator,impersonator,impersonator,impersonator,impersonator
3450,impersonator,impersonator,impersonator,impersonator,impersonator
3451,impersonator,impersonator,impersonator,impersonator,mismatch
3452,impersonator,impersonator,impersonator,impersonator,impersonator
3453,impersonator,impersonator,impersonator,impersonator,impersonator
3454,impersonator,impersonator,impersonator,impersonator,impersonator
3455,impersonator,impersonator,impersonator,impersonator,impersonator
3456,impersonator,impersonator,impersonator,impersonator,mismatch
3457,impersonator,impersonator,impersonator,mismatch,impersonator
3458,impersonator,impersonator,impersonator,impersonator,impersonator
3459,impersonator,impersonator,impersonator,impersonator,impersonator
3460,impersonator,impersonator,impersonator,impersonator,impersonator
3461,impersonator,impersonator,impersonator,impersonator,impersonator
3462,impersonator,impersonator,impersonator,impersonator,impersonator
3463,impersonator,impersonator,impersonator,impersonator,impersonator
3464,impersonator,impersonator,impersonator,impersonator,impersonator
3465,impersonator,impersonator,impersonator,impersonator,impersonator
3466,impersonator,impersonator,impersonator,impersonator,impersonator
3467,impersonator,impersonator,mismatch,impersonator,impersonator
3468,impersonator,impersonator,impersonator,impersonator,impersonator
3469,impersonator,impersonator,impersonator,impersonator,impersonator
3470,impersonator,impersonator,impersonator,impersonator,impersonator
3471,impersonator,impersonator,impersonator,impersonator,impersonator
3472,impersonator,impersonator,impersonator,impersonator,impersonator
3473,impersonator,impersonator,impersonator,impersonator,impersonator
3474,impersonator,impersonator,impersonator,impersonator,mismatch
3475,impersonator,impersonator,impersonator,impersonator,impersonator
3476,impersonator,impersonator,impersonator,impersonator,impersonator
3477,impersonator,impersonator,impersonator,impersonator,impersonator
3478,impersonator,impersonator,impersonator,match,impersonator
3479,impersonator,impersonator,impersonator,impersonator,impersonator
3480,impersonator,impersonator,impersonator,impersonator,impersonator
3481,impersonator,impersonator,impersonator,impersonator,impersonator
3482,impersonator,impersonator,impersonator,mismatch,impersonator
3483,impersonator,impersonator,impersonator,impersonator,impersonator
3484,impersonator,impersonator,impersonator,impersonator,impersonator
3485,impersonator,impersonator,impersonator,impersonator,impersonator
3486,impersonator,impersonator,impersonator,impersonator,impersonator
3487,impersonator,match,impersonator,impersonator,impersonator
3488,impersonator,impersonator,impersonator,impersonator,impersonator
3489,impersonator,impersonator,impersonator,impersonator,impersonator
3490,impersonator,impersonator,impersonator,match,impersonator
3491,impersonator,impersonator,impersonator,match,impersonator
3492,impersonator,impersonator,mismatch,impersonator,impersonator
3493,impersonator,impersonator,impersonator,match,impersonator
3494,impersonator,impersonator,impersonator,impersonator,impersonator
3495,impersonator,impersonator,impersonator,impersonator,impersonator
3496,impersonator,impersonator,impersonator,impersonator,impersonator
3497,impersonator,impersonator,impersonator,impersonator,impersonator
3498,impersonator,impersonator,impersonator,impersonator,impersonator
3499,impersonator,impersonator,impersonator,impersonator,impersonator
3500,impersonator,mismatch,impersonator,mismatch,impersonator
3501,impersonator,impersonator,impersonator,impersonator,impersonator
3502,impersonator,impersonator,impersonator,impersonator,impersonator
3503,impersonator,impersonator,impersonator,impersonator,impersonator
3504,impersonator,impersonator,impersonator,impersonator,impersonator
3505,impersonator,impersonator,impersonator,impersonator,impersonator
3506,impersonator,impersonator,impersonator,impersonator,match
3507,impersonator,impersonator,match,impersonator,impersonator
3508,impersonator,impersonator,impersonator,impersonator,impersonator
3509,impersonator,impersonator,impersonator,impersonator,impersonator
3510,impersonator,impersonator,impersonator,impersonator,impersonator
3511,impersonator,match,impersonator,impersonator,impersonator
3512,impersonator,impersonator,impersonator,impersonator,impersonator
3513,impersonator,impersonator,impersonator,impersonator,impersonator
3514,impersonator,impersonator,mismatch,impersonator,impersonator
3515,impersonator,impersonator,impersonator,impersonator,impersonator
3516,impersonator,impersonator,impersonator,impersonator,impersonator
3517,impersonator,impersonator,impersonator,impersonator,impersonator
3518,impersonator,impersonator,impersonator,impersonator,impersonator
3519,impersonator,impersonator,impersonator,impersonator,impersonator
3520,impersonator,impersonator,impersonator,mismatch,impersonator
3521,impersonator,impersonator,impersonator,impersonator,impersonator
3522,impersonator,mismatch,impersonator,impersonator,impersonator
3523,impersonator,impersonator,impersonator,impersonator,impersonator
3524,impersonator,impersonator,impersonator,impersonator,mismatch
3525,impersonator,impersonator,impersonator,impersonator,impersonator
3526,impersonator,impersonator,impersonator,impersonator,mismatch
3527,impersonator,impersonator,impersonator,impersonator,impersonator
3528,impersonator,impersonator,impersonator,impersonator,impersonator
3529,impersonator,impersonator,impersonator,impersonator,impersonator
3530,impersonator,impersonator,impersonator,impersonator,impersonator
3531,impersonator,impersonator,impersonator,impersonator,impersonator
3532,impersonator,impersonator,impersonator,impersonator,impersonator
3533,impersonator,impersonator,impersonator,impersonator,impersonator
3534,impersonator,impersonator,impersonator,mismatch,impersonator
3535,impersonator,impersonator,impersonator,impersonator,impersonator
3536,impersonator,impersonator,impersonator,impersonator,impersonator
3537,impersonator,impersonator,impersonator,impersonator,impersonator
3538,impersonator,impersonator,impersonator,impersonator,impersonator
3539,impersonator,impersonator,impersonator,impersonator,impersonator
3540,impersonator,impersonator,impersonator,impersonator,impersonator
3541,impersonator,impersonator,impersonator,impersonator,impersonator
3542,impersonator,impersonator,mismatch,impersonator,impersonator
3543,impersonator,impersonator,impersonator,impersonator,impersonator
3544,impersonator,impersonator,impersonator,impersonator,impersonator
3545,impersonator,impersonator,impersonator,mismatch,impersonator
3546,impersonator,impersonator,impersonator,impersonator,impersonator
3547,impersonator,mismatch,impersonator,impersonator,impersonator
3548,impersonator,impersonator,impersonator,impersonator,mismatch
3549,impersonator,match,impersonator,impersonator,impersonator
3550,impersonator,impersonator,impersonator,impersonator,impersonator
3551,impersonator,impersonator,impersonator,impersonator,impersonator
3552,impersonator,impersonator,impersonator,impersonator,impersonator
3553,impersonator,impersonator,impersonator,impersonator,impersonator
3554,impersonator,impersonator,impersonator,impersonator,impersonator
3555,impersonator,impersonator,impersonator,impersonator,impersonator
3556,impersonator,impersonator,impersonator,impersonator,impersonator
3557,impersonator,impersonator,impersonator,impersonator,impersonator
3558,impersonator,impersonator,impersonator,impersonator,impersonator
3559,impersonator,impersonator,impersonator,impersonator,impersonator
3560,impersonator,impersonator,impersonator,impersonator,impersonator
3561,impersonator,impersonator,impersonator,impersonator,mismatch
3562,impersonator,impersonator,impersonator,impersonator,impersonator
3563,impersonator,impersonator,impersonator,impersonator,impersonator
3564,impersonator,impersonator,mismatch,impersonator,impersonator
3565,impersonator,impersonator,impersonator,impersonator,impersonator
3566,impersonator,impersonator,impersonator,impersonator,impersonator
3567,impersonator,impersonator,impersonator,impersonator,impersonator
3568,impersonator,impersonator,impersonator,impersonator,impersonator
3569,impersonator,impersonator,impersonator,impersonator,impersonator
3570,impersonator,impersonator,impersonator,impersonator,impersonator
3571,impersonator,impersonator,impersonator,impersonator,impersonator
3572,impersonator,impersonator,impersonator,impersonator,mismatch
3573,impersonator,impersonator,impersonator,impersonator,impersonator
3574,impersonator,impersonator,impersonator,impersonator,impersonator
3575,impersonator,impersonator,impersonator,impersonator,impersonator
3576,impersonator,impersonator,impersonator,impersonator,impersonator
3577,impersonator,impersonator,impersonator,impersonator,impersonator
3578,impersonator,impersonator,impersonator,impersonator,impersonator
3579,impersonator,impersonator,impersonator,impersonator,impersonator
3580,impersonator,impersonator,impersonator,impersonator,impersonator
3581,impersonator,impersonator,impersonator,impersonator,impersonator
3582,impersonator,impersonator,impersonator,impersonator,impersonator
3583,impersonator,impersonator,impersonator,impersonator,impersonator
3584,impersonator,impersonator,impersonator,mismatch,impersonator
3585,impersonator,impersonator,impersonator,impersonator,impersonator
3586,impersonator,impersonator,impersonator,impersonator,impersonator
3587,impersonator,impersonator,impersonator,impersonator,mismatch
3588,impersonator,impersonator,impersonator,impersonator,impersonator
3589,impersonator,impersonator,impersonator,impersonator,impersonator
3590,impersonator,impersonator,impersonator,impersonator,impersonator
3591,impersonator,impersonator,impersonator,impersonator,impersonator
3592,impersonator,impersonator,impersonator,impersonator,impersonator
3593,impersonator,impersonator,impersonator,impersonator,impersonator
3594,impersonator,impersonator,impersonator,impersonator,match
3595,impersonator,match,match,match,match
3596,impersonator,match,match,match,match
3597,impersonator,match,match,match,match
3598,impersonator,match,mismatch,match,match
3599,impersonator,match,match,impersonator,match
3600,impersonator,match,match,match,match
3601,impersonator,match,match,match,match
3602,impersonator,match,match,match,match
3603,impersonator,match,match,match,match
3604,impersonator,match,match,match,match
3605,impersonator,match,match,match,match
3606,impersonator,match,match,match,match
3607,impersonator,match,match,match,match
3608,impersonator,match,match,match,match
3609,impersonator,match,match,match,impersonator
3610,impersonator,match,match,match,match
3611,impersonator,match,match,match,match
3612,impersonator,match,match,match,match
3613,impersonator,match,match,match,match
3614,impersonator,match,match,match,match
3615,impersonator,match,match,match,match
3616,impersonator,match,match,match,match
3617,impersonator,match,match,match,match
3618,impersonator,match,match,match,match
3619,impersonator,match,match,match,match
3620,impersonator,match,match,match,match
3621,impersonator,match,match,match,impersonator
3622,impersonator,match,match,match,match
3623,impersonator,match,match,mismatch,match
3624,impersonator,match,match,match,match
3625,impersonator,match,match,impersonator,match
3626,impersonator,match,impersonator,match,match
3627,impersonator,match,match,match,match
3628,impersonator,match,match,match,match
3629,impersonator,match,match,match,match
3630,impersonator,mismatch,match,match,match
3631,impersonator,impersonator,match,match,match
3632,impersonator,match,match,match,match
3633,impersonator,match,match,match,match
3634,impersonator,match,match,match,match
3635,impersonator,match,match,match,match
3636,impersonator,match,match,match,match
3637,impersonator,match,match,match,match
3638,impersonator,match,match,match,match
3639,impersonator,match,match,match,match
3640,impersonator,match,match,match,match
3641,impersonator,match,match,match,match
3642,impersonator,match,match,match,match
3643,impersonator,match,match,match,match
3644,impersonator,match,impersonator,match,match
3645,impersonator,match,match,match,match
3646,impersonator,match,match,match,match
3647,impersonator,match,match,match,match
3648,impersonator,match,match,match,impersonator
3649,impersonator,match,match,match,match
3650,impersonator,match,match,match,match
3651,impersonator,match,match,match,match
3652,impersonator,match,match,match,match
3653,impersonator,match,match,match,match
3654,impersonator,impersonator,match,match,match
3655,impersonator,match,match,match,match
3656,impersonator,impersonator,match,match,match
3657,impersonator,match,match,match,match
3658,impersonator,mismatch,match,match,mismatch
3659,impersonator,match,match,match,impersonator
3660,impersonator,match,match,match,match
3661,impersonator,match,match,match,match
3662,impersonator,match,impersonator,match,match
3663,impersonator,match,match,impersonator,match
3664,impersonator,match,match,match,match
3665,impersonator,match,match,match,match
3666,impersonator,match,match,match,match
3667,impersonator,match,match,match,match
3668,impersonator,match,match,match,match
3669,impersonator,impersonator,match,match,match
3670,impersonator,mismatch,match,match,mismatch
3671,impersonator,match,match,match,match
3672,impersonator,match,match,match,match
3673,impersonator,match,match,match,match
3674,impersonator,match,match,match,match
3675,impersonator,match,match,mismatch,match
3676,impersonator,match,match,match,match
3677,impersonator,match,match,match,match
3678,impersonator,match,match,match,match
3679,impersonator,match,match,match,match
3680,impersonator,match,match,match,match
3681,impersonator,match,match,match,match
3682,impersonator,match,match,match,match
3683,impersonator,match,mismatch,match,match
3684,impersonator,match,match,match,match
3685,impersonator,match,match,match,match
3686,impersonator,match,match,match,match
3687,impersonator,match,match,match,match
3688,impersonator,match,match,match,match
3689,impersonator,match,match,match,match
3690,impersonator,match,match,match,match
3691,impersonator,match,match,match,match
3692,impersonator,match,match,match,match
3693,impersonator,match,match,match,match
3694,impersonator,match,match,match,match
3695,impersonator,match,match,match,match
3696,impersonator,match,match,match,match
3697,impersonator,match,match,match,impersonator
3698,impersonator,match,match,match,match
3699,impersonator,match,match,match,match
3700,impersonator,match,match,match,impersonator
3701,impersonator,match,match,match,match
3702,impersonator,match,match,match,match
3703,impersonator,match,match,match,match
3704,impersonator,match,match,match,match
3705,impersonator,impersonator,match,match,match
3706,impersonator,match,match,match,match
3707,impersonator,match,impersonator,match,match
3708,impersonator,match,match,match,mismatch
3709,impersonator,match,match,match,match
3710,impersonator,match,match,match,match
3711,impersonator,impersonator,impersonator,impersonator,impersonator
3712,impersonator,impersonator,impersonator,impersonator,impersonator
3713,impersonator,impersonator,impersonator,impersonator,impersonator
3714,impersonator,impersonator,impersonator,impersonator,impersonator
3715,impersonator,impersonator,impersonator,impersonator,impersonator
3716,impersonator,impersonator,impersonator,impersonator,impersonator
3717,impersonator,impersonator,impersonator,impersonator,impersonator
3718,impersonator,impersonator,impersonator,impersonator,impersonator
3719,impersonator,impersonator,impersonator,impersonator,impersonator
3720,impersonator,impersonator,impersonator,impersonator,impersonator
3721,impersonator,impersonator,impersonator,impersonator,impersonator
3722,impersonator,impersonator,impersonator,impersonator,impersonator
3723,impersonator,impersonator,impersonator,impersonator,impersonator
3724,impersonator,impersonator,impersonator,impersonator,impersonator
3725,impersonator,impersonator,impersonator,impersonator,impersonator
3726,impersonator,impersonator,impersonator,impersonator,impersonator
3727,impersonator,impersonator,impersonator,impersonator,impersonator
3728,impersonator,impersonator,impersonator,impersonator,impersonator
3729,impersonator,impersonator,impersonator,impersonator,impersonator
3730,impersonator,impersonator,impersonator,impersonator,impersonator
3731,impersonator,impersonator,impersonator,impersonator,impersonator
3732,impersonator,impersonator,impersonator,impersonator,impersonator
3733,impersonator,impersonator,impersonator,impersonator,impersonator
3734,impersonator,impersonator,impersonator,impersonator,impersonator
3735,impersonator,impersonator,impersonator,impersonator,impersonator
3736,impersonator,impersonator,impersonator,impersonator,impersonator
3737,impersonator,impersonator,impersonator,impersonator,impersonator
3738,impersonator,impersonator,impersonator,impersonator,impersonator
3739,impersonator,impersonator,impersonator,impersonator,impersonator
3740,impersonator,impersonator,impersonator,impersonator,impersonator
3741,impersonator,impersonator,impersonator,impersonator,impersonator
3742,impersonator,impersonator,impersonator,impersonator,impersonator
3743,impersonator,impersonator,impersonator,impersonator,impersonator
3744,impersonator,impersonator,impersonator,impersonator,impersonator
3745,impersonator,impersonator,impersonator,impersonator,impersonator
3746,impersonator,impersonator,impersonator,impersonator,impersonator
3747,impersonator,impersonator,impersonator,impersonator,impersonator
3748,impersonator,impersonator,impersonator,impersonator,impersonator
3749,impersonator,impersonator,impersonator,impersonator,impersonator
3750,impersonator,impersonator,impersonator,impersonator,impersonator
3751,impersonator,impersonator,impersonator,impersonator,impersonator
3752,impersonator,impersonator,impersonator,impersonator,impersonator
3753,impersonator,impersonator,impersonator,impersonator,impersonator
3754,impersonator,impersonator,impersonator,impersonator,impersonator
3755,impersonator,impersonator,impersonator,impersonator,impersonator
3756,impersonator,impersonator,impersonator,impersonator,impersonator
3757,impersonator,impersonator,impersonator,impersonator,impersonator
3758,impersonator,impersonator,impersonator,impersonator,impersonator
3759,impersonator,impersonator,impersonator,impersonator,impersonator
3760,impersonator,impersonator,impersonator,impersonator,impersonator
3761,impersonator,impersonator,impersonator,impersonator,impersonator
3762,impersonator,impersonator,impersonator,impersonator,impersonator
3763,impersonator,impersonator,impersonator,impersonator,impersonator
3764,impersonator,impersonator,impersonator,impersonator,impersonator
3765,impersonator,impersonator,impersonator,impersonator,impersonator
3766,impersonator,impersonator,impersonator,impersonator,impersonator
3767,impersonator,impersonator,impersonator,impersonator,impersonator
3768,impersonator,impersonator,impersonator,impersonator,impersonator
3769,impersonator,impersonator,impersonator,impersonator,impersonator
3770,impersonator,impersonator,impersonator,impersonator,impersonator
3771,impersonator,impersonator,impersonator,impersonator,impersonator
3772,impersonator,impersonator,impersonator,impersonator,impersonator
3773,impersonator,impersonator,impersonator,impersonator,impersonator
3774,impersonator,impersonator,impersonator,impersonator,impersonator
3775,impersonator,impersonator,impersonator,impersonator,impersonator
3776,impersonator,impersonator,impersonator,impersonator,impersonator
3777,impersonator,impersonator,impersonator,impersonator,impersonator
3778,impersonator,impersonator,impersonator,impersonator,impersonator
3779,impersonator,impersonator,impersonator,impersonator,impersonator
3780,impersonator,impersonator,impersonator,impersonator,impersonator
3781,impersonator,impersonator,impersonator,impersonator,impersonator
3782,impersonator,impersonator,impersonator,impersonator,impersonator
3783,impersonator,impersonator,impersonator,impersonator,impersonator
3784,impersonator,impersonator,impersonator,impersonator,impersonator
3785,impersonator,impersonator,impersonator,impersonator,impersonator
3786,impersonator,impersonator,impersonator,impersonator,impersonator
3787,impersonator,impersonator,impersonator,impersonator,impersonator
3788,impersonator,impersonator,impersonator,impersonator,impersonator
3789,impersonator,impersonator,impersonator,impersonator,impersonator
3790,impersonator,impersonator,impersonator,impersonator,impersonator
3791,impersonator,impersonator,impersonator,impersonator,impersonator
3792,impersonator,impersonator,impersonator,impersonator,impersonator
3793,impersonator,impersonator,impersonator,impersonator,impersonator
3794,impersonator,impersonator,impersonator,impersonator,impersonator
3795,impersonator,impersonator,impersonator,impersonator,impersonator
3796,impersonator,impersonator,impersonator,impersonator,impersonator
3797,impersonator,impersonator,impersonator,impersonator,mismatch
3798,impersonator,impersonator,impersonator,impersonator,impersonator
3799,impersonator,impersonator,impersonator,impersonator,impersonator
3800,impersonator,impersonator,impersonator,impersonator,impersonator
3801,impersonator,impersonator,impersonator,impersonator,impersonator
3802,impersonator,impersonator,impersonator,impersonator,impersonator
3803,impersonator,impersonator,impersonator,impersonator,impersonator
3804,impersonator,impersonator,impersonator,impersonator,impersonator
3805,impersonator,impersonator,impersonator,impersonator,impersonator
3806,impersonator,impersonator,impersonator,impersonator,impersonator
3807,impersonator,impersonator,impersonator,impersonator,impersonator
3808,impersonator,impersonator,impersonator,impersonator,impersonator
3809,impersonator,impersonator,impersonator,impersonator,impersonator
3810,impersonator,impersonator,impersonator,impersonator,impersonator
3811,impersonator,impersonator,impersonator,impersonator,impersonator
3812,impersonator,impersonator,impersonator,impersonator,impersonator
3813,impersonator,impersonator,impersonator,impersonator,impersonator
3814,impersonator,impersonator,impersonator,impersonator,impersonator
3815,impersonator,impersonator,impersonator,impersonator,impersonator
3816,impersonator,impersonator,impersonator,impersonator,impersonator
3817,impersonator,impersonator,impersonator,impersonator,impersonator
3818,impersonator,impersonator,impersonator,impersonator,impersonator
3819,impersonator,impersonator,impersonator,impersonator,impersonator
3820,impersonator,impersonator,impersonator,impersonator,impersonator
3821,impersonator,impersonator,impersonator,impersonator,impersonator
3822,impersonator,impersonator,impersonator,impersonator,impersonator
3823,impersonator,mismatch,impersonator,impersonator,mismatch
3824,impersonator,impersonator,impersonator,impersonator,mismatch
3825,impersonator,impersonator,impersonator,impersonator,impersonator
3826,impersonator,impersonator,impersonator,impersonator,impersonator
3827,impersonator,impersonator,impersonator,impersonator,impersonator
3828,impersonator,impersonator,impersonator,impersonator,impersonator
3829,impersonator,impersonator,impersonator,impersonator,impersonator
3830,impersonator,impersonator,impersonator,impersonator,impersonator
3831,impersonator,impersonator,impersonator,impersonator,impersonator
3832,impersonator,impersonator,impersonator,impersonator,impersonator
3833,impersonator,impersonator,impersonator,impersonator,mismatch
3834,impersonator,impersonator,impersonator,impersonator,impersonator
3835,impersonator,impersonator,impersonator,impersonator,impersonator
3836,impersonator,impersonator,impersonator,impersonator,impersonator
3837,impersonator,impersonator,match,impersonator,impersonator
3838,impersonator,impersonator,impersonator,impersonator,impersonator
3839,impersonator,match,impersonator,impersonator,impersonator
3840,impersonator,impersonator,impersonator,impersonator,impersonator
3841,impersonator,impersonator,impersonator,impersonator,impersonator
3842,impersonator,impersonator,impersonator,impersonator,impersonator
3843,impersonator,impersonator,impersonator,impersonator,impersonator
3844,impersonator,impersonator,impersonator,impersonator,impersonator
3845,impersonator,impersonator,impersonator,impersonator,impersonator
3846,impersonator,impersonator,mismatch,impersonator,impersonator
3847,impersonator,impersonator,impersonator,impersonator,match
3848,impersonator,impersonator,impersonator,impersonator,impersonator
3849,impersonator,impersonator,impersonator,impersonator,impersonator
3850,impersonator,impersonator,impersonator,impersonator,impersonator
3851,impersonator,impersonator,impersonator,impersonator,impersonator
3852,impersonator,impersonator,impersonator,impersonator,impersonator
3853,impersonator,mismatch,impersonator,impersonator,impersonator
3854,impersonator,impersonator,impersonator,impersonator,impersonator
3855,impersonator,impersonator,impersonator,impersonator,impersonator
3856,impersonator,impersonator,impersonator,impersonator,impersonator
3857,impersonator,impersonator,impersonator,impersonator,impersonator
3858,impersonator,impersonator,impersonator,impersonator,impersonator
3859,impersonator,impersonator,impersonator,impersonator,impersonator
3860,impersonator,impersonator,impersonator,impersonator,impersonator
3861,impersonator,impersonator,impersonator,impersonator,impersonator
3862,impersonator,impersonator,impersonator,impersonator,impersonator
3863,impersonator,impersonator,impersonator,match,impersonator
3864,impersonator,impersonator,impersonator,impersonator,impersonator
3865,impersonator,impersonator,mismatch,mismatch,impersonator
3866,impersonator,impersonator,impersonator,match,impersonator
3867,impersonator,impersonator,impersonator,impersonator,impersonator
3868,impersonator,impersonator,impersonator,impersonator,impersonator
3869,impersonator,match,impersonator,impersonator,impersonator
3870,impersonator,impersonator,impersonator,impersonator,impersonator
3871,impersonator,impersonator,impersonator,impersonator,impersonator
3872,impersonator,impersonator,impersonator,impersonator,mismatch
3873,impersonator,impersonator,impersonator,impersonator,impersonator
3874,impersonator,impersonator,mismatch,mismatch,impersonator
3875,impersonator,mismatch,impersonator,impersonator,impersonator
3876,impersonator,match,impersonator,impersonator,impersonator
3877,impersonator,impersonator,impersonator,impersonator,impersonator
3878,impersonator,mismatch,impersonator,impersonator,impersonator
3879,impersonator,impersonator,impersonator,impersonator,impersonator
3880,impersonator,impersonator,impersonator,impersonator,impersonator
3881,impersonator,impersonator,impersonator,impersonator,impersonator
3882,impersonator,impersonator,impersonator,impersonator,impersonator
3883,impersonator,impersonator,impersonator,impersonator,impersonator
3884,impersonator,impersonator,match,impersonator,mismatch
3885,impersonator,impersonator,impersonator,impersonator,impersonator
3886,impersonator,impersonator,impersonator,impersonator,impersonator
3887,impersonator,impersonator,impersonator,impersonator,impersonator
3888,impersonator,impersonator,impersonator,impersonator,impersonator
3889,impersonator,impersonator,impersonator,impersonator,impersonator
3890,impersonator,impersonator,impersonator,impersonator,impersonator
3891,impersonator,impersonator,impersonator,impersonator,impersonator
3892,impersonator,impersonator,impersonator,impersonator,impersonator
3893,impersonator,impersonator,impersonator,impersonator,impersonator
3894,impersonator,impersonator,impersonator,impersonator,impersonator
3895,impersonator,match,impersonator,impersonator,mismatch
3896,impersonator,impersonator,impersonator,impersonator,impersonator
3897,impersonator,impersonator,impersonator,impersonator,impersonator
3898,impersonator,impersonator,impersonator,impersonator,impersonator
3899,impersonator,impersonator,impersonator,impersonator,impersonator
3900,impersonator,impersonator,mismatch,impersonator,impersonator
3901,impersonator,impersonator,mismatch,impersonator,impersonator
3902,impersonator,impersonator,impersonator,impersonator,impersonator
3903,impersonator,impersonator,impersonator,impersonator,impersonator
3904,impersonator,impersonator,impersonator,impersonator,impersonator
3905,impersonator,impersonator,impersonator,impersonator,impersonator
3906,impersonator,impersonator,impersonator,impersonator,impersonator
3907,impersonator,mismatch,impersonator,impersonator,impersonator
3908,impersonator,impersonator,impersonator,impersonator,impersonator
3909,impersonator,impersonator,impersonator,impersonator,impersonator
3910,impersonator,impersonator,impersonator,impersonator,mismatch
3911,impersonator,impersonator,impersonator,impersonator,impersonator
3912,impersonator,impersonator,impersonator,impersonator,impersonator
3913,impersonator,impersonator,impersonator,impersonator,impersonator
3914,impersonator,impersonator,impersonator,impersonator,impersonator
3915,impersonator,impersonator,impersonator,impersonator,impersonator
3916,impersonator,impersonator,impersonator,impersonator,impersonator
3917,impersonator,impersonator,mismatch,impersonator,impersonator
3918,impersonator,impersonator,impersonator,impersonator,impersonator
3919,impersonator,impersonator,impersonator,impersonator,impersonator
3920,impersonator,impersonator,impersonator,impersonator,impersonator
3921,impersonator,impersonator,impersonator,impersonator,match
3922,impersonator,impersonator,impersonator,impersonator,impersonator
3923,impersonator,impersonator,match,impersonator,impersonator
3924,impersonator,impersonator,impersonator,impersonator,impersonator
3925,impersonator,impersonator,impersonator,impersonator,impersonator
3926,impersonator,impersonator,impersonator,impersonator,impersonator
3927,impersonator,impersonator,impersonator,impersonator,impersonator
3928,impersonator,impersonator,impersonator,impersonator,impersonator
3929,impersonator,impersonator,impersonator,impersonator,impersonator
3930,impersonator,impersonator,impersonator,impersonator,impersonator
3931,impersonator,impersonator,impersonator,match,impersonator
3932,impersonator,impersonator,impersonator,impersonator,impersonator
3933,impersonator,impersonator,impersonator,impersonator,impersonator
3934,impersonator,impersonator,impersonator,mismatch,impersonator
3935,impersonator,impersonator,impersonator,match,impersonator
3936,impersonator,impersonator,impersonator,impersonator,impersonator
3937,impersonator,impersonator,impersonator,impersonator,impersonator
3938,impersonator,impersonator,impersonator,impersonator,impersonator
3939,impersonator,impersonator,impersonator,impersonator,impersonator
3940,impersonator,mismatch,impersonator,impersonator,impersonator
3941,impersonator,impersonator,impersonator,impersonator,impersonator
3942,impersonator,impersonator,impersonator,impersonator,impersonator
3943,impersonator,impersonator,impersonator,match,impersonator
3944,impersonator,impersonator,impersonator,impersonator,impersonator
3945,impersonator,impersonator,impersonator,impersonator,impersonator
3946,impersonator,impersonator,impersonator,impersonator,impersonator
3947,impersonator,impersonator,impersonator,impersonator,impersonator
3948,impersonator,impersonator,impersonator,impersonator,impersonator
3949,impersonator,impersonator,impersonator,impersonator,impersonator
3950,impersonator,impersonator,impersonator,impersonator,mismatch
3951,impersonator,match,impersonator,impersonator,impersonator
3952,impersonator,impersonator,impersonator,impersonator,mismatch
3953,impersonator,impersonator,impersonator,impersonator,impersonator
3954,impersonator,impersonator,impersonator,impersonator,impersonator
3955,impersonator,impersonator,impersonator,impersonator,impersonator
3956,impersonator,mismatch,impersonator,match,impersonator
3957,impersonator,impersonator,impersonator,mismatch,impersonator
3958,impersonator,impersonator,impersonator,impersonator,impersonator
3959,impersonator,impersonator,match,impersonator,impersonator
3960,impersonator,impersonator,impersonator,impersonator,impersonator
3961,impersonator,mismatch,impersonator,impersonator,impersonator
3962,impersonator,impersonator,impersonator,impersonator,impersonator
3963,impersonator,match,match,mismatch,impersonator
3964,impersonator,impersonator,mismatch,impersonator,impersonator
3965,impersonator,impersonator,impersonator,impersonator,impersonator
3966,impersonator,impersonator,impersonator,match,mismatch
3967,impersonator,impersonator,impersonator,impersonator,impersonator
3968,impersonator,impersonator,mismatch,impersonator,impersonator
3969,impersonator,impersonator,match,impersonator,mismatch
3970,impersonator,impersonator,impersonator,impersonator,impersonator
3971,impersonator,impersonator,impersonator,impersonator,impersonator
3972,impersonator,impersonator,impersonator,impersonator,impersonator
3973,impersonator,impersonator,impersonator,impersonator,impersonator
3974,impersonator,impersonator,mismatch,impersonator,mismatch
3975,impersonator,mismatch,impersonator,mismatch,match
3976,impersonator,impersonator,impersonator,impersonator,impersonator
3977,impersonator,impersonator,impersonator,match,impersonator
3978,impersonator,impersonator,impersonator,impersonator,impersonator
3979,impersonator,impersonator,impersonator,impersonator,impersonator
3980,impersonator,impersonator,impersonator,impersonator,impersonator
3981,impersonator,impersonator,impersonator,impersonator,impersonator
3982,impersonator,impersonator,impersonator,impersonator,impersonator
3983,impersonator,impersonator,impersonator,match,impersonator
3984,impersonator,impersonator,impersonator,impersonator,impersonator
3985,impersonator,impersonator,impersonator,match,mismatch
3986,impersonator,impersonator,impersonator,impersonator,match
3987,impersonator,match,impersonator,impersonator,impersonator
3988,impersonator,mismatch,match,impersonator,impersonator
3989,impersonator,impersonator,impersonator,impersonator,impersonator
3990,impersonator,impersonator,impersonator,impersonator,impersonator
3991,impersonator,impersonator,impersonator,impersonator,impersonator
3992,impersonator,impersonator,impersonator,mismatch,mismatch
3993,impersonator,impersonator,impersonator,mismatch,impersonator
3994,impersonator,impersonator,impersonator,impersonator,impersonator
3995,impersonator,impersonator,impersonator,impersonator,impersonator
3996,impersonator,impersonator,impersonator,impersonator,impersonator
3997,impersonator,impersonator,impersonator,match,impersonator
3998,impersonator,impersonator,impersonator,impersonator,impersonator
3999,impersonator,impersonator,impersonator,impersonator,impersonator
4000,impersonator,impersonator,impersonator,impersonator,impersonator
4001,impersonator,impersonator,impersonator,impersonator,impersonator
4002,impersonator,impersonator,impersonator,impersonator,impersonator
4003,impersonator,impersonator,impersonator,match,impersonator
4004,impersonator,impersonator,impersonator,mismatch,match
4005,impersonator,match,impersonator,mismatch,impersonator
4006,impersonator,impersonator,impersonator,impersonator,impersonator
4007,impersonator,impersonator,impersonator,match,impersonator
4008,impersonator,impersonator,impersonator,impersonator,impersonator
4009,impersonator,impersonator,impersonator,impersonator,impersonator
4010,impersonator,match,impersonator,mismatch,impersonator
4011,impersonator,impersonator,impersonator,impersonator,impersonator
4012,impersonator,impersonator,impersonator,impersonator,impersonator
4013,impersonator,impersonator,match,impersonator,impersonator
4014,impersonator,impersonator,mismatch,impersonator,impersonator
4015,impersonator,impersonator,match,impersonator,impersonator
4016,impersonator,impersonator,impersonator,impersonator,impersonator
4017,impersonator,impersonator,mismatch,impersonator,impersonator
4018,impersonator,impersonator,impersonator,match,impersonator
4019,impersonator,impersonator,mismatch,impersonator,impersonator
4020,impersonator,impersonator,impersonator,impersonator,impersonator
4021,impersonator,impersonator,match,impersonator,impersonator
4022,impersonator,match,match,impersonator,impersonator
4023,impersonator,impersonator,impersonator,match,impersonator
4024,impersonator,impersonator,impersonator,impersonator,impersonator
4025,impersonator,impersonator,mismatch,impersonator,match
4026,impersonator,match,impersonator,impersonator,impersonator
4027,impersonator,impersonator,mismatch,mismatch,impersonator
4028,impersonator,impersonator,impersonator,impersonator,impersonator
4029,impersonator,match,match,match,match
4030,impersonator,match,match,match,match
4031,impersonator,match,match,match,match
4032,impersonator,match,match,match,match
4033,impersonator,match,match,match,match
4034,impersonator,match,match,match,match
4035,impersonator,impersonator,match,match,match
4036,impersonator,match,match,match,match
4037,impersonator,match,match,match,match
4038,impersonator,match,match,impersonator,match
4039,impersonator,match,match,match,match
4040,impersonator,match,match,match,match
4041,impersonator,match,match,match,match
4042,impersonator,mismatch,match,match,match
4043,impersonator,match,match,match,match
4044,impersonator,match,match,match,match
4045,impersonator,match,match,match,match
4046,impersonator,match,match,match,match
4047,impersonator,match,match,match,match
4048,impersonator,match,match,match,match
4049,impersonator,match,match,match,match
4050,impersonator,match,match,match,match
4051,impersonator,match,match,match,match
4052,impersonator,match,match,match,match
4053,impersonator,match,match,match,match
4054,impersonator,match,match,match,match
4055,impersonator,match,match,match,match
4056,impersonator,match,match,match,match
4057,impersonator,match,match,match,match
4058,impersonator,match,match,match,match
4059,impersonator,match,match,match,match
4060,impersonator,match,match,match,match
4061,impersonator,match,match,match,match
4062,impersonator,match,match,match,match
4063,impersonator,match,match,match,match
4064,impersonator,match,match,match,match
4065,impersonator,match,match,match,match
4066,impersonator,match,match,match,match
4067,impersonator,match,impersonator,match,match
4068,impersonator,match,match,match,match
4069,impersonator,match,match,match,match
4070,impersonator,match,match,match,match
4071,impersonator,match,match,match,match
4072,impersonator,match,match,match,match
4073,impersonator,match,match,match,match
4074,impersonator,match,match,match,match
4075,impersonator,match,match,match,match
4076,impersonator,match,match,match,match
4077,impersonator,match,match,match,match
4078,impersonator,match,match,match,match
4079,impersonator,match,match,match,match
4080,impersonator,match,match,match,match
4081,impersonator,match,match,match,match
4082,impersonator,match,match,match,match
4083,impersonator,match,match,match,match
4084,impersonator,match,match,match,match
4085,impersonator,match,match,impersonator,match
4086,impersonator,match,match,match,match
4087,impersonator,match,match,match,match
4088,impersonator,match,match,match,match
4089,impersonator,match,match,match,match
4090,impersonator,match,match,match,match
4091,impersonator,match,match,match,match
4092,impersonator,match,match,match,match
4093,impersonator,match,match,match,match
4094,impersonator,match,match,match,match
4095,impersonator,match,match,match,match
4096,impersonator,match,match,match,match
4097,impersonator,match,match,match,impersonator
4098,impersonator,match,match,match,match
4099,impersonator,match,match,match,mismatch
4100,impersonator,match,match,match,match
4101,impersonator,match,match,match,match
4102,impersonator,match,match,match,match
4103,impersonator,match,match,match,match
4104,impersonator,match,match,match,match
4105,impersonator,match,match,match,match
4106,impersonator,match,match,match,match
4107,impersonator,match,match,match,match
4108,impersonator,match,match,match,match
4109,impersonator,match,match,match,match
4110,impersonator,match,match,match,match
4111,impersonator,impersonator,match,match,match
4112,impersonator,match,match,match,match
4113,impersonator,impersonator,match,match,match
4114,impersonator,match,match,match,match
4115,impersonator,match,match,match,match
4116,impersonator,match,match,match,match
4117,impersonator,match,match,match,match
4118,impersonator,match,match,match,match
4119,impersonator,match,match,match,match
4120,impersonator,match,match,match,match
4121,impersonator,match,match,match,match
4122,impersonator,match,match,match,match
4123,impersonator,impersonator,match,match,match
4124,impersonator,match,match,match,match
4125,impersonator,match,match,match,match
4126,impersonator,match,match,match,match
4127,impersonator,match,match,match,match
4128,impersonator,match,match,match,match
4129,impersonator,match,match,match,match
4130,impersonator,match,match,match,match
4131,impersonator,match,match,match,match
4132,impersonator,match,match,match,match
4133,impersonator,match,match,match,match
4134,impersonator,match,match,match,match
4135,impersonator,match,match,match,match
4136,impersonator,match,match,match,match
4137,impersonator,match,match,match,match
4138,impersonator,match,match,match,match
4139,impersonator,match,match,match,match
4140,impersonator,match,match,match,match
4141,impersonator,match,match,match,match
4142,impersonator,match,match,match,match
4143,impersonator,match,match,match,match
4144,impersonator,impersonator,match,match,match
4145,impersonator,match,match,match,match
4146,impersonator,match,match,match,match
4147,impersonator,match,match,match,match
4148,impersonator,match,match,match,match
4149,impersonator,match,match,match,mismatch
4150,impersonator,mismatch,match,match,match
4151,impersonator,match,match,match,match
4152,impersonator,match,match,match,match
4153,impersonator,match,match,match,match
4154,impersonator,match,match,match,match
4155,impersonator,match,match,impersonator,impersonator
4156,impersonator,impersonator,impersonator,impersonator,impersonator
4157,impersonator,impersonator,impersonator,impersonator,impersonator
4158,impersonator,impersonator,impersonator,impersonator,impersonator
4159,impersonator,impersonator,impersonator,impersonator,impersonator
4160,impersonator,impersonator,impersonator,impersonator,impersonator
4161,impersonator,impersonator,impersonator,impersonator,impersonator
4162,impersonator,impersonator,impersonator,impersonator,impersonator
4163,impersonator,impersonator,impersonator,impersonator,impersonator
4164,impersonator,impersonator,impersonator,impersonator,impersonator
4165,impersonator,impersonator,impersonator,impersonator,impersonator
4166,impersonator,impersonator,impersonator,impersonator,impersonator
4167,impersonator,impersonator,impersonator,impersonator,impersonator
4168,impersonator,impersonator,impersonator,impersonator,impersonator
4169,impersonator,impersonator,impersonator,impersonator,impersonator
4170,impersonator,impersonator,impersonator,impersonator,impersonator
4171,impersonator,impersonator,impersonator,impersonator,impersonator
4172,impersonator,impersonator,impersonator,impersonator,impersonator
4173,impersonator,impersonator,impersonator,impersonator,impersonator
4174,impersonator,impersonator,impersonator,impersonator,impersonator
4175,impersonator,impersonator,impersonator,impersonator,impersonator
4176,impersonator,impersonator,impersonator,impersonator,impersonator
4177,impersonator,impersonator,impersonator,impersonator,impersonator
4178,impersonator,impersonator,impersonator,impersonator,impersonator
4179,impersonator,impersonator,impersonator,impersonator,impersonator
4180,impersonator,impersonator,impersonator,impersonator,impersonator
4181,impersonator,impersonator,impersonator,impersonator,impersonator
4182,impersonator,impersonator,impersonator,impersonator,impersonator
4183,impersonator,impersonator,impersonator,impersonator,impersonator
4184,impersonator,impersonator,impersonator,impersonator,impersonator
4185,impersonator,impersonator,impersonator,impersonator,impersonator
4186,impersonator,impersonator,impersonator,impersonator,impersonator
4187,impersonator,impersonator,impersonator,impersonator,impersonator
4188,impersonator,impersonator,impersonator,impersonator,impersonator
4189,impersonator,impersonator,impersonator,impersonator,impersonator
4190,impersonator,impersonator,impersonator,impersonator,impersonator
4191,impersonator,impersonator,impersonator,impersonator,impersonator
4192,impersonator,impersonator,impersonator,impersonator,impersonator
4193,impersonator,impersonator,impersonator,impersonator,impersonator
4194,impersonator,impersonator,impersonator,impersonator,impersonator
4195,impersonator,impersonator,impersonator,impersonator,impersonator
4196,impersonator,impersonator,impersonator,impersonator,impersonator
4197,impersonator,impersonator,impersonator,impersonator,impersonator
4198,impersonator,impersonator,impersonator,impersonator,impersonator
4199,impersonator,impersonator,impersonator,impersonator,impersonator
4200,impersonator,impersonator,impersonator,impersonator,impersonator
4201,impersonator,impersonator,impersonator,impersonator,impersonator
4202,impersonator,impersonator,impersonator,impersonator,impersonator
4203,impersonator,impersonator,impersonator,impersonator,impersonator
4204,impersonator,impersonator,impersonator,impersonator,impersonator
4205,impersonator,impersonator,impersonator,impersonator,impersonator
4206,impersonator,impersonator,impersonator,impersonator,impersonator
4207,impersonator,impersonator,impersonator,impersonator,impersonator
4208,impersonator,impersonator,impersonator,impersonator,impersonator
4209,impersonator,impersonator,impersonator,impersonator,impersonator
4210,impersonator,impersonator,impersonator,impersonator,impersonator
4211,impersonator,impersonator,impersonator,impersonator,impersonator
4212,impersonator,impersonator,impersonator,impersonator,impersonator
4213,impersonator,impersonator,impersonator,impersonator,impersonator
4214,impersonator,impersonator,impersonator,impersonator,impersonator
4215,impersonator,impersonator,impersonator,impersonator,impersonator
4216,impersonator,impersonator,impersonator,impersonator,impersonator
4217,impersonator,impersonator,impersonator,impersonator,impersonator
4218,impersonator,impersonator,impersonator,impersonator,impersonator
4219,impersonator,impersonator,impersonator,impersonator,impersonator
4220,impersonator,impersonator,impersonator,impersonator,impersonator
4221,impersonator,impersonator,impersonator,impersonator,impersonator
4222,impersonator,impersonator,impersonator,impersonator,impersonator
4223,impersonator,impersonator,impersonator,impersonator,impersonator
4224,impersonator,impersonator,impersonator,impersonator,impersonator
4225,impersonator,impersonator,impersonator,impersonator,impersonator
4226,impersonator,impersonator,impersonator,impersonator,impersonator
4227,impersonator,impersonator,impersonator,impersonator,impersonator
4228,impersonator,impersonator,impersonator,impersonator,impersonator
4229,impersonator,impersonator,impersonator,impersonator,impersonator
4230,impersonator,impersonator,impersonator,impersonator,impersonator
4231,impersonator,impersonator,impersonator,impersonator,impersonator
4232,impersonator,impersonator,impersonator,impersonator,impersonator
4233,impersonator,impersonator,impersonator,impersonator,impersonator
4234,impersonator,impersonator,impersonator,impersonator,impersonator
4235,impersonator,impersonator,impersonator,impersonator,impersonator
4236,impersonator,impersonator,impersonator,impersonator,impersonator
4237,impersonator,impersonator,impersonator,impersonator,impersonator
4238,impersonator,impersonator,impersonator,impersonator,impersonator
4239,impersonator,impersonator,impersonator,impersonator,impersonator
4240,impersonator,impersonator,impersonator,impersonator,mismatch
4241,impersonator,impersonator,impersonator,impersonator,impersonator
4242,impersonator,impersonator,impersonator,impersonator,impersonator
4243,impersonator,impersonator,impersonator,impersonator,impersonator
4244,impersonator,impersonator,impersonator,impersonator,impersonator
4245,impersonator,impersonator,impersonator,impersonator,impersonator
4246,impersonator,impersonator,impersonator,impersonator,impersonator
4247,impersonator,impersonator,impersonator,impersonator,impersonator
4248,impersonator,impersonator,impersonator,impersonator,impersonator
4249,impersonator,impersonator,impersonator,impersonator,impersonator
4250,impersonator,impersonator,impersonator,impersonator,impersonator
4251,impersonator,impersonator,impersonator,impersonator,impersonator
4252,impersonator,impersonator,impersonator,impersonator,impersonator
4253,impersonator,impersonator,impersonator,impersonator,impersonator
4254,impersonator,impersonator,impersonator,impersonator,impersonator
4255,impersonator,impersonator,impersonator,impersonator,impersonator
4256,impersonator,impersonator,impersonator,impersonator,impersonator
4257,impersonator,impersonator,impersonator,impersonator,impersonator
4258,impersonator,impersonator,impersonator,impersonator,impersonator
4259,impersonator,impersonator,impersonator,impersonator,impersonator
4260,impersonator,impersonator,impersonator,impersonator,impersonator
4261,impersonator,impersonator,impersonator,impersonator,impersonator
4262,impersonator,impersonator,impersonator,impersonator,impersonator
4263,impersonator,impersonator,impersonator,impersonator,impersonator
4264,impersonator,impersonator,impersonator,impersonator,impersonator
4265,impersonator,impersonator,impersonator,impersonator,impersonator
4266,impersonator,impersonator,impersonator,impersonator,impersonator
4267,impersonator,impersonator,impersonator,impersonator,impersonator
4268,impersonator,impersonator,impersonator,impersonator,impersonator
4269,impersonator,impersonator,impersonator,impersonator,impersonator
4270,impersonator,impersonator,impersonator,impersonator,impersonator
4271,impersonator,impersonator,impersonator,impersonator,impersonator
4272,impersonator,impersonator,impersonator,impersonator,impersonator
4273,impersonator,impersonator,impersonator,impersonator,impersonator
4274,impersonator,impersonator,impersonator,impersonator,impersonator
4275,impersonator,impersonator,impersonator,impersonator,impersonator
4276,impersonator,impersonator,impersonator,impersonator,impersonator
4277,impersonator,impersonator,impersonator,impersonator,impersonator
4278,impersonator,impersonator,impersonator,impersonator,impersonator
4279,impersonator,impersonator,impersonator,impersonator,impersonator
4280,impersonator,impersonator,impersonator,impersonator,impersonator
4281,impersonator,impersonator,impersonator,impersonator,impersonator
4282,impersonator,impersonator,impersonator,impersonator,impersonator
4283,impersonator,impersonator,impersonator,impersonator,impersonator
4284,impersonator,impersonator,impersonator,impersonator,impersonator
4285,impersonator,impersonator,impersonator,impersonator,impersonator
4286,impersonator,impersonator,impersonator,impersonator,impersonator
4287,impersonator,impersonator,impersonator,impersonator,impersonator
4288,impersonator,impersonator,impersonator,impersonator,impersonator
4289,impersonator,impersonator,impersonator,impersonator,impersonator
4290,impersonator,impersonator,impersonator,impersonator,impersonator
4291,impersonator,impersonator,impersonator,impersonator,impersonator
4292,impersonator,impersonator,impersonator,impersonator,impersonator
4293,impersonator,impersonator,impersonator,impersonator,impersonator
4294,impersonator,impersonator,impersonator,impersonator,impersonator
4295,impersonator,impersonator,impersonator,impersonator,impersonator
4296,impersonator,impersonator,impersonator,impersonator,impersonator
4297,impersonator,impersonator,impersonator,impersonator,impersonator
4298,impersonator,impersonator,impersonator,impersonator,impersonator
4299,impersonator,impersonator,impersonator,impersonator,impersonator
4300,impersonator,impersonator,impersonator,impersonator,impersonator
4301,impersonator,impersonator,impersonator,impersonator,impersonator
4302,impersonator,impersonator,impersonator,impersonator,impersonator
4303,impersonator,impersonator,impersonator,impersonator,impersonator
4304,impersonator,impersonator,impersonator,impersonator,impersonator
4305,impersonator,impersonator,impersonator,impersonator,impersonator
4306,impersonator,impersonator,impersonator,impersonator,mismatch
4307,impersonator,impersonator,impersonator,impersonator,impersonator
4308,impersonator,impersonator,impersonator,impersonator,impersonator
4309,impersonator,impersonator,impersonator,impersonator,impersonator
4310,impersonator,impersonator,impersonator,impersonator,impersonator
4311,impersonator,impersonator,impersonator,impersonator,impersonator
4312,impersonator,impersonator,impersonator,impersonator,impersonator
4313,impersonator,impersonator,impersonator,impersonator,impersonator
4314,impersonator,impersonator,impersonator,impersonator,impersonator
4315,impersonator,impersonator,impersonator,impersonator,impersonator
4316,impersonator,impersonator,impersonator,impersonator,impersonator
4317,impersonator,impersonator,impersonator,impersonator,impersonator
4318,impersonator,impersonator,impersonator,impersonator,impersonator
4319,impersonator,impersonator,mismatch,impersonator,impersonator
4320,impersonator,impersonator,impersonator,impersonator,impersonator
4321,impersonator,impersonator,impersonator,impersonator,impersonator
4322,impersonator,impersonator,impersonator,impersonator,impersonator
4323,impersonator,impersonator,impersonator,impersonator,impersonator
4324,impersonator,impersonator,impersonator,impersonator,impersonator
4325,impersonator,impersonator,impersonator,impersonator,impersonator
4326,impersonator,impersonator,impersonator,impersonator,impersonator
4327,impersonator,impersonator,impersonator,impersonator,impersonator
4328,impersonator,impersonator,impersonator,impersonator,impersonator
4329,impersonator,impersonator,impersonator,impersonator,impersonator
4330,impersonator,impersonator,impersonator,impersonator,impersonator
4331,impersonator,impersonator,impersonator,impersonator,impersonator
4332,impersonator,impersonator,impersonator,impersonator,impersonator
4333,impersonator,impersonator,impersonator,impersonator,impersonator
4334,impersonator,impersonator,match,impersonator,impersonator
4335,impersonator,impersonator,impersonator,impersonator,impersonator
4336,impersonator,impersonator,impersonator,impersonator,impersonator
4337,impersonator,impersonator,impersonator,impersonator,impersonator
4338,impersonator,impersonator,impersonator,impersonator,impersonator
4339,impersonator,impersonator,impersonator,impersonator,impersonator
4340,impersonator,impersonator,impersonator,impersonator,impersonator
4341,impersonator,impersonator,impersonator,impersonator,impersonator
4342,impersonator,impersonator,impersonator,impersonator,impersonator
4343,impersonator,impersonator,impersonator,impersonator,impersonator
4344,impersonator,impersonator,impersonator,impersonator,impersonator
4345,impersonator,impersonator,impersonator,impersonator,impersonator
4346,impersonator,impersonator,impersonator,impersonator,impersonator
4347,impersonator,impersonator,impersonator,impersonator,impersonator
4348,impersonator,impersonator,impersonator,mismatch,impersonator
4349,impersonator,impersonator,impersonator,impersonator,impersonator
4350,impersonator,impersonator,impersonator,impersonator,impersonator
4351,impersonator,impersonator,impersonator,impersonator,impersonator
4352,impersonator,impersonator,impersonator,impersonator,impersonator
4353,impersonator,impersonator,impersonator,impersonator,impersonator
4354,impersonator,impersonator,impersonator,impersonator,impersonator
4355,impersonator,impersonator,impersonator,impersonator,impersonator
4356,impersonator,impersonator,impersonator,impersonator,impersonator
4357,impersonator,mismatch,impersonator,impersonator,impersonator
4358,impersonator,impersonator,impersonator,impersonator,impersonator
4359,impersonator,impersonator,impersonator,impersonator,impersonator
4360,impersonator,impersonator,impersonator,impersonator,impersonator
4361,impersonator,impersonator,impersonator,impersonator,impersonator
4362,impersonator,impersonator,impersonator,impersonator,impersonator
4363,impersonator,impersonator,impersonator,impersonator,impersonator
4364,impersonator,impersonator,impersonator,impersonator,impersonator
4365,impersonator,impersonator,impersonator,impersonator,impersonator
4366,impersonator,impersonator,impersonator,impersonator,impersonator
4367,impersonator,impersonator,impersonator,impersonator,impersonator
4368,impersonator,impersonator,impersonator,impersonator,impersonator
4369,impersonator,impersonator,impersonator,impersonator,impersonator
4370,impersonator,impersonator,impersonator,impersonator,impersonator
4371,impersonator,impersonator,impersonator,impersonator,impersonator
4372,impersonator,impersonator,impersonator,impersonator,impersonator
4373,impersonator,impersonator,impersonator,impersonator,impersonator
4374,impersonator,impersonator,impersonator,impersonator,impersonator
4375,impersonator,impersonator,impersonator,impersonator,impersonator
4376,impersonator,impersonator,impersonator,impersonator,impersonator
4377,impersonator,impersonator,impersonator,impersonator,impersonator
4378,impersonator,impersonator,impersonator,impersonator,impersonator
4379,impersonator,impersonator,impersonator,impersonator,impersonator
4380,impersonator,impersonator,impersonator,impersonator,impersonator
4381,impersonator,impersonator,impersonator,impersonator,impersonator
4382,impersonator,impersonator,impersonator,impersonator,impersonator
4383,impersonator,impersonator,impersonator,impersonator,impersonator
4384,impersonator,impersonator,impersonator,impersonator,impersonator
4385,impersonator,impersonator,impersonator,impersonator,impersonator
4386,impersonator,impersonator,impersonator,impersonator,impersonator
4387,impersonator,impersonator,impersonator,impersonator,impersonator
4388,impersonator,impersonator,impersonator,match,impersonator
4389,impersonator,impersonator,impersonator,impersonator,impersonator
4390,impersonator,impersonator,impersonator,impersonator,impersonator
4391,impersonator,impersonator,impersonator,impersonator,impersonator
4392,impersonator,impersonator,impersonator,impersonator,impersonator
4393,impersonator,impersonator,impersonator,impersonator,impersonator
4394,impersonator,impersonator,match,impersonator,impersonator
4395,impersonator,impersonator,impersonator,impersonator,impersonator
4396,impersonator,impersonator,impersonator,mismatch,impersonator
4397,impersonator,impersonator,impersonator,impersonator,mismatch
4398,impersonator,impersonator,match,impersonator,impersonator
4399,impersonator,impersonator,impersonator,impersonator,impersonator
4400,impersonator,impersonator,impersonator,impersonator,impersonator
4401,impersonator,impersonator,impersonator,impersonator,impersonator
4402,impersonator,impersonator,impersonator,impersonator,impersonator
4403,impersonator,impersonator,impersonator,impersonator,impersonator
4404,impersonator,impersonator,impersonator,impersonator,impersonator
4405,impersonator,impersonator,impersonator,impersonator,impersonator
4406,impersonator,impersonator,impersonator,impersonator,impersonator
4407,impersonator,impersonator,impersonator,impersonator,impersonator
4408,impersonator,impersonator,impersonator,impersonator,impersonator
4409,impersonator,impersonator,impersonator,mismatch,impersonator
4410,impersonator,impersonator,impersonator,impersonator,impersonator
4411,impersonator,impersonator,impersonator,impersonator,impersonator
4412,impersonator,impersonator,impersonator,impersonator,impersonator
4413,impersonator,impersonator,impersonator,impersonator,impersonator
4414,impersonator,impersonator,impersonator,impersonator,impersonator
4415,impersonator,impersonator,impersonator,impersonator,impersonator
4416,impersonator,match,impersonator,impersonator,impersonator
4417,impersonator,impersonator,impersonator,impersonator,impersonator
4418,impersonator,impersonator,impersonator,impersonator,impersonator
4419,impersonator,impersonator,impersonator,impersonator,impersonator
4420,impersonator,impersonator,impersonator,impersonator,impersonator
4421,impersonator,impersonator,impersonator,impersonator,impersonator
4422,impersonator,impersonator,impersonator,impersonator,impersonator
4423,impersonator,impersonator,impersonator,impersonator,impersonator
4424,impersonator,impersonator,match,impersonator,impersonator
4425,impersonator,impersonator,impersonator,impersonator,impersonator
4426,impersonator,impersonator,impersonator,impersonator,impersonator
4427,impersonator,match,impersonator,impersonator,impersonator
4428,impersonator,impersonator,impersonator,impersonator,impersonator
4429,impersonator,impersonator,impersonator,impersonator,impersonator
4430,impersonator,impersonator,impersonator,impersonator,match
4431,impersonator,match,impersonator,impersonator,impersonator
4432,impersonator,impersonator,impersonator,impersonator,impersonator
4433,impersonator,impersonator,impersonator,impersonator,impersonator
4434,impersonator,impersonator,impersonator,impersonator,impersonator
4435,impersonator,impersonator,impersonator,impersonator,impersonator
4436,impersonator,impersonator,impersonator,impersonator,match
4437,impersonator,impersonator,impersonator,impersonator,impersonator
4438,impersonator,impersonator,mismatch,impersonator,impersonator
4439,impersonator,impersonator,impersonator,impersonator,impersonator
4440,impersonator,impersonator,impersonator,match,impersonator
4441,impersonator,impersonator,impersonator,match,impersonator
4442,impersonator,impersonator,impersonator,impersonator,mismatch
4443,impersonator,impersonator,impersonator,impersonator,impersonator
4444,impersonator,impersonator,impersonator,impersonator,match
4445,impersonator,impersonator,impersonator,impersonator,impersonator
4446,impersonator,impersonator,impersonator,impersonator,impersonator
4447,impersonator,impersonator,impersonator,impersonator,impersonator
4448,impersonator,impersonator,impersonator,impersonator,impersonator
4449,impersonator,impersonator,impersonator,impersonator,impersonator
4450,impersonator,impersonator,impersonator,impersonator,impersonator
4451,impersonator,impersonator,impersonator,impersonator,impersonator
4452,impersonator,impersonator,impersonator,impersonator,impersonator
4453,impersonator,impersonator,impersonator,match,impersonator
4454,impersonator,impersonator,impersonator,impersonator,mismatch
4455,impersonator,impersonator,impersonator,impersonator,impersonator
4456,impersonator,impersonator,impersonator,impersonator,impersonator
4457,impersonator,impersonator,impersonator,impersonator,impersonator
4458,impersonator,impersonator,impersonator,impersonator,impersonator
4459,impersonator,match,impersonator,impersonator,impersonator
4460,impersonator,impersonator,impersonator,impersonator,impersonator
4461,impersonator,impersonator,impersonator,impersonator,impersonator
4462,impersonator,impersonator,impersonator,impersonator,impersonator
4463,impersonator,impersonator,impersonator,impersonator,impersonator
4464,impersonator,impersonator,impersonator,impersonator,impersonator
4465,impersonator,impersonator,impersonator,impersonator,impersonator
4466,impersonator,impersonator,impersonator,impersonator,impersonator
4467,impersonator,impersonator,impersonator,impersonator,impersonator
4468,impersonator,impersonator,impersonator,impersonator,impersonator
4469,impersonator,impersonator,impersonator,impersonator,impersonator
4470,impersonator,impersonator,impersonator,impersonator,impersonator
4471,impersonator,impersonator,impersonator,match,impersonator
4472,impersonator,impersonator,impersonator,impersonator,impersonator
4473,impersonator,impersonator,impersonator,impersonator,impersonator
4474,impersonator,impersonator,impersonator,impersonator,impersonator
4475,impersonator,impersonator,impersonator,impersonator,impersonator
4476,impersonator,impersonator,impersonator,impersonator,impersonator
4477,impersonator,impersonator,impersonator,impersonator,impersonator
4478,impersonator,impersonator,impersonator,impersonator,mismatch
4479,impersonator,impersonator,impersonator,impersonator,impersonator
4480,impersonator,impersonator,impersonator,impersonator,impersonator
4481,impersonator,impersonator,impersonator,impersonator,impersonator
4482,impersonator,impersonator,impersonator,impersonator,impersonator
4483,impersonator,impersonator,impersonator,impersonator,impersonator
4484,impersonator,impersonator,impersonator,impersonator,impersonator
4485,impersonator,match,impersonator,impersonator,impersonator
4486,impersonator,impersonator,impersonator,impersonator,match
4487,impersonator,impersonator,impersonator,impersonator,impersonator
4488,impersonator,impersonator,impersonator,impersonator,impersonator
4489,impersonator,impersonator,impersonator,impersonator,impersonator
4490,impersonator,impersonator,impersonator,impersonator,impersonator
4491,impersonator,mismatch,impersonator,impersonator,impersonator
4492,impersonator,impersonator,impersonator,impersonator,impersonator
4493,impersonator,impersonator,mismatch,impersonator,impersonator
4494,impersonator,impersonator,impersonator,impersonator,impersonator
