,label,attempt_0,attempt_1,attempt_2,attempt_3
0,rpi-4a,rpi-4a,rpi-4a,rpi-4a,rpi-4a
1,rpi-4a,rpi-4a,rpi-8b,rpi-4a,rpi-4a
2,rpi-4a,rpi-4a,rpi-4a,rpi-4a,rpi-4a
3,rpi-4a,rpi-4a,rpi-4a,rpi-4a,rpi-4a
4,rpi-4a,rpi-8d,rpi-4a,rpi-8d,rpi-4a
5,rpi-4a,rpi-4a,rpi-4a,rpi-4a,rpi-8d
6,rpi-4a,rpi-8d,rpi-4a,rpi-4a,rpi-4a
7,rpi-4a,rpi-8c,rpi-4a,rpi-4a,rpi-4a
8,rpi-4a,rpi-4a,rpi-4a,rpi-4a,rpi-8c
9,rpi-4a,rpi-4a,rpi-4a,rpi-4a,rpi-4a
10,rpi-4a,rpi-4a,rpi-4a,rpi-4a,rpi-8c
11,rpi-4a,rpi-4a,rpi-4a,rpi-4a,rpi-4a
12,rpi-4a,rpi-8d,rpi-8d,rpi-4a,rpi-4a
13,rpi-4a,rpi-4a,rpi-4a,rpi-4a,rpi-8d
14,rpi-4a,rpi-4a,rpi-8d,rpi-4a,rpi-4a
15,rpi-4a,rpi-8d,rpi-4a,rpi-4a,rpi-4a
16,rpi-4a,rpi-4a,rpi-4a,rpi-4a,rpi-4a
17,rpi-4a,rpi-4a,rpi-8c,rpi-8d,rpi-4a
18,rpi-4a,rpi-4a,rpi-4a,rpi-4a,rpi-4a
19,rpi-4a,rpi-4a,rpi-4a,rpi-4a,rpi-4a
20,rpi-4a,rpi-4a,rpi-4a,rpi-4a,rpi-4a
21,rpi-4a,rpi-8d,rpi-4a,rpi-4a,rpi-4a
22,rpi-4a,rpi-4a,rpi-4a,rpi-4a,rpi-4a
23,rpi-4a,rpi-4a,rpi-4a,rpi-4a,rpi-4a
24,rpi-4a,rpi-4a,rpi-4a,rpi-4a,rpi-4a
25,rpi-4a,rpi-4a,rpi-4a,rpi-4a,rpi-4a
26,rpi-4a,rpi-4a,rpi-4a,rpi-4a,rpi-4a
27,rpi-4a,rpi-4a,rpi-4a,rpi-4a,rpi-4a
28,rpi-4a,rpi-4a,rpi-4a,rpi-4a,rpi-4a
29,rpi-4a,rpi-4a,rpi-4a,rpi-4a,rpi-4a
30,rpi-4a,rpi-4a,rpi-8d,rpi-4a,rpi-4a
31,rpi-4a,rpi-8c,rpi-4a,rpi-4a,rpi-4a
32,rpi-4a,rpi-4a,rpi-4a,rpi-4a,rpi-4a
33,rpi-4a,rpi-4a,rpi-4a,rpi-4a,rpi-4a
34,rpi-4a,rpi-4a,rpi-4a,rpi-4a,rpi-4a
35,rpi-4a,rpi-8c,rpi-4a,rpi-4a,rpi-4a
36,rpi-4a,rpi-4a,rpi-8d,rpi-4a,rpi-4a
37,rpi-4a,rpi-4a,rpi-4a,rpi-4a,rpi-8d
38,rpi-4a,rpi-4a,rpi-4a,rpi-4a,rpi-4a
39,rpi-4a,rpi-4a,rpi-4a,rpi-4a,rpi-4a
40,rpi-4a,rpi-4a,rpi-8d,rpi-4a,rpi-4a
41,rpi-4a,rpi-4a,rpi-4a,rpi-4a,rpi-4a
42,rpi-4a,rpi-4a,rpi-4a,rpi-4a,rpi-4a
43,rpi-4a,rpi-4a,rpi-4a,rpi-8c,rpi-4a
44,rpi-4a,rpi-4a,rpi-4a,rpi-4a,rpi-4a
45,rpi-4a,rpi-4a,rpi-8c,rpi-4a,rpi-4a
46,rpi-4a,rpi-8b,rpi-4a,rpi-4a,rpi-4a
47,rpi-4a,rpi-4a,rpi-4a,rpi-4a,rpi-4a
48,rpi-4a,rpi-8d,rpi-8c,rpi-8d,rpi-4a
49,rpi-4a,rpi-4a,rpi-4a,rpi-4a,rpi-8b
50,rpi-4a,rpi-4a,rpi-4a,rpi-4a,rpi-4a
51,rpi-4a,rpi-4a,rpi-4a,rpi-4a,rpi-4a
52,rpi-4a,rpi-4a,rpi-4a,rpi-4a,rpi-4a
53,rpi-4a,rpi-4a,rpi-4a,rpi-4a,rpi-8b
54,rpi-4a,rpi-4a,rpi-4a,rpi-4a,rpi-4a
55,rpi-4a,rpi-4a,rpi-4a,rpi-4a,rpi-4a
56,rpi-4a,rpi-4a,rpi-4a,rpi-4a,rpi-8d
57,rpi-4a,rpi-4a,rpi-4a,rpi-4a,rpi-4a
58,rpi-4a,rpi-4a,rpi-4a,rpi-4a,rpi-4a
59,rpi-4a,rpi-4a,rpi-4a,rpi-8d,rpi-4a
60,rpi-4a,rpi-4a,rpi-4a,rpi-4a,rpi-4a
61,rpi-4a,rpi-4a,rpi-4a,rpi-4a,rpi-4a
62,rpi-4a,rpi-4a,rpi-4a,rpi-4a,rpi-4a
63,rpi-4a,rpi-4a,rpi-4a,rpi-8d,rpi-8d
64,rpi-4a,rpi-4a,rpi-4a,rpi-4a,rpi-4a
65,rpi-4a,rpi-4a,rpi-4a,rpi-8c,rpi-4a
66,rpi-4a,rpi-4a,rpi-4a,rpi-4a,rpi-8c
67,rpi-4a,rpi-4a,rpi-4a,rpi-4a,rpi-4a
68,rpi-4a,rpi-4a,rpi-4a,rpi-4a,rpi-4a
69,rpi-4a,rpi-4a,rpi-4a,rpi-4a,rpi-4a
70,rpi-4a,rpi-4a,rpi-4a,rpi-4a,rpi-8c
71,rpi-4a,rpi-8c,rpi-4a,rpi-4a,rpi-4a
72,rpi-4a,rpi-4a,rpi-4a,rpi-4a,rpi-4a
73,rpi-4a,rpi-4a,rpi-4a,rpi-4a,rpi-4a
74,rpi-4a,rpi-4a,rpi-4a,rpi-8d,rpi-8d
75,rpi-4a,rpi-4a,rpi-8d,rpi-4a,rpi-4a
76,rpi-4a,rpi-4a,rpi-4a,rpi-8d,rpi-4a
77,rpi-4a,rpi-4a,rpi-4a,rpi-4a,rpi-4a
78,rpi-4a,rpi-4a,rpi-4a,rpi-4a,rpi-4a
79,rpi-4a,rpi-4a,rpi-4a,rpi-4a,rpi-8c
80,rpi-4a,rpi-4a,rpi-8c,rpi-4a,rpi-4a
81,rpi-4a,rpi-4a,rpi-8c,rpi-4a,rpi-4a
82,rpi-4a,rpi-4a,rpi-4a,rpi-8d,rpi-4a
83,rpi-4a,rpi-8b,rpi-8c,rpi-4a,rpi-4a
84,rpi-4a,rpi-4a,rpi-4a,rpi-4a,rpi-4a
85,rpi-4a,rpi-8c,rpi-4a,rpi-4a,rpi-4a
86,rpi-4a,rpi-4a,rpi-4a,rpi-8d,rpi-4a
87,rpi-4a,rpi-4a,rpi-4a,rpi-8c,rpi-4a
88,rpi-4a,rpi-4a,rpi-4a,rpi-8c,rpi-4a
89,rpi-4a,rpi-4a,rpi-4a,rpi-4a,rpi-4a
90,rpi-4a,rpi-4a,rpi-4a,rpi-4a,rpi-4a
91,rpi-4a,rpi-4a,rpi-4a,rpi-4a,rpi-4a
92,rpi-4a,rpi-4a,rpi-8c,rpi-4a,rpi-4a
93,rpi-4a,rpi-8d,rpi-4a,rpi-4a,rpi-4a
94,rpi-4a,rpi-4a,rpi-4a,rpi-4a,rpi-4a
95,rpi-4a,rpi-4a,rpi-4a,rpi-4a,rpi-4a
96,rpi-4a,rpi-4a,rpi-4a,rpi-4a,rpi-4a
97,rpi-4a,rpi-4a,rpi-4a,rpi-4a,rpi-8d
98,rpi-4a,rpi-4a,rpi-4a,rpi-4a,rpi-4a
99,rpi-4a,rpi-4a,rpi-4a,rpi-8c,rpi-4a
100,rpi-4a,rpi-4a,rpi-4a,rpi-4a,rpi-4a
101,rpi-4a,rpi-4a,rpi-4a,rpi-4a,rpi-4a
102,rpi-4a,rpi-4a,rpi-4a,rpi-4a,rpi-4a
103,rpi-4a,rpi-4a,rpi-4a,rpi-4a,rpi-8c
104,rpi-4a,rpi-4a,rpi-4a,rpi-8c,rpi-4a
105,rpi-4a,rpi-4a,rpi-8c,rpi-4a,rpi-8c
106,rpi-4a,rpi-4a,rpi-4a,rpi-4a,rpi-4a
107,rpi-4a,rpi-4a,rpi-4a,rpi-4a,rpi-4a
108,rpi-4a,rpi-4a,rpi-4a,rpi-4a,rpi-4a
109,rpi-4a,rpi-4a,rpi-4a,rpi-4a,rpi-4a
110,rpi-4a,rpi-4a,rpi-4a,rpi-4a,rpi-4a
111,rpi-4a,rpi-4a,rpi-4a,rpi-4a,rpi-4a
112,rpi-4a,rpi-8d,rpi-8c,rpi-4a,rpi-4a
113,rpi-4a,rpi-4a,rpi-4a,rpi-4a,rpi-4a
114,rpi-4a,rpi-4a,rpi-4a,rpi-4a,rpi-4a
115,rpi-4a,rpi-4a,rpi-4a,rpi-4a,rpi-8d
116,rpi-4a,rpi-4a,rpi-4a,rpi-8d,rpi-8d
117,rpi-4a,rpi-4a,rpi-4a,rpi-8c,rpi-4a
118,rpi-4a,rpi-4a,rpi-4a,rpi-4a,rpi-4a
119,rpi-4a,rpi-8c,rpi-4a,rpi-4a,rpi-4a
120,rpi-4a,rpi-4a,rpi-4a,rpi-8c,rpi-4a
121,rpi-4a,rpi-4a,rpi-4a,rpi-4a,rpi-4a
122,rpi-4a,rpi-4a,rpi-8d,rpi-8c,rpi-4a
123,rpi-4a,rpi-8d,rpi-4a,rpi-4a,rpi-4a
124,rpi-4a,rpi-4a,rpi-4a,rpi-4a,rpi-4a
125,rpi-4a,rpi-4a,rpi-4a,rpi-4a,rpi-4a
126,rpi-4a,rpi-4a,rpi-4a,rpi-4a,rpi-4a
127,rpi-4a,rpi-4a,rpi-4a,rpi-4a,rpi-4a
128,rpi-4a,rpi-4a,rpi-8d,rpi-8c,rpi-8c
129,rpi-4a,rpi-4a,rpi-4a,rpi-4a,rpi-4a
130,rpi-4a,rpi-4a,rpi-8c,rpi-4a,rpi-8d
131,rpi-4a,rpi-8d,rpi-4a,rpi-8d,rpi-4a
132,rpi-4a,rpi-4a,rpi-8d,rpi-4a,rpi-4a
133,rpi-4a,rpi-4a,rpi-4a,rpi-4a,rpi-4a
134,rpi-4a,rpi-4a,rpi-8c,rpi-4a,rpi-4a
135,rpi-4a,rpi-4a,rpi-4a,rpi-4a,rpi-4a
136,rpi-4a,rpi-4a,rpi-4a,rpi-4a,rpi-8d
137,rpi-4a,rpi-4a,rpi-4a,rpi-4a,rpi-4a
138,rpi-4a,rpi-4a,rpi-4a,rpi-8c,rpi-4a
139,rpi-4a,rpi-8b,rpi-4a,rpi-4a,rpi-4a
140,rpi-4a,rpi-4a,rpi-4a,rpi-4a,rpi-4a
141,rpi-4a,rpi-4a,rpi-4a,rpi-4a,rpi-4a
142,rpi-4a,rpi-4a,rpi-4a,rpi-4a,rpi-4a
143,rpi-4a,rpi-4a,rpi-4a,rpi-4a,rpi-4a
144,rpi-4a,rpi-4a,rpi-4a,rpi-4a,rpi-4a
145,rpi-4a,rpi-4a,rpi-4a,rpi-4a,rpi-4a
146,rpi-4a,rpi-4a,rpi-4a,rpi-8d,rpi-4a
147,rpi-4a,rpi-4a,rpi-4a,rpi-4a,rpi-4a
148,rpi-4a,rpi-4a,rpi-4a,rpi-4a,rpi-4a
149,rpi-4a,rpi-4a,rpi-4a,rpi-4a,rpi-4a
150,rpi-4a,rpi-4a,rpi-4a,rpi-4a,rpi-4a
151,rpi-4a,rpi-8d,rpi-4a,rpi-8d,rpi-4a
152,rpi-4a,rpi-8d,rpi-4a,rpi-4a,rpi-4a
153,rpi-4a,rpi-4a,rpi-4a,rpi-4a,rpi-4a
154,rpi-4a,rpi-4a,rpi-4a,rpi-4a,rpi-4a
155,rpi-4a,rpi-4a,rpi-4a,rpi-4a,rpi-4a
156,rpi-4a,rpi-8d,rpi-8d,rpi-4a,rpi-4a
157,rpi-4a,rpi-4a,rpi-4a,rpi-4a,rpi-4a
158,rpi-4a,rpi-4a,rpi-4a,rpi-4a,rpi-4a
159,rpi-4a,rpi-4a,rpi-4a,rpi-4a,rpi-4a
160,rpi-4a,rpi-4a,rpi-4a,rpi-4a,rpi-8b
161,rpi-4a,rpi-4a,rpi-4a,rpi-4a,rpi-4a
162,rpi-4a,rpi-4a,rpi-4a,rpi-4a,rpi-4a
163,rpi-4a,rpi-4a,rpi-4a,rpi-4a,rpi-8c
164,rpi-4a,rpi-4a,rpi-4a,rpi-4a,rpi-4a
165,rpi-4a,rpi-4a,rpi-4a,rpi-8b,rpi-4a
166,rpi-4a,rpi-8c,rpi-4a,rpi-4a,rpi-4a
167,rpi-4a,rpi-4a,rpi-4a,rpi-4a,rpi-4a
168,rpi-4a,rpi-4a,rpi-4a,rpi-4a,rpi-4a
169,rpi-4a,rpi-4a,rpi-4a,rpi-4a,rpi-4a
170,rpi-4a,rpi-4a,rpi-4a,rpi-4a,rpi-4a
171,rpi-4a,rpi-4a,rpi-4a,rpi-8c,rpi-4a
172,rpi-4a,rpi-4a,rpi-8c,rpi-4a,rpi-4a
173,rpi-4a,rpi-8c,rpi-4a,rpi-4a,rpi-4a
174,rpi-4a,rpi-4a,rpi-4a,rpi-4a,rpi-4a
175,rpi-4a,rpi-4a,rpi-4a,rpi-4a,rpi-8d
176,rpi-4a,rpi-8c,rpi-4a,rpi-4a,rpi-4a
177,rpi-4a,rpi-8c,rpi-4a,rpi-4a,rpi-4a
178,rpi-4a,rpi-4a,rpi-4a,rpi-4a,rpi-4a
179,rpi-4a,rpi-4a,rpi-4a,rpi-4a,rpi-4a
180,rpi-4a,rpi-4a,rpi-8d,rpi-4a,rpi-8c
181,rpi-4a,rpi-4a,rpi-4a,rpi-4a,rpi-4a
182,rpi-4a,rpi-4a,rpi-8d,rpi-4a,rpi-4a
183,rpi-4a,rpi-4a,rpi-4a,rpi-4a,rpi-4a
184,rpi-4a,rpi-4a,rpi-4a,rpi-8c,rpi-4a
185,rpi-4a,rpi-4a,rpi-4a,rpi-4a,rpi-4a
186,rpi-4a,rpi-4a,rpi-4a,rpi-4a,rpi-4a
187,rpi-4a,rpi-4a,rpi-4a,rpi-4a,rpi-4a
188,rpi-4a,rpi-4a,rpi-4a,rpi-4a,rpi-4a
189,rpi-4a,rpi-4a,rpi-4a,rpi-4a,rpi-8c
190,rpi-4a,rpi-8c,rpi-4a,rpi-8c,rpi-4a
191,rpi-4a,rpi-4a,rpi-4a,rpi-8b,rpi-4a
192,rpi-4a,rpi-4a,rpi-4a,rpi-4a,rpi-4a
193,rpi-4a,rpi-8b,rpi-4a,rpi-4a,rpi-4a
194,rpi-4a,rpi-4a,rpi-4a,rpi-4a,rpi-4a
195,rpi-4a,rpi-4a,rpi-4a,rpi-4a,rpi-4a
196,rpi-4a,rpi-4a,rpi-4a,rpi-4a,rpi-4a
197,rpi-4a,rpi-4a,rpi-8c,rpi-4a,rpi-4a
198,rpi-4a,rpi-4a,rpi-4a,rpi-4a,rpi-4a
199,rpi-4a,rpi-4a,rpi-4a,rpi-4a,rpi-4a
200,rpi-4a,rpi-4a,rpi-8d,rpi-4a,rpi-4a
201,rpi-4a,rpi-4a,rpi-4a,rpi-4a,rpi-4a
202,rpi-4a,rpi-4a,rpi-8c,rpi-8d,rpi-4a
203,rpi-4a,rpi-8c,rpi-4a,rpi-8c,rpi-8d
204,rpi-4a,rpi-4a,rpi-4a,rpi-4a,rpi-4a
205,rpi-4a,rpi-4a,rpi-4a,rpi-4a,rpi-4a
206,rpi-4a,rpi-8d,rpi-4a,rpi-4a,rpi-4a
207,rpi-4a,rpi-4a,rpi-4a,rpi-4a,rpi-8c
208,rpi-4a,rpi-8d,rpi-4a,rpi-4a,rpi-4a
209,rpi-4a,rpi-4a,rpi-4a,rpi-8c,rpi-4a
210,rpi-4a,rpi-4a,rpi-8c,rpi-4a,rpi-8d
211,rpi-4a,rpi-4a,rpi-4a,rpi-4a,rpi-4a
212,rpi-4a,rpi-4a,rpi-4a,rpi-4a,rpi-4a
213,rpi-4a,rpi-4a,rpi-4a,rpi-4a,rpi-4a
214,rpi-4a,rpi-4a,rpi-4a,rpi-4a,rpi-4a
215,rpi-4a,rpi-4a,rpi-4a,rpi-4a,rpi-4a
216,rpi-4a,rpi-4a,rpi-4a,rpi-4a,rpi-4a
217,rpi-4a,rpi-4a,rpi-4a,rpi-4a,rpi-4a
218,rpi-4a,rpi-4a,rpi-8d,rpi-4a,rpi-8d
219,rpi-4a,rpi-4a,rpi-4a,rpi-4a,rpi-4a
220,rpi-4a,rpi-8c,rpi-4a,rpi-4a,rpi-4a
221,rpi-4a,rpi-4a,rpi-4a,rpi-4a,rpi-4a
222,rpi-4a,rpi-4a,rpi-8c,rpi-4a,rpi-4a
223,rpi-4a,rpi-4a,rpi-4a,rpi-4a,rpi-4a
224,rpi-4a,rpi-4a,rpi-4a,rpi-4a,rpi-4a
225,rpi-4a,rpi-4a,rpi-4a,rpi-4a,rpi-4a
226,rpi-4a,rpi-4a,rpi-8d,rpi-4a,rpi-4a
227,rpi-4a,rpi-4a,rpi-4a,rpi-4a,rpi-4a
228,rpi-4a,rpi-4a,rpi-4a,rpi-4a,rpi-4a
229,rpi-4a,rpi-4a,rpi-4a,rpi-4a,rpi-4a
230,rpi-4a,rpi-4a,rpi-4a,rpi-4a,rpi-4a
231,rpi-4a,rpi-4a,rpi-8d,rpi-4a,rpi-4a
232,rpi-4a,rpi-4a,rpi-4a,rpi-4a,rpi-4a
233,rpi-4a,rpi-4a,rpi-4a,rpi-4a,rpi-4a
234,rpi-4a,rpi-4a,rpi-4a,rpi-4a,rpi-4a
235,rpi-4a,rpi-4a,rpi-4a,rpi-4a,rpi-4a
236,rpi-4a,rpi-4a,rpi-4a,rpi-4a,rpi-4a
237,rpi-4a,rpi-4a,rpi-4a,rpi-4a,rpi-4a
238,rpi-4a,rpi-4a,rpi-4a,rpi-4a,rpi-4a
239,rpi-4a,rpi-4a,rpi-4a,rpi-4a,rpi-4a
240,rpi-4a,rpi-4a,rpi-4a,rpi-8d,rpi-4a
241,rpi-4a,rpi-4a,rpi-4a,rpi-4a,rpi-4a
242,rpi-4a,rpi-8d,rpi-4a,rpi-4a,rpi-8c
243,rpi-4a,rpi-4a,rpi-8d,rpi-4a,rpi-4a
244,rpi-4a,rpi-4a,rpi-4a,rpi-4a,rpi-4a
245,rpi-4a,rpi-4a,rpi-4a,rpi-4a,rpi-4a
246,rpi-4a,rpi-4a,rpi-4a,rpi-4a,rpi-4a
247,rpi-4a,rpi-4a,rpi-4a,rpi-4a,rpi-4a
248,rpi-4a,rpi-4a,rpi-4a,rpi-4a,rpi-4a
249,rpi-4a,rpi-4a,rpi-4a,rpi-4a,rpi-4a
250,rpi-4a,rpi-8c,rpi-4a,rpi-4a,rpi-4a
251,rpi-4a,rpi-4a,rpi-4a,rpi-4a,rpi-4a
252,rpi-4a,rpi-4a,rpi-4a,rpi-4a,rpi-4a
253,rpi-4a,rpi-4a,rpi-4a,rpi-4a,rpi-4a
254,rpi-4a,rpi-4a,rpi-4a,rpi-4a,rpi-4a
255,rpi-4a,rpi-8d,rpi-4a,rpi-8d,rpi-4a
256,rpi-4a,rpi-4a,rpi-4a,rpi-4a,rpi-4a
257,rpi-4a,rpi-8c,rpi-4a,rpi-8d,rpi-4a
258,rpi-4a,rpi-4a,rpi-8c,rpi-4a,rpi-4a
259,rpi-4a,rpi-4a,rpi-4a,rpi-4a,rpi-4a
260,rpi-4a,rpi-8b,rpi-4a,rpi-4a,rpi-4a
261,rpi-4a,rpi-4a,rpi-4a,rpi-4a,rpi-4a
262,rpi-4a,rpi-4a,rpi-4a,rpi-8c,rpi-8c
263,rpi-4a,rpi-4a,rpi-4a,rpi-4a,rpi-4a
264,rpi-4a,rpi-4a,rpi-4a,rpi-4a,rpi-4a
265,rpi-4a,rpi-4a,rpi-4a,rpi-4a,rpi-8d
266,rpi-4a,rpi-4a,rpi-4a,rpi-8c,rpi-4a
267,rpi-4a,rpi-4a,rpi-8c,rpi-4a,rpi-4a
268,rpi-4a,rpi-4a,rpi-4a,rpi-4a,rpi-4a
269,rpi-4a,rpi-4a,rpi-4a,rpi-4a,rpi-4a
270,rpi-4a,rpi-4a,rpi-4a,rpi-4a,rpi-4a
271,rpi-4a,rpi-4a,rpi-4a,rpi-4a,rpi-4a
272,rpi-4a,rpi-4a,rpi-4a,rpi-4a,rpi-4a
273,rpi-4a,rpi-4a,rpi-4a,rpi-4a,rpi-4a
274,rpi-4a,rpi-4a,rpi-4a,rpi-4a,rpi-4a
275,rpi-4a,rpi-8c,rpi-4a,rpi-4a,rpi-4a
276,rpi-4a,rpi-4a,rpi-4a,rpi-4a,rpi-4a
277,rpi-4a,rpi-4a,rpi-4a,rpi-4a,rpi-4a
278,rpi-4a,rpi-4a,rpi-4a,rpi-4a,rpi-4a
279,rpi-4a,rpi-4a,rpi-4a,rpi-8c,rpi-4a
280,rpi-4a,rpi-4a,rpi-8c,rpi-4a,rpi-4a
281,rpi-4a,rpi-4a,rpi-4a,rpi-4a,rpi-4a
282,rpi-4a,rpi-4a,rpi-4a,rpi-4a,rpi-4a
283,rpi-4a,rpi-4a,rpi-4a,rpi-4a,rpi-4a
284,rpi-4a,rpi-4a,rpi-4a,rpi-4a,rpi-8d
285,rpi-4a,rpi-4a,rpi-4a,rpi-4a,rpi-4a
286,rpi-4a,rpi-4a,rpi-4a,rpi-8d,rpi-8c
287,rpi-4a,rpi-4a,rpi-4a,rpi-4a,rpi-4a
288,rpi-4a,rpi-4a,rpi-4a,rpi-8d,rpi-8d
289,rpi-4a,rpi-4a,rpi-4a,rpi-4a,rpi-8c
290,rpi-4a,rpi-4a,rpi-4a,rpi-8c,rpi-4a
291,rpi-4a,rpi-4a,rpi-4a,rpi-4a,rpi-4a
292,rpi-4a,rpi-4a,rpi-4a,rpi-4a,rpi-8c
293,rpi-4a,rpi-4a,rpi-4a,rpi-4a,rpi-4a
294,rpi-4a,rpi-4a,rpi-4a,rpi-4a,rpi-4a
295,rpi-4a,rpi-4a,rpi-4a,rpi-4a,rpi-4a
296,rpi-4a,rpi-4a,rpi-4a,rpi-4a,rpi-4a
297,rpi-4a,rpi-4a,rpi-4a,rpi-4a,rpi-4a
298,rpi-8a,rpi-8a,rpi-8a,rpi-8a,rpi-8a
299,rpi-8a,rpi-8c,rpi-8a,rpi-8a,rpi-8a
300,rpi-8a,rpi-8a,rpi-8a,rpi-8a,rpi-8a
301,rpi-8a,rpi-8a,rpi-8a,rpi-8a,rpi-8a
302,rpi-8a,rpi-8a,rpi-8a,rpi-8a,rpi-8a
303,rpi-8a,rpi-8b,rpi-8a,rpi-8a,rpi-8a
304,rpi-8a,rpi-8b,rpi-8a,rpi-8a,rpi-8a
305,rpi-8a,rpi-8b,rpi-8a,rpi-8a,rpi-8a
306,rpi-8a,rpi-8a,rpi-8a,rpi-8a,rpi-8a
307,rpi-8a,rpi-8a,rpi-8a,rpi-8a,rpi-8a
308,rpi-8a,rpi-8a,rpi-8b,rpi-8a,rpi-8a
309,rpi-8a,rpi-8b,rpi-8a,rpi-8a,rpi-8a
310,rpi-8a,rpi-8a,rpi-8a,rpi-8a,rpi-8a
311,rpi-8a,rpi-8a,rpi-8a,rpi-8a,rpi-8a
312,rpi-8a,rpi-8a,rpi-8a,rpi-8a,rpi-8a
313,rpi-8a,rpi-8a,rpi-8a,rpi-8a,rpi-8a
314,rpi-8a,rpi-8a,rpi-8a,rpi-8b,rpi-8a
315,rpi-8a,rpi-8b,rpi-8a,rpi-8a,rpi-8a
316,rpi-8a,rpi-8b,rpi-8a,rpi-8a,rpi-8a
317,rpi-8a,rpi-8a,rpi-8a,rpi-8a,rpi-8a
318,rpi-8a,rpi-8a,rpi-8a,rpi-8a,rpi-8a
319,rpi-8a,rpi-8a,rpi-8a,rpi-8a,rpi-8b
320,rpi-8a,rpi-8a,rpi-8a,rpi-8a,rpi-8a
321,rpi-8a,rpi-8b,rpi-8a,rpi-8a,rpi-8a
322,rpi-8a,rpi-8b,rpi-8b,rpi-8a,rpi-8a
323,rpi-8a,rpi-8a,rpi-8a,rpi-8a,rpi-8a
324,rpi-8a,rpi-8a,rpi-8a,rpi-8a,rpi-8a
325,rpi-8a,rpi-8a,rpi-8a,rpi-8a,rpi-8a
326,rpi-8a,rpi-8a,rpi-8a,rpi-8a,rpi-8a
327,rpi-8a,rpi-8a,rpi-8a,rpi-8a,rpi-8b
328,rpi-8a,rpi-8a,rpi-8a,rpi-8a,rpi-8a
329,rpi-8a,rpi-8a,rpi-8a,rpi-8a,rpi-8c
330,rpi-8a,rpi-8a,rpi-8a,rpi-8a,rpi-8a
331,rpi-8a,rpi-8a,rpi-8b,rpi-8a,rpi-8a
332,rpi-8a,rpi-8a,rpi-8a,rpi-8a,rpi-8a
333,rpi-8a,rpi-8a,rpi-8b,rpi-8a,rpi-8a
334,rpi-8a,rpi-8a,rpi-8a,rpi-8a,rpi-8a
335,rpi-8a,rpi-8a,rpi-8a,rpi-8a,rpi-8a
336,rpi-8a,rpi-8a,rpi-8a,rpi-8a,rpi-8a
337,rpi-8a,rpi-8a,rpi-8a,rpi-8a,rpi-8a
338,rpi-8a,rpi-8a,rpi-8a,rpi-8a,rpi-8a
339,rpi-8a,rpi-8a,rpi-8a,rpi-8a,rpi-8a
340,rpi-8a,rpi-8a,rpi-8a,rpi-8a,rpi-8a
341,rpi-8a,rpi-8a,rpi-8b,rpi-8a,rpi-8b
342,rpi-8a,rpi-8a,rpi-8a,rpi-8a,rpi-8a
343,rpi-8a,rpi-8a,rpi-8a,rpi-8a,rpi-8a
344,rpi-8a,rpi-8a,rpi-8a,rpi-8a,rpi-8a
345,rpi-8a,rpi-8a,rpi-8a,rpi-8a,rpi-8a
346,rpi-8a,rpi-8a,rpi-8a,rpi-8a,rpi-8a
347,rpi-8a,rpi-8a,rpi-8a,rpi-8a,rpi-8a
348,rpi-8a,rpi-8a,rpi-8a,rpi-8a,rpi-8a
349,rpi-8a,rpi-8a,rpi-8a,rpi-8a,rpi-8a
350,rpi-8a,rpi-8a,rpi-8a,rpi-8a,rpi-8a
351,rpi-8a,rpi-8a,rpi-8a,rpi-8b,rpi-8a
352,rpi-8a,rpi-8a,rpi-8a,rpi-8a,rpi-8a
353,rpi-8a,rpi-8a,rpi-8b,rpi-8a,rpi-8a
354,rpi-8a,rpi-8a,rpi-8a,rpi-8a,rpi-8b
355,rpi-8a,rpi-8a,rpi-8a,rpi-8a,rpi-8a
356,rpi-8a,rpi-8a,rpi-8a,rpi-8a,rpi-8a
357,rpi-8a,rpi-8a,rpi-8a,rpi-8a,rpi-8a
358,rpi-8a,rpi-8a,rpi-8a,rpi-8a,rpi-8a
359,rpi-8a,rpi-8a,rpi-8a,rpi-8a,rpi-8a
360,rpi-8a,rpi-8a,rpi-8a,rpi-8a,rpi-8a
361,rpi-8a,rpi-8a,rpi-8a,rpi-8a,rpi-8a
362,rpi-8a,rpi-8a,rpi-8a,rpi-8a,rpi-8a
363,rpi-8a,rpi-8a,rpi-8a,rpi-8a,rpi-8a
364,rpi-8a,rpi-8a,rpi-8a,rpi-8a,rpi-8a
365,rpi-8a,rpi-8a,rpi-8b,rpi-8a,rpi-8a
366,rpi-8a,rpi-8a,rpi-8a,rpi-8a,rpi-8a
367,rpi-8a,rpi-8a,rpi-8a,rpi-8a,rpi-8b
368,rpi-8a,rpi-8a,rpi-8a,rpi-8a,rpi-8a
369,rpi-8a,rpi-8a,rpi-8a,rpi-8a,rpi-8a
370,rpi-8a,rpi-8a,rpi-8a,rpi-8a,rpi-8a
371,rpi-8a,rpi-8a,rpi-8a,rpi-8a,rpi-8a
372,rpi-8a,rpi-8a,rpi-8a,rpi-8b,rpi-8a
373,rpi-8a,rpi-8a,rpi-8a,rpi-8a,rpi-8a
374,rpi-8a,rpi-8a,rpi-8a,rpi-8a,rpi-8a
375,rpi-8a,rpi-8a,rpi-8a,rpi-8a,rpi-8a
376,rpi-8a,rpi-8a,rpi-8a,rpi-8a,rpi-8a
377,rpi-8a,rpi-8a,rpi-8a,rpi-8a,rpi-8a
378,rpi-8a,rpi-8b,rpi-8a,rpi-8a,rpi-8a
379,rpi-8a,rpi-8a,rpi-8a,rpi-8a,rpi-8a
380,rpi-8a,rpi-8a,rpi-8a,rpi-8b,rpi-8a
381,rpi-8a,rpi-8a,rpi-8a,rpi-8a,rpi-8a
382,rpi-8a,rpi-8a,rpi-8a,rpi-8a,rpi-8a
383,rpi-8a,rpi-8a,rpi-8a,rpi-8a,rpi-8a
384,rpi-8a,rpi-8a,rpi-8a,rpi-8a,rpi-8b
385,rpi-8a,rpi-8b,rpi-8a,rpi-8a,rpi-8a
386,rpi-8a,rpi-8a,rpi-8a,rpi-8a,rpi-8a
387,rpi-8a,rpi-8a,rpi-8a,rpi-8a,rpi-8a
388,rpi-8a,rpi-8a,rpi-8b,rpi-8a,rpi-8a
389,rpi-8a,rpi-8a,rpi-8a,rpi-8a,rpi-8a
390,rpi-8a,rpi-8a,rpi-8a,rpi-8a,rpi-8a
391,rpi-8a,rpi-8a,rpi-8a,rpi-8a,rpi-8a
392,rpi-8a,rpi-8a,rpi-8a,rpi-8a,rpi-8a
393,rpi-8a,rpi-8a,rpi-8a,rpi-8a,rpi-8a
394,rpi-8a,rpi-8a,rpi-8a,rpi-8a,rpi-8a
395,rpi-8a,rpi-8a,rpi-8a,rpi-8a,rpi-8a
396,rpi-8a,rpi-8a,rpi-8a,rpi-8a,rpi-8a
397,rpi-8a,rpi-8a,rpi-8a,rpi-8a,rpi-8a
398,rpi-8a,rpi-8a,rpi-8b,rpi-8a,rpi-8a
399,rpi-8a,rpi-8a,rpi-8a,rpi-8a,rpi-8a
400,rpi-8a,rpi-8a,rpi-8a,rpi-8a,rpi-8a
401,rpi-8a,rpi-8a,rpi-8a,rpi-8a,rpi-8a
402,rpi-8a,rpi-8a,rpi-8a,rpi-8a,rpi-8a
403,rpi-8a,rpi-8a,rpi-8a,rpi-8a,rpi-8a
404,rpi-8a,rpi-8a,rpi-8a,rpi-8a,rpi-8a
405,rpi-8a,rpi-8a,rpi-8a,rpi-8a,rpi-8a
406,rpi-8a,rpi-8a,rpi-8a,rpi-8a,rpi-8a
407,rpi-8a,rpi-8b,rpi-8b,rpi-8a,rpi-8a
408,rpi-8a,rpi-8a,rpi-8a,rpi-8a,rpi-8b
409,rpi-8a,rpi-8a,rpi-8a,rpi-8a,rpi-8a
410,rpi-8a,rpi-8a,rpi-8a,rpi-8a,rpi-8a
411,rpi-8a,rpi-8a,rpi-8a,rpi-8a,rpi-8a
412,rpi-8a,rpi-8b,rpi-8a,rpi-8a,rpi-8a
413,rpi-8a,rpi-8a,rpi-8a,rpi-8a,rpi-8a
414,rpi-8a,rpi-8a,rpi-8a,rpi-8a,rpi-8a
415,rpi-8a,rpi-8a,rpi-8a,rpi-8a,rpi-8a
416,rpi-8a,rpi-8a,rpi-8a,rpi-8a,rpi-8a
417,rpi-8a,rpi-8a,rpi-8a,rpi-8a,rpi-8a
418,rpi-8a,rpi-8a,rpi-8a,rpi-8a,rpi-8a
419,rpi-8a,rpi-8b,rpi-8a,rpi-8a,rpi-8b
420,rpi-8a,rpi-8a,rpi-8a,rpi-8a,rpi-8a
421,rpi-8a,rpi-8a,rpi-8a,rpi-8a,rpi-8a
422,rpi-8a,rpi-8a,rpi-8a,rpi-8a,rpi-8a
423,rpi-8a,rpi-8a,rpi-8a,rpi-8a,rpi-8a
424,rpi-8a,rpi-8a,rpi-8a,rpi-8a,rpi-8b
425,rpi-8a,rpi-8a,rpi-8a,rpi-8a,rpi-8a
426,rpi-8a,rpi-8a,rpi-8a,rpi-8a,rpi-8a
427,rpi-8a,rpi-8a,rpi-8a,rpi-8b,rpi-8a
428,rpi-8a,rpi-8a,rpi-8a,rpi-8a,rpi-8a
429,rpi-8a,rpi-8a,rpi-8a,rpi-8b,rpi-8a
430,rpi-8a,rpi-8a,rpi-8a,rpi-8a,rpi-8a
431,rpi-8a,rpi-8a,rpi-8a,rpi-8a,rpi-8a
432,rpi-8a,rpi-8a,rpi-8a,rpi-8a,rpi-8a
433,rpi-8a,rpi-8a,rpi-8b,rpi-8a,rpi-8a
434,rpi-8a,rpi-8a,rpi-8a,rpi-8a,rpi-8a
435,rpi-8a,rpi-8a,rpi-8a,rpi-8a,rpi-8a
436,rpi-8a,rpi-8a,rpi-8a,rpi-8a,rpi-8c
437,rpi-8a,rpi-8a,rpi-8a,rpi-8a,rpi-8a
438,rpi-8a,rpi-8a,rpi-8a,rpi-8a,rpi-8a
439,rpi-8a,rpi-8a,rpi-8a,rpi-8a,rpi-8a
440,rpi-8a,rpi-8a,rpi-8a,rpi-8a,rpi-8a
441,rpi-8a,rpi-8a,rpi-8a,rpi-8b,rpi-8a
442,rpi-8a,rpi-8a,rpi-8b,rpi-8a,rpi-8a
443,rpi-8a,rpi-8a,rpi-8a,rpi-8a,rpi-8a
444,rpi-8a,rpi-8a,rpi-8a,rpi-8a,rpi-8a
445,rpi-8a,rpi-8a,rpi-8a,rpi-8a,rpi-8a
446,rpi-8a,rpi-8a,rpi-8b,rpi-8a,rpi-8a
447,rpi-8a,rpi-8a,rpi-8a,rpi-8a,rpi-8b
448,rpi-8a,rpi-8a,rpi-8a,rpi-8a,rpi-8a
449,rpi-8a,rpi-8a,rpi-8a,rpi-8a,rpi-8a
450,rpi-8a,rpi-8a,rpi-8b,rpi-8a,rpi-8a
451,rpi-8a,rpi-8a,rpi-8a,rpi-8a,rpi-8a
452,rpi-8a,rpi-8a,rpi-8a,rpi-8a,rpi-8a
453,rpi-8a,rpi-8a,rpi-8a,rpi-8a,rpi-8a
454,rpi-8a,rpi-8a,rpi-8a,rpi-8a,rpi-8a
455,rpi-8a,rpi-8a,rpi-8a,rpi-8a,rpi-8a
456,rpi-8a,rpi-8a,rpi-8b,rpi-8a,rpi-8a
457,rpi-8a,rpi-8a,rpi-8a,rpi-8a,rpi-8a
458,rpi-8a,rpi-8a,rpi-8b,rpi-8a,rpi-8a
459,rpi-8a,rpi-8a,rpi-8a,rpi-8b,rpi-8a
460,rpi-8a,rpi-8a,rpi-8a,rpi-8b,rpi-8a
461,rpi-8a,rpi-8a,rpi-8a,rpi-8a,rpi-8a
462,rpi-8a,rpi-8a,rpi-8a,rpi-8a,rpi-8a
463,rpi-8a,rpi-8a,rpi-8a,rpi-8a,rpi-8a
464,rpi-8a,rpi-8a,rpi-8a,rpi-8a,rpi-8b
465,rpi-8a,rpi-8a,rpi-8a,rpi-8a,rpi-8a
466,rpi-8a,rpi-8a,rpi-8a,rpi-8a,rpi-8a
467,rpi-8a,rpi-8a,rpi-8a,rpi-8a,rpi-8a
468,rpi-8a,rpi-8a,rpi-8a,rpi-8a,rpi-8a
469,rpi-8a,rpi-8a,rpi-8a,rpi-8a,rpi-8a
470,rpi-8a,rpi-8a,rpi-8a,rpi-8a,rpi-8a
471,rpi-8a,rpi-8a,rpi-8a,rpi-8a,rpi-8a
472,rpi-8a,rpi-8a,rpi-8a,rpi-8a,rpi-8a
473,rpi-8a,rpi-8a,rpi-8a,rpi-8b,rpi-8a
474,rpi-8a,rpi-8a,rpi-8a,rpi-8b,rpi-8a
475,rpi-8a,rpi-8a,rpi-8a,rpi-8a,rpi-8b
476,rpi-8a,rpi-8a,rpi-8a,rpi-8b,rpi-8a
477,rpi-8a,rpi-8a,rpi-8a,rpi-8a,rpi-8a
478,rpi-8a,rpi-8a,rpi-8a,rpi-8a,rpi-8a
479,rpi-8a,rpi-8a,rpi-8a,rpi-8a,rpi-8a
480,rpi-8a,rpi-8a,rpi-8a,rpi-8a,rpi-8a
481,rpi-8a,rpi-8a,rpi-8a,rpi-8a,rpi-8a
482,rpi-8a,rpi-8a,rpi-8a,rpi-8a,rpi-8a
483,rpi-8a,rpi-8a,rpi-8a,rpi-8a,rpi-8a
484,rpi-8a,rpi-8a,rpi-8a,rpi-8a,rpi-8a
485,rpi-8a,rpi-8a,rpi-8b,rpi-8a,rpi-8a
486,rpi-8a,rpi-8a,rpi-8a,rpi-8a,rpi-8a
487,rpi-8a,rpi-8b,rpi-8a,rpi-8a,rpi-8a
488,rpi-8a,rpi-8a,rpi-8a,rpi-8a,rpi-8a
489,rpi-8a,rpi-8a,rpi-8b,rpi-8b,rpi-8a
490,rpi-8a,rpi-8a,rpi-8a,rpi-8a,rpi-8a
491,rpi-8a,rpi-8a,rpi-8a,rpi-8a,rpi-8a
492,rpi-8a,rpi-8b,rpi-8a,rpi-8a,rpi-8a
493,rpi-8a,rpi-8a,rpi-8a,rpi-8b,rpi-8a
494,rpi-8a,rpi-8a,rpi-8a,rpi-8a,rpi-8a
495,rpi-8a,rpi-8b,rpi-8a,rpi-8a,rpi-8a
496,rpi-8a,rpi-8a,rpi-8a,rpi-8a,rpi-8a
497,rpi-8a,rpi-8a,rpi-8a,rpi-8a,rpi-8a
498,rpi-8a,rpi-8a,rpi-8a,rpi-8a,rpi-8a
499,rpi-8a,rpi-8a,rpi-8a,rpi-8a,rpi-8a
500,rpi-8a,rpi-8a,rpi-8a,rpi-8a,rpi-8a
501,rpi-8a,rpi-8a,rpi-8a,rpi-8a,rpi-8a
502,rpi-8a,rpi-8a,rpi-8a,rpi-8a,rpi-8a
503,rpi-8a,rpi-8a,rpi-8b,rpi-8a,rpi-8a
504,rpi-8a,rpi-8a,rpi-8a,rpi-8a,rpi-8a
505,rpi-8a,rpi-8a,rpi-8a,rpi-8a,rpi-8a
506,rpi-8a,rpi-8a,rpi-8a,rpi-8a,rpi-8a
507,rpi-8a,rpi-8a,rpi-8a,rpi-8a,rpi-4a
508,rpi-8a,rpi-8a,rpi-8a,rpi-8a,rpi-8a
509,rpi-8a,rpi-8a,rpi-8a,rpi-8b,rpi-8a
510,rpi-8a,rpi-8b,rpi-8a,rpi-8a,rpi-8a
511,rpi-8a,rpi-8a,rpi-8b,rpi-8a,rpi-8a
512,rpi-8a,rpi-8a,rpi-8a,rpi-8a,rpi-8a
513,rpi-8a,rpi-8a,rpi-8a,rpi-8a,rpi-8a
514,rpi-8a,rpi-8a,rpi-8a,rpi-8a,rpi-8a
515,rpi-8a,rpi-8a,rpi-8a,rpi-8a,rpi-8a
516,rpi-8a,rpi-8a,rpi-8a,rpi-8a,rpi-8a
517,rpi-8a,rpi-8a,rpi-8a,rpi-8a,rpi-8a
518,rpi-8a,rpi-8a,rpi-8a,rpi-8a,rpi-8a
519,rpi-8a,rpi-8a,rpi-8b,rpi-8a,rpi-8a
520,rpi-8a,rpi-8a,rpi-8d,rpi-8a,rpi-8a
521,rpi-8a,rpi-8a,rpi-8a,rpi-8a,rpi-8a
522,rpi-8a,rpi-8a,rpi-8b,rpi-8a,rpi-8a
523,rpi-8a,rpi-8a,rpi-8a,rpi-8b,rpi-8a
524,rpi-8a,rpi-8a,rpi-8a,rpi-8a,rpi-8a
525,rpi-8a,rpi-8a,rpi-8a,rpi-8a,rpi-8a
526,rpi-8a,rpi-8a,rpi-8a,rpi-8a,rpi-8a
527,rpi-8a,rpi-8a,rpi-8a,rpi-8a,rpi-8b
528,rpi-8a,rpi-8a,rpi-8a,rpi-8b,rpi-8a
529,rpi-8a,rpi-8a,rpi-8a,rpi-8a,rpi-8a
530,rpi-8a,rpi-8a,rpi-8a,rpi-8a,rpi-8a
531,rpi-8a,rpi-8a,rpi-8a,rpi-8a,rpi-8a
532,rpi-8a,rpi-8a,rpi-8a,rpi-8a,rpi-8a
533,rpi-8a,rpi-8a,rpi-8a,rpi-8a,rpi-8a
534,rpi-8a,rpi-8a,rpi-8a,rpi-8a,rpi-8a
535,rpi-8a,rpi-8a,rpi-8a,rpi-8a,rpi-8a
536,rpi-8a,rpi-8a,rpi-8a,rpi-8a,rpi-8a
537,rpi-8a,rpi-8a,rpi-8b,rpi-8a,rpi-8a
538,rpi-8a,rpi-8c,rpi-8a,rpi-8a,rpi-8a
539,rpi-8a,rpi-8a,rpi-8a,rpi-8a,rpi-8a
540,rpi-8a,rpi-8a,rpi-8a,rpi-8a,rpi-8a
541,rpi-8a,rpi-8a,rpi-8a,rpi-8a,rpi-8a
542,rpi-8a,rpi-8a,rpi-8a,rpi-8a,rpi-8a
543,rpi-8a,rpi-8a,rpi-8a,rpi-8a,rpi-8a
544,rpi-8a,rpi-8b,rpi-8a,rpi-8a,rpi-8a
545,rpi-8a,rpi-8a,rpi-8a,rpi-8b,rpi-8a
546,rpi-8a,rpi-8a,rpi-8b,rpi-8a,rpi-8a
547,rpi-8a,rpi-8a,rpi-8a,rpi-8a,rpi-8a
548,rpi-8a,rpi-8a,rpi-8a,rpi-8a,rpi-8a
549,rpi-8a,rpi-8a,rpi-8a,rpi-8a,rpi-8a
550,rpi-8a,rpi-8a,rpi-8a,rpi-8a,rpi-8a
551,rpi-8a,rpi-8a,rpi-8a,rpi-8b,rpi-8a
552,rpi-8a,rpi-8a,rpi-8a,rpi-8a,rpi-8a
553,rpi-8a,rpi-8a,rpi-8a,rpi-8a,rpi-8a
554,rpi-8a,rpi-8a,rpi-8a,rpi-8a,rpi-8a
555,rpi-8a,rpi-8a,rpi-8a,rpi-8a,rpi-8a
556,rpi-8a,rpi-8a,rpi-8a,rpi-8a,rpi-8a
557,rpi-8a,rpi-8a,rpi-8a,rpi-8a,rpi-8a
558,rpi-8a,rpi-8a,rpi-8a,rpi-8a,rpi-8a
559,rpi-8a,rpi-8a,rpi-8a,rpi-8a,rpi-8a
560,rpi-8a,rpi-8a,rpi-8b,rpi-8a,rpi-8a
561,rpi-8a,rpi-8a,rpi-8a,rpi-8a,rpi-8a
562,rpi-8a,rpi-8a,rpi-8b,rpi-8a,rpi-8a
563,rpi-8a,rpi-8b,rpi-8b,rpi-8a,rpi-8a
564,rpi-8a,rpi-8a,rpi-8a,rpi-8a,rpi-8a
565,rpi-8a,rpi-8a,rpi-8a,rpi-8a,rpi-8a
566,rpi-8a,rpi-8a,rpi-8a,rpi-8a,rpi-8a
567,rpi-8a,rpi-8a,rpi-8a,rpi-8a,rpi-8a
568,rpi-8a,rpi-8a,rpi-8a,rpi-8a,rpi-8a
569,rpi-8a,rpi-8a,rpi-8a,rpi-8a,rpi-8a
570,rpi-8a,rpi-8a,rpi-8a,rpi-8a,rpi-8a
571,rpi-8a,rpi-8a,rpi-8a,rpi-8a,rpi-8a
572,rpi-8a,rpi-8a,rpi-8a,rpi-8a,rpi-8a
573,rpi-8a,rpi-4a,rpi-8a,rpi-8a,rpi-8a
574,rpi-8a,rpi-8b,rpi-8a,rpi-8a,rpi-8a
575,rpi-8a,rpi-8a,rpi-8a,rpi-8a,rpi-8a
576,rpi-8a,rpi-8a,rpi-8a,rpi-8a,rpi-8a
577,rpi-8a,rpi-8a,rpi-8a,rpi-8a,rpi-8a
578,rpi-8a,rpi-8a,rpi-8a,rpi-8a,rpi-8b
579,rpi-8a,rpi-8a,rpi-8a,rpi-8a,rpi-8a
580,rpi-8a,rpi-8a,rpi-8a,rpi-8b,rpi-8a
581,rpi-8a,rpi-8b,rpi-8a,rpi-8a,rpi-8a
582,rpi-8a,rpi-8a,rpi-8a,rpi-8a,rpi-8a
583,rpi-8a,rpi-8a,rpi-8a,rpi-8b,rpi-8a
584,rpi-8a,rpi-8a,rpi-8a,rpi-8a,rpi-8a
585,rpi-8a,rpi-8a,rpi-8a,rpi-8a,rpi-8a
586,rpi-8a,rpi-8a,rpi-8a,rpi-8a,rpi-8a
587,rpi-8a,rpi-8a,rpi-8a,rpi-8a,rpi-8a
588,rpi-8a,rpi-8a,rpi-8a,rpi-8a,rpi-8a
589,rpi-8a,rpi-8a,rpi-8b,rpi-8a,rpi-8a
590,rpi-8a,rpi-8a,rpi-8b,rpi-8a,rpi-8a
591,rpi-8a,rpi-8b,rpi-8a,rpi-8a,rpi-8a
592,rpi-8a,rpi-8a,rpi-8a,rpi-8a,rpi-8a
593,rpi-8a,rpi-8a,rpi-8a,rpi-8b,rpi-8b
594,rpi-8a,rpi-8a,rpi-8a,rpi-8a,rpi-8b
595,rpi-8a,rpi-8a,rpi-8a,rpi-8a,rpi-8a
596,rpi-8a,rpi-8a,rpi-8a,rpi-8a,rpi-8a
597,rpi-8a,rpi-8a,rpi-8a,rpi-8a,rpi-8a
598,rpi-8a,rpi-8a,rpi-8b,rpi-8a,rpi-8a
599,rpi-8d,rpi-8d,rpi-8d,rpi-8d,rpi-8d
600,rpi-8d,rpi-8c,rpi-8d,rpi-8d,rpi-4a
601,rpi-8d,rpi-8c,rpi-8c,rpi-8c,rpi-8d
602,rpi-8d,rpi-8d,rpi-8d,rpi-8c,rpi-8d
603,rpi-8d,rpi-8d,rpi-8d,rpi-8d,rpi-4a
604,rpi-8d,rpi-8d,rpi-8d,rpi-4a,rpi-8d
605,rpi-8d,rpi-8d,rpi-4a,rpi-8d,rpi-8d
606,rpi-8d,rpi-4a,rpi-8d,rpi-8c,rpi-8d
607,rpi-8d,rpi-8d,rpi-8d,rpi-8d,rpi-8d
608,rpi-8d,rpi-8d,rpi-8c,rpi-8c,rpi-8c
609,rpi-8d,rpi-8d,rpi-8d,rpi-8c,rpi-8c
610,rpi-8d,rpi-4a,rpi-8d,rpi-8c,rpi-8d
611,rpi-8d,rpi-8c,rpi-8d,rpi-4a,rpi-8d
612,rpi-8d,rpi-8d,rpi-4a,rpi-8d,rpi-8d
613,rpi-8d,rpi-8d,rpi-8d,rpi-8d,rpi-4a
614,rpi-8d,rpi-4a,rpi-8c,rpi-8d,rpi-8d
615,rpi-8d,rpi-8d,rpi-8d,rpi-8d,rpi-8c
616,rpi-8d,rpi-8d,rpi-4a,rpi-8d,rpi-8d
617,rpi-8d,rpi-8c,rpi-8d,rpi-8d,rpi-8d
618,rpi-8d,rpi-8d,rpi-8d,rpi-8d,rpi-8d
619,rpi-8d,rpi-8c,rpi-8d,rpi-4a,rpi-8d
620,rpi-8d,rpi-8d,rpi-8c,rpi-8c,rpi-8d
621,rpi-8d,rpi-8c,rpi-8d,rpi-8d,rpi-8c
622,rpi-8d,rpi-8d,rpi-8d,rpi-8d,rpi-8d
623,rpi-8d,rpi-8c,rpi-8d,rpi-4a,rpi-8d
624,rpi-8d,rpi-8d,rpi-8d,rpi-8c,rpi-8d
625,rpi-8d,rpi-8d,rpi-8c,rpi-8c,rpi-8d
626,rpi-8d,rpi-8d,rpi-4a,rpi-4a,rpi-8d
627,rpi-8d,rpi-8d,rpi-8d,rpi-8c,rpi-8d
628,rpi-8d,rpi-8c,rpi-8d,rpi-4a,rpi-8d
629,rpi-8d,rpi-8d,rpi-4a,rpi-8c,rpi-8d
630,rpi-8d,rpi-8d,rpi-8d,rpi-8d,rpi-8d
631,rpi-8d,rpi-8d,rpi-8d,rpi-8d,rpi-8d
632,rpi-8d,rpi-8d,rpi-8d,rpi-8c,rpi-4a
633,rpi-8d,rpi-8c,rpi-8d,rpi-8c,rpi-4a
634,rpi-8d,rpi-8d,rpi-8d,rpi-8d,rpi-8d
635,rpi-8d,rpi-8d,rpi-8d,rpi-8d,rpi-8d
636,rpi-8d,rpi-8c,rpi-8c,rpi-8d,rpi-8d
637,rpi-8d,rpi-8d,rpi-8d,rpi-8b,rpi-8d
638,rpi-8d,rpi-8d,rpi-8d,rpi-8d,rpi-8d
639,rpi-8d,rpi-8d,rpi-8d,rpi-8d,rpi-8d
640,rpi-8d,rpi-8d,rpi-8d,rpi-8d,rpi-8d
641,rpi-8d,rpi-8c,rpi-8d,rpi-8a,rpi-8c
642,rpi-8d,rpi-8c,rpi-8d,rpi-8d,rpi-4a
643,rpi-8d,rpi-8d,rpi-8c,rpi-8d,rpi-8d
644,rpi-8d,rpi-8d,rpi-8d,rpi-8d,rpi-8c
645,rpi-8d,rpi-8c,rpi-8c,rpi-8d,rpi-8d
646,rpi-8d,rpi-8c,rpi-8d,rpi-8c,rpi-8c
647,rpi-8d,rpi-8d,rpi-8d,rpi-8d,rpi-8d
648,rpi-8d,rpi-8d,rpi-8d,rpi-8d,rpi-8d
649,rpi-8d,rpi-8d,rpi-8d,rpi-8d,rpi-8d
650,rpi-8d,rpi-8c,rpi-8d,rpi-8d,rpi-8c
651,rpi-8d,rpi-8c,rpi-8b,rpi-8d,rpi-8d
652,rpi-8d,rpi-8d,rpi-8d,rpi-8c,rpi-8d
653,rpi-8d,rpi-8d,rpi-8d,rpi-8c,rpi-8d
654,rpi-8d,rpi-8d,rpi-8d,rpi-8c,rpi-8d
655,rpi-8d,rpi-8d,rpi-8b,rpi-4a,rpi-8d
656,rpi-8d,rpi-8d,rpi-8d,rpi-8d,rpi-8c
657,rpi-8d,rpi-4a,rpi-8b,rpi-8d,rpi-8d
658,rpi-8d,rpi-8d,rpi-8c,rpi-8d,rpi-8d
659,rpi-8d,rpi-8d,rpi-8d,rpi-8a,rpi-4a
660,rpi-8d,rpi-4a,rpi-8c,rpi-8c,rpi-4a
661,rpi-8d,rpi-8c,rpi-8d,rpi-8c,rpi-8d
662,rpi-8d,rpi-8d,rpi-8d,rpi-8c,rpi-8a
663,rpi-8d,rpi-8c,rpi-8d,rpi-8d,rpi-8c
664,rpi-8d,rpi-8c,rpi-8d,rpi-8d,rpi-8d
665,rpi-8d,rpi-4a,rpi-8d,rpi-8d,rpi-8c
666,rpi-8d,rpi-8c,rpi-8d,rpi-8d,rpi-8d
667,rpi-8d,rpi-8a,rpi-4a,rpi-8c,rpi-8d
668,rpi-8d,rpi-8d,rpi-8d,rpi-8c,rpi-8c
669,rpi-8d,rpi-8d,rpi-8d,rpi-8d,rpi-8d
670,rpi-8d,rpi-8d,rpi-8d,rpi-8c,rpi-8d
671,rpi-8d,rpi-8d,rpi-8c,rpi-4a,rpi-4a
672,rpi-8d,rpi-8d,rpi-8d,rpi-8c,rpi-8d
673,rpi-8d,rpi-8d,rpi-8d,rpi-8c,rpi-4a
674,rpi-8d,rpi-8c,rpi-8c,rpi-8d,rpi-8d
675,rpi-8d,rpi-8d,rpi-8d,rpi-8d,rpi-8d
676,rpi-8d,rpi-8c,rpi-8d,rpi-8d,rpi-8d
677,rpi-8d,rpi-8d,rpi-8d,rpi-8c,rpi-8d
678,rpi-8d,rpi-8d,rpi-8c,rpi-8d,rpi-8d
679,rpi-8d,rpi-8d,rpi-8d,rpi-8d,rpi-8d
680,rpi-8d,rpi-8c,rpi-8d,rpi-8d,rpi-8d
681,rpi-8d,rpi-8c,rpi-8c,rpi-8d,rpi-8c
682,rpi-8d,rpi-8c,rpi-8d,rpi-8d,rpi-8d
683,rpi-8d,rpi-8c,rpi-8d,rpi-8d,rpi-8c
684,rpi-8d,rpi-8c,rpi-8c,rpi-8c,rpi-8b
685,rpi-8d,rpi-8d,rpi-4a,rpi-8c,rpi-8d
686,rpi-8d,rpi-8c,rpi-4a,rpi-8d,rpi-8d
687,rpi-8d,rpi-8d,rpi-8d,rpi-8a,rpi-8d
688,rpi-8d,rpi-8d,rpi-8d,rpi-8d,rpi-8d
689,rpi-8d,rpi-8d,rpi-8d,rpi-8c,rpi-4a
690,rpi-8d,rpi-8d,rpi-8d,rpi-8c,rpi-8d
691,rpi-8d,rpi-8d,rpi-8d,rpi-8d,rpi-4a
692,rpi-8d,rpi-8d,rpi-8d,rpi-8d,rpi-8d
693,rpi-8d,rpi-8d,rpi-8c,rpi-8d,rpi-8d
694,rpi-8d,rpi-8d,rpi-8d,rpi-8c,rpi-4a
695,rpi-8d,rpi-8d,rpi-8d,rpi-8d,rpi-8d
696,rpi-8d,rpi-8d,rpi-8d,rpi-8d,rpi-8d
697,rpi-8d,rpi-8d,rpi-8c,rpi-4a,rpi-8d
698,rpi-8d,rpi-8d,rpi-4a,rpi-8d,rpi-8d
699,rpi-8d,rpi-8d,rpi-8c,rpi-8d,rpi-8d
700,rpi-8d,rpi-8d,rpi-4a,rpi-8c,rpi-8d
701,rpi-8d,rpi-8c,rpi-8d,rpi-8d,rpi-8c
702,rpi-8d,rpi-8d,rpi-8d,rpi-8d,rpi-8c
703,rpi-8d,rpi-8d,rpi-8c,rpi-8d,rpi-8d
704,rpi-8d,rpi-4a,rpi-8d,rpi-8d,rpi-8d
705,rpi-8d,rpi-8d,rpi-8d,rpi-8d,rpi-8d
706,rpi-8d,rpi-8d,rpi-8d,rpi-8d,rpi-8d
707,rpi-8d,rpi-8d,rpi-8d,rpi-4a,rpi-8d
708,rpi-8d,rpi-8a,rpi-8d,rpi-8d,rpi-8c
709,rpi-8d,rpi-8c,rpi-8d,rpi-4a,rpi-8d
710,rpi-8d,rpi-8c,rpi-8c,rpi-8d,rpi-8d
711,rpi-8d,rpi-8d,rpi-8d,rpi-4a,rpi-4a
712,rpi-8d,rpi-8d,rpi-8d,rpi-8d,rpi-8d
713,rpi-8d,rpi-8d,rpi-8d,rpi-8d,rpi-4a
714,rpi-8d,rpi-4a,rpi-8d,rpi-8d,rpi-8d
715,rpi-8d,rpi-8c,rpi-8c,rpi-8d,rpi-8d
716,rpi-8d,rpi-8d,rpi-8d,rpi-8d,rpi-8d
717,rpi-8d,rpi-8d,rpi-8c,rpi-8d,rpi-8d
718,rpi-8d,rpi-8d,rpi-8c,rpi-8c,rpi-8d
719,rpi-8d,rpi-8d,rpi-8d,rpi-8c,rpi-8d
720,rpi-8d,rpi-4a,rpi-8c,rpi-8d,rpi-8d
721,rpi-8d,rpi-8d,rpi-8d,rpi-8d,rpi-8c
722,rpi-8d,rpi-8d,rpi-4a,rpi-8d,rpi-8d
723,rpi-8d,rpi-8c,rpi-8d,rpi-8c,rpi-8d
724,rpi-8d,rpi-8d,rpi-8d,rpi-8d,rpi-8d
725,rpi-8d,rpi-8d,rpi-8d,rpi-8d,rpi-8d
726,rpi-8d,rpi-8c,rpi-8d,rpi-8d,rpi-8d
727,rpi-8d,rpi-8d,rpi-4a,rpi-4a,rpi-4a
728,rpi-8d,rpi-8d,rpi-8d,rpi-8d,rpi-8d
729,rpi-8d,rpi-8d,rpi-8c,rpi-8d,rpi-8d
730,rpi-8d,rpi-8d,rpi-8c,rpi-8d,rpi-8c
731,rpi-8d,rpi-8d,rpi-8d,rpi-8d,rpi-8c
732,rpi-8d,rpi-8d,rpi-8d,rpi-8d,rpi-8d
733,rpi-8d,rpi-8d,rpi-8d,rpi-8d,rpi-8c
734,rpi-8d,rpi-8d,rpi-8d,rpi-8c,rpi-8c
735,rpi-8d,rpi-8d,rpi-8d,rpi-8d,rpi-8c
736,rpi-8d,rpi-8d,rpi-8d,rpi-8d,rpi-8d
737,rpi-8d,rpi-8d,rpi-4a,rpi-8d,rpi-8d
738,rpi-8d,rpi-8c,rpi-8c,rpi-8c,rpi-8c
739,rpi-8d,rpi-8d,rpi-8c,rpi-8c,rpi-8d
740,rpi-8d,rpi-8c,rpi-8d,rpi-8d,rpi-8d
741,rpi-8d,rpi-8d,rpi-8d,rpi-4a,rpi-8d
742,rpi-8d,rpi-4a,rpi-8d,rpi-4a,rpi-8d
743,rpi-8d,rpi-8d,rpi-8d,rpi-8d,rpi-8d
744,rpi-8d,rpi-8d,rpi-8d,rpi-8d,rpi-8d
745,rpi-8d,rpi-8d,rpi-8d,rpi-8c,rpi-8d
746,rpi-8d,rpi-8d,rpi-8d,rpi-8d,rpi-8d
747,rpi-8d,rpi-8d,rpi-8d,rpi-8d,rpi-8d
748,rpi-8d,rpi-8d,rpi-8d,rpi-8d,rpi-8d
749,rpi-8d,rpi-8d,rpi-8d,rpi-8d,rpi-8d
750,rpi-8d,rpi-8c,rpi-4a,rpi-8c,rpi-8c
751,rpi-8d,rpi-8d,rpi-8d,rpi-8d,rpi-8c
752,rpi-8d,rpi-8c,rpi-8d,rpi-8d,rpi-8d
753,rpi-8d,rpi-8d,rpi-8d,rpi-8d,rpi-8c
754,rpi-8d,rpi-8d,rpi-8d,rpi-4a,rpi-8d
755,rpi-8d,rpi-8d,rpi-8c,rpi-8d,rpi-8d
756,rpi-8d,rpi-8d,rpi-8d,rpi-8d,rpi-8d
757,rpi-8d,rpi-8d,rpi-8d,rpi-8c,rpi-8d
758,rpi-8d,rpi-8d,rpi-8d,rpi-8d,rpi-8c
759,rpi-8d,rpi-8d,rpi-8d,rpi-8d,rpi-4a
760,rpi-8d,rpi-8d,rpi-8d,rpi-8d,rpi-4a
761,rpi-8d,rpi-8d,rpi-8d,rpi-8d,rpi-8d
762,rpi-8d,rpi-8d,rpi-8d,rpi-4a,rpi-8d
763,rpi-8d,rpi-4a,rpi-8d,rpi-8d,rpi-8c
764,rpi-8d,rpi-8d,rpi-8d,rpi-8c,rpi-8d
765,rpi-8d,rpi-8d,rpi-8d,rpi-8d,rpi-8d
766,rpi-8d,rpi-8d,rpi-8d,rpi-8d,rpi-8d
767,rpi-8d,rpi-8d,rpi-8d,rpi-8d,rpi-8d
768,rpi-8d,rpi-8c,rpi-8d,rpi-8d,rpi-8d
769,rpi-8d,rpi-8d,rpi-8d,rpi-8d,rpi-8d
770,rpi-8d,rpi-8d,rpi-8d,rpi-8d,rpi-8d
771,rpi-8d,rpi-8d,rpi-8d,rpi-8d,rpi-8d
772,rpi-8d,rpi-8d,rpi-8c,rpi-8d,rpi-8c
773,rpi-8d,rpi-8d,rpi-8d,rpi-8d,rpi-4a
774,rpi-8d,rpi-8d,rpi-8c,rpi-8c,rpi-8c
775,rpi-8d,rpi-8d,rpi-8c,rpi-8a,rpi-8c
776,rpi-8d,rpi-8d,rpi-4a,rpi-8d,rpi-8d
777,rpi-8d,rpi-8d,rpi-8c,rpi-8d,rpi-8d
778,rpi-8d,rpi-8d,rpi-8d,rpi-8d,rpi-8d
779,rpi-8d,rpi-8c,rpi-8b,rpi-8d,rpi-8d
780,rpi-8d,rpi-8d,rpi-8d,rpi-8d,rpi-8d
781,rpi-8d,rpi-8d,rpi-8d,rpi-8c,rpi-8d
782,rpi-8d,rpi-8d,rpi-8d,rpi-8c,rpi-8d
783,rpi-8d,rpi-8c,rpi-8c,rpi-8d,rpi-8d
784,rpi-8d,rpi-8c,rpi-4a,rpi-8d,rpi-4a
785,rpi-8d,rpi-8c,rpi-8d,rpi-8d,rpi-8c
786,rpi-8d,rpi-8d,rpi-8d,rpi-8d,rpi-8d
787,rpi-8d,rpi-8d,rpi-8d,rpi-8d,rpi-8d
788,rpi-8d,rpi-8d,rpi-8d,rpi-8c,rpi-8c
789,rpi-8d,rpi-8d,rpi-8d,rpi-8d,rpi-8d
790,rpi-8d,rpi-8d,rpi-8d,rpi-8d,rpi-8d
791,rpi-8d,rpi-8d,rpi-8d,rpi-8d,rpi-8d
792,rpi-8d,rpi-4a,rpi-8d,rpi-8c,rpi-8d
793,rpi-8d,rpi-8d,rpi-8c,rpi-8d,rpi-8c
794,rpi-8d,rpi-8c,rpi-8c,rpi-8c,rpi-8d
795,rpi-8d,rpi-8d,rpi-8d,rpi-8d,rpi-8c
796,rpi-8d,rpi-8d,rpi-8d,rpi-8c,rpi-8d
797,rpi-8d,rpi-8d,rpi-8d,rpi-8d,rpi-8c
798,rpi-8d,rpi-8d,rpi-8c,rpi-8d,rpi-4a
799,rpi-8d,rpi-8d,rpi-8d,rpi-8c,rpi-8d
800,rpi-8d,rpi-8d,rpi-8d,rpi-8d,rpi-8d
801,rpi-8d,rpi-8c,rpi-8d,rpi-8d,rpi-8c
802,rpi-8d,rpi-8d,rpi-8d,rpi-8c,rpi-4a
803,rpi-8d,rpi-8c,rpi-8c,rpi-4a,rpi-8d
804,rpi-8d,rpi-8d,rpi-8c,rpi-4a,rpi-8d
805,rpi-8d,rpi-8d,rpi-4a,rpi-8d,rpi-8d
806,rpi-8d,rpi-8d,rpi-8b,rpi-8d,rpi-8d
807,rpi-8d,rpi-8d,rpi-8d,rpi-8c,rpi-8d
808,rpi-8d,rpi-8c,rpi-8d,rpi-8d,rpi-8d
809,rpi-8d,rpi-8d,rpi-8d,rpi-8d,rpi-8c
810,rpi-8d,rpi-8d,rpi-8d,rpi-8d,rpi-8d
811,rpi-8d,rpi-8d,rpi-8d,rpi-4a,rpi-8d
812,rpi-8d,rpi-8d,rpi-8d,rpi-8d,rpi-8d
813,rpi-8d,rpi-8d,rpi-8d,rpi-8d,rpi-8d
814,rpi-8d,rpi-8d,rpi-8d,rpi-8d,rpi-8d
815,rpi-8d,rpi-8d,rpi-4a,rpi-8d,rpi-8d
816,rpi-8d,rpi-8d,rpi-8d,rpi-8d,rpi-8d
817,rpi-8d,rpi-8d,rpi-8d,rpi-8d,rpi-8d
818,rpi-8d,rpi-8d,rpi-8d,rpi-8d,rpi-8d
819,rpi-8d,rpi-8d,rpi-8d,rpi-8d,rpi-8c
820,rpi-8d,rpi-8d,rpi-8d,rpi-8d,rpi-8d
821,rpi-8d,rpi-8c,rpi-4a,rpi-8d,rpi-8c
822,rpi-8d,rpi-8d,rpi-8c,rpi-8d,rpi-4a
823,rpi-8d,rpi-8d,rpi-8d,rpi-8d,rpi-8d
824,rpi-8d,rpi-8c,rpi-8d,rpi-8d,rpi-8d
825,rpi-8d,rpi-8d,rpi-8d,rpi-8d,rpi-8d
826,rpi-8d,rpi-8d,rpi-8d,rpi-4a,rpi-8d
827,rpi-8d,rpi-8d,rpi-8d,rpi-8d,rpi-8c
828,rpi-8d,rpi-8c,rpi-8d,rpi-8d,rpi-8d
829,rpi-8d,rpi-8d,rpi-8d,rpi-4a,rpi-8d
830,rpi-8d,rpi-8c,rpi-8d,rpi-8c,rpi-4a
831,rpi-8d,rpi-8d,rpi-8d,rpi-8c,rpi-8d
832,rpi-8d,rpi-8d,rpi-8d,rpi-8d,rpi-4a
833,rpi-8d,rpi-8c,rpi-8c,rpi-8d,rpi-8d
834,rpi-8d,rpi-8d,rpi-8d,rpi-8d,rpi-8d
835,rpi-8d,rpi-8c,rpi-8d,rpi-8d,rpi-4a
836,rpi-8d,rpi-8c,rpi-8d,rpi-8d,rpi-8b
837,rpi-8d,rpi-8d,rpi-4a,rpi-4a,rpi-8c
838,rpi-8d,rpi-8d,rpi-8c,rpi-8d,rpi-8d
839,rpi-8d,rpi-8d,rpi-8d,rpi-8d,rpi-4a
840,rpi-8d,rpi-8d,rpi-8d,rpi-8d,rpi-8d
841,rpi-8d,rpi-8d,rpi-8c,rpi-8d,rpi-8d
842,rpi-8d,rpi-8d,rpi-4a,rpi-8c,rpi-8c
843,rpi-8d,rpi-8c,rpi-4a,rpi-8c,rpi-8c
844,rpi-8d,rpi-8d,rpi-8d,rpi-8d,rpi-8c
845,rpi-8d,rpi-8d,rpi-8d,rpi-4a,rpi-8d
846,rpi-8d,rpi-8d,rpi-8d,rpi-8c,rpi-8d
847,rpi-8d,rpi-8d,rpi-8d,rpi-8d,rpi-8c
848,rpi-8d,rpi-8d,rpi-8d,rpi-4a,rpi-8c
849,rpi-8d,rpi-8d,rpi-8d,rpi-8d,rpi-8d
850,rpi-8d,rpi-8d,rpi-8d,rpi-8d,rpi-8d
851,rpi-8d,rpi-8d,rpi-8d,rpi-8d,rpi-8c
852,rpi-8d,rpi-8d,rpi-8d,rpi-8c,rpi-8d
853,rpi-8d,rpi-8d,rpi-8d,rpi-8d,rpi-8d
854,rpi-8d,rpi-8c,rpi-8d,rpi-8c,rpi-8d
855,rpi-8d,rpi-8d,rpi-8d,rpi-8d,rpi-8d
856,rpi-8d,rpi-8c,rpi-8d,rpi-8c,rpi-8d
857,rpi-8d,rpi-8d,rpi-8d,rpi-8c,rpi-8c
858,rpi-8d,rpi-8d,rpi-8d,rpi-8d,rpi-8d
859,rpi-8d,rpi-8d,rpi-8d,rpi-8d,rpi-8d
860,rpi-8d,rpi-8c,rpi-8d,rpi-8d,rpi-8c
861,rpi-8d,rpi-8d,rpi-8d,rpi-8d,rpi-8d
862,rpi-8d,rpi-8d,rpi-8c,rpi-8d,rpi-8d
863,rpi-8d,rpi-8d,rpi-8c,rpi-8d,rpi-8d
864,rpi-8d,rpi-8d,rpi-8d,rpi-8d,rpi-8d
865,rpi-8d,rpi-8d,rpi-8c,rpi-8d,rpi-8d
866,rpi-8d,rpi-8d,rpi-8d,rpi-8d,rpi-8c
867,rpi-8d,rpi-8d,rpi-8d,rpi-8d,rpi-8b
868,rpi-8d,rpi-8c,rpi-8d,rpi-8d,rpi-8d
869,rpi-8d,rpi-8c,rpi-4a,rpi-8d,rpi-8c
870,rpi-8d,rpi-8d,rpi-8c,rpi-8c,rpi-8d
871,rpi-8d,rpi-8c,rpi-8d,rpi-4a,rpi-4a
872,rpi-8d,rpi-8d,rpi-8d,rpi-8d,rpi-8d
873,rpi-8d,rpi-8d,rpi-8d,rpi-8d,rpi-8d
874,rpi-8d,rpi-8d,rpi-4a,rpi-8d,rpi-8d
875,rpi-8d,rpi-8d,rpi-8d,rpi-8c,rpi-8d
876,rpi-8d,rpi-8d,rpi-8c,rpi-4a,rpi-8d
877,rpi-8d,rpi-8d,rpi-8d,rpi-8d,rpi-8c
878,rpi-8d,rpi-8d,rpi-8c,rpi-8d,rpi-8d
879,rpi-8d,rpi-8d,rpi-4a,rpi-8c,rpi-8c
880,rpi-8d,rpi-8c,rpi-8c,rpi-8d,rpi-8d
881,rpi-8d,rpi-8d,rpi-8d,rpi-8d,rpi-4a
882,rpi-8d,rpi-8d,rpi-4a,rpi-8d,rpi-8d
883,rpi-8d,rpi-8d,rpi-8d,rpi-4a,rpi-8d
884,rpi-8d,rpi-8d,rpi-8d,rpi-8c,rpi-8d
885,rpi-8d,rpi-8c,rpi-8d,rpi-8c,rpi-8c
886,rpi-8d,rpi-8d,rpi-8d,rpi-8c,rpi-8d
887,rpi-8d,rpi-8d,rpi-8d,rpi-8c,rpi-8d
888,rpi-8d,rpi-8d,rpi-4a,rpi-8d,rpi-8d
889,rpi-8d,rpi-8d,rpi-8d,rpi-8d,rpi-8d
890,rpi-8d,rpi-8d,rpi-8c,rpi-4a,rpi-8d
891,rpi-8d,rpi-8c,rpi-8d,rpi-8c,rpi-8d
892,rpi-8d,rpi-8d,rpi-8d,rpi-8d,rpi-8c
893,rpi-8d,rpi-8d,rpi-8d,rpi-8d,rpi-8d
894,rpi-8d,rpi-8d,rpi-8c,rpi-8d,rpi-8d
895,rpi-8d,rpi-8d,rpi-8d,rpi-8d,rpi-8c
896,rpi-8d,rpi-8c,rpi-8d,rpi-8d,rpi-8c
897,rpi-8d,rpi-8d,rpi-8d,rpi-8c,rpi-8c
898,rpi-8d,rpi-8d,rpi-8d,rpi-8d,rpi-8d
899,rpi-8d,rpi-8d,rpi-8d,rpi-8d,rpi-8d
900,rpi-8d,rpi-8d,rpi-8d,rpi-8d,rpi-8d
901,rpi-8c,rpi-8c,rpi-8c,rpi-4a,rpi-4a
902,rpi-8c,rpi-8c,rpi-8c,rpi-8c,rpi-8c
903,rpi-8c,rpi-8c,rpi-8c,rpi-8c,rpi-8d
904,rpi-8c,rpi-8c,rpi-8c,rpi-8c,rpi-8c
905,rpi-8c,rpi-8c,rpi-8c,rpi-8d,rpi-8c
906,rpi-8c,rpi-8c,rpi-4a,rpi-8c,rpi-8c
907,rpi-8c,rpi-8c,rpi-8c,rpi-8c,rpi-8c
908,rpi-8c,rpi-8c,rpi-8d,rpi-8c,rpi-8d
909,rpi-8c,rpi-8c,rpi-8c,rpi-8c,rpi-4a
910,rpi-8c,rpi-8c,rpi-8c,rpi-8c,rpi-8c
911,rpi-8c,rpi-8c,rpi-4a,rpi-8c,rpi-8c
912,rpi-8c,rpi-8d,rpi-8c,rpi-8c,rpi-8d
913,rpi-8c,rpi-8c,rpi-8c,rpi-8c,rpi-4a
914,rpi-8c,rpi-8d,rpi-8c,rpi-8c,rpi-8c
915,rpi-8c,rpi-4a,rpi-8c,rpi-8c,rpi-8c
916,rpi-8c,rpi-8d,rpi-8d,rpi-8c,rpi-8c
917,rpi-8c,rpi-8d,rpi-8d,rpi-8c,rpi-4a
918,rpi-8c,rpi-8c,rpi-8d,rpi-8c,rpi-8d
919,rpi-8c,rpi-8c,rpi-8c,rpi-8c,rpi-8c
920,rpi-8c,rpi-8c,rpi-8c,rpi-8c,rpi-8c
921,rpi-8c,rpi-8c,rpi-8c,rpi-8c,rpi-8c
922,rpi-8c,rpi-8d,rpi-8c,rpi-8d,rpi-8c
923,rpi-8c,rpi-8c,rpi-8c,rpi-8c,rpi-4a
924,rpi-8c,rpi-8c,rpi-8c,rpi-8c,rpi-8c
925,rpi-8c,rpi-8c,rpi-8c,rpi-8c,rpi-8d
926,rpi-8c,rpi-8c,rpi-8d,rpi-8c,rpi-8d
927,rpi-8c,rpi-8c,rpi-8c,rpi-8d,rpi-8c
928,rpi-8c,rpi-8c,rpi-8c,rpi-8d,rpi-8c
929,rpi-8c,rpi-8c,rpi-8d,rpi-8c,rpi-8c
930,rpi-8c,rpi-8c,rpi-8c,rpi-8c,rpi-8c
931,rpi-8c,rpi-8c,rpi-8d,rpi-8c,rpi-8c
932,rpi-8c,rpi-8c,rpi-8d,rpi-8c,rpi-8c
933,rpi-8c,rpi-8c,rpi-8c,rpi-8d,rpi-8c
934,rpi-8c,rpi-8c,rpi-8d,rpi-8c,rpi-8c
935,rpi-8c,rpi-8c,rpi-8d,rpi-8d,rpi-8c
936,rpi-8c,rpi-8c,rpi-8c,rpi-8c,rpi-8c
937,rpi-8c,rpi-8c,rpi-8c,rpi-8c,rpi-8d
938,rpi-8c,rpi-4a,rpi-8c,rpi-8d,rpi-4a
939,rpi-8c,rpi-8c,rpi-8d,rpi-8c,rpi-8c
940,rpi-8c,rpi-8c,rpi-8c,rpi-8c,rpi-8d
941,rpi-8c,rpi-8c,rpi-8c,rpi-8d,rpi-8c
942,rpi-8c,rpi-4a,rpi-8c,rpi-8c,rpi-8d
943,rpi-8c,rpi-8c,rpi-8c,rpi-8d,rpi-8d
944,rpi-8c,rpi-8c,rpi-8c,rpi-8c,rpi-8c
945,rpi-8c,rpi-8c,rpi-8c,rpi-4a,rpi-4a
946,rpi-8c,rpi-8c,rpi-8c,rpi-8c,rpi-8c
947,rpi-8c,rpi-8d,rpi-8c,rpi-8c,rpi-8c
948,rpi-8c,rpi-8c,rpi-8c,rpi-8c,rpi-8c
949,rpi-8c,rpi-8c,rpi-8d,rpi-8c,rpi-8d
950,rpi-8c,rpi-8c,rpi-8d,rpi-8c,rpi-8c
951,rpi-8c,rpi-8c,rpi-8c,rpi-8c,rpi-8c
952,rpi-8c,rpi-8d,rpi-8c,rpi-8c,rpi-8c
953,rpi-8c,rpi-8d,rpi-8c,rpi-8c,rpi-8c
954,rpi-8c,rpi-8c,rpi-8c,rpi-8c,rpi-8c
955,rpi-8c,rpi-8c,rpi-8c,rpi-8c,rpi-8c
956,rpi-8c,rpi-8c,rpi-8c,rpi-8c,rpi-8c
957,rpi-8c,rpi-8c,rpi-8b,rpi-8c,rpi-8c
958,rpi-8c,rpi-8c,rpi-8c,rpi-8b,rpi-8d
959,rpi-8c,rpi-8c,rpi-8c,rpi-8c,rpi-8c
960,rpi-8c,rpi-8c,rpi-8c,rpi-8c,rpi-8c
961,rpi-8c,rpi-8c,rpi-8c,rpi-8c,rpi-8c
962,rpi-8c,rpi-8c,rpi-8c,rpi-8c,rpi-8d
963,rpi-8c,rpi-8c,rpi-8c,rpi-8c,rpi-8d
964,rpi-8c,rpi-4a,rpi-8c,rpi-8b,rpi-4a
965,rpi-8c,rpi-8c,rpi-8c,rpi-8c,rpi-8c
966,rpi-8c,rpi-4a,rpi-8c,rpi-8c,rpi-8c
967,rpi-8c,rpi-8d,rpi-8c,rpi-8d,rpi-8c
968,rpi-8c,rpi-8d,rpi-8c,rpi-8c,rpi-8c
969,rpi-8c,rpi-4a,rpi-8d,rpi-8c,rpi-8c
970,rpi-8c,rpi-8c,rpi-8c,rpi-8c,rpi-8c
971,rpi-8c,rpi-8c,rpi-8c,rpi-8c,rpi-8c
972,rpi-8c,rpi-8c,rpi-8c,rpi-8d,rpi-8c
973,rpi-8c,rpi-8c,rpi-8c,rpi-8d,rpi-4a
974,rpi-8c,rpi-8c,rpi-4a,rpi-8c,rpi-4a
975,rpi-8c,rpi-8c,rpi-8d,rpi-8c,rpi-8c
976,rpi-8c,rpi-8c,rpi-8d,rpi-8d,rpi-8c
977,rpi-8c,rpi-8c,rpi-8c,rpi-8c,rpi-8c
978,rpi-8c,rpi-8c,rpi-8d,rpi-8c,rpi-8c
979,rpi-8c,rpi-8c,rpi-8c,rpi-8c,rpi-8c
980,rpi-8c,rpi-8d,rpi-8c,rpi-8c,rpi-8c
981,rpi-8c,rpi-8c,rpi-8d,rpi-8c,rpi-8c
982,rpi-8c,rpi-8a,rpi-8c,rpi-8c,rpi-8c
983,rpi-8c,rpi-8d,rpi-8c,rpi-8d,rpi-8d
984,rpi-8c,rpi-8c,rpi-8c,rpi-8c,rpi-8c
985,rpi-8c,rpi-4a,rpi-8c,rpi-8c,rpi-8c
986,rpi-8c,rpi-8c,rpi-8c,rpi-8d,rpi-8c
987,rpi-8c,rpi-4a,rpi-8c,rpi-8c,rpi-8d
988,rpi-8c,rpi-8c,rpi-8c,rpi-8c,rpi-8c
989,rpi-8c,rpi-8a,rpi-8c,rpi-8c,rpi-8c
990,rpi-8c,rpi-8c,rpi-8c,rpi-8c,rpi-8c
991,rpi-8c,rpi-8c,rpi-8c,rpi-8c,rpi-8c
992,rpi-8c,rpi-8c,rpi-8c,rpi-8c,rpi-8c
993,rpi-8c,rpi-8c,rpi-8c,rpi-8c,rpi-8d
994,rpi-8c,rpi-4a,rpi-8c,rpi-4a,rpi-8c
995,rpi-8c,rpi-8c,rpi-8d,rpi-8d,rpi-4a
996,rpi-8c,rpi-8c,rpi-8c,rpi-8c,rpi-8d
997,rpi-8c,rpi-8c,rpi-8c,rpi-8b,rpi-8d
998,rpi-8c,rpi-8c,rpi-8c,rpi-8c,rpi-8d
999,rpi-8c,rpi-8c,rpi-8d,rpi-8c,rpi-8c
1000,rpi-8c,rpi-8d,rpi-8c,rpi-8c,rpi-8c
1001,rpi-8c,rpi-8c,rpi-8c,rpi-8c,rpi-8c
1002,rpi-8c,rpi-8c,rpi-8c,rpi-8c,rpi-8c
1003,rpi-8c,rpi-8c,rpi-8c,rpi-8c,rpi-4a
1004,rpi-8c,rpi-8c,rpi-8c,rpi-8c,rpi-8c
1005,rpi-8c,rpi-8c,rpi-8d,rpi-8d,rpi-8c
1006,rpi-8c,rpi-8c,rpi-8c,rpi-8c,rpi-8c
1007,rpi-8c,rpi-4a,rpi-8c,rpi-8c,rpi-8c
1008,rpi-8c,rpi-8c,rpi-8d,rpi-8d,rpi-8d
1009,rpi-8c,rpi-4a,rpi-8c,rpi-8c,rpi-8c
1010,rpi-8c,rpi-4a,rpi-8d,rpi-8c,rpi-8c
1011,rpi-8c,rpi-8c,rpi-8c,rpi-8d,rpi-4a
1012,rpi-8c,rpi-8c,rpi-8c,rpi-4a,rpi-8c
1013,rpi-8c,rpi-8c,rpi-8c,rpi-8c,rpi-8c
1014,rpi-8c,rpi-8c,rpi-8d,rpi-4a,rpi-8c
1015,rpi-8c,rpi-8c,rpi-8c,rpi-8d,rpi-8d
1016,rpi-8c,rpi-8c,rpi-8c,rpi-8c,rpi-8d
1017,rpi-8c,rpi-8c,rpi-8c,rpi-8c,rpi-8d
1018,rpi-8c,rpi-8c,rpi-4a,rpi-8c,rpi-8c
1019,rpi-8c,rpi-8c,rpi-8c,rpi-8c,rpi-8c
1020,rpi-8c,rpi-8c,rpi-8c,rpi-8c,rpi-8c
1021,rpi-8c,rpi-8d,rpi-8c,rpi-4a,rpi-8c
1022,rpi-8c,rpi-8c,rpi-8d,rpi-8c,rpi-8c
1023,rpi-8c,rpi-4a,rpi-8c,rpi-4a,rpi-8c
1024,rpi-8c,rpi-8c,rpi-8c,rpi-8c,rpi-8d
1025,rpi-8c,rpi-8c,rpi-8d,rpi-8b,rpi-8d
1026,rpi-8c,rpi-8c,rpi-8c,rpi-8c,rpi-8c
1027,rpi-8c,rpi-8c,rpi-8c,rpi-8d,rpi-8c
1028,rpi-8c,rpi-8c,rpi-8d,rpi-8c,rpi-4a
1029,rpi-8c,rpi-8c,rpi-8c,rpi-8d,rpi-8d
1030,rpi-8c,rpi-8c,rpi-8c,rpi-8c,rpi-8c
1031,rpi-8c,rpi-8c,rpi-8c,rpi-8c,rpi-8b
1032,rpi-8c,rpi-8c,rpi-4a,rpi-8d,rpi-8d
1033,rpi-8c,rpi-8c,rpi-8c,rpi-8c,rpi-8c
1034,rpi-8c,rpi-8d,rpi-8c,rpi-8c,rpi-8c
1035,rpi-8c,rpi-8c,rpi-8c,rpi-8c,rpi-8c
1036,rpi-8c,rpi-8c,rpi-8c,rpi-8c,rpi-8c
1037,rpi-8c,rpi-8d,rpi-8a,rpi-8d,rpi-8c
1038,rpi-8c,rpi-4a,rpi-8c,rpi-8c,rpi-8c
1039,rpi-8c,rpi-8c,rpi-8c,rpi-8c,rpi-8d
1040,rpi-8c,rpi-8c,rpi-8c,rpi-8d,rpi-8c
1041,rpi-8c,rpi-8c,rpi-8d,rpi-8d,rpi-8c
1042,rpi-8c,rpi-8c,rpi-8c,rpi-8c,rpi-8c
1043,rpi-8c,rpi-8c,rpi-8c,rpi-8c,rpi-8c
1044,rpi-8c,rpi-4a,rpi-8c,rpi-8c,rpi-8c
1045,rpi-8c,rpi-8d,rpi-8c,rpi-8d,rpi-8d
1046,rpi-8c,rpi-8c,rpi-8c,rpi-8c,rpi-8c
1047,rpi-8c,rpi-8c,rpi-8d,rpi-4a,rpi-8c
1048,rpi-8c,rpi-8d,rpi-8c,rpi-8c,rpi-8c
1049,rpi-8c,rpi-8c,rpi-8a,rpi-8c,rpi-8c
1050,rpi-8c,rpi-8d,rpi-8d,rpi-8c,rpi-8c
1051,rpi-8c,rpi-8c,rpi-8d,rpi-8c,rpi-8c
1052,rpi-8c,rpi-8c,rpi-8c,rpi-8d,rpi-4a
1053,rpi-8c,rpi-4a,rpi-8c,rpi-8d,rpi-8c
1054,rpi-8c,rpi-8c,rpi-8c,rpi-8c,rpi-8c
1055,rpi-8c,rpi-8c,rpi-8c,rpi-8c,rpi-4a
1056,rpi-8c,rpi-8c,rpi-8d,rpi-8c,rpi-8c
1057,rpi-8c,rpi-8c,rpi-8c,rpi-8c,rpi-8d
1058,rpi-8c,rpi-8c,rpi-8c,rpi-8c,rpi-8c
1059,rpi-8c,rpi-8d,rpi-8d,rpi-8d,rpi-8c
1060,rpi-8c,rpi-8c,rpi-8c,rpi-8d,rpi-8d
1061,rpi-8c,rpi-8c,rpi-8b,rpi-8c,rpi-8c
1062,rpi-8c,rpi-8c,rpi-8c,rpi-8d,rpi-8c
1063,rpi-8c,rpi-8c,rpi-8c,rpi-8d,rpi-8d
1064,rpi-8c,rpi-8c,rpi-8c,rpi-8d,rpi-8c
1065,rpi-8c,rpi-8d,rpi-8c,rpi-8c,rpi-8c
1066,rpi-8c,rpi-8c,rpi-8b,rpi-8c,rpi-8c
1067,rpi-8c,rpi-8c,rpi-8c,rpi-8c,rpi-8c
1068,rpi-8c,rpi-8c,rpi-8c,rpi-8d,rpi-8c
1069,rpi-8c,rpi-8c,rpi-8c,rpi-8d,rpi-8c
1070,rpi-8c,rpi-8d,rpi-8c,rpi-4a,rpi-8c
1071,rpi-8c,rpi-8c,rpi-8d,rpi-8c,rpi-8c
1072,rpi-8c,rpi-8d,rpi-8c,rpi-8c,rpi-8c
1073,rpi-8c,rpi-8b,rpi-8c,rpi-8c,rpi-8d
1074,rpi-8c,rpi-8d,rpi-8c,rpi-8d,rpi-8d
1075,rpi-8c,rpi-4a,rpi-8c,rpi-4a,rpi-8c
1076,rpi-8c,rpi-8c,rpi-8c,rpi-8c,rpi-8c
1077,rpi-8c,rpi-4a,rpi-8d,rpi-8c,rpi-8d
1078,rpi-8c,rpi-4a,rpi-8d,rpi-8d,rpi-8c
1079,rpi-8c,rpi-8c,rpi-4a,rpi-8c,rpi-8b
1080,rpi-8c,rpi-8c,rpi-8c,rpi-8c,rpi-8c
1081,rpi-8c,rpi-8c,rpi-8d,rpi-8c,rpi-4a
1082,rpi-8c,rpi-8d,rpi-8d,rpi-8c,rpi-8c
1083,rpi-8c,rpi-8c,rpi-8c,rpi-8c,rpi-8c
1084,rpi-8c,rpi-8c,rpi-8d,rpi-8c,rpi-8c
1085,rpi-8c,rpi-8c,rpi-8c,rpi-8c,rpi-8c
1086,rpi-8c,rpi-8c,rpi-8c,rpi-8c,rpi-8c
1087,rpi-8c,rpi-8c,rpi-8c,rpi-8d,rpi-8c
1088,rpi-8c,rpi-8c,rpi-8c,rpi-8c,rpi-8d
1089,rpi-8c,rpi-8c,rpi-8c,rpi-8d,rpi-8c
1090,rpi-8c,rpi-8c,rpi-8d,rpi-4a,rpi-8c
1091,rpi-8c,rpi-8d,rpi-8d,rpi-8c,rpi-8d
1092,rpi-8c,rpi-8d,rpi-8c,rpi-8c,rpi-8c
1093,rpi-8c,rpi-8c,rpi-8c,rpi-8c,rpi-8c
1094,rpi-8c,rpi-8d,rpi-8c,rpi-8c,rpi-8c
1095,rpi-8c,rpi-8c,rpi-8c,rpi-8d,rpi-8c
1096,rpi-8c,rpi-4a,rpi-8c,rpi-8c,rpi-8c
1097,rpi-8c,rpi-8c,rpi-8c,rpi-8c,rpi-8c
1098,rpi-8c,rpi-8c,rpi-8c,rpi-8c,rpi-4a
1099,rpi-8c,rpi-8c,rpi-8d,rpi-8c,rpi-8c
1100,rpi-8c,rpi-8c,rpi-8c,rpi-8d,rpi-8c
1101,rpi-8c,rpi-8c,rpi-8c,rpi-8d,rpi-8c
1102,rpi-8c,rpi-8c,rpi-8c,rpi-4a,rpi-8c
1103,rpi-8c,rpi-8c,rpi-4a,rpi-8c,rpi-8c
1104,rpi-8c,rpi-8c,rpi-8c,rpi-4a,rpi-8c
1105,rpi-8c,rpi-4a,rpi-8c,rpi-8c,rpi-8c
1106,rpi-8c,rpi-8c,rpi-8d,rpi-8c,rpi-8c
1107,rpi-8c,rpi-8d,rpi-8d,rpi-8c,rpi-8c
1108,rpi-8c,rpi-8c,rpi-8c,rpi-8c,rpi-8c
1109,rpi-8c,rpi-8c,rpi-8d,rpi-8c,rpi-8c
1110,rpi-8c,rpi-8c,rpi-8d,rpi-8c,rpi-8d
1111,rpi-8c,rpi-8c,rpi-8c,rpi-8c,rpi-8c
1112,rpi-8c,rpi-8d,rpi-8c,rpi-8c,rpi-8c
1113,rpi-8c,rpi-8c,rpi-8c,rpi-8c,rpi-8c
1114,rpi-8c,rpi-8c,rpi-8d,rpi-8c,rpi-8c
1115,rpi-8c,rpi-4a,rpi-8c,rpi-8c,rpi-8d
1116,rpi-8c,rpi-4a,rpi-8c,rpi-8d,rpi-8c
1117,rpi-8c,rpi-8b,rpi-8c,rpi-8c,rpi-8c
1118,rpi-8c,rpi-8c,rpi-8d,rpi-8c,rpi-8c
1119,rpi-8c,rpi-8c,rpi-8c,rpi-8c,rpi-8c
1120,rpi-8c,rpi-8c,rpi-8c,rpi-8c,rpi-8c
1121,rpi-8c,rpi-8c,rpi-8c,rpi-8c,rpi-8d
1122,rpi-8c,rpi-8c,rpi-8c,rpi-8c,rpi-8c
1123,rpi-8c,rpi-8c,rpi-8c,rpi-8c,rpi-8c
1124,rpi-8c,rpi-8d,rpi-4a,rpi-8c,rpi-8c
1125,rpi-8c,rpi-8c,rpi-8c,rpi-8c,rpi-8c
1126,rpi-8c,rpi-8c,rpi-8c,rpi-4a,rpi-8c
1127,rpi-8c,rpi-8c,rpi-8c,rpi-8c,rpi-8c
1128,rpi-8c,rpi-8c,rpi-8c,rpi-8c,rpi-8c
1129,rpi-8c,rpi-8c,rpi-8c,rpi-8c,rpi-8c
1130,rpi-8c,rpi-8c,rpi-8d,rpi-8d,rpi-8d
1131,rpi-8c,rpi-8c,rpi-8c,rpi-8c,rpi-8d
1132,rpi-8c,rpi-8c,rpi-8d,rpi-8c,rpi-8c
1133,rpi-8c,rpi-8c,rpi-8d,rpi-8c,rpi-8c
1134,rpi-8c,rpi-8c,rpi-8c,rpi-8d,rpi-8d
1135,rpi-8c,rpi-8c,rpi-8d,rpi-8c,rpi-4a
1136,rpi-8c,rpi-4a,rpi-8c,rpi-8c,rpi-8c
1137,rpi-8c,rpi-8c,rpi-8c,rpi-4a,rpi-8c
1138,rpi-8c,rpi-8d,rpi-8c,rpi-8c,rpi-8c
1139,rpi-8c,rpi-8c,rpi-4a,rpi-8c,rpi-8c
1140,rpi-8c,rpi-8c,rpi-4a,rpi-8c,rpi-8c
1141,rpi-8c,rpi-8c,rpi-8c,rpi-8c,rpi-8c
1142,rpi-8c,rpi-8d,rpi-8c,rpi-4a,rpi-8c
1143,rpi-8c,rpi-8c,rpi-8c,rpi-4a,rpi-8b
1144,rpi-8c,rpi-4a,rpi-8c,rpi-8c,rpi-8c
1145,rpi-8c,rpi-8c,rpi-8c,rpi-8c,rpi-8c
1146,rpi-8c,rpi-8c,rpi-8c,rpi-8d,rpi-8c
1147,rpi-8c,rpi-8c,rpi-8c,rpi-8c,rpi-8c
1148,rpi-8c,rpi-4a,rpi-8c,rpi-8c,rpi-8c
1149,rpi-8c,rpi-4a,rpi-8c,rpi-8d,rpi-8c
1150,rpi-8c,rpi-8c,rpi-8d,rpi-8c,rpi-8c
1151,rpi-8c,rpi-8c,rpi-8c,rpi-8c,rpi-8c
1152,rpi-8c,rpi-8c,rpi-8c,rpi-8c,rpi-8b
1153,rpi-8c,rpi-8c,rpi-8c,rpi-8c,rpi-8c
1154,rpi-8c,rpi-8c,rpi-8d,rpi-8c,rpi-8c
1155,rpi-8c,rpi-8c,rpi-8c,rpi-8d,rpi-8a
1156,rpi-8c,rpi-8c,rpi-4a,rpi-8c,rpi-8c
1157,rpi-8c,rpi-8d,rpi-8c,rpi-8c,rpi-8c
1158,rpi-8c,rpi-8c,rpi-8c,rpi-8c,rpi-8d
1159,rpi-8c,rpi-8c,rpi-8c,rpi-8c,rpi-8b
1160,rpi-8c,rpi-4a,rpi-8c,rpi-8d,rpi-8d
1161,rpi-8c,rpi-8d,rpi-8c,rpi-8d,rpi-4a
1162,rpi-8c,rpi-8c,rpi-8c,rpi-8c,rpi-8d
1163,rpi-8c,rpi-8c,rpi-8d,rpi-8c,rpi-8c
1164,rpi-8c,rpi-8c,rpi-8c,rpi-8c,rpi-8d
1165,rpi-8c,rpi-8b,rpi-8d,rpi-8c,rpi-8c
1166,rpi-8c,rpi-8c,rpi-8c,rpi-8c,rpi-8c
1167,rpi-8c,rpi-8c,rpi-8c,rpi-8c,rpi-8d
1168,rpi-8c,rpi-8c,rpi-8c,rpi-4a,rpi-8d
1169,rpi-8c,rpi-8d,rpi-8b,rpi-8c,rpi-8c
1170,rpi-8c,rpi-8c,rpi-8d,rpi-8c,rpi-8c
1171,rpi-8c,rpi-8c,rpi-8c,rpi-8c,rpi-8c
1172,rpi-8c,rpi-8d,rpi-8c,rpi-8c,rpi-8c
1173,rpi-8c,rpi-8c,rpi-8c,rpi-8c,rpi-8c
1174,rpi-8c,rpi-8d,rpi-8c,rpi-8b,rpi-8d
1175,rpi-8c,rpi-8c,rpi-4a,rpi-8c,rpi-8c
1176,rpi-8c,rpi-8c,rpi-8c,rpi-8c,rpi-8d
1177,rpi-8c,rpi-8d,rpi-8c,rpi-8c,rpi-8d
1178,rpi-8c,rpi-8c,rpi-8c,rpi-8c,rpi-4a
1179,rpi-8c,rpi-8c,rpi-8c,rpi-8d,rpi-8c
1180,rpi-8c,rpi-8d,rpi-8c,rpi-8c,rpi-8c
1181,rpi-8c,rpi-8c,rpi-8c,rpi-8c,rpi-8c
1182,rpi-8c,rpi-4a,rpi-8c,rpi-4a,rpi-8c
1183,rpi-8c,rpi-8c,rpi-8c,rpi-8c,rpi-8d
1184,rpi-8c,rpi-8c,rpi-8d,rpi-8d,rpi-8c
1185,rpi-8c,rpi-8c,rpi-8c,rpi-8c,rpi-8c
1186,rpi-8c,rpi-8d,rpi-8c,rpi-8c,rpi-8c
1187,rpi-8c,rpi-8c,rpi-8d,rpi-8c,rpi-8d
1188,rpi-8c,rpi-8c,rpi-8c,rpi-8c,rpi-8c
1189,rpi-8c,rpi-8c,rpi-8c,rpi-8c,rpi-8d
1190,rpi-8c,rpi-8c,rpi-8d,rpi-8c,rpi-8c
1191,rpi-8c,rpi-8c,rpi-8c,rpi-8d,rpi-8d
1192,rpi-8c,rpi-4a,rpi-8c,rpi-8d,rpi-4a
1193,rpi-8c,rpi-8c,rpi-8d,rpi-8d,rpi-4a
1194,rpi-8c,rpi-4a,rpi-8c,rpi-8c,rpi-8c
1195,rpi-8c,rpi-8d,rpi-8d,rpi-8c,rpi-8d
1196,rpi-8c,rpi-8c,rpi-8c,rpi-8c,rpi-8c
1197,rpi-8c,rpi-8d,rpi-8c,rpi-8c,rpi-8c
1198,rpi-8c,rpi-8c,rpi-8c,rpi-8d,rpi-8d
1199,rpi-8c,rpi-8d,rpi-8c,rpi-8c,rpi-8c
1200,rpi-8b,rpi-8b,rpi-8b,rpi-8b,rpi-8b
1201,rpi-8b,rpi-8b,rpi-8b,rpi-8b,rpi-8b
1202,rpi-8b,rpi-8c,rpi-8a,rpi-8b,rpi-8b
1203,rpi-8b,rpi-8b,rpi-8b,rpi-8b,rpi-8b
1204,rpi-8b,rpi-8b,rpi-8b,rpi-8b,rpi-8b
1205,rpi-8b,rpi-8a,rpi-8b,rpi-8b,rpi-8a
1206,rpi-8b,rpi-8b,rpi-8b,rpi-8a,rpi-8b
1207,rpi-8b,rpi-8b,rpi-8a,rpi-8a,rpi-8b
1208,rpi-8b,rpi-8b,rpi-8b,rpi-8b,rpi-8a
1209,rpi-8b,rpi-8b,rpi-8b,rpi-8b,rpi-8a
1210,rpi-8b,rpi-8b,rpi-8b,rpi-8a,rpi-8b
1211,rpi-8b,rpi-8b,rpi-8b,rpi-8b,rpi-8b
1212,rpi-8b,rpi-8b,rpi-8b,rpi-8b,rpi-8b
1213,rpi-8b,rpi-8b,rpi-8b,rpi-8b,rpi-8b
1214,rpi-8b,rpi-8b,rpi-8b,rpi-8b,rpi-8b
1215,rpi-8b,rpi-8a,rpi-8b,rpi-8a,rpi-8b
1216,rpi-8b,rpi-8a,rpi-8b,rpi-8b,rpi-8b
1217,rpi-8b,rpi-8b,rpi-8b,rpi-8b,rpi-8b
1218,rpi-8b,rpi-8b,rpi-8a,rpi-8b,rpi-8a
1219,rpi-8b,rpi-8b,rpi-8b,rpi-8b,rpi-8b
1220,rpi-8b,rpi-8b,rpi-8b,rpi-8b,rpi-8b
1221,rpi-8b,rpi-8b,rpi-8b,rpi-8b,rpi-8b
1222,rpi-8b,rpi-8b,rpi-8b,rpi-8b,rpi-8a
1223,rpi-8b,rpi-8b,rpi-8b,rpi-8a,rpi-8b
1224,rpi-8b,rpi-8a,rpi-8b,rpi-8b,rpi-8b
1225,rpi-8b,rpi-8a,rpi-8b,rpi-8b,rpi-8b
1226,rpi-8b,rpi-8b,rpi-8a,rpi-8b,rpi-8b
1227,rpi-8b,rpi-8a,rpi-8b,rpi-8a,rpi-8b
1228,rpi-8b,rpi-8b,rpi-8b,rpi-8b,rpi-8b
1229,rpi-8b,rpi-8b,rpi-8b,rpi-8a,rpi-8b
1230,rpi-8b,rpi-8b,rpi-8a,rpi-8b,rpi-8b
1231,rpi-8b,rpi-8b,rpi-8b,rpi-8b,rpi-8b
1232,rpi-8b,rpi-8b,rpi-8b,rpi-8a,rpi-8b
1233,rpi-8b,rpi-8b,rpi-8a,rpi-8b,rpi-8a
1234,rpi-8b,rpi-8a,rpi-8b,rpi-8b,rpi-8b
1235,rpi-8b,rpi-8b,rpi-8b,rpi-8b,rpi-8b
1236,rpi-8b,rpi-8b,rpi-8b,rpi-8b,rpi-8b
1237,rpi-8b,rpi-8b,rpi-8b,rpi-8b,rpi-8b
1238,rpi-8b,rpi-8a,rpi-8a,rpi-8b,rpi-8b
1239,rpi-8b,rpi-8a,rpi-8b,rpi-8b,rpi-8b
1240,rpi-8b,rpi-8b,rpi-8b,rpi-8b,rpi-8b
1241,rpi-8b,rpi-8b,rpi-8b,rpi-8b,rpi-8b
1242,rpi-8b,rpi-8b,rpi-8b,rpi-8b,rpi-8b
1243,rpi-8b,rpi-8b,rpi-8a,rpi-8b,rpi-8b
1244,rpi-8b,rpi-8b,rpi-8b,rpi-8a,rpi-8a
1245,rpi-8b,rpi-8b,rpi-8b,rpi-8b,rpi-8b
1246,rpi-8b,rpi-8a,rpi-8b,rpi-8b,rpi-8b
1247,rpi-8b,rpi-8b,rpi-8a,rpi-8b,rpi-8a
1248,rpi-8b,rpi-8b,rpi-8a,rpi-8a,rpi-8b
1249,rpi-8b,rpi-8b,rpi-8b,rpi-8b,rpi-8b
1250,rpi-8b,rpi-8b,rpi-8b,rpi-8b,rpi-8b
1251,rpi-8b,rpi-8b,rpi-8b,rpi-8b,rpi-8a
1252,rpi-8b,rpi-8b,rpi-8b,rpi-8b,rpi-4a
1253,rpi-8b,rpi-8b,rpi-8b,rpi-8b,rpi-8a
1254,rpi-8b,rpi-8a,rpi-8b,rpi-8b,rpi-8b
1255,rpi-8b,rpi-8b,rpi-8b,rpi-8b,rpi-8b
1256,rpi-8b,rpi-8a,rpi-8b,rpi-8b,rpi-8a
1257,rpi-8b,rpi-8b,rpi-8a,rpi-8b,rpi-8b
1258,rpi-8b,rpi-8a,rpi-8a,rpi-8b,rpi-8b
1259,rpi-8b,rpi-8a,rpi-8b,rpi-8b,rpi-8b
1260,rpi-8b,rpi-8b,rpi-8b,rpi-8b,rpi-8b
1261,rpi-8b,rpi-8a,rpi-8b,rpi-8a,rpi-8b
1262,rpi-8b,rpi-8a,rpi-8b,rpi-8b,rpi-8b
1263,rpi-8b,rpi-8a,rpi-8b,rpi-8b,rpi-8b
1264,rpi-8b,rpi-8b,rpi-8b,rpi-8b,rpi-8b
1265,rpi-8b,rpi-8b,rpi-8b,rpi-8b,rpi-8b
1266,rpi-8b,rpi-8b,rpi-8b,rpi-8b,rpi-8b
1267,rpi-8b,rpi-8a,rpi-8b,rpi-8b,rpi-8b
1268,rpi-8b,rpi-8b,rpi-8b,rpi-8b,rpi-8b
1269,rpi-8b,rpi-8b,rpi-8b,rpi-8b,rpi-8b
1270,rpi-8b,rpi-8b,rpi-8b,rpi-8a,rpi-8b
1271,rpi-8b,rpi-8b,rpi-8b,rpi-8b,rpi-8b
1272,rpi-8b,rpi-8b,rpi-8b,rpi-8b,rpi-8b
1273,rpi-8b,rpi-8b,rpi-8a,rpi-8b,rpi-8a
1274,rpi-8b,rpi-8b,rpi-8b,rpi-8b,rpi-8b
1275,rpi-8b,rpi-8b,rpi-8b,rpi-8b,rpi-8b
1276,rpi-8b,rpi-8b,rpi-8b,rpi-8b,rpi-8a
1277,rpi-8b,rpi-8b,rpi-8b,rpi-8b,rpi-8b
1278,rpi-8b,rpi-8b,rpi-8a,rpi-8b,rpi-8b
1279,rpi-8b,rpi-8b,rpi-8b,rpi-8b,rpi-8b
1280,rpi-8b,rpi-8b,rpi-8b,rpi-8b,rpi-8a
1281,rpi-8b,rpi-8b,rpi-8b,rpi-8b,rpi-8b
1282,rpi-8b,rpi-8b,rpi-8b,rpi-8a,rpi-8b
1283,rpi-8b,rpi-8a,rpi-8b,rpi-8b,rpi-8b
1284,rpi-8b,rpi-8c,rpi-8a,rpi-8b,rpi-8a
1285,rpi-8b,rpi-8b,rpi-8b,rpi-8b,rpi-8b
1286,rpi-8b,rpi-8b,rpi-8b,rpi-8b,rpi-8b
1287,rpi-8b,rpi-8b,rpi-8b,rpi-8b,rpi-8b
1288,rpi-8b,rpi-8a,rpi-8b,rpi-8b,rpi-8b
1289,rpi-8b,rpi-8b,rpi-8a,rpi-8b,rpi-8b
1290,rpi-8b,rpi-8b,rpi-8b,rpi-8b,rpi-8a
1291,rpi-8b,rpi-8b,rpi-8b,rpi-8b,rpi-8b
1292,rpi-8b,rpi-8b,rpi-8b,rpi-8b,rpi-8a
1293,rpi-8b,rpi-8c,rpi-8b,rpi-8a,rpi-8b
1294,rpi-8b,rpi-8b,rpi-8b,rpi-8b,rpi-8b
1295,rpi-8b,rpi-8b,rpi-8a,rpi-8b,rpi-8b
1296,rpi-8b,rpi-8b,rpi-8b,rpi-8a,rpi-8b
1297,rpi-8b,rpi-8b,rpi-8b,rpi-8b,rpi-8b
1298,rpi-8b,rpi-8a,rpi-8b,rpi-8b,rpi-8a
1299,rpi-8b,rpi-8b,rpi-8b,rpi-8a,rpi-8b
1300,rpi-8b,rpi-8b,rpi-8b,rpi-8b,rpi-8b
1301,rpi-8b,rpi-8b,rpi-8b,rpi-8b,rpi-8b
1302,rpi-8b,rpi-8b,rpi-8b,rpi-8b,rpi-8b
1303,rpi-8b,rpi-8b,rpi-8b,rpi-8b,rpi-8b
1304,rpi-8b,rpi-8b,rpi-8a,rpi-8b,rpi-8b
1305,rpi-8b,rpi-8b,rpi-8b,rpi-8b,rpi-8b
1306,rpi-8b,rpi-8a,rpi-8b,rpi-8b,rpi-8b
1307,rpi-8b,rpi-8a,rpi-8b,rpi-8b,rpi-8b
1308,rpi-8b,rpi-8a,rpi-8b,rpi-8b,rpi-8b
1309,rpi-8b,rpi-8b,rpi-8b,rpi-8b,rpi-8b
1310,rpi-8b,rpi-8b,rpi-8b,rpi-8b,rpi-8a
1311,rpi-8b,rpi-8b,rpi-8a,rpi-8a,rpi-8b
1312,rpi-8b,rpi-8b,rpi-8b,rpi-8b,rpi-8b
1313,rpi-8b,rpi-8b,rpi-8b,rpi-8b,rpi-8a
1314,rpi-8b,rpi-8a,rpi-8b,rpi-8b,rpi-8b
1315,rpi-8b,rpi-8b,rpi-8b,rpi-8b,rpi-8b
1316,rpi-8b,rpi-8a,rpi-8b,rpi-8b,rpi-8b
1317,rpi-8b,rpi-8b,rpi-8a,rpi-8a,rpi-8a
1318,rpi-8b,rpi-8a,rpi-8b,rpi-8a,rpi-8b
1319,rpi-8b,rpi-8b,rpi-8b,rpi-8a,rpi-8b
1320,rpi-8b,rpi-8b,rpi-8a,rpi-8b,rpi-8b
1321,rpi-8b,rpi-8a,rpi-8b,rpi-8b,rpi-8a
1322,rpi-8b,rpi-8b,rpi-8b,rpi-8b,rpi-8b
1323,rpi-8b,rpi-8a,rpi-8b,rpi-8b,rpi-8b
1324,rpi-8b,rpi-8b,rpi-8b,rpi-8a,rpi-8b
1325,rpi-8b,rpi-8b,rpi-8b,rpi-8b,rpi-8b
1326,rpi-8b,rpi-8b,rpi-8b,rpi-8b,rpi-8b
1327,rpi-8b,rpi-8b,rpi-8b,rpi-8b,rpi-8b
1328,rpi-8b,rpi-8a,rpi-8b,rpi-8b,rpi-8b
1329,rpi-8b,rpi-8b,rpi-8a,rpi-8b,rpi-8b
1330,rpi-8b,rpi-8b,rpi-8b,rpi-8b,rpi-8b
1331,rpi-8b,rpi-8b,rpi-8b,rpi-8b,rpi-8b
1332,rpi-8b,rpi-8b,rpi-8b,rpi-8b,rpi-8b
1333,rpi-8b,rpi-8b,rpi-8b,rpi-8b,rpi-8b
1334,rpi-8b,rpi-8a,rpi-8a,rpi-8b,rpi-8b
1335,rpi-8b,rpi-8b,rpi-8a,rpi-8b,rpi-8b
1336,rpi-8b,rpi-8b,rpi-8b,rpi-8b,rpi-8b
1337,rpi-8b,rpi-8a,rpi-8b,rpi-8b,rpi-8b
1338,rpi-8b,rpi-8b,rpi-8a,rpi-8b,rpi-8b
1339,rpi-8b,rpi-8b,rpi-8a,rpi-8b,rpi-8b
1340,rpi-8b,rpi-8b,rpi-8a,rpi-8b,rpi-8b
1341,rpi-8b,rpi-8b,rpi-8b,rpi-8b,rpi-8b
1342,rpi-8b,rpi-8b,rpi-8b,rpi-8b,rpi-8a
1343,rpi-8b,rpi-8b,rpi-8b,rpi-8b,rpi-8a
1344,rpi-8b,rpi-8b,rpi-8a,rpi-8b,rpi-8a
1345,rpi-8b,rpi-8b,rpi-8b,rpi-8b,rpi-8a
1346,rpi-8b,rpi-8a,rpi-8b,rpi-8a,rpi-8b
1347,rpi-8b,rpi-8b,rpi-8b,rpi-8b,rpi-8b
1348,rpi-8b,rpi-8b,rpi-8a,rpi-8b,rpi-8b
1349,rpi-8b,rpi-8b,rpi-8b,rpi-8b,rpi-8b
1350,rpi-8b,rpi-8b,rpi-8a,rpi-8b,rpi-8a
1351,rpi-8b,rpi-8b,rpi-8b,rpi-8b,rpi-8a
1352,rpi-8b,rpi-8b,rpi-8b,rpi-8a,rpi-8b
1353,rpi-8b,rpi-8b,rpi-8a,rpi-8b,rpi-8b
1354,rpi-8b,rpi-8b,rpi-8b,rpi-8b,rpi-8b
1355,rpi-8b,rpi-8a,rpi-8b,rpi-8b,rpi-8b
1356,rpi-8b,rpi-8b,rpi-8b,rpi-8b,rpi-8b
1357,rpi-8b,rpi-8b,rpi-8b,rpi-8b,rpi-8b
1358,rpi-8b,rpi-8b,rpi-8b,rpi-8b,rpi-8b
1359,rpi-8b,rpi-8b,rpi-8b,rpi-8b,rpi-8b
1360,rpi-8b,rpi-8b,rpi-8b,rpi-8b,rpi-8a
1361,rpi-8b,rpi-8a,rpi-8b,rpi-8b,rpi-8a
1362,rpi-8b,rpi-8b,rpi-8b,rpi-8a,rpi-8b
1363,rpi-8b,rpi-8b,rpi-8b,rpi-8b,rpi-8a
1364,rpi-8b,rpi-8b,rpi-8b,rpi-8b,rpi-8b
1365,rpi-8b,rpi-8b,rpi-8b,rpi-8b,rpi-8b
1366,rpi-8b,rpi-8b,rpi-8b,rpi-8b,rpi-8b
1367,rpi-8b,rpi-8b,rpi-8b,rpi-8b,rpi-8a
1368,rpi-8b,rpi-8b,rpi-8a,rpi-8b,rpi-8b
1369,rpi-8b,rpi-8b,rpi-8b,rpi-8b,rpi-8b
1370,rpi-8b,rpi-8b,rpi-8b,rpi-8b,rpi-8b
1371,rpi-8b,rpi-8b,rpi-8b,rpi-8b,rpi-8b
1372,rpi-8b,rpi-8b,rpi-8b,rpi-8b,rpi-8b
1373,rpi-8b,rpi-8a,rpi-8b,rpi-8a,rpi-8a
1374,rpi-8b,rpi-8b,rpi-8b,rpi-8a,rpi-8b
1375,rpi-8b,rpi-8b,rpi-8b,rpi-8b,rpi-8b
1376,rpi-8b,rpi-8b,rpi-8b,rpi-8b,rpi-8b
1377,rpi-8b,rpi-8b,rpi-8b,rpi-8b,rpi-8b
1378,rpi-8b,rpi-8b,rpi-8b,rpi-8a,rpi-8b
1379,rpi-8b,rpi-8b,rpi-8b,rpi-8b,rpi-8a
1380,rpi-8b,rpi-8b,rpi-8a,rpi-8b,rpi-8b
1381,rpi-8b,rpi-8b,rpi-8b,rpi-8b,rpi-8a
1382,rpi-8b,rpi-8b,rpi-8b,rpi-8b,rpi-8b
1383,rpi-8b,rpi-8b,rpi-8b,rpi-8b,rpi-8b
1384,rpi-8b,rpi-8a,rpi-8a,rpi-8b,rpi-8b
1385,rpi-8b,rpi-8b,rpi-8b,rpi-8b,rpi-8b
1386,rpi-8b,rpi-8b,rpi-8a,rpi-8b,rpi-8a
1387,rpi-8b,rpi-8b,rpi-8b,rpi-8b,rpi-8b
1388,rpi-8b,rpi-8b,rpi-8b,rpi-8b,rpi-8a
1389,rpi-8b,rpi-8b,rpi-8a,rpi-8b,rpi-8a
1390,rpi-8b,rpi-8a,rpi-8b,rpi-8b,rpi-8b
1391,rpi-8b,rpi-8b,rpi-8b,rpi-8b,rpi-8b
1392,rpi-8b,rpi-8b,rpi-8b,rpi-8b,rpi-8a
1393,rpi-8b,rpi-8b,rpi-8b,rpi-8a,rpi-8b
1394,rpi-8b,rpi-8b,rpi-8a,rpi-8b,rpi-8b
1395,rpi-8b,rpi-8b,rpi-8a,rpi-8a,rpi-8b
1396,rpi-8b,rpi-8b,rpi-8b,rpi-8a,rpi-8b
1397,rpi-8b,rpi-8b,rpi-8b,rpi-8b,rpi-8b
1398,rpi-8b,rpi-8b,rpi-8b,rpi-8b,rpi-8b
1399,rpi-8b,rpi-8b,rpi-8a,rpi-8b,rpi-8b
1400,rpi-8b,rpi-8a,rpi-8b,rpi-8a,rpi-8b
1401,rpi-8b,rpi-8b,rpi-8b,rpi-8b,rpi-8b
1402,rpi-8b,rpi-8b,rpi-8a,rpi-8b,rpi-8b
1403,rpi-8b,rpi-8b,rpi-8b,rpi-8b,rpi-8b
1404,rpi-8b,rpi-8b,rpi-8b,rpi-8b,rpi-8a
1405,rpi-8b,rpi-8b,rpi-8b,rpi-8b,rpi-8a
1406,rpi-8b,rpi-8b,rpi-8b,rpi-8b,rpi-8b
1407,rpi-8b,rpi-8b,rpi-8b,rpi-8b,rpi-8b
1408,rpi-8b,rpi-8a,rpi-8b,rpi-8b,rpi-8b
1409,rpi-8b,rpi-8b,rpi-8b,rpi-8b,rpi-8b
1410,rpi-8b,rpi-8b,rpi-8b,rpi-8b,rpi-8b
1411,rpi-8b,rpi-8b,rpi-8b,rpi-8b,rpi-8a
1412,rpi-8b,rpi-8b,rpi-8b,rpi-8b,rpi-8b
1413,rpi-8b,rpi-8b,rpi-8b,rpi-8a,rpi-8b
1414,rpi-8b,rpi-8b,rpi-8a,rpi-8a,rpi-8b
1415,rpi-8b,rpi-8b,rpi-8b,rpi-8b,rpi-8a
1416,rpi-8b,rpi-8b,rpi-8b,rpi-8a,rpi-8b
1417,rpi-8b,rpi-8a,rpi-8b,rpi-8b,rpi-8b
1418,rpi-8b,rpi-8a,rpi-8a,rpi-8b,rpi-8a
1419,rpi-8b,rpi-8b,rpi-8b,rpi-8b,rpi-8b
1420,rpi-8b,rpi-8b,rpi-8b,rpi-8a,rpi-8a
1421,rpi-8b,rpi-8b,rpi-8b,rpi-8b,rpi-8b
1422,rpi-8b,rpi-8b,rpi-8a,rpi-8b,rpi-8b
1423,rpi-8b,rpi-8b,rpi-8b,rpi-8b,rpi-8b
1424,rpi-8b,rpi-8b,rpi-8b,rpi-8b,rpi-8b
1425,rpi-8b,rpi-8a,rpi-8b,rpi-8b,rpi-8b
1426,rpi-8b,rpi-8b,rpi-8b,rpi-8b,rpi-8a
1427,rpi-8b,rpi-8a,rpi-8b,rpi-8b,rpi-8a
1428,rpi-8b,rpi-8a,rpi-8b,rpi-8b,rpi-8b
1429,rpi-8b,rpi-8b,rpi-8b,rpi-8b,rpi-8b
1430,rpi-8b,rpi-8b,rpi-8b,rpi-8b,rpi-8a
1431,rpi-8b,rpi-8a,rpi-8b,rpi-8b,rpi-8b
1432,rpi-8b,rpi-8b,rpi-8b,rpi-8b,rpi-8c
1433,rpi-8b,rpi-8b,rpi-8b,rpi-8b,rpi-8b
1434,rpi-8b,rpi-8b,rpi-8b,rpi-8b,rpi-8a
1435,rpi-8b,rpi-8b,rpi-8b,rpi-8b,rpi-8a
1436,rpi-8b,rpi-8b,rpi-8b,rpi-8b,rpi-8a
1437,rpi-8b,rpi-8b,rpi-8b,rpi-8b,rpi-8b
1438,rpi-8b,rpi-8b,rpi-8a,rpi-8b,rpi-8b
1439,rpi-8b,rpi-8b,rpi-8b,rpi-8b,rpi-8b
1440,rpi-8b,rpi-8a,rpi-8b,rpi-8a,rpi-8b
1441,rpi-8b,rpi-8b,rpi-8b,rpi-8b,rpi-8b
1442,rpi-8b,rpi-8b,rpi-8b,rpi-8b,rpi-8a
1443,rpi-8b,rpi-8a,rpi-8b,rpi-8b,rpi-8a
1444,rpi-8b,rpi-8b,rpi-8b,rpi-8b,rpi-8b
1445,rpi-8b,rpi-8a,rpi-8b,rpi-8a,rpi-8b
1446,rpi-8b,rpi-8b,rpi-8b,rpi-8b,rpi-8b
1447,rpi-8b,rpi-8b,rpi-8b,rpi-8b,rpi-8a
1448,rpi-8b,rpi-8b,rpi-8a,rpi-8b,rpi-8b
1449,rpi-8b,rpi-8b,rpi-8b,rpi-8b,rpi-8b
1450,rpi-8b,rpi-8b,rpi-8b,rpi-8b,rpi-8b
1451,rpi-8b,rpi-8b,rpi-8b,rpi-8a,rpi-8b
1452,rpi-8b,rpi-8b,rpi-8b,rpi-8b,rpi-8b
1453,rpi-8b,rpi-8b,rpi-8b,rpi-8b,rpi-8b
1454,rpi-8b,rpi-8b,rpi-8b,rpi-8b,rpi-8b
1455,rpi-8b,rpi-8b,rpi-8b,rpi-8b,rpi-8b
1456,rpi-8b,rpi-8b,rpi-8b,rpi-8b,rpi-8b
1457,rpi-8b,rpi-8b,rpi-8b,rpi-8b,rpi-8b
1458,rpi-8b,rpi-8b,rpi-8b,rpi-8b,rpi-8b
1459,rpi-8b,rpi-8b,rpi-8b,rpi-8b,rpi-8a
1460,rpi-8b,rpi-8b,rpi-8b,rpi-8b,rpi-8b
1461,rpi-8b,rpi-8b,rpi-8b,rpi-8b,rpi-8a
1462,rpi-8b,rpi-8a,rpi-8b,rpi-8b,rpi-8b
1463,rpi-8b,rpi-8b,rpi-8a,rpi-8b,rpi-8b
1464,rpi-8b,rpi-8b,rpi-8b,rpi-8b,rpi-8a
1465,rpi-8b,rpi-8b,rpi-8a,rpi-8b,rpi-8b
1466,rpi-8b,rpi-8b,rpi-8b,rpi-8b,rpi-8b
1467,rpi-8b,rpi-8b,rpi-8b,rpi-8b,rpi-8b
1468,rpi-8b,rpi-8b,rpi-8b,rpi-8b,rpi-8a
1469,rpi-8b,rpi-8b,rpi-8b,rpi-8b,rpi-8b
1470,rpi-8b,rpi-8a,rpi-8b,rpi-8b,rpi-8b
1471,rpi-8b,rpi-8b,rpi-8b,rpi-8b,rpi-8b
1472,rpi-8b,rpi-8b,rpi-8b,rpi-8b,rpi-8b
1473,rpi-8b,rpi-8b,rpi-8b,rpi-8b,rpi-8a
1474,rpi-8b,rpi-8b,rpi-8b,rpi-8b,rpi-8b
1475,rpi-8b,rpi-8b,rpi-8b,rpi-8b,rpi-8b
1476,rpi-8b,rpi-8b,rpi-8b,rpi-8b,rpi-8b
1477,rpi-8b,rpi-8b,rpi-8b,rpi-8b,rpi-8b
1478,rpi-8b,rpi-8b,rpi-8b,rpi-8a,rpi-8b
1479,rpi-8b,rpi-8b,rpi-8b,rpi-8a,rpi-8a
1480,rpi-8b,rpi-8a,rpi-8b,rpi-8b,rpi-8b
1481,rpi-8b,rpi-8b,rpi-8a,rpi-8a,rpi-8a
1482,rpi-8b,rpi-8b,rpi-8b,rpi-8b,rpi-8b
1483,rpi-8b,rpi-8b,rpi-8b,rpi-8b,rpi-8a
1484,rpi-8b,rpi-8b,rpi-8b,rpi-8b,rpi-8a
1485,rpi-8b,rpi-8b,rpi-8b,rpi-8b,rpi-8b
1486,rpi-8b,rpi-8b,rpi-8b,rpi-8b,rpi-8b
1487,rpi-8b,rpi-8a,rpi-8a,rpi-8b,rpi-8b
1488,rpi-8b,rpi-8b,rpi-8b,rpi-8b,rpi-8b
1489,rpi-8b,rpi-8a,rpi-8c,rpi-8b,rpi-8a
1490,rpi-8b,rpi-8b,rpi-8b,rpi-8a,rpi-8a
1491,rpi-8b,rpi-8b,rpi-8b,rpi-8b,rpi-8b
1492,rpi-8b,rpi-8b,rpi-8b,rpi-8a,rpi-8b
1493,rpi-8b,rpi-8b,rpi-8a,rpi-8b,rpi-8b
1494,rpi-8b,rpi-8b,rpi-8b,rpi-8b,rpi-8b
1495,rpi-8b,rpi-8b,rpi-8b,rpi-8b,rpi-8b
1496,rpi-8b,rpi-8a,rpi-8b,rpi-8b,rpi-8b
1497,odroid2,odroid2,odroid2,odroid2,odroid2
1498,odroid2,odroid2,odroid2,odroid2,odroid2
1499,odroid2,odroid2,odroid2,odroid2,odroid2
1500,odroid2,odroid2,odroid2,odroid2,odroid2
1501,odroid2,odroid2,odroid2,odroid2,odroid2
1502,odroid2,odroid2,odroid2,odroid2,odroid2
1503,odroid2,odroid2,odroid2,odroid2,odroid2
1504,odroid2,odroid2,odroid2,odroid2,odroid2
1505,odroid2,odroid2,odroid2,odroid2,odroid2
1506,odroid2,odroid2,odroid2,odroid2,odroid2
1507,odroid2,odroid2,odroid2,odroid2,odroid2
1508,odroid2,odroid2,odroid2,odroid2,odroid2
1509,odroid2,odroid2,odroid2,odroid2,odroid2
1510,odroid2,odroid2,odroid2,odroid2,odroid2
1511,odroid2,odroid2,odroid2,odroid2,odroid2
1512,odroid2,odroid2,odroid2,odroid2,odroid2
1513,odroid2,odroid2,odroid2,odroid2,odroid2
1514,odroid2,odroid2,odroid2,odroid2,odroid2
1515,odroid2,odroid2,odroid2,odroid2,odroid2
1516,odroid2,odroid2,odroid2,odroid2,odroid2
1517,odroid2,odroid2,odroid2,odroid2,odroid2
1518,odroid2,odroid2,odroid2,odroid2,odroid2
1519,odroid2,odroid2,odroid2,odroid2,odroid2
1520,odroid2,odroid2,odroid2,odroid2,odroid2
1521,odroid2,odroid2,odroid2,odroid2,odroid2
1522,odroid2,odroid2,odroid2,odroid2,odroid2
1523,odroid2,odroid2,odroid2,odroid2,odroid2
1524,odroid2,odroid2,odroid2,odroid2,odroid2
1525,odroid2,odroid2,odroid2,odroid2,odroid2
1526,odroid2,odroid2,odroid2,odroid2,odroid2
1527,odroid2,odroid2,odroid2,odroid2,odroid2
1528,odroid2,odroid2,odroid2,odroid2,odroid2
1529,odroid2,odroid2,odroid2,odroid2,odroid2
1530,odroid2,odroid2,odroid2,odroid2,odroid2
1531,odroid2,odroid2,odroid2,odroid2,odroid2
1532,odroid2,odroid2,odroid2,odroid2,odroid2
1533,odroid2,odroid2,odroid2,odroid2,odroid2
1534,odroid2,odroid2,odroid2,odroid2,odroid2
1535,odroid2,odroid2,odroid2,odroid2,odroid2
1536,odroid2,odroid2,odroid2,odroid2,odroid2
1537,odroid2,odroid2,odroid2,odroid2,odroid2
1538,odroid2,odroid2,odroid2,odroid2,odroid2
1539,odroid2,odroid2,odroid2,odroid2,odroid2
1540,odroid2,odroid2,odroid2,odroid2,odroid2
1541,odroid2,odroid2,odroid2,odroid2,odroid2
1542,odroid2,odroid2,odroid2,odroid2,odroid2
1543,odroid2,odroid2,odroid2,odroid2,odroid2
1544,odroid2,odroid2,odroid2,odroid2,odroid2
1545,odroid2,odroid2,odroid2,odroid2,odroid2
1546,odroid2,odroid2,odroid2,odroid2,odroid2
1547,odroid2,odroid2,odroid2,odroid2,odroid2
1548,odroid2,odroid2,odroid2,odroid2,odroid2
1549,odroid2,odroid2,odroid2,odroid2,odroid2
1550,odroid2,odroid2,odroid2,odroid2,odroid2
1551,odroid2,odroid2,odroid2,odroid2,odroid2
1552,odroid2,odroid2,odroid2,odroid2,odroid2
1553,odroid2,odroid2,odroid2,odroid2,odroid2
1554,odroid2,odroid2,odroid2,odroid2,odroid2
1555,odroid2,odroid2,odroid2,odroid2,odroid2
1556,odroid2,odroid2,odroid2,odroid2,odroid2
1557,odroid2,odroid2,odroid2,odroid2,odroid2
1558,odroid2,odroid2,odroid2,odroid2,odroid2
1559,odroid2,odroid2,odroid2,odroid2,odroid2
1560,odroid2,odroid2,odroid2,odroid2,odroid2
1561,odroid2,odroid2,odroid2,odroid2,odroid2
1562,odroid2,odroid2,odroid2,odroid2,odroid2
1563,odroid2,odroid2,odroid2,odroid2,odroid2
1564,odroid2,odroid2,odroid2,odroid2,odroid2
1565,odroid2,odroid2,odroid2,odroid2,odroid2
1566,odroid2,odroid2,odroid2,odroid2,odroid2
1567,odroid2,odroid2,odroid2,odroid2,odroid2
1568,odroid2,odroid2,odroid2,odroid2,odroid2
1569,odroid2,odroid2,odroid2,odroid2,odroid2
1570,odroid2,odroid2,odroid2,odroid2,odroid2
1571,odroid2,odroid2,odroid2,odroid2,odroid2
1572,odroid2,odroid2,odroid2,odroid2,odroid2
1573,odroid2,odroid2,odroid2,odroid2,odroid2
1574,odroid2,odroid2,odroid2,odroid2,odroid2
1575,odroid2,odroid2,odroid2,odroid2,odroid2
1576,odroid2,odroid2,odroid2,odroid2,odroid2
1577,odroid2,odroid2,odroid2,odroid2,odroid2
1578,odroid2,odroid2,odroid2,odroid2,odroid2
1579,odroid2,odroid2,odroid2,odroid2,odroid2
1580,odroid2,odroid2,odroid2,odroid2,odroid2
1581,odroid2,odroid2,odroid2,odroid2,odroid2
1582,odroid2,odroid2,odroid2,odroid2,odroid2
1583,odroid2,odroid2,odroid2,odroid2,odroid2
1584,odroid2,odroid2,odroid2,odroid2,odroid2
1585,odroid2,odroid2,odroid2,odroid2,odroid2
1586,odroid2,odroid2,odroid2,odroid2,odroid2
1587,odroid2,odroid2,odroid2,odroid2,odroid2
1588,odroid2,odroid3,odroid2,odroid2,odroid2
1589,odroid2,odroid2,odroid2,odroid2,odroid2
1590,odroid2,odroid2,odroid2,odroid2,odroid2
1591,odroid2,odroid2,odroid2,odroid2,odroid2
1592,odroid2,odroid2,odroid2,odroid2,odroid2
1593,odroid2,odroid2,odroid2,odroid2,odroid2
1594,odroid2,odroid2,odroid2,odroid2,odroid2
1595,odroid2,odroid2,odroid2,odroid2,odroid2
1596,odroid2,odroid2,odroid2,odroid2,odroid2
1597,odroid2,odroid2,odroid2,odroid2,odroid2
1598,odroid2,odroid2,odroid2,odroid2,odroid2
1599,odroid2,odroid2,odroid2,odroid2,odroid2
1600,odroid2,odroid2,odroid2,odroid2,odroid2
1601,odroid2,odroid2,odroid2,odroid2,odroid2
1602,odroid2,odroid2,odroid2,odroid2,odroid2
1603,odroid2,odroid2,odroid2,odroid2,odroid2
1604,odroid2,odroid2,odroid2,odroid2,odroid2
1605,odroid2,odroid2,odroid2,odroid2,odroid2
1606,odroid2,odroid2,odroid2,odroid2,odroid2
1607,odroid2,odroid2,odroid2,odroid2,odroid2
1608,odroid2,odroid2,odroid2,odroid2,odroid2
1609,odroid2,odroid2,odroid2,odroid2,odroid2
1610,odroid2,odroid2,odroid2,odroid2,odroid2
1611,odroid2,odroid2,odroid2,odroid2,odroid2
1612,odroid2,odroid2,odroid2,odroid2,odroid2
1613,odroid2,odroid2,odroid2,odroid2,odroid2
1614,odroid2,odroid2,odroid2,odroid2,odroid2
1615,odroid2,odroid2,odroid2,odroid2,odroid2
1616,odroid2,odroid2,odroid2,odroid2,odroid2
1617,odroid2,odroid2,odroid2,odroid2,odroid2
1618,odroid2,odroid2,odroid2,odroid2,odroid2
1619,odroid2,odroid2,odroid2,odroid2,odroid2
1620,odroid2,odroid2,odroid2,odroid2,odroid2
1621,odroid2,odroid2,odroid2,odroid2,odroid2
1622,odroid2,odroid2,odroid2,odroid2,odroid2
1623,odroid2,odroid2,odroid2,odroid2,odroid2
1624,odroid2,odroid2,odroid2,odroid2,odroid2
1625,odroid2,odroid2,odroid2,odroid2,odroid2
1626,odroid2,odroid2,odroid2,odroid2,odroid2
1627,odroid2,odroid2,odroid2,odroid2,odroid2
1628,odroid2,odroid2,odroid2,odroid2,odroid2
1629,odroid2,odroid2,odroid2,odroid2,odroid2
1630,odroid2,odroid2,odroid2,odroid2,odroid2
1631,odroid2,odroid2,odroid2,odroid2,odroid2
1632,odroid2,odroid2,odroid2,odroid2,odroid2
1633,odroid2,odroid2,odroid2,odroid2,odroid2
1634,odroid2,odroid2,odroid2,odroid2,odroid2
1635,odroid2,odroid2,odroid2,odroid2,odroid2
1636,odroid2,odroid2,odroid2,odroid2,odroid2
1637,odroid2,odroid2,odroid2,odroid2,odroid2
1638,odroid2,odroid2,odroid2,odroid2,odroid2
1639,odroid2,odroid2,odroid2,odroid2,odroid2
1640,odroid2,odroid2,odroid2,odroid2,odroid2
1641,odroid2,odroid2,odroid2,odroid2,odroid2
1642,odroid2,odroid2,odroid2,odroid2,odroid2
1643,odroid2,odroid2,odroid2,odroid2,odroid2
1644,odroid2,odroid2,odroid2,odroid2,odroid2
1645,odroid2,odroid2,odroid2,odroid2,odroid2
1646,odroid2,odroid2,odroid2,odroid2,odroid2
1647,odroid2,odroid2,odroid2,odroid2,odroid2
1648,odroid2,odroid2,odroid2,odroid2,odroid2
1649,odroid2,odroid2,odroid2,odroid2,odroid2
1650,odroid2,odroid2,odroid2,odroid2,odroid2
1651,odroid2,odroid2,odroid2,odroid2,odroid2
1652,odroid2,odroid2,odroid2,odroid2,odroid2
1653,odroid2,odroid2,odroid2,odroid2,odroid2
1654,odroid2,odroid2,odroid2,odroid2,odroid2
1655,odroid2,odroid2,odroid2,odroid2,odroid2
1656,odroid2,odroid2,odroid2,odroid2,odroid2
1657,odroid2,odroid2,odroid2,odroid2,odroid2
1658,odroid2,odroid2,odroid2,odroid2,odroid2
1659,odroid2,odroid2,odroid2,odroid2,odroid2
1660,odroid2,odroid2,odroid2,odroid2,odroid2
1661,odroid2,odroid2,odroid2,odroid2,odroid2
1662,odroid2,odroid2,odroid2,odroid2,odroid2
1663,odroid2,odroid2,odroid2,odroid2,odroid2
1664,odroid2,odroid2,odroid2,odroid2,odroid2
1665,odroid2,odroid2,odroid2,odroid2,odroid2
1666,odroid2,odroid2,odroid2,odroid2,odroid2
1667,odroid2,odroid2,odroid2,odroid2,odroid2
1668,odroid2,odroid2,odroid2,odroid2,odroid2
1669,odroid2,odroid2,odroid2,odroid2,odroid2
1670,odroid2,odroid2,odroid2,odroid2,odroid2
1671,odroid2,odroid2,odroid2,odroid2,odroid2
1672,odroid2,odroid2,odroid2,odroid2,odroid2
1673,odroid2,odroid2,odroid2,odroid2,odroid2
1674,odroid2,odroid2,odroid2,odroid2,odroid2
1675,odroid2,odroid2,odroid2,odroid2,odroid2
1676,odroid2,odroid2,odroid2,odroid2,odroid2
1677,odroid2,odroid2,odroid2,odroid2,odroid2
1678,odroid2,odroid2,odroid2,odroid2,odroid2
1679,odroid2,odroid2,odroid2,odroid2,odroid2
1680,odroid2,odroid2,odroid2,odroid2,odroid2
1681,odroid2,odroid2,odroid2,odroid2,odroid2
1682,odroid2,odroid2,odroid2,odroid2,odroid2
1683,odroid2,odroid2,odroid2,odroid2,odroid2
1684,odroid2,odroid2,odroid2,odroid2,odroid2
1685,odroid2,odroid2,odroid2,odroid2,odroid2
1686,odroid2,odroid2,odroid2,odroid2,odroid2
1687,odroid2,odroid2,odroid2,odroid2,odroid2
1688,odroid2,odroid2,odroid2,odroid2,odroid2
1689,odroid2,odroid2,odroid2,odroid2,odroid2
1690,odroid2,odroid2,odroid2,odroid2,odroid2
1691,odroid2,odroid2,odroid2,odroid2,odroid2
1692,odroid2,odroid2,odroid2,odroid2,odroid2
1693,odroid2,odroid2,odroid2,odroid2,odroid2
1694,odroid2,odroid2,odroid2,odroid2,odroid2
1695,odroid2,odroid2,odroid2,odroid2,odroid2
1696,odroid2,odroid2,odroid2,odroid2,odroid2
1697,odroid2,odroid2,odroid2,odroid2,odroid2
1698,odroid2,odroid2,odroid2,odroid2,odroid2
1699,odroid2,odroid2,odroid2,odroid2,odroid2
1700,odroid2,odroid2,odroid2,odroid2,odroid2
1701,odroid2,odroid2,odroid2,odroid2,odroid2
1702,odroid2,odroid2,odroid2,odroid2,odroid2
1703,odroid2,odroid2,odroid2,odroid2,odroid2
1704,odroid2,odroid2,odroid3,odroid2,odroid2
1705,odroid2,odroid2,odroid2,odroid2,odroid2
1706,odroid2,odroid2,odroid2,odroid2,odroid2
1707,odroid2,odroid2,odroid2,odroid2,odroid2
1708,odroid2,odroid2,odroid2,odroid3,odroid2
1709,odroid2,odroid2,odroid2,odroid2,odroid2
1710,odroid2,odroid2,odroid2,odroid2,odroid2
1711,odroid2,odroid2,odroid2,odroid2,odroid2
1712,odroid2,odroid2,odroid2,odroid2,odroid2
1713,odroid2,odroid2,odroid2,odroid2,odroid2
1714,odroid2,odroid2,odroid2,odroid2,odroid2
1715,odroid2,odroid2,odroid2,odroid2,odroid2
1716,odroid2,odroid2,odroid2,odroid2,odroid2
1717,odroid2,odroid2,odroid2,odroid2,odroid2
1718,odroid2,odroid2,odroid2,odroid2,odroid2
1719,odroid2,odroid2,odroid2,odroid2,odroid2
1720,odroid2,odroid2,odroid2,odroid2,odroid2
1721,odroid2,odroid2,odroid2,odroid2,odroid2
1722,odroid2,odroid2,odroid2,odroid2,odroid2
1723,odroid2,odroid2,odroid2,odroid2,odroid2
1724,odroid2,odroid2,odroid2,odroid2,odroid2
1725,odroid2,odroid2,odroid2,odroid2,odroid2
1726,odroid2,odroid2,odroid2,odroid2,odroid2
1727,odroid2,odroid2,odroid2,odroid2,odroid2
1728,odroid2,odroid2,odroid4,odroid2,odroid2
1729,odroid2,odroid2,odroid2,odroid2,odroid2
1730,odroid2,odroid2,odroid2,odroid2,odroid2
1731,odroid2,odroid2,odroid2,odroid2,odroid2
1732,odroid2,odroid2,odroid2,odroid2,odroid2
1733,odroid2,odroid2,odroid2,odroid2,odroid2
1734,odroid2,odroid2,odroid2,odroid2,odroid2
1735,odroid2,odroid2,odroid2,odroid2,odroid2
1736,odroid2,odroid2,odroid2,odroid2,odroid2
1737,odroid2,odroid2,odroid2,odroid2,odroid2
1738,odroid2,odroid2,odroid2,odroid2,odroid2
1739,odroid2,odroid2,odroid2,odroid2,odroid2
1740,odroid2,odroid2,odroid2,odroid2,odroid2
1741,odroid2,odroid2,odroid2,odroid2,odroid2
1742,odroid2,odroid2,odroid2,odroid2,odroid2
1743,odroid2,odroid2,odroid2,odroid2,odroid2
1744,odroid2,odroid2,odroid2,odroid1,odroid2
1745,odroid2,odroid2,odroid2,odroid2,odroid2
1746,odroid2,odroid2,odroid2,odroid2,odroid2
1747,odroid2,odroid2,odroid2,odroid2,odroid2
1748,odroid2,odroid2,odroid2,odroid2,odroid2
1749,odroid2,odroid2,odroid2,odroid2,odroid2
1750,odroid2,odroid2,odroid3,odroid2,odroid2
1751,odroid2,odroid2,odroid2,odroid2,odroid2
1752,odroid2,odroid2,odroid2,odroid2,odroid2
1753,odroid2,odroid2,odroid2,odroid2,odroid2
1754,odroid2,odroid2,odroid2,odroid2,odroid2
1755,odroid2,odroid2,odroid2,odroid1,odroid2
1756,odroid2,odroid2,odroid2,odroid2,odroid2
1757,odroid2,odroid2,odroid2,odroid2,odroid2
1758,odroid2,odroid2,odroid2,odroid2,odroid2
1759,odroid2,odroid2,odroid2,odroid2,odroid2
1760,odroid2,odroid2,odroid2,odroid2,odroid2
1761,odroid2,odroid2,odroid2,odroid2,odroid2
1762,odroid2,odroid2,odroid2,odroid2,odroid2
1763,odroid2,odroid2,odroid2,odroid2,odroid2
1764,odroid2,odroid2,odroid2,odroid2,odroid2
1765,odroid2,odroid2,odroid2,odroid2,odroid2
1766,odroid2,odroid2,odroid2,odroid2,odroid2
1767,odroid2,odroid2,odroid2,odroid2,odroid2
1768,odroid2,odroid2,odroid2,odroid2,odroid2
1769,odroid2,odroid2,odroid2,odroid2,odroid2
1770,odroid2,odroid2,odroid2,odroid2,odroid2
1771,odroid2,odroid2,odroid2,odroid2,odroid2
1772,odroid2,odroid2,odroid2,odroid2,odroid2
1773,odroid2,odroid2,odroid2,odroid2,odroid2
1774,odroid2,odroid2,odroid2,odroid2,odroid2
1775,odroid2,odroid2,odroid2,odroid2,odroid2
1776,odroid2,odroid2,odroid2,odroid2,odroid2
1777,odroid2,odroid2,odroid2,odroid2,odroid2
1778,odroid2,odroid2,odroid2,odroid2,odroid2
1779,odroid2,odroid2,odroid2,odroid2,odroid2
1780,odroid2,odroid2,odroid2,odroid2,odroid2
1781,odroid2,odroid2,odroid2,odroid2,odroid2
1782,odroid2,odroid2,odroid2,odroid2,odroid2
1783,odroid2,odroid2,odroid2,odroid2,odroid2
1784,odroid2,odroid2,odroid2,odroid2,odroid2
1785,odroid2,odroid2,odroid2,odroid2,odroid1
1786,odroid2,odroid2,odroid2,odroid2,odroid2
1787,odroid2,odroid2,odroid2,odroid2,odroid2
1788,odroid2,odroid2,odroid2,odroid2,odroid2
1789,odroid2,odroid2,odroid2,odroid2,odroid2
1790,odroid2,odroid2,odroid2,odroid2,odroid2
1791,odroid2,odroid2,odroid2,odroid2,odroid2
1792,odroid2,odroid2,odroid2,odroid2,odroid2
1793,odroid2,odroid2,odroid2,odroid2,odroid2
1794,odroid2,odroid2,odroid2,odroid2,odroid2
1795,odroid2,odroid2,odroid2,odroid2,odroid2
1796,odroid2,odroid2,odroid2,odroid2,odroid2
1797,odroid2,odroid2,odroid2,odroid2,odroid2
1798,odroid2,odroid2,odroid2,odroid2,odroid2
1799,odroid2,odroid2,odroid2,odroid2,odroid2
1800,odroid2,odroid2,odroid2,odroid2,odroid2
1801,odroid2,odroid2,odroid2,odroid2,odroid2
1802,odroid2,odroid2,odroid2,odroid2,odroid2
1803,odroid2,odroid2,odroid2,odroid2,odroid2
1804,odroid2,odroid2,odroid2,odroid2,odroid2
1805,odroid2,odroid2,odroid2,odroid2,odroid2
1806,odroid2,odroid2,odroid2,odroid2,odroid2
1807,odroid2,odroid2,odroid2,odroid2,odroid2
1808,odroid2,odroid2,odroid2,odroid2,odroid2
1809,odroid2,odroid2,odroid2,odroid2,odroid2
1810,odroid2,odroid2,odroid2,odroid2,odroid2
1811,odroid2,odroid2,odroid2,odroid2,odroid2
1812,odroid2,odroid2,odroid2,odroid2,odroid2
1813,odroid2,odroid2,odroid2,odroid2,odroid2
1814,odroid2,odroid2,odroid2,odroid2,odroid2
1815,odroid2,odroid2,odroid2,odroid2,odroid2
1816,odroid2,odroid2,odroid2,odroid2,odroid2
1817,odroid2,odroid2,odroid2,odroid2,odroid1
1818,odroid2,odroid2,odroid2,odroid2,odroid2
1819,odroid2,odroid2,odroid2,odroid2,odroid2
1820,odroid2,odroid2,odroid2,odroid2,odroid2
1821,odroid2,odroid2,odroid2,odroid2,odroid2
1822,odroid2,odroid2,odroid2,odroid2,odroid2
1823,odroid2,odroid2,odroid2,odroid2,odroid2
1824,odroid2,odroid2,odroid2,odroid2,odroid2
1825,odroid2,odroid2,odroid2,odroid2,odroid2
1826,odroid2,odroid2,odroid2,odroid2,odroid2
1827,odroid2,odroid2,odroid2,odroid2,odroid2
1828,odroid2,odroid2,odroid2,odroid2,odroid2
1829,odroid2,odroid2,odroid2,odroid2,odroid2
1830,odroid2,odroid2,odroid2,odroid2,odroid2
1831,odroid2,odroid2,odroid2,odroid2,odroid2
1832,odroid2,odroid2,odroid2,odroid2,odroid2
1833,odroid2,odroid2,odroid2,odroid2,odroid2
1834,odroid2,odroid2,odroid2,odroid2,odroid2
1835,odroid2,odroid2,odroid2,odroid2,odroid2
1836,odroid2,odroid2,odroid2,odroid2,odroid2
1837,odroid2,odroid2,odroid2,odroid2,odroid2
1838,odroid2,odroid2,odroid2,odroid2,odroid2
1839,odroid2,odroid2,odroid2,odroid2,odroid2
1840,odroid2,odroid2,odroid2,odroid2,odroid2
1841,odroid2,odroid2,odroid2,odroid2,odroid2
1842,odroid2,odroid2,odroid2,odroid2,odroid2
1843,odroid2,odroid2,odroid2,odroid2,odroid2
1844,odroid2,odroid2,odroid2,odroid2,odroid2
1845,odroid2,odroid2,odroid2,odroid2,odroid2
1846,odroid2,odroid2,odroid2,odroid2,odroid2
1847,odroid2,odroid2,odroid2,odroid2,odroid2
1848,odroid2,odroid2,odroid2,odroid2,odroid2
1849,odroid2,odroid2,odroid2,odroid2,odroid2
1850,odroid2,odroid2,odroid2,odroid2,odroid2
1851,odroid2,odroid2,odroid2,odroid2,odroid2
1852,odroid2,odroid2,odroid2,odroid3,odroid2
1853,odroid2,odroid2,odroid2,odroid2,odroid2
1854,odroid2,odroid2,odroid2,odroid2,odroid2
1855,odroid2,odroid2,odroid2,odroid2,odroid2
1856,odroid2,odroid2,odroid2,odroid2,odroid2
1857,odroid2,odroid2,odroid2,odroid2,odroid2
1858,odroid2,odroid2,odroid2,odroid2,odroid2
1859,odroid2,odroid2,odroid2,odroid2,odroid2
1860,odroid2,odroid2,odroid2,odroid2,odroid2
1861,odroid2,odroid2,odroid2,odroid2,odroid2
1862,odroid2,odroid2,odroid2,odroid2,odroid2
1863,odroid2,odroid2,odroid2,odroid2,odroid2
1864,odroid2,odroid2,odroid2,odroid2,odroid2
1865,odroid2,odroid2,odroid2,odroid2,odroid2
1866,odroid2,odroid2,odroid2,odroid2,odroid2
1867,odroid2,odroid2,odroid2,odroid2,odroid2
1868,odroid2,odroid2,odroid2,odroid2,odroid2
1869,odroid2,odroid2,odroid2,odroid2,odroid2
1870,odroid2,odroid2,odroid2,odroid2,odroid2
1871,odroid2,odroid2,odroid2,odroid2,odroid2
1872,odroid2,odroid2,odroid2,odroid2,odroid2
1873,odroid2,odroid2,odroid3,odroid2,odroid2
1874,odroid2,odroid2,odroid2,odroid2,odroid2
1875,odroid2,odroid2,odroid2,odroid2,odroid2
1876,odroid2,odroid2,odroid2,odroid2,odroid2
1877,odroid2,odroid2,odroid2,odroid2,odroid2
1878,odroid2,odroid2,odroid2,odroid2,odroid2
1879,odroid2,odroid2,odroid2,odroid2,odroid2
1880,odroid2,odroid2,odroid2,odroid2,odroid2
1881,odroid2,odroid2,odroid2,odroid2,odroid2
1882,odroid2,odroid2,odroid2,odroid2,odroid2
1883,odroid2,odroid2,odroid2,odroid2,odroid2
1884,odroid2,odroid2,odroid2,odroid2,odroid2
1885,odroid2,odroid2,odroid2,odroid2,odroid2
1886,odroid2,odroid2,odroid2,odroid2,odroid2
1887,odroid2,odroid2,odroid2,odroid2,odroid2
1888,odroid2,odroid2,odroid2,odroid2,odroid2
1889,odroid2,odroid1,odroid2,odroid2,odroid2
1890,odroid2,odroid2,odroid2,odroid2,odroid2
1891,odroid2,odroid2,odroid2,odroid2,odroid2
1892,odroid2,odroid2,odroid2,odroid2,odroid2
1893,odroid2,odroid2,odroid2,odroid2,odroid2
1894,odroid2,odroid2,odroid2,odroid2,odroid2
1895,odroid2,odroid2,odroid2,odroid2,odroid2
1896,odroid2,odroid2,odroid2,odroid2,odroid2
1897,odroid2,odroid2,odroid2,odroid2,odroid2
1898,odroid2,odroid2,odroid2,odroid2,odroid2
1899,odroid2,odroid2,odroid2,odroid2,odroid2
1900,odroid2,odroid2,odroid2,odroid2,odroid2
1901,odroid2,odroid2,odroid2,odroid2,odroid2
1902,odroid2,odroid2,odroid2,odroid2,odroid2
1903,odroid2,odroid2,odroid2,odroid2,odroid2
1904,odroid2,odroid2,odroid2,odroid2,odroid2
1905,odroid2,odroid2,odroid2,odroid2,odroid2
1906,odroid2,odroid2,odroid2,odroid2,odroid2
1907,odroid2,odroid2,odroid2,odroid2,odroid2
1908,odroid2,odroid2,odroid2,odroid2,odroid2
1909,odroid2,odroid2,odroid2,odroid2,odroid2
1910,odroid2,odroid2,odroid2,odroid2,odroid2
1911,odroid2,odroid2,odroid2,odroid2,odroid2
1912,odroid2,odroid2,odroid2,odroid2,odroid2
1913,odroid2,odroid2,odroid2,odroid2,odroid2
1914,odroid2,odroid2,odroid2,odroid2,odroid2
1915,odroid2,odroid2,odroid2,odroid2,odroid2
1916,odroid2,odroid2,odroid2,odroid2,odroid2
1917,odroid2,odroid2,odroid2,odroid2,odroid2
1918,odroid2,odroid2,odroid3,odroid2,odroid2
1919,odroid2,odroid2,odroid2,odroid2,odroid2
1920,odroid2,odroid2,odroid2,odroid2,odroid2
1921,odroid2,odroid2,odroid2,odroid2,odroid2
1922,odroid2,odroid2,odroid2,odroid2,odroid2
1923,odroid2,odroid2,odroid2,odroid2,odroid2
1924,odroid2,odroid2,odroid2,odroid2,odroid2
1925,odroid2,odroid2,odroid2,odroid2,odroid2
1926,odroid2,odroid2,odroid2,odroid2,odroid2
1927,odroid2,odroid2,odroid2,odroid2,odroid2
1928,odroid2,odroid2,odroid2,odroid2,odroid2
1929,odroid2,odroid2,odroid2,odroid2,odroid2
1930,odroid2,odroid2,odroid2,odroid2,odroid2
1931,odroid2,odroid2,odroid2,odroid2,odroid2
1932,odroid2,odroid2,odroid2,odroid2,odroid2
1933,odroid2,odroid2,odroid2,odroid2,odroid2
1934,odroid2,odroid2,odroid2,odroid2,odroid2
1935,odroid2,odroid2,odroid2,odroid2,odroid2
1936,odroid2,odroid2,odroid2,odroid2,odroid2
1937,odroid2,odroid2,odroid2,odroid2,odroid2
1938,odroid2,odroid2,odroid2,odroid2,odroid2
1939,odroid1,odroid1,odroid1,odroid1,odroid1
1940,odroid1,odroid1,odroid1,odroid1,odroid1
1941,odroid1,odroid1,odroid1,odroid1,odroid1
1942,odroid1,odroid1,odroid1,odroid1,odroid1
1943,odroid1,odroid1,odroid1,odroid1,odroid1
1944,odroid1,odroid1,odroid1,odroid1,odroid1
1945,odroid1,odroid1,odroid1,odroid1,odroid1
1946,odroid1,odroid1,odroid1,odroid1,odroid1
1947,odroid1,odroid1,odroid1,odroid1,odroid1
1948,odroid1,odroid1,odroid1,odroid1,odroid1
1949,odroid1,odroid1,odroid1,odroid1,odroid1
1950,odroid1,odroid3,odroid1,odroid1,odroid1
1951,odroid1,odroid1,odroid1,odroid1,odroid1
1952,odroid1,odroid1,odroid1,odroid1,odroid1
1953,odroid1,odroid1,odroid1,odroid1,odroid1
1954,odroid1,odroid1,odroid1,odroid1,odroid1
1955,odroid1,odroid1,odroid1,odroid1,odroid1
1956,odroid1,odroid1,odroid1,odroid1,odroid1
1957,odroid1,odroid1,odroid1,odroid1,odroid1
1958,odroid1,odroid1,odroid1,odroid1,odroid1
1959,odroid1,odroid1,odroid1,odroid1,odroid1
1960,odroid1,odroid1,odroid1,odroid1,odroid1
1961,odroid1,odroid1,odroid1,odroid1,odroid1
1962,odroid1,odroid1,odroid1,odroid1,odroid1
1963,odroid1,odroid1,odroid1,odroid1,odroid1
1964,odroid1,odroid1,odroid1,odroid1,odroid1
1965,odroid1,odroid1,odroid1,odroid1,odroid1
1966,odroid1,odroid1,odroid1,odroid1,odroid1
1967,odroid1,odroid1,odroid1,odroid1,odroid1
1968,odroid1,odroid1,odroid1,odroid1,odroid1
1969,odroid1,odroid1,odroid1,odroid1,odroid1
1970,odroid1,odroid1,odroid1,odroid1,odroid1
1971,odroid1,odroid1,odroid1,odroid1,odroid1
1972,odroid1,odroid1,odroid1,odroid1,odroid1
1973,odroid1,odroid1,odroid1,odroid1,odroid1
1974,odroid1,odroid1,odroid1,odroid1,odroid1
1975,odroid1,odroid1,odroid1,odroid1,odroid1
1976,odroid1,odroid1,odroid1,odroid1,odroid1
1977,odroid1,odroid1,odroid1,odroid1,odroid1
1978,odroid1,odroid1,odroid1,odroid1,odroid1
1979,odroid1,odroid1,odroid1,odroid1,odroid1
1980,odroid1,odroid1,odroid1,odroid1,odroid1
1981,odroid1,odroid1,odroid1,odroid1,odroid1
1982,odroid1,odroid1,odroid1,odroid1,odroid1
1983,odroid1,odroid1,odroid1,odroid1,odroid1
1984,odroid1,odroid1,odroid1,odroid1,odroid1
1985,odroid1,odroid1,odroid1,odroid1,odroid1
1986,odroid1,odroid1,odroid1,odroid1,odroid1
1987,odroid1,odroid1,odroid1,odroid1,odroid1
1988,odroid1,odroid1,odroid1,odroid1,odroid1
1989,odroid1,odroid1,odroid1,odroid1,odroid1
1990,odroid1,odroid1,odroid1,odroid1,odroid1
1991,odroid1,odroid1,odroid1,odroid1,odroid1
1992,odroid1,odroid1,odroid1,odroid1,odroid1
1993,odroid1,odroid1,odroid1,odroid1,odroid1
1994,odroid1,odroid1,odroid1,odroid1,odroid1
1995,odroid1,odroid1,odroid1,odroid1,odroid1
1996,odroid1,odroid1,odroid1,odroid1,odroid1
1997,odroid1,odroid1,odroid1,odroid1,odroid1
1998,odroid1,odroid1,odroid1,odroid1,odroid1
1999,odroid1,odroid1,odroid1,odroid1,odroid1
2000,odroid1,odroid1,odroid1,odroid1,odroid1
2001,odroid1,odroid1,odroid1,odroid1,odroid1
2002,odroid1,odroid1,odroid1,odroid1,odroid1
2003,odroid1,odroid1,odroid1,odroid1,odroid1
2004,odroid1,odroid1,odroid1,odroid1,odroid1
2005,odroid1,odroid1,odroid1,odroid1,odroid1
2006,odroid1,odroid1,odroid1,odroid1,odroid1
2007,odroid1,odroid1,odroid1,odroid1,odroid1
2008,odroid1,odroid1,odroid1,odroid1,odroid1
2009,odroid1,odroid1,odroid1,odroid1,odroid3
2010,odroid1,odroid1,odroid1,odroid1,odroid1
2011,odroid1,odroid1,odroid1,odroid1,odroid1
2012,odroid1,odroid1,odroid1,odroid1,odroid1
2013,odroid1,odroid1,odroid1,odroid1,odroid1
2014,odroid1,odroid1,odroid1,odroid1,odroid1
2015,odroid1,odroid1,odroid1,odroid1,odroid1
2016,odroid1,odroid1,odroid1,odroid1,odroid1
2017,odroid1,odroid1,odroid1,odroid1,odroid1
2018,odroid1,odroid1,odroid1,odroid1,odroid1
2019,odroid1,odroid1,odroid1,odroid1,odroid1
2020,odroid1,odroid1,odroid1,odroid1,odroid1
2021,odroid1,odroid1,odroid1,odroid1,odroid1
2022,odroid1,odroid1,odroid1,odroid1,odroid1
2023,odroid1,odroid1,odroid1,odroid1,odroid1
2024,odroid1,odroid1,odroid1,odroid1,odroid1
2025,odroid1,odroid1,odroid1,odroid1,odroid1
2026,odroid1,odroid1,odroid1,odroid1,odroid1
2027,odroid1,odroid1,odroid1,odroid1,odroid1
2028,odroid1,odroid1,odroid1,odroid1,odroid1
2029,odroid1,odroid1,odroid1,odroid1,odroid1
2030,odroid1,odroid1,odroid1,odroid1,odroid1
2031,odroid1,odroid1,odroid1,odroid1,odroid1
2032,odroid1,odroid1,odroid1,odroid1,odroid1
2033,odroid1,odroid1,odroid1,odroid1,odroid1
2034,odroid1,odroid1,odroid1,odroid1,odroid1
2035,odroid1,odroid1,odroid1,odroid1,odroid1
2036,odroid1,odroid1,odroid1,odroid1,odroid1
2037,odroid1,odroid1,odroid1,odroid1,odroid1
2038,odroid1,odroid1,odroid1,odroid1,odroid1
2039,odroid1,odroid1,odroid1,odroid1,odroid1
2040,odroid1,odroid1,odroid1,odroid1,odroid1
2041,odroid1,odroid1,odroid1,odroid1,odroid1
2042,odroid1,odroid1,odroid1,odroid1,odroid1
2043,odroid1,odroid1,odroid1,odroid1,odroid1
2044,odroid1,odroid1,odroid1,odroid1,odroid1
2045,odroid1,odroid1,odroid1,odroid1,odroid1
2046,odroid1,odroid1,odroid1,odroid1,odroid1
2047,odroid1,odroid1,odroid1,odroid1,odroid1
2048,odroid1,odroid1,odroid1,odroid1,odroid1
2049,odroid1,odroid1,odroid1,odroid1,odroid1
2050,odroid1,odroid1,odroid1,odroid1,odroid1
2051,odroid1,odroid1,odroid1,odroid1,odroid1
2052,odroid1,odroid1,odroid1,odroid1,odroid1
2053,odroid1,odroid1,odroid1,odroid1,odroid1
2054,odroid1,odroid1,odroid1,odroid1,odroid1
2055,odroid1,odroid1,odroid1,odroid1,odroid1
2056,odroid1,odroid1,odroid1,odroid1,odroid1
2057,odroid1,odroid1,odroid1,odroid1,odroid1
2058,odroid1,odroid1,odroid1,odroid1,odroid1
2059,odroid1,odroid1,odroid1,odroid1,odroid1
2060,odroid1,odroid1,odroid1,odroid1,odroid1
2061,odroid1,odroid1,odroid1,odroid1,odroid1
2062,odroid1,odroid1,odroid1,odroid1,odroid1
2063,odroid1,odroid1,odroid1,odroid1,odroid1
2064,odroid1,odroid1,odroid1,odroid1,odroid1
2065,odroid1,odroid1,odroid1,odroid1,odroid1
2066,odroid1,odroid1,odroid1,odroid1,odroid1
2067,odroid1,odroid1,odroid1,odroid1,odroid1
2068,odroid1,odroid1,odroid1,odroid1,odroid1
2069,odroid1,odroid1,odroid1,odroid1,odroid1
2070,odroid1,odroid1,odroid1,odroid1,odroid1
2071,odroid1,odroid1,odroid1,odroid1,odroid1
2072,odroid1,odroid1,odroid1,odroid1,odroid1
2073,odroid1,odroid3,odroid1,odroid1,odroid1
2074,odroid1,odroid1,odroid1,odroid1,odroid1
2075,odroid1,odroid1,odroid1,odroid3,odroid1
2076,odroid1,odroid1,odroid1,odroid1,odroid1
2077,odroid1,odroid1,odroid1,odroid1,odroid1
2078,odroid1,odroid1,odroid1,odroid1,odroid1
2079,odroid1,odroid1,odroid1,odroid1,odroid1
2080,odroid1,odroid1,odroid1,odroid1,odroid1
2081,odroid1,odroid1,odroid1,odroid1,odroid1
2082,odroid1,odroid1,odroid1,odroid1,odroid1
2083,odroid1,odroid1,odroid3,odroid1,odroid1
2084,odroid1,odroid1,odroid1,odroid1,odroid1
2085,odroid1,odroid1,odroid3,odroid1,odroid1
2086,odroid1,odroid1,odroid1,odroid1,odroid1
2087,odroid1,odroid1,odroid1,odroid1,odroid1
2088,odroid1,odroid1,odroid1,odroid1,odroid1
2089,odroid1,odroid1,odroid1,odroid1,odroid1
2090,odroid1,odroid1,odroid1,odroid1,odroid1
2091,odroid1,odroid1,odroid1,odroid1,odroid1
2092,odroid1,odroid1,odroid1,odroid1,odroid1
2093,odroid1,odroid1,odroid1,odroid1,odroid1
2094,odroid1,odroid1,odroid1,odroid1,odroid1
2095,odroid1,odroid1,odroid1,odroid1,odroid1
2096,odroid1,odroid1,odroid1,odroid1,odroid1
2097,odroid1,odroid1,odroid1,odroid1,odroid1
2098,odroid1,odroid1,odroid1,odroid1,odroid1
2099,odroid1,odroid1,odroid1,odroid1,odroid1
2100,odroid1,odroid1,odroid1,odroid1,odroid3
2101,odroid1,odroid1,odroid1,odroid1,odroid1
2102,odroid1,odroid1,odroid1,odroid1,odroid1
2103,odroid1,odroid1,odroid1,odroid1,odroid1
2104,odroid1,odroid1,odroid1,odroid1,odroid1
2105,odroid1,odroid1,odroid1,odroid1,odroid1
2106,odroid1,odroid1,odroid1,odroid1,odroid1
2107,odroid1,odroid1,odroid3,odroid1,odroid1
2108,odroid1,odroid1,odroid1,odroid1,odroid1
2109,odroid1,odroid1,odroid1,odroid1,odroid1
2110,odroid1,odroid1,odroid1,odroid1,odroid3
2111,odroid1,odroid1,odroid1,odroid1,odroid1
2112,odroid1,odroid1,odroid1,odroid1,odroid1
2113,odroid1,odroid1,odroid1,odroid1,odroid1
2114,odroid1,odroid1,odroid1,odroid3,odroid1
2115,odroid1,odroid1,odroid1,odroid1,odroid3
2116,odroid1,odroid1,odroid1,odroid1,odroid1
2117,odroid1,odroid1,odroid1,odroid1,odroid1
2118,odroid1,odroid1,odroid1,odroid1,odroid1
2119,odroid1,odroid1,odroid1,odroid1,odroid1
2120,odroid1,odroid1,odroid1,odroid1,odroid1
2121,odroid1,odroid1,odroid1,odroid1,odroid1
2122,odroid1,odroid1,odroid1,odroid1,odroid1
2123,odroid1,odroid1,odroid1,odroid1,odroid1
2124,odroid1,odroid1,odroid1,odroid1,odroid1
2125,odroid1,odroid1,odroid1,odroid1,odroid1
2126,odroid1,odroid1,odroid1,odroid1,odroid1
2127,odroid1,odroid1,odroid1,odroid1,odroid1
2128,odroid1,odroid1,odroid1,odroid1,odroid1
2129,odroid1,odroid1,odroid1,odroid1,odroid1
2130,odroid1,odroid1,odroid1,odroid1,odroid1
2131,odroid1,odroid1,odroid1,odroid1,odroid1
2132,odroid1,odroid1,odroid1,odroid1,odroid1
2133,odroid1,odroid1,odroid1,odroid1,odroid1
2134,odroid1,odroid1,odroid1,odroid1,odroid1
2135,odroid1,odroid1,odroid1,odroid1,odroid1
2136,odroid1,odroid1,odroid1,odroid1,odroid1
2137,odroid1,odroid1,odroid1,odroid1,odroid1
2138,odroid1,odroid1,odroid1,odroid1,odroid1
2139,odroid1,odroid1,odroid1,odroid1,odroid1
2140,odroid1,odroid1,odroid1,odroid1,odroid1
2141,odroid1,odroid1,odroid1,odroid1,odroid1
2142,odroid1,odroid1,odroid1,odroid1,odroid1
2143,odroid1,odroid1,odroid1,odroid1,odroid1
2144,odroid1,odroid1,odroid1,odroid1,odroid1
2145,odroid1,odroid1,odroid1,odroid3,odroid1
2146,odroid1,odroid1,odroid1,odroid1,odroid1
2147,odroid1,odroid1,odroid1,odroid1,odroid1
2148,odroid1,odroid1,odroid1,odroid1,odroid1
2149,odroid1,odroid1,odroid1,odroid1,odroid1
2150,odroid1,odroid1,odroid1,odroid1,odroid1
2151,odroid1,odroid1,odroid1,odroid1,odroid1
2152,odroid1,odroid1,odroid1,odroid1,odroid1
2153,odroid1,odroid1,odroid1,odroid1,odroid1
2154,odroid1,odroid1,odroid1,odroid1,odroid1
2155,odroid1,odroid1,odroid1,odroid1,odroid1
2156,odroid1,odroid1,odroid1,odroid1,odroid1
2157,odroid1,odroid1,odroid1,odroid1,odroid1
2158,odroid1,odroid1,odroid1,odroid1,odroid1
2159,odroid1,odroid1,odroid1,odroid1,odroid1
2160,odroid1,odroid1,odroid1,odroid1,odroid1
2161,odroid1,odroid1,odroid1,odroid1,odroid1
2162,odroid1,odroid3,odroid3,odroid1,odroid1
2163,odroid1,odroid1,odroid1,odroid1,odroid1
2164,odroid1,odroid1,odroid1,odroid1,odroid1
2165,odroid1,odroid1,odroid1,odroid1,odroid1
2166,odroid1,odroid1,odroid1,odroid1,odroid1
2167,odroid1,odroid1,odroid1,odroid1,odroid1
2168,odroid1,odroid1,odroid1,odroid1,odroid1
2169,odroid1,odroid1,odroid1,odroid1,odroid1
2170,odroid1,odroid1,odroid1,odroid1,odroid1
2171,odroid1,odroid1,odroid1,odroid1,odroid1
2172,odroid1,odroid1,odroid1,odroid1,odroid1
2173,odroid1,odroid1,odroid1,odroid1,odroid1
2174,odroid1,odroid1,odroid1,odroid1,odroid1
2175,odroid1,odroid1,odroid1,odroid1,odroid1
2176,odroid1,odroid1,odroid1,odroid1,odroid1
2177,odroid1,odroid1,odroid1,odroid1,odroid1
2178,odroid1,odroid1,odroid1,odroid1,odroid1
2179,odroid1,odroid1,odroid1,odroid1,odroid1
2180,odroid1,odroid1,odroid1,odroid1,odroid1
2181,odroid1,odroid1,odroid1,odroid1,odroid1
2182,odroid1,odroid1,odroid1,odroid1,odroid3
2183,odroid1,odroid1,odroid1,odroid1,odroid1
2184,odroid1,odroid1,odroid1,odroid1,odroid1
2185,odroid1,odroid1,odroid1,odroid1,odroid1
2186,odroid1,odroid1,odroid1,odroid1,odroid1
2187,odroid1,odroid1,odroid3,odroid1,odroid1
2188,odroid1,odroid1,odroid1,odroid1,odroid1
2189,odroid1,odroid1,odroid1,odroid1,odroid1
2190,odroid1,odroid1,odroid1,odroid1,odroid1
2191,odroid1,odroid1,odroid1,odroid1,odroid1
2192,odroid1,odroid1,odroid1,odroid1,odroid1
2193,odroid1,odroid1,odroid3,odroid1,odroid1
2194,odroid1,odroid1,odroid1,odroid1,odroid1
2195,odroid1,odroid1,odroid1,odroid1,odroid1
2196,odroid1,odroid3,odroid1,odroid1,odroid1
2197,odroid1,odroid1,odroid1,odroid1,odroid1
2198,odroid1,odroid1,odroid1,odroid1,odroid1
2199,odroid1,odroid1,odroid1,odroid1,odroid1
2200,odroid1,odroid1,odroid1,odroid1,odroid1
2201,odroid1,odroid1,odroid1,odroid1,odroid1
2202,odroid1,odroid1,odroid1,odroid1,odroid1
2203,odroid1,odroid1,odroid1,odroid1,odroid1
2204,odroid1,odroid1,odroid1,odroid1,odroid1
2205,odroid1,odroid1,odroid1,odroid1,odroid1
2206,odroid1,odroid1,odroid1,odroid1,odroid1
2207,odroid1,odroid1,odroid1,odroid1,odroid1
2208,odroid1,odroid1,odroid1,odroid1,odroid1
2209,odroid1,odroid1,odroid1,odroid1,odroid1
2210,odroid1,odroid1,odroid1,odroid1,odroid1
2211,odroid1,odroid1,odroid1,odroid1,odroid1
2212,odroid1,odroid1,odroid1,odroid1,odroid1
2213,odroid1,odroid1,odroid1,odroid1,odroid1
2214,odroid1,odroid1,odroid1,odroid1,odroid1
2215,odroid1,odroid1,odroid3,odroid1,odroid1
2216,odroid1,odroid1,odroid1,odroid1,odroid1
2217,odroid1,odroid1,odroid1,odroid3,odroid1
2218,odroid1,odroid1,odroid1,odroid1,odroid1
2219,odroid1,odroid1,odroid1,odroid1,odroid1
2220,odroid1,odroid1,odroid1,odroid1,odroid1
2221,odroid1,odroid1,odroid1,odroid3,odroid1
2222,odroid1,odroid1,odroid1,odroid1,odroid3
2223,odroid1,odroid1,odroid1,odroid1,odroid1
2224,odroid1,odroid1,odroid1,odroid1,odroid1
2225,odroid1,odroid1,odroid1,odroid1,odroid1
2226,odroid1,odroid1,odroid1,odroid1,odroid1
2227,odroid1,odroid1,odroid1,odroid1,odroid1
2228,odroid1,odroid1,odroid1,odroid1,odroid1
2229,odroid1,odroid1,odroid1,odroid1,odroid1
2230,odroid1,odroid1,odroid1,odroid1,odroid1
2231,odroid1,odroid1,odroid1,odroid1,odroid1
2232,odroid1,odroid1,odroid1,odroid1,odroid1
2233,odroid1,odroid1,odroid1,odroid1,odroid1
2234,odroid1,odroid1,odroid1,odroid1,odroid1
2235,odroid1,odroid1,odroid1,odroid1,odroid1
2236,odroid1,odroid1,odroid1,odroid1,odroid1
2237,odroid1,odroid1,odroid1,odroid1,odroid1
2238,odroid1,odroid1,odroid1,odroid1,odroid1
2239,odroid1,odroid1,odroid1,odroid1,odroid1
2240,odroid1,odroid1,odroid1,odroid1,odroid1
2241,odroid1,odroid1,odroid1,odroid1,odroid1
2242,odroid1,odroid1,odroid1,odroid1,odroid1
2243,odroid1,odroid1,odroid1,odroid1,odroid1
2244,odroid1,odroid1,odroid1,odroid1,odroid1
2245,odroid1,odroid1,odroid1,odroid1,odroid1
2246,odroid1,odroid1,odroid1,odroid1,odroid1
2247,odroid1,odroid1,odroid1,odroid1,odroid1
2248,odroid1,odroid1,odroid1,odroid1,odroid1
2249,odroid1,odroid1,odroid1,odroid1,odroid1
2250,odroid1,odroid1,odroid1,odroid1,odroid1
2251,odroid1,odroid1,odroid1,odroid1,odroid1
2252,odroid1,odroid1,odroid1,odroid1,odroid1
2253,odroid1,odroid1,odroid1,odroid1,odroid1
2254,odroid1,odroid1,odroid1,odroid1,odroid1
2255,odroid1,odroid1,odroid1,odroid1,odroid1
2256,odroid1,odroid1,odroid1,odroid1,odroid1
2257,odroid1,odroid1,odroid1,odroid1,odroid1
2258,odroid1,odroid1,odroid1,odroid1,odroid1
2259,odroid1,odroid1,odroid1,odroid1,odroid1
2260,odroid1,odroid1,odroid1,odroid1,odroid1
2261,odroid1,odroid1,odroid1,odroid1,odroid1
2262,odroid1,odroid1,odroid1,odroid1,odroid1
2263,odroid1,odroid1,odroid1,odroid1,odroid1
2264,odroid1,odroid1,odroid1,odroid1,odroid1
2265,odroid1,odroid1,odroid1,odroid1,odroid1
2266,odroid1,odroid1,odroid1,odroid1,odroid1
2267,odroid1,odroid1,odroid1,odroid1,odroid1
2268,odroid1,odroid1,odroid1,odroid1,odroid1
2269,odroid1,odroid1,odroid1,odroid1,odroid1
2270,odroid1,odroid1,odroid1,odroid1,odroid3
2271,odroid1,odroid1,odroid1,odroid1,odroid1
2272,odroid1,odroid1,odroid1,odroid3,odroid1
2273,odroid1,odroid1,odroid1,odroid1,odroid1
2274,odroid1,odroid1,odroid1,odroid1,odroid1
2275,odroid1,odroid1,odroid1,odroid1,odroid1
2276,odroid1,odroid1,odroid1,odroid1,odroid1
2277,odroid1,odroid1,odroid1,odroid1,odroid1
2278,odroid1,odroid1,odroid1,odroid1,odroid1
2279,odroid1,odroid1,odroid1,odroid1,odroid1
2280,odroid1,odroid1,odroid1,odroid1,odroid1
2281,odroid1,odroid3,odroid1,odroid1,odroid1
2282,odroid1,odroid1,odroid1,odroid1,odroid1
2283,odroid1,odroid1,odroid1,odroid1,odroid1
2284,odroid1,odroid1,odroid1,odroid1,odroid1
2285,odroid1,odroid1,odroid1,odroid1,odroid1
2286,odroid1,odroid1,odroid1,odroid1,odroid1
2287,odroid1,odroid1,odroid1,odroid1,odroid1
2288,odroid1,odroid1,odroid1,odroid1,odroid1
2289,odroid1,odroid1,odroid1,odroid1,odroid1
2290,odroid1,odroid1,odroid1,odroid1,odroid1
2291,odroid1,odroid1,odroid1,odroid1,odroid1
2292,odroid1,odroid1,odroid1,odroid1,odroid1
2293,odroid1,odroid1,odroid1,odroid1,odroid1
2294,odroid1,odroid1,odroid1,odroid1,odroid1
2295,odroid1,odroid1,odroid1,odroid1,odroid1
2296,odroid1,odroid1,odroid1,odroid1,odroid1
2297,odroid1,odroid1,odroid1,odroid1,odroid1
2298,odroid1,odroid1,odroid1,odroid1,odroid1
2299,odroid1,odroid1,odroid1,odroid1,odroid1
2300,odroid1,odroid1,odroid1,odroid1,odroid1
2301,odroid1,odroid1,odroid1,odroid1,odroid1
2302,odroid1,odroid1,odroid1,odroid1,odroid1
2303,odroid1,odroid1,odroid1,odroid1,odroid1
2304,odroid1,odroid1,odroid1,odroid1,odroid1
2305,odroid1,odroid1,odroid1,odroid3,odroid1
2306,odroid1,odroid1,odroid1,odroid3,odroid1
2307,odroid1,odroid1,odroid1,odroid1,odroid1
2308,odroid1,odroid1,odroid4,odroid1,odroid1
2309,odroid1,odroid1,odroid1,odroid1,odroid1
2310,odroid1,odroid1,odroid1,odroid1,odroid1
2311,odroid1,odroid1,odroid1,odroid1,odroid1
2312,odroid1,odroid1,odroid1,odroid1,odroid1
2313,odroid1,odroid1,odroid1,odroid1,odroid1
2314,odroid1,odroid1,odroid1,odroid1,odroid1
2315,odroid1,odroid1,odroid1,odroid1,odroid1
2316,odroid1,odroid1,odroid1,odroid1,odroid1
2317,odroid1,odroid1,odroid1,odroid1,odroid1
2318,odroid1,odroid1,odroid1,odroid1,odroid1
2319,odroid1,odroid1,odroid1,odroid1,odroid3
2320,odroid1,odroid1,odroid1,odroid1,odroid3
2321,odroid1,odroid1,odroid1,odroid1,odroid1
2322,odroid1,odroid1,odroid1,odroid1,odroid1
2323,odroid1,odroid1,odroid1,odroid1,odroid1
2324,odroid1,odroid1,odroid1,odroid1,odroid1
2325,odroid1,odroid1,odroid1,odroid1,odroid1
2326,odroid1,odroid1,odroid1,odroid1,odroid1
2327,odroid1,odroid1,odroid1,odroid1,odroid1
2328,odroid1,odroid1,odroid1,odroid1,odroid1
2329,odroid1,odroid1,odroid1,odroid1,odroid1
2330,odroid1,odroid1,odroid1,odroid1,odroid1
2331,odroid1,odroid1,odroid1,odroid1,odroid1
2332,odroid1,odroid1,odroid1,odroid1,odroid1
2333,odroid1,odroid1,odroid1,odroid1,odroid1
2334,odroid1,odroid1,odroid1,odroid1,odroid1
2335,odroid1,odroid1,odroid1,odroid1,odroid1
2336,odroid1,odroid1,odroid1,odroid1,odroid1
2337,odroid1,odroid1,odroid1,odroid1,odroid1
2338,odroid1,odroid1,odroid1,odroid1,odroid1
2339,odroid1,odroid1,odroid1,odroid1,odroid1
2340,odroid1,odroid1,odroid1,odroid1,odroid1
2341,odroid1,odroid1,odroid1,odroid1,odroid1
2342,odroid1,odroid1,odroid1,odroid1,odroid1
2343,odroid1,odroid1,odroid1,odroid1,odroid1
2344,odroid1,odroid1,odroid1,odroid1,odroid1
2345,odroid1,odroid1,odroid1,odroid3,odroid1
2346,odroid1,odroid1,odroid3,odroid1,odroid1
2347,odroid1,odroid1,odroid1,odroid1,odroid1
2348,odroid1,odroid1,odroid1,odroid1,odroid1
2349,odroid1,odroid1,odroid1,odroid1,odroid1
2350,odroid1,odroid1,odroid1,odroid1,odroid1
2351,odroid1,odroid1,odroid1,odroid1,odroid1
2352,odroid1,odroid1,odroid1,odroid1,odroid1
2353,odroid1,odroid1,odroid1,odroid1,odroid1
2354,odroid1,odroid1,odroid1,odroid1,odroid1
2355,odroid1,odroid1,odroid1,odroid1,odroid1
2356,odroid1,odroid1,odroid1,odroid1,odroid1
2357,odroid1,odroid1,odroid1,odroid1,odroid1
2358,odroid1,odroid1,odroid1,odroid1,odroid1
2359,odroid1,odroid1,odroid1,odroid1,odroid1
2360,odroid1,odroid1,odroid1,odroid1,odroid1
2361,odroid1,odroid1,odroid1,odroid1,odroid1
2362,odroid1,odroid1,odroid1,odroid1,odroid1
2363,odroid1,odroid1,odroid1,odroid1,odroid1
2364,odroid1,odroid1,odroid1,odroid1,odroid1
2365,odroid1,odroid1,odroid1,odroid1,odroid1
2366,odroid1,odroid1,odroid1,odroid1,odroid1
2367,odroid1,odroid1,odroid1,odroid1,odroid1
2368,odroid1,odroid1,odroid1,odroid1,odroid1
2369,odroid1,odroid1,odroid1,odroid1,odroid1
2370,odroid1,odroid1,odroid1,odroid1,odroid1
2371,odroid1,odroid1,odroid1,odroid1,odroid1
2372,odroid1,odroid1,odroid1,odroid1,odroid1
2373,odroid1,odroid1,odroid1,odroid1,odroid1
2374,odroid1,odroid1,odroid1,odroid1,odroid1
2375,odroid1,odroid1,odroid1,odroid1,odroid1
2376,odroid1,odroid3,odroid1,odroid1,odroid1
2377,odroid1,odroid1,odroid1,odroid1,odroid1
2378,odroid1,odroid1,odroid1,odroid1,odroid1
2379,odroid1,odroid1,odroid1,odroid1,odroid1
2380,odroid1,odroid1,odroid1,odroid1,odroid1
2381,odroid4,odroid4,odroid4,odroid4,odroid4
2382,odroid4,odroid4,odroid4,odroid4,odroid4
2383,odroid4,odroid4,odroid4,odroid4,odroid4
2384,odroid4,odroid4,odroid4,odroid4,odroid4
2385,odroid4,odroid4,odroid4,odroid4,odroid4
2386,odroid4,odroid4,odroid4,odroid4,odroid4
2387,odroid4,odroid4,odroid4,odroid4,odroid4
2388,odroid4,odroid4,odroid4,odroid4,odroid4
2389,odroid4,odroid4,odroid4,odroid4,odroid4
2390,odroid4,odroid4,odroid4,odroid4,odroid4
2391,odroid4,odroid4,odroid4,odroid4,odroid4
2392,odroid4,odroid4,odroid4,odroid4,odroid4
2393,odroid4,odroid4,odroid4,odroid4,odroid4
2394,odroid4,odroid4,odroid4,odroid4,odroid4
2395,odroid4,odroid4,odroid4,odroid4,odroid4
2396,odroid4,odroid4,odroid4,odroid4,odroid4
2397,odroid4,odroid4,odroid4,odroid4,odroid4
2398,odroid4,odroid4,odroid4,odroid4,odroid4
2399,odroid4,odroid4,odroid4,odroid4,odroid4
2400,odroid4,odroid4,odroid4,odroid4,odroid4
2401,odroid4,odroid4,odroid4,odroid4,odroid4
2402,odroid4,odroid4,odroid4,odroid4,odroid4
2403,odroid4,odroid4,odroid4,odroid4,odroid4
2404,odroid4,odroid4,odroid4,odroid4,odroid4
2405,odroid4,odroid4,odroid4,odroid4,odroid4
2406,odroid4,odroid4,odroid4,odroid4,odroid4
2407,odroid4,odroid4,odroid4,odroid4,odroid4
2408,odroid4,odroid4,odroid4,odroid4,odroid4
2409,odroid4,odroid4,odroid4,odroid4,odroid4
2410,odroid4,odroid4,odroid4,odroid4,odroid4
2411,odroid4,odroid4,odroid4,odroid4,odroid4
2412,odroid4,odroid4,odroid4,odroid4,odroid4
2413,odroid4,odroid4,odroid4,odroid4,odroid4
2414,odroid4,odroid4,odroid4,odroid4,odroid4
2415,odroid4,odroid4,odroid4,odroid4,odroid4
2416,odroid4,odroid4,odroid4,odroid4,odroid4
2417,odroid4,odroid4,odroid4,odroid4,odroid4
2418,odroid4,odroid4,odroid4,odroid4,odroid4
2419,odroid4,odroid4,odroid4,odroid4,odroid4
2420,odroid4,odroid4,odroid4,odroid4,odroid4
2421,odroid4,odroid4,odroid4,odroid4,odroid4
2422,odroid4,odroid4,odroid4,odroid4,odroid4
2423,odroid4,odroid4,odroid4,odroid4,odroid4
2424,odroid4,odroid4,odroid4,odroid4,odroid4
2425,odroid4,odroid4,odroid4,odroid4,odroid4
2426,odroid4,odroid4,odroid4,odroid4,odroid4
2427,odroid4,odroid4,odroid4,odroid4,odroid4
2428,odroid4,odroid4,odroid4,odroid4,odroid4
2429,odroid4,odroid4,odroid4,odroid4,odroid4
2430,odroid4,odroid4,odroid4,odroid4,odroid4
2431,odroid4,odroid4,odroid4,odroid4,odroid4
2432,odroid4,odroid4,odroid4,odroid4,odroid4
2433,odroid4,odroid4,odroid4,odroid4,odroid4
2434,odroid4,odroid4,odroid4,odroid4,odroid4
2435,odroid4,odroid4,odroid4,odroid4,odroid4
2436,odroid4,odroid4,odroid4,odroid4,odroid4
2437,odroid4,odroid4,odroid4,odroid4,odroid4
2438,odroid4,odroid4,odroid4,odroid4,odroid4
2439,odroid4,odroid4,odroid4,odroid4,odroid4
2440,odroid4,odroid4,odroid4,odroid4,odroid4
2441,odroid4,odroid4,odroid4,odroid4,odroid4
2442,odroid4,odroid4,odroid4,odroid4,odroid4
2443,odroid4,odroid4,odroid4,odroid4,odroid4
2444,odroid4,odroid4,odroid4,odroid4,odroid4
2445,odroid4,odroid4,odroid4,odroid4,odroid4
2446,odroid4,odroid4,odroid4,odroid4,odroid4
2447,odroid4,odroid4,odroid4,odroid4,odroid4
2448,odroid4,odroid4,odroid4,odroid4,odroid4
2449,odroid4,odroid4,odroid4,odroid4,odroid4
2450,odroid4,odroid4,odroid4,odroid4,odroid4
2451,odroid4,odroid4,odroid4,odroid4,odroid4
2452,odroid4,odroid4,odroid4,odroid4,odroid4
2453,odroid4,odroid4,odroid4,odroid4,odroid4
2454,odroid4,odroid4,odroid4,odroid4,odroid4
2455,odroid4,odroid4,odroid4,odroid4,odroid4
2456,odroid4,odroid4,odroid4,odroid4,odroid4
2457,odroid4,odroid4,odroid4,odroid4,odroid4
2458,odroid4,odroid4,odroid2,odroid4,odroid4
2459,odroid4,odroid4,odroid4,odroid4,odroid4
2460,odroid4,odroid4,odroid4,odroid4,odroid4
2461,odroid4,odroid4,odroid4,odroid4,odroid4
2462,odroid4,odroid4,odroid4,odroid4,odroid4
2463,odroid4,odroid4,odroid4,odroid4,odroid4
2464,odroid4,odroid4,odroid4,odroid4,odroid4
2465,odroid4,odroid4,odroid4,odroid4,odroid4
2466,odroid4,odroid4,odroid4,odroid4,odroid4
2467,odroid4,odroid4,odroid4,odroid4,odroid4
2468,odroid4,odroid4,odroid4,odroid4,odroid4
2469,odroid4,odroid4,odroid4,odroid4,odroid4
2470,odroid4,odroid4,odroid4,odroid4,odroid4
2471,odroid4,odroid4,odroid4,odroid4,odroid4
2472,odroid4,odroid4,odroid4,odroid4,odroid4
2473,odroid4,odroid4,odroid4,odroid4,odroid4
2474,odroid4,odroid4,odroid4,odroid4,odroid4
2475,odroid4,odroid4,odroid4,odroid4,odroid4
2476,odroid4,odroid4,odroid4,odroid4,odroid4
2477,odroid4,odroid4,odroid4,odroid4,odroid4
2478,odroid4,odroid4,odroid4,odroid4,odroid4
2479,odroid4,odroid4,odroid4,odroid4,odroid4
2480,odroid4,odroid4,odroid4,odroid4,odroid4
2481,odroid4,odroid4,odroid4,odroid4,odroid4
2482,odroid4,odroid4,odroid4,odroid4,odroid4
2483,odroid4,odroid4,odroid4,odroid4,odroid4
2484,odroid4,odroid4,odroid4,odroid4,odroid4
2485,odroid4,odroid4,odroid4,odroid4,odroid4
2486,odroid4,odroid4,odroid4,odroid4,odroid4
2487,odroid4,odroid4,odroid4,odroid4,odroid4
2488,odroid4,odroid4,odroid4,odroid4,odroid4
2489,odroid4,odroid4,odroid4,odroid4,odroid4
2490,odroid4,odroid4,odroid4,odroid4,odroid4
2491,odroid4,odroid4,odroid4,odroid4,odroid4
2492,odroid4,odroid4,odroid4,odroid4,odroid4
2493,odroid4,odroid4,odroid4,odroid4,odroid4
2494,odroid4,odroid4,odroid4,odroid4,odroid4
2495,odroid4,odroid4,odroid4,odroid4,odroid4
2496,odroid4,odroid4,odroid4,odroid4,odroid4
2497,odroid4,odroid4,odroid4,odroid4,odroid4
2498,odroid4,odroid4,odroid4,odroid4,odroid4
2499,odroid4,odroid4,odroid4,odroid4,odroid4
2500,odroid4,odroid4,odroid4,odroid4,odroid4
2501,odroid4,odroid4,odroid4,odroid4,odroid4
2502,odroid4,odroid4,odroid4,odroid4,odroid4
2503,odroid4,odroid4,odroid4,odroid4,odroid4
2504,odroid4,odroid4,odroid4,odroid4,odroid4
2505,odroid4,odroid4,odroid4,odroid4,odroid4
2506,odroid4,odroid4,odroid4,odroid4,odroid4
2507,odroid4,odroid4,odroid4,odroid4,odroid4
2508,odroid4,odroid4,odroid4,odroid4,odroid4
2509,odroid4,odroid4,odroid4,odroid4,odroid4
2510,odroid4,odroid4,odroid4,odroid4,odroid3
2511,odroid4,odroid4,odroid4,odroid4,odroid4
2512,odroid4,odroid4,odroid4,odroid4,odroid4
2513,odroid4,odroid4,odroid4,odroid4,odroid4
2514,odroid4,odroid4,odroid4,odroid4,odroid4
2515,odroid4,odroid4,odroid4,odroid4,odroid4
2516,odroid4,odroid4,odroid4,odroid4,odroid4
2517,odroid4,odroid4,odroid4,odroid4,odroid4
2518,odroid4,odroid4,odroid4,odroid4,odroid4
2519,odroid4,odroid4,odroid4,odroid4,odroid4
2520,odroid4,odroid4,odroid4,odroid4,odroid4
2521,odroid4,odroid4,odroid4,odroid4,odroid4
2522,odroid4,odroid4,odroid4,odroid4,odroid4
2523,odroid4,odroid4,odroid4,odroid4,odroid4
2524,odroid4,odroid4,odroid4,odroid4,odroid4
2525,odroid4,odroid4,odroid4,odroid4,odroid4
2526,odroid4,odroid4,odroid4,odroid4,odroid4
2527,odroid4,odroid4,odroid4,odroid4,odroid4
2528,odroid4,odroid4,odroid4,odroid4,odroid4
2529,odroid4,odroid4,odroid4,odroid4,odroid4
2530,odroid4,odroid4,odroid4,odroid4,odroid4
2531,odroid4,odroid4,odroid4,odroid4,odroid4
2532,odroid4,odroid4,odroid4,odroid4,odroid4
2533,odroid4,odroid4,odroid4,odroid4,odroid1
2534,odroid4,odroid4,odroid4,odroid4,odroid4
2535,odroid4,odroid4,odroid4,odroid4,odroid4
2536,odroid4,odroid4,odroid4,odroid4,odroid4
2537,odroid4,odroid4,odroid4,odroid4,odroid4
2538,odroid4,odroid4,odroid4,odroid4,odroid4
2539,odroid4,odroid4,odroid4,odroid4,odroid4
2540,odroid4,odroid4,odroid4,odroid4,odroid4
2541,odroid4,odroid4,odroid4,odroid4,odroid4
2542,odroid4,odroid4,odroid4,odroid4,odroid4
2543,odroid4,odroid4,odroid4,odroid4,odroid4
2544,odroid4,odroid4,odroid4,odroid4,odroid4
2545,odroid4,odroid4,odroid4,odroid4,odroid4
2546,odroid4,odroid4,odroid4,odroid4,odroid4
2547,odroid4,odroid4,odroid4,odroid4,odroid4
2548,odroid4,odroid4,odroid4,odroid4,odroid4
2549,odroid4,odroid4,odroid4,odroid4,odroid4
2550,odroid4,odroid4,odroid4,odroid4,odroid4
2551,odroid4,odroid4,odroid4,odroid4,odroid4
2552,odroid4,odroid4,odroid4,odroid4,odroid4
2553,odroid4,odroid4,odroid4,odroid4,odroid4
2554,odroid4,odroid4,odroid4,odroid4,odroid4
2555,odroid4,odroid4,odroid4,odroid4,odroid4
2556,odroid4,odroid4,odroid4,odroid4,odroid4
2557,odroid4,odroid4,odroid4,odroid4,odroid4
2558,odroid4,odroid4,odroid4,odroid4,odroid2
2559,odroid4,odroid4,odroid4,odroid4,odroid4
2560,odroid4,odroid4,odroid4,odroid4,odroid4
2561,odroid4,odroid4,odroid4,odroid4,odroid4
2562,odroid4,odroid4,odroid4,odroid4,odroid4
2563,odroid4,odroid4,odroid4,odroid4,odroid4
2564,odroid4,odroid4,odroid4,odroid4,odroid4
2565,odroid4,odroid4,odroid4,odroid4,odroid4
2566,odroid4,odroid4,odroid4,odroid4,odroid4
2567,odroid4,odroid4,odroid4,odroid4,odroid4
2568,odroid4,odroid4,odroid4,odroid4,odroid4
2569,odroid4,odroid4,odroid4,odroid4,odroid4
2570,odroid4,odroid4,odroid4,odroid4,odroid4
2571,odroid4,odroid4,odroid4,odroid4,odroid4
2572,odroid4,odroid4,odroid4,odroid4,odroid4
2573,odroid4,odroid4,odroid4,odroid4,odroid4
2574,odroid4,odroid4,odroid4,odroid2,odroid4
2575,odroid4,odroid4,odroid4,odroid4,odroid4
2576,odroid4,odroid4,odroid4,odroid4,odroid4
2577,odroid4,odroid4,odroid4,odroid4,odroid4
2578,odroid4,odroid4,odroid4,odroid4,odroid4
2579,odroid4,odroid4,odroid4,odroid4,odroid4
2580,odroid4,odroid4,odroid4,odroid4,odroid4
2581,odroid4,odroid4,odroid4,odroid4,odroid4
2582,odroid4,odroid4,odroid3,odroid4,odroid4
2583,odroid4,odroid4,odroid4,odroid4,odroid4
2584,odroid4,odroid4,odroid4,odroid4,odroid4
2585,odroid4,odroid4,odroid4,odroid4,odroid4
2586,odroid4,odroid4,odroid4,odroid4,odroid4
2587,odroid4,odroid4,odroid4,odroid4,odroid4
2588,odroid4,odroid4,odroid4,odroid4,odroid4
2589,odroid4,odroid4,odroid4,odroid4,odroid4
2590,odroid4,odroid4,odroid4,odroid4,odroid2
2591,odroid4,odroid4,odroid4,odroid4,odroid4
2592,odroid4,odroid4,odroid4,odroid4,odroid4
2593,odroid4,odroid4,odroid4,odroid4,odroid4
2594,odroid4,odroid4,odroid4,odroid4,odroid4
2595,odroid4,odroid4,odroid4,odroid4,odroid4
2596,odroid4,odroid4,odroid4,odroid4,odroid4
2597,odroid4,odroid4,odroid4,odroid4,odroid4
2598,odroid4,odroid4,odroid4,odroid4,odroid4
2599,odroid4,odroid4,odroid4,odroid4,odroid4
2600,odroid4,odroid4,odroid4,odroid4,odroid4
2601,odroid4,odroid4,odroid4,odroid4,odroid4
2602,odroid4,odroid4,odroid4,odroid4,odroid4
2603,odroid4,odroid4,odroid4,odroid4,odroid4
2604,odroid4,odroid4,odroid4,odroid4,odroid4
2605,odroid4,odroid4,odroid4,odroid4,odroid4
2606,odroid4,odroid4,odroid4,odroid4,odroid4
2607,odroid4,odroid4,odroid4,odroid4,odroid4
2608,odroid4,odroid4,odroid4,odroid4,odroid4
2609,odroid4,odroid4,odroid4,odroid4,odroid4
2610,odroid4,odroid4,odroid4,odroid4,odroid4
2611,odroid4,odroid4,odroid4,odroid4,odroid4
2612,odroid4,odroid4,odroid4,odroid4,odroid4
2613,odroid4,odroid4,odroid4,odroid4,odroid4
2614,odroid4,odroid4,odroid4,odroid4,odroid4
2615,odroid4,odroid4,odroid4,odroid4,odroid4
2616,odroid4,odroid4,odroid2,odroid4,odroid4
2617,odroid4,odroid4,odroid4,odroid4,odroid4
2618,odroid4,odroid4,odroid4,odroid4,odroid4
2619,odroid4,odroid4,odroid4,odroid4,odroid4
2620,odroid4,odroid4,odroid4,odroid4,odroid4
2621,odroid4,odroid4,odroid4,odroid4,odroid4
2622,odroid4,odroid4,odroid4,odroid4,odroid4
2623,odroid4,odroid4,odroid4,odroid4,odroid4
2624,odroid4,odroid4,odroid4,odroid4,odroid4
2625,odroid4,odroid4,odroid4,odroid4,odroid4
2626,odroid4,odroid4,odroid4,odroid4,odroid4
2627,odroid4,odroid4,odroid4,odroid4,odroid4
2628,odroid4,odroid4,odroid4,odroid4,odroid4
2629,odroid4,odroid4,odroid4,odroid4,odroid4
2630,odroid4,odroid4,odroid4,odroid4,odroid4
2631,odroid4,odroid4,odroid4,odroid4,odroid4
2632,odroid4,odroid4,odroid4,odroid4,odroid4
2633,odroid4,odroid4,odroid4,odroid4,odroid4
2634,odroid4,odroid4,odroid4,odroid4,odroid4
2635,odroid4,odroid4,odroid4,odroid4,odroid4
2636,odroid4,odroid4,odroid4,odroid4,odroid4
2637,odroid4,odroid4,odroid4,odroid4,odroid4
2638,odroid4,odroid4,odroid4,odroid4,odroid4
2639,odroid4,odroid4,odroid4,odroid4,odroid4
2640,odroid4,odroid4,odroid4,odroid4,odroid4
2641,odroid4,odroid4,odroid4,odroid4,odroid4
2642,odroid4,odroid4,odroid4,odroid4,odroid4
2643,odroid4,odroid4,odroid4,odroid4,odroid4
2644,odroid4,odroid4,odroid4,odroid4,odroid4
2645,odroid4,odroid4,odroid4,odroid4,odroid4
2646,odroid4,odroid4,odroid4,odroid4,odroid4
2647,odroid4,odroid4,odroid4,odroid4,odroid4
2648,odroid4,odroid4,odroid4,odroid4,odroid4
2649,odroid4,odroid4,odroid4,odroid4,odroid4
2650,odroid4,odroid4,odroid4,odroid4,odroid4
2651,odroid4,odroid4,odroid4,odroid4,odroid3
2652,odroid4,odroid4,odroid4,odroid4,odroid4
2653,odroid4,odroid4,odroid4,odroid4,odroid4
2654,odroid4,odroid4,odroid4,odroid4,odroid4
2655,odroid4,odroid4,odroid4,odroid4,odroid4
2656,odroid4,odroid4,odroid4,odroid4,odroid4
2657,odroid4,odroid4,odroid4,odroid4,odroid4
2658,odroid4,odroid4,odroid4,odroid4,odroid4
2659,odroid4,odroid4,odroid4,odroid4,odroid4
2660,odroid4,odroid4,odroid4,odroid4,odroid4
2661,odroid4,odroid4,odroid4,odroid4,odroid4
2662,odroid4,odroid4,odroid4,odroid1,odroid2
2663,odroid4,odroid4,odroid4,odroid4,odroid4
2664,odroid4,odroid4,odroid4,odroid4,odroid4
2665,odroid4,odroid4,odroid4,odroid4,odroid4
2666,odroid4,odroid4,odroid4,odroid4,odroid4
2667,odroid4,odroid4,odroid4,odroid4,odroid4
2668,odroid4,odroid4,odroid4,odroid4,odroid4
2669,odroid4,odroid4,odroid4,odroid4,odroid4
2670,odroid4,odroid4,odroid4,odroid4,odroid4
2671,odroid4,odroid4,odroid4,odroid4,odroid4
2672,odroid4,odroid4,odroid4,odroid4,odroid4
2673,odroid4,odroid4,odroid4,odroid4,odroid4
2674,odroid4,odroid4,odroid4,odroid4,odroid4
2675,odroid4,odroid4,odroid4,odroid4,odroid4
2676,odroid4,odroid4,odroid4,odroid4,odroid4
2677,odroid4,odroid4,odroid4,odroid4,odroid4
2678,odroid4,odroid4,odroid4,odroid4,odroid4
2679,odroid4,odroid4,odroid4,odroid4,odroid4
2680,odroid4,odroid4,odroid4,odroid4,odroid4
2681,odroid4,odroid4,odroid4,odroid4,odroid4
2682,odroid4,odroid4,odroid4,odroid4,odroid4
2683,odroid4,odroid4,odroid4,odroid4,odroid4
2684,odroid4,odroid4,odroid4,odroid4,odroid4
2685,odroid4,odroid4,odroid4,odroid4,odroid4
2686,odroid4,odroid4,odroid4,odroid4,odroid4
2687,odroid4,odroid4,odroid4,odroid4,odroid4
2688,odroid4,odroid4,odroid4,odroid4,odroid4
2689,odroid4,odroid4,odroid4,odroid4,odroid4
2690,odroid4,odroid4,odroid4,odroid4,odroid4
2691,odroid4,odroid4,odroid4,odroid4,odroid4
2692,odroid4,odroid4,odroid4,odroid4,odroid4
2693,odroid4,odroid4,odroid4,odroid4,odroid4
2694,odroid4,odroid4,odroid4,odroid4,odroid4
2695,odroid4,odroid4,odroid4,odroid4,odroid4
2696,odroid4,odroid4,odroid4,odroid4,odroid4
2697,odroid4,odroid4,odroid4,odroid4,odroid4
2698,odroid4,odroid4,odroid4,odroid4,odroid4
2699,odroid4,odroid4,odroid4,odroid4,odroid4
2700,odroid4,odroid4,odroid4,odroid4,odroid4
2701,odroid4,odroid4,odroid4,odroid4,odroid4
2702,odroid4,odroid4,odroid4,odroid4,odroid4
2703,odroid4,odroid4,odroid4,odroid4,odroid4
2704,odroid4,odroid4,odroid4,odroid4,odroid4
2705,odroid4,odroid4,odroid4,odroid4,odroid4
2706,odroid4,odroid4,odroid4,odroid4,odroid4
2707,odroid4,odroid4,odroid4,odroid4,odroid4
2708,odroid4,odroid4,odroid4,odroid4,odroid4
2709,odroid4,odroid4,odroid4,odroid4,odroid4
2710,odroid4,odroid4,odroid4,odroid4,odroid4
2711,odroid4,odroid4,odroid4,odroid4,odroid4
2712,odroid4,odroid4,odroid4,odroid4,odroid4
2713,odroid4,odroid4,odroid4,odroid2,odroid4
2714,odroid4,odroid4,odroid4,odroid4,odroid4
2715,odroid4,odroid4,odroid4,odroid4,odroid4
2716,odroid4,odroid4,odroid4,odroid4,odroid4
2717,odroid4,odroid4,odroid4,odroid4,odroid4
2718,odroid4,odroid4,odroid4,odroid4,odroid4
2719,odroid4,odroid4,odroid4,odroid4,odroid4
2720,odroid4,odroid4,odroid4,odroid4,odroid4
2721,odroid4,odroid4,odroid4,odroid4,odroid4
2722,odroid4,odroid4,odroid4,odroid4,odroid4
2723,odroid4,odroid4,odroid4,odroid4,odroid4
2724,odroid4,odroid4,odroid4,odroid4,odroid4
2725,odroid4,odroid4,odroid4,odroid4,odroid4
2726,odroid4,odroid4,odroid4,odroid4,odroid4
2727,odroid4,odroid4,odroid4,odroid4,odroid4
2728,odroid4,odroid4,odroid4,odroid4,odroid4
2729,odroid4,odroid4,odroid4,odroid4,odroid4
2730,odroid4,odroid4,odroid4,odroid4,odroid4
2731,odroid4,odroid4,odroid4,odroid4,odroid4
2732,odroid4,odroid4,odroid4,odroid4,odroid4
2733,odroid4,odroid4,odroid4,odroid4,odroid4
2734,odroid4,odroid4,odroid4,odroid4,odroid4
2735,odroid4,odroid4,odroid4,odroid4,odroid4
2736,odroid4,odroid4,odroid4,odroid4,odroid4
2737,odroid4,odroid4,odroid4,odroid4,odroid4
2738,odroid4,odroid4,odroid4,odroid4,odroid4
2739,odroid4,odroid4,odroid4,odroid4,odroid4
2740,odroid4,odroid4,odroid4,odroid4,odroid4
2741,odroid4,odroid4,odroid4,odroid4,odroid4
2742,odroid4,odroid4,odroid4,odroid4,odroid4
2743,odroid4,odroid4,odroid4,odroid4,odroid4
2744,odroid4,odroid4,odroid4,odroid4,odroid4
2745,odroid4,odroid4,odroid4,odroid4,odroid4
2746,odroid4,odroid4,odroid4,odroid4,odroid4
2747,odroid4,odroid4,odroid4,odroid4,odroid4
2748,odroid4,odroid4,odroid4,odroid4,odroid4
2749,odroid4,odroid4,odroid4,odroid4,odroid4
2750,odroid4,odroid4,odroid4,odroid4,odroid4
2751,odroid4,odroid4,odroid4,odroid4,odroid4
2752,odroid4,odroid4,odroid4,odroid4,odroid4
2753,odroid4,odroid4,odroid4,odroid4,odroid4
2754,odroid4,odroid4,odroid4,odroid4,odroid4
2755,odroid4,odroid4,odroid4,odroid4,odroid4
2756,odroid4,odroid4,odroid4,odroid4,odroid4
2757,odroid4,odroid4,odroid4,odroid4,odroid2
2758,odroid4,odroid4,odroid4,odroid4,odroid4
2759,odroid4,odroid4,odroid4,odroid4,odroid4
2760,odroid4,odroid4,odroid4,odroid4,odroid4
2761,odroid4,odroid4,odroid4,odroid4,odroid4
2762,odroid4,odroid4,odroid4,odroid4,odroid4
2763,odroid4,odroid4,odroid4,odroid4,odroid4
2764,odroid4,odroid4,odroid4,odroid4,odroid4
2765,odroid4,odroid4,odroid4,odroid4,odroid4
2766,odroid4,odroid4,odroid4,odroid4,odroid4
2767,odroid4,odroid2,odroid4,odroid4,odroid4
2768,odroid4,odroid4,odroid4,odroid4,odroid4
2769,odroid4,odroid4,odroid4,odroid4,odroid4
2770,odroid4,odroid4,odroid4,odroid4,odroid4
2771,odroid4,odroid4,odroid4,odroid4,odroid4
2772,odroid4,odroid4,odroid4,odroid4,odroid4
2773,odroid4,odroid4,odroid4,odroid4,odroid4
2774,odroid4,odroid4,odroid4,odroid4,odroid4
2775,odroid4,odroid4,odroid4,odroid4,odroid4
2776,odroid4,odroid4,odroid4,odroid4,odroid4
2777,odroid4,odroid4,odroid4,odroid4,odroid4
2778,odroid4,odroid4,odroid4,odroid4,odroid4
2779,odroid4,odroid4,odroid4,odroid4,odroid4
2780,odroid4,odroid4,odroid4,odroid4,odroid4
2781,odroid4,odroid4,odroid4,odroid4,odroid4
2782,odroid4,odroid4,odroid4,odroid4,odroid2
2783,odroid4,odroid4,odroid4,odroid4,odroid4
2784,odroid4,odroid4,odroid4,odroid4,odroid4
2785,odroid4,odroid4,odroid4,odroid4,odroid4
2786,odroid4,odroid4,odroid4,odroid4,odroid3
2787,odroid4,odroid4,odroid4,odroid4,odroid4
2788,odroid4,odroid4,odroid4,odroid4,odroid4
2789,odroid4,odroid4,odroid4,odroid4,odroid4
2790,odroid4,odroid4,odroid4,odroid4,odroid4
2791,odroid4,odroid4,odroid4,odroid4,odroid4
2792,odroid4,odroid4,odroid4,odroid4,odroid4
2793,odroid4,odroid4,odroid2,odroid4,odroid4
2794,odroid4,odroid4,odroid4,odroid4,odroid4
2795,odroid4,odroid4,odroid4,odroid4,odroid4
2796,odroid4,odroid4,odroid4,odroid4,odroid4
2797,odroid4,odroid4,odroid4,odroid4,odroid4
2798,odroid4,odroid4,odroid4,odroid4,odroid4
2799,odroid4,odroid4,odroid4,odroid4,odroid4
2800,odroid4,odroid4,odroid4,odroid4,odroid4
2801,odroid4,odroid4,odroid4,odroid4,odroid4
2802,odroid4,odroid4,odroid4,odroid4,odroid4
2803,odroid4,odroid4,odroid4,odroid4,odroid4
2804,odroid4,odroid4,odroid4,odroid4,odroid4
2805,odroid4,odroid4,odroid4,odroid4,odroid4
2806,odroid4,odroid4,odroid4,odroid4,odroid4
2807,odroid4,odroid4,odroid4,odroid4,odroid4
2808,odroid4,odroid4,odroid4,odroid4,odroid4
2809,odroid4,odroid4,odroid4,odroid4,odroid2
2810,odroid4,odroid4,odroid4,odroid4,odroid4
2811,odroid3,odroid3,odroid3,odroid3,odroid3
2812,odroid3,odroid3,odroid3,odroid3,odroid3
2813,odroid3,odroid3,odroid3,odroid3,odroid3
2814,odroid3,odroid3,odroid3,odroid3,odroid3
2815,odroid3,odroid1,odroid3,odroid3,odroid3
2816,odroid3,odroid3,odroid3,odroid3,odroid3
2817,odroid3,odroid3,odroid3,odroid3,odroid3
2818,odroid3,odroid3,odroid3,odroid3,odroid3
2819,odroid3,odroid3,odroid3,odroid3,odroid3
2820,odroid3,odroid3,odroid3,odroid3,odroid3
2821,odroid3,odroid3,odroid3,odroid3,odroid3
2822,odroid3,odroid3,odroid3,odroid3,odroid3
2823,odroid3,odroid3,odroid3,odroid3,odroid3
2824,odroid3,odroid3,odroid3,odroid3,odroid3
2825,odroid3,odroid3,odroid3,odroid3,odroid3
2826,odroid3,odroid3,odroid3,odroid3,odroid3
2827,odroid3,odroid3,odroid3,odroid3,odroid3
2828,odroid3,odroid3,odroid3,odroid3,odroid3
2829,odroid3,odroid3,odroid3,odroid3,odroid3
2830,odroid3,odroid3,odroid3,odroid3,odroid3
2831,odroid3,odroid3,odroid3,odroid3,odroid3
2832,odroid3,odroid3,odroid3,odroid3,odroid3
2833,odroid3,odroid3,odroid3,odroid3,odroid3
2834,odroid3,odroid3,odroid3,odroid3,odroid3
2835,odroid3,odroid3,odroid3,odroid3,odroid3
2836,odroid3,odroid3,odroid3,odroid3,odroid3
2837,odroid3,odroid3,odroid3,odroid3,odroid3
2838,odroid3,odroid3,odroid3,odroid3,odroid3
2839,odroid3,odroid3,odroid3,odroid3,odroid3
2840,odroid3,odroid3,odroid3,odroid3,odroid3
2841,odroid3,odroid3,odroid3,odroid3,odroid3
2842,odroid3,odroid3,odroid3,odroid3,odroid3
2843,odroid3,odroid3,odroid3,odroid3,odroid3
2844,odroid3,odroid3,odroid3,odroid3,odroid3
2845,odroid3,odroid3,odroid3,odroid3,odroid3
2846,odroid3,odroid3,odroid3,odroid3,odroid3
2847,odroid3,odroid3,odroid3,odroid3,odroid3
2848,odroid3,odroid3,odroid3,odroid3,odroid3
2849,odroid3,odroid3,odroid3,odroid3,odroid3
2850,odroid3,odroid3,odroid3,odroid3,odroid3
2851,odroid3,odroid3,odroid3,odroid3,odroid3
2852,odroid3,odroid3,odroid3,odroid3,odroid3
2853,odroid3,odroid3,odroid3,odroid3,odroid3
2854,odroid3,odroid3,odroid3,odroid3,odroid3
2855,odroid3,odroid3,odroid3,odroid3,odroid3
2856,odroid3,odroid3,odroid3,odroid3,odroid3
2857,odroid3,odroid3,odroid3,odroid3,odroid3
2858,odroid3,odroid3,odroid3,odroid3,odroid3
2859,odroid3,odroid3,odroid3,odroid3,odroid3
2860,odroid3,odroid3,odroid3,odroid3,odroid3
2861,odroid3,odroid3,odroid3,odroid3,odroid3
2862,odroid3,odroid3,odroid3,odroid3,odroid3
2863,odroid3,odroid3,odroid3,odroid3,odroid3
2864,odroid3,odroid3,odroid3,odroid3,odroid3
2865,odroid3,odroid3,odroid3,odroid3,odroid3
2866,odroid3,odroid3,odroid3,odroid3,odroid3
2867,odroid3,odroid3,odroid3,odroid3,odroid3
2868,odroid3,odroid3,odroid3,odroid3,odroid3
2869,odroid3,odroid3,odroid3,odroid3,odroid3
2870,odroid3,odroid3,odroid3,odroid3,odroid3
2871,odroid3,odroid3,odroid3,odroid3,odroid3
2872,odroid3,odroid3,odroid3,odroid3,odroid3
2873,odroid3,odroid3,odroid3,odroid3,odroid3
2874,odroid3,odroid3,odroid3,odroid3,odroid3
2875,odroid3,odroid3,odroid3,odroid3,odroid3
2876,odroid3,odroid3,odroid3,odroid3,odroid3
2877,odroid3,odroid3,odroid3,odroid3,odroid3
2878,odroid3,odroid3,odroid3,odroid3,odroid3
2879,odroid3,odroid3,odroid3,odroid3,odroid3
2880,odroid3,odroid3,odroid3,odroid3,odroid3
2881,odroid3,odroid1,odroid3,odroid3,odroid3
2882,odroid3,odroid3,odroid3,odroid3,odroid3
2883,odroid3,odroid3,odroid3,odroid3,odroid3
2884,odroid3,odroid3,odroid3,odroid3,odroid3
2885,odroid3,odroid3,odroid3,odroid3,odroid3
2886,odroid3,odroid3,odroid3,odroid3,odroid3
2887,odroid3,odroid3,odroid3,odroid3,odroid3
2888,odroid3,odroid3,odroid3,odroid3,odroid3
2889,odroid3,odroid3,odroid3,odroid3,odroid3
2890,odroid3,odroid3,odroid3,odroid3,odroid3
2891,odroid3,odroid3,odroid3,odroid3,odroid3
2892,odroid3,odroid3,odroid3,odroid3,odroid3
2893,odroid3,odroid3,odroid3,odroid3,odroid3
2894,odroid3,odroid3,odroid3,odroid3,odroid3
2895,odroid3,odroid3,odroid3,odroid3,odroid3
2896,odroid3,odroid3,odroid3,odroid3,odroid3
2897,odroid3,odroid3,odroid3,odroid3,odroid3
2898,odroid3,odroid3,odroid3,odroid2,odroid3
2899,odroid3,odroid3,odroid3,odroid3,odroid3
2900,odroid3,odroid3,odroid3,odroid3,odroid3
2901,odroid3,odroid3,odroid3,odroid3,odroid3
2902,odroid3,odroid3,odroid3,odroid3,odroid3
2903,odroid3,odroid3,odroid3,odroid3,odroid3
2904,odroid3,odroid3,odroid3,odroid3,odroid3
2905,odroid3,odroid3,odroid3,odroid3,odroid3
2906,odroid3,odroid3,odroid3,odroid3,odroid3
2907,odroid3,odroid3,odroid3,odroid3,odroid3
2908,odroid3,odroid3,odroid3,odroid3,odroid3
2909,odroid3,odroid3,odroid3,odroid3,odroid3
2910,odroid3,odroid3,odroid3,odroid3,odroid1
2911,odroid3,odroid3,odroid3,odroid3,odroid3
2912,odroid3,odroid3,odroid3,odroid3,odroid3
2913,odroid3,odroid3,odroid3,odroid3,odroid3
2914,odroid3,odroid3,odroid3,odroid3,odroid3
2915,odroid3,odroid3,odroid3,odroid3,odroid3
2916,odroid3,odroid3,odroid3,odroid3,odroid3
2917,odroid3,odroid3,odroid3,odroid3,odroid3
2918,odroid3,odroid3,odroid3,odroid3,odroid3
2919,odroid3,odroid3,odroid3,odroid3,odroid3
2920,odroid3,odroid3,odroid3,odroid3,odroid3
2921,odroid3,odroid3,odroid3,odroid3,odroid3
2922,odroid3,odroid3,odroid3,odroid3,odroid3
2923,odroid3,odroid3,odroid3,odroid3,odroid3
2924,odroid3,odroid3,odroid3,odroid3,odroid3
2925,odroid3,odroid3,odroid3,odroid3,odroid3
2926,odroid3,odroid3,odroid3,odroid3,odroid3
2927,odroid3,odroid3,odroid3,odroid3,odroid3
2928,odroid3,odroid3,odroid3,odroid3,odroid3
2929,odroid3,odroid3,odroid3,odroid3,odroid3
2930,odroid3,odroid3,odroid3,odroid3,odroid3
2931,odroid3,odroid3,odroid3,odroid3,odroid3
2932,odroid3,odroid3,odroid3,odroid3,odroid3
2933,odroid3,odroid3,odroid3,odroid3,odroid3
2934,odroid3,odroid3,odroid3,odroid3,odroid3
2935,odroid3,odroid3,odroid3,odroid3,odroid3
2936,odroid3,odroid3,odroid3,odroid3,odroid4
2937,odroid3,odroid3,odroid3,odroid3,odroid3
2938,odroid3,odroid3,odroid3,odroid3,odroid3
2939,odroid3,odroid3,odroid3,odroid3,odroid3
2940,odroid3,odroid3,odroid3,odroid3,odroid3
2941,odroid3,odroid3,odroid3,odroid3,odroid3
2942,odroid3,odroid3,odroid3,odroid3,odroid3
2943,odroid3,odroid3,odroid3,odroid3,odroid3
2944,odroid3,odroid3,odroid3,odroid1,odroid3
2945,odroid3,odroid3,odroid1,odroid3,odroid1
2946,odroid3,odroid3,odroid3,odroid4,odroid1
2947,odroid3,odroid3,odroid3,odroid3,odroid3
2948,odroid3,odroid3,odroid3,odroid3,odroid3
2949,odroid3,odroid3,odroid3,odroid1,odroid3
2950,odroid3,odroid3,odroid3,odroid3,odroid3
2951,odroid3,odroid3,odroid3,odroid3,odroid3
2952,odroid3,odroid3,odroid3,odroid3,odroid3
2953,odroid3,odroid3,odroid3,odroid3,odroid3
2954,odroid3,odroid3,odroid3,odroid3,odroid3
2955,odroid3,odroid2,odroid3,odroid3,odroid3
2956,odroid3,odroid3,odroid3,odroid3,odroid3
2957,odroid3,odroid3,odroid3,odroid3,odroid3
2958,odroid3,odroid3,odroid3,odroid3,odroid3
2959,odroid3,odroid3,odroid3,odroid3,odroid3
2960,odroid3,odroid3,odroid3,odroid3,odroid3
2961,odroid3,odroid3,odroid3,odroid3,odroid3
2962,odroid3,odroid3,odroid3,odroid3,odroid3
2963,odroid3,odroid3,odroid3,odroid3,odroid3
2964,odroid3,odroid3,odroid3,odroid3,odroid3
2965,odroid3,odroid3,odroid3,odroid3,odroid3
2966,odroid3,odroid3,odroid3,odroid3,odroid3
2967,odroid3,odroid3,odroid3,odroid3,odroid3
2968,odroid3,odroid1,odroid3,odroid3,odroid3
2969,odroid3,odroid3,odroid3,odroid3,odroid3
2970,odroid3,odroid3,odroid3,odroid3,odroid3
2971,odroid3,odroid3,odroid3,odroid3,odroid3
2972,odroid3,odroid3,odroid3,odroid3,odroid3
2973,odroid3,odroid4,odroid3,odroid3,odroid3
2974,odroid3,odroid3,odroid3,odroid3,odroid3
2975,odroid3,odroid3,odroid1,odroid3,odroid3
2976,odroid3,odroid3,odroid3,odroid3,odroid3
2977,odroid3,odroid3,odroid3,odroid1,odroid3
2978,odroid3,odroid3,odroid3,odroid1,odroid3
2979,odroid3,odroid3,odroid3,odroid3,odroid3
2980,odroid3,odroid3,odroid3,odroid3,odroid3
2981,odroid3,odroid3,odroid3,odroid3,odroid3
2982,odroid3,odroid3,odroid3,odroid3,odroid3
2983,odroid3,odroid3,odroid3,odroid3,odroid3
2984,odroid3,odroid3,odroid3,odroid3,odroid3
2985,odroid3,odroid3,odroid3,odroid3,odroid3
2986,odroid3,odroid3,odroid3,odroid3,odroid3
2987,odroid3,odroid3,odroid3,odroid3,odroid1
2988,odroid3,odroid3,odroid3,odroid3,odroid3
2989,odroid3,odroid3,odroid3,odroid3,odroid3
2990,odroid3,odroid3,odroid3,odroid3,odroid3
2991,odroid3,odroid3,odroid3,odroid3,odroid3
2992,odroid3,odroid3,odroid3,odroid3,odroid3
2993,odroid3,odroid3,odroid3,odroid3,odroid3
2994,odroid3,odroid3,odroid3,odroid3,odroid3
2995,odroid3,odroid3,odroid3,odroid3,odroid3
2996,odroid3,odroid3,odroid3,odroid3,odroid3
2997,odroid3,odroid3,odroid3,odroid3,odroid3
2998,odroid3,odroid3,odroid3,odroid3,odroid4
2999,odroid3,odroid3,odroid3,odroid3,odroid3
3000,odroid3,odroid3,odroid3,odroid3,odroid3
3001,odroid3,odroid3,odroid3,odroid3,odroid3
3002,odroid3,odroid3,odroid3,odroid3,odroid3
3003,odroid3,odroid3,odroid3,odroid3,odroid3
3004,odroid3,odroid3,odroid3,odroid3,odroid1
3005,odroid3,odroid3,odroid3,odroid3,odroid3
3006,odroid3,odroid3,odroid3,odroid3,odroid3
3007,odroid3,odroid3,odroid3,odroid3,odroid3
3008,odroid3,odroid3,odroid3,odroid3,odroid3
3009,odroid3,odroid3,odroid3,odroid3,odroid3
3010,odroid3,odroid1,odroid3,odroid3,odroid3
3011,odroid3,odroid3,odroid3,odroid3,odroid3
3012,odroid3,odroid3,odroid3,odroid3,odroid3
3013,odroid3,odroid3,odroid3,odroid3,odroid3
3014,odroid3,odroid1,odroid3,odroid3,odroid3
3015,odroid3,odroid3,odroid3,odroid3,odroid3
3016,odroid3,odroid3,odroid3,odroid3,odroid3
3017,odroid3,odroid3,odroid1,odroid1,odroid3
3018,odroid3,odroid3,odroid3,odroid3,odroid3
3019,odroid3,odroid3,odroid3,odroid3,odroid3
3020,odroid3,odroid3,odroid3,odroid3,odroid3
3021,odroid3,odroid1,odroid1,odroid3,odroid2
3022,odroid3,odroid3,odroid3,odroid3,odroid3
3023,odroid3,odroid3,odroid3,odroid3,odroid3
3024,odroid3,odroid3,odroid3,odroid3,odroid3
3025,odroid3,odroid3,odroid3,odroid1,odroid3
3026,odroid3,odroid3,odroid3,odroid3,odroid3
3027,odroid3,odroid3,odroid3,odroid3,odroid3
3028,odroid3,odroid3,odroid3,odroid3,odroid3
3029,odroid3,odroid3,odroid3,odroid3,odroid3
3030,odroid3,odroid3,odroid3,odroid3,odroid3
3031,odroid3,odroid3,odroid3,odroid3,odroid3
3032,odroid3,odroid3,odroid3,odroid3,odroid3
3033,odroid3,odroid3,odroid3,odroid3,odroid3
3034,odroid3,odroid3,odroid3,odroid3,odroid3
3035,odroid3,odroid3,odroid3,odroid3,odroid3
3036,odroid3,odroid3,odroid3,odroid3,odroid3
3037,odroid3,odroid3,odroid3,odroid3,odroid3
3038,odroid3,odroid3,odroid3,odroid3,odroid1
3039,odroid3,odroid3,odroid3,odroid3,odroid3
3040,odroid3,odroid3,odroid3,odroid3,odroid3
3041,odroid3,odroid3,odroid3,odroid3,odroid3
3042,odroid3,odroid3,odroid3,odroid3,odroid3
3043,odroid3,odroid3,odroid3,odroid3,odroid3
3044,odroid3,odroid3,odroid3,odroid3,odroid3
3045,odroid3,odroid3,odroid3,odroid3,odroid4
3046,odroid3,odroid3,odroid3,odroid3,odroid3
3047,odroid3,odroid3,odroid3,odroid3,odroid3
3048,odroid3,odroid3,odroid3,odroid3,odroid1
3049,odroid3,odroid3,odroid4,odroid3,odroid3
3050,odroid3,odroid3,odroid3,odroid3,odroid3
3051,odroid3,odroid3,odroid3,odroid3,odroid3
3052,odroid3,odroid1,odroid3,odroid3,odroid3
3053,odroid3,odroid3,odroid3,odroid3,odroid1
3054,odroid3,odroid2,odroid3,odroid3,odroid3
3055,odroid3,odroid3,odroid3,odroid4,odroid3
3056,odroid3,odroid1,odroid3,odroid3,odroid3
3057,odroid3,odroid3,odroid3,odroid3,odroid3
3058,odroid3,odroid3,odroid3,odroid3,odroid3
3059,odroid3,odroid3,odroid3,odroid3,odroid3
3060,odroid3,odroid3,odroid3,odroid3,odroid3
3061,odroid3,odroid1,odroid3,odroid3,odroid3
3062,odroid3,odroid3,odroid3,odroid3,odroid3
3063,odroid3,odroid1,odroid3,odroid3,odroid3
3064,odroid3,odroid3,odroid3,odroid3,odroid3
3065,odroid3,odroid2,odroid3,odroid3,odroid3
3066,odroid3,odroid3,odroid3,odroid3,odroid3
3067,odroid3,odroid3,odroid3,odroid3,odroid3
3068,odroid3,odroid3,odroid3,odroid3,odroid3
3069,odroid3,odroid3,odroid3,odroid3,odroid3
3070,odroid3,odroid3,odroid3,odroid3,odroid3
3071,odroid3,odroid3,odroid3,odroid1,odroid1
3072,odroid3,odroid3,odroid3,odroid3,odroid3
3073,odroid3,odroid3,odroid1,odroid3,odroid1
3074,odroid3,odroid1,odroid3,odroid3,odroid3
3075,odroid3,odroid3,odroid3,odroid3,odroid3
3076,odroid3,odroid3,odroid3,odroid3,odroid3
3077,odroid3,odroid3,odroid3,odroid3,odroid3
3078,odroid3,odroid3,odroid3,odroid3,odroid3
3079,odroid3,odroid3,odroid3,odroid3,odroid3
3080,odroid3,odroid3,odroid3,odroid3,odroid3
3081,odroid3,odroid3,odroid3,odroid3,odroid3
3082,odroid3,odroid3,odroid3,odroid3,odroid3
3083,odroid3,odroid3,odroid3,odroid3,odroid3
3084,odroid3,odroid3,odroid3,odroid3,odroid3
3085,odroid3,odroid3,odroid3,odroid3,odroid3
3086,odroid3,odroid3,odroid3,odroid3,odroid3
3087,odroid3,odroid3,odroid3,odroid3,odroid3
3088,odroid3,odroid3,odroid3,odroid3,odroid3
3089,odroid3,odroid3,odroid3,odroid3,odroid3
3090,odroid3,odroid3,odroid3,odroid3,odroid3
3091,odroid3,odroid3,odroid3,odroid3,odroid3
3092,odroid3,odroid3,odroid3,odroid3,odroid3
3093,odroid3,odroid3,odroid3,odroid3,odroid3
3094,odroid3,odroid3,odroid3,odroid1,odroid3
3095,odroid3,odroid3,odroid3,odroid3,odroid2
3096,odroid3,odroid3,odroid3,odroid3,odroid3
3097,odroid3,odroid3,odroid3,odroid3,odroid3
3098,odroid3,odroid3,odroid3,odroid3,odroid3
3099,odroid3,odroid3,odroid3,odroid3,odroid3
3100,odroid3,odroid1,odroid3,odroid3,odroid3
3101,odroid3,odroid3,odroid3,odroid3,odroid3
3102,odroid3,odroid3,odroid3,odroid1,odroid3
3103,odroid3,odroid3,odroid1,odroid3,odroid1
3104,odroid3,odroid1,odroid3,odroid3,odroid3
3105,odroid3,odroid3,odroid3,odroid3,odroid3
3106,odroid3,odroid3,odroid3,odroid1,odroid3
3107,odroid3,odroid3,odroid3,odroid1,odroid3
3108,odroid3,odroid3,odroid1,odroid3,odroid3
3109,odroid3,odroid3,odroid3,odroid3,odroid3
3110,odroid3,odroid3,odroid3,odroid3,odroid3
3111,odroid3,odroid3,odroid3,odroid3,odroid3
3112,odroid3,odroid3,odroid3,odroid3,odroid3
3113,odroid3,odroid3,odroid3,odroid3,odroid3
3114,odroid3,odroid3,odroid3,odroid3,odroid3
3115,odroid3,odroid3,odroid3,odroid3,odroid3
3116,odroid3,odroid3,odroid3,odroid3,odroid3
3117,odroid3,odroid3,odroid3,odroid3,odroid3
3118,odroid3,odroid3,odroid3,odroid3,odroid3
3119,odroid3,odroid3,odroid3,odroid3,odroid3
3120,odroid3,odroid3,odroid1,odroid3,odroid3
3121,odroid3,odroid3,odroid3,odroid3,odroid3
3122,odroid3,odroid3,odroid3,odroid3,odroid3
3123,odroid3,odroid3,odroid3,odroid3,odroid1
3124,odroid3,odroid3,odroid3,odroid3,odroid3
3125,odroid3,odroid3,odroid3,odroid3,odroid3
3126,odroid3,odroid3,odroid3,odroid3,odroid3
3127,odroid3,odroid3,odroid3,odroid3,odroid3
3128,odroid3,odroid3,odroid3,odroid3,odroid3
3129,odroid3,odroid3,odroid3,odroid3,odroid3
3130,odroid3,odroid3,odroid3,odroid3,odroid1
3131,odroid3,odroid3,odroid1,odroid3,odroid3
3132,odroid3,odroid3,odroid3,odroid3,odroid3
3133,odroid3,odroid3,odroid3,odroid3,odroid3
3134,odroid3,odroid3,odroid3,odroid3,odroid3
3135,odroid3,odroid3,odroid3,odroid3,odroid3
3136,odroid3,odroid3,odroid3,odroid3,odroid3
3137,odroid3,odroid3,odroid3,odroid3,odroid3
3138,odroid3,odroid3,odroid3,odroid3,odroid3
3139,odroid3,odroid3,odroid2,odroid3,odroid3
3140,odroid3,odroid3,odroid3,odroid3,odroid3
3141,odroid3,odroid3,odroid3,odroid3,odroid3
3142,odroid3,odroid1,odroid3,odroid3,odroid3
3143,odroid3,odroid3,odroid3,odroid3,odroid3
3144,odroid3,odroid3,odroid3,odroid3,odroid3
3145,odroid3,odroid3,odroid3,odroid3,odroid3
3146,odroid3,odroid3,odroid3,odroid3,odroid3
3147,odroid3,odroid3,odroid3,odroid3,odroid3
3148,odroid3,odroid1,odroid3,odroid3,odroid3
3149,odroid3,odroid3,odroid3,odroid3,odroid3
3150,odroid3,odroid3,odroid3,odroid3,odroid3
3151,odroid3,odroid3,odroid3,odroid3,odroid3
3152,odroid3,odroid3,odroid1,odroid3,odroid3
3153,odroid3,odroid3,odroid3,odroid3,odroid3
3154,odroid3,odroid3,odroid1,odroid3,odroid3
3155,odroid3,odroid3,odroid3,odroid3,odroid3
3156,odroid3,odroid3,odroid3,odroid3,odroid3
3157,odroid3,odroid3,odroid3,odroid1,odroid3
3158,odroid3,odroid3,odroid3,odroid3,odroid3
3159,odroid3,odroid3,odroid3,odroid1,odroid3
3160,odroid3,odroid3,odroid3,odroid3,odroid3
3161,odroid3,odroid3,odroid3,odroid3,odroid3
3162,odroid3,odroid3,odroid3,odroid3,odroid3
3163,odroid3,odroid3,odroid3,odroid3,odroid1
3164,odroid3,odroid3,odroid3,odroid3,odroid3
3165,odroid3,odroid3,odroid1,odroid3,odroid3
3166,odroid3,odroid4,odroid1,odroid3,odroid3
3167,odroid3,odroid3,odroid1,odroid3,odroid3
3168,odroid3,odroid1,odroid3,odroid3,odroid3
3169,odroid3,odroid3,odroid1,odroid3,odroid3
3170,odroid3,odroid3,odroid3,odroid3,odroid3
3171,odroid3,odroid3,odroid2,odroid3,odroid3
3172,odroid3,odroid3,odroid3,odroid1,odroid3
3173,odroid3,odroid3,odroid3,odroid3,odroid3
3174,odroid3,odroid3,odroid3,odroid3,odroid3
3175,odroid3,odroid3,odroid3,odroid3,odroid3
3176,odroid3,odroid3,odroid3,odroid3,odroid3
3177,odroid3,odroid3,odroid3,odroid3,odroid3
3178,odroid3,odroid3,odroid3,odroid3,odroid1
3179,odroid3,odroid3,odroid3,odroid3,odroid3
3180,odroid3,odroid3,odroid3,odroid3,odroid3
3181,odroid3,odroid3,odroid3,odroid3,odroid3
3182,odroid3,odroid3,odroid3,odroid3,odroid3
3183,odroid3,odroid3,odroid3,odroid3,odroid3
3184,odroid3,odroid3,odroid1,odroid3,odroid3
3185,odroid3,odroid3,odroid3,odroid3,odroid3
3186,odroid3,odroid3,odroid3,odroid3,odroid3
3187,odroid3,odroid3,odroid3,odroid3,odroid3
3188,odroid3,odroid3,odroid3,odroid3,odroid2
3189,odroid3,odroid3,odroid3,odroid3,odroid1
3190,odroid3,odroid3,odroid3,odroid3,odroid3
3191,odroid3,odroid1,odroid3,odroid3,odroid3
3192,odroid3,odroid3,odroid4,odroid3,odroid3
3193,odroid3,odroid3,odroid3,odroid3,odroid3
3194,odroid3,odroid3,odroid3,odroid3,odroid3
3195,odroid3,odroid3,odroid1,odroid3,odroid3
3196,odroid3,odroid3,odroid3,odroid3,odroid3
3197,odroid3,odroid3,odroid3,odroid3,odroid3
3198,odroid3,odroid3,odroid3,odroid3,odroid3
3199,odroid3,odroid3,odroid3,odroid3,odroid3
3200,odroid3,odroid3,odroid3,odroid3,odroid3
3201,odroid3,odroid3,odroid3,odroid3,odroid3
3202,odroid3,odroid3,odroid3,odroid3,odroid3
3203,odroid3,odroid3,odroid3,odroid3,odroid3
3204,odroid3,odroid3,odroid3,odroid3,odroid3
3205,odroid3,odroid3,odroid3,odroid3,odroid3
3206,odroid3,odroid1,odroid3,odroid3,odroid3
3207,odroid3,odroid3,odroid3,odroid1,odroid3
3208,odroid3,odroid1,odroid3,odroid3,odroid3
3209,odroid3,odroid3,odroid3,odroid3,odroid3
3210,odroid3,odroid3,odroid3,odroid3,odroid3
3211,odroid3,odroid3,odroid3,odroid3,odroid3
3212,odroid3,odroid3,odroid3,odroid1,odroid3
3213,odroid3,odroid3,odroid3,odroid3,odroid3
3214,odroid3,odroid3,odroid3,odroid3,odroid3
3215,odroid3,odroid3,odroid3,odroid3,odroid3
3216,odroid3,odroid3,odroid3,odroid3,odroid3
3217,odroid3,odroid3,odroid3,odroid3,odroid3
3218,odroid3,odroid3,odroid3,odroid3,odroid3
3219,odroid3,odroid3,odroid3,odroid3,odroid3
3220,odroid3,odroid3,odroid3,odroid3,odroid3
3221,odroid3,odroid3,odroid3,odroid3,odroid3
3222,odroid3,odroid3,odroid3,odroid1,odroid3
3223,odroid3,odroid3,odroid3,odroid3,odroid3
3224,odroid3,odroid3,odroid3,odroid3,odroid1
3225,odroid3,odroid3,odroid3,odroid1,odroid3
3226,odroid3,odroid3,odroid3,odroid3,odroid3
3227,odroid3,odroid3,odroid3,odroid3,odroid3
3228,odroid3,odroid3,odroid3,odroid3,odroid1
3229,odroid3,odroid3,odroid3,odroid3,odroid3
3230,odroid3,odroid3,odroid3,odroid1,odroid3
3231,odroid3,odroid3,odroid3,odroid1,odroid3
3232,odroid3,odroid3,odroid3,odroid3,odroid3
3233,odroid3,odroid3,odroid3,odroid3,odroid3
3234,odroid3,odroid3,odroid3,odroid3,odroid3
3235,odroid3,odroid3,odroid3,odroid3,odroid3
3236,odroid3,odroid3,odroid3,odroid3,odroid3
3237,odroid3,odroid3,odroid3,odroid3,odroid3
3238,odroid3,odroid3,odroid3,odroid3,odroid3
3239,odroid3,odroid3,odroid3,odroid3,odroid3
3240,odroid3,odroid3,odroid3,odroid3,odroid3
3241,odroid3,odroid3,odroid3,odroid3,odroid1
3242,odroid3,odroid3,odroid3,odroid3,odroid3
3243,odroid3,odroid3,odroid3,odroid3,odroid3
