,label,attempt_0,attempt_1
0,rpi-4a,rpi-4a,rpi-4a
1,rpi-4a,rpi-4a,rpi-4a
2,rpi-4a,rpi-4a,rpi-8b
3,rpi-4a,rpi-4a,rpi-4a
4,rpi-4a,rpi-4a,rpi-4a
5,rpi-4a,rpi-4a,rpi-4a
6,rpi-4a,rpi-4a,rpi-4a
7,rpi-4a,rpi-4a,rpi-4a
8,rpi-4a,rpi-8d,rpi-4a
9,rpi-4a,rpi-8d,rpi-4a
10,rpi-4a,rpi-4a,rpi-4a
11,rpi-4a,rpi-4a,rpi-8d
12,rpi-4a,rpi-8d,rpi-4a
13,rpi-4a,rpi-4a,rpi-4a
14,rpi-4a,rpi-8c,rpi-4a
15,rpi-4a,rpi-4a,rpi-4a
16,rpi-4a,rpi-4a,rpi-4a
17,rpi-4a,rpi-4a,rpi-8c
18,rpi-4a,rpi-4a,rpi-4a
19,rpi-4a,rpi-4a,rpi-4a
20,rpi-4a,rpi-4a,rpi-4a
21,rpi-4a,rpi-4a,rpi-8c
22,rpi-4a,rpi-4a,rpi-4a
23,rpi-4a,rpi-4a,rpi-4a
24,rpi-4a,rpi-8d,rpi-8d
25,rpi-4a,rpi-4a,rpi-4a
26,rpi-4a,rpi-4a,rpi-4a
27,rpi-4a,rpi-4a,rpi-8d
28,rpi-4a,rpi-4a,rpi-8d
29,rpi-4a,rpi-4a,rpi-4a
30,rpi-4a,rpi-8d,rpi-4a
31,rpi-4a,rpi-4a,rpi-4a
32,rpi-4a,rpi-4a,rpi-4a
33,rpi-4a,rpi-4a,rpi-4a
34,rpi-4a,rpi-4a,rpi-8c
35,rpi-4a,rpi-8d,rpi-4a
36,rpi-4a,rpi-4a,rpi-4a
37,rpi-4a,rpi-4a,rpi-4a
38,rpi-4a,rpi-4a,rpi-4a
39,rpi-4a,rpi-4a,rpi-4a
40,rpi-4a,rpi-4a,rpi-4a
41,rpi-4a,rpi-4a,rpi-4a
42,rpi-4a,rpi-8d,rpi-4a
43,rpi-4a,rpi-4a,rpi-4a
44,rpi-4a,rpi-4a,rpi-4a
45,rpi-4a,rpi-4a,rpi-4a
46,rpi-4a,rpi-4a,rpi-4a
47,rpi-4a,rpi-4a,rpi-4a
48,rpi-4a,rpi-4a,rpi-4a
49,rpi-4a,rpi-4a,rpi-4a
50,rpi-4a,rpi-4a,rpi-4a
51,rpi-4a,rpi-4a,rpi-4a
52,rpi-4a,rpi-4a,rpi-4a
53,rpi-4a,rpi-4a,rpi-4a
54,rpi-4a,rpi-4a,rpi-4a
55,rpi-4a,rpi-4a,rpi-4a
56,rpi-4a,rpi-4a,rpi-4a
57,rpi-4a,rpi-4a,rpi-4a
58,rpi-4a,rpi-4a,rpi-4a
59,rpi-4a,rpi-4a,rpi-4a
60,rpi-4a,rpi-4a,rpi-8d
61,rpi-4a,rpi-4a,rpi-4a
62,rpi-4a,rpi-8c,rpi-4a
63,rpi-4a,rpi-4a,rpi-4a
64,rpi-4a,rpi-4a,rpi-4a
65,rpi-4a,rpi-4a,rpi-4a
66,rpi-4a,rpi-4a,rpi-4a
67,rpi-4a,rpi-4a,rpi-4a
68,rpi-4a,rpi-4a,rpi-4a
69,rpi-4a,rpi-4a,rpi-4a
70,rpi-4a,rpi-8c,rpi-4a
71,rpi-4a,rpi-4a,rpi-4a
72,rpi-4a,rpi-4a,rpi-8d
73,rpi-4a,rpi-4a,rpi-4a
74,rpi-4a,rpi-4a,rpi-4a
75,rpi-4a,rpi-4a,rpi-8d
76,rpi-4a,rpi-4a,rpi-4a
77,rpi-4a,rpi-4a,rpi-4a
78,rpi-4a,rpi-4a,rpi-4a
79,rpi-4a,rpi-4a,rpi-4a
80,rpi-4a,rpi-4a,rpi-8d
81,rpi-4a,rpi-4a,rpi-4a
82,rpi-4a,rpi-4a,rpi-4a
83,rpi-4a,rpi-4a,rpi-4a
84,rpi-4a,rpi-4a,rpi-4a
85,rpi-4a,rpi-4a,rpi-4a
86,rpi-4a,rpi-4a,rpi-4a
87,rpi-4a,rpi-8c,rpi-4a
88,rpi-4a,rpi-4a,rpi-4a
89,rpi-4a,rpi-4a,rpi-4a
90,rpi-4a,rpi-4a,rpi-8c
91,rpi-4a,rpi-4a,rpi-4a
92,rpi-4a,rpi-8b,rpi-4a
93,rpi-4a,rpi-4a,rpi-4a
94,rpi-4a,rpi-4a,rpi-4a
95,rpi-4a,rpi-4a,rpi-4a
96,rpi-4a,rpi-8d,rpi-8c
97,rpi-4a,rpi-8d,rpi-4a
98,rpi-4a,rpi-4a,rpi-4a
99,rpi-4a,rpi-4a,rpi-8b
100,rpi-4a,rpi-4a,rpi-4a
101,rpi-4a,rpi-4a,rpi-4a
102,rpi-4a,rpi-4a,rpi-4a
103,rpi-4a,rpi-4a,rpi-4a
104,rpi-4a,rpi-4a,rpi-4a
105,rpi-4a,rpi-4a,rpi-4a
106,rpi-4a,rpi-4a,rpi-4a
107,rpi-4a,rpi-4a,rpi-8b
108,rpi-4a,rpi-4a,rpi-4a
109,rpi-4a,rpi-4a,rpi-4a
110,rpi-4a,rpi-4a,rpi-4a
111,rpi-4a,rpi-4a,rpi-4a
112,rpi-4a,rpi-4a,rpi-4a
113,rpi-4a,rpi-4a,rpi-8d
114,rpi-4a,rpi-4a,rpi-4a
115,rpi-4a,rpi-4a,rpi-4a
116,rpi-4a,rpi-4a,rpi-4a
117,rpi-4a,rpi-4a,rpi-4a
118,rpi-4a,rpi-4a,rpi-4a
119,rpi-4a,rpi-8d,rpi-4a
120,rpi-4a,rpi-4a,rpi-4a
121,rpi-4a,rpi-4a,rpi-4a
122,rpi-4a,rpi-4a,rpi-4a
123,rpi-4a,rpi-4a,rpi-4a
124,rpi-4a,rpi-4a,rpi-4a
125,rpi-4a,rpi-4a,rpi-4a
126,rpi-4a,rpi-4a,rpi-4a
127,rpi-4a,rpi-8d,rpi-8d
128,rpi-4a,rpi-4a,rpi-4a
129,rpi-4a,rpi-4a,rpi-4a
130,rpi-4a,rpi-4a,rpi-4a
131,rpi-4a,rpi-8c,rpi-4a
132,rpi-4a,rpi-4a,rpi-4a
133,rpi-4a,rpi-4a,rpi-8c
134,rpi-4a,rpi-4a,rpi-4a
135,rpi-4a,rpi-4a,rpi-4a
136,rpi-4a,rpi-4a,rpi-4a
137,rpi-4a,rpi-4a,rpi-4a
138,rpi-4a,rpi-4a,rpi-4a
139,rpi-4a,rpi-4a,rpi-4a
140,rpi-4a,rpi-4a,rpi-4a
141,rpi-4a,rpi-4a,rpi-8c
142,rpi-4a,rpi-8c,rpi-4a
143,rpi-4a,rpi-4a,rpi-4a
144,rpi-4a,rpi-4a,rpi-4a
145,rpi-4a,rpi-4a,rpi-4a
146,rpi-4a,rpi-4a,rpi-4a
147,rpi-4a,rpi-4a,rpi-4a
148,rpi-4a,rpi-4a,rpi-4a
149,rpi-4a,rpi-8d,rpi-8d
150,rpi-4a,rpi-4a,rpi-8d
151,rpi-4a,rpi-4a,rpi-4a
152,rpi-4a,rpi-4a,rpi-4a
153,rpi-4a,rpi-8d,rpi-4a
154,rpi-4a,rpi-4a,rpi-4a
155,rpi-4a,rpi-4a,rpi-4a
156,rpi-4a,rpi-4a,rpi-4a
157,rpi-4a,rpi-4a,rpi-4a
158,rpi-4a,rpi-4a,rpi-4a
159,rpi-4a,rpi-4a,rpi-8c
160,rpi-4a,rpi-4a,rpi-8c
161,rpi-4a,rpi-4a,rpi-4a
162,rpi-4a,rpi-4a,rpi-8c
163,rpi-4a,rpi-4a,rpi-4a
164,rpi-4a,rpi-4a,rpi-4a
165,rpi-4a,rpi-8d,rpi-4a
166,rpi-4a,rpi-8b,rpi-8c
167,rpi-4a,rpi-4a,rpi-4a
168,rpi-4a,rpi-4a,rpi-4a
169,rpi-4a,rpi-4a,rpi-4a
170,rpi-4a,rpi-8c,rpi-4a
171,rpi-4a,rpi-4a,rpi-4a
172,rpi-4a,rpi-4a,rpi-4a
173,rpi-4a,rpi-8d,rpi-4a
174,rpi-4a,rpi-4a,rpi-4a
175,rpi-4a,rpi-8c,rpi-4a
176,rpi-4a,rpi-4a,rpi-4a
177,rpi-4a,rpi-8c,rpi-4a
178,rpi-4a,rpi-4a,rpi-4a
179,rpi-4a,rpi-4a,rpi-4a
180,rpi-4a,rpi-4a,rpi-4a
181,rpi-4a,rpi-4a,rpi-4a
182,rpi-4a,rpi-4a,rpi-4a
183,rpi-4a,rpi-4a,rpi-4a
184,rpi-4a,rpi-4a,rpi-8c
185,rpi-4a,rpi-4a,rpi-4a
186,rpi-4a,rpi-8d,rpi-4a
187,rpi-4a,rpi-4a,rpi-4a
188,rpi-4a,rpi-4a,rpi-4a
189,rpi-4a,rpi-4a,rpi-4a
190,rpi-4a,rpi-4a,rpi-4a
191,rpi-4a,rpi-4a,rpi-4a
192,rpi-4a,rpi-4a,rpi-4a
193,rpi-4a,rpi-4a,rpi-4a
194,rpi-4a,rpi-4a,rpi-4a
195,rpi-4a,rpi-4a,rpi-8d
196,rpi-4a,rpi-4a,rpi-4a
197,rpi-4a,rpi-4a,rpi-4a
198,rpi-4a,rpi-4a,rpi-4a
199,rpi-4a,rpi-8c,rpi-4a
200,rpi-4a,rpi-4a,rpi-4a
201,rpi-4a,rpi-4a,rpi-4a
202,rpi-4a,rpi-4a,rpi-4a
203,rpi-4a,rpi-4a,rpi-4a
204,rpi-4a,rpi-4a,rpi-4a
205,rpi-4a,rpi-4a,rpi-4a
206,rpi-4a,rpi-4a,rpi-4a
207,rpi-4a,rpi-4a,rpi-8c
208,rpi-4a,rpi-4a,rpi-4a
209,rpi-4a,rpi-8c,rpi-4a
210,rpi-4a,rpi-4a,rpi-8c
211,rpi-4a,rpi-4a,rpi-8c
212,rpi-4a,rpi-4a,rpi-4a
213,rpi-4a,rpi-4a,rpi-4a
214,rpi-4a,rpi-4a,rpi-4a
215,rpi-4a,rpi-4a,rpi-4a
216,rpi-4a,rpi-4a,rpi-4a
217,rpi-4a,rpi-4a,rpi-4a
218,rpi-4a,rpi-4a,rpi-4a
219,rpi-4a,rpi-4a,rpi-4a
220,rpi-4a,rpi-4a,rpi-4a
221,rpi-4a,rpi-4a,rpi-4a
222,rpi-4a,rpi-4a,rpi-4a
223,rpi-4a,rpi-4a,rpi-4a
224,rpi-4a,rpi-8d,rpi-8c
225,rpi-4a,rpi-4a,rpi-4a
226,rpi-4a,rpi-4a,rpi-4a
227,rpi-4a,rpi-4a,rpi-4a
228,rpi-4a,rpi-4a,rpi-4a
229,rpi-4a,rpi-4a,rpi-4a
230,rpi-4a,rpi-4a,rpi-4a
231,rpi-4a,rpi-4a,rpi-8d
232,rpi-4a,rpi-4a,rpi-4a
233,rpi-4a,rpi-8d,rpi-8d
234,rpi-4a,rpi-4a,rpi-4a
235,rpi-4a,rpi-8c,rpi-4a
236,rpi-4a,rpi-4a,rpi-4a
237,rpi-4a,rpi-4a,rpi-4a
238,rpi-4a,rpi-8c,rpi-4a
239,rpi-4a,rpi-4a,rpi-4a
240,rpi-4a,rpi-4a,rpi-4a
241,rpi-4a,rpi-8c,rpi-4a
242,rpi-4a,rpi-4a,rpi-4a
243,rpi-4a,rpi-4a,rpi-4a
244,rpi-4a,rpi-4a,rpi-8d
245,rpi-4a,rpi-8c,rpi-4a
246,rpi-4a,rpi-8d,rpi-4a
247,rpi-4a,rpi-4a,rpi-4a
248,rpi-4a,rpi-4a,rpi-4a
249,rpi-4a,rpi-4a,rpi-4a
250,rpi-4a,rpi-4a,rpi-4a
251,rpi-4a,rpi-4a,rpi-4a
252,rpi-4a,rpi-4a,rpi-4a
253,rpi-4a,rpi-4a,rpi-4a
254,rpi-4a,rpi-4a,rpi-4a
255,rpi-4a,rpi-4a,rpi-4a
256,rpi-4a,rpi-4a,rpi-8d
257,rpi-4a,rpi-8c,rpi-8c
258,rpi-4a,rpi-4a,rpi-4a
259,rpi-4a,rpi-4a,rpi-4a
260,rpi-4a,rpi-4a,rpi-8c
261,rpi-4a,rpi-4a,rpi-8d
262,rpi-4a,rpi-8d,rpi-4a
263,rpi-4a,rpi-8d,rpi-4a
264,rpi-4a,rpi-4a,rpi-8d
265,rpi-4a,rpi-4a,rpi-4a
266,rpi-4a,rpi-4a,rpi-4a
267,rpi-4a,rpi-4a,rpi-4a
268,rpi-4a,rpi-4a,rpi-8c
269,rpi-4a,rpi-4a,rpi-4a
270,rpi-4a,rpi-4a,rpi-4a
271,rpi-4a,rpi-4a,rpi-4a
272,rpi-4a,rpi-4a,rpi-4a
273,rpi-4a,rpi-4a,rpi-8d
274,rpi-4a,rpi-4a,rpi-4a
275,rpi-4a,rpi-4a,rpi-4a
276,rpi-4a,rpi-4a,rpi-4a
277,rpi-4a,rpi-8c,rpi-4a
278,rpi-4a,rpi-8b,rpi-4a
279,rpi-4a,rpi-4a,rpi-4a
280,rpi-4a,rpi-4a,rpi-4a
281,rpi-4a,rpi-4a,rpi-4a
282,rpi-4a,rpi-4a,rpi-4a
283,rpi-4a,rpi-4a,rpi-4a
284,rpi-4a,rpi-4a,rpi-4a
285,rpi-4a,rpi-4a,rpi-4a
286,rpi-4a,rpi-4a,rpi-4a
287,rpi-4a,rpi-4a,rpi-4a
288,rpi-4a,rpi-4a,rpi-4a
289,rpi-4a,rpi-4a,rpi-4a
290,rpi-4a,rpi-4a,rpi-4a
291,rpi-4a,rpi-4a,rpi-4a
292,rpi-4a,rpi-4a,rpi-4a
293,rpi-4a,rpi-8d,rpi-4a
294,rpi-4a,rpi-4a,rpi-4a
295,rpi-4a,rpi-4a,rpi-4a
296,rpi-4a,rpi-4a,rpi-4a
297,rpi-4a,rpi-4a,rpi-4a
298,rpi-4a,rpi-4a,rpi-4a
299,rpi-4a,rpi-4a,rpi-4a
300,rpi-4a,rpi-4a,rpi-4a
301,rpi-4a,rpi-4a,rpi-4a
302,rpi-4a,rpi-8d,rpi-4a
303,rpi-4a,rpi-8d,rpi-4a
304,rpi-4a,rpi-8d,rpi-4a
305,rpi-4a,rpi-4a,rpi-4a
306,rpi-4a,rpi-4a,rpi-4a
307,rpi-4a,rpi-4a,rpi-4a
308,rpi-4a,rpi-4a,rpi-4a
309,rpi-4a,rpi-4a,rpi-4a
310,rpi-4a,rpi-4a,rpi-4a
311,rpi-4a,rpi-4a,rpi-4a
312,rpi-4a,rpi-8d,rpi-8d
313,rpi-4a,rpi-4a,rpi-4a
314,rpi-4a,rpi-4a,rpi-4a
315,rpi-4a,rpi-4a,rpi-4a
316,rpi-4a,rpi-4a,rpi-4a
317,rpi-4a,rpi-4a,rpi-4a
318,rpi-4a,rpi-4a,rpi-4a
319,rpi-4a,rpi-4a,rpi-4a
320,rpi-4a,rpi-4a,rpi-4a
321,rpi-4a,rpi-4a,rpi-8b
322,rpi-4a,rpi-4a,rpi-4a
323,rpi-4a,rpi-4a,rpi-4a
324,rpi-4a,rpi-4a,rpi-4a
325,rpi-4a,rpi-4a,rpi-4a
326,rpi-4a,rpi-4a,rpi-4a
327,rpi-4a,rpi-4a,rpi-8c
328,rpi-4a,rpi-4a,rpi-4a
329,rpi-4a,rpi-4a,rpi-4a
330,rpi-4a,rpi-4a,rpi-4a
331,rpi-4a,rpi-8b,rpi-4a
332,rpi-4a,rpi-8c,rpi-4a
333,rpi-4a,rpi-4a,rpi-4a
334,rpi-4a,rpi-4a,rpi-4a
335,rpi-4a,rpi-4a,rpi-4a
336,rpi-4a,rpi-4a,rpi-4a
337,rpi-4a,rpi-4a,rpi-4a
338,rpi-4a,rpi-4a,rpi-4a
339,rpi-4a,rpi-4a,rpi-4a
340,rpi-4a,rpi-4a,rpi-4a
341,rpi-4a,rpi-4a,rpi-4a
342,rpi-4a,rpi-4a,rpi-4a
343,rpi-4a,rpi-8c,rpi-4a
344,rpi-4a,rpi-4a,rpi-8c
345,rpi-4a,rpi-4a,rpi-4a
346,rpi-4a,rpi-8c,rpi-4a
347,rpi-4a,rpi-4a,rpi-4a
348,rpi-4a,rpi-4a,rpi-4a
349,rpi-4a,rpi-4a,rpi-4a
350,rpi-4a,rpi-4a,rpi-4a
351,rpi-4a,rpi-4a,rpi-8d
352,rpi-4a,rpi-8c,rpi-4a
353,rpi-4a,rpi-4a,rpi-4a
354,rpi-4a,rpi-8c,rpi-4a
355,rpi-4a,rpi-4a,rpi-4a
356,rpi-4a,rpi-4a,rpi-4a
357,rpi-4a,rpi-4a,rpi-4a
358,rpi-4a,rpi-4a,rpi-4a
359,rpi-4a,rpi-4a,rpi-4a
360,rpi-4a,rpi-4a,rpi-8d
361,rpi-4a,rpi-4a,rpi-8c
362,rpi-4a,rpi-4a,rpi-4a
363,rpi-4a,rpi-4a,rpi-4a
364,rpi-4a,rpi-4a,rpi-8d
365,rpi-4a,rpi-4a,rpi-4a
366,rpi-4a,rpi-4a,rpi-4a
367,rpi-4a,rpi-4a,rpi-4a
368,rpi-4a,rpi-4a,rpi-4a
369,rpi-4a,rpi-8c,rpi-4a
370,rpi-4a,rpi-4a,rpi-4a
371,rpi-4a,rpi-4a,rpi-4a
372,rpi-4a,rpi-4a,rpi-4a
373,rpi-4a,rpi-4a,rpi-4a
374,rpi-4a,rpi-4a,rpi-4a
375,rpi-4a,rpi-4a,rpi-4a
376,rpi-4a,rpi-4a,rpi-4a
377,rpi-4a,rpi-4a,rpi-4a
378,rpi-4a,rpi-4a,rpi-4a
379,rpi-4a,rpi-4a,rpi-8c
380,rpi-4a,rpi-8c,rpi-4a
381,rpi-4a,rpi-8c,rpi-4a
382,rpi-4a,rpi-4a,rpi-4a
383,rpi-4a,rpi-8b,rpi-4a
384,rpi-4a,rpi-4a,rpi-4a
385,rpi-4a,rpi-4a,rpi-4a
386,rpi-4a,rpi-8b,rpi-4a
387,rpi-4a,rpi-4a,rpi-4a
388,rpi-4a,rpi-4a,rpi-4a
389,rpi-4a,rpi-4a,rpi-4a
390,rpi-4a,rpi-4a,rpi-4a
391,rpi-4a,rpi-4a,rpi-4a
392,rpi-4a,rpi-4a,rpi-4a
393,rpi-4a,rpi-4a,rpi-4a
394,rpi-4a,rpi-4a,rpi-8c
395,rpi-4a,rpi-4a,rpi-4a
396,rpi-4a,rpi-4a,rpi-4a
397,rpi-4a,rpi-4a,rpi-4a
398,rpi-4a,rpi-4a,rpi-4a
399,rpi-4a,rpi-4a,rpi-4a
400,rpi-4a,rpi-4a,rpi-8d
401,rpi-4a,rpi-4a,rpi-4a
402,rpi-4a,rpi-4a,rpi-4a
403,rpi-4a,rpi-4a,rpi-4a
404,rpi-4a,rpi-4a,rpi-8c
405,rpi-4a,rpi-8d,rpi-4a
406,rpi-4a,rpi-8c,rpi-4a
407,rpi-4a,rpi-8c,rpi-8d
408,rpi-4a,rpi-4a,rpi-4a
409,rpi-4a,rpi-4a,rpi-4a
410,rpi-4a,rpi-4a,rpi-4a
411,rpi-4a,rpi-4a,rpi-4a
412,rpi-4a,rpi-8d,rpi-4a
413,rpi-4a,rpi-4a,rpi-4a
414,rpi-4a,rpi-4a,rpi-4a
415,rpi-4a,rpi-4a,rpi-8c
416,rpi-4a,rpi-8d,rpi-4a
417,rpi-4a,rpi-4a,rpi-4a
418,rpi-4a,rpi-4a,rpi-4a
419,rpi-4a,rpi-8c,rpi-4a
420,rpi-4a,rpi-4a,rpi-8c
421,rpi-4a,rpi-4a,rpi-8d
422,rpi-4a,rpi-4a,rpi-4a
423,rpi-4a,rpi-4a,rpi-4a
424,rpi-4a,rpi-4a,rpi-4a
425,rpi-4a,rpi-4a,rpi-4a
426,rpi-4a,rpi-4a,rpi-4a
427,rpi-4a,rpi-4a,rpi-4a
428,rpi-4a,rpi-4a,rpi-4a
429,rpi-4a,rpi-4a,rpi-4a
430,rpi-4a,rpi-4a,rpi-4a
431,rpi-4a,rpi-4a,rpi-4a
432,rpi-4a,rpi-4a,rpi-4a
433,rpi-4a,rpi-4a,rpi-4a
434,rpi-4a,rpi-4a,rpi-4a
435,rpi-4a,rpi-4a,rpi-4a
436,rpi-4a,rpi-4a,rpi-8d
437,rpi-4a,rpi-4a,rpi-8d
438,rpi-4a,rpi-4a,rpi-4a
439,rpi-4a,rpi-4a,rpi-4a
440,rpi-4a,rpi-8c,rpi-4a
441,rpi-4a,rpi-4a,rpi-4a
442,rpi-4a,rpi-4a,rpi-4a
443,rpi-4a,rpi-4a,rpi-4a
444,rpi-4a,rpi-4a,rpi-8c
445,rpi-4a,rpi-4a,rpi-4a
446,rpi-4a,rpi-4a,rpi-4a
447,rpi-4a,rpi-4a,rpi-4a
448,rpi-4a,rpi-4a,rpi-4a
449,rpi-4a,rpi-4a,rpi-4a
450,rpi-4a,rpi-4a,rpi-4a
451,rpi-4a,rpi-4a,rpi-4a
452,rpi-4a,rpi-4a,rpi-8d
453,rpi-4a,rpi-4a,rpi-4a
454,rpi-4a,rpi-4a,rpi-4a
455,rpi-4a,rpi-4a,rpi-4a
456,rpi-4a,rpi-4a,rpi-4a
457,rpi-4a,rpi-4a,rpi-4a
458,rpi-4a,rpi-4a,rpi-4a
459,rpi-4a,rpi-4a,rpi-4a
460,rpi-4a,rpi-4a,rpi-4a
461,rpi-4a,rpi-4a,rpi-4a
462,rpi-4a,rpi-4a,rpi-8d
463,rpi-4a,rpi-4a,rpi-4a
464,rpi-4a,rpi-4a,rpi-4a
465,rpi-4a,rpi-4a,rpi-4a
466,rpi-4a,rpi-4a,rpi-4a
467,rpi-4a,rpi-4a,rpi-4a
468,rpi-4a,rpi-4a,rpi-4a
469,rpi-4a,rpi-4a,rpi-4a
470,rpi-4a,rpi-4a,rpi-4a
471,rpi-4a,rpi-4a,rpi-4a
472,rpi-4a,rpi-4a,rpi-4a
473,rpi-4a,rpi-4a,rpi-4a
474,rpi-4a,rpi-4a,rpi-4a
475,rpi-4a,rpi-4a,rpi-4a
476,rpi-4a,rpi-4a,rpi-4a
477,rpi-4a,rpi-4a,rpi-4a
478,rpi-4a,rpi-4a,rpi-4a
479,rpi-4a,rpi-4a,rpi-4a
480,rpi-4a,rpi-4a,rpi-4a
481,rpi-4a,rpi-8d,rpi-4a
482,rpi-4a,rpi-4a,rpi-4a
483,rpi-4a,rpi-4a,rpi-4a
484,rpi-4a,rpi-8d,rpi-4a
485,rpi-4a,rpi-4a,rpi-8c
486,rpi-4a,rpi-4a,rpi-8d
487,rpi-4a,rpi-4a,rpi-4a
488,rpi-4a,rpi-4a,rpi-4a
489,rpi-4a,rpi-4a,rpi-4a
490,rpi-4a,rpi-4a,rpi-4a
491,rpi-4a,rpi-4a,rpi-4a
492,rpi-4a,rpi-4a,rpi-4a
493,rpi-4a,rpi-4a,rpi-4a
494,rpi-4a,rpi-4a,rpi-4a
495,rpi-4a,rpi-4a,rpi-4a
496,rpi-4a,rpi-4a,rpi-4a
497,rpi-4a,rpi-4a,rpi-4a
498,rpi-4a,rpi-4a,rpi-4a
499,rpi-4a,rpi-4a,rpi-4a
500,rpi-4a,rpi-8c,rpi-4a
501,rpi-4a,rpi-4a,rpi-4a
502,rpi-4a,rpi-4a,rpi-4a
503,rpi-4a,rpi-4a,rpi-4a
504,rpi-4a,rpi-4a,rpi-4a
505,rpi-4a,rpi-4a,rpi-4a
506,rpi-4a,rpi-4a,rpi-4a
507,rpi-4a,rpi-4a,rpi-4a
508,rpi-4a,rpi-4a,rpi-4a
509,rpi-4a,rpi-4a,rpi-4a
510,rpi-4a,rpi-8d,rpi-4a
511,rpi-4a,rpi-8d,rpi-4a
512,rpi-4a,rpi-4a,rpi-4a
513,rpi-4a,rpi-4a,rpi-4a
514,rpi-4a,rpi-8c,rpi-4a
515,rpi-4a,rpi-8d,rpi-4a
516,rpi-4a,rpi-4a,rpi-8c
517,rpi-4a,rpi-4a,rpi-4a
518,rpi-4a,rpi-4a,rpi-4a
519,rpi-4a,rpi-4a,rpi-4a
520,rpi-4a,rpi-8b,rpi-4a
521,rpi-4a,rpi-4a,rpi-4a
522,rpi-4a,rpi-4a,rpi-4a
523,rpi-4a,rpi-4a,rpi-4a
524,rpi-4a,rpi-4a,rpi-4a
525,rpi-4a,rpi-8c,rpi-8c
526,rpi-4a,rpi-4a,rpi-4a
527,rpi-4a,rpi-4a,rpi-4a
528,rpi-4a,rpi-4a,rpi-4a
529,rpi-4a,rpi-4a,rpi-4a
530,rpi-4a,rpi-4a,rpi-4a
531,rpi-4a,rpi-4a,rpi-8d
532,rpi-4a,rpi-4a,rpi-4a
533,rpi-4a,rpi-8c,rpi-4a
534,rpi-4a,rpi-4a,rpi-8c
535,rpi-4a,rpi-4a,rpi-4a
536,rpi-4a,rpi-4a,rpi-4a
537,rpi-4a,rpi-4a,rpi-4a
538,rpi-4a,rpi-4a,rpi-4a
539,rpi-4a,rpi-4a,rpi-4a
540,rpi-4a,rpi-4a,rpi-4a
541,rpi-4a,rpi-4a,rpi-4a
542,rpi-4a,rpi-4a,rpi-4a
543,rpi-4a,rpi-4a,rpi-4a
544,rpi-4a,rpi-4a,rpi-4a
545,rpi-4a,rpi-4a,rpi-4a
546,rpi-4a,rpi-4a,rpi-4a
547,rpi-4a,rpi-4a,rpi-4a
548,rpi-4a,rpi-4a,rpi-4a
549,rpi-4a,rpi-4a,rpi-4a
550,rpi-4a,rpi-8c,rpi-4a
551,rpi-4a,rpi-4a,rpi-4a
552,rpi-4a,rpi-4a,rpi-4a
553,rpi-4a,rpi-4a,rpi-4a
554,rpi-4a,rpi-4a,rpi-4a
555,rpi-4a,rpi-4a,rpi-4a
556,rpi-4a,rpi-4a,rpi-4a
557,rpi-4a,rpi-4a,rpi-4a
558,rpi-4a,rpi-4a,rpi-4a
559,rpi-4a,rpi-8c,rpi-4a
560,rpi-4a,rpi-4a,rpi-8c
561,rpi-4a,rpi-4a,rpi-4a
562,rpi-4a,rpi-4a,rpi-4a
563,rpi-4a,rpi-4a,rpi-4a
564,rpi-4a,rpi-4a,rpi-4a
565,rpi-4a,rpi-4a,rpi-4a
566,rpi-4a,rpi-4a,rpi-4a
567,rpi-4a,rpi-4a,rpi-4a
568,rpi-4a,rpi-4a,rpi-4a
569,rpi-4a,rpi-4a,rpi-8d
570,rpi-4a,rpi-4a,rpi-4a
571,rpi-4a,rpi-4a,rpi-4a
572,rpi-4a,rpi-4a,rpi-4a
573,rpi-4a,rpi-8d,rpi-8c
574,rpi-4a,rpi-4a,rpi-4a
575,rpi-4a,rpi-4a,rpi-4a
576,rpi-4a,rpi-4a,rpi-4a
577,rpi-4a,rpi-8d,rpi-8d
578,rpi-4a,rpi-4a,rpi-4a
579,rpi-4a,rpi-4a,rpi-8c
580,rpi-4a,rpi-4a,rpi-4a
581,rpi-4a,rpi-8c,rpi-4a
582,rpi-4a,rpi-4a,rpi-4a
583,rpi-4a,rpi-4a,rpi-4a
584,rpi-4a,rpi-4a,rpi-4a
585,rpi-4a,rpi-4a,rpi-8c
586,rpi-4a,rpi-4a,rpi-4a
587,rpi-4a,rpi-4a,rpi-4a
588,rpi-4a,rpi-4a,rpi-4a
589,rpi-4a,rpi-4a,rpi-4a
590,rpi-4a,rpi-4a,rpi-4a
591,rpi-4a,rpi-4a,rpi-4a
592,rpi-4a,rpi-4a,rpi-4a
593,rpi-4a,rpi-4a,rpi-4a
594,rpi-4a,rpi-4a,rpi-4a
595,rpi-4a,rpi-4a,rpi-4a
596,rpi-8a,rpi-8a,rpi-8a
597,rpi-8a,rpi-8a,rpi-8a
598,rpi-8a,rpi-8c,rpi-8a
599,rpi-8a,rpi-8a,rpi-8a
600,rpi-8a,rpi-8a,rpi-8a
601,rpi-8a,rpi-8a,rpi-8a
602,rpi-8a,rpi-8a,rpi-8a
603,rpi-8a,rpi-8a,rpi-8a
604,rpi-8a,rpi-8a,rpi-8a
605,rpi-8a,rpi-8a,rpi-8a
606,rpi-8a,rpi-8b,rpi-8a
607,rpi-8a,rpi-8a,rpi-8a
608,rpi-8a,rpi-8b,rpi-8a
609,rpi-8a,rpi-8a,rpi-8a
610,rpi-8a,rpi-8b,rpi-8a
611,rpi-8a,rpi-8a,rpi-8a
612,rpi-8a,rpi-8a,rpi-8a
613,rpi-8a,rpi-8a,rpi-8a
614,rpi-8a,rpi-8a,rpi-8a
615,rpi-8a,rpi-8a,rpi-8a
616,rpi-8a,rpi-8a,rpi-8b
617,rpi-8a,rpi-8a,rpi-8a
618,rpi-8a,rpi-8b,rpi-8a
619,rpi-8a,rpi-8a,rpi-8a
620,rpi-8a,rpi-8a,rpi-8a
621,rpi-8a,rpi-8a,rpi-8a
622,rpi-8a,rpi-8a,rpi-8a
623,rpi-8a,rpi-8a,rpi-8a
624,rpi-8a,rpi-8a,rpi-8a
625,rpi-8a,rpi-8a,rpi-8a
626,rpi-8a,rpi-8a,rpi-8a
627,rpi-8a,rpi-8a,rpi-8a
628,rpi-8a,rpi-8a,rpi-8a
629,rpi-8a,rpi-8b,rpi-8a
630,rpi-8a,rpi-8b,rpi-8a
631,rpi-8a,rpi-8a,rpi-8a
632,rpi-8a,rpi-8b,rpi-8a
633,rpi-8a,rpi-8a,rpi-8a
634,rpi-8a,rpi-8a,rpi-8a
635,rpi-8a,rpi-8a,rpi-8a
636,rpi-8a,rpi-8a,rpi-8a
637,rpi-8a,rpi-8a,rpi-8a
638,rpi-8a,rpi-8a,rpi-8a
639,rpi-8a,rpi-8a,rpi-8b
640,rpi-8a,rpi-8a,rpi-8a
641,rpi-8a,rpi-8a,rpi-8a
642,rpi-8a,rpi-8b,rpi-8a
643,rpi-8a,rpi-8a,rpi-8a
644,rpi-8a,rpi-8b,rpi-8b
645,rpi-8a,rpi-8a,rpi-8a
646,rpi-8a,rpi-8a,rpi-8a
647,rpi-8a,rpi-8a,rpi-8a
648,rpi-8a,rpi-8a,rpi-8a
649,rpi-8a,rpi-8a,rpi-8a
650,rpi-8a,rpi-8a,rpi-8a
651,rpi-8a,rpi-8a,rpi-8a
652,rpi-8a,rpi-8a,rpi-8a
653,rpi-8a,rpi-8a,rpi-8a
654,rpi-8a,rpi-8a,rpi-8a
655,rpi-8a,rpi-8a,rpi-8b
656,rpi-8a,rpi-8a,rpi-8a
657,rpi-8a,rpi-8a,rpi-8a
658,rpi-8a,rpi-8a,rpi-8a
659,rpi-8a,rpi-8a,rpi-8c
660,rpi-8a,rpi-8a,rpi-8a
661,rpi-8a,rpi-8a,rpi-8a
662,rpi-8a,rpi-8a,rpi-8b
663,rpi-8a,rpi-8a,rpi-8a
664,rpi-8a,rpi-8a,rpi-8a
665,rpi-8a,rpi-8a,rpi-8a
666,rpi-8a,rpi-8a,rpi-8b
667,rpi-8a,rpi-8a,rpi-8a
668,rpi-8a,rpi-8a,rpi-8a
669,rpi-8a,rpi-8a,rpi-8a
670,rpi-8a,rpi-8a,rpi-8a
671,rpi-8a,rpi-8a,rpi-8a
672,rpi-8a,rpi-8a,rpi-8a
673,rpi-8a,rpi-8a,rpi-8a
674,rpi-8a,rpi-8a,rpi-8a
675,rpi-8a,rpi-8a,rpi-8a
676,rpi-8a,rpi-8a,rpi-8a
677,rpi-8a,rpi-8a,rpi-8a
678,rpi-8a,rpi-8a,rpi-8a
679,rpi-8a,rpi-8a,rpi-8a
680,rpi-8a,rpi-8a,rpi-8a
681,rpi-8a,rpi-8a,rpi-8a
682,rpi-8a,rpi-8a,rpi-8b
683,rpi-8a,rpi-8a,rpi-8b
684,rpi-8a,rpi-8a,rpi-8a
685,rpi-8a,rpi-8a,rpi-8a
686,rpi-8a,rpi-8a,rpi-8a
687,rpi-8a,rpi-8a,rpi-8a
688,rpi-8a,rpi-8a,rpi-8a
689,rpi-8a,rpi-8a,rpi-8a
690,rpi-8a,rpi-8a,rpi-8a
691,rpi-8a,rpi-8a,rpi-8a
692,rpi-8a,rpi-8a,rpi-8a
693,rpi-8a,rpi-8a,rpi-8a
694,rpi-8a,rpi-8a,rpi-8a
695,rpi-8a,rpi-8a,rpi-8a
696,rpi-8a,rpi-8a,rpi-8a
697,rpi-8a,rpi-8a,rpi-8a
698,rpi-8a,rpi-8a,rpi-8a
699,rpi-8a,rpi-8a,rpi-8a
700,rpi-8a,rpi-8a,rpi-8a
701,rpi-8a,rpi-8a,rpi-8a
702,rpi-8a,rpi-8a,rpi-8a
703,rpi-8a,rpi-8b,rpi-8a
704,rpi-8a,rpi-8a,rpi-8a
705,rpi-8a,rpi-8a,rpi-8a
706,rpi-8a,rpi-8a,rpi-8b
707,rpi-8a,rpi-8a,rpi-8a
708,rpi-8a,rpi-8a,rpi-8a
709,rpi-8a,rpi-8a,rpi-8b
710,rpi-8a,rpi-8a,rpi-8a
711,rpi-8a,rpi-8a,rpi-8a
712,rpi-8a,rpi-8a,rpi-8a
713,rpi-8a,rpi-8a,rpi-8a
714,rpi-8a,rpi-8a,rpi-8a
715,rpi-8a,rpi-8a,rpi-8a
716,rpi-8a,rpi-8a,rpi-8a
717,rpi-8a,rpi-8a,rpi-8a
718,rpi-8a,rpi-8a,rpi-8a
719,rpi-8a,rpi-8a,rpi-8a
720,rpi-8a,rpi-8a,rpi-8a
721,rpi-8a,rpi-8a,rpi-8a
722,rpi-8a,rpi-8a,rpi-8a
723,rpi-8a,rpi-8a,rpi-8a
724,rpi-8a,rpi-8a,rpi-8a
725,rpi-8a,rpi-8a,rpi-8a
726,rpi-8a,rpi-8a,rpi-8a
727,rpi-8a,rpi-8a,rpi-8a
728,rpi-8a,rpi-8a,rpi-8a
729,rpi-8a,rpi-8a,rpi-8a
730,rpi-8a,rpi-8a,rpi-8b
731,rpi-8a,rpi-8a,rpi-8a
732,rpi-8a,rpi-8a,rpi-8a
733,rpi-8a,rpi-8a,rpi-8a
734,rpi-8a,rpi-8a,rpi-8a
735,rpi-8a,rpi-8a,rpi-8b
736,rpi-8a,rpi-8a,rpi-8a
737,rpi-8a,rpi-8a,rpi-8a
738,rpi-8a,rpi-8a,rpi-8a
739,rpi-8a,rpi-8a,rpi-8a
740,rpi-8a,rpi-8a,rpi-8a
741,rpi-8a,rpi-8a,rpi-8a
742,rpi-8a,rpi-8a,rpi-8a
743,rpi-8a,rpi-8a,rpi-8a
744,rpi-8a,rpi-8a,rpi-8a
745,rpi-8a,rpi-8b,rpi-8a
746,rpi-8a,rpi-8a,rpi-8a
747,rpi-8a,rpi-8a,rpi-8a
748,rpi-8a,rpi-8a,rpi-8a
749,rpi-8a,rpi-8a,rpi-8a
750,rpi-8a,rpi-8a,rpi-8a
751,rpi-8a,rpi-8a,rpi-8a
752,rpi-8a,rpi-8a,rpi-8a
753,rpi-8a,rpi-8a,rpi-8a
754,rpi-8a,rpi-8a,rpi-8a
755,rpi-8a,rpi-8a,rpi-8a
756,rpi-8a,rpi-8b,rpi-8a
757,rpi-8a,rpi-8a,rpi-8a
758,rpi-8a,rpi-8a,rpi-8a
759,rpi-8a,rpi-8a,rpi-8a
760,rpi-8a,rpi-8a,rpi-8a
761,rpi-8a,rpi-8b,rpi-8a
762,rpi-8a,rpi-8a,rpi-8a
763,rpi-8a,rpi-8a,rpi-8a
764,rpi-8a,rpi-8a,rpi-8a
765,rpi-8a,rpi-8a,rpi-8a
766,rpi-8a,rpi-8a,rpi-8a
767,rpi-8a,rpi-8a,rpi-8a
768,rpi-8a,rpi-8a,rpi-8a
769,rpi-8a,rpi-8a,rpi-8b
770,rpi-8a,rpi-8b,rpi-8a
771,rpi-8a,rpi-8a,rpi-8a
772,rpi-8a,rpi-8a,rpi-8a
773,rpi-8a,rpi-8a,rpi-8a
774,rpi-8a,rpi-8a,rpi-8a
775,rpi-8a,rpi-8a,rpi-8a
776,rpi-8a,rpi-8a,rpi-8b
777,rpi-8a,rpi-8a,rpi-8a
778,rpi-8a,rpi-8a,rpi-8a
779,rpi-8a,rpi-8a,rpi-8a
780,rpi-8a,rpi-8a,rpi-8a
781,rpi-8a,rpi-8a,rpi-8a
782,rpi-8a,rpi-8a,rpi-8a
783,rpi-8a,rpi-8a,rpi-8a
784,rpi-8a,rpi-8a,rpi-8a
785,rpi-8a,rpi-8a,rpi-8a
786,rpi-8a,rpi-8a,rpi-8a
787,rpi-8a,rpi-8a,rpi-8a
788,rpi-8a,rpi-8a,rpi-8a
789,rpi-8a,rpi-8a,rpi-8a
790,rpi-8a,rpi-8a,rpi-8a
791,rpi-8a,rpi-8a,rpi-8a
792,rpi-8a,rpi-8a,rpi-8a
793,rpi-8a,rpi-8a,rpi-8a
794,rpi-8a,rpi-8a,rpi-8a
795,rpi-8a,rpi-8a,rpi-8a
796,rpi-8a,rpi-8a,rpi-8b
797,rpi-8a,rpi-8a,rpi-8a
798,rpi-8a,rpi-8a,rpi-8a
799,rpi-8a,rpi-8a,rpi-8a
800,rpi-8a,rpi-8a,rpi-8a
801,rpi-8a,rpi-8a,rpi-8a
802,rpi-8a,rpi-8a,rpi-8a
803,rpi-8a,rpi-8a,rpi-8a
804,rpi-8a,rpi-8a,rpi-8a
805,rpi-8a,rpi-8a,rpi-8a
806,rpi-8a,rpi-8a,rpi-8a
807,rpi-8a,rpi-8a,rpi-8a
808,rpi-8a,rpi-8a,rpi-8a
809,rpi-8a,rpi-8a,rpi-8a
810,rpi-8a,rpi-8a,rpi-8a
811,rpi-8a,rpi-8a,rpi-8a
812,rpi-8a,rpi-8a,rpi-8a
813,rpi-8a,rpi-8a,rpi-8a
814,rpi-8a,rpi-8b,rpi-8b
815,rpi-8a,rpi-8a,rpi-8a
816,rpi-8a,rpi-8a,rpi-8a
817,rpi-8a,rpi-8a,rpi-8b
818,rpi-8a,rpi-8a,rpi-8a
819,rpi-8a,rpi-8a,rpi-8a
820,rpi-8a,rpi-8a,rpi-8a
821,rpi-8a,rpi-8a,rpi-8a
822,rpi-8a,rpi-8a,rpi-8a
823,rpi-8a,rpi-8a,rpi-8a
824,rpi-8a,rpi-8b,rpi-8a
825,rpi-8a,rpi-8a,rpi-8a
826,rpi-8a,rpi-8a,rpi-8a
827,rpi-8a,rpi-8a,rpi-8a
828,rpi-8a,rpi-8a,rpi-8a
829,rpi-8a,rpi-8a,rpi-8a
830,rpi-8a,rpi-8a,rpi-8a
831,rpi-8a,rpi-8a,rpi-8a
832,rpi-8a,rpi-8a,rpi-8a
833,rpi-8a,rpi-8a,rpi-8a
834,rpi-8a,rpi-8a,rpi-8a
835,rpi-8a,rpi-8a,rpi-8a
836,rpi-8a,rpi-8a,rpi-8a
837,rpi-8a,rpi-8a,rpi-8a
838,rpi-8a,rpi-8b,rpi-8a
839,rpi-8a,rpi-8a,rpi-8b
840,rpi-8a,rpi-8a,rpi-8a
841,rpi-8a,rpi-8a,rpi-8a
842,rpi-8a,rpi-8a,rpi-8a
843,rpi-8a,rpi-8a,rpi-8a
844,rpi-8a,rpi-8a,rpi-8a
845,rpi-8a,rpi-8a,rpi-8a
846,rpi-8a,rpi-8a,rpi-8a
847,rpi-8a,rpi-8a,rpi-8a
848,rpi-8a,rpi-8a,rpi-8a
849,rpi-8a,rpi-8a,rpi-8b
850,rpi-8a,rpi-8a,rpi-8a
851,rpi-8a,rpi-8a,rpi-8a
852,rpi-8a,rpi-8a,rpi-8a
853,rpi-8a,rpi-8a,rpi-8a
854,rpi-8a,rpi-8a,rpi-8a
855,rpi-8a,rpi-8b,rpi-8a
856,rpi-8a,rpi-8a,rpi-8a
857,rpi-8a,rpi-8a,rpi-8a
858,rpi-8a,rpi-8a,rpi-8a
859,rpi-8a,rpi-8b,rpi-8a
860,rpi-8a,rpi-8a,rpi-8a
861,rpi-8a,rpi-8a,rpi-8a
862,rpi-8a,rpi-8a,rpi-8a
863,rpi-8a,rpi-8a,rpi-8a
864,rpi-8a,rpi-8a,rpi-8a
865,rpi-8a,rpi-8a,rpi-8a
866,rpi-8a,rpi-8a,rpi-8b
867,rpi-8a,rpi-8a,rpi-8a
868,rpi-8a,rpi-8a,rpi-8a
869,rpi-8a,rpi-8a,rpi-8a
870,rpi-8a,rpi-8a,rpi-8a
871,rpi-8a,rpi-8a,rpi-8a
872,rpi-8a,rpi-8a,rpi-8a
873,rpi-8a,rpi-8a,rpi-8c
874,rpi-8a,rpi-8a,rpi-8a
875,rpi-8a,rpi-8a,rpi-8a
876,rpi-8a,rpi-8a,rpi-8a
877,rpi-8a,rpi-8a,rpi-8a
878,rpi-8a,rpi-8a,rpi-8a
879,rpi-8a,rpi-8a,rpi-8a
880,rpi-8a,rpi-8a,rpi-8a
881,rpi-8a,rpi-8a,rpi-8a
882,rpi-8a,rpi-8a,rpi-8a
883,rpi-8a,rpi-8b,rpi-8a
884,rpi-8a,rpi-8a,rpi-8b
885,rpi-8a,rpi-8a,rpi-8a
886,rpi-8a,rpi-8a,rpi-8a
887,rpi-8a,rpi-8a,rpi-8a
888,rpi-8a,rpi-8a,rpi-8a
889,rpi-8a,rpi-8a,rpi-8a
890,rpi-8a,rpi-8a,rpi-8a
891,rpi-8a,rpi-8a,rpi-8a
892,rpi-8a,rpi-8a,rpi-8b
893,rpi-8a,rpi-8a,rpi-8a
894,rpi-8a,rpi-8a,rpi-8a
895,rpi-8a,rpi-8a,rpi-8b
896,rpi-8a,rpi-8a,rpi-8a
897,rpi-8a,rpi-8a,rpi-8a
898,rpi-8a,rpi-8a,rpi-8a
899,rpi-8a,rpi-8a,rpi-8a
900,rpi-8a,rpi-8a,rpi-8b
901,rpi-8a,rpi-8a,rpi-8a
902,rpi-8a,rpi-8a,rpi-8a
903,rpi-8a,rpi-8a,rpi-8a
904,rpi-8a,rpi-8a,rpi-8a
905,rpi-8a,rpi-8a,rpi-8a
906,rpi-8a,rpi-8a,rpi-8a
907,rpi-8a,rpi-8a,rpi-8a
908,rpi-8a,rpi-8a,rpi-8a
909,rpi-8a,rpi-8a,rpi-8a
910,rpi-8a,rpi-8a,rpi-8a
911,rpi-8a,rpi-8a,rpi-8a
912,rpi-8a,rpi-8a,rpi-8b
913,rpi-8a,rpi-8a,rpi-8a
914,rpi-8a,rpi-8a,rpi-8a
915,rpi-8a,rpi-8a,rpi-8a
916,rpi-8a,rpi-8a,rpi-8b
917,rpi-8a,rpi-8a,rpi-8a
918,rpi-8a,rpi-8a,rpi-8a
919,rpi-8a,rpi-8b,rpi-8a
920,rpi-8a,rpi-8a,rpi-8a
921,rpi-8a,rpi-8b,rpi-8a
922,rpi-8a,rpi-8a,rpi-8a
923,rpi-8a,rpi-8a,rpi-8a
924,rpi-8a,rpi-8a,rpi-8a
925,rpi-8a,rpi-8a,rpi-8a
926,rpi-8a,rpi-8a,rpi-8a
927,rpi-8a,rpi-8a,rpi-8a
928,rpi-8a,rpi-8a,rpi-8a
929,rpi-8a,rpi-8a,rpi-8b
930,rpi-8a,rpi-8a,rpi-8a
931,rpi-8a,rpi-8a,rpi-8a
932,rpi-8a,rpi-8a,rpi-8a
933,rpi-8a,rpi-8a,rpi-8a
934,rpi-8a,rpi-8a,rpi-8a
935,rpi-8a,rpi-8a,rpi-8a
936,rpi-8a,rpi-8a,rpi-8a
937,rpi-8a,rpi-8a,rpi-8a
938,rpi-8a,rpi-8a,rpi-8a
939,rpi-8a,rpi-8a,rpi-8a
940,rpi-8a,rpi-8a,rpi-8a
941,rpi-8a,rpi-8a,rpi-8a
942,rpi-8a,rpi-8a,rpi-8a
943,rpi-8a,rpi-8a,rpi-8a
944,rpi-8a,rpi-8a,rpi-8a
945,rpi-8a,rpi-8a,rpi-8a
946,rpi-8a,rpi-8a,rpi-8a
947,rpi-8a,rpi-8b,rpi-8a
948,rpi-8a,rpi-8a,rpi-8a
949,rpi-8a,rpi-8b,rpi-8a
950,rpi-8a,rpi-8a,rpi-8a
951,rpi-8a,rpi-8a,rpi-8b
952,rpi-8a,rpi-8a,rpi-8a
953,rpi-8a,rpi-8b,rpi-8a
954,rpi-8a,rpi-8a,rpi-8a
955,rpi-8a,rpi-8a,rpi-8a
956,rpi-8a,rpi-8a,rpi-8a
957,rpi-8a,rpi-8a,rpi-8a
958,rpi-8a,rpi-8a,rpi-8a
959,rpi-8a,rpi-8a,rpi-8a
960,rpi-8a,rpi-8a,rpi-8a
961,rpi-8a,rpi-8a,rpi-8a
962,rpi-8a,rpi-8a,rpi-8a
963,rpi-8a,rpi-8a,rpi-8a
964,rpi-8a,rpi-8a,rpi-8a
965,rpi-8a,rpi-8a,rpi-8a
966,rpi-8a,rpi-8a,rpi-8a
967,rpi-8a,rpi-8a,rpi-8a
968,rpi-8a,rpi-8a,rpi-8a
969,rpi-8a,rpi-8a,rpi-8a
970,rpi-8a,rpi-8a,rpi-8b
971,rpi-8a,rpi-8a,rpi-8a
972,rpi-8a,rpi-8a,rpi-8a
973,rpi-8a,rpi-8a,rpi-8a
974,rpi-8a,rpi-8b,rpi-8a
975,rpi-8a,rpi-8a,rpi-8a
976,rpi-8a,rpi-8a,rpi-8a
977,rpi-8a,rpi-8a,rpi-8a
978,rpi-8a,rpi-8a,rpi-8b
979,rpi-8a,rpi-8b,rpi-8a
980,rpi-8a,rpi-8a,rpi-8a
981,rpi-8a,rpi-8a,rpi-8a
982,rpi-8a,rpi-8a,rpi-8a
983,rpi-8a,rpi-8a,rpi-8a
984,rpi-8a,rpi-8b,rpi-8a
985,rpi-8a,rpi-8a,rpi-8a
986,rpi-8a,rpi-8a,rpi-8a
987,rpi-8a,rpi-8b,rpi-8a
988,rpi-8a,rpi-8a,rpi-8a
989,rpi-8a,rpi-8a,rpi-8a
990,rpi-8a,rpi-8b,rpi-8a
991,rpi-8a,rpi-8a,rpi-8a
992,rpi-8a,rpi-8a,rpi-8a
993,rpi-8a,rpi-8a,rpi-8a
994,rpi-8a,rpi-8a,rpi-8a
995,rpi-8a,rpi-8a,rpi-8a
996,rpi-8a,rpi-8a,rpi-8a
997,rpi-8a,rpi-8a,rpi-8a
998,rpi-8a,rpi-8a,rpi-8a
999,rpi-8a,rpi-8a,rpi-8a
1000,rpi-8a,rpi-8a,rpi-8a
1001,rpi-8a,rpi-8a,rpi-8a
1002,rpi-8a,rpi-8a,rpi-8a
1003,rpi-8a,rpi-8a,rpi-8a
1004,rpi-8a,rpi-8a,rpi-8a
1005,rpi-8a,rpi-8a,rpi-8a
1006,rpi-8a,rpi-8a,rpi-8b
1007,rpi-8a,rpi-8a,rpi-8a
1008,rpi-8a,rpi-8a,rpi-8a
1009,rpi-8a,rpi-8a,rpi-8a
1010,rpi-8a,rpi-8a,rpi-8a
1011,rpi-8a,rpi-8a,rpi-8a
1012,rpi-8a,rpi-8a,rpi-8a
1013,rpi-8a,rpi-8a,rpi-8a
1014,rpi-8a,rpi-8a,rpi-8a
1015,rpi-8a,rpi-8a,rpi-4a
1016,rpi-8a,rpi-8a,rpi-8a
1017,rpi-8a,rpi-8a,rpi-8a
1018,rpi-8a,rpi-8a,rpi-8a
1019,rpi-8a,rpi-8b,rpi-8a
1020,rpi-8a,rpi-8b,rpi-8a
1021,rpi-8a,rpi-8a,rpi-8a
1022,rpi-8a,rpi-8a,rpi-8b
1023,rpi-8a,rpi-8a,rpi-8a
1024,rpi-8a,rpi-8a,rpi-8a
1025,rpi-8a,rpi-8a,rpi-8a
1026,rpi-8a,rpi-8a,rpi-8a
1027,rpi-8a,rpi-8a,rpi-8a
1028,rpi-8a,rpi-8a,rpi-8a
1029,rpi-8a,rpi-8a,rpi-8a
1030,rpi-8a,rpi-8a,rpi-8a
1031,rpi-8a,rpi-8a,rpi-8a
1032,rpi-8a,rpi-8a,rpi-8a
1033,rpi-8a,rpi-8a,rpi-8a
1034,rpi-8a,rpi-8a,rpi-8a
1035,rpi-8a,rpi-8a,rpi-8a
1036,rpi-8a,rpi-8a,rpi-8a
1037,rpi-8a,rpi-8a,rpi-8a
1038,rpi-8a,rpi-8a,rpi-8b
1039,rpi-8a,rpi-8a,rpi-8a
1040,rpi-8a,rpi-8a,rpi-8d
1041,rpi-8a,rpi-8a,rpi-8a
1042,rpi-8a,rpi-8a,rpi-8a
1043,rpi-8a,rpi-8a,rpi-8a
1044,rpi-8a,rpi-8a,rpi-8b
1045,rpi-8a,rpi-8a,rpi-8a
1046,rpi-8a,rpi-8a,rpi-8a
1047,rpi-8a,rpi-8b,rpi-8a
1048,rpi-8a,rpi-8a,rpi-8a
1049,rpi-8a,rpi-8a,rpi-8a
1050,rpi-8a,rpi-8a,rpi-8a
1051,rpi-8a,rpi-8a,rpi-8a
1052,rpi-8a,rpi-8a,rpi-8a
1053,rpi-8a,rpi-8a,rpi-8a
1054,rpi-8a,rpi-8a,rpi-8a
1055,rpi-8a,rpi-8a,rpi-8b
1056,rpi-8a,rpi-8a,rpi-8a
1057,rpi-8a,rpi-8b,rpi-8a
1058,rpi-8a,rpi-8a,rpi-8a
1059,rpi-8a,rpi-8a,rpi-8a
1060,rpi-8a,rpi-8a,rpi-8a
1061,rpi-8a,rpi-8a,rpi-8a
1062,rpi-8a,rpi-8a,rpi-8a
1063,rpi-8a,rpi-8a,rpi-8a
1064,rpi-8a,rpi-8a,rpi-8a
1065,rpi-8a,rpi-8a,rpi-8a
1066,rpi-8a,rpi-8a,rpi-8a
1067,rpi-8a,rpi-8a,rpi-8a
1068,rpi-8a,rpi-8a,rpi-8a
1069,rpi-8a,rpi-8a,rpi-8a
1070,rpi-8a,rpi-8a,rpi-8a
1071,rpi-8a,rpi-8a,rpi-8a
1072,rpi-8a,rpi-8a,rpi-8a
1073,rpi-8a,rpi-8a,rpi-8a
1074,rpi-8a,rpi-8a,rpi-8b
1075,rpi-8a,rpi-8a,rpi-8a
1076,rpi-8a,rpi-8c,rpi-8a
1077,rpi-8a,rpi-8a,rpi-8a
1078,rpi-8a,rpi-8a,rpi-8a
1079,rpi-8a,rpi-8a,rpi-8a
1080,rpi-8a,rpi-8a,rpi-8a
1081,rpi-8a,rpi-8a,rpi-8a
1082,rpi-8a,rpi-8a,rpi-8a
1083,rpi-8a,rpi-8a,rpi-8a
1084,rpi-8a,rpi-8a,rpi-8a
1085,rpi-8a,rpi-8a,rpi-8a
1086,rpi-8a,rpi-8a,rpi-8a
1087,rpi-8a,rpi-8a,rpi-8a
1088,rpi-8a,rpi-8b,rpi-8a
1089,rpi-8a,rpi-8a,rpi-8a
1090,rpi-8a,rpi-8a,rpi-8a
1091,rpi-8a,rpi-8b,rpi-8a
1092,rpi-8a,rpi-8a,rpi-8b
1093,rpi-8a,rpi-8a,rpi-8a
1094,rpi-8a,rpi-8a,rpi-8a
1095,rpi-8a,rpi-8a,rpi-8a
1096,rpi-8a,rpi-8a,rpi-8a
1097,rpi-8a,rpi-8a,rpi-8a
1098,rpi-8a,rpi-8a,rpi-8a
1099,rpi-8a,rpi-8a,rpi-8a
1100,rpi-8a,rpi-8a,rpi-8a
1101,rpi-8a,rpi-8a,rpi-8a
1102,rpi-8a,rpi-8a,rpi-8a
1103,rpi-8a,rpi-8b,rpi-8a
1104,rpi-8a,rpi-8a,rpi-8a
1105,rpi-8a,rpi-8a,rpi-8a
1106,rpi-8a,rpi-8a,rpi-8a
1107,rpi-8a,rpi-8a,rpi-8a
1108,rpi-8a,rpi-8a,rpi-8a
1109,rpi-8a,rpi-8a,rpi-8a
1110,rpi-8a,rpi-8a,rpi-8a
1111,rpi-8a,rpi-8a,rpi-8a
1112,rpi-8a,rpi-8a,rpi-8a
1113,rpi-8a,rpi-8a,rpi-8a
1114,rpi-8a,rpi-8a,rpi-8a
1115,rpi-8a,rpi-8a,rpi-8a
1116,rpi-8a,rpi-8a,rpi-8a
1117,rpi-8a,rpi-8a,rpi-8a
1118,rpi-8a,rpi-8a,rpi-8a
1119,rpi-8a,rpi-8a,rpi-8a
1120,rpi-8a,rpi-8a,rpi-8b
1121,rpi-8a,rpi-8a,rpi-8a
1122,rpi-8a,rpi-8a,rpi-8a
1123,rpi-8a,rpi-8a,rpi-8a
1124,rpi-8a,rpi-8a,rpi-8b
1125,rpi-8a,rpi-8a,rpi-8a
1126,rpi-8a,rpi-8b,rpi-8b
1127,rpi-8a,rpi-8a,rpi-8a
1128,rpi-8a,rpi-8a,rpi-8a
1129,rpi-8a,rpi-8a,rpi-8a
1130,rpi-8a,rpi-8a,rpi-8a
1131,rpi-8a,rpi-8a,rpi-8a
1132,rpi-8a,rpi-8a,rpi-8a
1133,rpi-8a,rpi-8a,rpi-8a
1134,rpi-8a,rpi-8a,rpi-8a
1135,rpi-8a,rpi-8a,rpi-8a
1136,rpi-8a,rpi-8a,rpi-8a
1137,rpi-8a,rpi-8a,rpi-8a
1138,rpi-8a,rpi-8a,rpi-8a
1139,rpi-8a,rpi-8a,rpi-8a
1140,rpi-8a,rpi-8a,rpi-8a
1141,rpi-8a,rpi-8a,rpi-8a
1142,rpi-8a,rpi-8a,rpi-8a
1143,rpi-8a,rpi-8a,rpi-8a
1144,rpi-8a,rpi-8a,rpi-8a
1145,rpi-8a,rpi-8a,rpi-8a
1146,rpi-8a,rpi-4a,rpi-8a
1147,rpi-8a,rpi-8a,rpi-8a
1148,rpi-8a,rpi-8b,rpi-8a
1149,rpi-8a,rpi-8a,rpi-8a
1150,rpi-8a,rpi-8a,rpi-8a
1151,rpi-8a,rpi-8a,rpi-8a
1152,rpi-8a,rpi-8a,rpi-8a
1153,rpi-8a,rpi-8a,rpi-8a
1154,rpi-8a,rpi-8a,rpi-8a
1155,rpi-8a,rpi-8a,rpi-8a
1156,rpi-8a,rpi-8a,rpi-8a
1157,rpi-8a,rpi-8a,rpi-8b
1158,rpi-8a,rpi-8a,rpi-8a
1159,rpi-8a,rpi-8a,rpi-8a
1160,rpi-8a,rpi-8a,rpi-8a
1161,rpi-8a,rpi-8b,rpi-8a
1162,rpi-8a,rpi-8b,rpi-8a
1163,rpi-8a,rpi-8a,rpi-8a
1164,rpi-8a,rpi-8a,rpi-8a
1165,rpi-8a,rpi-8a,rpi-8a
1166,rpi-8a,rpi-8a,rpi-8a
1167,rpi-8a,rpi-8b,rpi-8a
1168,rpi-8a,rpi-8a,rpi-8a
1169,rpi-8a,rpi-8a,rpi-8a
1170,rpi-8a,rpi-8a,rpi-8a
1171,rpi-8a,rpi-8a,rpi-8a
1172,rpi-8a,rpi-8a,rpi-8a
1173,rpi-8a,rpi-8a,rpi-8a
1174,rpi-8a,rpi-8a,rpi-8a
1175,rpi-8a,rpi-8a,rpi-8a
1176,rpi-8a,rpi-8a,rpi-8a
1177,rpi-8a,rpi-8a,rpi-8a
1178,rpi-8a,rpi-8a,rpi-8b
1179,rpi-8a,rpi-8a,rpi-8a
1180,rpi-8a,rpi-8a,rpi-8b
1181,rpi-8a,rpi-8a,rpi-8a
1182,rpi-8a,rpi-8b,rpi-8a
1183,rpi-8a,rpi-8a,rpi-8a
1184,rpi-8a,rpi-8a,rpi-8a
1185,rpi-8a,rpi-8a,rpi-8a
1186,rpi-8a,rpi-8a,rpi-8a
1187,rpi-8a,rpi-8b,rpi-8b
1188,rpi-8a,rpi-8a,rpi-8a
1189,rpi-8a,rpi-8a,rpi-8b
1190,rpi-8a,rpi-8a,rpi-8a
1191,rpi-8a,rpi-8a,rpi-8a
1192,rpi-8a,rpi-8a,rpi-8a
1193,rpi-8a,rpi-8a,rpi-8a
1194,rpi-8a,rpi-8a,rpi-8a
1195,rpi-8a,rpi-8a,rpi-8a
1196,rpi-8a,rpi-8a,rpi-8b
1197,rpi-8a,rpi-8a,rpi-8a
1198,rpi-8a,rpi-8b,rpi-8a
1199,rpi-8d,rpi-8d,rpi-8d
1200,rpi-8d,rpi-8d,rpi-8d
1201,rpi-8d,rpi-8c,rpi-8d
1202,rpi-8d,rpi-8d,rpi-4a
1203,rpi-8d,rpi-8c,rpi-8c
1204,rpi-8d,rpi-8c,rpi-8d
1205,rpi-8d,rpi-8d,rpi-8d
1206,rpi-8d,rpi-8c,rpi-8d
1207,rpi-8d,rpi-8d,rpi-8d
1208,rpi-8d,rpi-8d,rpi-4a
1209,rpi-8d,rpi-8d,rpi-8d
1210,rpi-8d,rpi-4a,rpi-8d
1211,rpi-8d,rpi-8d,rpi-4a
1212,rpi-8d,rpi-8d,rpi-8d
1213,rpi-8d,rpi-4a,rpi-8d
1214,rpi-8d,rpi-8c,rpi-8d
1215,rpi-8d,rpi-8d,rpi-8d
1216,rpi-8d,rpi-8d,rpi-8d
1217,rpi-8d,rpi-8d,rpi-8c
1218,rpi-8d,rpi-8c,rpi-8c
1219,rpi-8d,rpi-8d,rpi-8d
1220,rpi-8d,rpi-8c,rpi-8c
1221,rpi-8d,rpi-4a,rpi-8d
1222,rpi-8d,rpi-8c,rpi-8d
1223,rpi-8d,rpi-8c,rpi-8d
1224,rpi-8d,rpi-4a,rpi-8d
1225,rpi-8d,rpi-8d,rpi-4a
1226,rpi-8d,rpi-8d,rpi-8d
1227,rpi-8d,rpi-8d,rpi-8d
1228,rpi-8d,rpi-8d,rpi-4a
1229,rpi-8d,rpi-4a,rpi-8c
1230,rpi-8d,rpi-8d,rpi-8d
1231,rpi-8d,rpi-8d,rpi-8d
1232,rpi-8d,rpi-8d,rpi-8c
1233,rpi-8d,rpi-8d,rpi-4a
1234,rpi-8d,rpi-8d,rpi-8d
1235,rpi-8d,rpi-8c,rpi-8d
1236,rpi-8d,rpi-8d,rpi-8d
1237,rpi-8d,rpi-8d,rpi-8d
1238,rpi-8d,rpi-8d,rpi-8d
1239,rpi-8d,rpi-8c,rpi-8d
1240,rpi-8d,rpi-4a,rpi-8d
1241,rpi-8d,rpi-8d,rpi-8c
1242,rpi-8d,rpi-8c,rpi-8d
1243,rpi-8d,rpi-8c,rpi-8d
1244,rpi-8d,rpi-8d,rpi-8c
1245,rpi-8d,rpi-8d,rpi-8d
1246,rpi-8d,rpi-8d,rpi-8d
1247,rpi-8d,rpi-8c,rpi-8d
1248,rpi-8d,rpi-4a,rpi-8d
1249,rpi-8d,rpi-8d,rpi-8d
1250,rpi-8d,rpi-8c,rpi-8d
1251,rpi-8d,rpi-8d,rpi-8c
1252,rpi-8d,rpi-8c,rpi-8d
1253,rpi-8d,rpi-8d,rpi-4a
1254,rpi-8d,rpi-4a,rpi-8d
1255,rpi-8d,rpi-8d,rpi-8d
1256,rpi-8d,rpi-8c,rpi-8d
1257,rpi-8d,rpi-8c,rpi-8d
1258,rpi-8d,rpi-4a,rpi-8d
1259,rpi-8d,rpi-8d,rpi-4a
1260,rpi-8d,rpi-8c,rpi-8d
1261,rpi-8d,rpi-8d,rpi-8d
1262,rpi-8d,rpi-8d,rpi-8d
1263,rpi-8d,rpi-8d,rpi-8d
1264,rpi-8d,rpi-8d,rpi-8d
1265,rpi-8d,rpi-8d,rpi-8d
1266,rpi-8d,rpi-8c,rpi-4a
1267,rpi-8d,rpi-8c,rpi-8d
1268,rpi-8d,rpi-8c,rpi-4a
1269,rpi-8d,rpi-8d,rpi-8d
1270,rpi-8d,rpi-8d,rpi-8d
1271,rpi-8d,rpi-8d,rpi-8d
1272,rpi-8d,rpi-8d,rpi-8d
1273,rpi-8d,rpi-8c,rpi-8c
1274,rpi-8d,rpi-8d,rpi-8d
1275,rpi-8d,rpi-8d,rpi-8d
1276,rpi-8d,rpi-8b,rpi-8d
1277,rpi-8d,rpi-8d,rpi-8d
1278,rpi-8d,rpi-8d,rpi-8d
1279,rpi-8d,rpi-8d,rpi-8d
1280,rpi-8d,rpi-8d,rpi-8d
1281,rpi-8d,rpi-8d,rpi-8d
1282,rpi-8d,rpi-8d,rpi-8d
1283,rpi-8d,rpi-8c,rpi-8d
1284,rpi-8d,rpi-8a,rpi-8c
1285,rpi-8d,rpi-8c,rpi-8d
1286,rpi-8d,rpi-8d,rpi-4a
1287,rpi-8d,rpi-8d,rpi-8c
1288,rpi-8d,rpi-8d,rpi-8d
1289,rpi-8d,rpi-8d,rpi-8d
1290,rpi-8d,rpi-8d,rpi-8c
1291,rpi-8d,rpi-8c,rpi-8c
1292,rpi-8d,rpi-8d,rpi-8d
1293,rpi-8d,rpi-8c,rpi-8d
1294,rpi-8d,rpi-8c,rpi-8c
1295,rpi-8d,rpi-8d,rpi-8d
1296,rpi-8d,rpi-8d,rpi-8d
1297,rpi-8d,rpi-8d,rpi-8d
1298,rpi-8d,rpi-8d,rpi-8d
1299,rpi-8d,rpi-8d,rpi-8d
1300,rpi-8d,rpi-8d,rpi-8d
1301,rpi-8d,rpi-8c,rpi-8d
1302,rpi-8d,rpi-8d,rpi-8c
1303,rpi-8d,rpi-8c,rpi-8b
1304,rpi-8d,rpi-8d,rpi-8d
1305,rpi-8d,rpi-8d,rpi-8d
1306,rpi-8d,rpi-8c,rpi-8d
1307,rpi-8d,rpi-8d,rpi-8d
1308,rpi-8d,rpi-8c,rpi-8d
1309,rpi-8d,rpi-8d,rpi-8d
1310,rpi-8d,rpi-8c,rpi-8d
1311,rpi-8d,rpi-8d,rpi-8b
1312,rpi-8d,rpi-4a,rpi-8d
1313,rpi-8d,rpi-8d,rpi-8d
1314,rpi-8d,rpi-8d,rpi-8c
1315,rpi-8d,rpi-4a,rpi-8b
1316,rpi-8d,rpi-8d,rpi-8d
1317,rpi-8d,rpi-8d,rpi-8c
1318,rpi-8d,rpi-8d,rpi-8d
1319,rpi-8d,rpi-8d,rpi-8d
1320,rpi-8d,rpi-8a,rpi-4a
1321,rpi-8d,rpi-4a,rpi-8c
1322,rpi-8d,rpi-8c,rpi-4a
1323,rpi-8d,rpi-8c,rpi-8d
1324,rpi-8d,rpi-8c,rpi-8d
1325,rpi-8d,rpi-8d,rpi-8d
1326,rpi-8d,rpi-8c,rpi-8a
1327,rpi-8d,rpi-8c,rpi-8d
1328,rpi-8d,rpi-8d,rpi-8c
1329,rpi-8d,rpi-8c,rpi-8d
1330,rpi-8d,rpi-8d,rpi-8d
1331,rpi-8d,rpi-4a,rpi-8d
1332,rpi-8d,rpi-8d,rpi-8c
1333,rpi-8d,rpi-8c,rpi-8d
1334,rpi-8d,rpi-8d,rpi-8d
1335,rpi-8d,rpi-8a,rpi-4a
1336,rpi-8d,rpi-8c,rpi-8d
1337,rpi-8d,rpi-8d,rpi-8d
1338,rpi-8d,rpi-8c,rpi-8c
1339,rpi-8d,rpi-8d,rpi-8d
1340,rpi-8d,rpi-8d,rpi-8d
1341,rpi-8d,rpi-8d,rpi-8d
1342,rpi-8d,rpi-8c,rpi-8d
1343,rpi-8d,rpi-8d,rpi-8c
1344,rpi-8d,rpi-4a,rpi-4a
1345,rpi-8d,rpi-8d,rpi-8d
1346,rpi-8d,rpi-8c,rpi-8d
1347,rpi-8d,rpi-8d,rpi-8d
1348,rpi-8d,rpi-8c,rpi-4a
1349,rpi-8d,rpi-8c,rpi-8c
1350,rpi-8d,rpi-8d,rpi-8d
1351,rpi-8d,rpi-8d,rpi-8d
1352,rpi-8d,rpi-8d,rpi-8d
1353,rpi-8d,rpi-8c,rpi-8d
1354,rpi-8d,rpi-8d,rpi-8d
1355,rpi-8d,rpi-8d,rpi-8d
1356,rpi-8d,rpi-8c,rpi-8d
1357,rpi-8d,rpi-8d,rpi-8c
1358,rpi-8d,rpi-8d,rpi-8d
1359,rpi-8d,rpi-8d,rpi-8d
1360,rpi-8d,rpi-8d,rpi-8d
1361,rpi-8d,rpi-8c,rpi-8d
1362,rpi-8d,rpi-8d,rpi-8d
1363,rpi-8d,rpi-8c,rpi-8c
1364,rpi-8d,rpi-8d,rpi-8c
1365,rpi-8d,rpi-8c,rpi-8d
1366,rpi-8d,rpi-8d,rpi-8d
1367,rpi-8d,rpi-8c,rpi-8d
1368,rpi-8d,rpi-8d,rpi-8c
1369,rpi-8d,rpi-8c,rpi-8c
1370,rpi-8d,rpi-8c,rpi-8b
1371,rpi-8d,rpi-8d,rpi-4a
1372,rpi-8d,rpi-8c,rpi-8d
1373,rpi-8d,rpi-8c,rpi-4a
1374,rpi-8d,rpi-8d,rpi-8d
1375,rpi-8d,rpi-8d,rpi-8d
1376,rpi-8d,rpi-8a,rpi-8d
1377,rpi-8d,rpi-8d,rpi-8d
1378,rpi-8d,rpi-8d,rpi-8d
1379,rpi-8d,rpi-8d,rpi-8d
1380,rpi-8d,rpi-8c,rpi-4a
1381,rpi-8d,rpi-8d,rpi-8d
1382,rpi-8d,rpi-8c,rpi-8d
1383,rpi-8d,rpi-8d,rpi-8d
1384,rpi-8d,rpi-8d,rpi-4a
1385,rpi-8d,rpi-8d,rpi-8d
1386,rpi-8d,rpi-8d,rpi-8d
1387,rpi-8d,rpi-8d,rpi-8c
1388,rpi-8d,rpi-8d,rpi-8d
1389,rpi-8d,rpi-8d,rpi-8d
1390,rpi-8d,rpi-8c,rpi-4a
1391,rpi-8d,rpi-8d,rpi-8d
1392,rpi-8d,rpi-8d,rpi-8d
1393,rpi-8d,rpi-8d,rpi-8d
1394,rpi-8d,rpi-8d,rpi-8d
1395,rpi-8d,rpi-8d,rpi-8c
1396,rpi-8d,rpi-4a,rpi-8d
1397,rpi-8d,rpi-8d,rpi-4a
1398,rpi-8d,rpi-8d,rpi-8d
1399,rpi-8d,rpi-8d,rpi-8c
1400,rpi-8d,rpi-8d,rpi-8d
1401,rpi-8d,rpi-8d,rpi-4a
1402,rpi-8d,rpi-8c,rpi-8d
1403,rpi-8d,rpi-8c,rpi-8d
1404,rpi-8d,rpi-8d,rpi-8c
1405,rpi-8d,rpi-8d,rpi-8d
1406,rpi-8d,rpi-8d,rpi-8c
1407,rpi-8d,rpi-8d,rpi-8c
1408,rpi-8d,rpi-8d,rpi-8d
1409,rpi-8d,rpi-4a,rpi-8d
1410,rpi-8d,rpi-8d,rpi-8d
1411,rpi-8d,rpi-8d,rpi-8d
1412,rpi-8d,rpi-8d,rpi-8d
1413,rpi-8d,rpi-8d,rpi-8d
1414,rpi-8d,rpi-8d,rpi-8d
1415,rpi-8d,rpi-8d,rpi-8d
1416,rpi-8d,rpi-4a,rpi-8d
1417,rpi-8d,rpi-8a,rpi-8d
1418,rpi-8d,rpi-8d,rpi-8c
1419,rpi-8d,rpi-8c,rpi-8d
1420,rpi-8d,rpi-4a,rpi-8d
1421,rpi-8d,rpi-8c,rpi-8c
1422,rpi-8d,rpi-8d,rpi-8d
1423,rpi-8d,rpi-8d,rpi-8d
1424,rpi-8d,rpi-4a,rpi-4a
1425,rpi-8d,rpi-8d,rpi-8d
1426,rpi-8d,rpi-8d,rpi-8d
1427,rpi-8d,rpi-8d,rpi-8d
1428,rpi-8d,rpi-8d,rpi-4a
1429,rpi-8d,rpi-4a,rpi-8d
1430,rpi-8d,rpi-8d,rpi-8d
1431,rpi-8d,rpi-8c,rpi-8c
1432,rpi-8d,rpi-8d,rpi-8d
1433,rpi-8d,rpi-8d,rpi-8d
1434,rpi-8d,rpi-8d,rpi-8d
1435,rpi-8d,rpi-8d,rpi-8c
1436,rpi-8d,rpi-8d,rpi-8d
1437,rpi-8d,rpi-8d,rpi-8c
1438,rpi-8d,rpi-8c,rpi-8d
1439,rpi-8d,rpi-8d,rpi-8d
1440,rpi-8d,rpi-8c,rpi-8d
1441,rpi-8d,rpi-4a,rpi-8c
1442,rpi-8d,rpi-8d,rpi-8d
1443,rpi-8d,rpi-8d,rpi-8d
1444,rpi-8d,rpi-8d,rpi-8c
1445,rpi-8d,rpi-8d,rpi-4a
1446,rpi-8d,rpi-8d,rpi-8d
1447,rpi-8d,rpi-8c,rpi-8d
1448,rpi-8d,rpi-8c,rpi-8d
1449,rpi-8d,rpi-8d,rpi-8d
1450,rpi-8d,rpi-8d,rpi-8d
1451,rpi-8d,rpi-8d,rpi-8d
1452,rpi-8d,rpi-8d,rpi-8d
1453,rpi-8d,rpi-8c,rpi-8d
1454,rpi-8d,rpi-8d,rpi-8d
1455,rpi-8d,rpi-8d,rpi-4a
1456,rpi-8d,rpi-4a,rpi-4a
1457,rpi-8d,rpi-8d,rpi-8d
1458,rpi-8d,rpi-8d,rpi-8d
1459,rpi-8d,rpi-8d,rpi-8c
1460,rpi-8d,rpi-8d,rpi-8d
1461,rpi-8d,rpi-8d,rpi-8c
1462,rpi-8d,rpi-8d,rpi-8c
1463,rpi-8d,rpi-8d,rpi-8d
1464,rpi-8d,rpi-8d,rpi-8c
1465,rpi-8d,rpi-8d,rpi-8d
1466,rpi-8d,rpi-8d,rpi-8d
1467,rpi-8d,rpi-8d,rpi-8d
1468,rpi-8d,rpi-8d,rpi-8c
1469,rpi-8d,rpi-8d,rpi-8d
1470,rpi-8d,rpi-8c,rpi-8c
1471,rpi-8d,rpi-8d,rpi-8d
1472,rpi-8d,rpi-8d,rpi-8c
1473,rpi-8d,rpi-8d,rpi-8d
1474,rpi-8d,rpi-8d,rpi-8d
1475,rpi-8d,rpi-8d,rpi-4a
1476,rpi-8d,rpi-8d,rpi-8d
1477,rpi-8d,rpi-8c,rpi-8c
1478,rpi-8d,rpi-8c,rpi-8c
1479,rpi-8d,rpi-8d,rpi-8c
1480,rpi-8d,rpi-8c,rpi-8d
1481,rpi-8d,rpi-8c,rpi-8d
1482,rpi-8d,rpi-8d,rpi-8d
1483,rpi-8d,rpi-8d,rpi-8d
1484,rpi-8d,rpi-4a,rpi-8d
1485,rpi-8d,rpi-4a,rpi-8d
1486,rpi-8d,rpi-4a,rpi-8d
1487,rpi-8d,rpi-8d,rpi-8d
1488,rpi-8d,rpi-8d,rpi-8d
1489,rpi-8d,rpi-8d,rpi-8d
1490,rpi-8d,rpi-8d,rpi-8d
1491,rpi-8d,rpi-8d,rpi-8d
1492,rpi-8d,rpi-8c,rpi-8d
1493,rpi-8d,rpi-8d,rpi-8d
1494,rpi-8d,rpi-8d,rpi-8d
1495,rpi-8d,rpi-8d,rpi-8d
1496,rpi-8d,rpi-8d,rpi-8d
1497,rpi-8d,rpi-8d,rpi-8d
1498,rpi-8d,rpi-8d,rpi-8d
1499,rpi-8d,rpi-8d,rpi-8d
1500,rpi-8d,rpi-8d,rpi-8d
1501,rpi-8d,rpi-8c,rpi-4a
1502,rpi-8d,rpi-8c,rpi-8c
1503,rpi-8d,rpi-8d,rpi-8d
1504,rpi-8d,rpi-8d,rpi-8c
1505,rpi-8d,rpi-8c,rpi-8d
1506,rpi-8d,rpi-8d,rpi-8d
1507,rpi-8d,rpi-8d,rpi-8d
1508,rpi-8d,rpi-8d,rpi-8c
1509,rpi-8d,rpi-8d,rpi-8d
1510,rpi-8d,rpi-4a,rpi-8d
1511,rpi-8d,rpi-8d,rpi-8c
1512,rpi-8d,rpi-8d,rpi-8d
1513,rpi-8d,rpi-8d,rpi-8d
1514,rpi-8d,rpi-8d,rpi-8d
1515,rpi-8d,rpi-8d,rpi-8d
1516,rpi-8d,rpi-8c,rpi-8d
1517,rpi-8d,rpi-8d,rpi-8d
1518,rpi-8d,rpi-8d,rpi-8c
1519,rpi-8d,rpi-8d,rpi-8d
1520,rpi-8d,rpi-8d,rpi-4a
1521,rpi-8d,rpi-8d,rpi-8d
1522,rpi-8d,rpi-8d,rpi-4a
1523,rpi-8d,rpi-8d,rpi-8d
1524,rpi-8d,rpi-8d,rpi-8d
1525,rpi-8d,rpi-8d,rpi-8d
1526,rpi-8d,rpi-4a,rpi-8d
1527,rpi-8d,rpi-4a,rpi-8d
1528,rpi-8d,rpi-8d,rpi-8c
1529,rpi-8d,rpi-8d,rpi-8d
1530,rpi-8d,rpi-8c,rpi-8d
1531,rpi-8d,rpi-8d,rpi-8d
1532,rpi-8d,rpi-8d,rpi-8d
1533,rpi-8d,rpi-8d,rpi-8d
1534,rpi-8d,rpi-8d,rpi-8d
1535,rpi-8d,rpi-8d,rpi-8d
1536,rpi-8d,rpi-8d,rpi-8d
1537,rpi-8d,rpi-8c,rpi-8d
1538,rpi-8d,rpi-8d,rpi-8d
1539,rpi-8d,rpi-8d,rpi-8d
1540,rpi-8d,rpi-8d,rpi-8d
1541,rpi-8d,rpi-8d,rpi-8d
1542,rpi-8d,rpi-8d,rpi-8d
1543,rpi-8d,rpi-8d,rpi-8d
1544,rpi-8d,rpi-8d,rpi-8d
1545,rpi-8d,rpi-8d,rpi-8c
1546,rpi-8d,rpi-8d,rpi-8c
1547,rpi-8d,rpi-8d,rpi-8d
1548,rpi-8d,rpi-8d,rpi-4a
1549,rpi-8d,rpi-8d,rpi-8c
1550,rpi-8d,rpi-8c,rpi-8c
1551,rpi-8d,rpi-8d,rpi-8c
1552,rpi-8d,rpi-8a,rpi-8c
1553,rpi-8d,rpi-8d,rpi-4a
1554,rpi-8d,rpi-8d,rpi-8d
1555,rpi-8d,rpi-8d,rpi-8c
1556,rpi-8d,rpi-8d,rpi-8d
1557,rpi-8d,rpi-8d,rpi-8d
1558,rpi-8d,rpi-8d,rpi-8d
1559,rpi-8d,rpi-8c,rpi-8b
1560,rpi-8d,rpi-8d,rpi-8d
1561,rpi-8d,rpi-8d,rpi-8d
1562,rpi-8d,rpi-8d,rpi-8d
1563,rpi-8d,rpi-8d,rpi-8d
1564,rpi-8d,rpi-8c,rpi-8d
1565,rpi-8d,rpi-8d,rpi-8d
1566,rpi-8d,rpi-8c,rpi-8d
1567,rpi-8d,rpi-8c,rpi-8c
1568,rpi-8d,rpi-8d,rpi-8d
1569,rpi-8d,rpi-8c,rpi-4a
1570,rpi-8d,rpi-8d,rpi-4a
1571,rpi-8d,rpi-8c,rpi-8d
1572,rpi-8d,rpi-8d,rpi-8c
1573,rpi-8d,rpi-8d,rpi-8d
1574,rpi-8d,rpi-8d,rpi-8d
1575,rpi-8d,rpi-8d,rpi-8d
1576,rpi-8d,rpi-8d,rpi-8d
1577,rpi-8d,rpi-8d,rpi-8d
1578,rpi-8d,rpi-8c,rpi-8c
1579,rpi-8d,rpi-8d,rpi-8d
1580,rpi-8d,rpi-8d,rpi-8d
1581,rpi-8d,rpi-8d,rpi-8d
1582,rpi-8d,rpi-8d,rpi-8d
1583,rpi-8d,rpi-8d,rpi-8d
1584,rpi-8d,rpi-8d,rpi-8d
1585,rpi-8d,rpi-4a,rpi-8d
1586,rpi-8d,rpi-8c,rpi-8d
1587,rpi-8d,rpi-8d,rpi-8c
1588,rpi-8d,rpi-8d,rpi-8c
1589,rpi-8d,rpi-8c,rpi-8c
1590,rpi-8d,rpi-8c,rpi-8d
1591,rpi-8d,rpi-8d,rpi-8d
1592,rpi-8d,rpi-8d,rpi-8c
1593,rpi-8d,rpi-8d,rpi-8d
1594,rpi-8d,rpi-8c,rpi-8d
1595,rpi-8d,rpi-8d,rpi-8d
1596,rpi-8d,rpi-8d,rpi-8c
1597,rpi-8d,rpi-8d,rpi-8c
1598,rpi-8d,rpi-8d,rpi-4a
1599,rpi-8d,rpi-8d,rpi-8d
1600,rpi-8d,rpi-8c,rpi-8d
1601,rpi-8d,rpi-8d,rpi-8d
1602,rpi-8d,rpi-8d,rpi-8d
1603,rpi-8d,rpi-8c,rpi-8d
1604,rpi-8d,rpi-8d,rpi-8c
1605,rpi-8d,rpi-8d,rpi-8d
1606,rpi-8d,rpi-8c,rpi-4a
1607,rpi-8d,rpi-8c,rpi-8c
1608,rpi-8d,rpi-4a,rpi-8d
1609,rpi-8d,rpi-8d,rpi-8c
1610,rpi-8d,rpi-4a,rpi-8d
1611,rpi-8d,rpi-8d,rpi-4a
1612,rpi-8d,rpi-8d,rpi-8d
1613,rpi-8d,rpi-8d,rpi-8b
1614,rpi-8d,rpi-8d,rpi-8d
1615,rpi-8d,rpi-8d,rpi-8d
1616,rpi-8d,rpi-8c,rpi-8d
1617,rpi-8d,rpi-8c,rpi-8d
1618,rpi-8d,rpi-8d,rpi-8d
1619,rpi-8d,rpi-8d,rpi-8d
1620,rpi-8d,rpi-8d,rpi-8c
1621,rpi-8d,rpi-8d,rpi-8d
1622,rpi-8d,rpi-8d,rpi-8d
1623,rpi-8d,rpi-8d,rpi-8d
1624,rpi-8d,rpi-4a,rpi-8d
1625,rpi-8d,rpi-8d,rpi-8d
1626,rpi-8d,rpi-8d,rpi-8d
1627,rpi-8d,rpi-8d,rpi-8d
1628,rpi-8d,rpi-8d,rpi-8d
1629,rpi-8d,rpi-8d,rpi-8d
1630,rpi-8d,rpi-8d,rpi-8d
1631,rpi-8d,rpi-8d,rpi-4a
1632,rpi-8d,rpi-8d,rpi-8d
1633,rpi-8d,rpi-8d,rpi-8d
1634,rpi-8d,rpi-8d,rpi-8d
1635,rpi-8d,rpi-8d,rpi-8d
1636,rpi-8d,rpi-8d,rpi-8d
1637,rpi-8d,rpi-8d,rpi-8d
1638,rpi-8d,rpi-8d,rpi-8d
1639,rpi-8d,rpi-8d,rpi-8d
1640,rpi-8d,rpi-8d,rpi-8c
1641,rpi-8d,rpi-8d,rpi-8d
1642,rpi-8d,rpi-8d,rpi-8d
1643,rpi-8d,rpi-8c,rpi-4a
1644,rpi-8d,rpi-8d,rpi-8c
1645,rpi-8d,rpi-8d,rpi-8c
1646,rpi-8d,rpi-8d,rpi-4a
1647,rpi-8d,rpi-8d,rpi-8d
1648,rpi-8d,rpi-8d,rpi-8d
1649,rpi-8d,rpi-8c,rpi-8d
1650,rpi-8d,rpi-8d,rpi-8d
1651,rpi-8d,rpi-8d,rpi-8d
1652,rpi-8d,rpi-8d,rpi-8d
1653,rpi-8d,rpi-8d,rpi-8d
1654,rpi-8d,rpi-4a,rpi-8d
1655,rpi-8d,rpi-8d,rpi-8d
1656,rpi-8d,rpi-8d,rpi-8c
1657,rpi-8d,rpi-8c,rpi-8d
1658,rpi-8d,rpi-8d,rpi-8d
1659,rpi-8d,rpi-8d,rpi-8d
1660,rpi-8d,rpi-4a,rpi-8d
1661,rpi-8d,rpi-8c,rpi-8d
1662,rpi-8d,rpi-8c,rpi-4a
1663,rpi-8d,rpi-8d,rpi-8d
1664,rpi-8d,rpi-8c,rpi-8d
1665,rpi-8d,rpi-8d,rpi-8d
1666,rpi-8d,rpi-8d,rpi-4a
1667,rpi-8d,rpi-8c,rpi-8c
1668,rpi-8d,rpi-8d,rpi-8d
1669,rpi-8d,rpi-8d,rpi-8d
1670,rpi-8d,rpi-8d,rpi-8d
1671,rpi-8d,rpi-8c,rpi-8d
1672,rpi-8d,rpi-8d,rpi-4a
1673,rpi-8d,rpi-8c,rpi-8d
1674,rpi-8d,rpi-8d,rpi-8b
1675,rpi-8d,rpi-8d,rpi-4a
1676,rpi-8d,rpi-4a,rpi-8c
1677,rpi-8d,rpi-8d,rpi-8c
1678,rpi-8d,rpi-8d,rpi-8d
1679,rpi-8d,rpi-8d,rpi-8d
1680,rpi-8d,rpi-8d,rpi-4a
1681,rpi-8d,rpi-8d,rpi-8d
1682,rpi-8d,rpi-8d,rpi-8d
1683,rpi-8d,rpi-8d,rpi-8c
1684,rpi-8d,rpi-8d,rpi-8d
1685,rpi-8d,rpi-8d,rpi-4a
1686,rpi-8d,rpi-8c,rpi-8c
1687,rpi-8d,rpi-8c,rpi-4a
1688,rpi-8d,rpi-8c,rpi-8c
1689,rpi-8d,rpi-8d,rpi-8d
1690,rpi-8d,rpi-8d,rpi-8c
1691,rpi-8d,rpi-8d,rpi-8d
1692,rpi-8d,rpi-4a,rpi-8d
1693,rpi-8d,rpi-8d,rpi-8d
1694,rpi-8d,rpi-8c,rpi-8d
1695,rpi-8d,rpi-8d,rpi-8d
1696,rpi-8d,rpi-8d,rpi-8c
1697,rpi-8d,rpi-8d,rpi-8d
1698,rpi-8d,rpi-4a,rpi-8c
1699,rpi-8d,rpi-8d,rpi-8d
1700,rpi-8d,rpi-8d,rpi-8d
1701,rpi-8d,rpi-8d,rpi-8d
1702,rpi-8d,rpi-8d,rpi-8d
1703,rpi-8d,rpi-8d,rpi-8d
1704,rpi-8d,rpi-8d,rpi-8c
1705,rpi-8d,rpi-8d,rpi-8d
1706,rpi-8d,rpi-8c,rpi-8d
1707,rpi-8d,rpi-8d,rpi-8d
1708,rpi-8d,rpi-8d,rpi-8d
1709,rpi-8d,rpi-8c,rpi-8d
1710,rpi-8d,rpi-8c,rpi-8d
1711,rpi-8d,rpi-8d,rpi-8d
1712,rpi-8d,rpi-8d,rpi-8d
1713,rpi-8d,rpi-8c,rpi-8d
1714,rpi-8d,rpi-8c,rpi-8d
1715,rpi-8d,rpi-8d,rpi-8d
1716,rpi-8d,rpi-8c,rpi-8c
1717,rpi-8d,rpi-8d,rpi-8d
1718,rpi-8d,rpi-8d,rpi-8d
1719,rpi-8d,rpi-8d,rpi-8d
1720,rpi-8d,rpi-8d,rpi-8d
1721,rpi-8d,rpi-8c,rpi-8d
1722,rpi-8d,rpi-8d,rpi-8c
1723,rpi-8d,rpi-8d,rpi-8d
1724,rpi-8d,rpi-8d,rpi-8d
1725,rpi-8d,rpi-8d,rpi-8c
1726,rpi-8d,rpi-8d,rpi-8d
1727,rpi-8d,rpi-8d,rpi-8c
1728,rpi-8d,rpi-8d,rpi-8d
1729,rpi-8d,rpi-8d,rpi-8d
1730,rpi-8d,rpi-8d,rpi-8d
1731,rpi-8d,rpi-8d,rpi-8c
1732,rpi-8d,rpi-8d,rpi-8d
1733,rpi-8d,rpi-8d,rpi-8d
1734,rpi-8d,rpi-8d,rpi-8c
1735,rpi-8d,rpi-8d,rpi-8d
1736,rpi-8d,rpi-8d,rpi-8b
1737,rpi-8d,rpi-8c,rpi-8d
1738,rpi-8d,rpi-8d,rpi-8d
1739,rpi-8d,rpi-8c,rpi-4a
1740,rpi-8d,rpi-8d,rpi-8c
1741,rpi-8d,rpi-8d,rpi-8c
1742,rpi-8d,rpi-8c,rpi-8d
1743,rpi-8d,rpi-8c,rpi-8d
1744,rpi-8d,rpi-4a,rpi-4a
1745,rpi-8d,rpi-8d,rpi-8d
1746,rpi-8d,rpi-8d,rpi-8d
1747,rpi-8d,rpi-8d,rpi-8d
1748,rpi-8d,rpi-8d,rpi-8d
1749,rpi-8d,rpi-8d,rpi-4a
1750,rpi-8d,rpi-8d,rpi-8d
1751,rpi-8d,rpi-8d,rpi-8d
1752,rpi-8d,rpi-8c,rpi-8d
1753,rpi-8d,rpi-8d,rpi-8c
1754,rpi-8d,rpi-4a,rpi-8d
1755,rpi-8d,rpi-8d,rpi-8d
1756,rpi-8d,rpi-8d,rpi-8c
1757,rpi-8d,rpi-8d,rpi-8c
1758,rpi-8d,rpi-8d,rpi-8d
1759,rpi-8d,rpi-8d,rpi-4a
1760,rpi-8d,rpi-8c,rpi-8c
1761,rpi-8d,rpi-8c,rpi-8c
1762,rpi-8d,rpi-8d,rpi-8d
1763,rpi-8d,rpi-8d,rpi-8d
1764,rpi-8d,rpi-8d,rpi-4a
1765,rpi-8d,rpi-8d,rpi-4a
1766,rpi-8d,rpi-8d,rpi-8d
1767,rpi-8d,rpi-8d,rpi-8d
1768,rpi-8d,rpi-4a,rpi-8d
1769,rpi-8d,rpi-8d,rpi-8d
1770,rpi-8d,rpi-8c,rpi-8d
1771,rpi-8d,rpi-8c,rpi-8d
1772,rpi-8d,rpi-8c,rpi-8c
1773,rpi-8d,rpi-8d,rpi-8d
1774,rpi-8d,rpi-8c,rpi-8d
1775,rpi-8d,rpi-8d,rpi-8d
1776,rpi-8d,rpi-8c,rpi-8d
1777,rpi-8d,rpi-8d,rpi-4a
1778,rpi-8d,rpi-8d,rpi-8d
1779,rpi-8d,rpi-8d,rpi-8d
1780,rpi-8d,rpi-8d,rpi-8d
1781,rpi-8d,rpi-8d,rpi-8c
1782,rpi-8d,rpi-4a,rpi-8d
1783,rpi-8d,rpi-8c,rpi-8d
1784,rpi-8d,rpi-8c,rpi-8d
1785,rpi-8d,rpi-8d,rpi-8d
1786,rpi-8d,rpi-8d,rpi-8c
1787,rpi-8d,rpi-8d,rpi-8d
1788,rpi-8d,rpi-8d,rpi-8d
1789,rpi-8d,rpi-8d,rpi-8c
1790,rpi-8d,rpi-8d,rpi-8d
1791,rpi-8d,rpi-8d,rpi-8d
1792,rpi-8d,rpi-8d,rpi-8c
1793,rpi-8d,rpi-8c,rpi-8d
1794,rpi-8d,rpi-8d,rpi-8c
1795,rpi-8d,rpi-8d,rpi-8d
1796,rpi-8d,rpi-8c,rpi-8c
1797,rpi-8d,rpi-8d,rpi-8d
1798,rpi-8d,rpi-8d,rpi-8d
1799,rpi-8d,rpi-8d,rpi-8d
1800,rpi-8d,rpi-8d,rpi-8d
1801,rpi-8d,rpi-8d,rpi-8d
1802,rpi-8d,rpi-8d,rpi-8d
1803,rpi-8c,rpi-8c,rpi-8c
1804,rpi-8c,rpi-4a,rpi-4a
1805,rpi-8c,rpi-8c,rpi-8c
1806,rpi-8c,rpi-8c,rpi-8c
1807,rpi-8c,rpi-8c,rpi-8c
1808,rpi-8c,rpi-8c,rpi-8d
1809,rpi-8c,rpi-8c,rpi-8c
1810,rpi-8c,rpi-8c,rpi-8c
1811,rpi-8c,rpi-8c,rpi-8c
1812,rpi-8c,rpi-8d,rpi-8c
1813,rpi-8c,rpi-8c,rpi-4a
1814,rpi-8c,rpi-8c,rpi-8c
1815,rpi-8c,rpi-8c,rpi-8c
1816,rpi-8c,rpi-8c,rpi-8c
1817,rpi-8c,rpi-8c,rpi-8d
1818,rpi-8c,rpi-8c,rpi-8d
1819,rpi-8c,rpi-8c,rpi-8c
1820,rpi-8c,rpi-8c,rpi-4a
1821,rpi-8c,rpi-8c,rpi-8c
1822,rpi-8c,rpi-8c,rpi-8c
1823,rpi-8c,rpi-8c,rpi-4a
1824,rpi-8c,rpi-8c,rpi-8c
1825,rpi-8c,rpi-8d,rpi-8c
1826,rpi-8c,rpi-8c,rpi-8d
1827,rpi-8c,rpi-8c,rpi-8c
1828,rpi-8c,rpi-8c,rpi-4a
1829,rpi-8c,rpi-8d,rpi-8c
1830,rpi-8c,rpi-8c,rpi-8c
1831,rpi-8c,rpi-4a,rpi-8c
1832,rpi-8c,rpi-8c,rpi-8c
1833,rpi-8c,rpi-8d,rpi-8d
1834,rpi-8c,rpi-8c,rpi-8c
1835,rpi-8c,rpi-8d,rpi-8d
1836,rpi-8c,rpi-8c,rpi-4a
1837,rpi-8c,rpi-8c,rpi-8d
1838,rpi-8c,rpi-8c,rpi-8d
1839,rpi-8c,rpi-8c,rpi-8c
1840,rpi-8c,rpi-8c,rpi-8c
1841,rpi-8c,rpi-8c,rpi-8c
1842,rpi-8c,rpi-8c,rpi-8c
1843,rpi-8c,rpi-8c,rpi-8c
1844,rpi-8c,rpi-8c,rpi-8c
1845,rpi-8c,rpi-8d,rpi-8c
1846,rpi-8c,rpi-8d,rpi-8c
1847,rpi-8c,rpi-8c,rpi-8c
1848,rpi-8c,rpi-8c,rpi-4a
1849,rpi-8c,rpi-8c,rpi-8c
1850,rpi-8c,rpi-8c,rpi-8c
1851,rpi-8c,rpi-8c,rpi-8c
1852,rpi-8c,rpi-8c,rpi-8d
1853,rpi-8c,rpi-8c,rpi-8d
1854,rpi-8c,rpi-8c,rpi-8d
1855,rpi-8c,rpi-8c,rpi-8c
1856,rpi-8c,rpi-8d,rpi-8c
1857,rpi-8c,rpi-8c,rpi-8c
1858,rpi-8c,rpi-8d,rpi-8c
1859,rpi-8c,rpi-8c,rpi-8d
1860,rpi-8c,rpi-8c,rpi-8c
1861,rpi-8c,rpi-8c,rpi-8c
1862,rpi-8c,rpi-8c,rpi-8c
1863,rpi-8c,rpi-8c,rpi-8d
1864,rpi-8c,rpi-8c,rpi-8c
1865,rpi-8c,rpi-8c,rpi-8d
1866,rpi-8c,rpi-8c,rpi-8c
1867,rpi-8c,rpi-8c,rpi-8c
1868,rpi-8c,rpi-8d,rpi-8c
1869,rpi-8c,rpi-8c,rpi-8d
1870,rpi-8c,rpi-8c,rpi-8c
1871,rpi-8c,rpi-8c,rpi-8d
1872,rpi-8c,rpi-8d,rpi-8c
1873,rpi-8c,rpi-8c,rpi-8c
1874,rpi-8c,rpi-8c,rpi-8c
1875,rpi-8c,rpi-8c,rpi-8c
1876,rpi-8c,rpi-8c,rpi-8d
1877,rpi-8c,rpi-4a,rpi-8c
1878,rpi-8c,rpi-8d,rpi-4a
1879,rpi-8c,rpi-8c,rpi-8d
1880,rpi-8c,rpi-8c,rpi-8c
1881,rpi-8c,rpi-8c,rpi-8c
1882,rpi-8c,rpi-8c,rpi-8d
1883,rpi-8c,rpi-8c,rpi-8c
1884,rpi-8c,rpi-8d,rpi-8c
1885,rpi-8c,rpi-4a,rpi-8c
1886,rpi-8c,rpi-8c,rpi-8d
1887,rpi-8c,rpi-8c,rpi-8c
1888,rpi-8c,rpi-8d,rpi-8d
1889,rpi-8c,rpi-8c,rpi-8c
1890,rpi-8c,rpi-8c,rpi-8c
1891,rpi-8c,rpi-8c,rpi-8c
1892,rpi-8c,rpi-4a,rpi-4a
1893,rpi-8c,rpi-8c,rpi-8c
1894,rpi-8c,rpi-8c,rpi-8c
1895,rpi-8c,rpi-8d,rpi-8c
1896,rpi-8c,rpi-8c,rpi-8c
1897,rpi-8c,rpi-8c,rpi-8c
1898,rpi-8c,rpi-8c,rpi-8c
1899,rpi-8c,rpi-8c,rpi-8d
1900,rpi-8c,rpi-8c,rpi-8d
1901,rpi-8c,rpi-8c,rpi-8d
1902,rpi-8c,rpi-8c,rpi-8c
1903,rpi-8c,rpi-8c,rpi-8c
1904,rpi-8c,rpi-8c,rpi-8c
1905,rpi-8c,rpi-8d,rpi-8c
1906,rpi-8c,rpi-8c,rpi-8c
1907,rpi-8c,rpi-8d,rpi-8c
1908,rpi-8c,rpi-8c,rpi-8c
1909,rpi-8c,rpi-8c,rpi-8c
1910,rpi-8c,rpi-8c,rpi-8c
1911,rpi-8c,rpi-8c,rpi-8c
1912,rpi-8c,rpi-8c,rpi-8c
1913,rpi-8c,rpi-8c,rpi-8c
1914,rpi-8c,rpi-8c,rpi-8c
1915,rpi-8c,rpi-8c,rpi-8b
1916,rpi-8c,rpi-8c,rpi-8c
1917,rpi-8c,rpi-8c,rpi-8c
1918,rpi-8c,rpi-8b,rpi-8d
1919,rpi-8c,rpi-8c,rpi-8c
1920,rpi-8c,rpi-8c,rpi-8c
1921,rpi-8c,rpi-8c,rpi-8c
1922,rpi-8c,rpi-8c,rpi-8c
1923,rpi-8c,rpi-8c,rpi-8c
1924,rpi-8c,rpi-8c,rpi-8c
1925,rpi-8c,rpi-8c,rpi-8c
1926,rpi-8c,rpi-8c,rpi-8d
1927,rpi-8c,rpi-8c,rpi-8c
1928,rpi-8c,rpi-8c,rpi-8d
1929,rpi-8c,rpi-4a,rpi-8c
1930,rpi-8c,rpi-8b,rpi-4a
1931,rpi-8c,rpi-8c,rpi-8c
1932,rpi-8c,rpi-8c,rpi-8c
1933,rpi-8c,rpi-4a,rpi-8c
1934,rpi-8c,rpi-8c,rpi-8c
1935,rpi-8c,rpi-8d,rpi-8c
1936,rpi-8c,rpi-8d,rpi-8c
1937,rpi-8c,rpi-8d,rpi-8c
1938,rpi-8c,rpi-8c,rpi-8c
1939,rpi-8c,rpi-4a,rpi-8d
1940,rpi-8c,rpi-8c,rpi-8c
1941,rpi-8c,rpi-8c,rpi-8c
1942,rpi-8c,rpi-8c,rpi-8c
1943,rpi-8c,rpi-8c,rpi-8c
1944,rpi-8c,rpi-8c,rpi-8c
1945,rpi-8c,rpi-8c,rpi-8c
1946,rpi-8c,rpi-8d,rpi-8c
1947,rpi-8c,rpi-8c,rpi-8c
1948,rpi-8c,rpi-8d,rpi-4a
1949,rpi-8c,rpi-8c,rpi-4a
1950,rpi-8c,rpi-8c,rpi-4a
1951,rpi-8c,rpi-8c,rpi-8d
1952,rpi-8c,rpi-8c,rpi-8c
1953,rpi-8c,rpi-8c,rpi-8d
1954,rpi-8c,rpi-8d,rpi-8c
1955,rpi-8c,rpi-8c,rpi-8c
1956,rpi-8c,rpi-8c,rpi-8c
1957,rpi-8c,rpi-8c,rpi-8d
1958,rpi-8c,rpi-8c,rpi-8c
1959,rpi-8c,rpi-8c,rpi-8c
1960,rpi-8c,rpi-8c,rpi-8c
1961,rpi-8c,rpi-8d,rpi-8c
1962,rpi-8c,rpi-8c,rpi-8c
1963,rpi-8c,rpi-8c,rpi-8d
1964,rpi-8c,rpi-8c,rpi-8c
1965,rpi-8c,rpi-8a,rpi-8c
1966,rpi-8c,rpi-8c,rpi-8c
1967,rpi-8c,rpi-8d,rpi-8c
1968,rpi-8c,rpi-8d,rpi-8d
1969,rpi-8c,rpi-8c,rpi-8c
1970,rpi-8c,rpi-8c,rpi-8c
1971,rpi-8c,rpi-4a,rpi-8c
1972,rpi-8c,rpi-8c,rpi-8c
1973,rpi-8c,rpi-8c,rpi-8c
1974,rpi-8c,rpi-8d,rpi-8c
1975,rpi-8c,rpi-4a,rpi-8c
1976,rpi-8c,rpi-8c,rpi-8d
1977,rpi-8c,rpi-8c,rpi-8c
1978,rpi-8c,rpi-8c,rpi-8c
1979,rpi-8c,rpi-8a,rpi-8c
1980,rpi-8c,rpi-8c,rpi-8c
1981,rpi-8c,rpi-8c,rpi-8c
1982,rpi-8c,rpi-8c,rpi-8c
1983,rpi-8c,rpi-8c,rpi-8c
1984,rpi-8c,rpi-8c,rpi-8c
1985,rpi-8c,rpi-8c,rpi-8c
1986,rpi-8c,rpi-8c,rpi-8c
1987,rpi-8c,rpi-8c,rpi-8c
1988,rpi-8c,rpi-8c,rpi-8d
1989,rpi-8c,rpi-4a,rpi-8c
1990,rpi-8c,rpi-4a,rpi-8c
1991,rpi-8c,rpi-8c,rpi-8d
1992,rpi-8c,rpi-8d,rpi-4a
1993,rpi-8c,rpi-8c,rpi-8c
1994,rpi-8c,rpi-8c,rpi-8d
1995,rpi-8c,rpi-8c,rpi-8c
1996,rpi-8c,rpi-8b,rpi-8d
1997,rpi-8c,rpi-8c,rpi-8c
1998,rpi-8c,rpi-8c,rpi-8d
1999,rpi-8c,rpi-8c,rpi-8d
2000,rpi-8c,rpi-8c,rpi-8c
2001,rpi-8c,rpi-8d,rpi-8c
2002,rpi-8c,rpi-8c,rpi-8c
2003,rpi-8c,rpi-8c,rpi-8c
2004,rpi-8c,rpi-8c,rpi-8c
2005,rpi-8c,rpi-8c,rpi-8c
2006,rpi-8c,rpi-8c,rpi-8c
2007,rpi-8c,rpi-8c,rpi-8c
2008,rpi-8c,rpi-8c,rpi-4a
2009,rpi-8c,rpi-8c,rpi-8c
2010,rpi-8c,rpi-8c,rpi-8c
2011,rpi-8c,rpi-8c,rpi-8d
2012,rpi-8c,rpi-8d,rpi-8c
2013,rpi-8c,rpi-8c,rpi-8c
2014,rpi-8c,rpi-8c,rpi-8c
2015,rpi-8c,rpi-4a,rpi-8c
2016,rpi-8c,rpi-8c,rpi-8c
2017,rpi-8c,rpi-8c,rpi-8d
2018,rpi-8c,rpi-8d,rpi-8d
2019,rpi-8c,rpi-4a,rpi-8c
2020,rpi-8c,rpi-8c,rpi-8c
2021,rpi-8c,rpi-4a,rpi-8d
2022,rpi-8c,rpi-8c,rpi-8c
2023,rpi-8c,rpi-8c,rpi-8c
2024,rpi-8c,rpi-8d,rpi-4a
2025,rpi-8c,rpi-8c,rpi-8c
2026,rpi-8c,rpi-4a,rpi-8c
2027,rpi-8c,rpi-8c,rpi-8c
2028,rpi-8c,rpi-8c,rpi-8c
2029,rpi-8c,rpi-8c,rpi-8d
2030,rpi-8c,rpi-4a,rpi-8c
2031,rpi-8c,rpi-8c,rpi-8c
2032,rpi-8c,rpi-8d,rpi-8d
2033,rpi-8c,rpi-8c,rpi-8c
2034,rpi-8c,rpi-8c,rpi-8d
2035,rpi-8c,rpi-8c,rpi-8c
2036,rpi-8c,rpi-8c,rpi-8d
2037,rpi-8c,rpi-8c,rpi-4a
2038,rpi-8c,rpi-8c,rpi-8c
2039,rpi-8c,rpi-8c,rpi-8c
2040,rpi-8c,rpi-8c,rpi-8c
2041,rpi-8c,rpi-8c,rpi-8c
2042,rpi-8c,rpi-8c,rpi-8c
2043,rpi-8c,rpi-8d,rpi-8c
2044,rpi-8c,rpi-4a,rpi-8c
2045,rpi-8c,rpi-8c,rpi-8d
2046,rpi-8c,rpi-8c,rpi-8c
2047,rpi-8c,rpi-4a,rpi-8c
2048,rpi-8c,rpi-4a,rpi-8c
2049,rpi-8c,rpi-8c,rpi-8c
2050,rpi-8c,rpi-8c,rpi-8d
2051,rpi-8c,rpi-8c,rpi-8d
2052,rpi-8c,rpi-8b,rpi-8d
2053,rpi-8c,rpi-8c,rpi-8c
2054,rpi-8c,rpi-8c,rpi-8c
2055,rpi-8c,rpi-8c,rpi-8c
2056,rpi-8c,rpi-8d,rpi-8c
2057,rpi-8c,rpi-8c,rpi-8d
2058,rpi-8c,rpi-8c,rpi-4a
2059,rpi-8c,rpi-8c,rpi-8c
2060,rpi-8c,rpi-8d,rpi-8d
2061,rpi-8c,rpi-8c,rpi-8c
2062,rpi-8c,rpi-8c,rpi-8c
2063,rpi-8c,rpi-8c,rpi-8c
2064,rpi-8c,rpi-8c,rpi-8b
2065,rpi-8c,rpi-8c,rpi-4a
2066,rpi-8c,rpi-8d,rpi-8d
2067,rpi-8c,rpi-8c,rpi-8c
2068,rpi-8c,rpi-8c,rpi-8c
2069,rpi-8c,rpi-8d,rpi-8c
2070,rpi-8c,rpi-8c,rpi-8c
2071,rpi-8c,rpi-8c,rpi-8c
2072,rpi-8c,rpi-8c,rpi-8c
2073,rpi-8c,rpi-8c,rpi-8c
2074,rpi-8c,rpi-8c,rpi-8c
2075,rpi-8c,rpi-8d,rpi-8a
2076,rpi-8c,rpi-8d,rpi-8c
2077,rpi-8c,rpi-4a,rpi-8c
2078,rpi-8c,rpi-8c,rpi-8c
2079,rpi-8c,rpi-8c,rpi-8c
2080,rpi-8c,rpi-8c,rpi-8d
2081,rpi-8c,rpi-8c,rpi-8c
2082,rpi-8c,rpi-8d,rpi-8c
2083,rpi-8c,rpi-8c,rpi-8d
2084,rpi-8c,rpi-8d,rpi-8c
2085,rpi-8c,rpi-8c,rpi-8c
2086,rpi-8c,rpi-8c,rpi-8c
2087,rpi-8c,rpi-8c,rpi-8c
2088,rpi-8c,rpi-8c,rpi-8c
2089,rpi-8c,rpi-4a,rpi-8c
2090,rpi-8c,rpi-8c,rpi-8c
2091,rpi-8c,rpi-8d,rpi-8c
2092,rpi-8c,rpi-8d,rpi-8d
2093,rpi-8c,rpi-8c,rpi-8c
2094,rpi-8c,rpi-8c,rpi-8c
2095,rpi-8c,rpi-8c,rpi-8d
2096,rpi-8c,rpi-4a,rpi-8c
2097,rpi-8c,rpi-8d,rpi-8c
2098,rpi-8c,rpi-8c,rpi-8c
2099,rpi-8c,rpi-8c,rpi-8a
2100,rpi-8c,rpi-8c,rpi-8c
2101,rpi-8c,rpi-8d,rpi-8d
2102,rpi-8c,rpi-8c,rpi-8c
2103,rpi-8c,rpi-8c,rpi-8d
2104,rpi-8c,rpi-8c,rpi-8c
2105,rpi-8c,rpi-8c,rpi-8c
2106,rpi-8c,rpi-8d,rpi-4a
2107,rpi-8c,rpi-4a,rpi-8c
2108,rpi-8c,rpi-8d,rpi-8c
2109,rpi-8c,rpi-8c,rpi-8c
2110,rpi-8c,rpi-8c,rpi-8c
2111,rpi-8c,rpi-8c,rpi-8c
2112,rpi-8c,rpi-8c,rpi-4a
2113,rpi-8c,rpi-8c,rpi-8d
2114,rpi-8c,rpi-8c,rpi-8c
2115,rpi-8c,rpi-8c,rpi-8c
2116,rpi-8c,rpi-8c,rpi-8d
2117,rpi-8c,rpi-8c,rpi-8c
2118,rpi-8c,rpi-8c,rpi-8c
2119,rpi-8c,rpi-8d,rpi-8d
2120,rpi-8c,rpi-8d,rpi-8c
2121,rpi-8c,rpi-8c,rpi-8c
2122,rpi-8c,rpi-8d,rpi-8d
2123,rpi-8c,rpi-8c,rpi-8b
2124,rpi-8c,rpi-8c,rpi-8c
2125,rpi-8c,rpi-8c,rpi-8c
2126,rpi-8c,rpi-8d,rpi-8c
2127,rpi-8c,rpi-8c,rpi-8c
2128,rpi-8c,rpi-8d,rpi-8d
2129,rpi-8c,rpi-8c,rpi-8c
2130,rpi-8c,rpi-8d,rpi-8c
2131,rpi-8c,rpi-8d,rpi-8c
2132,rpi-8c,rpi-8c,rpi-8c
2133,rpi-8c,rpi-8c,rpi-8b
2134,rpi-8c,rpi-8c,rpi-8c
2135,rpi-8c,rpi-8c,rpi-8c
2136,rpi-8c,rpi-8c,rpi-8c
2137,rpi-8c,rpi-8c,rpi-8c
2138,rpi-8c,rpi-8d,rpi-8c
2139,rpi-8c,rpi-8c,rpi-8c
2140,rpi-8c,rpi-8d,rpi-8c
2141,rpi-8c,rpi-8d,rpi-8c
2142,rpi-8c,rpi-4a,rpi-8c
2143,rpi-8c,rpi-8c,rpi-8d
2144,rpi-8c,rpi-8c,rpi-8c
2145,rpi-8c,rpi-8d,rpi-8c
2146,rpi-8c,rpi-8c,rpi-8c
2147,rpi-8c,rpi-8b,rpi-8c
2148,rpi-8c,rpi-8c,rpi-8d
2149,rpi-8c,rpi-8d,rpi-8c
2150,rpi-8c,rpi-8d,rpi-8d
2151,rpi-8c,rpi-4a,rpi-8c
2152,rpi-8c,rpi-4a,rpi-8c
2153,rpi-8c,rpi-8c,rpi-8c
2154,rpi-8c,rpi-8c,rpi-8c
2155,rpi-8c,rpi-4a,rpi-8d
2156,rpi-8c,rpi-8c,rpi-8d
2157,rpi-8c,rpi-4a,rpi-8d
2158,rpi-8c,rpi-8d,rpi-8c
2159,rpi-8c,rpi-8c,rpi-4a
2160,rpi-8c,rpi-8c,rpi-8b
2161,rpi-8c,rpi-8c,rpi-8c
2162,rpi-8c,rpi-8c,rpi-8c
2163,rpi-8c,rpi-8c,rpi-8d
2164,rpi-8c,rpi-8c,rpi-4a
2165,rpi-8c,rpi-8d,rpi-8d
2166,rpi-8c,rpi-8c,rpi-8c
2167,rpi-8c,rpi-8c,rpi-8c
2168,rpi-8c,rpi-8c,rpi-8c
2169,rpi-8c,rpi-8c,rpi-8d
2170,rpi-8c,rpi-8c,rpi-8c
2171,rpi-8c,rpi-8c,rpi-8c
2172,rpi-8c,rpi-8c,rpi-8c
2173,rpi-8c,rpi-8c,rpi-8c
2174,rpi-8c,rpi-8c,rpi-8c
2175,rpi-8c,rpi-8c,rpi-8c
2176,rpi-8c,rpi-8d,rpi-8c
2177,rpi-8c,rpi-8c,rpi-8c
2178,rpi-8c,rpi-8c,rpi-8d
2179,rpi-8c,rpi-8c,rpi-8c
2180,rpi-8c,rpi-8d,rpi-8c
2181,rpi-8c,rpi-8c,rpi-8d
2182,rpi-8c,rpi-4a,rpi-8c
2183,rpi-8c,rpi-8d,rpi-8d
2184,rpi-8c,rpi-8c,rpi-8d
2185,rpi-8c,rpi-8d,rpi-8c
2186,rpi-8c,rpi-8c,rpi-8c
2187,rpi-8c,rpi-8c,rpi-8c
2188,rpi-8c,rpi-8c,rpi-8c
2189,rpi-8c,rpi-8d,rpi-8c
2190,rpi-8c,rpi-8c,rpi-8c
2191,rpi-8c,rpi-8c,rpi-8c
2192,rpi-8c,rpi-8d,rpi-8c
2193,rpi-8c,rpi-4a,rpi-8c
2194,rpi-8c,rpi-8c,rpi-8c
2195,rpi-8c,rpi-8c,rpi-8c
2196,rpi-8c,rpi-8c,rpi-8c
2197,rpi-8c,rpi-8c,rpi-8c
2198,rpi-8c,rpi-8c,rpi-4a
2199,rpi-8c,rpi-8c,rpi-8d
2200,rpi-8c,rpi-8c,rpi-8c
2201,rpi-8c,rpi-8c,rpi-8c
2202,rpi-8c,rpi-8d,rpi-8c
2203,rpi-8c,rpi-8c,rpi-8c
2204,rpi-8c,rpi-8d,rpi-8c
2205,rpi-8c,rpi-8c,rpi-8c
2206,rpi-8c,rpi-4a,rpi-8c
2207,rpi-8c,rpi-8c,rpi-4a
2208,rpi-8c,rpi-8c,rpi-8c
2209,rpi-8c,rpi-8c,rpi-8c
2210,rpi-8c,rpi-4a,rpi-8c
2211,rpi-8c,rpi-4a,rpi-8c
2212,rpi-8c,rpi-8c,rpi-8c
2213,rpi-8c,rpi-8c,rpi-8d
2214,rpi-8c,rpi-8c,rpi-8c
2215,rpi-8c,rpi-8d,rpi-8d
2216,rpi-8c,rpi-8c,rpi-8c
2217,rpi-8c,rpi-8c,rpi-8c
2218,rpi-8c,rpi-8c,rpi-8c
2219,rpi-8c,rpi-8c,rpi-8d
2220,rpi-8c,rpi-8c,rpi-8c
2221,rpi-8c,rpi-8c,rpi-8d
2222,rpi-8c,rpi-8c,rpi-8d
2223,rpi-8c,rpi-8c,rpi-8c
2224,rpi-8c,rpi-8c,rpi-8c
2225,rpi-8c,rpi-8d,rpi-8c
2226,rpi-8c,rpi-8c,rpi-8c
2227,rpi-8c,rpi-8c,rpi-8c
2228,rpi-8c,rpi-8c,rpi-8c
2229,rpi-8c,rpi-8c,rpi-8d
2230,rpi-8c,rpi-8c,rpi-8c
2231,rpi-8c,rpi-4a,rpi-8c
2232,rpi-8c,rpi-8c,rpi-8d
2233,rpi-8c,rpi-4a,rpi-8c
2234,rpi-8c,rpi-8d,rpi-8c
2235,rpi-8c,rpi-8b,rpi-8c
2236,rpi-8c,rpi-8c,rpi-8c
2237,rpi-8c,rpi-8c,rpi-8d
2238,rpi-8c,rpi-8c,rpi-8c
2239,rpi-8c,rpi-8c,rpi-8c
2240,rpi-8c,rpi-8c,rpi-8c
2241,rpi-8c,rpi-8c,rpi-8c
2242,rpi-8c,rpi-8c,rpi-8c
2243,rpi-8c,rpi-8c,rpi-8c
2244,rpi-8c,rpi-8c,rpi-8d
2245,rpi-8c,rpi-8c,rpi-8c
2246,rpi-8c,rpi-8c,rpi-8c
2247,rpi-8c,rpi-8c,rpi-8c
2248,rpi-8c,rpi-8c,rpi-8c
2249,rpi-8c,rpi-8d,rpi-4a
2250,rpi-8c,rpi-8c,rpi-8c
2251,rpi-8c,rpi-8c,rpi-8c
2252,rpi-8c,rpi-8c,rpi-8c
2253,rpi-8c,rpi-8c,rpi-8c
2254,rpi-8c,rpi-4a,rpi-8c
2255,rpi-8c,rpi-8c,rpi-8c
2256,rpi-8c,rpi-8c,rpi-8c
2257,rpi-8c,rpi-8c,rpi-8c
2258,rpi-8c,rpi-8c,rpi-8c
2259,rpi-8c,rpi-8c,rpi-8c
2260,rpi-8c,rpi-8c,rpi-8c
2261,rpi-8c,rpi-8c,rpi-8d
2262,rpi-8c,rpi-8d,rpi-8d
2263,rpi-8c,rpi-8c,rpi-8c
2264,rpi-8c,rpi-8c,rpi-8d
2265,rpi-8c,rpi-8c,rpi-8d
2266,rpi-8c,rpi-8c,rpi-8c
2267,rpi-8c,rpi-8c,rpi-8d
2268,rpi-8c,rpi-8c,rpi-8c
2269,rpi-8c,rpi-8c,rpi-8c
2270,rpi-8c,rpi-8d,rpi-8d
2271,rpi-8c,rpi-8c,rpi-8d
2272,rpi-8c,rpi-8c,rpi-4a
2273,rpi-8c,rpi-4a,rpi-8c
2274,rpi-8c,rpi-8c,rpi-8c
2275,rpi-8c,rpi-8c,rpi-8c
2276,rpi-8c,rpi-4a,rpi-8c
2277,rpi-8c,rpi-8d,rpi-8c
2278,rpi-8c,rpi-8c,rpi-8c
2279,rpi-8c,rpi-8c,rpi-4a
2280,rpi-8c,rpi-8c,rpi-8c
2281,rpi-8c,rpi-8c,rpi-4a
2282,rpi-8c,rpi-8c,rpi-8c
2283,rpi-8c,rpi-8c,rpi-8c
2284,rpi-8c,rpi-8c,rpi-8c
2285,rpi-8c,rpi-8d,rpi-8c
2286,rpi-8c,rpi-4a,rpi-8c
2287,rpi-8c,rpi-8c,rpi-8c
2288,rpi-8c,rpi-4a,rpi-8b
2289,rpi-8c,rpi-4a,rpi-8c
2290,rpi-8c,rpi-8c,rpi-8c
2291,rpi-8c,rpi-8c,rpi-8c
2292,rpi-8c,rpi-8c,rpi-8c
2293,rpi-8c,rpi-8c,rpi-8c
2294,rpi-8c,rpi-8d,rpi-8c
2295,rpi-8c,rpi-8c,rpi-8c
2296,rpi-8c,rpi-8c,rpi-8c
2297,rpi-8c,rpi-4a,rpi-8c
2298,rpi-8c,rpi-8c,rpi-8c
2299,rpi-8c,rpi-4a,rpi-8c
2300,rpi-8c,rpi-8d,rpi-8c
2301,rpi-8c,rpi-8c,rpi-8d
2302,rpi-8c,rpi-8c,rpi-8c
2303,rpi-8c,rpi-8c,rpi-8c
2304,rpi-8c,rpi-8c,rpi-8c
2305,rpi-8c,rpi-8c,rpi-8c
2306,rpi-8c,rpi-8c,rpi-8b
2307,rpi-8c,rpi-8c,rpi-8c
2308,rpi-8c,rpi-8c,rpi-8c
2309,rpi-8c,rpi-8c,rpi-8d
2310,rpi-8c,rpi-8c,rpi-8c
2311,rpi-8c,rpi-8c,rpi-8c
2312,rpi-8c,rpi-8d,rpi-8a
2313,rpi-8c,rpi-8c,rpi-4a
2314,rpi-8c,rpi-8c,rpi-8c
2315,rpi-8c,rpi-8d,rpi-8c
2316,rpi-8c,rpi-8c,rpi-8c
2317,rpi-8c,rpi-8c,rpi-8c
2318,rpi-8c,rpi-8c,rpi-8d
2319,rpi-8c,rpi-8c,rpi-8c
2320,rpi-8c,rpi-8c,rpi-8b
2321,rpi-8c,rpi-4a,rpi-8c
2322,rpi-8c,rpi-8d,rpi-8d
2323,rpi-8c,rpi-8d,rpi-8c
2324,rpi-8c,rpi-8d,rpi-4a
2325,rpi-8c,rpi-8c,rpi-8c
2326,rpi-8c,rpi-8c,rpi-8d
2327,rpi-8c,rpi-8c,rpi-8d
2328,rpi-8c,rpi-8c,rpi-8c
2329,rpi-8c,rpi-8c,rpi-8c
2330,rpi-8c,rpi-8c,rpi-8d
2331,rpi-8c,rpi-8b,rpi-8d
2332,rpi-8c,rpi-8c,rpi-8c
2333,rpi-8c,rpi-8c,rpi-8c
2334,rpi-8c,rpi-8c,rpi-8c
2335,rpi-8c,rpi-8c,rpi-8c
2336,rpi-8c,rpi-8c,rpi-8d
2337,rpi-8c,rpi-8c,rpi-8c
2338,rpi-8c,rpi-4a,rpi-8d
2339,rpi-8c,rpi-8d,rpi-8b
2340,rpi-8c,rpi-8c,rpi-8c
2341,rpi-8c,rpi-8c,rpi-8d
2342,rpi-8c,rpi-8c,rpi-8c
2343,rpi-8c,rpi-8c,rpi-8c
2344,rpi-8c,rpi-8c,rpi-8c
2345,rpi-8c,rpi-8d,rpi-8c
2346,rpi-8c,rpi-8c,rpi-8c
2347,rpi-8c,rpi-8c,rpi-8c
2348,rpi-8c,rpi-8c,rpi-8c
2349,rpi-8c,rpi-8d,rpi-8c
2350,rpi-8c,rpi-8b,rpi-8d
2351,rpi-8c,rpi-8c,rpi-4a
2352,rpi-8c,rpi-8c,rpi-8c
2353,rpi-8c,rpi-8c,rpi-8c
2354,rpi-8c,rpi-8c,rpi-8d
2355,rpi-8c,rpi-8d,rpi-8c
2356,rpi-8c,rpi-8c,rpi-8d
2357,rpi-8c,rpi-8c,rpi-8c
2358,rpi-8c,rpi-8c,rpi-4a
2359,rpi-8c,rpi-8c,rpi-8c
2360,rpi-8c,rpi-8d,rpi-8c
2361,rpi-8c,rpi-8d,rpi-8c
2362,rpi-8c,rpi-8c,rpi-8c
2363,rpi-8c,rpi-8c,rpi-8c
2364,rpi-8c,rpi-8c,rpi-8c
2365,rpi-8c,rpi-4a,rpi-8c
2366,rpi-8c,rpi-4a,rpi-8c
2367,rpi-8c,rpi-8c,rpi-8c
2368,rpi-8c,rpi-8c,rpi-8d
2369,rpi-8c,rpi-8c,rpi-8d
2370,rpi-8c,rpi-8d,rpi-8c
2371,rpi-8c,rpi-8c,rpi-8c
2372,rpi-8c,rpi-8c,rpi-8c
2373,rpi-8c,rpi-8d,rpi-8c
2374,rpi-8c,rpi-8c,rpi-8c
2375,rpi-8c,rpi-8c,rpi-8d
2376,rpi-8c,rpi-8c,rpi-8d
2377,rpi-8c,rpi-8c,rpi-8c
2378,rpi-8c,rpi-8c,rpi-8c
2379,rpi-8c,rpi-8c,rpi-8c
2380,rpi-8c,rpi-8c,rpi-8d
2381,rpi-8c,rpi-8c,rpi-8d
2382,rpi-8c,rpi-8c,rpi-8c
2383,rpi-8c,rpi-8c,rpi-8c
2384,rpi-8c,rpi-8d,rpi-8d
2385,rpi-8c,rpi-4a,rpi-8c
2386,rpi-8c,rpi-8d,rpi-4a
2387,rpi-8c,rpi-8c,rpi-8d
2388,rpi-8c,rpi-8d,rpi-4a
2389,rpi-8c,rpi-4a,rpi-8c
2390,rpi-8c,rpi-8c,rpi-8c
2391,rpi-8c,rpi-8d,rpi-8d
2392,rpi-8c,rpi-8c,rpi-8d
2393,rpi-8c,rpi-8c,rpi-8c
2394,rpi-8c,rpi-8c,rpi-8c
2395,rpi-8c,rpi-8d,rpi-8c
2396,rpi-8c,rpi-8c,rpi-8c
2397,rpi-8c,rpi-8c,rpi-8c
2398,rpi-8c,rpi-8d,rpi-8d
2399,rpi-8c,rpi-8d,rpi-8c
2400,rpi-8c,rpi-8c,rpi-8c
2401,rpi-8c,rpi-8c,rpi-8c
2402,rpi-8b,rpi-8b,rpi-8b
2403,rpi-8b,rpi-8b,rpi-8b
2404,rpi-8b,rpi-8b,rpi-8b
2405,rpi-8b,rpi-8b,rpi-8b
2406,rpi-8b,rpi-8c,rpi-8a
2407,rpi-8b,rpi-8b,rpi-8b
2408,rpi-8b,rpi-8b,rpi-8b
2409,rpi-8b,rpi-8b,rpi-8b
2410,rpi-8b,rpi-8b,rpi-8b
2411,rpi-8b,rpi-8b,rpi-8b
2412,rpi-8b,rpi-8a,rpi-8b
2413,rpi-8b,rpi-8b,rpi-8a
2414,rpi-8b,rpi-8b,rpi-8b
2415,rpi-8b,rpi-8a,rpi-8b
2416,rpi-8b,rpi-8b,rpi-8a
2417,rpi-8b,rpi-8a,rpi-8b
2418,rpi-8b,rpi-8b,rpi-8b
2419,rpi-8b,rpi-8b,rpi-8a
2420,rpi-8b,rpi-8b,rpi-8b
2421,rpi-8b,rpi-8b,rpi-8a
2422,rpi-8b,rpi-8b,rpi-8b
2423,rpi-8b,rpi-8a,rpi-8b
2424,rpi-8b,rpi-8b,rpi-8b
2425,rpi-8b,rpi-8b,rpi-8b
2426,rpi-8b,rpi-8b,rpi-8b
2427,rpi-8b,rpi-8b,rpi-8b
2428,rpi-8b,rpi-8b,rpi-8b
2429,rpi-8b,rpi-8b,rpi-8b
2430,rpi-8b,rpi-8b,rpi-8b
2431,rpi-8b,rpi-8b,rpi-8b
2432,rpi-8b,rpi-8a,rpi-8b
2433,rpi-8b,rpi-8a,rpi-8b
2434,rpi-8b,rpi-8a,rpi-8b
2435,rpi-8b,rpi-8b,rpi-8b
2436,rpi-8b,rpi-8b,rpi-8b
2437,rpi-8b,rpi-8b,rpi-8b
2438,rpi-8b,rpi-8b,rpi-8a
2439,rpi-8b,rpi-8b,rpi-8a
2440,rpi-8b,rpi-8b,rpi-8b
2441,rpi-8b,rpi-8b,rpi-8b
2442,rpi-8b,rpi-8b,rpi-8b
2443,rpi-8b,rpi-8b,rpi-8b
2444,rpi-8b,rpi-8b,rpi-8b
2445,rpi-8b,rpi-8b,rpi-8b
2446,rpi-8b,rpi-8b,rpi-8b
2447,rpi-8b,rpi-8b,rpi-8a
2448,rpi-8b,rpi-8b,rpi-8b
2449,rpi-8b,rpi-8a,rpi-8b
2450,rpi-8b,rpi-8a,rpi-8b
2451,rpi-8b,rpi-8b,rpi-8b
2452,rpi-8b,rpi-8a,rpi-8b
2453,rpi-8b,rpi-8b,rpi-8b
2454,rpi-8b,rpi-8b,rpi-8a
2455,rpi-8b,rpi-8b,rpi-8b
2456,rpi-8b,rpi-8a,rpi-8b
2457,rpi-8b,rpi-8a,rpi-8b
2458,rpi-8b,rpi-8b,rpi-8b
2459,rpi-8b,rpi-8b,rpi-8b
2460,rpi-8b,rpi-8b,rpi-8b
2461,rpi-8b,rpi-8a,rpi-8b
2462,rpi-8b,rpi-8b,rpi-8a
2463,rpi-8b,rpi-8b,rpi-8b
2464,rpi-8b,rpi-8b,rpi-8b
2465,rpi-8b,rpi-8b,rpi-8b
2466,rpi-8b,rpi-8b,rpi-8b
2467,rpi-8b,rpi-8a,rpi-8b
2468,rpi-8b,rpi-8b,rpi-8a
2469,rpi-8b,rpi-8b,rpi-8a
2470,rpi-8b,rpi-8a,rpi-8b
2471,rpi-8b,rpi-8b,rpi-8b
2472,rpi-8b,rpi-8b,rpi-8b
2473,rpi-8b,rpi-8b,rpi-8b
2474,rpi-8b,rpi-8b,rpi-8b
2475,rpi-8b,rpi-8b,rpi-8b
2476,rpi-8b,rpi-8b,rpi-8b
2477,rpi-8b,rpi-8b,rpi-8b
2478,rpi-8b,rpi-8a,rpi-8a
2479,rpi-8b,rpi-8b,rpi-8b
2480,rpi-8b,rpi-8a,rpi-8b
2481,rpi-8b,rpi-8b,rpi-8b
2482,rpi-8b,rpi-8b,rpi-8b
2483,rpi-8b,rpi-8b,rpi-8b
2484,rpi-8b,rpi-8b,rpi-8b
2485,rpi-8b,rpi-8b,rpi-8b
2486,rpi-8b,rpi-8b,rpi-8b
2487,rpi-8b,rpi-8b,rpi-8b
2488,rpi-8b,rpi-8b,rpi-8a
2489,rpi-8b,rpi-8b,rpi-8b
2490,rpi-8b,rpi-8b,rpi-8b
2491,rpi-8b,rpi-8a,rpi-8a
2492,rpi-8b,rpi-8b,rpi-8b
2493,rpi-8b,rpi-8b,rpi-8b
2494,rpi-8b,rpi-8a,rpi-8b
2495,rpi-8b,rpi-8b,rpi-8b
2496,rpi-8b,rpi-8b,rpi-8a
2497,rpi-8b,rpi-8b,rpi-8a
2498,rpi-8b,rpi-8b,rpi-8a
2499,rpi-8b,rpi-8a,rpi-8b
2500,rpi-8b,rpi-8b,rpi-8b
2501,rpi-8b,rpi-8b,rpi-8b
2502,rpi-8b,rpi-8b,rpi-8b
2503,rpi-8b,rpi-8b,rpi-8b
2504,rpi-8b,rpi-8b,rpi-8b
2505,rpi-8b,rpi-8b,rpi-8a
2506,rpi-8b,rpi-8b,rpi-8b
2507,rpi-8b,rpi-8b,rpi-4a
2508,rpi-8b,rpi-8b,rpi-8b
2509,rpi-8b,rpi-8b,rpi-8a
2510,rpi-8b,rpi-8a,rpi-8b
2511,rpi-8b,rpi-8b,rpi-8b
2512,rpi-8b,rpi-8b,rpi-8b
2513,rpi-8b,rpi-8b,rpi-8b
2514,rpi-8b,rpi-8a,rpi-8b
2515,rpi-8b,rpi-8b,rpi-8a
2516,rpi-8b,rpi-8b,rpi-8a
2517,rpi-8b,rpi-8b,rpi-8b
2518,rpi-8b,rpi-8a,rpi-8a
2519,rpi-8b,rpi-8b,rpi-8b
2520,rpi-8b,rpi-8a,rpi-8b
2521,rpi-8b,rpi-8b,rpi-8b
2522,rpi-8b,rpi-8b,rpi-8b
2523,rpi-8b,rpi-8b,rpi-8b
2524,rpi-8b,rpi-8a,rpi-8b
2525,rpi-8b,rpi-8a,rpi-8b
2526,rpi-8b,rpi-8a,rpi-8b
2527,rpi-8b,rpi-8b,rpi-8b
2528,rpi-8b,rpi-8a,rpi-8b
2529,rpi-8b,rpi-8b,rpi-8b
2530,rpi-8b,rpi-8b,rpi-8b
2531,rpi-8b,rpi-8b,rpi-8b
2532,rpi-8b,rpi-8b,rpi-8b
2533,rpi-8b,rpi-8b,rpi-8b
2534,rpi-8b,rpi-8b,rpi-8b
2535,rpi-8b,rpi-8b,rpi-8b
2536,rpi-8b,rpi-8a,rpi-8b
2537,rpi-8b,rpi-8b,rpi-8b
2538,rpi-8b,rpi-8b,rpi-8b
2539,rpi-8b,rpi-8b,rpi-8b
2540,rpi-8b,rpi-8b,rpi-8b
2541,rpi-8b,rpi-8b,rpi-8b
2542,rpi-8b,rpi-8b,rpi-8b
2543,rpi-8b,rpi-8a,rpi-8b
2544,rpi-8b,rpi-8b,rpi-8b
2545,rpi-8b,rpi-8b,rpi-8b
2546,rpi-8b,rpi-8b,rpi-8b
2547,rpi-8b,rpi-8b,rpi-8b
2548,rpi-8b,rpi-8b,rpi-8a
2549,rpi-8b,rpi-8b,rpi-8a
2550,rpi-8b,rpi-8b,rpi-8b
2551,rpi-8b,rpi-8b,rpi-8b
2552,rpi-8b,rpi-8b,rpi-8b
2553,rpi-8b,rpi-8b,rpi-8b
2554,rpi-8b,rpi-8b,rpi-8b
2555,rpi-8b,rpi-8b,rpi-8a
2556,rpi-8b,rpi-8b,rpi-8b
2557,rpi-8b,rpi-8b,rpi-8b
2558,rpi-8b,rpi-8b,rpi-8a
2559,rpi-8b,rpi-8b,rpi-8b
2560,rpi-8b,rpi-8b,rpi-8b
2561,rpi-8b,rpi-8b,rpi-8b
2562,rpi-8b,rpi-8b,rpi-8b
2563,rpi-8b,rpi-8b,rpi-8a
2564,rpi-8b,rpi-8b,rpi-8b
2565,rpi-8b,rpi-8b,rpi-8b
2566,rpi-8b,rpi-8b,rpi-8b
2567,rpi-8b,rpi-8a,rpi-8b
2568,rpi-8b,rpi-8a,rpi-8b
2569,rpi-8b,rpi-8b,rpi-8b
2570,rpi-8b,rpi-8c,rpi-8a
2571,rpi-8b,rpi-8b,rpi-8a
2572,rpi-8b,rpi-8b,rpi-8b
2573,rpi-8b,rpi-8b,rpi-8b
2574,rpi-8b,rpi-8b,rpi-8b
2575,rpi-8b,rpi-8b,rpi-8b
2576,rpi-8b,rpi-8b,rpi-8b
2577,rpi-8b,rpi-8b,rpi-8b
2578,rpi-8b,rpi-8a,rpi-8b
2579,rpi-8b,rpi-8b,rpi-8b
2580,rpi-8b,rpi-8b,rpi-8a
2581,rpi-8b,rpi-8b,rpi-8b
2582,rpi-8b,rpi-8b,rpi-8b
2583,rpi-8b,rpi-8b,rpi-8a
2584,rpi-8b,rpi-8b,rpi-8b
2585,rpi-8b,rpi-8b,rpi-8b
2586,rpi-8b,rpi-8b,rpi-8b
2587,rpi-8b,rpi-8b,rpi-8a
2588,rpi-8b,rpi-8c,rpi-8b
2589,rpi-8b,rpi-8a,rpi-8b
2590,rpi-8b,rpi-8b,rpi-8b
2591,rpi-8b,rpi-8b,rpi-8b
2592,rpi-8b,rpi-8b,rpi-8a
2593,rpi-8b,rpi-8b,rpi-8b
2594,rpi-8b,rpi-8b,rpi-8b
2595,rpi-8b,rpi-8a,rpi-8b
2596,rpi-8b,rpi-8b,rpi-8b
2597,rpi-8b,rpi-8b,rpi-8b
2598,rpi-8b,rpi-8a,rpi-8b
2599,rpi-8b,rpi-8b,rpi-8a
2600,rpi-8b,rpi-8b,rpi-8b
2601,rpi-8b,rpi-8a,rpi-8b
2602,rpi-8b,rpi-8b,rpi-8b
2603,rpi-8b,rpi-8b,rpi-8b
2604,rpi-8b,rpi-8b,rpi-8b
2605,rpi-8b,rpi-8b,rpi-8b
2606,rpi-8b,rpi-8b,rpi-8b
2607,rpi-8b,rpi-8b,rpi-8b
2608,rpi-8b,rpi-8b,rpi-8b
2609,rpi-8b,rpi-8b,rpi-8b
2610,rpi-8b,rpi-8b,rpi-8a
2611,rpi-8b,rpi-8b,rpi-8b
2612,rpi-8b,rpi-8b,rpi-8b
2613,rpi-8b,rpi-8b,rpi-8b
2614,rpi-8b,rpi-8a,rpi-8b
2615,rpi-8b,rpi-8b,rpi-8b
2616,rpi-8b,rpi-8a,rpi-8b
2617,rpi-8b,rpi-8b,rpi-8b
2618,rpi-8b,rpi-8a,rpi-8b
2619,rpi-8b,rpi-8b,rpi-8b
2620,rpi-8b,rpi-8b,rpi-8b
2621,rpi-8b,rpi-8b,rpi-8b
2622,rpi-8b,rpi-8b,rpi-8b
2623,rpi-8b,rpi-8b,rpi-8a
2624,rpi-8b,rpi-8b,rpi-8a
2625,rpi-8b,rpi-8a,rpi-8b
2626,rpi-8b,rpi-8b,rpi-8b
2627,rpi-8b,rpi-8b,rpi-8b
2628,rpi-8b,rpi-8b,rpi-8b
2629,rpi-8b,rpi-8b,rpi-8a
2630,rpi-8b,rpi-8a,rpi-8b
2631,rpi-8b,rpi-8b,rpi-8b
2632,rpi-8b,rpi-8b,rpi-8b
2633,rpi-8b,rpi-8b,rpi-8b
2634,rpi-8b,rpi-8a,rpi-8b
2635,rpi-8b,rpi-8b,rpi-8b
2636,rpi-8b,rpi-8b,rpi-8a
2637,rpi-8b,rpi-8a,rpi-8a
2638,rpi-8b,rpi-8a,rpi-8b
2639,rpi-8b,rpi-8a,rpi-8b
2640,rpi-8b,rpi-8b,rpi-8b
2641,rpi-8b,rpi-8a,rpi-8b
2642,rpi-8b,rpi-8b,rpi-8a
2643,rpi-8b,rpi-8b,rpi-8b
2644,rpi-8b,rpi-8a,rpi-8b
2645,rpi-8b,rpi-8b,rpi-8a
2646,rpi-8b,rpi-8b,rpi-8b
2647,rpi-8b,rpi-8b,rpi-8b
2648,rpi-8b,rpi-8a,rpi-8b
2649,rpi-8b,rpi-8b,rpi-8b
2650,rpi-8b,rpi-8b,rpi-8b
2651,rpi-8b,rpi-8a,rpi-8b
2652,rpi-8b,rpi-8b,rpi-8b
2653,rpi-8b,rpi-8b,rpi-8b
2654,rpi-8b,rpi-8b,rpi-8b
2655,rpi-8b,rpi-8b,rpi-8b
2656,rpi-8b,rpi-8b,rpi-8b
2657,rpi-8b,rpi-8b,rpi-8b
2658,rpi-8b,rpi-8a,rpi-8b
2659,rpi-8b,rpi-8b,rpi-8b
2660,rpi-8b,rpi-8b,rpi-8a
2661,rpi-8b,rpi-8b,rpi-8b
2662,rpi-8b,rpi-8b,rpi-8b
2663,rpi-8b,rpi-8b,rpi-8b
2664,rpi-8b,rpi-8b,rpi-8b
2665,rpi-8b,rpi-8b,rpi-8b
2666,rpi-8b,rpi-8b,rpi-8b
2667,rpi-8b,rpi-8b,rpi-8b
2668,rpi-8b,rpi-8b,rpi-8b
2669,rpi-8b,rpi-8b,rpi-8b
2670,rpi-8b,rpi-8a,rpi-8a
2671,rpi-8b,rpi-8b,rpi-8b
2672,rpi-8b,rpi-8b,rpi-8a
2673,rpi-8b,rpi-8b,rpi-8b
2674,rpi-8b,rpi-8b,rpi-8b
2675,rpi-8b,rpi-8b,rpi-8b
2676,rpi-8b,rpi-8a,rpi-8b
2677,rpi-8b,rpi-8b,rpi-8b
2678,rpi-8b,rpi-8b,rpi-8a
2679,rpi-8b,rpi-8b,rpi-8b
2680,rpi-8b,rpi-8b,rpi-8a
2681,rpi-8b,rpi-8b,rpi-8b
2682,rpi-8b,rpi-8b,rpi-8a
2683,rpi-8b,rpi-8b,rpi-8b
2684,rpi-8b,rpi-8b,rpi-8b
2685,rpi-8b,rpi-8b,rpi-8b
2686,rpi-8b,rpi-8b,rpi-8b
2687,rpi-8b,rpi-8b,rpi-8a
2688,rpi-8b,rpi-8b,rpi-8b
2689,rpi-8b,rpi-8b,rpi-8a
2690,rpi-8b,rpi-8b,rpi-8a
2691,rpi-8b,rpi-8b,rpi-8a
2692,rpi-8b,rpi-8b,rpi-8b
2693,rpi-8b,rpi-8b,rpi-8a
2694,rpi-8b,rpi-8a,rpi-8b
2695,rpi-8b,rpi-8a,rpi-8b
2696,rpi-8b,rpi-8b,rpi-8b
2697,rpi-8b,rpi-8b,rpi-8b
2698,rpi-8b,rpi-8b,rpi-8a
2699,rpi-8b,rpi-8b,rpi-8b
2700,rpi-8b,rpi-8b,rpi-8b
2701,rpi-8b,rpi-8b,rpi-8b
2702,rpi-8b,rpi-8b,rpi-8a
2703,rpi-8b,rpi-8b,rpi-8a
2704,rpi-8b,rpi-8b,rpi-8b
2705,rpi-8b,rpi-8b,rpi-8a
2706,rpi-8b,rpi-8b,rpi-8b
2707,rpi-8b,rpi-8a,rpi-8b
2708,rpi-8b,rpi-8b,rpi-8a
2709,rpi-8b,rpi-8b,rpi-8b
2710,rpi-8b,rpi-8b,rpi-8b
2711,rpi-8b,rpi-8b,rpi-8b
2712,rpi-8b,rpi-8a,rpi-8b
2713,rpi-8b,rpi-8b,rpi-8b
2714,rpi-8b,rpi-8b,rpi-8b
2715,rpi-8b,rpi-8b,rpi-8b
2716,rpi-8b,rpi-8b,rpi-8b
2717,rpi-8b,rpi-8b,rpi-8b
2718,rpi-8b,rpi-8b,rpi-8b
2719,rpi-8b,rpi-8b,rpi-8b
2720,rpi-8b,rpi-8b,rpi-8b
2721,rpi-8b,rpi-8b,rpi-8b
2722,rpi-8b,rpi-8b,rpi-8b
2723,rpi-8b,rpi-8b,rpi-8a
2724,rpi-8b,rpi-8a,rpi-8b
2725,rpi-8b,rpi-8b,rpi-8a
2726,rpi-8b,rpi-8b,rpi-8b
2727,rpi-8b,rpi-8a,rpi-8b
2728,rpi-8b,rpi-8b,rpi-8b
2729,rpi-8b,rpi-8b,rpi-8a
2730,rpi-8b,rpi-8b,rpi-8b
2731,rpi-8b,rpi-8b,rpi-8b
2732,rpi-8b,rpi-8b,rpi-8b
2733,rpi-8b,rpi-8b,rpi-8b
2734,rpi-8b,rpi-8b,rpi-8b
2735,rpi-8b,rpi-8b,rpi-8b
2736,rpi-8b,rpi-8b,rpi-8b
2737,rpi-8b,rpi-8b,rpi-8a
2738,rpi-8b,rpi-8b,rpi-8a
2739,rpi-8b,rpi-8b,rpi-8b
2740,rpi-8b,rpi-8b,rpi-8b
2741,rpi-8b,rpi-8b,rpi-8b
2742,rpi-8b,rpi-8b,rpi-8b
2743,rpi-8b,rpi-8b,rpi-8b
2744,rpi-8b,rpi-8b,rpi-8b
2745,rpi-8b,rpi-8b,rpi-8b
2746,rpi-8b,rpi-8b,rpi-8b
2747,rpi-8b,rpi-8b,rpi-8b
2748,rpi-8b,rpi-8a,rpi-8b
2749,rpi-8b,rpi-8a,rpi-8a
2750,rpi-8b,rpi-8b,rpi-8b
2751,rpi-8b,rpi-8a,rpi-8b
2752,rpi-8b,rpi-8b,rpi-8b
2753,rpi-8b,rpi-8b,rpi-8b
2754,rpi-8b,rpi-8b,rpi-8b
2755,rpi-8b,rpi-8b,rpi-8b
2756,rpi-8b,rpi-8b,rpi-8b
2757,rpi-8b,rpi-8b,rpi-8b
2758,rpi-8b,rpi-8b,rpi-8b
2759,rpi-8b,rpi-8a,rpi-8b
2760,rpi-8b,rpi-8b,rpi-8b
2761,rpi-8b,rpi-8b,rpi-8a
2762,rpi-8b,rpi-8b,rpi-8a
2763,rpi-8b,rpi-8b,rpi-8b
2764,rpi-8b,rpi-8b,rpi-8b
2765,rpi-8b,rpi-8b,rpi-8a
2766,rpi-8b,rpi-8b,rpi-8b
2767,rpi-8b,rpi-8b,rpi-8b
2768,rpi-8b,rpi-8b,rpi-8b
2769,rpi-8b,rpi-8b,rpi-8b
2770,rpi-8b,rpi-8a,rpi-8a
2771,rpi-8b,rpi-8b,rpi-8b
2772,rpi-8b,rpi-8b,rpi-8b
2773,rpi-8b,rpi-8b,rpi-8b
2774,rpi-8b,rpi-8b,rpi-8a
2775,rpi-8b,rpi-8b,rpi-8a
2776,rpi-8b,rpi-8b,rpi-8b
2777,rpi-8b,rpi-8b,rpi-8b
2778,rpi-8b,rpi-8b,rpi-8b
2779,rpi-8b,rpi-8b,rpi-8a
2780,rpi-8b,rpi-8b,rpi-8a
2781,rpi-8b,rpi-8b,rpi-8a
2782,rpi-8b,rpi-8a,rpi-8b
2783,rpi-8b,rpi-8b,rpi-8b
2784,rpi-8b,rpi-8b,rpi-8b
2785,rpi-8b,rpi-8b,rpi-8b
2786,rpi-8b,rpi-8b,rpi-8b
2787,rpi-8b,rpi-8b,rpi-8a
2788,rpi-8b,rpi-8b,rpi-8b
2789,rpi-8b,rpi-8a,rpi-8b
2790,rpi-8b,rpi-8b,rpi-8a
2791,rpi-8b,rpi-8b,rpi-8b
2792,rpi-8b,rpi-8b,rpi-8a
2793,rpi-8b,rpi-8a,rpi-8b
2794,rpi-8b,rpi-8b,rpi-8b
2795,rpi-8b,rpi-8a,rpi-8b
2796,rpi-8b,rpi-8b,rpi-8b
2797,rpi-8b,rpi-8b,rpi-8b
2798,rpi-8b,rpi-8b,rpi-8b
2799,rpi-8b,rpi-8b,rpi-8b
2800,rpi-8b,rpi-8b,rpi-8a
2801,rpi-8b,rpi-8b,rpi-8b
2802,rpi-8b,rpi-8a,rpi-8b
2803,rpi-8b,rpi-8a,rpi-8b
2804,rpi-8b,rpi-8b,rpi-8b
2805,rpi-8b,rpi-8b,rpi-8b
2806,rpi-8b,rpi-8b,rpi-8a
2807,rpi-8b,rpi-8b,rpi-8b
2808,rpi-8b,rpi-8b,rpi-8b
2809,rpi-8b,rpi-8b,rpi-8b
2810,rpi-8b,rpi-8b,rpi-8b
2811,rpi-8b,rpi-8b,rpi-8a
2812,rpi-8b,rpi-8b,rpi-8b
2813,rpi-8b,rpi-8b,rpi-8a
2814,rpi-8b,rpi-8b,rpi-8b
2815,rpi-8b,rpi-8b,rpi-8b
2816,rpi-8b,rpi-8b,rpi-8b
2817,rpi-8b,rpi-8b,rpi-8b
2818,rpi-8b,rpi-8a,rpi-8b
2819,rpi-8b,rpi-8b,rpi-8b
2820,rpi-8b,rpi-8b,rpi-8b
2821,rpi-8b,rpi-8b,rpi-8b
2822,rpi-8b,rpi-8b,rpi-8b
2823,rpi-8b,rpi-8b,rpi-8b
2824,rpi-8b,rpi-8b,rpi-8b
2825,rpi-8b,rpi-8b,rpi-8a
2826,rpi-8b,rpi-8b,rpi-8b
2827,rpi-8b,rpi-8b,rpi-8b
2828,rpi-8b,rpi-8b,rpi-8b
2829,rpi-8b,rpi-8a,rpi-8b
2830,rpi-8b,rpi-8b,rpi-8a
2831,rpi-8b,rpi-8a,rpi-8b
2832,rpi-8b,rpi-8b,rpi-8b
2833,rpi-8b,rpi-8b,rpi-8a
2834,rpi-8b,rpi-8b,rpi-8b
2835,rpi-8b,rpi-8a,rpi-8b
2836,rpi-8b,rpi-8a,rpi-8b
2837,rpi-8b,rpi-8b,rpi-8b
2838,rpi-8b,rpi-8a,rpi-8a
2839,rpi-8b,rpi-8b,rpi-8a
2840,rpi-8b,rpi-8b,rpi-8b
2841,rpi-8b,rpi-8b,rpi-8b
2842,rpi-8b,rpi-8b,rpi-8b
2843,rpi-8b,rpi-8a,rpi-8a
2844,rpi-8b,rpi-8b,rpi-8b
2845,rpi-8b,rpi-8b,rpi-8b
2846,rpi-8b,rpi-8b,rpi-8a
2847,rpi-8b,rpi-8b,rpi-8b
2848,rpi-8b,rpi-8b,rpi-8b
2849,rpi-8b,rpi-8b,rpi-8b
2850,rpi-8b,rpi-8b,rpi-8b
2851,rpi-8b,rpi-8b,rpi-8b
2852,rpi-8b,rpi-8a,rpi-8b
2853,rpi-8b,rpi-8b,rpi-8b
2854,rpi-8b,rpi-8b,rpi-8b
2855,rpi-8b,rpi-8b,rpi-8a
2856,rpi-8b,rpi-8a,rpi-8b
2857,rpi-8b,rpi-8b,rpi-8a
2858,rpi-8b,rpi-8a,rpi-8b
2859,rpi-8b,rpi-8b,rpi-8b
2860,rpi-8b,rpi-8b,rpi-8b
2861,rpi-8b,rpi-8b,rpi-8b
2862,rpi-8b,rpi-8b,rpi-8b
2863,rpi-8b,rpi-8b,rpi-8a
2864,rpi-8b,rpi-8a,rpi-8b
2865,rpi-8b,rpi-8b,rpi-8b
2866,rpi-8b,rpi-8b,rpi-8b
2867,rpi-8b,rpi-8b,rpi-8c
2868,rpi-8b,rpi-8b,rpi-8b
2869,rpi-8b,rpi-8b,rpi-8b
2870,rpi-8b,rpi-8b,rpi-8b
2871,rpi-8b,rpi-8b,rpi-8a
2872,rpi-8b,rpi-8b,rpi-8b
2873,rpi-8b,rpi-8b,rpi-8a
2874,rpi-8b,rpi-8b,rpi-8b
2875,rpi-8b,rpi-8b,rpi-8a
2876,rpi-8b,rpi-8b,rpi-8b
2877,rpi-8b,rpi-8b,rpi-8b
2878,rpi-8b,rpi-8b,rpi-8a
2879,rpi-8b,rpi-8b,rpi-8b
2880,rpi-8b,rpi-8b,rpi-8b
2881,rpi-8b,rpi-8b,rpi-8b
2882,rpi-8b,rpi-8a,rpi-8b
2883,rpi-8b,rpi-8a,rpi-8b
2884,rpi-8b,rpi-8b,rpi-8b
2885,rpi-8b,rpi-8b,rpi-8b
2886,rpi-8b,rpi-8b,rpi-8b
2887,rpi-8b,rpi-8b,rpi-8a
2888,rpi-8b,rpi-8a,rpi-8b
2889,rpi-8b,rpi-8b,rpi-8a
2890,rpi-8b,rpi-8b,rpi-8b
2891,rpi-8b,rpi-8b,rpi-8b
2892,rpi-8b,rpi-8a,rpi-8b
2893,rpi-8b,rpi-8a,rpi-8b
2894,rpi-8b,rpi-8b,rpi-8b
2895,rpi-8b,rpi-8b,rpi-8b
2896,rpi-8b,rpi-8b,rpi-8b
2897,rpi-8b,rpi-8b,rpi-8a
2898,rpi-8b,rpi-8b,rpi-8a
2899,rpi-8b,rpi-8b,rpi-8b
2900,rpi-8b,rpi-8b,rpi-8b
2901,rpi-8b,rpi-8b,rpi-8b
2902,rpi-8b,rpi-8b,rpi-8b
2903,rpi-8b,rpi-8b,rpi-8b
2904,rpi-8b,rpi-8b,rpi-8b
2905,rpi-8b,rpi-8a,rpi-8b
2906,rpi-8b,rpi-8b,rpi-8b
2907,rpi-8b,rpi-8b,rpi-8b
2908,rpi-8b,rpi-8b,rpi-8b
2909,rpi-8b,rpi-8b,rpi-8b
2910,rpi-8b,rpi-8b,rpi-8b
2911,rpi-8b,rpi-8b,rpi-8b
2912,rpi-8b,rpi-8b,rpi-8b
2913,rpi-8b,rpi-8b,rpi-8b
2914,rpi-8b,rpi-8b,rpi-8b
2915,rpi-8b,rpi-8b,rpi-8b
2916,rpi-8b,rpi-8b,rpi-8b
2917,rpi-8b,rpi-8b,rpi-8b
2918,rpi-8b,rpi-8b,rpi-8b
2919,rpi-8b,rpi-8b,rpi-8b
2920,rpi-8b,rpi-8b,rpi-8b
2921,rpi-8b,rpi-8b,rpi-8a
2922,rpi-8b,rpi-8b,rpi-8b
2923,rpi-8b,rpi-8b,rpi-8b
2924,rpi-8b,rpi-8b,rpi-8b
2925,rpi-8b,rpi-8b,rpi-8a
2926,rpi-8b,rpi-8a,rpi-8b
2927,rpi-8b,rpi-8b,rpi-8b
2928,rpi-8b,rpi-8b,rpi-8a
2929,rpi-8b,rpi-8b,rpi-8b
2930,rpi-8b,rpi-8b,rpi-8b
2931,rpi-8b,rpi-8b,rpi-8a
2932,rpi-8b,rpi-8b,rpi-8a
2933,rpi-8b,rpi-8b,rpi-8b
2934,rpi-8b,rpi-8b,rpi-8b
2935,rpi-8b,rpi-8b,rpi-8b
2936,rpi-8b,rpi-8b,rpi-8b
2937,rpi-8b,rpi-8b,rpi-8b
2938,rpi-8b,rpi-8b,rpi-8b
2939,rpi-8b,rpi-8b,rpi-8a
2940,rpi-8b,rpi-8b,rpi-8b
2941,rpi-8b,rpi-8b,rpi-8b
2942,rpi-8b,rpi-8a,rpi-8b
2943,rpi-8b,rpi-8b,rpi-8b
2944,rpi-8b,rpi-8b,rpi-8b
2945,rpi-8b,rpi-8b,rpi-8b
2946,rpi-8b,rpi-8b,rpi-8b
2947,rpi-8b,rpi-8b,rpi-8b
2948,rpi-8b,rpi-8b,rpi-8b
2949,rpi-8b,rpi-8b,rpi-8a
2950,rpi-8b,rpi-8b,rpi-8b
2951,rpi-8b,rpi-8b,rpi-8b
2952,rpi-8b,rpi-8b,rpi-8b
2953,rpi-8b,rpi-8b,rpi-8b
2954,rpi-8b,rpi-8b,rpi-8b
2955,rpi-8b,rpi-8b,rpi-8b
2956,rpi-8b,rpi-8b,rpi-8b
2957,rpi-8b,rpi-8b,rpi-8b
2958,rpi-8b,rpi-8b,rpi-8b
2959,rpi-8b,rpi-8a,rpi-8b
2960,rpi-8b,rpi-8b,rpi-8b
2961,rpi-8b,rpi-8a,rpi-8a
2962,rpi-8b,rpi-8a,rpi-8b
2963,rpi-8b,rpi-8b,rpi-8b
2964,rpi-8b,rpi-8b,rpi-8a
2965,rpi-8b,rpi-8a,rpi-8a
2966,rpi-8b,rpi-8b,rpi-8b
2967,rpi-8b,rpi-8b,rpi-8b
2968,rpi-8b,rpi-8b,rpi-8b
2969,rpi-8b,rpi-8b,rpi-8a
2970,rpi-8b,rpi-8b,rpi-8b
2971,rpi-8b,rpi-8b,rpi-8a
2972,rpi-8b,rpi-8b,rpi-8b
2973,rpi-8b,rpi-8b,rpi-8b
2974,rpi-8b,rpi-8b,rpi-8b
2975,rpi-8b,rpi-8b,rpi-8b
2976,rpi-8b,rpi-8a,rpi-8a
2977,rpi-8b,rpi-8b,rpi-8b
2978,rpi-8b,rpi-8b,rpi-8b
2979,rpi-8b,rpi-8b,rpi-8b
2980,rpi-8b,rpi-8a,rpi-8c
2981,rpi-8b,rpi-8b,rpi-8a
2982,rpi-8b,rpi-8b,rpi-8b
2983,rpi-8b,rpi-8a,rpi-8a
2984,rpi-8b,rpi-8b,rpi-8b
2985,rpi-8b,rpi-8b,rpi-8b
2986,rpi-8b,rpi-8b,rpi-8b
2987,rpi-8b,rpi-8a,rpi-8b
2988,rpi-8b,rpi-8b,rpi-8a
2989,rpi-8b,rpi-8b,rpi-8b
2990,rpi-8b,rpi-8b,rpi-8b
2991,rpi-8b,rpi-8b,rpi-8b
2992,rpi-8b,rpi-8b,rpi-8b
2993,rpi-8b,rpi-8b,rpi-8b
2994,rpi-8b,rpi-8a,rpi-8b
2995,rpi-8b,rpi-8b,rpi-8b
2996,odroid2,odroid2,odroid2
2997,odroid2,odroid2,odroid2
2998,odroid2,odroid2,odroid2
2999,odroid2,odroid2,odroid2
3000,odroid2,odroid2,odroid2
3001,odroid2,odroid2,odroid2
3002,odroid2,odroid2,odroid2
3003,odroid2,odroid2,odroid2
3004,odroid2,odroid2,odroid2
3005,odroid2,odroid2,odroid2
3006,odroid2,odroid2,odroid2
3007,odroid2,odroid2,odroid2
3008,odroid2,odroid2,odroid2
3009,odroid2,odroid2,odroid2
3010,odroid2,odroid2,odroid2
3011,odroid2,odroid2,odroid2
3012,odroid2,odroid2,odroid2
3013,odroid2,odroid2,odroid2
3014,odroid2,odroid2,odroid2
3015,odroid2,odroid2,odroid2
3016,odroid2,odroid2,odroid2
3017,odroid2,odroid2,odroid2
3018,odroid2,odroid2,odroid2
3019,odroid2,odroid2,odroid2
3020,odroid2,odroid2,odroid2
3021,odroid2,odroid2,odroid2
3022,odroid2,odroid2,odroid2
3023,odroid2,odroid2,odroid2
3024,odroid2,odroid2,odroid2
3025,odroid2,odroid2,odroid2
3026,odroid2,odroid2,odroid2
3027,odroid2,odroid2,odroid2
3028,odroid2,odroid2,odroid2
3029,odroid2,odroid2,odroid2
3030,odroid2,odroid2,odroid2
3031,odroid2,odroid2,odroid2
3032,odroid2,odroid2,odroid2
3033,odroid2,odroid2,odroid2
3034,odroid2,odroid2,odroid2
3035,odroid2,odroid2,odroid2
3036,odroid2,odroid2,odroid2
3037,odroid2,odroid2,odroid2
3038,odroid2,odroid2,odroid2
3039,odroid2,odroid2,odroid2
3040,odroid2,odroid2,odroid2
3041,odroid2,odroid2,odroid2
3042,odroid2,odroid2,odroid2
3043,odroid2,odroid2,odroid2
3044,odroid2,odroid2,odroid2
3045,odroid2,odroid2,odroid2
3046,odroid2,odroid2,odroid2
3047,odroid2,odroid2,odroid2
3048,odroid2,odroid2,odroid2
3049,odroid2,odroid2,odroid2
3050,odroid2,odroid2,odroid2
3051,odroid2,odroid2,odroid2
3052,odroid2,odroid2,odroid2
3053,odroid2,odroid2,odroid2
3054,odroid2,odroid2,odroid2
3055,odroid2,odroid2,odroid2
3056,odroid2,odroid2,odroid2
3057,odroid2,odroid2,odroid2
3058,odroid2,odroid2,odroid2
3059,odroid2,odroid2,odroid2
3060,odroid2,odroid2,odroid2
3061,odroid2,odroid2,odroid2
3062,odroid2,odroid2,odroid2
3063,odroid2,odroid2,odroid2
3064,odroid2,odroid2,odroid2
3065,odroid2,odroid2,odroid2
3066,odroid2,odroid2,odroid2
3067,odroid2,odroid2,odroid2
3068,odroid2,odroid2,odroid2
3069,odroid2,odroid2,odroid2
3070,odroid2,odroid2,odroid2
3071,odroid2,odroid2,odroid2
3072,odroid2,odroid2,odroid2
3073,odroid2,odroid2,odroid2
3074,odroid2,odroid2,odroid2
3075,odroid2,odroid2,odroid2
3076,odroid2,odroid2,odroid2
3077,odroid2,odroid2,odroid2
3078,odroid2,odroid2,odroid2
3079,odroid2,odroid2,odroid2
3080,odroid2,odroid2,odroid2
3081,odroid2,odroid2,odroid2
3082,odroid2,odroid2,odroid2
3083,odroid2,odroid2,odroid2
3084,odroid2,odroid2,odroid2
3085,odroid2,odroid2,odroid2
3086,odroid2,odroid2,odroid2
3087,odroid2,odroid2,odroid2
3088,odroid2,odroid2,odroid2
3089,odroid2,odroid2,odroid2
3090,odroid2,odroid2,odroid2
3091,odroid2,odroid2,odroid2
3092,odroid2,odroid2,odroid2
3093,odroid2,odroid2,odroid2
3094,odroid2,odroid2,odroid2
3095,odroid2,odroid2,odroid2
3096,odroid2,odroid2,odroid2
3097,odroid2,odroid2,odroid2
3098,odroid2,odroid2,odroid2
3099,odroid2,odroid2,odroid2
3100,odroid2,odroid2,odroid2
3101,odroid2,odroid2,odroid2
3102,odroid2,odroid2,odroid2
3103,odroid2,odroid2,odroid2
3104,odroid2,odroid2,odroid2
3105,odroid2,odroid2,odroid2
3106,odroid2,odroid2,odroid2
3107,odroid2,odroid2,odroid2
3108,odroid2,odroid2,odroid2
3109,odroid2,odroid2,odroid2
3110,odroid2,odroid2,odroid2
3111,odroid2,odroid2,odroid2
3112,odroid2,odroid2,odroid2
3113,odroid2,odroid2,odroid2
3114,odroid2,odroid2,odroid2
3115,odroid2,odroid2,odroid2
3116,odroid2,odroid2,odroid2
3117,odroid2,odroid2,odroid2
3118,odroid2,odroid2,odroid2
3119,odroid2,odroid2,odroid2
3120,odroid2,odroid2,odroid2
3121,odroid2,odroid2,odroid2
3122,odroid2,odroid2,odroid2
3123,odroid2,odroid2,odroid2
3124,odroid2,odroid2,odroid2
3125,odroid2,odroid2,odroid2
3126,odroid2,odroid2,odroid2
3127,odroid2,odroid2,odroid2
3128,odroid2,odroid2,odroid2
3129,odroid2,odroid2,odroid2
3130,odroid2,odroid2,odroid2
3131,odroid2,odroid2,odroid2
3132,odroid2,odroid2,odroid2
3133,odroid2,odroid2,odroid2
3134,odroid2,odroid2,odroid2
3135,odroid2,odroid2,odroid2
3136,odroid2,odroid2,odroid2
3137,odroid2,odroid2,odroid2
3138,odroid2,odroid2,odroid2
3139,odroid2,odroid2,odroid2
3140,odroid2,odroid2,odroid2
3141,odroid2,odroid2,odroid2
3142,odroid2,odroid2,odroid2
3143,odroid2,odroid2,odroid2
3144,odroid2,odroid2,odroid2
3145,odroid2,odroid2,odroid2
3146,odroid2,odroid2,odroid2
3147,odroid2,odroid2,odroid2
3148,odroid2,odroid2,odroid2
3149,odroid2,odroid2,odroid2
3150,odroid2,odroid2,odroid2
3151,odroid2,odroid2,odroid2
3152,odroid2,odroid2,odroid2
3153,odroid2,odroid2,odroid2
3154,odroid2,odroid2,odroid2
3155,odroid2,odroid2,odroid2
3156,odroid2,odroid2,odroid2
3157,odroid2,odroid2,odroid2
3158,odroid2,odroid2,odroid2
3159,odroid2,odroid2,odroid2
3160,odroid2,odroid2,odroid2
3161,odroid2,odroid2,odroid2
3162,odroid2,odroid2,odroid2
3163,odroid2,odroid2,odroid2
3164,odroid2,odroid2,odroid2
3165,odroid2,odroid2,odroid2
3166,odroid2,odroid2,odroid2
3167,odroid2,odroid2,odroid2
3168,odroid2,odroid2,odroid2
3169,odroid2,odroid2,odroid2
3170,odroid2,odroid2,odroid2
3171,odroid2,odroid2,odroid2
3172,odroid2,odroid2,odroid2
3173,odroid2,odroid2,odroid2
3174,odroid2,odroid2,odroid2
3175,odroid2,odroid2,odroid2
3176,odroid2,odroid2,odroid2
3177,odroid2,odroid2,odroid2
3178,odroid2,odroid3,odroid2
3179,odroid2,odroid2,odroid2
3180,odroid2,odroid2,odroid2
3181,odroid2,odroid2,odroid2
3182,odroid2,odroid2,odroid2
3183,odroid2,odroid2,odroid2
3184,odroid2,odroid2,odroid2
3185,odroid2,odroid2,odroid2
3186,odroid2,odroid2,odroid2
3187,odroid2,odroid2,odroid2
3188,odroid2,odroid2,odroid2
3189,odroid2,odroid2,odroid2
3190,odroid2,odroid2,odroid2
3191,odroid2,odroid2,odroid2
3192,odroid2,odroid2,odroid2
3193,odroid2,odroid2,odroid2
3194,odroid2,odroid2,odroid2
3195,odroid2,odroid2,odroid2
3196,odroid2,odroid2,odroid2
3197,odroid2,odroid2,odroid2
3198,odroid2,odroid2,odroid2
3199,odroid2,odroid2,odroid2
3200,odroid2,odroid2,odroid2
3201,odroid2,odroid2,odroid2
3202,odroid2,odroid2,odroid2
3203,odroid2,odroid2,odroid2
3204,odroid2,odroid2,odroid2
3205,odroid2,odroid2,odroid2
3206,odroid2,odroid2,odroid2
3207,odroid2,odroid2,odroid2
3208,odroid2,odroid2,odroid2
3209,odroid2,odroid2,odroid2
3210,odroid2,odroid2,odroid2
3211,odroid2,odroid2,odroid2
3212,odroid2,odroid2,odroid2
3213,odroid2,odroid2,odroid2
3214,odroid2,odroid2,odroid2
3215,odroid2,odroid2,odroid2
3216,odroid2,odroid2,odroid2
3217,odroid2,odroid2,odroid2
3218,odroid2,odroid2,odroid2
3219,odroid2,odroid2,odroid2
3220,odroid2,odroid2,odroid2
3221,odroid2,odroid2,odroid2
3222,odroid2,odroid2,odroid2
3223,odroid2,odroid2,odroid2
3224,odroid2,odroid2,odroid2
3225,odroid2,odroid2,odroid2
3226,odroid2,odroid2,odroid2
3227,odroid2,odroid2,odroid2
3228,odroid2,odroid2,odroid2
3229,odroid2,odroid2,odroid2
3230,odroid2,odroid2,odroid2
3231,odroid2,odroid2,odroid2
3232,odroid2,odroid2,odroid2
3233,odroid2,odroid2,odroid2
3234,odroid2,odroid2,odroid2
3235,odroid2,odroid2,odroid2
3236,odroid2,odroid2,odroid2
3237,odroid2,odroid2,odroid2
3238,odroid2,odroid2,odroid2
3239,odroid2,odroid2,odroid2
3240,odroid2,odroid2,odroid2
3241,odroid2,odroid2,odroid2
3242,odroid2,odroid2,odroid2
3243,odroid2,odroid2,odroid2
3244,odroid2,odroid2,odroid2
3245,odroid2,odroid2,odroid2
3246,odroid2,odroid2,odroid2
3247,odroid2,odroid2,odroid2
3248,odroid2,odroid2,odroid2
3249,odroid2,odroid2,odroid2
3250,odroid2,odroid2,odroid2
3251,odroid2,odroid2,odroid2
3252,odroid2,odroid2,odroid2
3253,odroid2,odroid2,odroid2
3254,odroid2,odroid2,odroid2
3255,odroid2,odroid2,odroid2
3256,odroid2,odroid2,odroid2
3257,odroid2,odroid2,odroid2
3258,odroid2,odroid2,odroid2
3259,odroid2,odroid2,odroid2
3260,odroid2,odroid2,odroid2
3261,odroid2,odroid2,odroid2
3262,odroid2,odroid2,odroid2
3263,odroid2,odroid2,odroid2
3264,odroid2,odroid2,odroid2
3265,odroid2,odroid2,odroid2
3266,odroid2,odroid2,odroid2
3267,odroid2,odroid2,odroid2
3268,odroid2,odroid2,odroid2
3269,odroid2,odroid2,odroid2
3270,odroid2,odroid2,odroid2
3271,odroid2,odroid2,odroid2
3272,odroid2,odroid2,odroid2
3273,odroid2,odroid2,odroid2
3274,odroid2,odroid2,odroid2
3275,odroid2,odroid2,odroid2
3276,odroid2,odroid2,odroid2
3277,odroid2,odroid2,odroid2
3278,odroid2,odroid2,odroid2
3279,odroid2,odroid2,odroid2
3280,odroid2,odroid2,odroid2
3281,odroid2,odroid2,odroid2
3282,odroid2,odroid2,odroid2
3283,odroid2,odroid2,odroid2
3284,odroid2,odroid2,odroid2
3285,odroid2,odroid2,odroid2
3286,odroid2,odroid2,odroid2
3287,odroid2,odroid2,odroid2
3288,odroid2,odroid2,odroid2
3289,odroid2,odroid2,odroid2
3290,odroid2,odroid2,odroid2
3291,odroid2,odroid2,odroid2
3292,odroid2,odroid2,odroid2
3293,odroid2,odroid2,odroid2
3294,odroid2,odroid2,odroid2
3295,odroid2,odroid2,odroid2
3296,odroid2,odroid2,odroid2
3297,odroid2,odroid2,odroid2
3298,odroid2,odroid2,odroid2
3299,odroid2,odroid2,odroid2
3300,odroid2,odroid2,odroid2
3301,odroid2,odroid2,odroid2
3302,odroid2,odroid2,odroid2
3303,odroid2,odroid2,odroid2
3304,odroid2,odroid2,odroid2
3305,odroid2,odroid2,odroid2
3306,odroid2,odroid2,odroid2
3307,odroid2,odroid2,odroid2
3308,odroid2,odroid2,odroid2
3309,odroid2,odroid2,odroid2
3310,odroid2,odroid2,odroid2
3311,odroid2,odroid2,odroid2
3312,odroid2,odroid2,odroid2
3313,odroid2,odroid2,odroid2
3314,odroid2,odroid2,odroid2
3315,odroid2,odroid2,odroid2
3316,odroid2,odroid2,odroid2
3317,odroid2,odroid2,odroid2
3318,odroid2,odroid2,odroid2
3319,odroid2,odroid2,odroid2
3320,odroid2,odroid2,odroid2
3321,odroid2,odroid2,odroid2
3322,odroid2,odroid2,odroid2
3323,odroid2,odroid2,odroid2
3324,odroid2,odroid2,odroid2
3325,odroid2,odroid2,odroid2
3326,odroid2,odroid2,odroid2
3327,odroid2,odroid2,odroid2
3328,odroid2,odroid2,odroid2
3329,odroid2,odroid2,odroid2
3330,odroid2,odroid2,odroid2
3331,odroid2,odroid2,odroid2
3332,odroid2,odroid2,odroid2
3333,odroid2,odroid2,odroid2
3334,odroid2,odroid2,odroid2
3335,odroid2,odroid2,odroid2
3336,odroid2,odroid2,odroid2
3337,odroid2,odroid2,odroid2
3338,odroid2,odroid2,odroid2
3339,odroid2,odroid2,odroid2
3340,odroid2,odroid2,odroid2
3341,odroid2,odroid2,odroid2
3342,odroid2,odroid2,odroid2
3343,odroid2,odroid2,odroid2
3344,odroid2,odroid2,odroid2
3345,odroid2,odroid2,odroid2
3346,odroid2,odroid2,odroid2
3347,odroid2,odroid2,odroid2
3348,odroid2,odroid2,odroid2
3349,odroid2,odroid2,odroid2
3350,odroid2,odroid2,odroid2
3351,odroid2,odroid2,odroid2
3352,odroid2,odroid2,odroid2
3353,odroid2,odroid2,odroid2
3354,odroid2,odroid2,odroid2
3355,odroid2,odroid2,odroid2
3356,odroid2,odroid2,odroid2
3357,odroid2,odroid2,odroid2
3358,odroid2,odroid2,odroid2
3359,odroid2,odroid2,odroid2
3360,odroid2,odroid2,odroid2
3361,odroid2,odroid2,odroid2
3362,odroid2,odroid2,odroid2
3363,odroid2,odroid2,odroid2
3364,odroid2,odroid2,odroid2
3365,odroid2,odroid2,odroid2
3366,odroid2,odroid2,odroid2
3367,odroid2,odroid2,odroid2
3368,odroid2,odroid2,odroid2
3369,odroid2,odroid2,odroid2
3370,odroid2,odroid2,odroid2
3371,odroid2,odroid2,odroid2
3372,odroid2,odroid2,odroid2
3373,odroid2,odroid2,odroid2
3374,odroid2,odroid2,odroid2
3375,odroid2,odroid2,odroid2
3376,odroid2,odroid2,odroid2
3377,odroid2,odroid2,odroid2
3378,odroid2,odroid2,odroid2
3379,odroid2,odroid2,odroid2
3380,odroid2,odroid2,odroid2
3381,odroid2,odroid2,odroid2
3382,odroid2,odroid2,odroid2
3383,odroid2,odroid2,odroid2
3384,odroid2,odroid2,odroid2
3385,odroid2,odroid2,odroid2
3386,odroid2,odroid2,odroid2
3387,odroid2,odroid2,odroid2
3388,odroid2,odroid2,odroid2
3389,odroid2,odroid2,odroid2
3390,odroid2,odroid2,odroid2
3391,odroid2,odroid2,odroid2
3392,odroid2,odroid2,odroid2
3393,odroid2,odroid2,odroid2
3394,odroid2,odroid2,odroid2
3395,odroid2,odroid2,odroid2
3396,odroid2,odroid2,odroid2
3397,odroid2,odroid2,odroid2
3398,odroid2,odroid2,odroid2
3399,odroid2,odroid2,odroid2
3400,odroid2,odroid2,odroid2
3401,odroid2,odroid2,odroid2
3402,odroid2,odroid2,odroid2
3403,odroid2,odroid2,odroid2
3404,odroid2,odroid2,odroid2
3405,odroid2,odroid2,odroid2
3406,odroid2,odroid2,odroid2
3407,odroid2,odroid2,odroid2
3408,odroid2,odroid2,odroid2
3409,odroid2,odroid2,odroid2
3410,odroid2,odroid2,odroid3
3411,odroid2,odroid2,odroid2
3412,odroid2,odroid2,odroid2
3413,odroid2,odroid2,odroid2
3414,odroid2,odroid2,odroid2
3415,odroid2,odroid2,odroid2
3416,odroid2,odroid2,odroid2
3417,odroid2,odroid2,odroid2
3418,odroid2,odroid2,odroid2
3419,odroid2,odroid3,odroid2
3420,odroid2,odroid2,odroid2
3421,odroid2,odroid2,odroid2
3422,odroid2,odroid2,odroid2
3423,odroid2,odroid2,odroid2
3424,odroid2,odroid2,odroid2
3425,odroid2,odroid2,odroid2
3426,odroid2,odroid2,odroid2
3427,odroid2,odroid2,odroid2
3428,odroid2,odroid2,odroid2
3429,odroid2,odroid2,odroid2
3430,odroid2,odroid2,odroid2
3431,odroid2,odroid2,odroid2
3432,odroid2,odroid2,odroid2
3433,odroid2,odroid2,odroid2
3434,odroid2,odroid2,odroid2
3435,odroid2,odroid2,odroid2
3436,odroid2,odroid2,odroid2
3437,odroid2,odroid2,odroid2
3438,odroid2,odroid2,odroid2
3439,odroid2,odroid2,odroid2
3440,odroid2,odroid2,odroid2
3441,odroid2,odroid2,odroid2
3442,odroid2,odroid2,odroid2
3443,odroid2,odroid2,odroid2
3444,odroid2,odroid2,odroid2
3445,odroid2,odroid2,odroid2
3446,odroid2,odroid2,odroid2
3447,odroid2,odroid2,odroid2
3448,odroid2,odroid2,odroid2
3449,odroid2,odroid2,odroid2
3450,odroid2,odroid2,odroid2
3451,odroid2,odroid2,odroid2
3452,odroid2,odroid2,odroid2
3453,odroid2,odroid2,odroid2
3454,odroid2,odroid2,odroid2
3455,odroid2,odroid2,odroid2
3456,odroid2,odroid2,odroid2
3457,odroid2,odroid2,odroid2
3458,odroid2,odroid2,odroid4
3459,odroid2,odroid2,odroid2
3460,odroid2,odroid2,odroid2
3461,odroid2,odroid2,odroid2
3462,odroid2,odroid2,odroid2
3463,odroid2,odroid2,odroid2
3464,odroid2,odroid2,odroid2
3465,odroid2,odroid2,odroid2
3466,odroid2,odroid2,odroid2
3467,odroid2,odroid2,odroid2
3468,odroid2,odroid2,odroid2
3469,odroid2,odroid2,odroid2
3470,odroid2,odroid2,odroid2
3471,odroid2,odroid2,odroid2
3472,odroid2,odroid2,odroid2
3473,odroid2,odroid2,odroid2
3474,odroid2,odroid2,odroid2
3475,odroid2,odroid2,odroid2
3476,odroid2,odroid2,odroid2
3477,odroid2,odroid2,odroid2
3478,odroid2,odroid2,odroid2
3479,odroid2,odroid2,odroid2
3480,odroid2,odroid2,odroid2
3481,odroid2,odroid2,odroid2
3482,odroid2,odroid2,odroid2
3483,odroid2,odroid2,odroid2
3484,odroid2,odroid2,odroid2
3485,odroid2,odroid2,odroid2
3486,odroid2,odroid2,odroid2
3487,odroid2,odroid2,odroid2
3488,odroid2,odroid2,odroid2
3489,odroid2,odroid2,odroid2
3490,odroid2,odroid2,odroid2
3491,odroid2,odroid1,odroid2
3492,odroid2,odroid2,odroid2
3493,odroid2,odroid2,odroid2
3494,odroid2,odroid2,odroid2
3495,odroid2,odroid2,odroid2
3496,odroid2,odroid2,odroid2
3497,odroid2,odroid2,odroid2
3498,odroid2,odroid2,odroid2
3499,odroid2,odroid2,odroid2
3500,odroid2,odroid2,odroid2
3501,odroid2,odroid2,odroid2
3502,odroid2,odroid2,odroid3
3503,odroid2,odroid2,odroid2
3504,odroid2,odroid2,odroid2
3505,odroid2,odroid2,odroid2
3506,odroid2,odroid2,odroid2
3507,odroid2,odroid2,odroid2
3508,odroid2,odroid2,odroid2
3509,odroid2,odroid2,odroid2
3510,odroid2,odroid2,odroid2
3511,odroid2,odroid2,odroid2
3512,odroid2,odroid2,odroid2
3513,odroid2,odroid1,odroid2
3514,odroid2,odroid2,odroid2
3515,odroid2,odroid2,odroid2
3516,odroid2,odroid2,odroid2
3517,odroid2,odroid2,odroid2
3518,odroid2,odroid2,odroid2
3519,odroid2,odroid2,odroid2
3520,odroid2,odroid2,odroid2
3521,odroid2,odroid2,odroid2
3522,odroid2,odroid2,odroid2
3523,odroid2,odroid2,odroid2
3524,odroid2,odroid2,odroid2
3525,odroid2,odroid2,odroid2
3526,odroid2,odroid2,odroid2
3527,odroid2,odroid2,odroid2
3528,odroid2,odroid2,odroid2
3529,odroid2,odroid2,odroid2
3530,odroid2,odroid2,odroid2
3531,odroid2,odroid2,odroid2
3532,odroid2,odroid2,odroid2
3533,odroid2,odroid2,odroid2
3534,odroid2,odroid2,odroid2
3535,odroid2,odroid2,odroid2
3536,odroid2,odroid2,odroid2
3537,odroid2,odroid2,odroid2
3538,odroid2,odroid2,odroid2
3539,odroid2,odroid2,odroid2
3540,odroid2,odroid2,odroid2
3541,odroid2,odroid2,odroid2
3542,odroid2,odroid2,odroid2
3543,odroid2,odroid2,odroid2
3544,odroid2,odroid2,odroid2
3545,odroid2,odroid2,odroid2
3546,odroid2,odroid2,odroid2
3547,odroid2,odroid2,odroid2
3548,odroid2,odroid2,odroid2
3549,odroid2,odroid2,odroid2
3550,odroid2,odroid2,odroid2
3551,odroid2,odroid2,odroid2
3552,odroid2,odroid2,odroid2
3553,odroid2,odroid2,odroid2
3554,odroid2,odroid2,odroid2
3555,odroid2,odroid2,odroid2
3556,odroid2,odroid2,odroid2
3557,odroid2,odroid2,odroid2
3558,odroid2,odroid2,odroid2
3559,odroid2,odroid2,odroid2
3560,odroid2,odroid2,odroid2
3561,odroid2,odroid2,odroid2
3562,odroid2,odroid2,odroid2
3563,odroid2,odroid2,odroid2
3564,odroid2,odroid2,odroid2
3565,odroid2,odroid2,odroid2
3566,odroid2,odroid2,odroid2
3567,odroid2,odroid2,odroid2
3568,odroid2,odroid2,odroid2
3569,odroid2,odroid2,odroid2
3570,odroid2,odroid2,odroid2
3571,odroid2,odroid2,odroid2
3572,odroid2,odroid2,odroid2
3573,odroid2,odroid2,odroid1
3574,odroid2,odroid2,odroid2
3575,odroid2,odroid2,odroid2
3576,odroid2,odroid2,odroid2
3577,odroid2,odroid2,odroid2
3578,odroid2,odroid2,odroid2
3579,odroid2,odroid2,odroid2
3580,odroid2,odroid2,odroid2
3581,odroid2,odroid2,odroid2
3582,odroid2,odroid2,odroid2
3583,odroid2,odroid2,odroid2
3584,odroid2,odroid2,odroid2
3585,odroid2,odroid2,odroid2
3586,odroid2,odroid2,odroid2
3587,odroid2,odroid2,odroid2
3588,odroid2,odroid2,odroid2
3589,odroid2,odroid2,odroid2
3590,odroid2,odroid2,odroid2
3591,odroid2,odroid2,odroid2
3592,odroid2,odroid2,odroid2
3593,odroid2,odroid2,odroid2
3594,odroid2,odroid2,odroid2
3595,odroid2,odroid2,odroid2
3596,odroid2,odroid2,odroid2
3597,odroid2,odroid2,odroid2
3598,odroid2,odroid2,odroid2
3599,odroid2,odroid2,odroid2
3600,odroid2,odroid2,odroid2
3601,odroid2,odroid2,odroid2
3602,odroid2,odroid2,odroid2
3603,odroid2,odroid2,odroid2
3604,odroid2,odroid2,odroid2
3605,odroid2,odroid2,odroid2
3606,odroid2,odroid2,odroid2
3607,odroid2,odroid2,odroid2
3608,odroid2,odroid2,odroid2
3609,odroid2,odroid2,odroid2
3610,odroid2,odroid2,odroid2
3611,odroid2,odroid2,odroid2
3612,odroid2,odroid2,odroid2
3613,odroid2,odroid2,odroid2
3614,odroid2,odroid2,odroid2
3615,odroid2,odroid2,odroid2
3616,odroid2,odroid2,odroid2
3617,odroid2,odroid2,odroid2
3618,odroid2,odroid2,odroid2
3619,odroid2,odroid2,odroid2
3620,odroid2,odroid2,odroid2
3621,odroid2,odroid2,odroid2
3622,odroid2,odroid2,odroid2
3623,odroid2,odroid2,odroid2
3624,odroid2,odroid2,odroid2
3625,odroid2,odroid2,odroid2
3626,odroid2,odroid2,odroid2
3627,odroid2,odroid2,odroid2
3628,odroid2,odroid2,odroid2
3629,odroid2,odroid2,odroid2
3630,odroid2,odroid2,odroid2
3631,odroid2,odroid2,odroid2
3632,odroid2,odroid2,odroid2
3633,odroid2,odroid2,odroid2
3634,odroid2,odroid2,odroid2
3635,odroid2,odroid2,odroid2
3636,odroid2,odroid2,odroid2
3637,odroid2,odroid2,odroid1
3638,odroid2,odroid2,odroid2
3639,odroid2,odroid2,odroid2
3640,odroid2,odroid2,odroid2
3641,odroid2,odroid2,odroid2
3642,odroid2,odroid2,odroid2
3643,odroid2,odroid2,odroid2
3644,odroid2,odroid2,odroid2
3645,odroid2,odroid2,odroid2
3646,odroid2,odroid2,odroid2
3647,odroid2,odroid2,odroid2
3648,odroid2,odroid2,odroid2
3649,odroid2,odroid2,odroid2
3650,odroid2,odroid2,odroid2
3651,odroid2,odroid2,odroid2
3652,odroid2,odroid2,odroid2
3653,odroid2,odroid2,odroid2
3654,odroid2,odroid2,odroid2
3655,odroid2,odroid2,odroid2
3656,odroid2,odroid2,odroid2
3657,odroid2,odroid2,odroid2
3658,odroid2,odroid2,odroid2
3659,odroid2,odroid2,odroid2
3660,odroid2,odroid2,odroid2
3661,odroid2,odroid2,odroid2
3662,odroid2,odroid2,odroid2
3663,odroid2,odroid2,odroid2
3664,odroid2,odroid2,odroid2
3665,odroid2,odroid2,odroid2
3666,odroid2,odroid2,odroid2
3667,odroid2,odroid2,odroid2
3668,odroid2,odroid2,odroid2
3669,odroid2,odroid2,odroid2
3670,odroid2,odroid2,odroid2
3671,odroid2,odroid2,odroid2
3672,odroid2,odroid2,odroid2
3673,odroid2,odroid2,odroid2
3674,odroid2,odroid2,odroid2
3675,odroid2,odroid2,odroid2
3676,odroid2,odroid2,odroid2
3677,odroid2,odroid2,odroid2
3678,odroid2,odroid2,odroid2
3679,odroid2,odroid2,odroid2
3680,odroid2,odroid2,odroid2
3681,odroid2,odroid2,odroid2
3682,odroid2,odroid2,odroid2
3683,odroid2,odroid2,odroid2
3684,odroid2,odroid2,odroid2
3685,odroid2,odroid2,odroid2
3686,odroid2,odroid2,odroid2
3687,odroid2,odroid2,odroid2
3688,odroid2,odroid2,odroid2
3689,odroid2,odroid2,odroid2
3690,odroid2,odroid2,odroid2
3691,odroid2,odroid2,odroid2
3692,odroid2,odroid2,odroid2
3693,odroid2,odroid2,odroid2
3694,odroid2,odroid2,odroid2
3695,odroid2,odroid2,odroid2
3696,odroid2,odroid2,odroid2
3697,odroid2,odroid2,odroid2
3698,odroid2,odroid2,odroid2
3699,odroid2,odroid2,odroid2
3700,odroid2,odroid2,odroid2
3701,odroid2,odroid2,odroid2
3702,odroid2,odroid2,odroid2
3703,odroid2,odroid2,odroid2
3704,odroid2,odroid2,odroid2
3705,odroid2,odroid2,odroid2
3706,odroid2,odroid2,odroid2
3707,odroid2,odroid3,odroid2
3708,odroid2,odroid2,odroid2
3709,odroid2,odroid2,odroid2
3710,odroid2,odroid2,odroid2
3711,odroid2,odroid2,odroid2
3712,odroid2,odroid2,odroid2
3713,odroid2,odroid2,odroid2
3714,odroid2,odroid2,odroid2
3715,odroid2,odroid2,odroid2
3716,odroid2,odroid2,odroid2
3717,odroid2,odroid2,odroid2
3718,odroid2,odroid2,odroid2
3719,odroid2,odroid2,odroid2
3720,odroid2,odroid2,odroid2
3721,odroid2,odroid2,odroid2
3722,odroid2,odroid2,odroid2
3723,odroid2,odroid2,odroid2
3724,odroid2,odroid2,odroid2
3725,odroid2,odroid2,odroid2
3726,odroid2,odroid2,odroid2
3727,odroid2,odroid2,odroid2
3728,odroid2,odroid2,odroid2
3729,odroid2,odroid2,odroid2
3730,odroid2,odroid2,odroid2
3731,odroid2,odroid2,odroid2
3732,odroid2,odroid2,odroid2
3733,odroid2,odroid2,odroid2
3734,odroid2,odroid2,odroid2
3735,odroid2,odroid2,odroid2
3736,odroid2,odroid2,odroid2
3737,odroid2,odroid2,odroid2
3738,odroid2,odroid2,odroid2
3739,odroid2,odroid2,odroid2
3740,odroid2,odroid2,odroid2
3741,odroid2,odroid2,odroid2
3742,odroid2,odroid2,odroid2
3743,odroid2,odroid2,odroid2
3744,odroid2,odroid2,odroid2
3745,odroid2,odroid2,odroid2
3746,odroid2,odroid2,odroid2
3747,odroid2,odroid2,odroid2
3748,odroid2,odroid2,odroid3
3749,odroid2,odroid2,odroid2
3750,odroid2,odroid2,odroid2
3751,odroid2,odroid2,odroid2
3752,odroid2,odroid2,odroid2
3753,odroid2,odroid2,odroid2
3754,odroid2,odroid2,odroid2
3755,odroid2,odroid2,odroid2
3756,odroid2,odroid2,odroid2
3757,odroid2,odroid2,odroid2
3758,odroid2,odroid2,odroid2
3759,odroid2,odroid2,odroid2
3760,odroid2,odroid2,odroid2
3761,odroid2,odroid2,odroid2
3762,odroid2,odroid2,odroid2
3763,odroid2,odroid2,odroid2
3764,odroid2,odroid2,odroid2
3765,odroid2,odroid2,odroid2
3766,odroid2,odroid2,odroid2
3767,odroid2,odroid2,odroid2
3768,odroid2,odroid2,odroid2
3769,odroid2,odroid2,odroid2
3770,odroid2,odroid2,odroid2
3771,odroid2,odroid2,odroid2
3772,odroid2,odroid2,odroid2
3773,odroid2,odroid2,odroid2
3774,odroid2,odroid2,odroid2
3775,odroid2,odroid2,odroid2
3776,odroid2,odroid2,odroid2
3777,odroid2,odroid2,odroid2
3778,odroid2,odroid2,odroid2
3779,odroid2,odroid2,odroid2
3780,odroid2,odroid1,odroid2
3781,odroid2,odroid2,odroid2
3782,odroid2,odroid2,odroid2
3783,odroid2,odroid2,odroid2
3784,odroid2,odroid2,odroid2
3785,odroid2,odroid2,odroid2
3786,odroid2,odroid2,odroid2
3787,odroid2,odroid2,odroid2
3788,odroid2,odroid2,odroid2
3789,odroid2,odroid2,odroid2
3790,odroid2,odroid2,odroid2
3791,odroid2,odroid2,odroid2
3792,odroid2,odroid2,odroid2
3793,odroid2,odroid2,odroid2
3794,odroid2,odroid2,odroid2
3795,odroid2,odroid2,odroid2
3796,odroid2,odroid2,odroid2
3797,odroid2,odroid2,odroid2
3798,odroid2,odroid2,odroid2
3799,odroid2,odroid2,odroid2
3800,odroid2,odroid2,odroid2
3801,odroid2,odroid2,odroid2
3802,odroid2,odroid2,odroid2
3803,odroid2,odroid2,odroid2
3804,odroid2,odroid2,odroid2
3805,odroid2,odroid2,odroid2
3806,odroid2,odroid2,odroid2
3807,odroid2,odroid2,odroid2
3808,odroid2,odroid2,odroid2
3809,odroid2,odroid2,odroid2
3810,odroid2,odroid2,odroid2
3811,odroid2,odroid2,odroid2
3812,odroid2,odroid2,odroid2
3813,odroid2,odroid2,odroid2
3814,odroid2,odroid2,odroid2
3815,odroid2,odroid2,odroid2
3816,odroid2,odroid2,odroid2
3817,odroid2,odroid2,odroid2
3818,odroid2,odroid2,odroid2
3819,odroid2,odroid2,odroid2
3820,odroid2,odroid2,odroid2
3821,odroid2,odroid2,odroid2
3822,odroid2,odroid2,odroid2
3823,odroid2,odroid2,odroid2
3824,odroid2,odroid2,odroid2
3825,odroid2,odroid2,odroid2
3826,odroid2,odroid2,odroid2
3827,odroid2,odroid2,odroid2
3828,odroid2,odroid2,odroid2
3829,odroid2,odroid2,odroid2
3830,odroid2,odroid2,odroid2
3831,odroid2,odroid2,odroid2
3832,odroid2,odroid2,odroid2
3833,odroid2,odroid2,odroid2
3834,odroid2,odroid2,odroid2
3835,odroid2,odroid2,odroid2
3836,odroid2,odroid2,odroid2
3837,odroid2,odroid2,odroid2
3838,odroid2,odroid2,odroid3
3839,odroid2,odroid2,odroid2
3840,odroid2,odroid2,odroid2
3841,odroid2,odroid2,odroid2
3842,odroid2,odroid2,odroid2
3843,odroid2,odroid2,odroid2
3844,odroid2,odroid2,odroid2
3845,odroid2,odroid2,odroid2
3846,odroid2,odroid2,odroid2
3847,odroid2,odroid2,odroid2
3848,odroid2,odroid2,odroid2
3849,odroid2,odroid2,odroid2
3850,odroid2,odroid2,odroid2
3851,odroid2,odroid2,odroid2
3852,odroid2,odroid2,odroid2
3853,odroid2,odroid2,odroid2
3854,odroid2,odroid2,odroid2
3855,odroid2,odroid2,odroid2
3856,odroid2,odroid2,odroid2
3857,odroid2,odroid2,odroid2
3858,odroid2,odroid2,odroid2
3859,odroid2,odroid2,odroid2
3860,odroid2,odroid2,odroid2
3861,odroid2,odroid2,odroid2
3862,odroid2,odroid2,odroid2
3863,odroid2,odroid2,odroid2
3864,odroid2,odroid2,odroid2
3865,odroid2,odroid2,odroid2
3866,odroid2,odroid2,odroid2
3867,odroid2,odroid2,odroid2
3868,odroid2,odroid2,odroid2
3869,odroid2,odroid2,odroid2
3870,odroid2,odroid2,odroid2
3871,odroid2,odroid2,odroid2
3872,odroid2,odroid2,odroid2
3873,odroid2,odroid2,odroid2
3874,odroid2,odroid2,odroid2
3875,odroid2,odroid2,odroid2
3876,odroid2,odroid2,odroid2
3877,odroid2,odroid2,odroid2
3878,odroid2,odroid2,odroid2
3879,odroid2,odroid2,odroid2
3880,odroid2,odroid2,odroid2
3881,odroid1,odroid1,odroid1
3882,odroid1,odroid1,odroid1
3883,odroid1,odroid1,odroid1
3884,odroid1,odroid1,odroid1
3885,odroid1,odroid1,odroid1
3886,odroid1,odroid1,odroid1
3887,odroid1,odroid1,odroid1
3888,odroid1,odroid1,odroid1
3889,odroid1,odroid1,odroid1
3890,odroid1,odroid1,odroid1
3891,odroid1,odroid1,odroid1
3892,odroid1,odroid1,odroid1
3893,odroid1,odroid1,odroid1
3894,odroid1,odroid1,odroid1
3895,odroid1,odroid1,odroid1
3896,odroid1,odroid1,odroid1
3897,odroid1,odroid1,odroid1
3898,odroid1,odroid1,odroid1
3899,odroid1,odroid1,odroid1
3900,odroid1,odroid1,odroid1
3901,odroid1,odroid1,odroid1
3902,odroid1,odroid1,odroid1
3903,odroid1,odroid3,odroid1
3904,odroid1,odroid1,odroid1
3905,odroid1,odroid1,odroid1
3906,odroid1,odroid1,odroid1
3907,odroid1,odroid1,odroid1
3908,odroid1,odroid1,odroid1
3909,odroid1,odroid1,odroid1
3910,odroid1,odroid1,odroid1
3911,odroid1,odroid1,odroid1
3912,odroid1,odroid1,odroid1
3913,odroid1,odroid1,odroid1
3914,odroid1,odroid1,odroid1
3915,odroid1,odroid1,odroid1
3916,odroid1,odroid1,odroid1
3917,odroid1,odroid1,odroid1
3918,odroid1,odroid1,odroid1
3919,odroid1,odroid1,odroid1
3920,odroid1,odroid1,odroid1
3921,odroid1,odroid1,odroid1
3922,odroid1,odroid1,odroid1
3923,odroid1,odroid1,odroid1
3924,odroid1,odroid1,odroid1
3925,odroid1,odroid1,odroid1
3926,odroid1,odroid1,odroid1
3927,odroid1,odroid1,odroid1
3928,odroid1,odroid1,odroid1
3929,odroid1,odroid1,odroid1
3930,odroid1,odroid1,odroid1
3931,odroid1,odroid1,odroid1
3932,odroid1,odroid1,odroid1
3933,odroid1,odroid1,odroid1
3934,odroid1,odroid1,odroid1
3935,odroid1,odroid1,odroid1
3936,odroid1,odroid1,odroid1
3937,odroid1,odroid1,odroid1
3938,odroid1,odroid1,odroid1
3939,odroid1,odroid1,odroid1
3940,odroid1,odroid1,odroid1
3941,odroid1,odroid1,odroid1
3942,odroid1,odroid1,odroid1
3943,odroid1,odroid1,odroid1
3944,odroid1,odroid1,odroid1
3945,odroid1,odroid1,odroid1
3946,odroid1,odroid1,odroid1
3947,odroid1,odroid1,odroid1
3948,odroid1,odroid1,odroid1
3949,odroid1,odroid1,odroid1
3950,odroid1,odroid1,odroid1
3951,odroid1,odroid1,odroid1
3952,odroid1,odroid1,odroid1
3953,odroid1,odroid1,odroid1
3954,odroid1,odroid1,odroid1
3955,odroid1,odroid1,odroid1
3956,odroid1,odroid1,odroid1
3957,odroid1,odroid1,odroid1
3958,odroid1,odroid1,odroid1
3959,odroid1,odroid1,odroid1
3960,odroid1,odroid1,odroid1
3961,odroid1,odroid1,odroid1
3962,odroid1,odroid1,odroid1
3963,odroid1,odroid1,odroid1
3964,odroid1,odroid1,odroid1
3965,odroid1,odroid1,odroid1
3966,odroid1,odroid1,odroid1
3967,odroid1,odroid1,odroid1
3968,odroid1,odroid1,odroid1
3969,odroid1,odroid1,odroid1
3970,odroid1,odroid1,odroid1
3971,odroid1,odroid1,odroid1
3972,odroid1,odroid1,odroid1
3973,odroid1,odroid1,odroid1
3974,odroid1,odroid1,odroid1
3975,odroid1,odroid1,odroid1
3976,odroid1,odroid1,odroid1
3977,odroid1,odroid1,odroid1
3978,odroid1,odroid1,odroid1
3979,odroid1,odroid1,odroid1
3980,odroid1,odroid1,odroid1
3981,odroid1,odroid1,odroid1
3982,odroid1,odroid1,odroid1
3983,odroid1,odroid1,odroid1
3984,odroid1,odroid1,odroid1
3985,odroid1,odroid1,odroid1
3986,odroid1,odroid1,odroid1
3987,odroid1,odroid1,odroid1
3988,odroid1,odroid1,odroid1
3989,odroid1,odroid1,odroid1
3990,odroid1,odroid1,odroid1
3991,odroid1,odroid1,odroid1
3992,odroid1,odroid1,odroid1
3993,odroid1,odroid1,odroid1
3994,odroid1,odroid1,odroid1
3995,odroid1,odroid1,odroid1
3996,odroid1,odroid1,odroid1
3997,odroid1,odroid1,odroid1
3998,odroid1,odroid1,odroid1
3999,odroid1,odroid1,odroid1
4000,odroid1,odroid1,odroid1
4001,odroid1,odroid1,odroid1
4002,odroid1,odroid1,odroid1
4003,odroid1,odroid1,odroid1
4004,odroid1,odroid1,odroid1
4005,odroid1,odroid1,odroid1
4006,odroid1,odroid1,odroid1
4007,odroid1,odroid1,odroid1
4008,odroid1,odroid1,odroid1
4009,odroid1,odroid1,odroid1
4010,odroid1,odroid1,odroid1
4011,odroid1,odroid1,odroid1
4012,odroid1,odroid1,odroid1
4013,odroid1,odroid1,odroid1
4014,odroid1,odroid1,odroid1
4015,odroid1,odroid1,odroid1
4016,odroid1,odroid1,odroid1
4017,odroid1,odroid1,odroid1
4018,odroid1,odroid1,odroid1
4019,odroid1,odroid1,odroid1
4020,odroid1,odroid1,odroid1
4021,odroid1,odroid1,odroid1
4022,odroid1,odroid1,odroid3
4023,odroid1,odroid1,odroid1
4024,odroid1,odroid1,odroid1
4025,odroid1,odroid1,odroid1
4026,odroid1,odroid1,odroid1
4027,odroid1,odroid1,odroid1
4028,odroid1,odroid1,odroid1
4029,odroid1,odroid1,odroid1
4030,odroid1,odroid1,odroid1
4031,odroid1,odroid1,odroid1
4032,odroid1,odroid1,odroid1
4033,odroid1,odroid1,odroid1
4034,odroid1,odroid1,odroid1
4035,odroid1,odroid1,odroid1
4036,odroid1,odroid1,odroid1
4037,odroid1,odroid1,odroid1
4038,odroid1,odroid1,odroid1
4039,odroid1,odroid1,odroid1
4040,odroid1,odroid1,odroid1
4041,odroid1,odroid1,odroid1
4042,odroid1,odroid1,odroid1
4043,odroid1,odroid1,odroid1
4044,odroid1,odroid1,odroid1
4045,odroid1,odroid1,odroid1
4046,odroid1,odroid1,odroid1
4047,odroid1,odroid1,odroid1
4048,odroid1,odroid1,odroid1
4049,odroid1,odroid1,odroid1
4050,odroid1,odroid1,odroid1
4051,odroid1,odroid1,odroid1
4052,odroid1,odroid1,odroid1
4053,odroid1,odroid1,odroid1
4054,odroid1,odroid1,odroid1
4055,odroid1,odroid1,odroid1
4056,odroid1,odroid1,odroid1
4057,odroid1,odroid1,odroid1
4058,odroid1,odroid1,odroid1
4059,odroid1,odroid1,odroid1
4060,odroid1,odroid1,odroid1
4061,odroid1,odroid1,odroid1
4062,odroid1,odroid1,odroid1
4063,odroid1,odroid1,odroid1
4064,odroid1,odroid1,odroid1
4065,odroid1,odroid1,odroid1
4066,odroid1,odroid1,odroid1
4067,odroid1,odroid1,odroid1
4068,odroid1,odroid1,odroid1
4069,odroid1,odroid1,odroid1
4070,odroid1,odroid1,odroid1
4071,odroid1,odroid1,odroid1
4072,odroid1,odroid1,odroid1
4073,odroid1,odroid1,odroid1
4074,odroid1,odroid1,odroid1
4075,odroid1,odroid1,odroid1
4076,odroid1,odroid1,odroid1
4077,odroid1,odroid1,odroid1
4078,odroid1,odroid1,odroid1
4079,odroid1,odroid1,odroid1
4080,odroid1,odroid1,odroid1
4081,odroid1,odroid1,odroid1
4082,odroid1,odroid1,odroid1
4083,odroid1,odroid1,odroid1
4084,odroid1,odroid1,odroid1
4085,odroid1,odroid1,odroid1
4086,odroid1,odroid1,odroid1
4087,odroid1,odroid1,odroid1
4088,odroid1,odroid1,odroid1
4089,odroid1,odroid1,odroid1
4090,odroid1,odroid1,odroid1
4091,odroid1,odroid1,odroid1
4092,odroid1,odroid1,odroid1
4093,odroid1,odroid1,odroid1
4094,odroid1,odroid1,odroid1
4095,odroid1,odroid1,odroid1
4096,odroid1,odroid1,odroid1
4097,odroid1,odroid1,odroid1
4098,odroid1,odroid1,odroid1
4099,odroid1,odroid1,odroid1
4100,odroid1,odroid1,odroid1
4101,odroid1,odroid1,odroid1
4102,odroid1,odroid1,odroid1
4103,odroid1,odroid1,odroid1
4104,odroid1,odroid1,odroid1
4105,odroid1,odroid1,odroid1
4106,odroid1,odroid1,odroid1
4107,odroid1,odroid1,odroid1
4108,odroid1,odroid1,odroid1
4109,odroid1,odroid1,odroid1
4110,odroid1,odroid1,odroid1
4111,odroid1,odroid1,odroid1
4112,odroid1,odroid1,odroid1
4113,odroid1,odroid1,odroid1
4114,odroid1,odroid1,odroid1
4115,odroid1,odroid1,odroid1
4116,odroid1,odroid1,odroid1
4117,odroid1,odroid1,odroid1
4118,odroid1,odroid1,odroid1
4119,odroid1,odroid1,odroid1
4120,odroid1,odroid1,odroid1
4121,odroid1,odroid1,odroid1
4122,odroid1,odroid1,odroid1
4123,odroid1,odroid1,odroid1
4124,odroid1,odroid1,odroid1
4125,odroid1,odroid1,odroid1
4126,odroid1,odroid1,odroid1
4127,odroid1,odroid1,odroid1
4128,odroid1,odroid1,odroid1
4129,odroid1,odroid1,odroid1
4130,odroid1,odroid1,odroid1
4131,odroid1,odroid1,odroid1
4132,odroid1,odroid1,odroid1
4133,odroid1,odroid1,odroid1
4134,odroid1,odroid1,odroid1
4135,odroid1,odroid1,odroid1
4136,odroid1,odroid1,odroid1
4137,odroid1,odroid1,odroid1
4138,odroid1,odroid1,odroid1
4139,odroid1,odroid1,odroid1
4140,odroid1,odroid1,odroid1
4141,odroid1,odroid1,odroid1
4142,odroid1,odroid1,odroid1
4143,odroid1,odroid1,odroid1
4144,odroid1,odroid1,odroid1
4145,odroid1,odroid1,odroid1
4146,odroid1,odroid1,odroid1
4147,odroid1,odroid1,odroid1
4148,odroid1,odroid1,odroid1
4149,odroid1,odroid3,odroid1
4150,odroid1,odroid1,odroid1
4151,odroid1,odroid1,odroid1
4152,odroid1,odroid1,odroid1
4153,odroid1,odroid1,odroid1
4154,odroid1,odroid3,odroid1
4155,odroid1,odroid1,odroid1
4156,odroid1,odroid1,odroid1
4157,odroid1,odroid1,odroid1
4158,odroid1,odroid1,odroid1
4159,odroid1,odroid1,odroid1
4160,odroid1,odroid1,odroid1
4161,odroid1,odroid1,odroid1
4162,odroid1,odroid1,odroid1
4163,odroid1,odroid1,odroid1
4164,odroid1,odroid1,odroid1
4165,odroid1,odroid1,odroid1
4166,odroid1,odroid1,odroid1
4167,odroid1,odroid1,odroid1
4168,odroid1,odroid1,odroid1
4169,odroid1,odroid1,odroid3
4170,odroid1,odroid1,odroid1
4171,odroid1,odroid1,odroid1
4172,odroid1,odroid1,odroid1
4173,odroid1,odroid1,odroid3
4174,odroid1,odroid1,odroid1
4175,odroid1,odroid1,odroid1
4176,odroid1,odroid1,odroid1
4177,odroid1,odroid1,odroid1
4178,odroid1,odroid1,odroid1
4179,odroid1,odroid1,odroid1
4180,odroid1,odroid1,odroid1
4181,odroid1,odroid1,odroid1
4182,odroid1,odroid1,odroid1
4183,odroid1,odroid1,odroid1
4184,odroid1,odroid1,odroid1
4185,odroid1,odroid1,odroid1
4186,odroid1,odroid1,odroid1
4187,odroid1,odroid1,odroid1
4188,odroid1,odroid1,odroid1
4189,odroid1,odroid1,odroid1
4190,odroid1,odroid1,odroid1
4191,odroid1,odroid1,odroid1
4192,odroid1,odroid1,odroid1
4193,odroid1,odroid1,odroid1
4194,odroid1,odroid1,odroid1
4195,odroid1,odroid1,odroid1
4196,odroid1,odroid1,odroid1
4197,odroid1,odroid1,odroid1
4198,odroid1,odroid1,odroid1
4199,odroid1,odroid1,odroid1
4200,odroid1,odroid1,odroid1
4201,odroid1,odroid1,odroid1
4202,odroid1,odroid1,odroid1
4203,odroid1,odroid1,odroid1
4204,odroid1,odroid1,odroid3
4205,odroid1,odroid1,odroid1
4206,odroid1,odroid1,odroid1
4207,odroid1,odroid1,odroid1
4208,odroid1,odroid1,odroid1
4209,odroid1,odroid1,odroid1
4210,odroid1,odroid1,odroid1
4211,odroid1,odroid1,odroid1
4212,odroid1,odroid1,odroid1
4213,odroid1,odroid1,odroid1
4214,odroid1,odroid1,odroid1
4215,odroid1,odroid1,odroid1
4216,odroid1,odroid1,odroid1
4217,odroid1,odroid1,odroid3
4218,odroid1,odroid1,odroid1
4219,odroid1,odroid1,odroid1
4220,odroid1,odroid1,odroid1
4221,odroid1,odroid1,odroid1
4222,odroid1,odroid1,odroid1
4223,odroid1,odroid1,odroid1
4224,odroid1,odroid1,odroid3
4225,odroid1,odroid1,odroid1
4226,odroid1,odroid1,odroid1
4227,odroid1,odroid1,odroid1
4228,odroid1,odroid1,odroid1
4229,odroid1,odroid1,odroid1
4230,odroid1,odroid1,odroid1
4231,odroid1,odroid1,odroid1
4232,odroid1,odroid3,odroid1
4233,odroid1,odroid1,odroid1
4234,odroid1,odroid1,odroid3
4235,odroid1,odroid1,odroid1
4236,odroid1,odroid1,odroid1
4237,odroid1,odroid1,odroid1
4238,odroid1,odroid1,odroid1
4239,odroid1,odroid1,odroid1
4240,odroid1,odroid1,odroid1
4241,odroid1,odroid1,odroid1
4242,odroid1,odroid1,odroid1
4243,odroid1,odroid1,odroid1
4244,odroid1,odroid1,odroid1
4245,odroid1,odroid1,odroid1
4246,odroid1,odroid1,odroid1
4247,odroid1,odroid1,odroid1
4248,odroid1,odroid1,odroid1
4249,odroid1,odroid1,odroid1
4250,odroid1,odroid1,odroid1
4251,odroid1,odroid1,odroid1
4252,odroid1,odroid1,odroid1
4253,odroid1,odroid1,odroid1
4254,odroid1,odroid1,odroid1
4255,odroid1,odroid1,odroid1
4256,odroid1,odroid1,odroid1
4257,odroid1,odroid1,odroid1
4258,odroid1,odroid1,odroid1
4259,odroid1,odroid1,odroid1
4260,odroid1,odroid1,odroid1
4261,odroid1,odroid1,odroid1
4262,odroid1,odroid1,odroid1
4263,odroid1,odroid1,odroid1
4264,odroid1,odroid1,odroid1
4265,odroid1,odroid1,odroid1
4266,odroid1,odroid1,odroid1
4267,odroid1,odroid1,odroid1
4268,odroid1,odroid1,odroid1
4269,odroid1,odroid1,odroid1
4270,odroid1,odroid1,odroid1
4271,odroid1,odroid1,odroid1
4272,odroid1,odroid1,odroid1
4273,odroid1,odroid1,odroid1
4274,odroid1,odroid1,odroid1
4275,odroid1,odroid1,odroid1
4276,odroid1,odroid1,odroid1
4277,odroid1,odroid1,odroid1
4278,odroid1,odroid1,odroid1
4279,odroid1,odroid1,odroid1
4280,odroid1,odroid1,odroid1
4281,odroid1,odroid1,odroid1
4282,odroid1,odroid1,odroid1
4283,odroid1,odroid1,odroid1
4284,odroid1,odroid1,odroid1
4285,odroid1,odroid1,odroid1
4286,odroid1,odroid1,odroid1
4287,odroid1,odroid1,odroid1
4288,odroid1,odroid1,odroid1
4289,odroid1,odroid1,odroid1
4290,odroid1,odroid1,odroid1
4291,odroid1,odroid1,odroid1
4292,odroid1,odroid1,odroid1
4293,odroid1,odroid1,odroid1
4294,odroid1,odroid3,odroid1
4295,odroid1,odroid1,odroid1
4296,odroid1,odroid1,odroid1
4297,odroid1,odroid1,odroid1
4298,odroid1,odroid1,odroid1
4299,odroid1,odroid1,odroid1
4300,odroid1,odroid1,odroid1
4301,odroid1,odroid1,odroid1
4302,odroid1,odroid1,odroid1
4303,odroid1,odroid1,odroid1
4304,odroid1,odroid1,odroid1
4305,odroid1,odroid1,odroid1
4306,odroid1,odroid1,odroid1
4307,odroid1,odroid1,odroid1
4308,odroid1,odroid1,odroid1
4309,odroid1,odroid1,odroid1
4310,odroid1,odroid1,odroid1
4311,odroid1,odroid1,odroid1
4312,odroid1,odroid1,odroid1
4313,odroid1,odroid1,odroid1
4314,odroid1,odroid1,odroid1
4315,odroid1,odroid1,odroid1
4316,odroid1,odroid1,odroid1
4317,odroid1,odroid1,odroid1
4318,odroid1,odroid1,odroid1
4319,odroid1,odroid1,odroid1
4320,odroid1,odroid1,odroid1
4321,odroid1,odroid1,odroid1
4322,odroid1,odroid1,odroid1
4323,odroid1,odroid1,odroid1
4324,odroid1,odroid1,odroid1
4325,odroid1,odroid1,odroid1
4326,odroid1,odroid1,odroid1
4327,odroid1,odroid3,odroid3
4328,odroid1,odroid1,odroid1
4329,odroid1,odroid1,odroid1
4330,odroid1,odroid1,odroid1
4331,odroid1,odroid1,odroid1
4332,odroid1,odroid1,odroid1
4333,odroid1,odroid1,odroid1
4334,odroid1,odroid1,odroid1
4335,odroid1,odroid1,odroid1
4336,odroid1,odroid1,odroid1
4337,odroid1,odroid1,odroid1
4338,odroid1,odroid1,odroid1
4339,odroid1,odroid1,odroid1
4340,odroid1,odroid1,odroid1
4341,odroid1,odroid1,odroid1
4342,odroid1,odroid1,odroid1
4343,odroid1,odroid1,odroid1
4344,odroid1,odroid1,odroid1
4345,odroid1,odroid1,odroid1
4346,odroid1,odroid1,odroid1
4347,odroid1,odroid1,odroid1
4348,odroid1,odroid1,odroid1
4349,odroid1,odroid1,odroid1
4350,odroid1,odroid1,odroid1
4351,odroid1,odroid1,odroid1
4352,odroid1,odroid1,odroid1
4353,odroid1,odroid1,odroid1
4354,odroid1,odroid1,odroid1
4355,odroid1,odroid1,odroid1
4356,odroid1,odroid1,odroid1
4357,odroid1,odroid1,odroid1
4358,odroid1,odroid1,odroid1
4359,odroid1,odroid1,odroid1
4360,odroid1,odroid1,odroid1
4361,odroid1,odroid1,odroid1
4362,odroid1,odroid1,odroid1
4363,odroid1,odroid1,odroid1
4364,odroid1,odroid1,odroid1
4365,odroid1,odroid1,odroid1
4366,odroid1,odroid1,odroid1
4367,odroid1,odroid1,odroid1
4368,odroid1,odroid1,odroid3
4369,odroid1,odroid1,odroid1
4370,odroid1,odroid1,odroid1
4371,odroid1,odroid1,odroid1
4372,odroid1,odroid1,odroid1
4373,odroid1,odroid1,odroid1
4374,odroid1,odroid1,odroid1
4375,odroid1,odroid1,odroid1
4376,odroid1,odroid1,odroid1
4377,odroid1,odroid1,odroid3
4378,odroid1,odroid1,odroid1
4379,odroid1,odroid1,odroid1
4380,odroid1,odroid1,odroid1
4381,odroid1,odroid1,odroid1
4382,odroid1,odroid1,odroid1
4383,odroid1,odroid1,odroid1
4384,odroid1,odroid1,odroid1
4385,odroid1,odroid1,odroid1
4386,odroid1,odroid1,odroid1
4387,odroid1,odroid1,odroid1
4388,odroid1,odroid1,odroid1
4389,odroid1,odroid1,odroid3
4390,odroid1,odroid1,odroid1
4391,odroid1,odroid1,odroid1
4392,odroid1,odroid1,odroid1
4393,odroid1,odroid1,odroid1
4394,odroid1,odroid1,odroid1
4395,odroid1,odroid3,odroid1
4396,odroid1,odroid1,odroid1
4397,odroid1,odroid1,odroid1
4398,odroid1,odroid1,odroid1
4399,odroid1,odroid1,odroid1
4400,odroid1,odroid1,odroid1
4401,odroid1,odroid1,odroid1
4402,odroid1,odroid1,odroid1
4403,odroid1,odroid1,odroid1
4404,odroid1,odroid1,odroid1
4405,odroid1,odroid1,odroid1
4406,odroid1,odroid1,odroid1
4407,odroid1,odroid1,odroid1
4408,odroid1,odroid1,odroid1
4409,odroid1,odroid1,odroid1
4410,odroid1,odroid1,odroid1
4411,odroid1,odroid1,odroid1
4412,odroid1,odroid1,odroid1
4413,odroid1,odroid1,odroid1
4414,odroid1,odroid1,odroid1
4415,odroid1,odroid1,odroid1
4416,odroid1,odroid1,odroid1
4417,odroid1,odroid1,odroid1
4418,odroid1,odroid1,odroid1
4419,odroid1,odroid1,odroid1
4420,odroid1,odroid1,odroid1
4421,odroid1,odroid1,odroid1
4422,odroid1,odroid1,odroid1
4423,odroid1,odroid1,odroid1
4424,odroid1,odroid1,odroid1
4425,odroid1,odroid1,odroid1
4426,odroid1,odroid1,odroid1
4427,odroid1,odroid1,odroid1
4428,odroid1,odroid1,odroid1
4429,odroid1,odroid1,odroid1
4430,odroid1,odroid1,odroid1
4431,odroid1,odroid1,odroid1
4432,odroid1,odroid1,odroid1
4433,odroid1,odroid1,odroid3
4434,odroid1,odroid1,odroid1
4435,odroid1,odroid1,odroid1
4436,odroid1,odroid1,odroid1
4437,odroid1,odroid1,odroid1
4438,odroid1,odroid3,odroid1
4439,odroid1,odroid1,odroid1
4440,odroid1,odroid1,odroid1
4441,odroid1,odroid1,odroid1
4442,odroid1,odroid1,odroid1
4443,odroid1,odroid1,odroid1
4444,odroid1,odroid1,odroid1
4445,odroid1,odroid1,odroid1
4446,odroid1,odroid3,odroid1
4447,odroid1,odroid1,odroid1
4448,odroid1,odroid1,odroid3
4449,odroid1,odroid1,odroid1
4450,odroid1,odroid1,odroid1
4451,odroid1,odroid1,odroid1
4452,odroid1,odroid1,odroid1
4453,odroid1,odroid1,odroid1
4454,odroid1,odroid1,odroid1
4455,odroid1,odroid1,odroid1
4456,odroid1,odroid1,odroid1
4457,odroid1,odroid1,odroid1
4458,odroid1,odroid1,odroid1
4459,odroid1,odroid1,odroid1
4460,odroid1,odroid1,odroid1
4461,odroid1,odroid1,odroid1
4462,odroid1,odroid1,odroid1
4463,odroid1,odroid1,odroid1
4464,odroid1,odroid1,odroid1
4465,odroid1,odroid1,odroid1
4466,odroid1,odroid1,odroid1
4467,odroid1,odroid1,odroid1
4468,odroid1,odroid1,odroid1
4469,odroid1,odroid1,odroid1
4470,odroid1,odroid1,odroid1
4471,odroid1,odroid1,odroid1
4472,odroid1,odroid1,odroid1
4473,odroid1,odroid1,odroid1
4474,odroid1,odroid1,odroid1
4475,odroid1,odroid1,odroid1
4476,odroid1,odroid1,odroid1
4477,odroid1,odroid1,odroid1
4478,odroid1,odroid1,odroid1
4479,odroid1,odroid1,odroid1
4480,odroid1,odroid1,odroid1
4481,odroid1,odroid1,odroid1
4482,odroid1,odroid1,odroid1
4483,odroid1,odroid1,odroid1
4484,odroid1,odroid1,odroid1
4485,odroid1,odroid1,odroid1
4486,odroid1,odroid1,odroid1
4487,odroid1,odroid1,odroid1
4488,odroid1,odroid1,odroid1
4489,odroid1,odroid1,odroid1
4490,odroid1,odroid1,odroid1
4491,odroid1,odroid1,odroid1
4492,odroid1,odroid1,odroid1
4493,odroid1,odroid1,odroid1
4494,odroid1,odroid1,odroid1
4495,odroid1,odroid1,odroid1
4496,odroid1,odroid1,odroid1
4497,odroid1,odroid1,odroid1
4498,odroid1,odroid1,odroid1
4499,odroid1,odroid1,odroid1
4500,odroid1,odroid1,odroid1
4501,odroid1,odroid1,odroid1
4502,odroid1,odroid1,odroid1
4503,odroid1,odroid1,odroid1
4504,odroid1,odroid1,odroid1
4505,odroid1,odroid1,odroid1
4506,odroid1,odroid1,odroid1
4507,odroid1,odroid1,odroid1
4508,odroid1,odroid1,odroid1
4509,odroid1,odroid1,odroid1
4510,odroid1,odroid1,odroid1
4511,odroid1,odroid1,odroid1
4512,odroid1,odroid1,odroid1
4513,odroid1,odroid1,odroid1
4514,odroid1,odroid1,odroid1
4515,odroid1,odroid1,odroid1
4516,odroid1,odroid1,odroid1
4517,odroid1,odroid1,odroid1
4518,odroid1,odroid1,odroid1
4519,odroid1,odroid1,odroid1
4520,odroid1,odroid1,odroid1
4521,odroid1,odroid1,odroid1
4522,odroid1,odroid1,odroid1
4523,odroid1,odroid1,odroid1
4524,odroid1,odroid1,odroid1
4525,odroid1,odroid1,odroid1
4526,odroid1,odroid1,odroid1
4527,odroid1,odroid1,odroid1
4528,odroid1,odroid1,odroid1
4529,odroid1,odroid1,odroid1
4530,odroid1,odroid1,odroid1
4531,odroid1,odroid1,odroid1
4532,odroid1,odroid1,odroid1
4533,odroid1,odroid1,odroid1
4534,odroid1,odroid1,odroid1
4535,odroid1,odroid1,odroid1
4536,odroid1,odroid1,odroid1
4537,odroid1,odroid1,odroid1
4538,odroid1,odroid1,odroid1
4539,odroid1,odroid1,odroid1
4540,odroid1,odroid1,odroid1
4541,odroid1,odroid1,odroid1
4542,odroid1,odroid1,odroid1
4543,odroid1,odroid1,odroid1
4544,odroid1,odroid1,odroid3
4545,odroid1,odroid1,odroid1
4546,odroid1,odroid1,odroid1
4547,odroid1,odroid1,odroid1
4548,odroid1,odroid3,odroid1
4549,odroid1,odroid1,odroid1
4550,odroid1,odroid1,odroid1
4551,odroid1,odroid1,odroid1
4552,odroid1,odroid1,odroid1
4553,odroid1,odroid1,odroid1
4554,odroid1,odroid1,odroid1
4555,odroid1,odroid1,odroid1
4556,odroid1,odroid1,odroid1
4557,odroid1,odroid1,odroid1
4558,odroid1,odroid1,odroid1
4559,odroid1,odroid1,odroid1
4560,odroid1,odroid1,odroid1
4561,odroid1,odroid1,odroid1
4562,odroid1,odroid1,odroid1
4563,odroid1,odroid1,odroid1
4564,odroid1,odroid1,odroid1
4565,odroid1,odroid3,odroid1
4566,odroid1,odroid1,odroid1
4567,odroid1,odroid1,odroid1
4568,odroid1,odroid1,odroid1
4569,odroid1,odroid1,odroid1
4570,odroid1,odroid1,odroid1
4571,odroid1,odroid1,odroid1
4572,odroid1,odroid1,odroid1
4573,odroid1,odroid1,odroid1
4574,odroid1,odroid1,odroid1
4575,odroid1,odroid1,odroid1
4576,odroid1,odroid1,odroid1
4577,odroid1,odroid1,odroid1
4578,odroid1,odroid1,odroid1
4579,odroid1,odroid1,odroid1
4580,odroid1,odroid1,odroid1
4581,odroid1,odroid1,odroid1
4582,odroid1,odroid1,odroid1
4583,odroid1,odroid1,odroid1
4584,odroid1,odroid1,odroid1
4585,odroid1,odroid1,odroid1
4586,odroid1,odroid1,odroid1
4587,odroid1,odroid1,odroid1
4588,odroid1,odroid1,odroid1
4589,odroid1,odroid1,odroid1
4590,odroid1,odroid1,odroid1
4591,odroid1,odroid1,odroid1
4592,odroid1,odroid1,odroid1
4593,odroid1,odroid1,odroid1
4594,odroid1,odroid1,odroid1
4595,odroid1,odroid1,odroid1
4596,odroid1,odroid1,odroid1
4597,odroid1,odroid1,odroid1
4598,odroid1,odroid1,odroid1
4599,odroid1,odroid1,odroid1
4600,odroid1,odroid1,odroid1
4601,odroid1,odroid1,odroid1
4602,odroid1,odroid1,odroid1
4603,odroid1,odroid1,odroid1
4604,odroid1,odroid1,odroid1
4605,odroid1,odroid1,odroid1
4606,odroid1,odroid1,odroid1
4607,odroid1,odroid1,odroid1
4608,odroid1,odroid1,odroid1
4609,odroid1,odroid1,odroid1
4610,odroid1,odroid1,odroid1
4611,odroid1,odroid1,odroid1
4612,odroid1,odroid1,odroid1
4613,odroid1,odroid1,odroid1
4614,odroid1,odroid3,odroid1
4615,odroid1,odroid1,odroid1
4616,odroid1,odroid3,odroid1
4617,odroid1,odroid1,odroid1
4618,odroid1,odroid1,odroid1
4619,odroid1,odroid1,odroid4
4620,odroid1,odroid1,odroid1
4621,odroid1,odroid1,odroid1
4622,odroid1,odroid1,odroid1
4623,odroid1,odroid1,odroid1
4624,odroid1,odroid1,odroid1
4625,odroid1,odroid1,odroid1
4626,odroid1,odroid1,odroid1
4627,odroid1,odroid1,odroid1
4628,odroid1,odroid1,odroid1
4629,odroid1,odroid1,odroid1
4630,odroid1,odroid1,odroid1
4631,odroid1,odroid1,odroid1
4632,odroid1,odroid1,odroid1
4633,odroid1,odroid1,odroid1
4634,odroid1,odroid1,odroid1
4635,odroid1,odroid1,odroid1
4636,odroid1,odroid1,odroid1
4637,odroid1,odroid1,odroid1
4638,odroid1,odroid1,odroid1
4639,odroid1,odroid1,odroid1
4640,odroid1,odroid1,odroid1
4641,odroid1,odroid1,odroid1
4642,odroid1,odroid1,odroid3
4643,odroid1,odroid1,odroid1
4644,odroid1,odroid1,odroid3
4645,odroid1,odroid1,odroid1
4646,odroid1,odroid1,odroid1
4647,odroid1,odroid1,odroid1
4648,odroid1,odroid1,odroid1
4649,odroid1,odroid1,odroid1
4650,odroid1,odroid1,odroid1
4651,odroid1,odroid1,odroid1
4652,odroid1,odroid1,odroid1
4653,odroid1,odroid1,odroid1
4654,odroid1,odroid1,odroid1
4655,odroid1,odroid1,odroid1
4656,odroid1,odroid1,odroid1
4657,odroid1,odroid1,odroid1
4658,odroid1,odroid1,odroid1
4659,odroid1,odroid1,odroid1
4660,odroid1,odroid1,odroid1
4661,odroid1,odroid1,odroid1
4662,odroid1,odroid1,odroid1
4663,odroid1,odroid1,odroid1
4664,odroid1,odroid1,odroid1
4665,odroid1,odroid1,odroid1
4666,odroid1,odroid1,odroid1
4667,odroid1,odroid1,odroid1
4668,odroid1,odroid1,odroid1
4669,odroid1,odroid1,odroid1
4670,odroid1,odroid1,odroid1
4671,odroid1,odroid1,odroid1
4672,odroid1,odroid1,odroid1
4673,odroid1,odroid1,odroid1
4674,odroid1,odroid1,odroid1
4675,odroid1,odroid1,odroid1
4676,odroid1,odroid1,odroid1
4677,odroid1,odroid1,odroid1
4678,odroid1,odroid1,odroid1
4679,odroid1,odroid1,odroid1
4680,odroid1,odroid1,odroid1
4681,odroid1,odroid1,odroid1
4682,odroid1,odroid1,odroid1
4683,odroid1,odroid1,odroid1
4684,odroid1,odroid1,odroid1
4685,odroid1,odroid1,odroid1
4686,odroid1,odroid1,odroid1
4687,odroid1,odroid1,odroid1
4688,odroid1,odroid1,odroid1
4689,odroid1,odroid1,odroid1
4690,odroid1,odroid1,odroid1
4691,odroid1,odroid1,odroid1
4692,odroid1,odroid1,odroid1
4693,odroid1,odroid1,odroid1
4694,odroid1,odroid3,odroid1
4695,odroid1,odroid1,odroid3
4696,odroid1,odroid1,odroid1
4697,odroid1,odroid1,odroid1
4698,odroid1,odroid1,odroid1
4699,odroid1,odroid1,odroid1
4700,odroid1,odroid1,odroid1
4701,odroid1,odroid1,odroid1
4702,odroid1,odroid1,odroid1
4703,odroid1,odroid1,odroid1
4704,odroid1,odroid1,odroid1
4705,odroid1,odroid1,odroid1
4706,odroid1,odroid1,odroid1
4707,odroid1,odroid1,odroid1
4708,odroid1,odroid1,odroid1
4709,odroid1,odroid1,odroid1
4710,odroid1,odroid1,odroid1
4711,odroid1,odroid1,odroid1
4712,odroid1,odroid1,odroid1
4713,odroid1,odroid1,odroid1
4714,odroid1,odroid1,odroid1
4715,odroid1,odroid1,odroid1
4716,odroid1,odroid1,odroid1
4717,odroid1,odroid1,odroid1
4718,odroid1,odroid1,odroid1
4719,odroid1,odroid1,odroid1
4720,odroid1,odroid1,odroid1
4721,odroid1,odroid1,odroid1
4722,odroid1,odroid1,odroid1
4723,odroid1,odroid1,odroid1
4724,odroid1,odroid1,odroid1
4725,odroid1,odroid1,odroid1
4726,odroid1,odroid1,odroid1
4727,odroid1,odroid1,odroid1
4728,odroid1,odroid1,odroid1
4729,odroid1,odroid1,odroid1
4730,odroid1,odroid1,odroid1
4731,odroid1,odroid1,odroid1
4732,odroid1,odroid1,odroid1
4733,odroid1,odroid1,odroid1
4734,odroid1,odroid1,odroid1
4735,odroid1,odroid1,odroid1
4736,odroid1,odroid1,odroid1
4737,odroid1,odroid1,odroid1
4738,odroid1,odroid1,odroid1
4739,odroid1,odroid1,odroid1
4740,odroid1,odroid1,odroid1
4741,odroid1,odroid1,odroid1
4742,odroid1,odroid1,odroid1
4743,odroid1,odroid1,odroid1
4744,odroid1,odroid1,odroid1
4745,odroid1,odroid1,odroid1
4746,odroid1,odroid1,odroid1
4747,odroid1,odroid1,odroid1
4748,odroid1,odroid1,odroid1
4749,odroid1,odroid1,odroid1
4750,odroid1,odroid1,odroid1
4751,odroid1,odroid1,odroid1
4752,odroid1,odroid1,odroid1
4753,odroid1,odroid1,odroid1
4754,odroid1,odroid1,odroid1
4755,odroid1,odroid3,odroid1
4756,odroid1,odroid1,odroid1
4757,odroid1,odroid1,odroid1
4758,odroid1,odroid1,odroid1
4759,odroid1,odroid1,odroid1
4760,odroid1,odroid1,odroid1
4761,odroid1,odroid1,odroid1
4762,odroid1,odroid1,odroid1
4763,odroid1,odroid1,odroid1
4764,odroid1,odroid1,odroid1
4765,odroid1,odroid1,odroid1
4766,odroid4,odroid4,odroid4
4767,odroid4,odroid4,odroid4
4768,odroid4,odroid4,odroid4
4769,odroid4,odroid4,odroid4
4770,odroid4,odroid4,odroid4
4771,odroid4,odroid4,odroid4
4772,odroid4,odroid4,odroid4
4773,odroid4,odroid4,odroid4
4774,odroid4,odroid4,odroid4
4775,odroid4,odroid4,odroid4
4776,odroid4,odroid4,odroid4
4777,odroid4,odroid4,odroid4
4778,odroid4,odroid4,odroid4
4779,odroid4,odroid4,odroid4
4780,odroid4,odroid4,odroid4
4781,odroid4,odroid4,odroid4
4782,odroid4,odroid4,odroid4
4783,odroid4,odroid4,odroid4
4784,odroid4,odroid4,odroid4
4785,odroid4,odroid4,odroid4
4786,odroid4,odroid4,odroid4
4787,odroid4,odroid4,odroid4
4788,odroid4,odroid4,odroid4
4789,odroid4,odroid4,odroid4
4790,odroid4,odroid4,odroid4
4791,odroid4,odroid4,odroid4
4792,odroid4,odroid4,odroid4
4793,odroid4,odroid4,odroid4
4794,odroid4,odroid4,odroid4
4795,odroid4,odroid4,odroid4
4796,odroid4,odroid4,odroid4
4797,odroid4,odroid4,odroid4
4798,odroid4,odroid4,odroid4
4799,odroid4,odroid4,odroid4
4800,odroid4,odroid4,odroid4
4801,odroid4,odroid4,odroid4
4802,odroid4,odroid4,odroid4
4803,odroid4,odroid4,odroid4
4804,odroid4,odroid4,odroid4
4805,odroid4,odroid4,odroid4
4806,odroid4,odroid4,odroid4
4807,odroid4,odroid4,odroid4
4808,odroid4,odroid4,odroid4
4809,odroid4,odroid4,odroid4
4810,odroid4,odroid4,odroid4
4811,odroid4,odroid4,odroid4
4812,odroid4,odroid4,odroid4
4813,odroid4,odroid4,odroid4
4814,odroid4,odroid4,odroid4
4815,odroid4,odroid4,odroid4
4816,odroid4,odroid4,odroid4
4817,odroid4,odroid4,odroid4
4818,odroid4,odroid4,odroid4
4819,odroid4,odroid4,odroid4
4820,odroid4,odroid4,odroid4
4821,odroid4,odroid4,odroid4
4822,odroid4,odroid4,odroid4
4823,odroid4,odroid4,odroid4
4824,odroid4,odroid4,odroid4
4825,odroid4,odroid4,odroid4
4826,odroid4,odroid4,odroid4
4827,odroid4,odroid4,odroid4
4828,odroid4,odroid4,odroid4
4829,odroid4,odroid4,odroid4
4830,odroid4,odroid4,odroid4
4831,odroid4,odroid4,odroid4
4832,odroid4,odroid4,odroid4
4833,odroid4,odroid4,odroid4
4834,odroid4,odroid4,odroid4
4835,odroid4,odroid4,odroid4
4836,odroid4,odroid4,odroid4
4837,odroid4,odroid4,odroid4
4838,odroid4,odroid4,odroid4
4839,odroid4,odroid4,odroid4
4840,odroid4,odroid4,odroid4
4841,odroid4,odroid4,odroid4
4842,odroid4,odroid4,odroid4
4843,odroid4,odroid4,odroid4
4844,odroid4,odroid4,odroid4
4845,odroid4,odroid4,odroid4
4846,odroid4,odroid4,odroid4
4847,odroid4,odroid4,odroid4
4848,odroid4,odroid4,odroid4
4849,odroid4,odroid4,odroid4
4850,odroid4,odroid4,odroid4
4851,odroid4,odroid4,odroid4
4852,odroid4,odroid4,odroid4
4853,odroid4,odroid4,odroid4
4854,odroid4,odroid4,odroid4
4855,odroid4,odroid4,odroid4
4856,odroid4,odroid4,odroid4
4857,odroid4,odroid4,odroid4
4858,odroid4,odroid4,odroid4
4859,odroid4,odroid4,odroid4
4860,odroid4,odroid4,odroid4
4861,odroid4,odroid4,odroid4
4862,odroid4,odroid4,odroid4
4863,odroid4,odroid4,odroid4
4864,odroid4,odroid4,odroid4
4865,odroid4,odroid4,odroid4
4866,odroid4,odroid4,odroid4
4867,odroid4,odroid4,odroid4
4868,odroid4,odroid4,odroid4
4869,odroid4,odroid4,odroid4
4870,odroid4,odroid4,odroid4
4871,odroid4,odroid4,odroid4
4872,odroid4,odroid4,odroid4
4873,odroid4,odroid4,odroid4
4874,odroid4,odroid4,odroid4
4875,odroid4,odroid4,odroid4
4876,odroid4,odroid4,odroid4
4877,odroid4,odroid4,odroid4
4878,odroid4,odroid4,odroid4
4879,odroid4,odroid4,odroid4
4880,odroid4,odroid4,odroid4
4881,odroid4,odroid4,odroid4
4882,odroid4,odroid4,odroid4
4883,odroid4,odroid4,odroid4
4884,odroid4,odroid4,odroid4
4885,odroid4,odroid4,odroid4
4886,odroid4,odroid4,odroid4
4887,odroid4,odroid4,odroid4
4888,odroid4,odroid4,odroid4
4889,odroid4,odroid4,odroid4
4890,odroid4,odroid4,odroid4
4891,odroid4,odroid4,odroid4
4892,odroid4,odroid4,odroid4
4893,odroid4,odroid4,odroid4
4894,odroid4,odroid4,odroid4
4895,odroid4,odroid4,odroid4
4896,odroid4,odroid4,odroid4
4897,odroid4,odroid4,odroid4
4898,odroid4,odroid4,odroid4
4899,odroid4,odroid4,odroid4
4900,odroid4,odroid4,odroid4
4901,odroid4,odroid4,odroid4
4902,odroid4,odroid4,odroid4
4903,odroid4,odroid4,odroid4
4904,odroid4,odroid4,odroid4
4905,odroid4,odroid4,odroid4
4906,odroid4,odroid4,odroid4
4907,odroid4,odroid4,odroid4
4908,odroid4,odroid4,odroid4
4909,odroid4,odroid4,odroid4
4910,odroid4,odroid4,odroid4
4911,odroid4,odroid4,odroid4
4912,odroid4,odroid4,odroid4
4913,odroid4,odroid4,odroid4
4914,odroid4,odroid4,odroid4
4915,odroid4,odroid4,odroid4
4916,odroid4,odroid4,odroid4
4917,odroid4,odroid4,odroid4
4918,odroid4,odroid4,odroid4
4919,odroid4,odroid4,odroid4
4920,odroid4,odroid4,odroid2
4921,odroid4,odroid4,odroid4
4922,odroid4,odroid4,odroid4
4923,odroid4,odroid4,odroid4
4924,odroid4,odroid4,odroid4
4925,odroid4,odroid4,odroid4
4926,odroid4,odroid4,odroid4
4927,odroid4,odroid4,odroid4
4928,odroid4,odroid4,odroid4
4929,odroid4,odroid4,odroid4
4930,odroid4,odroid4,odroid4
4931,odroid4,odroid4,odroid4
4932,odroid4,odroid4,odroid4
4933,odroid4,odroid4,odroid4
4934,odroid4,odroid4,odroid4
4935,odroid4,odroid4,odroid4
4936,odroid4,odroid4,odroid4
4937,odroid4,odroid4,odroid4
4938,odroid4,odroid4,odroid4
4939,odroid4,odroid4,odroid4
4940,odroid4,odroid4,odroid4
4941,odroid4,odroid4,odroid4
4942,odroid4,odroid4,odroid4
4943,odroid4,odroid4,odroid4
4944,odroid4,odroid4,odroid4
4945,odroid4,odroid4,odroid4
4946,odroid4,odroid4,odroid4
4947,odroid4,odroid4,odroid4
4948,odroid4,odroid4,odroid4
4949,odroid4,odroid4,odroid4
4950,odroid4,odroid4,odroid4
4951,odroid4,odroid4,odroid4
4952,odroid4,odroid4,odroid4
4953,odroid4,odroid4,odroid4
4954,odroid4,odroid4,odroid4
4955,odroid4,odroid4,odroid4
4956,odroid4,odroid4,odroid4
4957,odroid4,odroid4,odroid4
4958,odroid4,odroid4,odroid4
4959,odroid4,odroid4,odroid4
4960,odroid4,odroid4,odroid4
4961,odroid4,odroid4,odroid4
4962,odroid4,odroid4,odroid4
4963,odroid4,odroid4,odroid4
4964,odroid4,odroid4,odroid4
4965,odroid4,odroid4,odroid4
4966,odroid4,odroid4,odroid4
4967,odroid4,odroid4,odroid4
4968,odroid4,odroid4,odroid4
4969,odroid4,odroid4,odroid4
4970,odroid4,odroid4,odroid4
4971,odroid4,odroid4,odroid4
4972,odroid4,odroid4,odroid4
4973,odroid4,odroid4,odroid4
4974,odroid4,odroid4,odroid4
4975,odroid4,odroid4,odroid4
4976,odroid4,odroid4,odroid4
4977,odroid4,odroid4,odroid4
4978,odroid4,odroid4,odroid4
4979,odroid4,odroid4,odroid4
4980,odroid4,odroid4,odroid4
4981,odroid4,odroid4,odroid4
4982,odroid4,odroid4,odroid4
4983,odroid4,odroid4,odroid4
4984,odroid4,odroid4,odroid4
4985,odroid4,odroid4,odroid4
4986,odroid4,odroid4,odroid4
4987,odroid4,odroid4,odroid4
4988,odroid4,odroid4,odroid4
4989,odroid4,odroid4,odroid4
4990,odroid4,odroid4,odroid4
4991,odroid4,odroid4,odroid4
4992,odroid4,odroid4,odroid4
4993,odroid4,odroid4,odroid4
4994,odroid4,odroid4,odroid4
4995,odroid4,odroid4,odroid4
4996,odroid4,odroid4,odroid4
4997,odroid4,odroid4,odroid4
4998,odroid4,odroid4,odroid4
4999,odroid4,odroid4,odroid4
5000,odroid4,odroid4,odroid4
5001,odroid4,odroid4,odroid4
5002,odroid4,odroid4,odroid4
5003,odroid4,odroid4,odroid4
5004,odroid4,odroid4,odroid4
5005,odroid4,odroid4,odroid4
5006,odroid4,odroid4,odroid4
5007,odroid4,odroid4,odroid4
5008,odroid4,odroid4,odroid4
5009,odroid4,odroid4,odroid4
5010,odroid4,odroid4,odroid4
5011,odroid4,odroid4,odroid4
5012,odroid4,odroid4,odroid4
5013,odroid4,odroid4,odroid4
5014,odroid4,odroid4,odroid4
5015,odroid4,odroid4,odroid4
5016,odroid4,odroid4,odroid4
5017,odroid4,odroid4,odroid4
5018,odroid4,odroid4,odroid4
5019,odroid4,odroid4,odroid4
5020,odroid4,odroid4,odroid4
5021,odroid4,odroid4,odroid4
5022,odroid4,odroid4,odroid4
5023,odroid4,odroid4,odroid4
5024,odroid4,odroid4,odroid4
5025,odroid4,odroid4,odroid3
5026,odroid4,odroid4,odroid4
5027,odroid4,odroid4,odroid4
5028,odroid4,odroid4,odroid4
5029,odroid4,odroid4,odroid4
5030,odroid4,odroid4,odroid4
5031,odroid4,odroid4,odroid4
5032,odroid4,odroid4,odroid4
5033,odroid4,odroid4,odroid4
5034,odroid4,odroid4,odroid4
5035,odroid4,odroid4,odroid4
5036,odroid4,odroid4,odroid4
5037,odroid4,odroid4,odroid4
5038,odroid4,odroid4,odroid4
5039,odroid4,odroid4,odroid4
5040,odroid4,odroid4,odroid4
5041,odroid4,odroid4,odroid4
5042,odroid4,odroid4,odroid4
5043,odroid4,odroid4,odroid4
5044,odroid4,odroid4,odroid4
5045,odroid4,odroid4,odroid4
5046,odroid4,odroid4,odroid4
5047,odroid4,odroid4,odroid4
5048,odroid4,odroid4,odroid4
5049,odroid4,odroid4,odroid4
5050,odroid4,odroid4,odroid4
5051,odroid4,odroid4,odroid4
5052,odroid4,odroid4,odroid4
5053,odroid4,odroid4,odroid4
5054,odroid4,odroid4,odroid4
5055,odroid4,odroid4,odroid4
5056,odroid4,odroid4,odroid4
5057,odroid4,odroid4,odroid4
5058,odroid4,odroid4,odroid4
5059,odroid4,odroid4,odroid4
5060,odroid4,odroid4,odroid4
5061,odroid4,odroid4,odroid4
5062,odroid4,odroid4,odroid4
5063,odroid4,odroid4,odroid4
5064,odroid4,odroid4,odroid4
5065,odroid4,odroid4,odroid4
5066,odroid4,odroid4,odroid4
5067,odroid4,odroid4,odroid4
5068,odroid4,odroid4,odroid4
5069,odroid4,odroid4,odroid4
5070,odroid4,odroid4,odroid4
5071,odroid4,odroid4,odroid1
5072,odroid4,odroid4,odroid4
5073,odroid4,odroid4,odroid4
5074,odroid4,odroid4,odroid4
5075,odroid4,odroid4,odroid4
5076,odroid4,odroid4,odroid4
5077,odroid4,odroid4,odroid4
5078,odroid4,odroid4,odroid4
5079,odroid4,odroid4,odroid4
5080,odroid4,odroid4,odroid4
5081,odroid4,odroid4,odroid4
5082,odroid4,odroid4,odroid4
5083,odroid4,odroid4,odroid4
5084,odroid4,odroid4,odroid4
5085,odroid4,odroid4,odroid4
5086,odroid4,odroid4,odroid4
5087,odroid4,odroid4,odroid4
5088,odroid4,odroid4,odroid4
5089,odroid4,odroid4,odroid4
5090,odroid4,odroid4,odroid4
5091,odroid4,odroid4,odroid4
5092,odroid4,odroid4,odroid4
5093,odroid4,odroid4,odroid4
5094,odroid4,odroid4,odroid4
5095,odroid4,odroid4,odroid4
5096,odroid4,odroid4,odroid4
5097,odroid4,odroid4,odroid4
5098,odroid4,odroid4,odroid4
5099,odroid4,odroid4,odroid4
5100,odroid4,odroid4,odroid4
5101,odroid4,odroid4,odroid4
5102,odroid4,odroid4,odroid4
5103,odroid4,odroid4,odroid4
5104,odroid4,odroid4,odroid4
5105,odroid4,odroid4,odroid4
5106,odroid4,odroid4,odroid4
5107,odroid4,odroid4,odroid4
5108,odroid4,odroid4,odroid4
5109,odroid4,odroid4,odroid4
5110,odroid4,odroid4,odroid4
5111,odroid4,odroid4,odroid4
5112,odroid4,odroid4,odroid4
5113,odroid4,odroid4,odroid4
5114,odroid4,odroid4,odroid4
5115,odroid4,odroid4,odroid4
5116,odroid4,odroid4,odroid4
5117,odroid4,odroid4,odroid4
5118,odroid4,odroid4,odroid4
5119,odroid4,odroid4,odroid4
5120,odroid4,odroid4,odroid4
5121,odroid4,odroid4,odroid2
5122,odroid4,odroid4,odroid4
5123,odroid4,odroid4,odroid4
5124,odroid4,odroid4,odroid4
5125,odroid4,odroid4,odroid4
5126,odroid4,odroid4,odroid4
5127,odroid4,odroid4,odroid4
5128,odroid4,odroid4,odroid4
5129,odroid4,odroid4,odroid4
5130,odroid4,odroid4,odroid4
5131,odroid4,odroid4,odroid4
5132,odroid4,odroid4,odroid4
5133,odroid4,odroid4,odroid4
5134,odroid4,odroid4,odroid4
5135,odroid4,odroid4,odroid4
5136,odroid4,odroid4,odroid4
5137,odroid4,odroid4,odroid4
5138,odroid4,odroid4,odroid4
5139,odroid4,odroid4,odroid4
5140,odroid4,odroid4,odroid4
5141,odroid4,odroid4,odroid4
5142,odroid4,odroid4,odroid4
5143,odroid4,odroid4,odroid4
5144,odroid4,odroid4,odroid4
5145,odroid4,odroid4,odroid4
5146,odroid4,odroid4,odroid4
5147,odroid4,odroid4,odroid4
5148,odroid4,odroid4,odroid4
5149,odroid4,odroid4,odroid4
5150,odroid4,odroid4,odroid4
5151,odroid4,odroid4,odroid4
5152,odroid4,odroid4,odroid4
5153,odroid4,odroid2,odroid4
5154,odroid4,odroid4,odroid4
5155,odroid4,odroid4,odroid4
5156,odroid4,odroid4,odroid4
5157,odroid4,odroid4,odroid4
5158,odroid4,odroid4,odroid4
5159,odroid4,odroid4,odroid4
5160,odroid4,odroid4,odroid4
5161,odroid4,odroid4,odroid4
5162,odroid4,odroid4,odroid4
5163,odroid4,odroid4,odroid4
5164,odroid4,odroid4,odroid4
5165,odroid4,odroid4,odroid4
5166,odroid4,odroid4,odroid4
5167,odroid4,odroid4,odroid4
5168,odroid4,odroid4,odroid3
5169,odroid4,odroid4,odroid4
5170,odroid4,odroid4,odroid4
5171,odroid4,odroid4,odroid4
5172,odroid4,odroid4,odroid4
5173,odroid4,odroid4,odroid4
5174,odroid4,odroid4,odroid4
5175,odroid4,odroid4,odroid4
5176,odroid4,odroid4,odroid4
5177,odroid4,odroid4,odroid4
5178,odroid4,odroid4,odroid4
5179,odroid4,odroid4,odroid4
5180,odroid4,odroid4,odroid4
5181,odroid4,odroid4,odroid4
5182,odroid4,odroid4,odroid4
5183,odroid4,odroid4,odroid4
5184,odroid4,odroid4,odroid4
5185,odroid4,odroid4,odroid2
5186,odroid4,odroid4,odroid4
5187,odroid4,odroid4,odroid4
5188,odroid4,odroid4,odroid4
5189,odroid4,odroid4,odroid4
5190,odroid4,odroid4,odroid4
5191,odroid4,odroid4,odroid4
5192,odroid4,odroid4,odroid4
5193,odroid4,odroid4,odroid4
5194,odroid4,odroid4,odroid4
5195,odroid4,odroid4,odroid4
5196,odroid4,odroid4,odroid4
5197,odroid4,odroid4,odroid4
5198,odroid4,odroid4,odroid4
5199,odroid4,odroid4,odroid4
5200,odroid4,odroid4,odroid4
5201,odroid4,odroid4,odroid4
5202,odroid4,odroid4,odroid4
5203,odroid4,odroid4,odroid4
5204,odroid4,odroid4,odroid4
5205,odroid4,odroid4,odroid4
5206,odroid4,odroid4,odroid4
5207,odroid4,odroid4,odroid4
5208,odroid4,odroid4,odroid4
5209,odroid4,odroid4,odroid4
5210,odroid4,odroid4,odroid4
5211,odroid4,odroid4,odroid4
5212,odroid4,odroid4,odroid4
5213,odroid4,odroid4,odroid4
5214,odroid4,odroid4,odroid4
5215,odroid4,odroid4,odroid4
5216,odroid4,odroid4,odroid4
5217,odroid4,odroid4,odroid4
5218,odroid4,odroid4,odroid4
5219,odroid4,odroid4,odroid4
5220,odroid4,odroid4,odroid4
5221,odroid4,odroid4,odroid4
5222,odroid4,odroid4,odroid4
5223,odroid4,odroid4,odroid4
5224,odroid4,odroid4,odroid4
5225,odroid4,odroid4,odroid4
5226,odroid4,odroid4,odroid4
5227,odroid4,odroid4,odroid4
5228,odroid4,odroid4,odroid4
5229,odroid4,odroid4,odroid4
5230,odroid4,odroid4,odroid4
5231,odroid4,odroid4,odroid4
5232,odroid4,odroid4,odroid4
5233,odroid4,odroid4,odroid4
5234,odroid4,odroid4,odroid4
5235,odroid4,odroid4,odroid4
5236,odroid4,odroid4,odroid2
5237,odroid4,odroid4,odroid4
5238,odroid4,odroid4,odroid4
5239,odroid4,odroid4,odroid4
5240,odroid4,odroid4,odroid4
5241,odroid4,odroid4,odroid4
5242,odroid4,odroid4,odroid4
5243,odroid4,odroid4,odroid4
5244,odroid4,odroid4,odroid4
5245,odroid4,odroid4,odroid4
5246,odroid4,odroid4,odroid4
5247,odroid4,odroid4,odroid4
5248,odroid4,odroid4,odroid4
5249,odroid4,odroid4,odroid4
5250,odroid4,odroid4,odroid4
5251,odroid4,odroid4,odroid4
5252,odroid4,odroid4,odroid4
5253,odroid4,odroid4,odroid4
5254,odroid4,odroid4,odroid4
5255,odroid4,odroid4,odroid4
5256,odroid4,odroid4,odroid4
5257,odroid4,odroid4,odroid4
5258,odroid4,odroid4,odroid4
5259,odroid4,odroid4,odroid4
5260,odroid4,odroid4,odroid4
5261,odroid4,odroid4,odroid4
5262,odroid4,odroid4,odroid4
5263,odroid4,odroid4,odroid4
5264,odroid4,odroid4,odroid4
5265,odroid4,odroid4,odroid4
5266,odroid4,odroid4,odroid4
5267,odroid4,odroid4,odroid4
5268,odroid4,odroid4,odroid4
5269,odroid4,odroid4,odroid4
5270,odroid4,odroid4,odroid4
5271,odroid4,odroid4,odroid4
5272,odroid4,odroid4,odroid4
5273,odroid4,odroid4,odroid4
5274,odroid4,odroid4,odroid4
5275,odroid4,odroid4,odroid4
5276,odroid4,odroid4,odroid4
5277,odroid4,odroid4,odroid4
5278,odroid4,odroid4,odroid4
5279,odroid4,odroid4,odroid4
5280,odroid4,odroid4,odroid4
5281,odroid4,odroid4,odroid4
5282,odroid4,odroid4,odroid4
5283,odroid4,odroid4,odroid4
5284,odroid4,odroid4,odroid4
5285,odroid4,odroid4,odroid4
5286,odroid4,odroid4,odroid4
5287,odroid4,odroid4,odroid4
5288,odroid4,odroid4,odroid4
5289,odroid4,odroid4,odroid4
5290,odroid4,odroid4,odroid4
5291,odroid4,odroid4,odroid4
5292,odroid4,odroid4,odroid4
5293,odroid4,odroid4,odroid4
5294,odroid4,odroid4,odroid4
5295,odroid4,odroid4,odroid4
5296,odroid4,odroid4,odroid4
5297,odroid4,odroid4,odroid4
5298,odroid4,odroid4,odroid4
5299,odroid4,odroid4,odroid4
5300,odroid4,odroid4,odroid4
5301,odroid4,odroid4,odroid4
5302,odroid4,odroid4,odroid4
5303,odroid4,odroid4,odroid4
5304,odroid4,odroid4,odroid4
5305,odroid4,odroid4,odroid4
5306,odroid4,odroid4,odroid4
5307,odroid4,odroid4,odroid3
5308,odroid4,odroid4,odroid4
5309,odroid4,odroid4,odroid4
5310,odroid4,odroid4,odroid4
5311,odroid4,odroid4,odroid4
5312,odroid4,odroid4,odroid4
5313,odroid4,odroid4,odroid4
5314,odroid4,odroid4,odroid4
5315,odroid4,odroid4,odroid4
5316,odroid4,odroid4,odroid4
5317,odroid4,odroid4,odroid4
5318,odroid4,odroid4,odroid4
5319,odroid4,odroid4,odroid4
5320,odroid4,odroid4,odroid4
5321,odroid4,odroid4,odroid4
5322,odroid4,odroid4,odroid4
5323,odroid4,odroid4,odroid4
5324,odroid4,odroid4,odroid4
5325,odroid4,odroid4,odroid4
5326,odroid4,odroid4,odroid4
5327,odroid4,odroid4,odroid4
5328,odroid4,odroid4,odroid4
5329,odroid4,odroid1,odroid2
5330,odroid4,odroid4,odroid4
5331,odroid4,odroid4,odroid4
5332,odroid4,odroid4,odroid4
5333,odroid4,odroid4,odroid4
5334,odroid4,odroid4,odroid4
5335,odroid4,odroid4,odroid4
5336,odroid4,odroid4,odroid4
5337,odroid4,odroid4,odroid4
5338,odroid4,odroid4,odroid4
5339,odroid4,odroid4,odroid4
5340,odroid4,odroid4,odroid4
5341,odroid4,odroid4,odroid4
5342,odroid4,odroid4,odroid4
5343,odroid4,odroid4,odroid4
5344,odroid4,odroid4,odroid4
5345,odroid4,odroid4,odroid4
5346,odroid4,odroid4,odroid4
5347,odroid4,odroid4,odroid4
5348,odroid4,odroid4,odroid4
5349,odroid4,odroid4,odroid4
5350,odroid4,odroid4,odroid4
5351,odroid4,odroid4,odroid4
5352,odroid4,odroid4,odroid4
5353,odroid4,odroid4,odroid4
5354,odroid4,odroid4,odroid4
5355,odroid4,odroid4,odroid4
5356,odroid4,odroid4,odroid4
5357,odroid4,odroid4,odroid4
5358,odroid4,odroid4,odroid4
5359,odroid4,odroid4,odroid4
5360,odroid4,odroid4,odroid4
5361,odroid4,odroid4,odroid4
5362,odroid4,odroid4,odroid4
5363,odroid4,odroid4,odroid4
5364,odroid4,odroid4,odroid4
5365,odroid4,odroid4,odroid4
5366,odroid4,odroid4,odroid4
5367,odroid4,odroid4,odroid4
5368,odroid4,odroid4,odroid4
5369,odroid4,odroid4,odroid4
5370,odroid4,odroid4,odroid4
5371,odroid4,odroid4,odroid4
5372,odroid4,odroid4,odroid4
5373,odroid4,odroid4,odroid4
5374,odroid4,odroid4,odroid4
5375,odroid4,odroid4,odroid4
5376,odroid4,odroid4,odroid4
5377,odroid4,odroid4,odroid4
5378,odroid4,odroid4,odroid4
5379,odroid4,odroid4,odroid4
5380,odroid4,odroid4,odroid4
5381,odroid4,odroid4,odroid4
5382,odroid4,odroid4,odroid4
5383,odroid4,odroid4,odroid4
5384,odroid4,odroid4,odroid4
5385,odroid4,odroid4,odroid4
5386,odroid4,odroid4,odroid4
5387,odroid4,odroid4,odroid4
5388,odroid4,odroid4,odroid4
5389,odroid4,odroid4,odroid4
5390,odroid4,odroid4,odroid4
5391,odroid4,odroid4,odroid4
5392,odroid4,odroid4,odroid4
5393,odroid4,odroid4,odroid4
5394,odroid4,odroid4,odroid4
5395,odroid4,odroid4,odroid4
5396,odroid4,odroid4,odroid4
5397,odroid4,odroid4,odroid4
5398,odroid4,odroid4,odroid4
5399,odroid4,odroid4,odroid4
5400,odroid4,odroid4,odroid4
5401,odroid4,odroid4,odroid4
5402,odroid4,odroid4,odroid4
5403,odroid4,odroid4,odroid4
5404,odroid4,odroid4,odroid4
5405,odroid4,odroid4,odroid4
5406,odroid4,odroid4,odroid4
5407,odroid4,odroid4,odroid4
5408,odroid4,odroid4,odroid4
5409,odroid4,odroid4,odroid4
5410,odroid4,odroid4,odroid4
5411,odroid4,odroid4,odroid4
5412,odroid4,odroid4,odroid4
5413,odroid4,odroid4,odroid4
5414,odroid4,odroid4,odroid4
5415,odroid4,odroid4,odroid4
5416,odroid4,odroid4,odroid4
5417,odroid4,odroid4,odroid4
5418,odroid4,odroid4,odroid4
5419,odroid4,odroid4,odroid4
5420,odroid4,odroid4,odroid4
5421,odroid4,odroid4,odroid4
5422,odroid4,odroid4,odroid4
5423,odroid4,odroid4,odroid4
5424,odroid4,odroid4,odroid4
5425,odroid4,odroid4,odroid4
5426,odroid4,odroid4,odroid4
5427,odroid4,odroid4,odroid4
5428,odroid4,odroid4,odroid4
5429,odroid4,odroid4,odroid4
5430,odroid4,odroid4,odroid4
5431,odroid4,odroid2,odroid4
5432,odroid4,odroid4,odroid4
5433,odroid4,odroid4,odroid4
5434,odroid4,odroid4,odroid4
5435,odroid4,odroid4,odroid4
5436,odroid4,odroid4,odroid4
5437,odroid4,odroid4,odroid4
5438,odroid4,odroid4,odroid4
5439,odroid4,odroid4,odroid4
5440,odroid4,odroid4,odroid4
5441,odroid4,odroid4,odroid4
5442,odroid4,odroid4,odroid4
5443,odroid4,odroid4,odroid4
5444,odroid4,odroid4,odroid4
5445,odroid4,odroid4,odroid4
5446,odroid4,odroid4,odroid4
5447,odroid4,odroid4,odroid4
5448,odroid4,odroid4,odroid4
5449,odroid4,odroid4,odroid4
5450,odroid4,odroid4,odroid4
5451,odroid4,odroid4,odroid4
5452,odroid4,odroid4,odroid4
5453,odroid4,odroid4,odroid4
5454,odroid4,odroid4,odroid4
5455,odroid4,odroid4,odroid4
5456,odroid4,odroid4,odroid4
5457,odroid4,odroid4,odroid4
5458,odroid4,odroid4,odroid4
5459,odroid4,odroid4,odroid4
5460,odroid4,odroid4,odroid4
5461,odroid4,odroid4,odroid4
5462,odroid4,odroid4,odroid4
5463,odroid4,odroid4,odroid4
5464,odroid4,odroid4,odroid4
5465,odroid4,odroid4,odroid4
5466,odroid4,odroid4,odroid4
5467,odroid4,odroid4,odroid4
5468,odroid4,odroid4,odroid4
5469,odroid4,odroid4,odroid4
5470,odroid4,odroid4,odroid4
5471,odroid4,odroid4,odroid4
5472,odroid4,odroid4,odroid4
5473,odroid4,odroid4,odroid4
5474,odroid4,odroid4,odroid4
5475,odroid4,odroid4,odroid4
5476,odroid4,odroid4,odroid4
5477,odroid4,odroid4,odroid4
5478,odroid4,odroid4,odroid4
5479,odroid4,odroid4,odroid4
5480,odroid4,odroid4,odroid4
5481,odroid4,odroid4,odroid4
5482,odroid4,odroid4,odroid4
5483,odroid4,odroid4,odroid4
5484,odroid4,odroid4,odroid4
5485,odroid4,odroid4,odroid4
5486,odroid4,odroid4,odroid4
5487,odroid4,odroid4,odroid4
5488,odroid4,odroid4,odroid4
5489,odroid4,odroid4,odroid4
5490,odroid4,odroid4,odroid4
5491,odroid4,odroid4,odroid4
5492,odroid4,odroid4,odroid4
5493,odroid4,odroid4,odroid4
5494,odroid4,odroid4,odroid4
5495,odroid4,odroid4,odroid4
5496,odroid4,odroid4,odroid4
5497,odroid4,odroid4,odroid4
5498,odroid4,odroid4,odroid4
5499,odroid4,odroid4,odroid4
5500,odroid4,odroid4,odroid4
5501,odroid4,odroid4,odroid4
5502,odroid4,odroid4,odroid4
5503,odroid4,odroid4,odroid4
5504,odroid4,odroid4,odroid4
5505,odroid4,odroid4,odroid4
5506,odroid4,odroid4,odroid4
5507,odroid4,odroid4,odroid4
5508,odroid4,odroid4,odroid4
5509,odroid4,odroid4,odroid4
5510,odroid4,odroid4,odroid4
5511,odroid4,odroid4,odroid4
5512,odroid4,odroid4,odroid4
5513,odroid4,odroid4,odroid4
5514,odroid4,odroid4,odroid4
5515,odroid4,odroid4,odroid4
5516,odroid4,odroid4,odroid4
5517,odroid4,odroid4,odroid4
5518,odroid4,odroid4,odroid4
5519,odroid4,odroid4,odroid2
5520,odroid4,odroid4,odroid4
5521,odroid4,odroid4,odroid4
5522,odroid4,odroid4,odroid4
5523,odroid4,odroid4,odroid4
5524,odroid4,odroid4,odroid4
5525,odroid4,odroid4,odroid4
5526,odroid4,odroid4,odroid4
5527,odroid4,odroid4,odroid4
5528,odroid4,odroid4,odroid4
5529,odroid4,odroid4,odroid4
5530,odroid4,odroid4,odroid4
5531,odroid4,odroid4,odroid4
5532,odroid4,odroid4,odroid4
5533,odroid4,odroid4,odroid4
5534,odroid4,odroid4,odroid4
5535,odroid4,odroid4,odroid4
5536,odroid4,odroid4,odroid4
5537,odroid4,odroid4,odroid4
5538,odroid4,odroid2,odroid4
5539,odroid4,odroid4,odroid4
5540,odroid4,odroid4,odroid4
5541,odroid4,odroid4,odroid4
5542,odroid4,odroid4,odroid4
5543,odroid4,odroid4,odroid4
5544,odroid4,odroid4,odroid4
5545,odroid4,odroid4,odroid4
5546,odroid4,odroid4,odroid4
5547,odroid4,odroid4,odroid4
5548,odroid4,odroid4,odroid4
5549,odroid4,odroid4,odroid4
5550,odroid4,odroid4,odroid4
5551,odroid4,odroid4,odroid4
5552,odroid4,odroid4,odroid4
5553,odroid4,odroid4,odroid4
5554,odroid4,odroid4,odroid4
5555,odroid4,odroid4,odroid4
5556,odroid4,odroid4,odroid4
5557,odroid4,odroid4,odroid4
5558,odroid4,odroid4,odroid4
5559,odroid4,odroid4,odroid4
5560,odroid4,odroid4,odroid4
5561,odroid4,odroid4,odroid4
5562,odroid4,odroid4,odroid4
5563,odroid4,odroid4,odroid4
5564,odroid4,odroid4,odroid4
5565,odroid4,odroid4,odroid4
5566,odroid4,odroid4,odroid4
5567,odroid4,odroid4,odroid4
5568,odroid4,odroid4,odroid4
5569,odroid4,odroid4,odroid2
5570,odroid4,odroid4,odroid4
5571,odroid4,odroid4,odroid4
5572,odroid4,odroid4,odroid4
5573,odroid4,odroid4,odroid4
5574,odroid4,odroid4,odroid4
5575,odroid4,odroid4,odroid4
5576,odroid4,odroid4,odroid4
5577,odroid4,odroid4,odroid3
5578,odroid4,odroid4,odroid4
5579,odroid4,odroid4,odroid4
5580,odroid4,odroid4,odroid4
5581,odroid4,odroid4,odroid4
5582,odroid4,odroid4,odroid4
5583,odroid4,odroid4,odroid4
5584,odroid4,odroid4,odroid4
5585,odroid4,odroid4,odroid4
5586,odroid4,odroid4,odroid4
5587,odroid4,odroid4,odroid4
5588,odroid4,odroid4,odroid4
5589,odroid4,odroid4,odroid4
5590,odroid4,odroid4,odroid2
5591,odroid4,odroid4,odroid4
5592,odroid4,odroid4,odroid4
5593,odroid4,odroid4,odroid4
5594,odroid4,odroid4,odroid4
5595,odroid4,odroid4,odroid4
5596,odroid4,odroid4,odroid4
5597,odroid4,odroid4,odroid4
5598,odroid4,odroid4,odroid4
5599,odroid4,odroid4,odroid4
5600,odroid4,odroid4,odroid4
5601,odroid4,odroid4,odroid4
5602,odroid4,odroid4,odroid4
5603,odroid4,odroid4,odroid4
5604,odroid4,odroid4,odroid4
5605,odroid4,odroid4,odroid4
5606,odroid4,odroid4,odroid4
5607,odroid4,odroid4,odroid4
5608,odroid4,odroid4,odroid4
5609,odroid4,odroid4,odroid4
5610,odroid4,odroid4,odroid4
5611,odroid4,odroid4,odroid4
5612,odroid4,odroid4,odroid4
5613,odroid4,odroid4,odroid4
5614,odroid4,odroid4,odroid4
5615,odroid4,odroid4,odroid4
5616,odroid4,odroid4,odroid4
5617,odroid4,odroid4,odroid4
5618,odroid4,odroid4,odroid4
5619,odroid4,odroid4,odroid4
5620,odroid4,odroid4,odroid4
5621,odroid4,odroid4,odroid4
5622,odroid4,odroid4,odroid4
5623,odroid4,odroid4,odroid2
5624,odroid4,odroid4,odroid4
5625,odroid4,odroid4,odroid4
5626,odroid3,odroid3,odroid3
5627,odroid3,odroid3,odroid3
5628,odroid3,odroid3,odroid3
5629,odroid3,odroid3,odroid3
5630,odroid3,odroid3,odroid3
5631,odroid3,odroid3,odroid3
5632,odroid3,odroid3,odroid3
5633,odroid3,odroid3,odroid3
5634,odroid3,odroid1,odroid3
5635,odroid3,odroid3,odroid3
5636,odroid3,odroid3,odroid3
5637,odroid3,odroid3,odroid3
5638,odroid3,odroid3,odroid3
5639,odroid3,odroid3,odroid3
5640,odroid3,odroid3,odroid3
5641,odroid3,odroid3,odroid3
5642,odroid3,odroid3,odroid3
5643,odroid3,odroid3,odroid3
5644,odroid3,odroid3,odroid3
5645,odroid3,odroid3,odroid3
5646,odroid3,odroid3,odroid3
5647,odroid3,odroid3,odroid3
5648,odroid3,odroid3,odroid3
5649,odroid3,odroid3,odroid3
5650,odroid3,odroid3,odroid3
5651,odroid3,odroid3,odroid3
5652,odroid3,odroid3,odroid3
5653,odroid3,odroid3,odroid3
5654,odroid3,odroid3,odroid3
5655,odroid3,odroid3,odroid3
5656,odroid3,odroid3,odroid3
5657,odroid3,odroid3,odroid3
5658,odroid3,odroid3,odroid3
5659,odroid3,odroid3,odroid3
5660,odroid3,odroid3,odroid3
5661,odroid3,odroid3,odroid3
5662,odroid3,odroid3,odroid3
5663,odroid3,odroid3,odroid3
5664,odroid3,odroid3,odroid3
5665,odroid3,odroid3,odroid3
5666,odroid3,odroid3,odroid3
5667,odroid3,odroid3,odroid3
5668,odroid3,odroid3,odroid3
5669,odroid3,odroid3,odroid3
5670,odroid3,odroid3,odroid3
5671,odroid3,odroid3,odroid3
5672,odroid3,odroid3,odroid3
5673,odroid3,odroid3,odroid3
5674,odroid3,odroid3,odroid3
5675,odroid3,odroid3,odroid3
5676,odroid3,odroid3,odroid3
5677,odroid3,odroid3,odroid3
5678,odroid3,odroid3,odroid3
5679,odroid3,odroid3,odroid3
5680,odroid3,odroid3,odroid3
5681,odroid3,odroid3,odroid3
5682,odroid3,odroid3,odroid3
5683,odroid3,odroid3,odroid3
5684,odroid3,odroid3,odroid3
5685,odroid3,odroid3,odroid3
5686,odroid3,odroid3,odroid3
5687,odroid3,odroid3,odroid3
5688,odroid3,odroid3,odroid3
5689,odroid3,odroid3,odroid3
5690,odroid3,odroid3,odroid3
5691,odroid3,odroid3,odroid3
5692,odroid3,odroid3,odroid3
5693,odroid3,odroid3,odroid3
5694,odroid3,odroid3,odroid3
5695,odroid3,odroid3,odroid3
5696,odroid3,odroid3,odroid3
5697,odroid3,odroid3,odroid3
5698,odroid3,odroid3,odroid3
5699,odroid3,odroid3,odroid3
5700,odroid3,odroid3,odroid3
5701,odroid3,odroid3,odroid3
5702,odroid3,odroid3,odroid3
5703,odroid3,odroid3,odroid3
5704,odroid3,odroid3,odroid3
5705,odroid3,odroid3,odroid3
5706,odroid3,odroid3,odroid3
5707,odroid3,odroid3,odroid3
5708,odroid3,odroid3,odroid3
5709,odroid3,odroid3,odroid3
5710,odroid3,odroid3,odroid3
5711,odroid3,odroid3,odroid3
5712,odroid3,odroid3,odroid3
5713,odroid3,odroid3,odroid3
5714,odroid3,odroid3,odroid3
5715,odroid3,odroid3,odroid3
5716,odroid3,odroid3,odroid3
5717,odroid3,odroid3,odroid3
5718,odroid3,odroid3,odroid3
5719,odroid3,odroid3,odroid3
5720,odroid3,odroid3,odroid3
5721,odroid3,odroid3,odroid3
5722,odroid3,odroid3,odroid3
5723,odroid3,odroid3,odroid3
5724,odroid3,odroid3,odroid3
5725,odroid3,odroid3,odroid3
5726,odroid3,odroid3,odroid3
5727,odroid3,odroid3,odroid3
5728,odroid3,odroid3,odroid3
5729,odroid3,odroid3,odroid3
5730,odroid3,odroid3,odroid3
5731,odroid3,odroid3,odroid3
5732,odroid3,odroid3,odroid3
5733,odroid3,odroid3,odroid3
5734,odroid3,odroid3,odroid3
5735,odroid3,odroid3,odroid3
5736,odroid3,odroid3,odroid3
5737,odroid3,odroid3,odroid3
5738,odroid3,odroid3,odroid3
5739,odroid3,odroid3,odroid3
5740,odroid3,odroid3,odroid3
5741,odroid3,odroid3,odroid3
5742,odroid3,odroid3,odroid3
5743,odroid3,odroid3,odroid3
5744,odroid3,odroid3,odroid3
5745,odroid3,odroid3,odroid3
5746,odroid3,odroid3,odroid3
5747,odroid3,odroid3,odroid3
5748,odroid3,odroid3,odroid3
5749,odroid3,odroid3,odroid3
5750,odroid3,odroid3,odroid3
5751,odroid3,odroid3,odroid3
5752,odroid3,odroid3,odroid3
5753,odroid3,odroid3,odroid3
5754,odroid3,odroid3,odroid3
5755,odroid3,odroid3,odroid3
5756,odroid3,odroid3,odroid3
5757,odroid3,odroid3,odroid3
5758,odroid3,odroid3,odroid3
5759,odroid3,odroid3,odroid3
5760,odroid3,odroid3,odroid3
5761,odroid3,odroid3,odroid3
5762,odroid3,odroid3,odroid3
5763,odroid3,odroid3,odroid3
5764,odroid3,odroid3,odroid3
5765,odroid3,odroid3,odroid3
5766,odroid3,odroid1,odroid3
5767,odroid3,odroid3,odroid3
5768,odroid3,odroid3,odroid3
5769,odroid3,odroid3,odroid3
5770,odroid3,odroid3,odroid3
5771,odroid3,odroid3,odroid3
5772,odroid3,odroid3,odroid3
5773,odroid3,odroid3,odroid3
5774,odroid3,odroid3,odroid3
5775,odroid3,odroid3,odroid3
5776,odroid3,odroid3,odroid3
5777,odroid3,odroid3,odroid3
5778,odroid3,odroid3,odroid3
5779,odroid3,odroid3,odroid3
5780,odroid3,odroid3,odroid3
5781,odroid3,odroid3,odroid3
5782,odroid3,odroid3,odroid3
5783,odroid3,odroid3,odroid3
5784,odroid3,odroid3,odroid3
5785,odroid3,odroid3,odroid3
5786,odroid3,odroid3,odroid3
5787,odroid3,odroid3,odroid3
5788,odroid3,odroid3,odroid3
5789,odroid3,odroid3,odroid3
5790,odroid3,odroid3,odroid3
5791,odroid3,odroid3,odroid3
5792,odroid3,odroid3,odroid3
5793,odroid3,odroid3,odroid3
5794,odroid3,odroid3,odroid3
5795,odroid3,odroid3,odroid3
5796,odroid3,odroid3,odroid3
5797,odroid3,odroid3,odroid3
5798,odroid3,odroid3,odroid3
5799,odroid3,odroid3,odroid3
5800,odroid3,odroid3,odroid3
5801,odroid3,odroid2,odroid3
5802,odroid3,odroid3,odroid3
5803,odroid3,odroid3,odroid3
5804,odroid3,odroid3,odroid3
5805,odroid3,odroid3,odroid3
5806,odroid3,odroid3,odroid3
5807,odroid3,odroid3,odroid3
5808,odroid3,odroid3,odroid3
5809,odroid3,odroid3,odroid3
5810,odroid3,odroid3,odroid3
5811,odroid3,odroid3,odroid3
5812,odroid3,odroid3,odroid3
5813,odroid3,odroid3,odroid3
5814,odroid3,odroid3,odroid3
5815,odroid3,odroid3,odroid3
5816,odroid3,odroid3,odroid3
5817,odroid3,odroid3,odroid3
5818,odroid3,odroid3,odroid3
5819,odroid3,odroid3,odroid3
5820,odroid3,odroid3,odroid3
5821,odroid3,odroid3,odroid3
5822,odroid3,odroid3,odroid3
5823,odroid3,odroid3,odroid3
5824,odroid3,odroid3,odroid3
5825,odroid3,odroid3,odroid1
5826,odroid3,odroid3,odroid3
5827,odroid3,odroid3,odroid3
5828,odroid3,odroid3,odroid3
5829,odroid3,odroid3,odroid3
5830,odroid3,odroid3,odroid3
5831,odroid3,odroid3,odroid3
5832,odroid3,odroid3,odroid3
5833,odroid3,odroid3,odroid3
5834,odroid3,odroid3,odroid3
5835,odroid3,odroid3,odroid3
5836,odroid3,odroid3,odroid3
5837,odroid3,odroid3,odroid3
5838,odroid3,odroid3,odroid3
5839,odroid3,odroid3,odroid3
5840,odroid3,odroid3,odroid3
5841,odroid3,odroid3,odroid3
5842,odroid3,odroid3,odroid3
5843,odroid3,odroid3,odroid3
5844,odroid3,odroid3,odroid3
5845,odroid3,odroid3,odroid3
5846,odroid3,odroid3,odroid3
5847,odroid3,odroid3,odroid3
5848,odroid3,odroid3,odroid3
5849,odroid3,odroid3,odroid3
5850,odroid3,odroid3,odroid3
5851,odroid3,odroid3,odroid3
5852,odroid3,odroid3,odroid3
5853,odroid3,odroid3,odroid3
5854,odroid3,odroid3,odroid3
5855,odroid3,odroid3,odroid3
5856,odroid3,odroid3,odroid3
5857,odroid3,odroid3,odroid3
5858,odroid3,odroid3,odroid3
5859,odroid3,odroid3,odroid3
5860,odroid3,odroid3,odroid3
5861,odroid3,odroid3,odroid3
5862,odroid3,odroid3,odroid3
5863,odroid3,odroid3,odroid3
5864,odroid3,odroid3,odroid3
5865,odroid3,odroid3,odroid3
5866,odroid3,odroid3,odroid3
5867,odroid3,odroid3,odroid3
5868,odroid3,odroid3,odroid3
5869,odroid3,odroid3,odroid3
5870,odroid3,odroid3,odroid3
5871,odroid3,odroid3,odroid3
5872,odroid3,odroid3,odroid3
5873,odroid3,odroid3,odroid3
5874,odroid3,odroid3,odroid3
5875,odroid3,odroid3,odroid3
5876,odroid3,odroid3,odroid3
5877,odroid3,odroid3,odroid4
5878,odroid3,odroid3,odroid3
5879,odroid3,odroid3,odroid3
5880,odroid3,odroid3,odroid3
5881,odroid3,odroid3,odroid3
5882,odroid3,odroid3,odroid3
5883,odroid3,odroid3,odroid3
5884,odroid3,odroid3,odroid3
5885,odroid3,odroid3,odroid3
5886,odroid3,odroid3,odroid3
5887,odroid3,odroid3,odroid3
5888,odroid3,odroid3,odroid3
5889,odroid3,odroid3,odroid3
5890,odroid3,odroid3,odroid3
5891,odroid3,odroid3,odroid3
5892,odroid3,odroid3,odroid3
5893,odroid3,odroid1,odroid3
5894,odroid3,odroid3,odroid1
5895,odroid3,odroid3,odroid1
5896,odroid3,odroid3,odroid3
5897,odroid3,odroid4,odroid1
5898,odroid3,odroid3,odroid3
5899,odroid3,odroid3,odroid3
5900,odroid3,odroid3,odroid3
5901,odroid3,odroid3,odroid3
5902,odroid3,odroid3,odroid3
5903,odroid3,odroid1,odroid3
5904,odroid3,odroid3,odroid3
5905,odroid3,odroid3,odroid3
5906,odroid3,odroid3,odroid3
5907,odroid3,odroid3,odroid3
5908,odroid3,odroid3,odroid3
5909,odroid3,odroid3,odroid3
5910,odroid3,odroid3,odroid3
5911,odroid3,odroid3,odroid3
5912,odroid3,odroid3,odroid3
5913,odroid3,odroid3,odroid3
5914,odroid3,odroid2,odroid3
5915,odroid3,odroid3,odroid3
5916,odroid3,odroid3,odroid3
5917,odroid3,odroid3,odroid3
5918,odroid3,odroid3,odroid3
5919,odroid3,odroid3,odroid3
5920,odroid3,odroid3,odroid3
5921,odroid3,odroid3,odroid3
5922,odroid3,odroid3,odroid3
5923,odroid3,odroid3,odroid3
5924,odroid3,odroid3,odroid3
5925,odroid3,odroid3,odroid3
5926,odroid3,odroid3,odroid3
5927,odroid3,odroid3,odroid3
5928,odroid3,odroid3,odroid3
5929,odroid3,odroid3,odroid3
5930,odroid3,odroid3,odroid3
5931,odroid3,odroid3,odroid3
5932,odroid3,odroid3,odroid3
5933,odroid3,odroid3,odroid3
5934,odroid3,odroid3,odroid3
5935,odroid3,odroid3,odroid3
5936,odroid3,odroid3,odroid3
5937,odroid3,odroid3,odroid3
5938,odroid3,odroid3,odroid3
5939,odroid3,odroid3,odroid3
5940,odroid3,odroid1,odroid3
5941,odroid3,odroid3,odroid3
5942,odroid3,odroid3,odroid3
5943,odroid3,odroid3,odroid3
5944,odroid3,odroid3,odroid3
5945,odroid3,odroid3,odroid3
5946,odroid3,odroid3,odroid3
5947,odroid3,odroid3,odroid3
5948,odroid3,odroid3,odroid3
5949,odroid3,odroid3,odroid3
5950,odroid3,odroid4,odroid3
5951,odroid3,odroid3,odroid3
5952,odroid3,odroid3,odroid3
5953,odroid3,odroid3,odroid3
5954,odroid3,odroid3,odroid1
5955,odroid3,odroid3,odroid3
5956,odroid3,odroid3,odroid3
5957,odroid3,odroid3,odroid3
5958,odroid3,odroid3,odroid3
5959,odroid3,odroid1,odroid3
5960,odroid3,odroid3,odroid3
5961,odroid3,odroid1,odroid3
5962,odroid3,odroid3,odroid3
5963,odroid3,odroid3,odroid3
5964,odroid3,odroid3,odroid3
5965,odroid3,odroid3,odroid3
5966,odroid3,odroid3,odroid3
5967,odroid3,odroid3,odroid3
5968,odroid3,odroid3,odroid3
5969,odroid3,odroid3,odroid3
5970,odroid3,odroid3,odroid3
5971,odroid3,odroid3,odroid3
5972,odroid3,odroid3,odroid3
5973,odroid3,odroid3,odroid3
5974,odroid3,odroid3,odroid3
5975,odroid3,odroid3,odroid3
5976,odroid3,odroid3,odroid3
5977,odroid3,odroid3,odroid3
5978,odroid3,odroid3,odroid3
5979,odroid3,odroid3,odroid1
5980,odroid3,odroid3,odroid3
5981,odroid3,odroid3,odroid3
5982,odroid3,odroid3,odroid3
5983,odroid3,odroid3,odroid3
5984,odroid3,odroid3,odroid3
5985,odroid3,odroid3,odroid3
5986,odroid3,odroid3,odroid3
5987,odroid3,odroid3,odroid3
5988,odroid3,odroid3,odroid3
5989,odroid3,odroid3,odroid3
5990,odroid3,odroid3,odroid3
5991,odroid3,odroid3,odroid3
5992,odroid3,odroid3,odroid3
5993,odroid3,odroid3,odroid3
5994,odroid3,odroid3,odroid3
5995,odroid3,odroid3,odroid3
5996,odroid3,odroid3,odroid3
5997,odroid3,odroid3,odroid3
5998,odroid3,odroid3,odroid3
5999,odroid3,odroid3,odroid3
6000,odroid3,odroid3,odroid3
6001,odroid3,odroid3,odroid4
6002,odroid3,odroid3,odroid3
6003,odroid3,odroid3,odroid3
6004,odroid3,odroid3,odroid3
6005,odroid3,odroid3,odroid3
6006,odroid3,odroid3,odroid3
6007,odroid3,odroid3,odroid3
6008,odroid3,odroid3,odroid3
6009,odroid3,odroid3,odroid3
6010,odroid3,odroid3,odroid3
6011,odroid3,odroid3,odroid3
6012,odroid3,odroid3,odroid3
6013,odroid3,odroid3,odroid1
6014,odroid3,odroid3,odroid3
6015,odroid3,odroid3,odroid3
6016,odroid3,odroid3,odroid3
6017,odroid3,odroid3,odroid3
6018,odroid3,odroid3,odroid3
6019,odroid3,odroid3,odroid3
6020,odroid3,odroid3,odroid3
6021,odroid3,odroid3,odroid3
6022,odroid3,odroid3,odroid3
6023,odroid3,odroid3,odroid3
6024,odroid3,odroid1,odroid3
6025,odroid3,odroid3,odroid3
6026,odroid3,odroid3,odroid3
6027,odroid3,odroid3,odroid3
6028,odroid3,odroid3,odroid3
6029,odroid3,odroid3,odroid3
6030,odroid3,odroid3,odroid3
6031,odroid3,odroid3,odroid3
6032,odroid3,odroid1,odroid3
6033,odroid3,odroid3,odroid3
6034,odroid3,odroid3,odroid3
6035,odroid3,odroid3,odroid3
6036,odroid3,odroid3,odroid3
6037,odroid3,odroid3,odroid3
6038,odroid3,odroid3,odroid1
6039,odroid3,odroid1,odroid3
6040,odroid3,odroid3,odroid3
6041,odroid3,odroid3,odroid3
6042,odroid3,odroid3,odroid3
6043,odroid3,odroid3,odroid3
6044,odroid3,odroid3,odroid3
6045,odroid3,odroid3,odroid3
6046,odroid3,odroid1,odroid1
6047,odroid3,odroid3,odroid2
6048,odroid3,odroid3,odroid3
6049,odroid3,odroid3,odroid3
6050,odroid3,odroid3,odroid3
6051,odroid3,odroid3,odroid3
6052,odroid3,odroid3,odroid3
6053,odroid3,odroid3,odroid3
6054,odroid3,odroid3,odroid3
6055,odroid3,odroid1,odroid3
6056,odroid3,odroid3,odroid3
6057,odroid3,odroid3,odroid3
6058,odroid3,odroid3,odroid3
6059,odroid3,odroid3,odroid3
6060,odroid3,odroid3,odroid3
6061,odroid3,odroid3,odroid3
6062,odroid3,odroid3,odroid3
6063,odroid3,odroid3,odroid3
6064,odroid3,odroid3,odroid3
6065,odroid3,odroid3,odroid3
6066,odroid3,odroid3,odroid3
6067,odroid3,odroid3,odroid3
6068,odroid3,odroid3,odroid3
6069,odroid3,odroid3,odroid3
6070,odroid3,odroid3,odroid3
6071,odroid3,odroid3,odroid3
6072,odroid3,odroid3,odroid3
6073,odroid3,odroid3,odroid3
6074,odroid3,odroid3,odroid3
6075,odroid3,odroid3,odroid3
6076,odroid3,odroid3,odroid3
6077,odroid3,odroid3,odroid3
6078,odroid3,odroid3,odroid3
6079,odroid3,odroid3,odroid3
6080,odroid3,odroid3,odroid3
6081,odroid3,odroid3,odroid1
6082,odroid3,odroid3,odroid3
6083,odroid3,odroid3,odroid3
6084,odroid3,odroid3,odroid3
6085,odroid3,odroid3,odroid3
6086,odroid3,odroid3,odroid3
6087,odroid3,odroid3,odroid3
6088,odroid3,odroid3,odroid3
6089,odroid3,odroid3,odroid3
6090,odroid3,odroid3,odroid3
6091,odroid3,odroid3,odroid3
6092,odroid3,odroid3,odroid3
6093,odroid3,odroid3,odroid3
6094,odroid3,odroid3,odroid3
6095,odroid3,odroid3,odroid4
6096,odroid3,odroid3,odroid3
6097,odroid3,odroid3,odroid3
6098,odroid3,odroid3,odroid3
6099,odroid3,odroid3,odroid3
6100,odroid3,odroid3,odroid3
6101,odroid3,odroid3,odroid1
6102,odroid3,odroid3,odroid4
6103,odroid3,odroid3,odroid3
6104,odroid3,odroid3,odroid3
6105,odroid3,odroid3,odroid3
6106,odroid3,odroid3,odroid3
6107,odroid3,odroid3,odroid3
6108,odroid3,odroid1,odroid3
6109,odroid3,odroid3,odroid3
6110,odroid3,odroid3,odroid3
6111,odroid3,odroid3,odroid1
6112,odroid3,odroid2,odroid3
6113,odroid3,odroid3,odroid3
6114,odroid3,odroid3,odroid3
6115,odroid3,odroid4,odroid3
6116,odroid3,odroid1,odroid3
6117,odroid3,odroid3,odroid3
6118,odroid3,odroid3,odroid3
6119,odroid3,odroid3,odroid3
6120,odroid3,odroid3,odroid3
6121,odroid3,odroid3,odroid3
6122,odroid3,odroid3,odroid3
6123,odroid3,odroid3,odroid3
6124,odroid3,odroid3,odroid3
6125,odroid3,odroid3,odroid3
6126,odroid3,odroid1,odroid3
6127,odroid3,odroid3,odroid3
6128,odroid3,odroid3,odroid3
6129,odroid3,odroid3,odroid3
6130,odroid3,odroid1,odroid3
6131,odroid3,odroid3,odroid3
6132,odroid3,odroid3,odroid3
6133,odroid3,odroid3,odroid3
6134,odroid3,odroid2,odroid3
6135,odroid3,odroid3,odroid3
6136,odroid3,odroid3,odroid3
6137,odroid3,odroid3,odroid3
6138,odroid3,odroid3,odroid3
6139,odroid3,odroid3,odroid3
6140,odroid3,odroid3,odroid3
6141,odroid3,odroid3,odroid3
6142,odroid3,odroid3,odroid3
6143,odroid3,odroid3,odroid3
6144,odroid3,odroid3,odroid3
6145,odroid3,odroid3,odroid3
6146,odroid3,odroid3,odroid3
6147,odroid3,odroid1,odroid1
6148,odroid3,odroid3,odroid3
6149,odroid3,odroid3,odroid3
6150,odroid3,odroid3,odroid1
6151,odroid3,odroid3,odroid1
6152,odroid3,odroid1,odroid3
6153,odroid3,odroid3,odroid3
6154,odroid3,odroid3,odroid3
6155,odroid3,odroid3,odroid3
6156,odroid3,odroid3,odroid3
6157,odroid3,odroid3,odroid3
6158,odroid3,odroid3,odroid3
6159,odroid3,odroid3,odroid3
6160,odroid3,odroid3,odroid3
6161,odroid3,odroid3,odroid3
6162,odroid3,odroid3,odroid3
6163,odroid3,odroid3,odroid3
6164,odroid3,odroid3,odroid3
6165,odroid3,odroid3,odroid3
6166,odroid3,odroid3,odroid3
6167,odroid3,odroid3,odroid3
6168,odroid3,odroid3,odroid3
6169,odroid3,odroid3,odroid3
6170,odroid3,odroid3,odroid3
6171,odroid3,odroid3,odroid3
6172,odroid3,odroid3,odroid3
6173,odroid3,odroid3,odroid3
6174,odroid3,odroid3,odroid3
6175,odroid3,odroid3,odroid3
6176,odroid3,odroid3,odroid3
6177,odroid3,odroid3,odroid3
6178,odroid3,odroid3,odroid3
6179,odroid3,odroid3,odroid3
6180,odroid3,odroid3,odroid3
6181,odroid3,odroid3,odroid3
6182,odroid3,odroid3,odroid3
6183,odroid3,odroid3,odroid3
6184,odroid3,odroid3,odroid3
6185,odroid3,odroid3,odroid3
6186,odroid3,odroid3,odroid3
6187,odroid3,odroid3,odroid3
6188,odroid3,odroid3,odroid3
6189,odroid3,odroid3,odroid3
6190,odroid3,odroid3,odroid3
6191,odroid3,odroid3,odroid3
6192,odroid3,odroid3,odroid3
6193,odroid3,odroid1,odroid3
6194,odroid3,odroid3,odroid3
6195,odroid3,odroid3,odroid2
6196,odroid3,odroid3,odroid3
6197,odroid3,odroid3,odroid3
6198,odroid3,odroid3,odroid3
6199,odroid3,odroid3,odroid3
6200,odroid3,odroid3,odroid3
6201,odroid3,odroid3,odroid3
6202,odroid3,odroid3,odroid3
6203,odroid3,odroid3,odroid3
6204,odroid3,odroid1,odroid3
6205,odroid3,odroid3,odroid3
6206,odroid3,odroid3,odroid3
6207,odroid3,odroid3,odroid3
6208,odroid3,odroid3,odroid3
6209,odroid3,odroid1,odroid3
6210,odroid3,odroid3,odroid1
6211,odroid3,odroid3,odroid1
6212,odroid3,odroid1,odroid3
6213,odroid3,odroid3,odroid3
6214,odroid3,odroid3,odroid3
6215,odroid3,odroid3,odroid3
6216,odroid3,odroid3,odroid3
6217,odroid3,odroid1,odroid3
6218,odroid3,odroid3,odroid3
6219,odroid3,odroid1,odroid3
6220,odroid3,odroid3,odroid1
6221,odroid3,odroid3,odroid3
6222,odroid3,odroid3,odroid3
6223,odroid3,odroid3,odroid3
6224,odroid3,odroid3,odroid3
6225,odroid3,odroid3,odroid3
6226,odroid3,odroid3,odroid3
6227,odroid3,odroid3,odroid3
6228,odroid3,odroid3,odroid3
6229,odroid3,odroid3,odroid3
6230,odroid3,odroid3,odroid3
6231,odroid3,odroid3,odroid3
6232,odroid3,odroid3,odroid3
6233,odroid3,odroid3,odroid3
6234,odroid3,odroid3,odroid3
6235,odroid3,odroid3,odroid3
6236,odroid3,odroid3,odroid3
6237,odroid3,odroid3,odroid3
6238,odroid3,odroid3,odroid3
6239,odroid3,odroid3,odroid3
6240,odroid3,odroid3,odroid3
6241,odroid3,odroid3,odroid3
6242,odroid3,odroid3,odroid3
6243,odroid3,odroid3,odroid3
6244,odroid3,odroid3,odroid1
6245,odroid3,odroid3,odroid3
6246,odroid3,odroid3,odroid3
6247,odroid3,odroid3,odroid3
6248,odroid3,odroid3,odroid3
6249,odroid3,odroid3,odroid3
6250,odroid3,odroid3,odroid3
6251,odroid3,odroid3,odroid1
6252,odroid3,odroid3,odroid3
6253,odroid3,odroid3,odroid3
6254,odroid3,odroid3,odroid3
6255,odroid3,odroid3,odroid3
6256,odroid3,odroid3,odroid3
6257,odroid3,odroid3,odroid3
6258,odroid3,odroid3,odroid3
6259,odroid3,odroid3,odroid3
6260,odroid3,odroid3,odroid3
6261,odroid3,odroid3,odroid3
6262,odroid3,odroid3,odroid3
6263,odroid3,odroid3,odroid3
6264,odroid3,odroid3,odroid3
6265,odroid3,odroid3,odroid1
6266,odroid3,odroid3,odroid1
6267,odroid3,odroid3,odroid3
6268,odroid3,odroid3,odroid3
6269,odroid3,odroid3,odroid3
6270,odroid3,odroid3,odroid3
6271,odroid3,odroid3,odroid3
6272,odroid3,odroid3,odroid3
6273,odroid3,odroid3,odroid3
6274,odroid3,odroid3,odroid3
6275,odroid3,odroid3,odroid3
6276,odroid3,odroid3,odroid3
6277,odroid3,odroid3,odroid3
6278,odroid3,odroid3,odroid3
6279,odroid3,odroid3,odroid3
6280,odroid3,odroid3,odroid3
6281,odroid3,odroid3,odroid3
6282,odroid3,odroid3,odroid2
6283,odroid3,odroid3,odroid3
6284,odroid3,odroid3,odroid3
6285,odroid3,odroid3,odroid3
6286,odroid3,odroid3,odroid3
6287,odroid3,odroid3,odroid3
6288,odroid3,odroid1,odroid3
6289,odroid3,odroid3,odroid3
6290,odroid3,odroid3,odroid3
6291,odroid3,odroid3,odroid3
6292,odroid3,odroid3,odroid3
6293,odroid3,odroid3,odroid3
6294,odroid3,odroid3,odroid3
6295,odroid3,odroid3,odroid3
6296,odroid3,odroid3,odroid3
6297,odroid3,odroid3,odroid3
6298,odroid3,odroid3,odroid3
6299,odroid3,odroid3,odroid3
6300,odroid3,odroid1,odroid3
6301,odroid3,odroid3,odroid3
6302,odroid3,odroid3,odroid3
6303,odroid3,odroid3,odroid3
6304,odroid3,odroid3,odroid3
6305,odroid3,odroid3,odroid3
6306,odroid3,odroid3,odroid3
6307,odroid3,odroid3,odroid3
6308,odroid3,odroid3,odroid1
6309,odroid3,odroid3,odroid3
6310,odroid3,odroid3,odroid3
6311,odroid3,odroid3,odroid3
6312,odroid3,odroid3,odroid1
6313,odroid3,odroid3,odroid3
6314,odroid3,odroid3,odroid3
6315,odroid3,odroid3,odroid3
6316,odroid3,odroid3,odroid3
6317,odroid3,odroid3,odroid3
6318,odroid3,odroid3,odroid3
6319,odroid3,odroid1,odroid3
6320,odroid3,odroid3,odroid3
6321,odroid3,odroid3,odroid3
6322,odroid3,odroid3,odroid3
6323,odroid3,odroid1,odroid3
6324,odroid3,odroid3,odroid3
6325,odroid3,odroid3,odroid3
6326,odroid3,odroid3,odroid3
6327,odroid3,odroid3,odroid3
6328,odroid3,odroid3,odroid3
6329,odroid3,odroid3,odroid3
6330,odroid3,odroid3,odroid3
6331,odroid3,odroid3,odroid1
6332,odroid3,odroid3,odroid3
6333,odroid3,odroid3,odroid3
6334,odroid3,odroid3,odroid1
6335,odroid3,odroid3,odroid3
6336,odroid3,odroid4,odroid1
6337,odroid3,odroid3,odroid3
6338,odroid3,odroid3,odroid1
6339,odroid3,odroid3,odroid3
6340,odroid3,odroid1,odroid3
6341,odroid3,odroid3,odroid3
6342,odroid3,odroid3,odroid1
6343,odroid3,odroid3,odroid3
6344,odroid3,odroid3,odroid3
6345,odroid3,odroid3,odroid3
6346,odroid3,odroid3,odroid2
6347,odroid3,odroid3,odroid3
6348,odroid3,odroid3,odroid3
6349,odroid3,odroid1,odroid3
6350,odroid3,odroid3,odroid3
6351,odroid3,odroid3,odroid3
6352,odroid3,odroid3,odroid3
6353,odroid3,odroid3,odroid3
6354,odroid3,odroid3,odroid3
6355,odroid3,odroid3,odroid3
6356,odroid3,odroid3,odroid3
6357,odroid3,odroid3,odroid3
6358,odroid3,odroid3,odroid3
6359,odroid3,odroid3,odroid3
6360,odroid3,odroid3,odroid3
6361,odroid3,odroid3,odroid1
6362,odroid3,odroid3,odroid3
6363,odroid3,odroid3,odroid3
6364,odroid3,odroid3,odroid3
6365,odroid3,odroid3,odroid3
6366,odroid3,odroid3,odroid3
6367,odroid3,odroid3,odroid3
6368,odroid3,odroid3,odroid3
6369,odroid3,odroid3,odroid3
6370,odroid3,odroid3,odroid3
6371,odroid3,odroid3,odroid3
6372,odroid3,odroid3,odroid1
6373,odroid3,odroid3,odroid3
6374,odroid3,odroid3,odroid3
6375,odroid3,odroid3,odroid3
6376,odroid3,odroid3,odroid3
6377,odroid3,odroid3,odroid3
6378,odroid3,odroid3,odroid3
6379,odroid3,odroid3,odroid3
6380,odroid3,odroid3,odroid3
6381,odroid3,odroid3,odroid2
6382,odroid3,odroid3,odroid3
6383,odroid3,odroid3,odroid1
6384,odroid3,odroid3,odroid3
6385,odroid3,odroid3,odroid3
6386,odroid3,odroid1,odroid3
6387,odroid3,odroid3,odroid3
6388,odroid3,odroid3,odroid4
6389,odroid3,odroid3,odroid3
6390,odroid3,odroid3,odroid3
6391,odroid3,odroid3,odroid3
6392,odroid3,odroid3,odroid3
6393,odroid3,odroid3,odroid3
6394,odroid3,odroid3,odroid1
6395,odroid3,odroid3,odroid3
6396,odroid3,odroid3,odroid3
6397,odroid3,odroid3,odroid3
6398,odroid3,odroid3,odroid3
6399,odroid3,odroid3,odroid3
6400,odroid3,odroid3,odroid3
6401,odroid3,odroid3,odroid3
6402,odroid3,odroid3,odroid3
6403,odroid3,odroid3,odroid3
6404,odroid3,odroid3,odroid3
6405,odroid3,odroid3,odroid3
6406,odroid3,odroid3,odroid3
6407,odroid3,odroid3,odroid3
6408,odroid3,odroid3,odroid3
6409,odroid3,odroid3,odroid3
6410,odroid3,odroid3,odroid3
6411,odroid3,odroid3,odroid3
6412,odroid3,odroid3,odroid3
6413,odroid3,odroid3,odroid3
6414,odroid3,odroid3,odroid3
6415,odroid3,odroid3,odroid3
6416,odroid3,odroid1,odroid3
6417,odroid3,odroid3,odroid3
6418,odroid3,odroid3,odroid3
6419,odroid3,odroid1,odroid3
6420,odroid3,odroid1,odroid3
6421,odroid3,odroid3,odroid3
6422,odroid3,odroid3,odroid3
6423,odroid3,odroid3,odroid3
6424,odroid3,odroid3,odroid3
6425,odroid3,odroid3,odroid3
6426,odroid3,odroid3,odroid3
6427,odroid3,odroid3,odroid3
6428,odroid3,odroid3,odroid3
6429,odroid3,odroid1,odroid3
6430,odroid3,odroid3,odroid3
6431,odroid3,odroid3,odroid3
6432,odroid3,odroid3,odroid3
6433,odroid3,odroid3,odroid3
6434,odroid3,odroid3,odroid3
6435,odroid3,odroid3,odroid3
6436,odroid3,odroid3,odroid3
6437,odroid3,odroid3,odroid3
6438,odroid3,odroid3,odroid3
6439,odroid3,odroid3,odroid3
6440,odroid3,odroid3,odroid3
6441,odroid3,odroid3,odroid3
6442,odroid3,odroid3,odroid3
6443,odroid3,odroid3,odroid3
6444,odroid3,odroid3,odroid3
6445,odroid3,odroid3,odroid3
6446,odroid3,odroid3,odroid3
6447,odroid3,odroid3,odroid3
6448,odroid3,odroid3,odroid3
6449,odroid3,odroid1,odroid3
6450,odroid3,odroid3,odroid3
6451,odroid3,odroid3,odroid3
6452,odroid3,odroid3,odroid3
6453,odroid3,odroid3,odroid1
6454,odroid3,odroid3,odroid3
6455,odroid3,odroid1,odroid3
6456,odroid3,odroid3,odroid3
6457,odroid3,odroid3,odroid3
6458,odroid3,odroid3,odroid3
6459,odroid3,odroid3,odroid3
6460,odroid3,odroid3,odroid3
6461,odroid3,odroid3,odroid1
6462,odroid3,odroid3,odroid3
6463,odroid3,odroid3,odroid3
6464,odroid3,odroid3,odroid3
6465,odroid3,odroid1,odroid3
6466,odroid3,odroid3,odroid3
6467,odroid3,odroid1,odroid3
6468,odroid3,odroid3,odroid3
6469,odroid3,odroid3,odroid3
6470,odroid3,odroid3,odroid3
6471,odroid3,odroid3,odroid3
6472,odroid3,odroid3,odroid3
6473,odroid3,odroid3,odroid3
6474,odroid3,odroid3,odroid3
6475,odroid3,odroid3,odroid3
6476,odroid3,odroid3,odroid3
6477,odroid3,odroid3,odroid3
6478,odroid3,odroid3,odroid3
6479,odroid3,odroid3,odroid3
6480,odroid3,odroid3,odroid3
6481,odroid3,odroid3,odroid3
6482,odroid3,odroid3,odroid3
6483,odroid3,odroid3,odroid3
6484,odroid3,odroid3,odroid3
6485,odroid3,odroid3,odroid3
6486,odroid3,odroid3,odroid3
6487,odroid3,odroid3,odroid1
6488,odroid3,odroid3,odroid3
6489,odroid3,odroid3,odroid3
6490,odroid3,odroid3,odroid3
6491,odroid3,odroid3,odroid3
6492,odroid3,odroid3,odroid3
