,label,attempt_0,attempt_1,attempt_2,attempt_3,attempt_4,attempt_5,attempt_6,attempt_7,attempt_8,attempt_9
0,rpi-4a,rpi-4a,rpi-4a,rpi-4a,rpi-4a,rpi-4a,rpi-8b,rpi-4a,rpi-4a,rpi-4a,rpi-4a
1,rpi-4a,rpi-4a,rpi-4a,rpi-4a,rpi-4a,rpi-4a,rpi-4a,rpi-8d,rpi-4a,rpi-8d,rpi-4a
2,rpi-4a,rpi-4a,rpi-4a,rpi-4a,rpi-8d,rpi-8d,rpi-4a,rpi-4a,rpi-4a,rpi-8c,rpi-4a
3,rpi-4a,rpi-4a,rpi-4a,rpi-4a,rpi-4a,rpi-4a,rpi-8c,rpi-4a,rpi-4a,rpi-4a,rpi-4a
4,rpi-4a,rpi-4a,rpi-4a,rpi-4a,rpi-8c,rpi-4a,rpi-4a,rpi-4a,rpi-4a,rpi-8d,rpi-8d
5,rpi-4a,rpi-4a,rpi-4a,rpi-4a,rpi-4a,rpi-4a,rpi-8d,rpi-4a,rpi-8d,rpi-4a,rpi-4a
6,rpi-4a,rpi-8d,rpi-4a,rpi-4a,rpi-4a,rpi-4a,rpi-4a,rpi-4a,rpi-4a,rpi-4a,rpi-8c
7,rpi-4a,rpi-8d,rpi-4a,rpi-4a,rpi-4a,rpi-4a,rpi-4a,rpi-4a,rpi-4a,rpi-4a,rpi-4a
8,rpi-4a,rpi-4a,rpi-4a,rpi-4a,rpi-4a,rpi-8d,rpi-4a,rpi-4a,rpi-4a,rpi-4a,rpi-4a
9,rpi-4a,rpi-4a,rpi-4a,rpi-4a,rpi-4a,rpi-4a,rpi-4a,rpi-4a,rpi-4a,rpi-4a,rpi-4a
10,rpi-4a,rpi-4a,rpi-4a,rpi-4a,rpi-4a,rpi-4a,rpi-4a,rpi-4a,rpi-4a,rpi-4a,rpi-4a
11,rpi-4a,rpi-4a,rpi-4a,rpi-4a,rpi-4a,rpi-4a,rpi-4a,rpi-4a,rpi-4a,rpi-4a,rpi-4a
12,rpi-4a,rpi-4a,rpi-8d,rpi-4a,rpi-4a,rpi-8c,rpi-4a,rpi-4a,rpi-4a,rpi-4a,rpi-4a
13,rpi-4a,rpi-4a,rpi-4a,rpi-4a,rpi-4a,rpi-4a,rpi-4a,rpi-4a,rpi-4a,rpi-4a,rpi-4a
14,rpi-4a,rpi-8c,rpi-4a,rpi-4a,rpi-4a,rpi-4a,rpi-8d,rpi-4a,rpi-4a,rpi-4a,rpi-4a
15,rpi-4a,rpi-4a,rpi-8d,rpi-4a,rpi-4a,rpi-4a,rpi-4a,rpi-4a,rpi-4a,rpi-4a,rpi-4a
16,rpi-4a,rpi-4a,rpi-8d,rpi-4a,rpi-4a,rpi-4a,rpi-4a,rpi-4a,rpi-4a,rpi-4a,rpi-4a
17,rpi-4a,rpi-4a,rpi-4a,rpi-4a,rpi-4a,rpi-8c,rpi-4a,rpi-4a,rpi-4a,rpi-4a,rpi-4a
18,rpi-4a,rpi-4a,rpi-8c,rpi-4a,rpi-4a,rpi-8b,rpi-4a,rpi-4a,rpi-4a,rpi-4a,rpi-4a
19,rpi-4a,rpi-4a,rpi-4a,rpi-8d,rpi-8c,rpi-8d,rpi-4a,rpi-4a,rpi-4a,rpi-4a,rpi-8b
20,rpi-4a,rpi-4a,rpi-4a,rpi-4a,rpi-4a,rpi-4a,rpi-4a,rpi-4a,rpi-4a,rpi-4a,rpi-4a
21,rpi-4a,rpi-4a,rpi-4a,rpi-4a,rpi-4a,rpi-4a,rpi-8b,rpi-4a,rpi-4a,rpi-4a,rpi-4a
22,rpi-4a,rpi-4a,rpi-4a,rpi-4a,rpi-4a,rpi-4a,rpi-4a,rpi-4a,rpi-8d,rpi-4a,rpi-4a
23,rpi-4a,rpi-4a,rpi-4a,rpi-4a,rpi-4a,rpi-4a,rpi-4a,rpi-4a,rpi-4a,rpi-8d,rpi-4a
24,rpi-4a,rpi-4a,rpi-4a,rpi-4a,rpi-4a,rpi-4a,rpi-4a,rpi-4a,rpi-4a,rpi-4a,rpi-4a
25,rpi-4a,rpi-4a,rpi-4a,rpi-4a,rpi-4a,rpi-8d,rpi-8d,rpi-4a,rpi-4a,rpi-4a,rpi-4a
26,rpi-4a,rpi-4a,rpi-4a,rpi-8c,rpi-4a,rpi-4a,rpi-4a,rpi-4a,rpi-8c,rpi-4a,rpi-4a
27,rpi-4a,rpi-4a,rpi-4a,rpi-4a,rpi-4a,rpi-4a,rpi-4a,rpi-4a,rpi-4a,rpi-4a,rpi-4a
28,rpi-4a,rpi-4a,rpi-4a,rpi-4a,rpi-8c,rpi-8c,rpi-4a,rpi-4a,rpi-4a,rpi-4a,rpi-4a
29,rpi-4a,rpi-4a,rpi-4a,rpi-4a,rpi-4a,rpi-4a,rpi-4a,rpi-4a,rpi-4a,rpi-8d,rpi-8d
30,rpi-4a,rpi-4a,rpi-8d,rpi-4a,rpi-4a,rpi-4a,rpi-4a,rpi-8d,rpi-4a,rpi-4a,rpi-4a
31,rpi-4a,rpi-4a,rpi-4a,rpi-4a,rpi-4a,rpi-4a,rpi-4a,rpi-4a,rpi-4a,rpi-4a,rpi-8c
32,rpi-4a,rpi-4a,rpi-8c,rpi-4a,rpi-4a,rpi-4a,rpi-8c,rpi-4a,rpi-4a,rpi-4a,rpi-4a
33,rpi-4a,rpi-8d,rpi-4a,rpi-8b,rpi-8c,rpi-4a,rpi-4a,rpi-4a,rpi-4a,rpi-4a,rpi-4a
34,rpi-4a,rpi-8c,rpi-4a,rpi-4a,rpi-4a,rpi-4a,rpi-4a,rpi-8d,rpi-4a,rpi-4a,rpi-4a
35,rpi-4a,rpi-8c,rpi-4a,rpi-4a,rpi-4a,rpi-8c,rpi-4a,rpi-4a,rpi-4a,rpi-4a,rpi-4a
36,rpi-4a,rpi-4a,rpi-4a,rpi-4a,rpi-4a,rpi-4a,rpi-4a,rpi-4a,rpi-4a,rpi-4a,rpi-8c
37,rpi-4a,rpi-4a,rpi-4a,rpi-8d,rpi-4a,rpi-4a,rpi-4a,rpi-4a,rpi-4a,rpi-4a,rpi-4a
38,rpi-4a,rpi-4a,rpi-4a,rpi-4a,rpi-4a,rpi-4a,rpi-4a,rpi-4a,rpi-4a,rpi-4a,rpi-4a
39,rpi-4a,rpi-4a,rpi-8d,rpi-4a,rpi-4a,rpi-4a,rpi-4a,rpi-4a,rpi-4a,rpi-8c,rpi-4a
40,rpi-4a,rpi-4a,rpi-4a,rpi-4a,rpi-4a,rpi-4a,rpi-4a,rpi-4a,rpi-4a,rpi-4a,rpi-4a
41,rpi-4a,rpi-4a,rpi-4a,rpi-4a,rpi-4a,rpi-4a,rpi-8c,rpi-4a,rpi-4a,rpi-8c,rpi-4a
42,rpi-4a,rpi-4a,rpi-8c,rpi-4a,rpi-8c,rpi-4a,rpi-4a,rpi-4a,rpi-4a,rpi-4a,rpi-4a
43,rpi-4a,rpi-4a,rpi-4a,rpi-4a,rpi-4a,rpi-4a,rpi-4a,rpi-4a,rpi-4a,rpi-4a,rpi-4a
44,rpi-4a,rpi-4a,rpi-4a,rpi-4a,rpi-4a,rpi-4a,rpi-4a,rpi-4a,rpi-4a,rpi-8d,rpi-8c
45,rpi-4a,rpi-4a,rpi-4a,rpi-4a,rpi-4a,rpi-4a,rpi-4a,rpi-4a,rpi-4a,rpi-4a,rpi-4a
46,rpi-4a,rpi-4a,rpi-4a,rpi-4a,rpi-8d,rpi-4a,rpi-4a,rpi-8d,rpi-8d,rpi-4a,rpi-4a
47,rpi-4a,rpi-8c,rpi-4a,rpi-4a,rpi-4a,rpi-4a,rpi-4a,rpi-8c,rpi-4a,rpi-4a,rpi-4a
48,rpi-4a,rpi-4a,rpi-4a,rpi-8c,rpi-4a,rpi-4a,rpi-4a,rpi-4a,rpi-4a,rpi-4a,rpi-8d
49,rpi-4a,rpi-8c,rpi-4a,rpi-8d,rpi-4a,rpi-4a,rpi-4a,rpi-4a,rpi-4a,rpi-4a,rpi-4a
50,rpi-4a,rpi-4a,rpi-4a,rpi-4a,rpi-4a,rpi-4a,rpi-4a,rpi-4a,rpi-4a,rpi-4a,rpi-4a
51,rpi-4a,rpi-4a,rpi-4a,rpi-4a,rpi-8d,rpi-8c,rpi-8c,rpi-4a,rpi-4a,rpi-4a,rpi-4a
52,rpi-4a,rpi-4a,rpi-8c,rpi-4a,rpi-8d,rpi-8d,rpi-4a,rpi-8d,rpi-4a,rpi-4a,rpi-8d
53,rpi-4a,rpi-4a,rpi-4a,rpi-4a,rpi-4a,rpi-4a,rpi-4a,rpi-4a,rpi-8c,rpi-4a,rpi-4a
54,rpi-4a,rpi-4a,rpi-4a,rpi-4a,rpi-4a,rpi-4a,rpi-4a,rpi-4a,rpi-8d,rpi-4a,rpi-4a
55,rpi-4a,rpi-4a,rpi-4a,rpi-4a,rpi-4a,rpi-8c,rpi-4a,rpi-8b,rpi-4a,rpi-4a,rpi-4a
56,rpi-4a,rpi-4a,rpi-4a,rpi-4a,rpi-4a,rpi-4a,rpi-4a,rpi-4a,rpi-4a,rpi-4a,rpi-4a
57,rpi-4a,rpi-4a,rpi-4a,rpi-4a,rpi-4a,rpi-4a,rpi-4a,rpi-4a,rpi-4a,rpi-4a,rpi-4a
58,rpi-4a,rpi-4a,rpi-4a,rpi-4a,rpi-4a,rpi-4a,rpi-4a,rpi-8d,rpi-4a,rpi-4a,rpi-4a
59,rpi-4a,rpi-4a,rpi-4a,rpi-4a,rpi-4a,rpi-4a,rpi-4a,rpi-4a,rpi-4a,rpi-4a,rpi-4a
60,rpi-4a,rpi-4a,rpi-4a,rpi-4a,rpi-4a,rpi-8d,rpi-4a,rpi-8d,rpi-4a,rpi-8d,rpi-4a
61,rpi-4a,rpi-4a,rpi-4a,rpi-4a,rpi-4a,rpi-4a,rpi-4a,rpi-4a,rpi-4a,rpi-4a,rpi-4a
62,rpi-4a,rpi-4a,rpi-4a,rpi-4a,rpi-4a,rpi-8d,rpi-8d,rpi-4a,rpi-4a,rpi-4a,rpi-4a
63,rpi-4a,rpi-4a,rpi-4a,rpi-4a,rpi-4a,rpi-4a,rpi-4a,rpi-4a,rpi-4a,rpi-4a,rpi-4a
64,rpi-4a,rpi-4a,rpi-4a,rpi-4a,rpi-8b,rpi-4a,rpi-4a,rpi-4a,rpi-4a,rpi-4a,rpi-4a
65,rpi-4a,rpi-4a,rpi-4a,rpi-4a,rpi-4a,rpi-4a,rpi-8c,rpi-4a,rpi-4a,rpi-4a,rpi-4a
66,rpi-4a,rpi-4a,rpi-4a,rpi-8b,rpi-4a,rpi-8c,rpi-4a,rpi-4a,rpi-4a,rpi-4a,rpi-4a
67,rpi-4a,rpi-4a,rpi-4a,rpi-4a,rpi-4a,rpi-4a,rpi-4a,rpi-4a,rpi-4a,rpi-4a,rpi-4a
68,rpi-4a,rpi-4a,rpi-4a,rpi-4a,rpi-4a,rpi-4a,rpi-4a,rpi-8c,rpi-4a,rpi-4a,rpi-8c
69,rpi-4a,rpi-4a,rpi-4a,rpi-8c,rpi-4a,rpi-4a,rpi-4a,rpi-4a,rpi-4a,rpi-4a,rpi-4a
70,rpi-4a,rpi-4a,rpi-4a,rpi-4a,rpi-8d,rpi-8c,rpi-4a,rpi-4a,rpi-4a,rpi-8c,rpi-4a
71,rpi-4a,rpi-4a,rpi-4a,rpi-4a,rpi-4a,rpi-4a,rpi-4a,rpi-4a,rpi-4a,rpi-4a,rpi-4a
72,rpi-4a,rpi-4a,rpi-8d,rpi-4a,rpi-8c,rpi-4a,rpi-4a,rpi-4a,rpi-4a,rpi-4a,rpi-8d
73,rpi-4a,rpi-4a,rpi-4a,rpi-4a,rpi-4a,rpi-4a,rpi-4a,rpi-4a,rpi-4a,rpi-8c,rpi-4a
74,rpi-4a,rpi-4a,rpi-4a,rpi-4a,rpi-4a,rpi-4a,rpi-4a,rpi-4a,rpi-4a,rpi-4a,rpi-4a
75,rpi-4a,rpi-4a,rpi-4a,rpi-4a,rpi-4a,rpi-4a,rpi-4a,rpi-4a,rpi-4a,rpi-4a,rpi-8c
76,rpi-4a,rpi-8c,rpi-4a,rpi-8c,rpi-4a,rpi-4a,rpi-4a,rpi-8b,rpi-4a,rpi-4a,rpi-4a
77,rpi-4a,rpi-4a,rpi-4a,rpi-8b,rpi-4a,rpi-4a,rpi-4a,rpi-4a,rpi-4a,rpi-4a,rpi-4a
78,rpi-4a,rpi-4a,rpi-4a,rpi-4a,rpi-4a,rpi-4a,rpi-4a,rpi-4a,rpi-4a,rpi-4a,rpi-8c
79,rpi-4a,rpi-4a,rpi-4a,rpi-4a,rpi-4a,rpi-4a,rpi-4a,rpi-4a,rpi-4a,rpi-4a,rpi-4a
80,rpi-4a,rpi-4a,rpi-8d,rpi-4a,rpi-4a,rpi-4a,rpi-4a,rpi-4a,rpi-4a,rpi-4a,rpi-8c
81,rpi-4a,rpi-8d,rpi-4a,rpi-8c,rpi-4a,rpi-8c,rpi-8d,rpi-4a,rpi-4a,rpi-4a,rpi-4a
82,rpi-4a,rpi-4a,rpi-4a,rpi-4a,rpi-4a,rpi-8d,rpi-4a,rpi-4a,rpi-4a,rpi-4a,rpi-4a
83,rpi-4a,rpi-4a,rpi-8c,rpi-8d,rpi-4a,rpi-4a,rpi-4a,rpi-4a,rpi-4a,rpi-8c,rpi-4a
84,rpi-4a,rpi-4a,rpi-8c,rpi-4a,rpi-8d,rpi-4a,rpi-4a,rpi-4a,rpi-4a,rpi-4a,rpi-4a
85,rpi-4a,rpi-4a,rpi-4a,rpi-4a,rpi-4a,rpi-4a,rpi-4a,rpi-4a,rpi-4a,rpi-4a,rpi-4a
86,rpi-4a,rpi-4a,rpi-4a,rpi-4a,rpi-4a,rpi-4a,rpi-4a,rpi-4a,rpi-4a,rpi-4a,rpi-4a
87,rpi-4a,rpi-4a,rpi-4a,rpi-4a,rpi-8d,rpi-4a,rpi-8d,rpi-4a,rpi-4a,rpi-4a,rpi-4a
88,rpi-4a,rpi-8c,rpi-4a,rpi-4a,rpi-4a,rpi-4a,rpi-4a,rpi-4a,rpi-4a,rpi-4a,rpi-8c
89,rpi-4a,rpi-4a,rpi-4a,rpi-4a,rpi-4a,rpi-4a,rpi-4a,rpi-4a,rpi-4a,rpi-4a,rpi-4a
90,rpi-4a,rpi-4a,rpi-4a,rpi-4a,rpi-4a,rpi-4a,rpi-8d,rpi-4a,rpi-4a,rpi-4a,rpi-4a
91,rpi-4a,rpi-4a,rpi-4a,rpi-4a,rpi-4a,rpi-4a,rpi-4a,rpi-4a,rpi-4a,rpi-4a,rpi-4a
92,rpi-4a,rpi-4a,rpi-4a,rpi-4a,rpi-4a,rpi-4a,rpi-8d,rpi-4a,rpi-4a,rpi-4a,rpi-4a
93,rpi-4a,rpi-4a,rpi-4a,rpi-4a,rpi-4a,rpi-4a,rpi-4a,rpi-4a,rpi-4a,rpi-4a,rpi-4a
94,rpi-4a,rpi-4a,rpi-4a,rpi-4a,rpi-4a,rpi-4a,rpi-4a,rpi-4a,rpi-4a,rpi-4a,rpi-4a
95,rpi-4a,rpi-4a,rpi-4a,rpi-4a,rpi-4a,rpi-4a,rpi-4a,rpi-4a,rpi-4a,rpi-4a,rpi-4a
96,rpi-4a,rpi-4a,rpi-4a,rpi-8d,rpi-4a,rpi-4a,rpi-4a,rpi-4a,rpi-4a,rpi-8d,rpi-4a
97,rpi-4a,rpi-4a,rpi-8c,rpi-4a,rpi-8d,rpi-4a,rpi-4a,rpi-4a,rpi-4a,rpi-4a,rpi-4a
98,rpi-4a,rpi-4a,rpi-4a,rpi-4a,rpi-4a,rpi-4a,rpi-4a,rpi-4a,rpi-4a,rpi-4a,rpi-4a
99,rpi-4a,rpi-4a,rpi-4a,rpi-4a,rpi-4a,rpi-4a,rpi-4a,rpi-4a,rpi-4a,rpi-4a,rpi-4a
100,rpi-4a,rpi-8c,rpi-4a,rpi-4a,rpi-4a,rpi-4a,rpi-4a,rpi-4a,rpi-4a,rpi-4a,rpi-4a
101,rpi-4a,rpi-4a,rpi-4a,rpi-4a,rpi-4a,rpi-4a,rpi-4a,rpi-4a,rpi-4a,rpi-4a,rpi-4a
102,rpi-4a,rpi-8d,rpi-4a,rpi-8d,rpi-4a,rpi-4a,rpi-4a,rpi-4a,rpi-4a,rpi-8c,rpi-4a
103,rpi-4a,rpi-8d,rpi-4a,rpi-4a,rpi-8c,rpi-4a,rpi-4a,rpi-4a,rpi-4a,rpi-4a,rpi-4a
104,rpi-4a,rpi-8b,rpi-4a,rpi-4a,rpi-4a,rpi-4a,rpi-4a,rpi-4a,rpi-4a,rpi-4a,rpi-4a
105,rpi-4a,rpi-8c,rpi-8c,rpi-4a,rpi-4a,rpi-4a,rpi-4a,rpi-4a,rpi-4a,rpi-4a,rpi-4a
106,rpi-4a,rpi-4a,rpi-4a,rpi-4a,rpi-8d,rpi-4a,rpi-4a,rpi-8c,rpi-4a,rpi-4a,rpi-8c
107,rpi-4a,rpi-4a,rpi-4a,rpi-4a,rpi-4a,rpi-4a,rpi-4a,rpi-4a,rpi-4a,rpi-4a,rpi-4a
108,rpi-4a,rpi-4a,rpi-4a,rpi-4a,rpi-4a,rpi-4a,rpi-4a,rpi-4a,rpi-4a,rpi-4a,rpi-4a
109,rpi-4a,rpi-4a,rpi-4a,rpi-4a,rpi-4a,rpi-4a,rpi-4a,rpi-4a,rpi-4a,rpi-4a,rpi-4a
110,rpi-4a,rpi-8c,rpi-4a,rpi-4a,rpi-4a,rpi-4a,rpi-4a,rpi-4a,rpi-4a,rpi-4a,rpi-4a
111,rpi-4a,rpi-4a,rpi-4a,rpi-4a,rpi-4a,rpi-4a,rpi-4a,rpi-4a,rpi-4a,rpi-8c,rpi-4a
112,rpi-4a,rpi-4a,rpi-8c,rpi-4a,rpi-4a,rpi-4a,rpi-4a,rpi-4a,rpi-4a,rpi-4a,rpi-4a
113,rpi-4a,rpi-4a,rpi-4a,rpi-4a,rpi-4a,rpi-4a,rpi-4a,rpi-4a,rpi-4a,rpi-4a,rpi-8d
114,rpi-4a,rpi-4a,rpi-4a,rpi-4a,rpi-4a,rpi-4a,rpi-4a,rpi-8d,rpi-8c,rpi-4a,rpi-4a
115,rpi-4a,rpi-4a,rpi-4a,rpi-4a,rpi-4a,rpi-8d,rpi-8d,rpi-4a,rpi-4a,rpi-4a,rpi-8c
116,rpi-4a,rpi-4a,rpi-4a,rpi-8c,rpi-4a,rpi-4a,rpi-4a,rpi-4a,rpi-4a,rpi-4a,rpi-4a
117,rpi-4a,rpi-4a,rpi-8c,rpi-4a,rpi-4a,rpi-4a,rpi-4a,rpi-4a,rpi-4a,rpi-4a,rpi-4a
118,rpi-4a,rpi-4a,rpi-4a,rpi-4a,rpi-4a,rpi-4a,rpi-4a,rpi-4a,rpi-4a,rpi-4a,rpi-4a
119,rpi-8a,rpi-8a,rpi-8a,rpi-8a,rpi-8a,rpi-8c,rpi-8a,rpi-8a,rpi-8a,rpi-8a,rpi-8a
120,rpi-8a,rpi-8a,rpi-8a,rpi-8a,rpi-8a,rpi-8a,rpi-8a,rpi-8a,rpi-8a,rpi-8a,rpi-8a
121,rpi-8a,rpi-8b,rpi-8a,rpi-8a,rpi-8a,rpi-8b,rpi-8a,rpi-8a,rpi-8a,rpi-8b,rpi-8a
122,rpi-8a,rpi-8a,rpi-8a,rpi-8a,rpi-8a,rpi-8a,rpi-8a,rpi-8a,rpi-8a,rpi-8a,rpi-8a
123,rpi-8a,rpi-8a,rpi-8b,rpi-8a,rpi-8a,rpi-8b,rpi-8a,rpi-8a,rpi-8a,rpi-8a,rpi-8a
124,rpi-8a,rpi-8a,rpi-8a,rpi-8a,rpi-8a,rpi-8a,rpi-8a,rpi-8a,rpi-8a,rpi-8a,rpi-8a
125,rpi-8a,rpi-8a,rpi-8a,rpi-8a,rpi-8a,rpi-8a,rpi-8a,rpi-8b,rpi-8a,rpi-8b,rpi-8a
126,rpi-8a,rpi-8a,rpi-8a,rpi-8b,rpi-8a,rpi-8a,rpi-8a,rpi-8a,rpi-8a,rpi-8a,rpi-8a
127,rpi-8a,rpi-8a,rpi-8a,rpi-8a,rpi-8a,rpi-8a,rpi-8a,rpi-8a,rpi-8b,rpi-8a,rpi-8a
128,rpi-8a,rpi-8a,rpi-8a,rpi-8b,rpi-8a,rpi-8a,rpi-8a,rpi-8b,rpi-8b,rpi-8a,rpi-8a
129,rpi-8a,rpi-8a,rpi-8a,rpi-8a,rpi-8a,rpi-8a,rpi-8a,rpi-8a,rpi-8a,rpi-8a,rpi-8a
130,rpi-8a,rpi-8a,rpi-8a,rpi-8a,rpi-8a,rpi-8a,rpi-8a,rpi-8a,rpi-8a,rpi-8a,rpi-8b
131,rpi-8a,rpi-8a,rpi-8a,rpi-8a,rpi-8a,rpi-8a,rpi-8a,rpi-8a,rpi-8c,rpi-8a,rpi-8a
132,rpi-8a,rpi-8a,rpi-8a,rpi-8a,rpi-8b,rpi-8a,rpi-8a,rpi-8a,rpi-8a,rpi-8a,rpi-8a
133,rpi-8a,rpi-8a,rpi-8b,rpi-8a,rpi-8a,rpi-8a,rpi-8a,rpi-8a,rpi-8a,rpi-8a,rpi-8a
134,rpi-8a,rpi-8a,rpi-8a,rpi-8a,rpi-8a,rpi-8a,rpi-8a,rpi-8a,rpi-8a,rpi-8a,rpi-8a
135,rpi-8a,rpi-8a,rpi-8a,rpi-8a,rpi-8a,rpi-8a,rpi-8a,rpi-8a,rpi-8a,rpi-8a,rpi-8a
136,rpi-8a,rpi-8a,rpi-8a,rpi-8a,rpi-8b,rpi-8a,rpi-8b,rpi-8a,rpi-8a,rpi-8a,rpi-8a
137,rpi-8a,rpi-8a,rpi-8a,rpi-8a,rpi-8a,rpi-8a,rpi-8a,rpi-8a,rpi-8a,rpi-8a,rpi-8a
138,rpi-8a,rpi-8a,rpi-8a,rpi-8a,rpi-8a,rpi-8a,rpi-8a,rpi-8a,rpi-8a,rpi-8a,rpi-8a
139,rpi-8a,rpi-8a,rpi-8a,rpi-8a,rpi-8a,rpi-8a,rpi-8a,rpi-8a,rpi-8a,rpi-8a,rpi-8a
140,rpi-8a,rpi-8a,rpi-8a,rpi-8a,rpi-8a,rpi-8b,rpi-8a,rpi-8a,rpi-8a,rpi-8a,rpi-8a
141,rpi-8a,rpi-8a,rpi-8b,rpi-8a,rpi-8a,rpi-8a,rpi-8a,rpi-8a,rpi-8b,rpi-8a,rpi-8a
142,rpi-8a,rpi-8a,rpi-8a,rpi-8a,rpi-8a,rpi-8a,rpi-8a,rpi-8a,rpi-8a,rpi-8a,rpi-8a
143,rpi-8a,rpi-8a,rpi-8a,rpi-8a,rpi-8a,rpi-8a,rpi-8a,rpi-8a,rpi-8a,rpi-8a,rpi-8a
144,rpi-8a,rpi-8a,rpi-8a,rpi-8a,rpi-8a,rpi-8a,rpi-8a,rpi-8a,rpi-8a,rpi-8a,rpi-8a
145,rpi-8a,rpi-8a,rpi-8a,rpi-8a,rpi-8a,rpi-8a,rpi-8a,rpi-8a,rpi-8a,rpi-8a,rpi-8b
146,rpi-8a,rpi-8a,rpi-8a,rpi-8a,rpi-8a,rpi-8a,rpi-8a,rpi-8a,rpi-8a,rpi-8a,rpi-8b
147,rpi-8a,rpi-8a,rpi-8a,rpi-8a,rpi-8a,rpi-8a,rpi-8a,rpi-8a,rpi-8a,rpi-8a,rpi-8a
148,rpi-8a,rpi-8a,rpi-8a,rpi-8a,rpi-8a,rpi-8a,rpi-8a,rpi-8a,rpi-8a,rpi-8b,rpi-8a
149,rpi-8a,rpi-8a,rpi-8a,rpi-8a,rpi-8a,rpi-8a,rpi-8a,rpi-8a,rpi-8a,rpi-8a,rpi-8a
150,rpi-8a,rpi-8a,rpi-8a,rpi-8a,rpi-8a,rpi-8a,rpi-8a,rpi-8a,rpi-8a,rpi-8a,rpi-8a
151,rpi-8a,rpi-8b,rpi-8a,rpi-8a,rpi-8a,rpi-8a,rpi-8a,rpi-8a,rpi-8a,rpi-8a,rpi-8a
152,rpi-8a,rpi-8b,rpi-8a,rpi-8a,rpi-8a,rpi-8a,rpi-8a,rpi-8a,rpi-8a,rpi-8a,rpi-8a
153,rpi-8a,rpi-8a,rpi-8a,rpi-8a,rpi-8a,rpi-8a,rpi-8a,rpi-8a,rpi-8b,rpi-8b,rpi-8a
154,rpi-8a,rpi-8a,rpi-8a,rpi-8a,rpi-8a,rpi-8a,rpi-8a,rpi-8a,rpi-8a,rpi-8a,rpi-8a
155,rpi-8a,rpi-8a,rpi-8b,rpi-8a,rpi-8a,rpi-8a,rpi-8a,rpi-8a,rpi-8a,rpi-8a,rpi-8a
156,rpi-8a,rpi-8a,rpi-8a,rpi-8a,rpi-8a,rpi-8a,rpi-8a,rpi-8a,rpi-8a,rpi-8a,rpi-8a
157,rpi-8a,rpi-8a,rpi-8a,rpi-8a,rpi-8a,rpi-8a,rpi-8a,rpi-8a,rpi-8a,rpi-8a,rpi-8a
158,rpi-8a,rpi-8a,rpi-8a,rpi-8a,rpi-8a,rpi-8a,rpi-8a,rpi-8a,rpi-8a,rpi-8a,rpi-8a
159,rpi-8a,rpi-8a,rpi-8b,rpi-8a,rpi-8a,rpi-8a,rpi-8a,rpi-8a,rpi-8a,rpi-8a,rpi-8a
160,rpi-8a,rpi-8a,rpi-8a,rpi-8a,rpi-8a,rpi-8a,rpi-8a,rpi-8a,rpi-8a,rpi-8a,rpi-8a
161,rpi-8a,rpi-8a,rpi-8a,rpi-8a,rpi-8a,rpi-8a,rpi-8a,rpi-8a,rpi-8a,rpi-8a,rpi-8a
162,rpi-8a,rpi-8a,rpi-8a,rpi-8a,rpi-8a,rpi-8a,rpi-8a,rpi-8b,rpi-8b,rpi-8a,rpi-8a
163,rpi-8a,rpi-8a,rpi-8a,rpi-8a,rpi-8b,rpi-8a,rpi-8a,rpi-8a,rpi-8a,rpi-8a,rpi-8a
164,rpi-8a,rpi-8a,rpi-8a,rpi-8a,rpi-8a,rpi-8a,rpi-8a,rpi-8b,rpi-8a,rpi-8a,rpi-8a
165,rpi-8a,rpi-8a,rpi-8a,rpi-8a,rpi-8a,rpi-8a,rpi-8a,rpi-8a,rpi-8a,rpi-8a,rpi-8a
166,rpi-8a,rpi-8a,rpi-8a,rpi-8a,rpi-8a,rpi-8a,rpi-8a,rpi-8a,rpi-8a,rpi-8a,rpi-8a
167,rpi-8a,rpi-8a,rpi-8a,rpi-8a,rpi-8a,rpi-8b,rpi-8a,rpi-8a,rpi-8b,rpi-8a,rpi-8a
168,rpi-8a,rpi-8a,rpi-8a,rpi-8a,rpi-8a,rpi-8a,rpi-8a,rpi-8a,rpi-8a,rpi-8a,rpi-8a
169,rpi-8a,rpi-8a,rpi-8a,rpi-8a,rpi-8a,rpi-8a,rpi-8a,rpi-8a,rpi-8b,rpi-8a,rpi-8a
170,rpi-8a,rpi-8a,rpi-8a,rpi-8a,rpi-8a,rpi-8a,rpi-8a,rpi-8a,rpi-8a,rpi-8b,rpi-8a
171,rpi-8a,rpi-8a,rpi-8a,rpi-8a,rpi-8a,rpi-8a,rpi-8a,rpi-8b,rpi-8a,rpi-8a,rpi-8a
172,rpi-8a,rpi-8a,rpi-8a,rpi-8a,rpi-8a,rpi-8a,rpi-8a,rpi-8a,rpi-8a,rpi-8a,rpi-8a
173,rpi-8a,rpi-8a,rpi-8b,rpi-8a,rpi-8a,rpi-8a,rpi-8a,rpi-8a,rpi-8a,rpi-8a,rpi-8a
174,rpi-8a,rpi-8a,rpi-8a,rpi-8a,rpi-8a,rpi-8a,rpi-8c,rpi-8a,rpi-8a,rpi-8a,rpi-8a
175,rpi-8a,rpi-8a,rpi-8a,rpi-8a,rpi-8a,rpi-8a,rpi-8a,rpi-8a,rpi-8a,rpi-8a,rpi-8a
176,rpi-8a,rpi-8a,rpi-8a,rpi-8a,rpi-8a,rpi-8b,rpi-8a,rpi-8a,rpi-8b,rpi-8a,rpi-8a
177,rpi-8a,rpi-8a,rpi-8a,rpi-8a,rpi-8a,rpi-8a,rpi-8a,rpi-8a,rpi-8a,rpi-8a,rpi-8a
178,rpi-8a,rpi-8a,rpi-8a,rpi-8a,rpi-8b,rpi-8a,rpi-8a,rpi-8a,rpi-8a,rpi-8a,rpi-8b
179,rpi-8a,rpi-8a,rpi-8a,rpi-8a,rpi-8a,rpi-8a,rpi-8a,rpi-8a,rpi-8a,rpi-8a,rpi-8b
180,rpi-8a,rpi-8a,rpi-8a,rpi-8a,rpi-8a,rpi-8a,rpi-8a,rpi-8a,rpi-8a,rpi-8a,rpi-8a
181,rpi-8a,rpi-8a,rpi-8a,rpi-8a,rpi-8a,rpi-8a,rpi-8a,rpi-8a,rpi-8a,rpi-8a,rpi-8a
182,rpi-8a,rpi-8a,rpi-8a,rpi-8a,rpi-8b,rpi-8a,rpi-8a,rpi-8a,rpi-8a,rpi-8a,rpi-8a
183,rpi-8a,rpi-8a,rpi-8b,rpi-8a,rpi-8a,rpi-8a,rpi-8a,rpi-8b,rpi-8a,rpi-8a,rpi-8a
184,rpi-8a,rpi-8b,rpi-8a,rpi-8a,rpi-8a,rpi-8a,rpi-8a,rpi-8a,rpi-8a,rpi-8a,rpi-8a
185,rpi-8a,rpi-8a,rpi-8a,rpi-8a,rpi-8a,rpi-8a,rpi-8a,rpi-8a,rpi-8b,rpi-8a,rpi-8a
186,rpi-8a,rpi-8a,rpi-8a,rpi-8a,rpi-8a,rpi-8a,rpi-8a,rpi-8a,rpi-8a,rpi-8a,rpi-8a
187,rpi-8a,rpi-8a,rpi-8a,rpi-8a,rpi-8a,rpi-8a,rpi-8a,rpi-8a,rpi-8a,rpi-8a,rpi-8a
188,rpi-8a,rpi-8a,rpi-8a,rpi-8a,rpi-8a,rpi-8a,rpi-8a,rpi-8a,rpi-8a,rpi-8a,rpi-8a
189,rpi-8a,rpi-8a,rpi-8a,rpi-8b,rpi-8a,rpi-8a,rpi-8a,rpi-8b,rpi-8a,rpi-8a,rpi-8a
190,rpi-8a,rpi-8a,rpi-8b,rpi-8a,rpi-8a,rpi-8b,rpi-8a,rpi-8a,rpi-8a,rpi-8a,rpi-8a
191,rpi-8a,rpi-8a,rpi-8a,rpi-8a,rpi-8a,rpi-8a,rpi-8a,rpi-8a,rpi-8a,rpi-8a,rpi-8a
192,rpi-8a,rpi-8a,rpi-8a,rpi-8a,rpi-8a,rpi-8a,rpi-8a,rpi-8a,rpi-8a,rpi-8a,rpi-8a
193,rpi-8a,rpi-8a,rpi-8a,rpi-8a,rpi-8a,rpi-8a,rpi-8a,rpi-8a,rpi-8a,rpi-8a,rpi-8b
194,rpi-8a,rpi-8a,rpi-8a,rpi-8a,rpi-8a,rpi-8a,rpi-8a,rpi-8b,rpi-8a,rpi-8a,rpi-8a
195,rpi-8a,rpi-8a,rpi-8a,rpi-8a,rpi-8a,rpi-8a,rpi-8b,rpi-8b,rpi-8a,rpi-8a,rpi-8a
196,rpi-8a,rpi-8a,rpi-8a,rpi-8a,rpi-8a,rpi-8a,rpi-8a,rpi-8b,rpi-8a,rpi-8a,rpi-8a
197,rpi-8a,rpi-8a,rpi-8a,rpi-8b,rpi-8a,rpi-8a,rpi-8a,rpi-8a,rpi-8a,rpi-8b,rpi-8a
198,rpi-8a,rpi-8a,rpi-8a,rpi-8a,rpi-8a,rpi-8a,rpi-8a,rpi-8a,rpi-8a,rpi-8a,rpi-8a
199,rpi-8a,rpi-8a,rpi-8a,rpi-8a,rpi-8a,rpi-8a,rpi-8a,rpi-8a,rpi-8a,rpi-8a,rpi-8a
200,rpi-8a,rpi-8a,rpi-8a,rpi-8a,rpi-8a,rpi-8a,rpi-8a,rpi-8a,rpi-8a,rpi-8a,rpi-8a
201,rpi-8a,rpi-8a,rpi-8b,rpi-8a,rpi-8a,rpi-8a,rpi-8a,rpi-8a,rpi-8a,rpi-8a,rpi-8a
202,rpi-8a,rpi-8a,rpi-8a,rpi-8a,rpi-8a,rpi-8a,rpi-8a,rpi-8a,rpi-8a,rpi-8a,rpi-4a
203,rpi-8a,rpi-8a,rpi-8a,rpi-8a,rpi-8a,rpi-8a,rpi-8a,rpi-8b,rpi-8a,rpi-8b,rpi-8a
204,rpi-8a,rpi-8a,rpi-8a,rpi-8a,rpi-8b,rpi-8a,rpi-8a,rpi-8a,rpi-8a,rpi-8a,rpi-8a
205,rpi-8a,rpi-8a,rpi-8a,rpi-8a,rpi-8a,rpi-8a,rpi-8a,rpi-8a,rpi-8a,rpi-8a,rpi-8a
206,rpi-8a,rpi-8a,rpi-8a,rpi-8a,rpi-8a,rpi-8a,rpi-8a,rpi-8a,rpi-8a,rpi-8a,rpi-8a
207,rpi-8a,rpi-8a,rpi-8a,rpi-8a,rpi-8a,rpi-8a,rpi-8b,rpi-8a,rpi-8a,rpi-8a,rpi-8d
208,rpi-8a,rpi-8a,rpi-8a,rpi-8a,rpi-8a,rpi-8a,rpi-8a,rpi-8a,rpi-8b,rpi-8a,rpi-8a
209,rpi-8a,rpi-8a,rpi-8a,rpi-8b,rpi-8a,rpi-8a,rpi-8a,rpi-8a,rpi-8a,rpi-8a,rpi-8a
210,rpi-8a,rpi-8a,rpi-8a,rpi-8a,rpi-8a,rpi-8a,rpi-8a,rpi-8a,rpi-8a,rpi-8a,rpi-8b
211,rpi-8a,rpi-8a,rpi-8a,rpi-8b,rpi-8a,rpi-8a,rpi-8a,rpi-8a,rpi-8a,rpi-8a,rpi-8a
212,rpi-8a,rpi-8a,rpi-8a,rpi-8a,rpi-8a,rpi-8a,rpi-8a,rpi-8a,rpi-8a,rpi-8a,rpi-8a
213,rpi-8a,rpi-8a,rpi-8a,rpi-8a,rpi-8a,rpi-8a,rpi-8a,rpi-8a,rpi-8a,rpi-8a,rpi-8a
214,rpi-8a,rpi-8a,rpi-8a,rpi-8a,rpi-8a,rpi-8a,rpi-8a,rpi-8a,rpi-8b,rpi-8a,rpi-8a
215,rpi-8a,rpi-8c,rpi-8a,rpi-8a,rpi-8a,rpi-8a,rpi-8a,rpi-8a,rpi-8a,rpi-8a,rpi-8a
216,rpi-8a,rpi-8a,rpi-8a,rpi-8a,rpi-8a,rpi-8a,rpi-8a,rpi-8a,rpi-8a,rpi-8a,rpi-8a
217,rpi-8a,rpi-8a,rpi-8a,rpi-8a,rpi-8a,rpi-8b,rpi-8a,rpi-8a,rpi-8a,rpi-8a,rpi-8a
218,rpi-8a,rpi-8b,rpi-8a,rpi-8a,rpi-8b,rpi-8a,rpi-8a,rpi-8a,rpi-8a,rpi-8a,rpi-8a
219,rpi-8a,rpi-8a,rpi-8a,rpi-8a,rpi-8a,rpi-8a,rpi-8a,rpi-8a,rpi-8a,rpi-8a,rpi-8a
220,rpi-8a,rpi-8a,rpi-8a,rpi-8a,rpi-8a,rpi-8b,rpi-8a,rpi-8a,rpi-8a,rpi-8a,rpi-8a
221,rpi-8a,rpi-8a,rpi-8a,rpi-8a,rpi-8a,rpi-8a,rpi-8a,rpi-8a,rpi-8a,rpi-8a,rpi-8a
222,rpi-8a,rpi-8a,rpi-8a,rpi-8a,rpi-8a,rpi-8a,rpi-8a,rpi-8a,rpi-8a,rpi-8a,rpi-8a
223,rpi-8a,rpi-8a,rpi-8a,rpi-8a,rpi-8a,rpi-8a,rpi-8a,rpi-8a,rpi-8a,rpi-8a,rpi-8b
224,rpi-8a,rpi-8a,rpi-8a,rpi-8a,rpi-8a,rpi-8a,rpi-8a,rpi-8a,rpi-8b,rpi-8a,rpi-8a
225,rpi-8a,rpi-8b,rpi-8b,rpi-8a,rpi-8a,rpi-8a,rpi-8a,rpi-8a,rpi-8a,rpi-8a,rpi-8a
226,rpi-8a,rpi-8a,rpi-8a,rpi-8a,rpi-8a,rpi-8a,rpi-8a,rpi-8a,rpi-8a,rpi-8a,rpi-8a
227,rpi-8a,rpi-8a,rpi-8a,rpi-8a,rpi-8a,rpi-8a,rpi-8a,rpi-8a,rpi-8a,rpi-8a,rpi-8a
228,rpi-8a,rpi-8a,rpi-8a,rpi-8a,rpi-8a,rpi-8a,rpi-8a,rpi-8a,rpi-8a,rpi-8a,rpi-8a
229,rpi-8a,rpi-4a,rpi-8a,rpi-8a,rpi-8a,rpi-8b,rpi-8a,rpi-8a,rpi-8a,rpi-8a,rpi-8a
230,rpi-8a,rpi-8a,rpi-8a,rpi-8a,rpi-8a,rpi-8a,rpi-8a,rpi-8a,rpi-8a,rpi-8a,rpi-8a
231,rpi-8a,rpi-8a,rpi-8a,rpi-8a,rpi-8b,rpi-8a,rpi-8a,rpi-8a,rpi-8a,rpi-8a,rpi-8a
232,rpi-8a,rpi-8b,rpi-8a,rpi-8b,rpi-8a,rpi-8a,rpi-8a,rpi-8a,rpi-8a,rpi-8a,rpi-8a
233,rpi-8a,rpi-8a,rpi-8a,rpi-8b,rpi-8a,rpi-8a,rpi-8a,rpi-8a,rpi-8a,rpi-8a,rpi-8a
234,rpi-8a,rpi-8a,rpi-8a,rpi-8a,rpi-8a,rpi-8a,rpi-8a,rpi-8a,rpi-8a,rpi-8a,rpi-8a
235,rpi-8a,rpi-8a,rpi-8a,rpi-8a,rpi-8a,rpi-8a,rpi-8b,rpi-8a,rpi-8a,rpi-8a,rpi-8b
236,rpi-8a,rpi-8a,rpi-8a,rpi-8b,rpi-8a,rpi-8a,rpi-8a,rpi-8a,rpi-8a,rpi-8a,rpi-8a
237,rpi-8a,rpi-8a,rpi-8a,rpi-8b,rpi-8b,rpi-8a,rpi-8a,rpi-8a,rpi-8b,rpi-8a,rpi-8a
238,rpi-8a,rpi-8a,rpi-8a,rpi-8a,rpi-8a,rpi-8a,rpi-8a,rpi-8a,rpi-8a,rpi-8a,rpi-8a
239,rpi-8d,rpi-8d,rpi-8d,rpi-8d,rpi-8d,rpi-8c,rpi-8d,rpi-8d,rpi-4a,rpi-8c,rpi-8c
240,rpi-8d,rpi-8c,rpi-8d,rpi-8d,rpi-8d,rpi-8c,rpi-8d,rpi-8d,rpi-8d,rpi-8d,rpi-4a
241,rpi-8d,rpi-8d,rpi-8d,rpi-4a,rpi-8d,rpi-8d,rpi-4a,rpi-8d,rpi-8d,rpi-4a,rpi-8d
242,rpi-8d,rpi-8c,rpi-8d,rpi-8d,rpi-8d,rpi-8d,rpi-8d,rpi-8d,rpi-8c,rpi-8c,rpi-8c
243,rpi-8d,rpi-8d,rpi-8d,rpi-8c,rpi-8c,rpi-4a,rpi-8d,rpi-8c,rpi-8d,rpi-8c,rpi-8d
244,rpi-8d,rpi-4a,rpi-8d,rpi-8d,rpi-4a,rpi-8d,rpi-8d,rpi-8d,rpi-8d,rpi-8d,rpi-4a
245,rpi-8d,rpi-4a,rpi-8c,rpi-8d,rpi-8d,rpi-8d,rpi-8d,rpi-8d,rpi-8c,rpi-8d,rpi-4a
246,rpi-8d,rpi-8d,rpi-8d,rpi-8c,rpi-8d,rpi-8d,rpi-8d,rpi-8d,rpi-8d,rpi-8d,rpi-8d
247,rpi-8d,rpi-8c,rpi-8d,rpi-4a,rpi-8d,rpi-8d,rpi-8c,rpi-8c,rpi-8d,rpi-8c,rpi-8d
248,rpi-8d,rpi-8d,rpi-8c,rpi-8d,rpi-8d,rpi-8d,rpi-8d,rpi-8c,rpi-8d,rpi-4a,rpi-8d
249,rpi-8d,rpi-8d,rpi-8d,rpi-8c,rpi-8d,rpi-8d,rpi-8c,rpi-8c,rpi-8d,rpi-8d,rpi-4a
250,rpi-8d,rpi-4a,rpi-8d,rpi-8d,rpi-8d,rpi-8c,rpi-8d,rpi-8c,rpi-8d,rpi-4a,rpi-8d
251,rpi-8d,rpi-8d,rpi-4a,rpi-8c,rpi-8d,rpi-8d,rpi-8d,rpi-8d,rpi-8d,rpi-8d,rpi-8d
252,rpi-8d,rpi-8d,rpi-8d,rpi-8d,rpi-8d,rpi-8c,rpi-4a,rpi-8c,rpi-8d,rpi-8c,rpi-4a
253,rpi-8d,rpi-8d,rpi-8d,rpi-8d,rpi-8d,rpi-8d,rpi-8d,rpi-8d,rpi-8d,rpi-8c,rpi-8c
254,rpi-8d,rpi-8d,rpi-8d,rpi-8d,rpi-8d,rpi-8b,rpi-8d,rpi-8d,rpi-8d,rpi-8d,rpi-8d
255,rpi-8d,rpi-8d,rpi-8d,rpi-8d,rpi-8d,rpi-8d,rpi-8d,rpi-8d,rpi-8d,rpi-8c,rpi-8d
256,rpi-8d,rpi-8a,rpi-8c,rpi-8c,rpi-8d,rpi-8d,rpi-4a,rpi-8d,rpi-8c,rpi-8d,rpi-8d
257,rpi-8d,rpi-8d,rpi-8d,rpi-8d,rpi-8c,rpi-8c,rpi-8c,rpi-8d,rpi-8d,rpi-8c,rpi-8d
258,rpi-8d,rpi-8c,rpi-8c,rpi-8d,rpi-8d,rpi-8d,rpi-8d,rpi-8d,rpi-8d,rpi-8d,rpi-8d
259,rpi-8d,rpi-8d,rpi-8d,rpi-8d,rpi-8d,rpi-8c,rpi-8d,rpi-8d,rpi-8c,rpi-8c,rpi-8b
260,rpi-8d,rpi-8d,rpi-8d,rpi-8d,rpi-8d,rpi-8c,rpi-8d,rpi-8d,rpi-8d,rpi-8c,rpi-8d
261,rpi-8d,rpi-8d,rpi-8d,rpi-8c,rpi-8d,rpi-8d,rpi-8b,rpi-4a,rpi-8d,rpi-8d,rpi-8d
262,rpi-8d,rpi-8d,rpi-8c,rpi-4a,rpi-8b,rpi-8d,rpi-8d,rpi-8d,rpi-8c,rpi-8d,rpi-8d
263,rpi-8d,rpi-8d,rpi-8d,rpi-8a,rpi-4a,rpi-4a,rpi-8c,rpi-8c,rpi-4a,rpi-8c,rpi-8d
264,rpi-8d,rpi-8c,rpi-8d,rpi-8d,rpi-8d,rpi-8c,rpi-8a,rpi-8c,rpi-8d,rpi-8d,rpi-8c
265,rpi-8d,rpi-8c,rpi-8d,rpi-8d,rpi-8d,rpi-4a,rpi-8d,rpi-8d,rpi-8c,rpi-8c,rpi-8d
266,rpi-8d,rpi-8d,rpi-8d,rpi-8a,rpi-4a,rpi-8c,rpi-8d,rpi-8d,rpi-8d,rpi-8c,rpi-8c
267,rpi-8d,rpi-8d,rpi-8d,rpi-8d,rpi-8d,rpi-8d,rpi-8d,rpi-8c,rpi-8d,rpi-8d,rpi-8c
268,rpi-8d,rpi-4a,rpi-4a,rpi-8d,rpi-8d,rpi-8c,rpi-8d,rpi-8d,rpi-8d,rpi-8c,rpi-4a
269,rpi-8d,rpi-8c,rpi-8c,rpi-8d,rpi-8d,rpi-8d,rpi-8d,rpi-8d,rpi-8d,rpi-8c,rpi-8d
270,rpi-8d,rpi-8d,rpi-8d,rpi-8d,rpi-8d,rpi-8c,rpi-8d,rpi-8d,rpi-8c,rpi-8d,rpi-8d
271,rpi-8d,rpi-8d,rpi-8d,rpi-8d,rpi-8d,rpi-8c,rpi-8d,rpi-8d,rpi-8d,rpi-8c,rpi-8c
272,rpi-8d,rpi-8d,rpi-8c,rpi-8c,rpi-8d,rpi-8d,rpi-8d,rpi-8c,rpi-8d,rpi-8d,rpi-8c
273,rpi-8d,rpi-8c,rpi-8c,rpi-8c,rpi-8b,rpi-8d,rpi-4a,rpi-8c,rpi-8d,rpi-8c,rpi-4a
274,rpi-8d,rpi-8d,rpi-8d,rpi-8d,rpi-8d,rpi-8a,rpi-8d,rpi-8d,rpi-8d,rpi-8d,rpi-8d
275,rpi-8d,rpi-8d,rpi-8d,rpi-8c,rpi-4a,rpi-8d,rpi-8d,rpi-8c,rpi-8d,rpi-8d,rpi-8d
276,rpi-8d,rpi-8d,rpi-4a,rpi-8d,rpi-8d,rpi-8d,rpi-8d,rpi-8d,rpi-8c,rpi-8d,rpi-8d
277,rpi-8d,rpi-8d,rpi-8d,rpi-8c,rpi-4a,rpi-8d,rpi-8d,rpi-8d,rpi-8d,rpi-8d,rpi-8d
278,rpi-8d,rpi-8d,rpi-8d,rpi-8d,rpi-8c,rpi-4a,rpi-8d,rpi-8d,rpi-4a,rpi-8d,rpi-8d
279,rpi-8d,rpi-8d,rpi-8c,rpi-8d,rpi-8d,rpi-8d,rpi-4a,rpi-8c,rpi-8d,rpi-8c,rpi-8d
280,rpi-8d,rpi-8d,rpi-8c,rpi-8d,rpi-8d,rpi-8d,rpi-8c,rpi-8d,rpi-8c,rpi-8d,rpi-8d
281,rpi-8d,rpi-4a,rpi-8d,rpi-8d,rpi-8d,rpi-8d,rpi-8d,rpi-8d,rpi-8d,rpi-8d,rpi-8d
282,rpi-8d,rpi-8d,rpi-8d,rpi-8d,rpi-8d,rpi-4a,rpi-8d,rpi-8a,rpi-8d,rpi-8d,rpi-8c
283,rpi-8d,rpi-8c,rpi-8d,rpi-4a,rpi-8d,rpi-8c,rpi-8c,rpi-8d,rpi-8d,rpi-8d,rpi-8d
284,rpi-8d,rpi-4a,rpi-4a,rpi-8d,rpi-8d,rpi-8d,rpi-8d,rpi-8d,rpi-8d,rpi-8d,rpi-4a
285,rpi-8d,rpi-4a,rpi-8d,rpi-8d,rpi-8d,rpi-8c,rpi-8c,rpi-8d,rpi-8d,rpi-8d,rpi-8d
286,rpi-8d,rpi-8d,rpi-8d,rpi-8d,rpi-8c,rpi-8d,rpi-8d,rpi-8d,rpi-8c,rpi-8c,rpi-8d
287,rpi-8d,rpi-8d,rpi-8d,rpi-8c,rpi-8d,rpi-4a,rpi-8c,rpi-8d,rpi-8d,rpi-8d,rpi-8d
288,rpi-8d,rpi-8d,rpi-8c,rpi-8d,rpi-4a,rpi-8d,rpi-8d,rpi-8c,rpi-8d,rpi-8c,rpi-8d
289,rpi-8d,rpi-8d,rpi-8d,rpi-8d,rpi-8d,rpi-8d,rpi-8d,rpi-8d,rpi-8d,rpi-8c,rpi-8d
290,rpi-8d,rpi-8d,rpi-8d,rpi-8d,rpi-4a,rpi-4a,rpi-4a,rpi-8d,rpi-8d,rpi-8d,rpi-8d
291,rpi-8d,rpi-8d,rpi-8c,rpi-8d,rpi-8d,rpi-8d,rpi-8c,rpi-8d,rpi-8c,rpi-8d,rpi-8d
292,rpi-8d,rpi-8d,rpi-8c,rpi-8d,rpi-8d,rpi-8d,rpi-8d,rpi-8d,rpi-8d,rpi-8d,rpi-8c
293,rpi-8d,rpi-8d,rpi-8d,rpi-8c,rpi-8c,rpi-8d,rpi-8d,rpi-8d,rpi-8c,rpi-8d,rpi-8d
294,rpi-8d,rpi-8d,rpi-8d,rpi-8d,rpi-4a,rpi-8d,rpi-8d,rpi-8c,rpi-8c,rpi-8c,rpi-8c
295,rpi-8d,rpi-8d,rpi-8c,rpi-8c,rpi-8d,rpi-8c,rpi-8d,rpi-8d,rpi-8d,rpi-8d,rpi-8d
296,rpi-8d,rpi-4a,rpi-8d,rpi-4a,rpi-8d,rpi-4a,rpi-8d,rpi-8d,rpi-8d,rpi-8d,rpi-8d
297,rpi-8d,rpi-8d,rpi-8d,rpi-8d,rpi-8d,rpi-8d,rpi-8d,rpi-8c,rpi-8d,rpi-8d,rpi-8d
298,rpi-8d,rpi-8d,rpi-8d,rpi-8d,rpi-8d,rpi-8d,rpi-8d,rpi-8d,rpi-8d,rpi-8d,rpi-8d
299,rpi-8d,rpi-8d,rpi-8d,rpi-8d,rpi-8d,rpi-8c,rpi-4a,rpi-8c,rpi-8c,rpi-8d,rpi-8d
300,rpi-8d,rpi-8d,rpi-8c,rpi-8c,rpi-8d,rpi-8d,rpi-8d,rpi-8d,rpi-8d,rpi-8d,rpi-8c
301,rpi-8d,rpi-8d,rpi-8d,rpi-4a,rpi-8d,rpi-8d,rpi-8c,rpi-8d,rpi-8d,rpi-8d,rpi-8d
302,rpi-8d,rpi-8d,rpi-8d,rpi-8d,rpi-8d,rpi-8c,rpi-8d,rpi-8d,rpi-8d,rpi-8d,rpi-8c
303,rpi-8d,rpi-8d,rpi-8d,rpi-8d,rpi-4a,rpi-8d,rpi-8d,rpi-8d,rpi-4a,rpi-8d,rpi-8d
304,rpi-8d,rpi-8d,rpi-8d,rpi-8d,rpi-8d,rpi-4a,rpi-8d,rpi-4a,rpi-8d,rpi-8d,rpi-8c
305,rpi-8d,rpi-8d,rpi-8d,rpi-8c,rpi-8d,rpi-8d,rpi-8d,rpi-8d,rpi-8d,rpi-8d,rpi-8d
306,rpi-8d,rpi-8d,rpi-8d,rpi-8d,rpi-8d,rpi-8d,rpi-8d,rpi-8c,rpi-8d,rpi-8d,rpi-8d
307,rpi-8d,rpi-8d,rpi-8d,rpi-8d,rpi-8d,rpi-8d,rpi-8d,rpi-8d,rpi-8d,rpi-8d,rpi-8d
308,rpi-8d,rpi-8d,rpi-8d,rpi-8d,rpi-8c,rpi-8d,rpi-8c,rpi-8d,rpi-8d,rpi-8d,rpi-4a
309,rpi-8d,rpi-8d,rpi-8c,rpi-8c,rpi-8c,rpi-8d,rpi-8c,rpi-8a,rpi-8c,rpi-8d,rpi-4a
310,rpi-8d,rpi-8d,rpi-8d,rpi-8d,rpi-8c,rpi-8d,rpi-8d,rpi-8d,rpi-8d,rpi-8d,rpi-8d
311,rpi-8d,rpi-8c,rpi-8b,rpi-8d,rpi-8d,rpi-8d,rpi-8d,rpi-8d,rpi-8d,rpi-8d,rpi-8d
312,rpi-8d,rpi-8c,rpi-8d,rpi-8d,rpi-8d,rpi-8c,rpi-8d,rpi-8c,rpi-8c,rpi-8d,rpi-8d
313,rpi-8d,rpi-8c,rpi-4a,rpi-8d,rpi-4a,rpi-8c,rpi-8d,rpi-8d,rpi-8c,rpi-8d,rpi-8d
314,rpi-8d,rpi-8d,rpi-8d,rpi-8d,rpi-8d,rpi-8d,rpi-8d,rpi-8d,rpi-8d,rpi-8c,rpi-8c
315,rpi-8d,rpi-8d,rpi-8d,rpi-8d,rpi-8d,rpi-8d,rpi-8d,rpi-8d,rpi-8d,rpi-8d,rpi-8d
316,rpi-8d,rpi-8d,rpi-8d,rpi-4a,rpi-8d,rpi-8c,rpi-8d,rpi-8d,rpi-8c,rpi-8d,rpi-8c
317,rpi-8d,rpi-8c,rpi-8c,rpi-8c,rpi-8d,rpi-8d,rpi-8d,rpi-8d,rpi-8c,rpi-8d,rpi-8d
318,rpi-8d,rpi-8c,rpi-8d,rpi-8d,rpi-8d,rpi-8d,rpi-8c,rpi-8d,rpi-8c,rpi-8d,rpi-4a
319,rpi-8d,rpi-8d,rpi-8d,rpi-8c,rpi-8d,rpi-8d,rpi-8d,rpi-8d,rpi-8d,rpi-8c,rpi-8d
320,rpi-8d,rpi-8d,rpi-8c,rpi-8d,rpi-8d,rpi-8c,rpi-4a,rpi-8c,rpi-8c,rpi-4a,rpi-8d
321,rpi-8d,rpi-8d,rpi-8c,rpi-4a,rpi-8d,rpi-8d,rpi-4a,rpi-8d,rpi-8d,rpi-8d,rpi-8b
322,rpi-8d,rpi-8d,rpi-8d,rpi-8d,rpi-8d,rpi-8c,rpi-8d,rpi-8c,rpi-8d,rpi-8d,rpi-8d
323,rpi-8d,rpi-8d,rpi-8d,rpi-8d,rpi-8c,rpi-8d,rpi-8d,rpi-8d,rpi-8d,rpi-8d,rpi-8d
324,rpi-8d,rpi-4a,rpi-8d,rpi-8d,rpi-8d,rpi-8d,rpi-8d,rpi-8d,rpi-8d,rpi-8d,rpi-8d
325,rpi-8d,rpi-8d,rpi-8d,rpi-8d,rpi-8d,rpi-8d,rpi-4a,rpi-8d,rpi-8d,rpi-8d,rpi-8d
326,rpi-8d,rpi-8d,rpi-8d,rpi-8d,rpi-8d,rpi-8d,rpi-8d,rpi-8d,rpi-8d,rpi-8d,rpi-8d
327,rpi-8d,rpi-8d,rpi-8d,rpi-8d,rpi-8c,rpi-8d,rpi-8d,rpi-8d,rpi-8d,rpi-8c,rpi-4a
328,rpi-8d,rpi-8d,rpi-8c,rpi-8d,rpi-8c,rpi-8d,rpi-4a,rpi-8d,rpi-8d,rpi-8d,rpi-8d
329,rpi-8d,rpi-8c,rpi-8d,rpi-8d,rpi-8d,rpi-8d,rpi-8d,rpi-8d,rpi-8d,rpi-8d,rpi-8d
330,rpi-8d,rpi-4a,rpi-8d,rpi-8d,rpi-8d,rpi-8d,rpi-8c,rpi-8c,rpi-8d,rpi-8d,rpi-8d
331,rpi-8d,rpi-8d,rpi-8d,rpi-4a,rpi-8d,rpi-8c,rpi-8d,rpi-8c,rpi-4a,rpi-8d,rpi-8d
332,rpi-8d,rpi-8c,rpi-8d,rpi-8d,rpi-8d,rpi-8d,rpi-4a,rpi-8c,rpi-8c,rpi-8d,rpi-8d
333,rpi-8d,rpi-8d,rpi-8d,rpi-8d,rpi-8d,rpi-8c,rpi-8d,rpi-8d,rpi-4a,rpi-8c,rpi-8d
334,rpi-8d,rpi-8d,rpi-8b,rpi-8d,rpi-4a,rpi-4a,rpi-8c,rpi-8d,rpi-8c,rpi-8d,rpi-8d
335,rpi-8d,rpi-8d,rpi-8d,rpi-8d,rpi-4a,rpi-8d,rpi-8d,rpi-8d,rpi-8d,rpi-8d,rpi-8c
336,rpi-8d,rpi-8d,rpi-8d,rpi-8d,rpi-4a,rpi-8c,rpi-8c,rpi-8c,rpi-4a,rpi-8c,rpi-8c
337,rpi-8d,rpi-8d,rpi-8d,rpi-8d,rpi-8c,rpi-8d,rpi-8d,rpi-4a,rpi-8d,rpi-8d,rpi-8d
338,rpi-8d,rpi-8c,rpi-8d,rpi-8d,rpi-8d,rpi-8d,rpi-8c,rpi-8d,rpi-8d,rpi-4a,rpi-8c
339,rpi-8d,rpi-8d,rpi-8d,rpi-8d,rpi-8d,rpi-8d,rpi-8d,rpi-8d,rpi-8d,rpi-8d,rpi-8d
340,rpi-8d,rpi-8d,rpi-8c,rpi-8d,rpi-8d,rpi-8c,rpi-8d,rpi-8d,rpi-8d,rpi-8d,rpi-8d
341,rpi-8d,rpi-8c,rpi-8d,rpi-8c,rpi-8d,rpi-8d,rpi-8d,rpi-8d,rpi-8d,rpi-8c,rpi-8d
342,rpi-8d,rpi-8c,rpi-8d,rpi-8d,rpi-8d,rpi-8c,rpi-8c,rpi-8d,rpi-8d,rpi-8d,rpi-8d
343,rpi-8d,rpi-8d,rpi-8d,rpi-8d,rpi-8d,rpi-8c,rpi-8d,rpi-8d,rpi-8c,rpi-8d,rpi-8d
344,rpi-8d,rpi-8d,rpi-8d,rpi-8d,rpi-8c,rpi-8d,rpi-8d,rpi-8d,rpi-8c,rpi-8d,rpi-8d
345,rpi-8d,rpi-8d,rpi-8d,rpi-8d,rpi-8d,rpi-8d,rpi-8c,rpi-8d,rpi-8d,rpi-8d,rpi-8d
346,rpi-8d,rpi-8d,rpi-8c,rpi-8d,rpi-8d,rpi-8d,rpi-8b,rpi-8c,rpi-8d,rpi-8d,rpi-8d
347,rpi-8d,rpi-8c,rpi-4a,rpi-8d,rpi-8c,rpi-8d,rpi-8c,rpi-8c,rpi-8d,rpi-8c,rpi-8d
348,rpi-8d,rpi-4a,rpi-4a,rpi-8d,rpi-8d,rpi-8d,rpi-8d,rpi-8d,rpi-8d,rpi-8d,rpi-8d
349,rpi-8d,rpi-8d,rpi-4a,rpi-8d,rpi-8d,rpi-8d,rpi-8d,rpi-8c,rpi-8d,rpi-8d,rpi-8c
350,rpi-8d,rpi-4a,rpi-8d,rpi-8d,rpi-8d,rpi-8d,rpi-8c,rpi-8d,rpi-8c,rpi-8d,rpi-8d
351,rpi-8d,rpi-8d,rpi-4a,rpi-8c,rpi-8c,rpi-8c,rpi-8c,rpi-8d,rpi-8d,rpi-8d,rpi-8d
352,rpi-8d,rpi-8d,rpi-4a,rpi-8d,rpi-4a,rpi-8d,rpi-8d,rpi-8d,rpi-8d,rpi-4a,rpi-8d
353,rpi-8d,rpi-8d,rpi-8d,rpi-8c,rpi-8d,rpi-8c,rpi-8d,rpi-8c,rpi-8c,rpi-8d,rpi-8d
354,rpi-8d,rpi-8c,rpi-8d,rpi-8d,rpi-8d,rpi-8c,rpi-8d,rpi-8d,rpi-4a,rpi-8d,rpi-8d
355,rpi-8d,rpi-8d,rpi-8d,rpi-8d,rpi-8d,rpi-8d,rpi-8c,rpi-4a,rpi-8d,rpi-8c,rpi-8d
356,rpi-8d,rpi-8c,rpi-8d,rpi-8d,rpi-8d,rpi-8d,rpi-8c,rpi-8d,rpi-8d,rpi-8d,rpi-8d
357,rpi-8d,rpi-8d,rpi-8c,rpi-8d,rpi-8d,rpi-8d,rpi-8d,rpi-8d,rpi-8c,rpi-8c,rpi-8d
358,rpi-8d,rpi-8d,rpi-8c,rpi-8d,rpi-8d,rpi-8c,rpi-8c,rpi-8d,rpi-8d,rpi-8d,rpi-8d
359,rpi-8c,rpi-8c,rpi-8c,rpi-4a,rpi-4a,rpi-8c,rpi-8c,rpi-8c,rpi-8c,rpi-8c,rpi-8c
360,rpi-8c,rpi-8c,rpi-8d,rpi-8c,rpi-8c,rpi-8c,rpi-8c,rpi-8c,rpi-8c,rpi-8d,rpi-8c
361,rpi-8c,rpi-8c,rpi-4a,rpi-8c,rpi-8c,rpi-8c,rpi-8c,rpi-8c,rpi-8c,rpi-8c,rpi-8d
362,rpi-8c,rpi-8c,rpi-8d,rpi-8c,rpi-8c,rpi-8c,rpi-4a,rpi-8c,rpi-8c,rpi-8c,rpi-8c
363,rpi-8c,rpi-8c,rpi-4a,rpi-8c,rpi-8c,rpi-8d,rpi-8c,rpi-8c,rpi-8d,rpi-8c,rpi-8c
364,rpi-8c,rpi-8c,rpi-4a,rpi-8d,rpi-8c,rpi-8c,rpi-8c,rpi-4a,rpi-8c,rpi-8c,rpi-8c
365,rpi-8c,rpi-8d,rpi-8d,rpi-8c,rpi-8c,rpi-8d,rpi-8d,rpi-8c,rpi-4a,rpi-8c,rpi-8d
366,rpi-8c,rpi-8c,rpi-8d,rpi-8c,rpi-8c,rpi-8c,rpi-8c,rpi-8c,rpi-8c,rpi-8c,rpi-8c
367,rpi-8c,rpi-8c,rpi-8c,rpi-8c,rpi-8c,rpi-8d,rpi-8c,rpi-8d,rpi-8c,rpi-8c,rpi-8c
368,rpi-8c,rpi-8c,rpi-4a,rpi-8c,rpi-8c,rpi-8c,rpi-8c,rpi-8c,rpi-8c,rpi-8c,rpi-8d
369,rpi-8c,rpi-8c,rpi-8d,rpi-8c,rpi-8d,rpi-8c,rpi-8c,rpi-8d,rpi-8c,rpi-8c,rpi-8c
370,rpi-8c,rpi-8d,rpi-8c,rpi-8c,rpi-8d,rpi-8c,rpi-8c,rpi-8c,rpi-8c,rpi-8c,rpi-8c
371,rpi-8c,rpi-8c,rpi-8d,rpi-8c,rpi-8c,rpi-8c,rpi-8d,rpi-8c,rpi-8c,rpi-8c,rpi-8c
372,rpi-8c,rpi-8d,rpi-8c,rpi-8c,rpi-8d,rpi-8c,rpi-8c,rpi-8c,rpi-8d,rpi-8d,rpi-8c
373,rpi-8c,rpi-8c,rpi-8c,rpi-8c,rpi-8c,rpi-8c,rpi-8c,rpi-8c,rpi-8d,rpi-4a,rpi-8c
374,rpi-8c,rpi-8d,rpi-4a,rpi-8c,rpi-8d,rpi-8c,rpi-8c,rpi-8c,rpi-8c,rpi-8c,rpi-8d
375,rpi-8c,rpi-8c,rpi-8c,rpi-8d,rpi-8c,rpi-4a,rpi-8c,rpi-8c,rpi-8d,rpi-8c,rpi-8c
376,rpi-8c,rpi-8d,rpi-8d,rpi-8c,rpi-8c,rpi-8c,rpi-8c,rpi-8c,rpi-8c,rpi-4a,rpi-4a
377,rpi-8c,rpi-8c,rpi-8c,rpi-8c,rpi-8c,rpi-8d,rpi-8c,rpi-8c,rpi-8c,rpi-8c,rpi-8c
378,rpi-8c,rpi-8c,rpi-8c,rpi-8c,rpi-8d,rpi-8c,rpi-8d,rpi-8c,rpi-8d,rpi-8c,rpi-8c
379,rpi-8c,rpi-8c,rpi-8c,rpi-8c,rpi-8c,rpi-8d,rpi-8c,rpi-8c,rpi-8c,rpi-8d,rpi-8c
380,rpi-8c,rpi-8c,rpi-8c,rpi-8c,rpi-8c,rpi-8c,rpi-8c,rpi-8c,rpi-8c,rpi-8c,rpi-8c
381,rpi-8c,rpi-8c,rpi-8c,rpi-8c,rpi-8c,rpi-8c,rpi-8b,rpi-8c,rpi-8c,rpi-8c,rpi-8c
382,rpi-8c,rpi-8b,rpi-8d,rpi-8c,rpi-8c,rpi-8c,rpi-8c,rpi-8c,rpi-8c,rpi-8c,rpi-8c
383,rpi-8c,rpi-8c,rpi-8c,rpi-8c,rpi-8c,rpi-8c,rpi-8c,rpi-8c,rpi-8d,rpi-8c,rpi-8c
384,rpi-8c,rpi-8c,rpi-8d,rpi-4a,rpi-8c,rpi-8b,rpi-4a,rpi-8c,rpi-8c,rpi-8c,rpi-8c
385,rpi-8c,rpi-4a,rpi-8c,rpi-8c,rpi-8c,rpi-8d,rpi-8c,rpi-8d,rpi-8c,rpi-8d,rpi-8c
386,rpi-8c,rpi-8c,rpi-8c,rpi-4a,rpi-8d,rpi-8c,rpi-8c,rpi-8c,rpi-8c,rpi-8c,rpi-8c
387,rpi-8c,rpi-8c,rpi-8c,rpi-8c,rpi-8c,rpi-8c,rpi-8c,rpi-8d,rpi-8c,rpi-8c,rpi-8c
388,rpi-8c,rpi-8d,rpi-4a,rpi-8c,rpi-4a,rpi-8c,rpi-4a,rpi-8c,rpi-8d,rpi-8c,rpi-8c
389,rpi-8c,rpi-8c,rpi-8d,rpi-8d,rpi-8c,rpi-8c,rpi-8c,rpi-8c,rpi-8c,rpi-8c,rpi-8d
390,rpi-8c,rpi-8c,rpi-8c,rpi-8c,rpi-8c,rpi-8c,rpi-8c,rpi-8d,rpi-8c,rpi-8c,rpi-8c
391,rpi-8c,rpi-8c,rpi-8d,rpi-8c,rpi-8c,rpi-8a,rpi-8c,rpi-8c,rpi-8c,rpi-8d,rpi-8c
392,rpi-8c,rpi-8d,rpi-8d,rpi-8c,rpi-8c,rpi-8c,rpi-8c,rpi-4a,rpi-8c,rpi-8c,rpi-8c
393,rpi-8c,rpi-8c,rpi-8c,rpi-8d,rpi-8c,rpi-4a,rpi-8c,rpi-8c,rpi-8d,rpi-8c,rpi-8c
394,rpi-8c,rpi-8c,rpi-8c,rpi-8a,rpi-8c,rpi-8c,rpi-8c,rpi-8c,rpi-8c,rpi-8c,rpi-8c
395,rpi-8c,rpi-8c,rpi-8c,rpi-8c,rpi-8c,rpi-8c,rpi-8c,rpi-8c,rpi-8c,rpi-8c,rpi-8c
396,rpi-8c,rpi-8c,rpi-8d,rpi-4a,rpi-8c,rpi-4a,rpi-8c,rpi-8c,rpi-8d,rpi-8d,rpi-4a
397,rpi-8c,rpi-8c,rpi-8c,rpi-8c,rpi-8d,rpi-8c,rpi-8c,rpi-8b,rpi-8d,rpi-8c,rpi-8c
398,rpi-8c,rpi-8c,rpi-8d,rpi-8c,rpi-8d,rpi-8c,rpi-8c,rpi-8d,rpi-8c,rpi-8c,rpi-8c
399,rpi-8c,rpi-8c,rpi-8c,rpi-8c,rpi-8c,rpi-8c,rpi-8c,rpi-8c,rpi-8c,rpi-8c,rpi-8c
400,rpi-8c,rpi-8c,rpi-4a,rpi-8c,rpi-8c,rpi-8c,rpi-8c,rpi-8c,rpi-8d,rpi-8d,rpi-8c
401,rpi-8c,rpi-8c,rpi-8c,rpi-8c,rpi-8c,rpi-4a,rpi-8c,rpi-8c,rpi-8c,rpi-8c,rpi-8d
402,rpi-8c,rpi-8d,rpi-8d,rpi-4a,rpi-8c,rpi-8c,rpi-8c,rpi-4a,rpi-8d,rpi-8c,rpi-8c
403,rpi-8c,rpi-8c,rpi-8c,rpi-8d,rpi-4a,rpi-8c,rpi-8c,rpi-4a,rpi-8c,rpi-8c,rpi-8c
404,rpi-8c,rpi-8c,rpi-8c,rpi-8c,rpi-8d,rpi-4a,rpi-8c,rpi-8c,rpi-8c,rpi-8d,rpi-8d
405,rpi-8c,rpi-8c,rpi-8c,rpi-8c,rpi-8d,rpi-8c,rpi-8c,rpi-8c,rpi-8d,rpi-8c,rpi-4a
406,rpi-8c,rpi-8c,rpi-8c,rpi-8c,rpi-8c,rpi-8c,rpi-8c,rpi-8c,rpi-8c,rpi-8c,rpi-8c
407,rpi-8c,rpi-8d,rpi-8c,rpi-4a,rpi-8c,rpi-8c,rpi-8d,rpi-8c,rpi-8c,rpi-4a,rpi-8c
408,rpi-8c,rpi-4a,rpi-8c,rpi-8c,rpi-8c,rpi-8c,rpi-8d,rpi-8c,rpi-8d,rpi-8b,rpi-8d
409,rpi-8c,rpi-8c,rpi-8c,rpi-8c,rpi-8c,rpi-8c,rpi-8c,rpi-8d,rpi-8c,rpi-8c,rpi-8d
410,rpi-8c,rpi-8c,rpi-4a,rpi-8c,rpi-8c,rpi-8d,rpi-8d,rpi-8c,rpi-8c,rpi-8c,rpi-8c
411,rpi-8c,rpi-8c,rpi-8c,rpi-8c,rpi-8b,rpi-8c,rpi-4a,rpi-8d,rpi-8d,rpi-8c,rpi-8c
412,rpi-8c,rpi-8c,rpi-8c,rpi-8d,rpi-8c,rpi-8c,rpi-8c,rpi-8c,rpi-8c,rpi-8c,rpi-8c
413,rpi-8c,rpi-8c,rpi-8c,rpi-8c,rpi-8c,rpi-8d,rpi-8a,rpi-8d,rpi-8c,rpi-4a,rpi-8c
414,rpi-8c,rpi-8c,rpi-8c,rpi-8c,rpi-8c,rpi-8c,rpi-8d,rpi-8c,rpi-8c,rpi-8d,rpi-8c
415,rpi-8c,rpi-8c,rpi-8d,rpi-8d,rpi-8c,rpi-8c,rpi-8c,rpi-8c,rpi-8c,rpi-8c,rpi-8c
416,rpi-8c,rpi-8c,rpi-8c,rpi-4a,rpi-8c,rpi-8c,rpi-8c,rpi-8d,rpi-8c,rpi-8d,rpi-8d
417,rpi-8c,rpi-8c,rpi-8c,rpi-8c,rpi-8c,rpi-8c,rpi-8d,rpi-4a,rpi-8c,rpi-8d,rpi-8c
418,rpi-8c,rpi-8c,rpi-8c,rpi-8c,rpi-8a,rpi-8c,rpi-8c,rpi-8d,rpi-8d,rpi-8c,rpi-8c
419,rpi-8c,rpi-8c,rpi-8d,rpi-8c,rpi-8c,rpi-8c,rpi-8c,rpi-8d,rpi-4a,rpi-4a,rpi-8c
420,rpi-8c,rpi-8d,rpi-8c,rpi-8c,rpi-8c,rpi-8c,rpi-8c,rpi-8c,rpi-8c,rpi-8c,rpi-4a
421,rpi-8c,rpi-8c,rpi-8d,rpi-8c,rpi-8c,rpi-8c,rpi-8c,rpi-8c,rpi-8d,rpi-8c,rpi-8c
422,rpi-8c,rpi-8c,rpi-8c,rpi-8d,rpi-8d,rpi-8d,rpi-8c,rpi-8c,rpi-8c,rpi-8d,rpi-8d
423,rpi-8c,rpi-8c,rpi-8b,rpi-8c,rpi-8c,rpi-8c,rpi-8c,rpi-8d,rpi-8c,rpi-8c,rpi-8c
424,rpi-8c,rpi-8d,rpi-8d,rpi-8c,rpi-8c,rpi-8d,rpi-8c,rpi-8d,rpi-8c,rpi-8c,rpi-8c
425,rpi-8c,rpi-8c,rpi-8b,rpi-8c,rpi-8c,rpi-8c,rpi-8c,rpi-8c,rpi-8c,rpi-8c,rpi-8c
426,rpi-8c,rpi-8d,rpi-8c,rpi-8c,rpi-8c,rpi-8d,rpi-8c,rpi-8d,rpi-8c,rpi-4a,rpi-8c
427,rpi-8c,rpi-8c,rpi-8d,rpi-8c,rpi-8c,rpi-8d,rpi-8c,rpi-8c,rpi-8c,rpi-8b,rpi-8c
428,rpi-8c,rpi-8c,rpi-8d,rpi-8d,rpi-8c,rpi-8d,rpi-8d,rpi-4a,rpi-8c,rpi-4a,rpi-8c
429,rpi-8c,rpi-8c,rpi-8c,rpi-8c,rpi-8c,rpi-4a,rpi-8d,rpi-8c,rpi-8d,rpi-4a,rpi-8d
430,rpi-8c,rpi-8d,rpi-8c,rpi-8c,rpi-4a,rpi-8c,rpi-8b,rpi-8c,rpi-8c,rpi-8c,rpi-8c
431,rpi-8c,rpi-8c,rpi-8d,rpi-8c,rpi-4a,rpi-8d,rpi-8d,rpi-8c,rpi-8c,rpi-8c,rpi-8c
432,rpi-8c,rpi-8c,rpi-8c,rpi-8c,rpi-8d,rpi-8c,rpi-8c,rpi-8c,rpi-8c,rpi-8c,rpi-8c
433,rpi-8c,rpi-8c,rpi-8c,rpi-8c,rpi-8c,rpi-8c,rpi-8c,rpi-8d,rpi-8c,rpi-8c,rpi-8c
434,rpi-8c,rpi-8c,rpi-8d,rpi-8c,rpi-8c,rpi-8d,rpi-8c,rpi-8c,rpi-8d,rpi-4a,rpi-8c
435,rpi-8c,rpi-8d,rpi-8d,rpi-8c,rpi-8d,rpi-8d,rpi-8c,rpi-8c,rpi-8c,rpi-8c,rpi-8c
436,rpi-8c,rpi-8c,rpi-8c,rpi-8d,rpi-8c,rpi-8c,rpi-8c,rpi-8c,rpi-8c,rpi-8d,rpi-8c
437,rpi-8c,rpi-4a,rpi-8c,rpi-8c,rpi-8c,rpi-8c,rpi-8c,rpi-8c,rpi-8c,rpi-8c,rpi-8c
438,rpi-8c,rpi-8c,rpi-4a,rpi-8c,rpi-8d,rpi-8c,rpi-8c,rpi-8c,rpi-8c,rpi-8d,rpi-8c
439,rpi-8c,rpi-8c,rpi-8c,rpi-8d,rpi-8c,rpi-8c,rpi-8c,rpi-4a,rpi-8c,rpi-8c,rpi-4a
440,rpi-8c,rpi-8c,rpi-8c,rpi-8c,rpi-8c,rpi-4a,rpi-8c,rpi-4a,rpi-8c,rpi-8c,rpi-8c
441,rpi-8c,rpi-8c,rpi-8d,rpi-8c,rpi-8c,rpi-8d,rpi-8d,rpi-8c,rpi-8c,rpi-8c,rpi-8c
442,rpi-8c,rpi-8c,rpi-8c,rpi-8c,rpi-8d,rpi-8c,rpi-8c,rpi-8c,rpi-8d,rpi-8c,rpi-8d
443,rpi-8c,rpi-8c,rpi-8c,rpi-8c,rpi-8c,rpi-8d,rpi-8c,rpi-8c,rpi-8c,rpi-8c,rpi-8c
444,rpi-8c,rpi-8c,rpi-8c,rpi-8c,rpi-8d,rpi-8c,rpi-8c,rpi-4a,rpi-8c,rpi-8c,rpi-8d
445,rpi-8c,rpi-4a,rpi-8c,rpi-8d,rpi-8c,rpi-8b,rpi-8c,rpi-8c,rpi-8c,rpi-8c,rpi-8d
446,rpi-8c,rpi-8c,rpi-8c,rpi-8c,rpi-8c,rpi-8c,rpi-8c,rpi-8c,rpi-8c,rpi-8c,rpi-8c
447,rpi-8c,rpi-8c,rpi-8c,rpi-8c,rpi-8d,rpi-8c,rpi-8c,rpi-8c,rpi-8c,rpi-8c,rpi-8c
448,rpi-8c,rpi-8c,rpi-8c,rpi-8d,rpi-4a,rpi-8c,rpi-8c,rpi-8c,rpi-8c,rpi-8c,rpi-8c
449,rpi-8c,rpi-8c,rpi-8c,rpi-4a,rpi-8c,rpi-8c,rpi-8c,rpi-8c,rpi-8c,rpi-8c,rpi-8c
450,rpi-8c,rpi-8c,rpi-8c,rpi-8c,rpi-8c,rpi-8c,rpi-8c,rpi-8c,rpi-8d,rpi-8d,rpi-8d
451,rpi-8c,rpi-8c,rpi-8c,rpi-8c,rpi-8d,rpi-8c,rpi-8d,rpi-8c,rpi-8c,rpi-8c,rpi-8d
452,rpi-8c,rpi-8c,rpi-8c,rpi-8c,rpi-8c,rpi-8d,rpi-8d,rpi-8c,rpi-8d,rpi-8c,rpi-4a
453,rpi-8c,rpi-4a,rpi-8c,rpi-8c,rpi-8c,rpi-8c,rpi-8c,rpi-4a,rpi-8c,rpi-8d,rpi-8c
454,rpi-8c,rpi-8c,rpi-8c,rpi-8c,rpi-4a,rpi-8c,rpi-8c,rpi-8c,rpi-4a,rpi-8c,rpi-8c
455,rpi-8c,rpi-8c,rpi-8c,rpi-8c,rpi-8c,rpi-8d,rpi-8c,rpi-4a,rpi-8c,rpi-8c,rpi-8c
456,rpi-8c,rpi-4a,rpi-8b,rpi-4a,rpi-8c,rpi-8c,rpi-8c,rpi-8c,rpi-8c,rpi-8c,rpi-8c
457,rpi-8c,rpi-8c,rpi-8c,rpi-8d,rpi-8c,rpi-8c,rpi-8c,rpi-8c,rpi-8c,rpi-4a,rpi-8c
458,rpi-8c,rpi-8c,rpi-8c,rpi-4a,rpi-8c,rpi-8d,rpi-8c,rpi-8c,rpi-8d,rpi-8c,rpi-8c
459,rpi-8c,rpi-8c,rpi-8c,rpi-8c,rpi-8c,rpi-8c,rpi-8c,rpi-8c,rpi-8b,rpi-8c,rpi-8c
460,rpi-8c,rpi-8c,rpi-8c,rpi-8c,rpi-8d,rpi-8c,rpi-8c,rpi-8c,rpi-8c,rpi-8d,rpi-8a
461,rpi-8c,rpi-8c,rpi-4a,rpi-8c,rpi-8c,rpi-8d,rpi-8c,rpi-8c,rpi-8c,rpi-8c,rpi-8c
462,rpi-8c,rpi-8c,rpi-8d,rpi-8c,rpi-8c,rpi-8c,rpi-8b,rpi-4a,rpi-8c,rpi-8d,rpi-8d
463,rpi-8c,rpi-8d,rpi-8c,rpi-8d,rpi-4a,rpi-8c,rpi-8c,rpi-8c,rpi-8d,rpi-8c,rpi-8d
464,rpi-8c,rpi-8c,rpi-8c,rpi-8c,rpi-8c,rpi-8c,rpi-8d,rpi-8b,rpi-8d,rpi-8c,rpi-8c
465,rpi-8c,rpi-8c,rpi-8c,rpi-8c,rpi-8c,rpi-8c,rpi-8c,rpi-8c,rpi-8d,rpi-8c,rpi-8c
466,rpi-8c,rpi-4a,rpi-8d,rpi-8d,rpi-8b,rpi-8c,rpi-8c,rpi-8c,rpi-8d,rpi-8c,rpi-8c
467,rpi-8c,rpi-8c,rpi-8c,rpi-8c,rpi-8c,rpi-8d,rpi-8c,rpi-8c,rpi-8c,rpi-8c,rpi-8c
468,rpi-8c,rpi-8c,rpi-8c,rpi-8d,rpi-8c,rpi-8b,rpi-8d,rpi-8c,rpi-4a,rpi-8c,rpi-8c
469,rpi-8c,rpi-8c,rpi-8c,rpi-8c,rpi-8d,rpi-8d,rpi-8c,rpi-8c,rpi-8d,rpi-8c,rpi-8c
470,rpi-8c,rpi-8c,rpi-4a,rpi-8c,rpi-8c,rpi-8d,rpi-8c,rpi-8d,rpi-8c,rpi-8c,rpi-8c
471,rpi-8c,rpi-8c,rpi-8c,rpi-8c,rpi-8c,rpi-4a,rpi-8c,rpi-4a,rpi-8c,rpi-8c,rpi-8c
472,rpi-8c,rpi-8c,rpi-8d,rpi-8c,rpi-8d,rpi-8d,rpi-8c,rpi-8c,rpi-8c,rpi-8c,rpi-8c
473,rpi-8c,rpi-8d,rpi-8c,rpi-8c,rpi-8c,rpi-8c,rpi-8d,rpi-8c,rpi-8d,rpi-8c,rpi-8c
474,rpi-8c,rpi-8c,rpi-8c,rpi-8c,rpi-8c,rpi-8c,rpi-8d,rpi-8c,rpi-8d,rpi-8c,rpi-8c
475,rpi-8c,rpi-8c,rpi-8c,rpi-8d,rpi-8d,rpi-4a,rpi-8c,rpi-8d,rpi-4a,rpi-8c,rpi-8d
476,rpi-8c,rpi-8d,rpi-4a,rpi-4a,rpi-8c,rpi-8c,rpi-8c,rpi-8d,rpi-8d,rpi-8c,rpi-8d
477,rpi-8c,rpi-8c,rpi-8c,rpi-8c,rpi-8c,rpi-8d,rpi-8c,rpi-8c,rpi-8c,rpi-8c,rpi-8c
478,rpi-8b,rpi-8b,rpi-8b,rpi-8b,rpi-8b,rpi-8b,rpi-8b,rpi-8b,rpi-8b,rpi-8c,rpi-8a
479,rpi-8b,rpi-8b,rpi-8b,rpi-8b,rpi-8b,rpi-8b,rpi-8b,rpi-8b,rpi-8b,rpi-8b,rpi-8b
480,rpi-8b,rpi-8a,rpi-8b,rpi-8b,rpi-8a,rpi-8b,rpi-8b,rpi-8a,rpi-8b,rpi-8b,rpi-8a
481,rpi-8b,rpi-8a,rpi-8b,rpi-8b,rpi-8b,rpi-8b,rpi-8a,rpi-8b,rpi-8b,rpi-8b,rpi-8a
482,rpi-8b,rpi-8b,rpi-8b,rpi-8a,rpi-8b,rpi-8b,rpi-8b,rpi-8b,rpi-8b,rpi-8b,rpi-8b
483,rpi-8b,rpi-8b,rpi-8b,rpi-8b,rpi-8b,rpi-8b,rpi-8b,rpi-8b,rpi-8b,rpi-8b,rpi-8b
484,rpi-8b,rpi-8a,rpi-8b,rpi-8a,rpi-8b,rpi-8a,rpi-8b,rpi-8b,rpi-8b,rpi-8b,rpi-8b
485,rpi-8b,rpi-8b,rpi-8b,rpi-8b,rpi-8a,rpi-8b,rpi-8a,rpi-8b,rpi-8b,rpi-8b,rpi-8b
486,rpi-8b,rpi-8b,rpi-8b,rpi-8b,rpi-8b,rpi-8b,rpi-8b,rpi-8b,rpi-8b,rpi-8b,rpi-8b
487,rpi-8b,rpi-8b,rpi-8a,rpi-8b,rpi-8b,rpi-8a,rpi-8b,rpi-8a,rpi-8b,rpi-8b,rpi-8b
488,rpi-8b,rpi-8a,rpi-8b,rpi-8b,rpi-8b,rpi-8b,rpi-8a,rpi-8b,rpi-8b,rpi-8a,rpi-8b
489,rpi-8b,rpi-8a,rpi-8b,rpi-8b,rpi-8b,rpi-8b,rpi-8b,rpi-8b,rpi-8b,rpi-8a,rpi-8b
490,rpi-8b,rpi-8b,rpi-8a,rpi-8b,rpi-8b,rpi-8b,rpi-8b,rpi-8b,rpi-8b,rpi-8b,rpi-8b
491,rpi-8b,rpi-8a,rpi-8b,rpi-8b,rpi-8a,rpi-8b,rpi-8a,rpi-8a,rpi-8b,rpi-8b,rpi-8b
492,rpi-8b,rpi-8b,rpi-8b,rpi-8b,rpi-8b,rpi-8b,rpi-8b,rpi-8b,rpi-8b,rpi-8b,rpi-8b
493,rpi-8b,rpi-8b,rpi-8b,rpi-8a,rpi-8a,rpi-8b,rpi-8b,rpi-8a,rpi-8b,rpi-8b,rpi-8b
494,rpi-8b,rpi-8b,rpi-8b,rpi-8b,rpi-8b,rpi-8b,rpi-8b,rpi-8b,rpi-8b,rpi-8b,rpi-8b
495,rpi-8b,rpi-8b,rpi-8b,rpi-8b,rpi-8a,rpi-8b,rpi-8b,rpi-8b,rpi-8b,rpi-8a,rpi-8a
496,rpi-8b,rpi-8b,rpi-8b,rpi-8b,rpi-8b,rpi-8a,rpi-8b,rpi-8b,rpi-8b,rpi-8b,rpi-8a
497,rpi-8b,rpi-8b,rpi-8a,rpi-8b,rpi-8a,rpi-8a,rpi-8b,rpi-8b,rpi-8b,rpi-8b,rpi-8b
498,rpi-8b,rpi-8b,rpi-8b,rpi-8b,rpi-8b,rpi-8b,rpi-8b,rpi-8b,rpi-8a,rpi-8b,rpi-8b
499,rpi-8b,rpi-8b,rpi-4a,rpi-8b,rpi-8b,rpi-8b,rpi-8a,rpi-8a,rpi-8b,rpi-8b,rpi-8b
500,rpi-8b,rpi-8b,rpi-8b,rpi-8b,rpi-8b,rpi-8a,rpi-8b,rpi-8b,rpi-8a,rpi-8b,rpi-8a
501,rpi-8b,rpi-8b,rpi-8b,rpi-8a,rpi-8a,rpi-8b,rpi-8b,rpi-8a,rpi-8b,rpi-8b,rpi-8b
502,rpi-8b,rpi-8b,rpi-8b,rpi-8b,rpi-8b,rpi-8a,rpi-8b,rpi-8a,rpi-8b,rpi-8a,rpi-8b
503,rpi-8b,rpi-8b,rpi-8b,rpi-8a,rpi-8b,rpi-8b,rpi-8b,rpi-8b,rpi-8b,rpi-8b,rpi-8b
504,rpi-8b,rpi-8b,rpi-8b,rpi-8b,rpi-8b,rpi-8b,rpi-8b,rpi-8b,rpi-8b,rpi-8a,rpi-8b
505,rpi-8b,rpi-8b,rpi-8b,rpi-8b,rpi-8b,rpi-8b,rpi-8b,rpi-8b,rpi-8b,rpi-8b,rpi-8b
506,rpi-8b,rpi-8b,rpi-8b,rpi-8a,rpi-8b,rpi-8b,rpi-8b,rpi-8b,rpi-8b,rpi-8b,rpi-8b
507,rpi-8b,rpi-8b,rpi-8b,rpi-8b,rpi-8a,rpi-8b,rpi-8a,rpi-8b,rpi-8b,rpi-8b,rpi-8b
508,rpi-8b,rpi-8b,rpi-8b,rpi-8b,rpi-8b,rpi-8b,rpi-8b,rpi-8b,rpi-8a,rpi-8b,rpi-8b
509,rpi-8b,rpi-8b,rpi-8b,rpi-8b,rpi-8a,rpi-8b,rpi-8b,rpi-8b,rpi-8b,rpi-8b,rpi-8b
510,rpi-8b,rpi-8b,rpi-8b,rpi-8b,rpi-8a,rpi-8b,rpi-8b,rpi-8b,rpi-8b,rpi-8b,rpi-8b
511,rpi-8b,rpi-8a,rpi-8b,rpi-8a,rpi-8b,rpi-8b,rpi-8b,rpi-8c,rpi-8a,rpi-8b,rpi-8a
512,rpi-8b,rpi-8b,rpi-8b,rpi-8b,rpi-8b,rpi-8b,rpi-8b,rpi-8b,rpi-8b,rpi-8b,rpi-8b
513,rpi-8b,rpi-8b,rpi-8b,rpi-8a,rpi-8b,rpi-8b,rpi-8b,rpi-8b,rpi-8a,rpi-8b,rpi-8b
514,rpi-8b,rpi-8b,rpi-8b,rpi-8b,rpi-8a,rpi-8b,rpi-8b,rpi-8b,rpi-8b,rpi-8b,rpi-8b
515,rpi-8b,rpi-8b,rpi-8a,rpi-8c,rpi-8b,rpi-8a,rpi-8b,rpi-8b,rpi-8b,rpi-8b,rpi-8b
516,rpi-8b,rpi-8b,rpi-8a,rpi-8b,rpi-8b,rpi-8b,rpi-8b,rpi-8a,rpi-8b,rpi-8b,rpi-8b
517,rpi-8b,rpi-8b,rpi-8b,rpi-8a,rpi-8b,rpi-8b,rpi-8a,rpi-8b,rpi-8b,rpi-8a,rpi-8b
518,rpi-8b,rpi-8b,rpi-8b,rpi-8b,rpi-8b,rpi-8b,rpi-8b,rpi-8b,rpi-8b,rpi-8b,rpi-8b
519,rpi-8b,rpi-8b,rpi-8b,rpi-8b,rpi-8b,rpi-8b,rpi-8b,rpi-8b,rpi-8a,rpi-8b,rpi-8b
520,rpi-8b,rpi-8b,rpi-8b,rpi-8b,rpi-8b,rpi-8a,rpi-8b,rpi-8b,rpi-8b,rpi-8a,rpi-8b
521,rpi-8b,rpi-8b,rpi-8b,rpi-8a,rpi-8b,rpi-8b,rpi-8b,rpi-8b,rpi-8b,rpi-8b,rpi-8b
522,rpi-8b,rpi-8b,rpi-8b,rpi-8b,rpi-8a,rpi-8b,rpi-8a,rpi-8a,rpi-8b,rpi-8b,rpi-8b
523,rpi-8b,rpi-8b,rpi-8b,rpi-8b,rpi-8b,rpi-8b,rpi-8a,rpi-8a,rpi-8b,rpi-8b,rpi-8b
524,rpi-8b,rpi-8b,rpi-8b,rpi-8b,rpi-8b,rpi-8a,rpi-8b,rpi-8b,rpi-8b,rpi-8b,rpi-8a
525,rpi-8b,rpi-8a,rpi-8a,rpi-8a,rpi-8b,rpi-8a,rpi-8b,rpi-8b,rpi-8b,rpi-8a,rpi-8b
526,rpi-8b,rpi-8b,rpi-8a,rpi-8b,rpi-8b,rpi-8a,rpi-8b,rpi-8b,rpi-8a,rpi-8b,rpi-8b
527,rpi-8b,rpi-8b,rpi-8b,rpi-8a,rpi-8b,rpi-8b,rpi-8b,rpi-8b,rpi-8b,rpi-8a,rpi-8b
528,rpi-8b,rpi-8b,rpi-8b,rpi-8b,rpi-8b,rpi-8b,rpi-8b,rpi-8b,rpi-8b,rpi-8b,rpi-8b
529,rpi-8b,rpi-8b,rpi-8b,rpi-8a,rpi-8b,rpi-8b,rpi-8b,rpi-8b,rpi-8a,rpi-8b,rpi-8b
530,rpi-8b,rpi-8b,rpi-8b,rpi-8b,rpi-8b,rpi-8b,rpi-8b,rpi-8b,rpi-8b,rpi-8b,rpi-8b
531,rpi-8b,rpi-8b,rpi-8b,rpi-8b,rpi-8b,rpi-8b,rpi-8b,rpi-8a,rpi-8a,rpi-8b,rpi-8b
532,rpi-8b,rpi-8b,rpi-8a,rpi-8b,rpi-8b,rpi-8b,rpi-8b,rpi-8b,rpi-8b,rpi-8a,rpi-8b
533,rpi-8b,rpi-8b,rpi-8b,rpi-8b,rpi-8a,rpi-8b,rpi-8b,rpi-8b,rpi-8a,rpi-8b,rpi-8b
534,rpi-8b,rpi-8b,rpi-8a,rpi-8b,rpi-8b,rpi-8b,rpi-8b,rpi-8b,rpi-8b,rpi-8b,rpi-8b
535,rpi-8b,rpi-8b,rpi-8a,rpi-8b,rpi-8b,rpi-8b,rpi-8a,rpi-8b,rpi-8a,rpi-8b,rpi-8a
536,rpi-8b,rpi-8b,rpi-8b,rpi-8b,rpi-8a,rpi-8a,rpi-8b,rpi-8a,rpi-8b,rpi-8b,rpi-8b
537,rpi-8b,rpi-8b,rpi-8b,rpi-8b,rpi-8a,rpi-8b,rpi-8b,rpi-8b,rpi-8b,rpi-8b,rpi-8b
538,rpi-8b,rpi-8b,rpi-8a,rpi-8b,rpi-8a,rpi-8b,rpi-8b,rpi-8b,rpi-8a,rpi-8b,rpi-8b
539,rpi-8b,rpi-8a,rpi-8b,rpi-8b,rpi-8a,rpi-8b,rpi-8b,rpi-8b,rpi-8b,rpi-8b,rpi-8b
540,rpi-8b,rpi-8a,rpi-8b,rpi-8b,rpi-8b,rpi-8b,rpi-8b,rpi-8b,rpi-8b,rpi-8b,rpi-8b
541,rpi-8b,rpi-8b,rpi-8b,rpi-8b,rpi-8b,rpi-8b,rpi-8b,rpi-8b,rpi-8b,rpi-8b,rpi-8b
542,rpi-8b,rpi-8b,rpi-8b,rpi-8b,rpi-8a,rpi-8a,rpi-8b,rpi-8b,rpi-8a,rpi-8b,rpi-8b
543,rpi-8b,rpi-8a,rpi-8b,rpi-8b,rpi-8b,rpi-8b,rpi-8a,rpi-8b,rpi-8b,rpi-8b,rpi-8b
544,rpi-8b,rpi-8b,rpi-8b,rpi-8b,rpi-8b,rpi-8b,rpi-8b,rpi-8b,rpi-8b,rpi-8b,rpi-8b
545,rpi-8b,rpi-8b,rpi-8a,rpi-8b,rpi-8a,rpi-8b,rpi-8b,rpi-8b,rpi-8b,rpi-8b,rpi-8b
546,rpi-8b,rpi-8b,rpi-8b,rpi-8b,rpi-8b,rpi-8b,rpi-8b,rpi-8b,rpi-8b,rpi-8b,rpi-8b
547,rpi-8b,rpi-8b,rpi-8b,rpi-8a,rpi-8b,rpi-8a,rpi-8a,rpi-8b,rpi-8b,rpi-8a,rpi-8b
548,rpi-8b,rpi-8b,rpi-8b,rpi-8b,rpi-8b,rpi-8b,rpi-8b,rpi-8b,rpi-8b,rpi-8b,rpi-8b
549,rpi-8b,rpi-8b,rpi-8b,rpi-8b,rpi-8b,rpi-8a,rpi-8b,rpi-8b,rpi-8b,rpi-8b,rpi-8a
550,rpi-8b,rpi-8b,rpi-8a,rpi-8b,rpi-8b,rpi-8b,rpi-8b,rpi-8b,rpi-8a,rpi-8b,rpi-8b
551,rpi-8b,rpi-8b,rpi-8b,rpi-8b,rpi-8b,rpi-8b,rpi-8b,rpi-8a,rpi-8a,rpi-8b,rpi-8b
552,rpi-8b,rpi-8b,rpi-8b,rpi-8b,rpi-8b,rpi-8b,rpi-8a,rpi-8b,rpi-8a,rpi-8b,rpi-8b
553,rpi-8b,rpi-8b,rpi-8b,rpi-8b,rpi-8b,rpi-8b,rpi-8a,rpi-8b,rpi-8a,rpi-8b,rpi-8a
554,rpi-8b,rpi-8a,rpi-8b,rpi-8b,rpi-8b,rpi-8b,rpi-8b,rpi-8b,rpi-8b,rpi-8b,rpi-8b
555,rpi-8b,rpi-8b,rpi-8a,rpi-8b,rpi-8b,rpi-8a,rpi-8b,rpi-8b,rpi-8a,rpi-8b,rpi-8b
556,rpi-8b,rpi-8b,rpi-8a,rpi-8a,rpi-8b,rpi-8b,rpi-8b,rpi-8a,rpi-8b,rpi-8b,rpi-8b
557,rpi-8b,rpi-8b,rpi-8b,rpi-8b,rpi-8b,rpi-8b,rpi-8b,rpi-8b,rpi-8a,rpi-8b,rpi-8b
558,rpi-8b,rpi-8a,rpi-8b,rpi-8a,rpi-8b,rpi-8b,rpi-8b,rpi-8b,rpi-8b,rpi-8b,rpi-8a
559,rpi-8b,rpi-8b,rpi-8b,rpi-8b,rpi-8b,rpi-8b,rpi-8b,rpi-8b,rpi-8b,rpi-8b,rpi-8a
560,rpi-8b,rpi-8b,rpi-8b,rpi-8b,rpi-8a,rpi-8b,rpi-8b,rpi-8b,rpi-8b,rpi-8b,rpi-8b
561,rpi-8b,rpi-8b,rpi-8b,rpi-8a,rpi-8b,rpi-8b,rpi-8b,rpi-8b,rpi-8b,rpi-8b,rpi-8b
562,rpi-8b,rpi-8b,rpi-8b,rpi-8b,rpi-8b,rpi-8b,rpi-8b,rpi-8b,rpi-8a,rpi-8b,rpi-8b
563,rpi-8b,rpi-8b,rpi-8b,rpi-8b,rpi-8b,rpi-8a,rpi-8b,rpi-8b,rpi-8a,rpi-8a,rpi-8b
564,rpi-8b,rpi-8b,rpi-8b,rpi-8b,rpi-8a,rpi-8b,rpi-8b,rpi-8a,rpi-8b,rpi-8a,rpi-8b
565,rpi-8b,rpi-8b,rpi-8b,rpi-8a,rpi-8a,rpi-8b,rpi-8a,rpi-8b,rpi-8b,rpi-8b,rpi-8b
566,rpi-8b,rpi-8b,rpi-8b,rpi-8a,rpi-8a,rpi-8b,rpi-8b,rpi-8b,rpi-8b,rpi-8b,rpi-8a
567,rpi-8b,rpi-8b,rpi-8b,rpi-8b,rpi-8b,rpi-8b,rpi-8b,rpi-8b,rpi-8b,rpi-8b,rpi-8b
568,rpi-8b,rpi-8a,rpi-8b,rpi-8b,rpi-8b,rpi-8b,rpi-8b,rpi-8b,rpi-8a,rpi-8a,rpi-8b
569,rpi-8b,rpi-8b,rpi-8a,rpi-8a,rpi-8b,rpi-8b,rpi-8b,rpi-8b,rpi-8b,rpi-8b,rpi-8b
570,rpi-8b,rpi-8b,rpi-8b,rpi-8b,rpi-8a,rpi-8a,rpi-8b,rpi-8b,rpi-8b,rpi-8b,rpi-8b
571,rpi-8b,rpi-8b,rpi-8c,rpi-8b,rpi-8b,rpi-8b,rpi-8b,rpi-8b,rpi-8b,rpi-8b,rpi-8a
572,rpi-8b,rpi-8b,rpi-8b,rpi-8b,rpi-8a,rpi-8b,rpi-8b,rpi-8b,rpi-8a,rpi-8b,rpi-8b
573,rpi-8b,rpi-8b,rpi-8b,rpi-8b,rpi-8a,rpi-8b,rpi-8b,rpi-8b,rpi-8b,rpi-8b,rpi-8b
574,rpi-8b,rpi-8a,rpi-8b,rpi-8a,rpi-8b,rpi-8b,rpi-8b,rpi-8b,rpi-8b,rpi-8b,rpi-8b
575,rpi-8b,rpi-8b,rpi-8a,rpi-8a,rpi-8b,rpi-8b,rpi-8a,rpi-8b,rpi-8b,rpi-8b,rpi-8b
576,rpi-8b,rpi-8a,rpi-8b,rpi-8a,rpi-8b,rpi-8b,rpi-8b,rpi-8b,rpi-8b,rpi-8b,rpi-8b
577,rpi-8b,rpi-8b,rpi-8a,rpi-8b,rpi-8a,rpi-8b,rpi-8b,rpi-8b,rpi-8b,rpi-8b,rpi-8b
578,rpi-8b,rpi-8b,rpi-8b,rpi-8b,rpi-8b,rpi-8b,rpi-8b,rpi-8a,rpi-8b,rpi-8b,rpi-8b
579,rpi-8b,rpi-8b,rpi-8b,rpi-8b,rpi-8b,rpi-8b,rpi-8b,rpi-8b,rpi-8b,rpi-8b,rpi-8b
580,rpi-8b,rpi-8b,rpi-8b,rpi-8b,rpi-8b,rpi-8b,rpi-8b,rpi-8b,rpi-8b,rpi-8b,rpi-8b
581,rpi-8b,rpi-8b,rpi-8b,rpi-8b,rpi-8b,rpi-8b,rpi-8b,rpi-8b,rpi-8b,rpi-8b,rpi-8a
582,rpi-8b,rpi-8b,rpi-8b,rpi-8b,rpi-8b,rpi-8b,rpi-8b,rpi-8b,rpi-8a,rpi-8a,rpi-8b
583,rpi-8b,rpi-8b,rpi-8b,rpi-8b,rpi-8a,rpi-8b,rpi-8b,rpi-8b,rpi-8b,rpi-8b,rpi-8a
584,rpi-8b,rpi-8b,rpi-8a,rpi-8b,rpi-8b,rpi-8b,rpi-8b,rpi-8b,rpi-8b,rpi-8b,rpi-8b
585,rpi-8b,rpi-8b,rpi-8b,rpi-8b,rpi-8b,rpi-8b,rpi-8a,rpi-8b,rpi-8b,rpi-8b,rpi-8b
586,rpi-8b,rpi-8a,rpi-8b,rpi-8b,rpi-8b,rpi-8b,rpi-8b,rpi-8b,rpi-8b,rpi-8b,rpi-8b
587,rpi-8b,rpi-8b,rpi-8b,rpi-8b,rpi-8b,rpi-8b,rpi-8a,rpi-8b,rpi-8b,rpi-8b,rpi-8b
588,rpi-8b,rpi-8b,rpi-8b,rpi-8b,rpi-8b,rpi-8b,rpi-8b,rpi-8b,rpi-8b,rpi-8b,rpi-8b
589,rpi-8b,rpi-8b,rpi-8b,rpi-8b,rpi-8b,rpi-8a,rpi-8b,rpi-8b,rpi-8b,rpi-8a,rpi-8a
590,rpi-8b,rpi-8a,rpi-8b,rpi-8b,rpi-8b,rpi-8b,rpi-8a,rpi-8a,rpi-8a,rpi-8b,rpi-8b
591,rpi-8b,rpi-8b,rpi-8b,rpi-8b,rpi-8b,rpi-8b,rpi-8a,rpi-8b,rpi-8b,rpi-8b,rpi-8a
592,rpi-8b,rpi-8b,rpi-8b,rpi-8b,rpi-8b,rpi-8b,rpi-8b,rpi-8b,rpi-8b,rpi-8a,rpi-8a
593,rpi-8b,rpi-8b,rpi-8b,rpi-8b,rpi-8b,rpi-8b,rpi-8b,rpi-8a,rpi-8c,rpi-8b,rpi-8a
594,rpi-8b,rpi-8b,rpi-8b,rpi-8a,rpi-8a,rpi-8b,rpi-8b,rpi-8b,rpi-8b,rpi-8b,rpi-8b
595,rpi-8b,rpi-8a,rpi-8b,rpi-8b,rpi-8a,rpi-8b,rpi-8b,rpi-8b,rpi-8b,rpi-8b,rpi-8b
596,odroid2,odroid2,odroid2,odroid2,odroid2,odroid2,odroid2,odroid2,odroid2,odroid2,odroid2
597,odroid2,odroid2,odroid2,odroid2,odroid2,odroid2,odroid2,odroid2,odroid2,odroid2,odroid2
598,odroid2,odroid2,odroid2,odroid2,odroid2,odroid2,odroid2,odroid2,odroid2,odroid2,odroid2
599,odroid2,odroid2,odroid2,odroid2,odroid2,odroid2,odroid2,odroid2,odroid2,odroid2,odroid2
600,odroid2,odroid2,odroid2,odroid2,odroid2,odroid2,odroid2,odroid2,odroid2,odroid2,odroid2
601,odroid2,odroid2,odroid2,odroid2,odroid2,odroid2,odroid2,odroid2,odroid2,odroid2,odroid2
602,odroid2,odroid2,odroid2,odroid2,odroid2,odroid2,odroid2,odroid2,odroid2,odroid2,odroid2
603,odroid2,odroid2,odroid2,odroid2,odroid2,odroid2,odroid2,odroid2,odroid2,odroid2,odroid2
604,odroid2,odroid2,odroid2,odroid2,odroid2,odroid2,odroid2,odroid2,odroid2,odroid2,odroid2
605,odroid2,odroid2,odroid2,odroid2,odroid2,odroid2,odroid2,odroid2,odroid2,odroid2,odroid2
606,odroid2,odroid2,odroid2,odroid2,odroid2,odroid2,odroid2,odroid2,odroid2,odroid2,odroid2
607,odroid2,odroid2,odroid2,odroid2,odroid2,odroid2,odroid2,odroid2,odroid2,odroid2,odroid2
608,odroid2,odroid2,odroid2,odroid2,odroid2,odroid2,odroid2,odroid2,odroid2,odroid2,odroid2
609,odroid2,odroid2,odroid2,odroid2,odroid2,odroid2,odroid2,odroid2,odroid2,odroid2,odroid2
610,odroid2,odroid2,odroid2,odroid2,odroid2,odroid2,odroid2,odroid2,odroid2,odroid2,odroid2
611,odroid2,odroid2,odroid2,odroid2,odroid2,odroid2,odroid2,odroid2,odroid2,odroid2,odroid2
612,odroid2,odroid2,odroid2,odroid2,odroid2,odroid2,odroid2,odroid2,odroid2,odroid2,odroid2
613,odroid2,odroid2,odroid2,odroid2,odroid2,odroid2,odroid2,odroid2,odroid2,odroid2,odroid2
614,odroid2,odroid2,odroid2,odroid2,odroid2,odroid2,odroid2,odroid2,odroid2,odroid2,odroid2
615,odroid2,odroid2,odroid2,odroid2,odroid2,odroid2,odroid2,odroid2,odroid2,odroid2,odroid2
616,odroid2,odroid2,odroid2,odroid2,odroid2,odroid2,odroid2,odroid2,odroid2,odroid2,odroid2
617,odroid2,odroid2,odroid2,odroid2,odroid2,odroid2,odroid2,odroid2,odroid2,odroid2,odroid2
618,odroid2,odroid2,odroid2,odroid2,odroid2,odroid2,odroid2,odroid2,odroid2,odroid2,odroid2
619,odroid2,odroid2,odroid2,odroid2,odroid2,odroid2,odroid2,odroid2,odroid2,odroid2,odroid2
620,odroid2,odroid2,odroid2,odroid2,odroid2,odroid2,odroid2,odroid2,odroid2,odroid2,odroid2
621,odroid2,odroid2,odroid2,odroid2,odroid2,odroid2,odroid2,odroid2,odroid2,odroid2,odroid2
622,odroid2,odroid2,odroid2,odroid2,odroid2,odroid2,odroid2,odroid2,odroid2,odroid2,odroid2
623,odroid2,odroid2,odroid2,odroid2,odroid2,odroid2,odroid2,odroid2,odroid2,odroid2,odroid2
624,odroid2,odroid2,odroid2,odroid2,odroid2,odroid2,odroid2,odroid2,odroid2,odroid2,odroid2
625,odroid2,odroid2,odroid2,odroid2,odroid2,odroid2,odroid2,odroid2,odroid2,odroid2,odroid2
626,odroid2,odroid2,odroid2,odroid2,odroid2,odroid2,odroid2,odroid2,odroid2,odroid2,odroid2
627,odroid2,odroid2,odroid2,odroid2,odroid2,odroid2,odroid2,odroid2,odroid2,odroid2,odroid2
628,odroid2,odroid2,odroid2,odroid2,odroid2,odroid2,odroid2,odroid2,odroid2,odroid2,odroid2
629,odroid2,odroid2,odroid2,odroid2,odroid2,odroid2,odroid2,odroid2,odroid2,odroid2,odroid2
630,odroid2,odroid2,odroid2,odroid2,odroid2,odroid2,odroid2,odroid2,odroid2,odroid2,odroid2
631,odroid2,odroid2,odroid2,odroid2,odroid2,odroid2,odroid2,odroid2,odroid2,odroid2,odroid2
632,odroid2,odroid2,odroid2,odroid2,odroid2,odroid3,odroid2,odroid2,odroid2,odroid2,odroid2
633,odroid2,odroid2,odroid2,odroid2,odroid2,odroid2,odroid2,odroid2,odroid2,odroid2,odroid2
634,odroid2,odroid2,odroid2,odroid2,odroid2,odroid2,odroid2,odroid2,odroid2,odroid2,odroid2
635,odroid2,odroid2,odroid2,odroid2,odroid2,odroid2,odroid2,odroid2,odroid2,odroid2,odroid2
636,odroid2,odroid2,odroid2,odroid2,odroid2,odroid2,odroid2,odroid2,odroid2,odroid2,odroid2
637,odroid2,odroid2,odroid2,odroid2,odroid2,odroid2,odroid2,odroid2,odroid2,odroid2,odroid2
638,odroid2,odroid2,odroid2,odroid2,odroid2,odroid2,odroid2,odroid2,odroid2,odroid2,odroid2
639,odroid2,odroid2,odroid2,odroid2,odroid2,odroid2,odroid2,odroid2,odroid2,odroid2,odroid2
640,odroid2,odroid2,odroid2,odroid2,odroid2,odroid2,odroid2,odroid2,odroid2,odroid2,odroid2
641,odroid2,odroid2,odroid2,odroid2,odroid2,odroid2,odroid2,odroid2,odroid2,odroid2,odroid2
642,odroid2,odroid2,odroid2,odroid2,odroid2,odroid2,odroid2,odroid2,odroid2,odroid2,odroid2
643,odroid2,odroid2,odroid2,odroid2,odroid2,odroid2,odroid2,odroid2,odroid2,odroid2,odroid2
644,odroid2,odroid2,odroid2,odroid2,odroid2,odroid2,odroid2,odroid2,odroid2,odroid2,odroid2
645,odroid2,odroid2,odroid2,odroid2,odroid2,odroid2,odroid2,odroid2,odroid2,odroid2,odroid2
646,odroid2,odroid2,odroid2,odroid2,odroid2,odroid2,odroid2,odroid2,odroid2,odroid2,odroid2
647,odroid2,odroid2,odroid2,odroid2,odroid2,odroid2,odroid2,odroid2,odroid2,odroid2,odroid2
648,odroid2,odroid2,odroid2,odroid2,odroid2,odroid2,odroid2,odroid2,odroid2,odroid2,odroid2
649,odroid2,odroid2,odroid2,odroid2,odroid2,odroid2,odroid2,odroid2,odroid2,odroid2,odroid2
650,odroid2,odroid2,odroid2,odroid2,odroid2,odroid2,odroid2,odroid2,odroid2,odroid2,odroid2
651,odroid2,odroid2,odroid2,odroid2,odroid2,odroid2,odroid2,odroid2,odroid2,odroid2,odroid2
652,odroid2,odroid2,odroid2,odroid2,odroid2,odroid2,odroid2,odroid2,odroid2,odroid2,odroid2
653,odroid2,odroid2,odroid2,odroid2,odroid2,odroid2,odroid2,odroid2,odroid2,odroid2,odroid2
654,odroid2,odroid2,odroid2,odroid2,odroid2,odroid2,odroid2,odroid2,odroid2,odroid2,odroid2
655,odroid2,odroid2,odroid2,odroid2,odroid2,odroid2,odroid2,odroid2,odroid2,odroid2,odroid2
656,odroid2,odroid2,odroid2,odroid2,odroid2,odroid2,odroid2,odroid2,odroid2,odroid2,odroid2
657,odroid2,odroid2,odroid2,odroid2,odroid2,odroid2,odroid2,odroid2,odroid2,odroid2,odroid2
658,odroid2,odroid2,odroid2,odroid2,odroid2,odroid2,odroid2,odroid2,odroid2,odroid2,odroid2
659,odroid2,odroid2,odroid2,odroid2,odroid2,odroid2,odroid2,odroid2,odroid2,odroid2,odroid2
660,odroid2,odroid2,odroid2,odroid2,odroid2,odroid2,odroid2,odroid2,odroid2,odroid2,odroid2
661,odroid2,odroid2,odroid2,odroid2,odroid2,odroid2,odroid2,odroid2,odroid2,odroid2,odroid2
662,odroid2,odroid2,odroid2,odroid2,odroid2,odroid2,odroid2,odroid2,odroid2,odroid2,odroid2
663,odroid2,odroid2,odroid2,odroid2,odroid2,odroid2,odroid2,odroid2,odroid2,odroid2,odroid2
664,odroid2,odroid2,odroid2,odroid2,odroid2,odroid2,odroid2,odroid2,odroid2,odroid2,odroid2
665,odroid2,odroid2,odroid2,odroid2,odroid2,odroid2,odroid2,odroid2,odroid2,odroid2,odroid2
666,odroid2,odroid2,odroid2,odroid2,odroid2,odroid2,odroid2,odroid2,odroid2,odroid2,odroid2
667,odroid2,odroid2,odroid2,odroid2,odroid2,odroid2,odroid2,odroid2,odroid2,odroid2,odroid2
668,odroid2,odroid2,odroid2,odroid2,odroid2,odroid2,odroid2,odroid2,odroid2,odroid2,odroid2
669,odroid2,odroid2,odroid2,odroid2,odroid2,odroid2,odroid2,odroid2,odroid2,odroid2,odroid2
670,odroid2,odroid2,odroid2,odroid2,odroid2,odroid2,odroid2,odroid2,odroid2,odroid2,odroid2
671,odroid2,odroid2,odroid2,odroid2,odroid2,odroid2,odroid2,odroid2,odroid2,odroid2,odroid2
672,odroid2,odroid2,odroid2,odroid2,odroid2,odroid2,odroid2,odroid2,odroid2,odroid2,odroid2
673,odroid2,odroid2,odroid2,odroid2,odroid2,odroid2,odroid2,odroid2,odroid2,odroid2,odroid2
674,odroid2,odroid2,odroid2,odroid2,odroid2,odroid2,odroid2,odroid2,odroid2,odroid2,odroid2
675,odroid2,odroid2,odroid2,odroid2,odroid2,odroid2,odroid2,odroid2,odroid2,odroid2,odroid2
676,odroid2,odroid2,odroid2,odroid2,odroid2,odroid2,odroid2,odroid2,odroid2,odroid2,odroid2
677,odroid2,odroid2,odroid2,odroid2,odroid2,odroid2,odroid2,odroid2,odroid2,odroid2,odroid2
678,odroid2,odroid2,odroid2,odroid2,odroid2,odroid2,odroid2,odroid2,odroid2,odroid2,odroid3
679,odroid2,odroid2,odroid2,odroid2,odroid2,odroid2,odroid2,odroid2,odroid2,odroid2,odroid2
680,odroid2,odroid2,odroid2,odroid2,odroid2,odroid2,odroid2,odroid3,odroid2,odroid2,odroid2
681,odroid2,odroid2,odroid2,odroid2,odroid2,odroid2,odroid2,odroid2,odroid2,odroid2,odroid2
682,odroid2,odroid2,odroid2,odroid2,odroid2,odroid2,odroid2,odroid2,odroid2,odroid2,odroid2
683,odroid2,odroid2,odroid2,odroid2,odroid2,odroid2,odroid2,odroid2,odroid2,odroid2,odroid2
684,odroid2,odroid2,odroid2,odroid2,odroid2,odroid2,odroid2,odroid2,odroid2,odroid2,odroid2
685,odroid2,odroid2,odroid2,odroid2,odroid2,odroid2,odroid2,odroid2,odroid2,odroid2,odroid2
686,odroid2,odroid2,odroid2,odroid2,odroid2,odroid2,odroid2,odroid2,odroid2,odroid2,odroid2
687,odroid2,odroid2,odroid2,odroid2,odroid2,odroid2,odroid2,odroid2,odroid2,odroid2,odroid2
688,odroid2,odroid2,odroid2,odroid2,odroid2,odroid2,odroid4,odroid2,odroid2,odroid2,odroid2
689,odroid2,odroid2,odroid2,odroid2,odroid2,odroid2,odroid2,odroid2,odroid2,odroid2,odroid2
690,odroid2,odroid2,odroid2,odroid2,odroid2,odroid2,odroid2,odroid2,odroid2,odroid2,odroid2
691,odroid2,odroid2,odroid2,odroid2,odroid2,odroid2,odroid2,odroid2,odroid2,odroid2,odroid2
692,odroid2,odroid2,odroid2,odroid2,odroid2,odroid2,odroid2,odroid2,odroid2,odroid2,odroid2
693,odroid2,odroid2,odroid2,odroid2,odroid2,odroid2,odroid2,odroid2,odroid2,odroid2,odroid2
694,odroid2,odroid2,odroid2,odroid2,odroid2,odroid2,odroid2,odroid2,odroid2,odroid2,odroid2
695,odroid2,odroid1,odroid2,odroid2,odroid2,odroid2,odroid2,odroid2,odroid2,odroid2,odroid2
696,odroid2,odroid2,odroid2,odroid2,odroid2,odroid2,odroid2,odroid2,odroid2,odroid2,odroid2
697,odroid2,odroid2,odroid2,odroid2,odroid3,odroid2,odroid2,odroid2,odroid2,odroid2,odroid2
698,odroid2,odroid2,odroid2,odroid2,odroid2,odroid2,odroid2,odroid2,odroid2,odroid2,odroid2
699,odroid2,odroid2,odroid2,odroid2,odroid2,odroid1,odroid2,odroid2,odroid2,odroid2,odroid2
700,odroid2,odroid2,odroid2,odroid2,odroid2,odroid2,odroid2,odroid2,odroid2,odroid2,odroid2
701,odroid2,odroid2,odroid2,odroid2,odroid2,odroid2,odroid2,odroid2,odroid2,odroid2,odroid2
702,odroid2,odroid2,odroid2,odroid2,odroid2,odroid2,odroid2,odroid2,odroid2,odroid2,odroid2
703,odroid2,odroid2,odroid2,odroid2,odroid2,odroid2,odroid2,odroid2,odroid2,odroid2,odroid2
704,odroid2,odroid2,odroid2,odroid2,odroid2,odroid2,odroid2,odroid2,odroid2,odroid2,odroid2
705,odroid2,odroid2,odroid2,odroid2,odroid2,odroid2,odroid2,odroid2,odroid2,odroid2,odroid2
706,odroid2,odroid2,odroid2,odroid2,odroid2,odroid2,odroid2,odroid2,odroid2,odroid2,odroid2
707,odroid2,odroid2,odroid2,odroid2,odroid2,odroid2,odroid2,odroid2,odroid2,odroid2,odroid2
708,odroid2,odroid2,odroid2,odroid2,odroid2,odroid2,odroid2,odroid2,odroid2,odroid2,odroid2
709,odroid2,odroid2,odroid2,odroid2,odroid2,odroid2,odroid2,odroid2,odroid2,odroid2,odroid2
710,odroid2,odroid2,odroid2,odroid2,odroid2,odroid2,odroid2,odroid2,odroid2,odroid2,odroid2
711,odroid2,odroid2,odroid2,odroid2,odroid2,odroid2,odroid1,odroid2,odroid2,odroid2,odroid2
712,odroid2,odroid2,odroid2,odroid2,odroid2,odroid2,odroid2,odroid2,odroid2,odroid2,odroid2
713,odroid2,odroid2,odroid2,odroid2,odroid2,odroid2,odroid2,odroid2,odroid2,odroid2,odroid2
714,odroid2,odroid2,odroid2,odroid2,odroid2,odroid2,odroid2,odroid2,odroid2,odroid2,odroid2
715,odroid2,odroid2,odroid2,odroid2,odroid2,odroid2,odroid2,odroid2,odroid2,odroid2,odroid2
716,odroid2,odroid2,odroid2,odroid2,odroid2,odroid2,odroid2,odroid2,odroid2,odroid2,odroid2
717,odroid2,odroid2,odroid2,odroid2,odroid2,odroid2,odroid2,odroid2,odroid2,odroid2,odroid2
718,odroid2,odroid2,odroid2,odroid2,odroid2,odroid2,odroid2,odroid2,odroid2,odroid2,odroid2
719,odroid2,odroid2,odroid2,odroid2,odroid2,odroid2,odroid2,odroid2,odroid2,odroid2,odroid2
720,odroid2,odroid2,odroid2,odroid2,odroid2,odroid2,odroid2,odroid2,odroid2,odroid2,odroid2
721,odroid2,odroid2,odroid2,odroid2,odroid2,odroid2,odroid2,odroid2,odroid2,odroid2,odroid2
722,odroid2,odroid2,odroid2,odroid2,odroid2,odroid2,odroid2,odroid2,odroid2,odroid2,odroid2
723,odroid2,odroid2,odroid2,odroid2,odroid2,odroid2,odroid2,odroid2,odroid2,odroid2,odroid2
724,odroid2,odroid2,odroid2,odroid2,odroid1,odroid2,odroid2,odroid2,odroid2,odroid2,odroid2
725,odroid2,odroid2,odroid2,odroid2,odroid2,odroid2,odroid2,odroid2,odroid2,odroid2,odroid2
726,odroid2,odroid2,odroid2,odroid2,odroid2,odroid2,odroid2,odroid2,odroid2,odroid2,odroid2
727,odroid2,odroid2,odroid2,odroid2,odroid2,odroid2,odroid2,odroid2,odroid2,odroid2,odroid2
728,odroid2,odroid2,odroid2,odroid2,odroid2,odroid2,odroid2,odroid2,odroid2,odroid2,odroid2
729,odroid2,odroid2,odroid2,odroid2,odroid2,odroid2,odroid2,odroid2,odroid2,odroid2,odroid2
730,odroid2,odroid2,odroid2,odroid2,odroid2,odroid2,odroid2,odroid2,odroid2,odroid2,odroid2
731,odroid2,odroid2,odroid2,odroid2,odroid2,odroid2,odroid2,odroid2,odroid2,odroid2,odroid2
732,odroid2,odroid2,odroid2,odroid2,odroid2,odroid2,odroid2,odroid2,odroid2,odroid2,odroid2
733,odroid2,odroid2,odroid2,odroid2,odroid2,odroid2,odroid2,odroid2,odroid2,odroid2,odroid2
734,odroid2,odroid2,odroid2,odroid2,odroid2,odroid2,odroid2,odroid2,odroid2,odroid2,odroid2
735,odroid2,odroid2,odroid2,odroid2,odroid2,odroid2,odroid2,odroid2,odroid2,odroid2,odroid2
736,odroid2,odroid2,odroid2,odroid2,odroid2,odroid2,odroid2,odroid2,odroid2,odroid2,odroid2
737,odroid2,odroid2,odroid2,odroid2,odroid2,odroid2,odroid2,odroid2,odroid2,odroid2,odroid2
738,odroid2,odroid2,odroid2,odroid3,odroid2,odroid2,odroid2,odroid2,odroid2,odroid2,odroid2
739,odroid2,odroid2,odroid2,odroid2,odroid2,odroid2,odroid2,odroid2,odroid2,odroid2,odroid2
740,odroid2,odroid2,odroid2,odroid2,odroid2,odroid2,odroid2,odroid2,odroid2,odroid2,odroid2
741,odroid2,odroid2,odroid2,odroid2,odroid2,odroid2,odroid2,odroid2,odroid2,odroid2,odroid2
742,odroid2,odroid2,odroid2,odroid2,odroid2,odroid2,odroid2,odroid2,odroid2,odroid2,odroid2
743,odroid2,odroid2,odroid2,odroid2,odroid2,odroid2,odroid2,odroid2,odroid2,odroid2,odroid2
744,odroid2,odroid2,odroid2,odroid2,odroid2,odroid2,odroid2,odroid2,odroid2,odroid2,odroid2
745,odroid2,odroid2,odroid2,odroid2,odroid2,odroid2,odroid2,odroid2,odroid2,odroid2,odroid2
746,odroid2,odroid2,odroid2,odroid2,odroid2,odroid2,odroid3,odroid2,odroid2,odroid2,odroid2
747,odroid2,odroid2,odroid2,odroid2,odroid2,odroid2,odroid2,odroid2,odroid2,odroid2,odroid2
748,odroid2,odroid2,odroid2,odroid2,odroid2,odroid2,odroid2,odroid2,odroid2,odroid2,odroid2
749,odroid2,odroid2,odroid2,odroid2,odroid2,odroid2,odroid2,odroid2,odroid2,odroid2,odroid2
750,odroid2,odroid2,odroid2,odroid2,odroid2,odroid2,odroid2,odroid2,odroid2,odroid2,odroid2
751,odroid2,odroid2,odroid2,odroid2,odroid2,odroid2,odroid2,odroid2,odroid2,odroid2,odroid2
752,odroid2,odroid2,odroid2,odroid2,odroid2,odroid2,odroid2,odroid2,odroid2,odroid1,odroid2
753,odroid2,odroid2,odroid2,odroid2,odroid2,odroid2,odroid2,odroid2,odroid2,odroid2,odroid2
754,odroid2,odroid2,odroid2,odroid2,odroid2,odroid2,odroid2,odroid2,odroid2,odroid2,odroid2
755,odroid2,odroid2,odroid2,odroid2,odroid2,odroid2,odroid2,odroid2,odroid2,odroid2,odroid2
756,odroid2,odroid2,odroid2,odroid2,odroid2,odroid2,odroid2,odroid2,odroid2,odroid2,odroid2
757,odroid2,odroid2,odroid2,odroid2,odroid2,odroid2,odroid2,odroid2,odroid2,odroid2,odroid2
758,odroid2,odroid2,odroid2,odroid2,odroid2,odroid2,odroid2,odroid2,odroid2,odroid2,odroid2
759,odroid2,odroid2,odroid2,odroid2,odroid2,odroid2,odroid2,odroid2,odroid2,odroid2,odroid2
760,odroid2,odroid2,odroid2,odroid2,odroid2,odroid2,odroid2,odroid2,odroid2,odroid2,odroid2
761,odroid2,odroid2,odroid2,odroid2,odroid2,odroid2,odroid2,odroid2,odroid2,odroid2,odroid2
762,odroid2,odroid2,odroid2,odroid2,odroid2,odroid2,odroid2,odroid2,odroid2,odroid2,odroid2
763,odroid2,odroid2,odroid2,odroid2,odroid2,odroid2,odroid2,odroid2,odroid2,odroid2,odroid2
764,odroid2,odroid2,odroid2,odroid2,odroid2,odroid2,odroid3,odroid2,odroid2,odroid2,odroid2
765,odroid2,odroid2,odroid2,odroid2,odroid2,odroid2,odroid2,odroid2,odroid2,odroid2,odroid2
766,odroid2,odroid2,odroid2,odroid2,odroid2,odroid2,odroid2,odroid2,odroid2,odroid2,odroid2
767,odroid2,odroid2,odroid2,odroid2,odroid2,odroid2,odroid2,odroid2,odroid2,odroid2,odroid2
768,odroid2,odroid2,odroid2,odroid2,odroid2,odroid2,odroid2,odroid2,odroid2,odroid2,odroid2
769,odroid2,odroid2,odroid2,odroid2,odroid2,odroid2,odroid2,odroid2,odroid2,odroid2,odroid2
770,odroid2,odroid2,odroid2,odroid2,odroid2,odroid2,odroid2,odroid2,odroid2,odroid2,odroid2
771,odroid2,odroid2,odroid2,odroid2,odroid2,odroid2,odroid2,odroid2,odroid2,odroid2,odroid2
772,odroid2,odroid2,odroid2,odroid2,odroid2,odroid2,odroid2,odroid2,odroid2,odroid2,odroid2
773,odroid1,odroid1,odroid1,odroid1,odroid1,odroid1,odroid1,odroid1,odroid1,odroid1,odroid1
774,odroid1,odroid1,odroid1,odroid1,odroid1,odroid1,odroid1,odroid1,odroid1,odroid1,odroid1
775,odroid1,odroid1,odroid1,odroid1,odroid1,odroid1,odroid1,odroid1,odroid1,odroid1,odroid1
776,odroid1,odroid1,odroid1,odroid1,odroid1,odroid1,odroid1,odroid1,odroid1,odroid1,odroid1
777,odroid1,odroid1,odroid1,odroid1,odroid1,odroid3,odroid1,odroid1,odroid1,odroid1,odroid1
778,odroid1,odroid1,odroid1,odroid1,odroid1,odroid1,odroid1,odroid1,odroid1,odroid1,odroid1
779,odroid1,odroid1,odroid1,odroid1,odroid1,odroid1,odroid1,odroid1,odroid1,odroid1,odroid1
780,odroid1,odroid1,odroid1,odroid1,odroid1,odroid1,odroid1,odroid1,odroid1,odroid1,odroid1
781,odroid1,odroid1,odroid1,odroid1,odroid1,odroid1,odroid1,odroid1,odroid1,odroid1,odroid1
782,odroid1,odroid1,odroid1,odroid1,odroid1,odroid1,odroid1,odroid1,odroid1,odroid1,odroid1
783,odroid1,odroid1,odroid1,odroid1,odroid1,odroid1,odroid1,odroid1,odroid1,odroid1,odroid1
784,odroid1,odroid1,odroid1,odroid1,odroid1,odroid1,odroid1,odroid1,odroid1,odroid1,odroid1
785,odroid1,odroid1,odroid1,odroid1,odroid1,odroid1,odroid1,odroid1,odroid1,odroid1,odroid1
786,odroid1,odroid1,odroid1,odroid1,odroid1,odroid1,odroid1,odroid1,odroid1,odroid1,odroid1
787,odroid1,odroid1,odroid1,odroid1,odroid1,odroid1,odroid1,odroid1,odroid1,odroid1,odroid1
788,odroid1,odroid1,odroid1,odroid1,odroid1,odroid1,odroid1,odroid1,odroid1,odroid1,odroid1
789,odroid1,odroid1,odroid1,odroid1,odroid1,odroid1,odroid1,odroid1,odroid1,odroid1,odroid1
790,odroid1,odroid1,odroid1,odroid1,odroid1,odroid1,odroid1,odroid1,odroid1,odroid1,odroid1
791,odroid1,odroid1,odroid1,odroid1,odroid1,odroid1,odroid1,odroid1,odroid1,odroid1,odroid1
792,odroid1,odroid1,odroid1,odroid1,odroid1,odroid1,odroid1,odroid1,odroid1,odroid1,odroid1
793,odroid1,odroid1,odroid1,odroid1,odroid1,odroid1,odroid1,odroid1,odroid1,odroid1,odroid1
794,odroid1,odroid1,odroid1,odroid1,odroid1,odroid1,odroid1,odroid1,odroid1,odroid1,odroid1
795,odroid1,odroid1,odroid1,odroid1,odroid1,odroid1,odroid1,odroid1,odroid1,odroid1,odroid1
796,odroid1,odroid1,odroid1,odroid1,odroid1,odroid1,odroid1,odroid1,odroid1,odroid1,odroid1
797,odroid1,odroid1,odroid1,odroid1,odroid1,odroid1,odroid1,odroid1,odroid1,odroid1,odroid1
798,odroid1,odroid1,odroid1,odroid1,odroid1,odroid1,odroid1,odroid1,odroid1,odroid1,odroid1
799,odroid1,odroid1,odroid1,odroid1,odroid1,odroid1,odroid1,odroid1,odroid1,odroid1,odroid1
800,odroid1,odroid1,odroid1,odroid1,odroid1,odroid1,odroid1,odroid1,odroid1,odroid1,odroid1
801,odroid1,odroid1,odroid1,odroid1,odroid3,odroid1,odroid1,odroid1,odroid1,odroid1,odroid1
802,odroid1,odroid1,odroid1,odroid1,odroid1,odroid1,odroid1,odroid1,odroid1,odroid1,odroid1
803,odroid1,odroid1,odroid1,odroid1,odroid1,odroid1,odroid1,odroid1,odroid1,odroid1,odroid1
804,odroid1,odroid1,odroid1,odroid1,odroid1,odroid1,odroid1,odroid1,odroid1,odroid1,odroid1
805,odroid1,odroid1,odroid1,odroid1,odroid1,odroid1,odroid1,odroid1,odroid1,odroid1,odroid1
806,odroid1,odroid1,odroid1,odroid1,odroid1,odroid1,odroid1,odroid1,odroid1,odroid1,odroid1
807,odroid1,odroid1,odroid1,odroid1,odroid1,odroid1,odroid1,odroid1,odroid1,odroid1,odroid1
808,odroid1,odroid1,odroid1,odroid1,odroid1,odroid1,odroid1,odroid1,odroid1,odroid1,odroid1
809,odroid1,odroid1,odroid1,odroid1,odroid1,odroid1,odroid1,odroid1,odroid1,odroid1,odroid1
810,odroid1,odroid1,odroid1,odroid1,odroid1,odroid1,odroid1,odroid1,odroid1,odroid1,odroid1
811,odroid1,odroid1,odroid1,odroid1,odroid1,odroid1,odroid1,odroid1,odroid1,odroid1,odroid1
812,odroid1,odroid1,odroid1,odroid1,odroid1,odroid1,odroid1,odroid1,odroid1,odroid1,odroid1
813,odroid1,odroid1,odroid1,odroid1,odroid1,odroid1,odroid1,odroid1,odroid1,odroid1,odroid1
814,odroid1,odroid1,odroid1,odroid1,odroid1,odroid1,odroid1,odroid1,odroid1,odroid1,odroid1
815,odroid1,odroid1,odroid1,odroid1,odroid1,odroid1,odroid1,odroid1,odroid1,odroid1,odroid1
816,odroid1,odroid1,odroid1,odroid1,odroid1,odroid1,odroid1,odroid1,odroid1,odroid1,odroid1
817,odroid1,odroid1,odroid1,odroid1,odroid1,odroid1,odroid1,odroid1,odroid1,odroid1,odroid1
818,odroid1,odroid1,odroid1,odroid1,odroid1,odroid1,odroid1,odroid1,odroid1,odroid1,odroid1
819,odroid1,odroid1,odroid1,odroid1,odroid1,odroid1,odroid1,odroid1,odroid1,odroid1,odroid1
820,odroid1,odroid1,odroid1,odroid1,odroid1,odroid1,odroid1,odroid1,odroid1,odroid1,odroid1
821,odroid1,odroid1,odroid1,odroid1,odroid1,odroid1,odroid1,odroid1,odroid1,odroid1,odroid1
822,odroid1,odroid1,odroid1,odroid1,odroid1,odroid1,odroid1,odroid1,odroid1,odroid1,odroid1
823,odroid1,odroid1,odroid1,odroid1,odroid1,odroid1,odroid1,odroid1,odroid1,odroid1,odroid1
824,odroid1,odroid1,odroid1,odroid1,odroid1,odroid1,odroid1,odroid1,odroid1,odroid1,odroid1
825,odroid1,odroid1,odroid1,odroid1,odroid1,odroid1,odroid1,odroid1,odroid1,odroid1,odroid1
826,odroid1,odroid1,odroid1,odroid1,odroid1,odroid1,odroid1,odroid3,odroid1,odroid1,odroid1
827,odroid1,odroid1,odroid1,odroid1,odroid1,odroid1,odroid1,odroid3,odroid1,odroid1,odroid1
828,odroid1,odroid1,odroid1,odroid1,odroid1,odroid1,odroid1,odroid1,odroid1,odroid1,odroid1
829,odroid1,odroid1,odroid1,odroid1,odroid1,odroid1,odroid1,odroid1,odroid1,odroid1,odroid1
830,odroid1,odroid1,odroid1,odroid1,odroid1,odroid1,odroid1,odroid1,odroid3,odroid1,odroid1
831,odroid1,odroid1,odroid1,odroid1,odroid1,odroid1,odroid3,odroid1,odroid1,odroid1,odroid1
832,odroid1,odroid1,odroid1,odroid1,odroid1,odroid1,odroid1,odroid1,odroid1,odroid1,odroid1
833,odroid1,odroid1,odroid1,odroid1,odroid1,odroid1,odroid1,odroid1,odroid1,odroid1,odroid1
834,odroid1,odroid1,odroid1,odroid1,odroid1,odroid1,odroid1,odroid1,odroid1,odroid1,odroid1
835,odroid1,odroid1,odroid1,odroid1,odroid1,odroid1,odroid1,odroid1,odroid1,odroid1,odroid1
836,odroid1,odroid1,odroid1,odroid1,odroid1,odroid1,odroid1,odroid1,odroid1,odroid1,odroid1
837,odroid1,odroid1,odroid1,odroid1,odroid1,odroid1,odroid1,odroid1,odroid3,odroid1,odroid1
838,odroid1,odroid1,odroid1,odroid1,odroid1,odroid1,odroid1,odroid1,odroid1,odroid1,odroid1
839,odroid1,odroid1,odroid1,odroid1,odroid1,odroid1,odroid1,odroid1,odroid1,odroid1,odroid1
840,odroid1,odroid1,odroid1,odroid1,odroid3,odroid1,odroid1,odroid1,odroid1,odroid1,odroid1
841,odroid1,odroid1,odroid1,odroid1,odroid1,odroid1,odroid1,odroid1,odroid3,odroid1,odroid1
842,odroid1,odroid1,odroid1,odroid1,odroid1,odroid1,odroid1,odroid1,odroid1,odroid1,odroid1
843,odroid1,odroid1,odroid1,odroid3,odroid1,odroid1,odroid1,odroid1,odroid3,odroid1,odroid1
844,odroid1,odroid1,odroid1,odroid1,odroid1,odroid1,odroid1,odroid1,odroid1,odroid1,odroid1
845,odroid1,odroid1,odroid1,odroid1,odroid1,odroid1,odroid1,odroid1,odroid1,odroid1,odroid1
846,odroid1,odroid1,odroid1,odroid1,odroid1,odroid1,odroid1,odroid1,odroid1,odroid1,odroid1
847,odroid1,odroid1,odroid1,odroid1,odroid1,odroid1,odroid1,odroid1,odroid1,odroid1,odroid1
848,odroid1,odroid1,odroid1,odroid1,odroid1,odroid1,odroid1,odroid1,odroid1,odroid1,odroid1
849,odroid1,odroid1,odroid1,odroid1,odroid1,odroid1,odroid1,odroid1,odroid1,odroid1,odroid1
850,odroid1,odroid1,odroid1,odroid1,odroid1,odroid1,odroid1,odroid1,odroid1,odroid1,odroid1
851,odroid1,odroid1,odroid1,odroid1,odroid1,odroid1,odroid1,odroid1,odroid1,odroid1,odroid1
852,odroid1,odroid1,odroid1,odroid1,odroid1,odroid1,odroid1,odroid1,odroid1,odroid1,odroid1
853,odroid1,odroid1,odroid1,odroid1,odroid1,odroid1,odroid1,odroid1,odroid1,odroid1,odroid1
854,odroid1,odroid1,odroid1,odroid1,odroid1,odroid1,odroid1,odroid1,odroid1,odroid1,odroid1
855,odroid1,odroid1,odroid1,odroid1,odroid1,odroid1,odroid1,odroid3,odroid1,odroid1,odroid1
856,odroid1,odroid1,odroid1,odroid1,odroid1,odroid1,odroid1,odroid1,odroid1,odroid1,odroid1
857,odroid1,odroid1,odroid1,odroid1,odroid1,odroid1,odroid1,odroid1,odroid1,odroid1,odroid1
858,odroid1,odroid1,odroid1,odroid1,odroid1,odroid1,odroid1,odroid1,odroid1,odroid1,odroid1
859,odroid1,odroid1,odroid1,odroid1,odroid1,odroid1,odroid1,odroid1,odroid1,odroid1,odroid1
860,odroid1,odroid1,odroid1,odroid1,odroid1,odroid1,odroid1,odroid1,odroid1,odroid1,odroid1
861,odroid1,odroid1,odroid1,odroid1,odroid1,odroid1,odroid1,odroid1,odroid1,odroid1,odroid1
862,odroid1,odroid1,odroid1,odroid3,odroid3,odroid1,odroid1,odroid1,odroid1,odroid1,odroid1
863,odroid1,odroid1,odroid1,odroid1,odroid1,odroid1,odroid1,odroid1,odroid1,odroid1,odroid1
864,odroid1,odroid1,odroid1,odroid1,odroid1,odroid1,odroid1,odroid1,odroid1,odroid1,odroid1
865,odroid1,odroid1,odroid1,odroid1,odroid1,odroid1,odroid1,odroid1,odroid1,odroid1,odroid1
866,odroid1,odroid1,odroid1,odroid1,odroid1,odroid1,odroid1,odroid1,odroid1,odroid1,odroid1
867,odroid1,odroid1,odroid1,odroid1,odroid1,odroid1,odroid1,odroid1,odroid1,odroid1,odroid1
868,odroid1,odroid1,odroid1,odroid1,odroid1,odroid1,odroid1,odroid1,odroid1,odroid1,odroid1
869,odroid1,odroid1,odroid1,odroid1,odroid1,odroid1,odroid1,odroid1,odroid1,odroid1,odroid1
870,odroid1,odroid1,odroid1,odroid1,odroid1,odroid1,odroid3,odroid1,odroid1,odroid1,odroid1
871,odroid1,odroid1,odroid1,odroid1,odroid1,odroid1,odroid1,odroid1,odroid1,odroid1,odroid1
872,odroid1,odroid1,odroid1,odroid1,odroid3,odroid1,odroid1,odroid1,odroid1,odroid1,odroid1
873,odroid1,odroid1,odroid1,odroid1,odroid1,odroid1,odroid1,odroid1,odroid1,odroid1,odroid1
874,odroid1,odroid1,odroid1,odroid1,odroid1,odroid1,odroid1,odroid1,odroid3,odroid1,odroid1
875,odroid1,odroid1,odroid1,odroid1,odroid1,odroid1,odroid1,odroid1,odroid1,odroid3,odroid1
876,odroid1,odroid1,odroid1,odroid1,odroid1,odroid1,odroid1,odroid1,odroid1,odroid1,odroid1
877,odroid1,odroid1,odroid1,odroid1,odroid1,odroid1,odroid1,odroid1,odroid1,odroid1,odroid1
878,odroid1,odroid1,odroid1,odroid1,odroid1,odroid1,odroid1,odroid1,odroid1,odroid1,odroid1
879,odroid1,odroid1,odroid1,odroid1,odroid1,odroid1,odroid1,odroid1,odroid1,odroid1,odroid1
880,odroid1,odroid1,odroid1,odroid1,odroid1,odroid1,odroid1,odroid1,odroid1,odroid1,odroid1
881,odroid1,odroid1,odroid1,odroid1,odroid1,odroid1,odroid1,odroid1,odroid1,odroid1,odroid1
882,odroid1,odroid1,odroid1,odroid1,odroid1,odroid1,odroid1,odroid1,odroid1,odroid1,odroid1
883,odroid1,odroid1,odroid1,odroid1,odroid1,odroid1,odroid3,odroid1,odroid1,odroid1,odroid1
884,odroid1,odroid1,odroid1,odroid1,odroid1,odroid3,odroid1,odroid1,odroid1,odroid1,odroid1
885,odroid1,odroid1,odroid1,odroid1,odroid1,odroid1,odroid1,odroid1,odroid1,odroid1,odroid1
886,odroid1,odroid3,odroid1,odroid1,odroid1,odroid1,odroid3,odroid1,odroid1,odroid1,odroid1
887,odroid1,odroid1,odroid1,odroid1,odroid1,odroid1,odroid1,odroid1,odroid1,odroid1,odroid1
888,odroid1,odroid1,odroid1,odroid1,odroid1,odroid1,odroid1,odroid1,odroid1,odroid1,odroid1
889,odroid1,odroid1,odroid1,odroid1,odroid1,odroid1,odroid1,odroid1,odroid1,odroid1,odroid1
890,odroid1,odroid1,odroid1,odroid1,odroid1,odroid1,odroid1,odroid1,odroid1,odroid1,odroid1
891,odroid1,odroid1,odroid1,odroid1,odroid1,odroid1,odroid1,odroid1,odroid1,odroid1,odroid1
892,odroid1,odroid1,odroid1,odroid1,odroid1,odroid1,odroid1,odroid1,odroid1,odroid1,odroid1
893,odroid1,odroid1,odroid1,odroid1,odroid1,odroid1,odroid1,odroid1,odroid1,odroid1,odroid1
894,odroid1,odroid1,odroid1,odroid1,odroid1,odroid1,odroid1,odroid1,odroid1,odroid1,odroid1
895,odroid1,odroid1,odroid1,odroid1,odroid1,odroid1,odroid1,odroid1,odroid1,odroid1,odroid1
896,odroid1,odroid1,odroid1,odroid1,odroid1,odroid1,odroid1,odroid1,odroid1,odroid1,odroid1
897,odroid1,odroid1,odroid1,odroid1,odroid1,odroid1,odroid1,odroid1,odroid1,odroid1,odroid1
898,odroid1,odroid1,odroid1,odroid1,odroid1,odroid1,odroid1,odroid1,odroid1,odroid1,odroid1
899,odroid1,odroid1,odroid1,odroid1,odroid1,odroid1,odroid1,odroid1,odroid1,odroid1,odroid1
900,odroid1,odroid1,odroid1,odroid1,odroid1,odroid1,odroid1,odroid1,odroid1,odroid1,odroid1
901,odroid1,odroid1,odroid1,odroid1,odroid1,odroid1,odroid1,odroid1,odroid1,odroid1,odroid1
902,odroid1,odroid1,odroid1,odroid1,odroid1,odroid1,odroid1,odroid1,odroid1,odroid1,odroid1
903,odroid1,odroid1,odroid1,odroid1,odroid1,odroid1,odroid1,odroid1,odroid1,odroid1,odroid1
904,odroid1,odroid1,odroid1,odroid1,odroid1,odroid1,odroid1,odroid1,odroid1,odroid1,odroid1
905,odroid1,odroid1,odroid1,odroid1,odroid1,odroid1,odroid1,odroid1,odroid3,odroid1,odroid1
906,odroid1,odroid1,odroid1,odroid1,odroid1,odroid3,odroid1,odroid1,odroid1,odroid1,odroid1
907,odroid1,odroid1,odroid1,odroid1,odroid1,odroid1,odroid1,odroid1,odroid1,odroid1,odroid1
908,odroid1,odroid1,odroid1,odroid1,odroid1,odroid1,odroid1,odroid1,odroid1,odroid1,odroid1
909,odroid1,odroid1,odroid1,odroid1,odroid1,odroid1,odroid1,odroid1,odroid1,odroid3,odroid1
910,odroid1,odroid1,odroid1,odroid1,odroid1,odroid1,odroid1,odroid1,odroid1,odroid1,odroid1
911,odroid1,odroid1,odroid1,odroid1,odroid1,odroid1,odroid1,odroid1,odroid1,odroid1,odroid1
912,odroid1,odroid1,odroid1,odroid1,odroid1,odroid1,odroid1,odroid1,odroid1,odroid1,odroid1
913,odroid1,odroid1,odroid1,odroid1,odroid1,odroid1,odroid1,odroid1,odroid1,odroid1,odroid1
914,odroid1,odroid1,odroid1,odroid1,odroid1,odroid1,odroid1,odroid1,odroid1,odroid1,odroid1
915,odroid1,odroid1,odroid1,odroid1,odroid1,odroid1,odroid1,odroid1,odroid1,odroid1,odroid1
916,odroid1,odroid1,odroid1,odroid1,odroid1,odroid1,odroid1,odroid1,odroid1,odroid1,odroid1
917,odroid1,odroid1,odroid1,odroid1,odroid1,odroid1,odroid1,odroid1,odroid1,odroid1,odroid1
918,odroid1,odroid1,odroid1,odroid1,odroid1,odroid1,odroid1,odroid1,odroid1,odroid1,odroid1
919,odroid1,odroid1,odroid1,odroid1,odroid1,odroid1,odroid1,odroid3,odroid1,odroid1,odroid1
920,odroid1,odroid3,odroid1,odroid1,odroid1,odroid1,odroid1,odroid1,odroid4,odroid1,odroid1
921,odroid1,odroid1,odroid1,odroid1,odroid1,odroid1,odroid1,odroid1,odroid1,odroid1,odroid1
922,odroid1,odroid1,odroid1,odroid1,odroid1,odroid1,odroid1,odroid1,odroid1,odroid1,odroid1
923,odroid1,odroid1,odroid1,odroid1,odroid1,odroid1,odroid1,odroid1,odroid1,odroid1,odroid1
924,odroid1,odroid1,odroid1,odroid1,odroid1,odroid1,odroid1,odroid1,odroid1,odroid1,odroid1
925,odroid1,odroid1,odroid1,odroid1,odroid3,odroid1,odroid1,odroid1,odroid3,odroid1,odroid1
926,odroid1,odroid1,odroid1,odroid1,odroid1,odroid1,odroid1,odroid1,odroid1,odroid1,odroid1
927,odroid1,odroid1,odroid1,odroid1,odroid1,odroid1,odroid1,odroid1,odroid1,odroid1,odroid1
928,odroid1,odroid1,odroid1,odroid1,odroid1,odroid1,odroid1,odroid1,odroid1,odroid1,odroid1
929,odroid1,odroid1,odroid1,odroid1,odroid1,odroid1,odroid1,odroid1,odroid1,odroid1,odroid1
930,odroid1,odroid1,odroid1,odroid1,odroid1,odroid1,odroid1,odroid1,odroid1,odroid1,odroid1
931,odroid1,odroid1,odroid1,odroid1,odroid1,odroid1,odroid1,odroid1,odroid1,odroid1,odroid1
932,odroid1,odroid1,odroid1,odroid1,odroid1,odroid1,odroid1,odroid1,odroid1,odroid1,odroid1
933,odroid1,odroid1,odroid1,odroid1,odroid1,odroid1,odroid1,odroid1,odroid1,odroid1,odroid1
934,odroid1,odroid1,odroid1,odroid1,odroid1,odroid1,odroid1,odroid1,odroid1,odroid1,odroid1
935,odroid1,odroid1,odroid1,odroid1,odroid1,odroid1,odroid1,odroid3,odroid1,odroid1,odroid3
936,odroid1,odroid1,odroid1,odroid1,odroid1,odroid1,odroid1,odroid1,odroid1,odroid1,odroid1
937,odroid1,odroid1,odroid1,odroid1,odroid1,odroid1,odroid1,odroid1,odroid1,odroid1,odroid1
938,odroid1,odroid1,odroid1,odroid1,odroid1,odroid1,odroid1,odroid1,odroid1,odroid1,odroid1
939,odroid1,odroid1,odroid1,odroid1,odroid1,odroid1,odroid1,odroid1,odroid1,odroid1,odroid1
940,odroid1,odroid1,odroid1,odroid1,odroid1,odroid1,odroid1,odroid1,odroid1,odroid1,odroid1
941,odroid1,odroid1,odroid1,odroid1,odroid1,odroid1,odroid1,odroid1,odroid1,odroid1,odroid1
942,odroid1,odroid1,odroid1,odroid1,odroid1,odroid1,odroid1,odroid1,odroid1,odroid1,odroid1
943,odroid1,odroid1,odroid1,odroid1,odroid1,odroid1,odroid1,odroid1,odroid1,odroid1,odroid1
944,odroid1,odroid1,odroid1,odroid1,odroid1,odroid1,odroid1,odroid1,odroid1,odroid1,odroid1
945,odroid1,odroid1,odroid1,odroid1,odroid1,odroid1,odroid1,odroid1,odroid1,odroid1,odroid1
946,odroid1,odroid1,odroid1,odroid1,odroid1,odroid1,odroid1,odroid1,odroid1,odroid1,odroid1
947,odroid1,odroid1,odroid1,odroid1,odroid1,odroid1,odroid1,odroid1,odroid1,odroid3,odroid1
948,odroid1,odroid1,odroid1,odroid1,odroid1,odroid1,odroid1,odroid1,odroid1,odroid1,odroid1
949,odroid1,odroid1,odroid1,odroid1,odroid1,odroid1,odroid1,odroid1,odroid1,odroid1,odroid1
950,odroid4,odroid4,odroid4,odroid4,odroid4,odroid4,odroid4,odroid4,odroid4,odroid4,odroid4
951,odroid4,odroid4,odroid4,odroid4,odroid4,odroid4,odroid4,odroid4,odroid4,odroid4,odroid4
952,odroid4,odroid4,odroid4,odroid4,odroid4,odroid4,odroid4,odroid4,odroid4,odroid4,odroid4
953,odroid4,odroid4,odroid4,odroid4,odroid4,odroid4,odroid4,odroid4,odroid4,odroid4,odroid4
954,odroid4,odroid4,odroid4,odroid4,odroid4,odroid4,odroid4,odroid4,odroid4,odroid4,odroid4
955,odroid4,odroid4,odroid4,odroid4,odroid4,odroid4,odroid4,odroid4,odroid4,odroid4,odroid4
956,odroid4,odroid4,odroid4,odroid4,odroid4,odroid4,odroid4,odroid4,odroid4,odroid4,odroid4
957,odroid4,odroid4,odroid4,odroid4,odroid4,odroid4,odroid4,odroid4,odroid4,odroid4,odroid4
958,odroid4,odroid4,odroid4,odroid4,odroid4,odroid4,odroid4,odroid4,odroid4,odroid4,odroid4
959,odroid4,odroid4,odroid4,odroid4,odroid4,odroid4,odroid4,odroid4,odroid4,odroid4,odroid4
960,odroid4,odroid4,odroid4,odroid4,odroid4,odroid4,odroid4,odroid4,odroid4,odroid4,odroid4
961,odroid4,odroid4,odroid4,odroid4,odroid4,odroid4,odroid4,odroid4,odroid4,odroid4,odroid4
962,odroid4,odroid4,odroid4,odroid4,odroid4,odroid4,odroid4,odroid4,odroid4,odroid4,odroid4
963,odroid4,odroid4,odroid4,odroid4,odroid4,odroid4,odroid4,odroid4,odroid4,odroid4,odroid4
964,odroid4,odroid4,odroid4,odroid4,odroid4,odroid4,odroid4,odroid4,odroid4,odroid4,odroid4
965,odroid4,odroid4,odroid4,odroid4,odroid4,odroid4,odroid4,odroid4,odroid4,odroid4,odroid4
966,odroid4,odroid4,odroid4,odroid4,odroid4,odroid4,odroid4,odroid4,odroid4,odroid4,odroid4
967,odroid4,odroid4,odroid4,odroid4,odroid4,odroid4,odroid4,odroid4,odroid4,odroid4,odroid4
968,odroid4,odroid4,odroid4,odroid4,odroid4,odroid4,odroid4,odroid4,odroid4,odroid4,odroid4
969,odroid4,odroid4,odroid4,odroid4,odroid4,odroid4,odroid4,odroid4,odroid4,odroid4,odroid4
970,odroid4,odroid4,odroid4,odroid4,odroid4,odroid4,odroid4,odroid4,odroid4,odroid4,odroid4
971,odroid4,odroid4,odroid4,odroid4,odroid4,odroid4,odroid4,odroid4,odroid4,odroid4,odroid4
972,odroid4,odroid4,odroid4,odroid4,odroid4,odroid4,odroid4,odroid4,odroid4,odroid4,odroid4
973,odroid4,odroid4,odroid4,odroid4,odroid4,odroid4,odroid4,odroid4,odroid4,odroid4,odroid4
974,odroid4,odroid4,odroid4,odroid4,odroid4,odroid4,odroid4,odroid4,odroid4,odroid4,odroid4
975,odroid4,odroid4,odroid4,odroid4,odroid4,odroid4,odroid4,odroid4,odroid4,odroid4,odroid4
976,odroid4,odroid4,odroid4,odroid4,odroid4,odroid4,odroid4,odroid4,odroid4,odroid4,odroid4
977,odroid4,odroid4,odroid4,odroid4,odroid4,odroid4,odroid4,odroid4,odroid4,odroid4,odroid4
978,odroid4,odroid4,odroid4,odroid4,odroid4,odroid4,odroid4,odroid4,odroid4,odroid4,odroid4
979,odroid4,odroid4,odroid4,odroid4,odroid4,odroid4,odroid4,odroid4,odroid4,odroid4,odroid4
980,odroid4,odroid4,odroid4,odroid4,odroid4,odroid4,odroid4,odroid4,odroid4,odroid4,odroid2
981,odroid4,odroid4,odroid4,odroid4,odroid4,odroid4,odroid4,odroid4,odroid4,odroid4,odroid4
982,odroid4,odroid4,odroid4,odroid4,odroid4,odroid4,odroid4,odroid4,odroid4,odroid4,odroid4
983,odroid4,odroid4,odroid4,odroid4,odroid4,odroid4,odroid4,odroid4,odroid4,odroid4,odroid4
984,odroid4,odroid4,odroid4,odroid4,odroid4,odroid4,odroid4,odroid4,odroid4,odroid4,odroid4
985,odroid4,odroid4,odroid4,odroid4,odroid4,odroid4,odroid4,odroid4,odroid4,odroid4,odroid4
986,odroid4,odroid4,odroid4,odroid4,odroid4,odroid4,odroid4,odroid4,odroid4,odroid4,odroid4
987,odroid4,odroid4,odroid4,odroid4,odroid4,odroid4,odroid4,odroid4,odroid4,odroid4,odroid4
988,odroid4,odroid4,odroid4,odroid4,odroid4,odroid4,odroid4,odroid4,odroid4,odroid4,odroid4
989,odroid4,odroid4,odroid4,odroid4,odroid4,odroid4,odroid4,odroid4,odroid4,odroid4,odroid4
990,odroid4,odroid4,odroid4,odroid4,odroid4,odroid4,odroid4,odroid4,odroid4,odroid4,odroid4
991,odroid4,odroid4,odroid4,odroid4,odroid4,odroid4,odroid4,odroid4,odroid4,odroid4,odroid4
992,odroid4,odroid4,odroid4,odroid4,odroid4,odroid4,odroid4,odroid4,odroid4,odroid4,odroid4
993,odroid4,odroid4,odroid4,odroid4,odroid4,odroid4,odroid4,odroid4,odroid4,odroid4,odroid4
994,odroid4,odroid4,odroid4,odroid4,odroid4,odroid4,odroid4,odroid4,odroid4,odroid4,odroid4
995,odroid4,odroid4,odroid4,odroid4,odroid4,odroid4,odroid4,odroid4,odroid4,odroid4,odroid4
996,odroid4,odroid4,odroid4,odroid4,odroid4,odroid4,odroid4,odroid4,odroid4,odroid4,odroid4
997,odroid4,odroid4,odroid4,odroid4,odroid4,odroid4,odroid4,odroid4,odroid4,odroid4,odroid4
998,odroid4,odroid4,odroid4,odroid4,odroid4,odroid4,odroid4,odroid4,odroid4,odroid4,odroid4
999,odroid4,odroid4,odroid4,odroid4,odroid4,odroid4,odroid4,odroid4,odroid4,odroid4,odroid4
1000,odroid4,odroid4,odroid4,odroid4,odroid4,odroid4,odroid4,odroid4,odroid4,odroid4,odroid4
1001,odroid4,odroid4,odroid4,odroid4,odroid4,odroid4,odroid4,odroid4,odroid4,odroid4,odroid3
1002,odroid4,odroid4,odroid4,odroid4,odroid4,odroid4,odroid4,odroid4,odroid4,odroid4,odroid4
1003,odroid4,odroid4,odroid4,odroid4,odroid4,odroid4,odroid4,odroid4,odroid4,odroid4,odroid4
1004,odroid4,odroid4,odroid4,odroid4,odroid4,odroid4,odroid4,odroid4,odroid4,odroid4,odroid4
1005,odroid4,odroid4,odroid4,odroid4,odroid4,odroid4,odroid4,odroid4,odroid4,odroid4,odroid4
1006,odroid4,odroid4,odroid4,odroid4,odroid4,odroid4,odroid4,odroid4,odroid4,odroid4,odroid4
1007,odroid4,odroid4,odroid4,odroid4,odroid4,odroid4,odroid4,odroid4,odroid4,odroid4,odroid4
1008,odroid4,odroid4,odroid4,odroid4,odroid4,odroid4,odroid4,odroid4,odroid4,odroid4,odroid4
1009,odroid4,odroid4,odroid4,odroid4,odroid4,odroid4,odroid4,odroid4,odroid4,odroid4,odroid4
1010,odroid4,odroid4,odroid4,odroid4,odroid4,odroid4,odroid4,odroid4,odroid4,odroid4,odroid4
1011,odroid4,odroid4,odroid1,odroid4,odroid4,odroid4,odroid4,odroid4,odroid4,odroid4,odroid4
1012,odroid4,odroid4,odroid4,odroid4,odroid4,odroid4,odroid4,odroid4,odroid4,odroid4,odroid4
1013,odroid4,odroid4,odroid4,odroid4,odroid4,odroid4,odroid4,odroid4,odroid4,odroid4,odroid4
1014,odroid4,odroid4,odroid4,odroid4,odroid4,odroid4,odroid4,odroid4,odroid4,odroid4,odroid4
1015,odroid4,odroid4,odroid4,odroid4,odroid4,odroid4,odroid4,odroid4,odroid4,odroid4,odroid4
1016,odroid4,odroid4,odroid4,odroid4,odroid4,odroid4,odroid4,odroid4,odroid4,odroid4,odroid4
1017,odroid4,odroid4,odroid4,odroid4,odroid4,odroid4,odroid4,odroid4,odroid4,odroid4,odroid4
1018,odroid4,odroid4,odroid4,odroid4,odroid4,odroid4,odroid4,odroid4,odroid4,odroid4,odroid4
1019,odroid4,odroid4,odroid4,odroid4,odroid4,odroid4,odroid4,odroid4,odroid4,odroid4,odroid4
1020,odroid4,odroid4,odroid4,odroid4,odroid4,odroid4,odroid4,odroid4,odroid4,odroid4,odroid4
1021,odroid4,odroid4,odroid2,odroid4,odroid4,odroid4,odroid4,odroid4,odroid4,odroid4,odroid4
1022,odroid4,odroid4,odroid4,odroid4,odroid4,odroid4,odroid4,odroid4,odroid4,odroid4,odroid4
1023,odroid4,odroid4,odroid4,odroid4,odroid4,odroid4,odroid4,odroid4,odroid4,odroid4,odroid4
1024,odroid4,odroid4,odroid4,odroid4,odroid4,odroid4,odroid4,odroid4,odroid4,odroid4,odroid4
1025,odroid4,odroid4,odroid4,odroid4,odroid4,odroid4,odroid4,odroid4,odroid4,odroid4,odroid4
1026,odroid4,odroid4,odroid4,odroid4,odroid4,odroid4,odroid4,odroid4,odroid4,odroid4,odroid4
1027,odroid4,odroid4,odroid4,odroid4,odroid4,odroid2,odroid4,odroid4,odroid4,odroid4,odroid4
1028,odroid4,odroid4,odroid4,odroid4,odroid4,odroid4,odroid4,odroid4,odroid4,odroid4,odroid4
1029,odroid4,odroid4,odroid4,odroid4,odroid4,odroid4,odroid4,odroid4,odroid4,odroid4,odroid4
1030,odroid4,odroid4,odroid4,odroid4,odroid4,odroid4,odroid3,odroid4,odroid4,odroid4,odroid4
1031,odroid4,odroid4,odroid4,odroid4,odroid4,odroid4,odroid4,odroid4,odroid4,odroid4,odroid4
1032,odroid4,odroid4,odroid4,odroid4,odroid4,odroid4,odroid4,odroid4,odroid4,odroid4,odroid4
1033,odroid4,odroid4,odroid4,odroid4,odroid4,odroid4,odroid4,odroid4,odroid4,odroid4,odroid2
1034,odroid4,odroid4,odroid4,odroid4,odroid4,odroid4,odroid4,odroid4,odroid4,odroid4,odroid4
1035,odroid4,odroid4,odroid4,odroid4,odroid4,odroid4,odroid4,odroid4,odroid4,odroid4,odroid4
1036,odroid4,odroid4,odroid4,odroid4,odroid4,odroid4,odroid4,odroid4,odroid4,odroid4,odroid4
1037,odroid4,odroid4,odroid4,odroid4,odroid4,odroid4,odroid4,odroid4,odroid4,odroid4,odroid4
1038,odroid4,odroid4,odroid4,odroid4,odroid4,odroid4,odroid4,odroid4,odroid4,odroid4,odroid4
1039,odroid4,odroid4,odroid4,odroid4,odroid4,odroid4,odroid4,odroid4,odroid4,odroid4,odroid4
1040,odroid4,odroid4,odroid4,odroid4,odroid4,odroid4,odroid4,odroid4,odroid4,odroid4,odroid4
1041,odroid4,odroid4,odroid4,odroid4,odroid4,odroid4,odroid4,odroid4,odroid4,odroid4,odroid4
1042,odroid4,odroid4,odroid4,odroid4,odroid4,odroid4,odroid4,odroid4,odroid4,odroid4,odroid4
1043,odroid4,odroid4,odroid4,odroid4,odroid4,odroid4,odroid4,odroid4,odroid4,odroid4,odroid4
1044,odroid4,odroid4,odroid2,odroid4,odroid4,odroid4,odroid4,odroid4,odroid4,odroid4,odroid4
1045,odroid4,odroid4,odroid4,odroid4,odroid4,odroid4,odroid4,odroid4,odroid4,odroid4,odroid4
1046,odroid4,odroid4,odroid4,odroid4,odroid4,odroid4,odroid4,odroid4,odroid4,odroid4,odroid4
1047,odroid4,odroid4,odroid4,odroid4,odroid4,odroid4,odroid4,odroid4,odroid4,odroid4,odroid4
1048,odroid4,odroid4,odroid4,odroid4,odroid4,odroid4,odroid4,odroid4,odroid4,odroid4,odroid4
1049,odroid4,odroid4,odroid4,odroid4,odroid4,odroid4,odroid4,odroid4,odroid4,odroid4,odroid4
1050,odroid4,odroid4,odroid4,odroid4,odroid4,odroid4,odroid4,odroid4,odroid4,odroid4,odroid4
1051,odroid4,odroid4,odroid4,odroid4,odroid4,odroid4,odroid4,odroid4,odroid4,odroid4,odroid4
1052,odroid4,odroid4,odroid4,odroid4,odroid4,odroid4,odroid4,odroid4,odroid4,odroid4,odroid4
1053,odroid4,odroid4,odroid4,odroid4,odroid4,odroid4,odroid4,odroid4,odroid4,odroid4,odroid4
1054,odroid4,odroid4,odroid4,odroid4,odroid4,odroid4,odroid4,odroid4,odroid4,odroid4,odroid4
1055,odroid4,odroid4,odroid4,odroid4,odroid4,odroid4,odroid4,odroid4,odroid4,odroid4,odroid4
1056,odroid4,odroid4,odroid4,odroid4,odroid4,odroid4,odroid4,odroid4,odroid4,odroid4,odroid4
1057,odroid4,odroid4,odroid4,odroid4,odroid4,odroid4,odroid4,odroid4,odroid4,odroid4,odroid4
1058,odroid4,odroid4,odroid4,odroid4,odroid3,odroid4,odroid4,odroid4,odroid4,odroid4,odroid4
1059,odroid4,odroid4,odroid4,odroid4,odroid4,odroid4,odroid4,odroid4,odroid4,odroid4,odroid4
1060,odroid4,odroid4,odroid4,odroid4,odroid4,odroid4,odroid4,odroid4,odroid4,odroid4,odroid4
1061,odroid4,odroid4,odroid4,odroid4,odroid4,odroid4,odroid4,odroid4,odroid4,odroid4,odroid4
1062,odroid4,odroid4,odroid4,odroid4,odroid4,odroid4,odroid4,odroid1,odroid2,odroid4,odroid4
1063,odroid4,odroid4,odroid4,odroid4,odroid4,odroid4,odroid4,odroid4,odroid4,odroid4,odroid4
1064,odroid4,odroid4,odroid4,odroid4,odroid4,odroid4,odroid4,odroid4,odroid4,odroid4,odroid4
1065,odroid4,odroid4,odroid4,odroid4,odroid4,odroid4,odroid4,odroid4,odroid4,odroid4,odroid4
1066,odroid4,odroid4,odroid4,odroid4,odroid4,odroid4,odroid4,odroid4,odroid4,odroid4,odroid4
1067,odroid4,odroid4,odroid4,odroid4,odroid4,odroid4,odroid4,odroid4,odroid4,odroid4,odroid4
1068,odroid4,odroid4,odroid4,odroid4,odroid4,odroid4,odroid4,odroid4,odroid4,odroid4,odroid4
1069,odroid4,odroid4,odroid4,odroid4,odroid4,odroid4,odroid4,odroid4,odroid4,odroid4,odroid4
1070,odroid4,odroid4,odroid4,odroid4,odroid4,odroid4,odroid4,odroid4,odroid4,odroid4,odroid4
1071,odroid4,odroid4,odroid4,odroid4,odroid4,odroid4,odroid4,odroid4,odroid4,odroid4,odroid4
1072,odroid4,odroid4,odroid4,odroid4,odroid4,odroid4,odroid4,odroid4,odroid4,odroid4,odroid4
1073,odroid4,odroid4,odroid4,odroid4,odroid4,odroid4,odroid4,odroid4,odroid4,odroid4,odroid4
1074,odroid4,odroid4,odroid4,odroid4,odroid4,odroid4,odroid4,odroid4,odroid4,odroid4,odroid4
1075,odroid4,odroid4,odroid4,odroid4,odroid4,odroid4,odroid4,odroid4,odroid4,odroid4,odroid4
1076,odroid4,odroid4,odroid4,odroid4,odroid4,odroid4,odroid4,odroid4,odroid4,odroid4,odroid4
1077,odroid4,odroid4,odroid4,odroid4,odroid4,odroid4,odroid4,odroid4,odroid4,odroid4,odroid4
1078,odroid4,odroid4,odroid4,odroid4,odroid4,odroid4,odroid4,odroid4,odroid4,odroid4,odroid4
1079,odroid4,odroid4,odroid4,odroid4,odroid4,odroid4,odroid4,odroid4,odroid4,odroid4,odroid4
1080,odroid4,odroid4,odroid4,odroid4,odroid4,odroid4,odroid4,odroid4,odroid4,odroid4,odroid4
1081,odroid4,odroid4,odroid4,odroid4,odroid4,odroid4,odroid4,odroid4,odroid4,odroid4,odroid4
1082,odroid4,odroid4,odroid4,odroid4,odroid4,odroid4,odroid4,odroid4,odroid4,odroid4,odroid4
1083,odroid4,odroid2,odroid4,odroid4,odroid4,odroid4,odroid4,odroid4,odroid4,odroid4,odroid4
1084,odroid4,odroid4,odroid4,odroid4,odroid4,odroid4,odroid4,odroid4,odroid4,odroid4,odroid4
1085,odroid4,odroid4,odroid4,odroid4,odroid4,odroid4,odroid4,odroid4,odroid4,odroid4,odroid4
1086,odroid4,odroid4,odroid4,odroid4,odroid4,odroid4,odroid4,odroid4,odroid4,odroid4,odroid4
1087,odroid4,odroid4,odroid4,odroid4,odroid4,odroid4,odroid4,odroid4,odroid4,odroid4,odroid4
1088,odroid4,odroid4,odroid4,odroid4,odroid4,odroid4,odroid4,odroid4,odroid4,odroid4,odroid4
1089,odroid4,odroid4,odroid4,odroid4,odroid4,odroid4,odroid4,odroid4,odroid4,odroid4,odroid4
1090,odroid4,odroid4,odroid4,odroid4,odroid4,odroid4,odroid4,odroid4,odroid4,odroid4,odroid4
1091,odroid4,odroid4,odroid4,odroid4,odroid4,odroid4,odroid4,odroid4,odroid4,odroid4,odroid4
1092,odroid4,odroid4,odroid4,odroid4,odroid4,odroid4,odroid4,odroid4,odroid4,odroid4,odroid4
1093,odroid4,odroid4,odroid4,odroid4,odroid4,odroid4,odroid4,odroid4,odroid4,odroid4,odroid4
1094,odroid4,odroid4,odroid4,odroid4,odroid4,odroid4,odroid4,odroid4,odroid4,odroid4,odroid4
1095,odroid4,odroid4,odroid4,odroid4,odroid4,odroid4,odroid4,odroid4,odroid4,odroid4,odroid4
1096,odroid4,odroid4,odroid4,odroid4,odroid4,odroid4,odroid4,odroid4,odroid4,odroid4,odroid4
1097,odroid4,odroid4,odroid4,odroid4,odroid4,odroid4,odroid4,odroid4,odroid4,odroid4,odroid4
1098,odroid4,odroid4,odroid4,odroid4,odroid4,odroid4,odroid4,odroid4,odroid4,odroid4,odroid4
1099,odroid4,odroid4,odroid4,odroid4,odroid4,odroid4,odroid4,odroid4,odroid4,odroid4,odroid4
1100,odroid4,odroid4,odroid4,odroid4,odroid4,odroid4,odroid4,odroid4,odroid2,odroid4,odroid4
1101,odroid4,odroid4,odroid4,odroid4,odroid4,odroid4,odroid4,odroid4,odroid4,odroid4,odroid4
1102,odroid4,odroid4,odroid4,odroid4,odroid4,odroid4,odroid4,odroid4,odroid4,odroid4,odroid4
1103,odroid4,odroid4,odroid4,odroid4,odroid4,odroid4,odroid4,odroid4,odroid4,odroid4,odroid4
1104,odroid4,odroid4,odroid4,odroid4,odroid4,odroid2,odroid4,odroid4,odroid4,odroid4,odroid4
1105,odroid4,odroid4,odroid4,odroid4,odroid4,odroid4,odroid4,odroid4,odroid4,odroid4,odroid4
1106,odroid4,odroid4,odroid4,odroid4,odroid4,odroid4,odroid4,odroid4,odroid4,odroid4,odroid4
1107,odroid4,odroid4,odroid4,odroid4,odroid4,odroid4,odroid4,odroid4,odroid4,odroid4,odroid4
1108,odroid4,odroid4,odroid4,odroid4,odroid4,odroid4,odroid4,odroid4,odroid4,odroid4,odroid4
1109,odroid4,odroid4,odroid4,odroid4,odroid4,odroid4,odroid4,odroid4,odroid4,odroid4,odroid4
1110,odroid4,odroid4,odroid4,odroid4,odroid4,odroid4,odroid4,odroid4,odroid2,odroid4,odroid4
1111,odroid4,odroid4,odroid4,odroid4,odroid4,odroid4,odroid4,odroid4,odroid4,odroid4,odroid4
1112,odroid4,odroid4,odroid4,odroid4,odroid3,odroid4,odroid4,odroid4,odroid4,odroid4,odroid4
1113,odroid4,odroid4,odroid4,odroid4,odroid4,odroid4,odroid4,odroid4,odroid4,odroid4,odroid4
1114,odroid4,odroid4,odroid4,odroid4,odroid4,odroid4,odroid4,odroid4,odroid4,odroid4,odroid2
1115,odroid4,odroid4,odroid4,odroid4,odroid4,odroid4,odroid4,odroid4,odroid4,odroid4,odroid4
1116,odroid4,odroid4,odroid4,odroid4,odroid4,odroid4,odroid4,odroid4,odroid4,odroid4,odroid4
1117,odroid4,odroid4,odroid4,odroid4,odroid4,odroid4,odroid4,odroid4,odroid4,odroid4,odroid4
1118,odroid4,odroid4,odroid4,odroid4,odroid4,odroid4,odroid4,odroid4,odroid4,odroid4,odroid4
1119,odroid4,odroid4,odroid4,odroid4,odroid4,odroid4,odroid4,odroid4,odroid4,odroid4,odroid4
1120,odroid4,odroid4,odroid4,odroid4,odroid4,odroid4,odroid4,odroid4,odroid4,odroid4,odroid4
1121,odroid4,odroid4,odroid4,odroid4,odroid4,odroid4,odroid2,odroid4,odroid4,odroid4,odroid4
1122,odroid3,odroid3,odroid3,odroid3,odroid3,odroid3,odroid3,odroid3,odroid3,odroid3,odroid3
1123,odroid3,odroid3,odroid3,odroid3,odroid3,odroid3,odroid3,odroid1,odroid3,odroid3,odroid3
1124,odroid3,odroid3,odroid3,odroid3,odroid3,odroid3,odroid3,odroid3,odroid3,odroid3,odroid3
1125,odroid3,odroid3,odroid3,odroid3,odroid3,odroid3,odroid3,odroid3,odroid3,odroid3,odroid3
1126,odroid3,odroid3,odroid3,odroid3,odroid3,odroid3,odroid3,odroid3,odroid3,odroid3,odroid3
1127,odroid3,odroid3,odroid3,odroid3,odroid3,odroid3,odroid3,odroid3,odroid3,odroid3,odroid3
1128,odroid3,odroid3,odroid3,odroid3,odroid3,odroid3,odroid3,odroid3,odroid3,odroid3,odroid3
1129,odroid3,odroid3,odroid3,odroid3,odroid3,odroid3,odroid3,odroid3,odroid3,odroid3,odroid3
1130,odroid3,odroid3,odroid3,odroid3,odroid3,odroid3,odroid3,odroid3,odroid3,odroid3,odroid3
1131,odroid3,odroid3,odroid3,odroid3,odroid3,odroid3,odroid3,odroid3,odroid3,odroid3,odroid3
1132,odroid3,odroid3,odroid3,odroid3,odroid3,odroid3,odroid3,odroid3,odroid3,odroid3,odroid3
1133,odroid3,odroid3,odroid3,odroid3,odroid3,odroid3,odroid3,odroid3,odroid3,odroid3,odroid3
1134,odroid3,odroid3,odroid3,odroid3,odroid3,odroid3,odroid3,odroid3,odroid3,odroid3,odroid3
1135,odroid3,odroid3,odroid3,odroid3,odroid3,odroid3,odroid3,odroid3,odroid3,odroid3,odroid3
1136,odroid3,odroid3,odroid3,odroid3,odroid3,odroid3,odroid3,odroid3,odroid3,odroid3,odroid3
1137,odroid3,odroid3,odroid3,odroid3,odroid3,odroid3,odroid3,odroid3,odroid3,odroid3,odroid3
1138,odroid3,odroid3,odroid3,odroid3,odroid3,odroid3,odroid3,odroid3,odroid3,odroid3,odroid3
1139,odroid3,odroid3,odroid3,odroid3,odroid3,odroid3,odroid3,odroid3,odroid3,odroid3,odroid3
1140,odroid3,odroid3,odroid3,odroid3,odroid3,odroid3,odroid3,odroid3,odroid3,odroid3,odroid3
1141,odroid3,odroid3,odroid3,odroid3,odroid3,odroid3,odroid3,odroid3,odroid3,odroid3,odroid3
1142,odroid3,odroid3,odroid3,odroid3,odroid3,odroid3,odroid3,odroid3,odroid3,odroid3,odroid3
1143,odroid3,odroid3,odroid3,odroid3,odroid3,odroid3,odroid3,odroid3,odroid3,odroid3,odroid3
1144,odroid3,odroid3,odroid3,odroid3,odroid3,odroid3,odroid3,odroid3,odroid3,odroid3,odroid3
1145,odroid3,odroid3,odroid3,odroid3,odroid3,odroid3,odroid3,odroid3,odroid3,odroid3,odroid3
1146,odroid3,odroid3,odroid3,odroid3,odroid3,odroid3,odroid3,odroid3,odroid3,odroid3,odroid3
1147,odroid3,odroid3,odroid3,odroid3,odroid3,odroid3,odroid3,odroid3,odroid3,odroid3,odroid3
1148,odroid3,odroid3,odroid3,odroid3,odroid3,odroid3,odroid3,odroid3,odroid3,odroid3,odroid3
1149,odroid3,odroid3,odroid3,odroid3,odroid3,odroid3,odroid3,odroid3,odroid3,odroid3,odroid3
1150,odroid3,odroid1,odroid3,odroid3,odroid3,odroid3,odroid3,odroid3,odroid3,odroid3,odroid3
1151,odroid3,odroid3,odroid3,odroid3,odroid3,odroid3,odroid3,odroid3,odroid3,odroid3,odroid3
1152,odroid3,odroid3,odroid3,odroid3,odroid3,odroid3,odroid3,odroid3,odroid3,odroid3,odroid3
1153,odroid3,odroid3,odroid3,odroid3,odroid3,odroid3,odroid3,odroid3,odroid3,odroid3,odroid3
1154,odroid3,odroid3,odroid3,odroid3,odroid3,odroid3,odroid3,odroid3,odroid3,odroid3,odroid3
1155,odroid3,odroid3,odroid3,odroid3,odroid3,odroid3,odroid3,odroid3,odroid3,odroid3,odroid3
1156,odroid3,odroid3,odroid3,odroid3,odroid3,odroid3,odroid3,odroid3,odroid3,odroid3,odroid3
1157,odroid3,odroid2,odroid3,odroid3,odroid3,odroid3,odroid3,odroid3,odroid3,odroid3,odroid3
1158,odroid3,odroid3,odroid3,odroid3,odroid3,odroid3,odroid3,odroid3,odroid3,odroid3,odroid3
1159,odroid3,odroid3,odroid3,odroid3,odroid3,odroid3,odroid3,odroid3,odroid3,odroid3,odroid3
1160,odroid3,odroid3,odroid3,odroid3,odroid3,odroid3,odroid3,odroid3,odroid3,odroid3,odroid3
1161,odroid3,odroid3,odroid3,odroid3,odroid3,odroid3,odroid3,odroid3,odroid3,odroid3,odroid1
1162,odroid3,odroid3,odroid3,odroid3,odroid3,odroid3,odroid3,odroid3,odroid3,odroid3,odroid3
1163,odroid3,odroid3,odroid3,odroid3,odroid3,odroid3,odroid3,odroid3,odroid3,odroid3,odroid3
1164,odroid3,odroid3,odroid3,odroid3,odroid3,odroid3,odroid3,odroid3,odroid3,odroid3,odroid3
1165,odroid3,odroid3,odroid3,odroid3,odroid3,odroid3,odroid3,odroid3,odroid3,odroid3,odroid3
1166,odroid3,odroid3,odroid3,odroid3,odroid3,odroid3,odroid3,odroid3,odroid3,odroid3,odroid3
1167,odroid3,odroid3,odroid3,odroid3,odroid3,odroid3,odroid3,odroid3,odroid3,odroid3,odroid3
1168,odroid3,odroid3,odroid3,odroid3,odroid3,odroid3,odroid3,odroid3,odroid3,odroid3,odroid3
1169,odroid3,odroid3,odroid3,odroid3,odroid3,odroid3,odroid3,odroid3,odroid3,odroid3,odroid3
1170,odroid3,odroid3,odroid3,odroid3,odroid3,odroid3,odroid3,odroid3,odroid3,odroid3,odroid3
1171,odroid3,odroid3,odroid3,odroid3,odroid3,odroid3,odroid3,odroid3,odroid3,odroid3,odroid3
1172,odroid3,odroid3,odroid3,odroid3,odroid4,odroid3,odroid3,odroid3,odroid3,odroid3,odroid3
1173,odroid3,odroid3,odroid3,odroid3,odroid3,odroid3,odroid3,odroid3,odroid3,odroid3,odroid3
1174,odroid3,odroid3,odroid3,odroid3,odroid3,odroid3,odroid3,odroid3,odroid3,odroid3,odroid3
1175,odroid3,odroid3,odroid3,odroid3,odroid3,odroid1,odroid3,odroid3,odroid1,odroid3,odroid1
1176,odroid3,odroid3,odroid3,odroid4,odroid1,odroid3,odroid3,odroid3,odroid3,odroid3,odroid3
1177,odroid3,odroid3,odroid3,odroid3,odroid3,odroid1,odroid3,odroid3,odroid3,odroid3,odroid3
1178,odroid3,odroid3,odroid3,odroid3,odroid3,odroid3,odroid3,odroid3,odroid3,odroid3,odroid3
1179,odroid3,odroid3,odroid3,odroid3,odroid3,odroid3,odroid3,odroid2,odroid3,odroid3,odroid3
1180,odroid3,odroid3,odroid3,odroid3,odroid3,odroid3,odroid3,odroid3,odroid3,odroid3,odroid3
1181,odroid3,odroid3,odroid3,odroid3,odroid3,odroid3,odroid3,odroid3,odroid3,odroid3,odroid3
1182,odroid3,odroid3,odroid3,odroid3,odroid3,odroid3,odroid3,odroid3,odroid3,odroid3,odroid3
1183,odroid3,odroid3,odroid3,odroid3,odroid3,odroid3,odroid3,odroid3,odroid3,odroid3,odroid3
1184,odroid3,odroid3,odroid3,odroid3,odroid3,odroid3,odroid3,odroid3,odroid3,odroid1,odroid3
1185,odroid3,odroid3,odroid3,odroid3,odroid3,odroid3,odroid3,odroid3,odroid3,odroid3,odroid3
1186,odroid3,odroid3,odroid3,odroid3,odroid3,odroid3,odroid3,odroid3,odroid3,odroid4,odroid3
1187,odroid3,odroid3,odroid3,odroid3,odroid3,odroid3,odroid3,odroid3,odroid1,odroid3,odroid3
1188,odroid3,odroid3,odroid3,odroid3,odroid3,odroid3,odroid3,odroid1,odroid3,odroid3,odroid3
1189,odroid3,odroid1,odroid3,odroid3,odroid3,odroid3,odroid3,odroid3,odroid3,odroid3,odroid3
1190,odroid3,odroid3,odroid3,odroid3,odroid3,odroid3,odroid3,odroid3,odroid3,odroid3,odroid3
1191,odroid3,odroid3,odroid3,odroid3,odroid3,odroid3,odroid3,odroid3,odroid3,odroid3,odroid3
1192,odroid3,odroid3,odroid3,odroid3,odroid3,odroid3,odroid3,odroid3,odroid1,odroid3,odroid3
1193,odroid3,odroid3,odroid3,odroid3,odroid3,odroid3,odroid3,odroid3,odroid3,odroid3,odroid3
1194,odroid3,odroid3,odroid3,odroid3,odroid3,odroid3,odroid3,odroid3,odroid3,odroid3,odroid3
1195,odroid3,odroid3,odroid3,odroid3,odroid3,odroid3,odroid3,odroid3,odroid3,odroid3,odroid3
1196,odroid3,odroid3,odroid3,odroid3,odroid3,odroid3,odroid3,odroid3,odroid3,odroid3,odroid3
1197,odroid3,odroid3,odroid4,odroid3,odroid3,odroid3,odroid3,odroid3,odroid3,odroid3,odroid3
1198,odroid3,odroid3,odroid3,odroid3,odroid3,odroid3,odroid3,odroid3,odroid3,odroid3,odroid3
1199,odroid3,odroid3,odroid3,odroid3,odroid3,odroid3,odroid1,odroid3,odroid3,odroid3,odroid3
1200,odroid3,odroid3,odroid3,odroid3,odroid3,odroid3,odroid3,odroid3,odroid3,odroid3,odroid3
1201,odroid3,odroid3,odroid3,odroid3,odroid3,odroid3,odroid3,odroid1,odroid3,odroid3,odroid3
1202,odroid3,odroid3,odroid3,odroid3,odroid3,odroid3,odroid3,odroid3,odroid3,odroid3,odroid3
1203,odroid3,odroid3,odroid3,odroid1,odroid3,odroid3,odroid3,odroid3,odroid3,odroid3,odroid3
1204,odroid3,odroid3,odroid3,odroid3,odroid3,odroid3,odroid1,odroid1,odroid3,odroid3,odroid3
1205,odroid3,odroid3,odroid3,odroid3,odroid3,odroid3,odroid3,odroid3,odroid3,odroid3,odroid3
1206,odroid3,odroid1,odroid1,odroid3,odroid2,odroid3,odroid3,odroid3,odroid3,odroid3,odroid3
1207,odroid3,odroid3,odroid3,odroid3,odroid3,odroid3,odroid3,odroid3,odroid3,odroid1,odroid3
1208,odroid3,odroid3,odroid3,odroid3,odroid3,odroid3,odroid3,odroid3,odroid3,odroid3,odroid3
1209,odroid3,odroid3,odroid3,odroid3,odroid3,odroid3,odroid3,odroid3,odroid3,odroid3,odroid3
1210,odroid3,odroid3,odroid3,odroid3,odroid3,odroid3,odroid3,odroid3,odroid3,odroid3,odroid3
1211,odroid3,odroid3,odroid3,odroid3,odroid3,odroid3,odroid3,odroid3,odroid3,odroid3,odroid3
1212,odroid3,odroid3,odroid3,odroid3,odroid3,odroid3,odroid3,odroid3,odroid3,odroid3,odroid3
1213,odroid3,odroid3,odroid1,odroid3,odroid3,odroid3,odroid3,odroid3,odroid3,odroid3,odroid3
1214,odroid3,odroid3,odroid3,odroid3,odroid3,odroid3,odroid3,odroid3,odroid3,odroid3,odroid3
1215,odroid3,odroid3,odroid3,odroid3,odroid3,odroid3,odroid3,odroid3,odroid3,odroid3,odroid4
1216,odroid3,odroid3,odroid3,odroid3,odroid3,odroid3,odroid3,odroid3,odroid3,odroid3,odroid3
1217,odroid3,odroid3,odroid1,odroid3,odroid4,odroid3,odroid3,odroid3,odroid3,odroid3,odroid3
1218,odroid3,odroid3,odroid3,odroid3,odroid3,odroid1,odroid3,odroid3,odroid3,odroid3,odroid3
1219,odroid3,odroid3,odroid1,odroid2,odroid3,odroid3,odroid3,odroid3,odroid3,odroid4,odroid3
1220,odroid3,odroid1,odroid3,odroid3,odroid3,odroid3,odroid3,odroid3,odroid3,odroid3,odroid3
1221,odroid3,odroid3,odroid3,odroid3,odroid3,odroid3,odroid3,odroid3,odroid3,odroid3,odroid3
1222,odroid3,odroid1,odroid3,odroid3,odroid3,odroid3,odroid3,odroid3,odroid3,odroid1,odroid3
1223,odroid3,odroid3,odroid3,odroid3,odroid3,odroid3,odroid3,odroid2,odroid3,odroid3,odroid3
1224,odroid3,odroid3,odroid3,odroid3,odroid3,odroid3,odroid3,odroid3,odroid3,odroid3,odroid3
1225,odroid3,odroid3,odroid3,odroid3,odroid3,odroid3,odroid3,odroid3,odroid3,odroid3,odroid3
1226,odroid3,odroid3,odroid3,odroid1,odroid1,odroid3,odroid3,odroid3,odroid3,odroid3,odroid1
1227,odroid3,odroid3,odroid1,odroid1,odroid3,odroid3,odroid3,odroid3,odroid3,odroid3,odroid3
1228,odroid3,odroid3,odroid3,odroid3,odroid3,odroid3,odroid3,odroid3,odroid3,odroid3,odroid3
1229,odroid3,odroid3,odroid3,odroid3,odroid3,odroid3,odroid3,odroid3,odroid3,odroid3,odroid3
1230,odroid3,odroid3,odroid3,odroid3,odroid3,odroid3,odroid3,odroid3,odroid3,odroid3,odroid3
1231,odroid3,odroid3,odroid3,odroid3,odroid3,odroid3,odroid3,odroid3,odroid3,odroid3,odroid3
1232,odroid3,odroid3,odroid3,odroid3,odroid3,odroid3,odroid3,odroid3,odroid3,odroid3,odroid3
1233,odroid3,odroid3,odroid3,odroid3,odroid3,odroid3,odroid3,odroid3,odroid3,odroid3,odroid3
1234,odroid3,odroid3,odroid3,odroid3,odroid3,odroid3,odroid3,odroid3,odroid3,odroid3,odroid3
1235,odroid3,odroid3,odroid3,odroid3,odroid3,odroid1,odroid3,odroid3,odroid3,odroid3,odroid2
1236,odroid3,odroid3,odroid3,odroid3,odroid3,odroid3,odroid3,odroid3,odroid3,odroid3,odroid3
1237,odroid3,odroid3,odroid3,odroid3,odroid3,odroid3,odroid3,odroid1,odroid3,odroid3,odroid3
1238,odroid3,odroid3,odroid3,odroid3,odroid3,odroid3,odroid3,odroid1,odroid3,odroid3,odroid1
1239,odroid3,odroid3,odroid1,odroid1,odroid3,odroid3,odroid3,odroid3,odroid3,odroid3,odroid3
1240,odroid3,odroid3,odroid3,odroid1,odroid3,odroid3,odroid3,odroid1,odroid3,odroid3,odroid1
1241,odroid3,odroid3,odroid3,odroid3,odroid3,odroid3,odroid3,odroid3,odroid3,odroid3,odroid3
1242,odroid3,odroid3,odroid3,odroid3,odroid3,odroid3,odroid3,odroid3,odroid3,odroid3,odroid3
1243,odroid3,odroid3,odroid3,odroid3,odroid3,odroid3,odroid3,odroid3,odroid3,odroid3,odroid3
1244,odroid3,odroid3,odroid3,odroid3,odroid3,odroid3,odroid3,odroid3,odroid3,odroid3,odroid3
1245,odroid3,odroid3,odroid3,odroid3,odroid3,odroid3,odroid3,odroid3,odroid1,odroid3,odroid3
1246,odroid3,odroid3,odroid3,odroid3,odroid3,odroid3,odroid3,odroid3,odroid3,odroid3,odroid3
1247,odroid3,odroid3,odroid1,odroid3,odroid3,odroid3,odroid3,odroid3,odroid3,odroid3,odroid3
1248,odroid3,odroid3,odroid3,odroid3,odroid3,odroid3,odroid3,odroid3,odroid3,odroid3,odroid3
1249,odroid3,odroid3,odroid3,odroid3,odroid3,odroid3,odroid3,odroid3,odroid3,odroid3,odroid1
1250,odroid3,odroid3,odroid1,odroid3,odroid3,odroid3,odroid3,odroid3,odroid3,odroid3,odroid3
1251,odroid3,odroid3,odroid3,odroid3,odroid3,odroid3,odroid3,odroid3,odroid3,odroid3,odroid3
1252,odroid3,odroid3,odroid3,odroid3,odroid3,odroid3,odroid3,odroid3,odroid3,odroid3,odroid3
1253,odroid3,odroid3,odroid3,odroid3,odroid2,odroid3,odroid3,odroid3,odroid3,odroid3,odroid3
1254,odroid3,odroid3,odroid3,odroid3,odroid3,odroid1,odroid3,odroid3,odroid3,odroid3,odroid3
1255,odroid3,odroid3,odroid3,odroid3,odroid3,odroid3,odroid3,odroid3,odroid3,odroid3,odroid3
1256,odroid3,odroid3,odroid3,odroid3,odroid3,odroid3,odroid3,odroid3,odroid3,odroid1,odroid3
1257,odroid3,odroid3,odroid3,odroid3,odroid3,odroid3,odroid3,odroid3,odroid3,odroid3,odroid3
1258,odroid3,odroid3,odroid3,odroid3,odroid3,odroid3,odroid1,odroid3,odroid3,odroid3,odroid3
1259,odroid3,odroid3,odroid3,odroid3,odroid1,odroid3,odroid3,odroid3,odroid3,odroid3,odroid3
1260,odroid3,odroid3,odroid3,odroid3,odroid3,odroid3,odroid3,odroid1,odroid3,odroid3,odroid3
1261,odroid3,odroid3,odroid3,odroid3,odroid3,odroid1,odroid3,odroid3,odroid3,odroid3,odroid3
1262,odroid3,odroid3,odroid3,odroid3,odroid3,odroid3,odroid3,odroid3,odroid3,odroid3,odroid3
1263,odroid3,odroid3,odroid1,odroid3,odroid3,odroid3,odroid3,odroid3,odroid1,odroid3,odroid3
1264,odroid3,odroid4,odroid1,odroid3,odroid3,odroid3,odroid1,odroid3,odroid3,odroid1,odroid3
1265,odroid3,odroid3,odroid3,odroid3,odroid1,odroid3,odroid3,odroid3,odroid3,odroid3,odroid3
1266,odroid3,odroid3,odroid2,odroid3,odroid3,odroid3,odroid3,odroid1,odroid3,odroid3,odroid3
1267,odroid3,odroid3,odroid3,odroid3,odroid3,odroid3,odroid3,odroid3,odroid3,odroid3,odroid3
1268,odroid3,odroid3,odroid3,odroid3,odroid3,odroid3,odroid3,odroid3,odroid3,odroid3,odroid3
1269,odroid3,odroid3,odroid1,odroid3,odroid3,odroid3,odroid3,odroid3,odroid3,odroid3,odroid3
1270,odroid3,odroid3,odroid3,odroid3,odroid3,odroid3,odroid3,odroid3,odroid3,odroid3,odroid3
1271,odroid3,odroid3,odroid3,odroid3,odroid1,odroid3,odroid3,odroid3,odroid3,odroid3,odroid3
1272,odroid3,odroid3,odroid3,odroid3,odroid3,odroid3,odroid3,odroid3,odroid3,odroid3,odroid3
1273,odroid3,odroid3,odroid2,odroid3,odroid3,odroid3,odroid1,odroid3,odroid3,odroid3,odroid3
1274,odroid3,odroid1,odroid3,odroid3,odroid3,odroid3,odroid4,odroid3,odroid3,odroid3,odroid3
1275,odroid3,odroid3,odroid3,odroid3,odroid3,odroid3,odroid3,odroid3,odroid1,odroid3,odroid3
1276,odroid3,odroid3,odroid3,odroid3,odroid3,odroid3,odroid3,odroid3,odroid3,odroid3,odroid3
1277,odroid3,odroid3,odroid3,odroid3,odroid3,odroid3,odroid3,odroid3,odroid3,odroid3,odroid3
1278,odroid3,odroid3,odroid3,odroid3,odroid3,odroid3,odroid3,odroid3,odroid3,odroid3,odroid3
1279,odroid3,odroid3,odroid3,odroid3,odroid3,odroid3,odroid3,odroid3,odroid3,odroid3,odroid3
1280,odroid3,odroid1,odroid3,odroid3,odroid3,odroid3,odroid3,odroid1,odroid3,odroid1,odroid3
1281,odroid3,odroid3,odroid3,odroid3,odroid3,odroid3,odroid3,odroid3,odroid3,odroid3,odroid3
1282,odroid3,odroid3,odroid3,odroid3,odroid3,odroid3,odroid3,odroid1,odroid3,odroid3,odroid3
1283,odroid3,odroid3,odroid3,odroid3,odroid3,odroid3,odroid3,odroid3,odroid3,odroid3,odroid3
1284,odroid3,odroid3,odroid3,odroid3,odroid3,odroid3,odroid3,odroid3,odroid3,odroid3,odroid3
1285,odroid3,odroid3,odroid3,odroid3,odroid3,odroid3,odroid3,odroid3,odroid3,odroid3,odroid3
1286,odroid3,odroid3,odroid3,odroid3,odroid3,odroid3,odroid3,odroid1,odroid3,odroid3,odroid3
1287,odroid3,odroid3,odroid3,odroid3,odroid3,odroid3,odroid1,odroid3,odroid3,odroid1,odroid3
1288,odroid3,odroid3,odroid3,odroid3,odroid3,odroid3,odroid3,odroid3,odroid3,odroid3,odroid3
1289,odroid3,odroid3,odroid1,odroid3,odroid3,odroid3,odroid3,odroid3,odroid3,odroid1,odroid3
1290,odroid3,odroid3,odroid3,odroid1,odroid3,odroid3,odroid3,odroid3,odroid3,odroid3,odroid3
1291,odroid3,odroid3,odroid3,odroid3,odroid3,odroid3,odroid3,odroid3,odroid3,odroid3,odroid3
1292,odroid3,odroid3,odroid3,odroid3,odroid3,odroid3,odroid3,odroid3,odroid3,odroid3,odroid3
1293,odroid3,odroid3,odroid3,odroid3,odroid3,odroid3,odroid3,odroid3,odroid3,odroid3,odroid3
1294,odroid3,odroid3,odroid3,odroid3,odroid1,odroid3,odroid3,odroid3,odroid3,odroid3,odroid3
