,label,attempt_0,attempt_1,attempt_2
0,rpi-4a,rpi-4a,rpi-4a,rpi-4a
1,rpi-4a,rpi-4a,rpi-4a,rpi-8b
2,rpi-4a,rpi-4a,rpi-4a,rpi-4a
3,rpi-4a,rpi-4a,rpi-4a,rpi-4a
4,rpi-4a,rpi-4a,rpi-4a,rpi-4a
5,rpi-4a,rpi-4a,rpi-8d,rpi-4a
6,rpi-4a,rpi-8d,rpi-4a,rpi-4a
7,rpi-4a,rpi-4a,rpi-4a,rpi-8d
8,rpi-4a,rpi-8d,rpi-4a,rpi-4a
9,rpi-4a,rpi-4a,rpi-8c,rpi-4a
10,rpi-4a,rpi-4a,rpi-4a,rpi-4a
11,rpi-4a,rpi-4a,rpi-4a,rpi-8c
12,rpi-4a,rpi-4a,rpi-4a,rpi-4a
13,rpi-4a,rpi-4a,rpi-4a,rpi-4a
14,rpi-4a,rpi-4a,rpi-8c,rpi-4a
15,rpi-4a,rpi-4a,rpi-4a,rpi-4a
16,rpi-4a,rpi-8d,rpi-8d,rpi-4a
17,rpi-4a,rpi-4a,rpi-4a,rpi-4a
18,rpi-4a,rpi-4a,rpi-8d,rpi-4a
19,rpi-4a,rpi-8d,rpi-4a,rpi-4a
20,rpi-4a,rpi-8d,rpi-4a,rpi-4a
21,rpi-4a,rpi-4a,rpi-4a,rpi-4a
22,rpi-4a,rpi-4a,rpi-4a,rpi-4a
23,rpi-4a,rpi-8c,rpi-8d,rpi-4a
24,rpi-4a,rpi-4a,rpi-4a,rpi-4a
25,rpi-4a,rpi-4a,rpi-4a,rpi-4a
26,rpi-4a,rpi-4a,rpi-4a,rpi-4a
27,rpi-4a,rpi-4a,rpi-4a,rpi-4a
28,rpi-4a,rpi-8d,rpi-4a,rpi-4a
29,rpi-4a,rpi-4a,rpi-4a,rpi-4a
30,rpi-4a,rpi-4a,rpi-4a,rpi-4a
31,rpi-4a,rpi-4a,rpi-4a,rpi-4a
32,rpi-4a,rpi-4a,rpi-4a,rpi-4a
33,rpi-4a,rpi-4a,rpi-4a,rpi-4a
34,rpi-4a,rpi-4a,rpi-4a,rpi-4a
35,rpi-4a,rpi-4a,rpi-4a,rpi-4a
36,rpi-4a,rpi-4a,rpi-4a,rpi-4a
37,rpi-4a,rpi-4a,rpi-4a,rpi-4a
38,rpi-4a,rpi-4a,rpi-4a,rpi-4a
39,rpi-4a,rpi-4a,rpi-4a,rpi-4a
40,rpi-4a,rpi-4a,rpi-8d,rpi-4a
41,rpi-4a,rpi-4a,rpi-8c,rpi-4a
42,rpi-4a,rpi-4a,rpi-4a,rpi-4a
43,rpi-4a,rpi-4a,rpi-4a,rpi-4a
44,rpi-4a,rpi-4a,rpi-4a,rpi-4a
45,rpi-4a,rpi-4a,rpi-4a,rpi-4a
46,rpi-4a,rpi-4a,rpi-4a,rpi-8c
47,rpi-4a,rpi-4a,rpi-4a,rpi-4a
48,rpi-4a,rpi-4a,rpi-8d,rpi-4a
49,rpi-4a,rpi-4a,rpi-4a,rpi-4a
50,rpi-4a,rpi-4a,rpi-8d,rpi-4a
51,rpi-4a,rpi-4a,rpi-4a,rpi-4a
52,rpi-4a,rpi-4a,rpi-4a,rpi-4a
53,rpi-4a,rpi-4a,rpi-4a,rpi-8d
54,rpi-4a,rpi-4a,rpi-4a,rpi-4a
55,rpi-4a,rpi-4a,rpi-4a,rpi-4a
56,rpi-4a,rpi-4a,rpi-4a,rpi-4a
57,rpi-4a,rpi-4a,rpi-4a,rpi-4a
58,rpi-4a,rpi-8c,rpi-4a,rpi-4a
59,rpi-4a,rpi-4a,rpi-4a,rpi-4a
60,rpi-4a,rpi-4a,rpi-8c,rpi-4a
61,rpi-4a,rpi-4a,rpi-8b,rpi-4a
62,rpi-4a,rpi-4a,rpi-4a,rpi-4a
63,rpi-4a,rpi-4a,rpi-4a,rpi-4a
64,rpi-4a,rpi-8d,rpi-8c,rpi-8d
65,rpi-4a,rpi-4a,rpi-4a,rpi-4a
66,rpi-4a,rpi-4a,rpi-8b,rpi-4a
67,rpi-4a,rpi-4a,rpi-4a,rpi-4a
68,rpi-4a,rpi-4a,rpi-4a,rpi-4a
69,rpi-4a,rpi-4a,rpi-4a,rpi-4a
70,rpi-4a,rpi-4a,rpi-4a,rpi-4a
71,rpi-4a,rpi-4a,rpi-4a,rpi-8b
72,rpi-4a,rpi-4a,rpi-4a,rpi-4a
73,rpi-4a,rpi-4a,rpi-4a,rpi-4a
74,rpi-4a,rpi-4a,rpi-4a,rpi-4a
75,rpi-4a,rpi-4a,rpi-4a,rpi-8d
76,rpi-4a,rpi-4a,rpi-4a,rpi-4a
77,rpi-4a,rpi-4a,rpi-4a,rpi-4a
78,rpi-4a,rpi-4a,rpi-4a,rpi-4a
79,rpi-4a,rpi-4a,rpi-8d,rpi-4a
80,rpi-4a,rpi-4a,rpi-4a,rpi-4a
81,rpi-4a,rpi-4a,rpi-4a,rpi-4a
82,rpi-4a,rpi-4a,rpi-4a,rpi-4a
83,rpi-4a,rpi-4a,rpi-4a,rpi-4a
84,rpi-4a,rpi-4a,rpi-4a,rpi-8d
85,rpi-4a,rpi-8d,rpi-4a,rpi-4a
86,rpi-4a,rpi-4a,rpi-4a,rpi-4a
87,rpi-4a,rpi-4a,rpi-8c,rpi-4a
88,rpi-4a,rpi-4a,rpi-4a,rpi-4a
89,rpi-4a,rpi-8c,rpi-4a,rpi-4a
90,rpi-4a,rpi-4a,rpi-4a,rpi-4a
91,rpi-4a,rpi-4a,rpi-4a,rpi-4a
92,rpi-4a,rpi-4a,rpi-4a,rpi-4a
93,rpi-4a,rpi-4a,rpi-4a,rpi-4a
94,rpi-4a,rpi-4a,rpi-8c,rpi-8c
95,rpi-4a,rpi-4a,rpi-4a,rpi-4a
96,rpi-4a,rpi-4a,rpi-4a,rpi-4a
97,rpi-4a,rpi-4a,rpi-4a,rpi-4a
98,rpi-4a,rpi-4a,rpi-4a,rpi-4a
99,rpi-4a,rpi-4a,rpi-8d,rpi-8d
100,rpi-4a,rpi-4a,rpi-8d,rpi-4a
101,rpi-4a,rpi-4a,rpi-4a,rpi-4a
102,rpi-4a,rpi-8d,rpi-4a,rpi-4a
103,rpi-4a,rpi-4a,rpi-4a,rpi-4a
104,rpi-4a,rpi-4a,rpi-4a,rpi-4a
105,rpi-4a,rpi-4a,rpi-4a,rpi-4a
106,rpi-4a,rpi-4a,rpi-8c,rpi-4a
107,rpi-4a,rpi-8c,rpi-4a,rpi-4a
108,rpi-4a,rpi-4a,rpi-8c,rpi-4a
109,rpi-4a,rpi-4a,rpi-4a,rpi-4a
110,rpi-4a,rpi-8d,rpi-4a,rpi-8b
111,rpi-4a,rpi-8c,rpi-4a,rpi-4a
112,rpi-4a,rpi-4a,rpi-4a,rpi-4a
113,rpi-4a,rpi-4a,rpi-8c,rpi-4a
114,rpi-4a,rpi-4a,rpi-4a,rpi-4a
115,rpi-4a,rpi-4a,rpi-8d,rpi-4a
116,rpi-4a,rpi-4a,rpi-4a,rpi-8c
117,rpi-4a,rpi-4a,rpi-4a,rpi-4a
118,rpi-4a,rpi-8c,rpi-4a,rpi-4a
119,rpi-4a,rpi-4a,rpi-4a,rpi-4a
120,rpi-4a,rpi-4a,rpi-4a,rpi-4a
121,rpi-4a,rpi-4a,rpi-4a,rpi-4a
122,rpi-4a,rpi-4a,rpi-4a,rpi-4a
123,rpi-4a,rpi-8c,rpi-4a,rpi-4a
124,rpi-4a,rpi-8d,rpi-4a,rpi-4a
125,rpi-4a,rpi-4a,rpi-4a,rpi-4a
126,rpi-4a,rpi-4a,rpi-4a,rpi-4a
127,rpi-4a,rpi-4a,rpi-4a,rpi-4a
128,rpi-4a,rpi-4a,rpi-4a,rpi-4a
129,rpi-4a,rpi-4a,rpi-4a,rpi-4a
130,rpi-4a,rpi-4a,rpi-8d,rpi-4a
131,rpi-4a,rpi-4a,rpi-4a,rpi-4a
132,rpi-4a,rpi-4a,rpi-4a,rpi-8c
133,rpi-4a,rpi-4a,rpi-4a,rpi-4a
134,rpi-4a,rpi-4a,rpi-4a,rpi-4a
135,rpi-4a,rpi-4a,rpi-4a,rpi-4a
136,rpi-4a,rpi-4a,rpi-4a,rpi-4a
137,rpi-4a,rpi-4a,rpi-4a,rpi-4a
138,rpi-4a,rpi-4a,rpi-8c,rpi-4a
139,rpi-4a,rpi-4a,rpi-8c,rpi-4a
140,rpi-4a,rpi-4a,rpi-8c,rpi-4a
141,rpi-4a,rpi-8c,rpi-4a,rpi-4a
142,rpi-4a,rpi-4a,rpi-4a,rpi-4a
143,rpi-4a,rpi-4a,rpi-4a,rpi-4a
144,rpi-4a,rpi-4a,rpi-4a,rpi-4a
145,rpi-4a,rpi-4a,rpi-4a,rpi-4a
146,rpi-4a,rpi-4a,rpi-4a,rpi-4a
147,rpi-4a,rpi-4a,rpi-4a,rpi-4a
148,rpi-4a,rpi-4a,rpi-4a,rpi-4a
149,rpi-4a,rpi-4a,rpi-8d,rpi-8c
150,rpi-4a,rpi-4a,rpi-4a,rpi-4a
151,rpi-4a,rpi-4a,rpi-4a,rpi-4a
152,rpi-4a,rpi-4a,rpi-4a,rpi-4a
153,rpi-4a,rpi-4a,rpi-4a,rpi-4a
154,rpi-4a,rpi-4a,rpi-8d,rpi-4a
155,rpi-4a,rpi-4a,rpi-8d,rpi-8d
156,rpi-4a,rpi-4a,rpi-4a,rpi-8c
157,rpi-4a,rpi-4a,rpi-4a,rpi-4a
158,rpi-4a,rpi-4a,rpi-4a,rpi-8c
159,rpi-4a,rpi-4a,rpi-4a,rpi-4a
160,rpi-4a,rpi-4a,rpi-4a,rpi-8c
161,rpi-4a,rpi-4a,rpi-4a,rpi-4a
162,rpi-4a,rpi-4a,rpi-4a,rpi-4a
163,rpi-4a,rpi-8d,rpi-8c,rpi-4a
164,rpi-4a,rpi-8d,rpi-4a,rpi-4a
165,rpi-4a,rpi-4a,rpi-4a,rpi-4a
166,rpi-4a,rpi-4a,rpi-4a,rpi-4a
167,rpi-4a,rpi-4a,rpi-4a,rpi-4a
168,rpi-4a,rpi-4a,rpi-4a,rpi-4a
169,rpi-4a,rpi-4a,rpi-4a,rpi-4a
170,rpi-4a,rpi-4a,rpi-4a,rpi-4a
171,rpi-4a,rpi-8d,rpi-8c,rpi-8c
172,rpi-4a,rpi-4a,rpi-4a,rpi-4a
173,rpi-4a,rpi-4a,rpi-4a,rpi-8c
174,rpi-4a,rpi-4a,rpi-8d,rpi-8d
175,rpi-4a,rpi-4a,rpi-8d,rpi-4a
176,rpi-4a,rpi-4a,rpi-8d,rpi-4a
177,rpi-4a,rpi-4a,rpi-4a,rpi-4a
178,rpi-4a,rpi-4a,rpi-4a,rpi-4a
179,rpi-4a,rpi-8c,rpi-4a,rpi-4a
180,rpi-4a,rpi-4a,rpi-4a,rpi-4a
181,rpi-4a,rpi-4a,rpi-4a,rpi-4a
182,rpi-4a,rpi-4a,rpi-8d,rpi-4a
183,rpi-4a,rpi-4a,rpi-4a,rpi-4a
184,rpi-4a,rpi-4a,rpi-4a,rpi-8c
185,rpi-4a,rpi-4a,rpi-8b,rpi-4a
186,rpi-4a,rpi-4a,rpi-4a,rpi-4a
187,rpi-4a,rpi-4a,rpi-4a,rpi-4a
188,rpi-4a,rpi-4a,rpi-4a,rpi-4a
189,rpi-4a,rpi-4a,rpi-4a,rpi-4a
190,rpi-4a,rpi-4a,rpi-4a,rpi-4a
191,rpi-4a,rpi-4a,rpi-4a,rpi-4a
192,rpi-4a,rpi-4a,rpi-4a,rpi-4a
193,rpi-4a,rpi-4a,rpi-4a,rpi-4a
194,rpi-4a,rpi-4a,rpi-4a,rpi-4a
195,rpi-4a,rpi-4a,rpi-8d,rpi-4a
196,rpi-4a,rpi-4a,rpi-4a,rpi-4a
197,rpi-4a,rpi-4a,rpi-4a,rpi-4a
198,rpi-4a,rpi-4a,rpi-4a,rpi-4a
199,rpi-4a,rpi-4a,rpi-4a,rpi-4a
200,rpi-4a,rpi-4a,rpi-4a,rpi-4a
201,rpi-4a,rpi-4a,rpi-8d,rpi-4a
202,rpi-4a,rpi-8d,rpi-4a,rpi-8d
203,rpi-4a,rpi-4a,rpi-4a,rpi-4a
204,rpi-4a,rpi-4a,rpi-4a,rpi-4a
205,rpi-4a,rpi-4a,rpi-4a,rpi-4a
206,rpi-4a,rpi-4a,rpi-4a,rpi-4a
207,rpi-4a,rpi-4a,rpi-4a,rpi-4a
208,rpi-4a,rpi-8d,rpi-8d,rpi-4a
209,rpi-4a,rpi-4a,rpi-4a,rpi-4a
210,rpi-4a,rpi-4a,rpi-4a,rpi-4a
211,rpi-4a,rpi-4a,rpi-4a,rpi-4a
212,rpi-4a,rpi-4a,rpi-4a,rpi-4a
213,rpi-4a,rpi-4a,rpi-4a,rpi-4a
214,rpi-4a,rpi-4a,rpi-8b,rpi-4a
215,rpi-4a,rpi-4a,rpi-4a,rpi-4a
216,rpi-4a,rpi-4a,rpi-4a,rpi-4a
217,rpi-4a,rpi-4a,rpi-4a,rpi-4a
218,rpi-4a,rpi-4a,rpi-8c,rpi-4a
219,rpi-4a,rpi-4a,rpi-4a,rpi-4a
220,rpi-4a,rpi-4a,rpi-4a,rpi-8b
221,rpi-4a,rpi-4a,rpi-8c,rpi-4a
222,rpi-4a,rpi-4a,rpi-4a,rpi-4a
223,rpi-4a,rpi-4a,rpi-4a,rpi-4a
224,rpi-4a,rpi-4a,rpi-4a,rpi-4a
225,rpi-4a,rpi-4a,rpi-4a,rpi-4a
226,rpi-4a,rpi-4a,rpi-4a,rpi-4a
227,rpi-4a,rpi-4a,rpi-4a,rpi-4a
228,rpi-4a,rpi-4a,rpi-4a,rpi-8c
229,rpi-4a,rpi-4a,rpi-4a,rpi-8c
230,rpi-4a,rpi-4a,rpi-4a,rpi-8c
231,rpi-4a,rpi-4a,rpi-4a,rpi-4a
232,rpi-4a,rpi-4a,rpi-4a,rpi-4a
233,rpi-4a,rpi-4a,rpi-4a,rpi-4a
234,rpi-4a,rpi-4a,rpi-8d,rpi-8c
235,rpi-4a,rpi-4a,rpi-4a,rpi-4a
236,rpi-4a,rpi-8c,rpi-4a,rpi-4a
237,rpi-4a,rpi-4a,rpi-4a,rpi-4a
238,rpi-4a,rpi-4a,rpi-4a,rpi-4a
239,rpi-4a,rpi-4a,rpi-4a,rpi-4a
240,rpi-4a,rpi-4a,rpi-8d,rpi-4a
241,rpi-4a,rpi-8c,rpi-4a,rpi-4a
242,rpi-4a,rpi-4a,rpi-4a,rpi-4a
243,rpi-4a,rpi-8d,rpi-4a,rpi-4a
244,rpi-4a,rpi-4a,rpi-4a,rpi-4a
245,rpi-4a,rpi-4a,rpi-4a,rpi-4a
246,rpi-4a,rpi-8c,rpi-4a,rpi-4a
247,rpi-4a,rpi-4a,rpi-4a,rpi-4a
248,rpi-4a,rpi-4a,rpi-4a,rpi-4a
249,rpi-4a,rpi-4a,rpi-4a,rpi-4a
250,rpi-4a,rpi-4a,rpi-4a,rpi-4a
251,rpi-4a,rpi-4a,rpi-4a,rpi-4a
252,rpi-4a,rpi-4a,rpi-4a,rpi-4a
253,rpi-4a,rpi-8c,rpi-8c,rpi-4a
254,rpi-4a,rpi-8c,rpi-4a,rpi-4a
255,rpi-4a,rpi-4a,rpi-8b,rpi-4a
256,rpi-4a,rpi-4a,rpi-4a,rpi-4a
257,rpi-4a,rpi-4a,rpi-8b,rpi-4a
258,rpi-4a,rpi-4a,rpi-4a,rpi-4a
259,rpi-4a,rpi-4a,rpi-4a,rpi-4a
260,rpi-4a,rpi-4a,rpi-4a,rpi-4a
261,rpi-4a,rpi-4a,rpi-4a,rpi-4a
262,rpi-4a,rpi-4a,rpi-4a,rpi-4a
263,rpi-4a,rpi-8c,rpi-4a,rpi-4a
264,rpi-4a,rpi-4a,rpi-4a,rpi-4a
265,rpi-4a,rpi-4a,rpi-4a,rpi-4a
266,rpi-4a,rpi-4a,rpi-4a,rpi-4a
267,rpi-4a,rpi-8d,rpi-4a,rpi-4a
268,rpi-4a,rpi-4a,rpi-4a,rpi-4a
269,rpi-4a,rpi-4a,rpi-4a,rpi-8c
270,rpi-4a,rpi-8d,rpi-4a,rpi-8c
271,rpi-4a,rpi-4a,rpi-8c,rpi-8d
272,rpi-4a,rpi-4a,rpi-4a,rpi-4a
273,rpi-4a,rpi-4a,rpi-4a,rpi-4a
274,rpi-4a,rpi-4a,rpi-4a,rpi-8d
275,rpi-4a,rpi-4a,rpi-4a,rpi-4a
276,rpi-4a,rpi-4a,rpi-4a,rpi-4a
277,rpi-4a,rpi-8c,rpi-8d,rpi-4a
278,rpi-4a,rpi-4a,rpi-4a,rpi-4a
279,rpi-4a,rpi-4a,rpi-8c,rpi-4a
280,rpi-4a,rpi-4a,rpi-8c,rpi-4a
281,rpi-4a,rpi-8d,rpi-4a,rpi-4a
282,rpi-4a,rpi-4a,rpi-4a,rpi-4a
283,rpi-4a,rpi-4a,rpi-4a,rpi-4a
284,rpi-4a,rpi-4a,rpi-4a,rpi-4a
285,rpi-4a,rpi-4a,rpi-4a,rpi-4a
286,rpi-4a,rpi-4a,rpi-4a,rpi-4a
287,rpi-4a,rpi-4a,rpi-4a,rpi-4a
288,rpi-4a,rpi-4a,rpi-4a,rpi-4a
289,rpi-4a,rpi-4a,rpi-4a,rpi-4a
290,rpi-4a,rpi-4a,rpi-4a,rpi-4a
291,rpi-4a,rpi-8d,rpi-4a,rpi-8d
292,rpi-4a,rpi-4a,rpi-4a,rpi-4a
293,rpi-4a,rpi-4a,rpi-8c,rpi-4a
294,rpi-4a,rpi-4a,rpi-4a,rpi-4a
295,rpi-4a,rpi-4a,rpi-4a,rpi-4a
296,rpi-4a,rpi-4a,rpi-8c,rpi-4a
297,rpi-4a,rpi-4a,rpi-4a,rpi-4a
298,rpi-4a,rpi-4a,rpi-4a,rpi-4a
299,rpi-4a,rpi-4a,rpi-4a,rpi-4a
300,rpi-4a,rpi-4a,rpi-4a,rpi-4a
301,rpi-4a,rpi-4a,rpi-4a,rpi-8d
302,rpi-4a,rpi-4a,rpi-4a,rpi-4a
303,rpi-4a,rpi-4a,rpi-4a,rpi-4a
304,rpi-4a,rpi-4a,rpi-4a,rpi-4a
305,rpi-4a,rpi-4a,rpi-4a,rpi-4a
306,rpi-4a,rpi-4a,rpi-4a,rpi-4a
307,rpi-4a,rpi-4a,rpi-4a,rpi-4a
308,rpi-4a,rpi-4a,rpi-8d,rpi-4a
309,rpi-4a,rpi-4a,rpi-4a,rpi-4a
310,rpi-4a,rpi-4a,rpi-4a,rpi-4a
311,rpi-4a,rpi-4a,rpi-4a,rpi-4a
312,rpi-4a,rpi-4a,rpi-4a,rpi-4a
313,rpi-4a,rpi-4a,rpi-4a,rpi-4a
314,rpi-4a,rpi-4a,rpi-4a,rpi-4a
315,rpi-4a,rpi-4a,rpi-4a,rpi-4a
316,rpi-4a,rpi-4a,rpi-4a,rpi-4a
317,rpi-4a,rpi-4a,rpi-4a,rpi-4a
318,rpi-4a,rpi-4a,rpi-4a,rpi-4a
319,rpi-4a,rpi-4a,rpi-4a,rpi-4a
320,rpi-4a,rpi-4a,rpi-4a,rpi-8d
321,rpi-4a,rpi-4a,rpi-4a,rpi-4a
322,rpi-4a,rpi-4a,rpi-4a,rpi-8d
323,rpi-4a,rpi-4a,rpi-4a,rpi-8c
324,rpi-4a,rpi-4a,rpi-8d,rpi-4a
325,rpi-4a,rpi-4a,rpi-4a,rpi-4a
326,rpi-4a,rpi-4a,rpi-4a,rpi-4a
327,rpi-4a,rpi-4a,rpi-4a,rpi-4a
328,rpi-4a,rpi-4a,rpi-4a,rpi-4a
329,rpi-4a,rpi-4a,rpi-4a,rpi-4a
330,rpi-4a,rpi-4a,rpi-4a,rpi-4a
331,rpi-4a,rpi-4a,rpi-4a,rpi-4a
332,rpi-4a,rpi-4a,rpi-4a,rpi-4a
333,rpi-4a,rpi-4a,rpi-8c,rpi-4a
334,rpi-4a,rpi-4a,rpi-4a,rpi-4a
335,rpi-4a,rpi-4a,rpi-4a,rpi-4a
336,rpi-4a,rpi-4a,rpi-4a,rpi-4a
337,rpi-4a,rpi-4a,rpi-4a,rpi-4a
338,rpi-4a,rpi-4a,rpi-4a,rpi-4a
339,rpi-4a,rpi-4a,rpi-4a,rpi-4a
340,rpi-4a,rpi-8d,rpi-4a,rpi-8d
341,rpi-4a,rpi-4a,rpi-4a,rpi-4a
342,rpi-4a,rpi-4a,rpi-4a,rpi-8c
343,rpi-4a,rpi-4a,rpi-8d,rpi-4a
344,rpi-4a,rpi-4a,rpi-8c,rpi-4a
345,rpi-4a,rpi-4a,rpi-4a,rpi-4a
346,rpi-4a,rpi-4a,rpi-4a,rpi-8b
347,rpi-4a,rpi-4a,rpi-4a,rpi-4a
348,rpi-4a,rpi-4a,rpi-4a,rpi-4a
349,rpi-4a,rpi-4a,rpi-4a,rpi-4a
350,rpi-4a,rpi-8c,rpi-8c,rpi-4a
351,rpi-4a,rpi-4a,rpi-4a,rpi-4a
352,rpi-4a,rpi-4a,rpi-4a,rpi-4a
353,rpi-4a,rpi-4a,rpi-4a,rpi-4a
354,rpi-4a,rpi-4a,rpi-8d,rpi-4a
355,rpi-4a,rpi-4a,rpi-8c,rpi-4a
356,rpi-4a,rpi-4a,rpi-8c,rpi-4a
357,rpi-4a,rpi-4a,rpi-4a,rpi-4a
358,rpi-4a,rpi-4a,rpi-4a,rpi-4a
359,rpi-4a,rpi-4a,rpi-4a,rpi-4a
360,rpi-4a,rpi-4a,rpi-4a,rpi-4a
361,rpi-4a,rpi-4a,rpi-4a,rpi-4a
362,rpi-4a,rpi-4a,rpi-4a,rpi-4a
363,rpi-4a,rpi-4a,rpi-4a,rpi-4a
364,rpi-4a,rpi-4a,rpi-4a,rpi-4a
365,rpi-4a,rpi-4a,rpi-4a,rpi-4a
366,rpi-4a,rpi-4a,rpi-4a,rpi-8c
367,rpi-4a,rpi-4a,rpi-4a,rpi-4a
368,rpi-4a,rpi-4a,rpi-4a,rpi-4a
369,rpi-4a,rpi-4a,rpi-4a,rpi-4a
370,rpi-4a,rpi-4a,rpi-4a,rpi-4a
371,rpi-4a,rpi-4a,rpi-4a,rpi-4a
372,rpi-4a,rpi-4a,rpi-4a,rpi-8c
373,rpi-4a,rpi-4a,rpi-4a,rpi-8c
374,rpi-4a,rpi-4a,rpi-4a,rpi-4a
375,rpi-4a,rpi-4a,rpi-4a,rpi-4a
376,rpi-4a,rpi-4a,rpi-4a,rpi-4a
377,rpi-4a,rpi-4a,rpi-4a,rpi-4a
378,rpi-4a,rpi-4a,rpi-4a,rpi-4a
379,rpi-4a,rpi-4a,rpi-4a,rpi-8d
380,rpi-4a,rpi-4a,rpi-4a,rpi-4a
381,rpi-4a,rpi-4a,rpi-4a,rpi-4a
382,rpi-4a,rpi-8d,rpi-8c,rpi-4a
383,rpi-4a,rpi-4a,rpi-4a,rpi-4a
384,rpi-4a,rpi-4a,rpi-4a,rpi-8d
385,rpi-4a,rpi-8d,rpi-4a,rpi-4a
386,rpi-4a,rpi-4a,rpi-8c,rpi-4a
387,rpi-4a,rpi-4a,rpi-8c,rpi-4a
388,rpi-4a,rpi-4a,rpi-4a,rpi-4a
389,rpi-4a,rpi-4a,rpi-4a,rpi-4a
390,rpi-4a,rpi-4a,rpi-8c,rpi-4a
391,rpi-4a,rpi-4a,rpi-4a,rpi-4a
392,rpi-4a,rpi-4a,rpi-4a,rpi-4a
393,rpi-4a,rpi-4a,rpi-4a,rpi-4a
394,rpi-4a,rpi-4a,rpi-4a,rpi-4a
395,rpi-4a,rpi-4a,rpi-4a,rpi-4a
396,rpi-4a,rpi-4a,rpi-4a,rpi-4a
397,rpi-8a,rpi-8a,rpi-8a,rpi-8a
398,rpi-8a,rpi-8a,rpi-8c,rpi-8a
399,rpi-8a,rpi-8a,rpi-8a,rpi-8a
400,rpi-8a,rpi-8a,rpi-8a,rpi-8a
401,rpi-8a,rpi-8a,rpi-8a,rpi-8a
402,rpi-8a,rpi-8a,rpi-8a,rpi-8a
403,rpi-8a,rpi-8a,rpi-8a,rpi-8b
404,rpi-8a,rpi-8a,rpi-8a,rpi-8a
405,rpi-8a,rpi-8b,rpi-8a,rpi-8a
406,rpi-8a,rpi-8a,rpi-8b,rpi-8a
407,rpi-8a,rpi-8a,rpi-8a,rpi-8a
408,rpi-8a,rpi-8a,rpi-8a,rpi-8a
409,rpi-8a,rpi-8a,rpi-8a,rpi-8a
410,rpi-8a,rpi-8a,rpi-8a,rpi-8b
411,rpi-8a,rpi-8a,rpi-8a,rpi-8b
412,rpi-8a,rpi-8a,rpi-8a,rpi-8a
413,rpi-8a,rpi-8a,rpi-8a,rpi-8a
414,rpi-8a,rpi-8a,rpi-8a,rpi-8a
415,rpi-8a,rpi-8a,rpi-8a,rpi-8a
416,rpi-8a,rpi-8a,rpi-8a,rpi-8a
417,rpi-8a,rpi-8a,rpi-8a,rpi-8a
418,rpi-8a,rpi-8a,rpi-8a,rpi-8a
419,rpi-8a,rpi-8b,rpi-8a,rpi-8b
420,rpi-8a,rpi-8a,rpi-8a,rpi-8a
421,rpi-8a,rpi-8b,rpi-8a,rpi-8a
422,rpi-8a,rpi-8a,rpi-8a,rpi-8a
423,rpi-8a,rpi-8a,rpi-8a,rpi-8a
424,rpi-8a,rpi-8a,rpi-8a,rpi-8a
425,rpi-8a,rpi-8a,rpi-8a,rpi-8a
426,rpi-8a,rpi-8b,rpi-8a,rpi-8a
427,rpi-8a,rpi-8a,rpi-8a,rpi-8b
428,rpi-8a,rpi-8a,rpi-8a,rpi-8a
429,rpi-8a,rpi-8b,rpi-8b,rpi-8a
430,rpi-8a,rpi-8a,rpi-8a,rpi-8a
431,rpi-8a,rpi-8a,rpi-8a,rpi-8a
432,rpi-8a,rpi-8a,rpi-8a,rpi-8a
433,rpi-8a,rpi-8a,rpi-8a,rpi-8a
434,rpi-8a,rpi-8a,rpi-8a,rpi-8a
435,rpi-8a,rpi-8a,rpi-8a,rpi-8a
436,rpi-8a,rpi-8a,rpi-8a,rpi-8b
437,rpi-8a,rpi-8a,rpi-8a,rpi-8a
438,rpi-8a,rpi-8a,rpi-8a,rpi-8a
439,rpi-8a,rpi-8a,rpi-8c,rpi-8a
440,rpi-8a,rpi-8a,rpi-8a,rpi-8a
441,rpi-8a,rpi-8a,rpi-8b,rpi-8a
442,rpi-8a,rpi-8a,rpi-8a,rpi-8a
443,rpi-8a,rpi-8a,rpi-8a,rpi-8a
444,rpi-8a,rpi-8b,rpi-8a,rpi-8a
445,rpi-8a,rpi-8a,rpi-8a,rpi-8a
446,rpi-8a,rpi-8a,rpi-8a,rpi-8a
447,rpi-8a,rpi-8a,rpi-8a,rpi-8a
448,rpi-8a,rpi-8a,rpi-8a,rpi-8a
449,rpi-8a,rpi-8a,rpi-8a,rpi-8a
450,rpi-8a,rpi-8a,rpi-8a,rpi-8a
451,rpi-8a,rpi-8a,rpi-8a,rpi-8a
452,rpi-8a,rpi-8a,rpi-8a,rpi-8a
453,rpi-8a,rpi-8a,rpi-8a,rpi-8a
454,rpi-8a,rpi-8a,rpi-8a,rpi-8b
455,rpi-8a,rpi-8a,rpi-8b,rpi-8a
456,rpi-8a,rpi-8a,rpi-8a,rpi-8a
457,rpi-8a,rpi-8a,rpi-8a,rpi-8a
458,rpi-8a,rpi-8a,rpi-8a,rpi-8a
459,rpi-8a,rpi-8a,rpi-8a,rpi-8a
460,rpi-8a,rpi-8a,rpi-8a,rpi-8a
461,rpi-8a,rpi-8a,rpi-8a,rpi-8a
462,rpi-8a,rpi-8a,rpi-8a,rpi-8a
463,rpi-8a,rpi-8a,rpi-8a,rpi-8a
464,rpi-8a,rpi-8a,rpi-8a,rpi-8a
465,rpi-8a,rpi-8a,rpi-8a,rpi-8a
466,rpi-8a,rpi-8a,rpi-8a,rpi-8a
467,rpi-8a,rpi-8a,rpi-8a,rpi-8a
468,rpi-8a,rpi-8a,rpi-8b,rpi-8a
469,rpi-8a,rpi-8a,rpi-8a,rpi-8a
470,rpi-8a,rpi-8a,rpi-8a,rpi-8b
471,rpi-8a,rpi-8a,rpi-8a,rpi-8a
472,rpi-8a,rpi-8a,rpi-8a,rpi-8b
473,rpi-8a,rpi-8a,rpi-8a,rpi-8a
474,rpi-8a,rpi-8a,rpi-8a,rpi-8a
475,rpi-8a,rpi-8a,rpi-8a,rpi-8a
476,rpi-8a,rpi-8a,rpi-8a,rpi-8a
477,rpi-8a,rpi-8a,rpi-8a,rpi-8a
478,rpi-8a,rpi-8a,rpi-8a,rpi-8a
479,rpi-8a,rpi-8a,rpi-8a,rpi-8a
480,rpi-8a,rpi-8a,rpi-8a,rpi-8a
481,rpi-8a,rpi-8a,rpi-8a,rpi-8a
482,rpi-8a,rpi-8a,rpi-8a,rpi-8a
483,rpi-8a,rpi-8a,rpi-8a,rpi-8a
484,rpi-8a,rpi-8a,rpi-8a,rpi-8a
485,rpi-8a,rpi-8a,rpi-8a,rpi-8a
486,rpi-8a,rpi-8a,rpi-8a,rpi-8b
487,rpi-8a,rpi-8a,rpi-8a,rpi-8a
488,rpi-8a,rpi-8a,rpi-8a,rpi-8a
489,rpi-8a,rpi-8a,rpi-8a,rpi-8a
490,rpi-8a,rpi-8b,rpi-8a,rpi-8a
491,rpi-8a,rpi-8a,rpi-8a,rpi-8a
492,rpi-8a,rpi-8a,rpi-8a,rpi-8a
493,rpi-8a,rpi-8a,rpi-8a,rpi-8a
494,rpi-8a,rpi-8a,rpi-8a,rpi-8a
495,rpi-8a,rpi-8a,rpi-8a,rpi-8a
496,rpi-8a,rpi-8a,rpi-8b,rpi-8a
497,rpi-8a,rpi-8a,rpi-8a,rpi-8a
498,rpi-8a,rpi-8a,rpi-8a,rpi-8a
499,rpi-8a,rpi-8a,rpi-8a,rpi-8a
500,rpi-8a,rpi-8a,rpi-8a,rpi-8a
501,rpi-8a,rpi-8a,rpi-8a,rpi-8a
502,rpi-8a,rpi-8a,rpi-8a,rpi-8a
503,rpi-8a,rpi-8a,rpi-8a,rpi-8b
504,rpi-8a,rpi-8a,rpi-8a,rpi-8a
505,rpi-8a,rpi-8a,rpi-8a,rpi-8a
506,rpi-8a,rpi-8a,rpi-8a,rpi-8a
507,rpi-8a,rpi-8b,rpi-8a,rpi-8a
508,rpi-8a,rpi-8a,rpi-8a,rpi-8a
509,rpi-8a,rpi-8a,rpi-8a,rpi-8a
510,rpi-8a,rpi-8a,rpi-8a,rpi-8a
511,rpi-8a,rpi-8a,rpi-8a,rpi-8a
512,rpi-8a,rpi-8a,rpi-8a,rpi-8b
513,rpi-8a,rpi-8b,rpi-8a,rpi-8a
514,rpi-8a,rpi-8a,rpi-8a,rpi-8a
515,rpi-8a,rpi-8a,rpi-8a,rpi-8a
516,rpi-8a,rpi-8a,rpi-8a,rpi-8a
517,rpi-8a,rpi-8a,rpi-8b,rpi-8a
518,rpi-8a,rpi-8a,rpi-8a,rpi-8a
519,rpi-8a,rpi-8a,rpi-8a,rpi-8a
520,rpi-8a,rpi-8a,rpi-8a,rpi-8a
521,rpi-8a,rpi-8a,rpi-8a,rpi-8a
522,rpi-8a,rpi-8a,rpi-8a,rpi-8a
523,rpi-8a,rpi-8a,rpi-8a,rpi-8a
524,rpi-8a,rpi-8a,rpi-8a,rpi-8a
525,rpi-8a,rpi-8a,rpi-8a,rpi-8a
526,rpi-8a,rpi-8a,rpi-8a,rpi-8a
527,rpi-8a,rpi-8a,rpi-8a,rpi-8a
528,rpi-8a,rpi-8a,rpi-8a,rpi-8a
529,rpi-8a,rpi-8a,rpi-8a,rpi-8a
530,rpi-8a,rpi-8a,rpi-8a,rpi-8b
531,rpi-8a,rpi-8a,rpi-8a,rpi-8a
532,rpi-8a,rpi-8a,rpi-8a,rpi-8a
533,rpi-8a,rpi-8a,rpi-8a,rpi-8a
534,rpi-8a,rpi-8a,rpi-8a,rpi-8a
535,rpi-8a,rpi-8a,rpi-8a,rpi-8a
536,rpi-8a,rpi-8a,rpi-8a,rpi-8a
537,rpi-8a,rpi-8a,rpi-8a,rpi-8a
538,rpi-8a,rpi-8a,rpi-8a,rpi-8a
539,rpi-8a,rpi-8a,rpi-8a,rpi-8a
540,rpi-8a,rpi-8a,rpi-8a,rpi-8a
541,rpi-8a,rpi-8a,rpi-8a,rpi-8a
542,rpi-8a,rpi-8a,rpi-8b,rpi-8b
543,rpi-8a,rpi-8a,rpi-8a,rpi-8a
544,rpi-8a,rpi-8a,rpi-8a,rpi-8b
545,rpi-8a,rpi-8a,rpi-8a,rpi-8a
546,rpi-8a,rpi-8a,rpi-8a,rpi-8a
547,rpi-8a,rpi-8a,rpi-8a,rpi-8a
548,rpi-8a,rpi-8a,rpi-8a,rpi-8a
549,rpi-8a,rpi-8b,rpi-8a,rpi-8a
550,rpi-8a,rpi-8a,rpi-8a,rpi-8a
551,rpi-8a,rpi-8a,rpi-8a,rpi-8a
552,rpi-8a,rpi-8a,rpi-8a,rpi-8a
553,rpi-8a,rpi-8a,rpi-8a,rpi-8a
554,rpi-8a,rpi-8a,rpi-8a,rpi-8a
555,rpi-8a,rpi-8a,rpi-8a,rpi-8a
556,rpi-8a,rpi-8a,rpi-8a,rpi-8a
557,rpi-8a,rpi-8a,rpi-8a,rpi-8a
558,rpi-8a,rpi-8a,rpi-8b,rpi-8a
559,rpi-8a,rpi-8a,rpi-8b,rpi-8a
560,rpi-8a,rpi-8a,rpi-8a,rpi-8a
561,rpi-8a,rpi-8a,rpi-8a,rpi-8a
562,rpi-8a,rpi-8a,rpi-8a,rpi-8a
563,rpi-8a,rpi-8a,rpi-8a,rpi-8a
564,rpi-8a,rpi-8a,rpi-8a,rpi-8a
565,rpi-8a,rpi-8a,rpi-8a,rpi-8a
566,rpi-8a,rpi-8b,rpi-8a,rpi-8a
567,rpi-8a,rpi-8a,rpi-8a,rpi-8a
568,rpi-8a,rpi-8a,rpi-8a,rpi-8a
569,rpi-8a,rpi-8a,rpi-8a,rpi-8b
570,rpi-8a,rpi-8a,rpi-8a,rpi-8a
571,rpi-8a,rpi-8a,rpi-8a,rpi-8a
572,rpi-8a,rpi-8a,rpi-8b,rpi-8a
573,rpi-8a,rpi-8a,rpi-8a,rpi-8a
574,rpi-8a,rpi-8a,rpi-8a,rpi-8a
575,rpi-8a,rpi-8a,rpi-8a,rpi-8a
576,rpi-8a,rpi-8a,rpi-8a,rpi-8a
577,rpi-8a,rpi-8a,rpi-8b,rpi-8a
578,rpi-8a,rpi-8a,rpi-8a,rpi-8a
579,rpi-8a,rpi-8a,rpi-8a,rpi-8a
580,rpi-8a,rpi-8a,rpi-8a,rpi-8a
581,rpi-8a,rpi-8a,rpi-8a,rpi-8a
582,rpi-8a,rpi-8c,rpi-8a,rpi-8a
583,rpi-8a,rpi-8a,rpi-8a,rpi-8a
584,rpi-8a,rpi-8a,rpi-8a,rpi-8a
585,rpi-8a,rpi-8a,rpi-8a,rpi-8a
586,rpi-8a,rpi-8a,rpi-8a,rpi-8a
587,rpi-8a,rpi-8a,rpi-8a,rpi-8a
588,rpi-8a,rpi-8a,rpi-8b,rpi-8a
589,rpi-8a,rpi-8a,rpi-8b,rpi-8a
590,rpi-8a,rpi-8a,rpi-8a,rpi-8a
591,rpi-8a,rpi-8a,rpi-8a,rpi-8a
592,rpi-8a,rpi-8a,rpi-8a,rpi-8a
593,rpi-8a,rpi-8a,rpi-8a,rpi-8a
594,rpi-8a,rpi-8a,rpi-8a,rpi-8b
595,rpi-8a,rpi-8a,rpi-8a,rpi-8a
596,rpi-8a,rpi-8a,rpi-8a,rpi-8b
597,rpi-8a,rpi-8a,rpi-8a,rpi-8a
598,rpi-8a,rpi-8a,rpi-8a,rpi-8a
599,rpi-8a,rpi-8a,rpi-8a,rpi-8a
600,rpi-8a,rpi-8b,rpi-8a,rpi-8a
601,rpi-8a,rpi-8a,rpi-8a,rpi-8a
602,rpi-8a,rpi-8a,rpi-8a,rpi-8a
603,rpi-8a,rpi-8a,rpi-8a,rpi-8a
604,rpi-8a,rpi-8a,rpi-8a,rpi-8a
605,rpi-8a,rpi-8a,rpi-8a,rpi-8a
606,rpi-8a,rpi-8a,rpi-8a,rpi-8a
607,rpi-8a,rpi-8a,rpi-8a,rpi-8a
608,rpi-8a,rpi-8b,rpi-8a,rpi-8a
609,rpi-8a,rpi-8a,rpi-8a,rpi-8a
610,rpi-8a,rpi-8a,rpi-8a,rpi-8b
611,rpi-8a,rpi-8a,rpi-8a,rpi-8a
612,rpi-8a,rpi-8a,rpi-8b,rpi-8a
613,rpi-8a,rpi-8a,rpi-8a,rpi-8b
614,rpi-8a,rpi-8a,rpi-8a,rpi-8a
615,rpi-8a,rpi-8a,rpi-8a,rpi-8a
616,rpi-8a,rpi-8a,rpi-8a,rpi-8a
617,rpi-8a,rpi-8a,rpi-8a,rpi-8a
618,rpi-8a,rpi-8a,rpi-8a,rpi-8a
619,rpi-8a,rpi-8a,rpi-8b,rpi-8a
620,rpi-8a,rpi-8a,rpi-8a,rpi-8a
621,rpi-8a,rpi-8a,rpi-8a,rpi-8a
622,rpi-8a,rpi-8a,rpi-8a,rpi-8a
623,rpi-8a,rpi-8a,rpi-8a,rpi-8a
624,rpi-8a,rpi-8a,rpi-8a,rpi-8a
625,rpi-8a,rpi-8a,rpi-8a,rpi-8a
626,rpi-8a,rpi-8a,rpi-8a,rpi-8a
627,rpi-8a,rpi-8a,rpi-8a,rpi-8a
628,rpi-8a,rpi-8a,rpi-8a,rpi-8a
629,rpi-8a,rpi-8a,rpi-8a,rpi-8a
630,rpi-8a,rpi-8a,rpi-8a,rpi-8a
631,rpi-8a,rpi-8b,rpi-8a,rpi-8a
632,rpi-8a,rpi-8a,rpi-8b,rpi-8a
633,rpi-8a,rpi-8a,rpi-8a,rpi-8a
634,rpi-8a,rpi-8b,rpi-8a,rpi-8a
635,rpi-8a,rpi-8b,rpi-8a,rpi-8a
636,rpi-8a,rpi-8a,rpi-8a,rpi-8a
637,rpi-8a,rpi-8a,rpi-8a,rpi-8a
638,rpi-8a,rpi-8a,rpi-8a,rpi-8a
639,rpi-8a,rpi-8a,rpi-8a,rpi-8a
640,rpi-8a,rpi-8a,rpi-8a,rpi-8a
641,rpi-8a,rpi-8a,rpi-8a,rpi-8a
642,rpi-8a,rpi-8a,rpi-8a,rpi-8a
643,rpi-8a,rpi-8a,rpi-8a,rpi-8a
644,rpi-8a,rpi-8a,rpi-8a,rpi-8a
645,rpi-8a,rpi-8a,rpi-8a,rpi-8a
646,rpi-8a,rpi-8a,rpi-8a,rpi-8b
647,rpi-8a,rpi-8a,rpi-8a,rpi-8a
648,rpi-8a,rpi-8a,rpi-8a,rpi-8a
649,rpi-8a,rpi-8b,rpi-8a,rpi-8a
650,rpi-8a,rpi-8a,rpi-8a,rpi-8a
651,rpi-8a,rpi-8a,rpi-8a,rpi-8a
652,rpi-8a,rpi-8b,rpi-8b,rpi-8a
653,rpi-8a,rpi-8a,rpi-8a,rpi-8a
654,rpi-8a,rpi-8a,rpi-8a,rpi-8a
655,rpi-8a,rpi-8a,rpi-8a,rpi-8b
656,rpi-8a,rpi-8a,rpi-8a,rpi-8a
657,rpi-8a,rpi-8a,rpi-8a,rpi-8b
658,rpi-8a,rpi-8a,rpi-8a,rpi-8a
659,rpi-8a,rpi-8a,rpi-8a,rpi-8b
660,rpi-8a,rpi-8a,rpi-8a,rpi-8a
661,rpi-8a,rpi-8a,rpi-8a,rpi-8a
662,rpi-8a,rpi-8a,rpi-8a,rpi-8a
663,rpi-8a,rpi-8a,rpi-8a,rpi-8a
664,rpi-8a,rpi-8a,rpi-8a,rpi-8a
665,rpi-8a,rpi-8a,rpi-8a,rpi-8a
666,rpi-8a,rpi-8a,rpi-8a,rpi-8a
667,rpi-8a,rpi-8a,rpi-8a,rpi-8a
668,rpi-8a,rpi-8a,rpi-8a,rpi-8a
669,rpi-8a,rpi-8a,rpi-8a,rpi-8a
670,rpi-8a,rpi-8a,rpi-8a,rpi-8b
671,rpi-8a,rpi-8a,rpi-8a,rpi-8a
672,rpi-8a,rpi-8a,rpi-8a,rpi-8a
673,rpi-8a,rpi-8a,rpi-8a,rpi-8a
674,rpi-8a,rpi-8a,rpi-8a,rpi-8a
675,rpi-8a,rpi-8a,rpi-8a,rpi-8a
676,rpi-8a,rpi-8a,rpi-8a,rpi-4a
677,rpi-8a,rpi-8a,rpi-8a,rpi-8a
678,rpi-8a,rpi-8a,rpi-8a,rpi-8a
679,rpi-8a,rpi-8b,rpi-8a,rpi-8b
680,rpi-8a,rpi-8a,rpi-8a,rpi-8a
681,rpi-8a,rpi-8a,rpi-8b,rpi-8a
682,rpi-8a,rpi-8a,rpi-8a,rpi-8a
683,rpi-8a,rpi-8a,rpi-8a,rpi-8a
684,rpi-8a,rpi-8a,rpi-8a,rpi-8a
685,rpi-8a,rpi-8a,rpi-8a,rpi-8a
686,rpi-8a,rpi-8a,rpi-8a,rpi-8a
687,rpi-8a,rpi-8a,rpi-8a,rpi-8a
688,rpi-8a,rpi-8a,rpi-8a,rpi-8a
689,rpi-8a,rpi-8a,rpi-8a,rpi-8a
690,rpi-8a,rpi-8a,rpi-8a,rpi-8a
691,rpi-8a,rpi-8a,rpi-8a,rpi-8a
692,rpi-8a,rpi-8b,rpi-8a,rpi-8a
693,rpi-8a,rpi-8a,rpi-8d,rpi-8a
694,rpi-8a,rpi-8a,rpi-8a,rpi-8a
695,rpi-8a,rpi-8a,rpi-8a,rpi-8a
696,rpi-8a,rpi-8b,rpi-8a,rpi-8a
697,rpi-8a,rpi-8a,rpi-8a,rpi-8b
698,rpi-8a,rpi-8a,rpi-8a,rpi-8a
699,rpi-8a,rpi-8a,rpi-8a,rpi-8a
700,rpi-8a,rpi-8a,rpi-8a,rpi-8a
701,rpi-8a,rpi-8a,rpi-8a,rpi-8a
702,rpi-8a,rpi-8a,rpi-8a,rpi-8a
703,rpi-8a,rpi-8a,rpi-8b,rpi-8a
704,rpi-8a,rpi-8a,rpi-8b,rpi-8a
705,rpi-8a,rpi-8a,rpi-8a,rpi-8a
706,rpi-8a,rpi-8a,rpi-8a,rpi-8a
707,rpi-8a,rpi-8a,rpi-8a,rpi-8a
708,rpi-8a,rpi-8a,rpi-8a,rpi-8a
709,rpi-8a,rpi-8a,rpi-8a,rpi-8a
710,rpi-8a,rpi-8a,rpi-8a,rpi-8a
711,rpi-8a,rpi-8a,rpi-8a,rpi-8a
712,rpi-8a,rpi-8a,rpi-8a,rpi-8a
713,rpi-8a,rpi-8a,rpi-8a,rpi-8a
714,rpi-8a,rpi-8a,rpi-8a,rpi-8a
715,rpi-8a,rpi-8a,rpi-8a,rpi-8a
716,rpi-8a,rpi-8b,rpi-8a,rpi-8a
717,rpi-8a,rpi-8c,rpi-8a,rpi-8a
718,rpi-8a,rpi-8a,rpi-8a,rpi-8a
719,rpi-8a,rpi-8a,rpi-8a,rpi-8a
720,rpi-8a,rpi-8a,rpi-8a,rpi-8a
721,rpi-8a,rpi-8a,rpi-8a,rpi-8a
722,rpi-8a,rpi-8a,rpi-8a,rpi-8a
723,rpi-8a,rpi-8a,rpi-8a,rpi-8a
724,rpi-8a,rpi-8a,rpi-8a,rpi-8a
725,rpi-8a,rpi-8b,rpi-8a,rpi-8a
726,rpi-8a,rpi-8a,rpi-8a,rpi-8a
727,rpi-8a,rpi-8b,rpi-8a,rpi-8a
728,rpi-8a,rpi-8b,rpi-8a,rpi-8a
729,rpi-8a,rpi-8a,rpi-8a,rpi-8a
730,rpi-8a,rpi-8a,rpi-8a,rpi-8a
731,rpi-8a,rpi-8a,rpi-8a,rpi-8a
732,rpi-8a,rpi-8a,rpi-8a,rpi-8a
733,rpi-8a,rpi-8a,rpi-8a,rpi-8a
734,rpi-8a,rpi-8a,rpi-8a,rpi-8a
735,rpi-8a,rpi-8b,rpi-8a,rpi-8a
736,rpi-8a,rpi-8a,rpi-8a,rpi-8a
737,rpi-8a,rpi-8a,rpi-8a,rpi-8a
738,rpi-8a,rpi-8a,rpi-8a,rpi-8a
739,rpi-8a,rpi-8a,rpi-8a,rpi-8a
740,rpi-8a,rpi-8a,rpi-8a,rpi-8a
741,rpi-8a,rpi-8a,rpi-8a,rpi-8a
742,rpi-8a,rpi-8a,rpi-8a,rpi-8a
743,rpi-8a,rpi-8a,rpi-8a,rpi-8a
744,rpi-8a,rpi-8a,rpi-8a,rpi-8a
745,rpi-8a,rpi-8a,rpi-8a,rpi-8a
746,rpi-8a,rpi-8a,rpi-8a,rpi-8b
747,rpi-8a,rpi-8a,rpi-8a,rpi-8a
748,rpi-8a,rpi-8a,rpi-8a,rpi-8a
749,rpi-8a,rpi-8a,rpi-8b,rpi-8a
750,rpi-8a,rpi-8a,rpi-8b,rpi-8b
751,rpi-8a,rpi-8a,rpi-8a,rpi-8a
752,rpi-8a,rpi-8a,rpi-8a,rpi-8a
753,rpi-8a,rpi-8a,rpi-8a,rpi-8a
754,rpi-8a,rpi-8a,rpi-8a,rpi-8a
755,rpi-8a,rpi-8a,rpi-8a,rpi-8a
756,rpi-8a,rpi-8a,rpi-8a,rpi-8a
757,rpi-8a,rpi-8a,rpi-8a,rpi-8a
758,rpi-8a,rpi-8a,rpi-8a,rpi-8a
759,rpi-8a,rpi-8a,rpi-8a,rpi-8a
760,rpi-8a,rpi-8a,rpi-8a,rpi-8a
761,rpi-8a,rpi-8a,rpi-8a,rpi-8a
762,rpi-8a,rpi-8a,rpi-8a,rpi-8a
763,rpi-8a,rpi-8a,rpi-8a,rpi-4a
764,rpi-8a,rpi-8a,rpi-8a,rpi-8a
765,rpi-8a,rpi-8b,rpi-8a,rpi-8a
766,rpi-8a,rpi-8a,rpi-8a,rpi-8a
767,rpi-8a,rpi-8a,rpi-8a,rpi-8a
768,rpi-8a,rpi-8a,rpi-8a,rpi-8a
769,rpi-8a,rpi-8a,rpi-8a,rpi-8a
770,rpi-8a,rpi-8a,rpi-8a,rpi-8a
771,rpi-8a,rpi-8a,rpi-8b,rpi-8a
772,rpi-8a,rpi-8a,rpi-8a,rpi-8a
773,rpi-8a,rpi-8a,rpi-8a,rpi-8b
774,rpi-8a,rpi-8a,rpi-8b,rpi-8a
775,rpi-8a,rpi-8a,rpi-8a,rpi-8a
776,rpi-8a,rpi-8a,rpi-8a,rpi-8a
777,rpi-8a,rpi-8a,rpi-8a,rpi-8b
778,rpi-8a,rpi-8a,rpi-8a,rpi-8a
779,rpi-8a,rpi-8a,rpi-8a,rpi-8a
780,rpi-8a,rpi-8a,rpi-8a,rpi-8a
781,rpi-8a,rpi-8a,rpi-8a,rpi-8a
782,rpi-8a,rpi-8a,rpi-8a,rpi-8a
783,rpi-8a,rpi-8a,rpi-8a,rpi-8a
784,rpi-8a,rpi-8a,rpi-8a,rpi-8a
785,rpi-8a,rpi-8a,rpi-8b,rpi-8a
786,rpi-8a,rpi-8a,rpi-8a,rpi-8b
787,rpi-8a,rpi-8a,rpi-8a,rpi-8b
788,rpi-8a,rpi-8a,rpi-8a,rpi-8a
789,rpi-8a,rpi-8a,rpi-8a,rpi-8a
790,rpi-8a,rpi-8a,rpi-8a,rpi-8a
791,rpi-8a,rpi-8b,rpi-8b,rpi-8a
792,rpi-8a,rpi-8a,rpi-8a,rpi-8b
793,rpi-8a,rpi-8a,rpi-8a,rpi-8a
794,rpi-8a,rpi-8a,rpi-8a,rpi-8a
795,rpi-8a,rpi-8a,rpi-8a,rpi-8a
796,rpi-8a,rpi-8a,rpi-8a,rpi-8a
797,rpi-8a,rpi-8a,rpi-8b,rpi-8a
798,rpi-8a,rpi-8a,rpi-8b,rpi-8a
799,rpi-8d,rpi-8d,rpi-8d,rpi-8d
800,rpi-8d,rpi-8d,rpi-8c,rpi-8d
801,rpi-8d,rpi-8d,rpi-4a,rpi-8c
802,rpi-8d,rpi-8c,rpi-8c,rpi-8d
803,rpi-8d,rpi-8d,rpi-8d,rpi-8c
804,rpi-8d,rpi-8d,rpi-8d,rpi-8d
805,rpi-8d,rpi-8d,rpi-4a,rpi-8d
806,rpi-8d,rpi-8d,rpi-4a,rpi-8d
807,rpi-8d,rpi-8d,rpi-4a,rpi-8d
808,rpi-8d,rpi-8d,rpi-4a,rpi-8d
809,rpi-8d,rpi-8c,rpi-8d,rpi-8d
810,rpi-8d,rpi-8d,rpi-8d,rpi-8d
811,rpi-8d,rpi-8d,rpi-8c,rpi-8c
812,rpi-8d,rpi-8c,rpi-8d,rpi-8d
813,rpi-8d,rpi-8c,rpi-8c,rpi-4a
814,rpi-8d,rpi-8d,rpi-8c,rpi-8d
815,rpi-8d,rpi-8c,rpi-8d,rpi-4a
816,rpi-8d,rpi-8d,rpi-8d,rpi-4a
817,rpi-8d,rpi-8d,rpi-8d,rpi-8d
818,rpi-8d,rpi-8d,rpi-8d,rpi-4a
819,rpi-8d,rpi-4a,rpi-8c,rpi-8d
820,rpi-8d,rpi-8d,rpi-8d,rpi-8d
821,rpi-8d,rpi-8d,rpi-8c,rpi-8d
822,rpi-8d,rpi-4a,rpi-8d,rpi-8d
823,rpi-8d,rpi-8c,rpi-8d,rpi-8d
824,rpi-8d,rpi-8d,rpi-8d,rpi-8d
825,rpi-8d,rpi-8d,rpi-8d,rpi-8c
826,rpi-8d,rpi-8d,rpi-4a,rpi-8d
827,rpi-8d,rpi-8d,rpi-8c,rpi-8c
828,rpi-8d,rpi-8d,rpi-8c,rpi-8d
829,rpi-8d,rpi-8d,rpi-8c,rpi-8d
830,rpi-8d,rpi-8d,rpi-8d,rpi-8d
831,rpi-8d,rpi-8c,rpi-8d,rpi-4a
832,rpi-8d,rpi-8d,rpi-8d,rpi-8d
833,rpi-8d,rpi-8c,rpi-8d,rpi-8d
834,rpi-8d,rpi-8c,rpi-8c,rpi-8d
835,rpi-8d,rpi-8d,rpi-4a,rpi-4a
836,rpi-8d,rpi-8d,rpi-8d,rpi-8d
837,rpi-8d,rpi-8c,rpi-8d,rpi-8c
838,rpi-8d,rpi-8d,rpi-4a,rpi-8d
839,rpi-8d,rpi-8d,rpi-4a,rpi-8c
840,rpi-8d,rpi-8d,rpi-8d,rpi-8d
841,rpi-8d,rpi-8d,rpi-8d,rpi-8d
842,rpi-8d,rpi-8d,rpi-8d,rpi-8d
843,rpi-8d,rpi-8d,rpi-8d,rpi-8c
844,rpi-8d,rpi-4a,rpi-8c,rpi-8d
845,rpi-8d,rpi-8c,rpi-4a,rpi-8d
846,rpi-8d,rpi-8d,rpi-8d,rpi-8d
847,rpi-8d,rpi-8d,rpi-8d,rpi-8d
848,rpi-8d,rpi-8d,rpi-8c,rpi-8c
849,rpi-8d,rpi-8d,rpi-8d,rpi-8d
850,rpi-8d,rpi-8d,rpi-8b,rpi-8d
851,rpi-8d,rpi-8d,rpi-8d,rpi-8d
852,rpi-8d,rpi-8d,rpi-8d,rpi-8d
853,rpi-8d,rpi-8d,rpi-8d,rpi-8d
854,rpi-8d,rpi-8d,rpi-8d,rpi-8d
855,rpi-8d,rpi-8c,rpi-8d,rpi-8a
856,rpi-8d,rpi-8c,rpi-8c,rpi-8d
857,rpi-8d,rpi-8d,rpi-4a,rpi-8d
858,rpi-8d,rpi-8c,rpi-8d,rpi-8d
859,rpi-8d,rpi-8d,rpi-8d,rpi-8d
860,rpi-8d,rpi-8c,rpi-8c,rpi-8c
861,rpi-8d,rpi-8d,rpi-8d,rpi-8c
862,rpi-8d,rpi-8d,rpi-8c,rpi-8c
863,rpi-8d,rpi-8d,rpi-8d,rpi-8d
864,rpi-8d,rpi-8d,rpi-8d,rpi-8d
865,rpi-8d,rpi-8d,rpi-8d,rpi-8d
866,rpi-8d,rpi-8d,rpi-8d,rpi-8d
867,rpi-8d,rpi-8c,rpi-8d,rpi-8d
868,rpi-8d,rpi-8c,rpi-8c,rpi-8b
869,rpi-8d,rpi-8d,rpi-8d,rpi-8d
870,rpi-8d,rpi-8d,rpi-8c,rpi-8d
871,rpi-8d,rpi-8d,rpi-8d,rpi-8c
872,rpi-8d,rpi-8d,rpi-8d,rpi-8d
873,rpi-8d,rpi-8c,rpi-8d,rpi-8d
874,rpi-8d,rpi-8b,rpi-4a,rpi-8d
875,rpi-8d,rpi-8d,rpi-8d,rpi-8d
876,rpi-8d,rpi-8c,rpi-4a,rpi-8b
877,rpi-8d,rpi-8d,rpi-8d,rpi-8d
878,rpi-8d,rpi-8c,rpi-8d,rpi-8d
879,rpi-8d,rpi-8d,rpi-8d,rpi-8a
880,rpi-8d,rpi-4a,rpi-4a,rpi-8c
881,rpi-8d,rpi-8c,rpi-4a,rpi-8c
882,rpi-8d,rpi-8d,rpi-8c,rpi-8d
883,rpi-8d,rpi-8d,rpi-8d,rpi-8c
884,rpi-8d,rpi-8a,rpi-8c,rpi-8d
885,rpi-8d,rpi-8d,rpi-8c,rpi-8c
886,rpi-8d,rpi-8d,rpi-8d,rpi-8d
887,rpi-8d,rpi-4a,rpi-8d,rpi-8d
888,rpi-8d,rpi-8c,rpi-8c,rpi-8d
889,rpi-8d,rpi-8d,rpi-8d,rpi-8a
890,rpi-8d,rpi-4a,rpi-8c,rpi-8d
891,rpi-8d,rpi-8d,rpi-8d,rpi-8c
892,rpi-8d,rpi-8c,rpi-8d,rpi-8d
893,rpi-8d,rpi-8d,rpi-8d,rpi-8d
894,rpi-8d,rpi-8d,rpi-8c,rpi-8d
895,rpi-8d,rpi-8d,rpi-8c,rpi-4a
896,rpi-8d,rpi-4a,rpi-8d,rpi-8d
897,rpi-8d,rpi-8c,rpi-8d,rpi-8d
898,rpi-8d,rpi-8d,rpi-8c,rpi-4a
899,rpi-8d,rpi-8c,rpi-8c,rpi-8d
900,rpi-8d,rpi-8d,rpi-8d,rpi-8d
901,rpi-8d,rpi-8d,rpi-8d,rpi-8c
902,rpi-8d,rpi-8d,rpi-8d,rpi-8d
903,rpi-8d,rpi-8d,rpi-8d,rpi-8c
904,rpi-8d,rpi-8d,rpi-8d,rpi-8c
905,rpi-8d,rpi-8d,rpi-8d,rpi-8d
906,rpi-8d,rpi-8d,rpi-8d,rpi-8d
907,rpi-8d,rpi-8c,rpi-8d,rpi-8d
908,rpi-8d,rpi-8d,rpi-8c,rpi-8c
909,rpi-8d,rpi-8d,rpi-8c,rpi-8c
910,rpi-8d,rpi-8d,rpi-8d,rpi-8d
911,rpi-8d,rpi-8c,rpi-8d,rpi-8d
912,rpi-8d,rpi-8c,rpi-8c,rpi-8c
913,rpi-8d,rpi-8c,rpi-8b,rpi-8d
914,rpi-8d,rpi-4a,rpi-8c,rpi-8d
915,rpi-8d,rpi-8c,rpi-4a,rpi-8d
916,rpi-8d,rpi-8d,rpi-8d,rpi-8d
917,rpi-8d,rpi-8a,rpi-8d,rpi-8d
918,rpi-8d,rpi-8d,rpi-8d,rpi-8d
919,rpi-8d,rpi-8d,rpi-8d,rpi-8c
920,rpi-8d,rpi-4a,rpi-8d,rpi-8d
921,rpi-8d,rpi-8c,rpi-8d,rpi-8d
922,rpi-8d,rpi-8d,rpi-8d,rpi-4a
923,rpi-8d,rpi-8d,rpi-8d,rpi-8d
924,rpi-8d,rpi-8d,rpi-8d,rpi-8c
925,rpi-8d,rpi-8d,rpi-8d,rpi-8d
926,rpi-8d,rpi-8d,rpi-8c,rpi-4a
927,rpi-8d,rpi-8d,rpi-8d,rpi-8d
928,rpi-8d,rpi-8d,rpi-8d,rpi-8d
929,rpi-8d,rpi-8d,rpi-8d,rpi-8d
930,rpi-8d,rpi-8c,rpi-4a,rpi-8d
931,rpi-8d,rpi-8d,rpi-4a,rpi-8d
932,rpi-8d,rpi-8d,rpi-8d,rpi-8c
933,rpi-8d,rpi-8d,rpi-8d,rpi-8d
934,rpi-8d,rpi-4a,rpi-8c,rpi-8d
935,rpi-8d,rpi-8c,rpi-8d,rpi-8d
936,rpi-8d,rpi-8c,rpi-8d,rpi-8d
937,rpi-8d,rpi-8d,rpi-8c,rpi-8d
938,rpi-8d,rpi-8c,rpi-8d,rpi-8d
939,rpi-8d,rpi-4a,rpi-8d,rpi-8d
940,rpi-8d,rpi-8d,rpi-8d,rpi-8d
941,rpi-8d,rpi-8d,rpi-8d,rpi-8d
942,rpi-8d,rpi-8d,rpi-8d,rpi-8d
943,rpi-8d,rpi-8d,rpi-8d,rpi-4a
944,rpi-8d,rpi-8d,rpi-8a,rpi-8d
945,rpi-8d,rpi-8d,rpi-8c,rpi-8c
946,rpi-8d,rpi-8d,rpi-4a,rpi-8d
947,rpi-8d,rpi-8c,rpi-8c,rpi-8d
948,rpi-8d,rpi-8d,rpi-8d,rpi-8d
949,rpi-8d,rpi-4a,rpi-4a,rpi-8d
950,rpi-8d,rpi-8d,rpi-8d,rpi-8d
951,rpi-8d,rpi-8d,rpi-8d,rpi-8d
952,rpi-8d,rpi-4a,rpi-4a,rpi-8d
953,rpi-8d,rpi-8d,rpi-8d,rpi-8c
954,rpi-8d,rpi-8c,rpi-8d,rpi-8d
955,rpi-8d,rpi-8d,rpi-8d,rpi-8d
956,rpi-8d,rpi-8d,rpi-8d,rpi-8c
957,rpi-8d,rpi-8d,rpi-8d,rpi-8d
958,rpi-8d,rpi-8c,rpi-8c,rpi-8d
959,rpi-8d,rpi-8d,rpi-8d,rpi-8c
960,rpi-8d,rpi-8d,rpi-4a,rpi-8c
961,rpi-8d,rpi-8d,rpi-8d,rpi-8d
962,rpi-8d,rpi-8d,rpi-8d,rpi-8c
963,rpi-8d,rpi-8d,rpi-4a,rpi-8d
964,rpi-8d,rpi-8d,rpi-8c,rpi-8d
965,rpi-8d,rpi-8c,rpi-8d,rpi-8d
966,rpi-8d,rpi-8d,rpi-8d,rpi-8d
967,rpi-8d,rpi-8d,rpi-8d,rpi-8d
968,rpi-8d,rpi-8d,rpi-8c,rpi-8d
969,rpi-8d,rpi-8d,rpi-8d,rpi-8d
970,rpi-8d,rpi-4a,rpi-4a,rpi-4a
971,rpi-8d,rpi-8d,rpi-8d,rpi-8d
972,rpi-8d,rpi-8d,rpi-8d,rpi-8c
973,rpi-8d,rpi-8d,rpi-8d,rpi-8d
974,rpi-8d,rpi-8c,rpi-8d,rpi-8c
975,rpi-8d,rpi-8d,rpi-8d,rpi-8d
976,rpi-8d,rpi-8c,rpi-8d,rpi-8d
977,rpi-8d,rpi-8d,rpi-8d,rpi-8d
978,rpi-8d,rpi-8d,rpi-8d,rpi-8c
979,rpi-8d,rpi-8d,rpi-8d,rpi-8c
980,rpi-8d,rpi-8c,rpi-8d,rpi-8d
981,rpi-8d,rpi-8d,rpi-8c,rpi-8d
982,rpi-8d,rpi-8d,rpi-8d,rpi-8d
983,rpi-8d,rpi-8d,rpi-4a,rpi-8d
984,rpi-8d,rpi-8d,rpi-8c,rpi-8c
985,rpi-8d,rpi-8c,rpi-8c,rpi-8d
986,rpi-8d,rpi-8c,rpi-8c,rpi-8d
987,rpi-8d,rpi-8c,rpi-8d,rpi-8d
988,rpi-8d,rpi-8d,rpi-8d,rpi-8d
989,rpi-8d,rpi-4a,rpi-8d,rpi-4a
990,rpi-8d,rpi-8d,rpi-4a,rpi-8d
991,rpi-8d,rpi-8d,rpi-8d,rpi-8d
992,rpi-8d,rpi-8d,rpi-8d,rpi-8d
993,rpi-8d,rpi-8d,rpi-8d,rpi-8d
994,rpi-8d,rpi-8d,rpi-8c,rpi-8d
995,rpi-8d,rpi-8d,rpi-8d,rpi-8d
996,rpi-8d,rpi-8d,rpi-8d,rpi-8d
997,rpi-8d,rpi-8d,rpi-8d,rpi-8d
998,rpi-8d,rpi-8d,rpi-8d,rpi-8d
999,rpi-8d,rpi-8d,rpi-8d,rpi-8d
1000,rpi-8d,rpi-8d,rpi-8c,rpi-4a
1001,rpi-8d,rpi-8c,rpi-8c,rpi-8d
1002,rpi-8d,rpi-8d,rpi-8d,rpi-8c
1003,rpi-8d,rpi-8c,rpi-8d,rpi-8d
1004,rpi-8d,rpi-8d,rpi-8d,rpi-8d
1005,rpi-8d,rpi-8d,rpi-8c,rpi-8d
1006,rpi-8d,rpi-8d,rpi-4a,rpi-8d
1007,rpi-8d,rpi-8d,rpi-8c,rpi-8d
1008,rpi-8d,rpi-8d,rpi-8d,rpi-8d
1009,rpi-8d,rpi-8d,rpi-8d,rpi-8d
1010,rpi-8d,rpi-8d,rpi-8c,rpi-8d
1011,rpi-8d,rpi-8d,rpi-8d,rpi-8d
1012,rpi-8d,rpi-8c,rpi-8d,rpi-8d
1013,rpi-8d,rpi-8d,rpi-4a,rpi-8d
1014,rpi-8d,rpi-8d,rpi-8d,rpi-4a
1015,rpi-8d,rpi-8d,rpi-8d,rpi-8d
1016,rpi-8d,rpi-8d,rpi-8d,rpi-8d
1017,rpi-8d,rpi-4a,rpi-8d,rpi-4a
1018,rpi-8d,rpi-8d,rpi-8d,rpi-8c
1019,rpi-8d,rpi-8d,rpi-8d,rpi-8c
1020,rpi-8d,rpi-8d,rpi-8d,rpi-8d
1021,rpi-8d,rpi-8d,rpi-8d,rpi-8d
1022,rpi-8d,rpi-8d,rpi-8d,rpi-8d
1023,rpi-8d,rpi-8d,rpi-8d,rpi-8d
1024,rpi-8d,rpi-8d,rpi-8c,rpi-8d
1025,rpi-8d,rpi-8d,rpi-8d,rpi-8d
1026,rpi-8d,rpi-8d,rpi-8d,rpi-8d
1027,rpi-8d,rpi-8d,rpi-8d,rpi-8d
1028,rpi-8d,rpi-8d,rpi-8d,rpi-8d
1029,rpi-8d,rpi-8d,rpi-8d,rpi-8d
1030,rpi-8d,rpi-8c,rpi-8d,rpi-8c
1031,rpi-8d,rpi-8d,rpi-8d,rpi-8d
1032,rpi-8d,rpi-4a,rpi-8d,rpi-8c
1033,rpi-8d,rpi-8c,rpi-8c,rpi-8d
1034,rpi-8d,rpi-8c,rpi-8a,rpi-8c
1035,rpi-8d,rpi-8d,rpi-4a,rpi-8d
1036,rpi-8d,rpi-8d,rpi-8d,rpi-8c
1037,rpi-8d,rpi-8d,rpi-8d,rpi-8d
1038,rpi-8d,rpi-8d,rpi-8d,rpi-8d
1039,rpi-8d,rpi-8c,rpi-8b,rpi-8d
1040,rpi-8d,rpi-8d,rpi-8d,rpi-8d
1041,rpi-8d,rpi-8d,rpi-8d,rpi-8d
1042,rpi-8d,rpi-8d,rpi-8c,rpi-8d
1043,rpi-8d,rpi-8d,rpi-8d,rpi-8c
1044,rpi-8d,rpi-8d,rpi-8c,rpi-8c
1045,rpi-8d,rpi-8d,rpi-8d,rpi-8c
1046,rpi-8d,rpi-4a,rpi-8d,rpi-4a
1047,rpi-8d,rpi-8c,rpi-8d,rpi-8d
1048,rpi-8d,rpi-8c,rpi-8d,rpi-8d
1049,rpi-8d,rpi-8d,rpi-8d,rpi-8d
1050,rpi-8d,rpi-8d,rpi-8d,rpi-8d
1051,rpi-8d,rpi-8d,rpi-8d,rpi-8c
1052,rpi-8d,rpi-8c,rpi-8d,rpi-8d
1053,rpi-8d,rpi-8d,rpi-8d,rpi-8d
1054,rpi-8d,rpi-8d,rpi-8d,rpi-8d
1055,rpi-8d,rpi-8d,rpi-8d,rpi-8d
1056,rpi-8d,rpi-8d,rpi-4a,rpi-8d
1057,rpi-8d,rpi-8c,rpi-8d,rpi-8d
1058,rpi-8d,rpi-8c,rpi-8d,rpi-8c
1059,rpi-8d,rpi-8c,rpi-8c,rpi-8c
1060,rpi-8d,rpi-8d,rpi-8d,rpi-8d
1061,rpi-8d,rpi-8d,rpi-8c,rpi-8d
1062,rpi-8d,rpi-8d,rpi-8c,rpi-8d
1063,rpi-8d,rpi-8d,rpi-8d,rpi-8d
1064,rpi-8d,rpi-8c,rpi-8d,rpi-8c
1065,rpi-8d,rpi-8d,rpi-4a,rpi-8d
1066,rpi-8d,rpi-8d,rpi-8c,rpi-8d
1067,rpi-8d,rpi-8d,rpi-8d,rpi-8d
1068,rpi-8d,rpi-8d,rpi-8c,rpi-8d
1069,rpi-8d,rpi-8d,rpi-8c,rpi-8d
1070,rpi-8d,rpi-8d,rpi-8c,rpi-4a
1071,rpi-8d,rpi-8c,rpi-8c,rpi-4a
1072,rpi-8d,rpi-8d,rpi-8d,rpi-8c
1073,rpi-8d,rpi-4a,rpi-8d,rpi-8d
1074,rpi-8d,rpi-4a,rpi-8d,rpi-8d
1075,rpi-8d,rpi-8d,rpi-8b,rpi-8d
1076,rpi-8d,rpi-8d,rpi-8d,rpi-8d
1077,rpi-8d,rpi-8c,rpi-8d,rpi-8c
1078,rpi-8d,rpi-8d,rpi-8d,rpi-8d
1079,rpi-8d,rpi-8d,rpi-8d,rpi-8d
1080,rpi-8d,rpi-8c,rpi-8d,rpi-8d
1081,rpi-8d,rpi-8d,rpi-8d,rpi-8d
1082,rpi-8d,rpi-8d,rpi-4a,rpi-8d
1083,rpi-8d,rpi-8d,rpi-8d,rpi-8d
1084,rpi-8d,rpi-8d,rpi-8d,rpi-8d
1085,rpi-8d,rpi-8d,rpi-8d,rpi-8d
1086,rpi-8d,rpi-8d,rpi-8d,rpi-8d
1087,rpi-8d,rpi-8d,rpi-4a,rpi-8d
1088,rpi-8d,rpi-8d,rpi-8d,rpi-8d
1089,rpi-8d,rpi-8d,rpi-8d,rpi-8d
1090,rpi-8d,rpi-8d,rpi-8d,rpi-8d
1091,rpi-8d,rpi-8d,rpi-8d,rpi-8d
1092,rpi-8d,rpi-8d,rpi-8d,rpi-8d
1093,rpi-8d,rpi-8d,rpi-8c,rpi-8d
1094,rpi-8d,rpi-8d,rpi-8d,rpi-8d
1095,rpi-8d,rpi-8c,rpi-4a,rpi-8d
1096,rpi-8d,rpi-8c,rpi-8d,rpi-8c
1097,rpi-8d,rpi-8d,rpi-4a,rpi-8d
1098,rpi-8d,rpi-8d,rpi-8d,rpi-8d
1099,rpi-8d,rpi-8c,rpi-8d,rpi-8d
1100,rpi-8d,rpi-8d,rpi-8d,rpi-8d
1101,rpi-8d,rpi-8d,rpi-8d,rpi-8d
1102,rpi-8d,rpi-8d,rpi-4a,rpi-8d
1103,rpi-8d,rpi-8d,rpi-8d,rpi-8d
1104,rpi-8d,rpi-8c,rpi-8c,rpi-8d
1105,rpi-8d,rpi-8d,rpi-8d,rpi-8d
1106,rpi-8d,rpi-8d,rpi-4a,rpi-8d
1107,rpi-8d,rpi-8c,rpi-8d,rpi-8c
1108,rpi-8d,rpi-4a,rpi-8d,rpi-8d
1109,rpi-8d,rpi-8c,rpi-8d,rpi-8d
1110,rpi-8d,rpi-8d,rpi-8d,rpi-4a
1111,rpi-8d,rpi-8c,rpi-8c,rpi-8d
1112,rpi-8d,rpi-8d,rpi-8d,rpi-8d
1113,rpi-8d,rpi-8d,rpi-8d,rpi-8c
1114,rpi-8d,rpi-8d,rpi-8d,rpi-4a
1115,rpi-8d,rpi-8c,rpi-8d,rpi-8d
1116,rpi-8d,rpi-8b,rpi-8d,rpi-4a
1117,rpi-8d,rpi-4a,rpi-8c,rpi-8d
1118,rpi-8d,rpi-8c,rpi-8d,rpi-8d
1119,rpi-8d,rpi-8d,rpi-8d,rpi-8d
1120,rpi-8d,rpi-4a,rpi-8d,rpi-8d
1121,rpi-8d,rpi-8d,rpi-8d,rpi-8d
1122,rpi-8d,rpi-8c,rpi-8d,rpi-8d
1123,rpi-8d,rpi-8d,rpi-4a,rpi-8c
1124,rpi-8d,rpi-8c,rpi-8c,rpi-4a
1125,rpi-8d,rpi-8c,rpi-8c,rpi-8d
1126,rpi-8d,rpi-8d,rpi-8d,rpi-8c
1127,rpi-8d,rpi-8d,rpi-8d,rpi-4a
1128,rpi-8d,rpi-8d,rpi-8d,rpi-8d
1129,rpi-8d,rpi-8c,rpi-8d,rpi-8d
1130,rpi-8d,rpi-8d,rpi-8d,rpi-8c
1131,rpi-8d,rpi-8d,rpi-8d,rpi-4a
1132,rpi-8d,rpi-8c,rpi-8d,rpi-8d
1133,rpi-8d,rpi-8d,rpi-8d,rpi-8d
1134,rpi-8d,rpi-8d,rpi-8d,rpi-8d
1135,rpi-8d,rpi-8d,rpi-8d,rpi-8d
1136,rpi-8d,rpi-8c,rpi-8d,rpi-8d
1137,rpi-8d,rpi-8c,rpi-8d,rpi-8d
1138,rpi-8d,rpi-8d,rpi-8d,rpi-8d
1139,rpi-8d,rpi-8c,rpi-8d,rpi-8c
1140,rpi-8d,rpi-8d,rpi-8d,rpi-8d
1141,rpi-8d,rpi-8d,rpi-8d,rpi-8c
1142,rpi-8d,rpi-8d,rpi-8c,rpi-8d
1143,rpi-8d,rpi-8d,rpi-8d,rpi-8c
1144,rpi-8d,rpi-8c,rpi-8d,rpi-8d
1145,rpi-8d,rpi-8d,rpi-8d,rpi-8d
1146,rpi-8d,rpi-8d,rpi-8d,rpi-8d
1147,rpi-8d,rpi-8c,rpi-8d,rpi-8d
1148,rpi-8d,rpi-8c,rpi-8d,rpi-8d
1149,rpi-8d,rpi-8d,rpi-8d,rpi-8d
1150,rpi-8d,rpi-8c,rpi-8d,rpi-8d
1151,rpi-8d,rpi-8d,rpi-8c,rpi-8d
1152,rpi-8d,rpi-8d,rpi-8d,rpi-8d
1153,rpi-8d,rpi-8d,rpi-8d,rpi-8d
1154,rpi-8d,rpi-8c,rpi-8d,rpi-8d
1155,rpi-8d,rpi-8d,rpi-8d,rpi-8d
1156,rpi-8d,rpi-8c,rpi-8d,rpi-8d
1157,rpi-8d,rpi-8d,rpi-8b,rpi-8c
1158,rpi-8d,rpi-8d,rpi-8d,rpi-8d
1159,rpi-8d,rpi-8c,rpi-4a,rpi-8d
1160,rpi-8d,rpi-8c,rpi-8d,rpi-8c
1161,rpi-8d,rpi-8c,rpi-8d,rpi-8c
1162,rpi-8d,rpi-8d,rpi-4a,rpi-4a
1163,rpi-8d,rpi-8d,rpi-8d,rpi-8d
1164,rpi-8d,rpi-8d,rpi-8d,rpi-8d
1165,rpi-8d,rpi-8d,rpi-8d,rpi-8d
1166,rpi-8d,rpi-4a,rpi-8d,rpi-8d
1167,rpi-8d,rpi-8d,rpi-8d,rpi-8c
1168,rpi-8d,rpi-8d,rpi-8d,rpi-8c
1169,rpi-8d,rpi-4a,rpi-8d,rpi-8d
1170,rpi-8d,rpi-8d,rpi-8d,rpi-8c
1171,rpi-8d,rpi-8d,rpi-8c,rpi-8d
1172,rpi-8d,rpi-8d,rpi-8d,rpi-4a
1173,rpi-8d,rpi-8c,rpi-8c,rpi-8c
1174,rpi-8d,rpi-8c,rpi-8d,rpi-8d
1175,rpi-8d,rpi-8d,rpi-8d,rpi-8d
1176,rpi-8d,rpi-4a,rpi-8d,rpi-4a
1177,rpi-8d,rpi-8d,rpi-8d,rpi-8d
1178,rpi-8d,rpi-8d,rpi-4a,rpi-8d
1179,rpi-8d,rpi-8d,rpi-8d,rpi-8c
1180,rpi-8d,rpi-8d,rpi-8c,rpi-8d
1181,rpi-8d,rpi-8c,rpi-8c,rpi-8d
1182,rpi-8d,rpi-8d,rpi-8c,rpi-8d
1183,rpi-8d,rpi-8d,rpi-8d,rpi-8c
1184,rpi-8d,rpi-8d,rpi-8d,rpi-4a
1185,rpi-8d,rpi-8d,rpi-8d,rpi-8d
1186,rpi-8d,rpi-8d,rpi-8d,rpi-8d
1187,rpi-8d,rpi-8d,rpi-8c,rpi-4a
1188,rpi-8d,rpi-8d,rpi-8c,rpi-8d
1189,rpi-8d,rpi-8c,rpi-8d,rpi-8d
1190,rpi-8d,rpi-8d,rpi-8d,rpi-8c
1191,rpi-8d,rpi-8d,rpi-8d,rpi-8d
1192,rpi-8d,rpi-8d,rpi-8d,rpi-8c
1193,rpi-8d,rpi-8d,rpi-8d,rpi-8d
1194,rpi-8d,rpi-8d,rpi-8d,rpi-8c
1195,rpi-8d,rpi-8c,rpi-8d,rpi-8d
1196,rpi-8d,rpi-8c,rpi-8d,rpi-8d
1197,rpi-8d,rpi-8c,rpi-8c,rpi-8d
1198,rpi-8d,rpi-8d,rpi-8d,rpi-8d
1199,rpi-8d,rpi-8d,rpi-8d,rpi-8d
1200,rpi-8d,rpi-8d,rpi-8d,rpi-8d
1201,rpi-8d,rpi-8d,rpi-8d,rpi-8d
1202,rpi-8c,rpi-8c,rpi-8c,rpi-4a
1203,rpi-8c,rpi-4a,rpi-8c,rpi-8c
1204,rpi-8c,rpi-8c,rpi-8c,rpi-8c
1205,rpi-8c,rpi-8c,rpi-8c,rpi-8d
1206,rpi-8c,rpi-8c,rpi-8c,rpi-8c
1207,rpi-8c,rpi-8c,rpi-8c,rpi-8c
1208,rpi-8c,rpi-8d,rpi-8c,rpi-8c
1209,rpi-8c,rpi-4a,rpi-8c,rpi-8c
1210,rpi-8c,rpi-8c,rpi-8c,rpi-8c
1211,rpi-8c,rpi-8c,rpi-8c,rpi-8d
1212,rpi-8c,rpi-8c,rpi-8d,rpi-8c
1213,rpi-8c,rpi-8c,rpi-8c,rpi-4a
1214,rpi-8c,rpi-8c,rpi-8c,rpi-8c
1215,rpi-8c,rpi-8c,rpi-8c,rpi-4a
1216,rpi-8c,rpi-8c,rpi-8c,rpi-8d
1217,rpi-8c,rpi-8c,rpi-8c,rpi-8d
1218,rpi-8c,rpi-8c,rpi-8c,rpi-8c
1219,rpi-8c,rpi-4a,rpi-8d,rpi-8c
1220,rpi-8c,rpi-8c,rpi-8c,rpi-4a
1221,rpi-8c,rpi-8c,rpi-8c,rpi-8c
1222,rpi-8c,rpi-8d,rpi-8d,rpi-8c
1223,rpi-8c,rpi-8c,rpi-8d,rpi-8d
1224,rpi-8c,rpi-8c,rpi-4a,rpi-8c
1225,rpi-8c,rpi-8d,rpi-8c,rpi-8d
1226,rpi-8c,rpi-8c,rpi-8c,rpi-8c
1227,rpi-8c,rpi-8c,rpi-8c,rpi-8c
1228,rpi-8c,rpi-8c,rpi-8c,rpi-8c
1229,rpi-8c,rpi-8c,rpi-8c,rpi-8c
1230,rpi-8c,rpi-8d,rpi-8c,rpi-8d
1231,rpi-8c,rpi-8c,rpi-8c,rpi-8c
1232,rpi-8c,rpi-8c,rpi-4a,rpi-8c
1233,rpi-8c,rpi-8c,rpi-8c,rpi-8c
1234,rpi-8c,rpi-8c,rpi-8c,rpi-8c
1235,rpi-8c,rpi-8d,rpi-8c,rpi-8d
1236,rpi-8c,rpi-8c,rpi-8d,rpi-8c
1237,rpi-8c,rpi-8c,rpi-8d,rpi-8c
1238,rpi-8c,rpi-8c,rpi-8c,rpi-8d
1239,rpi-8c,rpi-8c,rpi-8c,rpi-8d
1240,rpi-8c,rpi-8c,rpi-8c,rpi-8c
1241,rpi-8c,rpi-8c,rpi-8c,rpi-8c
1242,rpi-8c,rpi-8c,rpi-8d,rpi-8c
1243,rpi-8c,rpi-8c,rpi-8c,rpi-8d
1244,rpi-8c,rpi-8c,rpi-8c,rpi-8c
1245,rpi-8c,rpi-8c,rpi-8d,rpi-8c
1246,rpi-8c,rpi-8c,rpi-8d,rpi-8c
1247,rpi-8c,rpi-8c,rpi-8c,rpi-8d
1248,rpi-8c,rpi-8d,rpi-8c,rpi-8c
1249,rpi-8c,rpi-8c,rpi-8c,rpi-8c
1250,rpi-8c,rpi-8c,rpi-8c,rpi-8c
1251,rpi-8c,rpi-8d,rpi-4a,rpi-8c
1252,rpi-8c,rpi-8d,rpi-4a,rpi-8c
1253,rpi-8c,rpi-8d,rpi-8c,rpi-8c
1254,rpi-8c,rpi-8c,rpi-8c,rpi-8c
1255,rpi-8c,rpi-8d,rpi-8c,rpi-8c
1256,rpi-8c,rpi-8d,rpi-8c,rpi-4a
1257,rpi-8c,rpi-8c,rpi-8c,rpi-8d
1258,rpi-8c,rpi-8c,rpi-8c,rpi-8d
1259,rpi-8c,rpi-8d,rpi-8c,rpi-8c
1260,rpi-8c,rpi-8c,rpi-8c,rpi-8c
1261,rpi-8c,rpi-8c,rpi-4a,rpi-4a
1262,rpi-8c,rpi-8c,rpi-8c,rpi-8c
1263,rpi-8c,rpi-8c,rpi-8d,rpi-8c
1264,rpi-8c,rpi-8c,rpi-8c,rpi-8c
1265,rpi-8c,rpi-8c,rpi-8c,rpi-8c
1266,rpi-8c,rpi-8c,rpi-8d,rpi-8c
1267,rpi-8c,rpi-8d,rpi-8c,rpi-8d
1268,rpi-8c,rpi-8c,rpi-8c,rpi-8c
1269,rpi-8c,rpi-8c,rpi-8c,rpi-8c
1270,rpi-8c,rpi-8d,rpi-8c,rpi-8c
1271,rpi-8c,rpi-8c,rpi-8d,rpi-8c
1272,rpi-8c,rpi-8c,rpi-8c,rpi-8c
1273,rpi-8c,rpi-8c,rpi-8c,rpi-8c
1274,rpi-8c,rpi-8c,rpi-8c,rpi-8c
1275,rpi-8c,rpi-8c,rpi-8c,rpi-8c
1276,rpi-8c,rpi-8c,rpi-8c,rpi-8c
1277,rpi-8c,rpi-8b,rpi-8c,rpi-8c
1278,rpi-8c,rpi-8c,rpi-8c,rpi-8b
1279,rpi-8c,rpi-8d,rpi-8c,rpi-8c
1280,rpi-8c,rpi-8c,rpi-8c,rpi-8c
1281,rpi-8c,rpi-8c,rpi-8c,rpi-8c
1282,rpi-8c,rpi-8c,rpi-8c,rpi-8c
1283,rpi-8c,rpi-8c,rpi-8c,rpi-8c
1284,rpi-8c,rpi-8c,rpi-8d,rpi-8c
1285,rpi-8c,rpi-8c,rpi-8c,rpi-8d
1286,rpi-8c,rpi-4a,rpi-8c,rpi-8b
1287,rpi-8c,rpi-4a,rpi-8c,rpi-8c
1288,rpi-8c,rpi-8c,rpi-8c,rpi-4a
1289,rpi-8c,rpi-8c,rpi-8c,rpi-8c
1290,rpi-8c,rpi-8d,rpi-8c,rpi-8d
1291,rpi-8c,rpi-8c,rpi-8d,rpi-8c
1292,rpi-8c,rpi-8c,rpi-8c,rpi-4a
1293,rpi-8c,rpi-8d,rpi-8c,rpi-8c
1294,rpi-8c,rpi-8c,rpi-8c,rpi-8c
1295,rpi-8c,rpi-8c,rpi-8c,rpi-8c
1296,rpi-8c,rpi-8c,rpi-8c,rpi-8c
1297,rpi-8c,rpi-8c,rpi-8d,rpi-8c
1298,rpi-8c,rpi-8c,rpi-8c,rpi-8d
1299,rpi-8c,rpi-4a,rpi-8c,rpi-4a
1300,rpi-8c,rpi-8c,rpi-4a,rpi-8c
1301,rpi-8c,rpi-8d,rpi-8c,rpi-8c
1302,rpi-8c,rpi-8c,rpi-8d,rpi-8d
1303,rpi-8c,rpi-8c,rpi-8c,rpi-8c
1304,rpi-8c,rpi-8c,rpi-8c,rpi-8c
1305,rpi-8c,rpi-8d,rpi-8c,rpi-8c
1306,rpi-8c,rpi-8c,rpi-8c,rpi-8c
1307,rpi-8c,rpi-8c,rpi-8d,rpi-8c
1308,rpi-8c,rpi-8c,rpi-8c,rpi-8c
1309,rpi-8c,rpi-8d,rpi-8c,rpi-8c
1310,rpi-8c,rpi-8a,rpi-8c,rpi-8c
1311,rpi-8c,rpi-8c,rpi-8d,rpi-8c
1312,rpi-8c,rpi-8d,rpi-8d,rpi-8c
1313,rpi-8c,rpi-8c,rpi-8c,rpi-8c
1314,rpi-8c,rpi-4a,rpi-8c,rpi-8c
1315,rpi-8c,rpi-8c,rpi-8c,rpi-8c
1316,rpi-8c,rpi-8d,rpi-8c,rpi-4a
1317,rpi-8c,rpi-8c,rpi-8c,rpi-8d
1318,rpi-8c,rpi-8c,rpi-8c,rpi-8c
1319,rpi-8c,rpi-8c,rpi-8a,rpi-8c
1320,rpi-8c,rpi-8c,rpi-8c,rpi-8c
1321,rpi-8c,rpi-8c,rpi-8c,rpi-8c
1322,rpi-8c,rpi-8c,rpi-8c,rpi-8c
1323,rpi-8c,rpi-8c,rpi-8c,rpi-8c
1324,rpi-8c,rpi-8c,rpi-8c,rpi-8c
1325,rpi-8c,rpi-8c,rpi-8c,rpi-8d
1326,rpi-8c,rpi-4a,rpi-8c,rpi-4a
1327,rpi-8c,rpi-8c,rpi-8c,rpi-8d
1328,rpi-8c,rpi-8d,rpi-4a,rpi-8c
1329,rpi-8c,rpi-8c,rpi-8c,rpi-8d
1330,rpi-8c,rpi-8c,rpi-8c,rpi-8b
1331,rpi-8c,rpi-8d,rpi-8c,rpi-8c
1332,rpi-8c,rpi-8c,rpi-8d,rpi-8c
1333,rpi-8c,rpi-8d,rpi-8c,rpi-8c
1334,rpi-8c,rpi-8d,rpi-8c,rpi-8c
1335,rpi-8c,rpi-8c,rpi-8c,rpi-8c
1336,rpi-8c,rpi-8c,rpi-8c,rpi-8c
1337,rpi-8c,rpi-8c,rpi-8c,rpi-8c
1338,rpi-8c,rpi-8c,rpi-8c,rpi-8c
1339,rpi-8c,rpi-4a,rpi-8c,rpi-8c
1340,rpi-8c,rpi-8c,rpi-8c,rpi-8c
1341,rpi-8c,rpi-8d,rpi-8d,rpi-8c
1342,rpi-8c,rpi-8c,rpi-8c,rpi-8c
1343,rpi-8c,rpi-8c,rpi-4a,rpi-8c
1344,rpi-8c,rpi-8c,rpi-8c,rpi-8c
1345,rpi-8c,rpi-8d,rpi-8d,rpi-8d
1346,rpi-8c,rpi-4a,rpi-8c,rpi-8c
1347,rpi-8c,rpi-8c,rpi-4a,rpi-8d
1348,rpi-8c,rpi-8c,rpi-8c,rpi-8c
1349,rpi-8c,rpi-8c,rpi-8d,rpi-4a
1350,rpi-8c,rpi-8c,rpi-8c,rpi-4a
1351,rpi-8c,rpi-8c,rpi-8c,rpi-8c
1352,rpi-8c,rpi-8c,rpi-8c,rpi-8c
1353,rpi-8c,rpi-8d,rpi-4a,rpi-8c
1354,rpi-8c,rpi-8c,rpi-8c,rpi-8d
1355,rpi-8c,rpi-8d,rpi-8c,rpi-8c
1356,rpi-8c,rpi-8c,rpi-8d,rpi-8c
1357,rpi-8c,rpi-8c,rpi-8c,rpi-8d
1358,rpi-8c,rpi-8c,rpi-4a,rpi-8c
1359,rpi-8c,rpi-8c,rpi-8c,rpi-8c
1360,rpi-8c,rpi-8c,rpi-8c,rpi-8c
1361,rpi-8c,rpi-8c,rpi-8c,rpi-8c
1362,rpi-8c,rpi-8d,rpi-8c,rpi-4a
1363,rpi-8c,rpi-8c,rpi-8c,rpi-8d
1364,rpi-8c,rpi-8c,rpi-8c,rpi-4a
1365,rpi-8c,rpi-8c,rpi-4a,rpi-8c
1366,rpi-8c,rpi-8c,rpi-8c,rpi-8c
1367,rpi-8c,rpi-8d,rpi-8c,rpi-8d
1368,rpi-8c,rpi-8b,rpi-8d,rpi-8c
1369,rpi-8c,rpi-8c,rpi-8c,rpi-8c
1370,rpi-8c,rpi-8c,rpi-8c,rpi-8d
1371,rpi-8c,rpi-8c,rpi-8c,rpi-8d
1372,rpi-8c,rpi-8c,rpi-4a,rpi-8c
1373,rpi-8c,rpi-8c,rpi-8d,rpi-8d
1374,rpi-8c,rpi-8c,rpi-8c,rpi-8c
1375,rpi-8c,rpi-8c,rpi-8c,rpi-8c
1376,rpi-8c,rpi-8c,rpi-8b,rpi-8c
1377,rpi-8c,rpi-4a,rpi-8d,rpi-8d
1378,rpi-8c,rpi-8c,rpi-8c,rpi-8c
1379,rpi-8c,rpi-8c,rpi-8d,rpi-8c
1380,rpi-8c,rpi-8c,rpi-8c,rpi-8c
1381,rpi-8c,rpi-8c,rpi-8c,rpi-8c
1382,rpi-8c,rpi-8c,rpi-8c,rpi-8c
1383,rpi-8c,rpi-8c,rpi-8d,rpi-8a
1384,rpi-8c,rpi-8d,rpi-8c,rpi-4a
1385,rpi-8c,rpi-8c,rpi-8c,rpi-8c
1386,rpi-8c,rpi-8c,rpi-8c,rpi-8c
1387,rpi-8c,rpi-8d,rpi-8c,rpi-8c
1388,rpi-8c,rpi-8d,rpi-8c,rpi-8c
1389,rpi-8c,rpi-8d,rpi-8d,rpi-8c
1390,rpi-8c,rpi-8c,rpi-8c,rpi-8c
1391,rpi-8c,rpi-8c,rpi-8c,rpi-8c
1392,rpi-8c,rpi-8c,rpi-8c,rpi-4a
1393,rpi-8c,rpi-8c,rpi-8c,rpi-8c
1394,rpi-8c,rpi-8d,rpi-8c,rpi-8d
1395,rpi-8c,rpi-8d,rpi-8c,rpi-8c
1396,rpi-8c,rpi-8c,rpi-8c,rpi-8c
1397,rpi-8c,rpi-8d,rpi-4a,rpi-8c
1398,rpi-8c,rpi-8d,rpi-8c,rpi-8c
1399,rpi-8c,rpi-8c,rpi-8c,rpi-8a
1400,rpi-8c,rpi-8c,rpi-8c,rpi-8d
1401,rpi-8c,rpi-8d,rpi-8c,rpi-8c
1402,rpi-8c,rpi-8c,rpi-8d,rpi-8c
1403,rpi-8c,rpi-8c,rpi-8c,rpi-8c
1404,rpi-8c,rpi-8d,rpi-4a,rpi-4a
1405,rpi-8c,rpi-8c,rpi-8d,rpi-8c
1406,rpi-8c,rpi-8c,rpi-8c,rpi-8c
1407,rpi-8c,rpi-8c,rpi-8c,rpi-8c
1408,rpi-8c,rpi-8c,rpi-4a,rpi-8c
1409,rpi-8c,rpi-8d,rpi-8c,rpi-8c
1410,rpi-8c,rpi-8c,rpi-8c,rpi-8c
1411,rpi-8c,rpi-8d,rpi-8c,rpi-8c
1412,rpi-8c,rpi-8c,rpi-8c,rpi-8d
1413,rpi-8c,rpi-8d,rpi-8d,rpi-8c
1414,rpi-8c,rpi-8c,rpi-8c,rpi-8d
1415,rpi-8c,rpi-8d,rpi-8c,rpi-8b
1416,rpi-8c,rpi-8c,rpi-8c,rpi-8c
1417,rpi-8c,rpi-8c,rpi-8d,rpi-8c
1418,rpi-8c,rpi-8c,rpi-8c,rpi-8d
1419,rpi-8c,rpi-8d,rpi-8c,rpi-8c
1420,rpi-8c,rpi-8d,rpi-8c,rpi-8d
1421,rpi-8c,rpi-8c,rpi-8c,rpi-8c
1422,rpi-8c,rpi-8c,rpi-8b,rpi-8c
1423,rpi-8c,rpi-8c,rpi-8c,rpi-8c
1424,rpi-8c,rpi-8c,rpi-8c,rpi-8c
1425,rpi-8c,rpi-8c,rpi-8d,rpi-8c
1426,rpi-8c,rpi-8c,rpi-8c,rpi-8d
1427,rpi-8c,rpi-8c,rpi-8d,rpi-8c
1428,rpi-8c,rpi-4a,rpi-8c,rpi-8c
1429,rpi-8c,rpi-8d,rpi-8c,rpi-8c
1430,rpi-8c,rpi-8d,rpi-8c,rpi-8c
1431,rpi-8c,rpi-8c,rpi-8b,rpi-8c
1432,rpi-8c,rpi-8c,rpi-8d,rpi-8d
1433,rpi-8c,rpi-8c,rpi-8d,rpi-8d
1434,rpi-8c,rpi-4a,rpi-8c,rpi-4a
1435,rpi-8c,rpi-8c,rpi-8c,rpi-8c
1436,rpi-8c,rpi-8c,rpi-8c,rpi-4a
1437,rpi-8c,rpi-8d,rpi-8c,rpi-8d
1438,rpi-8c,rpi-4a,rpi-8d,rpi-8d
1439,rpi-8c,rpi-8c,rpi-8c,rpi-4a
1440,rpi-8c,rpi-8c,rpi-8b,rpi-8c
1441,rpi-8c,rpi-8c,rpi-8c,rpi-8c
1442,rpi-8c,rpi-8c,rpi-8d,rpi-8c
1443,rpi-8c,rpi-4a,rpi-8d,rpi-8d
1444,rpi-8c,rpi-8c,rpi-8c,rpi-8c
1445,rpi-8c,rpi-8c,rpi-8c,rpi-8c
1446,rpi-8c,rpi-8c,rpi-8d,rpi-8c
1447,rpi-8c,rpi-8c,rpi-8c,rpi-8c
1448,rpi-8c,rpi-8c,rpi-8c,rpi-8c
1449,rpi-8c,rpi-8c,rpi-8c,rpi-8c
1450,rpi-8c,rpi-8c,rpi-8c,rpi-8d
1451,rpi-8c,rpi-8c,rpi-8c,rpi-8c
1452,rpi-8c,rpi-8c,rpi-8d,rpi-8c
1453,rpi-8c,rpi-8c,rpi-8d,rpi-8c
1454,rpi-8c,rpi-8c,rpi-8d,rpi-4a
1455,rpi-8c,rpi-8c,rpi-8d,rpi-8d
1456,rpi-8c,rpi-8c,rpi-8d,rpi-8d
1457,rpi-8c,rpi-8c,rpi-8c,rpi-8c
1458,rpi-8c,rpi-8c,rpi-8c,rpi-8c
1459,rpi-8c,rpi-8c,rpi-8d,rpi-8c
1460,rpi-8c,rpi-8c,rpi-8c,rpi-8c
1461,rpi-8c,rpi-8c,rpi-8d,rpi-8c
1462,rpi-8c,rpi-4a,rpi-8c,rpi-8c
1463,rpi-8c,rpi-8c,rpi-8c,rpi-8c
1464,rpi-8c,rpi-8c,rpi-8c,rpi-8c
1465,rpi-8c,rpi-8c,rpi-8c,rpi-4a
1466,rpi-8c,rpi-8c,rpi-8d,rpi-8c
1467,rpi-8c,rpi-8c,rpi-8c,rpi-8c
1468,rpi-8c,rpi-8d,rpi-8c,rpi-8c
1469,rpi-8c,rpi-8c,rpi-8d,rpi-8c
1470,rpi-8c,rpi-8c,rpi-8c,rpi-4a
1471,rpi-8c,rpi-8c,rpi-8c,rpi-4a
1472,rpi-8c,rpi-8c,rpi-8c,rpi-8c
1473,rpi-8c,rpi-8c,rpi-4a,rpi-8c
1474,rpi-8c,rpi-4a,rpi-8c,rpi-8c
1475,rpi-8c,rpi-8c,rpi-8c,rpi-8d
1476,rpi-8c,rpi-8c,rpi-8c,rpi-8d
1477,rpi-8c,rpi-8d,rpi-8c,rpi-8c
1478,rpi-8c,rpi-8c,rpi-8c,rpi-8c
1479,rpi-8c,rpi-8c,rpi-8c,rpi-8d
1480,rpi-8c,rpi-8c,rpi-8c,rpi-8c
1481,rpi-8c,rpi-8d,rpi-8c,rpi-8d
1482,rpi-8c,rpi-8c,rpi-8c,rpi-8c
1483,rpi-8c,rpi-8c,rpi-8d,rpi-8c
1484,rpi-8c,rpi-8c,rpi-8c,rpi-8c
1485,rpi-8c,rpi-8c,rpi-8c,rpi-8c
1486,rpi-8c,rpi-8c,rpi-8d,rpi-8c
1487,rpi-8c,rpi-8c,rpi-4a,rpi-8c
1488,rpi-8c,rpi-8c,rpi-8d,rpi-4a
1489,rpi-8c,rpi-8c,rpi-8d,rpi-8c
1490,rpi-8c,rpi-8b,rpi-8c,rpi-8c
1491,rpi-8c,rpi-8c,rpi-8c,rpi-8d
1492,rpi-8c,rpi-8c,rpi-8c,rpi-8c
1493,rpi-8c,rpi-8c,rpi-8c,rpi-8c
1494,rpi-8c,rpi-8c,rpi-8c,rpi-8c
1495,rpi-8c,rpi-8c,rpi-8c,rpi-8c
1496,rpi-8c,rpi-8c,rpi-8d,rpi-8c
1497,rpi-8c,rpi-8c,rpi-8c,rpi-8c
1498,rpi-8c,rpi-8c,rpi-8c,rpi-8c
1499,rpi-8c,rpi-8c,rpi-8d,rpi-4a
1500,rpi-8c,rpi-8c,rpi-8c,rpi-8c
1501,rpi-8c,rpi-8c,rpi-8c,rpi-8c
1502,rpi-8c,rpi-8c,rpi-8c,rpi-4a
1503,rpi-8c,rpi-8c,rpi-8c,rpi-8c
1504,rpi-8c,rpi-8c,rpi-8c,rpi-8c
1505,rpi-8c,rpi-8c,rpi-8c,rpi-8c
1506,rpi-8c,rpi-8c,rpi-8c,rpi-8c
1507,rpi-8c,rpi-8c,rpi-8c,rpi-8d
1508,rpi-8c,rpi-8d,rpi-8d,rpi-8c
1509,rpi-8c,rpi-8c,rpi-8c,rpi-8d
1510,rpi-8c,rpi-8c,rpi-8d,rpi-8c
1511,rpi-8c,rpi-8c,rpi-8c,rpi-8d
1512,rpi-8c,rpi-8c,rpi-8c,rpi-8c
1513,rpi-8c,rpi-8c,rpi-8d,rpi-8d
1514,rpi-8c,rpi-8c,rpi-8d,rpi-8c
1515,rpi-8c,rpi-4a,rpi-4a,rpi-8c
1516,rpi-8c,rpi-8c,rpi-8c,rpi-8c
1517,rpi-8c,rpi-8c,rpi-4a,rpi-8c
1518,rpi-8c,rpi-8d,rpi-8c,rpi-8c
1519,rpi-8c,rpi-8c,rpi-8c,rpi-4a
1520,rpi-8c,rpi-8c,rpi-8c,rpi-8c
1521,rpi-8c,rpi-4a,rpi-8c,rpi-8c
1522,rpi-8c,rpi-8c,rpi-8c,rpi-8c
1523,rpi-8c,rpi-8c,rpi-8d,rpi-8c
1524,rpi-8c,rpi-4a,rpi-8c,rpi-8c
1525,rpi-8c,rpi-8c,rpi-4a,rpi-8b
1526,rpi-8c,rpi-4a,rpi-8c,rpi-8c
1527,rpi-8c,rpi-8c,rpi-8c,rpi-8c
1528,rpi-8c,rpi-8c,rpi-8c,rpi-8c
1529,rpi-8c,rpi-8c,rpi-8d,rpi-8c
1530,rpi-8c,rpi-8c,rpi-8c,rpi-8c
1531,rpi-8c,rpi-8c,rpi-4a,rpi-8c
1532,rpi-8c,rpi-8c,rpi-8c,rpi-4a
1533,rpi-8c,rpi-8c,rpi-8d,rpi-8c
1534,rpi-8c,rpi-8c,rpi-8d,rpi-8c
1535,rpi-8c,rpi-8c,rpi-8c,rpi-8c
1536,rpi-8c,rpi-8c,rpi-8c,rpi-8c
1537,rpi-8c,rpi-8c,rpi-8c,rpi-8b
1538,rpi-8c,rpi-8c,rpi-8c,rpi-8c
1539,rpi-8c,rpi-8c,rpi-8c,rpi-8d
1540,rpi-8c,rpi-8c,rpi-8c,rpi-8c
1541,rpi-8c,rpi-8c,rpi-8d,rpi-8a
1542,rpi-8c,rpi-8c,rpi-4a,rpi-8c
1543,rpi-8c,rpi-8c,rpi-8d,rpi-8c
1544,rpi-8c,rpi-8c,rpi-8c,rpi-8c
1545,rpi-8c,rpi-8c,rpi-8c,rpi-8d
1546,rpi-8c,rpi-8c,rpi-8c,rpi-8c
1547,rpi-8c,rpi-8b,rpi-4a,rpi-8c
1548,rpi-8c,rpi-8d,rpi-8d,rpi-8d
1549,rpi-8c,rpi-8c,rpi-8d,rpi-4a
1550,rpi-8c,rpi-8c,rpi-8c,rpi-8c
1551,rpi-8c,rpi-8d,rpi-8c,rpi-8d
1552,rpi-8c,rpi-8c,rpi-8c,rpi-8c
1553,rpi-8c,rpi-8c,rpi-8c,rpi-8d
1554,rpi-8c,rpi-8b,rpi-8d,rpi-8c
1555,rpi-8c,rpi-8c,rpi-8c,rpi-8c
1556,rpi-8c,rpi-8c,rpi-8c,rpi-8c
1557,rpi-8c,rpi-8c,rpi-8c,rpi-8d
1558,rpi-8c,rpi-8c,rpi-8c,rpi-4a
1559,rpi-8c,rpi-8d,rpi-8d,rpi-8b
1560,rpi-8c,rpi-8c,rpi-8c,rpi-8c
1561,rpi-8c,rpi-8d,rpi-8c,rpi-8c
1562,rpi-8c,rpi-8c,rpi-8c,rpi-8c
1563,rpi-8c,rpi-8c,rpi-8d,rpi-8c
1564,rpi-8c,rpi-8c,rpi-8c,rpi-8c
1565,rpi-8c,rpi-8c,rpi-8c,rpi-8c
1566,rpi-8c,rpi-8d,rpi-8c,rpi-8b
1567,rpi-8c,rpi-8d,rpi-8c,rpi-4a
1568,rpi-8c,rpi-8c,rpi-8c,rpi-8c
1569,rpi-8c,rpi-8c,rpi-8c,rpi-8d
1570,rpi-8c,rpi-8d,rpi-8c,rpi-8c
1571,rpi-8c,rpi-8d,rpi-8c,rpi-8c
1572,rpi-8c,rpi-8c,rpi-4a,rpi-8c
1573,rpi-8c,rpi-8c,rpi-8d,rpi-8c
1574,rpi-8c,rpi-8d,rpi-8c,rpi-8c
1575,rpi-8c,rpi-8c,rpi-8c,rpi-8c
1576,rpi-8c,rpi-8c,rpi-8c,rpi-4a
1577,rpi-8c,rpi-8c,rpi-4a,rpi-8c
1578,rpi-8c,rpi-8c,rpi-8c,rpi-8c
1579,rpi-8c,rpi-8d,rpi-8c,rpi-8d
1580,rpi-8c,rpi-8d,rpi-8c,rpi-8c
1581,rpi-8c,rpi-8c,rpi-8c,rpi-8c
1582,rpi-8c,rpi-8d,rpi-8c,rpi-8c
1583,rpi-8c,rpi-8c,rpi-8c,rpi-8d
1584,rpi-8c,rpi-8c,rpi-8d,rpi-8c
1585,rpi-8c,rpi-8c,rpi-8c,rpi-8c
1586,rpi-8c,rpi-8c,rpi-8c,rpi-8c
1587,rpi-8c,rpi-8d,rpi-8c,rpi-8d
1588,rpi-8c,rpi-8c,rpi-8c,rpi-8c
1589,rpi-8c,rpi-8c,rpi-8d,rpi-8d
1590,rpi-8c,rpi-4a,rpi-8c,rpi-8d
1591,rpi-8c,rpi-4a,rpi-8c,rpi-8d
1592,rpi-8c,rpi-8d,rpi-4a,rpi-4a
1593,rpi-8c,rpi-8c,rpi-8c,rpi-8c
1594,rpi-8c,rpi-8d,rpi-8d,rpi-8c
1595,rpi-8c,rpi-8d,rpi-8c,rpi-8c
1596,rpi-8c,rpi-8c,rpi-8c,rpi-8d
1597,rpi-8c,rpi-8c,rpi-8c,rpi-8c
1598,rpi-8c,rpi-8c,rpi-8c,rpi-8d
1599,rpi-8c,rpi-8d,rpi-8d,rpi-8c
1600,rpi-8c,rpi-8c,rpi-8c,rpi-8c
1601,rpi-8b,rpi-8b,rpi-8b,rpi-8b
1602,rpi-8b,rpi-8b,rpi-8b,rpi-8b
1603,rpi-8b,rpi-8b,rpi-8b,rpi-8c
1604,rpi-8b,rpi-8a,rpi-8b,rpi-8b
1605,rpi-8b,rpi-8b,rpi-8b,rpi-8b
1606,rpi-8b,rpi-8b,rpi-8b,rpi-8b
1607,rpi-8b,rpi-8b,rpi-8b,rpi-8a
1608,rpi-8b,rpi-8b,rpi-8b,rpi-8a
1609,rpi-8b,rpi-8b,rpi-8b,rpi-8a
1610,rpi-8b,rpi-8b,rpi-8b,rpi-8a
1611,rpi-8b,rpi-8a,rpi-8b,rpi-8b
1612,rpi-8b,rpi-8b,rpi-8b,rpi-8a
1613,rpi-8b,rpi-8b,rpi-8b,rpi-8b
1614,rpi-8b,rpi-8a,rpi-8b,rpi-8b
1615,rpi-8b,rpi-8a,rpi-8b,rpi-8b
1616,rpi-8b,rpi-8b,rpi-8b,rpi-8b
1617,rpi-8b,rpi-8b,rpi-8b,rpi-8b
1618,rpi-8b,rpi-8b,rpi-8b,rpi-8b
1619,rpi-8b,rpi-8b,rpi-8b,rpi-8b
1620,rpi-8b,rpi-8b,rpi-8b,rpi-8b
1621,rpi-8b,rpi-8a,rpi-8b,rpi-8a
1622,rpi-8b,rpi-8b,rpi-8a,rpi-8b
1623,rpi-8b,rpi-8b,rpi-8b,rpi-8b
1624,rpi-8b,rpi-8b,rpi-8b,rpi-8b
1625,rpi-8b,rpi-8b,rpi-8a,rpi-8b
1626,rpi-8b,rpi-8a,rpi-8b,rpi-8b
1627,rpi-8b,rpi-8b,rpi-8b,rpi-8b
1628,rpi-8b,rpi-8b,rpi-8b,rpi-8b
1629,rpi-8b,rpi-8b,rpi-8b,rpi-8b
1630,rpi-8b,rpi-8b,rpi-8b,rpi-8b
1631,rpi-8b,rpi-8b,rpi-8a,rpi-8b
1632,rpi-8b,rpi-8b,rpi-8a,rpi-8b
1633,rpi-8b,rpi-8a,rpi-8b,rpi-8b
1634,rpi-8b,rpi-8b,rpi-8a,rpi-8b
1635,rpi-8b,rpi-8b,rpi-8b,rpi-8b
1636,rpi-8b,rpi-8a,rpi-8b,rpi-8b
1637,rpi-8b,rpi-8a,rpi-8b,rpi-8a
1638,rpi-8b,rpi-8b,rpi-8b,rpi-8b
1639,rpi-8b,rpi-8b,rpi-8b,rpi-8b
1640,rpi-8b,rpi-8b,rpi-8a,rpi-8b
1641,rpi-8b,rpi-8b,rpi-8a,rpi-8b
1642,rpi-8b,rpi-8b,rpi-8b,rpi-8b
1643,rpi-8b,rpi-8b,rpi-8b,rpi-8b
1644,rpi-8b,rpi-8b,rpi-8a,rpi-8b
1645,rpi-8b,rpi-8b,rpi-8a,rpi-8b
1646,rpi-8b,rpi-8a,rpi-8a,rpi-8b
1647,rpi-8b,rpi-8b,rpi-8b,rpi-8b
1648,rpi-8b,rpi-8b,rpi-8b,rpi-8b
1649,rpi-8b,rpi-8b,rpi-8b,rpi-8b
1650,rpi-8b,rpi-8b,rpi-8b,rpi-8b
1651,rpi-8b,rpi-8b,rpi-8b,rpi-8a
1652,rpi-8b,rpi-8a,rpi-8b,rpi-8b
1653,rpi-8b,rpi-8a,rpi-8b,rpi-8b
1654,rpi-8b,rpi-8b,rpi-8b,rpi-8b
1655,rpi-8b,rpi-8b,rpi-8b,rpi-8b
1656,rpi-8b,rpi-8b,rpi-8b,rpi-8b
1657,rpi-8b,rpi-8b,rpi-8b,rpi-8b
1658,rpi-8b,rpi-8b,rpi-8b,rpi-8a
1659,rpi-8b,rpi-8b,rpi-8b,rpi-8b
1660,rpi-8b,rpi-8b,rpi-8a,rpi-8a
1661,rpi-8b,rpi-8b,rpi-8b,rpi-8b
1662,rpi-8b,rpi-8b,rpi-8a,rpi-8b
1663,rpi-8b,rpi-8b,rpi-8b,rpi-8b
1664,rpi-8b,rpi-8a,rpi-8b,rpi-8a
1665,rpi-8b,rpi-8b,rpi-8a,rpi-8a
1666,rpi-8b,rpi-8b,rpi-8b,rpi-8b
1667,rpi-8b,rpi-8b,rpi-8b,rpi-8b
1668,rpi-8b,rpi-8b,rpi-8b,rpi-8b
1669,rpi-8b,rpi-8b,rpi-8b,rpi-8b
1670,rpi-8b,rpi-8a,rpi-8b,rpi-8b
1671,rpi-8b,rpi-8b,rpi-4a,rpi-8b
1672,rpi-8b,rpi-8b,rpi-8b,rpi-8a
1673,rpi-8b,rpi-8a,rpi-8b,rpi-8b
1674,rpi-8b,rpi-8b,rpi-8b,rpi-8b
1675,rpi-8b,rpi-8b,rpi-8b,rpi-8a
1676,rpi-8b,rpi-8b,rpi-8b,rpi-8a
1677,rpi-8b,rpi-8b,rpi-8a,rpi-8b
1678,rpi-8b,rpi-8b,rpi-8a,rpi-8a
1679,rpi-8b,rpi-8b,rpi-8b,rpi-8a
1680,rpi-8b,rpi-8b,rpi-8b,rpi-8b
1681,rpi-8b,rpi-8b,rpi-8b,rpi-8b
1682,rpi-8b,rpi-8b,rpi-8a,rpi-8b
1683,rpi-8b,rpi-8a,rpi-8b,rpi-8a
1684,rpi-8b,rpi-8b,rpi-8b,rpi-8b
1685,rpi-8b,rpi-8a,rpi-8b,rpi-8b
1686,rpi-8b,rpi-8b,rpi-8b,rpi-8b
1687,rpi-8b,rpi-8b,rpi-8b,rpi-8b
1688,rpi-8b,rpi-8b,rpi-8b,rpi-8b
1689,rpi-8b,rpi-8b,rpi-8b,rpi-8b
1690,rpi-8b,rpi-8b,rpi-8a,rpi-8b
1691,rpi-8b,rpi-8b,rpi-8b,rpi-8b
1692,rpi-8b,rpi-8b,rpi-8b,rpi-8b
1693,rpi-8b,rpi-8b,rpi-8b,rpi-8b
1694,rpi-8b,rpi-8b,rpi-8b,rpi-8b
1695,rpi-8b,rpi-8a,rpi-8b,rpi-8b
1696,rpi-8b,rpi-8b,rpi-8b,rpi-8b
1697,rpi-8b,rpi-8b,rpi-8b,rpi-8b
1698,rpi-8b,rpi-8b,rpi-8b,rpi-8a
1699,rpi-8b,rpi-8b,rpi-8a,rpi-8b
1700,rpi-8b,rpi-8b,rpi-8b,rpi-8b
1701,rpi-8b,rpi-8b,rpi-8b,rpi-8b
1702,rpi-8b,rpi-8b,rpi-8b,rpi-8b
1703,rpi-8b,rpi-8b,rpi-8a,rpi-8b
1704,rpi-8b,rpi-8b,rpi-8b,rpi-8b
1705,rpi-8b,rpi-8b,rpi-8a,rpi-8b
1706,rpi-8b,rpi-8b,rpi-8b,rpi-8b
1707,rpi-8b,rpi-8b,rpi-8b,rpi-8b
1708,rpi-8b,rpi-8b,rpi-8b,rpi-8a
1709,rpi-8b,rpi-8b,rpi-8b,rpi-8b
1710,rpi-8b,rpi-8b,rpi-8b,rpi-8b
1711,rpi-8b,rpi-8a,rpi-8b,rpi-8a
1712,rpi-8b,rpi-8b,rpi-8b,rpi-8b
1713,rpi-8b,rpi-8c,rpi-8a,rpi-8b
1714,rpi-8b,rpi-8a,rpi-8b,rpi-8b
1715,rpi-8b,rpi-8b,rpi-8b,rpi-8b
1716,rpi-8b,rpi-8b,rpi-8b,rpi-8b
1717,rpi-8b,rpi-8b,rpi-8b,rpi-8b
1718,rpi-8b,rpi-8b,rpi-8a,rpi-8b
1719,rpi-8b,rpi-8b,rpi-8b,rpi-8b
1720,rpi-8b,rpi-8a,rpi-8b,rpi-8b
1721,rpi-8b,rpi-8b,rpi-8b,rpi-8b
1722,rpi-8b,rpi-8a,rpi-8b,rpi-8b
1723,rpi-8b,rpi-8b,rpi-8b,rpi-8b
1724,rpi-8b,rpi-8b,rpi-8b,rpi-8a
1725,rpi-8b,rpi-8c,rpi-8b,rpi-8a
1726,rpi-8b,rpi-8b,rpi-8b,rpi-8b
1727,rpi-8b,rpi-8b,rpi-8b,rpi-8b
1728,rpi-8b,rpi-8a,rpi-8b,rpi-8b
1729,rpi-8b,rpi-8b,rpi-8b,rpi-8a
1730,rpi-8b,rpi-8b,rpi-8b,rpi-8b
1731,rpi-8b,rpi-8b,rpi-8b,rpi-8a
1732,rpi-8b,rpi-8b,rpi-8b,rpi-8a
1733,rpi-8b,rpi-8b,rpi-8b,rpi-8a
1734,rpi-8b,rpi-8b,rpi-8b,rpi-8b
1735,rpi-8b,rpi-8b,rpi-8b,rpi-8b
1736,rpi-8b,rpi-8b,rpi-8b,rpi-8b
1737,rpi-8b,rpi-8b,rpi-8b,rpi-8b
1738,rpi-8b,rpi-8b,rpi-8b,rpi-8b
1739,rpi-8b,rpi-8b,rpi-8b,rpi-8b
1740,rpi-8b,rpi-8a,rpi-8b,rpi-8b
1741,rpi-8b,rpi-8b,rpi-8b,rpi-8b
1742,rpi-8b,rpi-8b,rpi-8a,rpi-8b
1743,rpi-8b,rpi-8b,rpi-8b,rpi-8a
1744,rpi-8b,rpi-8b,rpi-8b,rpi-8b
1745,rpi-8b,rpi-8a,rpi-8b,rpi-8b
1746,rpi-8b,rpi-8b,rpi-8b,rpi-8b
1747,rpi-8b,rpi-8b,rpi-8b,rpi-8b
1748,rpi-8b,rpi-8b,rpi-8b,rpi-8a
1749,rpi-8b,rpi-8b,rpi-8a,rpi-8a
1750,rpi-8b,rpi-8b,rpi-8b,rpi-8b
1751,rpi-8b,rpi-8b,rpi-8b,rpi-8b
1752,rpi-8b,rpi-8b,rpi-8b,rpi-8a
1753,rpi-8b,rpi-8a,rpi-8b,rpi-8b
1754,rpi-8b,rpi-8b,rpi-8b,rpi-8b
1755,rpi-8b,rpi-8b,rpi-8b,rpi-8a
1756,rpi-8b,rpi-8b,rpi-8b,rpi-8b
1757,rpi-8b,rpi-8b,rpi-8a,rpi-8a
1758,rpi-8b,rpi-8a,rpi-8a,rpi-8b
1759,rpi-8b,rpi-8a,rpi-8b,rpi-8b
1760,rpi-8b,rpi-8b,rpi-8a,rpi-8b
1761,rpi-8b,rpi-8b,rpi-8a,rpi-8b
1762,rpi-8b,rpi-8b,rpi-8a,rpi-8b
1763,rpi-8b,rpi-8b,rpi-8a,rpi-8b
1764,rpi-8b,rpi-8b,rpi-8b,rpi-8b
1765,rpi-8b,rpi-8a,rpi-8b,rpi-8b
1766,rpi-8b,rpi-8b,rpi-8b,rpi-8b
1767,rpi-8b,rpi-8a,rpi-8b,rpi-8b
1768,rpi-8b,rpi-8b,rpi-8b,rpi-8b
1769,rpi-8b,rpi-8b,rpi-8b,rpi-8b
1770,rpi-8b,rpi-8b,rpi-8b,rpi-8b
1771,rpi-8b,rpi-8b,rpi-8b,rpi-8a
1772,rpi-8b,rpi-8b,rpi-8b,rpi-8b
1773,rpi-8b,rpi-8b,rpi-8a,rpi-8b
1774,rpi-8b,rpi-8b,rpi-8b,rpi-8b
1775,rpi-8b,rpi-8b,rpi-8b,rpi-8b
1776,rpi-8b,rpi-8b,rpi-8b,rpi-8b
1777,rpi-8b,rpi-8b,rpi-8b,rpi-8b
1778,rpi-8b,rpi-8b,rpi-8b,rpi-8b
1779,rpi-8b,rpi-8b,rpi-8b,rpi-8a
1780,rpi-8b,rpi-8a,rpi-8b,rpi-8b
1781,rpi-8b,rpi-8b,rpi-8a,rpi-8b
1782,rpi-8b,rpi-8b,rpi-8b,rpi-8b
1783,rpi-8b,rpi-8b,rpi-8b,rpi-8a
1784,rpi-8b,rpi-8b,rpi-8b,rpi-8b
1785,rpi-8b,rpi-8b,rpi-8a,rpi-8b
1786,rpi-8b,rpi-8b,rpi-8b,rpi-8a
1787,rpi-8b,rpi-8b,rpi-8b,rpi-8b
1788,rpi-8b,rpi-8a,rpi-8b,rpi-8b
1789,rpi-8b,rpi-8b,rpi-8b,rpi-8b
1790,rpi-8b,rpi-8b,rpi-8b,rpi-8b
1791,rpi-8b,rpi-8b,rpi-8a,rpi-8b
1792,rpi-8b,rpi-8b,rpi-8b,rpi-8a
1793,rpi-8b,rpi-8b,rpi-8a,rpi-8b
1794,rpi-8b,rpi-8a,rpi-8b,rpi-8b
1795,rpi-8b,rpi-8b,rpi-8a,rpi-8a
1796,rpi-8b,rpi-8b,rpi-8a,rpi-8b
1797,rpi-8b,rpi-8b,rpi-8b,rpi-8b
1798,rpi-8b,rpi-8b,rpi-8b,rpi-8a
1799,rpi-8b,rpi-8b,rpi-8b,rpi-8b
1800,rpi-8b,rpi-8b,rpi-8b,rpi-8b
1801,rpi-8b,rpi-8b,rpi-8a,rpi-8b
1802,rpi-8b,rpi-8a,rpi-8b,rpi-8b
1803,rpi-8b,rpi-8b,rpi-8a,rpi-8b
1804,rpi-8b,rpi-8b,rpi-8a,rpi-8b
1805,rpi-8b,rpi-8b,rpi-8a,rpi-8b
1806,rpi-8b,rpi-8b,rpi-8b,rpi-8b
1807,rpi-8b,rpi-8b,rpi-8b,rpi-8a
1808,rpi-8b,rpi-8b,rpi-8b,rpi-8b
1809,rpi-8b,rpi-8b,rpi-8b,rpi-8b
1810,rpi-8b,rpi-8b,rpi-8b,rpi-8b
1811,rpi-8b,rpi-8b,rpi-8b,rpi-8b
1812,rpi-8b,rpi-8b,rpi-8b,rpi-8b
1813,rpi-8b,rpi-8b,rpi-8b,rpi-8b
1814,rpi-8b,rpi-8b,rpi-8b,rpi-8b
1815,rpi-8b,rpi-8b,rpi-8a,rpi-8a
1816,rpi-8b,rpi-8b,rpi-8b,rpi-8a
1817,rpi-8b,rpi-8b,rpi-8b,rpi-8a
1818,rpi-8b,rpi-8b,rpi-8b,rpi-8b
1819,rpi-8b,rpi-8b,rpi-8a,rpi-8b
1820,rpi-8b,rpi-8b,rpi-8b,rpi-8b
1821,rpi-8b,rpi-8b,rpi-8b,rpi-8b
1822,rpi-8b,rpi-8b,rpi-8b,rpi-8b
1823,rpi-8b,rpi-8b,rpi-8b,rpi-8b
1824,rpi-8b,rpi-8b,rpi-8b,rpi-8a
1825,rpi-8b,rpi-8b,rpi-8a,rpi-8b
1826,rpi-8b,rpi-8b,rpi-8b,rpi-8b
1827,rpi-8b,rpi-8b,rpi-8b,rpi-8b
1828,rpi-8b,rpi-8b,rpi-8b,rpi-8b
1829,rpi-8b,rpi-8b,rpi-8b,rpi-8b
1830,rpi-8b,rpi-8b,rpi-8b,rpi-8b
1831,rpi-8b,rpi-8b,rpi-8b,rpi-8a
1832,rpi-8b,rpi-8b,rpi-8a,rpi-8a
1833,rpi-8b,rpi-8b,rpi-8b,rpi-8a
1834,rpi-8b,rpi-8b,rpi-8b,rpi-8b
1835,rpi-8b,rpi-8b,rpi-8b,rpi-8b
1836,rpi-8b,rpi-8b,rpi-8b,rpi-8b
1837,rpi-8b,rpi-8b,rpi-8b,rpi-8b
1838,rpi-8b,rpi-8b,rpi-8b,rpi-8b
1839,rpi-8b,rpi-8a,rpi-8b,rpi-8b
1840,rpi-8b,rpi-8b,rpi-8b,rpi-8a
1841,rpi-8b,rpi-8b,rpi-8a,rpi-8b
1842,rpi-8b,rpi-8b,rpi-8b,rpi-8b
1843,rpi-8b,rpi-8b,rpi-8a,rpi-8b
1844,rpi-8b,rpi-8b,rpi-8b,rpi-8b
1845,rpi-8b,rpi-8b,rpi-8b,rpi-8b
1846,rpi-8b,rpi-8b,rpi-8a,rpi-8a
1847,rpi-8b,rpi-8b,rpi-8b,rpi-8b
1848,rpi-8b,rpi-8b,rpi-8b,rpi-8b
1849,rpi-8b,rpi-8b,rpi-8a,rpi-8b
1850,rpi-8b,rpi-8a,rpi-8b,rpi-8b
1851,rpi-8b,rpi-8b,rpi-8b,rpi-8b
1852,rpi-8b,rpi-8b,rpi-8b,rpi-8a
1853,rpi-8b,rpi-8b,rpi-8a,rpi-8b
1854,rpi-8b,rpi-8a,rpi-8a,rpi-8b
1855,rpi-8b,rpi-8b,rpi-8b,rpi-8b
1856,rpi-8b,rpi-8b,rpi-8b,rpi-8b
1857,rpi-8b,rpi-8b,rpi-8b,rpi-8b
1858,rpi-8b,rpi-8a,rpi-8b,rpi-8b
1859,rpi-8b,rpi-8a,rpi-8b,rpi-8b
1860,rpi-8b,rpi-8a,rpi-8b,rpi-8b
1861,rpi-8b,rpi-8b,rpi-8a,rpi-8a
1862,rpi-8b,rpi-8b,rpi-8b,rpi-8b
1863,rpi-8b,rpi-8a,rpi-8b,rpi-8b
1864,rpi-8b,rpi-8b,rpi-8b,rpi-8b
1865,rpi-8b,rpi-8b,rpi-8b,rpi-8b
1866,rpi-8b,rpi-8b,rpi-8b,rpi-8a
1867,rpi-8b,rpi-8b,rpi-8b,rpi-8a
1868,rpi-8b,rpi-8b,rpi-8a,rpi-8b
1869,rpi-8b,rpi-8b,rpi-8b,rpi-8b
1870,rpi-8b,rpi-8b,rpi-8b,rpi-8a
1871,rpi-8b,rpi-8b,rpi-8b,rpi-8b
1872,rpi-8b,rpi-8b,rpi-8b,rpi-8b
1873,rpi-8b,rpi-8b,rpi-8b,rpi-8b
1874,rpi-8b,rpi-8a,rpi-8b,rpi-8b
1875,rpi-8b,rpi-8b,rpi-8a,rpi-8b
1876,rpi-8b,rpi-8b,rpi-8b,rpi-8b
1877,rpi-8b,rpi-8b,rpi-8b,rpi-8b
1878,rpi-8b,rpi-8b,rpi-8a,rpi-8b
1879,rpi-8b,rpi-8b,rpi-8b,rpi-8b
1880,rpi-8b,rpi-8b,rpi-8b,rpi-8b
1881,rpi-8b,rpi-8b,rpi-8b,rpi-8b
1882,rpi-8b,rpi-8b,rpi-8b,rpi-8b
1883,rpi-8b,rpi-8b,rpi-8a,rpi-8b
1884,rpi-8b,rpi-8b,rpi-8b,rpi-8b
1885,rpi-8b,rpi-8b,rpi-8b,rpi-8a
1886,rpi-8b,rpi-8b,rpi-8b,rpi-8a
1887,rpi-8b,rpi-8a,rpi-8b,rpi-8b
1888,rpi-8b,rpi-8b,rpi-8b,rpi-8a
1889,rpi-8b,rpi-8b,rpi-8b,rpi-8a
1890,rpi-8b,rpi-8b,rpi-8a,rpi-8b
1891,rpi-8b,rpi-8b,rpi-8b,rpi-8a
1892,rpi-8b,rpi-8a,rpi-8b,rpi-8a
1893,rpi-8b,rpi-8b,rpi-8b,rpi-8b
1894,rpi-8b,rpi-8b,rpi-8b,rpi-8b
1895,rpi-8b,rpi-8a,rpi-8a,rpi-8b
1896,rpi-8b,rpi-8b,rpi-8b,rpi-8b
1897,rpi-8b,rpi-8b,rpi-8a,rpi-8b
1898,rpi-8b,rpi-8b,rpi-8b,rpi-8b
1899,rpi-8b,rpi-8b,rpi-8b,rpi-8b
1900,rpi-8b,rpi-8b,rpi-8b,rpi-8b
1901,rpi-8b,rpi-8a,rpi-8b,rpi-8b
1902,rpi-8b,rpi-8b,rpi-8b,rpi-8b
1903,rpi-8b,rpi-8b,rpi-8a,rpi-8a
1904,rpi-8b,rpi-8b,rpi-8b,rpi-8a
1905,rpi-8b,rpi-8a,rpi-8b,rpi-8b
1906,rpi-8b,rpi-8b,rpi-8b,rpi-8b
1907,rpi-8b,rpi-8b,rpi-8b,rpi-8b
1908,rpi-8b,rpi-8b,rpi-8b,rpi-8a
1909,rpi-8b,rpi-8a,rpi-8b,rpi-8b
1910,rpi-8b,rpi-8b,rpi-8b,rpi-8b
1911,rpi-8b,rpi-8b,rpi-8c,rpi-8b
1912,rpi-8b,rpi-8b,rpi-8b,rpi-8b
1913,rpi-8b,rpi-8b,rpi-8b,rpi-8b
1914,rpi-8b,rpi-8a,rpi-8b,rpi-8b
1915,rpi-8b,rpi-8b,rpi-8a,rpi-8b
1916,rpi-8b,rpi-8b,rpi-8b,rpi-8a
1917,rpi-8b,rpi-8b,rpi-8b,rpi-8b
1918,rpi-8b,rpi-8b,rpi-8b,rpi-8a
1919,rpi-8b,rpi-8b,rpi-8b,rpi-8b
1920,rpi-8b,rpi-8b,rpi-8b,rpi-8b
1921,rpi-8b,rpi-8a,rpi-8b,rpi-8a
1922,rpi-8b,rpi-8b,rpi-8b,rpi-8b
1923,rpi-8b,rpi-8b,rpi-8b,rpi-8b
1924,rpi-8b,rpi-8b,rpi-8b,rpi-8a
1925,rpi-8b,rpi-8a,rpi-8b,rpi-8b
1926,rpi-8b,rpi-8a,rpi-8b,rpi-8b
1927,rpi-8b,rpi-8b,rpi-8b,rpi-8a
1928,rpi-8b,rpi-8b,rpi-8a,rpi-8b
1929,rpi-8b,rpi-8b,rpi-8b,rpi-8b
1930,rpi-8b,rpi-8b,rpi-8b,rpi-8b
1931,rpi-8b,rpi-8b,rpi-8a,rpi-8b
1932,rpi-8b,rpi-8a,rpi-8b,rpi-8b
1933,rpi-8b,rpi-8b,rpi-8b,rpi-8b
1934,rpi-8b,rpi-8b,rpi-8b,rpi-8b
1935,rpi-8b,rpi-8b,rpi-8b,rpi-8b
1936,rpi-8b,rpi-8b,rpi-8a,rpi-8b
1937,rpi-8b,rpi-8b,rpi-8b,rpi-8b
1938,rpi-8b,rpi-8b,rpi-8b,rpi-8b
1939,rpi-8b,rpi-8b,rpi-8b,rpi-8b
1940,rpi-8b,rpi-8b,rpi-8b,rpi-8b
1941,rpi-8b,rpi-8b,rpi-8b,rpi-8b
1942,rpi-8b,rpi-8b,rpi-8b,rpi-8b
1943,rpi-8b,rpi-8b,rpi-8b,rpi-8b
1944,rpi-8b,rpi-8b,rpi-8b,rpi-8b
1945,rpi-8b,rpi-8b,rpi-8b,rpi-8b
1946,rpi-8b,rpi-8b,rpi-8b,rpi-8b
1947,rpi-8b,rpi-8b,rpi-8a,rpi-8b
1948,rpi-8b,rpi-8b,rpi-8b,rpi-8b
1949,rpi-8b,rpi-8b,rpi-8b,rpi-8b
1950,rpi-8b,rpi-8a,rpi-8a,rpi-8b
1951,rpi-8b,rpi-8b,rpi-8b,rpi-8b
1952,rpi-8b,rpi-8a,rpi-8b,rpi-8b
1953,rpi-8b,rpi-8b,rpi-8b,rpi-8b
1954,rpi-8b,rpi-8a,rpi-8b,rpi-8a
1955,rpi-8b,rpi-8b,rpi-8b,rpi-8b
1956,rpi-8b,rpi-8b,rpi-8b,rpi-8b
1957,rpi-8b,rpi-8b,rpi-8b,rpi-8b
1958,rpi-8b,rpi-8b,rpi-8b,rpi-8b
1959,rpi-8b,rpi-8b,rpi-8a,rpi-8b
1960,rpi-8b,rpi-8b,rpi-8b,rpi-8b
1961,rpi-8b,rpi-8a,rpi-8b,rpi-8b
1962,rpi-8b,rpi-8b,rpi-8b,rpi-8b
1963,rpi-8b,rpi-8b,rpi-8b,rpi-8b
1964,rpi-8b,rpi-8b,rpi-8b,rpi-8b
1965,rpi-8b,rpi-8b,rpi-8b,rpi-8b
1966,rpi-8b,rpi-8a,rpi-8b,rpi-8b
1967,rpi-8b,rpi-8b,rpi-8b,rpi-8b
1968,rpi-8b,rpi-8b,rpi-8b,rpi-8b
1969,rpi-8b,rpi-8b,rpi-8b,rpi-8b
1970,rpi-8b,rpi-8b,rpi-8b,rpi-8b
1971,rpi-8b,rpi-8b,rpi-8b,rpi-8b
1972,rpi-8b,rpi-8b,rpi-8a,rpi-8b
1973,rpi-8b,rpi-8b,rpi-8b,rpi-8a
1974,rpi-8b,rpi-8a,rpi-8a,rpi-8b
1975,rpi-8b,rpi-8b,rpi-8b,rpi-8b
1976,rpi-8b,rpi-8a,rpi-8a,rpi-8a
1977,rpi-8b,rpi-8b,rpi-8b,rpi-8b
1978,rpi-8b,rpi-8b,rpi-8b,rpi-8b
1979,rpi-8b,rpi-8b,rpi-8a,rpi-8b
1980,rpi-8b,rpi-8b,rpi-8b,rpi-8a
1981,rpi-8b,rpi-8b,rpi-8b,rpi-8b
1982,rpi-8b,rpi-8b,rpi-8b,rpi-8b
1983,rpi-8b,rpi-8b,rpi-8b,rpi-8a
1984,rpi-8b,rpi-8a,rpi-8b,rpi-8b
1985,rpi-8b,rpi-8b,rpi-8b,rpi-8b
1986,rpi-8b,rpi-8b,rpi-8a,rpi-8c
1987,rpi-8b,rpi-8b,rpi-8a,rpi-8b
1988,rpi-8b,rpi-8b,rpi-8a,rpi-8a
1989,rpi-8b,rpi-8b,rpi-8b,rpi-8b
1990,rpi-8b,rpi-8b,rpi-8b,rpi-8b
1991,rpi-8b,rpi-8a,rpi-8b,rpi-8b
1992,rpi-8b,rpi-8a,rpi-8b,rpi-8b
1993,rpi-8b,rpi-8b,rpi-8b,rpi-8b
1994,rpi-8b,rpi-8b,rpi-8b,rpi-8b
1995,rpi-8b,rpi-8b,rpi-8b,rpi-8a
1996,rpi-8b,rpi-8b,rpi-8b,rpi-8b
1997,odroid2,odroid2,odroid2,odroid2
1998,odroid2,odroid2,odroid2,odroid2
1999,odroid2,odroid2,odroid2,odroid2
2000,odroid2,odroid2,odroid2,odroid2
2001,odroid2,odroid2,odroid2,odroid2
2002,odroid2,odroid2,odroid2,odroid2
2003,odroid2,odroid2,odroid2,odroid2
2004,odroid2,odroid2,odroid2,odroid2
2005,odroid2,odroid2,odroid2,odroid2
2006,odroid2,odroid2,odroid2,odroid2
2007,odroid2,odroid2,odroid2,odroid2
2008,odroid2,odroid2,odroid2,odroid2
2009,odroid2,odroid2,odroid2,odroid2
2010,odroid2,odroid2,odroid2,odroid2
2011,odroid2,odroid2,odroid2,odroid2
2012,odroid2,odroid2,odroid2,odroid2
2013,odroid2,odroid2,odroid2,odroid2
2014,odroid2,odroid2,odroid2,odroid2
2015,odroid2,odroid2,odroid2,odroid2
2016,odroid2,odroid2,odroid2,odroid2
2017,odroid2,odroid2,odroid2,odroid2
2018,odroid2,odroid2,odroid2,odroid2
2019,odroid2,odroid2,odroid2,odroid2
2020,odroid2,odroid2,odroid2,odroid2
2021,odroid2,odroid2,odroid2,odroid2
2022,odroid2,odroid2,odroid2,odroid2
2023,odroid2,odroid2,odroid2,odroid2
2024,odroid2,odroid2,odroid2,odroid2
2025,odroid2,odroid2,odroid2,odroid2
2026,odroid2,odroid2,odroid2,odroid2
2027,odroid2,odroid2,odroid2,odroid2
2028,odroid2,odroid2,odroid2,odroid2
2029,odroid2,odroid2,odroid2,odroid2
2030,odroid2,odroid2,odroid2,odroid2
2031,odroid2,odroid2,odroid2,odroid2
2032,odroid2,odroid2,odroid2,odroid2
2033,odroid2,odroid2,odroid2,odroid2
2034,odroid2,odroid2,odroid2,odroid2
2035,odroid2,odroid2,odroid2,odroid2
2036,odroid2,odroid2,odroid2,odroid2
2037,odroid2,odroid2,odroid2,odroid2
2038,odroid2,odroid2,odroid2,odroid2
2039,odroid2,odroid2,odroid2,odroid2
2040,odroid2,odroid2,odroid2,odroid2
2041,odroid2,odroid2,odroid2,odroid2
2042,odroid2,odroid2,odroid2,odroid2
2043,odroid2,odroid2,odroid2,odroid2
2044,odroid2,odroid2,odroid2,odroid2
2045,odroid2,odroid2,odroid2,odroid2
2046,odroid2,odroid2,odroid2,odroid2
2047,odroid2,odroid2,odroid2,odroid2
2048,odroid2,odroid2,odroid2,odroid2
2049,odroid2,odroid2,odroid2,odroid2
2050,odroid2,odroid2,odroid2,odroid2
2051,odroid2,odroid2,odroid2,odroid2
2052,odroid2,odroid2,odroid2,odroid2
2053,odroid2,odroid2,odroid2,odroid2
2054,odroid2,odroid2,odroid2,odroid2
2055,odroid2,odroid2,odroid2,odroid2
2056,odroid2,odroid2,odroid2,odroid2
2057,odroid2,odroid2,odroid2,odroid2
2058,odroid2,odroid2,odroid2,odroid2
2059,odroid2,odroid2,odroid2,odroid2
2060,odroid2,odroid2,odroid2,odroid2
2061,odroid2,odroid2,odroid2,odroid2
2062,odroid2,odroid2,odroid2,odroid2
2063,odroid2,odroid2,odroid2,odroid2
2064,odroid2,odroid2,odroid2,odroid2
2065,odroid2,odroid2,odroid2,odroid2
2066,odroid2,odroid2,odroid2,odroid2
2067,odroid2,odroid2,odroid2,odroid2
2068,odroid2,odroid2,odroid2,odroid2
2069,odroid2,odroid2,odroid2,odroid2
2070,odroid2,odroid2,odroid2,odroid2
2071,odroid2,odroid2,odroid2,odroid2
2072,odroid2,odroid2,odroid2,odroid2
2073,odroid2,odroid2,odroid2,odroid2
2074,odroid2,odroid2,odroid2,odroid2
2075,odroid2,odroid2,odroid2,odroid2
2076,odroid2,odroid2,odroid2,odroid2
2077,odroid2,odroid2,odroid2,odroid2
2078,odroid2,odroid2,odroid2,odroid2
2079,odroid2,odroid2,odroid2,odroid2
2080,odroid2,odroid2,odroid2,odroid2
2081,odroid2,odroid2,odroid2,odroid2
2082,odroid2,odroid2,odroid2,odroid2
2083,odroid2,odroid2,odroid2,odroid2
2084,odroid2,odroid2,odroid2,odroid2
2085,odroid2,odroid2,odroid2,odroid2
2086,odroid2,odroid2,odroid2,odroid2
2087,odroid2,odroid2,odroid2,odroid2
2088,odroid2,odroid2,odroid2,odroid2
2089,odroid2,odroid2,odroid2,odroid2
2090,odroid2,odroid2,odroid2,odroid2
2091,odroid2,odroid2,odroid2,odroid2
2092,odroid2,odroid2,odroid2,odroid2
2093,odroid2,odroid2,odroid2,odroid2
2094,odroid2,odroid2,odroid2,odroid2
2095,odroid2,odroid2,odroid2,odroid2
2096,odroid2,odroid2,odroid2,odroid2
2097,odroid2,odroid2,odroid2,odroid2
2098,odroid2,odroid2,odroid2,odroid2
2099,odroid2,odroid2,odroid2,odroid2
2100,odroid2,odroid2,odroid2,odroid2
2101,odroid2,odroid2,odroid2,odroid2
2102,odroid2,odroid2,odroid2,odroid2
2103,odroid2,odroid2,odroid2,odroid2
2104,odroid2,odroid2,odroid2,odroid2
2105,odroid2,odroid2,odroid2,odroid2
2106,odroid2,odroid2,odroid2,odroid2
2107,odroid2,odroid2,odroid2,odroid2
2108,odroid2,odroid2,odroid2,odroid2
2109,odroid2,odroid2,odroid2,odroid2
2110,odroid2,odroid2,odroid2,odroid2
2111,odroid2,odroid2,odroid2,odroid2
2112,odroid2,odroid2,odroid2,odroid2
2113,odroid2,odroid2,odroid2,odroid2
2114,odroid2,odroid2,odroid2,odroid2
2115,odroid2,odroid2,odroid2,odroid2
2116,odroid2,odroid2,odroid2,odroid2
2117,odroid2,odroid2,odroid2,odroid2
2118,odroid2,odroid2,odroid3,odroid2
2119,odroid2,odroid2,odroid2,odroid2
2120,odroid2,odroid2,odroid2,odroid2
2121,odroid2,odroid2,odroid2,odroid2
2122,odroid2,odroid2,odroid2,odroid2
2123,odroid2,odroid2,odroid2,odroid2
2124,odroid2,odroid2,odroid2,odroid2
2125,odroid2,odroid2,odroid2,odroid2
2126,odroid2,odroid2,odroid2,odroid2
2127,odroid2,odroid2,odroid2,odroid2
2128,odroid2,odroid2,odroid2,odroid2
2129,odroid2,odroid2,odroid2,odroid2
2130,odroid2,odroid2,odroid2,odroid2
2131,odroid2,odroid2,odroid2,odroid2
2132,odroid2,odroid2,odroid2,odroid2
2133,odroid2,odroid2,odroid2,odroid2
2134,odroid2,odroid2,odroid2,odroid2
2135,odroid2,odroid2,odroid2,odroid2
2136,odroid2,odroid2,odroid2,odroid2
2137,odroid2,odroid2,odroid2,odroid2
2138,odroid2,odroid2,odroid2,odroid2
2139,odroid2,odroid2,odroid2,odroid2
2140,odroid2,odroid2,odroid2,odroid2
2141,odroid2,odroid2,odroid2,odroid2
2142,odroid2,odroid2,odroid2,odroid2
2143,odroid2,odroid2,odroid2,odroid2
2144,odroid2,odroid2,odroid2,odroid2
2145,odroid2,odroid2,odroid2,odroid2
2146,odroid2,odroid2,odroid2,odroid2
2147,odroid2,odroid2,odroid2,odroid2
2148,odroid2,odroid2,odroid2,odroid2
2149,odroid2,odroid2,odroid2,odroid2
2150,odroid2,odroid2,odroid2,odroid2
2151,odroid2,odroid2,odroid2,odroid2
2152,odroid2,odroid2,odroid2,odroid2
2153,odroid2,odroid2,odroid2,odroid2
2154,odroid2,odroid2,odroid2,odroid2
2155,odroid2,odroid2,odroid2,odroid2
2156,odroid2,odroid2,odroid2,odroid2
2157,odroid2,odroid2,odroid2,odroid2
2158,odroid2,odroid2,odroid2,odroid2
2159,odroid2,odroid2,odroid2,odroid2
2160,odroid2,odroid2,odroid2,odroid2
2161,odroid2,odroid2,odroid2,odroid2
2162,odroid2,odroid2,odroid2,odroid2
2163,odroid2,odroid2,odroid2,odroid2
2164,odroid2,odroid2,odroid2,odroid2
2165,odroid2,odroid2,odroid2,odroid2
2166,odroid2,odroid2,odroid2,odroid2
2167,odroid2,odroid2,odroid2,odroid2
2168,odroid2,odroid2,odroid2,odroid2
2169,odroid2,odroid2,odroid2,odroid2
2170,odroid2,odroid2,odroid2,odroid2
2171,odroid2,odroid2,odroid2,odroid2
2172,odroid2,odroid2,odroid2,odroid2
2173,odroid2,odroid2,odroid2,odroid2
2174,odroid2,odroid2,odroid2,odroid2
2175,odroid2,odroid2,odroid2,odroid2
2176,odroid2,odroid2,odroid2,odroid2
2177,odroid2,odroid2,odroid2,odroid2
2178,odroid2,odroid2,odroid2,odroid2
2179,odroid2,odroid2,odroid2,odroid2
2180,odroid2,odroid2,odroid2,odroid2
2181,odroid2,odroid2,odroid2,odroid2
2182,odroid2,odroid2,odroid2,odroid2
2183,odroid2,odroid2,odroid2,odroid2
2184,odroid2,odroid2,odroid2,odroid2
2185,odroid2,odroid2,odroid2,odroid2
2186,odroid2,odroid2,odroid2,odroid2
2187,odroid2,odroid2,odroid2,odroid2
2188,odroid2,odroid2,odroid2,odroid2
2189,odroid2,odroid2,odroid2,odroid2
2190,odroid2,odroid2,odroid2,odroid2
2191,odroid2,odroid2,odroid2,odroid2
2192,odroid2,odroid2,odroid2,odroid2
2193,odroid2,odroid2,odroid2,odroid2
2194,odroid2,odroid2,odroid2,odroid2
2195,odroid2,odroid2,odroid2,odroid2
2196,odroid2,odroid2,odroid2,odroid2
2197,odroid2,odroid2,odroid2,odroid2
2198,odroid2,odroid2,odroid2,odroid2
2199,odroid2,odroid2,odroid2,odroid2
2200,odroid2,odroid2,odroid2,odroid2
2201,odroid2,odroid2,odroid2,odroid2
2202,odroid2,odroid2,odroid2,odroid2
2203,odroid2,odroid2,odroid2,odroid2
2204,odroid2,odroid2,odroid2,odroid2
2205,odroid2,odroid2,odroid2,odroid2
2206,odroid2,odroid2,odroid2,odroid2
2207,odroid2,odroid2,odroid2,odroid2
2208,odroid2,odroid2,odroid2,odroid2
2209,odroid2,odroid2,odroid2,odroid2
2210,odroid2,odroid2,odroid2,odroid2
2211,odroid2,odroid2,odroid2,odroid2
2212,odroid2,odroid2,odroid2,odroid2
2213,odroid2,odroid2,odroid2,odroid2
2214,odroid2,odroid2,odroid2,odroid2
2215,odroid2,odroid2,odroid2,odroid2
2216,odroid2,odroid2,odroid2,odroid2
2217,odroid2,odroid2,odroid2,odroid2
2218,odroid2,odroid2,odroid2,odroid2
2219,odroid2,odroid2,odroid2,odroid2
2220,odroid2,odroid2,odroid2,odroid2
2221,odroid2,odroid2,odroid2,odroid2
2222,odroid2,odroid2,odroid2,odroid2
2223,odroid2,odroid2,odroid2,odroid2
2224,odroid2,odroid2,odroid2,odroid2
2225,odroid2,odroid2,odroid2,odroid2
2226,odroid2,odroid2,odroid2,odroid2
2227,odroid2,odroid2,odroid2,odroid2
2228,odroid2,odroid2,odroid2,odroid2
2229,odroid2,odroid2,odroid2,odroid2
2230,odroid2,odroid2,odroid2,odroid2
2231,odroid2,odroid2,odroid2,odroid2
2232,odroid2,odroid2,odroid2,odroid2
2233,odroid2,odroid2,odroid2,odroid2
2234,odroid2,odroid2,odroid2,odroid2
2235,odroid2,odroid2,odroid2,odroid2
2236,odroid2,odroid2,odroid2,odroid2
2237,odroid2,odroid2,odroid2,odroid2
2238,odroid2,odroid2,odroid2,odroid2
2239,odroid2,odroid2,odroid2,odroid2
2240,odroid2,odroid2,odroid2,odroid2
2241,odroid2,odroid2,odroid2,odroid2
2242,odroid2,odroid2,odroid2,odroid2
2243,odroid2,odroid2,odroid2,odroid2
2244,odroid2,odroid2,odroid2,odroid2
2245,odroid2,odroid2,odroid2,odroid2
2246,odroid2,odroid2,odroid2,odroid2
2247,odroid2,odroid2,odroid2,odroid2
2248,odroid2,odroid2,odroid2,odroid2
2249,odroid2,odroid2,odroid2,odroid2
2250,odroid2,odroid2,odroid2,odroid2
2251,odroid2,odroid2,odroid2,odroid2
2252,odroid2,odroid2,odroid2,odroid2
2253,odroid2,odroid2,odroid2,odroid2
2254,odroid2,odroid2,odroid2,odroid2
2255,odroid2,odroid2,odroid2,odroid2
2256,odroid2,odroid2,odroid2,odroid2
2257,odroid2,odroid2,odroid2,odroid2
2258,odroid2,odroid2,odroid2,odroid2
2259,odroid2,odroid2,odroid2,odroid2
2260,odroid2,odroid2,odroid2,odroid2
2261,odroid2,odroid2,odroid2,odroid2
2262,odroid2,odroid2,odroid2,odroid2
2263,odroid2,odroid2,odroid2,odroid2
2264,odroid2,odroid2,odroid2,odroid2
2265,odroid2,odroid2,odroid2,odroid2
2266,odroid2,odroid2,odroid2,odroid2
2267,odroid2,odroid2,odroid2,odroid2
2268,odroid2,odroid2,odroid2,odroid2
2269,odroid2,odroid2,odroid2,odroid2
2270,odroid2,odroid2,odroid2,odroid2
2271,odroid2,odroid2,odroid2,odroid2
2272,odroid2,odroid2,odroid2,odroid2
2273,odroid2,odroid2,odroid3,odroid2
2274,odroid2,odroid2,odroid2,odroid2
2275,odroid2,odroid2,odroid2,odroid2
2276,odroid2,odroid2,odroid2,odroid2
2277,odroid2,odroid2,odroid2,odroid2
2278,odroid2,odroid2,odroid2,odroid2
2279,odroid2,odroid3,odroid2,odroid2
2280,odroid2,odroid2,odroid2,odroid2
2281,odroid2,odroid2,odroid2,odroid2
2282,odroid2,odroid2,odroid2,odroid2
2283,odroid2,odroid2,odroid2,odroid2
2284,odroid2,odroid2,odroid2,odroid2
2285,odroid2,odroid2,odroid2,odroid2
2286,odroid2,odroid2,odroid2,odroid2
2287,odroid2,odroid2,odroid2,odroid2
2288,odroid2,odroid2,odroid2,odroid2
2289,odroid2,odroid2,odroid2,odroid2
2290,odroid2,odroid2,odroid2,odroid2
2291,odroid2,odroid2,odroid2,odroid2
2292,odroid2,odroid2,odroid2,odroid2
2293,odroid2,odroid2,odroid2,odroid2
2294,odroid2,odroid2,odroid2,odroid2
2295,odroid2,odroid2,odroid2,odroid2
2296,odroid2,odroid2,odroid2,odroid2
2297,odroid2,odroid2,odroid2,odroid2
2298,odroid2,odroid2,odroid2,odroid2
2299,odroid2,odroid2,odroid2,odroid2
2300,odroid2,odroid2,odroid2,odroid2
2301,odroid2,odroid2,odroid2,odroid2
2302,odroid2,odroid2,odroid2,odroid2
2303,odroid2,odroid2,odroid2,odroid2
2304,odroid2,odroid2,odroid2,odroid2
2305,odroid2,odroid2,odroid4,odroid2
2306,odroid2,odroid2,odroid2,odroid2
2307,odroid2,odroid2,odroid2,odroid2
2308,odroid2,odroid2,odroid2,odroid2
2309,odroid2,odroid2,odroid2,odroid2
2310,odroid2,odroid2,odroid2,odroid2
2311,odroid2,odroid2,odroid2,odroid2
2312,odroid2,odroid2,odroid2,odroid2
2313,odroid2,odroid2,odroid2,odroid2
2314,odroid2,odroid2,odroid2,odroid2
2315,odroid2,odroid2,odroid2,odroid2
2316,odroid2,odroid2,odroid2,odroid2
2317,odroid2,odroid2,odroid2,odroid2
2318,odroid2,odroid2,odroid2,odroid2
2319,odroid2,odroid2,odroid2,odroid2
2320,odroid2,odroid2,odroid2,odroid2
2321,odroid2,odroid2,odroid2,odroid2
2322,odroid2,odroid2,odroid2,odroid2
2323,odroid2,odroid2,odroid2,odroid2
2324,odroid2,odroid2,odroid2,odroid2
2325,odroid2,odroid2,odroid2,odroid2
2326,odroid2,odroid2,odroid2,odroid2
2327,odroid2,odroid1,odroid2,odroid2
2328,odroid2,odroid2,odroid2,odroid2
2329,odroid2,odroid2,odroid2,odroid2
2330,odroid2,odroid2,odroid2,odroid2
2331,odroid2,odroid2,odroid2,odroid2
2332,odroid2,odroid2,odroid2,odroid2
2333,odroid2,odroid2,odroid2,odroid2
2334,odroid2,odroid2,odroid2,odroid3
2335,odroid2,odroid2,odroid2,odroid2
2336,odroid2,odroid2,odroid2,odroid2
2337,odroid2,odroid2,odroid2,odroid2
2338,odroid2,odroid2,odroid2,odroid2
2339,odroid2,odroid2,odroid2,odroid2
2340,odroid2,odroid2,odroid2,odroid2
2341,odroid2,odroid2,odroid2,odroid1
2342,odroid2,odroid2,odroid2,odroid2
2343,odroid2,odroid2,odroid2,odroid2
2344,odroid2,odroid2,odroid2,odroid2
2345,odroid2,odroid2,odroid2,odroid2
2346,odroid2,odroid2,odroid2,odroid2
2347,odroid2,odroid2,odroid2,odroid2
2348,odroid2,odroid2,odroid2,odroid2
2349,odroid2,odroid2,odroid2,odroid2
2350,odroid2,odroid2,odroid2,odroid2
2351,odroid2,odroid2,odroid2,odroid2
2352,odroid2,odroid2,odroid2,odroid2
2353,odroid2,odroid2,odroid2,odroid2
2354,odroid2,odroid2,odroid2,odroid2
2355,odroid2,odroid2,odroid2,odroid2
2356,odroid2,odroid2,odroid2,odroid2
2357,odroid2,odroid2,odroid2,odroid2
2358,odroid2,odroid2,odroid2,odroid2
2359,odroid2,odroid2,odroid2,odroid2
2360,odroid2,odroid2,odroid2,odroid2
2361,odroid2,odroid2,odroid2,odroid2
2362,odroid2,odroid2,odroid2,odroid2
2363,odroid2,odroid2,odroid2,odroid2
2364,odroid2,odroid2,odroid2,odroid2
2365,odroid2,odroid2,odroid2,odroid2
2366,odroid2,odroid2,odroid2,odroid2
2367,odroid2,odroid2,odroid2,odroid2
2368,odroid2,odroid2,odroid2,odroid2
2369,odroid2,odroid2,odroid2,odroid2
2370,odroid2,odroid2,odroid2,odroid2
2371,odroid2,odroid2,odroid2,odroid2
2372,odroid2,odroid2,odroid2,odroid2
2373,odroid2,odroid2,odroid2,odroid2
2374,odroid2,odroid2,odroid2,odroid2
2375,odroid2,odroid2,odroid2,odroid2
2376,odroid2,odroid2,odroid2,odroid2
2377,odroid2,odroid2,odroid2,odroid2
2378,odroid2,odroid2,odroid2,odroid2
2379,odroid2,odroid2,odroid2,odroid2
2380,odroid2,odroid2,odroid2,odroid2
2381,odroid2,odroid2,odroid2,odroid2
2382,odroid2,odroid1,odroid2,odroid2
2383,odroid2,odroid2,odroid2,odroid2
2384,odroid2,odroid2,odroid2,odroid2
2385,odroid2,odroid2,odroid2,odroid2
2386,odroid2,odroid2,odroid2,odroid2
2387,odroid2,odroid2,odroid2,odroid2
2388,odroid2,odroid2,odroid2,odroid2
2389,odroid2,odroid2,odroid2,odroid2
2390,odroid2,odroid2,odroid2,odroid2
2391,odroid2,odroid2,odroid2,odroid2
2392,odroid2,odroid2,odroid2,odroid2
2393,odroid2,odroid2,odroid2,odroid2
2394,odroid2,odroid2,odroid2,odroid2
2395,odroid2,odroid2,odroid2,odroid2
2396,odroid2,odroid2,odroid2,odroid2
2397,odroid2,odroid2,odroid2,odroid2
2398,odroid2,odroid2,odroid2,odroid2
2399,odroid2,odroid2,odroid2,odroid2
2400,odroid2,odroid2,odroid2,odroid2
2401,odroid2,odroid2,odroid2,odroid2
2402,odroid2,odroid2,odroid2,odroid2
2403,odroid2,odroid2,odroid2,odroid2
2404,odroid2,odroid2,odroid2,odroid2
2405,odroid2,odroid2,odroid2,odroid2
2406,odroid2,odroid2,odroid2,odroid2
2407,odroid2,odroid2,odroid2,odroid2
2408,odroid2,odroid2,odroid2,odroid2
2409,odroid2,odroid2,odroid2,odroid2
2410,odroid2,odroid2,odroid2,odroid2
2411,odroid2,odroid2,odroid2,odroid2
2412,odroid2,odroid2,odroid2,odroid2
2413,odroid2,odroid2,odroid2,odroid2
2414,odroid2,odroid2,odroid2,odroid2
2415,odroid2,odroid2,odroid2,odroid2
2416,odroid2,odroid2,odroid2,odroid2
2417,odroid2,odroid2,odroid2,odroid2
2418,odroid2,odroid2,odroid2,odroid2
2419,odroid2,odroid2,odroid2,odroid2
2420,odroid2,odroid2,odroid2,odroid2
2421,odroid2,odroid2,odroid2,odroid2
2422,odroid2,odroid2,odroid2,odroid2
2423,odroid2,odroid2,odroid2,odroid2
2424,odroid2,odroid2,odroid2,odroid1
2425,odroid2,odroid2,odroid2,odroid2
2426,odroid2,odroid2,odroid2,odroid2
2427,odroid2,odroid2,odroid2,odroid2
2428,odroid2,odroid2,odroid2,odroid2
2429,odroid2,odroid2,odroid2,odroid2
2430,odroid2,odroid2,odroid2,odroid2
2431,odroid2,odroid2,odroid2,odroid2
2432,odroid2,odroid2,odroid2,odroid2
2433,odroid2,odroid2,odroid2,odroid2
2434,odroid2,odroid2,odroid2,odroid2
2435,odroid2,odroid2,odroid2,odroid2
2436,odroid2,odroid2,odroid2,odroid2
2437,odroid2,odroid2,odroid2,odroid2
2438,odroid2,odroid2,odroid2,odroid2
2439,odroid2,odroid2,odroid2,odroid2
2440,odroid2,odroid2,odroid2,odroid2
2441,odroid2,odroid2,odroid2,odroid2
2442,odroid2,odroid2,odroid2,odroid2
2443,odroid2,odroid2,odroid2,odroid2
2444,odroid2,odroid2,odroid2,odroid2
2445,odroid2,odroid2,odroid2,odroid2
2446,odroid2,odroid2,odroid2,odroid2
2447,odroid2,odroid2,odroid2,odroid2
2448,odroid2,odroid2,odroid2,odroid2
2449,odroid2,odroid2,odroid2,odroid2
2450,odroid2,odroid2,odroid2,odroid2
2451,odroid2,odroid2,odroid2,odroid2
2452,odroid2,odroid2,odroid2,odroid2
2453,odroid2,odroid2,odroid2,odroid2
2454,odroid2,odroid2,odroid2,odroid2
2455,odroid2,odroid2,odroid2,odroid2
2456,odroid2,odroid2,odroid2,odroid2
2457,odroid2,odroid2,odroid2,odroid2
2458,odroid2,odroid2,odroid2,odroid2
2459,odroid2,odroid2,odroid2,odroid2
2460,odroid2,odroid2,odroid2,odroid2
2461,odroid2,odroid2,odroid2,odroid2
2462,odroid2,odroid2,odroid2,odroid2
2463,odroid2,odroid2,odroid2,odroid2
2464,odroid2,odroid2,odroid2,odroid2
2465,odroid2,odroid2,odroid2,odroid2
2466,odroid2,odroid2,odroid2,odroid2
2467,odroid2,odroid2,odroid2,odroid2
2468,odroid2,odroid2,odroid2,odroid2
2469,odroid2,odroid2,odroid2,odroid2
2470,odroid2,odroid2,odroid2,odroid2
2471,odroid2,odroid3,odroid2,odroid2
2472,odroid2,odroid2,odroid2,odroid2
2473,odroid2,odroid2,odroid2,odroid2
2474,odroid2,odroid2,odroid2,odroid2
2475,odroid2,odroid2,odroid2,odroid2
2476,odroid2,odroid2,odroid2,odroid2
2477,odroid2,odroid2,odroid2,odroid2
2478,odroid2,odroid2,odroid2,odroid2
2479,odroid2,odroid2,odroid2,odroid2
2480,odroid2,odroid2,odroid2,odroid2
2481,odroid2,odroid2,odroid2,odroid2
2482,odroid2,odroid2,odroid2,odroid2
2483,odroid2,odroid2,odroid2,odroid2
2484,odroid2,odroid2,odroid2,odroid2
2485,odroid2,odroid2,odroid2,odroid2
2486,odroid2,odroid2,odroid2,odroid2
2487,odroid2,odroid2,odroid2,odroid2
2488,odroid2,odroid2,odroid2,odroid2
2489,odroid2,odroid2,odroid2,odroid2
2490,odroid2,odroid2,odroid2,odroid2
2491,odroid2,odroid2,odroid2,odroid2
2492,odroid2,odroid2,odroid2,odroid2
2493,odroid2,odroid2,odroid2,odroid2
2494,odroid2,odroid2,odroid2,odroid2
2495,odroid2,odroid2,odroid2,odroid2
2496,odroid2,odroid2,odroid2,odroid2
2497,odroid2,odroid2,odroid2,odroid2
2498,odroid2,odroid2,odroid2,odroid3
2499,odroid2,odroid2,odroid2,odroid2
2500,odroid2,odroid2,odroid2,odroid2
2501,odroid2,odroid2,odroid2,odroid2
2502,odroid2,odroid2,odroid2,odroid2
2503,odroid2,odroid2,odroid2,odroid2
2504,odroid2,odroid2,odroid2,odroid2
2505,odroid2,odroid2,odroid2,odroid2
2506,odroid2,odroid2,odroid2,odroid2
2507,odroid2,odroid2,odroid2,odroid2
2508,odroid2,odroid2,odroid2,odroid2
2509,odroid2,odroid2,odroid2,odroid2
2510,odroid2,odroid2,odroid2,odroid2
2511,odroid2,odroid2,odroid2,odroid2
2512,odroid2,odroid2,odroid2,odroid2
2513,odroid2,odroid2,odroid2,odroid2
2514,odroid2,odroid2,odroid2,odroid2
2515,odroid2,odroid2,odroid2,odroid2
2516,odroid2,odroid2,odroid2,odroid2
2517,odroid2,odroid2,odroid2,odroid2
2518,odroid2,odroid2,odroid2,odroid2
2519,odroid2,odroid2,odroid2,odroid1
2520,odroid2,odroid2,odroid2,odroid2
2521,odroid2,odroid2,odroid2,odroid2
2522,odroid2,odroid2,odroid2,odroid2
2523,odroid2,odroid2,odroid2,odroid2
2524,odroid2,odroid2,odroid2,odroid2
2525,odroid2,odroid2,odroid2,odroid2
2526,odroid2,odroid2,odroid2,odroid2
2527,odroid2,odroid2,odroid2,odroid2
2528,odroid2,odroid2,odroid2,odroid2
2529,odroid2,odroid2,odroid2,odroid2
2530,odroid2,odroid2,odroid2,odroid2
2531,odroid2,odroid2,odroid2,odroid2
2532,odroid2,odroid2,odroid2,odroid2
2533,odroid2,odroid2,odroid2,odroid2
2534,odroid2,odroid2,odroid2,odroid2
2535,odroid2,odroid2,odroid2,odroid2
2536,odroid2,odroid2,odroid2,odroid2
2537,odroid2,odroid2,odroid2,odroid2
2538,odroid2,odroid2,odroid2,odroid2
2539,odroid2,odroid2,odroid2,odroid2
2540,odroid2,odroid2,odroid2,odroid2
2541,odroid2,odroid2,odroid2,odroid2
2542,odroid2,odroid2,odroid2,odroid2
2543,odroid2,odroid2,odroid2,odroid2
2544,odroid2,odroid2,odroid2,odroid2
2545,odroid2,odroid2,odroid2,odroid2
2546,odroid2,odroid2,odroid2,odroid2
2547,odroid2,odroid2,odroid2,odroid2
2548,odroid2,odroid2,odroid2,odroid2
2549,odroid2,odroid2,odroid2,odroid2
2550,odroid2,odroid2,odroid2,odroid2
2551,odroid2,odroid2,odroid2,odroid2
2552,odroid2,odroid2,odroid2,odroid2
2553,odroid2,odroid2,odroid2,odroid2
2554,odroid2,odroid2,odroid2,odroid2
2555,odroid2,odroid2,odroid2,odroid2
2556,odroid2,odroid2,odroid2,odroid2
2557,odroid2,odroid2,odroid2,odroid2
2558,odroid2,odroid2,odroid2,odroid3
2559,odroid2,odroid2,odroid2,odroid2
2560,odroid2,odroid2,odroid2,odroid2
2561,odroid2,odroid2,odroid2,odroid2
2562,odroid2,odroid2,odroid2,odroid2
2563,odroid2,odroid2,odroid2,odroid2
2564,odroid2,odroid2,odroid2,odroid2
2565,odroid2,odroid2,odroid2,odroid2
2566,odroid2,odroid2,odroid2,odroid2
2567,odroid2,odroid2,odroid2,odroid2
2568,odroid2,odroid2,odroid2,odroid2
2569,odroid2,odroid2,odroid2,odroid2
2570,odroid2,odroid2,odroid2,odroid2
2571,odroid2,odroid2,odroid2,odroid2
2572,odroid2,odroid2,odroid2,odroid2
2573,odroid2,odroid2,odroid2,odroid2
2574,odroid2,odroid2,odroid2,odroid2
2575,odroid2,odroid2,odroid2,odroid2
2576,odroid2,odroid2,odroid2,odroid2
2577,odroid2,odroid2,odroid2,odroid2
2578,odroid2,odroid2,odroid2,odroid2
2579,odroid2,odroid2,odroid2,odroid2
2580,odroid2,odroid2,odroid2,odroid2
2581,odroid2,odroid2,odroid2,odroid2
2582,odroid2,odroid2,odroid2,odroid2
2583,odroid2,odroid2,odroid2,odroid2
2584,odroid2,odroid2,odroid2,odroid2
2585,odroid2,odroid2,odroid2,odroid2
2586,odroid2,odroid2,odroid2,odroid2
2587,odroid1,odroid1,odroid1,odroid1
2588,odroid1,odroid1,odroid1,odroid1
2589,odroid1,odroid1,odroid1,odroid1
2590,odroid1,odroid1,odroid1,odroid1
2591,odroid1,odroid1,odroid1,odroid1
2592,odroid1,odroid1,odroid1,odroid1
2593,odroid1,odroid1,odroid1,odroid1
2594,odroid1,odroid1,odroid1,odroid1
2595,odroid1,odroid1,odroid1,odroid1
2596,odroid1,odroid1,odroid1,odroid1
2597,odroid1,odroid1,odroid1,odroid1
2598,odroid1,odroid1,odroid1,odroid1
2599,odroid1,odroid1,odroid1,odroid1
2600,odroid1,odroid1,odroid1,odroid1
2601,odroid1,odroid1,odroid1,odroid3
2602,odroid1,odroid1,odroid1,odroid1
2603,odroid1,odroid1,odroid1,odroid1
2604,odroid1,odroid1,odroid1,odroid1
2605,odroid1,odroid1,odroid1,odroid1
2606,odroid1,odroid1,odroid1,odroid1
2607,odroid1,odroid1,odroid1,odroid1
2608,odroid1,odroid1,odroid1,odroid1
2609,odroid1,odroid1,odroid1,odroid1
2610,odroid1,odroid1,odroid1,odroid1
2611,odroid1,odroid1,odroid1,odroid1
2612,odroid1,odroid1,odroid1,odroid1
2613,odroid1,odroid1,odroid1,odroid1
2614,odroid1,odroid1,odroid1,odroid1
2615,odroid1,odroid1,odroid1,odroid1
2616,odroid1,odroid1,odroid1,odroid1
2617,odroid1,odroid1,odroid1,odroid1
2618,odroid1,odroid1,odroid1,odroid1
2619,odroid1,odroid1,odroid1,odroid1
2620,odroid1,odroid1,odroid1,odroid1
2621,odroid1,odroid1,odroid1,odroid1
2622,odroid1,odroid1,odroid1,odroid1
2623,odroid1,odroid1,odroid1,odroid1
2624,odroid1,odroid1,odroid1,odroid1
2625,odroid1,odroid1,odroid1,odroid1
2626,odroid1,odroid1,odroid1,odroid1
2627,odroid1,odroid1,odroid1,odroid1
2628,odroid1,odroid1,odroid1,odroid1
2629,odroid1,odroid1,odroid1,odroid1
2630,odroid1,odroid1,odroid1,odroid1
2631,odroid1,odroid1,odroid1,odroid1
2632,odroid1,odroid1,odroid1,odroid1
2633,odroid1,odroid1,odroid1,odroid1
2634,odroid1,odroid1,odroid1,odroid1
2635,odroid1,odroid1,odroid1,odroid1
2636,odroid1,odroid1,odroid1,odroid1
2637,odroid1,odroid1,odroid1,odroid1
2638,odroid1,odroid1,odroid1,odroid1
2639,odroid1,odroid1,odroid1,odroid1
2640,odroid1,odroid1,odroid1,odroid1
2641,odroid1,odroid1,odroid1,odroid1
2642,odroid1,odroid1,odroid1,odroid1
2643,odroid1,odroid1,odroid1,odroid1
2644,odroid1,odroid1,odroid1,odroid1
2645,odroid1,odroid1,odroid1,odroid1
2646,odroid1,odroid1,odroid1,odroid1
2647,odroid1,odroid1,odroid1,odroid1
2648,odroid1,odroid1,odroid1,odroid1
2649,odroid1,odroid1,odroid1,odroid1
2650,odroid1,odroid1,odroid1,odroid1
2651,odroid1,odroid1,odroid1,odroid1
2652,odroid1,odroid1,odroid1,odroid1
2653,odroid1,odroid1,odroid1,odroid1
2654,odroid1,odroid1,odroid1,odroid1
2655,odroid1,odroid1,odroid1,odroid1
2656,odroid1,odroid1,odroid1,odroid1
2657,odroid1,odroid1,odroid1,odroid1
2658,odroid1,odroid1,odroid1,odroid1
2659,odroid1,odroid1,odroid1,odroid1
2660,odroid1,odroid1,odroid1,odroid1
2661,odroid1,odroid1,odroid1,odroid1
2662,odroid1,odroid1,odroid1,odroid1
2663,odroid1,odroid1,odroid1,odroid1
2664,odroid1,odroid1,odroid1,odroid1
2665,odroid1,odroid1,odroid1,odroid1
2666,odroid1,odroid1,odroid1,odroid1
2667,odroid1,odroid1,odroid1,odroid1
2668,odroid1,odroid1,odroid1,odroid1
2669,odroid1,odroid1,odroid1,odroid1
2670,odroid1,odroid1,odroid1,odroid1
2671,odroid1,odroid1,odroid1,odroid1
2672,odroid1,odroid1,odroid1,odroid1
2673,odroid1,odroid1,odroid1,odroid1
2674,odroid1,odroid1,odroid1,odroid1
2675,odroid1,odroid1,odroid1,odroid1
2676,odroid1,odroid1,odroid1,odroid1
2677,odroid1,odroid1,odroid1,odroid1
2678,odroid1,odroid1,odroid1,odroid1
2679,odroid1,odroid1,odroid1,odroid1
2680,odroid1,odroid1,odroid1,odroid1
2681,odroid1,odroid1,odroid3,odroid1
2682,odroid1,odroid1,odroid1,odroid1
2683,odroid1,odroid1,odroid1,odroid1
2684,odroid1,odroid1,odroid1,odroid1
2685,odroid1,odroid1,odroid1,odroid1
2686,odroid1,odroid1,odroid1,odroid1
2687,odroid1,odroid1,odroid1,odroid1
2688,odroid1,odroid1,odroid1,odroid1
2689,odroid1,odroid1,odroid1,odroid1
2690,odroid1,odroid1,odroid1,odroid1
2691,odroid1,odroid1,odroid1,odroid1
2692,odroid1,odroid1,odroid1,odroid1
2693,odroid1,odroid1,odroid1,odroid1
2694,odroid1,odroid1,odroid1,odroid1
2695,odroid1,odroid1,odroid1,odroid1
2696,odroid1,odroid1,odroid1,odroid1
2697,odroid1,odroid1,odroid1,odroid1
2698,odroid1,odroid1,odroid1,odroid1
2699,odroid1,odroid1,odroid1,odroid1
2700,odroid1,odroid1,odroid1,odroid1
2701,odroid1,odroid1,odroid1,odroid1
2702,odroid1,odroid1,odroid1,odroid1
2703,odroid1,odroid1,odroid1,odroid1
2704,odroid1,odroid1,odroid1,odroid1
2705,odroid1,odroid1,odroid1,odroid1
2706,odroid1,odroid1,odroid1,odroid1
2707,odroid1,odroid1,odroid1,odroid1
2708,odroid1,odroid1,odroid1,odroid1
2709,odroid1,odroid1,odroid1,odroid1
2710,odroid1,odroid1,odroid1,odroid1
2711,odroid1,odroid1,odroid1,odroid1
2712,odroid1,odroid1,odroid1,odroid1
2713,odroid1,odroid1,odroid1,odroid1
2714,odroid1,odroid1,odroid1,odroid1
2715,odroid1,odroid1,odroid1,odroid1
2716,odroid1,odroid1,odroid1,odroid1
2717,odroid1,odroid1,odroid1,odroid1
2718,odroid1,odroid1,odroid1,odroid1
2719,odroid1,odroid1,odroid1,odroid1
2720,odroid1,odroid1,odroid1,odroid1
2721,odroid1,odroid1,odroid1,odroid1
2722,odroid1,odroid1,odroid1,odroid1
2723,odroid1,odroid1,odroid1,odroid1
2724,odroid1,odroid1,odroid1,odroid1
2725,odroid1,odroid1,odroid1,odroid1
2726,odroid1,odroid1,odroid1,odroid1
2727,odroid1,odroid1,odroid1,odroid1
2728,odroid1,odroid1,odroid1,odroid1
2729,odroid1,odroid1,odroid1,odroid1
2730,odroid1,odroid1,odroid1,odroid1
2731,odroid1,odroid1,odroid1,odroid1
2732,odroid1,odroid1,odroid1,odroid1
2733,odroid1,odroid1,odroid1,odroid1
2734,odroid1,odroid1,odroid1,odroid1
2735,odroid1,odroid1,odroid1,odroid1
2736,odroid1,odroid1,odroid1,odroid1
2737,odroid1,odroid1,odroid1,odroid1
2738,odroid1,odroid1,odroid1,odroid1
2739,odroid1,odroid1,odroid1,odroid1
2740,odroid1,odroid1,odroid1,odroid1
2741,odroid1,odroid1,odroid1,odroid1
2742,odroid1,odroid1,odroid1,odroid1
2743,odroid1,odroid1,odroid1,odroid1
2744,odroid1,odroid1,odroid1,odroid1
2745,odroid1,odroid1,odroid1,odroid1
2746,odroid1,odroid1,odroid1,odroid1
2747,odroid1,odroid1,odroid1,odroid1
2748,odroid1,odroid1,odroid1,odroid1
2749,odroid1,odroid1,odroid1,odroid1
2750,odroid1,odroid1,odroid1,odroid1
2751,odroid1,odroid1,odroid1,odroid1
2752,odroid1,odroid1,odroid1,odroid1
2753,odroid1,odroid1,odroid1,odroid1
2754,odroid1,odroid1,odroid1,odroid1
2755,odroid1,odroid1,odroid1,odroid1
2756,odroid1,odroid1,odroid1,odroid1
2757,odroid1,odroid1,odroid1,odroid1
2758,odroid1,odroid1,odroid1,odroid1
2759,odroid1,odroid1,odroid1,odroid1
2760,odroid1,odroid1,odroid1,odroid1
2761,odroid1,odroid1,odroid1,odroid1
2762,odroid1,odroid1,odroid1,odroid1
2763,odroid1,odroid1,odroid1,odroid1
2764,odroid1,odroid1,odroid1,odroid1
2765,odroid1,odroid1,odroid1,odroid3
2766,odroid1,odroid1,odroid1,odroid1
2767,odroid1,odroid1,odroid1,odroid1
2768,odroid1,odroid1,odroid1,odroid1
2769,odroid1,odroid3,odroid1,odroid1
2770,odroid1,odroid1,odroid1,odroid1
2771,odroid1,odroid1,odroid1,odroid1
2772,odroid1,odroid1,odroid1,odroid1
2773,odroid1,odroid1,odroid1,odroid1
2774,odroid1,odroid1,odroid1,odroid1
2775,odroid1,odroid1,odroid1,odroid1
2776,odroid1,odroid1,odroid1,odroid1
2777,odroid1,odroid1,odroid1,odroid1
2778,odroid1,odroid1,odroid1,odroid1
2779,odroid1,odroid1,odroid3,odroid1
2780,odroid1,odroid1,odroid1,odroid1
2781,odroid1,odroid1,odroid1,odroid1
2782,odroid1,odroid3,odroid1,odroid1
2783,odroid1,odroid1,odroid1,odroid1
2784,odroid1,odroid1,odroid1,odroid1
2785,odroid1,odroid1,odroid1,odroid1
2786,odroid1,odroid1,odroid1,odroid1
2787,odroid1,odroid1,odroid1,odroid1
2788,odroid1,odroid1,odroid1,odroid1
2789,odroid1,odroid1,odroid1,odroid1
2790,odroid1,odroid1,odroid1,odroid1
2791,odroid1,odroid1,odroid1,odroid1
2792,odroid1,odroid1,odroid1,odroid1
2793,odroid1,odroid1,odroid1,odroid1
2794,odroid1,odroid1,odroid1,odroid1
2795,odroid1,odroid1,odroid1,odroid1
2796,odroid1,odroid1,odroid1,odroid1
2797,odroid1,odroid1,odroid1,odroid1
2798,odroid1,odroid1,odroid1,odroid1
2799,odroid1,odroid1,odroid1,odroid1
2800,odroid1,odroid1,odroid1,odroid1
2801,odroid1,odroid1,odroid1,odroid1
2802,odroid1,odroid1,odroid1,odroid3
2803,odroid1,odroid1,odroid1,odroid1
2804,odroid1,odroid1,odroid1,odroid1
2805,odroid1,odroid1,odroid1,odroid1
2806,odroid1,odroid1,odroid1,odroid1
2807,odroid1,odroid1,odroid1,odroid1
2808,odroid1,odroid1,odroid1,odroid1
2809,odroid1,odroid1,odroid1,odroid1
2810,odroid1,odroid1,odroid1,odroid1
2811,odroid1,odroid1,odroid3,odroid1
2812,odroid1,odroid1,odroid1,odroid1
2813,odroid1,odroid1,odroid1,odroid1
2814,odroid1,odroid1,odroid1,odroid1
2815,odroid1,odroid1,odroid1,odroid1
2816,odroid1,odroid3,odroid1,odroid1
2817,odroid1,odroid1,odroid1,odroid1
2818,odroid1,odroid1,odroid1,odroid1
2819,odroid1,odroid1,odroid1,odroid1
2820,odroid1,odroid1,odroid1,odroid1
2821,odroid1,odroid3,odroid1,odroid1
2822,odroid1,odroid1,odroid1,odroid3
2823,odroid1,odroid1,odroid1,odroid1
2824,odroid1,odroid1,odroid1,odroid1
2825,odroid1,odroid1,odroid1,odroid1
2826,odroid1,odroid1,odroid1,odroid1
2827,odroid1,odroid1,odroid1,odroid1
2828,odroid1,odroid1,odroid1,odroid1
2829,odroid1,odroid1,odroid1,odroid1
2830,odroid1,odroid1,odroid1,odroid1
2831,odroid1,odroid1,odroid1,odroid1
2832,odroid1,odroid1,odroid1,odroid1
2833,odroid1,odroid1,odroid1,odroid1
2834,odroid1,odroid1,odroid1,odroid1
2835,odroid1,odroid1,odroid1,odroid1
2836,odroid1,odroid1,odroid1,odroid1
2837,odroid1,odroid1,odroid1,odroid1
2838,odroid1,odroid1,odroid1,odroid1
2839,odroid1,odroid1,odroid1,odroid1
2840,odroid1,odroid1,odroid1,odroid1
2841,odroid1,odroid1,odroid1,odroid1
2842,odroid1,odroid1,odroid1,odroid1
2843,odroid1,odroid1,odroid1,odroid1
2844,odroid1,odroid1,odroid1,odroid1
2845,odroid1,odroid1,odroid1,odroid1
2846,odroid1,odroid1,odroid1,odroid1
2847,odroid1,odroid1,odroid1,odroid1
2848,odroid1,odroid1,odroid1,odroid1
2849,odroid1,odroid1,odroid1,odroid1
2850,odroid1,odroid1,odroid1,odroid1
2851,odroid1,odroid1,odroid1,odroid1
2852,odroid1,odroid1,odroid1,odroid1
2853,odroid1,odroid1,odroid1,odroid1
2854,odroid1,odroid1,odroid1,odroid1
2855,odroid1,odroid1,odroid1,odroid1
2856,odroid1,odroid1,odroid1,odroid1
2857,odroid1,odroid1,odroid1,odroid1
2858,odroid1,odroid1,odroid1,odroid1
2859,odroid1,odroid1,odroid1,odroid1
2860,odroid1,odroid1,odroid1,odroid1
2861,odroid1,odroid1,odroid1,odroid1
2862,odroid1,odroid1,odroid3,odroid1
2863,odroid1,odroid1,odroid1,odroid1
2864,odroid1,odroid1,odroid1,odroid1
2865,odroid1,odroid1,odroid1,odroid1
2866,odroid1,odroid1,odroid1,odroid1
2867,odroid1,odroid1,odroid1,odroid1
2868,odroid1,odroid1,odroid1,odroid1
2869,odroid1,odroid1,odroid1,odroid1
2870,odroid1,odroid1,odroid1,odroid1
2871,odroid1,odroid1,odroid1,odroid1
2872,odroid1,odroid1,odroid1,odroid1
2873,odroid1,odroid1,odroid1,odroid1
2874,odroid1,odroid1,odroid1,odroid1
2875,odroid1,odroid1,odroid1,odroid1
2876,odroid1,odroid1,odroid1,odroid1
2877,odroid1,odroid1,odroid1,odroid1
2878,odroid1,odroid1,odroid1,odroid1
2879,odroid1,odroid1,odroid1,odroid1
2880,odroid1,odroid1,odroid1,odroid1
2881,odroid1,odroid1,odroid1,odroid1
2882,odroid1,odroid1,odroid1,odroid1
2883,odroid1,odroid1,odroid1,odroid1
2884,odroid1,odroid1,odroid3,odroid3
2885,odroid1,odroid1,odroid1,odroid1
2886,odroid1,odroid1,odroid1,odroid1
2887,odroid1,odroid1,odroid1,odroid1
2888,odroid1,odroid1,odroid1,odroid1
2889,odroid1,odroid1,odroid1,odroid1
2890,odroid1,odroid1,odroid1,odroid1
2891,odroid1,odroid1,odroid1,odroid1
2892,odroid1,odroid1,odroid1,odroid1
2893,odroid1,odroid1,odroid1,odroid1
2894,odroid1,odroid1,odroid1,odroid1
2895,odroid1,odroid1,odroid1,odroid1
2896,odroid1,odroid1,odroid1,odroid1
2897,odroid1,odroid1,odroid1,odroid1
2898,odroid1,odroid1,odroid1,odroid1
2899,odroid1,odroid1,odroid1,odroid1
2900,odroid1,odroid1,odroid1,odroid1
2901,odroid1,odroid1,odroid1,odroid1
2902,odroid1,odroid1,odroid1,odroid1
2903,odroid1,odroid1,odroid1,odroid1
2904,odroid1,odroid1,odroid1,odroid1
2905,odroid1,odroid1,odroid1,odroid1
2906,odroid1,odroid1,odroid1,odroid1
2907,odroid1,odroid1,odroid1,odroid1
2908,odroid1,odroid1,odroid1,odroid1
2909,odroid1,odroid1,odroid1,odroid1
2910,odroid1,odroid1,odroid1,odroid1
2911,odroid1,odroid1,odroid1,odroid1
2912,odroid1,odroid3,odroid1,odroid1
2913,odroid1,odroid1,odroid1,odroid1
2914,odroid1,odroid1,odroid1,odroid1
2915,odroid1,odroid1,odroid1,odroid1
2916,odroid1,odroid1,odroid1,odroid1
2917,odroid1,odroid1,odroid1,odroid1
2918,odroid1,odroid3,odroid1,odroid1
2919,odroid1,odroid1,odroid1,odroid1
2920,odroid1,odroid1,odroid1,odroid1
2921,odroid1,odroid1,odroid1,odroid1
2922,odroid1,odroid1,odroid1,odroid1
2923,odroid1,odroid1,odroid1,odroid1
2924,odroid1,odroid1,odroid1,odroid1
2925,odroid1,odroid1,odroid1,odroid1
2926,odroid1,odroid3,odroid1,odroid1
2927,odroid1,odroid1,odroid1,odroid1
2928,odroid1,odroid1,odroid1,odroid1
2929,odroid1,odroid1,odroid1,odroid3
2930,odroid1,odroid1,odroid1,odroid1
2931,odroid1,odroid1,odroid1,odroid1
2932,odroid1,odroid1,odroid1,odroid1
2933,odroid1,odroid1,odroid1,odroid1
2934,odroid1,odroid1,odroid1,odroid1
2935,odroid1,odroid1,odroid1,odroid1
2936,odroid1,odroid1,odroid1,odroid1
2937,odroid1,odroid1,odroid1,odroid1
2938,odroid1,odroid1,odroid1,odroid1
2939,odroid1,odroid1,odroid1,odroid1
2940,odroid1,odroid1,odroid1,odroid1
2941,odroid1,odroid1,odroid1,odroid1
2942,odroid1,odroid1,odroid1,odroid1
2943,odroid1,odroid1,odroid1,odroid1
2944,odroid1,odroid1,odroid1,odroid1
2945,odroid1,odroid1,odroid1,odroid1
2946,odroid1,odroid1,odroid1,odroid1
2947,odroid1,odroid1,odroid1,odroid1
2948,odroid1,odroid1,odroid1,odroid1
2949,odroid1,odroid1,odroid1,odroid1
2950,odroid1,odroid1,odroid1,odroid1
2951,odroid1,odroid1,odroid1,odroid1
2952,odroid1,odroid1,odroid1,odroid1
2953,odroid1,odroid1,odroid1,odroid1
2954,odroid1,odroid1,odroid1,odroid1
2955,odroid1,odroid1,odroid3,odroid1
2956,odroid1,odroid1,odroid1,odroid1
2957,odroid1,odroid1,odroid1,odroid1
2958,odroid1,odroid1,odroid3,odroid1
2959,odroid1,odroid1,odroid1,odroid1
2960,odroid1,odroid1,odroid1,odroid1
2961,odroid1,odroid1,odroid1,odroid1
2962,odroid1,odroid1,odroid1,odroid1
2963,odroid1,odroid1,odroid1,odroid3
2964,odroid1,odroid1,odroid1,odroid1
2965,odroid1,odroid1,odroid3,odroid1
2966,odroid1,odroid1,odroid1,odroid1
2967,odroid1,odroid1,odroid1,odroid1
2968,odroid1,odroid1,odroid1,odroid1
2969,odroid1,odroid1,odroid1,odroid1
2970,odroid1,odroid1,odroid1,odroid1
2971,odroid1,odroid1,odroid1,odroid1
2972,odroid1,odroid1,odroid1,odroid1
2973,odroid1,odroid1,odroid1,odroid1
2974,odroid1,odroid1,odroid1,odroid1
2975,odroid1,odroid1,odroid1,odroid1
2976,odroid1,odroid1,odroid1,odroid1
2977,odroid1,odroid1,odroid1,odroid1
2978,odroid1,odroid1,odroid1,odroid1
2979,odroid1,odroid1,odroid1,odroid1
2980,odroid1,odroid1,odroid1,odroid1
2981,odroid1,odroid1,odroid1,odroid1
2982,odroid1,odroid1,odroid1,odroid1
2983,odroid1,odroid1,odroid1,odroid1
2984,odroid1,odroid1,odroid1,odroid1
2985,odroid1,odroid1,odroid1,odroid1
2986,odroid1,odroid1,odroid1,odroid1
2987,odroid1,odroid1,odroid1,odroid1
2988,odroid1,odroid1,odroid1,odroid1
2989,odroid1,odroid1,odroid1,odroid1
2990,odroid1,odroid1,odroid1,odroid1
2991,odroid1,odroid1,odroid1,odroid1
2992,odroid1,odroid1,odroid1,odroid1
2993,odroid1,odroid1,odroid1,odroid1
2994,odroid1,odroid1,odroid1,odroid1
2995,odroid1,odroid1,odroid1,odroid1
2996,odroid1,odroid1,odroid1,odroid1
2997,odroid1,odroid1,odroid1,odroid1
2998,odroid1,odroid1,odroid1,odroid1
2999,odroid1,odroid1,odroid1,odroid1
3000,odroid1,odroid1,odroid1,odroid1
3001,odroid1,odroid1,odroid1,odroid1
3002,odroid1,odroid1,odroid1,odroid1
3003,odroid1,odroid1,odroid1,odroid1
3004,odroid1,odroid1,odroid1,odroid1
3005,odroid1,odroid1,odroid1,odroid1
3006,odroid1,odroid1,odroid1,odroid1
3007,odroid1,odroid1,odroid1,odroid1
3008,odroid1,odroid1,odroid1,odroid1
3009,odroid1,odroid1,odroid1,odroid1
3010,odroid1,odroid1,odroid1,odroid1
3011,odroid1,odroid1,odroid1,odroid1
3012,odroid1,odroid1,odroid1,odroid1
3013,odroid1,odroid1,odroid1,odroid1
3014,odroid1,odroid1,odroid1,odroid1
3015,odroid1,odroid1,odroid1,odroid1
3016,odroid1,odroid1,odroid1,odroid1
3017,odroid1,odroid1,odroid1,odroid1
3018,odroid1,odroid1,odroid1,odroid1
3019,odroid1,odroid1,odroid1,odroid1
3020,odroid1,odroid1,odroid1,odroid1
3021,odroid1,odroid1,odroid1,odroid1
3022,odroid1,odroid1,odroid1,odroid1
3023,odroid1,odroid1,odroid1,odroid1
3024,odroid1,odroid1,odroid1,odroid1
3025,odroid1,odroid1,odroid1,odroid1
3026,odroid1,odroid1,odroid1,odroid1
3027,odroid1,odroid1,odroid1,odroid1
3028,odroid1,odroid1,odroid1,odroid1
3029,odroid1,odroid1,odroid3,odroid1
3030,odroid1,odroid1,odroid1,odroid1
3031,odroid1,odroid1,odroid1,odroid3
3032,odroid1,odroid1,odroid1,odroid1
3033,odroid1,odroid1,odroid1,odroid1
3034,odroid1,odroid1,odroid1,odroid1
3035,odroid1,odroid1,odroid1,odroid1
3036,odroid1,odroid1,odroid1,odroid1
3037,odroid1,odroid1,odroid1,odroid1
3038,odroid1,odroid1,odroid1,odroid1
3039,odroid1,odroid1,odroid1,odroid1
3040,odroid1,odroid1,odroid1,odroid1
3041,odroid1,odroid1,odroid1,odroid1
3042,odroid1,odroid1,odroid1,odroid1
3043,odroid1,odroid3,odroid1,odroid1
3044,odroid1,odroid1,odroid1,odroid1
3045,odroid1,odroid1,odroid1,odroid1
3046,odroid1,odroid1,odroid1,odroid1
3047,odroid1,odroid1,odroid1,odroid1
3048,odroid1,odroid1,odroid1,odroid1
3049,odroid1,odroid1,odroid1,odroid1
3050,odroid1,odroid1,odroid1,odroid1
3051,odroid1,odroid1,odroid1,odroid1
3052,odroid1,odroid1,odroid1,odroid1
3053,odroid1,odroid1,odroid1,odroid1
3054,odroid1,odroid1,odroid1,odroid1
3055,odroid1,odroid1,odroid1,odroid1
3056,odroid1,odroid1,odroid1,odroid1
3057,odroid1,odroid1,odroid1,odroid1
3058,odroid1,odroid1,odroid1,odroid1
3059,odroid1,odroid1,odroid1,odroid1
3060,odroid1,odroid1,odroid1,odroid1
3061,odroid1,odroid1,odroid1,odroid1
3062,odroid1,odroid1,odroid1,odroid1
3063,odroid1,odroid1,odroid1,odroid1
3064,odroid1,odroid1,odroid1,odroid1
3065,odroid1,odroid1,odroid1,odroid1
3066,odroid1,odroid1,odroid1,odroid1
3067,odroid1,odroid1,odroid1,odroid1
3068,odroid1,odroid1,odroid1,odroid1
3069,odroid1,odroid1,odroid1,odroid1
3070,odroid1,odroid1,odroid1,odroid1
3071,odroid1,odroid1,odroid1,odroid1
3072,odroid1,odroid1,odroid1,odroid1
3073,odroid1,odroid1,odroid1,odroid1
3074,odroid1,odroid1,odroid1,odroid1
3075,odroid1,odroid1,odroid1,odroid3
3076,odroid1,odroid1,odroid1,odroid1
3077,odroid1,odroid3,odroid1,odroid1
3078,odroid1,odroid1,odroid1,odroid1
3079,odroid1,odroid1,odroid4,odroid1
3080,odroid1,odroid1,odroid1,odroid1
3081,odroid1,odroid1,odroid1,odroid1
3082,odroid1,odroid1,odroid1,odroid1
3083,odroid1,odroid1,odroid1,odroid1
3084,odroid1,odroid1,odroid1,odroid1
3085,odroid1,odroid1,odroid1,odroid1
3086,odroid1,odroid1,odroid1,odroid1
3087,odroid1,odroid1,odroid1,odroid1
3088,odroid1,odroid1,odroid1,odroid1
3089,odroid1,odroid1,odroid1,odroid1
3090,odroid1,odroid1,odroid1,odroid1
3091,odroid1,odroid1,odroid1,odroid1
3092,odroid1,odroid1,odroid1,odroid1
3093,odroid1,odroid1,odroid1,odroid1
3094,odroid1,odroid1,odroid1,odroid3
3095,odroid1,odroid1,odroid1,odroid1
3096,odroid1,odroid3,odroid1,odroid1
3097,odroid1,odroid1,odroid1,odroid1
3098,odroid1,odroid1,odroid1,odroid1
3099,odroid1,odroid1,odroid1,odroid1
3100,odroid1,odroid1,odroid1,odroid1
3101,odroid1,odroid1,odroid1,odroid1
3102,odroid1,odroid1,odroid1,odroid1
3103,odroid1,odroid1,odroid1,odroid1
3104,odroid1,odroid1,odroid1,odroid1
3105,odroid1,odroid1,odroid1,odroid1
3106,odroid1,odroid1,odroid1,odroid1
3107,odroid1,odroid1,odroid1,odroid1
3108,odroid1,odroid1,odroid1,odroid1
3109,odroid1,odroid1,odroid1,odroid1
3110,odroid1,odroid1,odroid1,odroid1
3111,odroid1,odroid1,odroid1,odroid1
3112,odroid1,odroid1,odroid1,odroid1
3113,odroid1,odroid1,odroid1,odroid1
3114,odroid1,odroid1,odroid1,odroid1
3115,odroid1,odroid1,odroid1,odroid1
3116,odroid1,odroid1,odroid1,odroid1
3117,odroid1,odroid1,odroid1,odroid1
3118,odroid1,odroid1,odroid1,odroid1
3119,odroid1,odroid1,odroid1,odroid1
3120,odroid1,odroid1,odroid1,odroid1
3121,odroid1,odroid1,odroid1,odroid1
3122,odroid1,odroid1,odroid1,odroid1
3123,odroid1,odroid1,odroid1,odroid1
3124,odroid1,odroid1,odroid1,odroid1
3125,odroid1,odroid1,odroid1,odroid1
3126,odroid1,odroid1,odroid1,odroid1
3127,odroid1,odroid1,odroid1,odroid1
3128,odroid1,odroid1,odroid1,odroid1
3129,odroid1,odroid3,odroid1,odroid1
3130,odroid1,odroid3,odroid1,odroid1
3131,odroid1,odroid1,odroid1,odroid1
3132,odroid1,odroid1,odroid1,odroid1
3133,odroid1,odroid1,odroid1,odroid1
3134,odroid1,odroid1,odroid1,odroid1
3135,odroid1,odroid1,odroid1,odroid1
3136,odroid1,odroid1,odroid1,odroid1
3137,odroid1,odroid1,odroid1,odroid1
3138,odroid1,odroid1,odroid1,odroid1
3139,odroid1,odroid1,odroid1,odroid1
3140,odroid1,odroid1,odroid1,odroid1
3141,odroid1,odroid1,odroid1,odroid1
3142,odroid1,odroid1,odroid1,odroid1
3143,odroid1,odroid1,odroid1,odroid1
3144,odroid1,odroid1,odroid1,odroid1
3145,odroid1,odroid1,odroid1,odroid1
3146,odroid1,odroid1,odroid1,odroid1
3147,odroid1,odroid1,odroid1,odroid1
3148,odroid1,odroid1,odroid1,odroid1
3149,odroid1,odroid1,odroid1,odroid1
3150,odroid1,odroid1,odroid1,odroid1
3151,odroid1,odroid1,odroid1,odroid1
3152,odroid1,odroid1,odroid1,odroid1
3153,odroid1,odroid1,odroid1,odroid1
3154,odroid1,odroid1,odroid1,odroid1
3155,odroid1,odroid1,odroid1,odroid1
3156,odroid1,odroid1,odroid1,odroid1
3157,odroid1,odroid1,odroid1,odroid1
3158,odroid1,odroid1,odroid1,odroid1
3159,odroid1,odroid1,odroid1,odroid1
3160,odroid1,odroid1,odroid1,odroid1
3161,odroid1,odroid1,odroid1,odroid1
3162,odroid1,odroid1,odroid1,odroid1
3163,odroid1,odroid1,odroid1,odroid1
3164,odroid1,odroid1,odroid1,odroid1
3165,odroid1,odroid1,odroid1,odroid1
3166,odroid1,odroid1,odroid1,odroid1
3167,odroid1,odroid1,odroid1,odroid1
3168,odroid1,odroid1,odroid1,odroid1
3169,odroid1,odroid1,odroid1,odroid3
3170,odroid1,odroid1,odroid1,odroid1
3171,odroid1,odroid1,odroid1,odroid1
3172,odroid1,odroid1,odroid1,odroid1
3173,odroid1,odroid1,odroid1,odroid1
3174,odroid1,odroid1,odroid1,odroid1
3175,odroid1,odroid1,odroid1,odroid1
3176,odroid1,odroid1,odroid1,odroid1
3177,odroid4,odroid4,odroid4,odroid4
3178,odroid4,odroid4,odroid4,odroid4
3179,odroid4,odroid4,odroid4,odroid4
3180,odroid4,odroid4,odroid4,odroid4
3181,odroid4,odroid4,odroid4,odroid4
3182,odroid4,odroid4,odroid4,odroid4
3183,odroid4,odroid4,odroid4,odroid4
3184,odroid4,odroid4,odroid4,odroid4
3185,odroid4,odroid4,odroid4,odroid4
3186,odroid4,odroid4,odroid4,odroid4
3187,odroid4,odroid4,odroid4,odroid4
3188,odroid4,odroid4,odroid4,odroid4
3189,odroid4,odroid4,odroid4,odroid4
3190,odroid4,odroid4,odroid4,odroid4
3191,odroid4,odroid4,odroid4,odroid4
3192,odroid4,odroid4,odroid4,odroid4
3193,odroid4,odroid4,odroid4,odroid4
3194,odroid4,odroid4,odroid4,odroid4
3195,odroid4,odroid4,odroid4,odroid4
3196,odroid4,odroid4,odroid4,odroid4
3197,odroid4,odroid4,odroid4,odroid4
3198,odroid4,odroid4,odroid4,odroid4
3199,odroid4,odroid4,odroid4,odroid4
3200,odroid4,odroid4,odroid4,odroid4
3201,odroid4,odroid4,odroid4,odroid4
3202,odroid4,odroid4,odroid4,odroid4
3203,odroid4,odroid4,odroid4,odroid4
3204,odroid4,odroid4,odroid4,odroid4
3205,odroid4,odroid4,odroid4,odroid4
3206,odroid4,odroid4,odroid4,odroid4
3207,odroid4,odroid4,odroid4,odroid4
3208,odroid4,odroid4,odroid4,odroid4
3209,odroid4,odroid4,odroid4,odroid4
3210,odroid4,odroid4,odroid4,odroid4
3211,odroid4,odroid4,odroid4,odroid4
3212,odroid4,odroid4,odroid4,odroid4
3213,odroid4,odroid4,odroid4,odroid4
3214,odroid4,odroid4,odroid4,odroid4
3215,odroid4,odroid4,odroid4,odroid4
3216,odroid4,odroid4,odroid4,odroid4
3217,odroid4,odroid4,odroid4,odroid4
3218,odroid4,odroid4,odroid4,odroid4
3219,odroid4,odroid4,odroid4,odroid4
3220,odroid4,odroid4,odroid4,odroid4
3221,odroid4,odroid4,odroid4,odroid4
3222,odroid4,odroid4,odroid4,odroid4
3223,odroid4,odroid4,odroid4,odroid4
3224,odroid4,odroid4,odroid4,odroid4
3225,odroid4,odroid4,odroid4,odroid4
3226,odroid4,odroid4,odroid4,odroid4
3227,odroid4,odroid4,odroid4,odroid4
3228,odroid4,odroid4,odroid4,odroid4
3229,odroid4,odroid4,odroid4,odroid4
3230,odroid4,odroid4,odroid4,odroid4
3231,odroid4,odroid4,odroid4,odroid4
3232,odroid4,odroid4,odroid4,odroid4
3233,odroid4,odroid4,odroid4,odroid4
3234,odroid4,odroid4,odroid4,odroid4
3235,odroid4,odroid4,odroid4,odroid4
3236,odroid4,odroid4,odroid4,odroid4
3237,odroid4,odroid4,odroid4,odroid4
3238,odroid4,odroid4,odroid4,odroid4
3239,odroid4,odroid4,odroid4,odroid4
3240,odroid4,odroid4,odroid4,odroid4
3241,odroid4,odroid4,odroid4,odroid4
3242,odroid4,odroid4,odroid4,odroid4
3243,odroid4,odroid4,odroid4,odroid4
3244,odroid4,odroid4,odroid4,odroid4
3245,odroid4,odroid4,odroid4,odroid4
3246,odroid4,odroid4,odroid4,odroid4
3247,odroid4,odroid4,odroid4,odroid4
3248,odroid4,odroid4,odroid4,odroid4
3249,odroid4,odroid4,odroid4,odroid4
3250,odroid4,odroid4,odroid4,odroid4
3251,odroid4,odroid4,odroid4,odroid4
3252,odroid4,odroid4,odroid4,odroid4
3253,odroid4,odroid4,odroid4,odroid4
3254,odroid4,odroid4,odroid4,odroid4
3255,odroid4,odroid4,odroid4,odroid4
3256,odroid4,odroid4,odroid4,odroid4
3257,odroid4,odroid4,odroid4,odroid4
3258,odroid4,odroid4,odroid4,odroid4
3259,odroid4,odroid4,odroid4,odroid4
3260,odroid4,odroid4,odroid4,odroid4
3261,odroid4,odroid4,odroid4,odroid4
3262,odroid4,odroid4,odroid4,odroid4
3263,odroid4,odroid4,odroid4,odroid4
3264,odroid4,odroid4,odroid4,odroid4
3265,odroid4,odroid4,odroid4,odroid4
3266,odroid4,odroid4,odroid4,odroid4
3267,odroid4,odroid4,odroid4,odroid4
3268,odroid4,odroid4,odroid4,odroid4
3269,odroid4,odroid4,odroid4,odroid4
3270,odroid4,odroid4,odroid4,odroid4
3271,odroid4,odroid4,odroid4,odroid4
3272,odroid4,odroid4,odroid4,odroid4
3273,odroid4,odroid4,odroid4,odroid4
3274,odroid4,odroid4,odroid4,odroid4
3275,odroid4,odroid4,odroid4,odroid4
3276,odroid4,odroid4,odroid4,odroid4
3277,odroid4,odroid4,odroid4,odroid4
3278,odroid4,odroid4,odroid4,odroid4
3279,odroid4,odroid4,odroid4,odroid4
3280,odroid4,odroid2,odroid4,odroid4
3281,odroid4,odroid4,odroid4,odroid4
3282,odroid4,odroid4,odroid4,odroid4
3283,odroid4,odroid4,odroid4,odroid4
3284,odroid4,odroid4,odroid4,odroid4
3285,odroid4,odroid4,odroid4,odroid4
3286,odroid4,odroid4,odroid4,odroid4
3287,odroid4,odroid4,odroid4,odroid4
3288,odroid4,odroid4,odroid4,odroid4
3289,odroid4,odroid4,odroid4,odroid4
3290,odroid4,odroid4,odroid4,odroid4
3291,odroid4,odroid4,odroid4,odroid4
3292,odroid4,odroid4,odroid4,odroid4
3293,odroid4,odroid4,odroid4,odroid4
3294,odroid4,odroid4,odroid4,odroid4
3295,odroid4,odroid4,odroid4,odroid4
3296,odroid4,odroid4,odroid4,odroid4
3297,odroid4,odroid4,odroid4,odroid4
3298,odroid4,odroid4,odroid4,odroid4
3299,odroid4,odroid4,odroid4,odroid4
3300,odroid4,odroid4,odroid4,odroid4
3301,odroid4,odroid4,odroid4,odroid4
3302,odroid4,odroid4,odroid4,odroid4
3303,odroid4,odroid4,odroid4,odroid4
3304,odroid4,odroid4,odroid4,odroid4
3305,odroid4,odroid4,odroid4,odroid4
3306,odroid4,odroid4,odroid4,odroid4
3307,odroid4,odroid4,odroid4,odroid4
3308,odroid4,odroid4,odroid4,odroid4
3309,odroid4,odroid4,odroid4,odroid4
3310,odroid4,odroid4,odroid4,odroid4
3311,odroid4,odroid4,odroid4,odroid4
3312,odroid4,odroid4,odroid4,odroid4
3313,odroid4,odroid4,odroid4,odroid4
3314,odroid4,odroid4,odroid4,odroid4
3315,odroid4,odroid4,odroid4,odroid4
3316,odroid4,odroid4,odroid4,odroid4
3317,odroid4,odroid4,odroid4,odroid4
3318,odroid4,odroid4,odroid4,odroid4
3319,odroid4,odroid4,odroid4,odroid4
3320,odroid4,odroid4,odroid4,odroid4
3321,odroid4,odroid4,odroid4,odroid4
3322,odroid4,odroid4,odroid4,odroid4
3323,odroid4,odroid4,odroid4,odroid4
3324,odroid4,odroid4,odroid4,odroid4
3325,odroid4,odroid4,odroid4,odroid4
3326,odroid4,odroid4,odroid4,odroid4
3327,odroid4,odroid4,odroid4,odroid4
3328,odroid4,odroid4,odroid4,odroid4
3329,odroid4,odroid4,odroid4,odroid4
3330,odroid4,odroid4,odroid4,odroid4
3331,odroid4,odroid4,odroid4,odroid4
3332,odroid4,odroid4,odroid4,odroid4
3333,odroid4,odroid4,odroid4,odroid4
3334,odroid4,odroid4,odroid4,odroid4
3335,odroid4,odroid4,odroid4,odroid4
3336,odroid4,odroid4,odroid4,odroid4
3337,odroid4,odroid4,odroid4,odroid4
3338,odroid4,odroid4,odroid4,odroid4
3339,odroid4,odroid4,odroid4,odroid4
3340,odroid4,odroid4,odroid4,odroid4
3341,odroid4,odroid4,odroid4,odroid4
3342,odroid4,odroid4,odroid4,odroid4
3343,odroid4,odroid4,odroid4,odroid4
3344,odroid4,odroid4,odroid4,odroid4
3345,odroid4,odroid4,odroid4,odroid4
3346,odroid4,odroid4,odroid4,odroid4
3347,odroid4,odroid4,odroid4,odroid4
3348,odroid4,odroid4,odroid4,odroid4
3349,odroid4,odroid4,odroid4,odroid4
3350,odroid4,odroid3,odroid4,odroid4
3351,odroid4,odroid4,odroid4,odroid4
3352,odroid4,odroid4,odroid4,odroid4
3353,odroid4,odroid4,odroid4,odroid4
3354,odroid4,odroid4,odroid4,odroid4
3355,odroid4,odroid4,odroid4,odroid4
3356,odroid4,odroid4,odroid4,odroid4
3357,odroid4,odroid4,odroid4,odroid4
3358,odroid4,odroid4,odroid4,odroid4
3359,odroid4,odroid4,odroid4,odroid4
3360,odroid4,odroid4,odroid4,odroid4
3361,odroid4,odroid4,odroid4,odroid4
3362,odroid4,odroid4,odroid4,odroid4
3363,odroid4,odroid4,odroid4,odroid4
3364,odroid4,odroid4,odroid4,odroid4
3365,odroid4,odroid4,odroid4,odroid4
3366,odroid4,odroid4,odroid4,odroid4
3367,odroid4,odroid4,odroid4,odroid4
3368,odroid4,odroid4,odroid4,odroid4
3369,odroid4,odroid4,odroid4,odroid4
3370,odroid4,odroid4,odroid4,odroid4
3371,odroid4,odroid4,odroid4,odroid4
3372,odroid4,odroid4,odroid4,odroid4
3373,odroid4,odroid4,odroid4,odroid4
3374,odroid4,odroid4,odroid4,odroid4
3375,odroid4,odroid4,odroid4,odroid4
3376,odroid4,odroid4,odroid4,odroid4
3377,odroid4,odroid4,odroid4,odroid4
3378,odroid4,odroid4,odroid4,odroid4
3379,odroid4,odroid4,odroid4,odroid4
3380,odroid4,odroid4,odroid4,odroid1
3381,odroid4,odroid4,odroid4,odroid4
3382,odroid4,odroid4,odroid4,odroid4
3383,odroid4,odroid4,odroid4,odroid4
3384,odroid4,odroid4,odroid4,odroid4
3385,odroid4,odroid4,odroid4,odroid4
3386,odroid4,odroid4,odroid4,odroid4
3387,odroid4,odroid4,odroid4,odroid4
3388,odroid4,odroid4,odroid4,odroid4
3389,odroid4,odroid4,odroid4,odroid4
3390,odroid4,odroid4,odroid4,odroid4
3391,odroid4,odroid4,odroid4,odroid4
3392,odroid4,odroid4,odroid4,odroid4
3393,odroid4,odroid4,odroid4,odroid4
3394,odroid4,odroid4,odroid4,odroid4
3395,odroid4,odroid4,odroid4,odroid4
3396,odroid4,odroid4,odroid4,odroid4
3397,odroid4,odroid4,odroid4,odroid4
3398,odroid4,odroid4,odroid4,odroid4
3399,odroid4,odroid4,odroid4,odroid4
3400,odroid4,odroid4,odroid4,odroid4
3401,odroid4,odroid4,odroid4,odroid4
3402,odroid4,odroid4,odroid4,odroid4
3403,odroid4,odroid4,odroid4,odroid4
3404,odroid4,odroid4,odroid4,odroid4
3405,odroid4,odroid4,odroid4,odroid4
3406,odroid4,odroid4,odroid4,odroid4
3407,odroid4,odroid4,odroid4,odroid4
3408,odroid4,odroid4,odroid4,odroid4
3409,odroid4,odroid4,odroid4,odroid4
3410,odroid4,odroid4,odroid4,odroid4
3411,odroid4,odroid4,odroid4,odroid4
3412,odroid4,odroid4,odroid4,odroid4
3413,odroid4,odroid4,odroid4,odroid4
3414,odroid4,odroid2,odroid4,odroid4
3415,odroid4,odroid4,odroid4,odroid4
3416,odroid4,odroid4,odroid4,odroid4
3417,odroid4,odroid4,odroid4,odroid4
3418,odroid4,odroid4,odroid4,odroid4
3419,odroid4,odroid4,odroid4,odroid4
3420,odroid4,odroid4,odroid4,odroid4
3421,odroid4,odroid4,odroid4,odroid4
3422,odroid4,odroid4,odroid4,odroid4
3423,odroid4,odroid4,odroid4,odroid4
3424,odroid4,odroid4,odroid4,odroid4
3425,odroid4,odroid4,odroid4,odroid4
3426,odroid4,odroid4,odroid4,odroid4
3427,odroid4,odroid4,odroid4,odroid4
3428,odroid4,odroid4,odroid4,odroid4
3429,odroid4,odroid4,odroid4,odroid4
3430,odroid4,odroid4,odroid4,odroid4
3431,odroid4,odroid4,odroid4,odroid4
3432,odroid4,odroid4,odroid4,odroid4
3433,odroid4,odroid4,odroid4,odroid4
3434,odroid4,odroid4,odroid4,odroid4
3435,odroid4,odroid2,odroid4,odroid4
3436,odroid4,odroid4,odroid4,odroid4
3437,odroid4,odroid4,odroid4,odroid4
3438,odroid4,odroid4,odroid4,odroid4
3439,odroid4,odroid4,odroid4,odroid4
3440,odroid4,odroid4,odroid4,odroid4
3441,odroid4,odroid4,odroid4,odroid4
3442,odroid4,odroid4,odroid4,odroid4
3443,odroid4,odroid4,odroid4,odroid4
3444,odroid4,odroid4,odroid4,odroid4
3445,odroid4,odroid4,odroid3,odroid4
3446,odroid4,odroid4,odroid4,odroid4
3447,odroid4,odroid4,odroid4,odroid4
3448,odroid4,odroid4,odroid4,odroid4
3449,odroid4,odroid4,odroid4,odroid4
3450,odroid4,odroid4,odroid4,odroid4
3451,odroid4,odroid4,odroid4,odroid4
3452,odroid4,odroid4,odroid4,odroid4
3453,odroid4,odroid4,odroid4,odroid4
3454,odroid4,odroid4,odroid4,odroid4
3455,odroid4,odroid4,odroid4,odroid4
3456,odroid4,odroid4,odroid4,odroid2
3457,odroid4,odroid4,odroid4,odroid4
3458,odroid4,odroid4,odroid4,odroid4
3459,odroid4,odroid4,odroid4,odroid4
3460,odroid4,odroid4,odroid4,odroid4
3461,odroid4,odroid4,odroid4,odroid4
3462,odroid4,odroid4,odroid4,odroid4
3463,odroid4,odroid4,odroid4,odroid4
3464,odroid4,odroid4,odroid4,odroid4
3465,odroid4,odroid4,odroid4,odroid4
3466,odroid4,odroid4,odroid4,odroid4
3467,odroid4,odroid4,odroid4,odroid4
3468,odroid4,odroid4,odroid4,odroid4
3469,odroid4,odroid4,odroid4,odroid4
3470,odroid4,odroid4,odroid4,odroid4
3471,odroid4,odroid4,odroid4,odroid4
3472,odroid4,odroid4,odroid4,odroid4
3473,odroid4,odroid4,odroid4,odroid4
3474,odroid4,odroid4,odroid4,odroid4
3475,odroid4,odroid4,odroid4,odroid4
3476,odroid4,odroid4,odroid4,odroid4
3477,odroid4,odroid4,odroid4,odroid4
3478,odroid4,odroid4,odroid4,odroid4
3479,odroid4,odroid4,odroid4,odroid4
3480,odroid4,odroid4,odroid4,odroid4
3481,odroid4,odroid4,odroid4,odroid4
3482,odroid4,odroid4,odroid4,odroid4
3483,odroid4,odroid4,odroid4,odroid4
3484,odroid4,odroid4,odroid4,odroid4
3485,odroid4,odroid4,odroid4,odroid4
3486,odroid4,odroid4,odroid4,odroid4
3487,odroid4,odroid4,odroid4,odroid4
3488,odroid4,odroid4,odroid4,odroid4
3489,odroid4,odroid4,odroid4,odroid4
3490,odroid4,odroid4,odroid4,odroid2
3491,odroid4,odroid4,odroid4,odroid4
3492,odroid4,odroid4,odroid4,odroid4
3493,odroid4,odroid4,odroid4,odroid4
3494,odroid4,odroid4,odroid4,odroid4
3495,odroid4,odroid4,odroid4,odroid4
3496,odroid4,odroid4,odroid4,odroid4
3497,odroid4,odroid4,odroid4,odroid4
3498,odroid4,odroid4,odroid4,odroid4
3499,odroid4,odroid4,odroid4,odroid4
3500,odroid4,odroid4,odroid4,odroid4
3501,odroid4,odroid4,odroid4,odroid4
3502,odroid4,odroid4,odroid4,odroid4
3503,odroid4,odroid4,odroid4,odroid4
3504,odroid4,odroid4,odroid4,odroid4
3505,odroid4,odroid4,odroid4,odroid4
3506,odroid4,odroid4,odroid4,odroid4
3507,odroid4,odroid4,odroid4,odroid4
3508,odroid4,odroid4,odroid4,odroid4
3509,odroid4,odroid4,odroid4,odroid4
3510,odroid4,odroid4,odroid4,odroid4
3511,odroid4,odroid4,odroid4,odroid4
3512,odroid4,odroid4,odroid4,odroid4
3513,odroid4,odroid4,odroid4,odroid4
3514,odroid4,odroid4,odroid4,odroid4
3515,odroid4,odroid4,odroid4,odroid4
3516,odroid4,odroid4,odroid4,odroid4
3517,odroid4,odroid4,odroid4,odroid4
3518,odroid4,odroid4,odroid4,odroid4
3519,odroid4,odroid4,odroid4,odroid4
3520,odroid4,odroid4,odroid4,odroid4
3521,odroid4,odroid4,odroid4,odroid4
3522,odroid4,odroid4,odroid4,odroid4
3523,odroid4,odroid4,odroid4,odroid4
3524,odroid4,odroid4,odroid4,odroid4
3525,odroid4,odroid4,odroid4,odroid4
3526,odroid4,odroid4,odroid4,odroid4
3527,odroid4,odroid4,odroid4,odroid4
3528,odroid4,odroid4,odroid4,odroid4
3529,odroid4,odroid4,odroid4,odroid4
3530,odroid4,odroid4,odroid4,odroid4
3531,odroid4,odroid4,odroid4,odroid4
3532,odroid4,odroid4,odroid4,odroid4
3533,odroid4,odroid4,odroid4,odroid4
3534,odroid4,odroid4,odroid4,odroid4
3535,odroid4,odroid4,odroid4,odroid4
3536,odroid4,odroid4,odroid4,odroid4
3537,odroid4,odroid4,odroid4,odroid4
3538,odroid4,odroid3,odroid4,odroid4
3539,odroid4,odroid4,odroid4,odroid4
3540,odroid4,odroid4,odroid4,odroid4
3541,odroid4,odroid4,odroid4,odroid4
3542,odroid4,odroid4,odroid4,odroid4
3543,odroid4,odroid4,odroid4,odroid4
3544,odroid4,odroid4,odroid4,odroid4
3545,odroid4,odroid4,odroid4,odroid4
3546,odroid4,odroid4,odroid4,odroid4
3547,odroid4,odroid4,odroid4,odroid4
3548,odroid4,odroid4,odroid4,odroid4
3549,odroid4,odroid4,odroid4,odroid4
3550,odroid4,odroid4,odroid4,odroid4
3551,odroid4,odroid4,odroid4,odroid4
3552,odroid4,odroid4,odroid1,odroid2
3553,odroid4,odroid4,odroid4,odroid4
3554,odroid4,odroid4,odroid4,odroid4
3555,odroid4,odroid4,odroid4,odroid4
3556,odroid4,odroid4,odroid4,odroid4
3557,odroid4,odroid4,odroid4,odroid4
3558,odroid4,odroid4,odroid4,odroid4
3559,odroid4,odroid4,odroid4,odroid4
3560,odroid4,odroid4,odroid4,odroid4
3561,odroid4,odroid4,odroid4,odroid4
3562,odroid4,odroid4,odroid4,odroid4
3563,odroid4,odroid4,odroid4,odroid4
3564,odroid4,odroid4,odroid4,odroid4
3565,odroid4,odroid4,odroid4,odroid4
3566,odroid4,odroid4,odroid4,odroid4
3567,odroid4,odroid4,odroid4,odroid4
3568,odroid4,odroid4,odroid4,odroid4
3569,odroid4,odroid4,odroid4,odroid4
3570,odroid4,odroid4,odroid4,odroid4
3571,odroid4,odroid4,odroid4,odroid4
3572,odroid4,odroid4,odroid4,odroid4
3573,odroid4,odroid4,odroid4,odroid4
3574,odroid4,odroid4,odroid4,odroid4
3575,odroid4,odroid4,odroid4,odroid4
3576,odroid4,odroid4,odroid4,odroid4
3577,odroid4,odroid4,odroid4,odroid4
3578,odroid4,odroid4,odroid4,odroid4
3579,odroid4,odroid4,odroid4,odroid4
3580,odroid4,odroid4,odroid4,odroid4
3581,odroid4,odroid4,odroid4,odroid4
3582,odroid4,odroid4,odroid4,odroid4
3583,odroid4,odroid4,odroid4,odroid4
3584,odroid4,odroid4,odroid4,odroid4
3585,odroid4,odroid4,odroid4,odroid4
3586,odroid4,odroid4,odroid4,odroid4
3587,odroid4,odroid4,odroid4,odroid4
3588,odroid4,odroid4,odroid4,odroid4
3589,odroid4,odroid4,odroid4,odroid4
3590,odroid4,odroid4,odroid4,odroid4
3591,odroid4,odroid4,odroid4,odroid4
3592,odroid4,odroid4,odroid4,odroid4
3593,odroid4,odroid4,odroid4,odroid4
3594,odroid4,odroid4,odroid4,odroid4
3595,odroid4,odroid4,odroid4,odroid4
3596,odroid4,odroid4,odroid4,odroid4
3597,odroid4,odroid4,odroid4,odroid4
3598,odroid4,odroid4,odroid4,odroid4
3599,odroid4,odroid4,odroid4,odroid4
3600,odroid4,odroid4,odroid4,odroid4
3601,odroid4,odroid4,odroid4,odroid4
3602,odroid4,odroid4,odroid4,odroid4
3603,odroid4,odroid4,odroid4,odroid4
3604,odroid4,odroid4,odroid4,odroid4
3605,odroid4,odroid4,odroid4,odroid4
3606,odroid4,odroid4,odroid4,odroid4
3607,odroid4,odroid4,odroid4,odroid4
3608,odroid4,odroid4,odroid4,odroid4
3609,odroid4,odroid4,odroid4,odroid4
3610,odroid4,odroid4,odroid4,odroid4
3611,odroid4,odroid4,odroid4,odroid4
3612,odroid4,odroid4,odroid4,odroid4
3613,odroid4,odroid4,odroid4,odroid4
3614,odroid4,odroid4,odroid4,odroid4
3615,odroid4,odroid4,odroid4,odroid4
3616,odroid4,odroid4,odroid4,odroid4
3617,odroid4,odroid4,odroid4,odroid4
3618,odroid4,odroid4,odroid4,odroid4
3619,odroid4,odroid4,odroid4,odroid4
3620,odroid4,odroid4,odroid2,odroid4
3621,odroid4,odroid4,odroid4,odroid4
3622,odroid4,odroid4,odroid4,odroid4
3623,odroid4,odroid4,odroid4,odroid4
3624,odroid4,odroid4,odroid4,odroid4
3625,odroid4,odroid4,odroid4,odroid4
3626,odroid4,odroid4,odroid4,odroid4
3627,odroid4,odroid4,odroid4,odroid4
3628,odroid4,odroid4,odroid4,odroid4
3629,odroid4,odroid4,odroid4,odroid4
3630,odroid4,odroid4,odroid4,odroid4
3631,odroid4,odroid4,odroid4,odroid4
3632,odroid4,odroid4,odroid4,odroid4
3633,odroid4,odroid4,odroid4,odroid4
3634,odroid4,odroid4,odroid4,odroid4
3635,odroid4,odroid4,odroid4,odroid4
3636,odroid4,odroid4,odroid4,odroid4
3637,odroid4,odroid4,odroid4,odroid4
3638,odroid4,odroid4,odroid4,odroid4
3639,odroid4,odroid4,odroid4,odroid4
3640,odroid4,odroid4,odroid4,odroid4
3641,odroid4,odroid4,odroid4,odroid4
3642,odroid4,odroid4,odroid4,odroid4
3643,odroid4,odroid4,odroid4,odroid4
3644,odroid4,odroid4,odroid4,odroid4
3645,odroid4,odroid4,odroid4,odroid4
3646,odroid4,odroid4,odroid4,odroid4
3647,odroid4,odroid4,odroid4,odroid4
3648,odroid4,odroid4,odroid4,odroid4
3649,odroid4,odroid4,odroid4,odroid4
3650,odroid4,odroid4,odroid4,odroid4
3651,odroid4,odroid4,odroid4,odroid4
3652,odroid4,odroid4,odroid4,odroid4
3653,odroid4,odroid4,odroid4,odroid4
3654,odroid4,odroid4,odroid4,odroid4
3655,odroid4,odroid4,odroid4,odroid4
3656,odroid4,odroid4,odroid4,odroid4
3657,odroid4,odroid4,odroid4,odroid4
3658,odroid4,odroid4,odroid4,odroid4
3659,odroid4,odroid4,odroid4,odroid4
3660,odroid4,odroid4,odroid4,odroid4
3661,odroid4,odroid4,odroid4,odroid4
3662,odroid4,odroid4,odroid4,odroid4
3663,odroid4,odroid4,odroid4,odroid4
3664,odroid4,odroid4,odroid4,odroid4
3665,odroid4,odroid4,odroid4,odroid4
3666,odroid4,odroid4,odroid4,odroid4
3667,odroid4,odroid4,odroid4,odroid4
3668,odroid4,odroid4,odroid4,odroid4
3669,odroid4,odroid4,odroid4,odroid4
3670,odroid4,odroid4,odroid4,odroid4
3671,odroid4,odroid4,odroid4,odroid4
3672,odroid4,odroid4,odroid4,odroid4
3673,odroid4,odroid4,odroid4,odroid4
3674,odroid4,odroid4,odroid4,odroid4
3675,odroid4,odroid4,odroid4,odroid4
3676,odroid4,odroid4,odroid4,odroid4
3677,odroid4,odroid4,odroid4,odroid4
3678,odroid4,odroid4,odroid4,odroid4
3679,odroid4,odroid4,odroid2,odroid4
3680,odroid4,odroid4,odroid4,odroid4
3681,odroid4,odroid4,odroid4,odroid4
3682,odroid4,odroid4,odroid4,odroid4
3683,odroid4,odroid4,odroid4,odroid4
3684,odroid4,odroid4,odroid4,odroid4
3685,odroid4,odroid4,odroid4,odroid4
3686,odroid4,odroid4,odroid4,odroid4
3687,odroid4,odroid4,odroid4,odroid4
3688,odroid4,odroid4,odroid4,odroid4
3689,odroid4,odroid4,odroid4,odroid4
3690,odroid4,odroid4,odroid4,odroid4
3691,odroid4,odroid4,odroid4,odroid2
3692,odroid4,odroid4,odroid4,odroid4
3693,odroid4,odroid4,odroid4,odroid4
3694,odroid4,odroid4,odroid4,odroid4
3695,odroid4,odroid4,odroid4,odroid4
3696,odroid4,odroid4,odroid4,odroid4
3697,odroid4,odroid4,odroid4,odroid4
3698,odroid4,odroid4,odroid4,odroid4
3699,odroid4,odroid4,odroid4,odroid4
3700,odroid4,odroid4,odroid4,odroid4
3701,odroid4,odroid4,odroid4,odroid4
3702,odroid4,odroid4,odroid4,odroid4
3703,odroid4,odroid4,odroid4,odroid4
3704,odroid4,odroid4,odroid4,odroid4
3705,odroid4,odroid4,odroid4,odroid4
3706,odroid4,odroid4,odroid4,odroid4
3707,odroid4,odroid4,odroid4,odroid4
3708,odroid4,odroid4,odroid4,odroid4
3709,odroid4,odroid4,odroid4,odroid4
3710,odroid4,odroid4,odroid4,odroid4
3711,odroid4,odroid4,odroid4,odroid4
3712,odroid4,odroid4,odroid4,odroid2
3713,odroid4,odroid4,odroid4,odroid4
3714,odroid4,odroid4,odroid4,odroid4
3715,odroid4,odroid4,odroid4,odroid4
3716,odroid4,odroid4,odroid4,odroid4
3717,odroid4,odroid4,odroid4,odroid4
3718,odroid4,odroid3,odroid4,odroid4
3719,odroid4,odroid4,odroid4,odroid4
3720,odroid4,odroid4,odroid4,odroid4
3721,odroid4,odroid4,odroid4,odroid4
3722,odroid4,odroid4,odroid4,odroid4
3723,odroid4,odroid4,odroid4,odroid4
3724,odroid4,odroid4,odroid4,odroid4
3725,odroid4,odroid4,odroid4,odroid4
3726,odroid4,odroid4,odroid4,odroid2
3727,odroid4,odroid4,odroid4,odroid4
3728,odroid4,odroid4,odroid4,odroid4
3729,odroid4,odroid4,odroid4,odroid4
3730,odroid4,odroid4,odroid4,odroid4
3731,odroid4,odroid4,odroid4,odroid4
3732,odroid4,odroid4,odroid4,odroid4
3733,odroid4,odroid4,odroid4,odroid4
3734,odroid4,odroid4,odroid4,odroid4
3735,odroid4,odroid4,odroid4,odroid4
3736,odroid4,odroid4,odroid4,odroid4
3737,odroid4,odroid4,odroid4,odroid4
3738,odroid4,odroid4,odroid4,odroid4
3739,odroid4,odroid4,odroid4,odroid4
3740,odroid4,odroid4,odroid4,odroid4
3741,odroid4,odroid4,odroid4,odroid4
3742,odroid4,odroid4,odroid4,odroid4
3743,odroid4,odroid4,odroid4,odroid4
3744,odroid4,odroid4,odroid4,odroid4
3745,odroid4,odroid4,odroid4,odroid4
3746,odroid4,odroid4,odroid4,odroid4
3747,odroid4,odroid4,odroid4,odroid4
3748,odroid4,odroid4,odroid4,odroid2
3749,odroid4,odroid4,odroid4,odroid4
3750,odroid3,odroid3,odroid3,odroid3
3751,odroid3,odroid3,odroid3,odroid3
3752,odroid3,odroid3,odroid3,odroid3
3753,odroid3,odroid3,odroid3,odroid3
3754,odroid3,odroid3,odroid3,odroid3
3755,odroid3,odroid3,odroid1,odroid3
3756,odroid3,odroid3,odroid3,odroid3
3757,odroid3,odroid3,odroid3,odroid3
3758,odroid3,odroid3,odroid3,odroid3
3759,odroid3,odroid3,odroid3,odroid3
3760,odroid3,odroid3,odroid3,odroid3
3761,odroid3,odroid3,odroid3,odroid3
3762,odroid3,odroid3,odroid3,odroid3
3763,odroid3,odroid3,odroid3,odroid3
3764,odroid3,odroid3,odroid3,odroid3
3765,odroid3,odroid3,odroid3,odroid3
3766,odroid3,odroid3,odroid3,odroid3
3767,odroid3,odroid3,odroid3,odroid3
3768,odroid3,odroid3,odroid3,odroid3
3769,odroid3,odroid3,odroid3,odroid3
3770,odroid3,odroid3,odroid3,odroid3
3771,odroid3,odroid3,odroid3,odroid3
3772,odroid3,odroid3,odroid3,odroid3
3773,odroid3,odroid3,odroid3,odroid3
3774,odroid3,odroid3,odroid3,odroid3
3775,odroid3,odroid3,odroid3,odroid3
3776,odroid3,odroid3,odroid3,odroid3
3777,odroid3,odroid3,odroid3,odroid3
3778,odroid3,odroid3,odroid3,odroid3
3779,odroid3,odroid3,odroid3,odroid3
3780,odroid3,odroid3,odroid3,odroid3
3781,odroid3,odroid3,odroid3,odroid3
3782,odroid3,odroid3,odroid3,odroid3
3783,odroid3,odroid3,odroid3,odroid3
3784,odroid3,odroid3,odroid3,odroid3
3785,odroid3,odroid3,odroid3,odroid3
3786,odroid3,odroid3,odroid3,odroid3
3787,odroid3,odroid3,odroid3,odroid3
3788,odroid3,odroid3,odroid3,odroid3
3789,odroid3,odroid3,odroid3,odroid3
3790,odroid3,odroid3,odroid3,odroid3
3791,odroid3,odroid3,odroid3,odroid3
3792,odroid3,odroid3,odroid3,odroid3
3793,odroid3,odroid3,odroid3,odroid3
3794,odroid3,odroid3,odroid3,odroid3
3795,odroid3,odroid3,odroid3,odroid3
3796,odroid3,odroid3,odroid3,odroid3
3797,odroid3,odroid3,odroid3,odroid3
3798,odroid3,odroid3,odroid3,odroid3
3799,odroid3,odroid3,odroid3,odroid3
3800,odroid3,odroid3,odroid3,odroid3
3801,odroid3,odroid3,odroid3,odroid3
3802,odroid3,odroid3,odroid3,odroid3
3803,odroid3,odroid3,odroid3,odroid3
3804,odroid3,odroid3,odroid3,odroid3
3805,odroid3,odroid3,odroid3,odroid3
3806,odroid3,odroid3,odroid3,odroid3
3807,odroid3,odroid3,odroid3,odroid3
3808,odroid3,odroid3,odroid3,odroid3
3809,odroid3,odroid3,odroid3,odroid3
3810,odroid3,odroid3,odroid3,odroid3
3811,odroid3,odroid3,odroid3,odroid3
3812,odroid3,odroid3,odroid3,odroid3
3813,odroid3,odroid3,odroid3,odroid3
3814,odroid3,odroid3,odroid3,odroid3
3815,odroid3,odroid3,odroid3,odroid3
3816,odroid3,odroid3,odroid3,odroid3
3817,odroid3,odroid3,odroid3,odroid3
3818,odroid3,odroid3,odroid3,odroid3
3819,odroid3,odroid3,odroid3,odroid3
3820,odroid3,odroid3,odroid3,odroid3
3821,odroid3,odroid3,odroid3,odroid3
3822,odroid3,odroid3,odroid3,odroid3
3823,odroid3,odroid3,odroid3,odroid3
3824,odroid3,odroid3,odroid3,odroid3
3825,odroid3,odroid3,odroid3,odroid3
3826,odroid3,odroid3,odroid3,odroid3
3827,odroid3,odroid3,odroid3,odroid3
3828,odroid3,odroid3,odroid3,odroid3
3829,odroid3,odroid3,odroid3,odroid3
3830,odroid3,odroid3,odroid3,odroid3
3831,odroid3,odroid3,odroid3,odroid3
3832,odroid3,odroid3,odroid3,odroid3
3833,odroid3,odroid3,odroid3,odroid3
3834,odroid3,odroid3,odroid3,odroid3
3835,odroid3,odroid3,odroid3,odroid3
3836,odroid3,odroid3,odroid3,odroid3
3837,odroid3,odroid3,odroid3,odroid3
3838,odroid3,odroid3,odroid3,odroid3
3839,odroid3,odroid3,odroid3,odroid3
3840,odroid3,odroid3,odroid3,odroid3
3841,odroid3,odroid3,odroid3,odroid3
3842,odroid3,odroid3,odroid3,odroid3
3843,odroid3,odroid3,odroid1,odroid3
3844,odroid3,odroid3,odroid3,odroid3
3845,odroid3,odroid3,odroid3,odroid3
3846,odroid3,odroid3,odroid3,odroid3
3847,odroid3,odroid3,odroid3,odroid3
3848,odroid3,odroid3,odroid3,odroid3
3849,odroid3,odroid3,odroid3,odroid3
3850,odroid3,odroid3,odroid3,odroid3
3851,odroid3,odroid3,odroid3,odroid3
3852,odroid3,odroid3,odroid3,odroid3
3853,odroid3,odroid3,odroid3,odroid3
3854,odroid3,odroid3,odroid3,odroid3
3855,odroid3,odroid3,odroid3,odroid3
3856,odroid3,odroid3,odroid3,odroid3
3857,odroid3,odroid3,odroid3,odroid3
3858,odroid3,odroid3,odroid3,odroid3
3859,odroid3,odroid3,odroid3,odroid3
3860,odroid3,odroid3,odroid3,odroid3
3861,odroid3,odroid3,odroid3,odroid3
3862,odroid3,odroid3,odroid3,odroid3
3863,odroid3,odroid3,odroid3,odroid3
3864,odroid3,odroid3,odroid3,odroid3
3865,odroid3,odroid3,odroid3,odroid3
3866,odroid3,odroid3,odroid3,odroid2
3867,odroid3,odroid3,odroid3,odroid3
3868,odroid3,odroid3,odroid3,odroid3
3869,odroid3,odroid3,odroid3,odroid3
3870,odroid3,odroid3,odroid3,odroid3
3871,odroid3,odroid3,odroid3,odroid3
3872,odroid3,odroid3,odroid3,odroid3
3873,odroid3,odroid3,odroid3,odroid3
3874,odroid3,odroid3,odroid3,odroid3
3875,odroid3,odroid3,odroid3,odroid3
3876,odroid3,odroid3,odroid3,odroid3
3877,odroid3,odroid3,odroid3,odroid3
3878,odroid3,odroid3,odroid3,odroid3
3879,odroid3,odroid3,odroid3,odroid3
3880,odroid3,odroid3,odroid3,odroid3
3881,odroid3,odroid3,odroid3,odroid3
3882,odroid3,odroid3,odroid3,odroid3
3883,odroid3,odroid1,odroid3,odroid3
3884,odroid3,odroid3,odroid3,odroid3
3885,odroid3,odroid3,odroid3,odroid3
3886,odroid3,odroid3,odroid3,odroid3
3887,odroid3,odroid3,odroid3,odroid3
3888,odroid3,odroid3,odroid3,odroid3
3889,odroid3,odroid3,odroid3,odroid3
3890,odroid3,odroid3,odroid3,odroid3
3891,odroid3,odroid3,odroid3,odroid3
3892,odroid3,odroid3,odroid3,odroid3
3893,odroid3,odroid3,odroid3,odroid3
3894,odroid3,odroid3,odroid3,odroid3
3895,odroid3,odroid3,odroid3,odroid3
3896,odroid3,odroid3,odroid3,odroid3
3897,odroid3,odroid3,odroid3,odroid3
3898,odroid3,odroid3,odroid3,odroid3
3899,odroid3,odroid3,odroid3,odroid3
3900,odroid3,odroid3,odroid3,odroid3
3901,odroid3,odroid3,odroid3,odroid3
3902,odroid3,odroid3,odroid3,odroid3
3903,odroid3,odroid3,odroid3,odroid3
3904,odroid3,odroid3,odroid3,odroid3
3905,odroid3,odroid3,odroid3,odroid3
3906,odroid3,odroid3,odroid3,odroid3
3907,odroid3,odroid3,odroid3,odroid3
3908,odroid3,odroid3,odroid3,odroid3
3909,odroid3,odroid3,odroid3,odroid3
3910,odroid3,odroid3,odroid3,odroid3
3911,odroid3,odroid3,odroid3,odroid3
3912,odroid3,odroid3,odroid3,odroid3
3913,odroid3,odroid3,odroid3,odroid3
3914,odroid3,odroid3,odroid3,odroid3
3915,odroid3,odroid3,odroid3,odroid3
3916,odroid3,odroid3,odroid3,odroid3
3917,odroid3,odroid3,odroid3,odroid4
3918,odroid3,odroid3,odroid3,odroid3
3919,odroid3,odroid3,odroid3,odroid3
3920,odroid3,odroid3,odroid3,odroid3
3921,odroid3,odroid3,odroid3,odroid3
3922,odroid3,odroid3,odroid3,odroid3
3923,odroid3,odroid3,odroid3,odroid3
3924,odroid3,odroid3,odroid3,odroid3
3925,odroid3,odroid3,odroid3,odroid3
3926,odroid3,odroid3,odroid3,odroid3
3927,odroid3,odroid3,odroid3,odroid3
3928,odroid3,odroid1,odroid3,odroid3
3929,odroid3,odroid1,odroid3,odroid1
3930,odroid3,odroid3,odroid3,odroid4
3931,odroid3,odroid1,odroid3,odroid3
3932,odroid3,odroid3,odroid3,odroid3
3933,odroid3,odroid3,odroid3,odroid3
3934,odroid3,odroid3,odroid3,odroid1
3935,odroid3,odroid3,odroid3,odroid3
3936,odroid3,odroid3,odroid3,odroid3
3937,odroid3,odroid3,odroid3,odroid3
3938,odroid3,odroid3,odroid3,odroid3
3939,odroid3,odroid3,odroid3,odroid3
3940,odroid3,odroid3,odroid3,odroid3
3941,odroid3,odroid3,odroid3,odroid3
3942,odroid3,odroid2,odroid3,odroid3
3943,odroid3,odroid3,odroid3,odroid3
3944,odroid3,odroid3,odroid3,odroid3
3945,odroid3,odroid3,odroid3,odroid3
3946,odroid3,odroid3,odroid3,odroid3
3947,odroid3,odroid3,odroid3,odroid3
3948,odroid3,odroid3,odroid3,odroid3
3949,odroid3,odroid3,odroid3,odroid3
3950,odroid3,odroid3,odroid3,odroid3
3951,odroid3,odroid3,odroid3,odroid3
3952,odroid3,odroid3,odroid3,odroid3
3953,odroid3,odroid3,odroid3,odroid3
3954,odroid3,odroid3,odroid3,odroid3
3955,odroid3,odroid3,odroid3,odroid3
3956,odroid3,odroid3,odroid3,odroid3
3957,odroid3,odroid3,odroid3,odroid3
3958,odroid3,odroid3,odroid3,odroid3
3959,odroid3,odroid3,odroid1,odroid3
3960,odroid3,odroid3,odroid3,odroid3
3961,odroid3,odroid3,odroid3,odroid3
3962,odroid3,odroid3,odroid3,odroid3
3963,odroid3,odroid3,odroid3,odroid3
3964,odroid3,odroid3,odroid3,odroid3
3965,odroid3,odroid3,odroid3,odroid3
3966,odroid3,odroid4,odroid3,odroid3
3967,odroid3,odroid3,odroid3,odroid3
3968,odroid3,odroid3,odroid3,odroid3
3969,odroid3,odroid1,odroid3,odroid3
3970,odroid3,odroid3,odroid3,odroid3
3971,odroid3,odroid3,odroid3,odroid3
3972,odroid3,odroid1,odroid3,odroid3
3973,odroid3,odroid3,odroid1,odroid3
3974,odroid3,odroid3,odroid3,odroid3
3975,odroid3,odroid3,odroid3,odroid3
3976,odroid3,odroid3,odroid3,odroid3
3977,odroid3,odroid3,odroid3,odroid3
3978,odroid3,odroid3,odroid3,odroid3
3979,odroid3,odroid3,odroid3,odroid3
3980,odroid3,odroid3,odroid3,odroid3
3981,odroid3,odroid3,odroid3,odroid3
3982,odroid3,odroid3,odroid3,odroid3
3983,odroid3,odroid3,odroid3,odroid3
3984,odroid3,odroid3,odroid3,odroid3
3985,odroid3,odroid3,odroid3,odroid1
3986,odroid3,odroid3,odroid3,odroid3
3987,odroid3,odroid3,odroid3,odroid3
3988,odroid3,odroid3,odroid3,odroid3
3989,odroid3,odroid3,odroid3,odroid3
3990,odroid3,odroid3,odroid3,odroid3
3991,odroid3,odroid3,odroid3,odroid3
3992,odroid3,odroid3,odroid3,odroid3
3993,odroid3,odroid3,odroid3,odroid3
3994,odroid3,odroid3,odroid3,odroid3
3995,odroid3,odroid3,odroid3,odroid3
3996,odroid3,odroid3,odroid3,odroid3
3997,odroid3,odroid3,odroid3,odroid3
3998,odroid3,odroid3,odroid3,odroid3
3999,odroid3,odroid3,odroid3,odroid3
4000,odroid3,odroid3,odroid4,odroid3
4001,odroid3,odroid3,odroid3,odroid3
4002,odroid3,odroid3,odroid3,odroid3
4003,odroid3,odroid3,odroid3,odroid3
4004,odroid3,odroid3,odroid3,odroid3
4005,odroid3,odroid3,odroid3,odroid3
4006,odroid3,odroid3,odroid3,odroid3
4007,odroid3,odroid3,odroid3,odroid3
4008,odroid3,odroid3,odroid1,odroid3
4009,odroid3,odroid3,odroid3,odroid3
4010,odroid3,odroid3,odroid3,odroid3
4011,odroid3,odroid3,odroid3,odroid3
4012,odroid3,odroid3,odroid3,odroid3
4013,odroid3,odroid3,odroid3,odroid3
4014,odroid3,odroid3,odroid3,odroid3
4015,odroid3,odroid3,odroid1,odroid3
4016,odroid3,odroid3,odroid3,odroid3
4017,odroid3,odroid3,odroid3,odroid3
4018,odroid3,odroid3,odroid3,odroid3
4019,odroid3,odroid3,odroid3,odroid3
4020,odroid3,odroid3,odroid3,odroid1
4021,odroid3,odroid3,odroid3,odroid3
4022,odroid3,odroid3,odroid3,odroid3
4023,odroid3,odroid3,odroid3,odroid3
4024,odroid3,odroid3,odroid3,odroid3
4025,odroid3,odroid1,odroid1,odroid3
4026,odroid3,odroid3,odroid3,odroid3
4027,odroid3,odroid3,odroid3,odroid3
4028,odroid3,odroid3,odroid3,odroid3
4029,odroid3,odroid3,odroid3,odroid3
4030,odroid3,odroid1,odroid1,odroid3
4031,odroid3,odroid2,odroid3,odroid3
4032,odroid3,odroid3,odroid3,odroid3
4033,odroid3,odroid3,odroid3,odroid3
4034,odroid3,odroid3,odroid3,odroid3
4035,odroid3,odroid3,odroid3,odroid3
4036,odroid3,odroid1,odroid3,odroid3
4037,odroid3,odroid3,odroid3,odroid3
4038,odroid3,odroid3,odroid3,odroid3
4039,odroid3,odroid3,odroid3,odroid3
4040,odroid3,odroid3,odroid3,odroid3
4041,odroid3,odroid3,odroid3,odroid3
4042,odroid3,odroid3,odroid3,odroid3
4043,odroid3,odroid3,odroid3,odroid3
4044,odroid3,odroid3,odroid3,odroid3
4045,odroid3,odroid3,odroid3,odroid3
4046,odroid3,odroid3,odroid3,odroid3
4047,odroid3,odroid3,odroid3,odroid3
4048,odroid3,odroid3,odroid3,odroid3
4049,odroid3,odroid3,odroid3,odroid3
4050,odroid3,odroid3,odroid3,odroid3
4051,odroid3,odroid3,odroid3,odroid3
4052,odroid3,odroid3,odroid3,odroid3
4053,odroid3,odroid3,odroid3,odroid1
4054,odroid3,odroid3,odroid3,odroid3
4055,odroid3,odroid3,odroid3,odroid3
4056,odroid3,odroid3,odroid3,odroid3
4057,odroid3,odroid3,odroid3,odroid3
4058,odroid3,odroid3,odroid3,odroid3
4059,odroid3,odroid3,odroid3,odroid3
4060,odroid3,odroid3,odroid3,odroid3
4061,odroid3,odroid3,odroid3,odroid3
4062,odroid3,odroid3,odroid3,odroid3
4063,odroid3,odroid4,odroid3,odroid3
4064,odroid3,odroid3,odroid3,odroid3
4065,odroid3,odroid3,odroid3,odroid3
4066,odroid3,odroid3,odroid3,odroid3
4067,odroid3,odroid1,odroid3,odroid4
4068,odroid3,odroid3,odroid3,odroid3
4069,odroid3,odroid3,odroid3,odroid3
4070,odroid3,odroid3,odroid3,odroid3
4071,odroid3,odroid3,odroid1,odroid3
4072,odroid3,odroid3,odroid3,odroid3
4073,odroid3,odroid3,odroid3,odroid1
4074,odroid3,odroid2,odroid3,odroid3
4075,odroid3,odroid3,odroid3,odroid3
4076,odroid3,odroid4,odroid3,odroid1
4077,odroid3,odroid3,odroid3,odroid3
4078,odroid3,odroid3,odroid3,odroid3
4079,odroid3,odroid3,odroid3,odroid3
4080,odroid3,odroid3,odroid3,odroid3
4081,odroid3,odroid3,odroid3,odroid3
4082,odroid3,odroid3,odroid3,odroid3
4083,odroid3,odroid3,odroid1,odroid3
4084,odroid3,odroid3,odroid3,odroid3
4085,odroid3,odroid3,odroid3,odroid3
4086,odroid3,odroid1,odroid3,odroid3
4087,odroid3,odroid3,odroid3,odroid3
4088,odroid3,odroid3,odroid3,odroid2
4089,odroid3,odroid3,odroid3,odroid3
4090,odroid3,odroid3,odroid3,odroid3
4091,odroid3,odroid3,odroid3,odroid3
4092,odroid3,odroid3,odroid3,odroid3
4093,odroid3,odroid3,odroid3,odroid3
4094,odroid3,odroid3,odroid3,odroid3
4095,odroid3,odroid3,odroid3,odroid3
4096,odroid3,odroid3,odroid3,odroid3
4097,odroid3,odroid3,odroid1,odroid1
4098,odroid3,odroid3,odroid3,odroid3
4099,odroid3,odroid3,odroid3,odroid1
4100,odroid3,odroid3,odroid1,odroid1
4101,odroid3,odroid3,odroid3,odroid3
4102,odroid3,odroid3,odroid3,odroid3
4103,odroid3,odroid3,odroid3,odroid3
4104,odroid3,odroid3,odroid3,odroid3
4105,odroid3,odroid3,odroid3,odroid3
4106,odroid3,odroid3,odroid3,odroid3
4107,odroid3,odroid3,odroid3,odroid3
4108,odroid3,odroid3,odroid3,odroid3
4109,odroid3,odroid3,odroid3,odroid3
4110,odroid3,odroid3,odroid3,odroid3
4111,odroid3,odroid3,odroid3,odroid3
4112,odroid3,odroid3,odroid3,odroid3
4113,odroid3,odroid3,odroid3,odroid3
4114,odroid3,odroid3,odroid3,odroid3
4115,odroid3,odroid3,odroid3,odroid3
4116,odroid3,odroid3,odroid3,odroid3
4117,odroid3,odroid3,odroid3,odroid3
4118,odroid3,odroid3,odroid3,odroid3
4119,odroid3,odroid3,odroid3,odroid3
4120,odroid3,odroid3,odroid3,odroid3
4121,odroid3,odroid3,odroid3,odroid3
4122,odroid3,odroid3,odroid3,odroid3
4123,odroid3,odroid3,odroid3,odroid3
4124,odroid3,odroid3,odroid3,odroid3
4125,odroid3,odroid3,odroid3,odroid3
4126,odroid3,odroid3,odroid3,odroid3
4127,odroid3,odroid3,odroid3,odroid3
4128,odroid3,odroid1,odroid3,odroid3
4129,odroid3,odroid3,odroid3,odroid2
4130,odroid3,odroid3,odroid3,odroid3
4131,odroid3,odroid3,odroid3,odroid3
4132,odroid3,odroid3,odroid3,odroid3
4133,odroid3,odroid3,odroid3,odroid3
4134,odroid3,odroid3,odroid3,odroid3
4135,odroid3,odroid3,odroid1,odroid3
4136,odroid3,odroid3,odroid3,odroid3
4137,odroid3,odroid3,odroid3,odroid3
4138,odroid3,odroid3,odroid3,odroid1
4139,odroid3,odroid3,odroid3,odroid1
4140,odroid3,odroid3,odroid1,odroid1
4141,odroid3,odroid3,odroid3,odroid3
4142,odroid3,odroid3,odroid3,odroid3
4143,odroid3,odroid3,odroid3,odroid3
4144,odroid3,odroid1,odroid3,odroid3
4145,odroid3,odroid3,odroid1,odroid3
4146,odroid3,odroid3,odroid1,odroid3
4147,odroid3,odroid3,odroid3,odroid3
4148,odroid3,odroid3,odroid3,odroid3
4149,odroid3,odroid3,odroid3,odroid3
4150,odroid3,odroid3,odroid3,odroid3
4151,odroid3,odroid3,odroid3,odroid3
4152,odroid3,odroid3,odroid3,odroid3
4153,odroid3,odroid3,odroid3,odroid3
4154,odroid3,odroid3,odroid3,odroid3
4155,odroid3,odroid3,odroid3,odroid3
4156,odroid3,odroid3,odroid3,odroid3
4157,odroid3,odroid3,odroid3,odroid3
4158,odroid3,odroid3,odroid3,odroid3
4159,odroid3,odroid3,odroid3,odroid3
4160,odroid3,odroid3,odroid3,odroid3
4161,odroid3,odroid3,odroid3,odroid3
4162,odroid3,odroid3,odroid1,odroid3
4163,odroid3,odroid3,odroid3,odroid3
4164,odroid3,odroid3,odroid3,odroid3
4165,odroid3,odroid3,odroid3,odroid3
4166,odroid3,odroid3,odroid3,odroid3
4167,odroid3,odroid1,odroid3,odroid3
4168,odroid3,odroid3,odroid3,odroid3
4169,odroid3,odroid3,odroid3,odroid3
4170,odroid3,odroid3,odroid3,odroid3
4171,odroid3,odroid3,odroid3,odroid3
4172,odroid3,odroid3,odroid3,odroid3
4173,odroid3,odroid3,odroid3,odroid3
4174,odroid3,odroid3,odroid3,odroid3
4175,odroid3,odroid3,odroid3,odroid3
4176,odroid3,odroid3,odroid1,odroid3
4177,odroid3,odroid1,odroid3,odroid3
4178,odroid3,odroid3,odroid3,odroid3
4179,odroid3,odroid3,odroid3,odroid3
4180,odroid3,odroid3,odroid3,odroid3
4181,odroid3,odroid3,odroid3,odroid3
4182,odroid3,odroid3,odroid3,odroid3
4183,odroid3,odroid3,odroid3,odroid3
4184,odroid3,odroid3,odroid3,odroid3
4185,odroid3,odroid3,odroid3,odroid3
4186,odroid3,odroid3,odroid3,odroid3
4187,odroid3,odroid3,odroid3,odroid2
4188,odroid3,odroid3,odroid3,odroid3
4189,odroid3,odroid3,odroid3,odroid3
4190,odroid3,odroid3,odroid3,odroid3
4191,odroid3,odroid3,odroid1,odroid3
4192,odroid3,odroid3,odroid3,odroid3
4193,odroid3,odroid3,odroid3,odroid3
4194,odroid3,odroid3,odroid3,odroid3
4195,odroid3,odroid3,odroid3,odroid3
4196,odroid3,odroid3,odroid3,odroid3
4197,odroid3,odroid3,odroid3,odroid3
4198,odroid3,odroid3,odroid3,odroid3
4199,odroid3,odroid3,odroid1,odroid3
4200,odroid3,odroid3,odroid3,odroid3
4201,odroid3,odroid3,odroid3,odroid3
4202,odroid3,odroid3,odroid3,odroid3
4203,odroid3,odroid3,odroid3,odroid3
4204,odroid3,odroid3,odroid3,odroid3
4205,odroid3,odroid1,odroid3,odroid3
4206,odroid3,odroid3,odroid3,odroid3
4207,odroid3,odroid3,odroid3,odroid1
4208,odroid3,odroid3,odroid3,odroid3
4209,odroid3,odroid3,odroid3,odroid3
4210,odroid3,odroid3,odroid3,odroid3
4211,odroid3,odroid3,odroid3,odroid3
4212,odroid3,odroid1,odroid3,odroid3
4213,odroid3,odroid3,odroid3,odroid3
4214,odroid3,odroid3,odroid3,odroid1
4215,odroid3,odroid3,odroid3,odroid3
4216,odroid3,odroid3,odroid3,odroid3
4217,odroid3,odroid3,odroid3,odroid3
4218,odroid3,odroid3,odroid3,odroid3
4219,odroid3,odroid3,odroid3,odroid3
4220,odroid3,odroid3,odroid1,odroid3
4221,odroid3,odroid3,odroid3,odroid3
4222,odroid3,odroid3,odroid1,odroid3
4223,odroid3,odroid3,odroid4,odroid1
4224,odroid3,odroid3,odroid3,odroid3
4225,odroid3,odroid1,odroid3,odroid3
4226,odroid3,odroid1,odroid3,odroid3
4227,odroid3,odroid3,odroid3,odroid1
4228,odroid3,odroid3,odroid3,odroid3
4229,odroid3,odroid3,odroid3,odroid3
4230,odroid3,odroid3,odroid2,odroid3
4231,odroid3,odroid3,odroid3,odroid3
4232,odroid3,odroid1,odroid3,odroid3
4233,odroid3,odroid3,odroid3,odroid3
4234,odroid3,odroid3,odroid3,odroid3
4235,odroid3,odroid3,odroid3,odroid3
4236,odroid3,odroid3,odroid3,odroid3
4237,odroid3,odroid3,odroid3,odroid3
4238,odroid3,odroid3,odroid3,odroid3
4239,odroid3,odroid3,odroid3,odroid3
4240,odroid3,odroid3,odroid1,odroid3
4241,odroid3,odroid3,odroid3,odroid3
4242,odroid3,odroid3,odroid3,odroid3
4243,odroid3,odroid3,odroid3,odroid3
4244,odroid3,odroid3,odroid3,odroid3
4245,odroid3,odroid3,odroid3,odroid3
4246,odroid3,odroid3,odroid3,odroid3
4247,odroid3,odroid3,odroid3,odroid1
4248,odroid3,odroid3,odroid3,odroid3
4249,odroid3,odroid3,odroid3,odroid3
4250,odroid3,odroid3,odroid3,odroid3
4251,odroid3,odroid3,odroid3,odroid3
4252,odroid3,odroid3,odroid3,odroid3
4253,odroid3,odroid3,odroid3,odroid2
4254,odroid3,odroid3,odroid3,odroid3
4255,odroid3,odroid1,odroid3,odroid3
4256,odroid3,odroid3,odroid3,odroid1
4257,odroid3,odroid3,odroid3,odroid3
4258,odroid3,odroid3,odroid4,odroid3
4259,odroid3,odroid3,odroid3,odroid3
4260,odroid3,odroid3,odroid3,odroid3
4261,odroid3,odroid3,odroid3,odroid3
4262,odroid3,odroid3,odroid1,odroid3
4263,odroid3,odroid3,odroid3,odroid3
4264,odroid3,odroid3,odroid3,odroid3
4265,odroid3,odroid3,odroid3,odroid3
4266,odroid3,odroid3,odroid3,odroid3
4267,odroid3,odroid3,odroid3,odroid3
4268,odroid3,odroid3,odroid3,odroid3
4269,odroid3,odroid3,odroid3,odroid3
4270,odroid3,odroid3,odroid3,odroid3
4271,odroid3,odroid3,odroid3,odroid3
4272,odroid3,odroid3,odroid3,odroid3
4273,odroid3,odroid3,odroid3,odroid3
4274,odroid3,odroid3,odroid3,odroid3
4275,odroid3,odroid3,odroid3,odroid3
4276,odroid3,odroid3,odroid3,odroid1
4277,odroid3,odroid3,odroid3,odroid3
4278,odroid3,odroid3,odroid3,odroid1
4279,odroid3,odroid3,odroid1,odroid3
4280,odroid3,odroid3,odroid3,odroid3
4281,odroid3,odroid3,odroid3,odroid3
4282,odroid3,odroid3,odroid3,odroid3
4283,odroid3,odroid3,odroid3,odroid3
4284,odroid3,odroid3,odroid3,odroid3
4285,odroid3,odroid3,odroid1,odroid3
4286,odroid3,odroid3,odroid3,odroid3
4287,odroid3,odroid3,odroid3,odroid3
4288,odroid3,odroid3,odroid3,odroid3
4289,odroid3,odroid3,odroid3,odroid3
4290,odroid3,odroid3,odroid3,odroid3
4291,odroid3,odroid3,odroid3,odroid3
4292,odroid3,odroid3,odroid3,odroid3
4293,odroid3,odroid3,odroid3,odroid3
4294,odroid3,odroid3,odroid3,odroid3
4295,odroid3,odroid3,odroid3,odroid3
4296,odroid3,odroid3,odroid3,odroid3
4297,odroid3,odroid3,odroid3,odroid3
4298,odroid3,odroid3,odroid3,odroid1
4299,odroid3,odroid3,odroid3,odroid3
4300,odroid3,odroid3,odroid3,odroid3
4301,odroid3,odroid3,odroid3,odroid1
4302,odroid3,odroid3,odroid3,odroid1
4303,odroid3,odroid3,odroid3,odroid3
4304,odroid3,odroid3,odroid3,odroid3
4305,odroid3,odroid3,odroid3,odroid3
4306,odroid3,odroid3,odroid3,odroid3
4307,odroid3,odroid1,odroid3,odroid3
4308,odroid3,odroid3,odroid3,odroid3
4309,odroid3,odroid3,odroid1,odroid3
4310,odroid3,odroid3,odroid3,odroid1
4311,odroid3,odroid3,odroid3,odroid3
4312,odroid3,odroid3,odroid3,odroid3
4313,odroid3,odroid3,odroid3,odroid3
4314,odroid3,odroid3,odroid3,odroid3
4315,odroid3,odroid3,odroid3,odroid3
4316,odroid3,odroid3,odroid3,odroid3
4317,odroid3,odroid3,odroid3,odroid3
4318,odroid3,odroid3,odroid3,odroid3
4319,odroid3,odroid3,odroid3,odroid3
4320,odroid3,odroid3,odroid3,odroid3
4321,odroid3,odroid3,odroid3,odroid3
4322,odroid3,odroid3,odroid3,odroid3
4323,odroid3,odroid3,odroid3,odroid3
4324,odroid3,odroid3,odroid1,odroid3
4325,odroid3,odroid3,odroid3,odroid3
4326,odroid3,odroid3,odroid3,odroid3
4327,odroid3,odroid3,odroid3,odroid3
