,label,attempt_0,attempt_1,attempt_2,attempt_3,attempt_4,attempt_5,attempt_6,attempt_7
0,rpi-4a,rpi-4a,rpi-4a,rpi-4a,rpi-4a,rpi-4a,rpi-8b,rpi-4a,rpi-4a
1,rpi-4a,rpi-4a,rpi-4a,rpi-4a,rpi-4a,rpi-4a,rpi-4a,rpi-4a,rpi-4a
2,rpi-4a,rpi-8d,rpi-4a,rpi-8d,rpi-4a,rpi-4a,rpi-4a,rpi-4a,rpi-8d
3,rpi-4a,rpi-8d,rpi-4a,rpi-4a,rpi-4a,rpi-8c,rpi-4a,rpi-4a,rpi-4a
4,rpi-4a,rpi-4a,rpi-4a,rpi-4a,rpi-8c,rpi-4a,rpi-4a,rpi-4a,rpi-4a
5,rpi-4a,rpi-4a,rpi-4a,rpi-4a,rpi-8c,rpi-4a,rpi-4a,rpi-4a,rpi-4a
6,rpi-4a,rpi-8d,rpi-8d,rpi-4a,rpi-4a,rpi-4a,rpi-4a,rpi-4a,rpi-8d
7,rpi-4a,rpi-4a,rpi-8d,rpi-4a,rpi-4a,rpi-8d,rpi-4a,rpi-4a,rpi-4a
8,rpi-4a,rpi-4a,rpi-4a,rpi-4a,rpi-4a,rpi-4a,rpi-8c,rpi-8d,rpi-4a
9,rpi-4a,rpi-4a,rpi-4a,rpi-4a,rpi-4a,rpi-4a,rpi-4a,rpi-4a,rpi-4a
10,rpi-4a,rpi-4a,rpi-4a,rpi-4a,rpi-4a,rpi-8d,rpi-4a,rpi-4a,rpi-4a
11,rpi-4a,rpi-4a,rpi-4a,rpi-4a,rpi-4a,rpi-4a,rpi-4a,rpi-4a,rpi-4a
12,rpi-4a,rpi-4a,rpi-4a,rpi-4a,rpi-4a,rpi-4a,rpi-4a,rpi-4a,rpi-4a
13,rpi-4a,rpi-4a,rpi-4a,rpi-4a,rpi-4a,rpi-4a,rpi-4a,rpi-4a,rpi-4a
14,rpi-4a,rpi-4a,rpi-4a,rpi-4a,rpi-4a,rpi-4a,rpi-4a,rpi-4a,rpi-4a
15,rpi-4a,rpi-4a,rpi-8d,rpi-4a,rpi-4a,rpi-8c,rpi-4a,rpi-4a,rpi-4a
16,rpi-4a,rpi-4a,rpi-4a,rpi-4a,rpi-4a,rpi-4a,rpi-4a,rpi-4a,rpi-4a
17,rpi-4a,rpi-4a,rpi-4a,rpi-4a,rpi-4a,rpi-8c,rpi-4a,rpi-4a,rpi-4a
18,rpi-4a,rpi-4a,rpi-8d,rpi-4a,rpi-4a,rpi-4a,rpi-4a,rpi-4a,rpi-8d
19,rpi-4a,rpi-4a,rpi-4a,rpi-4a,rpi-4a,rpi-4a,rpi-4a,rpi-4a,rpi-4a
20,rpi-4a,rpi-4a,rpi-8d,rpi-4a,rpi-4a,rpi-4a,rpi-4a,rpi-4a,rpi-4a
21,rpi-4a,rpi-4a,rpi-4a,rpi-4a,rpi-4a,rpi-4a,rpi-4a,rpi-8c,rpi-4a
22,rpi-4a,rpi-4a,rpi-4a,rpi-4a,rpi-4a,rpi-4a,rpi-8c,rpi-4a,rpi-4a
23,rpi-4a,rpi-8b,rpi-4a,rpi-4a,rpi-4a,rpi-4a,rpi-4a,rpi-4a,rpi-4a
24,rpi-4a,rpi-8d,rpi-8c,rpi-8d,rpi-4a,rpi-4a,rpi-4a,rpi-4a,rpi-8b
25,rpi-4a,rpi-4a,rpi-4a,rpi-4a,rpi-4a,rpi-4a,rpi-4a,rpi-4a,rpi-4a
26,rpi-4a,rpi-4a,rpi-4a,rpi-4a,rpi-4a,rpi-4a,rpi-4a,rpi-4a,rpi-8b
27,rpi-4a,rpi-4a,rpi-4a,rpi-4a,rpi-4a,rpi-4a,rpi-4a,rpi-4a,rpi-4a
28,rpi-4a,rpi-4a,rpi-4a,rpi-4a,rpi-8d,rpi-4a,rpi-4a,rpi-4a,rpi-4a
29,rpi-4a,rpi-4a,rpi-4a,rpi-4a,rpi-4a,rpi-4a,rpi-4a,rpi-8d,rpi-4a
30,rpi-4a,rpi-4a,rpi-4a,rpi-4a,rpi-4a,rpi-4a,rpi-4a,rpi-4a,rpi-4a
31,rpi-4a,rpi-4a,rpi-4a,rpi-4a,rpi-4a,rpi-4a,rpi-4a,rpi-8d,rpi-8d
32,rpi-4a,rpi-4a,rpi-4a,rpi-4a,rpi-4a,rpi-4a,rpi-4a,rpi-8c,rpi-4a
33,rpi-4a,rpi-4a,rpi-4a,rpi-4a,rpi-8c,rpi-4a,rpi-4a,rpi-4a,rpi-4a
34,rpi-4a,rpi-4a,rpi-4a,rpi-4a,rpi-4a,rpi-4a,rpi-4a,rpi-4a,rpi-4a
35,rpi-4a,rpi-4a,rpi-4a,rpi-4a,rpi-8c,rpi-8c,rpi-4a,rpi-4a,rpi-4a
36,rpi-4a,rpi-4a,rpi-4a,rpi-4a,rpi-4a,rpi-4a,rpi-4a,rpi-4a,rpi-4a
37,rpi-4a,rpi-4a,rpi-4a,rpi-8d,rpi-8d,rpi-4a,rpi-8d,rpi-4a,rpi-4a
38,rpi-4a,rpi-4a,rpi-4a,rpi-8d,rpi-4a,rpi-4a,rpi-4a,rpi-4a,rpi-4a
39,rpi-4a,rpi-4a,rpi-4a,rpi-4a,rpi-4a,rpi-4a,rpi-4a,rpi-4a,rpi-8c
40,rpi-4a,rpi-4a,rpi-8c,rpi-4a,rpi-4a,rpi-4a,rpi-8c,rpi-4a,rpi-4a
41,rpi-4a,rpi-4a,rpi-4a,rpi-8d,rpi-4a,rpi-8b,rpi-8c,rpi-4a,rpi-4a
42,rpi-4a,rpi-4a,rpi-4a,rpi-4a,rpi-4a,rpi-8c,rpi-4a,rpi-4a,rpi-4a
43,rpi-4a,rpi-4a,rpi-4a,rpi-8d,rpi-4a,rpi-4a,rpi-4a,rpi-8c,rpi-4a
44,rpi-4a,rpi-4a,rpi-4a,rpi-8c,rpi-4a,rpi-4a,rpi-4a,rpi-4a,rpi-4a
45,rpi-4a,rpi-4a,rpi-4a,rpi-4a,rpi-4a,rpi-4a,rpi-4a,rpi-4a,rpi-4a
46,rpi-4a,rpi-4a,rpi-8c,rpi-4a,rpi-4a,rpi-8d,rpi-4a,rpi-4a,rpi-4a
47,rpi-4a,rpi-4a,rpi-4a,rpi-4a,rpi-4a,rpi-4a,rpi-4a,rpi-4a,rpi-4a
48,rpi-4a,rpi-4a,rpi-4a,rpi-4a,rpi-4a,rpi-4a,rpi-4a,rpi-4a,rpi-8d
49,rpi-4a,rpi-4a,rpi-4a,rpi-4a,rpi-4a,rpi-4a,rpi-4a,rpi-8c,rpi-4a
50,rpi-4a,rpi-4a,rpi-4a,rpi-4a,rpi-4a,rpi-4a,rpi-4a,rpi-4a,rpi-4a
51,rpi-4a,rpi-4a,rpi-4a,rpi-4a,rpi-4a,rpi-4a,rpi-4a,rpi-4a,rpi-8c
52,rpi-4a,rpi-4a,rpi-4a,rpi-8c,rpi-4a,rpi-4a,rpi-8c,rpi-4a,rpi-8c
53,rpi-4a,rpi-4a,rpi-4a,rpi-4a,rpi-4a,rpi-4a,rpi-4a,rpi-4a,rpi-4a
54,rpi-4a,rpi-4a,rpi-4a,rpi-4a,rpi-4a,rpi-4a,rpi-4a,rpi-4a,rpi-4a
55,rpi-4a,rpi-4a,rpi-4a,rpi-4a,rpi-4a,rpi-4a,rpi-4a,rpi-4a,rpi-4a
56,rpi-4a,rpi-8d,rpi-8c,rpi-4a,rpi-4a,rpi-4a,rpi-4a,rpi-4a,rpi-4a
57,rpi-4a,rpi-4a,rpi-4a,rpi-4a,rpi-4a,rpi-4a,rpi-4a,rpi-4a,rpi-8d
58,rpi-4a,rpi-4a,rpi-4a,rpi-8d,rpi-8d,rpi-4a,rpi-4a,rpi-8c,rpi-4a
59,rpi-4a,rpi-4a,rpi-4a,rpi-4a,rpi-4a,rpi-8c,rpi-4a,rpi-4a,rpi-4a
60,rpi-4a,rpi-4a,rpi-4a,rpi-8c,rpi-4a,rpi-4a,rpi-4a,rpi-4a,rpi-4a
61,rpi-4a,rpi-4a,rpi-8d,rpi-8c,rpi-4a,rpi-8d,rpi-4a,rpi-4a,rpi-4a
62,rpi-4a,rpi-4a,rpi-4a,rpi-4a,rpi-4a,rpi-4a,rpi-4a,rpi-4a,rpi-4a
63,rpi-4a,rpi-4a,rpi-4a,rpi-4a,rpi-4a,rpi-4a,rpi-4a,rpi-4a,rpi-4a
64,rpi-4a,rpi-4a,rpi-8d,rpi-8c,rpi-8c,rpi-4a,rpi-4a,rpi-4a,rpi-4a
65,rpi-4a,rpi-4a,rpi-8c,rpi-4a,rpi-8d,rpi-8d,rpi-4a,rpi-8d,rpi-4a
66,rpi-4a,rpi-4a,rpi-8d,rpi-4a,rpi-4a,rpi-4a,rpi-4a,rpi-4a,rpi-4a
67,rpi-4a,rpi-4a,rpi-8c,rpi-4a,rpi-4a,rpi-4a,rpi-4a,rpi-4a,rpi-4a
68,rpi-4a,rpi-4a,rpi-4a,rpi-4a,rpi-8d,rpi-4a,rpi-4a,rpi-4a,rpi-4a
69,rpi-4a,rpi-4a,rpi-4a,rpi-8c,rpi-4a,rpi-8b,rpi-4a,rpi-4a,rpi-4a
70,rpi-4a,rpi-4a,rpi-4a,rpi-4a,rpi-4a,rpi-4a,rpi-4a,rpi-4a,rpi-4a
71,rpi-4a,rpi-4a,rpi-4a,rpi-4a,rpi-4a,rpi-4a,rpi-4a,rpi-4a,rpi-4a
72,rpi-4a,rpi-4a,rpi-4a,rpi-4a,rpi-4a,rpi-4a,rpi-4a,rpi-4a,rpi-4a
73,rpi-4a,rpi-4a,rpi-4a,rpi-8d,rpi-4a,rpi-4a,rpi-4a,rpi-4a,rpi-4a
74,rpi-4a,rpi-4a,rpi-4a,rpi-4a,rpi-4a,rpi-4a,rpi-4a,rpi-4a,rpi-4a
75,rpi-4a,rpi-4a,rpi-4a,rpi-4a,rpi-4a,rpi-8d,rpi-4a,rpi-8d,rpi-4a
76,rpi-4a,rpi-8d,rpi-4a,rpi-4a,rpi-4a,rpi-4a,rpi-4a,rpi-4a,rpi-4a
77,rpi-4a,rpi-4a,rpi-4a,rpi-4a,rpi-4a,rpi-4a,rpi-4a,rpi-4a,rpi-4a
78,rpi-4a,rpi-8d,rpi-8d,rpi-4a,rpi-4a,rpi-4a,rpi-4a,rpi-4a,rpi-4a
79,rpi-4a,rpi-4a,rpi-4a,rpi-4a,rpi-4a,rpi-4a,rpi-4a,rpi-4a,rpi-4a
80,rpi-4a,rpi-4a,rpi-4a,rpi-4a,rpi-8b,rpi-4a,rpi-4a,rpi-4a,rpi-4a
81,rpi-4a,rpi-4a,rpi-4a,rpi-4a,rpi-4a,rpi-4a,rpi-4a,rpi-4a,rpi-8c
82,rpi-4a,rpi-4a,rpi-4a,rpi-4a,rpi-4a,rpi-4a,rpi-4a,rpi-8b,rpi-4a
83,rpi-4a,rpi-8c,rpi-4a,rpi-4a,rpi-4a,rpi-4a,rpi-4a,rpi-4a,rpi-4a
84,rpi-4a,rpi-4a,rpi-4a,rpi-4a,rpi-4a,rpi-4a,rpi-4a,rpi-4a,rpi-4a
85,rpi-4a,rpi-4a,rpi-4a,rpi-4a,rpi-4a,rpi-4a,rpi-4a,rpi-8c,rpi-4a
86,rpi-4a,rpi-4a,rpi-8c,rpi-4a,rpi-4a,rpi-8c,rpi-4a,rpi-4a,rpi-4a
87,rpi-4a,rpi-4a,rpi-4a,rpi-4a,rpi-4a,rpi-4a,rpi-4a,rpi-4a,rpi-8d
88,rpi-4a,rpi-8c,rpi-4a,rpi-4a,rpi-4a,rpi-8c,rpi-4a,rpi-4a,rpi-4a
89,rpi-4a,rpi-4a,rpi-4a,rpi-4a,rpi-4a,rpi-4a,rpi-4a,rpi-4a,rpi-4a
90,rpi-4a,rpi-4a,rpi-8d,rpi-4a,rpi-8c,rpi-4a,rpi-4a,rpi-4a,rpi-4a
91,rpi-4a,rpi-4a,rpi-8d,rpi-4a,rpi-4a,rpi-4a,rpi-4a,rpi-4a,rpi-4a
92,rpi-4a,rpi-4a,rpi-4a,rpi-8c,rpi-4a,rpi-4a,rpi-4a,rpi-4a,rpi-4a
93,rpi-4a,rpi-4a,rpi-4a,rpi-4a,rpi-4a,rpi-4a,rpi-4a,rpi-4a,rpi-4a
94,rpi-4a,rpi-4a,rpi-4a,rpi-4a,rpi-4a,rpi-4a,rpi-4a,rpi-4a,rpi-8c
95,rpi-4a,rpi-8c,rpi-4a,rpi-8c,rpi-4a,rpi-4a,rpi-4a,rpi-8b,rpi-4a
96,rpi-4a,rpi-4a,rpi-4a,rpi-4a,rpi-4a,rpi-8b,rpi-4a,rpi-4a,rpi-4a
97,rpi-4a,rpi-4a,rpi-4a,rpi-4a,rpi-4a,rpi-4a,rpi-4a,rpi-4a,rpi-4a
98,rpi-4a,rpi-4a,rpi-4a,rpi-4a,rpi-4a,rpi-4a,rpi-8c,rpi-4a,rpi-4a
99,rpi-4a,rpi-4a,rpi-4a,rpi-4a,rpi-4a,rpi-4a,rpi-4a,rpi-4a,rpi-4a
100,rpi-4a,rpi-4a,rpi-8d,rpi-4a,rpi-4a,rpi-4a,rpi-4a,rpi-4a,rpi-4a
101,rpi-4a,rpi-4a,rpi-8c,rpi-8d,rpi-4a,rpi-8c,rpi-4a,rpi-8c,rpi-8d
102,rpi-4a,rpi-4a,rpi-4a,rpi-4a,rpi-4a,rpi-4a,rpi-4a,rpi-4a,rpi-4a
103,rpi-4a,rpi-8d,rpi-4a,rpi-4a,rpi-4a,rpi-4a,rpi-4a,rpi-4a,rpi-8c
104,rpi-4a,rpi-8d,rpi-4a,rpi-4a,rpi-4a,rpi-4a,rpi-4a,rpi-8c,rpi-4a
105,rpi-4a,rpi-4a,rpi-8c,rpi-4a,rpi-8d,rpi-4a,rpi-4a,rpi-4a,rpi-4a
106,rpi-4a,rpi-4a,rpi-4a,rpi-4a,rpi-4a,rpi-4a,rpi-4a,rpi-4a,rpi-4a
107,rpi-4a,rpi-4a,rpi-4a,rpi-4a,rpi-4a,rpi-4a,rpi-4a,rpi-4a,rpi-4a
108,rpi-4a,rpi-4a,rpi-4a,rpi-4a,rpi-4a,rpi-4a,rpi-4a,rpi-4a,rpi-4a
109,rpi-4a,rpi-4a,rpi-8d,rpi-4a,rpi-8d,rpi-4a,rpi-4a,rpi-4a,rpi-4a
110,rpi-4a,rpi-8c,rpi-4a,rpi-4a,rpi-4a,rpi-4a,rpi-4a,rpi-4a,rpi-4a
111,rpi-4a,rpi-4a,rpi-8c,rpi-4a,rpi-4a,rpi-4a,rpi-4a,rpi-4a,rpi-4a
112,rpi-4a,rpi-4a,rpi-4a,rpi-4a,rpi-4a,rpi-4a,rpi-4a,rpi-4a,rpi-4a
113,rpi-4a,rpi-4a,rpi-8d,rpi-4a,rpi-4a,rpi-4a,rpi-4a,rpi-4a,rpi-4a
114,rpi-4a,rpi-4a,rpi-4a,rpi-4a,rpi-4a,rpi-4a,rpi-4a,rpi-4a,rpi-4a
115,rpi-4a,rpi-4a,rpi-4a,rpi-4a,rpi-4a,rpi-4a,rpi-8d,rpi-4a,rpi-4a
116,rpi-4a,rpi-4a,rpi-4a,rpi-4a,rpi-4a,rpi-4a,rpi-4a,rpi-4a,rpi-4a
117,rpi-4a,rpi-4a,rpi-4a,rpi-4a,rpi-4a,rpi-4a,rpi-4a,rpi-4a,rpi-4a
118,rpi-4a,rpi-4a,rpi-4a,rpi-4a,rpi-4a,rpi-4a,rpi-4a,rpi-4a,rpi-4a
119,rpi-4a,rpi-4a,rpi-4a,rpi-4a,rpi-4a,rpi-4a,rpi-4a,rpi-4a,rpi-4a
120,rpi-4a,rpi-4a,rpi-4a,rpi-8d,rpi-4a,rpi-4a,rpi-4a,rpi-4a,rpi-4a
121,rpi-4a,rpi-8d,rpi-4a,rpi-4a,rpi-8c,rpi-4a,rpi-8d,rpi-4a,rpi-4a
122,rpi-4a,rpi-4a,rpi-4a,rpi-4a,rpi-4a,rpi-4a,rpi-4a,rpi-4a,rpi-4a
123,rpi-4a,rpi-4a,rpi-4a,rpi-4a,rpi-4a,rpi-4a,rpi-4a,rpi-4a,rpi-4a
124,rpi-4a,rpi-4a,rpi-4a,rpi-4a,rpi-4a,rpi-4a,rpi-4a,rpi-4a,rpi-4a
125,rpi-4a,rpi-8c,rpi-4a,rpi-4a,rpi-4a,rpi-4a,rpi-4a,rpi-4a,rpi-4a
126,rpi-4a,rpi-4a,rpi-4a,rpi-4a,rpi-4a,rpi-4a,rpi-4a,rpi-4a,rpi-4a
127,rpi-4a,rpi-4a,rpi-4a,rpi-4a,rpi-4a,rpi-8d,rpi-4a,rpi-8d,rpi-4a
128,rpi-4a,rpi-4a,rpi-4a,rpi-4a,rpi-4a,rpi-8c,rpi-4a,rpi-8d,rpi-4a
129,rpi-4a,rpi-4a,rpi-8c,rpi-4a,rpi-4a,rpi-4a,rpi-4a,rpi-4a,rpi-4a
130,rpi-4a,rpi-8b,rpi-4a,rpi-4a,rpi-4a,rpi-4a,rpi-4a,rpi-4a,rpi-4a
131,rpi-4a,rpi-4a,rpi-4a,rpi-8c,rpi-8c,rpi-4a,rpi-4a,rpi-4a,rpi-4a
132,rpi-4a,rpi-4a,rpi-4a,rpi-4a,rpi-4a,rpi-4a,rpi-4a,rpi-4a,rpi-8d
133,rpi-4a,rpi-4a,rpi-4a,rpi-8c,rpi-4a,rpi-4a,rpi-8c,rpi-4a,rpi-4a
134,rpi-4a,rpi-4a,rpi-4a,rpi-4a,rpi-4a,rpi-4a,rpi-4a,rpi-4a,rpi-4a
135,rpi-4a,rpi-4a,rpi-4a,rpi-4a,rpi-4a,rpi-4a,rpi-4a,rpi-4a,rpi-4a
136,rpi-4a,rpi-4a,rpi-4a,rpi-4a,rpi-4a,rpi-4a,rpi-4a,rpi-4a,rpi-4a
137,rpi-4a,rpi-4a,rpi-4a,rpi-4a,rpi-4a,rpi-8c,rpi-4a,rpi-4a,rpi-4a
138,rpi-4a,rpi-4a,rpi-4a,rpi-4a,rpi-4a,rpi-4a,rpi-4a,rpi-4a,rpi-4a
139,rpi-4a,rpi-4a,rpi-4a,rpi-4a,rpi-4a,rpi-4a,rpi-4a,rpi-8c,rpi-4a
140,rpi-4a,rpi-4a,rpi-8c,rpi-4a,rpi-4a,rpi-4a,rpi-4a,rpi-4a,rpi-4a
141,rpi-4a,rpi-4a,rpi-4a,rpi-4a,rpi-4a,rpi-4a,rpi-4a,rpi-4a,rpi-4a
142,rpi-4a,rpi-4a,rpi-4a,rpi-4a,rpi-8d,rpi-4a,rpi-4a,rpi-4a,rpi-4a
143,rpi-4a,rpi-4a,rpi-4a,rpi-8d,rpi-8c,rpi-4a,rpi-4a,rpi-4a,rpi-4a
144,rpi-4a,rpi-4a,rpi-4a,rpi-8d,rpi-8d,rpi-4a,rpi-4a,rpi-4a,rpi-8c
145,rpi-4a,rpi-4a,rpi-4a,rpi-8c,rpi-4a,rpi-4a,rpi-4a,rpi-4a,rpi-4a
146,rpi-4a,rpi-4a,rpi-4a,rpi-4a,rpi-8c,rpi-4a,rpi-4a,rpi-4a,rpi-4a
147,rpi-4a,rpi-4a,rpi-4a,rpi-4a,rpi-4a,rpi-4a,rpi-4a,rpi-4a,rpi-4a
148,rpi-4a,rpi-4a,rpi-4a,rpi-4a,rpi-4a,rpi-4a,rpi-4a,rpi-4a,rpi-4a
149,rpi-8a,rpi-8a,rpi-8a,rpi-8a,rpi-8a,rpi-8c,rpi-8a,rpi-8a,rpi-8a
150,rpi-8a,rpi-8a,rpi-8a,rpi-8a,rpi-8a,rpi-8a,rpi-8a,rpi-8a,rpi-8a
151,rpi-8a,rpi-8a,rpi-8a,rpi-8a,rpi-8a,rpi-8b,rpi-8a,rpi-8a,rpi-8a
152,rpi-8a,rpi-8b,rpi-8a,rpi-8a,rpi-8a,rpi-8b,rpi-8a,rpi-8a,rpi-8a
153,rpi-8a,rpi-8a,rpi-8a,rpi-8a,rpi-8a,rpi-8a,rpi-8a,rpi-8a,rpi-8a
154,rpi-8a,rpi-8a,rpi-8b,rpi-8a,rpi-8a,rpi-8b,rpi-8a,rpi-8a,rpi-8a
155,rpi-8a,rpi-8a,rpi-8a,rpi-8a,rpi-8a,rpi-8a,rpi-8a,rpi-8a,rpi-8a
156,rpi-8a,rpi-8a,rpi-8a,rpi-8a,rpi-8a,rpi-8a,rpi-8a,rpi-8a,rpi-8a
157,rpi-8a,rpi-8a,rpi-8a,rpi-8b,rpi-8a,rpi-8b,rpi-8a,rpi-8a,rpi-8a
158,rpi-8a,rpi-8b,rpi-8a,rpi-8a,rpi-8a,rpi-8a,rpi-8a,rpi-8a,rpi-8a
159,rpi-8a,rpi-8a,rpi-8a,rpi-8a,rpi-8a,rpi-8a,rpi-8a,rpi-8a,rpi-8b
160,rpi-8a,rpi-8a,rpi-8a,rpi-8a,rpi-8a,rpi-8b,rpi-8a,rpi-8a,rpi-8a
161,rpi-8a,rpi-8b,rpi-8b,rpi-8a,rpi-8a,rpi-8a,rpi-8a,rpi-8a,rpi-8a
162,rpi-8a,rpi-8a,rpi-8a,rpi-8a,rpi-8a,rpi-8a,rpi-8a,rpi-8a,rpi-8a
163,rpi-8a,rpi-8a,rpi-8a,rpi-8a,rpi-8a,rpi-8a,rpi-8a,rpi-8a,rpi-8b
164,rpi-8a,rpi-8a,rpi-8a,rpi-8a,rpi-8a,rpi-8a,rpi-8a,rpi-8a,rpi-8c
165,rpi-8a,rpi-8a,rpi-8a,rpi-8a,rpi-8a,rpi-8a,rpi-8b,rpi-8a,rpi-8a
166,rpi-8a,rpi-8a,rpi-8a,rpi-8a,rpi-8a,rpi-8a,rpi-8b,rpi-8a,rpi-8a
167,rpi-8a,rpi-8a,rpi-8a,rpi-8a,rpi-8a,rpi-8a,rpi-8a,rpi-8a,rpi-8a
168,rpi-8a,rpi-8a,rpi-8a,rpi-8a,rpi-8a,rpi-8a,rpi-8a,rpi-8a,rpi-8a
169,rpi-8a,rpi-8a,rpi-8a,rpi-8a,rpi-8a,rpi-8a,rpi-8a,rpi-8a,rpi-8a
170,rpi-8a,rpi-8a,rpi-8a,rpi-8a,rpi-8a,rpi-8a,rpi-8b,rpi-8a,rpi-8b
171,rpi-8a,rpi-8a,rpi-8a,rpi-8a,rpi-8a,rpi-8a,rpi-8a,rpi-8a,rpi-8a
172,rpi-8a,rpi-8a,rpi-8a,rpi-8a,rpi-8a,rpi-8a,rpi-8a,rpi-8a,rpi-8a
173,rpi-8a,rpi-8a,rpi-8a,rpi-8a,rpi-8a,rpi-8a,rpi-8a,rpi-8a,rpi-8a
174,rpi-8a,rpi-8a,rpi-8a,rpi-8a,rpi-8a,rpi-8a,rpi-8a,rpi-8a,rpi-8a
175,rpi-8a,rpi-8a,rpi-8a,rpi-8a,rpi-8a,rpi-8a,rpi-8a,rpi-8b,rpi-8a
176,rpi-8a,rpi-8a,rpi-8a,rpi-8a,rpi-8a,rpi-8a,rpi-8b,rpi-8a,rpi-8a
177,rpi-8a,rpi-8a,rpi-8a,rpi-8a,rpi-8b,rpi-8a,rpi-8a,rpi-8a,rpi-8a
178,rpi-8a,rpi-8a,rpi-8a,rpi-8a,rpi-8a,rpi-8a,rpi-8a,rpi-8a,rpi-8a
179,rpi-8a,rpi-8a,rpi-8a,rpi-8a,rpi-8a,rpi-8a,rpi-8a,rpi-8a,rpi-8a
180,rpi-8a,rpi-8a,rpi-8a,rpi-8a,rpi-8a,rpi-8a,rpi-8a,rpi-8a,rpi-8a
181,rpi-8a,rpi-8a,rpi-8a,rpi-8a,rpi-8a,rpi-8a,rpi-8a,rpi-8a,rpi-8a
182,rpi-8a,rpi-8a,rpi-8a,rpi-8a,rpi-8a,rpi-8a,rpi-8b,rpi-8a,rpi-8a
183,rpi-8a,rpi-8a,rpi-8a,rpi-8a,rpi-8a,rpi-8a,rpi-8a,rpi-8a,rpi-8b
184,rpi-8a,rpi-8a,rpi-8a,rpi-8a,rpi-8a,rpi-8a,rpi-8a,rpi-8a,rpi-8a
185,rpi-8a,rpi-8a,rpi-8a,rpi-8a,rpi-8a,rpi-8a,rpi-8a,rpi-8a,rpi-8a
186,rpi-8a,rpi-8a,rpi-8a,rpi-8b,rpi-8a,rpi-8a,rpi-8a,rpi-8a,rpi-8a
187,rpi-8a,rpi-8a,rpi-8a,rpi-8a,rpi-8a,rpi-8a,rpi-8a,rpi-8a,rpi-8a
188,rpi-8a,rpi-8a,rpi-8a,rpi-8a,rpi-8a,rpi-8a,rpi-8a,rpi-8a,rpi-8a
189,rpi-8a,rpi-8b,rpi-8a,rpi-8a,rpi-8a,rpi-8a,rpi-8a,rpi-8a,rpi-8a
190,rpi-8a,rpi-8a,rpi-8a,rpi-8b,rpi-8a,rpi-8a,rpi-8a,rpi-8a,rpi-8a
191,rpi-8a,rpi-8a,rpi-8a,rpi-8a,rpi-8a,rpi-8a,rpi-8a,rpi-8a,rpi-8a
192,rpi-8a,rpi-8a,rpi-8a,rpi-8a,rpi-8b,rpi-8b,rpi-8a,rpi-8a,rpi-8a
193,rpi-8a,rpi-8a,rpi-8a,rpi-8a,rpi-8a,rpi-8a,rpi-8a,rpi-8a,rpi-8a
194,rpi-8a,rpi-8a,rpi-8b,rpi-8a,rpi-8a,rpi-8a,rpi-8a,rpi-8a,rpi-8a
195,rpi-8a,rpi-8a,rpi-8a,rpi-8a,rpi-8a,rpi-8a,rpi-8a,rpi-8a,rpi-8a
196,rpi-8a,rpi-8a,rpi-8a,rpi-8a,rpi-8a,rpi-8a,rpi-8a,rpi-8a,rpi-8a
197,rpi-8a,rpi-8a,rpi-8a,rpi-8a,rpi-8a,rpi-8a,rpi-8a,rpi-8a,rpi-8a
198,rpi-8a,rpi-8a,rpi-8a,rpi-8a,rpi-8a,rpi-8a,rpi-8a,rpi-8a,rpi-8a
199,rpi-8a,rpi-8a,rpi-8b,rpi-8a,rpi-8a,rpi-8a,rpi-8a,rpi-8a,rpi-8a
200,rpi-8a,rpi-8a,rpi-8a,rpi-8a,rpi-8a,rpi-8a,rpi-8a,rpi-8a,rpi-8a
201,rpi-8a,rpi-8a,rpi-8a,rpi-8a,rpi-8a,rpi-8a,rpi-8a,rpi-8a,rpi-8a
202,rpi-8a,rpi-8a,rpi-8a,rpi-8a,rpi-8a,rpi-8a,rpi-8a,rpi-8a,rpi-8a
203,rpi-8a,rpi-8a,rpi-8a,rpi-8a,rpi-8a,rpi-8b,rpi-8b,rpi-8a,rpi-8a
204,rpi-8a,rpi-8a,rpi-8a,rpi-8a,rpi-8b,rpi-8a,rpi-8a,rpi-8a,rpi-8a
205,rpi-8a,rpi-8a,rpi-8a,rpi-8a,rpi-8a,rpi-8a,rpi-8a,rpi-8a,rpi-8a
206,rpi-8a,rpi-8b,rpi-8a,rpi-8a,rpi-8a,rpi-8a,rpi-8a,rpi-8a,rpi-8a
207,rpi-8a,rpi-8a,rpi-8a,rpi-8a,rpi-8a,rpi-8a,rpi-8a,rpi-8a,rpi-8a
208,rpi-8a,rpi-8a,rpi-8a,rpi-8a,rpi-8a,rpi-8a,rpi-8a,rpi-8a,rpi-8a
209,rpi-8a,rpi-8a,rpi-8a,rpi-8a,rpi-8a,rpi-8b,rpi-8a,rpi-8a,rpi-8b
210,rpi-8a,rpi-8a,rpi-8a,rpi-8a,rpi-8a,rpi-8a,rpi-8a,rpi-8a,rpi-8a
211,rpi-8a,rpi-8a,rpi-8a,rpi-8a,rpi-8a,rpi-8a,rpi-8a,rpi-8a,rpi-8a
212,rpi-8a,rpi-8a,rpi-8a,rpi-8a,rpi-8b,rpi-8a,rpi-8a,rpi-8a,rpi-8a
213,rpi-8a,rpi-8a,rpi-8a,rpi-8a,rpi-8a,rpi-8a,rpi-8a,rpi-8b,rpi-8a
214,rpi-8a,rpi-8a,rpi-8a,rpi-8a,rpi-8a,rpi-8a,rpi-8a,rpi-8b,rpi-8a
215,rpi-8a,rpi-8a,rpi-8a,rpi-8a,rpi-8a,rpi-8a,rpi-8a,rpi-8a,rpi-8a
216,rpi-8a,rpi-8a,rpi-8a,rpi-8a,rpi-8a,rpi-8a,rpi-8b,rpi-8a,rpi-8a
217,rpi-8a,rpi-8a,rpi-8a,rpi-8a,rpi-8a,rpi-8a,rpi-8a,rpi-8a,rpi-8a
218,rpi-8a,rpi-8a,rpi-8a,rpi-8a,rpi-8c,rpi-8a,rpi-8a,rpi-8a,rpi-8a
219,rpi-8a,rpi-8a,rpi-8a,rpi-8a,rpi-8a,rpi-8a,rpi-8a,rpi-8a,rpi-8a
220,rpi-8a,rpi-8a,rpi-8a,rpi-8a,rpi-8a,rpi-8a,rpi-8a,rpi-8b,rpi-8a
221,rpi-8a,rpi-8a,rpi-8b,rpi-8a,rpi-8a,rpi-8a,rpi-8a,rpi-8a,rpi-8a
222,rpi-8a,rpi-8a,rpi-8a,rpi-8a,rpi-8a,rpi-8a,rpi-8a,rpi-8a,rpi-8a
223,rpi-8a,rpi-8a,rpi-8b,rpi-8a,rpi-8a,rpi-8a,rpi-8a,rpi-8a,rpi-8b
224,rpi-8a,rpi-8a,rpi-8a,rpi-8a,rpi-8a,rpi-8a,rpi-8a,rpi-8a,rpi-8a
225,rpi-8a,rpi-8a,rpi-8b,rpi-8a,rpi-8a,rpi-8a,rpi-8a,rpi-8a,rpi-8a
226,rpi-8a,rpi-8a,rpi-8a,rpi-8a,rpi-8a,rpi-8a,rpi-8a,rpi-8a,rpi-8a
227,rpi-8a,rpi-8a,rpi-8a,rpi-8a,rpi-8a,rpi-8a,rpi-8a,rpi-8a,rpi-8a
228,rpi-8a,rpi-8a,rpi-8b,rpi-8a,rpi-8a,rpi-8a,rpi-8a,rpi-8a,rpi-8a
229,rpi-8a,rpi-8a,rpi-8b,rpi-8a,rpi-8a,rpi-8a,rpi-8a,rpi-8b,rpi-8a
230,rpi-8a,rpi-8a,rpi-8a,rpi-8b,rpi-8a,rpi-8a,rpi-8a,rpi-8a,rpi-8a
231,rpi-8a,rpi-8a,rpi-8a,rpi-8a,rpi-8a,rpi-8a,rpi-8a,rpi-8a,rpi-8a
232,rpi-8a,rpi-8a,rpi-8a,rpi-8a,rpi-8b,rpi-8a,rpi-8a,rpi-8a,rpi-8a
233,rpi-8a,rpi-8a,rpi-8a,rpi-8a,rpi-8a,rpi-8a,rpi-8a,rpi-8a,rpi-8a
234,rpi-8a,rpi-8a,rpi-8a,rpi-8a,rpi-8a,rpi-8a,rpi-8a,rpi-8a,rpi-8a
235,rpi-8a,rpi-8a,rpi-8a,rpi-8a,rpi-8a,rpi-8a,rpi-8a,rpi-8a,rpi-8a
236,rpi-8a,rpi-8a,rpi-8a,rpi-8a,rpi-8a,rpi-8a,rpi-8a,rpi-8b,rpi-8a
237,rpi-8a,rpi-8a,rpi-8a,rpi-8b,rpi-8a,rpi-8a,rpi-8a,rpi-8a,rpi-8b
238,rpi-8a,rpi-8a,rpi-8a,rpi-8b,rpi-8a,rpi-8a,rpi-8a,rpi-8a,rpi-8a
239,rpi-8a,rpi-8a,rpi-8a,rpi-8a,rpi-8a,rpi-8a,rpi-8a,rpi-8a,rpi-8a
240,rpi-8a,rpi-8a,rpi-8a,rpi-8a,rpi-8a,rpi-8a,rpi-8a,rpi-8a,rpi-8a
241,rpi-8a,rpi-8a,rpi-8a,rpi-8a,rpi-8a,rpi-8a,rpi-8a,rpi-8a,rpi-8a
242,rpi-8a,rpi-8a,rpi-8a,rpi-8a,rpi-8a,rpi-8a,rpi-8b,rpi-8a,rpi-8a
243,rpi-8a,rpi-8a,rpi-8a,rpi-8a,rpi-8a,rpi-8b,rpi-8a,rpi-8a,rpi-8a
244,rpi-8a,rpi-8a,rpi-8a,rpi-8a,rpi-8a,rpi-8a,rpi-8b,rpi-8b,rpi-8a
245,rpi-8a,rpi-8a,rpi-8a,rpi-8a,rpi-8a,rpi-8a,rpi-8a,rpi-8a,rpi-8a
246,rpi-8a,rpi-8b,rpi-8a,rpi-8a,rpi-8a,rpi-8a,rpi-8a,rpi-8b,rpi-8a
247,rpi-8a,rpi-8a,rpi-8a,rpi-8a,rpi-8a,rpi-8b,rpi-8a,rpi-8a,rpi-8a
248,rpi-8a,rpi-8a,rpi-8a,rpi-8a,rpi-8a,rpi-8a,rpi-8a,rpi-8a,rpi-8a
249,rpi-8a,rpi-8a,rpi-8a,rpi-8a,rpi-8a,rpi-8a,rpi-8a,rpi-8a,rpi-8a
250,rpi-8a,rpi-8a,rpi-8a,rpi-8a,rpi-8a,rpi-8a,rpi-8a,rpi-8a,rpi-8a
251,rpi-8a,rpi-8a,rpi-8a,rpi-8a,rpi-8a,rpi-8a,rpi-8b,rpi-8a,rpi-8a
252,rpi-8a,rpi-8a,rpi-8a,rpi-8a,rpi-8a,rpi-8a,rpi-8a,rpi-8a,rpi-8a
253,rpi-8a,rpi-8a,rpi-8a,rpi-8a,rpi-8a,rpi-8a,rpi-8a,rpi-8a,rpi-4a
254,rpi-8a,rpi-8a,rpi-8a,rpi-8a,rpi-8a,rpi-8a,rpi-8a,rpi-8b,rpi-8a
255,rpi-8a,rpi-8b,rpi-8a,rpi-8a,rpi-8a,rpi-8a,rpi-8b,rpi-8a,rpi-8a
256,rpi-8a,rpi-8a,rpi-8a,rpi-8a,rpi-8a,rpi-8a,rpi-8a,rpi-8a,rpi-8a
257,rpi-8a,rpi-8a,rpi-8a,rpi-8a,rpi-8a,rpi-8a,rpi-8a,rpi-8a,rpi-8a
258,rpi-8a,rpi-8a,rpi-8a,rpi-8a,rpi-8a,rpi-8a,rpi-8a,rpi-8a,rpi-8a
259,rpi-8a,rpi-8a,rpi-8a,rpi-8a,rpi-8a,rpi-8a,rpi-8b,rpi-8a,rpi-8a
260,rpi-8a,rpi-8a,rpi-8d,rpi-8a,rpi-8a,rpi-8a,rpi-8a,rpi-8a,rpi-8a
261,rpi-8a,rpi-8a,rpi-8b,rpi-8a,rpi-8a,rpi-8a,rpi-8a,rpi-8b,rpi-8a
262,rpi-8a,rpi-8a,rpi-8a,rpi-8a,rpi-8a,rpi-8a,rpi-8a,rpi-8a,rpi-8a
263,rpi-8a,rpi-8a,rpi-8a,rpi-8a,rpi-8a,rpi-8a,rpi-8a,rpi-8a,rpi-8b
264,rpi-8a,rpi-8a,rpi-8a,rpi-8b,rpi-8a,rpi-8a,rpi-8a,rpi-8a,rpi-8a
265,rpi-8a,rpi-8a,rpi-8a,rpi-8a,rpi-8a,rpi-8a,rpi-8a,rpi-8a,rpi-8a
266,rpi-8a,rpi-8a,rpi-8a,rpi-8a,rpi-8a,rpi-8a,rpi-8a,rpi-8a,rpi-8a
267,rpi-8a,rpi-8a,rpi-8a,rpi-8a,rpi-8a,rpi-8a,rpi-8a,rpi-8a,rpi-8a
268,rpi-8a,rpi-8a,rpi-8a,rpi-8a,rpi-8a,rpi-8a,rpi-8b,rpi-8a,rpi-8a
269,rpi-8a,rpi-8c,rpi-8a,rpi-8a,rpi-8a,rpi-8a,rpi-8a,rpi-8a,rpi-8a
270,rpi-8a,rpi-8a,rpi-8a,rpi-8a,rpi-8a,rpi-8a,rpi-8a,rpi-8a,rpi-8a
271,rpi-8a,rpi-8a,rpi-8a,rpi-8a,rpi-8a,rpi-8a,rpi-8a,rpi-8a,rpi-8a
272,rpi-8a,rpi-8b,rpi-8a,rpi-8a,rpi-8a,rpi-8a,rpi-8a,rpi-8b,rpi-8a
273,rpi-8a,rpi-8a,rpi-8b,rpi-8a,rpi-8a,rpi-8a,rpi-8a,rpi-8a,rpi-8a
274,rpi-8a,rpi-8a,rpi-8a,rpi-8a,rpi-8a,rpi-8a,rpi-8a,rpi-8a,rpi-8a
275,rpi-8a,rpi-8a,rpi-8a,rpi-8a,rpi-8a,rpi-8a,rpi-8a,rpi-8b,rpi-8a
276,rpi-8a,rpi-8a,rpi-8a,rpi-8a,rpi-8a,rpi-8a,rpi-8a,rpi-8a,rpi-8a
277,rpi-8a,rpi-8a,rpi-8a,rpi-8a,rpi-8a,rpi-8a,rpi-8a,rpi-8a,rpi-8a
278,rpi-8a,rpi-8a,rpi-8a,rpi-8a,rpi-8a,rpi-8a,rpi-8a,rpi-8a,rpi-8a
279,rpi-8a,rpi-8a,rpi-8a,rpi-8a,rpi-8a,rpi-8a,rpi-8a,rpi-8a,rpi-8a
280,rpi-8a,rpi-8a,rpi-8b,rpi-8a,rpi-8a,rpi-8a,rpi-8a,rpi-8a,rpi-8a
281,rpi-8a,rpi-8a,rpi-8b,rpi-8a,rpi-8a,rpi-8b,rpi-8b,rpi-8a,rpi-8a
282,rpi-8a,rpi-8a,rpi-8a,rpi-8a,rpi-8a,rpi-8a,rpi-8a,rpi-8a,rpi-8a
283,rpi-8a,rpi-8a,rpi-8a,rpi-8a,rpi-8a,rpi-8a,rpi-8a,rpi-8a,rpi-8a
284,rpi-8a,rpi-8a,rpi-8a,rpi-8a,rpi-8a,rpi-8a,rpi-8a,rpi-8a,rpi-8a
285,rpi-8a,rpi-8a,rpi-8a,rpi-8a,rpi-8a,rpi-8a,rpi-8a,rpi-8a,rpi-8a
286,rpi-8a,rpi-8a,rpi-8a,rpi-8a,rpi-8a,rpi-4a,rpi-8a,rpi-8a,rpi-8a
287,rpi-8a,rpi-8b,rpi-8a,rpi-8a,rpi-8a,rpi-8a,rpi-8a,rpi-8a,rpi-8a
288,rpi-8a,rpi-8a,rpi-8a,rpi-8a,rpi-8a,rpi-8a,rpi-8a,rpi-8a,rpi-8a
289,rpi-8a,rpi-8a,rpi-8a,rpi-8a,rpi-8b,rpi-8a,rpi-8a,rpi-8a,rpi-8a
290,rpi-8a,rpi-8a,rpi-8a,rpi-8b,rpi-8a,rpi-8b,rpi-8a,rpi-8a,rpi-8a
291,rpi-8a,rpi-8a,rpi-8a,rpi-8a,rpi-8a,rpi-8a,rpi-8a,rpi-8b,rpi-8a
292,rpi-8a,rpi-8a,rpi-8a,rpi-8a,rpi-8a,rpi-8a,rpi-8a,rpi-8a,rpi-8a
293,rpi-8a,rpi-8a,rpi-8a,rpi-8a,rpi-8a,rpi-8a,rpi-8a,rpi-8a,rpi-8a
294,rpi-8a,rpi-8a,rpi-8a,rpi-8a,rpi-8a,rpi-8a,rpi-8b,rpi-8a,rpi-8a
295,rpi-8a,rpi-8a,rpi-8b,rpi-8a,rpi-8a,rpi-8b,rpi-8a,rpi-8a,rpi-8a
296,rpi-8a,rpi-8a,rpi-8a,rpi-8a,rpi-8a,rpi-8a,rpi-8a,rpi-8b,rpi-8b
297,rpi-8a,rpi-8a,rpi-8a,rpi-8a,rpi-8b,rpi-8a,rpi-8a,rpi-8a,rpi-8a
298,rpi-8a,rpi-8a,rpi-8a,rpi-8a,rpi-8a,rpi-8a,rpi-8a,rpi-8a,rpi-8a
299,rpi-8d,rpi-8d,rpi-8d,rpi-8d,rpi-8d,rpi-8c,rpi-8d,rpi-8d,rpi-4a
300,rpi-8d,rpi-8c,rpi-8c,rpi-8c,rpi-8d,rpi-8d,rpi-8d,rpi-8c,rpi-8d
301,rpi-8d,rpi-8d,rpi-8d,rpi-8d,rpi-4a,rpi-8d,rpi-8d,rpi-4a,rpi-8d
302,rpi-8d,rpi-8d,rpi-4a,rpi-8d,rpi-8d,rpi-4a,rpi-8d,rpi-8c,rpi-8d
303,rpi-8d,rpi-8d,rpi-8d,rpi-8d,rpi-8d,rpi-8d,rpi-8c,rpi-8c,rpi-8c
304,rpi-8d,rpi-8d,rpi-8d,rpi-8c,rpi-8c,rpi-4a,rpi-8d,rpi-8c,rpi-8d
305,rpi-8d,rpi-8c,rpi-8d,rpi-4a,rpi-8d,rpi-8d,rpi-4a,rpi-8d,rpi-8d
306,rpi-8d,rpi-8d,rpi-8d,rpi-8d,rpi-4a,rpi-4a,rpi-8c,rpi-8d,rpi-8d
307,rpi-8d,rpi-8d,rpi-8d,rpi-8d,rpi-8c,rpi-8d,rpi-4a,rpi-8d,rpi-8d
308,rpi-8d,rpi-8c,rpi-8d,rpi-8d,rpi-8d,rpi-8d,rpi-8d,rpi-8d,rpi-8d
309,rpi-8d,rpi-8c,rpi-8d,rpi-4a,rpi-8d,rpi-8d,rpi-8c,rpi-8c,rpi-8d
310,rpi-8d,rpi-8c,rpi-8d,rpi-8d,rpi-8c,rpi-8d,rpi-8d,rpi-8d,rpi-8d
311,rpi-8d,rpi-8c,rpi-8d,rpi-4a,rpi-8d,rpi-8d,rpi-8d,rpi-8c,rpi-8d
312,rpi-8d,rpi-8d,rpi-8c,rpi-8c,rpi-8d,rpi-8d,rpi-4a,rpi-4a,rpi-8d
313,rpi-8d,rpi-8d,rpi-8d,rpi-8c,rpi-8d,rpi-8c,rpi-8d,rpi-4a,rpi-8d
314,rpi-8d,rpi-8d,rpi-4a,rpi-8c,rpi-8d,rpi-8d,rpi-8d,rpi-8d,rpi-8d
315,rpi-8d,rpi-8d,rpi-8d,rpi-8d,rpi-8d,rpi-8d,rpi-8d,rpi-8c,rpi-4a
316,rpi-8d,rpi-8c,rpi-8d,rpi-8c,rpi-4a,rpi-8d,rpi-8d,rpi-8d,rpi-8d
317,rpi-8d,rpi-8d,rpi-8d,rpi-8d,rpi-8d,rpi-8c,rpi-8c,rpi-8d,rpi-8d
318,rpi-8d,rpi-8d,rpi-8d,rpi-8b,rpi-8d,rpi-8d,rpi-8d,rpi-8d,rpi-8d
319,rpi-8d,rpi-8d,rpi-8d,rpi-8d,rpi-8d,rpi-8d,rpi-8d,rpi-8d,rpi-8d
320,rpi-8d,rpi-8c,rpi-8d,rpi-8a,rpi-8c,rpi-8c,rpi-8d,rpi-8d,rpi-4a
321,rpi-8d,rpi-8d,rpi-8c,rpi-8d,rpi-8d,rpi-8d,rpi-8d,rpi-8d,rpi-8c
322,rpi-8d,rpi-8c,rpi-8c,rpi-8d,rpi-8d,rpi-8c,rpi-8d,rpi-8c,rpi-8c
323,rpi-8d,rpi-8d,rpi-8d,rpi-8d,rpi-8d,rpi-8d,rpi-8d,rpi-8d,rpi-8d
324,rpi-8d,rpi-8d,rpi-8d,rpi-8d,rpi-8d,rpi-8c,rpi-8d,rpi-8d,rpi-8c
325,rpi-8d,rpi-8c,rpi-8b,rpi-8d,rpi-8d,rpi-8d,rpi-8d,rpi-8c,rpi-8d
326,rpi-8d,rpi-8d,rpi-8d,rpi-8c,rpi-8d,rpi-8d,rpi-8d,rpi-8c,rpi-8d
327,rpi-8d,rpi-8d,rpi-8b,rpi-4a,rpi-8d,rpi-8d,rpi-8d,rpi-8d,rpi-8c
328,rpi-8d,rpi-4a,rpi-8b,rpi-8d,rpi-8d,rpi-8d,rpi-8c,rpi-8d,rpi-8d
329,rpi-8d,rpi-8d,rpi-8d,rpi-8a,rpi-4a,rpi-4a,rpi-8c,rpi-8c,rpi-4a
330,rpi-8d,rpi-8c,rpi-8d,rpi-8c,rpi-8d,rpi-8d,rpi-8d,rpi-8c,rpi-8a
331,rpi-8d,rpi-8c,rpi-8d,rpi-8d,rpi-8c,rpi-8c,rpi-8d,rpi-8d,rpi-8d
332,rpi-8d,rpi-4a,rpi-8d,rpi-8d,rpi-8c,rpi-8c,rpi-8d,rpi-8d,rpi-8d
333,rpi-8d,rpi-8a,rpi-4a,rpi-8c,rpi-8d,rpi-8d,rpi-8d,rpi-8c,rpi-8c
334,rpi-8d,rpi-8d,rpi-8d,rpi-8d,rpi-8d,rpi-8d,rpi-8d,rpi-8c,rpi-8d
335,rpi-8d,rpi-8d,rpi-8c,rpi-4a,rpi-4a,rpi-8d,rpi-8d,rpi-8c,rpi-8d
336,rpi-8d,rpi-8d,rpi-8d,rpi-8c,rpi-4a,rpi-8c,rpi-8c,rpi-8d,rpi-8d
337,rpi-8d,rpi-8d,rpi-8d,rpi-8d,rpi-8d,rpi-8c,rpi-8d,rpi-8d,rpi-8d
338,rpi-8d,rpi-8d,rpi-8d,rpi-8c,rpi-8d,rpi-8d,rpi-8c,rpi-8d,rpi-8d
339,rpi-8d,rpi-8d,rpi-8d,rpi-8d,rpi-8d,rpi-8c,rpi-8d,rpi-8d,rpi-8d
340,rpi-8d,rpi-8c,rpi-8c,rpi-8d,rpi-8c,rpi-8c,rpi-8d,rpi-8d,rpi-8d
341,rpi-8d,rpi-8c,rpi-8d,rpi-8d,rpi-8c,rpi-8c,rpi-8c,rpi-8c,rpi-8b
342,rpi-8d,rpi-8d,rpi-4a,rpi-8c,rpi-8d,rpi-8c,rpi-4a,rpi-8d,rpi-8d
343,rpi-8d,rpi-8d,rpi-8d,rpi-8a,rpi-8d,rpi-8d,rpi-8d,rpi-8d,rpi-8d
344,rpi-8d,rpi-8d,rpi-8d,rpi-8c,rpi-4a,rpi-8d,rpi-8d,rpi-8c,rpi-8d
345,rpi-8d,rpi-8d,rpi-8d,rpi-8d,rpi-4a,rpi-8d,rpi-8d,rpi-8d,rpi-8d
346,rpi-8d,rpi-8d,rpi-8c,rpi-8d,rpi-8d,rpi-8d,rpi-8d,rpi-8c,rpi-4a
347,rpi-8d,rpi-8d,rpi-8d,rpi-8d,rpi-8d,rpi-8d,rpi-8d,rpi-8d,rpi-8d
348,rpi-8d,rpi-8d,rpi-8c,rpi-4a,rpi-8d,rpi-8d,rpi-4a,rpi-8d,rpi-8d
349,rpi-8d,rpi-8d,rpi-8c,rpi-8d,rpi-8d,rpi-8d,rpi-4a,rpi-8c,rpi-8d
350,rpi-8d,rpi-8c,rpi-8d,rpi-8d,rpi-8c,rpi-8d,rpi-8d,rpi-8d,rpi-8c
351,rpi-8d,rpi-8d,rpi-8c,rpi-8d,rpi-8d,rpi-4a,rpi-8d,rpi-8d,rpi-8d
352,rpi-8d,rpi-8d,rpi-8d,rpi-8d,rpi-8d,rpi-8d,rpi-8d,rpi-8d,rpi-8d
353,rpi-8d,rpi-8d,rpi-8d,rpi-4a,rpi-8d,rpi-8a,rpi-8d,rpi-8d,rpi-8c
354,rpi-8d,rpi-8c,rpi-8d,rpi-4a,rpi-8d,rpi-8c,rpi-8c,rpi-8d,rpi-8d
355,rpi-8d,rpi-8d,rpi-8d,rpi-4a,rpi-4a,rpi-8d,rpi-8d,rpi-8d,rpi-8d
356,rpi-8d,rpi-8d,rpi-8d,rpi-8d,rpi-4a,rpi-4a,rpi-8d,rpi-8d,rpi-8d
357,rpi-8d,rpi-8c,rpi-8c,rpi-8d,rpi-8d,rpi-8d,rpi-8d,rpi-8d,rpi-8d
358,rpi-8d,rpi-8d,rpi-8c,rpi-8d,rpi-8d,rpi-8d,rpi-8c,rpi-8c,rpi-8d
359,rpi-8d,rpi-8d,rpi-8d,rpi-8c,rpi-8d,rpi-4a,rpi-8c,rpi-8d,rpi-8d
360,rpi-8d,rpi-8d,rpi-8d,rpi-8d,rpi-8c,rpi-8d,rpi-4a,rpi-8d,rpi-8d
361,rpi-8d,rpi-8c,rpi-8d,rpi-8c,rpi-8d,rpi-8d,rpi-8d,rpi-8d,rpi-8d
362,rpi-8d,rpi-8d,rpi-8d,rpi-8d,rpi-8d,rpi-8c,rpi-8d,rpi-8d,rpi-8d
363,rpi-8d,rpi-8d,rpi-4a,rpi-4a,rpi-4a,rpi-8d,rpi-8d,rpi-8d,rpi-8d
364,rpi-8d,rpi-8d,rpi-8c,rpi-8d,rpi-8d,rpi-8d,rpi-8c,rpi-8d,rpi-8c
365,rpi-8d,rpi-8d,rpi-8d,rpi-8d,rpi-8c,rpi-8d,rpi-8d,rpi-8d,rpi-8d
366,rpi-8d,rpi-8d,rpi-8d,rpi-8d,rpi-8c,rpi-8d,rpi-8d,rpi-8c,rpi-8c
367,rpi-8d,rpi-8d,rpi-8d,rpi-8d,rpi-8c,rpi-8d,rpi-8d,rpi-8d,rpi-8d
368,rpi-8d,rpi-8d,rpi-4a,rpi-8d,rpi-8d,rpi-8c,rpi-8c,rpi-8c,rpi-8c
369,rpi-8d,rpi-8d,rpi-8c,rpi-8c,rpi-8d,rpi-8c,rpi-8d,rpi-8d,rpi-8d
370,rpi-8d,rpi-8d,rpi-8d,rpi-4a,rpi-8d,rpi-4a,rpi-8d,rpi-4a,rpi-8d
371,rpi-8d,rpi-8d,rpi-8d,rpi-8d,rpi-8d,rpi-8d,rpi-8d,rpi-8d,rpi-8d
372,rpi-8d,rpi-8d,rpi-8d,rpi-8c,rpi-8d,rpi-8d,rpi-8d,rpi-8d,rpi-8d
373,rpi-8d,rpi-8d,rpi-8d,rpi-8d,rpi-8d,rpi-8d,rpi-8d,rpi-8d,rpi-8d
374,rpi-8d,rpi-8d,rpi-8d,rpi-8d,rpi-8d,rpi-8c,rpi-4a,rpi-8c,rpi-8c
375,rpi-8d,rpi-8d,rpi-8d,rpi-8d,rpi-8c,rpi-8c,rpi-8d,rpi-8d,rpi-8d
376,rpi-8d,rpi-8d,rpi-8d,rpi-8d,rpi-8c,rpi-8d,rpi-8d,rpi-4a,rpi-8d
377,rpi-8d,rpi-8d,rpi-8c,rpi-8d,rpi-8d,rpi-8d,rpi-8d,rpi-8d,rpi-8d
378,rpi-8d,rpi-8d,rpi-8d,rpi-8c,rpi-8d,rpi-8d,rpi-8d,rpi-8d,rpi-8c
379,rpi-8d,rpi-8d,rpi-8d,rpi-8d,rpi-4a,rpi-8d,rpi-8d,rpi-8d,rpi-4a
380,rpi-8d,rpi-8d,rpi-8d,rpi-8d,rpi-8d,rpi-8d,rpi-8d,rpi-4a,rpi-8d
381,rpi-8d,rpi-4a,rpi-8d,rpi-8d,rpi-8c,rpi-8d,rpi-8d,rpi-8c,rpi-8d
382,rpi-8d,rpi-8d,rpi-8d,rpi-8d,rpi-8d,rpi-8d,rpi-8d,rpi-8d,rpi-8d
383,rpi-8d,rpi-8d,rpi-8d,rpi-8d,rpi-8d,rpi-8c,rpi-8d,rpi-8d,rpi-8d
384,rpi-8d,rpi-8d,rpi-8d,rpi-8d,rpi-8d,rpi-8d,rpi-8d,rpi-8d,rpi-8d
385,rpi-8d,rpi-8d,rpi-8d,rpi-8d,rpi-8d,rpi-8d,rpi-8c,rpi-8d,rpi-8c
386,rpi-8d,rpi-8d,rpi-8d,rpi-8d,rpi-4a,rpi-8d,rpi-8c,rpi-8c,rpi-8c
387,rpi-8d,rpi-8d,rpi-8c,rpi-8a,rpi-8c,rpi-8d,rpi-4a,rpi-8d,rpi-8d
388,rpi-8d,rpi-8d,rpi-8c,rpi-8d,rpi-8d,rpi-8d,rpi-8d,rpi-8d,rpi-8d
389,rpi-8d,rpi-8c,rpi-8b,rpi-8d,rpi-8d,rpi-8d,rpi-8d,rpi-8d,rpi-8d
390,rpi-8d,rpi-8d,rpi-8d,rpi-8c,rpi-8d,rpi-8d,rpi-8d,rpi-8c,rpi-8d
391,rpi-8d,rpi-8c,rpi-8c,rpi-8d,rpi-8d,rpi-8c,rpi-4a,rpi-8d,rpi-4a
392,rpi-8d,rpi-8c,rpi-8d,rpi-8d,rpi-8c,rpi-8d,rpi-8d,rpi-8d,rpi-8d
393,rpi-8d,rpi-8d,rpi-8d,rpi-8d,rpi-8d,rpi-8d,rpi-8d,rpi-8c,rpi-8c
394,rpi-8d,rpi-8d,rpi-8d,rpi-8d,rpi-8d,rpi-8d,rpi-8d,rpi-8d,rpi-8d
395,rpi-8d,rpi-8d,rpi-8d,rpi-8d,rpi-8d,rpi-4a,rpi-8d,rpi-8c,rpi-8d
396,rpi-8d,rpi-8d,rpi-8c,rpi-8d,rpi-8c,rpi-8c,rpi-8c,rpi-8c,rpi-8d
397,rpi-8d,rpi-8d,rpi-8d,rpi-8d,rpi-8c,rpi-8d,rpi-8d,rpi-8c,rpi-8d
398,rpi-8d,rpi-8d,rpi-8d,rpi-8d,rpi-8c,rpi-8d,rpi-8c,rpi-8d,rpi-4a
399,rpi-8d,rpi-8d,rpi-8d,rpi-8c,rpi-8d,rpi-8d,rpi-8d,rpi-8d,rpi-8d
400,rpi-8d,rpi-8c,rpi-8d,rpi-8d,rpi-8c,rpi-8d,rpi-8d,rpi-8c,rpi-4a
401,rpi-8d,rpi-8c,rpi-8c,rpi-4a,rpi-8d,rpi-8d,rpi-8c,rpi-4a,rpi-8d
402,rpi-8d,rpi-8d,rpi-4a,rpi-8d,rpi-8d,rpi-8d,rpi-8b,rpi-8d,rpi-8d
403,rpi-8d,rpi-8d,rpi-8d,rpi-8c,rpi-8d,rpi-8c,rpi-8d,rpi-8d,rpi-8d
404,rpi-8d,rpi-8d,rpi-8d,rpi-8d,rpi-8c,rpi-8d,rpi-8d,rpi-8d,rpi-8d
405,rpi-8d,rpi-8d,rpi-8d,rpi-4a,rpi-8d,rpi-8d,rpi-8d,rpi-8d,rpi-8d
406,rpi-8d,rpi-8d,rpi-8d,rpi-8d,rpi-8d,rpi-8d,rpi-8d,rpi-8d,rpi-8d
407,rpi-8d,rpi-8d,rpi-4a,rpi-8d,rpi-8d,rpi-8d,rpi-8d,rpi-8d,rpi-8d
408,rpi-8d,rpi-8d,rpi-8d,rpi-8d,rpi-8d,rpi-8d,rpi-8d,rpi-8d,rpi-8d
409,rpi-8d,rpi-8d,rpi-8d,rpi-8d,rpi-8c,rpi-8d,rpi-8d,rpi-8d,rpi-8d
410,rpi-8d,rpi-8c,rpi-4a,rpi-8d,rpi-8c,rpi-8d,rpi-8c,rpi-8d,rpi-4a
411,rpi-8d,rpi-8d,rpi-8d,rpi-8d,rpi-8d,rpi-8c,rpi-8d,rpi-8d,rpi-8d
412,rpi-8d,rpi-8d,rpi-8d,rpi-8d,rpi-8d,rpi-8d,rpi-8d,rpi-4a,rpi-8d
413,rpi-8d,rpi-8d,rpi-8d,rpi-8d,rpi-8c,rpi-8c,rpi-8d,rpi-8d,rpi-8d
414,rpi-8d,rpi-8d,rpi-8d,rpi-4a,rpi-8d,rpi-8c,rpi-8d,rpi-8c,rpi-4a
415,rpi-8d,rpi-8d,rpi-8d,rpi-8c,rpi-8d,rpi-8d,rpi-8d,rpi-8d,rpi-4a
416,rpi-8d,rpi-8c,rpi-8c,rpi-8d,rpi-8d,rpi-8d,rpi-8d,rpi-8d,rpi-8d
417,rpi-8d,rpi-8c,rpi-8d,rpi-8d,rpi-4a,rpi-8c,rpi-8d,rpi-8d,rpi-8b
418,rpi-8d,rpi-8d,rpi-4a,rpi-4a,rpi-8c,rpi-8d,rpi-8c,rpi-8d,rpi-8d
419,rpi-8d,rpi-8d,rpi-8d,rpi-8d,rpi-4a,rpi-8d,rpi-8d,rpi-8d,rpi-8d
420,rpi-8d,rpi-8d,rpi-8c,rpi-8d,rpi-8d,rpi-8d,rpi-4a,rpi-8c,rpi-8c
421,rpi-8d,rpi-8c,rpi-4a,rpi-8c,rpi-8c,rpi-8d,rpi-8d,rpi-8d,rpi-8c
422,rpi-8d,rpi-8d,rpi-8d,rpi-4a,rpi-8d,rpi-8d,rpi-8d,rpi-8c,rpi-8d
423,rpi-8d,rpi-8d,rpi-8d,rpi-8d,rpi-8c,rpi-8d,rpi-8d,rpi-4a,rpi-8c
424,rpi-8d,rpi-8d,rpi-8d,rpi-8d,rpi-8d,rpi-8d,rpi-8d,rpi-8d,rpi-8d
425,rpi-8d,rpi-8d,rpi-8d,rpi-8d,rpi-8c,rpi-8d,rpi-8d,rpi-8c,rpi-8d
426,rpi-8d,rpi-8d,rpi-8d,rpi-8d,rpi-8d,rpi-8c,rpi-8d,rpi-8c,rpi-8d
427,rpi-8d,rpi-8d,rpi-8d,rpi-8d,rpi-8d,rpi-8c,rpi-8d,rpi-8c,rpi-8d
428,rpi-8d,rpi-8d,rpi-8d,rpi-8c,rpi-8c,rpi-8d,rpi-8d,rpi-8d,rpi-8d
429,rpi-8d,rpi-8d,rpi-8d,rpi-8d,rpi-8d,rpi-8c,rpi-8d,rpi-8d,rpi-8c
430,rpi-8d,rpi-8d,rpi-8d,rpi-8d,rpi-8d,rpi-8d,rpi-8c,rpi-8d,rpi-8d
431,rpi-8d,rpi-8d,rpi-8c,rpi-8d,rpi-8d,rpi-8d,rpi-8d,rpi-8d,rpi-8d
432,rpi-8d,rpi-8d,rpi-8c,rpi-8d,rpi-8d,rpi-8d,rpi-8d,rpi-8d,rpi-8c
433,rpi-8d,rpi-8d,rpi-8d,rpi-8d,rpi-8b,rpi-8c,rpi-8d,rpi-8d,rpi-8d
434,rpi-8d,rpi-8c,rpi-4a,rpi-8d,rpi-8c,rpi-8d,rpi-8c,rpi-8c,rpi-8d
435,rpi-8d,rpi-8c,rpi-8d,rpi-4a,rpi-4a,rpi-8d,rpi-8d,rpi-8d,rpi-8d
436,rpi-8d,rpi-8d,rpi-8d,rpi-8d,rpi-8d,rpi-8d,rpi-4a,rpi-8d,rpi-8d
437,rpi-8d,rpi-8d,rpi-8d,rpi-8c,rpi-8d,rpi-8d,rpi-8c,rpi-4a,rpi-8d
438,rpi-8d,rpi-8d,rpi-8d,rpi-8d,rpi-8c,rpi-8d,rpi-8c,rpi-8d,rpi-8d
439,rpi-8d,rpi-8d,rpi-4a,rpi-8c,rpi-8c,rpi-8c,rpi-8c,rpi-8d,rpi-8d
440,rpi-8d,rpi-8d,rpi-8d,rpi-8d,rpi-4a,rpi-8d,rpi-4a,rpi-8d,rpi-8d
441,rpi-8d,rpi-8d,rpi-8d,rpi-4a,rpi-8d,rpi-8d,rpi-8d,rpi-8c,rpi-8d
442,rpi-8d,rpi-8c,rpi-8d,rpi-8c,rpi-8c,rpi-8d,rpi-8d,rpi-8c,rpi-8d
443,rpi-8d,rpi-8d,rpi-8d,rpi-8c,rpi-8d,rpi-8d,rpi-4a,rpi-8d,rpi-8d
444,rpi-8d,rpi-8d,rpi-8d,rpi-8d,rpi-8d,rpi-8d,rpi-8c,rpi-4a,rpi-8d
445,rpi-8d,rpi-8c,rpi-8d,rpi-8c,rpi-8d,rpi-8d,rpi-8d,rpi-8d,rpi-8c
446,rpi-8d,rpi-8d,rpi-8d,rpi-8d,rpi-8d,rpi-8d,rpi-8c,rpi-8d,rpi-8d
447,rpi-8d,rpi-8d,rpi-8d,rpi-8d,rpi-8c,rpi-8c,rpi-8d,rpi-8d,rpi-8c
448,rpi-8d,rpi-8d,rpi-8d,rpi-8c,rpi-8c,rpi-8d,rpi-8d,rpi-8d,rpi-8d
449,rpi-8d,rpi-8d,rpi-8d,rpi-8d,rpi-8d,rpi-8d,rpi-8d,rpi-8d,rpi-8d
450,rpi-8c,rpi-8c,rpi-8c,rpi-4a,rpi-4a,rpi-8c,rpi-8c,rpi-8c,rpi-8c
451,rpi-8c,rpi-8c,rpi-8c,rpi-8c,rpi-8d,rpi-8c,rpi-8c,rpi-8c,rpi-8c
452,rpi-8c,rpi-8c,rpi-8c,rpi-8d,rpi-8c,rpi-8c,rpi-4a,rpi-8c,rpi-8c
453,rpi-8c,rpi-8c,rpi-8c,rpi-8c,rpi-8c,rpi-8c,rpi-8d,rpi-8c,rpi-8d
454,rpi-8c,rpi-8c,rpi-8c,rpi-8c,rpi-4a,rpi-8c,rpi-8c,rpi-8c,rpi-8c
455,rpi-8c,rpi-8c,rpi-4a,rpi-8c,rpi-8c,rpi-8d,rpi-8c,rpi-8c,rpi-8d
456,rpi-8c,rpi-8c,rpi-8c,rpi-8c,rpi-4a,rpi-8d,rpi-8c,rpi-8c,rpi-8c
457,rpi-8c,rpi-4a,rpi-8c,rpi-8c,rpi-8c,rpi-8d,rpi-8d,rpi-8c,rpi-8c
458,rpi-8c,rpi-8d,rpi-8d,rpi-8c,rpi-4a,rpi-8c,rpi-8d,rpi-8c,rpi-8d
459,rpi-8c,rpi-8c,rpi-8c,rpi-8c,rpi-8c,rpi-8c,rpi-8c,rpi-8c,rpi-8c
460,rpi-8c,rpi-8c,rpi-8c,rpi-8c,rpi-8c,rpi-8d,rpi-8c,rpi-8d,rpi-8c
461,rpi-8c,rpi-8c,rpi-8c,rpi-8c,rpi-4a,rpi-8c,rpi-8c,rpi-8c,rpi-8c
462,rpi-8c,rpi-8c,rpi-8c,rpi-8c,rpi-8d,rpi-8c,rpi-8d,rpi-8c,rpi-8d
463,rpi-8c,rpi-8c,rpi-8c,rpi-8d,rpi-8c,rpi-8c,rpi-8c,rpi-8d,rpi-8c
464,rpi-8c,rpi-8c,rpi-8d,rpi-8c,rpi-8c,rpi-8c,rpi-8c,rpi-8c,rpi-8c
465,rpi-8c,rpi-8c,rpi-8d,rpi-8c,rpi-8c,rpi-8c,rpi-8d,rpi-8c,rpi-8c
466,rpi-8c,rpi-8c,rpi-8c,rpi-8d,rpi-8c,rpi-8c,rpi-8d,rpi-8c,rpi-8c
467,rpi-8c,rpi-8c,rpi-8d,rpi-8d,rpi-8c,rpi-8c,rpi-8c,rpi-8c,rpi-8c
468,rpi-8c,rpi-8c,rpi-8c,rpi-8c,rpi-8d,rpi-4a,rpi-8c,rpi-8d,rpi-4a
469,rpi-8c,rpi-8c,rpi-8d,rpi-8c,rpi-8c,rpi-8c,rpi-8c,rpi-8c,rpi-8d
470,rpi-8c,rpi-8c,rpi-8c,rpi-8d,rpi-8c,rpi-4a,rpi-8c,rpi-8c,rpi-8d
471,rpi-8c,rpi-8c,rpi-8c,rpi-8d,rpi-8d,rpi-8c,rpi-8c,rpi-8c,rpi-8c
472,rpi-8c,rpi-8c,rpi-8c,rpi-4a,rpi-4a,rpi-8c,rpi-8c,rpi-8c,rpi-8c
473,rpi-8c,rpi-8d,rpi-8c,rpi-8c,rpi-8c,rpi-8c,rpi-8c,rpi-8c,rpi-8c
474,rpi-8c,rpi-8c,rpi-8d,rpi-8c,rpi-8d,rpi-8c,rpi-8d,rpi-8c,rpi-8c
475,rpi-8c,rpi-8c,rpi-8c,rpi-8c,rpi-8c,rpi-8d,rpi-8c,rpi-8c,rpi-8c
476,rpi-8c,rpi-8d,rpi-8c,rpi-8c,rpi-8c,rpi-8c,rpi-8c,rpi-8c,rpi-8c
477,rpi-8c,rpi-8c,rpi-8c,rpi-8c,rpi-8c,rpi-8c,rpi-8c,rpi-8c,rpi-8c
478,rpi-8c,rpi-8c,rpi-8b,rpi-8c,rpi-8c,rpi-8c,rpi-8c,rpi-8b,rpi-8d
479,rpi-8c,rpi-8c,rpi-8c,rpi-8c,rpi-8c,rpi-8c,rpi-8c,rpi-8c,rpi-8c
480,rpi-8c,rpi-8c,rpi-8c,rpi-8c,rpi-8c,rpi-8c,rpi-8c,rpi-8c,rpi-8d
481,rpi-8c,rpi-8c,rpi-8c,rpi-8c,rpi-8d,rpi-4a,rpi-8c,rpi-8b,rpi-4a
482,rpi-8c,rpi-8c,rpi-8c,rpi-8c,rpi-8c,rpi-4a,rpi-8c,rpi-8c,rpi-8c
483,rpi-8c,rpi-8d,rpi-8c,rpi-8d,rpi-8c,rpi-8d,rpi-8c,rpi-8c,rpi-8c
484,rpi-8c,rpi-4a,rpi-8d,rpi-8c,rpi-8c,rpi-8c,rpi-8c,rpi-8c,rpi-8c
485,rpi-8c,rpi-8c,rpi-8c,rpi-8c,rpi-8c,rpi-8c,rpi-8c,rpi-8d,rpi-8c
486,rpi-8c,rpi-8c,rpi-8c,rpi-8d,rpi-4a,rpi-8c,rpi-4a,rpi-8c,rpi-4a
487,rpi-8c,rpi-8c,rpi-8d,rpi-8c,rpi-8c,rpi-8c,rpi-8d,rpi-8d,rpi-8c
488,rpi-8c,rpi-8c,rpi-8c,rpi-8c,rpi-8c,rpi-8c,rpi-8d,rpi-8c,rpi-8c
489,rpi-8c,rpi-8c,rpi-8c,rpi-8c,rpi-8c,rpi-8d,rpi-8c,rpi-8c,rpi-8c
490,rpi-8c,rpi-8c,rpi-8d,rpi-8c,rpi-8c,rpi-8a,rpi-8c,rpi-8c,rpi-8c
491,rpi-8c,rpi-8d,rpi-8c,rpi-8d,rpi-8d,rpi-8c,rpi-8c,rpi-8c,rpi-8c
492,rpi-8c,rpi-4a,rpi-8c,rpi-8c,rpi-8c,rpi-8c,rpi-8c,rpi-8d,rpi-8c
493,rpi-8c,rpi-4a,rpi-8c,rpi-8c,rpi-8d,rpi-8c,rpi-8c,rpi-8c,rpi-8c
494,rpi-8c,rpi-8a,rpi-8c,rpi-8c,rpi-8c,rpi-8c,rpi-8c,rpi-8c,rpi-8c
495,rpi-8c,rpi-8c,rpi-8c,rpi-8c,rpi-8c,rpi-8c,rpi-8c,rpi-8c,rpi-8c
496,rpi-8c,rpi-8c,rpi-8c,rpi-8c,rpi-8d,rpi-4a,rpi-8c,rpi-4a,rpi-8c
497,rpi-8c,rpi-8c,rpi-8d,rpi-8d,rpi-4a,rpi-8c,rpi-8c,rpi-8c,rpi-8d
498,rpi-8c,rpi-8c,rpi-8c,rpi-8b,rpi-8d,rpi-8c,rpi-8c,rpi-8c,rpi-8d
499,rpi-8c,rpi-8c,rpi-8d,rpi-8c,rpi-8c,rpi-8d,rpi-8c,rpi-8c,rpi-8c
500,rpi-8c,rpi-8c,rpi-8c,rpi-8c,rpi-8c,rpi-8c,rpi-8c,rpi-8c,rpi-8c
501,rpi-8c,rpi-8c,rpi-8c,rpi-8c,rpi-4a,rpi-8c,rpi-8c,rpi-8c,rpi-8c
502,rpi-8c,rpi-8c,rpi-8d,rpi-8d,rpi-8c,rpi-8c,rpi-8c,rpi-8c,rpi-8c
503,rpi-8c,rpi-4a,rpi-8c,rpi-8c,rpi-8c,rpi-8c,rpi-8d,rpi-8d,rpi-8d
504,rpi-8c,rpi-4a,rpi-8c,rpi-8c,rpi-8c,rpi-4a,rpi-8d,rpi-8c,rpi-8c
505,rpi-8c,rpi-8c,rpi-8c,rpi-8d,rpi-4a,rpi-8c,rpi-8c,rpi-4a,rpi-8c
506,rpi-8c,rpi-8c,rpi-8c,rpi-8c,rpi-8c,rpi-8c,rpi-8d,rpi-4a,rpi-8c
507,rpi-8c,rpi-8c,rpi-8c,rpi-8d,rpi-8d,rpi-8c,rpi-8c,rpi-8c,rpi-8d
508,rpi-8c,rpi-8c,rpi-8c,rpi-8c,rpi-8d,rpi-8c,rpi-4a,rpi-8c,rpi-8c
509,rpi-8c,rpi-8c,rpi-8c,rpi-8c,rpi-8c,rpi-8c,rpi-8c,rpi-8c,rpi-8c
510,rpi-8c,rpi-8d,rpi-8c,rpi-4a,rpi-8c,rpi-8c,rpi-8d,rpi-8c,rpi-8c
511,rpi-8c,rpi-4a,rpi-8c,rpi-4a,rpi-8c,rpi-8c,rpi-8c,rpi-8c,rpi-8d
512,rpi-8c,rpi-8c,rpi-8d,rpi-8b,rpi-8d,rpi-8c,rpi-8c,rpi-8c,rpi-8c
513,rpi-8c,rpi-8c,rpi-8c,rpi-8d,rpi-8c,rpi-8c,rpi-8d,rpi-8c,rpi-4a
514,rpi-8c,rpi-8c,rpi-8c,rpi-8d,rpi-8d,rpi-8c,rpi-8c,rpi-8c,rpi-8c
515,rpi-8c,rpi-8c,rpi-8c,rpi-8c,rpi-8b,rpi-8c,rpi-4a,rpi-8d,rpi-8d
516,rpi-8c,rpi-8c,rpi-8c,rpi-8c,rpi-8c,rpi-8d,rpi-8c,rpi-8c,rpi-8c
517,rpi-8c,rpi-8c,rpi-8c,rpi-8c,rpi-8c,rpi-8c,rpi-8c,rpi-8c,rpi-8c
518,rpi-8c,rpi-8d,rpi-8a,rpi-8d,rpi-8c,rpi-4a,rpi-8c,rpi-8c,rpi-8c
519,rpi-8c,rpi-8c,rpi-8c,rpi-8c,rpi-8d,rpi-8c,rpi-8c,rpi-8d,rpi-8c
520,rpi-8c,rpi-8c,rpi-8d,rpi-8d,rpi-8c,rpi-8c,rpi-8c,rpi-8c,rpi-8c
521,rpi-8c,rpi-8c,rpi-8c,rpi-8c,rpi-8c,rpi-4a,rpi-8c,rpi-8c,rpi-8c
522,rpi-8c,rpi-8d,rpi-8c,rpi-8d,rpi-8d,rpi-8c,rpi-8c,rpi-8c,rpi-8c
523,rpi-8c,rpi-8c,rpi-8d,rpi-4a,rpi-8c,rpi-8d,rpi-8c,rpi-8c,rpi-8c
524,rpi-8c,rpi-8c,rpi-8a,rpi-8c,rpi-8c,rpi-8d,rpi-8d,rpi-8c,rpi-8c
525,rpi-8c,rpi-8c,rpi-8d,rpi-8c,rpi-8c,rpi-8c,rpi-8c,rpi-8d,rpi-4a
526,rpi-8c,rpi-4a,rpi-8c,rpi-8d,rpi-8c,rpi-8c,rpi-8c,rpi-8c,rpi-8c
527,rpi-8c,rpi-8c,rpi-8c,rpi-8c,rpi-4a,rpi-8c,rpi-8d,rpi-8c,rpi-8c
528,rpi-8c,rpi-8c,rpi-8c,rpi-8c,rpi-8d,rpi-8c,rpi-8c,rpi-8c,rpi-8c
529,rpi-8c,rpi-8d,rpi-8d,rpi-8d,rpi-8c,rpi-8c,rpi-8c,rpi-8d,rpi-8d
530,rpi-8c,rpi-8c,rpi-8b,rpi-8c,rpi-8c,rpi-8c,rpi-8c,rpi-8d,rpi-8c
531,rpi-8c,rpi-8c,rpi-8c,rpi-8d,rpi-8d,rpi-8c,rpi-8c,rpi-8d,rpi-8c
532,rpi-8c,rpi-8d,rpi-8c,rpi-8c,rpi-8c,rpi-8c,rpi-8b,rpi-8c,rpi-8c
533,rpi-8c,rpi-8c,rpi-8c,rpi-8c,rpi-8c,rpi-8c,rpi-8c,rpi-8d,rpi-8c
534,rpi-8c,rpi-8c,rpi-8c,rpi-8d,rpi-8c,rpi-8d,rpi-8c,rpi-4a,rpi-8c
535,rpi-8c,rpi-8c,rpi-8d,rpi-8c,rpi-8c,rpi-8d,rpi-8c,rpi-8c,rpi-8c
536,rpi-8c,rpi-8b,rpi-8c,rpi-8c,rpi-8d,rpi-8d,rpi-8c,rpi-8d,rpi-8d
537,rpi-8c,rpi-4a,rpi-8c,rpi-4a,rpi-8c,rpi-8c,rpi-8c,rpi-8c,rpi-8c
538,rpi-8c,rpi-4a,rpi-8d,rpi-8c,rpi-8d,rpi-4a,rpi-8d,rpi-8d,rpi-8c
539,rpi-8c,rpi-8c,rpi-4a,rpi-8c,rpi-8b,rpi-8c,rpi-8c,rpi-8c,rpi-8c
540,rpi-8c,rpi-8c,rpi-8d,rpi-8c,rpi-4a,rpi-8d,rpi-8d,rpi-8c,rpi-8c
541,rpi-8c,rpi-8c,rpi-8c,rpi-8c,rpi-8c,rpi-8c,rpi-8d,rpi-8c,rpi-8c
542,rpi-8c,rpi-8c,rpi-8c,rpi-8c,rpi-8c,rpi-8c,rpi-8c,rpi-8c,rpi-8c
543,rpi-8c,rpi-8c,rpi-8c,rpi-8d,rpi-8c,rpi-8c,rpi-8c,rpi-8c,rpi-8d
544,rpi-8c,rpi-8c,rpi-8c,rpi-8d,rpi-8c,rpi-8c,rpi-8d,rpi-4a,rpi-8c
545,rpi-8c,rpi-8d,rpi-8d,rpi-8c,rpi-8d,rpi-8d,rpi-8c,rpi-8c,rpi-8c
546,rpi-8c,rpi-8c,rpi-8c,rpi-8c,rpi-8c,rpi-8d,rpi-8c,rpi-8c,rpi-8c
547,rpi-8c,rpi-8c,rpi-8c,rpi-8d,rpi-8c,rpi-4a,rpi-8c,rpi-8c,rpi-8c
548,rpi-8c,rpi-8c,rpi-8c,rpi-8c,rpi-8c,rpi-8c,rpi-8c,rpi-8c,rpi-4a
549,rpi-8c,rpi-8c,rpi-8d,rpi-8c,rpi-8c,rpi-8c,rpi-8c,rpi-8d,rpi-8c
550,rpi-8c,rpi-8c,rpi-8c,rpi-8d,rpi-8c,rpi-8c,rpi-8c,rpi-4a,rpi-8c
551,rpi-8c,rpi-8c,rpi-4a,rpi-8c,rpi-8c,rpi-8c,rpi-8c,rpi-4a,rpi-8c
552,rpi-8c,rpi-4a,rpi-8c,rpi-8c,rpi-8c,rpi-8c,rpi-8d,rpi-8c,rpi-8c
553,rpi-8c,rpi-8d,rpi-8d,rpi-8c,rpi-8c,rpi-8c,rpi-8c,rpi-8c,rpi-8c
554,rpi-8c,rpi-8c,rpi-8d,rpi-8c,rpi-8c,rpi-8c,rpi-8d,rpi-8c,rpi-8d
555,rpi-8c,rpi-8c,rpi-8c,rpi-8c,rpi-8c,rpi-8d,rpi-8c,rpi-8c,rpi-8c
556,rpi-8c,rpi-8c,rpi-8c,rpi-8c,rpi-8c,rpi-8c,rpi-8d,rpi-8c,rpi-8c
557,rpi-8c,rpi-4a,rpi-8c,rpi-8c,rpi-8d,rpi-4a,rpi-8c,rpi-8d,rpi-8c
558,rpi-8c,rpi-8b,rpi-8c,rpi-8c,rpi-8c,rpi-8c,rpi-8d,rpi-8c,rpi-8c
559,rpi-8c,rpi-8c,rpi-8c,rpi-8c,rpi-8c,rpi-8c,rpi-8c,rpi-8c,rpi-8c
560,rpi-8c,rpi-8c,rpi-8c,rpi-8c,rpi-8d,rpi-8c,rpi-8c,rpi-8c,rpi-8c
561,rpi-8c,rpi-8c,rpi-8c,rpi-8c,rpi-8c,rpi-8d,rpi-4a,rpi-8c,rpi-8c
562,rpi-8c,rpi-8c,rpi-8c,rpi-8c,rpi-8c,rpi-8c,rpi-8c,rpi-4a,rpi-8c
563,rpi-8c,rpi-8c,rpi-8c,rpi-8c,rpi-8c,rpi-8c,rpi-8c,rpi-8c,rpi-8c
564,rpi-8c,rpi-8c,rpi-8c,rpi-8c,rpi-8c,rpi-8c,rpi-8d,rpi-8d,rpi-8d
565,rpi-8c,rpi-8c,rpi-8c,rpi-8c,rpi-8d,rpi-8c,rpi-8d,rpi-8c,rpi-8c
566,rpi-8c,rpi-8c,rpi-8d,rpi-8c,rpi-8c,rpi-8c,rpi-8c,rpi-8d,rpi-8d
567,rpi-8c,rpi-8c,rpi-8d,rpi-8c,rpi-4a,rpi-4a,rpi-8c,rpi-8c,rpi-8c
568,rpi-8c,rpi-8c,rpi-8c,rpi-4a,rpi-8c,rpi-8d,rpi-8c,rpi-8c,rpi-8c
569,rpi-8c,rpi-8c,rpi-4a,rpi-8c,rpi-8c,rpi-8c,rpi-4a,rpi-8c,rpi-8c
570,rpi-8c,rpi-8c,rpi-8c,rpi-8c,rpi-8c,rpi-8d,rpi-8c,rpi-4a,rpi-8c
571,rpi-8c,rpi-8c,rpi-8c,rpi-4a,rpi-8b,rpi-4a,rpi-8c,rpi-8c,rpi-8c
572,rpi-8c,rpi-8c,rpi-8c,rpi-8c,rpi-8c,rpi-8c,rpi-8c,rpi-8d,rpi-8c
573,rpi-8c,rpi-8c,rpi-8c,rpi-8c,rpi-8c,rpi-4a,rpi-8c,rpi-8c,rpi-8c
574,rpi-8c,rpi-4a,rpi-8c,rpi-8d,rpi-8c,rpi-8c,rpi-8d,rpi-8c,rpi-8c
575,rpi-8c,rpi-8c,rpi-8c,rpi-8c,rpi-8c,rpi-8c,rpi-8c,rpi-8c,rpi-8b
576,rpi-8c,rpi-8c,rpi-8c,rpi-8c,rpi-8c,rpi-8c,rpi-8d,rpi-8c,rpi-8c
577,rpi-8c,rpi-8c,rpi-8c,rpi-8d,rpi-8a,rpi-8c,rpi-4a,rpi-8c,rpi-8c
578,rpi-8c,rpi-8d,rpi-8c,rpi-8c,rpi-8c,rpi-8c,rpi-8c,rpi-8c,rpi-8d
579,rpi-8c,rpi-8c,rpi-8c,rpi-8c,rpi-8b,rpi-4a,rpi-8c,rpi-8d,rpi-8d
580,rpi-8c,rpi-8d,rpi-8c,rpi-8d,rpi-4a,rpi-8c,rpi-8c,rpi-8c,rpi-8d
581,rpi-8c,rpi-8c,rpi-8d,rpi-8c,rpi-8c,rpi-8c,rpi-8c,rpi-8c,rpi-8d
582,rpi-8c,rpi-8b,rpi-8d,rpi-8c,rpi-8c,rpi-8c,rpi-8c,rpi-8c,rpi-8c
583,rpi-8c,rpi-8c,rpi-8c,rpi-8c,rpi-8d,rpi-8c,rpi-8c,rpi-4a,rpi-8d
584,rpi-8c,rpi-8d,rpi-8b,rpi-8c,rpi-8c,rpi-8c,rpi-8d,rpi-8c,rpi-8c
585,rpi-8c,rpi-8c,rpi-8c,rpi-8c,rpi-8c,rpi-8d,rpi-8c,rpi-8c,rpi-8c
586,rpi-8c,rpi-8c,rpi-8c,rpi-8c,rpi-8c,rpi-8d,rpi-8c,rpi-8b,rpi-8d
587,rpi-8c,rpi-8c,rpi-4a,rpi-8c,rpi-8c,rpi-8c,rpi-8c,rpi-8c,rpi-8d
588,rpi-8c,rpi-8d,rpi-8c,rpi-8c,rpi-8d,rpi-8c,rpi-8c,rpi-8c,rpi-4a
589,rpi-8c,rpi-8c,rpi-8c,rpi-8d,rpi-8c,rpi-8d,rpi-8c,rpi-8c,rpi-8c
590,rpi-8c,rpi-8c,rpi-8c,rpi-8c,rpi-8c,rpi-4a,rpi-8c,rpi-4a,rpi-8c
591,rpi-8c,rpi-8c,rpi-8c,rpi-8c,rpi-8d,rpi-8c,rpi-8d,rpi-8d,rpi-8c
592,rpi-8c,rpi-8c,rpi-8c,rpi-8c,rpi-8c,rpi-8d,rpi-8c,rpi-8c,rpi-8c
593,rpi-8c,rpi-8c,rpi-8d,rpi-8c,rpi-8d,rpi-8c,rpi-8c,rpi-8c,rpi-8c
594,rpi-8c,rpi-8c,rpi-8c,rpi-8c,rpi-8d,rpi-8c,rpi-8d,rpi-8c,rpi-8c
595,rpi-8c,rpi-8c,rpi-8c,rpi-8d,rpi-8d,rpi-4a,rpi-8c,rpi-8d,rpi-4a
596,rpi-8c,rpi-8c,rpi-8d,rpi-8d,rpi-4a,rpi-4a,rpi-8c,rpi-8c,rpi-8c
597,rpi-8c,rpi-8d,rpi-8d,rpi-8c,rpi-8d,rpi-8c,rpi-8c,rpi-8c,rpi-8c
598,rpi-8c,rpi-8d,rpi-8c,rpi-8c,rpi-8c,rpi-8c,rpi-8c,rpi-8d,rpi-8d
599,rpi-8b,rpi-8b,rpi-8b,rpi-8b,rpi-8b,rpi-8b,rpi-8b,rpi-8b,rpi-8b
600,rpi-8b,rpi-8c,rpi-8a,rpi-8b,rpi-8b,rpi-8b,rpi-8b,rpi-8b,rpi-8b
601,rpi-8b,rpi-8b,rpi-8b,rpi-8b,rpi-8b,rpi-8a,rpi-8b,rpi-8b,rpi-8a
602,rpi-8b,rpi-8b,rpi-8b,rpi-8a,rpi-8b,rpi-8b,rpi-8a,rpi-8a,rpi-8b
603,rpi-8b,rpi-8b,rpi-8b,rpi-8b,rpi-8a,rpi-8b,rpi-8b,rpi-8b,rpi-8a
604,rpi-8b,rpi-8b,rpi-8b,rpi-8a,rpi-8b,rpi-8b,rpi-8b,rpi-8b,rpi-8b
605,rpi-8b,rpi-8b,rpi-8b,rpi-8b,rpi-8b,rpi-8b,rpi-8b,rpi-8b,rpi-8b
606,rpi-8b,rpi-8b,rpi-8b,rpi-8b,rpi-8b,rpi-8a,rpi-8b,rpi-8a,rpi-8b
607,rpi-8b,rpi-8a,rpi-8b,rpi-8b,rpi-8b,rpi-8b,rpi-8b,rpi-8b,rpi-8b
608,rpi-8b,rpi-8b,rpi-8a,rpi-8b,rpi-8a,rpi-8b,rpi-8b,rpi-8b,rpi-8b
609,rpi-8b,rpi-8b,rpi-8b,rpi-8b,rpi-8b,rpi-8b,rpi-8b,rpi-8b,rpi-8b
610,rpi-8b,rpi-8b,rpi-8b,rpi-8b,rpi-8a,rpi-8b,rpi-8b,rpi-8a,rpi-8b
611,rpi-8b,rpi-8a,rpi-8b,rpi-8b,rpi-8b,rpi-8a,rpi-8b,rpi-8b,rpi-8b
612,rpi-8b,rpi-8b,rpi-8a,rpi-8b,rpi-8b,rpi-8a,rpi-8b,rpi-8a,rpi-8b
613,rpi-8b,rpi-8b,rpi-8b,rpi-8b,rpi-8b,rpi-8b,rpi-8b,rpi-8a,rpi-8b
614,rpi-8b,rpi-8b,rpi-8a,rpi-8b,rpi-8b,rpi-8b,rpi-8b,rpi-8b,rpi-8b
615,rpi-8b,rpi-8b,rpi-8b,rpi-8a,rpi-8b,rpi-8b,rpi-8a,rpi-8b,rpi-8a
616,rpi-8b,rpi-8a,rpi-8b,rpi-8b,rpi-8b,rpi-8b,rpi-8b,rpi-8b,rpi-8b
617,rpi-8b,rpi-8b,rpi-8b,rpi-8b,rpi-8b,rpi-8b,rpi-8b,rpi-8b,rpi-8b
618,rpi-8b,rpi-8a,rpi-8a,rpi-8b,rpi-8b,rpi-8a,rpi-8b,rpi-8b,rpi-8b
619,rpi-8b,rpi-8b,rpi-8b,rpi-8b,rpi-8b,rpi-8b,rpi-8b,rpi-8b,rpi-8b
620,rpi-8b,rpi-8b,rpi-8b,rpi-8b,rpi-8b,rpi-8b,rpi-8a,rpi-8b,rpi-8b
621,rpi-8b,rpi-8b,rpi-8b,rpi-8a,rpi-8a,rpi-8b,rpi-8b,rpi-8b,rpi-8b
622,rpi-8b,rpi-8a,rpi-8b,rpi-8b,rpi-8b,rpi-8b,rpi-8a,rpi-8b,rpi-8a
623,rpi-8b,rpi-8b,rpi-8a,rpi-8a,rpi-8b,rpi-8b,rpi-8b,rpi-8b,rpi-8b
624,rpi-8b,rpi-8b,rpi-8b,rpi-8b,rpi-8b,rpi-8b,rpi-8b,rpi-8b,rpi-8a
625,rpi-8b,rpi-8b,rpi-8b,rpi-8b,rpi-4a,rpi-8b,rpi-8b,rpi-8b,rpi-8a
626,rpi-8b,rpi-8a,rpi-8b,rpi-8b,rpi-8b,rpi-8b,rpi-8b,rpi-8b,rpi-8b
627,rpi-8b,rpi-8a,rpi-8b,rpi-8b,rpi-8a,rpi-8b,rpi-8a,rpi-8b,rpi-8b
628,rpi-8b,rpi-8a,rpi-8a,rpi-8b,rpi-8b,rpi-8a,rpi-8b,rpi-8b,rpi-8b
629,rpi-8b,rpi-8b,rpi-8b,rpi-8b,rpi-8b,rpi-8a,rpi-8b,rpi-8a,rpi-8b
630,rpi-8b,rpi-8a,rpi-8b,rpi-8b,rpi-8b,rpi-8a,rpi-8b,rpi-8b,rpi-8b
631,rpi-8b,rpi-8b,rpi-8b,rpi-8b,rpi-8b,rpi-8b,rpi-8b,rpi-8b,rpi-8b
632,rpi-8b,rpi-8b,rpi-8b,rpi-8b,rpi-8b,rpi-8a,rpi-8b,rpi-8b,rpi-8b
633,rpi-8b,rpi-8b,rpi-8b,rpi-8b,rpi-8b,rpi-8b,rpi-8b,rpi-8b,rpi-8b
634,rpi-8b,rpi-8b,rpi-8b,rpi-8a,rpi-8b,rpi-8b,rpi-8b,rpi-8b,rpi-8b
635,rpi-8b,rpi-8b,rpi-8b,rpi-8b,rpi-8b,rpi-8b,rpi-8a,rpi-8b,rpi-8a
636,rpi-8b,rpi-8b,rpi-8b,rpi-8b,rpi-8b,rpi-8b,rpi-8b,rpi-8b,rpi-8b
637,rpi-8b,rpi-8b,rpi-8b,rpi-8b,rpi-8a,rpi-8b,rpi-8b,rpi-8b,rpi-8b
638,rpi-8b,rpi-8b,rpi-8a,rpi-8b,rpi-8b,rpi-8b,rpi-8b,rpi-8b,rpi-8b
639,rpi-8b,rpi-8b,rpi-8b,rpi-8b,rpi-8a,rpi-8b,rpi-8b,rpi-8b,rpi-8b
640,rpi-8b,rpi-8b,rpi-8b,rpi-8a,rpi-8b,rpi-8a,rpi-8b,rpi-8b,rpi-8b
641,rpi-8b,rpi-8c,rpi-8a,rpi-8b,rpi-8a,rpi-8b,rpi-8b,rpi-8b,rpi-8b
642,rpi-8b,rpi-8b,rpi-8b,rpi-8b,rpi-8b,rpi-8b,rpi-8b,rpi-8b,rpi-8b
643,rpi-8b,rpi-8a,rpi-8b,rpi-8b,rpi-8b,rpi-8b,rpi-8a,rpi-8b,rpi-8b
644,rpi-8b,rpi-8b,rpi-8b,rpi-8b,rpi-8a,rpi-8b,rpi-8b,rpi-8b,rpi-8b
645,rpi-8b,rpi-8b,rpi-8b,rpi-8b,rpi-8a,rpi-8c,rpi-8b,rpi-8a,rpi-8b
646,rpi-8b,rpi-8b,rpi-8b,rpi-8b,rpi-8b,rpi-8b,rpi-8a,rpi-8b,rpi-8b
647,rpi-8b,rpi-8b,rpi-8b,rpi-8a,rpi-8b,rpi-8b,rpi-8b,rpi-8b,rpi-8b
648,rpi-8b,rpi-8a,rpi-8b,rpi-8b,rpi-8a,rpi-8b,rpi-8b,rpi-8a,rpi-8b
649,rpi-8b,rpi-8b,rpi-8b,rpi-8b,rpi-8b,rpi-8b,rpi-8b,rpi-8b,rpi-8b
650,rpi-8b,rpi-8b,rpi-8b,rpi-8b,rpi-8b,rpi-8b,rpi-8b,rpi-8b,rpi-8b
651,rpi-8b,rpi-8b,rpi-8a,rpi-8b,rpi-8b,rpi-8b,rpi-8b,rpi-8b,rpi-8b
652,rpi-8b,rpi-8a,rpi-8b,rpi-8b,rpi-8b,rpi-8a,rpi-8b,rpi-8b,rpi-8b
653,rpi-8b,rpi-8a,rpi-8b,rpi-8b,rpi-8b,rpi-8b,rpi-8b,rpi-8b,rpi-8b
654,rpi-8b,rpi-8b,rpi-8b,rpi-8b,rpi-8a,rpi-8b,rpi-8a,rpi-8a,rpi-8b
655,rpi-8b,rpi-8b,rpi-8b,rpi-8b,rpi-8b,rpi-8b,rpi-8b,rpi-8b,rpi-8a
656,rpi-8b,rpi-8a,rpi-8b,rpi-8b,rpi-8b,rpi-8b,rpi-8b,rpi-8b,rpi-8b
657,rpi-8b,rpi-8a,rpi-8b,rpi-8b,rpi-8b,rpi-8b,rpi-8a,rpi-8a,rpi-8a
658,rpi-8b,rpi-8a,rpi-8b,rpi-8a,rpi-8b,rpi-8b,rpi-8b,rpi-8a,rpi-8b
659,rpi-8b,rpi-8b,rpi-8a,rpi-8b,rpi-8b,rpi-8a,rpi-8b,rpi-8b,rpi-8a
660,rpi-8b,rpi-8b,rpi-8b,rpi-8b,rpi-8b,rpi-8a,rpi-8b,rpi-8b,rpi-8b
661,rpi-8b,rpi-8b,rpi-8b,rpi-8a,rpi-8b,rpi-8b,rpi-8b,rpi-8b,rpi-8b
662,rpi-8b,rpi-8b,rpi-8b,rpi-8b,rpi-8b,rpi-8b,rpi-8b,rpi-8b,rpi-8b
663,rpi-8b,rpi-8a,rpi-8b,rpi-8b,rpi-8b,rpi-8b,rpi-8a,rpi-8b,rpi-8b
664,rpi-8b,rpi-8b,rpi-8b,rpi-8b,rpi-8b,rpi-8b,rpi-8b,rpi-8b,rpi-8b
665,rpi-8b,rpi-8b,rpi-8b,rpi-8b,rpi-8b,rpi-8b,rpi-8b,rpi-8b,rpi-8b
666,rpi-8b,rpi-8a,rpi-8a,rpi-8b,rpi-8b,rpi-8b,rpi-8a,rpi-8b,rpi-8b
667,rpi-8b,rpi-8b,rpi-8b,rpi-8b,rpi-8b,rpi-8a,rpi-8b,rpi-8b,rpi-8b
668,rpi-8b,rpi-8b,rpi-8a,rpi-8b,rpi-8b,rpi-8b,rpi-8a,rpi-8b,rpi-8b
669,rpi-8b,rpi-8b,rpi-8a,rpi-8b,rpi-8b,rpi-8b,rpi-8b,rpi-8b,rpi-8b
670,rpi-8b,rpi-8b,rpi-8b,rpi-8b,rpi-8a,rpi-8b,rpi-8b,rpi-8b,rpi-8a
671,rpi-8b,rpi-8b,rpi-8a,rpi-8b,rpi-8a,rpi-8b,rpi-8b,rpi-8b,rpi-8a
672,rpi-8b,rpi-8a,rpi-8b,rpi-8a,rpi-8b,rpi-8b,rpi-8b,rpi-8b,rpi-8b
673,rpi-8b,rpi-8b,rpi-8a,rpi-8b,rpi-8b,rpi-8b,rpi-8b,rpi-8b,rpi-8b
674,rpi-8b,rpi-8b,rpi-8a,rpi-8b,rpi-8a,rpi-8b,rpi-8b,rpi-8b,rpi-8a
675,rpi-8b,rpi-8b,rpi-8b,rpi-8a,rpi-8b,rpi-8b,rpi-8a,rpi-8b,rpi-8b
676,rpi-8b,rpi-8b,rpi-8b,rpi-8b,rpi-8b,rpi-8a,rpi-8b,rpi-8b,rpi-8b
677,rpi-8b,rpi-8b,rpi-8b,rpi-8b,rpi-8b,rpi-8b,rpi-8b,rpi-8b,rpi-8b
678,rpi-8b,rpi-8b,rpi-8b,rpi-8b,rpi-8b,rpi-8b,rpi-8b,rpi-8b,rpi-8b
679,rpi-8b,rpi-8b,rpi-8b,rpi-8b,rpi-8a,rpi-8a,rpi-8b,rpi-8b,rpi-8a
680,rpi-8b,rpi-8b,rpi-8b,rpi-8a,rpi-8b,rpi-8b,rpi-8b,rpi-8b,rpi-8a
681,rpi-8b,rpi-8b,rpi-8b,rpi-8b,rpi-8b,rpi-8b,rpi-8b,rpi-8b,rpi-8b
682,rpi-8b,rpi-8b,rpi-8b,rpi-8b,rpi-8b,rpi-8b,rpi-8b,rpi-8b,rpi-8a
683,rpi-8b,rpi-8b,rpi-8a,rpi-8b,rpi-8b,rpi-8b,rpi-8b,rpi-8b,rpi-8b
684,rpi-8b,rpi-8b,rpi-8b,rpi-8b,rpi-8b,rpi-8b,rpi-8b,rpi-8b,rpi-8b
685,rpi-8b,rpi-8b,rpi-8b,rpi-8b,rpi-8b,rpi-8a,rpi-8b,rpi-8a,rpi-8a
686,rpi-8b,rpi-8b,rpi-8b,rpi-8a,rpi-8b,rpi-8b,rpi-8b,rpi-8b,rpi-8b
687,rpi-8b,rpi-8b,rpi-8b,rpi-8b,rpi-8b,rpi-8b,rpi-8b,rpi-8b,rpi-8b
688,rpi-8b,rpi-8b,rpi-8b,rpi-8a,rpi-8b,rpi-8b,rpi-8b,rpi-8b,rpi-8a
689,rpi-8b,rpi-8b,rpi-8a,rpi-8b,rpi-8b,rpi-8b,rpi-8b,rpi-8b,rpi-8a
690,rpi-8b,rpi-8b,rpi-8b,rpi-8b,rpi-8b,rpi-8b,rpi-8b,rpi-8b,rpi-8b
691,rpi-8b,rpi-8a,rpi-8a,rpi-8b,rpi-8b,rpi-8b,rpi-8b,rpi-8b,rpi-8b
692,rpi-8b,rpi-8b,rpi-8a,rpi-8b,rpi-8a,rpi-8b,rpi-8b,rpi-8b,rpi-8b
693,rpi-8b,rpi-8b,rpi-8b,rpi-8b,rpi-8a,rpi-8b,rpi-8a,rpi-8b,rpi-8a
694,rpi-8b,rpi-8a,rpi-8b,rpi-8b,rpi-8b,rpi-8b,rpi-8b,rpi-8b,rpi-8b
695,rpi-8b,rpi-8b,rpi-8b,rpi-8b,rpi-8a,rpi-8b,rpi-8b,rpi-8a,rpi-8b
696,rpi-8b,rpi-8b,rpi-8a,rpi-8b,rpi-8b,rpi-8b,rpi-8a,rpi-8a,rpi-8b
697,rpi-8b,rpi-8b,rpi-8b,rpi-8a,rpi-8b,rpi-8b,rpi-8b,rpi-8b,rpi-8b
698,rpi-8b,rpi-8b,rpi-8b,rpi-8b,rpi-8b,rpi-8b,rpi-8a,rpi-8b,rpi-8b
699,rpi-8b,rpi-8a,rpi-8b,rpi-8a,rpi-8b,rpi-8b,rpi-8b,rpi-8b,rpi-8b
700,rpi-8b,rpi-8b,rpi-8a,rpi-8b,rpi-8b,rpi-8b,rpi-8b,rpi-8b,rpi-8b
701,rpi-8b,rpi-8b,rpi-8b,rpi-8b,rpi-8a,rpi-8b,rpi-8b,rpi-8b,rpi-8a
702,rpi-8b,rpi-8b,rpi-8b,rpi-8b,rpi-8b,rpi-8b,rpi-8b,rpi-8b,rpi-8b
703,rpi-8b,rpi-8a,rpi-8b,rpi-8b,rpi-8b,rpi-8b,rpi-8b,rpi-8b,rpi-8b
704,rpi-8b,rpi-8b,rpi-8b,rpi-8b,rpi-8b,rpi-8b,rpi-8b,rpi-8b,rpi-8a
705,rpi-8b,rpi-8b,rpi-8b,rpi-8b,rpi-8b,rpi-8b,rpi-8b,rpi-8a,rpi-8b
706,rpi-8b,rpi-8b,rpi-8a,rpi-8a,rpi-8b,rpi-8b,rpi-8b,rpi-8b,rpi-8a
707,rpi-8b,rpi-8b,rpi-8b,rpi-8a,rpi-8b,rpi-8a,rpi-8b,rpi-8b,rpi-8b
708,rpi-8b,rpi-8a,rpi-8a,rpi-8b,rpi-8a,rpi-8b,rpi-8b,rpi-8b,rpi-8b
709,rpi-8b,rpi-8b,rpi-8b,rpi-8a,rpi-8a,rpi-8b,rpi-8b,rpi-8b,rpi-8b
710,rpi-8b,rpi-8b,rpi-8a,rpi-8b,rpi-8b,rpi-8b,rpi-8b,rpi-8b,rpi-8b
711,rpi-8b,rpi-8b,rpi-8b,rpi-8b,rpi-8b,rpi-8a,rpi-8b,rpi-8b,rpi-8b
712,rpi-8b,rpi-8b,rpi-8b,rpi-8b,rpi-8a,rpi-8a,rpi-8b,rpi-8b,rpi-8a
713,rpi-8b,rpi-8a,rpi-8b,rpi-8b,rpi-8b,rpi-8b,rpi-8b,rpi-8b,rpi-8b
714,rpi-8b,rpi-8b,rpi-8b,rpi-8b,rpi-8a,rpi-8a,rpi-8b,rpi-8b,rpi-8b
715,rpi-8b,rpi-8b,rpi-8b,rpi-8b,rpi-8c,rpi-8b,rpi-8b,rpi-8b,rpi-8b
716,rpi-8b,rpi-8b,rpi-8b,rpi-8b,rpi-8a,rpi-8b,rpi-8b,rpi-8b,rpi-8a
717,rpi-8b,rpi-8b,rpi-8b,rpi-8b,rpi-8a,rpi-8b,rpi-8b,rpi-8b,rpi-8b
718,rpi-8b,rpi-8b,rpi-8a,rpi-8b,rpi-8b,rpi-8b,rpi-8b,rpi-8b,rpi-8b
719,rpi-8b,rpi-8a,rpi-8b,rpi-8a,rpi-8b,rpi-8b,rpi-8b,rpi-8b,rpi-8b
720,rpi-8b,rpi-8b,rpi-8b,rpi-8b,rpi-8a,rpi-8a,rpi-8b,rpi-8b,rpi-8a
721,rpi-8b,rpi-8b,rpi-8b,rpi-8b,rpi-8b,rpi-8a,rpi-8b,rpi-8a,rpi-8b
722,rpi-8b,rpi-8b,rpi-8b,rpi-8b,rpi-8b,rpi-8b,rpi-8b,rpi-8b,rpi-8a
723,rpi-8b,rpi-8b,rpi-8a,rpi-8b,rpi-8b,rpi-8b,rpi-8b,rpi-8b,rpi-8b
724,rpi-8b,rpi-8b,rpi-8b,rpi-8b,rpi-8b,rpi-8b,rpi-8b,rpi-8a,rpi-8b
725,rpi-8b,rpi-8b,rpi-8b,rpi-8b,rpi-8b,rpi-8b,rpi-8b,rpi-8b,rpi-8b
726,rpi-8b,rpi-8b,rpi-8b,rpi-8b,rpi-8b,rpi-8b,rpi-8b,rpi-8b,rpi-8b
727,rpi-8b,rpi-8b,rpi-8b,rpi-8b,rpi-8b,rpi-8b,rpi-8b,rpi-8b,rpi-8b
728,rpi-8b,rpi-8b,rpi-8b,rpi-8b,rpi-8b,rpi-8b,rpi-8b,rpi-8b,rpi-8a
729,rpi-8b,rpi-8b,rpi-8b,rpi-8b,rpi-8b,rpi-8b,rpi-8b,rpi-8b,rpi-8a
730,rpi-8b,rpi-8a,rpi-8b,rpi-8b,rpi-8b,rpi-8b,rpi-8a,rpi-8b,rpi-8b
731,rpi-8b,rpi-8b,rpi-8b,rpi-8b,rpi-8a,rpi-8b,rpi-8a,rpi-8b,rpi-8b
732,rpi-8b,rpi-8b,rpi-8b,rpi-8b,rpi-8b,rpi-8b,rpi-8b,rpi-8b,rpi-8b
733,rpi-8b,rpi-8b,rpi-8b,rpi-8b,rpi-8a,rpi-8b,rpi-8b,rpi-8b,rpi-8b
734,rpi-8b,rpi-8a,rpi-8b,rpi-8b,rpi-8b,rpi-8b,rpi-8b,rpi-8b,rpi-8b
735,rpi-8b,rpi-8b,rpi-8b,rpi-8b,rpi-8b,rpi-8b,rpi-8b,rpi-8b,rpi-8a
736,rpi-8b,rpi-8b,rpi-8b,rpi-8b,rpi-8b,rpi-8b,rpi-8b,rpi-8b,rpi-8b
737,rpi-8b,rpi-8b,rpi-8b,rpi-8b,rpi-8b,rpi-8b,rpi-8b,rpi-8b,rpi-8b
738,rpi-8b,rpi-8b,rpi-8b,rpi-8a,rpi-8b,rpi-8b,rpi-8b,rpi-8a,rpi-8a
739,rpi-8b,rpi-8a,rpi-8b,rpi-8b,rpi-8b,rpi-8b,rpi-8a,rpi-8a,rpi-8a
740,rpi-8b,rpi-8b,rpi-8b,rpi-8b,rpi-8b,rpi-8b,rpi-8b,rpi-8b,rpi-8a
741,rpi-8b,rpi-8b,rpi-8b,rpi-8b,rpi-8a,rpi-8b,rpi-8b,rpi-8b,rpi-8b
742,rpi-8b,rpi-8b,rpi-8b,rpi-8b,rpi-8b,rpi-8a,rpi-8a,rpi-8b,rpi-8b
743,rpi-8b,rpi-8b,rpi-8b,rpi-8b,rpi-8b,rpi-8a,rpi-8c,rpi-8b,rpi-8a
744,rpi-8b,rpi-8b,rpi-8b,rpi-8a,rpi-8a,rpi-8b,rpi-8b,rpi-8b,rpi-8b
745,rpi-8b,rpi-8b,rpi-8b,rpi-8a,rpi-8b,rpi-8b,rpi-8a,rpi-8b,rpi-8b
746,rpi-8b,rpi-8b,rpi-8b,rpi-8b,rpi-8b,rpi-8b,rpi-8b,rpi-8b,rpi-8b
747,odroid2,odroid2,odroid2,odroid2,odroid2,odroid2,odroid2,odroid2,odroid2
748,odroid2,odroid2,odroid2,odroid2,odroid2,odroid2,odroid2,odroid2,odroid2
749,odroid2,odroid2,odroid2,odroid2,odroid2,odroid2,odroid2,odroid2,odroid2
750,odroid2,odroid2,odroid2,odroid2,odroid2,odroid2,odroid2,odroid2,odroid2
751,odroid2,odroid2,odroid2,odroid2,odroid2,odroid2,odroid2,odroid2,odroid2
752,odroid2,odroid2,odroid2,odroid2,odroid2,odroid2,odroid2,odroid2,odroid2
753,odroid2,odroid2,odroid2,odroid2,odroid2,odroid2,odroid2,odroid2,odroid2
754,odroid2,odroid2,odroid2,odroid2,odroid2,odroid2,odroid2,odroid2,odroid2
755,odroid2,odroid2,odroid2,odroid2,odroid2,odroid2,odroid2,odroid2,odroid2
756,odroid2,odroid2,odroid2,odroid2,odroid2,odroid2,odroid2,odroid2,odroid2
757,odroid2,odroid2,odroid2,odroid2,odroid2,odroid2,odroid2,odroid2,odroid2
758,odroid2,odroid2,odroid2,odroid2,odroid2,odroid2,odroid2,odroid2,odroid2
759,odroid2,odroid2,odroid2,odroid2,odroid2,odroid2,odroid2,odroid2,odroid2
760,odroid2,odroid2,odroid2,odroid2,odroid2,odroid2,odroid2,odroid2,odroid2
761,odroid2,odroid2,odroid2,odroid2,odroid2,odroid2,odroid2,odroid2,odroid2
762,odroid2,odroid2,odroid2,odroid2,odroid2,odroid2,odroid2,odroid2,odroid2
763,odroid2,odroid2,odroid2,odroid2,odroid2,odroid2,odroid2,odroid2,odroid2
764,odroid2,odroid2,odroid2,odroid2,odroid2,odroid2,odroid2,odroid2,odroid2
765,odroid2,odroid2,odroid2,odroid2,odroid2,odroid2,odroid2,odroid2,odroid2
766,odroid2,odroid2,odroid2,odroid2,odroid2,odroid2,odroid2,odroid2,odroid2
767,odroid2,odroid2,odroid2,odroid2,odroid2,odroid2,odroid2,odroid2,odroid2
768,odroid2,odroid2,odroid2,odroid2,odroid2,odroid2,odroid2,odroid2,odroid2
769,odroid2,odroid2,odroid2,odroid2,odroid2,odroid2,odroid2,odroid2,odroid2
770,odroid2,odroid2,odroid2,odroid2,odroid2,odroid2,odroid2,odroid2,odroid2
771,odroid2,odroid2,odroid2,odroid2,odroid2,odroid2,odroid2,odroid2,odroid2
772,odroid2,odroid2,odroid2,odroid2,odroid2,odroid2,odroid2,odroid2,odroid2
773,odroid2,odroid2,odroid2,odroid2,odroid2,odroid2,odroid2,odroid2,odroid2
774,odroid2,odroid2,odroid2,odroid2,odroid2,odroid2,odroid2,odroid2,odroid2
775,odroid2,odroid2,odroid2,odroid2,odroid2,odroid2,odroid2,odroid2,odroid2
776,odroid2,odroid2,odroid2,odroid2,odroid2,odroid2,odroid2,odroid2,odroid2
777,odroid2,odroid2,odroid2,odroid2,odroid2,odroid2,odroid2,odroid2,odroid2
778,odroid2,odroid2,odroid2,odroid2,odroid2,odroid2,odroid2,odroid2,odroid2
779,odroid2,odroid2,odroid2,odroid2,odroid2,odroid2,odroid2,odroid2,odroid2
780,odroid2,odroid2,odroid2,odroid2,odroid2,odroid2,odroid2,odroid2,odroid2
781,odroid2,odroid2,odroid2,odroid2,odroid2,odroid2,odroid2,odroid2,odroid2
782,odroid2,odroid2,odroid2,odroid2,odroid2,odroid2,odroid2,odroid2,odroid2
783,odroid2,odroid2,odroid2,odroid2,odroid2,odroid2,odroid2,odroid2,odroid2
784,odroid2,odroid2,odroid2,odroid2,odroid2,odroid2,odroid2,odroid2,odroid2
785,odroid2,odroid2,odroid2,odroid2,odroid2,odroid2,odroid2,odroid2,odroid2
786,odroid2,odroid2,odroid2,odroid2,odroid2,odroid2,odroid2,odroid2,odroid2
787,odroid2,odroid2,odroid2,odroid2,odroid2,odroid2,odroid2,odroid2,odroid2
788,odroid2,odroid2,odroid2,odroid2,odroid2,odroid2,odroid2,odroid2,odroid2
789,odroid2,odroid2,odroid2,odroid2,odroid2,odroid2,odroid2,odroid2,odroid2
790,odroid2,odroid2,odroid2,odroid2,odroid2,odroid2,odroid2,odroid2,odroid2
791,odroid2,odroid2,odroid2,odroid2,odroid2,odroid2,odroid2,odroid2,odroid2
792,odroid2,odroid2,odroid2,odroid2,odroid2,odroid3,odroid2,odroid2,odroid2
793,odroid2,odroid2,odroid2,odroid2,odroid2,odroid2,odroid2,odroid2,odroid2
794,odroid2,odroid2,odroid2,odroid2,odroid2,odroid2,odroid2,odroid2,odroid2
795,odroid2,odroid2,odroid2,odroid2,odroid2,odroid2,odroid2,odroid2,odroid2
796,odroid2,odroid2,odroid2,odroid2,odroid2,odroid2,odroid2,odroid2,odroid2
797,odroid2,odroid2,odroid2,odroid2,odroid2,odroid2,odroid2,odroid2,odroid2
798,odroid2,odroid2,odroid2,odroid2,odroid2,odroid2,odroid2,odroid2,odroid2
799,odroid2,odroid2,odroid2,odroid2,odroid2,odroid2,odroid2,odroid2,odroid2
800,odroid2,odroid2,odroid2,odroid2,odroid2,odroid2,odroid2,odroid2,odroid2
801,odroid2,odroid2,odroid2,odroid2,odroid2,odroid2,odroid2,odroid2,odroid2
802,odroid2,odroid2,odroid2,odroid2,odroid2,odroid2,odroid2,odroid2,odroid2
803,odroid2,odroid2,odroid2,odroid2,odroid2,odroid2,odroid2,odroid2,odroid2
804,odroid2,odroid2,odroid2,odroid2,odroid2,odroid2,odroid2,odroid2,odroid2
805,odroid2,odroid2,odroid2,odroid2,odroid2,odroid2,odroid2,odroid2,odroid2
806,odroid2,odroid2,odroid2,odroid2,odroid2,odroid2,odroid2,odroid2,odroid2
807,odroid2,odroid2,odroid2,odroid2,odroid2,odroid2,odroid2,odroid2,odroid2
808,odroid2,odroid2,odroid2,odroid2,odroid2,odroid2,odroid2,odroid2,odroid2
809,odroid2,odroid2,odroid2,odroid2,odroid2,odroid2,odroid2,odroid2,odroid2
810,odroid2,odroid2,odroid2,odroid2,odroid2,odroid2,odroid2,odroid2,odroid2
811,odroid2,odroid2,odroid2,odroid2,odroid2,odroid2,odroid2,odroid2,odroid2
812,odroid2,odroid2,odroid2,odroid2,odroid2,odroid2,odroid2,odroid2,odroid2
813,odroid2,odroid2,odroid2,odroid2,odroid2,odroid2,odroid2,odroid2,odroid2
814,odroid2,odroid2,odroid2,odroid2,odroid2,odroid2,odroid2,odroid2,odroid2
815,odroid2,odroid2,odroid2,odroid2,odroid2,odroid2,odroid2,odroid2,odroid2
816,odroid2,odroid2,odroid2,odroid2,odroid2,odroid2,odroid2,odroid2,odroid2
817,odroid2,odroid2,odroid2,odroid2,odroid2,odroid2,odroid2,odroid2,odroid2
818,odroid2,odroid2,odroid2,odroid2,odroid2,odroid2,odroid2,odroid2,odroid2
819,odroid2,odroid2,odroid2,odroid2,odroid2,odroid2,odroid2,odroid2,odroid2
820,odroid2,odroid2,odroid2,odroid2,odroid2,odroid2,odroid2,odroid2,odroid2
821,odroid2,odroid2,odroid2,odroid2,odroid2,odroid2,odroid2,odroid2,odroid2
822,odroid2,odroid2,odroid2,odroid2,odroid2,odroid2,odroid2,odroid2,odroid2
823,odroid2,odroid2,odroid2,odroid2,odroid2,odroid2,odroid2,odroid2,odroid2
824,odroid2,odroid2,odroid2,odroid2,odroid2,odroid2,odroid2,odroid2,odroid2
825,odroid2,odroid2,odroid2,odroid2,odroid2,odroid2,odroid2,odroid2,odroid2
826,odroid2,odroid2,odroid2,odroid2,odroid2,odroid2,odroid2,odroid2,odroid2
827,odroid2,odroid2,odroid2,odroid2,odroid2,odroid2,odroid2,odroid2,odroid2
828,odroid2,odroid2,odroid2,odroid2,odroid2,odroid2,odroid2,odroid2,odroid2
829,odroid2,odroid2,odroid2,odroid2,odroid2,odroid2,odroid2,odroid2,odroid2
830,odroid2,odroid2,odroid2,odroid2,odroid2,odroid2,odroid2,odroid2,odroid2
831,odroid2,odroid2,odroid2,odroid2,odroid2,odroid2,odroid2,odroid2,odroid2
832,odroid2,odroid2,odroid2,odroid2,odroid2,odroid2,odroid2,odroid2,odroid2
833,odroid2,odroid2,odroid2,odroid2,odroid2,odroid2,odroid2,odroid2,odroid2
834,odroid2,odroid2,odroid2,odroid2,odroid2,odroid2,odroid2,odroid2,odroid2
835,odroid2,odroid2,odroid2,odroid2,odroid2,odroid2,odroid2,odroid2,odroid2
836,odroid2,odroid2,odroid2,odroid2,odroid2,odroid2,odroid2,odroid2,odroid2
837,odroid2,odroid2,odroid2,odroid2,odroid2,odroid2,odroid2,odroid2,odroid2
838,odroid2,odroid2,odroid2,odroid2,odroid2,odroid2,odroid2,odroid2,odroid2
839,odroid2,odroid2,odroid2,odroid2,odroid2,odroid2,odroid2,odroid2,odroid2
840,odroid2,odroid2,odroid2,odroid2,odroid2,odroid2,odroid2,odroid2,odroid2
841,odroid2,odroid2,odroid2,odroid2,odroid2,odroid2,odroid2,odroid2,odroid2
842,odroid2,odroid2,odroid2,odroid2,odroid2,odroid2,odroid2,odroid2,odroid2
843,odroid2,odroid2,odroid2,odroid2,odroid2,odroid2,odroid2,odroid2,odroid2
844,odroid2,odroid2,odroid2,odroid2,odroid2,odroid2,odroid2,odroid2,odroid2
845,odroid2,odroid2,odroid2,odroid2,odroid2,odroid2,odroid2,odroid2,odroid2
846,odroid2,odroid2,odroid2,odroid2,odroid2,odroid2,odroid2,odroid2,odroid2
847,odroid2,odroid2,odroid2,odroid2,odroid2,odroid2,odroid2,odroid2,odroid2
848,odroid2,odroid2,odroid2,odroid2,odroid2,odroid2,odroid2,odroid2,odroid2
849,odroid2,odroid2,odroid2,odroid2,odroid2,odroid2,odroid2,odroid2,odroid2
850,odroid2,odroid2,odroid2,odroid2,odroid2,odroid2,odroid3,odroid2,odroid2
851,odroid2,odroid2,odroid2,odroid2,odroid2,odroid2,odroid2,odroid2,odroid2
852,odroid2,odroid2,odroid2,odroid2,odroid2,odroid2,odroid2,odroid3,odroid2
853,odroid2,odroid2,odroid2,odroid2,odroid2,odroid2,odroid2,odroid2,odroid2
854,odroid2,odroid2,odroid2,odroid2,odroid2,odroid2,odroid2,odroid2,odroid2
855,odroid2,odroid2,odroid2,odroid2,odroid2,odroid2,odroid2,odroid2,odroid2
856,odroid2,odroid2,odroid2,odroid2,odroid2,odroid2,odroid2,odroid2,odroid2
857,odroid2,odroid2,odroid2,odroid2,odroid2,odroid2,odroid2,odroid2,odroid2
858,odroid2,odroid2,odroid2,odroid2,odroid2,odroid2,odroid2,odroid2,odroid2
859,odroid2,odroid2,odroid2,odroid2,odroid2,odroid2,odroid2,odroid2,odroid2
860,odroid2,odroid2,odroid2,odroid2,odroid2,odroid2,odroid2,odroid2,odroid2
861,odroid2,odroid2,odroid2,odroid2,odroid2,odroid2,odroid2,odroid2,odroid2
862,odroid2,odroid2,odroid2,odroid2,odroid2,odroid2,odroid4,odroid2,odroid2
863,odroid2,odroid2,odroid2,odroid2,odroid2,odroid2,odroid2,odroid2,odroid2
864,odroid2,odroid2,odroid2,odroid2,odroid2,odroid2,odroid2,odroid2,odroid2
865,odroid2,odroid2,odroid2,odroid2,odroid2,odroid2,odroid2,odroid2,odroid2
866,odroid2,odroid2,odroid2,odroid2,odroid2,odroid2,odroid2,odroid2,odroid2
867,odroid2,odroid2,odroid2,odroid2,odroid2,odroid2,odroid2,odroid2,odroid2
868,odroid2,odroid2,odroid2,odroid2,odroid2,odroid2,odroid2,odroid2,odroid2
869,odroid2,odroid2,odroid2,odroid2,odroid2,odroid2,odroid2,odroid2,odroid2
870,odroid2,odroid2,odroid2,odroid2,odroid2,odroid2,odroid2,odroid1,odroid2
871,odroid2,odroid2,odroid2,odroid2,odroid2,odroid2,odroid2,odroid2,odroid2
872,odroid2,odroid2,odroid2,odroid2,odroid2,odroid2,odroid2,odroid2,odroid2
873,odroid2,odroid2,odroid2,odroid2,odroid2,odroid2,odroid3,odroid2,odroid2
874,odroid2,odroid2,odroid2,odroid2,odroid2,odroid2,odroid2,odroid2,odroid2
875,odroid2,odroid2,odroid2,odroid2,odroid2,odroid2,odroid2,odroid2,odroid2
876,odroid2,odroid2,odroid2,odroid1,odroid2,odroid2,odroid2,odroid2,odroid2
877,odroid2,odroid2,odroid2,odroid2,odroid2,odroid2,odroid2,odroid2,odroid2
878,odroid2,odroid2,odroid2,odroid2,odroid2,odroid2,odroid2,odroid2,odroid2
879,odroid2,odroid2,odroid2,odroid2,odroid2,odroid2,odroid2,odroid2,odroid2
880,odroid2,odroid2,odroid2,odroid2,odroid2,odroid2,odroid2,odroid2,odroid2
881,odroid2,odroid2,odroid2,odroid2,odroid2,odroid2,odroid2,odroid2,odroid2
882,odroid2,odroid2,odroid2,odroid2,odroid2,odroid2,odroid2,odroid2,odroid2
883,odroid2,odroid2,odroid2,odroid2,odroid2,odroid2,odroid2,odroid2,odroid2
884,odroid2,odroid2,odroid2,odroid2,odroid2,odroid2,odroid2,odroid2,odroid2
885,odroid2,odroid2,odroid2,odroid2,odroid2,odroid2,odroid2,odroid2,odroid2
886,odroid2,odroid2,odroid2,odroid2,odroid2,odroid2,odroid2,odroid2,odroid2
887,odroid2,odroid2,odroid2,odroid2,odroid2,odroid2,odroid2,odroid2,odroid2
888,odroid2,odroid2,odroid2,odroid2,odroid2,odroid2,odroid2,odroid2,odroid2
889,odroid2,odroid2,odroid2,odroid2,odroid2,odroid2,odroid2,odroid2,odroid2
890,odroid2,odroid2,odroid2,odroid2,odroid2,odroid2,odroid2,odroid2,odroid2
891,odroid2,odroid2,odroid2,odroid2,odroid1,odroid2,odroid2,odroid2,odroid2
892,odroid2,odroid2,odroid2,odroid2,odroid2,odroid2,odroid2,odroid2,odroid2
893,odroid2,odroid2,odroid2,odroid2,odroid2,odroid2,odroid2,odroid2,odroid2
894,odroid2,odroid2,odroid2,odroid2,odroid2,odroid2,odroid2,odroid2,odroid2
895,odroid2,odroid2,odroid2,odroid2,odroid2,odroid2,odroid2,odroid2,odroid2
896,odroid2,odroid2,odroid2,odroid2,odroid2,odroid2,odroid2,odroid2,odroid2
897,odroid2,odroid2,odroid2,odroid2,odroid2,odroid2,odroid2,odroid2,odroid2
898,odroid2,odroid2,odroid2,odroid2,odroid2,odroid2,odroid2,odroid2,odroid2
899,odroid2,odroid2,odroid2,odroid2,odroid2,odroid2,odroid2,odroid2,odroid2
900,odroid2,odroid2,odroid2,odroid2,odroid2,odroid2,odroid2,odroid2,odroid2
901,odroid2,odroid2,odroid2,odroid2,odroid2,odroid2,odroid2,odroid2,odroid2
902,odroid2,odroid2,odroid2,odroid2,odroid2,odroid2,odroid2,odroid2,odroid2
903,odroid2,odroid2,odroid2,odroid2,odroid2,odroid2,odroid2,odroid2,odroid2
904,odroid2,odroid2,odroid2,odroid2,odroid2,odroid2,odroid2,odroid2,odroid2
905,odroid2,odroid2,odroid2,odroid2,odroid2,odroid2,odroid2,odroid2,odroid2
906,odroid2,odroid2,odroid2,odroid2,odroid2,odroid2,odroid2,odroid2,odroid2
907,odroid2,odroid2,odroid2,odroid2,odroid1,odroid2,odroid2,odroid2,odroid2
908,odroid2,odroid2,odroid2,odroid2,odroid2,odroid2,odroid2,odroid2,odroid2
909,odroid2,odroid2,odroid2,odroid2,odroid2,odroid2,odroid2,odroid2,odroid2
910,odroid2,odroid2,odroid2,odroid2,odroid2,odroid2,odroid2,odroid2,odroid2
911,odroid2,odroid2,odroid2,odroid2,odroid2,odroid2,odroid2,odroid2,odroid2
912,odroid2,odroid2,odroid2,odroid2,odroid2,odroid2,odroid2,odroid2,odroid2
913,odroid2,odroid2,odroid2,odroid2,odroid2,odroid2,odroid2,odroid2,odroid2
914,odroid2,odroid2,odroid2,odroid2,odroid2,odroid2,odroid2,odroid2,odroid2
915,odroid2,odroid2,odroid2,odroid2,odroid2,odroid2,odroid2,odroid2,odroid2
916,odroid2,odroid2,odroid2,odroid2,odroid2,odroid2,odroid2,odroid2,odroid2
917,odroid2,odroid2,odroid2,odroid2,odroid2,odroid2,odroid2,odroid2,odroid2
918,odroid2,odroid2,odroid2,odroid2,odroid2,odroid2,odroid2,odroid2,odroid2
919,odroid2,odroid2,odroid2,odroid2,odroid2,odroid2,odroid2,odroid2,odroid2
920,odroid2,odroid2,odroid2,odroid2,odroid2,odroid2,odroid2,odroid2,odroid2
921,odroid2,odroid2,odroid2,odroid2,odroid2,odroid2,odroid2,odroid2,odroid2
922,odroid2,odroid2,odroid2,odroid2,odroid2,odroid2,odroid2,odroid2,odroid2
923,odroid2,odroid2,odroid2,odroid2,odroid2,odroid2,odroid2,odroid2,odroid2
924,odroid2,odroid2,odroid2,odroid2,odroid2,odroid2,odroid2,odroid3,odroid2
925,odroid2,odroid2,odroid2,odroid2,odroid2,odroid2,odroid2,odroid2,odroid2
926,odroid2,odroid2,odroid2,odroid2,odroid2,odroid2,odroid2,odroid2,odroid2
927,odroid2,odroid2,odroid2,odroid2,odroid2,odroid2,odroid2,odroid2,odroid2
928,odroid2,odroid2,odroid2,odroid2,odroid2,odroid2,odroid2,odroid2,odroid2
929,odroid2,odroid2,odroid2,odroid2,odroid2,odroid2,odroid2,odroid2,odroid2
930,odroid2,odroid2,odroid2,odroid2,odroid2,odroid2,odroid2,odroid2,odroid2
931,odroid2,odroid2,odroid2,odroid2,odroid2,odroid2,odroid2,odroid2,odroid2
932,odroid2,odroid2,odroid2,odroid2,odroid2,odroid2,odroid2,odroid2,odroid2
933,odroid2,odroid2,odroid2,odroid2,odroid2,odroid2,odroid2,odroid2,odroid2
934,odroid2,odroid2,odroid2,odroid2,odroid2,odroid2,odroid2,odroid2,odroid2
935,odroid2,odroid2,odroid3,odroid2,odroid2,odroid2,odroid2,odroid2,odroid2
936,odroid2,odroid2,odroid2,odroid2,odroid2,odroid2,odroid2,odroid2,odroid2
937,odroid2,odroid2,odroid2,odroid2,odroid2,odroid2,odroid2,odroid2,odroid2
938,odroid2,odroid2,odroid2,odroid2,odroid2,odroid2,odroid2,odroid2,odroid2
939,odroid2,odroid2,odroid2,odroid2,odroid2,odroid2,odroid2,odroid2,odroid2
940,odroid2,odroid2,odroid2,odroid2,odroid2,odroid2,odroid2,odroid2,odroid2
941,odroid2,odroid2,odroid2,odroid2,odroid2,odroid2,odroid2,odroid2,odroid2
942,odroid2,odroid2,odroid2,odroid2,odroid2,odroid2,odroid2,odroid2,odroid2
943,odroid2,odroid1,odroid2,odroid2,odroid2,odroid2,odroid2,odroid2,odroid2
944,odroid2,odroid2,odroid2,odroid2,odroid2,odroid2,odroid2,odroid2,odroid2
945,odroid2,odroid2,odroid2,odroid2,odroid2,odroid2,odroid2,odroid2,odroid2
946,odroid2,odroid2,odroid2,odroid2,odroid2,odroid2,odroid2,odroid2,odroid2
947,odroid2,odroid2,odroid2,odroid2,odroid2,odroid2,odroid2,odroid2,odroid2
948,odroid2,odroid2,odroid2,odroid2,odroid2,odroid2,odroid2,odroid2,odroid2
949,odroid2,odroid2,odroid2,odroid2,odroid2,odroid2,odroid2,odroid2,odroid2
950,odroid2,odroid2,odroid2,odroid2,odroid2,odroid2,odroid2,odroid2,odroid2
951,odroid2,odroid2,odroid2,odroid2,odroid2,odroid2,odroid2,odroid2,odroid2
952,odroid2,odroid2,odroid2,odroid2,odroid2,odroid2,odroid2,odroid2,odroid2
953,odroid2,odroid2,odroid2,odroid2,odroid2,odroid2,odroid2,odroid2,odroid2
954,odroid2,odroid2,odroid2,odroid2,odroid2,odroid2,odroid2,odroid2,odroid2
955,odroid2,odroid2,odroid2,odroid2,odroid2,odroid2,odroid2,odroid2,odroid2
956,odroid2,odroid2,odroid2,odroid2,odroid2,odroid2,odroid2,odroid2,odroid2
957,odroid2,odroid2,odroid2,odroid2,odroid2,odroid2,odroid3,odroid2,odroid2
958,odroid2,odroid2,odroid2,odroid2,odroid2,odroid2,odroid2,odroid2,odroid2
959,odroid2,odroid2,odroid2,odroid2,odroid2,odroid2,odroid2,odroid2,odroid2
960,odroid2,odroid2,odroid2,odroid2,odroid2,odroid2,odroid2,odroid2,odroid2
961,odroid2,odroid2,odroid2,odroid2,odroid2,odroid2,odroid2,odroid2,odroid2
962,odroid2,odroid2,odroid2,odroid2,odroid2,odroid2,odroid2,odroid2,odroid2
963,odroid2,odroid2,odroid2,odroid2,odroid2,odroid2,odroid2,odroid2,odroid2
964,odroid2,odroid2,odroid2,odroid2,odroid2,odroid2,odroid2,odroid2,odroid2
965,odroid2,odroid2,odroid2,odroid2,odroid2,odroid2,odroid2,odroid2,odroid2
966,odroid2,odroid2,odroid2,odroid2,odroid2,odroid2,odroid2,odroid2,odroid2
967,odroid2,odroid2,odroid2,odroid2,odroid2,odroid2,odroid2,odroid2,odroid2
968,odroid1,odroid1,odroid1,odroid1,odroid1,odroid1,odroid1,odroid1,odroid1
969,odroid1,odroid1,odroid1,odroid1,odroid1,odroid1,odroid1,odroid1,odroid1
970,odroid1,odroid1,odroid1,odroid1,odroid1,odroid1,odroid1,odroid1,odroid1
971,odroid1,odroid1,odroid1,odroid1,odroid1,odroid1,odroid1,odroid1,odroid1
972,odroid1,odroid1,odroid1,odroid1,odroid1,odroid1,odroid1,odroid1,odroid1
973,odroid1,odroid1,odroid1,odroid1,odroid1,odroid3,odroid1,odroid1,odroid1
974,odroid1,odroid1,odroid1,odroid1,odroid1,odroid1,odroid1,odroid1,odroid1
975,odroid1,odroid1,odroid1,odroid1,odroid1,odroid1,odroid1,odroid1,odroid1
976,odroid1,odroid1,odroid1,odroid1,odroid1,odroid1,odroid1,odroid1,odroid1
977,odroid1,odroid1,odroid1,odroid1,odroid1,odroid1,odroid1,odroid1,odroid1
978,odroid1,odroid1,odroid1,odroid1,odroid1,odroid1,odroid1,odroid1,odroid1
979,odroid1,odroid1,odroid1,odroid1,odroid1,odroid1,odroid1,odroid1,odroid1
980,odroid1,odroid1,odroid1,odroid1,odroid1,odroid1,odroid1,odroid1,odroid1
981,odroid1,odroid1,odroid1,odroid1,odroid1,odroid1,odroid1,odroid1,odroid1
982,odroid1,odroid1,odroid1,odroid1,odroid1,odroid1,odroid1,odroid1,odroid1
983,odroid1,odroid1,odroid1,odroid1,odroid1,odroid1,odroid1,odroid1,odroid1
984,odroid1,odroid1,odroid1,odroid1,odroid1,odroid1,odroid1,odroid1,odroid1
985,odroid1,odroid1,odroid1,odroid1,odroid1,odroid1,odroid1,odroid1,odroid1
986,odroid1,odroid1,odroid1,odroid1,odroid1,odroid1,odroid1,odroid1,odroid1
987,odroid1,odroid1,odroid1,odroid1,odroid1,odroid1,odroid1,odroid1,odroid1
988,odroid1,odroid1,odroid1,odroid1,odroid1,odroid1,odroid1,odroid1,odroid1
989,odroid1,odroid1,odroid1,odroid1,odroid1,odroid1,odroid1,odroid1,odroid1
990,odroid1,odroid1,odroid1,odroid1,odroid1,odroid1,odroid1,odroid1,odroid1
991,odroid1,odroid1,odroid1,odroid1,odroid1,odroid1,odroid1,odroid1,odroid1
992,odroid1,odroid1,odroid1,odroid1,odroid1,odroid1,odroid1,odroid1,odroid1
993,odroid1,odroid1,odroid1,odroid1,odroid1,odroid1,odroid1,odroid1,odroid1
994,odroid1,odroid1,odroid1,odroid1,odroid1,odroid1,odroid1,odroid1,odroid1
995,odroid1,odroid1,odroid1,odroid1,odroid1,odroid1,odroid1,odroid1,odroid1
996,odroid1,odroid1,odroid1,odroid1,odroid1,odroid1,odroid1,odroid1,odroid1
997,odroid1,odroid1,odroid1,odroid1,odroid1,odroid1,odroid1,odroid1,odroid1
998,odroid1,odroid1,odroid1,odroid1,odroid1,odroid1,odroid1,odroid1,odroid1
999,odroid1,odroid1,odroid1,odroid1,odroid1,odroid1,odroid1,odroid1,odroid1
1000,odroid1,odroid1,odroid1,odroid1,odroid1,odroid1,odroid1,odroid1,odroid1
1001,odroid1,odroid1,odroid1,odroid1,odroid1,odroid1,odroid1,odroid1,odroid1
1002,odroid1,odroid1,odroid1,odroid1,odroid1,odroid1,odroid1,odroid1,odroid1
1003,odroid1,odroid1,odroid1,odroid1,odroid3,odroid1,odroid1,odroid1,odroid1
1004,odroid1,odroid1,odroid1,odroid1,odroid1,odroid1,odroid1,odroid1,odroid1
1005,odroid1,odroid1,odroid1,odroid1,odroid1,odroid1,odroid1,odroid1,odroid1
1006,odroid1,odroid1,odroid1,odroid1,odroid1,odroid1,odroid1,odroid1,odroid1
1007,odroid1,odroid1,odroid1,odroid1,odroid1,odroid1,odroid1,odroid1,odroid1
1008,odroid1,odroid1,odroid1,odroid1,odroid1,odroid1,odroid1,odroid1,odroid1
1009,odroid1,odroid1,odroid1,odroid1,odroid1,odroid1,odroid1,odroid1,odroid1
1010,odroid1,odroid1,odroid1,odroid1,odroid1,odroid1,odroid1,odroid1,odroid1
1011,odroid1,odroid1,odroid1,odroid1,odroid1,odroid1,odroid1,odroid1,odroid1
1012,odroid1,odroid1,odroid1,odroid1,odroid1,odroid1,odroid1,odroid1,odroid1
1013,odroid1,odroid1,odroid1,odroid1,odroid1,odroid1,odroid1,odroid1,odroid1
1014,odroid1,odroid1,odroid1,odroid1,odroid1,odroid1,odroid1,odroid1,odroid1
1015,odroid1,odroid1,odroid1,odroid1,odroid1,odroid1,odroid1,odroid1,odroid1
1016,odroid1,odroid1,odroid1,odroid1,odroid1,odroid1,odroid1,odroid1,odroid1
1017,odroid1,odroid1,odroid1,odroid1,odroid1,odroid1,odroid1,odroid1,odroid1
1018,odroid1,odroid1,odroid1,odroid1,odroid1,odroid1,odroid1,odroid1,odroid1
1019,odroid1,odroid1,odroid1,odroid1,odroid1,odroid1,odroid1,odroid1,odroid1
1020,odroid1,odroid1,odroid1,odroid1,odroid1,odroid1,odroid1,odroid1,odroid1
1021,odroid1,odroid1,odroid1,odroid1,odroid1,odroid1,odroid1,odroid1,odroid1
1022,odroid1,odroid1,odroid1,odroid1,odroid1,odroid1,odroid1,odroid1,odroid1
1023,odroid1,odroid1,odroid1,odroid1,odroid1,odroid1,odroid1,odroid1,odroid1
1024,odroid1,odroid1,odroid1,odroid1,odroid1,odroid1,odroid1,odroid1,odroid1
1025,odroid1,odroid1,odroid1,odroid1,odroid1,odroid1,odroid1,odroid1,odroid1
1026,odroid1,odroid1,odroid1,odroid1,odroid1,odroid1,odroid1,odroid1,odroid1
1027,odroid1,odroid1,odroid1,odroid1,odroid1,odroid1,odroid1,odroid1,odroid1
1028,odroid1,odroid1,odroid1,odroid1,odroid1,odroid1,odroid1,odroid1,odroid1
1029,odroid1,odroid1,odroid1,odroid1,odroid1,odroid1,odroid1,odroid1,odroid1
1030,odroid1,odroid1,odroid1,odroid1,odroid1,odroid1,odroid1,odroid1,odroid1
1031,odroid1,odroid1,odroid1,odroid1,odroid1,odroid1,odroid1,odroid1,odroid1
1032,odroid1,odroid1,odroid1,odroid1,odroid1,odroid1,odroid1,odroid1,odroid1
1033,odroid1,odroid1,odroid1,odroid1,odroid1,odroid1,odroid1,odroid1,odroid1
1034,odroid1,odroid1,odroid1,odroid1,odroid1,odroid1,odroid1,odroid1,odroid1
1035,odroid1,odroid3,odroid1,odroid1,odroid1,odroid1,odroid1,odroid1,odroid1
1036,odroid1,odroid1,odroid1,odroid3,odroid1,odroid1,odroid1,odroid1,odroid1
1037,odroid1,odroid1,odroid1,odroid1,odroid1,odroid1,odroid1,odroid1,odroid1
1038,odroid1,odroid1,odroid1,odroid1,odroid1,odroid1,odroid1,odroid1,odroid1
1039,odroid1,odroid1,odroid1,odroid1,odroid1,odroid1,odroid1,odroid1,odroid1
1040,odroid1,odroid1,odroid3,odroid1,odroid1,odroid1,odroid1,odroid1,odroid1
1041,odroid1,odroid1,odroid3,odroid1,odroid1,odroid1,odroid1,odroid1,odroid1
1042,odroid1,odroid1,odroid1,odroid1,odroid1,odroid1,odroid1,odroid1,odroid1
1043,odroid1,odroid1,odroid1,odroid1,odroid1,odroid1,odroid1,odroid1,odroid1
1044,odroid1,odroid1,odroid1,odroid1,odroid1,odroid1,odroid1,odroid1,odroid1
1045,odroid1,odroid1,odroid1,odroid1,odroid1,odroid1,odroid1,odroid1,odroid1
1046,odroid1,odroid1,odroid1,odroid1,odroid1,odroid1,odroid1,odroid1,odroid1
1047,odroid1,odroid1,odroid1,odroid1,odroid1,odroid1,odroid1,odroid1,odroid1
1048,odroid1,odroid1,odroid1,odroid1,odroid1,odroid1,odroid1,odroid1,odroid3
1049,odroid1,odroid1,odroid1,odroid1,odroid1,odroid1,odroid1,odroid1,odroid1
1050,odroid1,odroid1,odroid1,odroid1,odroid1,odroid1,odroid1,odroid1,odroid1
1051,odroid1,odroid1,odroid1,odroid1,odroid1,odroid1,odroid1,odroid1,odroid1
1052,odroid1,odroid1,odroid3,odroid1,odroid1,odroid1,odroid1,odroid1,odroid1
1053,odroid1,odroid1,odroid1,odroid1,odroid1,odroid1,odroid1,odroid1,odroid3
1054,odroid1,odroid1,odroid1,odroid1,odroid1,odroid1,odroid1,odroid1,odroid1
1055,odroid1,odroid1,odroid1,odroid1,odroid1,odroid1,odroid1,odroid3,odroid1
1056,odroid1,odroid1,odroid1,odroid1,odroid3,odroid1,odroid1,odroid1,odroid1
1057,odroid1,odroid1,odroid1,odroid1,odroid1,odroid1,odroid1,odroid1,odroid1
1058,odroid1,odroid1,odroid1,odroid1,odroid1,odroid1,odroid1,odroid1,odroid1
1059,odroid1,odroid1,odroid1,odroid1,odroid1,odroid1,odroid1,odroid1,odroid1
1060,odroid1,odroid1,odroid1,odroid1,odroid1,odroid1,odroid1,odroid1,odroid1
1061,odroid1,odroid1,odroid1,odroid1,odroid1,odroid1,odroid1,odroid1,odroid1
1062,odroid1,odroid1,odroid1,odroid1,odroid1,odroid1,odroid1,odroid1,odroid1
1063,odroid1,odroid1,odroid1,odroid1,odroid1,odroid1,odroid1,odroid1,odroid1
1064,odroid1,odroid1,odroid1,odroid1,odroid1,odroid1,odroid1,odroid1,odroid1
1065,odroid1,odroid1,odroid1,odroid1,odroid1,odroid1,odroid1,odroid1,odroid1
1066,odroid1,odroid1,odroid1,odroid1,odroid1,odroid1,odroid1,odroid1,odroid1
1067,odroid1,odroid1,odroid1,odroid1,odroid1,odroid1,odroid1,odroid1,odroid1
1068,odroid1,odroid1,odroid1,odroid1,odroid1,odroid1,odroid1,odroid1,odroid1
1069,odroid1,odroid1,odroid1,odroid1,odroid1,odroid1,odroid1,odroid1,odroid1
1070,odroid1,odroid1,odroid1,odroid1,odroid1,odroid1,odroid1,odroid1,odroid1
1071,odroid1,odroid1,odroid1,odroid3,odroid1,odroid1,odroid1,odroid1,odroid1
1072,odroid1,odroid1,odroid1,odroid1,odroid1,odroid1,odroid1,odroid1,odroid1
1073,odroid1,odroid1,odroid1,odroid1,odroid1,odroid1,odroid1,odroid1,odroid1
1074,odroid1,odroid1,odroid1,odroid1,odroid1,odroid1,odroid1,odroid1,odroid1
1075,odroid1,odroid1,odroid1,odroid1,odroid1,odroid1,odroid1,odroid1,odroid1
1076,odroid1,odroid1,odroid1,odroid1,odroid1,odroid1,odroid1,odroid1,odroid1
1077,odroid1,odroid1,odroid1,odroid1,odroid1,odroid1,odroid1,odroid1,odroid1
1078,odroid1,odroid1,odroid1,odroid1,odroid1,odroid1,odroid1,odroid1,odroid1
1079,odroid1,odroid1,odroid1,odroid1,odroid1,odroid3,odroid3,odroid1,odroid1
1080,odroid1,odroid1,odroid1,odroid1,odroid1,odroid1,odroid1,odroid1,odroid1
1081,odroid1,odroid1,odroid1,odroid1,odroid1,odroid1,odroid1,odroid1,odroid1
1082,odroid1,odroid1,odroid1,odroid1,odroid1,odroid1,odroid1,odroid1,odroid1
1083,odroid1,odroid1,odroid1,odroid1,odroid1,odroid1,odroid1,odroid1,odroid1
1084,odroid1,odroid1,odroid1,odroid1,odroid1,odroid1,odroid1,odroid1,odroid1
1085,odroid1,odroid1,odroid1,odroid1,odroid1,odroid1,odroid1,odroid1,odroid1
1086,odroid1,odroid1,odroid1,odroid1,odroid1,odroid1,odroid1,odroid1,odroid1
1087,odroid1,odroid1,odroid1,odroid1,odroid1,odroid1,odroid1,odroid1,odroid1
1088,odroid1,odroid1,odroid1,odroid1,odroid1,odroid1,odroid1,odroid1,odroid1
1089,odroid1,odroid1,odroid1,odroid1,odroid1,odroid1,odroid1,odroid1,odroid3
1090,odroid1,odroid1,odroid1,odroid1,odroid1,odroid1,odroid1,odroid1,odroid1
1091,odroid1,odroid1,odroid1,odroid1,odroid1,odroid1,odroid1,odroid1,odroid1
1092,odroid1,odroid1,odroid3,odroid1,odroid1,odroid1,odroid1,odroid1,odroid1
1093,odroid1,odroid1,odroid1,odroid1,odroid1,odroid1,odroid1,odroid1,odroid1
1094,odroid1,odroid1,odroid1,odroid1,odroid1,odroid1,odroid1,odroid1,odroid1
1095,odroid1,odroid1,odroid3,odroid1,odroid1,odroid1,odroid1,odroid1,odroid1
1096,odroid1,odroid1,odroid1,odroid1,odroid1,odroid3,odroid1,odroid1,odroid1
1097,odroid1,odroid1,odroid1,odroid1,odroid1,odroid1,odroid1,odroid1,odroid1
1098,odroid1,odroid1,odroid1,odroid1,odroid1,odroid1,odroid1,odroid1,odroid1
1099,odroid1,odroid1,odroid1,odroid1,odroid1,odroid1,odroid1,odroid1,odroid1
1100,odroid1,odroid1,odroid1,odroid1,odroid1,odroid1,odroid1,odroid1,odroid1
1101,odroid1,odroid1,odroid1,odroid1,odroid1,odroid1,odroid1,odroid1,odroid1
1102,odroid1,odroid1,odroid1,odroid1,odroid1,odroid1,odroid1,odroid1,odroid1
1103,odroid1,odroid1,odroid1,odroid1,odroid1,odroid1,odroid1,odroid1,odroid1
1104,odroid1,odroid1,odroid1,odroid1,odroid1,odroid1,odroid1,odroid1,odroid1
1105,odroid1,odroid1,odroid1,odroid1,odroid1,odroid1,odroid1,odroid1,odroid1
1106,odroid1,odroid1,odroid3,odroid1,odroid1,odroid1,odroid1,odroid1,odroid1
1107,odroid1,odroid1,odroid1,odroid3,odroid1,odroid1,odroid1,odroid1,odroid1
1108,odroid1,odroid1,odroid1,odroid1,odroid1,odroid1,odroid1,odroid1,odroid1
1109,odroid1,odroid1,odroid1,odroid3,odroid1,odroid1,odroid1,odroid1,odroid3
1110,odroid1,odroid1,odroid1,odroid1,odroid1,odroid1,odroid1,odroid1,odroid1
1111,odroid1,odroid1,odroid1,odroid1,odroid1,odroid1,odroid1,odroid1,odroid1
1112,odroid1,odroid1,odroid1,odroid1,odroid1,odroid1,odroid1,odroid1,odroid1
1113,odroid1,odroid1,odroid1,odroid1,odroid1,odroid1,odroid1,odroid1,odroid1
1114,odroid1,odroid1,odroid1,odroid1,odroid1,odroid1,odroid1,odroid1,odroid1
1115,odroid1,odroid1,odroid1,odroid1,odroid1,odroid1,odroid1,odroid1,odroid1
1116,odroid1,odroid1,odroid1,odroid1,odroid1,odroid1,odroid1,odroid1,odroid1
1117,odroid1,odroid1,odroid1,odroid1,odroid1,odroid1,odroid1,odroid1,odroid1
1118,odroid1,odroid1,odroid1,odroid1,odroid1,odroid1,odroid1,odroid1,odroid1
1119,odroid1,odroid1,odroid1,odroid1,odroid1,odroid1,odroid1,odroid1,odroid1
1120,odroid1,odroid1,odroid1,odroid1,odroid1,odroid1,odroid1,odroid1,odroid1
1121,odroid1,odroid1,odroid1,odroid1,odroid1,odroid1,odroid1,odroid1,odroid1
1122,odroid1,odroid1,odroid1,odroid1,odroid1,odroid1,odroid1,odroid1,odroid1
1123,odroid1,odroid1,odroid1,odroid1,odroid1,odroid1,odroid1,odroid1,odroid1
1124,odroid1,odroid1,odroid1,odroid1,odroid1,odroid1,odroid1,odroid1,odroid1
1125,odroid1,odroid1,odroid1,odroid1,odroid1,odroid1,odroid1,odroid1,odroid1
1126,odroid1,odroid1,odroid1,odroid1,odroid1,odroid1,odroid1,odroid1,odroid1
1127,odroid1,odroid1,odroid1,odroid1,odroid1,odroid1,odroid1,odroid1,odroid1
1128,odroid1,odroid1,odroid1,odroid1,odroid1,odroid1,odroid1,odroid1,odroid1
1129,odroid1,odroid1,odroid1,odroid1,odroid1,odroid1,odroid1,odroid1,odroid1
1130,odroid1,odroid1,odroid1,odroid1,odroid1,odroid1,odroid1,odroid1,odroid1
1131,odroid1,odroid1,odroid1,odroid1,odroid1,odroid1,odroid1,odroid1,odroid1
1132,odroid1,odroid1,odroid1,odroid1,odroid1,odroid1,odroid1,odroid1,odroid1
1133,odroid1,odroid1,odroid1,odroid1,odroid1,odroid1,odroid1,odroid1,odroid3
1134,odroid1,odroid1,odroid1,odroid1,odroid1,odroid1,odroid1,odroid3,odroid1
1135,odroid1,odroid1,odroid1,odroid1,odroid1,odroid1,odroid1,odroid1,odroid1
1136,odroid1,odroid1,odroid1,odroid1,odroid1,odroid1,odroid1,odroid1,odroid1
1137,odroid1,odroid1,odroid1,odroid1,odroid1,odroid1,odroid1,odroid1,odroid1
1138,odroid1,odroid1,odroid1,odroid1,odroid1,odroid1,odroid1,odroid1,odroid1
1139,odroid1,odroid3,odroid1,odroid1,odroid1,odroid1,odroid1,odroid1,odroid1
1140,odroid1,odroid1,odroid1,odroid1,odroid1,odroid1,odroid1,odroid1,odroid1
1141,odroid1,odroid1,odroid1,odroid1,odroid1,odroid1,odroid1,odroid1,odroid1
1142,odroid1,odroid1,odroid1,odroid1,odroid1,odroid1,odroid1,odroid1,odroid1
1143,odroid1,odroid1,odroid1,odroid1,odroid1,odroid1,odroid1,odroid1,odroid1
1144,odroid1,odroid1,odroid1,odroid1,odroid1,odroid1,odroid1,odroid1,odroid1
1145,odroid1,odroid1,odroid1,odroid1,odroid1,odroid1,odroid1,odroid1,odroid1
1146,odroid1,odroid1,odroid1,odroid1,odroid1,odroid1,odroid1,odroid1,odroid1
1147,odroid1,odroid1,odroid1,odroid1,odroid1,odroid1,odroid1,odroid1,odroid1
1148,odroid1,odroid1,odroid1,odroid1,odroid1,odroid1,odroid1,odroid1,odroid1
1149,odroid1,odroid1,odroid1,odroid1,odroid1,odroid1,odroid1,odroid1,odroid1
1150,odroid1,odroid1,odroid1,odroid1,odroid1,odroid1,odroid1,odroid1,odroid1
1151,odroid1,odroid1,odroid1,odroid3,odroid1,odroid1,odroid1,odroid3,odroid1
1152,odroid1,odroid1,odroid1,odroid1,odroid1,odroid1,odroid4,odroid1,odroid1
1153,odroid1,odroid1,odroid1,odroid1,odroid1,odroid1,odroid1,odroid1,odroid1
1154,odroid1,odroid1,odroid1,odroid1,odroid1,odroid1,odroid1,odroid1,odroid1
1155,odroid1,odroid1,odroid1,odroid1,odroid1,odroid1,odroid1,odroid1,odroid1
1156,odroid1,odroid1,odroid1,odroid1,odroid1,odroid1,odroid1,odroid1,odroid1
1157,odroid1,odroid1,odroid1,odroid1,odroid1,odroid1,odroid1,odroid1,odroid1
1158,odroid1,odroid1,odroid1,odroid1,odroid3,odroid1,odroid1,odroid1,odroid3
1159,odroid1,odroid1,odroid1,odroid1,odroid1,odroid1,odroid1,odroid1,odroid1
1160,odroid1,odroid1,odroid1,odroid1,odroid1,odroid1,odroid1,odroid1,odroid1
1161,odroid1,odroid1,odroid1,odroid1,odroid1,odroid1,odroid1,odroid1,odroid1
1162,odroid1,odroid1,odroid1,odroid1,odroid1,odroid1,odroid1,odroid1,odroid1
1163,odroid1,odroid1,odroid1,odroid1,odroid1,odroid1,odroid1,odroid1,odroid1
1164,odroid1,odroid1,odroid1,odroid1,odroid1,odroid1,odroid1,odroid1,odroid1
1165,odroid1,odroid1,odroid1,odroid1,odroid1,odroid1,odroid1,odroid1,odroid1
1166,odroid1,odroid1,odroid1,odroid1,odroid1,odroid1,odroid1,odroid1,odroid1
1167,odroid1,odroid1,odroid1,odroid1,odroid1,odroid1,odroid1,odroid1,odroid1
1168,odroid1,odroid1,odroid1,odroid1,odroid1,odroid1,odroid1,odroid1,odroid1
1169,odroid1,odroid1,odroid1,odroid1,odroid1,odroid1,odroid1,odroid1,odroid1
1170,odroid1,odroid1,odroid1,odroid1,odroid1,odroid1,odroid1,odroid1,odroid1
1171,odroid1,odroid1,odroid1,odroid3,odroid1,odroid1,odroid3,odroid1,odroid1
1172,odroid1,odroid1,odroid1,odroid1,odroid1,odroid1,odroid1,odroid1,odroid1
1173,odroid1,odroid1,odroid1,odroid1,odroid1,odroid1,odroid1,odroid1,odroid1
1174,odroid1,odroid1,odroid1,odroid1,odroid1,odroid1,odroid1,odroid1,odroid1
1175,odroid1,odroid1,odroid1,odroid1,odroid1,odroid1,odroid1,odroid1,odroid1
1176,odroid1,odroid1,odroid1,odroid1,odroid1,odroid1,odroid1,odroid1,odroid1
1177,odroid1,odroid1,odroid1,odroid1,odroid1,odroid1,odroid1,odroid1,odroid1
1178,odroid1,odroid1,odroid1,odroid1,odroid1,odroid1,odroid1,odroid1,odroid1
1179,odroid1,odroid1,odroid1,odroid1,odroid1,odroid1,odroid1,odroid1,odroid1
1180,odroid1,odroid1,odroid1,odroid1,odroid1,odroid1,odroid1,odroid1,odroid1
1181,odroid1,odroid1,odroid1,odroid1,odroid1,odroid1,odroid1,odroid1,odroid1
1182,odroid1,odroid1,odroid1,odroid1,odroid1,odroid1,odroid1,odroid1,odroid1
1183,odroid1,odroid1,odroid1,odroid1,odroid1,odroid1,odroid1,odroid1,odroid1
1184,odroid1,odroid1,odroid1,odroid1,odroid1,odroid1,odroid1,odroid1,odroid1
1185,odroid1,odroid1,odroid1,odroid1,odroid1,odroid1,odroid1,odroid1,odroid1
1186,odroid1,odroid1,odroid1,odroid1,odroid1,odroid3,odroid1,odroid1,odroid1
1187,odroid1,odroid1,odroid1,odroid1,odroid1,odroid1,odroid1,odroid1,odroid1
1188,odroid1,odroid1,odroid1,odroid1,odroid1,odroid1,odroid1,odroid1,odroid1
1189,odroid4,odroid4,odroid4,odroid4,odroid4,odroid4,odroid4,odroid4,odroid4
1190,odroid4,odroid4,odroid4,odroid4,odroid4,odroid4,odroid4,odroid4,odroid4
1191,odroid4,odroid4,odroid4,odroid4,odroid4,odroid4,odroid4,odroid4,odroid4
1192,odroid4,odroid4,odroid4,odroid4,odroid4,odroid4,odroid4,odroid4,odroid4
1193,odroid4,odroid4,odroid4,odroid4,odroid4,odroid4,odroid4,odroid4,odroid4
1194,odroid4,odroid4,odroid4,odroid4,odroid4,odroid4,odroid4,odroid4,odroid4
1195,odroid4,odroid4,odroid4,odroid4,odroid4,odroid4,odroid4,odroid4,odroid4
1196,odroid4,odroid4,odroid4,odroid4,odroid4,odroid4,odroid4,odroid4,odroid4
1197,odroid4,odroid4,odroid4,odroid4,odroid4,odroid4,odroid4,odroid4,odroid4
1198,odroid4,odroid4,odroid4,odroid4,odroid4,odroid4,odroid4,odroid4,odroid4
1199,odroid4,odroid4,odroid4,odroid4,odroid4,odroid4,odroid4,odroid4,odroid4
1200,odroid4,odroid4,odroid4,odroid4,odroid4,odroid4,odroid4,odroid4,odroid4
1201,odroid4,odroid4,odroid4,odroid4,odroid4,odroid4,odroid4,odroid4,odroid4
1202,odroid4,odroid4,odroid4,odroid4,odroid4,odroid4,odroid4,odroid4,odroid4
1203,odroid4,odroid4,odroid4,odroid4,odroid4,odroid4,odroid4,odroid4,odroid4
1204,odroid4,odroid4,odroid4,odroid4,odroid4,odroid4,odroid4,odroid4,odroid4
1205,odroid4,odroid4,odroid4,odroid4,odroid4,odroid4,odroid4,odroid4,odroid4
1206,odroid4,odroid4,odroid4,odroid4,odroid4,odroid4,odroid4,odroid4,odroid4
1207,odroid4,odroid4,odroid4,odroid4,odroid4,odroid4,odroid4,odroid4,odroid4
1208,odroid4,odroid4,odroid4,odroid4,odroid4,odroid4,odroid4,odroid4,odroid4
1209,odroid4,odroid4,odroid4,odroid4,odroid4,odroid4,odroid4,odroid4,odroid4
1210,odroid4,odroid4,odroid4,odroid4,odroid4,odroid4,odroid4,odroid4,odroid4
1211,odroid4,odroid4,odroid4,odroid4,odroid4,odroid4,odroid4,odroid4,odroid4
1212,odroid4,odroid4,odroid4,odroid4,odroid4,odroid4,odroid4,odroid4,odroid4
1213,odroid4,odroid4,odroid4,odroid4,odroid4,odroid4,odroid4,odroid4,odroid4
1214,odroid4,odroid4,odroid4,odroid4,odroid4,odroid4,odroid4,odroid4,odroid4
1215,odroid4,odroid4,odroid4,odroid4,odroid4,odroid4,odroid4,odroid4,odroid4
1216,odroid4,odroid4,odroid4,odroid4,odroid4,odroid4,odroid4,odroid4,odroid4
1217,odroid4,odroid4,odroid4,odroid4,odroid4,odroid4,odroid4,odroid4,odroid4
1218,odroid4,odroid4,odroid4,odroid4,odroid4,odroid4,odroid4,odroid4,odroid4
1219,odroid4,odroid4,odroid4,odroid4,odroid4,odroid4,odroid4,odroid4,odroid4
1220,odroid4,odroid4,odroid4,odroid4,odroid4,odroid4,odroid4,odroid4,odroid4
1221,odroid4,odroid4,odroid4,odroid4,odroid4,odroid4,odroid4,odroid4,odroid4
1222,odroid4,odroid4,odroid4,odroid4,odroid4,odroid4,odroid4,odroid4,odroid4
1223,odroid4,odroid4,odroid4,odroid4,odroid4,odroid4,odroid4,odroid4,odroid4
1224,odroid4,odroid4,odroid4,odroid4,odroid4,odroid4,odroid4,odroid4,odroid4
1225,odroid4,odroid4,odroid4,odroid4,odroid4,odroid4,odroid4,odroid4,odroid4
1226,odroid4,odroid4,odroid4,odroid4,odroid4,odroid4,odroid4,odroid4,odroid4
1227,odroid4,odroid4,odroid4,odroid4,odroid4,odroid4,odroid2,odroid4,odroid4
1228,odroid4,odroid4,odroid4,odroid4,odroid4,odroid4,odroid4,odroid4,odroid4
1229,odroid4,odroid4,odroid4,odroid4,odroid4,odroid4,odroid4,odroid4,odroid4
1230,odroid4,odroid4,odroid4,odroid4,odroid4,odroid4,odroid4,odroid4,odroid4
1231,odroid4,odroid4,odroid4,odroid4,odroid4,odroid4,odroid4,odroid4,odroid4
1232,odroid4,odroid4,odroid4,odroid4,odroid4,odroid4,odroid4,odroid4,odroid4
1233,odroid4,odroid4,odroid4,odroid4,odroid4,odroid4,odroid4,odroid4,odroid4
1234,odroid4,odroid4,odroid4,odroid4,odroid4,odroid4,odroid4,odroid4,odroid4
1235,odroid4,odroid4,odroid4,odroid4,odroid4,odroid4,odroid4,odroid4,odroid4
1236,odroid4,odroid4,odroid4,odroid4,odroid4,odroid4,odroid4,odroid4,odroid4
1237,odroid4,odroid4,odroid4,odroid4,odroid4,odroid4,odroid4,odroid4,odroid4
1238,odroid4,odroid4,odroid4,odroid4,odroid4,odroid4,odroid4,odroid4,odroid4
1239,odroid4,odroid4,odroid4,odroid4,odroid4,odroid4,odroid4,odroid4,odroid4
1240,odroid4,odroid4,odroid4,odroid4,odroid4,odroid4,odroid4,odroid4,odroid4
1241,odroid4,odroid4,odroid4,odroid4,odroid4,odroid4,odroid4,odroid4,odroid4
1242,odroid4,odroid4,odroid4,odroid4,odroid4,odroid4,odroid4,odroid4,odroid4
1243,odroid4,odroid4,odroid4,odroid4,odroid4,odroid4,odroid4,odroid4,odroid4
1244,odroid4,odroid4,odroid4,odroid4,odroid4,odroid4,odroid4,odroid4,odroid4
1245,odroid4,odroid4,odroid4,odroid4,odroid4,odroid4,odroid4,odroid4,odroid4
1246,odroid4,odroid4,odroid4,odroid4,odroid4,odroid4,odroid4,odroid4,odroid4
1247,odroid4,odroid4,odroid4,odroid4,odroid4,odroid4,odroid4,odroid4,odroid4
1248,odroid4,odroid4,odroid4,odroid4,odroid4,odroid4,odroid4,odroid4,odroid4
1249,odroid4,odroid4,odroid4,odroid4,odroid4,odroid4,odroid4,odroid4,odroid4
1250,odroid4,odroid4,odroid4,odroid4,odroid4,odroid4,odroid4,odroid4,odroid4
1251,odroid4,odroid4,odroid4,odroid4,odroid4,odroid4,odroid4,odroid4,odroid4
1252,odroid4,odroid4,odroid4,odroid4,odroid4,odroid4,odroid4,odroid4,odroid4
1253,odroid4,odroid4,odroid4,odroid4,odroid4,odroid4,odroid4,odroid4,odroid3
1254,odroid4,odroid4,odroid4,odroid4,odroid4,odroid4,odroid4,odroid4,odroid4
1255,odroid4,odroid4,odroid4,odroid4,odroid4,odroid4,odroid4,odroid4,odroid4
1256,odroid4,odroid4,odroid4,odroid4,odroid4,odroid4,odroid4,odroid4,odroid4
1257,odroid4,odroid4,odroid4,odroid4,odroid4,odroid4,odroid4,odroid4,odroid4
1258,odroid4,odroid4,odroid4,odroid4,odroid4,odroid4,odroid4,odroid4,odroid4
1259,odroid4,odroid4,odroid4,odroid4,odroid4,odroid4,odroid4,odroid4,odroid4
1260,odroid4,odroid4,odroid4,odroid4,odroid4,odroid4,odroid4,odroid4,odroid4
1261,odroid4,odroid4,odroid4,odroid4,odroid4,odroid4,odroid4,odroid4,odroid4
1262,odroid4,odroid4,odroid4,odroid4,odroid4,odroid4,odroid4,odroid4,odroid4
1263,odroid4,odroid4,odroid4,odroid4,odroid4,odroid4,odroid4,odroid4,odroid4
1264,odroid4,odroid4,odroid4,odroid4,odroid4,odroid4,odroid4,odroid4,odroid4
1265,odroid4,odroid4,odroid4,odroid4,odroid1,odroid4,odroid4,odroid4,odroid4
1266,odroid4,odroid4,odroid4,odroid4,odroid4,odroid4,odroid4,odroid4,odroid4
1267,odroid4,odroid4,odroid4,odroid4,odroid4,odroid4,odroid4,odroid4,odroid4
1268,odroid4,odroid4,odroid4,odroid4,odroid4,odroid4,odroid4,odroid4,odroid4
1269,odroid4,odroid4,odroid4,odroid4,odroid4,odroid4,odroid4,odroid4,odroid4
1270,odroid4,odroid4,odroid4,odroid4,odroid4,odroid4,odroid4,odroid4,odroid4
1271,odroid4,odroid4,odroid4,odroid4,odroid4,odroid4,odroid4,odroid4,odroid4
1272,odroid4,odroid4,odroid4,odroid4,odroid4,odroid4,odroid4,odroid4,odroid4
1273,odroid4,odroid4,odroid4,odroid4,odroid4,odroid4,odroid4,odroid4,odroid4
1274,odroid4,odroid4,odroid4,odroid4,odroid4,odroid4,odroid4,odroid4,odroid4
1275,odroid4,odroid4,odroid4,odroid4,odroid4,odroid4,odroid4,odroid4,odroid4
1276,odroid4,odroid4,odroid4,odroid4,odroid4,odroid4,odroid4,odroid4,odroid4
1277,odroid4,odroid4,odroid4,odroid4,odroid4,odroid4,odroid4,odroid4,odroid2
1278,odroid4,odroid4,odroid4,odroid4,odroid4,odroid4,odroid4,odroid4,odroid4
1279,odroid4,odroid4,odroid4,odroid4,odroid4,odroid4,odroid4,odroid4,odroid4
1280,odroid4,odroid4,odroid4,odroid4,odroid4,odroid4,odroid4,odroid4,odroid4
1281,odroid4,odroid4,odroid4,odroid4,odroid4,odroid4,odroid4,odroid4,odroid4
1282,odroid4,odroid4,odroid4,odroid4,odroid4,odroid4,odroid4,odroid4,odroid4
1283,odroid4,odroid4,odroid4,odroid4,odroid4,odroid4,odroid4,odroid4,odroid4
1284,odroid4,odroid4,odroid4,odroid4,odroid4,odroid4,odroid4,odroid4,odroid4
1285,odroid4,odroid4,odroid4,odroid4,odroid4,odroid4,odroid4,odroid2,odroid4
1286,odroid4,odroid4,odroid4,odroid4,odroid4,odroid4,odroid4,odroid4,odroid4
1287,odroid4,odroid4,odroid4,odroid4,odroid4,odroid4,odroid4,odroid4,odroid4
1288,odroid4,odroid4,odroid4,odroid4,odroid4,odroid4,odroid4,odroid4,odroid4
1289,odroid4,odroid4,odroid4,odroid4,odroid4,odroid4,odroid3,odroid4,odroid4
1290,odroid4,odroid4,odroid4,odroid4,odroid4,odroid4,odroid4,odroid4,odroid4
1291,odroid4,odroid4,odroid4,odroid4,odroid4,odroid4,odroid4,odroid4,odroid4
1292,odroid4,odroid4,odroid4,odroid4,odroid4,odroid4,odroid4,odroid4,odroid4
1293,odroid4,odroid4,odroid4,odroid4,odroid4,odroid4,odroid4,odroid4,odroid2
1294,odroid4,odroid4,odroid4,odroid4,odroid4,odroid4,odroid4,odroid4,odroid4
1295,odroid4,odroid4,odroid4,odroid4,odroid4,odroid4,odroid4,odroid4,odroid4
1296,odroid4,odroid4,odroid4,odroid4,odroid4,odroid4,odroid4,odroid4,odroid4
1297,odroid4,odroid4,odroid4,odroid4,odroid4,odroid4,odroid4,odroid4,odroid4
1298,odroid4,odroid4,odroid4,odroid4,odroid4,odroid4,odroid4,odroid4,odroid4
1299,odroid4,odroid4,odroid4,odroid4,odroid4,odroid4,odroid4,odroid4,odroid4
1300,odroid4,odroid4,odroid4,odroid4,odroid4,odroid4,odroid4,odroid4,odroid4
1301,odroid4,odroid4,odroid4,odroid4,odroid4,odroid4,odroid4,odroid4,odroid4
1302,odroid4,odroid4,odroid4,odroid4,odroid4,odroid4,odroid4,odroid4,odroid4
1303,odroid4,odroid4,odroid4,odroid4,odroid4,odroid4,odroid4,odroid4,odroid4
1304,odroid4,odroid4,odroid4,odroid4,odroid4,odroid4,odroid4,odroid4,odroid4
1305,odroid4,odroid4,odroid4,odroid4,odroid4,odroid4,odroid4,odroid4,odroid4
1306,odroid4,odroid4,odroid4,odroid4,odroid4,odroid4,odroid2,odroid4,odroid4
1307,odroid4,odroid4,odroid4,odroid4,odroid4,odroid4,odroid4,odroid4,odroid4
1308,odroid4,odroid4,odroid4,odroid4,odroid4,odroid4,odroid4,odroid4,odroid4
1309,odroid4,odroid4,odroid4,odroid4,odroid4,odroid4,odroid4,odroid4,odroid4
1310,odroid4,odroid4,odroid4,odroid4,odroid4,odroid4,odroid4,odroid4,odroid4
1311,odroid4,odroid4,odroid4,odroid4,odroid4,odroid4,odroid4,odroid4,odroid4
1312,odroid4,odroid4,odroid4,odroid4,odroid4,odroid4,odroid4,odroid4,odroid4
1313,odroid4,odroid4,odroid4,odroid4,odroid4,odroid4,odroid4,odroid4,odroid4
1314,odroid4,odroid4,odroid4,odroid4,odroid4,odroid4,odroid4,odroid4,odroid4
1315,odroid4,odroid4,odroid4,odroid4,odroid4,odroid4,odroid4,odroid4,odroid4
1316,odroid4,odroid4,odroid4,odroid4,odroid4,odroid4,odroid4,odroid4,odroid4
1317,odroid4,odroid4,odroid4,odroid4,odroid4,odroid4,odroid4,odroid4,odroid4
1318,odroid4,odroid4,odroid4,odroid4,odroid4,odroid4,odroid4,odroid4,odroid4
1319,odroid4,odroid4,odroid4,odroid4,odroid4,odroid4,odroid4,odroid4,odroid4
1320,odroid4,odroid4,odroid4,odroid4,odroid4,odroid4,odroid4,odroid4,odroid4
1321,odroid4,odroid4,odroid4,odroid4,odroid4,odroid4,odroid4,odroid4,odroid4
1322,odroid4,odroid4,odroid4,odroid4,odroid4,odroid4,odroid4,odroid4,odroid4
1323,odroid4,odroid4,odroid4,odroid4,odroid4,odroid4,odroid4,odroid4,odroid4
1324,odroid4,odroid4,odroid4,odroid4,odroid3,odroid4,odroid4,odroid4,odroid4
1325,odroid4,odroid4,odroid4,odroid4,odroid4,odroid4,odroid4,odroid4,odroid4
1326,odroid4,odroid4,odroid4,odroid4,odroid4,odroid4,odroid4,odroid4,odroid4
1327,odroid4,odroid4,odroid4,odroid4,odroid4,odroid4,odroid4,odroid4,odroid4
1328,odroid4,odroid4,odroid4,odroid4,odroid4,odroid4,odroid4,odroid4,odroid4
1329,odroid4,odroid4,odroid4,odroid4,odroid4,odroid4,odroid4,odroid1,odroid2
1330,odroid4,odroid4,odroid4,odroid4,odroid4,odroid4,odroid4,odroid4,odroid4
1331,odroid4,odroid4,odroid4,odroid4,odroid4,odroid4,odroid4,odroid4,odroid4
1332,odroid4,odroid4,odroid4,odroid4,odroid4,odroid4,odroid4,odroid4,odroid4
1333,odroid4,odroid4,odroid4,odroid4,odroid4,odroid4,odroid4,odroid4,odroid4
1334,odroid4,odroid4,odroid4,odroid4,odroid4,odroid4,odroid4,odroid4,odroid4
1335,odroid4,odroid4,odroid4,odroid4,odroid4,odroid4,odroid4,odroid4,odroid4
1336,odroid4,odroid4,odroid4,odroid4,odroid4,odroid4,odroid4,odroid4,odroid4
1337,odroid4,odroid4,odroid4,odroid4,odroid4,odroid4,odroid4,odroid4,odroid4
1338,odroid4,odroid4,odroid4,odroid4,odroid4,odroid4,odroid4,odroid4,odroid4
1339,odroid4,odroid4,odroid4,odroid4,odroid4,odroid4,odroid4,odroid4,odroid4
1340,odroid4,odroid4,odroid4,odroid4,odroid4,odroid4,odroid4,odroid4,odroid4
1341,odroid4,odroid4,odroid4,odroid4,odroid4,odroid4,odroid4,odroid4,odroid4
1342,odroid4,odroid4,odroid4,odroid4,odroid4,odroid4,odroid4,odroid4,odroid4
1343,odroid4,odroid4,odroid4,odroid4,odroid4,odroid4,odroid4,odroid4,odroid4
1344,odroid4,odroid4,odroid4,odroid4,odroid4,odroid4,odroid4,odroid4,odroid4
1345,odroid4,odroid4,odroid4,odroid4,odroid4,odroid4,odroid4,odroid4,odroid4
1346,odroid4,odroid4,odroid4,odroid4,odroid4,odroid4,odroid4,odroid4,odroid4
1347,odroid4,odroid4,odroid4,odroid4,odroid4,odroid4,odroid4,odroid4,odroid4
1348,odroid4,odroid4,odroid4,odroid4,odroid4,odroid4,odroid4,odroid4,odroid4
1349,odroid4,odroid4,odroid4,odroid4,odroid4,odroid4,odroid4,odroid4,odroid4
1350,odroid4,odroid4,odroid4,odroid4,odroid4,odroid4,odroid4,odroid4,odroid4
1351,odroid4,odroid4,odroid4,odroid4,odroid4,odroid4,odroid4,odroid4,odroid4
1352,odroid4,odroid4,odroid4,odroid4,odroid4,odroid4,odroid4,odroid4,odroid4
1353,odroid4,odroid4,odroid4,odroid4,odroid4,odroid4,odroid4,odroid4,odroid4
1354,odroid4,odroid4,odroid4,odroid4,odroid4,odroid4,odroid4,odroid4,odroid4
1355,odroid4,odroid4,odroid4,odroid2,odroid4,odroid4,odroid4,odroid4,odroid4
1356,odroid4,odroid4,odroid4,odroid4,odroid4,odroid4,odroid4,odroid4,odroid4
1357,odroid4,odroid4,odroid4,odroid4,odroid4,odroid4,odroid4,odroid4,odroid4
1358,odroid4,odroid4,odroid4,odroid4,odroid4,odroid4,odroid4,odroid4,odroid4
1359,odroid4,odroid4,odroid4,odroid4,odroid4,odroid4,odroid4,odroid4,odroid4
1360,odroid4,odroid4,odroid4,odroid4,odroid4,odroid4,odroid4,odroid4,odroid4
1361,odroid4,odroid4,odroid4,odroid4,odroid4,odroid4,odroid4,odroid4,odroid4
1362,odroid4,odroid4,odroid4,odroid4,odroid4,odroid4,odroid4,odroid4,odroid4
1363,odroid4,odroid4,odroid4,odroid4,odroid4,odroid4,odroid4,odroid4,odroid4
1364,odroid4,odroid4,odroid4,odroid4,odroid4,odroid4,odroid4,odroid4,odroid4
1365,odroid4,odroid4,odroid4,odroid4,odroid4,odroid4,odroid4,odroid4,odroid4
1366,odroid4,odroid4,odroid4,odroid4,odroid4,odroid4,odroid4,odroid4,odroid4
1367,odroid4,odroid4,odroid4,odroid4,odroid4,odroid4,odroid4,odroid4,odroid4
1368,odroid4,odroid4,odroid4,odroid4,odroid4,odroid4,odroid4,odroid4,odroid4
1369,odroid4,odroid4,odroid4,odroid4,odroid4,odroid4,odroid4,odroid4,odroid4
1370,odroid4,odroid4,odroid4,odroid4,odroid4,odroid4,odroid4,odroid4,odroid4
1371,odroid4,odroid4,odroid4,odroid4,odroid4,odroid4,odroid4,odroid4,odroid4
1372,odroid4,odroid4,odroid4,odroid4,odroid4,odroid4,odroid4,odroid4,odroid4
1373,odroid4,odroid4,odroid4,odroid4,odroid4,odroid4,odroid4,odroid4,odroid4
1374,odroid4,odroid4,odroid4,odroid4,odroid4,odroid4,odroid4,odroid4,odroid4
1375,odroid4,odroid4,odroid4,odroid4,odroid4,odroid4,odroid4,odroid4,odroid4
1376,odroid4,odroid4,odroid4,odroid4,odroid4,odroid4,odroid4,odroid4,odroid4
1377,odroid4,odroid4,odroid4,odroid4,odroid2,odroid4,odroid4,odroid4,odroid4
1378,odroid4,odroid4,odroid4,odroid4,odroid4,odroid4,odroid4,odroid4,odroid4
1379,odroid4,odroid4,odroid4,odroid4,odroid4,odroid4,odroid4,odroid4,odroid4
1380,odroid4,odroid4,odroid4,odroid4,odroid4,odroid4,odroid4,odroid4,odroid4
1381,odroid4,odroid4,odroid4,odroid4,odroid4,odroid4,odroid4,odroid4,odroid4
1382,odroid4,odroid2,odroid4,odroid4,odroid4,odroid4,odroid4,odroid4,odroid4
1383,odroid4,odroid4,odroid4,odroid4,odroid4,odroid4,odroid4,odroid4,odroid4
1384,odroid4,odroid4,odroid4,odroid4,odroid4,odroid4,odroid4,odroid4,odroid4
1385,odroid4,odroid4,odroid4,odroid4,odroid4,odroid4,odroid4,odroid4,odroid4
1386,odroid4,odroid4,odroid4,odroid4,odroid4,odroid4,odroid4,odroid4,odroid4
1387,odroid4,odroid4,odroid4,odroid4,odroid4,odroid4,odroid4,odroid4,odroid4
1388,odroid4,odroid4,odroid4,odroid4,odroid4,odroid4,odroid4,odroid4,odroid4
1389,odroid4,odroid4,odroid4,odroid4,odroid4,odroid4,odroid4,odroid4,odroid2
1390,odroid4,odroid4,odroid4,odroid4,odroid4,odroid4,odroid4,odroid4,odroid4
1391,odroid4,odroid4,odroid4,odroid4,odroid4,odroid4,odroid4,odroid4,odroid3
1392,odroid4,odroid4,odroid4,odroid4,odroid4,odroid4,odroid4,odroid4,odroid4
1393,odroid4,odroid4,odroid4,odroid4,odroid4,odroid4,odroid4,odroid4,odroid4
1394,odroid4,odroid4,odroid4,odroid4,odroid4,odroid4,odroid4,odroid4,odroid4
1395,odroid4,odroid4,odroid2,odroid4,odroid4,odroid4,odroid4,odroid4,odroid4
1396,odroid4,odroid4,odroid4,odroid4,odroid4,odroid4,odroid4,odroid4,odroid4
1397,odroid4,odroid4,odroid4,odroid4,odroid4,odroid4,odroid4,odroid4,odroid4
1398,odroid4,odroid4,odroid4,odroid4,odroid4,odroid4,odroid4,odroid4,odroid4
1399,odroid4,odroid4,odroid4,odroid4,odroid4,odroid4,odroid4,odroid4,odroid4
1400,odroid4,odroid4,odroid4,odroid4,odroid4,odroid4,odroid4,odroid4,odroid4
1401,odroid4,odroid4,odroid4,odroid4,odroid4,odroid4,odroid4,odroid4,odroid4
1402,odroid4,odroid4,odroid4,odroid4,odroid4,odroid4,odroid4,odroid4,odroid4
1403,odroid4,odroid4,odroid4,odroid4,odroid2,odroid4,odroid4,odroid4,odroid4
1404,odroid3,odroid3,odroid3,odroid3,odroid3,odroid3,odroid3,odroid3,odroid3
1405,odroid3,odroid3,odroid3,odroid3,odroid3,odroid3,odroid3,odroid3,odroid3
1406,odroid3,odroid1,odroid3,odroid3,odroid3,odroid3,odroid3,odroid3,odroid3
1407,odroid3,odroid3,odroid3,odroid3,odroid3,odroid3,odroid3,odroid3,odroid3
1408,odroid3,odroid3,odroid3,odroid3,odroid3,odroid3,odroid3,odroid3,odroid3
1409,odroid3,odroid3,odroid3,odroid3,odroid3,odroid3,odroid3,odroid3,odroid3
1410,odroid3,odroid3,odroid3,odroid3,odroid3,odroid3,odroid3,odroid3,odroid3
1411,odroid3,odroid3,odroid3,odroid3,odroid3,odroid3,odroid3,odroid3,odroid3
1412,odroid3,odroid3,odroid3,odroid3,odroid3,odroid3,odroid3,odroid3,odroid3
1413,odroid3,odroid3,odroid3,odroid3,odroid3,odroid3,odroid3,odroid3,odroid3
1414,odroid3,odroid3,odroid3,odroid3,odroid3,odroid3,odroid3,odroid3,odroid3
1415,odroid3,odroid3,odroid3,odroid3,odroid3,odroid3,odroid3,odroid3,odroid3
1416,odroid3,odroid3,odroid3,odroid3,odroid3,odroid3,odroid3,odroid3,odroid3
1417,odroid3,odroid3,odroid3,odroid3,odroid3,odroid3,odroid3,odroid3,odroid3
1418,odroid3,odroid3,odroid3,odroid3,odroid3,odroid3,odroid3,odroid3,odroid3
1419,odroid3,odroid3,odroid3,odroid3,odroid3,odroid3,odroid3,odroid3,odroid3
1420,odroid3,odroid3,odroid3,odroid3,odroid3,odroid3,odroid3,odroid3,odroid3
1421,odroid3,odroid3,odroid3,odroid3,odroid3,odroid3,odroid3,odroid3,odroid3
1422,odroid3,odroid3,odroid3,odroid3,odroid3,odroid3,odroid3,odroid3,odroid3
1423,odroid3,odroid3,odroid3,odroid3,odroid3,odroid3,odroid3,odroid3,odroid3
1424,odroid3,odroid3,odroid3,odroid3,odroid3,odroid3,odroid3,odroid3,odroid3
1425,odroid3,odroid3,odroid3,odroid3,odroid3,odroid3,odroid3,odroid3,odroid3
1426,odroid3,odroid3,odroid3,odroid3,odroid3,odroid3,odroid3,odroid3,odroid3
1427,odroid3,odroid3,odroid3,odroid3,odroid3,odroid3,odroid3,odroid3,odroid3
1428,odroid3,odroid3,odroid3,odroid3,odroid3,odroid3,odroid3,odroid3,odroid3
1429,odroid3,odroid3,odroid3,odroid3,odroid3,odroid3,odroid3,odroid3,odroid3
1430,odroid3,odroid3,odroid3,odroid3,odroid3,odroid3,odroid3,odroid3,odroid3
1431,odroid3,odroid3,odroid3,odroid3,odroid3,odroid3,odroid3,odroid3,odroid3
1432,odroid3,odroid3,odroid3,odroid3,odroid3,odroid3,odroid3,odroid3,odroid3
1433,odroid3,odroid3,odroid3,odroid3,odroid3,odroid3,odroid3,odroid3,odroid3
1434,odroid3,odroid3,odroid3,odroid3,odroid3,odroid3,odroid3,odroid3,odroid3
1435,odroid3,odroid3,odroid3,odroid3,odroid3,odroid3,odroid3,odroid3,odroid3
1436,odroid3,odroid3,odroid3,odroid3,odroid3,odroid3,odroid3,odroid3,odroid3
1437,odroid3,odroid3,odroid3,odroid3,odroid3,odroid3,odroid3,odroid3,odroid3
1438,odroid3,odroid3,odroid3,odroid3,odroid3,odroid3,odroid3,odroid3,odroid3
1439,odroid3,odroid1,odroid3,odroid3,odroid3,odroid3,odroid3,odroid3,odroid3
1440,odroid3,odroid3,odroid3,odroid3,odroid3,odroid3,odroid3,odroid3,odroid3
1441,odroid3,odroid3,odroid3,odroid3,odroid3,odroid3,odroid3,odroid3,odroid3
1442,odroid3,odroid3,odroid3,odroid3,odroid3,odroid3,odroid3,odroid3,odroid3
1443,odroid3,odroid3,odroid3,odroid3,odroid3,odroid3,odroid3,odroid3,odroid3
1444,odroid3,odroid3,odroid3,odroid3,odroid3,odroid3,odroid3,odroid3,odroid3
1445,odroid3,odroid3,odroid3,odroid3,odroid3,odroid3,odroid3,odroid3,odroid3
1446,odroid3,odroid3,odroid3,odroid3,odroid3,odroid3,odroid3,odroid3,odroid3
1447,odroid3,odroid3,odroid3,odroid3,odroid3,odroid3,odroid3,odroid2,odroid3
1448,odroid3,odroid3,odroid3,odroid3,odroid3,odroid3,odroid3,odroid3,odroid3
1449,odroid3,odroid3,odroid3,odroid3,odroid3,odroid3,odroid3,odroid3,odroid3
1450,odroid3,odroid3,odroid3,odroid3,odroid3,odroid3,odroid3,odroid3,odroid3
1451,odroid3,odroid3,odroid3,odroid3,odroid3,odroid3,odroid3,odroid3,odroid3
1452,odroid3,odroid3,odroid3,odroid3,odroid3,odroid3,odroid3,odroid3,odroid3
1453,odroid3,odroid3,odroid3,odroid3,odroid3,odroid3,odroid3,odroid3,odroid1
1454,odroid3,odroid3,odroid3,odroid3,odroid3,odroid3,odroid3,odroid3,odroid3
1455,odroid3,odroid3,odroid3,odroid3,odroid3,odroid3,odroid3,odroid3,odroid3
1456,odroid3,odroid3,odroid3,odroid3,odroid3,odroid3,odroid3,odroid3,odroid3
1457,odroid3,odroid3,odroid3,odroid3,odroid3,odroid3,odroid3,odroid3,odroid3
1458,odroid3,odroid3,odroid3,odroid3,odroid3,odroid3,odroid3,odroid3,odroid3
1459,odroid3,odroid3,odroid3,odroid3,odroid3,odroid3,odroid3,odroid3,odroid3
1460,odroid3,odroid3,odroid3,odroid3,odroid3,odroid3,odroid3,odroid3,odroid3
1461,odroid3,odroid3,odroid3,odroid3,odroid3,odroid3,odroid3,odroid3,odroid3
1462,odroid3,odroid3,odroid3,odroid3,odroid3,odroid3,odroid3,odroid3,odroid3
1463,odroid3,odroid3,odroid3,odroid3,odroid3,odroid3,odroid3,odroid3,odroid3
1464,odroid3,odroid3,odroid3,odroid3,odroid3,odroid3,odroid3,odroid3,odroid3
1465,odroid3,odroid3,odroid3,odroid3,odroid3,odroid3,odroid3,odroid3,odroid3
1466,odroid3,odroid3,odroid3,odroid3,odroid3,odroid3,odroid3,odroid3,odroid4
1467,odroid3,odroid3,odroid3,odroid3,odroid3,odroid3,odroid3,odroid3,odroid3
1468,odroid3,odroid3,odroid3,odroid3,odroid3,odroid3,odroid3,odroid3,odroid3
1469,odroid3,odroid3,odroid3,odroid3,odroid3,odroid3,odroid3,odroid3,odroid3
1470,odroid3,odroid3,odroid3,odroid3,odroid3,odroid3,odroid3,odroid1,odroid3
1471,odroid3,odroid3,odroid1,odroid3,odroid1,odroid3,odroid3,odroid4,odroid1
1472,odroid3,odroid3,odroid3,odroid3,odroid3,odroid3,odroid3,odroid3,odroid3
1473,odroid3,odroid3,odroid3,odroid1,odroid3,odroid3,odroid3,odroid3,odroid3
1474,odroid3,odroid3,odroid3,odroid3,odroid3,odroid3,odroid3,odroid3,odroid3
1475,odroid3,odroid3,odroid3,odroid3,odroid3,odroid3,odroid3,odroid3,odroid3
1476,odroid3,odroid2,odroid3,odroid3,odroid3,odroid3,odroid3,odroid3,odroid3
1477,odroid3,odroid3,odroid3,odroid3,odroid3,odroid3,odroid3,odroid3,odroid3
1478,odroid3,odroid3,odroid3,odroid3,odroid3,odroid3,odroid3,odroid3,odroid3
1479,odroid3,odroid3,odroid3,odroid3,odroid3,odroid3,odroid3,odroid3,odroid3
1480,odroid3,odroid3,odroid3,odroid3,odroid3,odroid3,odroid3,odroid3,odroid3
1481,odroid3,odroid3,odroid3,odroid3,odroid3,odroid3,odroid3,odroid3,odroid3
1482,odroid3,odroid3,odroid3,odroid3,odroid3,odroid1,odroid3,odroid3,odroid3
1483,odroid3,odroid3,odroid3,odroid3,odroid3,odroid3,odroid3,odroid3,odroid3
1484,odroid3,odroid3,odroid3,odroid3,odroid3,odroid3,odroid3,odroid3,odroid3
1485,odroid3,odroid4,odroid3,odroid3,odroid3,odroid3,odroid3,odroid3,odroid3
1486,odroid3,odroid3,odroid1,odroid3,odroid3,odroid3,odroid3,odroid3,odroid3
1487,odroid3,odroid3,odroid3,odroid1,odroid3,odroid3,odroid3,odroid1,odroid3
1488,odroid3,odroid3,odroid3,odroid3,odroid3,odroid3,odroid3,odroid3,odroid3
1489,odroid3,odroid3,odroid3,odroid3,odroid3,odroid3,odroid3,odroid3,odroid3
1490,odroid3,odroid3,odroid3,odroid3,odroid3,odroid3,odroid3,odroid3,odroid3
1491,odroid3,odroid3,odroid3,odroid3,odroid3,odroid3,odroid3,odroid3,odroid3
1492,odroid3,odroid3,odroid3,odroid3,odroid1,odroid3,odroid3,odroid3,odroid3
1493,odroid3,odroid3,odroid3,odroid3,odroid3,odroid3,odroid3,odroid3,odroid3
1494,odroid3,odroid3,odroid3,odroid3,odroid3,odroid3,odroid3,odroid3,odroid3
1495,odroid3,odroid3,odroid3,odroid3,odroid3,odroid3,odroid3,odroid3,odroid3
1496,odroid3,odroid3,odroid3,odroid3,odroid3,odroid3,odroid3,odroid3,odroid3
1497,odroid3,odroid3,odroid3,odroid3,odroid3,odroid3,odroid3,odroid3,odroid4
1498,odroid3,odroid3,odroid3,odroid3,odroid3,odroid3,odroid3,odroid3,odroid3
1499,odroid3,odroid3,odroid3,odroid3,odroid3,odroid3,odroid3,odroid3,odroid3
1500,odroid3,odroid3,odroid3,odroid3,odroid3,odroid3,odroid3,odroid3,odroid1
1501,odroid3,odroid3,odroid3,odroid3,odroid3,odroid3,odroid3,odroid3,odroid3
1502,odroid3,odroid3,odroid3,odroid3,odroid3,odroid3,odroid3,odroid3,odroid3
1503,odroid3,odroid3,odroid3,odroid3,odroid3,odroid1,odroid3,odroid3,odroid3
1504,odroid3,odroid3,odroid3,odroid3,odroid3,odroid3,odroid3,odroid3,odroid3
1505,odroid3,odroid3,odroid3,odroid3,odroid3,odroid1,odroid3,odroid3,odroid3
1506,odroid3,odroid3,odroid3,odroid3,odroid3,odroid3,odroid3,odroid3,odroid3
1507,odroid3,odroid3,odroid1,odroid1,odroid3,odroid3,odroid3,odroid3,odroid3
1508,odroid3,odroid3,odroid3,odroid3,odroid3,odroid3,odroid3,odroid3,odroid3
1509,odroid3,odroid1,odroid1,odroid3,odroid2,odroid3,odroid3,odroid3,odroid3
1510,odroid3,odroid3,odroid3,odroid3,odroid3,odroid3,odroid3,odroid3,odroid3
1511,odroid3,odroid3,odroid3,odroid1,odroid3,odroid3,odroid3,odroid3,odroid3
1512,odroid3,odroid3,odroid3,odroid3,odroid3,odroid3,odroid3,odroid3,odroid3
1513,odroid3,odroid3,odroid3,odroid3,odroid3,odroid3,odroid3,odroid3,odroid3
1514,odroid3,odroid3,odroid3,odroid3,odroid3,odroid3,odroid3,odroid3,odroid3
1515,odroid3,odroid3,odroid3,odroid3,odroid3,odroid3,odroid3,odroid3,odroid3
1516,odroid3,odroid3,odroid3,odroid3,odroid3,odroid3,odroid3,odroid3,odroid3
1517,odroid3,odroid3,odroid3,odroid3,odroid3,odroid3,odroid3,odroid3,odroid1
1518,odroid3,odroid3,odroid3,odroid3,odroid3,odroid3,odroid3,odroid3,odroid3
1519,odroid3,odroid3,odroid3,odroid3,odroid3,odroid3,odroid3,odroid3,odroid3
1520,odroid3,odroid3,odroid3,odroid3,odroid3,odroid3,odroid3,odroid3,odroid3
1521,odroid3,odroid3,odroid3,odroid3,odroid4,odroid3,odroid3,odroid3,odroid3
1522,odroid3,odroid3,odroid3,odroid3,odroid3,odroid3,odroid3,odroid3,odroid1
1523,odroid3,odroid3,odroid4,odroid3,odroid3,odroid3,odroid3,odroid3,odroid3
1524,odroid3,odroid3,odroid3,odroid3,odroid3,odroid1,odroid3,odroid3,odroid3
1525,odroid3,odroid3,odroid3,odroid3,odroid1,odroid2,odroid3,odroid3,odroid3
1526,odroid3,odroid3,odroid3,odroid4,odroid3,odroid1,odroid3,odroid3,odroid3
1527,odroid3,odroid3,odroid3,odroid3,odroid3,odroid3,odroid3,odroid3,odroid3
1528,odroid3,odroid3,odroid3,odroid3,odroid3,odroid3,odroid3,odroid3,odroid3
1529,odroid3,odroid1,odroid3,odroid3,odroid3,odroid3,odroid3,odroid3,odroid3
1530,odroid3,odroid1,odroid3,odroid3,odroid3,odroid3,odroid3,odroid3,odroid3
1531,odroid3,odroid2,odroid3,odroid3,odroid3,odroid3,odroid3,odroid3,odroid3
1532,odroid3,odroid3,odroid3,odroid3,odroid3,odroid3,odroid3,odroid3,odroid3
1533,odroid3,odroid3,odroid3,odroid3,odroid3,odroid3,odroid3,odroid3,odroid3
1534,odroid3,odroid3,odroid3,odroid1,odroid1,odroid3,odroid3,odroid3,odroid3
1535,odroid3,odroid3,odroid1,odroid3,odroid1,odroid1,odroid3,odroid3,odroid3
1536,odroid3,odroid3,odroid3,odroid3,odroid3,odroid3,odroid3,odroid3,odroid3
1537,odroid3,odroid3,odroid3,odroid3,odroid3,odroid3,odroid3,odroid3,odroid3
1538,odroid3,odroid3,odroid3,odroid3,odroid3,odroid3,odroid3,odroid3,odroid3
1539,odroid3,odroid3,odroid3,odroid3,odroid3,odroid3,odroid3,odroid3,odroid3
1540,odroid3,odroid3,odroid3,odroid3,odroid3,odroid3,odroid3,odroid3,odroid3
1541,odroid3,odroid3,odroid3,odroid3,odroid3,odroid3,odroid3,odroid3,odroid3
1542,odroid3,odroid3,odroid3,odroid3,odroid3,odroid3,odroid3,odroid3,odroid3
1543,odroid3,odroid3,odroid3,odroid3,odroid3,odroid3,odroid3,odroid3,odroid3
1544,odroid3,odroid3,odroid3,odroid3,odroid3,odroid3,odroid3,odroid3,odroid3
1545,odroid3,odroid3,odroid3,odroid3,odroid3,odroid3,odroid3,odroid1,odroid3
1546,odroid3,odroid3,odroid3,odroid3,odroid2,odroid3,odroid3,odroid3,odroid3
1547,odroid3,odroid3,odroid3,odroid3,odroid3,odroid3,odroid3,odroid3,odroid3
1548,odroid3,odroid3,odroid3,odroid3,odroid3,odroid1,odroid3,odroid3,odroid3
1549,odroid3,odroid3,odroid3,odroid3,odroid3,odroid3,odroid3,odroid1,odroid3
1550,odroid3,odroid3,odroid1,odroid3,odroid1,odroid1,odroid3,odroid3,odroid3
1551,odroid3,odroid3,odroid3,odroid3,odroid3,odroid3,odroid3,odroid1,odroid3
1552,odroid3,odroid3,odroid3,odroid1,odroid3,odroid3,odroid1,odroid3,odroid3
1553,odroid3,odroid3,odroid3,odroid3,odroid3,odroid3,odroid3,odroid3,odroid3
1554,odroid3,odroid3,odroid3,odroid3,odroid3,odroid3,odroid3,odroid3,odroid3
1555,odroid3,odroid3,odroid3,odroid3,odroid3,odroid3,odroid3,odroid3,odroid3
1556,odroid3,odroid3,odroid3,odroid3,odroid3,odroid3,odroid3,odroid3,odroid3
1557,odroid3,odroid3,odroid3,odroid3,odroid3,odroid3,odroid3,odroid3,odroid3
1558,odroid3,odroid3,odroid3,odroid3,odroid3,odroid3,odroid1,odroid3,odroid3
1559,odroid3,odroid3,odroid3,odroid3,odroid3,odroid3,odroid3,odroid3,odroid3
1560,odroid3,odroid3,odroid3,odroid3,odroid1,odroid3,odroid3,odroid3,odroid3
1561,odroid3,odroid3,odroid3,odroid3,odroid3,odroid3,odroid3,odroid3,odroid3
1562,odroid3,odroid3,odroid3,odroid3,odroid3,odroid3,odroid3,odroid3,odroid3
1563,odroid3,odroid3,odroid3,odroid3,odroid3,odroid3,odroid3,odroid3,odroid1
1564,odroid3,odroid3,odroid1,odroid3,odroid3,odroid3,odroid3,odroid3,odroid3
1565,odroid3,odroid3,odroid3,odroid3,odroid3,odroid3,odroid3,odroid3,odroid3
1566,odroid3,odroid3,odroid3,odroid3,odroid3,odroid3,odroid3,odroid3,odroid3
1567,odroid3,odroid3,odroid3,odroid3,odroid3,odroid3,odroid3,odroid3,odroid3
1568,odroid3,odroid3,odroid2,odroid3,odroid3,odroid3,odroid3,odroid3,odroid3
1569,odroid3,odroid3,odroid3,odroid3,odroid3,odroid1,odroid3,odroid3,odroid3
1570,odroid3,odroid3,odroid3,odroid3,odroid3,odroid3,odroid3,odroid3,odroid3
1571,odroid3,odroid3,odroid3,odroid3,odroid3,odroid3,odroid3,odroid3,odroid3
1572,odroid3,odroid3,odroid3,odroid3,odroid3,odroid1,odroid3,odroid3,odroid3
1573,odroid3,odroid3,odroid3,odroid3,odroid3,odroid3,odroid3,odroid3,odroid3
1574,odroid3,odroid3,odroid3,odroid3,odroid3,odroid3,odroid1,odroid3,odroid3
1575,odroid3,odroid3,odroid3,odroid3,odroid3,odroid3,odroid1,odroid3,odroid3
1576,odroid3,odroid3,odroid3,odroid3,odroid3,odroid3,odroid3,odroid3,odroid3
1577,odroid3,odroid3,odroid3,odroid1,odroid3,odroid3,odroid3,odroid3,odroid3
1578,odroid3,odroid3,odroid3,odroid1,odroid3,odroid3,odroid3,odroid3,odroid3
1579,odroid3,odroid3,odroid3,odroid3,odroid3,odroid3,odroid3,odroid3,odroid3
1580,odroid3,odroid3,odroid3,odroid3,odroid1,odroid3,odroid3,odroid3,odroid3
1581,odroid3,odroid3,odroid1,odroid3,odroid3,odroid4,odroid1,odroid3,odroid3
1582,odroid3,odroid3,odroid1,odroid3,odroid3,odroid1,odroid3,odroid3,odroid3
1583,odroid3,odroid3,odroid1,odroid3,odroid3,odroid3,odroid3,odroid3,odroid3
1584,odroid3,odroid3,odroid2,odroid3,odroid3,odroid3,odroid3,odroid1,odroid3
1585,odroid3,odroid3,odroid3,odroid3,odroid3,odroid3,odroid3,odroid3,odroid3
1586,odroid3,odroid3,odroid3,odroid3,odroid3,odroid3,odroid3,odroid3,odroid3
1587,odroid3,odroid3,odroid3,odroid3,odroid3,odroid3,odroid3,odroid3,odroid1
1588,odroid3,odroid3,odroid3,odroid3,odroid3,odroid3,odroid3,odroid3,odroid3
1589,odroid3,odroid3,odroid3,odroid3,odroid3,odroid3,odroid3,odroid3,odroid3
1590,odroid3,odroid3,odroid3,odroid3,odroid3,odroid3,odroid1,odroid3,odroid3
1591,odroid3,odroid3,odroid3,odroid3,odroid3,odroid3,odroid3,odroid3,odroid3
1592,odroid3,odroid3,odroid3,odroid3,odroid3,odroid3,odroid3,odroid3,odroid2
1593,odroid3,odroid3,odroid3,odroid3,odroid1,odroid3,odroid3,odroid3,odroid3
1594,odroid3,odroid1,odroid3,odroid3,odroid3,odroid3,odroid4,odroid3,odroid3
1595,odroid3,odroid3,odroid3,odroid3,odroid3,odroid3,odroid3,odroid3,odroid3
1596,odroid3,odroid3,odroid1,odroid3,odroid3,odroid3,odroid3,odroid3,odroid3
1597,odroid3,odroid3,odroid3,odroid3,odroid3,odroid3,odroid3,odroid3,odroid3
1598,odroid3,odroid3,odroid3,odroid3,odroid3,odroid3,odroid3,odroid3,odroid3
1599,odroid3,odroid3,odroid3,odroid3,odroid3,odroid3,odroid3,odroid3,odroid3
1600,odroid3,odroid3,odroid3,odroid3,odroid3,odroid3,odroid3,odroid3,odroid3
1601,odroid3,odroid3,odroid3,odroid3,odroid3,odroid1,odroid3,odroid3,odroid3
1602,odroid3,odroid3,odroid3,odroid1,odroid3,odroid1,odroid3,odroid3,odroid3
1603,odroid3,odroid3,odroid3,odroid3,odroid3,odroid3,odroid3,odroid3,odroid3
1604,odroid3,odroid3,odroid3,odroid3,odroid3,odroid3,odroid3,odroid1,odroid3
1605,odroid3,odroid3,odroid3,odroid3,odroid3,odroid3,odroid3,odroid3,odroid3
1606,odroid3,odroid3,odroid3,odroid3,odroid3,odroid3,odroid3,odroid3,odroid3
1607,odroid3,odroid3,odroid3,odroid3,odroid3,odroid3,odroid3,odroid3,odroid3
1608,odroid3,odroid3,odroid3,odroid3,odroid3,odroid3,odroid3,odroid3,odroid3
1609,odroid3,odroid3,odroid3,odroid3,odroid3,odroid3,odroid3,odroid1,odroid3
1610,odroid3,odroid3,odroid3,odroid3,odroid3,odroid3,odroid3,odroid3,odroid1
1611,odroid3,odroid3,odroid3,odroid1,odroid3,odroid3,odroid3,odroid3,odroid3
1612,odroid3,odroid3,odroid3,odroid3,odroid3,odroid3,odroid3,odroid3,odroid1
1613,odroid3,odroid3,odroid3,odroid3,odroid3,odroid3,odroid3,odroid1,odroid3
1614,odroid3,odroid3,odroid3,odroid1,odroid3,odroid3,odroid3,odroid3,odroid3
1615,odroid3,odroid3,odroid3,odroid3,odroid3,odroid3,odroid3,odroid3,odroid3
1616,odroid3,odroid3,odroid3,odroid3,odroid3,odroid3,odroid3,odroid3,odroid3
1617,odroid3,odroid3,odroid3,odroid3,odroid3,odroid3,odroid3,odroid3,odroid3
1618,odroid3,odroid3,odroid3,odroid3,odroid3,odroid3,odroid3,odroid3,odroid3
1619,odroid3,odroid3,odroid3,odroid3,odroid1,odroid3,odroid3,odroid3,odroid3
