,label,attempt_0,attempt_1,attempt_2,attempt_3,attempt_4,attempt_5,attempt_6
0,rpi-4a,rpi-4a,rpi-4a,rpi-4a,rpi-4a,rpi-4a,rpi-8b,rpi-4a
1,rpi-4a,rpi-4a,rpi-4a,rpi-4a,rpi-4a,rpi-4a,rpi-4a,rpi-4a
2,rpi-4a,rpi-4a,rpi-4a,rpi-8d,rpi-4a,rpi-8d,rpi-4a,rpi-4a
3,rpi-4a,rpi-4a,rpi-4a,rpi-8d,rpi-8d,rpi-4a,rpi-4a,rpi-4a
4,rpi-4a,rpi-8c,rpi-4a,rpi-4a,rpi-4a,rpi-4a,rpi-4a,rpi-4a
5,rpi-4a,rpi-8c,rpi-4a,rpi-4a,rpi-4a,rpi-4a,rpi-4a,rpi-4a
6,rpi-4a,rpi-4a,rpi-8c,rpi-4a,rpi-4a,rpi-4a,rpi-4a,rpi-8d
7,rpi-4a,rpi-8d,rpi-4a,rpi-4a,rpi-4a,rpi-4a,rpi-4a,rpi-8d
8,rpi-4a,rpi-4a,rpi-8d,rpi-4a,rpi-4a,rpi-8d,rpi-4a,rpi-4a
9,rpi-4a,rpi-4a,rpi-4a,rpi-4a,rpi-4a,rpi-4a,rpi-4a,rpi-8c
10,rpi-4a,rpi-8d,rpi-4a,rpi-4a,rpi-4a,rpi-4a,rpi-4a,rpi-4a
11,rpi-4a,rpi-4a,rpi-4a,rpi-4a,rpi-4a,rpi-4a,rpi-4a,rpi-4a
12,rpi-4a,rpi-8d,rpi-4a,rpi-4a,rpi-4a,rpi-4a,rpi-4a,rpi-4a
13,rpi-4a,rpi-4a,rpi-4a,rpi-4a,rpi-4a,rpi-4a,rpi-4a,rpi-4a
14,rpi-4a,rpi-4a,rpi-4a,rpi-4a,rpi-4a,rpi-4a,rpi-4a,rpi-4a
15,rpi-4a,rpi-4a,rpi-4a,rpi-4a,rpi-4a,rpi-4a,rpi-4a,rpi-4a
16,rpi-4a,rpi-4a,rpi-4a,rpi-4a,rpi-4a,rpi-4a,rpi-4a,rpi-4a
17,rpi-4a,rpi-4a,rpi-4a,rpi-8d,rpi-4a,rpi-4a,rpi-8c,rpi-4a
18,rpi-4a,rpi-4a,rpi-4a,rpi-4a,rpi-4a,rpi-4a,rpi-4a,rpi-4a
19,rpi-4a,rpi-4a,rpi-4a,rpi-4a,rpi-4a,rpi-4a,rpi-4a,rpi-4a
20,rpi-4a,rpi-8c,rpi-4a,rpi-4a,rpi-4a,rpi-4a,rpi-8d,rpi-4a
21,rpi-4a,rpi-4a,rpi-4a,rpi-4a,rpi-4a,rpi-8d,rpi-4a,rpi-4a
22,rpi-4a,rpi-4a,rpi-4a,rpi-4a,rpi-4a,rpi-4a,rpi-4a,rpi-4a
23,rpi-4a,rpi-8d,rpi-4a,rpi-4a,rpi-4a,rpi-4a,rpi-4a,rpi-4a
24,rpi-4a,rpi-4a,rpi-4a,rpi-4a,rpi-4a,rpi-4a,rpi-4a,rpi-8c
25,rpi-4a,rpi-4a,rpi-4a,rpi-4a,rpi-4a,rpi-4a,rpi-4a,rpi-8c
26,rpi-4a,rpi-4a,rpi-4a,rpi-8b,rpi-4a,rpi-4a,rpi-4a,rpi-4a
27,rpi-4a,rpi-4a,rpi-4a,rpi-4a,rpi-8d,rpi-8c,rpi-8d,rpi-4a
28,rpi-4a,rpi-4a,rpi-4a,rpi-4a,rpi-8b,rpi-4a,rpi-4a,rpi-4a
29,rpi-4a,rpi-4a,rpi-4a,rpi-4a,rpi-4a,rpi-4a,rpi-4a,rpi-4a
30,rpi-4a,rpi-4a,rpi-4a,rpi-4a,rpi-4a,rpi-4a,rpi-8b,rpi-4a
31,rpi-4a,rpi-4a,rpi-4a,rpi-4a,rpi-4a,rpi-4a,rpi-4a,rpi-4a
32,rpi-4a,rpi-4a,rpi-4a,rpi-4a,rpi-8d,rpi-4a,rpi-4a,rpi-4a
33,rpi-4a,rpi-4a,rpi-4a,rpi-4a,rpi-4a,rpi-4a,rpi-4a,rpi-4a
34,rpi-4a,rpi-8d,rpi-4a,rpi-4a,rpi-4a,rpi-4a,rpi-4a,rpi-4a
35,rpi-4a,rpi-4a,rpi-4a,rpi-4a,rpi-4a,rpi-4a,rpi-4a,rpi-4a
36,rpi-4a,rpi-4a,rpi-4a,rpi-8d,rpi-8d,rpi-4a,rpi-4a,rpi-4a
37,rpi-4a,rpi-4a,rpi-4a,rpi-4a,rpi-8c,rpi-4a,rpi-4a,rpi-4a
38,rpi-4a,rpi-4a,rpi-8c,rpi-4a,rpi-4a,rpi-4a,rpi-4a,rpi-4a
39,rpi-4a,rpi-4a,rpi-4a,rpi-4a,rpi-4a,rpi-4a,rpi-4a,rpi-4a
40,rpi-4a,rpi-4a,rpi-4a,rpi-4a,rpi-8c,rpi-8c,rpi-4a,rpi-4a
41,rpi-4a,rpi-4a,rpi-4a,rpi-4a,rpi-4a,rpi-4a,rpi-4a,rpi-4a
42,rpi-4a,rpi-4a,rpi-4a,rpi-4a,rpi-4a,rpi-8d,rpi-8d,rpi-4a
43,rpi-4a,rpi-8d,rpi-4a,rpi-4a,rpi-4a,rpi-4a,rpi-8d,rpi-4a
44,rpi-4a,rpi-4a,rpi-4a,rpi-4a,rpi-4a,rpi-4a,rpi-4a,rpi-4a
45,rpi-4a,rpi-4a,rpi-4a,rpi-4a,rpi-4a,rpi-8c,rpi-4a,rpi-8c
46,rpi-4a,rpi-4a,rpi-4a,rpi-4a,rpi-8c,rpi-4a,rpi-4a,rpi-4a
47,rpi-4a,rpi-4a,rpi-8d,rpi-4a,rpi-8b,rpi-8c,rpi-4a,rpi-4a
48,rpi-4a,rpi-4a,rpi-4a,rpi-4a,rpi-4a,rpi-8c,rpi-4a,rpi-4a
49,rpi-4a,rpi-4a,rpi-4a,rpi-4a,rpi-8d,rpi-4a,rpi-4a,rpi-4a
50,rpi-4a,rpi-8c,rpi-4a,rpi-4a,rpi-4a,rpi-8c,rpi-4a,rpi-4a
51,rpi-4a,rpi-4a,rpi-4a,rpi-4a,rpi-4a,rpi-4a,rpi-4a,rpi-4a
52,rpi-4a,rpi-4a,rpi-4a,rpi-4a,rpi-4a,rpi-4a,rpi-8c,rpi-4a
53,rpi-4a,rpi-4a,rpi-8d,rpi-4a,rpi-4a,rpi-4a,rpi-4a,rpi-4a
54,rpi-4a,rpi-4a,rpi-4a,rpi-4a,rpi-4a,rpi-4a,rpi-4a,rpi-4a
55,rpi-4a,rpi-4a,rpi-4a,rpi-4a,rpi-4a,rpi-4a,rpi-4a,rpi-8d
56,rpi-4a,rpi-4a,rpi-4a,rpi-4a,rpi-4a,rpi-4a,rpi-4a,rpi-8c
57,rpi-4a,rpi-4a,rpi-4a,rpi-4a,rpi-4a,rpi-4a,rpi-4a,rpi-4a
58,rpi-4a,rpi-4a,rpi-4a,rpi-4a,rpi-4a,rpi-4a,rpi-4a,rpi-4a
59,rpi-4a,rpi-4a,rpi-4a,rpi-8c,rpi-4a,rpi-4a,rpi-8c,rpi-4a
60,rpi-4a,rpi-4a,rpi-8c,rpi-4a,rpi-8c,rpi-4a,rpi-4a,rpi-4a
61,rpi-4a,rpi-4a,rpi-4a,rpi-4a,rpi-4a,rpi-4a,rpi-4a,rpi-4a
62,rpi-4a,rpi-4a,rpi-4a,rpi-4a,rpi-4a,rpi-4a,rpi-4a,rpi-4a
63,rpi-4a,rpi-4a,rpi-4a,rpi-4a,rpi-4a,rpi-4a,rpi-4a,rpi-4a
64,rpi-4a,rpi-8d,rpi-8c,rpi-4a,rpi-4a,rpi-4a,rpi-4a,rpi-4a
65,rpi-4a,rpi-4a,rpi-4a,rpi-4a,rpi-4a,rpi-4a,rpi-4a,rpi-4a
66,rpi-4a,rpi-4a,rpi-8d,rpi-4a,rpi-4a,rpi-8d,rpi-8d,rpi-4a
67,rpi-4a,rpi-4a,rpi-8c,rpi-4a,rpi-4a,rpi-4a,rpi-4a,rpi-4a
68,rpi-4a,rpi-8c,rpi-4a,rpi-4a,rpi-4a,rpi-4a,rpi-4a,rpi-8c
69,rpi-4a,rpi-4a,rpi-4a,rpi-4a,rpi-4a,rpi-4a,rpi-4a,rpi-8d
70,rpi-4a,rpi-8c,rpi-4a,rpi-8d,rpi-4a,rpi-4a,rpi-4a,rpi-4a
71,rpi-4a,rpi-4a,rpi-4a,rpi-4a,rpi-4a,rpi-4a,rpi-4a,rpi-4a
72,rpi-4a,rpi-4a,rpi-4a,rpi-4a,rpi-4a,rpi-4a,rpi-4a,rpi-4a
73,rpi-4a,rpi-4a,rpi-4a,rpi-8d,rpi-8c,rpi-8c,rpi-4a,rpi-4a
74,rpi-4a,rpi-4a,rpi-4a,rpi-4a,rpi-8c,rpi-4a,rpi-8d,rpi-8d
75,rpi-4a,rpi-4a,rpi-8d,rpi-4a,rpi-4a,rpi-8d,rpi-4a,rpi-4a
76,rpi-4a,rpi-4a,rpi-4a,rpi-4a,rpi-4a,rpi-4a,rpi-8c,rpi-4a
77,rpi-4a,rpi-4a,rpi-4a,rpi-4a,rpi-4a,rpi-4a,rpi-4a,rpi-4a
78,rpi-4a,rpi-4a,rpi-8d,rpi-4a,rpi-4a,rpi-4a,rpi-4a,rpi-4a
79,rpi-4a,rpi-4a,rpi-8c,rpi-4a,rpi-8b,rpi-4a,rpi-4a,rpi-4a
80,rpi-4a,rpi-4a,rpi-4a,rpi-4a,rpi-4a,rpi-4a,rpi-4a,rpi-4a
81,rpi-4a,rpi-4a,rpi-4a,rpi-4a,rpi-4a,rpi-4a,rpi-4a,rpi-4a
82,rpi-4a,rpi-4a,rpi-4a,rpi-4a,rpi-4a,rpi-4a,rpi-4a,rpi-4a
83,rpi-4a,rpi-4a,rpi-4a,rpi-4a,rpi-4a,rpi-4a,rpi-8d,rpi-4a
84,rpi-4a,rpi-4a,rpi-4a,rpi-4a,rpi-4a,rpi-4a,rpi-4a,rpi-4a
85,rpi-4a,rpi-4a,rpi-4a,rpi-4a,rpi-4a,rpi-4a,rpi-4a,rpi-4a
86,rpi-4a,rpi-4a,rpi-4a,rpi-8d,rpi-4a,rpi-8d,rpi-4a,rpi-8d
87,rpi-4a,rpi-4a,rpi-4a,rpi-4a,rpi-4a,rpi-4a,rpi-4a,rpi-4a
88,rpi-4a,rpi-4a,rpi-4a,rpi-4a,rpi-4a,rpi-4a,rpi-4a,rpi-4a
89,rpi-4a,rpi-4a,rpi-8d,rpi-8d,rpi-4a,rpi-4a,rpi-4a,rpi-4a
90,rpi-4a,rpi-4a,rpi-4a,rpi-4a,rpi-4a,rpi-4a,rpi-4a,rpi-4a
91,rpi-4a,rpi-4a,rpi-4a,rpi-4a,rpi-4a,rpi-4a,rpi-4a,rpi-8b
92,rpi-4a,rpi-4a,rpi-4a,rpi-4a,rpi-4a,rpi-4a,rpi-4a,rpi-4a
93,rpi-4a,rpi-4a,rpi-4a,rpi-4a,rpi-4a,rpi-8c,rpi-4a,rpi-4a
94,rpi-4a,rpi-4a,rpi-4a,rpi-4a,rpi-4a,rpi-8b,rpi-4a,rpi-8c
95,rpi-4a,rpi-4a,rpi-4a,rpi-4a,rpi-4a,rpi-4a,rpi-4a,rpi-4a
96,rpi-4a,rpi-4a,rpi-4a,rpi-4a,rpi-4a,rpi-4a,rpi-4a,rpi-4a
97,rpi-4a,rpi-4a,rpi-4a,rpi-4a,rpi-4a,rpi-4a,rpi-4a,rpi-4a
98,rpi-4a,rpi-8c,rpi-4a,rpi-4a,rpi-8c,rpi-4a,rpi-4a,rpi-8c
99,rpi-4a,rpi-4a,rpi-4a,rpi-4a,rpi-4a,rpi-4a,rpi-4a,rpi-4a
100,rpi-4a,rpi-4a,rpi-4a,rpi-4a,rpi-8d,rpi-8c,rpi-4a,rpi-4a
101,rpi-4a,rpi-4a,rpi-8c,rpi-4a,rpi-4a,rpi-4a,rpi-4a,rpi-4a
102,rpi-4a,rpi-4a,rpi-4a,rpi-4a,rpi-4a,rpi-4a,rpi-4a,rpi-4a
103,rpi-4a,rpi-8d,rpi-4a,rpi-8c,rpi-4a,rpi-4a,rpi-4a,rpi-4a
104,rpi-4a,rpi-4a,rpi-8d,rpi-4a,rpi-4a,rpi-4a,rpi-4a,rpi-4a
105,rpi-4a,rpi-4a,rpi-4a,rpi-4a,rpi-8c,rpi-4a,rpi-4a,rpi-4a
106,rpi-4a,rpi-4a,rpi-4a,rpi-4a,rpi-4a,rpi-4a,rpi-4a,rpi-4a
107,rpi-4a,rpi-4a,rpi-4a,rpi-4a,rpi-4a,rpi-4a,rpi-4a,rpi-4a
108,rpi-4a,rpi-4a,rpi-4a,rpi-4a,rpi-8c,rpi-8c,rpi-4a,rpi-8c
109,rpi-4a,rpi-4a,rpi-4a,rpi-4a,rpi-8b,rpi-4a,rpi-4a,rpi-4a
110,rpi-4a,rpi-4a,rpi-4a,rpi-8b,rpi-4a,rpi-4a,rpi-4a,rpi-4a
111,rpi-4a,rpi-4a,rpi-4a,rpi-4a,rpi-4a,rpi-4a,rpi-4a,rpi-4a
112,rpi-4a,rpi-4a,rpi-4a,rpi-4a,rpi-4a,rpi-4a,rpi-8c,rpi-4a
113,rpi-4a,rpi-4a,rpi-4a,rpi-4a,rpi-4a,rpi-4a,rpi-4a,rpi-4a
114,rpi-4a,rpi-4a,rpi-4a,rpi-4a,rpi-8d,rpi-4a,rpi-4a,rpi-4a
115,rpi-4a,rpi-4a,rpi-4a,rpi-4a,rpi-4a,rpi-8c,rpi-8d,rpi-4a
116,rpi-4a,rpi-8c,rpi-4a,rpi-8c,rpi-8d,rpi-4a,rpi-4a,rpi-4a
117,rpi-4a,rpi-4a,rpi-4a,rpi-4a,rpi-4a,rpi-4a,rpi-8d,rpi-4a
118,rpi-4a,rpi-4a,rpi-4a,rpi-4a,rpi-4a,rpi-4a,rpi-8c,rpi-8d
119,rpi-4a,rpi-4a,rpi-4a,rpi-4a,rpi-4a,rpi-4a,rpi-8c,rpi-4a
120,rpi-4a,rpi-4a,rpi-8c,rpi-4a,rpi-8d,rpi-4a,rpi-4a,rpi-4a
121,rpi-4a,rpi-4a,rpi-4a,rpi-4a,rpi-4a,rpi-4a,rpi-4a,rpi-4a
122,rpi-4a,rpi-4a,rpi-4a,rpi-4a,rpi-4a,rpi-4a,rpi-4a,rpi-4a
123,rpi-4a,rpi-4a,rpi-4a,rpi-4a,rpi-4a,rpi-4a,rpi-4a,rpi-4a
124,rpi-4a,rpi-4a,rpi-4a,rpi-4a,rpi-4a,rpi-4a,rpi-8d,rpi-4a
125,rpi-4a,rpi-8d,rpi-4a,rpi-4a,rpi-4a,rpi-4a,rpi-8c,rpi-4a
126,rpi-4a,rpi-4a,rpi-4a,rpi-4a,rpi-4a,rpi-4a,rpi-4a,rpi-4a
127,rpi-4a,rpi-8c,rpi-4a,rpi-4a,rpi-4a,rpi-4a,rpi-4a,rpi-4a
128,rpi-4a,rpi-4a,rpi-4a,rpi-4a,rpi-4a,rpi-4a,rpi-4a,rpi-4a
129,rpi-4a,rpi-4a,rpi-4a,rpi-8d,rpi-4a,rpi-4a,rpi-4a,rpi-4a
130,rpi-4a,rpi-4a,rpi-4a,rpi-4a,rpi-4a,rpi-4a,rpi-4a,rpi-4a
131,rpi-4a,rpi-4a,rpi-4a,rpi-4a,rpi-4a,rpi-4a,rpi-4a,rpi-4a
132,rpi-4a,rpi-4a,rpi-8d,rpi-4a,rpi-4a,rpi-4a,rpi-4a,rpi-4a
133,rpi-4a,rpi-4a,rpi-4a,rpi-4a,rpi-4a,rpi-4a,rpi-4a,rpi-4a
134,rpi-4a,rpi-4a,rpi-4a,rpi-4a,rpi-4a,rpi-4a,rpi-4a,rpi-4a
135,rpi-4a,rpi-4a,rpi-4a,rpi-4a,rpi-4a,rpi-4a,rpi-4a,rpi-4a
136,rpi-4a,rpi-4a,rpi-4a,rpi-4a,rpi-4a,rpi-4a,rpi-4a,rpi-4a
137,rpi-4a,rpi-4a,rpi-4a,rpi-4a,rpi-8d,rpi-4a,rpi-4a,rpi-4a
138,rpi-4a,rpi-4a,rpi-4a,rpi-8d,rpi-4a,rpi-4a,rpi-8c,rpi-4a
139,rpi-4a,rpi-8d,rpi-4a,rpi-4a,rpi-4a,rpi-4a,rpi-4a,rpi-4a
140,rpi-4a,rpi-4a,rpi-4a,rpi-4a,rpi-4a,rpi-4a,rpi-4a,rpi-4a
141,rpi-4a,rpi-4a,rpi-4a,rpi-4a,rpi-4a,rpi-4a,rpi-4a,rpi-4a
142,rpi-4a,rpi-4a,rpi-4a,rpi-4a,rpi-4a,rpi-4a,rpi-4a,rpi-8c
143,rpi-4a,rpi-4a,rpi-4a,rpi-4a,rpi-4a,rpi-4a,rpi-4a,rpi-4a
144,rpi-4a,rpi-4a,rpi-4a,rpi-4a,rpi-4a,rpi-4a,rpi-4a,rpi-4a
145,rpi-4a,rpi-4a,rpi-4a,rpi-4a,rpi-4a,rpi-4a,rpi-8d,rpi-4a
146,rpi-4a,rpi-8d,rpi-4a,rpi-4a,rpi-4a,rpi-4a,rpi-4a,rpi-8c
147,rpi-4a,rpi-4a,rpi-8d,rpi-4a,rpi-4a,rpi-8c,rpi-4a,rpi-4a
148,rpi-4a,rpi-4a,rpi-4a,rpi-4a,rpi-4a,rpi-8b,rpi-4a,rpi-4a
149,rpi-4a,rpi-4a,rpi-4a,rpi-4a,rpi-4a,rpi-4a,rpi-4a,rpi-4a
150,rpi-4a,rpi-8c,rpi-8c,rpi-4a,rpi-4a,rpi-4a,rpi-4a,rpi-4a
151,rpi-4a,rpi-4a,rpi-4a,rpi-4a,rpi-4a,rpi-4a,rpi-4a,rpi-8d
152,rpi-4a,rpi-4a,rpi-4a,rpi-8c,rpi-4a,rpi-4a,rpi-8c,rpi-4a
153,rpi-4a,rpi-4a,rpi-4a,rpi-4a,rpi-4a,rpi-4a,rpi-4a,rpi-4a
154,rpi-4a,rpi-4a,rpi-4a,rpi-4a,rpi-4a,rpi-4a,rpi-4a,rpi-4a
155,rpi-4a,rpi-4a,rpi-4a,rpi-4a,rpi-4a,rpi-4a,rpi-4a,rpi-4a
156,rpi-4a,rpi-4a,rpi-4a,rpi-4a,rpi-4a,rpi-4a,rpi-4a,rpi-4a
157,rpi-4a,rpi-4a,rpi-8c,rpi-4a,rpi-4a,rpi-4a,rpi-4a,rpi-4a
158,rpi-4a,rpi-4a,rpi-4a,rpi-4a,rpi-4a,rpi-4a,rpi-4a,rpi-4a
159,rpi-4a,rpi-4a,rpi-4a,rpi-4a,rpi-4a,rpi-4a,rpi-8c,rpi-4a
160,rpi-4a,rpi-4a,rpi-8c,rpi-4a,rpi-4a,rpi-4a,rpi-4a,rpi-4a
161,rpi-4a,rpi-4a,rpi-4a,rpi-4a,rpi-4a,rpi-4a,rpi-4a,rpi-4a
162,rpi-4a,rpi-4a,rpi-4a,rpi-4a,rpi-4a,rpi-4a,rpi-8d,rpi-4a
163,rpi-4a,rpi-4a,rpi-4a,rpi-4a,rpi-4a,rpi-4a,rpi-8d,rpi-8c
164,rpi-4a,rpi-4a,rpi-4a,rpi-4a,rpi-4a,rpi-4a,rpi-4a,rpi-8d
165,rpi-4a,rpi-8d,rpi-4a,rpi-4a,rpi-4a,rpi-8c,rpi-4a,rpi-4a
166,rpi-4a,rpi-8c,rpi-4a,rpi-4a,rpi-4a,rpi-4a,rpi-4a,rpi-4a
167,rpi-4a,rpi-4a,rpi-4a,rpi-8c,rpi-4a,rpi-4a,rpi-4a,rpi-4a
168,rpi-4a,rpi-4a,rpi-4a,rpi-4a,rpi-4a,rpi-4a,rpi-4a,rpi-4a
169,rpi-4a,rpi-4a,rpi-4a,rpi-4a,rpi-4a,rpi-4a,rpi-4a,rpi-4a
170,rpi-8a,rpi-8a,rpi-8a,rpi-8a,rpi-8a,rpi-8c,rpi-8a,rpi-8a
171,rpi-8a,rpi-8a,rpi-8a,rpi-8a,rpi-8a,rpi-8a,rpi-8a,rpi-8a
172,rpi-8a,rpi-8a,rpi-8a,rpi-8a,rpi-8a,rpi-8a,rpi-8a,rpi-8b
173,rpi-8a,rpi-8a,rpi-8a,rpi-8a,rpi-8b,rpi-8a,rpi-8a,rpi-8a
174,rpi-8a,rpi-8b,rpi-8a,rpi-8a,rpi-8a,rpi-8a,rpi-8a,rpi-8a
175,rpi-8a,rpi-8a,rpi-8a,rpi-8a,rpi-8a,rpi-8a,rpi-8a,rpi-8b
176,rpi-8a,rpi-8a,rpi-8a,rpi-8b,rpi-8a,rpi-8a,rpi-8a,rpi-8a
177,rpi-8a,rpi-8a,rpi-8a,rpi-8a,rpi-8a,rpi-8a,rpi-8a,rpi-8a
178,rpi-8a,rpi-8a,rpi-8a,rpi-8a,rpi-8a,rpi-8a,rpi-8a,rpi-8a
179,rpi-8a,rpi-8a,rpi-8a,rpi-8a,rpi-8b,rpi-8a,rpi-8b,rpi-8a
180,rpi-8a,rpi-8a,rpi-8a,rpi-8b,rpi-8a,rpi-8a,rpi-8a,rpi-8a
181,rpi-8a,rpi-8a,rpi-8a,rpi-8a,rpi-8a,rpi-8a,rpi-8a,rpi-8a
182,rpi-8a,rpi-8a,rpi-8a,rpi-8a,rpi-8b,rpi-8a,rpi-8a,rpi-8a
183,rpi-8a,rpi-8a,rpi-8b,rpi-8a,rpi-8a,rpi-8a,rpi-8b,rpi-8b
184,rpi-8a,rpi-8a,rpi-8a,rpi-8a,rpi-8a,rpi-8a,rpi-8a,rpi-8a
185,rpi-8a,rpi-8a,rpi-8a,rpi-8a,rpi-8a,rpi-8a,rpi-8a,rpi-8a
186,rpi-8a,rpi-8a,rpi-8a,rpi-8a,rpi-8a,rpi-8a,rpi-8a,rpi-8a
187,rpi-8a,rpi-8b,rpi-8a,rpi-8a,rpi-8a,rpi-8a,rpi-8a,rpi-8a
188,rpi-8a,rpi-8a,rpi-8c,rpi-8a,rpi-8a,rpi-8a,rpi-8a,rpi-8a
189,rpi-8a,rpi-8b,rpi-8a,rpi-8a,rpi-8a,rpi-8a,rpi-8a,rpi-8a
190,rpi-8a,rpi-8a,rpi-8b,rpi-8a,rpi-8a,rpi-8a,rpi-8a,rpi-8a
191,rpi-8a,rpi-8a,rpi-8a,rpi-8a,rpi-8a,rpi-8a,rpi-8a,rpi-8a
192,rpi-8a,rpi-8a,rpi-8a,rpi-8a,rpi-8a,rpi-8a,rpi-8a,rpi-8a
193,rpi-8a,rpi-8a,rpi-8a,rpi-8a,rpi-8a,rpi-8a,rpi-8a,rpi-8a
194,rpi-8a,rpi-8a,rpi-8a,rpi-8a,rpi-8a,rpi-8a,rpi-8b,rpi-8a
195,rpi-8a,rpi-8b,rpi-8a,rpi-8a,rpi-8a,rpi-8a,rpi-8a,rpi-8a
196,rpi-8a,rpi-8a,rpi-8a,rpi-8a,rpi-8a,rpi-8a,rpi-8a,rpi-8a
197,rpi-8a,rpi-8a,rpi-8a,rpi-8a,rpi-8a,rpi-8a,rpi-8a,rpi-8a
198,rpi-8a,rpi-8a,rpi-8a,rpi-8a,rpi-8a,rpi-8a,rpi-8a,rpi-8a
199,rpi-8a,rpi-8a,rpi-8a,rpi-8a,rpi-8a,rpi-8a,rpi-8a,rpi-8a
200,rpi-8a,rpi-8a,rpi-8a,rpi-8a,rpi-8a,rpi-8b,rpi-8a,rpi-8a
201,rpi-8a,rpi-8a,rpi-8a,rpi-8a,rpi-8a,rpi-8b,rpi-8a,rpi-8a
202,rpi-8a,rpi-8a,rpi-8a,rpi-8a,rpi-8b,rpi-8a,rpi-8a,rpi-8a
203,rpi-8a,rpi-8a,rpi-8a,rpi-8a,rpi-8a,rpi-8a,rpi-8a,rpi-8a
204,rpi-8a,rpi-8a,rpi-8a,rpi-8a,rpi-8a,rpi-8a,rpi-8a,rpi-8a
205,rpi-8a,rpi-8a,rpi-8a,rpi-8a,rpi-8a,rpi-8a,rpi-8a,rpi-8a
206,rpi-8a,rpi-8a,rpi-8a,rpi-8a,rpi-8a,rpi-8a,rpi-8a,rpi-8a
207,rpi-8a,rpi-8a,rpi-8a,rpi-8a,rpi-8a,rpi-8a,rpi-8a,rpi-8a
208,rpi-8a,rpi-8a,rpi-8a,rpi-8a,rpi-8b,rpi-8a,rpi-8a,rpi-8a
209,rpi-8a,rpi-8a,rpi-8a,rpi-8a,rpi-8a,rpi-8a,rpi-8a,rpi-8b
210,rpi-8a,rpi-8a,rpi-8a,rpi-8a,rpi-8a,rpi-8a,rpi-8a,rpi-8a
211,rpi-8a,rpi-8a,rpi-8a,rpi-8a,rpi-8a,rpi-8a,rpi-8a,rpi-8a
212,rpi-8a,rpi-8a,rpi-8a,rpi-8a,rpi-8a,rpi-8b,rpi-8a,rpi-8a
213,rpi-8a,rpi-8a,rpi-8a,rpi-8a,rpi-8a,rpi-8a,rpi-8a,rpi-8a
214,rpi-8a,rpi-8a,rpi-8a,rpi-8a,rpi-8a,rpi-8a,rpi-8a,rpi-8a
215,rpi-8a,rpi-8a,rpi-8a,rpi-8a,rpi-8a,rpi-8a,rpi-8b,rpi-8a
216,rpi-8a,rpi-8a,rpi-8a,rpi-8a,rpi-8a,rpi-8a,rpi-8a,rpi-8a
217,rpi-8a,rpi-8a,rpi-8b,rpi-8a,rpi-8a,rpi-8a,rpi-8a,rpi-8a
218,rpi-8a,rpi-8a,rpi-8a,rpi-8a,rpi-8a,rpi-8a,rpi-8a,rpi-8a
219,rpi-8a,rpi-8a,rpi-8a,rpi-8a,rpi-8a,rpi-8b,rpi-8b,rpi-8a
220,rpi-8a,rpi-8a,rpi-8a,rpi-8a,rpi-8a,rpi-8a,rpi-8a,rpi-8a
221,rpi-8a,rpi-8a,rpi-8a,rpi-8a,rpi-8a,rpi-8b,rpi-8a,rpi-8a
222,rpi-8a,rpi-8a,rpi-8a,rpi-8a,rpi-8a,rpi-8a,rpi-8a,rpi-8a
223,rpi-8a,rpi-8a,rpi-8a,rpi-8a,rpi-8a,rpi-8a,rpi-8a,rpi-8a
224,rpi-8a,rpi-8a,rpi-8a,rpi-8a,rpi-8a,rpi-8a,rpi-8a,rpi-8a
225,rpi-8a,rpi-8a,rpi-8a,rpi-8a,rpi-8a,rpi-8a,rpi-8a,rpi-8a
226,rpi-8a,rpi-8a,rpi-8a,rpi-8a,rpi-8a,rpi-8a,rpi-8a,rpi-8a
227,rpi-8a,rpi-8a,rpi-8a,rpi-8b,rpi-8a,rpi-8a,rpi-8a,rpi-8a
228,rpi-8a,rpi-8a,rpi-8a,rpi-8a,rpi-8a,rpi-8a,rpi-8a,rpi-8a
229,rpi-8a,rpi-8a,rpi-8a,rpi-8a,rpi-8a,rpi-8a,rpi-8a,rpi-8a
230,rpi-8a,rpi-8a,rpi-8a,rpi-8a,rpi-8a,rpi-8a,rpi-8a,rpi-8a
231,rpi-8a,rpi-8a,rpi-8a,rpi-8a,rpi-8a,rpi-8a,rpi-8a,rpi-8a
232,rpi-8a,rpi-8a,rpi-8a,rpi-8b,rpi-8b,rpi-8a,rpi-8a,rpi-8a
233,rpi-8a,rpi-8a,rpi-8a,rpi-8b,rpi-8a,rpi-8a,rpi-8a,rpi-8a
234,rpi-8a,rpi-8a,rpi-8a,rpi-8a,rpi-8a,rpi-8a,rpi-8a,rpi-8a
235,rpi-8a,rpi-8a,rpi-8b,rpi-8a,rpi-8a,rpi-8a,rpi-8a,rpi-8a
236,rpi-8a,rpi-8a,rpi-8a,rpi-8a,rpi-8a,rpi-8a,rpi-8a,rpi-8a
237,rpi-8a,rpi-8a,rpi-8a,rpi-8a,rpi-8a,rpi-8a,rpi-8a,rpi-8a
238,rpi-8a,rpi-8a,rpi-8a,rpi-8a,rpi-8a,rpi-8a,rpi-8a,rpi-8a
239,rpi-8a,rpi-8a,rpi-8b,rpi-8a,rpi-8a,rpi-8b,rpi-8a,rpi-8a
240,rpi-8a,rpi-8a,rpi-8a,rpi-8a,rpi-8a,rpi-8a,rpi-8a,rpi-8a
241,rpi-8a,rpi-8a,rpi-8a,rpi-8a,rpi-8a,rpi-8a,rpi-8a,rpi-8a
242,rpi-8a,rpi-8a,rpi-8a,rpi-8a,rpi-8b,rpi-8a,rpi-8a,rpi-8a
243,rpi-8a,rpi-8a,rpi-8a,rpi-8a,rpi-8a,rpi-8a,rpi-8a,rpi-8a
244,rpi-8a,rpi-8b,rpi-8a,rpi-8a,rpi-8a,rpi-8a,rpi-8a,rpi-8a
245,rpi-8a,rpi-8a,rpi-8b,rpi-8a,rpi-8a,rpi-8a,rpi-8a,rpi-8a
246,rpi-8a,rpi-8a,rpi-8a,rpi-8a,rpi-8a,rpi-8a,rpi-8a,rpi-8a
247,rpi-8a,rpi-8a,rpi-8a,rpi-8b,rpi-8a,rpi-8a,rpi-8a,rpi-8a
248,rpi-8a,rpi-8a,rpi-8a,rpi-8a,rpi-8a,rpi-8a,rpi-8a,rpi-8a
249,rpi-8a,rpi-8a,rpi-8a,rpi-8c,rpi-8a,rpi-8a,rpi-8a,rpi-8a
250,rpi-8a,rpi-8a,rpi-8a,rpi-8a,rpi-8a,rpi-8a,rpi-8a,rpi-8a
251,rpi-8a,rpi-8a,rpi-8a,rpi-8a,rpi-8a,rpi-8a,rpi-8a,rpi-8a
252,rpi-8a,rpi-8b,rpi-8a,rpi-8a,rpi-8b,rpi-8a,rpi-8a,rpi-8a
253,rpi-8a,rpi-8a,rpi-8a,rpi-8a,rpi-8a,rpi-8a,rpi-8a,rpi-8a
254,rpi-8a,rpi-8a,rpi-8a,rpi-8a,rpi-8a,rpi-8a,rpi-8b,rpi-8a
255,rpi-8a,rpi-8a,rpi-8a,rpi-8a,rpi-8a,rpi-8b,rpi-8a,rpi-8a
256,rpi-8a,rpi-8a,rpi-8a,rpi-8a,rpi-8a,rpi-8a,rpi-8a,rpi-8a
257,rpi-8a,rpi-8b,rpi-8a,rpi-8a,rpi-8a,rpi-8a,rpi-8a,rpi-8a
258,rpi-8a,rpi-8a,rpi-8a,rpi-8a,rpi-8a,rpi-8a,rpi-8a,rpi-8a
259,rpi-8a,rpi-8a,rpi-8a,rpi-8a,rpi-8a,rpi-8a,rpi-8a,rpi-8a
260,rpi-8a,rpi-8a,rpi-8a,rpi-8a,rpi-8b,rpi-8a,rpi-8a,rpi-8a
261,rpi-8a,rpi-8a,rpi-8a,rpi-8a,rpi-8a,rpi-8b,rpi-8a,rpi-8a
262,rpi-8a,rpi-8a,rpi-8a,rpi-8b,rpi-8a,rpi-8a,rpi-8a,rpi-8b
263,rpi-8a,rpi-8a,rpi-8a,rpi-8a,rpi-8a,rpi-8a,rpi-8a,rpi-8a
264,rpi-8a,rpi-8a,rpi-8a,rpi-8a,rpi-8a,rpi-8a,rpi-8a,rpi-8a
265,rpi-8a,rpi-8a,rpi-8a,rpi-8b,rpi-8a,rpi-8a,rpi-8a,rpi-8a
266,rpi-8a,rpi-8a,rpi-8a,rpi-8a,rpi-8a,rpi-8a,rpi-8a,rpi-8a
267,rpi-8a,rpi-8a,rpi-8a,rpi-8a,rpi-8a,rpi-8a,rpi-8a,rpi-8a
268,rpi-8a,rpi-8a,rpi-8a,rpi-8a,rpi-8a,rpi-8a,rpi-8a,rpi-8a
269,rpi-8a,rpi-8a,rpi-8a,rpi-8a,rpi-8a,rpi-8a,rpi-8a,rpi-8a
270,rpi-8a,rpi-8a,rpi-8a,rpi-8b,rpi-8a,rpi-8a,rpi-8a,rpi-8b
271,rpi-8a,rpi-8a,rpi-8a,rpi-8a,rpi-8a,rpi-8b,rpi-8a,rpi-8a
272,rpi-8a,rpi-8b,rpi-8a,rpi-8a,rpi-8a,rpi-8a,rpi-8a,rpi-8a
273,rpi-8a,rpi-8a,rpi-8a,rpi-8a,rpi-8a,rpi-8a,rpi-8a,rpi-8a
274,rpi-8a,rpi-8a,rpi-8a,rpi-8a,rpi-8a,rpi-8a,rpi-8a,rpi-8a
275,rpi-8a,rpi-8a,rpi-8a,rpi-8a,rpi-8a,rpi-8a,rpi-8a,rpi-8a
276,rpi-8a,rpi-8a,rpi-8a,rpi-8a,rpi-8a,rpi-8a,rpi-8a,rpi-8a
277,rpi-8a,rpi-8b,rpi-8a,rpi-8a,rpi-8a,rpi-8a,rpi-8a,rpi-8a
278,rpi-8a,rpi-8b,rpi-8a,rpi-8a,rpi-8a,rpi-8a,rpi-8a,rpi-8a
279,rpi-8a,rpi-8a,rpi-8a,rpi-8b,rpi-8b,rpi-8a,rpi-8a,rpi-8a
280,rpi-8a,rpi-8a,rpi-8a,rpi-8a,rpi-8a,rpi-8a,rpi-8a,rpi-8b
281,rpi-8a,rpi-8a,rpi-8a,rpi-8a,rpi-8a,rpi-8a,rpi-8b,rpi-8a
282,rpi-8a,rpi-8a,rpi-8a,rpi-8a,rpi-8a,rpi-8b,rpi-8a,rpi-8a
283,rpi-8a,rpi-8a,rpi-8a,rpi-8a,rpi-8a,rpi-8a,rpi-8a,rpi-8a
284,rpi-8a,rpi-8a,rpi-8a,rpi-8a,rpi-8a,rpi-8a,rpi-8a,rpi-8a
285,rpi-8a,rpi-8a,rpi-8a,rpi-8a,rpi-8a,rpi-8a,rpi-8a,rpi-8a
286,rpi-8a,rpi-8a,rpi-8a,rpi-8a,rpi-8a,rpi-8a,rpi-8a,rpi-8a
287,rpi-8a,rpi-8a,rpi-8a,rpi-8b,rpi-8a,rpi-8a,rpi-8a,rpi-8a
288,rpi-8a,rpi-8a,rpi-8a,rpi-8a,rpi-8a,rpi-8a,rpi-8a,rpi-8a
289,rpi-8a,rpi-8a,rpi-8a,rpi-8a,rpi-8a,rpi-8a,rpi-8a,rpi-4a
290,rpi-8a,rpi-8a,rpi-8a,rpi-8a,rpi-8a,rpi-8a,rpi-8a,rpi-8b
291,rpi-8a,rpi-8a,rpi-8b,rpi-8a,rpi-8a,rpi-8a,rpi-8a,rpi-8b
292,rpi-8a,rpi-8a,rpi-8a,rpi-8a,rpi-8a,rpi-8a,rpi-8a,rpi-8a
293,rpi-8a,rpi-8a,rpi-8a,rpi-8a,rpi-8a,rpi-8a,rpi-8a,rpi-8a
294,rpi-8a,rpi-8a,rpi-8a,rpi-8a,rpi-8a,rpi-8a,rpi-8a,rpi-8a
295,rpi-8a,rpi-8a,rpi-8a,rpi-8a,rpi-8a,rpi-8a,rpi-8a,rpi-8a
296,rpi-8a,rpi-8a,rpi-8a,rpi-8a,rpi-8b,rpi-8a,rpi-8a,rpi-8a
297,rpi-8a,rpi-8d,rpi-8a,rpi-8a,rpi-8a,rpi-8a,rpi-8a,rpi-8a
298,rpi-8a,rpi-8a,rpi-8b,rpi-8a,rpi-8a,rpi-8a,rpi-8a,rpi-8b
299,rpi-8a,rpi-8a,rpi-8a,rpi-8a,rpi-8a,rpi-8a,rpi-8a,rpi-8a
300,rpi-8a,rpi-8a,rpi-8a,rpi-8a,rpi-8a,rpi-8a,rpi-8a,rpi-8a
301,rpi-8a,rpi-8a,rpi-8a,rpi-8b,rpi-8a,rpi-8a,rpi-8b,rpi-8a
302,rpi-8a,rpi-8a,rpi-8a,rpi-8a,rpi-8a,rpi-8a,rpi-8a,rpi-8a
303,rpi-8a,rpi-8a,rpi-8a,rpi-8a,rpi-8a,rpi-8a,rpi-8a,rpi-8a
304,rpi-8a,rpi-8a,rpi-8a,rpi-8a,rpi-8a,rpi-8a,rpi-8a,rpi-8a
305,rpi-8a,rpi-8a,rpi-8a,rpi-8a,rpi-8a,rpi-8a,rpi-8a,rpi-8a
306,rpi-8a,rpi-8a,rpi-8a,rpi-8a,rpi-8a,rpi-8a,rpi-8b,rpi-8a
307,rpi-8a,rpi-8a,rpi-8c,rpi-8a,rpi-8a,rpi-8a,rpi-8a,rpi-8a
308,rpi-8a,rpi-8a,rpi-8a,rpi-8a,rpi-8a,rpi-8a,rpi-8a,rpi-8a
309,rpi-8a,rpi-8a,rpi-8a,rpi-8a,rpi-8a,rpi-8a,rpi-8a,rpi-8a
310,rpi-8a,rpi-8a,rpi-8a,rpi-8a,rpi-8a,rpi-8b,rpi-8a,rpi-8a
311,rpi-8a,rpi-8a,rpi-8a,rpi-8a,rpi-8b,rpi-8a,rpi-8a,rpi-8b
312,rpi-8a,rpi-8a,rpi-8a,rpi-8a,rpi-8a,rpi-8a,rpi-8a,rpi-8a
313,rpi-8a,rpi-8a,rpi-8a,rpi-8a,rpi-8a,rpi-8a,rpi-8a,rpi-8a
314,rpi-8a,rpi-8a,rpi-8a,rpi-8a,rpi-8a,rpi-8a,rpi-8a,rpi-8b
315,rpi-8a,rpi-8a,rpi-8a,rpi-8a,rpi-8a,rpi-8a,rpi-8a,rpi-8a
316,rpi-8a,rpi-8a,rpi-8a,rpi-8a,rpi-8a,rpi-8a,rpi-8a,rpi-8a
317,rpi-8a,rpi-8a,rpi-8a,rpi-8a,rpi-8a,rpi-8a,rpi-8a,rpi-8a
318,rpi-8a,rpi-8a,rpi-8a,rpi-8a,rpi-8a,rpi-8a,rpi-8a,rpi-8a
319,rpi-8a,rpi-8a,rpi-8a,rpi-8a,rpi-8a,rpi-8a,rpi-8a,rpi-8b
320,rpi-8a,rpi-8a,rpi-8a,rpi-8a,rpi-8a,rpi-8a,rpi-8a,rpi-8a
321,rpi-8a,rpi-8b,rpi-8a,rpi-8a,rpi-8b,rpi-8b,rpi-8a,rpi-8a
322,rpi-8a,rpi-8a,rpi-8a,rpi-8a,rpi-8a,rpi-8a,rpi-8a,rpi-8a
323,rpi-8a,rpi-8a,rpi-8a,rpi-8a,rpi-8a,rpi-8a,rpi-8a,rpi-8a
324,rpi-8a,rpi-8a,rpi-8a,rpi-8a,rpi-8a,rpi-8a,rpi-8a,rpi-8a
325,rpi-8a,rpi-8a,rpi-8a,rpi-8a,rpi-8a,rpi-8a,rpi-8a,rpi-8a
326,rpi-8a,rpi-8a,rpi-8a,rpi-8a,rpi-8a,rpi-8a,rpi-8a,rpi-8a
327,rpi-8a,rpi-8a,rpi-4a,rpi-8a,rpi-8a,rpi-8a,rpi-8b,rpi-8a
328,rpi-8a,rpi-8a,rpi-8a,rpi-8a,rpi-8a,rpi-8a,rpi-8a,rpi-8a
329,rpi-8a,rpi-8a,rpi-8a,rpi-8a,rpi-8a,rpi-8a,rpi-8a,rpi-8a
330,rpi-8a,rpi-8a,rpi-8a,rpi-8a,rpi-8b,rpi-8a,rpi-8a,rpi-8a
331,rpi-8a,rpi-8a,rpi-8a,rpi-8a,rpi-8b,rpi-8a,rpi-8b,rpi-8a
332,rpi-8a,rpi-8a,rpi-8a,rpi-8a,rpi-8a,rpi-8a,rpi-8a,rpi-8a
333,rpi-8a,rpi-8a,rpi-8b,rpi-8a,rpi-8a,rpi-8a,rpi-8a,rpi-8a
334,rpi-8a,rpi-8a,rpi-8a,rpi-8a,rpi-8a,rpi-8a,rpi-8a,rpi-8a
335,rpi-8a,rpi-8a,rpi-8a,rpi-8a,rpi-8a,rpi-8a,rpi-8a,rpi-8a
336,rpi-8a,rpi-8a,rpi-8a,rpi-8a,rpi-8b,rpi-8a,rpi-8a,rpi-8a
337,rpi-8a,rpi-8b,rpi-8a,rpi-8a,rpi-8b,rpi-8a,rpi-8a,rpi-8a
338,rpi-8a,rpi-8a,rpi-8a,rpi-8a,rpi-8a,rpi-8a,rpi-8a,rpi-8b
339,rpi-8a,rpi-8b,rpi-8a,rpi-8a,rpi-8a,rpi-8b,rpi-8a,rpi-8a
340,rpi-8a,rpi-8a,rpi-8a,rpi-8a,rpi-8a,rpi-8a,rpi-8a,rpi-8a
341,rpi-8a,rpi-8a,rpi-8a,rpi-8a,rpi-8a,rpi-8b,rpi-8a,rpi-8a
342,rpi-8d,rpi-8d,rpi-8d,rpi-8d,rpi-8d,rpi-8c,rpi-8d,rpi-8d
343,rpi-8d,rpi-4a,rpi-8c,rpi-8c,rpi-8c,rpi-8d,rpi-8d,rpi-8d
344,rpi-8d,rpi-8c,rpi-8d,rpi-8d,rpi-8d,rpi-8d,rpi-4a,rpi-8d
345,rpi-8d,rpi-8d,rpi-4a,rpi-8d,rpi-8d,rpi-4a,rpi-8d,rpi-8d
346,rpi-8d,rpi-4a,rpi-8d,rpi-8c,rpi-8d,rpi-8d,rpi-8d,rpi-8d
347,rpi-8d,rpi-8d,rpi-8d,rpi-8c,rpi-8c,rpi-8c,rpi-8d,rpi-8d
348,rpi-8d,rpi-8c,rpi-8c,rpi-4a,rpi-8d,rpi-8c,rpi-8d,rpi-8c
349,rpi-8d,rpi-8d,rpi-4a,rpi-8d,rpi-8d,rpi-4a,rpi-8d,rpi-8d
350,rpi-8d,rpi-8d,rpi-8d,rpi-8d,rpi-4a,rpi-4a,rpi-8c,rpi-8d
351,rpi-8d,rpi-8d,rpi-8d,rpi-8d,rpi-8d,rpi-8c,rpi-8d,rpi-4a
352,rpi-8d,rpi-8d,rpi-8d,rpi-8c,rpi-8d,rpi-8d,rpi-8d,rpi-8d
353,rpi-8d,rpi-8d,rpi-8d,rpi-8d,rpi-8c,rpi-8d,rpi-4a,rpi-8d
354,rpi-8d,rpi-8d,rpi-8c,rpi-8c,rpi-8d,rpi-8c,rpi-8d,rpi-8d
355,rpi-8d,rpi-8c,rpi-8d,rpi-8d,rpi-8d,rpi-8d,rpi-8c,rpi-8d
356,rpi-8d,rpi-4a,rpi-8d,rpi-8d,rpi-8d,rpi-8c,rpi-8d,rpi-8d
357,rpi-8d,rpi-8c,rpi-8c,rpi-8d,rpi-8d,rpi-4a,rpi-4a,rpi-8d
358,rpi-8d,rpi-8d,rpi-8d,rpi-8c,rpi-8d,rpi-8c,rpi-8d,rpi-4a
359,rpi-8d,rpi-8d,rpi-8d,rpi-4a,rpi-8c,rpi-8d,rpi-8d,rpi-8d
360,rpi-8d,rpi-8d,rpi-8d,rpi-8d,rpi-8d,rpi-8d,rpi-8d,rpi-8d
361,rpi-8d,rpi-8d,rpi-8c,rpi-4a,rpi-8c,rpi-8d,rpi-8c,rpi-4a
362,rpi-8d,rpi-8d,rpi-8d,rpi-8d,rpi-8d,rpi-8d,rpi-8d,rpi-8d
363,rpi-8d,rpi-8d,rpi-8c,rpi-8c,rpi-8d,rpi-8d,rpi-8d,rpi-8d
364,rpi-8d,rpi-8b,rpi-8d,rpi-8d,rpi-8d,rpi-8d,rpi-8d,rpi-8d
365,rpi-8d,rpi-8d,rpi-8d,rpi-8d,rpi-8d,rpi-8d,rpi-8d,rpi-8d
366,rpi-8d,rpi-8c,rpi-8d,rpi-8a,rpi-8c,rpi-8c,rpi-8d,rpi-8d
367,rpi-8d,rpi-4a,rpi-8d,rpi-8c,rpi-8d,rpi-8d,rpi-8d,rpi-8d
368,rpi-8d,rpi-8d,rpi-8c,rpi-8c,rpi-8c,rpi-8d,rpi-8d,rpi-8c
369,rpi-8d,rpi-8d,rpi-8c,rpi-8c,rpi-8d,rpi-8d,rpi-8d,rpi-8d
370,rpi-8d,rpi-8d,rpi-8d,rpi-8d,rpi-8d,rpi-8d,rpi-8d,rpi-8d
371,rpi-8d,rpi-8d,rpi-8c,rpi-8d,rpi-8d,rpi-8c,rpi-8c,rpi-8b
372,rpi-8d,rpi-8d,rpi-8d,rpi-8d,rpi-8d,rpi-8c,rpi-8d,rpi-8d
373,rpi-8d,rpi-8d,rpi-8c,rpi-8d,rpi-8d,rpi-8d,rpi-8c,rpi-8d
374,rpi-8d,rpi-8d,rpi-8b,rpi-4a,rpi-8d,rpi-8d,rpi-8d,rpi-8d
375,rpi-8d,rpi-8c,rpi-4a,rpi-8b,rpi-8d,rpi-8d,rpi-8d,rpi-8c
376,rpi-8d,rpi-8d,rpi-8d,rpi-8d,rpi-8d,rpi-8a,rpi-4a,rpi-4a
377,rpi-8d,rpi-8c,rpi-8c,rpi-4a,rpi-8c,rpi-8d,rpi-8c,rpi-8d
378,rpi-8d,rpi-8d,rpi-8d,rpi-8c,rpi-8a,rpi-8c,rpi-8d,rpi-8d
379,rpi-8d,rpi-8c,rpi-8c,rpi-8d,rpi-8d,rpi-8d,rpi-4a,rpi-8d
380,rpi-8d,rpi-8d,rpi-8c,rpi-8c,rpi-8d,rpi-8d,rpi-8d,rpi-8a
381,rpi-8d,rpi-4a,rpi-8c,rpi-8d,rpi-8d,rpi-8d,rpi-8c,rpi-8c
382,rpi-8d,rpi-8d,rpi-8d,rpi-8d,rpi-8d,rpi-8d,rpi-8d,rpi-8c
383,rpi-8d,rpi-8d,rpi-8d,rpi-8c,rpi-4a,rpi-4a,rpi-8d,rpi-8d
384,rpi-8d,rpi-8c,rpi-8d,rpi-8d,rpi-8d,rpi-8c,rpi-4a,rpi-8c
385,rpi-8d,rpi-8c,rpi-8d,rpi-8d,rpi-8d,rpi-8d,rpi-8d,rpi-8d
386,rpi-8d,rpi-8c,rpi-8d,rpi-8d,rpi-8d,rpi-8d,rpi-8d,rpi-8c
387,rpi-8d,rpi-8d,rpi-8d,rpi-8c,rpi-8d,rpi-8d,rpi-8d,rpi-8d
388,rpi-8d,rpi-8d,rpi-8d,rpi-8c,rpi-8d,rpi-8d,rpi-8d,rpi-8c
389,rpi-8d,rpi-8c,rpi-8d,rpi-8c,rpi-8c,rpi-8d,rpi-8d,rpi-8d
390,rpi-8d,rpi-8c,rpi-8d,rpi-8d,rpi-8c,rpi-8c,rpi-8c,rpi-8c
391,rpi-8d,rpi-8b,rpi-8d,rpi-4a,rpi-8c,rpi-8d,rpi-8c,rpi-4a
392,rpi-8d,rpi-8d,rpi-8d,rpi-8d,rpi-8d,rpi-8a,rpi-8d,rpi-8d
393,rpi-8d,rpi-8d,rpi-8d,rpi-8d,rpi-8d,rpi-8d,rpi-8c,rpi-4a
394,rpi-8d,rpi-8d,rpi-8d,rpi-8c,rpi-8d,rpi-8d,rpi-8d,rpi-8d
395,rpi-8d,rpi-4a,rpi-8d,rpi-8d,rpi-8d,rpi-8d,rpi-8d,rpi-8c
396,rpi-8d,rpi-8d,rpi-8d,rpi-8d,rpi-8d,rpi-8c,rpi-4a,rpi-8d
397,rpi-8d,rpi-8d,rpi-8d,rpi-8d,rpi-8d,rpi-8d,rpi-8d,rpi-8d
398,rpi-8d,rpi-8d,rpi-8c,rpi-4a,rpi-8d,rpi-8d,rpi-4a,rpi-8d
399,rpi-8d,rpi-8d,rpi-8d,rpi-8c,rpi-8d,rpi-8d,rpi-8d,rpi-4a
400,rpi-8d,rpi-8c,rpi-8d,rpi-8c,rpi-8d,rpi-8d,rpi-8c,rpi-8d
401,rpi-8d,rpi-8d,rpi-8d,rpi-8c,rpi-8d,rpi-8c,rpi-8d,rpi-8d
402,rpi-8d,rpi-4a,rpi-8d,rpi-8d,rpi-8d,rpi-8d,rpi-8d,rpi-8d
403,rpi-8d,rpi-8d,rpi-8d,rpi-8d,rpi-8d,rpi-8d,rpi-8d,rpi-8d
404,rpi-8d,rpi-4a,rpi-8d,rpi-8a,rpi-8d,rpi-8d,rpi-8c,rpi-8c
405,rpi-8d,rpi-8d,rpi-4a,rpi-8d,rpi-8c,rpi-8c,rpi-8d,rpi-8d
406,rpi-8d,rpi-8d,rpi-8d,rpi-4a,rpi-4a,rpi-8d,rpi-8d,rpi-8d
407,rpi-8d,rpi-8d,rpi-8d,rpi-8d,rpi-8d,rpi-4a,rpi-4a,rpi-8d
408,rpi-8d,rpi-8d,rpi-8d,rpi-8c,rpi-8c,rpi-8d,rpi-8d,rpi-8d
409,rpi-8d,rpi-8d,rpi-8d,rpi-8d,rpi-8d,rpi-8c,rpi-8d,rpi-8d
410,rpi-8d,rpi-8d,rpi-8c,rpi-8c,rpi-8d,rpi-8d,rpi-8d,rpi-8c
411,rpi-8d,rpi-8d,rpi-4a,rpi-8c,rpi-8d,rpi-8d,rpi-8d,rpi-8d
412,rpi-8d,rpi-8d,rpi-8c,rpi-8d,rpi-4a,rpi-8d,rpi-8d,rpi-8c
413,rpi-8d,rpi-8d,rpi-8c,rpi-8d,rpi-8d,rpi-8d,rpi-8d,rpi-8d
414,rpi-8d,rpi-8d,rpi-8d,rpi-8d,rpi-8d,rpi-8c,rpi-8d,rpi-8d
415,rpi-8d,rpi-8d,rpi-8d,rpi-4a,rpi-4a,rpi-4a,rpi-8d,rpi-8d
416,rpi-8d,rpi-8d,rpi-8d,rpi-8d,rpi-8c,rpi-8d,rpi-8d,rpi-8d
417,rpi-8d,rpi-8c,rpi-8d,rpi-8c,rpi-8d,rpi-8d,rpi-8d,rpi-8c
418,rpi-8d,rpi-8d,rpi-8d,rpi-8d,rpi-8d,rpi-8d,rpi-8d,rpi-8d
419,rpi-8d,rpi-8c,rpi-8d,rpi-8d,rpi-8c,rpi-8c,rpi-8d,rpi-8d
420,rpi-8d,rpi-8d,rpi-8c,rpi-8d,rpi-8d,rpi-8d,rpi-8d,rpi-8d
421,rpi-8d,rpi-4a,rpi-8d,rpi-8d,rpi-8c,rpi-8c,rpi-8c,rpi-8c
422,rpi-8d,rpi-8d,rpi-8c,rpi-8c,rpi-8d,rpi-8c,rpi-8d,rpi-8d
423,rpi-8d,rpi-8d,rpi-8d,rpi-8d,rpi-4a,rpi-8d,rpi-4a,rpi-8d
424,rpi-8d,rpi-4a,rpi-8d,rpi-8d,rpi-8d,rpi-8d,rpi-8d,rpi-8d
425,rpi-8d,rpi-8d,rpi-8d,rpi-8d,rpi-8d,rpi-8d,rpi-8c,rpi-8d
426,rpi-8d,rpi-8d,rpi-8d,rpi-8d,rpi-8d,rpi-8d,rpi-8d,rpi-8d
427,rpi-8d,rpi-8d,rpi-8d,rpi-8d,rpi-8d,rpi-8d,rpi-8d,rpi-8d
428,rpi-8d,rpi-8d,rpi-8d,rpi-8c,rpi-4a,rpi-8c,rpi-8c,rpi-8d
429,rpi-8d,rpi-8d,rpi-8d,rpi-8c,rpi-8c,rpi-8d,rpi-8d,rpi-8d
430,rpi-8d,rpi-8d,rpi-8d,rpi-8d,rpi-8c,rpi-8d,rpi-8d,rpi-4a
431,rpi-8d,rpi-8d,rpi-8d,rpi-8c,rpi-8d,rpi-8d,rpi-8d,rpi-8d
432,rpi-8d,rpi-8d,rpi-8d,rpi-8d,rpi-8d,rpi-8c,rpi-8d,rpi-8d
433,rpi-8d,rpi-8d,rpi-8d,rpi-8c,rpi-8d,rpi-8d,rpi-8d,rpi-4a
434,rpi-8d,rpi-8d,rpi-8d,rpi-8d,rpi-4a,rpi-8d,rpi-8d,rpi-8d
435,rpi-8d,rpi-8d,rpi-8d,rpi-8d,rpi-4a,rpi-8d,rpi-4a,rpi-8d
436,rpi-8d,rpi-8d,rpi-8c,rpi-8d,rpi-8d,rpi-8c,rpi-8d,rpi-8d
437,rpi-8d,rpi-8d,rpi-8d,rpi-8d,rpi-8d,rpi-8d,rpi-8d,rpi-8d
438,rpi-8d,rpi-8d,rpi-8d,rpi-8d,rpi-8d,rpi-8c,rpi-8d,rpi-8d
439,rpi-8d,rpi-8d,rpi-8d,rpi-8d,rpi-8d,rpi-8d,rpi-8d,rpi-8d
440,rpi-8d,rpi-8d,rpi-8d,rpi-8d,rpi-8d,rpi-8d,rpi-8d,rpi-8d
441,rpi-8d,rpi-8c,rpi-8d,rpi-8c,rpi-8d,rpi-8d,rpi-8d,rpi-4a
442,rpi-8d,rpi-8d,rpi-8c,rpi-8c,rpi-8c,rpi-8d,rpi-8c,rpi-8a
443,rpi-8d,rpi-8c,rpi-8d,rpi-4a,rpi-8d,rpi-8d,rpi-8d,rpi-8c
444,rpi-8d,rpi-8d,rpi-8d,rpi-8d,rpi-8d,rpi-8d,rpi-8d,rpi-8c
445,rpi-8d,rpi-8b,rpi-8d,rpi-8d,rpi-8d,rpi-8d,rpi-8d,rpi-8d
446,rpi-8d,rpi-8d,rpi-8d,rpi-8c,rpi-8d,rpi-8d,rpi-8d,rpi-8c
447,rpi-8d,rpi-8d,rpi-8c,rpi-8c,rpi-8d,rpi-8d,rpi-8c,rpi-4a
448,rpi-8d,rpi-8d,rpi-4a,rpi-8c,rpi-8d,rpi-8d,rpi-8c,rpi-8d
449,rpi-8d,rpi-8d,rpi-8d,rpi-8d,rpi-8d,rpi-8d,rpi-8d,rpi-8d
450,rpi-8d,rpi-8d,rpi-8d,rpi-8c,rpi-8c,rpi-8d,rpi-8d,rpi-8d
451,rpi-8d,rpi-8d,rpi-8d,rpi-8d,rpi-8d,rpi-8d,rpi-8d,rpi-8d
452,rpi-8d,rpi-8d,rpi-8d,rpi-4a,rpi-8d,rpi-8c,rpi-8d,rpi-8d
453,rpi-8d,rpi-8c,rpi-8d,rpi-8c,rpi-8c,rpi-8c,rpi-8c,rpi-8d
454,rpi-8d,rpi-8d,rpi-8d,rpi-8d,rpi-8c,rpi-8d,rpi-8d,rpi-8c
455,rpi-8d,rpi-8d,rpi-8d,rpi-8d,rpi-8d,rpi-8c,rpi-8d,rpi-8c
456,rpi-8d,rpi-8d,rpi-4a,rpi-8d,rpi-8d,rpi-8c,rpi-8d,rpi-8d
457,rpi-8d,rpi-8d,rpi-8d,rpi-8d,rpi-8c,rpi-8d,rpi-8d,rpi-8c
458,rpi-8d,rpi-8d,rpi-8d,rpi-8c,rpi-4a,rpi-8c,rpi-8c,rpi-4a
459,rpi-8d,rpi-8d,rpi-8d,rpi-8c,rpi-4a,rpi-8d,rpi-8d,rpi-4a
460,rpi-8d,rpi-8d,rpi-8d,rpi-8d,rpi-8b,rpi-8d,rpi-8d,rpi-8d
461,rpi-8d,rpi-8d,rpi-8c,rpi-8d,rpi-8c,rpi-8d,rpi-8d,rpi-8d
462,rpi-8d,rpi-8d,rpi-8d,rpi-8d,rpi-8c,rpi-8d,rpi-8d,rpi-8d
463,rpi-8d,rpi-8d,rpi-8d,rpi-8d,rpi-4a,rpi-8d,rpi-8d,rpi-8d
464,rpi-8d,rpi-8d,rpi-8d,rpi-8d,rpi-8d,rpi-8d,rpi-8d,rpi-8d
465,rpi-8d,rpi-8d,rpi-8d,rpi-8d,rpi-8d,rpi-4a,rpi-8d,rpi-8d
466,rpi-8d,rpi-8d,rpi-8d,rpi-8d,rpi-8d,rpi-8d,rpi-8d,rpi-8d
467,rpi-8d,rpi-8d,rpi-8d,rpi-8d,rpi-8d,rpi-8d,rpi-8d,rpi-8d
468,rpi-8d,rpi-8d,rpi-8c,rpi-8d,rpi-8d,rpi-8d,rpi-8d,rpi-8c
469,rpi-8d,rpi-4a,rpi-8d,rpi-8c,rpi-8d,rpi-8c,rpi-8d,rpi-4a
470,rpi-8d,rpi-8d,rpi-8d,rpi-8d,rpi-8d,rpi-8c,rpi-8d,rpi-8d
471,rpi-8d,rpi-8d,rpi-8d,rpi-8d,rpi-8d,rpi-8d,rpi-8d,rpi-8d
472,rpi-8d,rpi-4a,rpi-8d,rpi-8d,rpi-8d,rpi-8d,rpi-8c,rpi-8c
473,rpi-8d,rpi-8d,rpi-8d,rpi-8d,rpi-8d,rpi-8d,rpi-4a,rpi-8d
474,rpi-8d,rpi-8c,rpi-8d,rpi-8c,rpi-4a,rpi-8d,rpi-8d,rpi-8c
475,rpi-8d,rpi-8d,rpi-8d,rpi-8d,rpi-8d,rpi-4a,rpi-8c,rpi-8c
476,rpi-8d,rpi-8d,rpi-8d,rpi-8d,rpi-8d,rpi-8d,rpi-8d,rpi-8c
477,rpi-8d,rpi-8d,rpi-8d,rpi-4a,rpi-8c,rpi-8d,rpi-8d,rpi-8b
478,rpi-8d,rpi-8d,rpi-4a,rpi-4a,rpi-8c,rpi-8d,rpi-8c,rpi-8d
479,rpi-8d,rpi-8d,rpi-8d,rpi-8d,rpi-8d,rpi-4a,rpi-8d,rpi-8d
480,rpi-8d,rpi-8d,rpi-8d,rpi-8d,rpi-8c,rpi-8d,rpi-8d,rpi-8d
481,rpi-8d,rpi-4a,rpi-8c,rpi-8c,rpi-8c,rpi-4a,rpi-8c,rpi-8c
482,rpi-8d,rpi-8d,rpi-8d,rpi-8d,rpi-8c,rpi-8d,rpi-8d,rpi-4a
483,rpi-8d,rpi-8d,rpi-8d,rpi-8d,rpi-8c,rpi-8d,rpi-8d,rpi-8d
484,rpi-8d,rpi-8d,rpi-8c,rpi-8d,rpi-8d,rpi-4a,rpi-8c,rpi-8d
485,rpi-8d,rpi-8d,rpi-8d,rpi-8d,rpi-8d,rpi-8d,rpi-8d,rpi-8d
486,rpi-8d,rpi-8d,rpi-8d,rpi-8d,rpi-8c,rpi-8d,rpi-8d,rpi-8c
487,rpi-8d,rpi-8d,rpi-8d,rpi-8d,rpi-8d,rpi-8d,rpi-8c,rpi-8d
488,rpi-8d,rpi-8c,rpi-8d,rpi-8d,rpi-8d,rpi-8d,rpi-8d,rpi-8c
489,rpi-8d,rpi-8d,rpi-8c,rpi-8d,rpi-8d,rpi-8d,rpi-8c,rpi-8c
490,rpi-8d,rpi-8d,rpi-8d,rpi-8d,rpi-8d,rpi-8d,rpi-8d,rpi-8d
491,rpi-8d,rpi-8d,rpi-8c,rpi-8d,rpi-8d,rpi-8c,rpi-8d,rpi-8d
492,rpi-8d,rpi-8d,rpi-8d,rpi-8d,rpi-8c,rpi-8d,rpi-8d,rpi-8d
493,rpi-8d,rpi-8c,rpi-8d,rpi-8d,rpi-8d,rpi-8d,rpi-8d,rpi-8d
494,rpi-8d,rpi-8d,rpi-8c,rpi-8d,rpi-8d,rpi-8d,rpi-8d,rpi-8d
495,rpi-8d,rpi-8c,rpi-8d,rpi-8d,rpi-8d,rpi-8b,rpi-8c,rpi-8d
496,rpi-8d,rpi-8d,rpi-8d,rpi-8c,rpi-4a,rpi-8d,rpi-8c,rpi-8d
497,rpi-8d,rpi-8c,rpi-8c,rpi-8d,rpi-8c,rpi-8d,rpi-4a,rpi-4a
498,rpi-8d,rpi-8d,rpi-8d,rpi-8d,rpi-8d,rpi-8d,rpi-8d,rpi-8d
499,rpi-8d,rpi-8d,rpi-8d,rpi-4a,rpi-8d,rpi-8d,rpi-8d,rpi-8d
500,rpi-8d,rpi-8c,rpi-8d,rpi-8d,rpi-8c,rpi-4a,rpi-8d,rpi-8d
501,rpi-8d,rpi-8d,rpi-8d,rpi-8c,rpi-8d,rpi-8c,rpi-8d,rpi-8d
502,rpi-8d,rpi-8d,rpi-4a,rpi-8c,rpi-8c,rpi-8c,rpi-8c,rpi-8d
503,rpi-8d,rpi-8d,rpi-8d,rpi-8d,rpi-8d,rpi-4a,rpi-8d,rpi-4a
504,rpi-8d,rpi-8d,rpi-8d,rpi-8d,rpi-8d,rpi-4a,rpi-8d,rpi-8d
505,rpi-8d,rpi-8d,rpi-8c,rpi-8d,rpi-8c,rpi-8d,rpi-8c,rpi-8c
506,rpi-8d,rpi-8d,rpi-8d,rpi-8c,rpi-8d,rpi-8d,rpi-8d,rpi-8c
507,rpi-8d,rpi-8d,rpi-8d,rpi-4a,rpi-8d,rpi-8d,rpi-8d,rpi-8d
508,rpi-8d,rpi-8d,rpi-8d,rpi-8d,rpi-8c,rpi-4a,rpi-8d,rpi-8c
509,rpi-8d,rpi-8d,rpi-8c,rpi-8d,rpi-8d,rpi-8d,rpi-8d,rpi-8c
510,rpi-8d,rpi-8d,rpi-8d,rpi-8d,rpi-8d,rpi-8d,rpi-8c,rpi-8d
511,rpi-8d,rpi-8d,rpi-8d,rpi-8d,rpi-8d,rpi-8c,rpi-8c,rpi-8d
512,rpi-8d,rpi-8d,rpi-8c,rpi-8d,rpi-8d,rpi-8c,rpi-8c,rpi-8d
513,rpi-8d,rpi-8d,rpi-8d,rpi-8d,rpi-8d,rpi-8d,rpi-8d,rpi-8d
514,rpi-8c,rpi-8c,rpi-8c,rpi-4a,rpi-4a,rpi-8c,rpi-8c,rpi-8c
515,rpi-8c,rpi-8c,rpi-8c,rpi-8c,rpi-8c,rpi-8d,rpi-8c,rpi-8c
516,rpi-8c,rpi-8c,rpi-8c,rpi-8c,rpi-8c,rpi-8d,rpi-8c,rpi-8c
517,rpi-8c,rpi-4a,rpi-8c,rpi-8c,rpi-8c,rpi-8c,rpi-8c,rpi-8c
518,rpi-8c,rpi-8c,rpi-8d,rpi-8c,rpi-8d,rpi-8c,rpi-8c,rpi-8c
519,rpi-8c,rpi-4a,rpi-8c,rpi-8c,rpi-8c,rpi-8c,rpi-8c,rpi-4a
520,rpi-8c,rpi-8c,rpi-8c,rpi-8d,rpi-8c,rpi-8c,rpi-8d,rpi-8c
521,rpi-8c,rpi-8c,rpi-8c,rpi-4a,rpi-8d,rpi-8c,rpi-8c,rpi-8c
522,rpi-8c,rpi-4a,rpi-8c,rpi-8c,rpi-8c,rpi-8d,rpi-8d,rpi-8c
523,rpi-8c,rpi-8c,rpi-8d,rpi-8d,rpi-8c,rpi-4a,rpi-8c,rpi-8d
524,rpi-8c,rpi-8c,rpi-8d,rpi-8c,rpi-8c,rpi-8c,rpi-8c,rpi-8c
525,rpi-8c,rpi-8c,rpi-8c,rpi-8c,rpi-8c,rpi-8c,rpi-8c,rpi-8c
526,rpi-8c,rpi-8d,rpi-8c,rpi-8d,rpi-8c,rpi-8c,rpi-8c,rpi-8c
527,rpi-8c,rpi-4a,rpi-8c,rpi-8c,rpi-8c,rpi-8c,rpi-8c,rpi-8c
528,rpi-8c,rpi-8c,rpi-8d,rpi-8c,rpi-8d,rpi-8c,rpi-8d,rpi-8c
529,rpi-8c,rpi-8c,rpi-8d,rpi-8c,rpi-8c,rpi-8c,rpi-8d,rpi-8c
530,rpi-8c,rpi-8c,rpi-8d,rpi-8c,rpi-8c,rpi-8c,rpi-8c,rpi-8c
531,rpi-8c,rpi-8c,rpi-8c,rpi-8d,rpi-8c,rpi-8c,rpi-8c,rpi-8d
532,rpi-8c,rpi-8c,rpi-8c,rpi-8c,rpi-8c,rpi-8d,rpi-8c,rpi-8c
533,rpi-8c,rpi-8d,rpi-8c,rpi-8c,rpi-8c,rpi-8d,rpi-8d,rpi-8c
534,rpi-8c,rpi-8c,rpi-8c,rpi-8c,rpi-8c,rpi-8c,rpi-8c,rpi-8c
535,rpi-8c,rpi-8d,rpi-4a,rpi-8c,rpi-8d,rpi-4a,rpi-8c,rpi-8d
536,rpi-8c,rpi-8c,rpi-8c,rpi-8c,rpi-8c,rpi-8c,rpi-8d,rpi-8c
537,rpi-8c,rpi-8c,rpi-8d,rpi-8c,rpi-4a,rpi-8c,rpi-8c,rpi-8d
538,rpi-8c,rpi-8c,rpi-8c,rpi-8d,rpi-8d,rpi-8c,rpi-8c,rpi-8c
539,rpi-8c,rpi-8c,rpi-8c,rpi-8c,rpi-4a,rpi-4a,rpi-8c,rpi-8c
540,rpi-8c,rpi-8c,rpi-8c,rpi-8d,rpi-8c,rpi-8c,rpi-8c,rpi-8c
541,rpi-8c,rpi-8c,rpi-8c,rpi-8c,rpi-8c,rpi-8d,rpi-8c,rpi-8d
542,rpi-8c,rpi-8c,rpi-8d,rpi-8c,rpi-8c,rpi-8c,rpi-8c,rpi-8c
543,rpi-8c,rpi-8c,rpi-8d,rpi-8c,rpi-8c,rpi-8c,rpi-8d,rpi-8c
544,rpi-8c,rpi-8c,rpi-8c,rpi-8c,rpi-8c,rpi-8c,rpi-8c,rpi-8c
545,rpi-8c,rpi-8c,rpi-8c,rpi-8c,rpi-8c,rpi-8c,rpi-8c,rpi-8c
546,rpi-8c,rpi-8c,rpi-8b,rpi-8c,rpi-8c,rpi-8c,rpi-8c,rpi-8b
547,rpi-8c,rpi-8d,rpi-8c,rpi-8c,rpi-8c,rpi-8c,rpi-8c,rpi-8c
548,rpi-8c,rpi-8c,rpi-8c,rpi-8c,rpi-8c,rpi-8c,rpi-8c,rpi-8c
549,rpi-8c,rpi-8c,rpi-8c,rpi-8d,rpi-8c,rpi-8c,rpi-8c,rpi-8d
550,rpi-8c,rpi-4a,rpi-8c,rpi-8b,rpi-4a,rpi-8c,rpi-8c,rpi-8c
551,rpi-8c,rpi-8c,rpi-4a,rpi-8c,rpi-8c,rpi-8c,rpi-8d,rpi-8c
552,rpi-8c,rpi-8d,rpi-8c,rpi-8d,rpi-8c,rpi-8c,rpi-8c,rpi-4a
553,rpi-8c,rpi-8d,rpi-8c,rpi-8c,rpi-8c,rpi-8c,rpi-8c,rpi-8c
554,rpi-8c,rpi-8c,rpi-8c,rpi-8c,rpi-8c,rpi-8c,rpi-8c,rpi-8d
555,rpi-8c,rpi-8c,rpi-8c,rpi-8c,rpi-8d,rpi-4a,rpi-8c,rpi-4a
556,rpi-8c,rpi-8c,rpi-4a,rpi-8c,rpi-8d,rpi-8c,rpi-8c,rpi-8c
557,rpi-8c,rpi-8d,rpi-8d,rpi-8c,rpi-8c,rpi-8c,rpi-8c,rpi-8c
558,rpi-8c,rpi-8c,rpi-8d,rpi-8c,rpi-8c,rpi-8c,rpi-8c,rpi-8c
559,rpi-8c,rpi-8c,rpi-8d,rpi-8c,rpi-8c,rpi-8c,rpi-8c,rpi-8d
560,rpi-8c,rpi-8c,rpi-8c,rpi-8a,rpi-8c,rpi-8c,rpi-8c,rpi-8d
561,rpi-8c,rpi-8c,rpi-8d,rpi-8d,rpi-8c,rpi-8c,rpi-8c,rpi-8c
562,rpi-8c,rpi-4a,rpi-8c,rpi-8c,rpi-8c,rpi-8c,rpi-8c,rpi-8d
563,rpi-8c,rpi-8c,rpi-4a,rpi-8c,rpi-8c,rpi-8d,rpi-8c,rpi-8c
564,rpi-8c,rpi-8c,rpi-8c,rpi-8a,rpi-8c,rpi-8c,rpi-8c,rpi-8c
565,rpi-8c,rpi-8c,rpi-8c,rpi-8c,rpi-8c,rpi-8c,rpi-8c,rpi-8c
566,rpi-8c,rpi-8c,rpi-8c,rpi-8c,rpi-8c,rpi-8c,rpi-8c,rpi-8c
567,rpi-8c,rpi-8d,rpi-4a,rpi-8c,rpi-4a,rpi-8c,rpi-8c,rpi-8d
568,rpi-8c,rpi-8d,rpi-4a,rpi-8c,rpi-8c,rpi-8c,rpi-8d,rpi-8c
569,rpi-8c,rpi-8c,rpi-8b,rpi-8d,rpi-8c,rpi-8c,rpi-8c,rpi-8d
570,rpi-8c,rpi-8c,rpi-8d,rpi-8c,rpi-8c,rpi-8d,rpi-8c,rpi-8c
571,rpi-8c,rpi-8c,rpi-8c,rpi-8c,rpi-8c,rpi-8c,rpi-8c,rpi-8c
572,rpi-8c,rpi-8c,rpi-8c,rpi-8c,rpi-8c,rpi-8c,rpi-4a,rpi-8c
573,rpi-8c,rpi-8c,rpi-8c,rpi-8c,rpi-8c,rpi-8d,rpi-8d,rpi-8c
574,rpi-8c,rpi-8c,rpi-8c,rpi-8c,rpi-8c,rpi-4a,rpi-8c,rpi-8c
575,rpi-8c,rpi-8c,rpi-8c,rpi-8d,rpi-8d,rpi-8d,rpi-4a,rpi-8c
576,rpi-8c,rpi-8c,rpi-8c,rpi-4a,rpi-8d,rpi-8c,rpi-8c,rpi-8c
577,rpi-8c,rpi-8c,rpi-8d,rpi-4a,rpi-8c,rpi-8c,rpi-4a,rpi-8c
578,rpi-8c,rpi-8c,rpi-8c,rpi-8c,rpi-8c,rpi-8c,rpi-8d,rpi-4a
579,rpi-8c,rpi-8c,rpi-8c,rpi-8c,rpi-8d,rpi-8d,rpi-8c,rpi-8c
580,rpi-8c,rpi-8c,rpi-8d,rpi-8c,rpi-8c,rpi-8c,rpi-8d,rpi-8c
581,rpi-8c,rpi-4a,rpi-8c,rpi-8c,rpi-8c,rpi-8c,rpi-8c,rpi-8c
582,rpi-8c,rpi-8c,rpi-8c,rpi-8c,rpi-8c,rpi-8d,rpi-8c,rpi-4a
583,rpi-8c,rpi-8c,rpi-8c,rpi-8d,rpi-8c,rpi-8c,rpi-4a,rpi-8c
584,rpi-8c,rpi-4a,rpi-8c,rpi-8c,rpi-8c,rpi-8c,rpi-8d,rpi-8c
585,rpi-8c,rpi-8d,rpi-8b,rpi-8d,rpi-8c,rpi-8c,rpi-8c,rpi-8c
586,rpi-8c,rpi-8c,rpi-8c,rpi-8d,rpi-8c,rpi-8c,rpi-8d,rpi-8c
587,rpi-8c,rpi-4a,rpi-8c,rpi-8c,rpi-8d,rpi-8d,rpi-8c,rpi-8c
588,rpi-8c,rpi-8c,rpi-8c,rpi-8c,rpi-8c,rpi-8c,rpi-8b,rpi-8c
589,rpi-8c,rpi-4a,rpi-8d,rpi-8d,rpi-8c,rpi-8c,rpi-8c,rpi-8c
590,rpi-8c,rpi-8d,rpi-8c,rpi-8c,rpi-8c,rpi-8c,rpi-8c,rpi-8c
591,rpi-8c,rpi-8c,rpi-8c,rpi-8c,rpi-8c,rpi-8c,rpi-8d,rpi-8a
592,rpi-8c,rpi-8d,rpi-8c,rpi-4a,rpi-8c,rpi-8c,rpi-8c,rpi-8c
593,rpi-8c,rpi-8c,rpi-8c,rpi-8d,rpi-8c,rpi-8c,rpi-8d,rpi-8c
594,rpi-8c,rpi-8c,rpi-8d,rpi-8d,rpi-8c,rpi-8c,rpi-8c,rpi-8c
595,rpi-8c,rpi-8c,rpi-8c,rpi-8c,rpi-8c,rpi-8c,rpi-4a,rpi-8c
596,rpi-8c,rpi-8c,rpi-8c,rpi-8d,rpi-8c,rpi-8d,rpi-8d,rpi-8c
597,rpi-8c,rpi-8c,rpi-8c,rpi-8c,rpi-8c,rpi-8d,rpi-4a,rpi-8c
598,rpi-8c,rpi-8d,rpi-8c,rpi-8c,rpi-8c,rpi-8c,rpi-8a,rpi-8c
599,rpi-8c,rpi-8c,rpi-8d,rpi-8d,rpi-8c,rpi-8c,rpi-8c,rpi-8d
600,rpi-8c,rpi-8c,rpi-8c,rpi-8c,rpi-8c,rpi-8d,rpi-4a,rpi-4a
601,rpi-8c,rpi-8c,rpi-8d,rpi-8c,rpi-8c,rpi-8c,rpi-8c,rpi-8c
602,rpi-8c,rpi-8c,rpi-8c,rpi-8c,rpi-4a,rpi-8c,rpi-8d,rpi-8c
603,rpi-8c,rpi-8c,rpi-8c,rpi-8c,rpi-8c,rpi-8d,rpi-8c,rpi-8c
604,rpi-8c,rpi-8c,rpi-8c,rpi-8d,rpi-8d,rpi-8d,rpi-8c,rpi-8c
605,rpi-8c,rpi-8c,rpi-8d,rpi-8d,rpi-8c,rpi-8b,rpi-8c,rpi-8c
606,rpi-8c,rpi-8c,rpi-8c,rpi-8d,rpi-8c,rpi-8c,rpi-8c,rpi-8d
607,rpi-8c,rpi-8d,rpi-8c,rpi-8c,rpi-8d,rpi-8c,rpi-8d,rpi-8c
608,rpi-8c,rpi-8c,rpi-8c,rpi-8c,rpi-8b,rpi-8c,rpi-8c,rpi-8c
609,rpi-8c,rpi-8c,rpi-8c,rpi-8c,rpi-8c,rpi-8c,rpi-8d,rpi-8c
610,rpi-8c,rpi-8c,rpi-8c,rpi-8d,rpi-8c,rpi-8d,rpi-8c,rpi-4a
611,rpi-8c,rpi-8c,rpi-8c,rpi-8d,rpi-8c,rpi-8c,rpi-8d,rpi-8c
612,rpi-8c,rpi-8c,rpi-8c,rpi-8b,rpi-8c,rpi-8c,rpi-8d,rpi-8d
613,rpi-8c,rpi-8c,rpi-8d,rpi-8d,rpi-4a,rpi-8c,rpi-4a,rpi-8c
614,rpi-8c,rpi-8c,rpi-8c,rpi-8c,rpi-8c,rpi-4a,rpi-8d,rpi-8c
615,rpi-8c,rpi-8d,rpi-4a,rpi-8d,rpi-8d,rpi-8c,rpi-8c,rpi-4a
616,rpi-8c,rpi-8c,rpi-8b,rpi-8c,rpi-8c,rpi-8c,rpi-8c,rpi-8c
617,rpi-8c,rpi-8d,rpi-8c,rpi-4a,rpi-8d,rpi-8d,rpi-8c,rpi-8c
618,rpi-8c,rpi-8c,rpi-8c,rpi-8c,rpi-8c,rpi-8c,rpi-8d,rpi-8c
619,rpi-8c,rpi-8c,rpi-8c,rpi-8c,rpi-8c,rpi-8c,rpi-8c,rpi-8c
620,rpi-8c,rpi-8c,rpi-8c,rpi-8c,rpi-8c,rpi-8d,rpi-8c,rpi-8c
621,rpi-8c,rpi-8c,rpi-8c,rpi-8d,rpi-8c,rpi-8c,rpi-8d,rpi-8c
622,rpi-8c,rpi-8c,rpi-8d,rpi-4a,rpi-8c,rpi-8d,rpi-8d,rpi-8c
623,rpi-8c,rpi-8d,rpi-8d,rpi-8c,rpi-8c,rpi-8c,rpi-8c,rpi-8c
624,rpi-8c,rpi-8c,rpi-8c,rpi-8d,rpi-8c,rpi-8c,rpi-8c,rpi-8c
625,rpi-8c,rpi-8c,rpi-8d,rpi-8c,rpi-4a,rpi-8c,rpi-8c,rpi-8c
626,rpi-8c,rpi-8c,rpi-8c,rpi-8c,rpi-8c,rpi-8c,rpi-8c,rpi-8c
627,rpi-8c,rpi-4a,rpi-8c,rpi-8d,rpi-8c,rpi-8c,rpi-8c,rpi-8c
628,rpi-8c,rpi-8d,rpi-8c,rpi-8c,rpi-8c,rpi-8d,rpi-8c,rpi-8c
629,rpi-8c,rpi-8c,rpi-4a,rpi-8c,rpi-8c,rpi-4a,rpi-8c,rpi-8c
630,rpi-8c,rpi-8c,rpi-8c,rpi-4a,rpi-8c,rpi-4a,rpi-8c,rpi-8c
631,rpi-8c,rpi-8c,rpi-8c,rpi-8d,rpi-8c,rpi-8c,rpi-8d,rpi-8d
632,rpi-8c,rpi-8c,rpi-8c,rpi-8c,rpi-8c,rpi-8c,rpi-8c,rpi-8c
633,rpi-8c,rpi-8d,rpi-8c,rpi-8c,rpi-8c,rpi-8d,rpi-8c,rpi-8d
634,rpi-8c,rpi-8c,rpi-8c,rpi-8c,rpi-8c,rpi-8d,rpi-8c,rpi-8c
635,rpi-8c,rpi-8c,rpi-8c,rpi-8c,rpi-8c,rpi-8c,rpi-8c,rpi-8d
636,rpi-8c,rpi-8c,rpi-8c,rpi-4a,rpi-8c,rpi-8c,rpi-8d,rpi-4a
637,rpi-8c,rpi-8c,rpi-8d,rpi-8c,rpi-8b,rpi-8c,rpi-8c,rpi-8c
638,rpi-8c,rpi-8c,rpi-8d,rpi-8c,rpi-8c,rpi-8c,rpi-8c,rpi-8c
639,rpi-8c,rpi-8c,rpi-8c,rpi-8c,rpi-8c,rpi-8c,rpi-8c,rpi-8c
640,rpi-8c,rpi-8c,rpi-8d,rpi-8c,rpi-8c,rpi-8c,rpi-8c,rpi-8c
641,rpi-8c,rpi-8c,rpi-8c,rpi-8c,rpi-8d,rpi-4a,rpi-8c,rpi-8c
642,rpi-8c,rpi-8c,rpi-8c,rpi-8c,rpi-8c,rpi-8c,rpi-8c,rpi-4a
643,rpi-8c,rpi-8c,rpi-8c,rpi-8c,rpi-8c,rpi-8c,rpi-8c,rpi-8c
644,rpi-8c,rpi-8c,rpi-8c,rpi-8c,rpi-8c,rpi-8c,rpi-8c,rpi-8c
645,rpi-8c,rpi-8d,rpi-8d,rpi-8d,rpi-8c,rpi-8c,rpi-8c,rpi-8d
646,rpi-8c,rpi-8c,rpi-8d,rpi-8c,rpi-8c,rpi-8c,rpi-8d,rpi-8c
647,rpi-8c,rpi-8c,rpi-8c,rpi-8c,rpi-8d,rpi-8d,rpi-8c,rpi-8d
648,rpi-8c,rpi-8c,rpi-4a,rpi-4a,rpi-8c,rpi-8c,rpi-8c,rpi-8c
649,rpi-8c,rpi-8c,rpi-4a,rpi-8c,rpi-8d,rpi-8c,rpi-8c,rpi-8c
650,rpi-8c,rpi-8c,rpi-4a,rpi-8c,rpi-8c,rpi-8c,rpi-4a,rpi-8c
651,rpi-8c,rpi-8c,rpi-8c,rpi-8c,rpi-8c,rpi-8c,rpi-8d,rpi-8c
652,rpi-8c,rpi-4a,rpi-8c,rpi-8c,rpi-8c,rpi-4a,rpi-8b,rpi-4a
653,rpi-8c,rpi-8c,rpi-8c,rpi-8c,rpi-8c,rpi-8c,rpi-8c,rpi-8c
654,rpi-8c,rpi-8c,rpi-8c,rpi-8d,rpi-8c,rpi-8c,rpi-8c,rpi-8c
655,rpi-8c,rpi-8c,rpi-4a,rpi-8c,rpi-8c,rpi-8c,rpi-4a,rpi-8c
656,rpi-8c,rpi-8d,rpi-8c,rpi-8c,rpi-8d,rpi-8c,rpi-8c,rpi-8c
657,rpi-8c,rpi-8c,rpi-8c,rpi-8c,rpi-8c,rpi-8c,rpi-8c,rpi-8b
658,rpi-8c,rpi-8c,rpi-8c,rpi-8c,rpi-8c,rpi-8c,rpi-8d,rpi-8c
659,rpi-8c,rpi-8c,rpi-8c,rpi-8c,rpi-8d,rpi-8a,rpi-8c,rpi-4a
660,rpi-8c,rpi-8c,rpi-8c,rpi-8d,rpi-8c,rpi-8c,rpi-8c,rpi-8c
661,rpi-8c,rpi-8c,rpi-8c,rpi-8d,rpi-8c,rpi-8c,rpi-8c,rpi-8b
662,rpi-8c,rpi-4a,rpi-8c,rpi-8d,rpi-8d,rpi-8d,rpi-8c,rpi-8d
663,rpi-8c,rpi-4a,rpi-8c,rpi-8c,rpi-8c,rpi-8d,rpi-8c,rpi-8d
664,rpi-8c,rpi-8c,rpi-8c,rpi-8c,rpi-8c,rpi-8c,rpi-8d,rpi-8b
665,rpi-8c,rpi-8d,rpi-8c,rpi-8c,rpi-8c,rpi-8c,rpi-8c,rpi-8c
666,rpi-8c,rpi-8c,rpi-8c,rpi-8c,rpi-8d,rpi-8c,rpi-8c,rpi-4a
667,rpi-8c,rpi-8d,rpi-8d,rpi-8b,rpi-8c,rpi-8c,rpi-8c,rpi-8d
668,rpi-8c,rpi-8c,rpi-8c,rpi-8c,rpi-8c,rpi-8c,rpi-8c,rpi-8d
669,rpi-8c,rpi-8c,rpi-8c,rpi-8c,rpi-8c,rpi-8c,rpi-8c,rpi-8c
670,rpi-8c,rpi-8d,rpi-8c,rpi-8b,rpi-8d,rpi-8c,rpi-4a,rpi-8c
671,rpi-8c,rpi-8c,rpi-8c,rpi-8c,rpi-8c,rpi-8d,rpi-8d,rpi-8c
672,rpi-8c,rpi-8c,rpi-8d,rpi-8c,rpi-8c,rpi-8c,rpi-4a,rpi-8c
673,rpi-8c,rpi-8c,rpi-8d,rpi-8c,rpi-8d,rpi-8c,rpi-8c,rpi-8c
674,rpi-8c,rpi-8c,rpi-8c,rpi-8c,rpi-8c,rpi-4a,rpi-8c,rpi-4a
675,rpi-8c,rpi-8c,rpi-8c,rpi-8c,rpi-8c,rpi-8d,rpi-8c,rpi-8d
676,rpi-8c,rpi-8d,rpi-8c,rpi-8c,rpi-8c,rpi-8c,rpi-8c,rpi-8d
677,rpi-8c,rpi-8c,rpi-8c,rpi-8c,rpi-8c,rpi-8d,rpi-8c,rpi-8d
678,rpi-8c,rpi-8c,rpi-8c,rpi-8c,rpi-8c,rpi-8c,rpi-8c,rpi-8c
679,rpi-8c,rpi-8d,rpi-8c,rpi-8d,rpi-8c,rpi-8c,rpi-8c,rpi-8c
680,rpi-8c,rpi-8d,rpi-8d,rpi-4a,rpi-8c,rpi-8d,rpi-4a,rpi-8c
681,rpi-8c,rpi-8d,rpi-8d,rpi-4a,rpi-4a,rpi-8c,rpi-8c,rpi-8c
682,rpi-8c,rpi-8d,rpi-8d,rpi-8c,rpi-8d,rpi-8c,rpi-8c,rpi-8c
683,rpi-8c,rpi-8c,rpi-8d,rpi-8c,rpi-8c,rpi-8c,rpi-8c,rpi-8c
684,rpi-8c,rpi-8d,rpi-8d,rpi-8d,rpi-8c,rpi-8c,rpi-8c,rpi-8c
685,rpi-8b,rpi-8b,rpi-8b,rpi-8b,rpi-8b,rpi-8b,rpi-8b,rpi-8b
686,rpi-8b,rpi-8b,rpi-8c,rpi-8a,rpi-8b,rpi-8b,rpi-8b,rpi-8b
687,rpi-8b,rpi-8b,rpi-8b,rpi-8b,rpi-8b,rpi-8b,rpi-8b,rpi-8a
688,rpi-8b,rpi-8b,rpi-8b,rpi-8a,rpi-8b,rpi-8b,rpi-8a,rpi-8b
689,rpi-8b,rpi-8b,rpi-8a,rpi-8a,rpi-8b,rpi-8b,rpi-8b,rpi-8b
690,rpi-8b,rpi-8a,rpi-8b,rpi-8b,rpi-8b,rpi-8a,rpi-8b,rpi-8b
691,rpi-8b,rpi-8a,rpi-8b,rpi-8b,rpi-8b,rpi-8b,rpi-8b,rpi-8b
692,rpi-8b,rpi-8b,rpi-8b,rpi-8b,rpi-8b,rpi-8b,rpi-8b,rpi-8b
693,rpi-8b,rpi-8b,rpi-8b,rpi-8b,rpi-8b,rpi-8a,rpi-8b,rpi-8a
694,rpi-8b,rpi-8b,rpi-8a,rpi-8b,rpi-8b,rpi-8b,rpi-8b,rpi-8b
695,rpi-8b,rpi-8b,rpi-8b,rpi-8b,rpi-8a,rpi-8b,rpi-8a,rpi-8b
696,rpi-8b,rpi-8b,rpi-8b,rpi-8b,rpi-8b,rpi-8b,rpi-8b,rpi-8b
697,rpi-8b,rpi-8b,rpi-8b,rpi-8b,rpi-8b,rpi-8b,rpi-8b,rpi-8b
698,rpi-8b,rpi-8a,rpi-8b,rpi-8b,rpi-8a,rpi-8b,rpi-8a,rpi-8b
699,rpi-8b,rpi-8b,rpi-8b,rpi-8a,rpi-8b,rpi-8b,rpi-8b,rpi-8b
700,rpi-8b,rpi-8a,rpi-8b,rpi-8b,rpi-8a,rpi-8b,rpi-8a,rpi-8b
701,rpi-8b,rpi-8b,rpi-8b,rpi-8b,rpi-8b,rpi-8b,rpi-8b,rpi-8a
702,rpi-8b,rpi-8b,rpi-8b,rpi-8a,rpi-8b,rpi-8b,rpi-8b,rpi-8b
703,rpi-8b,rpi-8b,rpi-8b,rpi-8b,rpi-8b,rpi-8a,rpi-8b,rpi-8b
704,rpi-8b,rpi-8a,rpi-8b,rpi-8a,rpi-8a,rpi-8b,rpi-8b,rpi-8b
705,rpi-8b,rpi-8b,rpi-8b,rpi-8b,rpi-8b,rpi-8b,rpi-8b,rpi-8b
706,rpi-8b,rpi-8b,rpi-8b,rpi-8b,rpi-8b,rpi-8b,rpi-8a,rpi-8a
707,rpi-8b,rpi-8b,rpi-8b,rpi-8a,rpi-8b,rpi-8b,rpi-8b,rpi-8b
708,rpi-8b,rpi-8b,rpi-8b,rpi-8b,rpi-8b,rpi-8b,rpi-8b,rpi-8b
709,rpi-8b,rpi-8b,rpi-8b,rpi-8b,rpi-8b,rpi-8b,rpi-8a,rpi-8b
710,rpi-8b,rpi-8b,rpi-8b,rpi-8b,rpi-8a,rpi-8a,rpi-8b,rpi-8b
711,rpi-8b,rpi-8b,rpi-8b,rpi-8a,rpi-8b,rpi-8b,rpi-8b,rpi-8b
712,rpi-8b,rpi-8a,rpi-8b,rpi-8a,rpi-8b,rpi-8a,rpi-8a,rpi-8b
713,rpi-8b,rpi-8b,rpi-8b,rpi-8b,rpi-8b,rpi-8b,rpi-8b,rpi-8b
714,rpi-8b,rpi-8b,rpi-8b,rpi-8b,rpi-8b,rpi-8a,rpi-8b,rpi-8b
715,rpi-8b,rpi-8b,rpi-4a,rpi-8b,rpi-8b,rpi-8b,rpi-8a,rpi-8a
716,rpi-8b,rpi-8b,rpi-8b,rpi-8b,rpi-8b,rpi-8b,rpi-8b,rpi-8b
717,rpi-8b,rpi-8a,rpi-8b,rpi-8b,rpi-8a,rpi-8b,rpi-8a,rpi-8b
718,rpi-8b,rpi-8b,rpi-8a,rpi-8a,rpi-8b,rpi-8b,rpi-8a,rpi-8b
719,rpi-8b,rpi-8b,rpi-8b,rpi-8b,rpi-8b,rpi-8b,rpi-8b,rpi-8a
720,rpi-8b,rpi-8b,rpi-8a,rpi-8b,rpi-8a,rpi-8b,rpi-8b,rpi-8b
721,rpi-8b,rpi-8a,rpi-8b,rpi-8b,rpi-8b,rpi-8b,rpi-8b,rpi-8b
722,rpi-8b,rpi-8b,rpi-8b,rpi-8b,rpi-8b,rpi-8b,rpi-8b,rpi-8b
723,rpi-8b,rpi-8b,rpi-8b,rpi-8a,rpi-8b,rpi-8b,rpi-8b,rpi-8b
724,rpi-8b,rpi-8b,rpi-8b,rpi-8b,rpi-8b,rpi-8b,rpi-8b,rpi-8b
725,rpi-8b,rpi-8b,rpi-8b,rpi-8a,rpi-8b,rpi-8b,rpi-8b,rpi-8b
726,rpi-8b,rpi-8b,rpi-8b,rpi-8b,rpi-8b,rpi-8b,rpi-8b,rpi-8a
727,rpi-8b,rpi-8b,rpi-8a,rpi-8b,rpi-8b,rpi-8b,rpi-8b,rpi-8b
728,rpi-8b,rpi-8b,rpi-8b,rpi-8b,rpi-8b,rpi-8b,rpi-8b,rpi-8a
729,rpi-8b,rpi-8b,rpi-8b,rpi-8b,rpi-8b,rpi-8b,rpi-8a,rpi-8b
730,rpi-8b,rpi-8b,rpi-8b,rpi-8b,rpi-8b,rpi-8b,rpi-8b,rpi-8b
731,rpi-8b,rpi-8b,rpi-8a,rpi-8b,rpi-8b,rpi-8b,rpi-8b,rpi-8b
732,rpi-8b,rpi-8b,rpi-8a,rpi-8b,rpi-8a,rpi-8b,rpi-8b,rpi-8b
733,rpi-8b,rpi-8c,rpi-8a,rpi-8b,rpi-8a,rpi-8b,rpi-8b,rpi-8b
734,rpi-8b,rpi-8b,rpi-8b,rpi-8b,rpi-8b,rpi-8b,rpi-8b,rpi-8b
735,rpi-8b,rpi-8b,rpi-8b,rpi-8a,rpi-8b,rpi-8b,rpi-8b,rpi-8b
736,rpi-8b,rpi-8a,rpi-8b,rpi-8b,rpi-8b,rpi-8b,rpi-8b,rpi-8a
737,rpi-8b,rpi-8b,rpi-8b,rpi-8b,rpi-8b,rpi-8b,rpi-8b,rpi-8b
738,rpi-8b,rpi-8a,rpi-8c,rpi-8b,rpi-8a,rpi-8b,rpi-8b,rpi-8b
739,rpi-8b,rpi-8b,rpi-8b,rpi-8b,rpi-8a,rpi-8b,rpi-8b,rpi-8b
740,rpi-8b,rpi-8b,rpi-8a,rpi-8b,rpi-8b,rpi-8b,rpi-8b,rpi-8b
741,rpi-8b,rpi-8a,rpi-8b,rpi-8b,rpi-8a,rpi-8b,rpi-8b,rpi-8a
742,rpi-8b,rpi-8b,rpi-8b,rpi-8b,rpi-8b,rpi-8b,rpi-8b,rpi-8b
743,rpi-8b,rpi-8b,rpi-8b,rpi-8b,rpi-8b,rpi-8b,rpi-8b,rpi-8b
744,rpi-8b,rpi-8b,rpi-8b,rpi-8b,rpi-8b,rpi-8a,rpi-8b,rpi-8b
745,rpi-8b,rpi-8b,rpi-8b,rpi-8b,rpi-8b,rpi-8a,rpi-8b,rpi-8b
746,rpi-8b,rpi-8b,rpi-8a,rpi-8b,rpi-8b,rpi-8b,rpi-8a,rpi-8b
747,rpi-8b,rpi-8b,rpi-8b,rpi-8b,rpi-8b,rpi-8b,rpi-8b,rpi-8b
748,rpi-8b,rpi-8b,rpi-8b,rpi-8a,rpi-8b,rpi-8a,rpi-8a,rpi-8b
749,rpi-8b,rpi-8b,rpi-8b,rpi-8b,rpi-8b,rpi-8b,rpi-8b,rpi-8b
750,rpi-8b,rpi-8a,rpi-8a,rpi-8b,rpi-8b,rpi-8b,rpi-8b,rpi-8b
751,rpi-8b,rpi-8b,rpi-8b,rpi-8a,rpi-8b,rpi-8b,rpi-8b,rpi-8b
752,rpi-8b,rpi-8a,rpi-8a,rpi-8a,rpi-8a,rpi-8b,rpi-8a,rpi-8b
753,rpi-8b,rpi-8b,rpi-8b,rpi-8a,rpi-8b,rpi-8b,rpi-8a,rpi-8b
754,rpi-8b,rpi-8b,rpi-8a,rpi-8b,rpi-8b,rpi-8a,rpi-8b,rpi-8b
755,rpi-8b,rpi-8b,rpi-8b,rpi-8a,rpi-8b,rpi-8b,rpi-8b,rpi-8b
756,rpi-8b,rpi-8b,rpi-8a,rpi-8b,rpi-8b,rpi-8b,rpi-8b,rpi-8b
757,rpi-8b,rpi-8b,rpi-8b,rpi-8b,rpi-8b,rpi-8b,rpi-8b,rpi-8b
758,rpi-8b,rpi-8b,rpi-8a,rpi-8b,rpi-8b,rpi-8b,rpi-8b,rpi-8a
759,rpi-8b,rpi-8b,rpi-8b,rpi-8b,rpi-8b,rpi-8b,rpi-8b,rpi-8b
760,rpi-8b,rpi-8b,rpi-8b,rpi-8b,rpi-8b,rpi-8b,rpi-8b,rpi-8b
761,rpi-8b,rpi-8b,rpi-8b,rpi-8b,rpi-8b,rpi-8a,rpi-8a,rpi-8b
762,rpi-8b,rpi-8b,rpi-8b,rpi-8a,rpi-8b,rpi-8b,rpi-8b,rpi-8b
763,rpi-8b,rpi-8b,rpi-8b,rpi-8a,rpi-8b,rpi-8b,rpi-8b,rpi-8b
764,rpi-8b,rpi-8a,rpi-8b,rpi-8b,rpi-8b,rpi-8a,rpi-8b,rpi-8b
765,rpi-8b,rpi-8b,rpi-8a,rpi-8b,rpi-8b,rpi-8b,rpi-8b,rpi-8b
766,rpi-8b,rpi-8b,rpi-8b,rpi-8b,rpi-8b,rpi-8a,rpi-8b,rpi-8b
767,rpi-8b,rpi-8b,rpi-8a,rpi-8b,rpi-8a,rpi-8b,rpi-8a,rpi-8b
768,rpi-8b,rpi-8b,rpi-8b,rpi-8a,rpi-8a,rpi-8b,rpi-8a,rpi-8b
769,rpi-8b,rpi-8b,rpi-8b,rpi-8b,rpi-8b,rpi-8b,rpi-8a,rpi-8b
770,rpi-8b,rpi-8b,rpi-8b,rpi-8b,rpi-8b,rpi-8b,rpi-8b,rpi-8a
771,rpi-8b,rpi-8b,rpi-8a,rpi-8b,rpi-8b,rpi-8b,rpi-8a,rpi-8b
772,rpi-8b,rpi-8b,rpi-8a,rpi-8b,rpi-8b,rpi-8a,rpi-8b,rpi-8b
773,rpi-8b,rpi-8b,rpi-8b,rpi-8b,rpi-8b,rpi-8a,rpi-8b,rpi-8b
774,rpi-8b,rpi-8b,rpi-8b,rpi-8b,rpi-8b,rpi-8b,rpi-8b,rpi-8b
775,rpi-8b,rpi-8b,rpi-8b,rpi-8b,rpi-8b,rpi-8b,rpi-8b,rpi-8b
776,rpi-8b,rpi-8b,rpi-8b,rpi-8b,rpi-8b,rpi-8b,rpi-8b,rpi-8a
777,rpi-8b,rpi-8a,rpi-8b,rpi-8b,rpi-8a,rpi-8b,rpi-8b,rpi-8a
778,rpi-8b,rpi-8b,rpi-8b,rpi-8b,rpi-8b,rpi-8a,rpi-8b,rpi-8b
779,rpi-8b,rpi-8b,rpi-8b,rpi-8b,rpi-8b,rpi-8b,rpi-8b,rpi-8b
780,rpi-8b,rpi-8b,rpi-8b,rpi-8b,rpi-8b,rpi-8b,rpi-8b,rpi-8a
781,rpi-8b,rpi-8b,rpi-8a,rpi-8b,rpi-8b,rpi-8b,rpi-8b,rpi-8b
782,rpi-8b,rpi-8b,rpi-8b,rpi-8b,rpi-8b,rpi-8b,rpi-8b,rpi-8b
783,rpi-8b,rpi-8b,rpi-8b,rpi-8b,rpi-8b,rpi-8b,rpi-8b,rpi-8a
784,rpi-8b,rpi-8b,rpi-8a,rpi-8a,rpi-8b,rpi-8b,rpi-8a,rpi-8b
785,rpi-8b,rpi-8b,rpi-8b,rpi-8b,rpi-8b,rpi-8b,rpi-8b,rpi-8b
786,rpi-8b,rpi-8b,rpi-8b,rpi-8b,rpi-8b,rpi-8b,rpi-8b,rpi-8b
787,rpi-8b,rpi-8a,rpi-8b,rpi-8b,rpi-8b,rpi-8b,rpi-8a,rpi-8b
788,rpi-8b,rpi-8a,rpi-8b,rpi-8b,rpi-8b,rpi-8b,rpi-8b,rpi-8a
789,rpi-8b,rpi-8b,rpi-8b,rpi-8b,rpi-8b,rpi-8b,rpi-8b,rpi-8b
790,rpi-8b,rpi-8b,rpi-8a,rpi-8a,rpi-8b,rpi-8b,rpi-8b,rpi-8b
791,rpi-8b,rpi-8b,rpi-8b,rpi-8b,rpi-8a,rpi-8b,rpi-8a,rpi-8b
792,rpi-8b,rpi-8b,rpi-8b,rpi-8b,rpi-8b,rpi-8b,rpi-8b,rpi-8a
793,rpi-8b,rpi-8b,rpi-8a,rpi-8b,rpi-8a,rpi-8a,rpi-8b,rpi-8b
794,rpi-8b,rpi-8b,rpi-8b,rpi-8b,rpi-8b,rpi-8b,rpi-8b,rpi-8b
795,rpi-8b,rpi-8b,rpi-8a,rpi-8b,rpi-8b,rpi-8a,rpi-8b,rpi-8b
796,rpi-8b,rpi-8a,rpi-8b,rpi-8b,rpi-8b,rpi-8a,rpi-8a,rpi-8b
797,rpi-8b,rpi-8b,rpi-8b,rpi-8a,rpi-8b,rpi-8b,rpi-8b,rpi-8b
798,rpi-8b,rpi-8b,rpi-8b,rpi-8b,rpi-8b,rpi-8b,rpi-8b,rpi-8a
799,rpi-8b,rpi-8b,rpi-8b,rpi-8a,rpi-8b,rpi-8a,rpi-8b,rpi-8b
800,rpi-8b,rpi-8b,rpi-8b,rpi-8b,rpi-8b,rpi-8a,rpi-8b,rpi-8b
801,rpi-8b,rpi-8b,rpi-8b,rpi-8b,rpi-8b,rpi-8b,rpi-8b,rpi-8b
802,rpi-8b,rpi-8a,rpi-8b,rpi-8b,rpi-8b,rpi-8a,rpi-8b,rpi-8b
803,rpi-8b,rpi-8b,rpi-8b,rpi-8b,rpi-8b,rpi-8b,rpi-8b,rpi-8a
804,rpi-8b,rpi-8b,rpi-8b,rpi-8b,rpi-8b,rpi-8b,rpi-8b,rpi-8b
805,rpi-8b,rpi-8b,rpi-8b,rpi-8b,rpi-8b,rpi-8b,rpi-8b,rpi-8b
806,rpi-8b,rpi-8a,rpi-8b,rpi-8b,rpi-8b,rpi-8b,rpi-8b,rpi-8b
807,rpi-8b,rpi-8a,rpi-8b,rpi-8b,rpi-8a,rpi-8a,rpi-8b,rpi-8b
808,rpi-8b,rpi-8b,rpi-8b,rpi-8a,rpi-8b,rpi-8b,rpi-8a,rpi-8b
809,rpi-8b,rpi-8a,rpi-8b,rpi-8b,rpi-8b,rpi-8a,rpi-8a,rpi-8b
810,rpi-8b,rpi-8a,rpi-8b,rpi-8b,rpi-8b,rpi-8b,rpi-8b,rpi-8b
811,rpi-8b,rpi-8a,rpi-8a,rpi-8b,rpi-8b,rpi-8b,rpi-8b,rpi-8b
812,rpi-8b,rpi-8a,rpi-8b,rpi-8b,rpi-8b,rpi-8b,rpi-8b,rpi-8b
813,rpi-8b,rpi-8b,rpi-8b,rpi-8b,rpi-8b,rpi-8a,rpi-8b,rpi-8b
814,rpi-8b,rpi-8b,rpi-8b,rpi-8b,rpi-8b,rpi-8a,rpi-8a,rpi-8b
815,rpi-8b,rpi-8b,rpi-8a,rpi-8a,rpi-8b,rpi-8b,rpi-8b,rpi-8b
816,rpi-8b,rpi-8b,rpi-8b,rpi-8b,rpi-8b,rpi-8b,rpi-8b,rpi-8a
817,rpi-8b,rpi-8a,rpi-8b,rpi-8b,rpi-8b,rpi-8b,rpi-8b,rpi-8b
818,rpi-8b,rpi-8c,rpi-8b,rpi-8b,rpi-8b,rpi-8b,rpi-8b,rpi-8b
819,rpi-8b,rpi-8b,rpi-8a,rpi-8b,rpi-8b,rpi-8b,rpi-8a,rpi-8b
820,rpi-8b,rpi-8b,rpi-8b,rpi-8a,rpi-8b,rpi-8b,rpi-8b,rpi-8b
821,rpi-8b,rpi-8b,rpi-8a,rpi-8b,rpi-8b,rpi-8b,rpi-8b,rpi-8b
822,rpi-8b,rpi-8b,rpi-8a,rpi-8b,rpi-8a,rpi-8b,rpi-8b,rpi-8b
823,rpi-8b,rpi-8b,rpi-8b,rpi-8b,rpi-8b,rpi-8b,rpi-8a,rpi-8a
824,rpi-8b,rpi-8b,rpi-8b,rpi-8a,rpi-8b,rpi-8b,rpi-8b,rpi-8b
825,rpi-8b,rpi-8a,rpi-8b,rpi-8a,rpi-8b,rpi-8b,rpi-8b,rpi-8b
826,rpi-8b,rpi-8b,rpi-8b,rpi-8b,rpi-8b,rpi-8a,rpi-8b,rpi-8a
827,rpi-8b,rpi-8b,rpi-8b,rpi-8b,rpi-8b,rpi-8b,rpi-8b,rpi-8b
828,rpi-8b,rpi-8b,rpi-8b,rpi-8b,rpi-8b,rpi-8b,rpi-8a,rpi-8b
829,rpi-8b,rpi-8b,rpi-8b,rpi-8b,rpi-8b,rpi-8b,rpi-8b,rpi-8b
830,rpi-8b,rpi-8b,rpi-8b,rpi-8b,rpi-8b,rpi-8b,rpi-8b,rpi-8b
831,rpi-8b,rpi-8b,rpi-8b,rpi-8b,rpi-8b,rpi-8b,rpi-8b,rpi-8b
832,rpi-8b,rpi-8b,rpi-8b,rpi-8b,rpi-8b,rpi-8b,rpi-8b,rpi-8b
833,rpi-8b,rpi-8b,rpi-8b,rpi-8b,rpi-8a,rpi-8b,rpi-8b,rpi-8b
834,rpi-8b,rpi-8b,rpi-8b,rpi-8b,rpi-8b,rpi-8a,rpi-8a,rpi-8b
835,rpi-8b,rpi-8b,rpi-8b,rpi-8b,rpi-8a,rpi-8b,rpi-8b,rpi-8b
836,rpi-8b,rpi-8b,rpi-8b,rpi-8a,rpi-8b,rpi-8a,rpi-8b,rpi-8b
837,rpi-8b,rpi-8b,rpi-8b,rpi-8b,rpi-8b,rpi-8b,rpi-8b,rpi-8b
838,rpi-8b,rpi-8b,rpi-8b,rpi-8b,rpi-8b,rpi-8a,rpi-8b,rpi-8b
839,rpi-8b,rpi-8b,rpi-8b,rpi-8a,rpi-8b,rpi-8b,rpi-8b,rpi-8b
840,rpi-8b,rpi-8b,rpi-8b,rpi-8b,rpi-8b,rpi-8b,rpi-8b,rpi-8b
841,rpi-8b,rpi-8b,rpi-8b,rpi-8b,rpi-8a,rpi-8b,rpi-8b,rpi-8b
842,rpi-8b,rpi-8b,rpi-8b,rpi-8b,rpi-8b,rpi-8b,rpi-8b,rpi-8b
843,rpi-8b,rpi-8b,rpi-8b,rpi-8b,rpi-8b,rpi-8b,rpi-8b,rpi-8b
844,rpi-8b,rpi-8b,rpi-8a,rpi-8b,rpi-8b,rpi-8b,rpi-8a,rpi-8a
845,rpi-8b,rpi-8a,rpi-8b,rpi-8b,rpi-8b,rpi-8b,rpi-8a,rpi-8a
846,rpi-8b,rpi-8a,rpi-8b,rpi-8b,rpi-8b,rpi-8b,rpi-8b,rpi-8b
847,rpi-8b,rpi-8b,rpi-8a,rpi-8b,rpi-8b,rpi-8b,rpi-8a,rpi-8b
848,rpi-8b,rpi-8b,rpi-8b,rpi-8b,rpi-8b,rpi-8b,rpi-8b,rpi-8b
849,rpi-8b,rpi-8a,rpi-8a,rpi-8b,rpi-8b,rpi-8b,rpi-8b,rpi-8b
850,rpi-8b,rpi-8b,rpi-8a,rpi-8c,rpi-8b,rpi-8a,rpi-8b,rpi-8b
851,rpi-8b,rpi-8a,rpi-8a,rpi-8b,rpi-8b,rpi-8b,rpi-8b,rpi-8b
852,rpi-8b,rpi-8b,rpi-8a,rpi-8b,rpi-8b,rpi-8a,rpi-8b,rpi-8b
853,rpi-8b,rpi-8b,rpi-8b,rpi-8b,rpi-8b,rpi-8b,rpi-8b,rpi-8b
854,odroid2,odroid2,odroid2,odroid2,odroid2,odroid2,odroid2,odroid2
855,odroid2,odroid2,odroid2,odroid2,odroid2,odroid2,odroid2,odroid2
856,odroid2,odroid2,odroid2,odroid2,odroid2,odroid2,odroid2,odroid2
857,odroid2,odroid2,odroid2,odroid2,odroid2,odroid2,odroid2,odroid2
858,odroid2,odroid2,odroid2,odroid2,odroid2,odroid2,odroid2,odroid2
859,odroid2,odroid2,odroid2,odroid2,odroid2,odroid2,odroid2,odroid2
860,odroid2,odroid2,odroid2,odroid2,odroid2,odroid2,odroid2,odroid2
861,odroid2,odroid2,odroid2,odroid2,odroid2,odroid2,odroid2,odroid2
862,odroid2,odroid2,odroid2,odroid2,odroid2,odroid2,odroid2,odroid2
863,odroid2,odroid2,odroid2,odroid2,odroid2,odroid2,odroid2,odroid2
864,odroid2,odroid2,odroid2,odroid2,odroid2,odroid2,odroid2,odroid2
865,odroid2,odroid2,odroid2,odroid2,odroid2,odroid2,odroid2,odroid2
866,odroid2,odroid2,odroid2,odroid2,odroid2,odroid2,odroid2,odroid2
867,odroid2,odroid2,odroid2,odroid2,odroid2,odroid2,odroid2,odroid2
868,odroid2,odroid2,odroid2,odroid2,odroid2,odroid2,odroid2,odroid2
869,odroid2,odroid2,odroid2,odroid2,odroid2,odroid2,odroid2,odroid2
870,odroid2,odroid2,odroid2,odroid2,odroid2,odroid2,odroid2,odroid2
871,odroid2,odroid2,odroid2,odroid2,odroid2,odroid2,odroid2,odroid2
872,odroid2,odroid2,odroid2,odroid2,odroid2,odroid2,odroid2,odroid2
873,odroid2,odroid2,odroid2,odroid2,odroid2,odroid2,odroid2,odroid2
874,odroid2,odroid2,odroid2,odroid2,odroid2,odroid2,odroid2,odroid2
875,odroid2,odroid2,odroid2,odroid2,odroid2,odroid2,odroid2,odroid2
876,odroid2,odroid2,odroid2,odroid2,odroid2,odroid2,odroid2,odroid2
877,odroid2,odroid2,odroid2,odroid2,odroid2,odroid2,odroid2,odroid2
878,odroid2,odroid2,odroid2,odroid2,odroid2,odroid2,odroid2,odroid2
879,odroid2,odroid2,odroid2,odroid2,odroid2,odroid2,odroid2,odroid2
880,odroid2,odroid2,odroid2,odroid2,odroid2,odroid2,odroid2,odroid2
881,odroid2,odroid2,odroid2,odroid2,odroid2,odroid2,odroid2,odroid2
882,odroid2,odroid2,odroid2,odroid2,odroid2,odroid2,odroid2,odroid2
883,odroid2,odroid2,odroid2,odroid2,odroid2,odroid2,odroid2,odroid2
884,odroid2,odroid2,odroid2,odroid2,odroid2,odroid2,odroid2,odroid2
885,odroid2,odroid2,odroid2,odroid2,odroid2,odroid2,odroid2,odroid2
886,odroid2,odroid2,odroid2,odroid2,odroid2,odroid2,odroid2,odroid2
887,odroid2,odroid2,odroid2,odroid2,odroid2,odroid2,odroid2,odroid2
888,odroid2,odroid2,odroid2,odroid2,odroid2,odroid2,odroid2,odroid2
889,odroid2,odroid2,odroid2,odroid2,odroid2,odroid2,odroid2,odroid2
890,odroid2,odroid2,odroid2,odroid2,odroid2,odroid2,odroid2,odroid2
891,odroid2,odroid2,odroid2,odroid2,odroid2,odroid2,odroid2,odroid2
892,odroid2,odroid2,odroid2,odroid2,odroid2,odroid2,odroid2,odroid2
893,odroid2,odroid2,odroid2,odroid2,odroid2,odroid2,odroid2,odroid2
894,odroid2,odroid2,odroid2,odroid2,odroid2,odroid2,odroid2,odroid2
895,odroid2,odroid2,odroid2,odroid2,odroid2,odroid2,odroid2,odroid2
896,odroid2,odroid2,odroid2,odroid2,odroid2,odroid2,odroid2,odroid2
897,odroid2,odroid2,odroid2,odroid2,odroid2,odroid2,odroid2,odroid2
898,odroid2,odroid2,odroid2,odroid2,odroid2,odroid2,odroid2,odroid2
899,odroid2,odroid2,odroid2,odroid2,odroid2,odroid2,odroid2,odroid2
900,odroid2,odroid2,odroid2,odroid2,odroid2,odroid2,odroid2,odroid2
901,odroid2,odroid2,odroid2,odroid2,odroid2,odroid2,odroid2,odroid2
902,odroid2,odroid2,odroid2,odroid2,odroid2,odroid2,odroid2,odroid2
903,odroid2,odroid2,odroid2,odroid2,odroid2,odroid2,odroid2,odroid2
904,odroid2,odroid2,odroid2,odroid2,odroid2,odroid2,odroid2,odroid2
905,odroid2,odroid2,odroid2,odroid2,odroid2,odroid2,odroid2,odroid2
906,odroid2,odroid3,odroid2,odroid2,odroid2,odroid2,odroid2,odroid2
907,odroid2,odroid2,odroid2,odroid2,odroid2,odroid2,odroid2,odroid2
908,odroid2,odroid2,odroid2,odroid2,odroid2,odroid2,odroid2,odroid2
909,odroid2,odroid2,odroid2,odroid2,odroid2,odroid2,odroid2,odroid2
910,odroid2,odroid2,odroid2,odroid2,odroid2,odroid2,odroid2,odroid2
911,odroid2,odroid2,odroid2,odroid2,odroid2,odroid2,odroid2,odroid2
912,odroid2,odroid2,odroid2,odroid2,odroid2,odroid2,odroid2,odroid2
913,odroid2,odroid2,odroid2,odroid2,odroid2,odroid2,odroid2,odroid2
914,odroid2,odroid2,odroid2,odroid2,odroid2,odroid2,odroid2,odroid2
915,odroid2,odroid2,odroid2,odroid2,odroid2,odroid2,odroid2,odroid2
916,odroid2,odroid2,odroid2,odroid2,odroid2,odroid2,odroid2,odroid2
917,odroid2,odroid2,odroid2,odroid2,odroid2,odroid2,odroid2,odroid2
918,odroid2,odroid2,odroid2,odroid2,odroid2,odroid2,odroid2,odroid2
919,odroid2,odroid2,odroid2,odroid2,odroid2,odroid2,odroid2,odroid2
920,odroid2,odroid2,odroid2,odroid2,odroid2,odroid2,odroid2,odroid2
921,odroid2,odroid2,odroid2,odroid2,odroid2,odroid2,odroid2,odroid2
922,odroid2,odroid2,odroid2,odroid2,odroid2,odroid2,odroid2,odroid2
923,odroid2,odroid2,odroid2,odroid2,odroid2,odroid2,odroid2,odroid2
924,odroid2,odroid2,odroid2,odroid2,odroid2,odroid2,odroid2,odroid2
925,odroid2,odroid2,odroid2,odroid2,odroid2,odroid2,odroid2,odroid2
926,odroid2,odroid2,odroid2,odroid2,odroid2,odroid2,odroid2,odroid2
927,odroid2,odroid2,odroid2,odroid2,odroid2,odroid2,odroid2,odroid2
928,odroid2,odroid2,odroid2,odroid2,odroid2,odroid2,odroid2,odroid2
929,odroid2,odroid2,odroid2,odroid2,odroid2,odroid2,odroid2,odroid2
930,odroid2,odroid2,odroid2,odroid2,odroid2,odroid2,odroid2,odroid2
931,odroid2,odroid2,odroid2,odroid2,odroid2,odroid2,odroid2,odroid2
932,odroid2,odroid2,odroid2,odroid2,odroid2,odroid2,odroid2,odroid2
933,odroid2,odroid2,odroid2,odroid2,odroid2,odroid2,odroid2,odroid2
934,odroid2,odroid2,odroid2,odroid2,odroid2,odroid2,odroid2,odroid2
935,odroid2,odroid2,odroid2,odroid2,odroid2,odroid2,odroid2,odroid2
936,odroid2,odroid2,odroid2,odroid2,odroid2,odroid2,odroid2,odroid2
937,odroid2,odroid2,odroid2,odroid2,odroid2,odroid2,odroid2,odroid2
938,odroid2,odroid2,odroid2,odroid2,odroid2,odroid2,odroid2,odroid2
939,odroid2,odroid2,odroid2,odroid2,odroid2,odroid2,odroid2,odroid2
940,odroid2,odroid2,odroid2,odroid2,odroid2,odroid2,odroid2,odroid2
941,odroid2,odroid2,odroid2,odroid2,odroid2,odroid2,odroid2,odroid2
942,odroid2,odroid2,odroid2,odroid2,odroid2,odroid2,odroid2,odroid2
943,odroid2,odroid2,odroid2,odroid2,odroid2,odroid2,odroid2,odroid2
944,odroid2,odroid2,odroid2,odroid2,odroid2,odroid2,odroid2,odroid2
945,odroid2,odroid2,odroid2,odroid2,odroid2,odroid2,odroid2,odroid2
946,odroid2,odroid2,odroid2,odroid2,odroid2,odroid2,odroid2,odroid2
947,odroid2,odroid2,odroid2,odroid2,odroid2,odroid2,odroid2,odroid2
948,odroid2,odroid2,odroid2,odroid2,odroid2,odroid2,odroid2,odroid2
949,odroid2,odroid2,odroid2,odroid2,odroid2,odroid2,odroid2,odroid2
950,odroid2,odroid2,odroid2,odroid2,odroid2,odroid2,odroid2,odroid2
951,odroid2,odroid2,odroid2,odroid2,odroid2,odroid2,odroid2,odroid2
952,odroid2,odroid2,odroid2,odroid2,odroid2,odroid2,odroid2,odroid2
953,odroid2,odroid2,odroid2,odroid2,odroid2,odroid2,odroid2,odroid2
954,odroid2,odroid2,odroid2,odroid2,odroid2,odroid2,odroid2,odroid2
955,odroid2,odroid2,odroid2,odroid2,odroid2,odroid2,odroid2,odroid2
956,odroid2,odroid2,odroid2,odroid2,odroid2,odroid2,odroid2,odroid2
957,odroid2,odroid2,odroid2,odroid2,odroid2,odroid2,odroid2,odroid2
958,odroid2,odroid2,odroid2,odroid2,odroid2,odroid2,odroid2,odroid2
959,odroid2,odroid2,odroid2,odroid2,odroid2,odroid2,odroid2,odroid2
960,odroid2,odroid2,odroid2,odroid2,odroid2,odroid2,odroid2,odroid2
961,odroid2,odroid2,odroid2,odroid2,odroid2,odroid2,odroid2,odroid2
962,odroid2,odroid2,odroid2,odroid2,odroid2,odroid2,odroid2,odroid2
963,odroid2,odroid2,odroid2,odroid2,odroid2,odroid2,odroid2,odroid2
964,odroid2,odroid2,odroid2,odroid2,odroid2,odroid2,odroid2,odroid2
965,odroid2,odroid2,odroid2,odroid2,odroid2,odroid2,odroid2,odroid2
966,odroid2,odroid2,odroid2,odroid2,odroid2,odroid2,odroid2,odroid2
967,odroid2,odroid2,odroid2,odroid2,odroid2,odroid2,odroid2,odroid2
968,odroid2,odroid2,odroid2,odroid2,odroid2,odroid2,odroid2,odroid2
969,odroid2,odroid2,odroid2,odroid2,odroid2,odroid2,odroid2,odroid2
970,odroid2,odroid2,odroid2,odroid2,odroid2,odroid2,odroid2,odroid2
971,odroid2,odroid2,odroid2,odroid2,odroid2,odroid2,odroid2,odroid2
972,odroid2,odroid2,odroid2,odroid2,odroid3,odroid2,odroid2,odroid2
973,odroid2,odroid2,odroid2,odroid2,odroid2,odroid2,odroid2,odroid2
974,odroid2,odroid2,odroid2,odroid2,odroid2,odroid2,odroid2,odroid3
975,odroid2,odroid2,odroid2,odroid2,odroid2,odroid2,odroid2,odroid2
976,odroid2,odroid2,odroid2,odroid2,odroid2,odroid2,odroid2,odroid2
977,odroid2,odroid2,odroid2,odroid2,odroid2,odroid2,odroid2,odroid2
978,odroid2,odroid2,odroid2,odroid2,odroid2,odroid2,odroid2,odroid2
979,odroid2,odroid2,odroid2,odroid2,odroid2,odroid2,odroid2,odroid2
980,odroid2,odroid2,odroid2,odroid2,odroid2,odroid2,odroid2,odroid2
981,odroid2,odroid2,odroid2,odroid2,odroid2,odroid2,odroid2,odroid2
982,odroid2,odroid2,odroid2,odroid2,odroid2,odroid2,odroid2,odroid2
983,odroid2,odroid2,odroid2,odroid2,odroid2,odroid2,odroid2,odroid2
984,odroid2,odroid2,odroid2,odroid2,odroid2,odroid2,odroid2,odroid2
985,odroid2,odroid2,odroid2,odroid2,odroid2,odroid2,odroid2,odroid2
986,odroid2,odroid2,odroid4,odroid2,odroid2,odroid2,odroid2,odroid2
987,odroid2,odroid2,odroid2,odroid2,odroid2,odroid2,odroid2,odroid2
988,odroid2,odroid2,odroid2,odroid2,odroid2,odroid2,odroid2,odroid2
989,odroid2,odroid2,odroid2,odroid2,odroid2,odroid2,odroid2,odroid2
990,odroid2,odroid2,odroid2,odroid2,odroid2,odroid2,odroid2,odroid2
991,odroid2,odroid2,odroid2,odroid2,odroid2,odroid2,odroid2,odroid2
992,odroid2,odroid2,odroid2,odroid2,odroid2,odroid2,odroid2,odroid2
993,odroid2,odroid2,odroid2,odroid2,odroid2,odroid2,odroid2,odroid2
994,odroid2,odroid2,odroid2,odroid2,odroid2,odroid2,odroid2,odroid2
995,odroid2,odroid2,odroid2,odroid2,odroid1,odroid2,odroid2,odroid2
996,odroid2,odroid2,odroid2,odroid2,odroid2,odroid2,odroid2,odroid2
997,odroid2,odroid2,odroid2,odroid2,odroid2,odroid2,odroid2,odroid2
998,odroid2,odroid2,odroid2,odroid2,odroid2,odroid2,odroid3,odroid2
999,odroid2,odroid2,odroid2,odroid2,odroid2,odroid2,odroid2,odroid2
1000,odroid2,odroid2,odroid2,odroid2,odroid2,odroid2,odroid2,odroid2
1001,odroid2,odroid2,odroid2,odroid2,odroid2,odroid2,odroid1,odroid2
1002,odroid2,odroid2,odroid2,odroid2,odroid2,odroid2,odroid2,odroid2
1003,odroid2,odroid2,odroid2,odroid2,odroid2,odroid2,odroid2,odroid2
1004,odroid2,odroid2,odroid2,odroid2,odroid2,odroid2,odroid2,odroid2
1005,odroid2,odroid2,odroid2,odroid2,odroid2,odroid2,odroid2,odroid2
1006,odroid2,odroid2,odroid2,odroid2,odroid2,odroid2,odroid2,odroid2
1007,odroid2,odroid2,odroid2,odroid2,odroid2,odroid2,odroid2,odroid2
1008,odroid2,odroid2,odroid2,odroid2,odroid2,odroid2,odroid2,odroid2
1009,odroid2,odroid2,odroid2,odroid2,odroid2,odroid2,odroid2,odroid2
1010,odroid2,odroid2,odroid2,odroid2,odroid2,odroid2,odroid2,odroid2
1011,odroid2,odroid2,odroid2,odroid2,odroid2,odroid2,odroid2,odroid2
1012,odroid2,odroid2,odroid2,odroid2,odroid2,odroid2,odroid2,odroid2
1013,odroid2,odroid2,odroid2,odroid2,odroid2,odroid2,odroid2,odroid2
1014,odroid2,odroid2,odroid2,odroid2,odroid2,odroid2,odroid2,odroid2
1015,odroid2,odroid2,odroid2,odroid2,odroid2,odroid2,odroid2,odroid2
1016,odroid2,odroid2,odroid2,odroid2,odroid2,odroid2,odroid2,odroid2
1017,odroid2,odroid2,odroid2,odroid2,odroid2,odroid2,odroid2,odroid2
1018,odroid2,odroid2,odroid2,odroid2,odroid2,odroid2,odroid2,odroid2
1019,odroid2,odroid1,odroid2,odroid2,odroid2,odroid2,odroid2,odroid2
1020,odroid2,odroid2,odroid2,odroid2,odroid2,odroid2,odroid2,odroid2
1021,odroid2,odroid2,odroid2,odroid2,odroid2,odroid2,odroid2,odroid2
1022,odroid2,odroid2,odroid2,odroid2,odroid2,odroid2,odroid2,odroid2
1023,odroid2,odroid2,odroid2,odroid2,odroid2,odroid2,odroid2,odroid2
1024,odroid2,odroid2,odroid2,odroid2,odroid2,odroid2,odroid2,odroid2
1025,odroid2,odroid2,odroid2,odroid2,odroid2,odroid2,odroid2,odroid2
1026,odroid2,odroid2,odroid2,odroid2,odroid2,odroid2,odroid2,odroid2
1027,odroid2,odroid2,odroid2,odroid2,odroid2,odroid2,odroid2,odroid2
1028,odroid2,odroid2,odroid2,odroid2,odroid2,odroid2,odroid2,odroid2
1029,odroid2,odroid2,odroid2,odroid2,odroid2,odroid2,odroid2,odroid2
1030,odroid2,odroid2,odroid2,odroid2,odroid2,odroid2,odroid2,odroid2
1031,odroid2,odroid2,odroid2,odroid2,odroid2,odroid2,odroid2,odroid2
1032,odroid2,odroid2,odroid2,odroid2,odroid2,odroid2,odroid2,odroid2
1033,odroid2,odroid2,odroid2,odroid2,odroid2,odroid2,odroid2,odroid2
1034,odroid2,odroid2,odroid2,odroid2,odroid2,odroid2,odroid2,odroid2
1035,odroid2,odroid2,odroid2,odroid2,odroid2,odroid2,odroid2,odroid2
1036,odroid2,odroid2,odroid2,odroid2,odroid2,odroid2,odroid2,odroid2
1037,odroid2,odroid2,odroid2,odroid1,odroid2,odroid2,odroid2,odroid2
1038,odroid2,odroid2,odroid2,odroid2,odroid2,odroid2,odroid2,odroid2
1039,odroid2,odroid2,odroid2,odroid2,odroid2,odroid2,odroid2,odroid2
1040,odroid2,odroid2,odroid2,odroid2,odroid2,odroid2,odroid2,odroid2
1041,odroid2,odroid2,odroid2,odroid2,odroid2,odroid2,odroid2,odroid2
1042,odroid2,odroid2,odroid2,odroid2,odroid2,odroid2,odroid2,odroid2
1043,odroid2,odroid2,odroid2,odroid2,odroid2,odroid2,odroid2,odroid2
1044,odroid2,odroid2,odroid2,odroid2,odroid2,odroid2,odroid2,odroid2
1045,odroid2,odroid2,odroid2,odroid2,odroid2,odroid2,odroid2,odroid2
1046,odroid2,odroid2,odroid2,odroid2,odroid2,odroid2,odroid2,odroid2
1047,odroid2,odroid2,odroid2,odroid2,odroid2,odroid2,odroid2,odroid2
1048,odroid2,odroid2,odroid2,odroid2,odroid2,odroid2,odroid2,odroid2
1049,odroid2,odroid2,odroid2,odroid2,odroid2,odroid2,odroid2,odroid2
1050,odroid2,odroid2,odroid2,odroid2,odroid2,odroid2,odroid2,odroid2
1051,odroid2,odroid2,odroid2,odroid2,odroid2,odroid2,odroid2,odroid2
1052,odroid2,odroid2,odroid2,odroid2,odroid2,odroid2,odroid2,odroid2
1053,odroid2,odroid2,odroid2,odroid2,odroid2,odroid2,odroid2,odroid2
1054,odroid2,odroid2,odroid2,odroid2,odroid2,odroid2,odroid2,odroid2
1055,odroid2,odroid2,odroid2,odroid2,odroid2,odroid2,odroid2,odroid2
1056,odroid2,odroid2,odroid2,odroid2,odroid2,odroid2,odroid2,odroid2
1057,odroid2,odroid2,odroid3,odroid2,odroid2,odroid2,odroid2,odroid2
1058,odroid2,odroid2,odroid2,odroid2,odroid2,odroid2,odroid2,odroid2
1059,odroid2,odroid2,odroid2,odroid2,odroid2,odroid2,odroid2,odroid2
1060,odroid2,odroid2,odroid2,odroid2,odroid2,odroid2,odroid2,odroid2
1061,odroid2,odroid2,odroid2,odroid2,odroid2,odroid2,odroid2,odroid2
1062,odroid2,odroid2,odroid2,odroid2,odroid2,odroid2,odroid2,odroid2
1063,odroid2,odroid2,odroid2,odroid2,odroid2,odroid2,odroid2,odroid2
1064,odroid2,odroid2,odroid2,odroid2,odroid2,odroid2,odroid2,odroid2
1065,odroid2,odroid2,odroid2,odroid2,odroid2,odroid2,odroid2,odroid2
1066,odroid2,odroid2,odroid2,odroid2,odroid2,odroid2,odroid2,odroid2
1067,odroid2,odroid2,odroid2,odroid2,odroid2,odroid2,odroid2,odroid2
1068,odroid2,odroid2,odroid2,odroid2,odroid2,odroid2,odroid2,odroid2
1069,odroid2,odroid3,odroid2,odroid2,odroid2,odroid2,odroid2,odroid2
1070,odroid2,odroid2,odroid2,odroid2,odroid2,odroid2,odroid2,odroid2
1071,odroid2,odroid2,odroid2,odroid2,odroid2,odroid2,odroid2,odroid2
1072,odroid2,odroid2,odroid2,odroid2,odroid2,odroid2,odroid2,odroid2
1073,odroid2,odroid2,odroid2,odroid2,odroid2,odroid2,odroid2,odroid2
1074,odroid2,odroid2,odroid2,odroid2,odroid2,odroid2,odroid2,odroid2
1075,odroid2,odroid2,odroid2,odroid2,odroid2,odroid2,odroid2,odroid2
1076,odroid2,odroid2,odroid2,odroid2,odroid2,odroid2,odroid2,odroid2
1077,odroid2,odroid2,odroid2,odroid2,odroid2,odroid2,odroid2,odroid2
1078,odroid2,odroid1,odroid2,odroid2,odroid2,odroid2,odroid2,odroid2
1079,odroid2,odroid2,odroid2,odroid2,odroid2,odroid2,odroid2,odroid2
1080,odroid2,odroid2,odroid2,odroid2,odroid2,odroid2,odroid2,odroid2
1081,odroid2,odroid2,odroid2,odroid2,odroid2,odroid2,odroid2,odroid2
1082,odroid2,odroid2,odroid2,odroid2,odroid2,odroid2,odroid2,odroid2
1083,odroid2,odroid2,odroid2,odroid2,odroid2,odroid2,odroid2,odroid2
1084,odroid2,odroid2,odroid2,odroid2,odroid2,odroid2,odroid2,odroid2
1085,odroid2,odroid2,odroid2,odroid2,odroid2,odroid2,odroid2,odroid2
1086,odroid2,odroid2,odroid2,odroid2,odroid2,odroid2,odroid2,odroid2
1087,odroid2,odroid2,odroid2,odroid2,odroid2,odroid2,odroid2,odroid2
1088,odroid2,odroid2,odroid2,odroid2,odroid2,odroid2,odroid2,odroid2
1089,odroid2,odroid2,odroid2,odroid2,odroid2,odroid2,odroid2,odroid2
1090,odroid2,odroid2,odroid2,odroid2,odroid2,odroid2,odroid2,odroid2
1091,odroid2,odroid2,odroid2,odroid2,odroid2,odroid2,odroid2,odroid2
1092,odroid2,odroid2,odroid2,odroid2,odroid2,odroid2,odroid2,odroid2
1093,odroid2,odroid2,odroid2,odroid2,odroid2,odroid2,odroid2,odroid2
1094,odroid2,odroid2,odroid2,odroid2,odroid2,odroid2,odroid3,odroid2
1095,odroid2,odroid2,odroid2,odroid2,odroid2,odroid2,odroid2,odroid2
1096,odroid2,odroid2,odroid2,odroid2,odroid2,odroid2,odroid2,odroid2
1097,odroid2,odroid2,odroid2,odroid2,odroid2,odroid2,odroid2,odroid2
1098,odroid2,odroid2,odroid2,odroid2,odroid2,odroid2,odroid2,odroid2
1099,odroid2,odroid2,odroid2,odroid2,odroid2,odroid2,odroid2,odroid2
1100,odroid2,odroid2,odroid2,odroid2,odroid2,odroid2,odroid2,odroid2
1101,odroid2,odroid2,odroid2,odroid2,odroid2,odroid2,odroid2,odroid2
1102,odroid2,odroid2,odroid2,odroid2,odroid2,odroid2,odroid2,odroid2
1103,odroid2,odroid2,odroid2,odroid2,odroid2,odroid2,odroid2,odroid2
1104,odroid2,odroid2,odroid2,odroid2,odroid2,odroid2,odroid2,odroid2
1105,odroid2,odroid2,odroid2,odroid2,odroid2,odroid2,odroid2,odroid2
1106,odroid2,odroid2,odroid2,odroid2,odroid2,odroid2,odroid2,odroid2
1107,odroid1,odroid1,odroid1,odroid1,odroid1,odroid1,odroid1,odroid1
1108,odroid1,odroid1,odroid1,odroid1,odroid1,odroid1,odroid1,odroid1
1109,odroid1,odroid1,odroid1,odroid1,odroid1,odroid1,odroid1,odroid1
1110,odroid1,odroid1,odroid1,odroid1,odroid1,odroid1,odroid1,odroid1
1111,odroid1,odroid1,odroid1,odroid1,odroid1,odroid1,odroid1,odroid1
1112,odroid1,odroid1,odroid1,odroid1,odroid1,odroid1,odroid1,odroid1
1113,odroid1,odroid1,odroid1,odroid3,odroid1,odroid1,odroid1,odroid1
1114,odroid1,odroid1,odroid1,odroid1,odroid1,odroid1,odroid1,odroid1
1115,odroid1,odroid1,odroid1,odroid1,odroid1,odroid1,odroid1,odroid1
1116,odroid1,odroid1,odroid1,odroid1,odroid1,odroid1,odroid1,odroid1
1117,odroid1,odroid1,odroid1,odroid1,odroid1,odroid1,odroid1,odroid1
1118,odroid1,odroid1,odroid1,odroid1,odroid1,odroid1,odroid1,odroid1
1119,odroid1,odroid1,odroid1,odroid1,odroid1,odroid1,odroid1,odroid1
1120,odroid1,odroid1,odroid1,odroid1,odroid1,odroid1,odroid1,odroid1
1121,odroid1,odroid1,odroid1,odroid1,odroid1,odroid1,odroid1,odroid1
1122,odroid1,odroid1,odroid1,odroid1,odroid1,odroid1,odroid1,odroid1
1123,odroid1,odroid1,odroid1,odroid1,odroid1,odroid1,odroid1,odroid1
1124,odroid1,odroid1,odroid1,odroid1,odroid1,odroid1,odroid1,odroid1
1125,odroid1,odroid1,odroid1,odroid1,odroid1,odroid1,odroid1,odroid1
1126,odroid1,odroid1,odroid1,odroid1,odroid1,odroid1,odroid1,odroid1
1127,odroid1,odroid1,odroid1,odroid1,odroid1,odroid1,odroid1,odroid1
1128,odroid1,odroid1,odroid1,odroid1,odroid1,odroid1,odroid1,odroid1
1129,odroid1,odroid1,odroid1,odroid1,odroid1,odroid1,odroid1,odroid1
1130,odroid1,odroid1,odroid1,odroid1,odroid1,odroid1,odroid1,odroid1
1131,odroid1,odroid1,odroid1,odroid1,odroid1,odroid1,odroid1,odroid1
1132,odroid1,odroid1,odroid1,odroid1,odroid1,odroid1,odroid1,odroid1
1133,odroid1,odroid1,odroid1,odroid1,odroid1,odroid1,odroid1,odroid1
1134,odroid1,odroid1,odroid1,odroid1,odroid1,odroid1,odroid1,odroid1
1135,odroid1,odroid1,odroid1,odroid1,odroid1,odroid1,odroid1,odroid1
1136,odroid1,odroid1,odroid1,odroid1,odroid1,odroid1,odroid1,odroid1
1137,odroid1,odroid1,odroid1,odroid1,odroid1,odroid1,odroid1,odroid1
1138,odroid1,odroid1,odroid1,odroid1,odroid1,odroid1,odroid1,odroid1
1139,odroid1,odroid1,odroid1,odroid1,odroid1,odroid1,odroid1,odroid1
1140,odroid1,odroid1,odroid1,odroid1,odroid1,odroid1,odroid1,odroid1
1141,odroid1,odroid1,odroid1,odroid1,odroid1,odroid1,odroid1,odroid1
1142,odroid1,odroid1,odroid1,odroid1,odroid1,odroid1,odroid1,odroid1
1143,odroid1,odroid1,odroid1,odroid1,odroid1,odroid1,odroid1,odroid1
1144,odroid1,odroid1,odroid1,odroid1,odroid1,odroid1,odroid1,odroid1
1145,odroid1,odroid1,odroid1,odroid1,odroid1,odroid1,odroid1,odroid1
1146,odroid1,odroid1,odroid1,odroid1,odroid1,odroid1,odroid1,odroid1
1147,odroid1,odroid1,odroid1,odroid1,odroid3,odroid1,odroid1,odroid1
1148,odroid1,odroid1,odroid1,odroid1,odroid1,odroid1,odroid1,odroid1
1149,odroid1,odroid1,odroid1,odroid1,odroid1,odroid1,odroid1,odroid1
1150,odroid1,odroid1,odroid1,odroid1,odroid1,odroid1,odroid1,odroid1
1151,odroid1,odroid1,odroid1,odroid1,odroid1,odroid1,odroid1,odroid1
1152,odroid1,odroid1,odroid1,odroid1,odroid1,odroid1,odroid1,odroid1
1153,odroid1,odroid1,odroid1,odroid1,odroid1,odroid1,odroid1,odroid1
1154,odroid1,odroid1,odroid1,odroid1,odroid1,odroid1,odroid1,odroid1
1155,odroid1,odroid1,odroid1,odroid1,odroid1,odroid1,odroid1,odroid1
1156,odroid1,odroid1,odroid1,odroid1,odroid1,odroid1,odroid1,odroid1
1157,odroid1,odroid1,odroid1,odroid1,odroid1,odroid1,odroid1,odroid1
1158,odroid1,odroid1,odroid1,odroid1,odroid1,odroid1,odroid1,odroid1
1159,odroid1,odroid1,odroid1,odroid1,odroid1,odroid1,odroid1,odroid1
1160,odroid1,odroid1,odroid1,odroid1,odroid1,odroid1,odroid1,odroid1
1161,odroid1,odroid1,odroid1,odroid1,odroid1,odroid1,odroid1,odroid1
1162,odroid1,odroid1,odroid1,odroid1,odroid1,odroid1,odroid1,odroid1
1163,odroid1,odroid1,odroid1,odroid1,odroid1,odroid1,odroid1,odroid1
1164,odroid1,odroid1,odroid1,odroid1,odroid1,odroid1,odroid1,odroid1
1165,odroid1,odroid1,odroid1,odroid1,odroid1,odroid1,odroid1,odroid1
1166,odroid1,odroid1,odroid1,odroid1,odroid1,odroid1,odroid1,odroid1
1167,odroid1,odroid1,odroid1,odroid1,odroid1,odroid1,odroid1,odroid1
1168,odroid1,odroid1,odroid1,odroid1,odroid1,odroid1,odroid1,odroid1
1169,odroid1,odroid1,odroid1,odroid1,odroid1,odroid1,odroid1,odroid1
1170,odroid1,odroid1,odroid1,odroid1,odroid1,odroid1,odroid1,odroid1
1171,odroid1,odroid1,odroid1,odroid1,odroid1,odroid1,odroid1,odroid1
1172,odroid1,odroid1,odroid1,odroid1,odroid1,odroid1,odroid1,odroid1
1173,odroid1,odroid1,odroid1,odroid1,odroid1,odroid1,odroid1,odroid1
1174,odroid1,odroid1,odroid1,odroid1,odroid1,odroid1,odroid1,odroid1
1175,odroid1,odroid1,odroid1,odroid1,odroid1,odroid1,odroid1,odroid1
1176,odroid1,odroid1,odroid1,odroid1,odroid1,odroid1,odroid1,odroid1
1177,odroid1,odroid1,odroid1,odroid1,odroid1,odroid1,odroid1,odroid1
1178,odroid1,odroid1,odroid1,odroid1,odroid1,odroid1,odroid1,odroid1
1179,odroid1,odroid1,odroid1,odroid1,odroid1,odroid1,odroid1,odroid1
1180,odroid1,odroid1,odroid1,odroid1,odroid1,odroid1,odroid1,odroid1
1181,odroid1,odroid1,odroid1,odroid1,odroid1,odroid1,odroid1,odroid1
1182,odroid1,odroid1,odroid1,odroid1,odroid1,odroid1,odroid1,odroid1
1183,odroid1,odroid1,odroid1,odroid1,odroid1,odroid3,odroid1,odroid1
1184,odroid1,odroid1,odroid1,odroid1,odroid1,odroid1,odroid1,odroid1
1185,odroid1,odroid3,odroid1,odroid1,odroid1,odroid1,odroid1,odroid1
1186,odroid1,odroid1,odroid1,odroid1,odroid1,odroid1,odroid1,odroid1
1187,odroid1,odroid1,odroid1,odroid1,odroid1,odroid1,odroid1,odroid1
1188,odroid1,odroid1,odroid1,odroid1,odroid1,odroid1,odroid1,odroid1
1189,odroid1,odroid1,odroid1,odroid1,odroid3,odroid1,odroid1,odroid1
1190,odroid1,odroid1,odroid1,odroid1,odroid1,odroid3,odroid1,odroid1
1191,odroid1,odroid1,odroid1,odroid1,odroid1,odroid1,odroid1,odroid1
1192,odroid1,odroid1,odroid1,odroid1,odroid1,odroid1,odroid1,odroid1
1193,odroid1,odroid1,odroid1,odroid1,odroid1,odroid1,odroid1,odroid1
1194,odroid1,odroid1,odroid1,odroid1,odroid1,odroid1,odroid1,odroid1
1195,odroid1,odroid1,odroid1,odroid1,odroid1,odroid1,odroid1,odroid1
1196,odroid1,odroid1,odroid1,odroid1,odroid1,odroid1,odroid1,odroid1
1197,odroid1,odroid1,odroid1,odroid1,odroid1,odroid1,odroid1,odroid1
1198,odroid1,odroid1,odroid1,odroid1,odroid1,odroid1,odroid1,odroid1
1199,odroid1,odroid1,odroid1,odroid1,odroid3,odroid1,odroid1,odroid1
1200,odroid1,odroid1,odroid1,odroid1,odroid1,odroid1,odroid1,odroid1
1201,odroid1,odroid1,odroid1,odroid1,odroid1,odroid1,odroid1,odroid1
1202,odroid1,odroid1,odroid1,odroid1,odroid1,odroid1,odroid1,odroid1
1203,odroid1,odroid1,odroid3,odroid1,odroid1,odroid1,odroid1,odroid1
1204,odroid1,odroid1,odroid1,odroid1,odroid1,odroid1,odroid1,odroid1
1205,odroid1,odroid1,odroid3,odroid1,odroid1,odroid1,odroid1,odroid1
1206,odroid1,odroid1,odroid1,odroid1,odroid1,odroid1,odroid1,odroid1
1207,odroid1,odroid1,odroid1,odroid3,odroid1,odroid1,odroid1,odroid1
1208,odroid1,odroid3,odroid1,odroid1,odroid1,odroid1,odroid1,odroid1
1209,odroid1,odroid1,odroid1,odroid1,odroid1,odroid1,odroid1,odroid1
1210,odroid1,odroid1,odroid1,odroid1,odroid1,odroid1,odroid1,odroid1
1211,odroid1,odroid1,odroid1,odroid1,odroid1,odroid1,odroid1,odroid1
1212,odroid1,odroid1,odroid1,odroid1,odroid1,odroid1,odroid1,odroid1
1213,odroid1,odroid1,odroid1,odroid1,odroid1,odroid1,odroid1,odroid1
1214,odroid1,odroid1,odroid1,odroid1,odroid1,odroid1,odroid1,odroid1
1215,odroid1,odroid1,odroid1,odroid1,odroid1,odroid1,odroid1,odroid1
1216,odroid1,odroid1,odroid1,odroid1,odroid1,odroid1,odroid1,odroid1
1217,odroid1,odroid1,odroid1,odroid1,odroid1,odroid1,odroid1,odroid1
1218,odroid1,odroid1,odroid1,odroid1,odroid1,odroid1,odroid1,odroid1
1219,odroid1,odroid1,odroid1,odroid1,odroid1,odroid1,odroid1,odroid1
1220,odroid1,odroid1,odroid1,odroid1,odroid1,odroid1,odroid1,odroid1
1221,odroid1,odroid1,odroid1,odroid1,odroid1,odroid1,odroid1,odroid1
1222,odroid1,odroid1,odroid1,odroid1,odroid1,odroid1,odroid1,odroid1
1223,odroid1,odroid1,odroid1,odroid1,odroid1,odroid1,odroid1,odroid1
1224,odroid1,odroid1,odroid1,odroid1,odroid1,odroid1,odroid1,odroid1
1225,odroid1,odroid3,odroid1,odroid1,odroid1,odroid1,odroid1,odroid1
1226,odroid1,odroid1,odroid1,odroid1,odroid1,odroid1,odroid1,odroid1
1227,odroid1,odroid1,odroid1,odroid1,odroid1,odroid1,odroid1,odroid1
1228,odroid1,odroid1,odroid1,odroid1,odroid1,odroid1,odroid1,odroid1
1229,odroid1,odroid1,odroid1,odroid1,odroid1,odroid1,odroid1,odroid1
1230,odroid1,odroid1,odroid1,odroid1,odroid1,odroid1,odroid1,odroid1
1231,odroid1,odroid1,odroid1,odroid1,odroid1,odroid1,odroid1,odroid1
1232,odroid1,odroid1,odroid1,odroid1,odroid1,odroid1,odroid1,odroid1
1233,odroid1,odroid1,odroid1,odroid1,odroid1,odroid1,odroid1,odroid1
1234,odroid1,odroid1,odroid1,odroid1,odroid3,odroid3,odroid1,odroid1
1235,odroid1,odroid1,odroid1,odroid1,odroid1,odroid1,odroid1,odroid1
1236,odroid1,odroid1,odroid1,odroid1,odroid1,odroid1,odroid1,odroid1
1237,odroid1,odroid1,odroid1,odroid1,odroid1,odroid1,odroid1,odroid1
1238,odroid1,odroid1,odroid1,odroid1,odroid1,odroid1,odroid1,odroid1
1239,odroid1,odroid1,odroid1,odroid1,odroid1,odroid1,odroid1,odroid1
1240,odroid1,odroid1,odroid1,odroid1,odroid1,odroid1,odroid1,odroid1
1241,odroid1,odroid1,odroid1,odroid1,odroid1,odroid1,odroid1,odroid1
1242,odroid1,odroid1,odroid1,odroid1,odroid1,odroid1,odroid1,odroid1
1243,odroid1,odroid1,odroid1,odroid1,odroid1,odroid1,odroid1,odroid1
1244,odroid1,odroid1,odroid1,odroid1,odroid1,odroid1,odroid1,odroid1
1245,odroid1,odroid1,odroid1,odroid1,odroid1,odroid1,odroid1,odroid1
1246,odroid1,odroid1,odroid1,odroid3,odroid1,odroid1,odroid1,odroid1
1247,odroid1,odroid1,odroid1,odroid1,odroid1,odroid1,odroid1,odroid1
1248,odroid1,odroid1,odroid1,odroid1,odroid1,odroid1,odroid1,odroid3
1249,odroid1,odroid1,odroid1,odroid1,odroid1,odroid1,odroid1,odroid1
1250,odroid1,odroid1,odroid1,odroid1,odroid1,odroid1,odroid1,odroid1
1251,odroid1,odroid1,odroid1,odroid1,odroid1,odroid1,odroid1,odroid1
1252,odroid1,odroid1,odroid1,odroid3,odroid1,odroid1,odroid1,odroid1
1253,odroid1,odroid1,odroid1,odroid1,odroid1,odroid1,odroid1,odroid3
1254,odroid1,odroid1,odroid1,odroid1,odroid1,odroid1,odroid1,odroid1
1255,odroid1,odroid1,odroid1,odroid1,odroid1,odroid1,odroid1,odroid1
1256,odroid1,odroid1,odroid1,odroid1,odroid1,odroid1,odroid1,odroid1
1257,odroid1,odroid1,odroid1,odroid1,odroid1,odroid1,odroid1,odroid1
1258,odroid1,odroid1,odroid1,odroid1,odroid1,odroid1,odroid1,odroid1
1259,odroid1,odroid1,odroid1,odroid1,odroid1,odroid1,odroid1,odroid1
1260,odroid1,odroid1,odroid1,odroid1,odroid1,odroid1,odroid1,odroid1
1261,odroid1,odroid1,odroid1,odroid1,odroid1,odroid1,odroid1,odroid1
1262,odroid1,odroid1,odroid1,odroid1,odroid1,odroid1,odroid1,odroid1
1263,odroid1,odroid1,odroid1,odroid1,odroid1,odroid1,odroid1,odroid1
1264,odroid1,odroid1,odroid1,odroid1,odroid1,odroid1,odroid1,odroid3
1265,odroid1,odroid1,odroid1,odroid1,odroid1,odroid1,odroid1,odroid1
1266,odroid1,odroid1,odroid3,odroid1,odroid1,odroid1,odroid1,odroid1
1267,odroid1,odroid1,odroid1,odroid1,odroid1,odroid1,odroid1,odroid1
1268,odroid1,odroid1,odroid1,odroid1,odroid3,odroid1,odroid1,odroid1
1269,odroid1,odroid1,odroid3,odroid1,odroid1,odroid1,odroid1,odroid1
1270,odroid1,odroid1,odroid1,odroid1,odroid1,odroid1,odroid1,odroid1
1271,odroid1,odroid1,odroid1,odroid1,odroid1,odroid1,odroid1,odroid1
1272,odroid1,odroid1,odroid1,odroid1,odroid1,odroid1,odroid1,odroid1
1273,odroid1,odroid1,odroid1,odroid1,odroid1,odroid1,odroid1,odroid1
1274,odroid1,odroid1,odroid1,odroid1,odroid1,odroid1,odroid1,odroid1
1275,odroid1,odroid1,odroid1,odroid1,odroid1,odroid1,odroid1,odroid1
1276,odroid1,odroid1,odroid1,odroid1,odroid1,odroid1,odroid1,odroid1
1277,odroid1,odroid1,odroid1,odroid1,odroid1,odroid1,odroid1,odroid1
1278,odroid1,odroid1,odroid1,odroid1,odroid1,odroid1,odroid1,odroid1
1279,odroid1,odroid1,odroid1,odroid1,odroid1,odroid1,odroid1,odroid1
1280,odroid1,odroid1,odroid1,odroid1,odroid1,odroid1,odroid1,odroid1
1281,odroid1,odroid1,odroid1,odroid1,odroid1,odroid1,odroid1,odroid1
1282,odroid1,odroid1,odroid1,odroid1,odroid1,odroid1,odroid1,odroid1
1283,odroid1,odroid1,odroid1,odroid1,odroid1,odroid1,odroid1,odroid1
1284,odroid1,odroid1,odroid1,odroid1,odroid1,odroid1,odroid1,odroid1
1285,odroid1,odroid1,odroid1,odroid1,odroid1,odroid1,odroid1,odroid1
1286,odroid1,odroid1,odroid1,odroid1,odroid1,odroid1,odroid1,odroid1
1287,odroid1,odroid1,odroid1,odroid1,odroid1,odroid1,odroid1,odroid1
1288,odroid1,odroid1,odroid1,odroid1,odroid1,odroid1,odroid1,odroid1
1289,odroid1,odroid1,odroid1,odroid1,odroid1,odroid1,odroid1,odroid1
1290,odroid1,odroid1,odroid1,odroid1,odroid1,odroid1,odroid1,odroid1
1291,odroid1,odroid1,odroid1,odroid1,odroid1,odroid1,odroid1,odroid1
1292,odroid1,odroid1,odroid1,odroid1,odroid1,odroid1,odroid1,odroid1
1293,odroid1,odroid1,odroid1,odroid1,odroid1,odroid1,odroid1,odroid1
1294,odroid1,odroid1,odroid1,odroid1,odroid1,odroid1,odroid1,odroid1
1295,odroid1,odroid1,odroid1,odroid1,odroid1,odroid1,odroid1,odroid1
1296,odroid1,odroid1,odroid1,odroid1,odroid1,odroid3,odroid1,odroid1
1297,odroid1,odroid1,odroid1,odroid1,odroid1,odroid3,odroid1,odroid1
1298,odroid1,odroid1,odroid1,odroid1,odroid1,odroid1,odroid1,odroid1
1299,odroid1,odroid1,odroid1,odroid1,odroid1,odroid1,odroid1,odroid1
1300,odroid1,odroid1,odroid1,odroid1,odroid1,odroid1,odroid1,odroid1
1301,odroid1,odroid1,odroid1,odroid1,odroid1,odroid1,odroid1,odroid1
1302,odroid1,odroid1,odroid1,odroid1,odroid3,odroid1,odroid1,odroid1
1303,odroid1,odroid1,odroid1,odroid1,odroid1,odroid1,odroid1,odroid1
1304,odroid1,odroid1,odroid1,odroid1,odroid1,odroid1,odroid1,odroid1
1305,odroid1,odroid1,odroid1,odroid1,odroid1,odroid1,odroid1,odroid1
1306,odroid1,odroid1,odroid1,odroid1,odroid1,odroid1,odroid1,odroid1
1307,odroid1,odroid1,odroid1,odroid1,odroid1,odroid1,odroid1,odroid1
1308,odroid1,odroid1,odroid1,odroid1,odroid1,odroid1,odroid1,odroid1
1309,odroid1,odroid1,odroid1,odroid1,odroid1,odroid1,odroid1,odroid1
1310,odroid1,odroid1,odroid1,odroid1,odroid1,odroid1,odroid1,odroid1
1311,odroid1,odroid1,odroid1,odroid1,odroid1,odroid1,odroid1,odroid1
1312,odroid1,odroid1,odroid1,odroid1,odroid1,odroid1,odroid1,odroid1
1313,odroid1,odroid1,odroid1,odroid1,odroid1,odroid1,odroid1,odroid1
1314,odroid1,odroid1,odroid1,odroid1,odroid1,odroid1,odroid1,odroid1
1315,odroid1,odroid1,odroid1,odroid1,odroid1,odroid1,odroid1,odroid1
1316,odroid1,odroid1,odroid1,odroid1,odroid3,odroid1,odroid1,odroid1
1317,odroid1,odroid3,odroid1,odroid1,odroid1,odroid1,odroid1,odroid1
1318,odroid1,odroid4,odroid1,odroid1,odroid1,odroid1,odroid1,odroid1
1319,odroid1,odroid1,odroid1,odroid1,odroid1,odroid1,odroid1,odroid1
1320,odroid1,odroid1,odroid1,odroid1,odroid1,odroid1,odroid1,odroid1
1321,odroid1,odroid1,odroid1,odroid1,odroid1,odroid1,odroid1,odroid1
1322,odroid1,odroid1,odroid1,odroid1,odroid1,odroid1,odroid1,odroid1
1323,odroid1,odroid1,odroid1,odroid1,odroid1,odroid1,odroid1,odroid1
1324,odroid1,odroid1,odroid1,odroid1,odroid1,odroid3,odroid1,odroid1
1325,odroid1,odroid1,odroid3,odroid1,odroid1,odroid1,odroid1,odroid1
1326,odroid1,odroid1,odroid1,odroid1,odroid1,odroid1,odroid1,odroid1
1327,odroid1,odroid1,odroid1,odroid1,odroid1,odroid1,odroid1,odroid1
1328,odroid1,odroid1,odroid1,odroid1,odroid1,odroid1,odroid1,odroid1
1329,odroid1,odroid1,odroid1,odroid1,odroid1,odroid1,odroid1,odroid1
1330,odroid1,odroid1,odroid1,odroid1,odroid1,odroid1,odroid1,odroid1
1331,odroid1,odroid1,odroid1,odroid1,odroid1,odroid1,odroid1,odroid1
1332,odroid1,odroid1,odroid1,odroid1,odroid1,odroid1,odroid1,odroid1
1333,odroid1,odroid1,odroid1,odroid1,odroid1,odroid1,odroid1,odroid1
1334,odroid1,odroid1,odroid1,odroid1,odroid1,odroid1,odroid1,odroid1
1335,odroid1,odroid1,odroid1,odroid1,odroid1,odroid1,odroid1,odroid1
1336,odroid1,odroid1,odroid1,odroid1,odroid1,odroid1,odroid1,odroid1
1337,odroid1,odroid1,odroid1,odroid1,odroid1,odroid1,odroid1,odroid1
1338,odroid1,odroid1,odroid1,odroid1,odroid1,odroid1,odroid1,odroid1
1339,odroid1,odroid1,odroid1,odroid3,odroid1,odroid1,odroid3,odroid1
1340,odroid1,odroid1,odroid1,odroid1,odroid1,odroid1,odroid1,odroid1
1341,odroid1,odroid1,odroid1,odroid1,odroid1,odroid1,odroid1,odroid1
1342,odroid1,odroid1,odroid1,odroid1,odroid1,odroid1,odroid1,odroid1
1343,odroid1,odroid1,odroid1,odroid1,odroid1,odroid1,odroid1,odroid1
1344,odroid1,odroid1,odroid1,odroid1,odroid1,odroid1,odroid1,odroid1
1345,odroid1,odroid1,odroid1,odroid1,odroid1,odroid1,odroid1,odroid1
1346,odroid1,odroid1,odroid1,odroid1,odroid1,odroid1,odroid1,odroid1
1347,odroid1,odroid1,odroid1,odroid1,odroid1,odroid1,odroid1,odroid1
1348,odroid1,odroid1,odroid1,odroid1,odroid1,odroid1,odroid1,odroid1
1349,odroid1,odroid1,odroid1,odroid1,odroid1,odroid1,odroid1,odroid1
1350,odroid1,odroid1,odroid1,odroid1,odroid1,odroid1,odroid1,odroid1
1351,odroid1,odroid1,odroid1,odroid1,odroid1,odroid1,odroid1,odroid1
1352,odroid1,odroid1,odroid1,odroid1,odroid1,odroid1,odroid1,odroid1
1353,odroid1,odroid1,odroid1,odroid1,odroid1,odroid1,odroid1,odroid1
1354,odroid1,odroid1,odroid1,odroid1,odroid1,odroid1,odroid1,odroid1
1355,odroid1,odroid1,odroid1,odroid1,odroid1,odroid1,odroid1,odroid1
1356,odroid1,odroid1,odroid1,odroid1,odroid1,odroid1,odroid3,odroid1
1357,odroid1,odroid1,odroid1,odroid1,odroid1,odroid1,odroid1,odroid1
1358,odroid1,odroid1,odroid1,odroid1,odroid1,odroid1,odroid1,odroid1
1359,odroid4,odroid4,odroid4,odroid4,odroid4,odroid4,odroid4,odroid4
1360,odroid4,odroid4,odroid4,odroid4,odroid4,odroid4,odroid4,odroid4
1361,odroid4,odroid4,odroid4,odroid4,odroid4,odroid4,odroid4,odroid4
1362,odroid4,odroid4,odroid4,odroid4,odroid4,odroid4,odroid4,odroid4
1363,odroid4,odroid4,odroid4,odroid4,odroid4,odroid4,odroid4,odroid4
1364,odroid4,odroid4,odroid4,odroid4,odroid4,odroid4,odroid4,odroid4
1365,odroid4,odroid4,odroid4,odroid4,odroid4,odroid4,odroid4,odroid4
1366,odroid4,odroid4,odroid4,odroid4,odroid4,odroid4,odroid4,odroid4
1367,odroid4,odroid4,odroid4,odroid4,odroid4,odroid4,odroid4,odroid4
1368,odroid4,odroid4,odroid4,odroid4,odroid4,odroid4,odroid4,odroid4
1369,odroid4,odroid4,odroid4,odroid4,odroid4,odroid4,odroid4,odroid4
1370,odroid4,odroid4,odroid4,odroid4,odroid4,odroid4,odroid4,odroid4
1371,odroid4,odroid4,odroid4,odroid4,odroid4,odroid4,odroid4,odroid4
1372,odroid4,odroid4,odroid4,odroid4,odroid4,odroid4,odroid4,odroid4
1373,odroid4,odroid4,odroid4,odroid4,odroid4,odroid4,odroid4,odroid4
1374,odroid4,odroid4,odroid4,odroid4,odroid4,odroid4,odroid4,odroid4
1375,odroid4,odroid4,odroid4,odroid4,odroid4,odroid4,odroid4,odroid4
1376,odroid4,odroid4,odroid4,odroid4,odroid4,odroid4,odroid4,odroid4
1377,odroid4,odroid4,odroid4,odroid4,odroid4,odroid4,odroid4,odroid4
1378,odroid4,odroid4,odroid4,odroid4,odroid4,odroid4,odroid4,odroid4
1379,odroid4,odroid4,odroid4,odroid4,odroid4,odroid4,odroid4,odroid4
1380,odroid4,odroid4,odroid4,odroid4,odroid4,odroid4,odroid4,odroid4
1381,odroid4,odroid4,odroid4,odroid4,odroid4,odroid4,odroid4,odroid4
1382,odroid4,odroid4,odroid4,odroid4,odroid4,odroid4,odroid4,odroid4
1383,odroid4,odroid4,odroid4,odroid4,odroid4,odroid4,odroid4,odroid4
1384,odroid4,odroid4,odroid4,odroid4,odroid4,odroid4,odroid4,odroid4
1385,odroid4,odroid4,odroid4,odroid4,odroid4,odroid4,odroid4,odroid4
1386,odroid4,odroid4,odroid4,odroid4,odroid4,odroid4,odroid4,odroid4
1387,odroid4,odroid4,odroid4,odroid4,odroid4,odroid4,odroid4,odroid4
1388,odroid4,odroid4,odroid4,odroid4,odroid4,odroid4,odroid4,odroid4
1389,odroid4,odroid4,odroid4,odroid4,odroid4,odroid4,odroid4,odroid4
1390,odroid4,odroid4,odroid4,odroid4,odroid4,odroid4,odroid4,odroid4
1391,odroid4,odroid4,odroid4,odroid4,odroid4,odroid4,odroid4,odroid4
1392,odroid4,odroid4,odroid4,odroid4,odroid4,odroid4,odroid4,odroid4
1393,odroid4,odroid4,odroid4,odroid4,odroid4,odroid4,odroid4,odroid4
1394,odroid4,odroid4,odroid4,odroid4,odroid4,odroid4,odroid4,odroid4
1395,odroid4,odroid4,odroid4,odroid4,odroid4,odroid4,odroid4,odroid4
1396,odroid4,odroid4,odroid4,odroid4,odroid4,odroid4,odroid4,odroid4
1397,odroid4,odroid4,odroid4,odroid4,odroid4,odroid4,odroid4,odroid4
1398,odroid4,odroid4,odroid4,odroid4,odroid4,odroid4,odroid4,odroid4
1399,odroid4,odroid4,odroid4,odroid4,odroid4,odroid4,odroid4,odroid4
1400,odroid4,odroid4,odroid4,odroid4,odroid4,odroid4,odroid4,odroid4
1401,odroid4,odroid4,odroid4,odroid4,odroid4,odroid4,odroid4,odroid4
1402,odroid4,odroid4,odroid4,odroid4,odroid4,odroid4,odroid4,odroid4
1403,odroid4,odroid4,odroid2,odroid4,odroid4,odroid4,odroid4,odroid4
1404,odroid4,odroid4,odroid4,odroid4,odroid4,odroid4,odroid4,odroid4
1405,odroid4,odroid4,odroid4,odroid4,odroid4,odroid4,odroid4,odroid4
1406,odroid4,odroid4,odroid4,odroid4,odroid4,odroid4,odroid4,odroid4
1407,odroid4,odroid4,odroid4,odroid4,odroid4,odroid4,odroid4,odroid4
1408,odroid4,odroid4,odroid4,odroid4,odroid4,odroid4,odroid4,odroid4
1409,odroid4,odroid4,odroid4,odroid4,odroid4,odroid4,odroid4,odroid4
1410,odroid4,odroid4,odroid4,odroid4,odroid4,odroid4,odroid4,odroid4
1411,odroid4,odroid4,odroid4,odroid4,odroid4,odroid4,odroid4,odroid4
1412,odroid4,odroid4,odroid4,odroid4,odroid4,odroid4,odroid4,odroid4
1413,odroid4,odroid4,odroid4,odroid4,odroid4,odroid4,odroid4,odroid4
1414,odroid4,odroid4,odroid4,odroid4,odroid4,odroid4,odroid4,odroid4
1415,odroid4,odroid4,odroid4,odroid4,odroid4,odroid4,odroid4,odroid4
1416,odroid4,odroid4,odroid4,odroid4,odroid4,odroid4,odroid4,odroid4
1417,odroid4,odroid4,odroid4,odroid4,odroid4,odroid4,odroid4,odroid4
1418,odroid4,odroid4,odroid4,odroid4,odroid4,odroid4,odroid4,odroid4
1419,odroid4,odroid4,odroid4,odroid4,odroid4,odroid4,odroid4,odroid4
1420,odroid4,odroid4,odroid4,odroid4,odroid4,odroid4,odroid4,odroid4
1421,odroid4,odroid4,odroid4,odroid4,odroid4,odroid4,odroid4,odroid4
1422,odroid4,odroid4,odroid4,odroid4,odroid4,odroid4,odroid4,odroid4
1423,odroid4,odroid4,odroid4,odroid4,odroid4,odroid4,odroid4,odroid4
1424,odroid4,odroid4,odroid4,odroid4,odroid4,odroid4,odroid4,odroid4
1425,odroid4,odroid4,odroid4,odroid4,odroid4,odroid4,odroid4,odroid4
1426,odroid4,odroid4,odroid4,odroid4,odroid4,odroid4,odroid4,odroid4
1427,odroid4,odroid4,odroid4,odroid4,odroid4,odroid4,odroid4,odroid4
1428,odroid4,odroid4,odroid4,odroid4,odroid4,odroid4,odroid4,odroid4
1429,odroid4,odroid4,odroid4,odroid4,odroid4,odroid4,odroid4,odroid4
1430,odroid4,odroid4,odroid4,odroid4,odroid4,odroid4,odroid4,odroid4
1431,odroid4,odroid4,odroid4,odroid4,odroid4,odroid4,odroid4,odroid4
1432,odroid4,odroid4,odroid4,odroid4,odroid4,odroid4,odroid4,odroid4
1433,odroid4,odroid4,odroid3,odroid4,odroid4,odroid4,odroid4,odroid4
1434,odroid4,odroid4,odroid4,odroid4,odroid4,odroid4,odroid4,odroid4
1435,odroid4,odroid4,odroid4,odroid4,odroid4,odroid4,odroid4,odroid4
1436,odroid4,odroid4,odroid4,odroid4,odroid4,odroid4,odroid4,odroid4
1437,odroid4,odroid4,odroid4,odroid4,odroid4,odroid4,odroid4,odroid4
1438,odroid4,odroid4,odroid4,odroid4,odroid4,odroid4,odroid4,odroid4
1439,odroid4,odroid4,odroid4,odroid4,odroid4,odroid4,odroid4,odroid4
1440,odroid4,odroid4,odroid4,odroid4,odroid4,odroid4,odroid4,odroid4
1441,odroid4,odroid4,odroid4,odroid4,odroid4,odroid4,odroid4,odroid4
1442,odroid4,odroid4,odroid4,odroid4,odroid4,odroid4,odroid4,odroid4
1443,odroid4,odroid4,odroid4,odroid4,odroid4,odroid4,odroid4,odroid4
1444,odroid4,odroid4,odroid4,odroid4,odroid4,odroid4,odroid4,odroid4
1445,odroid4,odroid4,odroid4,odroid4,odroid4,odroid4,odroid4,odroid4
1446,odroid4,odroid4,odroid4,odroid1,odroid4,odroid4,odroid4,odroid4
1447,odroid4,odroid4,odroid4,odroid4,odroid4,odroid4,odroid4,odroid4
1448,odroid4,odroid4,odroid4,odroid4,odroid4,odroid4,odroid4,odroid4
1449,odroid4,odroid4,odroid4,odroid4,odroid4,odroid4,odroid4,odroid4
1450,odroid4,odroid4,odroid4,odroid4,odroid4,odroid4,odroid4,odroid4
1451,odroid4,odroid4,odroid4,odroid4,odroid4,odroid4,odroid4,odroid4
1452,odroid4,odroid4,odroid4,odroid4,odroid4,odroid4,odroid4,odroid4
1453,odroid4,odroid4,odroid4,odroid4,odroid4,odroid4,odroid4,odroid4
1454,odroid4,odroid4,odroid4,odroid4,odroid4,odroid4,odroid4,odroid4
1455,odroid4,odroid4,odroid4,odroid4,odroid4,odroid4,odroid4,odroid4
1456,odroid4,odroid4,odroid4,odroid4,odroid4,odroid4,odroid4,odroid4
1457,odroid4,odroid4,odroid4,odroid4,odroid4,odroid4,odroid4,odroid4
1458,odroid4,odroid4,odroid4,odroid4,odroid4,odroid4,odroid4,odroid4
1459,odroid4,odroid4,odroid4,odroid4,odroid4,odroid4,odroid4,odroid4
1460,odroid4,odroid4,odroid4,odroid4,odroid4,odroid2,odroid4,odroid4
1461,odroid4,odroid4,odroid4,odroid4,odroid4,odroid4,odroid4,odroid4
1462,odroid4,odroid4,odroid4,odroid4,odroid4,odroid4,odroid4,odroid4
1463,odroid4,odroid4,odroid4,odroid4,odroid4,odroid4,odroid4,odroid4
1464,odroid4,odroid4,odroid4,odroid4,odroid4,odroid4,odroid4,odroid4
1465,odroid4,odroid4,odroid4,odroid4,odroid4,odroid4,odroid4,odroid4
1466,odroid4,odroid4,odroid4,odroid4,odroid4,odroid4,odroid4,odroid4
1467,odroid4,odroid4,odroid4,odroid4,odroid4,odroid4,odroid4,odroid4
1468,odroid4,odroid4,odroid4,odroid4,odroid4,odroid4,odroid4,odroid4
1469,odroid4,odroid4,odroid4,odroid4,odroid4,odroid2,odroid4,odroid4
1470,odroid4,odroid4,odroid4,odroid4,odroid4,odroid4,odroid4,odroid4
1471,odroid4,odroid4,odroid4,odroid4,odroid4,odroid4,odroid4,odroid4
1472,odroid4,odroid4,odroid4,odroid4,odroid4,odroid4,odroid4,odroid4
1473,odroid4,odroid4,odroid4,odroid4,odroid4,odroid4,odroid4,odroid4
1474,odroid4,odroid3,odroid4,odroid4,odroid4,odroid4,odroid4,odroid4
1475,odroid4,odroid4,odroid4,odroid4,odroid4,odroid4,odroid4,odroid4
1476,odroid4,odroid4,odroid4,odroid4,odroid4,odroid4,odroid4,odroid4
1477,odroid4,odroid4,odroid4,odroid4,odroid4,odroid4,odroid4,odroid4
1478,odroid4,odroid4,odroid4,odroid4,odroid4,odroid4,odroid4,odroid2
1479,odroid4,odroid4,odroid4,odroid4,odroid4,odroid4,odroid4,odroid4
1480,odroid4,odroid4,odroid4,odroid4,odroid4,odroid4,odroid4,odroid4
1481,odroid4,odroid4,odroid4,odroid4,odroid4,odroid4,odroid4,odroid4
1482,odroid4,odroid4,odroid4,odroid4,odroid4,odroid4,odroid4,odroid4
1483,odroid4,odroid4,odroid4,odroid4,odroid4,odroid4,odroid4,odroid4
1484,odroid4,odroid4,odroid4,odroid4,odroid4,odroid4,odroid4,odroid4
1485,odroid4,odroid4,odroid4,odroid4,odroid4,odroid4,odroid4,odroid4
1486,odroid4,odroid4,odroid4,odroid4,odroid4,odroid4,odroid4,odroid4
1487,odroid4,odroid4,odroid4,odroid4,odroid4,odroid4,odroid4,odroid4
1488,odroid4,odroid4,odroid4,odroid4,odroid4,odroid4,odroid4,odroid4
1489,odroid4,odroid4,odroid4,odroid4,odroid4,odroid4,odroid4,odroid4
1490,odroid4,odroid4,odroid4,odroid4,odroid4,odroid4,odroid4,odroid4
1491,odroid4,odroid4,odroid4,odroid4,odroid4,odroid4,odroid4,odroid4
1492,odroid4,odroid4,odroid4,odroid4,odroid4,odroid4,odroid4,odroid4
1493,odroid4,odroid4,odroid4,odroid4,odroid2,odroid4,odroid4,odroid4
1494,odroid4,odroid4,odroid4,odroid4,odroid4,odroid4,odroid4,odroid4
1495,odroid4,odroid4,odroid4,odroid4,odroid4,odroid4,odroid4,odroid4
1496,odroid4,odroid4,odroid4,odroid4,odroid4,odroid4,odroid4,odroid4
1497,odroid4,odroid4,odroid4,odroid4,odroid4,odroid4,odroid4,odroid4
1498,odroid4,odroid4,odroid4,odroid4,odroid4,odroid4,odroid4,odroid4
1499,odroid4,odroid4,odroid4,odroid4,odroid4,odroid4,odroid4,odroid4
1500,odroid4,odroid4,odroid4,odroid4,odroid4,odroid4,odroid4,odroid4
1501,odroid4,odroid4,odroid4,odroid4,odroid4,odroid4,odroid4,odroid4
1502,odroid4,odroid4,odroid4,odroid4,odroid4,odroid4,odroid4,odroid4
1503,odroid4,odroid4,odroid4,odroid4,odroid4,odroid4,odroid4,odroid4
1504,odroid4,odroid4,odroid4,odroid4,odroid4,odroid4,odroid4,odroid4
1505,odroid4,odroid4,odroid4,odroid4,odroid4,odroid4,odroid4,odroid4
1506,odroid4,odroid4,odroid4,odroid4,odroid4,odroid4,odroid4,odroid4
1507,odroid4,odroid4,odroid4,odroid4,odroid4,odroid4,odroid4,odroid4
1508,odroid4,odroid4,odroid4,odroid4,odroid4,odroid4,odroid4,odroid4
1509,odroid4,odroid4,odroid4,odroid4,odroid4,odroid4,odroid4,odroid4
1510,odroid4,odroid4,odroid4,odroid4,odroid4,odroid4,odroid4,odroid4
1511,odroid4,odroid4,odroid4,odroid4,odroid4,odroid4,odroid4,odroid4
1512,odroid4,odroid4,odroid4,odroid4,odroid4,odroid4,odroid4,odroid4
1513,odroid4,odroid4,odroid4,odroid4,odroid4,odroid4,odroid3,odroid4
1514,odroid4,odroid4,odroid4,odroid4,odroid4,odroid4,odroid4,odroid4
1515,odroid4,odroid4,odroid4,odroid4,odroid4,odroid4,odroid4,odroid4
1516,odroid4,odroid4,odroid4,odroid4,odroid4,odroid4,odroid4,odroid4
1517,odroid4,odroid4,odroid4,odroid4,odroid4,odroid4,odroid4,odroid4
1518,odroid4,odroid4,odroid4,odroid4,odroid4,odroid4,odroid4,odroid4
1519,odroid4,odroid4,odroid4,odroid4,odroid4,odroid4,odroid4,odroid1
1520,odroid4,odroid2,odroid4,odroid4,odroid4,odroid4,odroid4,odroid4
1521,odroid4,odroid4,odroid4,odroid4,odroid4,odroid4,odroid4,odroid4
1522,odroid4,odroid4,odroid4,odroid4,odroid4,odroid4,odroid4,odroid4
1523,odroid4,odroid4,odroid4,odroid4,odroid4,odroid4,odroid4,odroid4
1524,odroid4,odroid4,odroid4,odroid4,odroid4,odroid4,odroid4,odroid4
1525,odroid4,odroid4,odroid4,odroid4,odroid4,odroid4,odroid4,odroid4
1526,odroid4,odroid4,odroid4,odroid4,odroid4,odroid4,odroid4,odroid4
1527,odroid4,odroid4,odroid4,odroid4,odroid4,odroid4,odroid4,odroid4
1528,odroid4,odroid4,odroid4,odroid4,odroid4,odroid4,odroid4,odroid4
1529,odroid4,odroid4,odroid4,odroid4,odroid4,odroid4,odroid4,odroid4
1530,odroid4,odroid4,odroid4,odroid4,odroid4,odroid4,odroid4,odroid4
1531,odroid4,odroid4,odroid4,odroid4,odroid4,odroid4,odroid4,odroid4
1532,odroid4,odroid4,odroid4,odroid4,odroid4,odroid4,odroid4,odroid4
1533,odroid4,odroid4,odroid4,odroid4,odroid4,odroid4,odroid4,odroid4
1534,odroid4,odroid4,odroid4,odroid4,odroid4,odroid4,odroid4,odroid4
1535,odroid4,odroid4,odroid4,odroid4,odroid4,odroid4,odroid4,odroid4
1536,odroid4,odroid4,odroid4,odroid4,odroid4,odroid4,odroid4,odroid4
1537,odroid4,odroid4,odroid4,odroid4,odroid4,odroid4,odroid4,odroid4
1538,odroid4,odroid4,odroid4,odroid4,odroid4,odroid4,odroid4,odroid4
1539,odroid4,odroid4,odroid4,odroid4,odroid4,odroid4,odroid4,odroid4
1540,odroid4,odroid4,odroid4,odroid4,odroid4,odroid4,odroid4,odroid4
1541,odroid4,odroid4,odroid4,odroid4,odroid4,odroid4,odroid4,odroid4
1542,odroid4,odroid4,odroid4,odroid4,odroid4,odroid4,odroid4,odroid4
1543,odroid4,odroid4,odroid4,odroid4,odroid4,odroid4,odroid4,odroid4
1544,odroid4,odroid4,odroid4,odroid4,odroid4,odroid4,odroid4,odroid4
1545,odroid4,odroid4,odroid4,odroid4,odroid4,odroid4,odroid4,odroid4
1546,odroid4,odroid4,odroid4,odroid4,odroid4,odroid4,odroid4,odroid4
1547,odroid4,odroid4,odroid4,odroid4,odroid4,odroid4,odroid4,odroid4
1548,odroid4,odroid4,odroid4,odroid4,odroid4,odroid4,odroid4,odroid4
1549,odroid4,odroid2,odroid4,odroid4,odroid4,odroid4,odroid4,odroid4
1550,odroid4,odroid4,odroid4,odroid4,odroid4,odroid4,odroid4,odroid4
1551,odroid4,odroid4,odroid4,odroid4,odroid4,odroid4,odroid4,odroid4
1552,odroid4,odroid4,odroid4,odroid4,odroid4,odroid4,odroid4,odroid4
1553,odroid4,odroid4,odroid4,odroid4,odroid4,odroid4,odroid4,odroid4
1554,odroid4,odroid4,odroid4,odroid4,odroid4,odroid4,odroid4,odroid4
1555,odroid4,odroid4,odroid4,odroid4,odroid4,odroid4,odroid4,odroid4
1556,odroid4,odroid4,odroid4,odroid4,odroid4,odroid4,odroid4,odroid4
1557,odroid4,odroid4,odroid4,odroid4,odroid4,odroid4,odroid4,odroid4
1558,odroid4,odroid4,odroid4,odroid4,odroid4,odroid4,odroid4,odroid4
1559,odroid4,odroid4,odroid4,odroid4,odroid4,odroid4,odroid4,odroid4
1560,odroid4,odroid4,odroid4,odroid4,odroid4,odroid4,odroid4,odroid4
1561,odroid4,odroid4,odroid4,odroid4,odroid4,odroid4,odroid4,odroid4
1562,odroid4,odroid4,odroid4,odroid4,odroid4,odroid4,odroid4,odroid4
1563,odroid4,odroid4,odroid4,odroid4,odroid4,odroid4,odroid4,odroid4
1564,odroid4,odroid4,odroid4,odroid4,odroid4,odroid4,odroid4,odroid4
1565,odroid4,odroid4,odroid4,odroid4,odroid4,odroid4,odroid4,odroid4
1566,odroid4,odroid4,odroid4,odroid4,odroid4,odroid4,odroid4,odroid4
1567,odroid4,odroid4,odroid4,odroid4,odroid4,odroid4,odroid4,odroid4
1568,odroid4,odroid4,odroid4,odroid4,odroid4,odroid4,odroid4,odroid4
1569,odroid4,odroid4,odroid4,odroid4,odroid4,odroid4,odroid4,odroid4
1570,odroid4,odroid4,odroid4,odroid4,odroid4,odroid4,odroid4,odroid4
1571,odroid4,odroid4,odroid4,odroid4,odroid4,odroid4,odroid4,odroid4
1572,odroid4,odroid4,odroid4,odroid4,odroid4,odroid4,odroid4,odroid4
1573,odroid4,odroid4,odroid4,odroid4,odroid4,odroid4,odroid4,odroid4
1574,odroid4,odroid4,odroid4,odroid2,odroid4,odroid4,odroid4,odroid4
1575,odroid4,odroid4,odroid4,odroid4,odroid4,odroid4,odroid4,odroid4
1576,odroid4,odroid4,odroid4,odroid4,odroid4,odroid4,odroid4,odroid4
1577,odroid4,odroid4,odroid4,odroid4,odroid4,odroid4,odroid4,odroid4
1578,odroid4,odroid4,odroid4,odroid4,odroid4,odroid4,odroid4,odroid4
1579,odroid4,odroid4,odroid4,odroid4,odroid4,odroid2,odroid4,odroid4
1580,odroid4,odroid4,odroid4,odroid4,odroid4,odroid4,odroid4,odroid4
1581,odroid4,odroid4,odroid4,odroid4,odroid4,odroid4,odroid4,odroid4
1582,odroid4,odroid4,odroid4,odroid4,odroid4,odroid4,odroid4,odroid4
1583,odroid4,odroid4,odroid4,odroid4,odroid4,odroid4,odroid4,odroid4
1584,odroid4,odroid4,odroid4,odroid4,odroid4,odroid4,odroid4,odroid4
1585,odroid4,odroid4,odroid4,odroid4,odroid4,odroid4,odroid4,odroid4
1586,odroid4,odroid4,odroid4,odroid4,odroid4,odroid4,odroid4,odroid4
1587,odroid4,odroid4,odroid4,odroid4,odroid4,odroid4,odroid4,odroid4
1588,odroid4,odroid4,odroid4,odroid4,odroid4,odroid2,odroid4,odroid4
1589,odroid4,odroid4,odroid4,odroid4,odroid4,odroid4,odroid4,odroid4
1590,odroid4,odroid4,odroid4,odroid4,odroid4,odroid4,odroid4,odroid3
1591,odroid4,odroid4,odroid4,odroid4,odroid4,odroid4,odroid4,odroid4
1592,odroid4,odroid4,odroid4,odroid4,odroid4,odroid4,odroid4,odroid4
1593,odroid4,odroid4,odroid4,odroid4,odroid4,odroid4,odroid4,odroid4
1594,odroid4,odroid4,odroid4,odroid4,odroid4,odroid2,odroid4,odroid4
1595,odroid4,odroid4,odroid4,odroid4,odroid4,odroid4,odroid4,odroid4
1596,odroid4,odroid4,odroid4,odroid4,odroid4,odroid4,odroid4,odroid4
1597,odroid4,odroid4,odroid4,odroid4,odroid4,odroid4,odroid4,odroid4
1598,odroid4,odroid4,odroid4,odroid4,odroid4,odroid4,odroid4,odroid4
1599,odroid4,odroid4,odroid4,odroid4,odroid4,odroid4,odroid4,odroid4
1600,odroid4,odroid4,odroid4,odroid4,odroid4,odroid4,odroid4,odroid4
1601,odroid4,odroid4,odroid4,odroid4,odroid4,odroid4,odroid4,odroid4
1602,odroid4,odroid4,odroid4,odroid4,odroid4,odroid4,odroid4,odroid4
1603,odroid4,odroid4,odroid4,odroid4,odroid4,odroid4,odroid4,odroid4
1604,odroid3,odroid3,odroid3,odroid3,odroid3,odroid3,odroid3,odroid3
1605,odroid3,odroid3,odroid3,odroid3,odroid3,odroid3,odroid3,odroid3
1606,odroid3,odroid3,odroid3,odroid1,odroid3,odroid3,odroid3,odroid3
1607,odroid3,odroid3,odroid3,odroid3,odroid3,odroid3,odroid3,odroid3
1608,odroid3,odroid3,odroid3,odroid3,odroid3,odroid3,odroid3,odroid3
1609,odroid3,odroid3,odroid3,odroid3,odroid3,odroid3,odroid3,odroid3
1610,odroid3,odroid3,odroid3,odroid3,odroid3,odroid3,odroid3,odroid3
1611,odroid3,odroid3,odroid3,odroid3,odroid3,odroid3,odroid3,odroid3
1612,odroid3,odroid3,odroid3,odroid3,odroid3,odroid3,odroid3,odroid3
1613,odroid3,odroid3,odroid3,odroid3,odroid3,odroid3,odroid3,odroid3
1614,odroid3,odroid3,odroid3,odroid3,odroid3,odroid3,odroid3,odroid3
1615,odroid3,odroid3,odroid3,odroid3,odroid3,odroid3,odroid3,odroid3
1616,odroid3,odroid3,odroid3,odroid3,odroid3,odroid3,odroid3,odroid3
1617,odroid3,odroid3,odroid3,odroid3,odroid3,odroid3,odroid3,odroid3
1618,odroid3,odroid3,odroid3,odroid3,odroid3,odroid3,odroid3,odroid3
1619,odroid3,odroid3,odroid3,odroid3,odroid3,odroid3,odroid3,odroid3
1620,odroid3,odroid3,odroid3,odroid3,odroid3,odroid3,odroid3,odroid3
1621,odroid3,odroid3,odroid3,odroid3,odroid3,odroid3,odroid3,odroid3
1622,odroid3,odroid3,odroid3,odroid3,odroid3,odroid3,odroid3,odroid3
1623,odroid3,odroid3,odroid3,odroid3,odroid3,odroid3,odroid3,odroid3
1624,odroid3,odroid3,odroid3,odroid3,odroid3,odroid3,odroid3,odroid3
1625,odroid3,odroid3,odroid3,odroid3,odroid3,odroid3,odroid3,odroid3
1626,odroid3,odroid3,odroid3,odroid3,odroid3,odroid3,odroid3,odroid3
1627,odroid3,odroid3,odroid3,odroid3,odroid3,odroid3,odroid3,odroid3
1628,odroid3,odroid3,odroid3,odroid3,odroid3,odroid3,odroid3,odroid3
1629,odroid3,odroid3,odroid3,odroid3,odroid3,odroid3,odroid3,odroid3
1630,odroid3,odroid3,odroid3,odroid3,odroid3,odroid3,odroid3,odroid3
1631,odroid3,odroid3,odroid3,odroid3,odroid3,odroid3,odroid3,odroid3
1632,odroid3,odroid3,odroid3,odroid3,odroid3,odroid3,odroid3,odroid3
1633,odroid3,odroid3,odroid3,odroid3,odroid3,odroid3,odroid3,odroid3
1634,odroid3,odroid3,odroid3,odroid3,odroid3,odroid3,odroid3,odroid3
1635,odroid3,odroid3,odroid3,odroid3,odroid3,odroid3,odroid3,odroid3
1636,odroid3,odroid3,odroid3,odroid3,odroid3,odroid3,odroid3,odroid3
1637,odroid3,odroid3,odroid3,odroid3,odroid3,odroid3,odroid3,odroid3
1638,odroid3,odroid3,odroid3,odroid3,odroid3,odroid3,odroid3,odroid3
1639,odroid3,odroid3,odroid3,odroid3,odroid3,odroid3,odroid3,odroid3
1640,odroid3,odroid3,odroid3,odroid3,odroid3,odroid3,odroid3,odroid3
1641,odroid3,odroid3,odroid3,odroid3,odroid3,odroid3,odroid3,odroid3
1642,odroid3,odroid3,odroid3,odroid3,odroid3,odroid3,odroid3,odroid3
1643,odroid3,odroid3,odroid3,odroid3,odroid3,odroid3,odroid3,odroid3
1644,odroid3,odroid1,odroid3,odroid3,odroid3,odroid3,odroid3,odroid3
1645,odroid3,odroid3,odroid3,odroid3,odroid3,odroid3,odroid3,odroid3
1646,odroid3,odroid3,odroid3,odroid3,odroid3,odroid3,odroid3,odroid3
1647,odroid3,odroid3,odroid3,odroid3,odroid3,odroid3,odroid3,odroid3
1648,odroid3,odroid3,odroid3,odroid3,odroid3,odroid3,odroid3,odroid3
1649,odroid3,odroid3,odroid3,odroid3,odroid3,odroid3,odroid3,odroid3
1650,odroid3,odroid3,odroid3,odroid3,odroid3,odroid3,odroid3,odroid3
1651,odroid3,odroid3,odroid3,odroid3,odroid3,odroid3,odroid3,odroid3
1652,odroid3,odroid3,odroid3,odroid3,odroid3,odroid3,odroid3,odroid3
1653,odroid3,odroid3,odroid3,odroid3,odroid3,odroid3,odroid3,odroid3
1654,odroid3,odroid2,odroid3,odroid3,odroid3,odroid3,odroid3,odroid3
1655,odroid3,odroid3,odroid3,odroid3,odroid3,odroid3,odroid3,odroid3
1656,odroid3,odroid3,odroid3,odroid3,odroid3,odroid3,odroid3,odroid3
1657,odroid3,odroid3,odroid3,odroid3,odroid3,odroid3,odroid3,odroid3
1658,odroid3,odroid3,odroid3,odroid3,odroid3,odroid3,odroid3,odroid3
1659,odroid3,odroid3,odroid3,odroid3,odroid3,odroid3,odroid3,odroid3
1660,odroid3,odroid3,odroid3,odroid3,odroid3,odroid3,odroid3,odroid3
1661,odroid3,odroid1,odroid3,odroid3,odroid3,odroid3,odroid3,odroid3
1662,odroid3,odroid3,odroid3,odroid3,odroid3,odroid3,odroid3,odroid3
1663,odroid3,odroid3,odroid3,odroid3,odroid3,odroid3,odroid3,odroid3
1664,odroid3,odroid3,odroid3,odroid3,odroid3,odroid3,odroid3,odroid3
1665,odroid3,odroid3,odroid3,odroid3,odroid3,odroid3,odroid3,odroid3
1666,odroid3,odroid3,odroid3,odroid3,odroid3,odroid3,odroid3,odroid3
1667,odroid3,odroid3,odroid3,odroid3,odroid3,odroid3,odroid3,odroid3
1668,odroid3,odroid3,odroid3,odroid3,odroid3,odroid3,odroid3,odroid3
1669,odroid3,odroid3,odroid3,odroid3,odroid3,odroid3,odroid3,odroid3
1670,odroid3,odroid3,odroid3,odroid3,odroid3,odroid3,odroid3,odroid3
1671,odroid3,odroid3,odroid3,odroid3,odroid3,odroid3,odroid3,odroid3
1672,odroid3,odroid3,odroid3,odroid3,odroid3,odroid3,odroid3,odroid3
1673,odroid3,odroid3,odroid3,odroid3,odroid3,odroid3,odroid3,odroid3
1674,odroid3,odroid3,odroid3,odroid3,odroid3,odroid3,odroid3,odroid3
1675,odroid3,odroid3,odroid3,odroid3,odroid3,odroid3,odroid3,odroid4
1676,odroid3,odroid3,odroid3,odroid3,odroid3,odroid3,odroid3,odroid3
1677,odroid3,odroid3,odroid3,odroid3,odroid3,odroid3,odroid3,odroid3
1678,odroid3,odroid3,odroid3,odroid3,odroid3,odroid3,odroid3,odroid3
1679,odroid3,odroid3,odroid3,odroid3,odroid3,odroid3,odroid3,odroid3
1680,odroid3,odroid3,odroid3,odroid1,odroid3,odroid3,odroid1,odroid3
1681,odroid3,odroid1,odroid3,odroid3,odroid4,odroid1,odroid3,odroid3
1682,odroid3,odroid3,odroid3,odroid3,odroid3,odroid3,odroid3,odroid3
1683,odroid3,odroid3,odroid1,odroid3,odroid3,odroid3,odroid3,odroid3
1684,odroid3,odroid3,odroid3,odroid3,odroid3,odroid3,odroid3,odroid3
1685,odroid3,odroid3,odroid3,odroid3,odroid3,odroid3,odroid3,odroid3
1686,odroid3,odroid3,odroid3,odroid2,odroid3,odroid3,odroid3,odroid3
1687,odroid3,odroid3,odroid3,odroid3,odroid3,odroid3,odroid3,odroid3
1688,odroid3,odroid3,odroid3,odroid3,odroid3,odroid3,odroid3,odroid3
1689,odroid3,odroid3,odroid3,odroid3,odroid3,odroid3,odroid3,odroid3
1690,odroid3,odroid3,odroid3,odroid3,odroid3,odroid3,odroid3,odroid3
1691,odroid3,odroid3,odroid3,odroid3,odroid3,odroid3,odroid3,odroid3
1692,odroid3,odroid3,odroid3,odroid3,odroid3,odroid3,odroid3,odroid3
1693,odroid3,odroid3,odroid3,odroid3,odroid3,odroid3,odroid1,odroid3
1694,odroid3,odroid3,odroid3,odroid3,odroid3,odroid3,odroid3,odroid3
1695,odroid3,odroid3,odroid3,odroid3,odroid3,odroid3,odroid3,odroid3
1696,odroid3,odroid3,odroid3,odroid3,odroid3,odroid4,odroid3,odroid3
1697,odroid3,odroid3,odroid3,odroid3,odroid3,odroid3,odroid3,odroid1
1698,odroid3,odroid3,odroid3,odroid3,odroid3,odroid3,odroid3,odroid3
1699,odroid3,odroid3,odroid1,odroid3,odroid3,odroid3,odroid1,odroid3
1700,odroid3,odroid3,odroid3,odroid3,odroid3,odroid3,odroid3,odroid3
1701,odroid3,odroid3,odroid3,odroid3,odroid3,odroid3,odroid3,odroid3
1702,odroid3,odroid3,odroid3,odroid3,odroid3,odroid3,odroid3,odroid3
1703,odroid3,odroid3,odroid3,odroid3,odroid3,odroid3,odroid3,odroid3
1704,odroid3,odroid3,odroid3,odroid3,odroid3,odroid3,odroid3,odroid3
1705,odroid3,odroid1,odroid3,odroid3,odroid3,odroid3,odroid3,odroid3
1706,odroid3,odroid3,odroid3,odroid3,odroid3,odroid3,odroid3,odroid3
1707,odroid3,odroid3,odroid3,odroid3,odroid3,odroid3,odroid3,odroid3
1708,odroid3,odroid3,odroid3,odroid3,odroid3,odroid3,odroid3,odroid3
1709,odroid3,odroid3,odroid3,odroid3,odroid3,odroid3,odroid3,odroid3
1710,odroid3,odroid3,odroid3,odroid3,odroid3,odroid3,odroid3,odroid3
1711,odroid3,odroid3,odroid3,odroid4,odroid3,odroid3,odroid3,odroid3
1712,odroid3,odroid3,odroid3,odroid3,odroid3,odroid3,odroid3,odroid3
1713,odroid3,odroid3,odroid3,odroid3,odroid3,odroid3,odroid3,odroid3
1714,odroid3,odroid3,odroid3,odroid3,odroid3,odroid3,odroid1,odroid3
1715,odroid3,odroid3,odroid3,odroid3,odroid3,odroid3,odroid3,odroid3
1716,odroid3,odroid3,odroid3,odroid3,odroid3,odroid3,odroid3,odroid3
1717,odroid3,odroid3,odroid3,odroid3,odroid3,odroid3,odroid1,odroid3
1718,odroid3,odroid3,odroid3,odroid3,odroid3,odroid3,odroid3,odroid3
1719,odroid3,odroid3,odroid3,odroid3,odroid3,odroid3,odroid3,odroid3
1720,odroid3,odroid1,odroid3,odroid3,odroid3,odroid3,odroid3,odroid3
1721,odroid3,odroid3,odroid3,odroid3,odroid3,odroid3,odroid3,odroid1
1722,odroid3,odroid1,odroid3,odroid3,odroid3,odroid3,odroid3,odroid3
1723,odroid3,odroid3,odroid3,odroid3,odroid3,odroid3,odroid3,odroid3
1724,odroid3,odroid1,odroid1,odroid3,odroid2,odroid3,odroid3,odroid3
1725,odroid3,odroid3,odroid3,odroid3,odroid3,odroid3,odroid3,odroid3
1726,odroid3,odroid3,odroid3,odroid3,odroid3,odroid1,odroid3,odroid3
1727,odroid3,odroid3,odroid3,odroid3,odroid3,odroid3,odroid3,odroid3
1728,odroid3,odroid3,odroid3,odroid3,odroid3,odroid3,odroid3,odroid3
1729,odroid3,odroid3,odroid3,odroid3,odroid3,odroid3,odroid3,odroid3
1730,odroid3,odroid3,odroid3,odroid3,odroid3,odroid3,odroid3,odroid3
1731,odroid3,odroid3,odroid3,odroid3,odroid3,odroid3,odroid3,odroid3
1732,odroid3,odroid3,odroid3,odroid3,odroid3,odroid3,odroid3,odroid3
1733,odroid3,odroid3,odroid3,odroid3,odroid3,odroid3,odroid3,odroid3
1734,odroid3,odroid3,odroid1,odroid3,odroid3,odroid3,odroid3,odroid3
1735,odroid3,odroid3,odroid3,odroid3,odroid3,odroid3,odroid3,odroid3
1736,odroid3,odroid3,odroid3,odroid3,odroid3,odroid3,odroid3,odroid3
1737,odroid3,odroid3,odroid3,odroid3,odroid3,odroid3,odroid3,odroid3
1738,odroid3,odroid3,odroid4,odroid3,odroid3,odroid3,odroid3,odroid3
1739,odroid3,odroid3,odroid3,odroid3,odroid3,odroid3,odroid3,odroid1
1740,odroid3,odroid3,odroid4,odroid3,odroid3,odroid3,odroid3,odroid3
1741,odroid3,odroid3,odroid3,odroid3,odroid3,odroid3,odroid1,odroid3
1742,odroid3,odroid3,odroid3,odroid3,odroid3,odroid3,odroid1,odroid2
1743,odroid3,odroid3,odroid3,odroid3,odroid3,odroid3,odroid4,odroid3
1744,odroid3,odroid1,odroid3,odroid3,odroid3,odroid3,odroid3,odroid3
1745,odroid3,odroid3,odroid3,odroid3,odroid3,odroid3,odroid3,odroid3
1746,odroid3,odroid3,odroid3,odroid3,odroid3,odroid3,odroid3,odroid1
1747,odroid3,odroid3,odroid3,odroid3,odroid3,odroid3,odroid3,odroid3
1748,odroid3,odroid1,odroid3,odroid3,odroid3,odroid3,odroid3,odroid3
1749,odroid3,odroid3,odroid2,odroid3,odroid3,odroid3,odroid3,odroid3
1750,odroid3,odroid3,odroid3,odroid3,odroid3,odroid3,odroid3,odroid3
1751,odroid3,odroid3,odroid3,odroid3,odroid3,odroid3,odroid3,odroid3
1752,odroid3,odroid3,odroid3,odroid3,odroid3,odroid3,odroid3,odroid1
1753,odroid3,odroid1,odroid3,odroid3,odroid3,odroid3,odroid3,odroid1
1754,odroid3,odroid3,odroid1,odroid1,odroid3,odroid3,odroid3,odroid3
1755,odroid3,odroid3,odroid3,odroid3,odroid3,odroid3,odroid3,odroid3
1756,odroid3,odroid3,odroid3,odroid3,odroid3,odroid3,odroid3,odroid3
1757,odroid3,odroid3,odroid3,odroid3,odroid3,odroid3,odroid3,odroid3
1758,odroid3,odroid3,odroid3,odroid3,odroid3,odroid3,odroid3,odroid3
1759,odroid3,odroid3,odroid3,odroid3,odroid3,odroid3,odroid3,odroid3
1760,odroid3,odroid3,odroid3,odroid3,odroid3,odroid3,odroid3,odroid3
1761,odroid3,odroid3,odroid3,odroid3,odroid3,odroid3,odroid3,odroid3
1762,odroid3,odroid3,odroid3,odroid3,odroid3,odroid3,odroid3,odroid3
1763,odroid3,odroid3,odroid3,odroid3,odroid3,odroid3,odroid3,odroid3
1764,odroid3,odroid3,odroid3,odroid3,odroid3,odroid3,odroid3,odroid3
1765,odroid3,odroid3,odroid3,odroid3,odroid3,odroid3,odroid3,odroid3
1766,odroid3,odroid1,odroid3,odroid3,odroid3,odroid3,odroid2,odroid3
1767,odroid3,odroid3,odroid3,odroid3,odroid3,odroid3,odroid3,odroid3
1768,odroid3,odroid3,odroid3,odroid3,odroid3,odroid3,odroid3,odroid3
1769,odroid3,odroid3,odroid1,odroid3,odroid3,odroid3,odroid3,odroid3
1770,odroid3,odroid3,odroid3,odroid3,odroid3,odroid1,odroid3,odroid3
1771,odroid3,odroid1,odroid3,odroid1,odroid1,odroid3,odroid3,odroid3
1772,odroid3,odroid3,odroid3,odroid3,odroid3,odroid3,odroid3,odroid1
1773,odroid3,odroid3,odroid3,odroid3,odroid1,odroid3,odroid3,odroid1
1774,odroid3,odroid3,odroid3,odroid3,odroid3,odroid3,odroid3,odroid3
1775,odroid3,odroid3,odroid3,odroid3,odroid3,odroid3,odroid3,odroid3
1776,odroid3,odroid3,odroid3,odroid3,odroid3,odroid3,odroid3,odroid3
1777,odroid3,odroid3,odroid3,odroid3,odroid3,odroid3,odroid3,odroid3
1778,odroid3,odroid3,odroid3,odroid3,odroid3,odroid3,odroid3,odroid3
1779,odroid3,odroid3,odroid3,odroid3,odroid3,odroid3,odroid3,odroid3
1780,odroid3,odroid3,odroid3,odroid3,odroid3,odroid3,odroid1,odroid3
1781,odroid3,odroid3,odroid3,odroid3,odroid3,odroid3,odroid3,odroid3
1782,odroid3,odroid3,odroid3,odroid3,odroid3,odroid3,odroid1,odroid3
1783,odroid3,odroid3,odroid3,odroid3,odroid3,odroid3,odroid3,odroid3
1784,odroid3,odroid3,odroid3,odroid3,odroid3,odroid3,odroid3,odroid3
1785,odroid3,odroid3,odroid3,odroid3,odroid3,odroid3,odroid3,odroid3
1786,odroid3,odroid3,odroid3,odroid3,odroid3,odroid3,odroid1,odroid3
1787,odroid3,odroid1,odroid3,odroid3,odroid3,odroid3,odroid3,odroid3
1788,odroid3,odroid3,odroid3,odroid3,odroid3,odroid3,odroid3,odroid3
1789,odroid3,odroid3,odroid3,odroid3,odroid3,odroid3,odroid3,odroid3
1790,odroid3,odroid3,odroid3,odroid3,odroid3,odroid3,odroid3,odroid3
1791,odroid3,odroid3,odroid3,odroid3,odroid3,odroid2,odroid3,odroid3
1792,odroid3,odroid3,odroid3,odroid3,odroid3,odroid3,odroid3,odroid3
1793,odroid3,odroid3,odroid1,odroid3,odroid3,odroid3,odroid3,odroid3
1794,odroid3,odroid3,odroid3,odroid3,odroid3,odroid3,odroid3,odroid3
1795,odroid3,odroid3,odroid3,odroid3,odroid3,odroid3,odroid3,odroid3
1796,odroid3,odroid3,odroid3,odroid3,odroid3,odroid1,odroid3,odroid3
1797,odroid3,odroid3,odroid3,odroid3,odroid3,odroid3,odroid3,odroid3
1798,odroid3,odroid3,odroid3,odroid3,odroid3,odroid3,odroid3,odroid3
1799,odroid3,odroid1,odroid3,odroid3,odroid3,odroid3,odroid3,odroid3
1800,odroid3,odroid3,odroid1,odroid3,odroid3,odroid3,odroid3,odroid3
1801,odroid3,odroid3,odroid3,odroid3,odroid3,odroid3,odroid3,odroid3
1802,odroid3,odroid1,odroid3,odroid3,odroid3,odroid3,odroid3,odroid3
1803,odroid3,odroid3,odroid1,odroid3,odroid3,odroid3,odroid3,odroid3
1804,odroid3,odroid3,odroid3,odroid3,odroid3,odroid3,odroid3,odroid3
1805,odroid3,odroid3,odroid3,odroid3,odroid3,odroid1,odroid3,odroid3
1806,odroid3,odroid3,odroid3,odroid3,odroid1,odroid3,odroid3,odroid4
1807,odroid3,odroid1,odroid3,odroid3,odroid3,odroid1,odroid3,odroid3
1808,odroid3,odroid1,odroid3,odroid3,odroid3,odroid3,odroid1,odroid3
1809,odroid3,odroid3,odroid3,odroid3,odroid3,odroid3,odroid3,odroid2
1810,odroid3,odroid3,odroid3,odroid3,odroid3,odroid1,odroid3,odroid3
1811,odroid3,odroid3,odroid3,odroid3,odroid3,odroid3,odroid3,odroid3
1812,odroid3,odroid3,odroid3,odroid3,odroid3,odroid3,odroid3,odroid3
1813,odroid3,odroid3,odroid3,odroid3,odroid3,odroid3,odroid3,odroid3
1814,odroid3,odroid3,odroid1,odroid3,odroid3,odroid3,odroid3,odroid3
1815,odroid3,odroid3,odroid3,odroid3,odroid3,odroid3,odroid3,odroid3
1816,odroid3,odroid3,odroid3,odroid3,odroid3,odroid3,odroid3,odroid3
1817,odroid3,odroid3,odroid3,odroid1,odroid3,odroid3,odroid3,odroid3
1818,odroid3,odroid3,odroid3,odroid3,odroid3,odroid3,odroid3,odroid3
1819,odroid3,odroid3,odroid3,odroid3,odroid3,odroid3,odroid3,odroid2
1820,odroid3,odroid3,odroid3,odroid3,odroid1,odroid3,odroid3,odroid3
1821,odroid3,odroid3,odroid1,odroid3,odroid3,odroid3,odroid3,odroid4
1822,odroid3,odroid3,odroid3,odroid3,odroid3,odroid3,odroid3,odroid3
1823,odroid3,odroid3,odroid3,odroid3,odroid3,odroid1,odroid3,odroid3
1824,odroid3,odroid3,odroid3,odroid3,odroid3,odroid3,odroid3,odroid3
1825,odroid3,odroid3,odroid3,odroid3,odroid3,odroid3,odroid3,odroid3
1826,odroid3,odroid3,odroid3,odroid3,odroid3,odroid3,odroid3,odroid3
1827,odroid3,odroid3,odroid3,odroid3,odroid3,odroid3,odroid3,odroid3
1828,odroid3,odroid3,odroid3,odroid3,odroid3,odroid3,odroid3,odroid3
1829,odroid3,odroid3,odroid3,odroid3,odroid3,odroid3,odroid1,odroid3
1830,odroid3,odroid3,odroid3,odroid3,odroid3,odroid1,odroid3,odroid1
1831,odroid3,odroid3,odroid3,odroid3,odroid3,odroid3,odroid3,odroid3
1832,odroid3,odroid3,odroid3,odroid3,odroid3,odroid3,odroid3,odroid3
1833,odroid3,odroid3,odroid3,odroid3,odroid1,odroid3,odroid3,odroid3
1834,odroid3,odroid3,odroid3,odroid3,odroid3,odroid3,odroid3,odroid3
1835,odroid3,odroid3,odroid3,odroid3,odroid3,odroid3,odroid3,odroid3
1836,odroid3,odroid3,odroid3,odroid3,odroid3,odroid3,odroid3,odroid3
1837,odroid3,odroid3,odroid3,odroid3,odroid3,odroid3,odroid3,odroid3
1838,odroid3,odroid3,odroid3,odroid3,odroid3,odroid3,odroid3,odroid3
1839,odroid3,odroid3,odroid1,odroid3,odroid3,odroid3,odroid3,odroid3
1840,odroid3,odroid3,odroid3,odroid3,odroid1,odroid3,odroid3,odroid1
1841,odroid3,odroid3,odroid3,odroid3,odroid3,odroid3,odroid3,odroid3
1842,odroid3,odroid3,odroid3,odroid3,odroid3,odroid3,odroid1,odroid3
1843,odroid3,odroid3,odroid3,odroid3,odroid3,odroid3,odroid1,odroid3
1844,odroid3,odroid3,odroid3,odroid1,odroid3,odroid3,odroid3,odroid3
1845,odroid3,odroid3,odroid3,odroid3,odroid3,odroid3,odroid3,odroid3
1846,odroid3,odroid3,odroid3,odroid3,odroid3,odroid3,odroid3,odroid3
1847,odroid3,odroid3,odroid3,odroid3,odroid3,odroid3,odroid3,odroid3
1848,odroid3,odroid3,odroid3,odroid3,odroid3,odroid3,odroid3,odroid3
1849,odroid3,odroid3,odroid3,odroid3,odroid3,odroid3,odroid3,odroid3
1850,odroid3,odroid3,odroid1,odroid3,odroid3,odroid3,odroid3,odroid3
