,label,Feature 0,Feature 1,Feature 2,Feature 3,Feature 4,Feature 5,Feature 6
4424,genuine,202.2,214.8,16.1,17.1,16.6,17.2,16.7
1726,genuine,163.0,186.0,158.0,170.0,169.0,182.0,167.0
395,impersonator,161.8,299.4,12.0,39.0,50.8,262.7,150.7
86,impersonator,54.2,112.1,300.4,154.9,778.4,275.5,6.8
1986,genuine,163.0,167.0,169.0,16.0,151.0,334.0,168.0
3018,genuine,164.0,168.0,165.0,167.0,168.0,169.0,165.0
1467,genuine,16.7,16.4,933.2,629.2,17.2,17.5,18.2
468,impersonator,244.0,444.0,41.7,213.9,195.1,80.5,780.4
154,genuine,169.0,171.0,168.0,172.0,170.0,171.0,168.0
2315,genuine,15.8,16.5,47.2,1164.3,18.6,17.1,15.9
492,impersonator,2.0,106.9,128.2,940.8,28.8,6.2,2.0
325,genuine,208.9,217.1,418.0,232.9,449.4,16.1,233.2
162,impersonator,98.8,44.5,46.5,234.0,95.5,106.1,100.0
622,impersonator,357.3,1045.0,126.6,76.7,67.1,356.8,163.2
245,impersonator,2.0,286.9,152.0,498.8,33.8,111.8,2.0
662,impersonator,21.6,358.6,641.5,25.2,172.9,27.6,216.0
95,impersonator,12.4,14.0,34.1,224.3,1.0,1.0,2.0
2584,genuine,58.1,1451.5,14.7,431.4,18.2,18.2,15.6
680,impersonator,5.7,7.1,596.2,126.1,35.6,39.6,70.9
3564,genuine,15.7,18.1,1176.8,630.0,18.6,16.0,19.4
4367,genuine,163.0,168.0,168.0,168.0,168.0,166.0,169.0
462,impersonator,65.7,166.5,229.0,519.3,4.2,121.3,212.8
2980,genuine,18.4,20.8,97.1,1260.0,19.3,20.6,20.7
283,impersonator,426.9,173.3,934.7,195.4,302.2,73.7,2.0
4064,genuine,16.2,785.7,16.6,18.1,19.5,53.9,88.5
521,genuine,166.0,168.0,167.0,165.0,168.0,169.0,167.0
134,genuine,166.0,186.0,11.0,150.0,350.0,166.0,167.0
4055,genuine,165.0,168.0,167.0,165.0,169.0,165.0,166.0
260,impersonator,72.6,265.1,288.0,230.0,165.7,256.3,9.5
257,impersonator,178.3,138.5,358.8,24.5,262.2,108.3,477.7
343,genuine,166.0,168.0,168.0,166.0,168.0,168.0,166.0
702,impersonator,2029.5,902.1,766.3,91.8,1177.2,893.3,1244.1
3464,genuine,212.9,416.6,233.1,233.2,233.1,200.1,233.2
121,genuine,41.4,16.3,642.8,22.4,230.9,450.0,33.1
79,impersonator,304.9,116.6,550.2,286.0,450.1,420.7,710.8
198,impersonator,4.7,37.7,83.8,843.1,25.4,206.6,223.8
1051,genuine,167.0,171.0,170.0,168.0,170.0,171.0,166.0
323,impersonator,689.3,1.5,235.0,2.1,213.1,256.8,499.5
2476,genuine,171.0,174.0,174.0,175.0,172.0,174.0,172.0
843,genuine,18.8,1161.1,631.6,21.8,17.1,19.3,19.3
721,impersonator,1487.4,2477.7,223.1,108.2,994.3,1458.7,1385.9
2339,genuine,232.6,12.6,214.9,199.0,216.6,417.8,433.4
216,impersonator,2.0,1.5,527.0,715.2,1.0,238.2,87.3
2081,genuine,11.9,1366.3,17.3,17.8,18.0,18.7,16.8
3514,genuine,18.6,17.2,14.7,1590.5,27.0,15.9,16.4
2707,genuine,163.0,166.0,167.0,164.0,168.0,165.0,164.0
76,impersonator,41.7,216.0,166.5,173.0,389.5,137.4,460.9
227,impersonator,65.4,171.3,35.8,63.5,283.5,43.4,115.4
264,impersonator,2.0,314.5,46.0,379.5,73.6,224.4,2.0
475,impersonator,248.2,1.5,379.1,712.5,98.3,320.9,2.0
3403,genuine,153.2,40.1,71.8,90.0,17.8,31.8,128.1
3007,genuine,31.2,2181.4,18.0,18.9,23.5,1015.5,17.5
18,genuine,235.0,227.3,433.3,16.2,232.9,233.3,433.9
541,genuine,232.2,229.2,216.7,233.1,233.2,233.3,433.3
4138,genuine,164.0,165.0,166.0,167.0,167.0,166.0,167.0
42,impersonator,90.9,56.5,865.4,615.7,22.7,160.1,76.7
130,impersonator,234.8,66.1,283.1,2.1,206.6,226.4,33.0
2549,genuine,18.0,171.0,321.0,169.0,170.0,13.0,166.0
371,impersonator,379.3,1.5,0.0,754.1,1.0,359.9,311.4
2149,genuine,166.0,165.0,165.0,166.0,165.0,165.0,166.0
178,impersonator,2.0,576.6,32.0,556.0,83.1,202.8,245.7
192,impersonator,52.5,144.1,50.1,86.2,156.6,283.9,18.4
710,impersonator,2114.3,635.2,1135.7,2141.0,618.1,2209.5,1251.8
2262,genuine,167.0,167.0,167.0,15.0,152.0,334.0,167.0
605,impersonator,2.0,44.8,81.0,467.2,4.3,38.4,2.0
495,impersonator,311.0,62.1,167.2,35.3,563.9,168.6,67.3
242,genuine,16.4,19.7,16.2,32.6,31.8,99.8,48.3
2520,genuine,230.5,16.1,235.5,400.0,233.1,233.1,451.1
1755,genuine,164.0,186.0,154.0,170.0,172.0,168.0,169.0
489,genuine,165.0,169.0,168.0,168.0,169.0,169.0,166.0
3698,genuine,14.2,443.7,32.0,231.6,232.8,451.4,15.0
385,impersonator,2.0,804.3,40.8,68.0,329.6,95.1,2.4
174,impersonator,2.0,1.5,116.5,531.7,141.7,87.3,2.0
1308,genuine,171.0,173.0,176.0,173.0,173.0,172.0,172.0
630,impersonator,16.0,84.3,96.4,765.4,12.2,72.0,28.5
513,impersonator,134.4,324.7,133.8,122.8,41.9,200.3,340.1
173,impersonator,234.2,205.0,528.6,2.1,184.6,231.0,21.3
261,impersonator,61.8,38.6,340.4,1002.0,84.8,78.3,224.9
3050,genuine,16.0,10.5,429.1,216.2,230.3,232.3,434.0
636,impersonator,23.3,489.9,402.7,4.4,482.1,6.0,74.3
196,genuine,230.5,432.6,16.8,233.2,433.9,16.1,233.1
266,impersonator,2.0,593.2,91.5,402.8,439.5,113.0,2.0
648,impersonator,35.0,6.4,594.0,170.1,223.4,348.7,161.7
3699,genuine,164.0,166.0,169.0,166.0,165.0,166.0,168.0
412,impersonator,414.8,292.2,2394.1,53.9,832.9,973.2,1002.9
574,genuine,171.0,172.0,174.0,175.0,174.0,175.0,174.0
187,impersonator,100.7,171.9,213.6,338.3,665.3,558.7,289.7
888,genuine,171.0,171.0,176.0,173.0,174.0,172.0,172.0
3771,genuine,14.8,17.6,18.4,18.4,756.8,17.1,19.5
2071,genuine,414.7,230.6,233.4,434.0,28.6,219.3,16.3
2241,genuine,20.0,14.5,558.3,839.4,19.0,18.6,19.0
221,genuine,17.0,52.4,50.6,1700.3,19.4,19.0,18.6
46,impersonator,284.4,203.0,477.2,314.4,1.0,96.0,237.7
545,impersonator,269.8,178.7,381.0,125.5,73.4,121.9,49.0
4348,genuine,165.0,169.0,168.0,167.0,167.0,167.0,167.0
414,impersonator,57.8,356.4,78.9,9.5,68.3,110.8,3.6
699,impersonator,2.0,84.3,167.8,201.7,9.5,82.1,2.0
109,impersonator,1788.5,76.3,2504.7,961.4,1672.7,1865.6,793.8
1783,genuine,166.0,185.0,157.0,169.0,169.0,171.0,12.0
571,impersonator,540.1,423.0,0.0,109.1,164.3,283.1,170.5
214,impersonator,314.5,764.4,2044.5,1512.8,659.4,1666.9,489.5
128,impersonator,2.0,136.0,290.0,319.5,273.6,274.0,349.3
735,genuine,1076.1,18.2,15.0,18.5,17.3,16.4,18.3
8,impersonator,2.0,43.0,159.1,150.0,102.5,43.1,2.0
259,impersonator,514.2,19.9,339.5,39.9,273.0,280.0,261.5
2861,genuine,164.0,178.0,154.0,170.0,169.0,12.0,167.0
1571,genuine,165.0,181.0,158.0,171.0,6.0,165.0,351.0
188,impersonator,60.6,2.7,1189.6,14.1,237.5,285.1,75.2
1615,genuine,167.0,172.0,168.0,172.0,172.0,171.0,166.0
495,genuine,167.0,170.0,168.0,173.0,170.0,171.0,166.0
1837,genuine,26.0,230.2,233.4,232.7,450.1,16.5,232.9
3471,genuine,167.0,171.0,171.0,172.0,171.0,172.0,166.0
700,impersonator,2.0,805.9,325.1,511.4,23.5,1.0,2.0
413,impersonator,143.8,904.6,2565.8,1649.0,1456.7,380.5,759.4
126,impersonator,653.4,1.5,0.0,364.7,225.4,324.5,284.9
1098,genuine,169.0,170.0,170.0,172.0,174.0,170.0,165.0
217,impersonator,2.0,57.5,315.2,101.8,3.1,87.4,2.0
615,impersonator,701.5,1867.7,1926.7,940.2,1659.6,1248.8,1521.3
123,impersonator,372.7,117.7,207.9,475.5,274.3,147.8,167.8
688,impersonator,177.1,14.0,440.7,504.6,55.0,21.9,78.3
304,impersonator,2.0,377.8,79.1,37.2,201.5,147.4,2.0
677,impersonator,9.5,123.1,370.1,304.2,104.9,138.2,68.5
1559,genuine,165.0,166.0,170.0,165.0,165.0,167.0,165.0
3343,genuine,168.0,170.0,169.0,171.0,172.0,172.0,165.0
249,impersonator,2.0,268.8,11.5,505.9,143.6,159.8,2.0
3143,genuine,223.7,232.9,232.8,233.1,433.5,16.9,232.5
747,genuine,163.0,191.0,149.0,172.0,169.0,170.0,170.0
1502,genuine,231.5,230.4,233.7,431.7,16.4,16.3,216.6
522,impersonator,433.3,1.5,487.5,542.9,515.0,37.8,2.0
2817,genuine,16.6,14.5,969.3,629.3,16.7,15.8,204.5
83,impersonator,2.0,244.4,91.3,9.1,99.0,70.4,2.0
3136,genuine,227.8,233.0,16.4,216.0,417.1,232.5,433.5
65,impersonator,48.9,135.7,74.1,662.7,54.0,93.6,156.4
3114,genuine,170.0,172.0,175.0,173.0,174.0,174.0,174.0
469,impersonator,39.8,226.0,0.0,599.6,448.2,72.7,2.0
131,impersonator,1248.1,93.1,0.0,148.2,159.5,159.4,11.8
334,impersonator,144.3,446.3,166.6,259.7,60.0,157.4,84.3
2829,genuine,14.1,230.7,231.9,233.1,233.2,433.4,16.7
676,impersonator,224.1,9.0,287.0,60.7,252.0,118.4,149.3
38,genuine,17.3,20.1,33.0,1139.3,18.7,19.5,19.7
1712,genuine,20.7,16.1,970.9,632.2,21.0,17.5,22.4
558,genuine,2.0,8.0,592.0,137.0,115.0,219.0,209.0
1595,genuine,16.5,227.3,233.3,433.1,16.6,233.2,233.4
1624,genuine,166.0,167.0,166.0,13.0,154.0,331.0,168.0
1091,genuine,15.2,19.0,530.0,838.3,16.8,18.0,17.1
666,impersonator,2.0,172.3,19.1,778.7,234.3,1123.9,2.0
1067,genuine,15.6,15.6,1175.6,18.4,19.5,20.6,17.9
638,impersonator,239.6,55.3,164.7,499.1,153.0,75.2,39.0
338,impersonator,255.9,472.1,279.7,561.8,1.0,122.2,2.0
1035,genuine,15.9,18.2,18.3,1156.2,19.0,17.9,18.9
20,impersonator,447.1,1377.1,2.9,185.9,244.2,103.9,265.7
188,impersonator,2.0,91.6,0.0,1138.3,24.9,27.8,24.6
397,impersonator,2.0,9.5,78.5,438.9,9.6,26.8,2.0
2446,genuine,13.0,216.2,215.1,199.6,416.7,233.3,233.4
4126,genuine,547.9,1048.4,16.1,16.1,16.7,17.0,16.9
567,impersonator,53.6,201.9,123.8,190.5,1.0,45.5,2.0
1358,genuine,165.0,169.0,167.0,165.0,167.0,167.0,167.0
2513,genuine,413.2,232.8,16.3,216.5,199.9,433.7,233.5
304,impersonator,361.5,293.4,75.4,369.0,363.0,297.4,156.4
574,impersonator,2.0,237.9,153.5,123.1,40.2,226.5,2.0
4391,genuine,19.3,17.1,775.4,422.6,16.7,17.4,18.6
514,impersonator,30.4,1.5,161.4,473.9,126.7,128.9,156.3
1156,genuine,12.7,15.0,805.2,14.4,15.8,17.8,17.2
3081,genuine,181.0,171.0,157.0,170.0,170.0,170.0,12.0
532,genuine,227.1,233.1,233.0,450.0,15.5,234.3,449.5
3848,genuine,171.0,175.0,173.0,173.0,172.0,172.0,175.0
3829,genuine,170.0,175.0,172.0,175.0,172.0,174.0,172.0
3335,genuine,170.0,171.0,176.0,172.0,174.0,172.0,171.0
65,impersonator,142.4,61.2,537.3,331.6,185.7,192.7,398.5
33,genuine,77.9,21.2,127.8,35.6,32.0,99.7,31.8
2577,genuine,14.1,18.2,20.5,17.5,949.0,19.6,17.6
602,impersonator,21.0,6.5,1051.4,200.1,56.2,8.8,38.0
53,impersonator,2548.8,894.3,2006.0,342.2,1485.2,2175.1,1324.8
1910,genuine,9.0,180.0,318.0,172.0,168.0,11.0,166.0
292,impersonator,148.4,161.5,180.2,94.7,21.5,163.3,2.0
4140,genuine,163.0,345.0,156.0,171.0,171.0,169.0,168.0
401,impersonator,318.9,235.7,695.1,2.1,1.0,378.0,267.5
696,impersonator,136.5,331.6,471.6,262.2,19.6,155.2,138.8
736,impersonator,173.6,360.8,421.2,3.5,1.0,308.4,92.5
276,impersonator,2.0,51.0,116.1,488.8,104.6,1.3,2.0
1819,genuine,230.7,230.0,432.7,16.8,232.7,233.3,433.5
4346,genuine,29.3,33.1,211.7,200.0,219.6,213.7,416.7
2740,genuine,169.0,172.0,175.0,173.0,173.0,173.0,172.0
116,impersonator,2.0,145.6,838.9,13.3,76.3,45.2,2.0
628,impersonator,49.5,550.5,738.9,141.6,378.7,69.2,305.3
462,impersonator,83.6,328.7,833.1,157.5,1.0,269.5,325.8
50,genuine,13.6,2089.2,19.6,19.1,422.1,19.3,18.8
633,impersonator,2.0,358.2,287.8,299.6,92.7,215.8,87.4
159,impersonator,2.0,17.2,1056.0,572.1,76.4,160.8,88.6
1942,genuine,230.0,453.4,30.4,233.6,232.8,450.6,16.8
98,impersonator,1104.0,2504.9,236.8,341.8,1506.3,828.1,381.3
2029,genuine,435.2,10.6,232.3,233.0,433.4,16.6,233.3
23,impersonator,147.0,31.4,184.6,141.5,1.0,59.5,194.1
214,impersonator,2.0,89.5,316.8,52.0,80.2,18.2,2.0
66,impersonator,2.0,5.3,39.8,621.8,267.0,44.0,2.0
179,impersonator,2.0,136.9,565.2,67.6,105.1,20.5,2.0
4475,genuine,16.6,12.0,214.4,216.1,199.9,216.7,216.0
289,impersonator,309.1,457.4,295.7,83.3,535.9,31.1,392.0
1815,genuine,215.7,413.1,233.1,433.3,16.4,233.2,433.2
834,genuine,165.0,168.0,170.0,169.0,169.0,169.0,167.0
2836,genuine,166.0,168.0,166.0,168.0,167.0,166.0,166.0
542,impersonator,76.5,414.6,247.9,70.6,176.7,118.7,180.1
2999,genuine,229.0,232.9,233.1,433.4,16.7,232.9,233.3
448,impersonator,99.7,671.5,51.4,244.1,104.9,76.3,29.8
103,impersonator,193.9,573.5,119.6,201.6,366.3,426.0,540.0
4018,genuine,15.6,17.6,119.5,1258.8,17.8,17.8,18.7
652,impersonator,201.4,101.5,191.6,831.5,31.2,60.8,152.0
3363,genuine,444.5,30.9,231.1,233.1,450.1,16.5,232.0
2212,genuine,163.0,189.0,147.0,170.0,171.0,172.0,169.0
3658,genuine,164.0,166.0,169.0,15.0,151.0,333.0,166.0
188,impersonator,62.3,30.3,5.2,574.6,4.2,136.3,2.3
2733,genuine,16.0,229.8,428.9,16.4,233.1,233.4,431.9
1480,genuine,171.0,176.0,172.0,172.0,175.0,172.0,174.0
692,genuine,163.0,170.0,166.0,165.0,168.0,166.0,169.0
143,impersonator,221.5,273.9,187.6,158.1,142.4,635.0,436.0
681,impersonator,2.0,146.3,921.5,256.6,1.7,152.1,2.0
253,genuine,15.2,16.8,1169.8,629.6,17.5,16.0,17.1
513,impersonator,146.1,218.2,129.0,58.8,186.4,120.3,179.0
1149,genuine,17.6,18.3,18.2,972.2,20.2,19.8,21.0
3320,genuine,234.5,227.9,433.6,15.5,433.6,16.1,233.3
3980,genuine,201.3,411.1,233.7,232.7,433.7,16.5,434.4
1029,genuine,16.1,214.6,630.1,16.8,232.7,233.1,433.3
4117,genuine,170.0,173.0,175.0,172.0,174.0,173.0,173.0
1737,genuine,164.0,179.0,156.0,171.0,170.0,169.0,171.0
376,impersonator,2.0,506.5,49.2,169.1,146.3,22.6,2.0
75,impersonator,656.7,380.3,2208.6,1831.7,198.4,246.7,740.3
1003,genuine,169.0,172.0,168.0,173.0,173.0,170.0,165.0
944,genuine,233.8,228.4,433.4,16.0,233.7,16.1,216.4
35,impersonator,36.5,52.8,222.1,43.3,48.7,48.4,68.3
255,impersonator,2.0,126.2,1022.7,14.4,38.5,43.2,159.4
247,genuine,13.9,23.4,970.4,632.0,23.1,18.8,21.6
9,impersonator,2.0,90.2,686.3,2.1,402.9,1.0,41.3
272,genuine,15.1,16.7,1167.9,630.4,17.0,16.5,17.5
576,impersonator,2.0,41.7,494.0,698.3,12.2,49.2,2.0
2343,genuine,164.0,185.0,154.0,170.0,171.0,170.0,169.0
600,impersonator,158.2,38.0,1083.7,343.6,134.7,6.6,97.8
665,impersonator,91.8,161.4,1205.7,10.5,186.5,221.1,72.2
586,impersonator,392.7,476.0,230.6,702.0,20.4,136.8,2.0
376,impersonator,29.8,99.3,788.4,25.5,571.8,146.7,120.3
4053,genuine,170.0,173.0,175.0,174.0,171.0,172.0,174.0
2177,genuine,168.0,189.0,155.0,172.0,7.0,167.0,350.0
318,impersonator,38.4,78.0,391.4,156.0,230.6,21.4,113.3
1127,genuine,168.0,172.0,206.0,137.0,170.0,170.0,166.0
486,impersonator,1220.6,712.6,1685.8,1934.3,1650.8,1108.3,505.5
318,impersonator,87.3,326.8,258.5,489.3,207.5,43.0,134.7
3538,genuine,225.0,234.2,232.7,232.5,232.7,232.9,216.8
760,genuine,19.4,18.1,328.8,838.5,20.6,21.0,20.9
254,impersonator,2.0,64.6,37.5,88.7,57.9,88.8,2.0
661,impersonator,145.1,469.0,38.5,110.9,220.7,216.6,130.5
3803,genuine,168.0,15.0,152.0,334.0,169.0,166.0,10.0
4185,genuine,164.0,183.0,154.0,170.0,9.0,167.0,333.0
200,impersonator,2.0,130.1,183.1,888.8,127.3,7.6,2.0
403,impersonator,2.0,511.7,135.5,572.3,70.6,269.2,424.0
400,impersonator,277.5,105.5,0.0,5.2,345.4,265.9,197.6
425,impersonator,185.4,218.0,0.0,2.1,1544.1,204.8,227.2
61,impersonator,242.8,1.5,324.0,761.8,205.3,1.0,22.6
744,impersonator,64.6,34.3,170.2,170.2,247.7,77.7,125.0
3879,genuine,429.1,16.3,233.1,233.3,433.4,16.7,433.2
324,impersonator,2.0,224.9,187.8,5.2,79.2,68.6,2.0
296,impersonator,35.1,339.8,38.5,149.1,434.0,92.1,139.6
693,impersonator,465.4,245.3,0.0,341.7,256.6,254.5,42.3
729,impersonator,239.2,296.3,63.3,118.6,229.5,112.8,183.4
298,impersonator,2.0,38.5,80.9,118.3,305.9,66.7,2.0
720,impersonator,220.8,481.4,0.0,512.2,38.5,177.6,187.6
32,impersonator,764.6,714.7,1540.6,293.0,649.6,1438.0,508.5
373,impersonator,24.8,151.9,0.0,94.6,142.2,447.3,202.2
467,impersonator,144.5,357.3,384.9,268.6,27.2,40.9,215.4
3,impersonator,374.5,327.9,70.0,71.4,677.6,474.6,557.1
2670,genuine,166.0,171.0,170.0,168.0,170.0,169.0,189.0
345,impersonator,2.0,64.5,67.5,649.5,26.4,138.3,2.0
520,impersonator,2.0,395.6,0.0,167.8,502.4,1.0,132.9
526,genuine,14.4,15.7,1591.1,27.2,15.1,632.6,19.0
3650,genuine,18.0,21.4,1196.4,18.4,15.9,18.2,18.8
3434,genuine,164.0,166.0,167.0,166.0,169.0,165.0,168.0
717,impersonator,295.3,2393.6,1042.5,375.5,229.1,1716.9,390.0
342,impersonator,2.0,15.5,827.9,168.7,22.2,54.9,2.0
350,impersonator,815.4,1503.6,2510.7,1669.9,1967.7,1582.1,1597.3
737,impersonator,179.2,1.5,464.3,847.3,1.0,30.8,113.1
41,impersonator,90.1,23.3,569.1,463.2,22.0,94.0,17.3
135,impersonator,2.0,168.2,27.8,711.6,475.9,144.6,2.0
286,impersonator,496.9,360.7,203.2,187.6,310.7,178.4,70.1
14,impersonator,229.9,69.1,59.6,69.8,137.1,1021.1,167.1
48,impersonator,200.6,165.7,180.0,175.4,202.1,158.4,193.9
361,impersonator,249.1,139.0,159.4,11.8,171.4,1.0,13.4
3251,genuine,14.3,216.8,413.6,233.3,233.2,433.3,16.7
2453,genuine,164.0,185.0,153.0,172.0,168.0,171.0,169.0
1509,genuine,170.0,173.0,173.0,173.0,171.0,173.0,171.0
340,impersonator,482.3,55.0,293.7,451.3,221.6,336.9,453.0
329,impersonator,2.0,69.6,761.9,6.4,70.8,281.9,2.0
257,genuine,14.1,18.9,954.6,834.9,20.4,20.3,20.2
4189,genuine,164.0,185.0,157.0,170.0,172.0,168.0,170.0
9,genuine,16.0,737.9,18.5,17.8,18.1,58.2,65.1
4214,genuine,165.0,168.0,168.0,168.0,168.0,168.0,167.0
450,impersonator,526.3,213.9,438.5,235.9,329.8,544.8,472.2
457,impersonator,71.8,95.8,106.9,233.4,3.3,14.4,94.6
273,impersonator,2.0,392.6,266.4,8.1,140.1,152.9,2.0
3270,genuine,15.9,10.2,14.5,42.4,16.7,1220.6,34.7
745,impersonator,62.2,93.2,847.0,269.4,35.4,101.1,14.4
233,genuine,170.0,174.0,175.0,202.0,146.0,173.0,173.0
131,impersonator,2220.4,2398.0,642.1,1426.6,128.5,2250.4,733.8
254,impersonator,74.6,31.8,1258.4,8.7,12.9,78.4,172.5
147,impersonator,2.0,84.6,258.2,190.3,17.8,230.4,2.0
653,impersonator,17.5,361.1,1259.0,174.5,145.1,1.0,463.4
140,genuine,167.0,184.0,5.0,167.0,333.0,167.0,167.0
4045,genuine,233.4,228.8,233.9,15.9,216.5,199.3,417.3
1123,genuine,14.3,12.0,650.7,29.0,233.8,231.1,450.4
1172,genuine,165.0,167.0,168.0,16.0,150.0,333.0,167.0
47,impersonator,2.0,33.2,92.3,964.0,7.1,59.3,2.0
355,impersonator,26.8,19.9,73.0,49.7,361.9,80.2,139.6
554,impersonator,395.1,141.2,165.6,93.1,170.4,33.6,30.4
1785,genuine,14.8,11.9,229.9,198.4,216.7,216.1,617.3
2631,genuine,164.0,166.0,167.0,3.0,165.0,3.0,330.0
457,impersonator,82.3,74.9,81.6,177.1,2.5,1.0,73.4
61,impersonator,1358.9,1224.8,2659.0,1260.5,278.9,607.4,1167.9
607,impersonator,192.7,1.5,373.5,661.8,454.1,1.0,242.0
397,genuine,195.6,433.2,233.1,433.3,16.5,233.1,233.2
3437,genuine,24.8,249.5,251.1,448.5,31.6,250.1,250.0
994,genuine,171.0,195.0,156.0,178.0,3.0,180.0,342.0
521,impersonator,2.0,39.7,77.5,78.8,85.7,55.7,2.0
443,impersonator,470.9,2663.4,743.6,303.0,264.4,670.9,181.0
601,impersonator,964.3,2359.2,886.1,473.8,1635.1,1240.1,1997.3
3735,genuine,169.0,190.0,7.0,150.0,334.0,171.0,171.0
183,impersonator,316.2,32.9,638.4,1629.7,794.8,657.7,1415.2
464,impersonator,1981.5,2439.1,2008.5,633.4,774.3,2214.6,1278.8
3160,genuine,167.0,194.0,150.0,170.0,171.0,171.0,10.0
1231,genuine,165.0,169.0,171.0,168.0,168.0,170.0,169.0
1022,genuine,15.6,10.8,216.3,214.5,216.7,416.9,433.3
460,impersonator,2.0,299.0,684.2,559.7,125.4,1.0,395.6
1353,genuine,16.7,29.4,111.6,23.5,72.8,33.3,92.8
4209,genuine,167.0,167.0,167.0,168.0,167.0,168.0,166.0
642,impersonator,102.3,589.2,0.0,2.1,464.9,191.0,288.1
2041,genuine,542.1,20.5,29.3,79.8,60.5,1943.5,19.4
441,impersonator,276.6,1.5,0.0,339.0,13.6,318.5,192.6
3760,genuine,28.2,1544.2,19.7,24.2,16.8,1413.7,19.8
304,genuine,170.0,174.0,176.0,173.0,174.0,175.0,174.0
4157,genuine,164.0,180.0,159.0,172.0,169.0,171.0,167.0
4397,genuine,167.0,193.0,151.0,170.0,169.0,170.0,171.0
3432,genuine,166.0,169.0,168.0,165.0,169.0,167.0,168.0
390,impersonator,2.0,214.6,386.7,435.5,197.2,1.0,629.8
1376,genuine,168.0,170.0,169.0,171.0,173.0,169.0,167.0
3263,genuine,163.0,190.0,150.0,170.0,170.0,172.0,170.0
651,impersonator,110.3,132.0,618.4,160.6,52.8,44.8,314.9
1167,genuine,231.0,14.5,215.6,199.8,216.6,216.5,416.8
670,impersonator,168.8,26.4,378.8,171.2,199.4,180.5,92.0
738,impersonator,2.0,381.2,154.3,102.8,113.2,231.7,2.0
1514,genuine,164.0,353.0,151.0,170.0,169.0,169.0,168.0
3617,genuine,16.3,1170.6,210.1,17.6,19.0,20.4,23.0
520,impersonator,1140.4,2554.0,115.9,174.0,116.4,2100.8,1934.1
97,impersonator,119.2,231.7,29.4,9.6,172.9,18.9,451.5
25,impersonator,620.1,500.9,0.0,2.1,745.7,372.3,209.4
174,impersonator,2.0,1.5,941.9,274.6,177.2,185.2,74.0
1831,genuine,202.7,15.2,16.4,16.7,16.6,17.0,18.0
2586,genuine,432.2,15.6,231.3,233.1,433.3,16.6,233.3
3411,genuine,15.0,16.5,792.5,631.7,20.0,16.9,19.8
2521,genuine,172.0,174.0,175.0,172.0,173.0,171.0,172.0
454,genuine,431.4,15.6,233.4,232.8,433.4,16.6,232.8
1742,genuine,98.8,950.7,18.6,17.6,17.0,18.3,2019.5
298,impersonator,275.1,175.3,184.2,53.1,295.9,177.4,101.8
4458,genuine,450.3,39.7,249.4,251.7,247.9,221.1,27.3
516,impersonator,2.0,449.5,289.0,237.9,69.3,140.1,2.0
1869,genuine,164.0,168.0,166.0,167.0,168.0,166.0,167.0
212,impersonator,2.0,180.7,464.2,98.6,98.1,214.5,2.0
154,impersonator,165.1,178.3,69.6,2.1,176.0,167.6,198.0
2585,genuine,229.7,433.1,16.3,232.4,233.3,433.3,16.7
724,impersonator,594.2,267.5,377.6,72.2,217.1,270.2,381.3
3488,genuine,1224.9,16.9,14.3,17.8,18.2,27.5,58.8
317,genuine,171.0,172.0,174.0,175.0,175.0,174.0,175.0
3021,genuine,424.9,17.1,231.9,233.1,233.1,216.7,233.5
1515,genuine,51.8,787.2,17.7,18.2,18.1,58.0,2422.7
4063,genuine,180.0,176.0,155.0,170.0,171.0,172.0,171.0
218,impersonator,132.4,264.5,756.1,2.1,264.3,293.2,232.3
2328,genuine,171.0,172.0,174.0,172.0,175.0,174.0,173.0
1203,genuine,616.1,28.6,232.3,449.8,15.5,233.8,232.9
3844,genuine,167.0,173.0,168.0,171.0,171.0,174.0,165.0
68,impersonator,1593.5,2658.2,172.3,645.7,2025.3,2208.8,2554.4
3412,genuine,166.0,173.0,167.0,171.0,172.0,169.0,166.0
3443,genuine,1814.9,15.9,17.9,18.3,18.0,18.5,17.5
357,impersonator,1812.6,1697.2,1397.2,87.4,374.3,715.1,2185.1
211,impersonator,376.6,60.8,179.6,129.6,268.1,3.3,205.9
2501,genuine,15.0,20.1,19.8,1012.4,17.9,16.4,18.8
721,impersonator,441.7,803.5,95.0,88.9,103.4,145.7,84.3
501,impersonator,51.0,411.1,290.7,11.0,303.2,188.1,8.6
496,impersonator,2.0,1.5,574.5,500.8,479.7,121.7,547.5
3656,genuine,228.3,433.9,15.6,232.7,233.5,233.3,433.4
3841,genuine,163.0,184.0,167.0,166.0,167.0,166.0,182.0
143,impersonator,79.8,454.4,33.9,196.0,73.7,635.9,282.5
277,genuine,166.0,172.0,169.0,171.0,172.0,173.0,166.0
2828,genuine,166.0,167.0,169.0,171.0,169.0,168.0,171.0
3953,genuine,1096.6,16.4,18.7,18.5,18.4,18.4,33.0
1315,genuine,18.2,16.5,16.4,361.7,1055.7,15.6,16.9
743,impersonator,182.0,416.9,120.3,187.9,248.9,403.0,451.9
163,impersonator,53.8,155.6,155.7,116.7,3.6,102.6,46.8
77,impersonator,1523.3,31.5,2446.4,300.4,31.3,966.7,409.2
1373,genuine,230.1,433.0,16.5,233.5,16.1,216.6,200.0
2650,genuine,165.0,166.0,168.0,166.0,168.0,165.0,167.0
1456,genuine,164.0,175.0,154.0,170.0,170.0,169.0,12.0
2076,genuine,165.0,167.0,167.0,16.0,149.0,336.0,167.0
3291,genuine,18.2,21.8,17.8,1586.1,20.2,20.6,20.9
532,impersonator,2.0,97.1,25.0,56.0,139.4,33.5,2.0
462,genuine,165.0,167.0,166.0,166.0,8.0,158.0,330.0
4395,genuine,6.0,159.0,4.0,327.0,9.0,321.0,333.0
390,impersonator,171.2,130.2,4.0,213.1,1.0,197.5,2.0
776,genuine,14.5,401.0,421.9,15.1,17.3,19.0,17.7
197,impersonator,2.0,83.5,147.6,306.5,313.7,186.2,2.0
125,impersonator,16.7,80.7,255.6,157.5,124.4,128.3,40.6
2639,genuine,27.4,56.2,63.5,1244.2,843.0,18.4,17.3
273,genuine,12.7,15.4,207.9,217.3,215.5,416.8,433.7
1718,genuine,13.6,234.7,228.8,233.1,433.7,16.0,16.2
379,impersonator,255.7,162.5,119.1,51.8,32.9,60.5,2.1
3618,genuine,16.0,23.8,974.8,631.2,20.9,15.2,19.1
338,impersonator,2.0,70.7,174.9,12.6,196.0,36.3,2.0
635,impersonator,508.6,159.6,0.0,109.3,440.7,149.3,2.0
1957,genuine,229.3,434.0,15.6,233.9,233.9,232.7,432.7
3010,genuine,172.0,171.0,174.0,174.0,174.0,172.0,173.0
208,impersonator,443.5,456.0,70.8,31.6,103.5,11.7,348.7
3957,genuine,17.3,1371.9,206.0,17.2,18.6,19.1,20.4
643,impersonator,109.8,301.8,421.3,110.6,148.4,848.0,138.6
158,genuine,42.0,1556.3,21.6,16.2,18.7,19.2,18.8
287,impersonator,2.0,160.5,374.5,2.1,58.9,179.8,19.8
135,impersonator,1366.9,2272.9,689.1,524.9,561.3,1734.8,2427.2
1238,genuine,172.0,172.0,174.0,173.0,174.0,172.0,172.0
705,impersonator,487.5,422.0,101.6,526.1,327.2,71.5,103.7
178,impersonator,2.0,34.3,983.7,56.5,205.2,52.4,2.0
3318,genuine,167.0,171.0,169.0,172.0,171.0,170.0,168.0
356,impersonator,2.0,18.6,346.6,314.3,55.4,22.3,2.0
525,impersonator,65.7,464.8,196.8,218.1,454.4,178.3,371.5
224,genuine,164.0,181.0,156.0,172.0,8.0,166.0,335.0
75,impersonator,2.0,289.3,445.4,397.6,1.0,1.0,2.0
4476,genuine,19.5,16.8,18.8,549.4,20.7,21.1,22.3
597,genuine,22.8,20.0,20.2,14.7,584.6,18.7,19.0
597,impersonator,913.5,1971.9,1342.2,443.8,1934.8,1318.7,1083.8
620,impersonator,994.7,2734.4,610.5,809.1,1888.6,2369.1,2184.4
705,impersonator,947.2,1760.5,65.1,431.2,595.0,1986.5,1329.2
144,impersonator,62.4,12.8,179.1,2.1,218.4,1.0,64.6
779,genuine,170.0,175.0,173.0,175.0,173.0,175.0,172.0
561,genuine,171.0,174.0,174.0,172.0,172.0,172.0,172.0
982,genuine,166.0,171.0,170.0,170.0,172.0,170.0,167.0
4198,genuine,11.9,18.7,21.3,18.8,940.5,840.4,17.4
223,impersonator,2.0,160.9,326.8,112.8,112.0,86.7,2.0
748,impersonator,2.0,238.8,3.1,12.4,295.8,82.9,2.0
1995,genuine,11.9,14.8,218.0,213.7,199.9,216.5,417.0
396,genuine,171.0,173.0,173.0,175.0,173.0,174.0,174.0
575,impersonator,167.1,528.3,24.8,904.7,120.8,208.9,59.8
564,impersonator,201.9,1.5,557.7,462.6,176.2,13.1,68.6
455,impersonator,31.9,174.3,574.2,1410.6,9.4,1.0,113.0
234,genuine,229.6,453.8,31.5,233.2,233.6,452.6,13.9
367,impersonator,1963.8,2263.3,360.8,97.9,983.1,2192.0,262.5
326,impersonator,28.0,23.2,440.5,396.7,393.2,84.2,39.1
487,genuine,170.0,173.0,174.0,174.0,174.0,184.0,167.0
503,impersonator,2.0,1.5,162.7,106.5,170.3,1.0,2.0
306,impersonator,136.8,305.0,152.5,91.2,1.0,324.5,268.5
411,impersonator,54.4,688.1,10.1,207.8,32.6,189.1,123.9
2516,genuine,168.0,170.0,170.0,173.0,171.0,170.0,166.0
627,impersonator,104.3,37.7,727.6,98.1,198.6,139.1,98.8
188,impersonator,2.0,1.5,1030.1,368.7,86.8,62.5,2.0
1255,genuine,172.0,173.0,175.0,172.0,171.0,173.0,171.0
635,genuine,225.3,232.3,433.4,16.6,232.7,233.4,233.1
509,impersonator,2.0,358.5,0.0,314.3,236.0,366.9,220.5
3059,genuine,14.9,140.2,55.0,94.2,55.4,32.9,2073.0
1237,genuine,16.6,1196.2,19.3,17.1,16.9,18.0,1034.6
54,impersonator,915.7,265.6,0.0,2.1,653.1,189.8,136.1
4429,genuine,226.9,231.8,232.9,450.1,16.3,451.0,14.8
2819,genuine,165.0,190.0,13.0,150.0,333.0,168.0,168.0
270,impersonator,2.0,203.9,74.8,432.8,200.3,203.5,185.8
479,impersonator,135.2,195.4,458.6,653.0,175.0,194.2,345.8
1220,genuine,987.9,207.2,18.4,20.1,20.0,20.1,20.7
634,impersonator,219.2,60.5,170.3,328.6,192.3,75.2,193.8
436,impersonator,115.7,146.3,265.2,477.8,43.8,17.6,116.7
2087,genuine,164.0,167.0,166.0,165.0,167.0,166.0,167.0
528,genuine,605.0,407.5,15.9,17.7,18.0,17.9,18.0
1597,genuine,183.0,13.0,149.0,350.0,167.0,166.0,168.0
569,impersonator,285.4,601.1,0.0,149.6,590.5,205.6,199.3
523,impersonator,2.0,410.1,334.2,277.9,287.8,366.9,2.0
693,impersonator,313.6,110.9,278.3,22.9,262.2,197.4,233.9
3505,genuine,14.1,232.2,229.6,16.1,216.5,199.8,433.8
255,impersonator,145.2,193.1,302.5,470.7,6.0,193.1,11.7
462,impersonator,2.0,198.1,150.2,184.9,47.8,18.3,43.5
3083,genuine,229.5,233.1,433.0,16.5,233.3,232.8,433.3
406,genuine,169.0,173.0,176.0,173.0,173.0,173.0,178.0
701,impersonator,222.0,848.6,746.1,2082.9,920.0,760.2,540.7
2228,genuine,16.1,19.9,1401.2,19.8,17.1,213.6,17.2
370,impersonator,203.1,52.8,377.5,484.0,242.5,176.2,22.3
20,impersonator,2.0,110.2,26.4,342.6,860.7,306.5,2.0
379,genuine,16.6,37.0,1862.7,19.9,17.2,19.7,15.5
142,impersonator,196.0,137.8,260.7,108.2,180.7,188.1,34.7
3800,genuine,15.0,185.0,9.0,338.0,191.0,168.0,345.0
4029,genuine,29.8,25.7,399.0,16.9,63.1,97.0,31.2
122,genuine,227.3,234.3,449.1,31.4,233.1,233.3,433.3
547,impersonator,235.0,12.0,860.8,105.0,175.2,171.1,82.4
188,genuine,2275.2,17.4,18.6,591.2,17.8,19.5,19.7
1852,genuine,231.7,228.4,234.8,448.3,14.4,234.1,234.4
182,impersonator,153.3,231.2,21.3,7.6,64.5,438.9,33.4
3046,genuine,172.0,173.0,176.0,173.0,174.0,172.0,175.0
716,impersonator,1943.2,2353.0,148.6,1234.3,1015.6,1583.8,2156.1
4174,genuine,1077.2,1275.5,20.5,18.4,20.1,21.1,18.4
17,impersonator,23.9,8.0,251.3,234.5,325.7,11.3,268.0
386,impersonator,212.0,613.7,315.0,2.1,1.0,309.4,435.1
558,impersonator,314.2,602.5,234.3,274.3,209.5,219.8,181.4
146,impersonator,1149.7,511.7,2381.9,1310.6,569.2,577.7,1441.8
11,impersonator,128.8,300.1,0.0,136.1,89.5,66.8,260.8
1513,genuine,16.7,18.3,1222.3,17.9,15.7,20.2,620.0
395,impersonator,183.3,391.3,152.5,44.5,133.3,356.9,281.2
296,genuine,173.0,174.0,175.0,171.0,174.0,173.0,172.0
39,impersonator,24.1,535.9,291.4,349.9,208.3,198.9,217.6
3086,genuine,17.2,17.6,18.0,1155.3,18.8,19.3,18.7
339,impersonator,2.0,94.8,159.8,61.9,160.7,279.0,2.0
1270,genuine,626.2,37.5,12.6,223.9,613.9,13.7,218.8
230,impersonator,1133.7,2355.7,710.0,143.6,501.1,754.0,149.6
107,impersonator,116.7,2041.2,1556.5,1094.6,1625.3,1148.5,1122.0
1364,genuine,171.0,173.0,173.0,175.0,172.0,173.0,174.0
2587,genuine,165.0,168.0,168.0,167.0,168.0,166.0,168.0
273,impersonator,342.4,661.3,0.0,70.9,1.9,302.9,247.4
731,impersonator,2.0,423.3,78.8,12.6,335.3,119.1,2.0
317,impersonator,125.4,220.6,7.4,320.2,217.7,195.6,180.0
1590,genuine,164.0,168.0,168.0,13.0,153.0,333.0,168.0
3874,genuine,166.0,169.0,169.0,169.0,167.0,169.0,170.0
2293,genuine,164.0,168.0,166.0,167.0,167.0,169.0,169.0
121,impersonator,114.3,88.1,335.1,199.8,209.9,61.1,197.4
382,impersonator,44.6,64.7,375.5,337.7,554.8,212.1,106.0
360,impersonator,237.1,846.8,1465.9,360.0,1160.5,164.2,288.9
3440,genuine,418.5,227.3,433.6,16.2,233.2,233.3,234.0
187,genuine,230.3,231.5,233.6,233.0,433.5,14.8,433.5
185,genuine,22.1,16.0,769.9,423.0,17.0,19.4,617.7
4291,genuine,230.4,231.3,433.3,17.0,232.8,233.1,434.2
2813,genuine,169.0,170.0,168.0,171.0,173.0,171.0,166.0
357,impersonator,2.0,217.2,182.3,379.9,364.2,77.4,2.0
1666,genuine,14.4,15.9,16.7,16.7,16.8,72.1,75.9
552,impersonator,150.9,155.9,273.9,194.9,123.1,9.3,106.0
2865,genuine,23.4,18.5,19.3,1377.4,18.8,22.0,20.7
74,impersonator,566.6,166.4,229.7,2.1,189.6,112.2,29.6
3148,genuine,167.0,172.0,170.0,171.0,173.0,171.0,166.0
1103,genuine,172.0,174.0,174.0,173.0,174.0,173.0,173.0
106,impersonator,48.2,8.4,835.4,36.4,54.2,249.7,34.9
557,impersonator,546.0,485.8,19.2,31.1,269.2,452.7,201.0
305,impersonator,2.0,92.8,525.2,591.4,160.8,1.0,343.9
3597,genuine,170.0,172.0,169.0,172.0,173.0,169.0,166.0
2899,genuine,169.0,171.0,171.0,172.0,170.0,171.0,166.0
553,impersonator,2.0,69.8,38.6,129.1,142.0,181.2,2.0
726,impersonator,474.0,43.6,101.3,490.1,195.2,177.4,392.0
2799,genuine,416.7,229.0,16.1,216.5,617.3,16.0,233.5
98,genuine,167.0,170.0,170.0,171.0,172.0,169.0,164.0
444,impersonator,282.4,44.7,218.0,398.5,34.6,438.4,175.4
160,impersonator,206.8,1.5,582.9,595.3,298.1,1.0,104.9
1746,genuine,165.0,189.0,156.0,172.0,170.0,170.0,11.0
938,genuine,167.0,171.0,169.0,173.0,171.0,169.0,167.0
133,impersonator,147.6,222.3,204.6,64.7,113.1,226.3,338.9
2002,genuine,164.0,177.0,160.0,171.0,169.0,170.0,170.0
421,impersonator,141.5,167.5,233.9,56.2,174.5,106.7,10.3
1638,genuine,17.0,1620.1,22.6,18.3,20.1,20.0,19.6
486,impersonator,97.0,125.8,349.0,321.3,73.1,109.2,261.3
424,impersonator,73.2,93.2,64.0,143.0,477.2,238.4,464.1
1223,genuine,230.4,233.1,453.4,14.9,233.0,233.2,450.7
601,impersonator,167.9,396.4,115.7,138.2,179.7,143.1,220.4
3789,genuine,164.0,179.0,155.0,169.0,169.0,169.0,171.0
476,impersonator,1501.5,1532.1,1392.5,651.9,908.5,782.3,1051.1
413,impersonator,148.1,131.6,447.8,284.4,8.9,49.6,25.8
446,impersonator,1762.5,1933.5,1962.4,1860.4,1874.1,528.0,1176.8
987,genuine,163.0,184.0,152.0,172.0,171.0,169.0,169.0
787,genuine,17.5,21.4,16.8,18.6,18.5,47.0,34.8
3088,genuine,18.5,54.6,39.4,1329.3,20.2,20.7,21.7
557,impersonator,375.6,336.2,0.0,332.0,462.6,511.3,230.2
508,impersonator,2.0,166.9,1068.4,5.2,14.4,23.3,2.0
4328,genuine,168.0,172.0,170.0,172.0,171.0,170.0,167.0
646,impersonator,1550.3,2239.5,833.1,426.9,1240.4,326.8,853.7
2443,genuine,17.8,550.7,1480.7,20.1,22.6,21.1,18.9
676,impersonator,2.0,177.1,34.8,20.2,153.3,51.6,2.0
308,impersonator,2268.0,901.7,1834.5,1687.0,599.7,1946.4,976.3
2030,genuine,434.6,13.0,231.1,232.9,433.2,16.2,233.4
381,impersonator,2.0,246.8,64.8,282.6,368.8,52.7,2.0
493,impersonator,2.0,39.1,560.4,159.1,369.9,78.5,2.0
45,impersonator,347.8,335.9,264.8,388.4,1.0,1.0,15.7
189,impersonator,2.0,1.5,140.5,784.7,1.0,115.5,310.3
604,impersonator,48.1,338.9,119.5,64.0,483.0,60.3,322.1
503,impersonator,2.0,50.3,429.5,567.4,1.2,76.1,2.0
598,impersonator,5.3,1.5,102.1,186.4,1.0,7.6,17.3
4101,genuine,164.0,185.0,165.0,167.0,167.0,166.0,168.0
19,impersonator,60.6,206.9,44.6,758.8,382.7,1725.4,135.4
2701,genuine,430.0,29.7,234.5,231.7,233.0,232.6,214.9
394,genuine,230.7,232.7,449.4,32.9,234.2,232.3,232.3
1741,genuine,165.0,167.0,166.0,168.0,169.0,166.0,166.0
131,impersonator,87.5,641.8,5.2,67.3,275.4,8.5,57.2
3402,genuine,165.0,168.0,166.0,165.0,165.0,166.0,167.0
642,impersonator,3.2,404.0,181.7,48.0,354.2,44.2,2.0
645,impersonator,1480.9,1950.6,1171.4,1921.6,247.1,578.2,1831.3
3757,genuine,234.5,227.9,433.4,16.4,16.3,216.5,199.6
523,impersonator,332.8,2522.0,870.2,1129.7,1337.6,395.0,1718.7
117,impersonator,117.9,103.2,0.0,319.7,97.2,144.3,29.8
821,genuine,172.0,171.0,174.0,174.0,173.0,173.0,173.0
1580,genuine,197.6,215.6,216.2,417.0,216.3,433.7,16.4
4149,genuine,16.6,15.3,17.9,17.6,22.0,52.4,30.7
1034,genuine,16.4,16.4,16.7,16.6,16.6,16.5,27.7
347,impersonator,496.0,44.1,192.6,316.5,179.2,388.7,113.5
665,impersonator,534.2,115.7,17.6,315.2,1.0,204.3,402.8
2250,genuine,166.0,187.0,157.0,170.0,168.0,171.0,170.0
97,impersonator,353.7,139.8,79.8,10.2,15.5,243.3,155.4
3680,genuine,167.0,171.0,169.0,168.0,168.0,168.0,169.0
3710,genuine,228.9,432.4,16.4,233.2,16.5,216.2,199.9
57,impersonator,2.0,257.2,219.0,2.1,327.1,300.8,2.0
598,genuine,166.0,166.0,170.0,167.0,6.0,164.0,332.0
636,impersonator,2035.7,1118.7,2510.9,389.0,55.4,2252.5,1948.8
129,impersonator,100.1,129.1,107.6,375.6,59.2,66.0,103.3
2031,genuine,163.0,165.0,167.0,166.0,165.0,165.0,164.0
652,impersonator,453.5,109.6,2421.3,1552.4,1907.5,1151.7,787.6
393,genuine,19.1,17.5,1587.5,14.6,19.9,19.7,19.7
119,genuine,370.9,420.5,16.3,16.7,17.2,16.8,17.0
486,impersonator,78.7,17.4,154.2,178.8,98.4,23.8,143.0
332,impersonator,220.4,328.3,163.4,528.4,109.7,222.2,129.9
678,impersonator,26.3,354.5,11.9,442.7,672.9,166.0,414.9
4338,genuine,21.3,17.3,1391.4,16.3,21.6,20.7,23.1
440,impersonator,2.0,661.4,44.5,232.0,95.0,128.4,2.0
3099,genuine,170.0,173.0,173.0,173.0,173.0,174.0,174.0
1454,genuine,16.8,420.7,17.1,232.2,233.1,231.9,216.7
1151,genuine,170.0,174.0,174.0,174.0,173.0,174.0,171.0
1643,genuine,16.4,17.6,1002.6,16.1,15.9,17.1,17.0
353,impersonator,2.0,35.0,64.8,362.8,5.6,130.3,2.0
82,impersonator,3.5,81.9,602.5,284.1,4.0,37.4,102.1
624,impersonator,2108.2,2708.4,1174.8,666.3,419.8,2159.6,2480.6
4201,genuine,229.3,433.3,16.3,233.5,233.0,433.3,16.4
210,impersonator,2.0,379.2,94.1,922.0,3.9,22.1,2.0
1845,genuine,163.0,169.0,168.0,16.0,151.0,332.0,168.0
831,genuine,13.4,232.7,233.2,232.7,433.3,16.6,233.2
864,genuine,165.0,168.0,166.0,168.0,166.0,167.0,168.0
3374,genuine,165.0,167.0,168.0,3.0,162.0,5.0,331.0
451,genuine,431.1,12.7,433.4,16.3,232.2,233.3,233.3
3910,genuine,17.4,17.2,543.0,1056.8,19.4,20.9,22.0
230,impersonator,136.1,416.7,52.1,179.9,1.0,196.6,7.6
2379,genuine,430.1,16.6,235.5,232.8,232.7,216.8,233.0
4434,genuine,17.0,17.6,782.7,21.6,16.0,18.3,18.6
609,impersonator,2.0,476.9,117.9,258.2,173.9,180.0,2.0
3717,genuine,171.0,173.0,176.0,173.0,175.0,171.0,172.0
148,impersonator,225.1,11.9,500.6,196.8,45.4,49.8,115.0
2838,genuine,413.6,232.6,233.1,433.3,16.6,233.1,16.5
3850,genuine,18.3,17.6,17.8,946.2,18.8,18.2,18.5
294,impersonator,255.2,187.2,94.1,234.8,370.2,5.2,440.8
6,impersonator,77.4,248.8,334.9,350.9,251.5,157.3,75.2
2378,genuine,7.9,110.8,305.7,2146.9,12.6,15.2,205.2
2560,genuine,167.0,172.0,170.0,170.0,170.0,172.0,165.0
256,impersonator,39.6,68.6,430.7,590.8,124.2,141.1,153.5
379,impersonator,2.0,3.5,167.2,863.1,426.0,64.2,2.0
741,impersonator,2.0,29.2,438.5,46.9,226.8,49.1,2.0
3736,genuine,227.6,232.2,232.7,232.5,450.6,15.8,233.5
1817,genuine,16.5,781.0,211.5,17.9,19.3,18.4,19.1
312,impersonator,1468.7,1298.2,2287.2,78.8,615.2,1310.8,1486.6
1102,genuine,164.0,167.0,165.0,167.0,168.0,7.0,158.0
747,impersonator,134.1,12.4,367.4,827.5,6.4,11.1,50.8
2646,genuine,164.0,167.0,169.0,16.0,152.0,334.0,165.0
258,impersonator,235.8,17.7,871.0,456.0,103.8,197.1,258.5
3169,genuine,169.0,173.0,174.0,173.0,175.0,172.0,172.0
136,impersonator,304.4,523.7,662.8,6.7,472.5,476.3,317.3
491,impersonator,385.9,343.0,554.3,2.1,169.4,235.2,2.0
563,impersonator,272.5,445.4,135.1,158.8,461.0,458.1,213.1
1829,genuine,164.0,186.0,154.0,171.0,168.0,172.0,183.0
1283,genuine,169.0,174.0,175.0,174.0,171.0,175.0,173.0
582,impersonator,843.7,1973.1,340.5,1139.0,1194.6,2273.3,1369.8
726,impersonator,1219.5,1302.8,1002.4,1046.5,2120.8,1644.3,665.3
1141,genuine,173.0,173.0,174.0,172.0,174.0,172.0,171.0
561,impersonator,79.3,130.7,114.3,92.6,1.0,83.0,115.3
370,impersonator,267.8,993.9,1607.5,1789.6,886.9,446.5,1999.4
3654,genuine,36.6,978.9,15.7,19.3,18.7,21.4,17.7
87,impersonator,1501.0,1740.5,741.8,180.3,1677.8,1776.1,1437.9
603,impersonator,14.2,187.3,477.5,114.9,300.4,79.2,137.2
510,impersonator,487.8,1.5,0.0,461.6,255.9,327.5,2.0
2869,genuine,14.7,17.3,18.2,388.6,3.9,17.0,18.5
2531,genuine,19.4,18.1,15.5,620.7,13.8,18.6,18.2
1278,genuine,167.0,169.0,171.0,169.0,170.0,168.0,168.0
275,impersonator,61.5,60.2,108.2,679.7,415.2,16.3,44.5
2032,genuine,164.0,181.0,155.0,171.0,9.0,167.0,333.0
592,impersonator,17.9,12.5,78.9,424.7,53.6,131.9,259.1
267,impersonator,1411.8,1183.3,969.0,1791.5,1992.7,1572.5,150.2
697,impersonator,582.6,2293.1,2488.9,932.9,10.0,265.7,1801.7
746,impersonator,72.7,108.4,0.0,2.1,816.3,1.0,2.0
559,impersonator,2.0,17.8,66.1,34.4,516.8,109.0,2.0
7,impersonator,155.4,18.0,69.2,234.8,2.7,220.7,18.3
742,impersonator,2.0,14.2,825.8,261.2,37.6,47.7,2.0
60,impersonator,2.0,156.1,946.0,326.4,285.9,13.0,172.5
281,impersonator,1565.2,999.7,1074.2,1887.7,1216.5,931.6,2365.0
1478,genuine,430.5,16.5,232.7,233.1,433.5,16.8,233.2
4308,genuine,17.5,18.4,19.7,17.9,50.0,16.4,24.7
568,impersonator,2.0,111.7,213.8,457.1,1.0,13.5,127.1
543,impersonator,562.5,1373.1,720.3,175.8,987.7,482.6,74.3
244,impersonator,32.0,21.6,2305.0,2029.9,623.5,717.0,398.1
3683,genuine,162.0,168.0,169.0,167.0,165.0,168.0,167.0
1259,genuine,16.2,18.2,18.2,965.2,18.3,18.2,20.4
3078,genuine,172.0,174.0,176.0,173.0,176.0,174.0,173.0
589,impersonator,279.8,727.9,0.0,179.5,402.6,275.0,482.3
2703,genuine,17.1,1995.4,26.5,12.9,18.4,16.5,17.7
120,impersonator,302.2,64.6,169.2,686.1,177.8,119.9,39.1
78,impersonator,160.8,231.2,0.0,256.2,1.0,1.0,89.2
578,impersonator,164.3,2.7,232.4,184.5,285.4,1.0,183.5
49,genuine,170.0,175.0,173.0,173.0,174.0,175.0,173.0
192,impersonator,1965.6,1661.5,1020.2,2024.4,1135.6,635.3,2372.5
2381,genuine,131.8,19.6,119.1,25.8,82.2,31.6,96.4
3535,genuine,16.3,20.1,789.2,420.2,14.8,20.1,17.6
229,genuine,171.0,173.0,172.0,175.0,172.0,171.0,173.0
565,impersonator,2526.6,465.6,1496.4,1370.3,1589.6,1654.0,2233.1
569,impersonator,749.4,540.2,40.2,26.3,652.4,214.9,289.4
2846,genuine,15.4,18.6,974.9,631.5,17.8,15.6,18.2
471,impersonator,2.0,187.2,114.8,300.5,128.0,62.1,2.0
2570,genuine,171.0,172.0,174.0,173.0,172.0,175.0,172.0
171,impersonator,9.0,730.4,946.4,587.9,207.0,1753.0,19.0
391,impersonator,143.0,131.5,152.7,12.5,198.2,141.9,144.2
3170,genuine,166.0,169.0,171.0,170.0,168.0,167.0,171.0
2400,genuine,165.0,168.0,168.0,166.0,168.0,166.0,168.0
690,impersonator,12.7,1571.0,2427.5,1086.4,329.9,315.3,10.5
38,impersonator,309.7,535.1,329.4,2.1,144.8,208.8,138.9
621,impersonator,281.6,285.0,1001.4,30.3,464.7,168.5,227.0
624,impersonator,264.2,1.5,0.0,235.1,804.1,140.9,148.0
1332,genuine,428.8,16.6,232.6,233.2,433.4,16.5,233.3
211,impersonator,666.9,139.6,259.5,220.5,1.0,140.6,189.4
453,impersonator,46.3,202.4,401.4,552.6,10.8,89.0,112.6
2782,genuine,164.0,179.0,155.0,170.0,169.0,173.0,167.0
2043,genuine,229.1,233.1,232.3,216.8,233.3,233.0,232.2
132,impersonator,2.0,653.9,506.3,397.9,451.4,143.9,2.0
658,impersonator,44.8,28.2,144.5,66.7,556.0,163.2,130.7
2131,genuine,184.0,160.0,175.0,174.0,172.0,172.0,171.0
44,genuine,16.0,66.8,331.2,60.4,72.0,72.9,21.8
3775,genuine,225.8,431.3,16.6,233.2,232.7,433.4,16.8
420,impersonator,1956.4,2162.3,695.4,342.5,1583.1,600.8,458.2
1652,genuine,18.5,18.1,1204.0,19.0,17.0,632.4,22.6
687,impersonator,102.5,594.5,213.4,17.3,41.4,4.2,30.7
594,impersonator,212.2,265.0,133.8,6.2,415.5,205.3,96.8
866,genuine,429.4,232.8,16.4,233.1,433.4,16.7,233.0
2470,genuine,166.0,167.0,167.0,166.0,166.0,167.0,169.0
652,impersonator,42.4,9.0,763.2,318.0,53.6,54.7,318.3
133,genuine,165.0,170.0,168.0,166.0,168.0,166.0,169.0
1710,genuine,164.0,188.0,154.0,171.0,168.0,169.0,170.0
1751,genuine,18.0,21.8,376.7,629.3,20.2,20.5,20.2
852,genuine,12.1,70.7,87.9,1673.3,15.8,15.9,16.5
505,impersonator,663.1,767.3,3.8,46.1,274.2,436.2,499.6
3286,genuine,217.1,411.5,233.2,433.5,16.6,233.0,16.1
4381,genuine,431.2,14.1,233.9,233.2,232.4,234.1,232.3
88,impersonator,167.0,330.9,23.1,5.4,163.4,245.5,25.4
596,impersonator,3.8,306.4,850.6,111.5,155.4,108.7,435.8
4237,genuine,14.8,64.7,914.9,14.7,17.6,19.7,16.6
1893,genuine,226.6,233.2,450.2,32.0,233.7,233.3,451.8
607,impersonator,1871.5,1760.6,2583.0,1159.9,43.4,1618.1,539.3
458,impersonator,1324.2,1704.6,1749.5,429.6,196.1,259.4,105.4
74,impersonator,406.6,649.7,224.1,389.4,322.0,114.7,186.7
2731,genuine,164.0,178.0,158.0,170.0,170.0,168.0,171.0
2152,genuine,169.0,173.0,174.0,173.0,175.0,171.0,174.0
142,impersonator,108.5,497.1,255.6,347.0,243.4,139.3,188.5
531,impersonator,2458.1,884.1,1290.5,291.2,832.1,595.0,2411.8
566,impersonator,41.4,4.1,1144.0,115.3,62.0,132.5,11.7
579,impersonator,2.0,109.4,297.3,72.8,278.9,145.1,2.0
317,impersonator,2245.4,1711.3,257.7,1974.2,1733.5,1800.1,1526.1
3305,genuine,213.0,415.9,232.8,433.4,16.4,233.1,233.0
144,genuine,777.3,630.0,15.1,16.9,17.0,17.0,15.9
56,impersonator,245.2,992.7,80.8,124.5,486.4,421.9,294.8
231,impersonator,109.8,189.6,496.0,66.4,110.3,4.7,18.0
683,genuine,169.0,172.0,176.0,180.0,164.0,172.0,173.0
39,genuine,168.0,172.0,171.0,170.0,170.0,173.0,163.0
2214,genuine,1035.3,16.6,19.0,18.8,18.8,18.7,64.5
485,impersonator,745.3,1443.7,1529.5,1413.3,1116.4,400.2,770.4
542,impersonator,223.6,1.5,371.0,348.1,403.0,82.2,268.5
3028,genuine,170.0,172.0,169.0,171.0,173.0,171.0,168.0
3518,genuine,168.0,169.0,168.0,169.0,169.0,168.0,168.0
229,impersonator,2.0,91.6,1038.4,567.1,32.9,1.0,313.7
1916,genuine,166.0,168.0,171.0,168.0,169.0,170.0,170.0
93,impersonator,9.0,3.0,329.9,114.4,135.2,155.3,94.7
2016,genuine,168.0,172.0,170.0,170.0,171.0,171.0,167.0
1589,genuine,20.3,14.0,17.5,17.7,961.8,19.3,16.8
4442,genuine,17.8,16.8,1388.1,17.8,16.7,16.6,17.2
107,impersonator,472.0,159.1,430.5,133.9,88.4,71.1,69.0
693,genuine,180.0,176.0,154.0,170.0,172.0,12.0,166.0
4384,genuine,180.0,170.0,157.0,170.0,172.0,171.0,10.0
4245,genuine,180.0,179.0,151.0,169.0,170.0,168.0,46.0
4375,genuine,168.0,171.0,169.0,172.0,171.0,171.0,165.0
28,impersonator,201.3,157.2,0.0,257.7,162.3,39.5,79.6
2767,genuine,227.1,448.1,31.1,234.2,233.2,449.8,16.9
71,impersonator,173.0,15.5,192.4,36.7,54.5,80.0,36.5
1044,genuine,163.0,189.0,153.0,173.0,170.0,171.0,11.0
616,impersonator,2.0,7.6,365.7,283.8,11.2,31.7,2.0
1112,genuine,163.0,170.0,167.0,167.0,166.0,167.0,168.0
628,genuine,164.0,188.0,153.0,171.0,170.0,169.0,170.0
738,impersonator,175.1,443.6,8.5,324.0,329.8,256.3,327.5
7,impersonator,2.0,1.9,506.3,93.0,116.2,129.6,2.0
134,impersonator,2.0,135.7,219.5,232.7,166.2,172.0,214.7
103,impersonator,272.0,197.8,50.4,132.2,557.7,220.8,162.4
420,impersonator,68.6,361.4,22.4,96.3,85.4,192.2,55.5
352,impersonator,554.6,230.8,174.8,1029.1,49.8,407.2,108.2
799,genuine,17.4,223.6,230.1,233.7,450.1,15.6,233.8
3812,genuine,229.9,233.1,233.7,432.8,16.5,233.0,233.3
85,impersonator,2.0,90.6,312.7,26.8,45.5,75.7,2.0
179,impersonator,541.9,538.2,1062.8,1359.8,574.5,2237.8,88.3
614,impersonator,104.4,178.7,136.4,105.0,153.9,7.9,46.0
2613,genuine,168.0,167.0,170.0,170.0,167.0,169.0,171.0
281,impersonator,230.8,1.5,395.4,2.1,269.3,292.5,76.7
715,impersonator,73.6,310.3,615.7,468.7,241.9,133.0,58.4
321,genuine,168.0,171.0,171.0,168.0,168.0,170.0,168.0
2285,genuine,167.0,172.0,168.0,171.0,171.0,172.0,167.0
85,impersonator,362.6,693.6,1844.5,1616.1,1687.5,1052.8,765.5
106,impersonator,2.0,52.1,0.0,221.5,6.5,19.4,61.1
2658,genuine,16.1,18.9,786.4,418.9,15.5,17.7,18.2
693,impersonator,199.0,222.2,241.2,60.0,179.8,200.1,385.6
878,genuine,16.4,54.9,45.2,1270.2,17.4,18.6,18.2
203,impersonator,87.8,593.2,100.0,299.9,232.5,1.0,2.0
586,impersonator,569.6,1548.0,2611.4,634.1,1612.8,1066.5,1068.1
384,impersonator,55.3,179.2,865.3,320.2,53.0,169.6,34.8
187,impersonator,172.7,104.8,437.4,237.7,1806.9,252.2,244.1
98,impersonator,112.4,561.3,23.2,278.3,14.5,236.0,156.2
1804,genuine,164.0,168.0,168.0,167.0,167.0,169.0,167.0
15,genuine,200.1,211.8,417.1,233.0,233.6,432.3,16.4
2667,genuine,16.0,18.1,596.8,16.0,18.2,18.3,18.4
620,impersonator,2.0,99.8,1.0,109.7,806.9,209.8,2.0
3990,genuine,163.0,166.0,169.0,166.0,165.0,165.0,167.0
496,impersonator,2534.7,2079.4,1944.7,1777.1,189.1,322.8,321.7
675,impersonator,231.6,27.2,131.7,632.5,234.9,290.0,52.9
722,genuine,164.0,168.0,166.0,167.0,167.0,167.0,168.0
68,impersonator,718.9,427.5,52.8,63.5,556.3,360.1,204.8
3260,genuine,168.0,172.0,167.0,171.0,171.0,172.0,165.0
725,impersonator,1753.4,130.1,382.7,1712.4,2227.6,10.2,654.8
266,impersonator,856.2,414.9,403.3,73.6,199.5,197.8,42.1
4230,genuine,164.0,169.0,166.0,166.0,166.0,168.0,168.0
3358,genuine,16.5,19.3,326.7,18.2,19.2,18.6,59.6
1748,genuine,446.6,30.3,234.3,230.8,449.9,16.4,451.1
3019,genuine,17.7,15.8,18.6,14.1,1140.3,628.9,16.3
423,impersonator,923.9,1080.0,2501.5,544.4,2242.3,1835.6,2247.0
0,impersonator,410.3,302.4,75.6,302.2,397.2,232.8,107.5
209,impersonator,171.9,103.0,342.6,2.1,438.3,111.2,213.7
3379,genuine,330.0,179.0,156.0,171.0,171.0,169.0,171.0
669,impersonator,92.6,1.5,459.7,72.0,544.3,552.4,2.0
86,impersonator,143.8,51.8,287.8,318.4,774.3,221.6,141.3
2890,genuine,331.0,186.0,153.0,171.0,171.0,167.0,170.0
81,impersonator,274.4,59.2,370.6,387.0,189.6,96.0,423.5
548,impersonator,81.1,157.5,262.2,42.9,232.8,129.2,224.3
211,impersonator,398.6,271.5,202.3,230.5,345.8,3.8,192.4
3648,genuine,40.0,145.0,325.0,170.0,171.0,170.0,169.0
1978,genuine,11.9,433.5,15.5,233.3,233.4,233.3,433.0
1536,genuine,15.2,443.2,29.8,233.0,450.8,15.8,231.9
651,genuine,163.0,174.0,157.0,169.0,171.0,10.0,166.0
422,genuine,16.2,22.7,40.1,73.9,9.6,100.0,100.4
269,impersonator,2.0,53.2,187.6,76.2,102.3,211.8,2.0
131,impersonator,2.0,77.0,52.1,872.9,191.0,42.9,2.1
196,impersonator,1176.1,2666.8,559.7,434.5,749.4,1376.7,1227.8
274,impersonator,2.0,269.0,255.8,62.9,84.6,157.8,2.0
147,genuine,229.8,232.8,232.1,433.3,16.6,233.0,233.2
401,impersonator,207.9,175.9,381.3,573.5,33.2,337.2,325.1
3605,genuine,13.2,17.3,784.0,16.7,17.1,19.4,16.6
1842,genuine,31.5,143.7,5.6,169.7,63.4,93.9,44.2
274,genuine,168.0,173.0,171.0,173.0,171.0,170.0,166.0
703,impersonator,14.7,472.1,0.0,517.6,227.5,399.5,76.1
4433,genuine,19.1,19.8,19.5,771.0,19.0,20.6,20.1
11,impersonator,428.6,595.6,293.7,278.8,158.5,68.9,203.9
618,impersonator,355.0,1.5,213.4,330.3,299.6,180.0,2.0
469,impersonator,227.0,2678.3,1482.9,72.6,433.6,1591.3,1739.9
3329,genuine,180.0,170.0,156.0,170.0,168.0,170.0,169.0
46,impersonator,1214.3,464.6,1894.6,1007.9,1497.9,1119.0,606.5
86,impersonator,2.0,387.9,200.3,349.0,251.3,24.3,2.0
565,genuine,18.0,20.1,18.6,1382.7,19.3,20.4,19.5
2933,genuine,16.3,16.6,770.9,626.5,17.2,17.5,17.8
127,impersonator,476.2,307.0,3.1,69.5,350.5,91.1,78.0
249,impersonator,125.7,605.7,342.5,8.6,139.5,70.4,159.4
257,impersonator,302.4,615.6,34.8,242.4,150.9,198.4,17.2
380,genuine,20.7,17.0,142.2,838.3,19.9,19.0,19.2
685,impersonator,19.8,82.8,1325.3,9.7,272.2,172.9,212.2
738,impersonator,293.4,458.8,68.4,2.1,291.1,276.9,461.3
1132,genuine,166.0,167.0,165.0,15.0,153.0,332.0,166.0
297,impersonator,2.0,291.2,120.0,11.9,127.0,122.9,2.0
677,impersonator,1768.3,452.1,1710.5,1033.4,537.2,314.5,969.7
79,impersonator,2.0,234.0,992.1,122.9,146.2,282.9,2.1
389,impersonator,2.0,120.2,183.0,415.3,113.3,85.5,2.0
67,impersonator,148.4,298.0,217.1,89.8,418.7,74.8,209.8
3888,genuine,167.0,170.0,169.0,171.0,172.0,170.0,166.0
2227,genuine,170.0,187.0,9.0,150.0,333.0,183.0,166.0
697,impersonator,33.2,39.7,327.7,20.6,152.8,36.9,2.5
1733,genuine,228.2,215.2,233.4,231.9,233.4,452.3,14.3
595,impersonator,201.5,285.2,23.2,247.9,15.7,184.9,110.6
504,impersonator,419.5,261.9,0.0,589.3,1.0,114.9,2.0
725,impersonator,142.4,23.5,667.9,668.7,18.1,687.8,330.2
155,impersonator,628.5,1.5,0.0,647.9,1.0,1.0,378.0
239,impersonator,70.5,13.6,258.6,382.9,56.1,126.8,208.4
1468,genuine,171.0,172.0,175.0,171.0,174.0,175.0,171.0
3433,genuine,169.0,171.0,174.0,173.0,173.0,175.0,174.0
211,impersonator,353.9,570.1,187.0,247.9,284.4,1.0,25.8
3638,genuine,170.0,172.0,175.0,175.0,172.0,175.0,173.0
75,impersonator,8.4,5.1,389.5,563.8,135.0,54.8,29.6
2805,genuine,835.3,17.3,17.8,20.0,53.6,101.5,19.3
3065,genuine,17.2,486.6,18.9,18.9,71.4,78.7,21.7
3551,genuine,169.0,168.0,169.0,170.0,169.0,169.0,171.0
1651,genuine,172.0,173.0,175.0,172.0,171.0,174.0,172.0
578,genuine,12.1,222.9,232.4,433.5,16.5,232.7,233.3
490,impersonator,2.0,457.7,271.3,591.1,76.2,219.1,247.2
689,impersonator,116.2,315.9,239.9,665.5,324.6,18.4,202.9
3951,genuine,166.0,191.0,153.0,169.0,171.0,170.0,170.0
741,impersonator,288.2,31.8,129.8,440.7,60.0,16.7,162.8
499,genuine,164.0,168.0,167.0,15.0,153.0,331.0,166.0
3172,genuine,11.5,416.1,15.7,24.2,2302.0,15.9,19.3
4254,genuine,166.0,188.0,1.0,171.0,13.0,316.0,334.0
2870,genuine,16.0,15.0,1174.6,629.1,16.6,17.1,17.2
327,impersonator,178.0,1.5,793.9,826.4,122.0,55.8,2.0
443,impersonator,122.5,279.9,30.2,422.7,1.0,222.5,79.5
3730,genuine,170.0,172.0,174.0,173.0,173.0,171.0,173.0
88,impersonator,191.6,163.2,0.0,30.2,390.4,137.6,223.4
1813,genuine,106.2,704.7,1894.4,18.3,19.3,19.6,17.9
526,impersonator,712.6,2702.2,1163.4,574.3,1888.2,1222.2,1850.4
8,impersonator,2.0,27.8,410.7,471.1,23.8,39.9,2.0
512,impersonator,2.0,124.8,106.2,143.6,274.7,32.5,2.0
425,impersonator,2524.6,2483.7,768.0,1052.9,1852.2,1257.5,2578.5
3522,genuine,17.3,21.2,971.0,423.0,17.2,16.9,844.9
3510,genuine,164.0,165.0,169.0,167.0,166.0,166.0,167.0
257,impersonator,631.3,1.5,77.0,235.1,310.4,313.7,2.0
469,impersonator,229.4,639.3,151.1,147.6,19.5,151.4,202.2
2606,genuine,164.0,178.0,156.0,172.0,169.0,169.0,170.0
20,genuine,165.0,168.0,166.0,167.0,169.0,166.0,167.0
1063,genuine,12.4,19.1,967.5,207.7,18.7,18.9,19.3
621,impersonator,579.1,1.5,0.0,142.5,227.3,219.1,2.0
429,impersonator,129.7,147.8,275.0,108.7,170.6,271.5,32.6
346,impersonator,37.3,442.5,64.5,380.4,1.0,340.0,48.9
244,genuine,602.9,405.3,16.2,20.6,17.2,17.5,17.5
4233,genuine,22.7,31.1,923.2,422.4,17.3,19.4,407.1
332,impersonator,2.0,271.6,307.7,85.1,154.1,51.5,2.0
2509,genuine,18.8,16.9,18.2,964.3,18.9,18.6,18.2
462,impersonator,233.7,94.5,657.1,353.0,20.2,218.9,378.9
3118,genuine,229.1,233.0,433.3,16.6,233.2,233.2,433.2
3345,genuine,16.3,18.4,526.2,18.6,18.6,27.7,70.7
154,impersonator,2069.8,2514.9,2282.1,537.3,1234.7,1213.0,1944.7
558,impersonator,1551.7,2094.9,1671.1,1294.0,1880.9,1617.4,1090.7
590,impersonator,87.2,12.5,52.9,514.8,69.7,72.3,141.3
441,impersonator,10.1,90.2,605.1,36.5,436.5,189.5,55.2
3161,genuine,17.8,24.8,1569.3,16.6,19.4,20.0,19.6
633,genuine,16.6,19.7,781.0,422.1,15.8,20.6,17.6
518,impersonator,181.6,1.5,193.1,13.1,1.0,42.3,26.7
2876,genuine,169.0,172.0,173.0,171.0,173.0,171.0,173.0
3378,genuine,412.5,231.6,232.1,450.5,15.0,233.6,233.1
4393,genuine,164.0,187.0,153.0,169.0,169.0,171.0,169.0
162,genuine,165.0,165.0,168.0,164.0,169.0,166.0,165.0
48,genuine,17.2,16.5,24.8,956.9,17.7,16.4,17.8
440,impersonator,2166.1,382.0,2349.8,130.4,1378.5,854.1,2563.4
190,impersonator,59.9,480.9,220.4,20.5,13.0,313.7,75.8
4298,genuine,184.0,11.0,150.0,350.0,167.0,166.0,167.0
4443,genuine,180.0,170.0,158.0,169.0,170.0,170.0,169.0
1176,genuine,166.0,167.0,168.0,166.0,167.0,167.0,168.0
729,impersonator,140.4,1.5,57.8,184.9,517.1,225.0,81.1
3955,genuine,16.7,16.2,977.0,631.5,18.0,16.2,19.9
4270,genuine,165.0,169.0,167.0,168.0,167.0,167.0,167.0
392,impersonator,2.0,145.2,260.9,399.6,1.0,126.0,118.6
1388,genuine,431.1,15.8,235.7,233.3,450.4,15.4,233.5
2815,genuine,23.0,228.1,433.1,16.8,232.6,233.9,432.8
3063,genuine,165.0,188.0,1.0,170.0,13.0,316.0,334.0
2351,genuine,14.4,18.3,788.0,421.6,15.2,18.8,18.8
4016,genuine,165.0,186.0,154.0,170.0,172.0,171.0,171.0
402,impersonator,2.0,77.3,801.9,2.1,24.7,1.0,317.8
3884,genuine,16.3,19.8,992.4,212.8,16.6,17.8,18.9
3689,genuine,6.0,159.0,4.0,327.0,11.0,322.0,335.0
1644,genuine,169.0,171.0,175.0,174.0,174.0,173.0,174.0
2429,genuine,170.0,174.0,173.0,174.0,174.0,172.0,175.0
407,impersonator,2.0,377.8,157.4,124.9,149.2,134.9,2.0
173,impersonator,44.9,478.2,707.5,8.5,488.3,70.2,84.8
618,impersonator,34.4,360.7,108.1,385.7,207.2,181.6,6.7
601,impersonator,426.4,237.8,162.3,54.4,94.5,210.8,93.5
407,impersonator,263.4,418.9,206.9,452.3,212.4,291.6,123.1
631,impersonator,313.8,23.2,992.6,403.6,171.7,186.5,236.5
841,genuine,412.7,232.9,232.8,433.5,16.4,233.0,233.2
378,impersonator,69.8,1043.1,2093.6,1362.6,2007.2,1364.8,213.9
477,impersonator,226.2,457.5,71.2,188.1,255.4,45.8,34.4
91,impersonator,24.6,459.9,83.7,326.8,50.7,171.7,45.3
95,impersonator,256.2,2171.5,2203.1,1589.8,54.5,212.8,23.2
1796,genuine,15.8,20.2,785.0,417.8,15.8,20.6,17.1
704,genuine,14.5,22.1,1162.3,626.9,20.5,18.2,19.5
100,impersonator,2.0,305.2,1351.8,95.8,34.4,37.3,2.0
313,genuine,165.0,172.0,168.0,171.0,174.0,170.0,167.0
442,impersonator,550.8,1.5,0.0,257.3,301.3,16.8,391.2
3287,genuine,14.7,1364.6,420.8,15.1,17.5,17.8,18.4
808,genuine,18.8,23.1,1348.2,422.5,18.2,17.2,19.5
15,impersonator,76.2,171.7,585.3,343.8,165.7,773.5,2.0
844,genuine,229.4,233.1,16.0,215.4,617.3,16.3,233.2
382,impersonator,2.0,114.3,462.3,177.5,103.9,17.9,2.0
733,genuine,15.4,17.9,975.1,632.3,18.4,14.1,18.3
283,genuine,333.0,11.0,182.0,183.0,332.0,17.0,165.0
3586,genuine,605.9,405.1,15.0,17.7,19.6,16.6,17.3
23,genuine,17.8,21.0,785.8,420.9,19.7,18.3,20.0
248,impersonator,63.5,363.8,514.7,2.1,463.4,491.8,555.1
342,impersonator,2.0,343.0,812.6,580.6,1.0,1.0,287.5
488,impersonator,2.0,51.3,269.2,411.5,25.7,24.3,2.0
1437,genuine,165.0,166.0,168.0,166.0,164.0,167.0,165.0
3281,genuine,925.5,18.0,18.4,17.8,18.3,2251.9,16.8
624,impersonator,840.0,205.6,0.0,31.6,258.9,191.3,209.8
1261,genuine,233.5,429.1,16.5,233.1,232.4,433.4,16.4
2539,genuine,167.0,166.0,167.0,167.0,167.0,168.0,167.0
59,impersonator,204.4,846.1,224.6,248.2,251.5,190.7,263.7
543,genuine,181.0,177.0,153.0,171.0,169.0,170.0,170.0
836,genuine,163.0,167.0,165.0,167.0,168.0,169.0,166.0
226,impersonator,1202.8,1799.6,1812.1,1067.8,656.3,1248.5,1233.1
839,genuine,412.3,232.9,433.4,16.9,232.7,233.2,433.3
636,impersonator,475.2,1.5,0.0,499.7,454.2,1.0,221.6
264,impersonator,255.6,174.3,68.2,58.5,365.7,150.7,139.4
2088,genuine,18.9,20.6,1786.8,17.1,22.2,19.3,20.7
307,impersonator,2.0,258.8,88.4,58.3,38.3,76.8,2.0
606,impersonator,331.5,1.5,0.0,374.2,135.4,138.0,301.2
438,impersonator,386.5,305.5,18.1,272.3,8.5,44.8,203.4
42,genuine,53.5,653.6,16.7,18.3,19.8,54.0,2429.0
422,impersonator,175.6,755.4,94.8,93.0,422.2,106.5,264.6
4127,genuine,164.0,168.0,167.0,167.0,168.0,167.0,169.0
680,impersonator,752.4,476.1,2638.0,1518.7,603.0,280.5,539.9
384,genuine,227.6,230.0,231.7,217.1,233.3,232.7,233.1
163,impersonator,2.0,27.8,243.6,221.5,82.3,59.7,2.0
519,genuine,35.0,46.9,56.2,2049.7,19.2,19.8,19.2
2602,genuine,169.0,172.0,167.0,170.0,171.0,172.0,167.0
73,impersonator,2178.2,415.8,1033.5,2082.7,1231.2,283.5,1040.2
650,impersonator,516.3,112.9,78.4,231.3,889.0,207.4,370.4
609,impersonator,264.1,628.5,304.2,471.4,182.8,350.7,52.0
10,impersonator,217.4,598.3,13.0,348.2,102.3,473.7,302.8
436,impersonator,87.7,1.5,554.2,133.3,1.0,30.6,139.0
496,impersonator,3.2,304.8,7.9,60.5,56.4,91.5,32.3
255,impersonator,521.3,648.9,2637.5,477.5,1325.4,64.4,1410.2
3239,genuine,20.0,19.5,21.0,1578.8,19.9,21.1,20.9
3,impersonator,312.8,596.2,2.8,225.5,583.9,414.5,346.8
206,impersonator,2.0,49.0,27.8,422.2,396.6,84.9,2.0
719,impersonator,309.3,1899.9,1224.6,1522.0,722.9,368.9,105.3
3414,genuine,17.3,20.4,978.3,629.8,21.7,15.2,19.0
3728,genuine,168.0,187.0,157.0,170.0,169.0,169.0,170.0
630,impersonator,2.0,28.0,927.8,267.1,7.0,93.7,2.0
340,impersonator,110.7,224.4,142.7,591.5,179.3,176.6,214.3
4278,genuine,163.0,168.0,166.0,167.0,166.0,167.0,166.0
4061,genuine,14.3,20.4,25.7,79.3,33.6,64.9,71.8
701,impersonator,2.0,646.3,741.4,2.1,54.4,58.5,2.0
3100,genuine,164.0,166.0,167.0,167.0,166.0,165.0,166.0
2784,genuine,229.2,433.2,16.6,233.0,233.4,432.7,16.8
365,impersonator,719.5,139.0,1886.0,1217.7,1799.3,736.3,1466.1
667,impersonator,431.4,155.6,334.8,103.4,20.4,145.1,40.5
3960,genuine,164.0,168.0,168.0,166.0,166.0,168.0,169.0
394,impersonator,2.0,228.6,297.1,2.2,271.7,239.1,2.0
4447,genuine,14.1,19.5,1798.7,21.3,13.7,17.0,18.3
4400,genuine,166.0,184.0,3.0,166.0,334.0,166.0,182.0
623,impersonator,270.3,241.7,61.5,160.9,257.1,311.5,320.5
3554,genuine,167.0,171.0,168.0,174.0,171.0,172.0,166.0
1085,genuine,163.0,170.0,166.0,167.0,165.0,168.0,166.0
2260,genuine,98.9,58.3,71.9,73.8,50.0,64.2,88.9
3972,genuine,171.0,173.0,173.0,173.0,173.0,172.0,173.0
591,impersonator,1914.9,483.8,2122.9,1334.2,1038.0,1541.7,345.4
480,impersonator,28.8,102.1,394.0,681.2,191.4,108.1,32.1
842,genuine,232.5,229.5,233.2,199.9,233.3,233.3,433.6
745,impersonator,16.8,28.8,709.9,162.3,11.9,52.1,7.2
509,genuine,164.0,178.0,154.0,172.0,170.0,169.0,170.0
3894,genuine,166.0,167.0,167.0,166.0,167.0,167.0,168.0
2735,genuine,12.3,24.3,72.5,23.1,36.4,88.2,2002.4
427,impersonator,972.9,293.4,888.7,345.3,1662.6,322.3,452.8
2550,genuine,162.0,167.0,169.0,168.0,165.0,166.0,167.0
303,impersonator,344.9,1.5,111.0,515.9,260.6,13.2,301.2
598,impersonator,2.0,5.8,386.9,169.0,3.2,22.3,2.0
35,impersonator,1158.8,2326.4,2492.5,328.0,297.0,474.5,377.6
1912,genuine,164.0,186.0,157.0,171.0,168.0,170.0,168.0
448,impersonator,2.0,1.5,434.4,2.1,328.9,125.4,334.4
42,impersonator,2.0,144.0,699.5,53.3,97.9,20.5,2.0
156,genuine,12.3,18.0,1157.4,17.2,832.5,19.4,15.5
507,impersonator,62.5,72.2,94.7,40.5,293.5,147.5,102.4
593,impersonator,2.0,72.0,371.5,6.2,323.6,121.3,2.0
388,genuine,21.3,17.0,18.1,1385.1,20.0,19.4,22.1
620,impersonator,712.6,553.6,58.3,6.7,438.5,77.4,216.3
845,genuine,18.8,21.1,105.2,1267.6,21.4,21.9,21.4
2500,genuine,167.0,171.0,170.0,173.0,172.0,172.0,164.0
4234,genuine,15.5,19.6,17.3,774.2,19.7,17.2,18.2
647,impersonator,1585.4,129.0,2670.3,809.6,963.8,447.7,1564.3
914,genuine,13.6,17.9,16.8,34.9,746.1,17.0,18.1
745,impersonator,270.1,1003.9,2410.2,867.9,177.8,36.2,535.7
641,impersonator,1020.5,2137.6,506.1,564.6,53.6,2286.0,435.4
3456,genuine,15.3,429.0,16.6,232.5,16.0,216.4,199.9
252,impersonator,226.6,132.9,166.2,71.1,32.4,197.3,219.5
1087,genuine,14.6,43.1,1614.6,19.1,18.8,20.1,16.3
159,genuine,173.0,174.0,173.0,173.0,173.0,174.0,174.0
1861,genuine,166.0,167.0,167.0,168.0,166.0,167.0,167.0
681,impersonator,1584.5,26.1,1111.2,1722.6,1575.0,388.7,132.2
299,impersonator,88.3,1.5,212.6,363.3,104.1,11.1,143.4
33,impersonator,247.1,184.2,3.8,172.4,596.3,125.3,192.2
309,impersonator,307.2,153.9,377.6,151.6,86.9,474.4,306.4
2975,genuine,227.7,231.1,451.2,31.7,234.1,237.9,444.6
334,impersonator,2.0,119.6,681.9,86.3,215.3,217.6,2.0
3515,genuine,231.9,431.1,16.4,233.3,433.9,16.3,232.9
217,impersonator,2.0,27.9,192.6,39.6,33.4,117.4,42.2
399,impersonator,139.5,284.0,896.6,86.4,38.5,24.5,391.4
598,impersonator,21.5,22.2,578.3,216.3,39.3,23.4,203.7
725,genuine,170.0,173.0,176.0,173.0,172.0,173.0,173.0
3790,genuine,7.0,325.0,334.0,166.0,167.0,168.0,166.0
3039,genuine,18.2,19.6,1394.1,22.0,16.3,17.1,19.1
3580,genuine,19.4,20.1,19.5,957.8,20.6,21.0,21.1
3125,genuine,230.3,229.1,449.6,31.5,233.9,449.6,15.5
4125,genuine,414.2,15.2,232.9,232.4,233.0,216.7,233.3
709,impersonator,48.9,37.1,126.6,27.8,59.0,32.0,24.4
4085,genuine,25.2,92.9,118.9,115.9,97.0,102.7,104.0
13,impersonator,65.4,20.8,384.7,322.5,342.1,544.2,9.9
2499,genuine,16.6,11.4,215.1,216.4,199.7,433.7,233.2
25,impersonator,2409.8,2710.0,443.7,1679.8,2130.6,2368.1,2599.6
22,genuine,171.0,174.0,172.0,174.0,174.0,175.0,172.0
410,impersonator,434.8,259.2,99.2,8.4,549.7,424.3,95.4
122,impersonator,178.3,61.6,253.1,46.5,1146.0,1.0,160.3
896,genuine,413.2,231.1,451.1,29.2,234.6,233.3,233.0
691,impersonator,156.2,94.0,240.1,124.5,151.6,193.1,121.8
414,impersonator,2.0,1.5,368.4,496.5,605.3,212.4,114.7
40,impersonator,13.8,281.0,536.3,179.3,15.7,10.6,391.5
4162,genuine,165.0,169.0,168.0,165.0,168.0,167.0,166.0
319,impersonator,330.0,464.4,162.0,305.0,190.3,317.9,2.0
2431,genuine,170.0,173.0,175.0,173.0,171.0,173.0,172.0
709,impersonator,2.0,31.7,28.7,298.9,33.0,41.8,2.0
167,genuine,158.5,636.3,20.4,21.4,22.1,22.0,24.0
1701,genuine,164.0,166.0,166.0,167.0,168.0,167.0,167.0
597,impersonator,317.5,52.9,198.5,198.2,98.1,188.1,325.3
3629,genuine,230.5,431.4,16.9,233.8,233.4,232.2,433.5
445,impersonator,2.0,223.6,1001.6,118.5,16.6,185.9,2.0
989,genuine,21.7,15.6,311.1,1482.1,19.4,20.1,19.6
2223,genuine,18.9,1202.9,15.2,18.0,18.3,18.1,18.5
14,impersonator,2170.9,2496.8,972.5,999.7,2213.8,317.6,2484.1
343,impersonator,835.6,402.6,160.7,171.1,116.1,242.6,159.6
1382,genuine,19.9,19.5,1785.4,17.3,21.4,22.7,18.9
632,impersonator,200.0,404.4,6.5,16.5,134.1,72.2,190.5
3233,genuine,16.9,18.5,18.5,18.5,67.0,28.0,56.3
322,impersonator,168.9,1257.6,60.6,10.5,89.9,146.2,173.2
66,impersonator,197.1,325.2,608.2,8.0,171.8,11.1,85.3
312,impersonator,184.7,763.6,314.2,165.3,66.6,103.9,100.5
2917,genuine,166.0,168.0,166.0,168.0,166.0,168.0,166.0
664,impersonator,297.5,119.4,340.6,84.6,176.9,162.9,54.0
4121,genuine,13.9,232.3,232.1,433.2,16.8,233.3,432.9
461,genuine,164.0,186.0,156.0,171.0,171.0,171.0,169.0
155,impersonator,29.4,634.7,1561.4,30.1,294.3,58.7,555.0
3180,genuine,414.0,16.1,216.6,199.9,416.8,233.0,233.3
3351,genuine,20.2,19.6,1593.0,19.0,21.6,21.6,178.6
2849,genuine,170.0,173.0,174.0,174.0,173.0,172.0,174.0
837,genuine,13.3,17.5,18.7,17.1,777.6,17.4,18.1
286,genuine,12.7,232.4,232.5,433.3,16.6,233.5,233.2
711,impersonator,126.2,294.5,448.9,171.5,223.6,64.2,221.1
642,genuine,15.3,232.8,227.3,233.3,232.9,200.1,233.2
10,impersonator,79.6,273.7,143.1,29.5,209.7,509.8,507.4
152,genuine,164.0,181.0,153.0,171.0,11.0,166.0,333.0
4013,genuine,14.2,230.7,232.2,233.2,433.3,15.7,233.1
140,impersonator,287.2,614.9,397.2,260.9,169.9,300.9,109.0
49,impersonator,2.0,68.1,12.1,555.3,330.1,46.4,2.0
2178,genuine,164.0,166.0,165.0,166.0,167.0,165.0,166.0
514,impersonator,76.8,46.5,451.1,246.1,324.0,130.6,26.3
908,genuine,446.4,33.2,256.4,29.8,215.8,216.7,418.4
475,impersonator,240.0,388.1,318.8,222.0,17.2,184.4,4.7
641,genuine,433.1,13.2,232.6,233.9,232.9,432.2,16.5
55,impersonator,2.0,17.0,632.6,633.5,48.6,1.0,519.5
176,impersonator,2.0,92.6,78.7,74.1,322.9,19.2,2.0
2457,genuine,169.0,174.0,172.0,173.0,173.0,172.0,172.0
2134,genuine,165.0,186.0,154.0,171.0,168.0,171.0,169.0
176,impersonator,339.3,111.1,105.4,181.1,12.0,370.8,181.6
591,impersonator,11.8,109.6,194.3,212.7,101.5,31.7,285.5
2709,genuine,171.0,173.0,177.0,171.0,173.0,174.0,172.0
4288,genuine,16.0,17.7,1362.4,429.1,16.4,20.0,16.9
688,impersonator,2.0,92.8,400.0,58.2,61.2,60.4,2.0
420,genuine,196.5,216.6,416.8,232.9,433.4,16.9,433.1
605,impersonator,4.9,40.4,477.2,28.9,27.1,73.6,11.0
615,impersonator,2.0,80.4,64.8,85.5,142.3,120.4,2.0
199,impersonator,42.7,1.5,542.6,865.9,7.2,92.0,158.7
479,impersonator,153.3,2093.6,1355.1,745.1,435.0,952.4,2537.2
2676,genuine,163.0,170.0,168.0,167.0,169.0,166.0,166.0
690,impersonator,209.7,13.7,971.6,174.9,18.5,3.0,62.4
264,impersonator,391.7,1.5,244.8,2.1,317.8,214.1,428.8
3705,genuine,27.5,1814.1,31.1,15.7,17.9,116.9,60.0
693,impersonator,2.0,254.7,19.8,56.8,300.9,123.9,2.0
1812,genuine,168.0,172.0,168.0,173.0,170.0,172.0,164.0
318,genuine,165.0,169.0,166.0,168.0,167.0,166.0,169.0
655,impersonator,13.1,17.9,129.3,372.3,1.9,53.6,2.8
4050,genuine,231.1,446.8,16.3,232.9,233.2,233.1,17.4
621,impersonator,1383.7,1008.0,1547.9,185.2,1367.1,2092.8,2622.3
291,impersonator,2.0,14.2,57.9,301.9,94.1,84.9,2.0
491,genuine,14.7,17.0,18.8,1018.0,23.4,16.5,18.6
205,impersonator,2.0,188.1,176.3,196.5,120.4,83.6,2.0
619,impersonator,2.0,67.4,113.8,24.7,56.2,322.1,2.0
737,impersonator,82.0,11.3,254.6,716.9,120.5,4.1,142.0
3449,genuine,169.0,175.0,174.0,173.0,174.0,173.0,173.0
627,genuine,167.0,186.0,3.0,169.0,13.0,316.0,333.0
527,impersonator,2.0,138.7,64.8,28.9,94.1,116.2,2.0
202,impersonator,60.2,77.6,382.9,283.0,177.0,185.0,68.1
294,genuine,163.0,168.0,168.0,168.0,167.0,166.0,169.0
453,impersonator,2.0,67.5,942.6,4.5,1.0,146.4,2.0
554,impersonator,2.0,280.9,44.5,454.8,404.3,1.0,2.0
2350,genuine,19.2,22.8,592.2,206.4,17.2,17.0,17.5
69,impersonator,2.0,200.3,198.5,26.2,92.3,56.3,2.0
146,impersonator,60.8,163.7,257.9,543.7,136.2,131.2,58.5
232,impersonator,85.3,389.0,39.8,221.6,121.1,131.8,43.5
1854,genuine,172.0,174.0,174.0,173.0,175.0,173.0,172.0
2247,genuine,16.4,18.8,581.6,419.0,16.3,16.9,17.1
342,impersonator,24.0,76.3,341.9,483.4,4.6,12.6,146.8
3207,genuine,164.0,165.0,169.0,166.0,166.0,167.0,165.0
260,impersonator,2.0,1.5,156.0,116.7,202.7,283.8,80.6
3493,genuine,164.0,167.0,167.0,183.0,167.0,167.0,165.0
2939,genuine,430.0,16.7,235.5,232.5,450.8,15.6,233.2
3188,genuine,167.0,169.0,169.0,170.0,171.0,172.0,165.0
105,impersonator,133.2,588.4,192.8,656.7,272.4,223.9,242.8
2153,genuine,430.2,15.3,235.8,233.1,450.3,16.7,231.4
718,impersonator,129.3,409.9,10.1,342.7,175.2,187.7,345.5
3768,genuine,167.0,171.0,169.0,168.0,171.0,169.0,170.0
893,genuine,170.0,173.0,170.0,170.0,171.0,172.0,164.0
882,genuine,15.1,13.0,218.0,213.9,199.9,416.8,233.2
411,impersonator,2414.7,2301.7,290.6,787.6,1170.5,678.3,293.0
2141,genuine,167.0,172.0,169.0,173.0,171.0,172.0,166.0
4031,genuine,16.9,20.0,983.2,630.4,22.9,16.9,20.1
36,impersonator,2.0,423.8,51.8,21.2,210.0,58.9,2.0
424,impersonator,428.9,489.0,0.0,181.7,207.3,197.9,323.5
301,impersonator,187.1,482.9,2318.3,411.3,2205.8,486.0,1332.3
456,impersonator,35.3,156.7,351.8,60.4,293.6,1.0,89.9
276,genuine,168.0,190.0,9.0,150.0,350.0,167.0,166.0
3828,genuine,166.0,189.0,154.0,171.0,168.0,10.0,167.0
2958,genuine,163.0,176.0,155.0,172.0,169.0,168.0,169.0
3873,genuine,13.6,227.6,233.2,449.2,32.2,451.0,15.8
710,impersonator,302.5,597.1,346.1,2.1,312.2,1.0,246.4
449,impersonator,292.6,1311.9,615.7,1290.8,2124.3,710.9,1237.3
2786,genuine,15.5,19.1,977.3,630.0,17.5,225.8,17.5
312,impersonator,180.0,238.5,276.3,2.1,127.1,128.0,34.1
583,impersonator,299.4,91.1,236.9,395.3,253.8,170.2,355.7
1683,genuine,166.0,15.0,150.0,331.0,169.0,166.0,13.0
1002,genuine,16.9,18.4,19.7,17.5,19.2,19.0,27.2
181,genuine,170.0,170.0,168.0,169.0,170.0,171.0,166.0
3034,genuine,231.2,231.9,233.2,433.5,16.9,232.8,433.5
695,impersonator,61.2,325.1,16.7,70.7,41.8,121.3,89.5
1490,genuine,17.9,19.0,19.7,771.3,19.5,20.1,20.0
1379,genuine,11.4,1596.0,16.4,433.3,16.5,16.2,16.5
4430,genuine,218.8,410.2,233.1,433.5,16.6,433.2,16.7
4472,genuine,5.8,2104.1,17.3,16.9,17.1,17.0,17.4
680,impersonator,2.0,1.5,490.3,118.4,1.0,47.5,65.9
502,impersonator,164.2,155.8,112.9,228.5,189.4,108.7,124.2
3729,genuine,166.0,170.0,171.0,168.0,168.0,167.0,168.0
206,impersonator,1117.4,2608.2,1377.9,840.2,499.9,1170.0,2240.1
675,genuine,168.0,167.0,168.0,168.0,170.0,167.0,168.0
3553,genuine,25.6,420.5,13.6,233.2,233.3,433.6,30.7
2632,genuine,164.0,177.0,155.0,169.0,171.0,11.0,166.0
2571,genuine,181.0,175.0,157.0,171.0,170.0,10.0,167.0
885,genuine,164.0,168.0,164.0,169.0,166.0,166.0,166.0
3297,genuine,165.0,167.0,166.0,167.0,165.0,167.0,168.0
76,impersonator,400.5,277.5,140.2,202.5,170.8,458.1,41.1
344,impersonator,47.8,6.4,213.9,110.3,243.4,2.4,64.5
72,genuine,229.4,236.4,31.6,199.7,217.1,199.6,634.5
3359,genuine,167.0,196.0,149.0,171.0,171.0,8.0,167.0
712,impersonator,415.0,477.3,151.8,34.2,1.0,191.5,2.0
3611,genuine,165.0,165.0,165.0,167.0,169.0,166.0,169.0
480,impersonator,8.6,12.2,610.8,309.3,192.7,63.7,27.1
548,genuine,10.9,18.8,600.8,209.9,16.6,16.5,16.9
2111,genuine,394.6,232.8,233.8,449.3,15.6,233.9,233.7
4282,genuine,13.1,218.1,212.5,199.5,417.0,233.3,433.1
2092,genuine,16.4,18.0,115.0,15.7,46.0,88.3,31.0
248,impersonator,119.5,472.5,1.2,152.0,40.7,388.1,184.8
564,impersonator,12.5,31.2,208.8,544.7,243.9,7.0,124.7
2630,genuine,233.0,430.3,16.0,233.2,232.7,433.6,16.1
1422,genuine,18.0,16.3,978.4,418.8,15.5,18.6,18.4
4324,genuine,171.0,175.0,175.0,172.0,174.0,173.0,173.0
1359,genuine,15.4,1225.5,22.7,16.4,17.1,18.9,609.0
3651,genuine,171.0,171.0,175.0,173.0,172.0,173.0,174.0
112,impersonator,372.3,1.5,707.7,820.7,111.7,1.0,2.0
1985,genuine,17.6,19.6,981.8,631.3,23.1,20.1,17.6
2524,genuine,165.0,166.0,165.0,166.0,166.0,167.0,168.0
145,impersonator,2.0,871.5,618.7,272.8,1.0,28.1,171.6
2652,genuine,229.0,448.2,15.8,233.5,233.1,450.3,31.8
565,impersonator,502.1,1.5,86.1,28.5,190.3,256.7,441.6
3615,genuine,235.9,210.0,233.2,233.3,16.6,216.5,199.8
4170,genuine,15.6,19.8,1032.5,388.4,22.9,20.8,22.0
4008,genuine,16.9,970.3,203.3,17.3,20.1,20.8,20.4
1421,genuine,231.4,230.6,233.4,16.2,216.5,617.0,16.6
1479,genuine,163.0,168.0,165.0,168.0,167.0,167.0,168.0
1765,genuine,226.2,449.6,31.9,250.3,249.7,450.5,32.3
2,impersonator,44.1,406.5,200.9,79.4,296.1,355.9,92.1
253,impersonator,54.1,10.3,1313.4,10.3,431.4,168.1,74.4
4311,genuine,164.0,166.0,166.0,167.0,166.0,165.0,166.0
63,impersonator,20.1,1.5,406.5,501.5,1.0,191.0,2.0
1675,genuine,17.1,19.2,953.9,836.7,20.1,19.3,20.1
4160,genuine,172.0,173.0,175.0,171.0,174.0,172.0,171.0
1926,genuine,164.0,166.0,167.0,166.0,167.0,167.0,166.0
487,impersonator,405.2,30.2,633.2,263.3,101.6,52.9,105.1
470,impersonator,94.2,1.5,232.7,2.1,427.5,127.6,2.0
4482,genuine,232.0,229.9,433.6,16.2,433.8,16.1,233.2
626,impersonator,178.1,335.3,846.4,191.7,156.7,463.7,176.3
4129,genuine,16.6,17.5,974.8,421.6,15.8,19.0,18.1
682,impersonator,758.6,2083.4,115.2,1785.1,192.6,810.0,569.3
1573,genuine,16.5,1388.5,411.4,20.7,17.1,20.9,17.1
137,impersonator,2.0,215.9,877.6,45.5,1.0,1.0,28.3
88,impersonator,2.0,70.7,5.1,488.6,198.6,156.5,2.0
1523,genuine,18.3,20.4,21.5,947.5,628.3,19.8,21.4
612,impersonator,257.1,420.3,241.4,435.9,21.9,55.7,78.0
729,impersonator,324.9,633.7,354.4,26.0,319.2,216.4,79.5
701,impersonator,173.0,8.5,623.4,449.8,277.6,83.9,152.0
1139,genuine,168.0,193.0,151.0,171.0,168.0,11.0,167.0
599,impersonator,148.1,71.5,60.0,342.1,129.9,326.4,291.6
2528,genuine,163.0,180.0,152.0,170.0,171.0,170.0,167.0
369,impersonator,302.5,502.9,0.0,468.6,104.0,238.2,239.6
161,impersonator,143.9,232.0,365.9,92.7,148.5,24.5,271.0
717,impersonator,346.6,304.1,717.7,36.3,239.1,17.6,152.3
489,impersonator,526.0,1.5,684.8,247.2,157.4,1.0,98.3
496,genuine,170.0,175.0,174.0,172.0,173.0,171.0,174.0
554,impersonator,2.0,36.3,154.0,284.0,636.3,43.2,2.0
2480,genuine,33.6,227.9,229.8,232.8,232.6,450.0,32.9
572,genuine,171.0,173.0,174.0,175.0,171.0,174.0,176.0
367,impersonator,73.2,595.5,0.0,353.1,239.1,1.0,494.3
114,impersonator,2.0,66.8,70.9,119.4,9.6,97.4,2.0
3977,genuine,210.0,216.7,417.1,232.4,450.5,15.2,233.6
499,impersonator,994.9,458.8,1656.9,1934.9,2142.4,61.8,1465.7
1180,genuine,172.0,172.0,177.0,171.0,173.0,175.0,171.0
1972,genuine,13.0,170.0,327.0,171.0,168.0,169.0,172.0
234,impersonator,71.2,198.1,0.0,117.9,232.7,217.7,122.1
492,impersonator,1005.3,430.2,2455.6,1677.1,14.8,820.3,1597.1
137,impersonator,127.8,103.2,2204.9,637.6,1982.4,553.2,150.3
1824,genuine,172.0,172.0,176.0,172.0,173.0,173.0,175.0
483,impersonator,43.8,12.5,53.7,484.1,225.7,264.3,245.4
460,genuine,16.5,19.2,1177.9,629.5,20.9,18.8,20.6
800,genuine,171.0,174.0,175.0,172.0,173.0,173.0,175.0
347,impersonator,340.9,19.4,151.0,318.3,79.0,453.3,151.5
1453,genuine,17.5,41.8,1137.9,632.6,19.7,15.8,19.0
3009,genuine,181.0,171.0,158.0,172.0,171.0,11.0,166.0
131,impersonator,84.5,75.2,260.1,85.5,660.3,1.0,426.6
1874,genuine,167.0,174.0,167.0,171.0,173.0,171.0,165.0
573,impersonator,316.9,327.3,138.6,320.0,383.2,213.2,579.1
33,impersonator,153.6,26.9,22.6,46.8,812.0,138.9,343.0
47,impersonator,4.5,350.6,893.3,11.6,3.8,9.2,58.2
2749,genuine,17.3,17.7,1407.0,20.3,17.7,19.6,17.1
313,impersonator,5.1,117.4,271.0,152.6,1.0,357.4,131.6
2811,genuine,169.0,171.0,168.0,170.0,172.0,169.0,167.0
34,impersonator,392.5,239.6,0.0,456.5,145.9,225.6,34.4
3852,genuine,171.0,174.0,175.0,174.0,173.0,172.0,173.0
916,genuine,172.0,173.0,173.0,171.0,173.0,174.0,173.0
587,impersonator,32.7,45.4,121.0,2.1,35.4,1.0,54.1
1082,genuine,15.3,24.7,1159.6,630.9,20.2,16.1,18.6
3975,genuine,164.0,184.0,153.0,170.0,170.0,171.0,169.0
217,genuine,16.8,18.9,973.2,632.0,21.6,16.6,17.3
292,impersonator,2.0,30.9,173.9,736.8,295.7,11.3,2.0
195,impersonator,53.9,43.9,1144.4,82.2,20.4,37.1,15.1
2563,genuine,166.0,168.0,167.0,165.0,166.0,167.0,167.0
333,impersonator,1047.5,1748.6,1047.6,1821.2,1648.6,848.7,2319.5
1414,genuine,168.0,171.0,173.0,173.0,173.0,172.0,173.0
502,impersonator,1267.6,1509.1,667.3,1458.7,862.0,1167.3,1446.4
338,impersonator,248.8,3.8,809.3,134.3,87.1,74.4,111.3
3073,genuine,167.0,170.0,168.0,170.0,172.0,171.0,169.0
61,impersonator,24.8,1.5,323.8,48.6,22.7,170.9,136.9
222,impersonator,4.5,306.6,199.1,189.0,24.6,62.3,33.1
369,impersonator,1665.7,2014.8,1450.3,144.1,1861.2,1662.8,1310.0
1984,genuine,445.0,31.3,234.3,232.0,449.8,15.6,233.8
4148,genuine,167.0,172.0,168.0,174.0,171.0,171.0,167.0
3420,genuine,172.0,172.0,177.0,171.0,173.0,174.0,173.0
2475,genuine,17.1,13.9,211.9,216.6,199.7,216.6,417.0
2640,genuine,165.0,169.0,167.0,166.0,169.0,166.0,167.0
330,impersonator,7.6,106.7,522.8,513.6,148.9,59.0,19.8
428,impersonator,2.0,195.2,30.6,143.4,509.2,404.5,2.0
167,impersonator,2.0,12.8,342.7,860.7,18.5,81.2,2.0
1914,genuine,170.0,173.0,173.0,172.0,173.0,174.0,173.0
1277,genuine,167.0,167.0,168.0,164.0,168.0,167.0,170.0
173,impersonator,116.5,920.1,165.0,235.2,252.1,120.7,63.7
240,impersonator,701.6,2211.4,1520.2,301.1,1244.3,869.9,339.2
31,impersonator,163.0,24.1,276.6,629.8,380.9,85.6,101.3
618,impersonator,59.3,1.5,423.3,121.4,247.1,123.8,206.2
2196,genuine,165.0,182.0,153.0,169.0,12.0,167.0,333.0
643,impersonator,2071.1,1557.4,1604.5,26.1,863.5,913.5,1911.9
628,impersonator,302.8,149.7,117.7,179.0,168.3,127.0,2.0
306,impersonator,2.0,337.3,746.7,62.2,85.5,234.7,2.0
563,impersonator,1721.8,2708.4,537.8,666.6,2163.6,1731.5,1876.6
736,impersonator,805.3,566.2,802.7,1486.8,1913.2,728.0,1506.3
2747,genuine,15.9,19.6,20.5,20.8,1141.5,20.4,20.4
143,genuine,180.0,175.0,157.0,170.0,169.0,12.0,166.0
713,impersonator,2.0,235.1,19.2,281.9,340.8,123.0,2.0
377,impersonator,344.9,399.7,32.7,663.9,291.1,25.9,182.9
464,impersonator,410.1,136.7,106.5,32.4,70.6,219.0,183.8
282,impersonator,111.8,94.1,171.6,394.7,127.3,123.6,218.5
164,impersonator,1061.0,1464.1,2154.0,1315.6,917.8,1036.7,240.7
2310,genuine,49.0,31.3,1166.2,17.8,19.0,24.6,387.3
150,impersonator,464.7,1.5,491.5,2.1,234.3,1.0,69.8
1529,genuine,18.6,9.8,216.2,215.2,199.9,217.0,416.2
453,impersonator,140.9,1.5,422.0,885.6,1.0,25.2,226.6
742,impersonator,19.1,51.6,41.0,559.3,45.2,142.7,10.4
442,impersonator,1075.4,255.4,247.3,2.1,241.0,209.4,74.3
1904,genuine,17.4,224.3,230.6,453.4,27.7,233.9,233.7
278,impersonator,2.0,68.8,103.1,60.3,243.1,148.0,2.0
2804,genuine,164.0,168.0,169.0,165.0,167.0,167.0,167.0
2217,genuine,170.0,173.0,174.0,174.0,172.0,172.0,173.0
3822,genuine,174.0,172.0,176.0,172.0,176.0,174.0,172.0
2162,genuine,15.6,229.5,232.2,233.2,433.1,16.6,233.2
2576,genuine,165.0,169.0,10.0,159.0,335.0,168.0,168.0
115,impersonator,248.3,153.0,160.5,175.1,977.9,286.1,643.7
376,impersonator,102.0,597.5,57.7,537.8,249.2,170.4,36.4
2738,genuine,229.2,433.4,16.3,233.1,233.2,433.3,16.7
1418,genuine,170.0,173.0,175.0,174.0,172.0,175.0,173.0
12,impersonator,2.0,1.5,372.1,339.1,145.8,503.6,290.1
312,impersonator,2.0,170.7,48.7,521.5,172.6,86.2,2.0
421,impersonator,2.0,169.4,168.5,535.5,87.9,74.9,2.0
684,genuine,165.0,182.0,156.0,171.0,8.0,166.0,333.0
2065,genuine,14.5,16.2,17.8,15.9,1167.3,15.5,18.3
739,impersonator,104.9,117.1,591.7,292.1,359.2,84.6,107.0
699,impersonator,77.8,220.8,449.6,401.5,31.3,94.3,86.8
1563,genuine,167.0,172.0,170.0,172.0,173.0,173.0,167.0
200,genuine,171.0,173.0,172.0,171.0,172.0,174.0,173.0
3925,genuine,169.0,174.0,174.0,175.0,173.0,174.0,174.0
517,impersonator,475.9,33.2,548.1,347.7,161.2,266.9,225.7
126,impersonator,336.3,1119.2,66.7,141.9,64.9,292.4,176.1
1833,genuine,14.1,16.1,63.3,90.9,68.1,92.2,899.1
101,impersonator,62.9,301.6,141.7,421.4,60.7,20.1,80.6
1691,genuine,12.8,433.2,16.3,232.5,233.4,233.1,433.5
1225,genuine,163.0,182.0,155.0,171.0,9.0,166.0,334.0
583,impersonator,1494.8,1256.6,865.8,874.0,1434.1,1424.8,631.2
643,impersonator,102.8,155.2,471.9,151.7,426.7,355.2,269.9
3299,genuine,593.0,1479.3,19.3,19.6,21.2,24.9,81.9
666,impersonator,382.9,1.5,384.0,2.1,306.4,551.5,666.2
3200,genuine,18.9,13.8,18.8,19.6,941.1,18.5,18.6
709,impersonator,260.9,1.5,746.3,285.0,389.9,80.3,2.0
14,genuine,17.2,13.6,214.0,215.6,199.1,216.4,417.2
3572,genuine,227.1,231.0,450.6,31.5,234.4,232.4,450.6
523,impersonator,2.0,19.0,231.1,77.5,348.2,133.0,2.0
129,impersonator,138.7,113.4,138.0,250.5,146.8,40.7,122.6
746,impersonator,120.2,373.8,228.8,34.2,802.5,93.8,24.7
293,impersonator,40.1,415.9,642.3,38.3,91.4,93.1,387.5
514,impersonator,59.0,11.0,135.0,250.4,147.9,80.6,9.4
2006,genuine,164.0,177.0,158.0,169.0,172.0,170.0,168.0
3243,genuine,169.0,172.0,175.0,172.0,173.0,172.0,173.0
686,impersonator,120.0,22.1,0.0,189.8,230.8,50.4,181.9
250,impersonator,2.0,202.9,400.0,172.3,37.0,8.6,2.0
261,genuine,788.5,424.6,19.4,20.2,20.3,19.9,20.3
2648,genuine,165.0,166.0,168.0,167.0,169.0,165.0,167.0
174,impersonator,2.0,116.6,395.6,165.2,46.1,3.4,2.0
2760,genuine,1008.1,17.3,20.6,17.2,16.8,2270.9,16.6
136,impersonator,2.0,80.8,145.3,799.8,464.2,373.3,2.0
218,impersonator,97.2,31.9,11.4,246.8,218.9,34.1,173.9
90,genuine,164.0,194.0,153.0,169.0,169.0,168.0,14.0
3585,genuine,445.8,29.6,16.0,216.6,215.9,200.7,633.3
3750,genuine,197.6,215.7,416.9,233.3,232.8,216.9,433.4
3,impersonator,2530.6,2596.2,55.6,517.8,1524.3,2102.8,1897.1
2580,genuine,181.0,170.0,159.0,172.0,169.0,172.0,171.0
3986,genuine,165.0,189.0,154.0,171.0,169.0,172.0,171.0
68,impersonator,427.4,562.0,58.2,211.5,340.3,254.9,618.9
1940,genuine,216.4,411.6,233.2,233.3,433.7,16.4,16.2
537,impersonator,2.0,225.2,167.6,58.6,8.5,64.5,2.0
538,impersonator,87.6,169.3,174.4,240.1,24.5,150.8,146.3
6,impersonator,78.5,28.4,150.7,352.9,188.6,72.9,91.1
676,impersonator,602.9,1656.7,2293.2,1438.7,1564.3,1677.3,2249.8
2909,genuine,166.0,169.0,168.0,166.0,169.0,167.0,168.0
958,genuine,166.0,172.0,168.0,170.0,171.0,170.0,165.0
1234,genuine,15.7,18.8,600.6,405.6,15.9,20.1,16.8
1540,genuine,53.4,425.3,17.9,49.4,85.1,1988.9,20.4
2175,genuine,166.0,169.0,169.0,171.0,168.0,170.0,167.0
41,impersonator,136.2,621.8,2497.8,1828.0,979.9,70.0,648.0
3908,genuine,166.0,185.0,159.0,173.0,170.0,169.0,168.0
1994,genuine,173.0,172.0,172.0,174.0,172.0,174.0,172.0
2693,genuine,214.6,233.0,232.4,233.2,450.0,32.6,233.4
1357,genuine,165.0,167.0,167.0,168.0,168.0,165.0,169.0
1868,genuine,230.1,233.4,233.1,433.4,16.6,233.1,233.2
622,impersonator,445.1,709.6,410.4,67.5,140.6,466.3,337.8
57,impersonator,2.0,451.5,571.2,366.6,17.3,244.1,2.0
279,impersonator,155.4,1205.3,83.8,39.3,167.8,435.4,314.8
1070,genuine,13.6,15.4,216.3,216.3,200.0,216.6,416.7
794,genuine,232.2,446.6,16.3,232.9,233.5,233.0,433.5
484,impersonator,2.0,163.7,919.5,8.6,115.7,56.4,2.0
459,impersonator,306.0,194.6,162.6,245.8,203.2,392.3,110.2
26,impersonator,110.8,206.6,1396.0,259.5,115.6,211.4,338.9
466,impersonator,96.9,89.1,29.0,118.1,231.7,82.8,56.7
71,impersonator,429.9,2640.8,2398.1,421.5,454.6,433.5,889.7
408,impersonator,193.3,70.4,257.0,95.7,191.5,218.1,479.6
4100,genuine,168.0,171.0,171.0,171.0,171.0,172.0,166.0
30,impersonator,761.8,2516.5,1660.5,2061.4,1224.6,775.3,1187.5
171,impersonator,213.5,224.9,298.4,626.1,1.0,1.0,2.0
1185,genuine,165.0,168.0,167.0,12.0,154.0,334.0,165.0
481,impersonator,2.0,1.5,540.2,830.7,1.0,210.4,168.0
3595,genuine,624.1,214.0,16.5,16.0,16.9,16.8,16.7
1285,genuine,170.0,175.0,174.0,174.0,172.0,174.0,173.0
583,impersonator,126.7,87.2,119.0,471.7,156.8,120.5,299.2
80,impersonator,194.1,229.8,562.2,314.4,319.2,210.1,411.4
4492,genuine,164.0,166.0,167.0,169.0,7.0,161.0,335.0
144,impersonator,1873.5,519.3,2304.9,1727.4,1313.1,753.3,1529.8
3112,genuine,164.0,180.0,153.0,170.0,168.0,171.0,170.0
286,impersonator,263.0,240.3,163.9,89.3,136.5,123.5,406.0
680,impersonator,30.7,84.3,314.1,504.0,29.1,57.9,43.1
653,impersonator,732.1,256.1,291.9,529.2,14.8,177.4,34.5
2017,genuine,225.4,234.5,232.2,450.4,16.9,449.5,15.6
356,genuine,1178.5,21.2,21.3,16.1,17.9,19.5,19.6
1294,genuine,171.0,173.0,185.0,169.0,176.0,173.0,173.0
500,impersonator,436.9,136.1,0.0,100.1,1.0,37.4,295.7
81,impersonator,201.1,680.8,639.7,2.1,18.6,87.7,245.4
261,impersonator,2.0,129.4,1212.3,30.2,69.6,55.2,2.0
3542,genuine,191.3,415.4,233.4,233.1,433.7,16.5,233.1
70,impersonator,2266.5,1855.3,318.4,619.7,2243.8,2174.6,1793.8
3634,genuine,22.6,1242.3,1489.0,18.5,17.5,17.8,15.5
2860,genuine,16.1,790.5,417.4,17.0,17.6,19.5,18.9
303,impersonator,269.2,890.2,343.9,77.9,87.3,73.2,211.9
81,impersonator,164.1,105.4,147.4,434.5,54.7,87.4,165.7
108,impersonator,46.2,175.8,228.3,8.0,16.0,67.6,25.9
2337,genuine,230.4,453.9,32.0,231.4,235.0,449.0,16.2
230,impersonator,171.0,289.6,100.9,278.8,40.8,62.2,103.1
3714,genuine,17.2,23.3,750.8,17.1,17.9,16.4,55.4
4105,genuine,412.9,215.8,233.5,15.6,216.5,416.6,433.9
2270,genuine,15.1,13.8,20.2,401.6,415.3,16.0,17.2
39,impersonator,2368.1,553.9,1844.3,674.8,295.3,1124.3,1390.2
319,impersonator,511.0,2119.2,1948.2,1052.2,1878.3,1196.3,2167.0
303,impersonator,2.0,167.9,30.1,637.8,247.7,134.3,2.0
1066,genuine,187.0,8.0,149.0,351.0,166.0,166.0,166.0
3783,genuine,167.0,167.0,171.0,169.0,168.0,184.0,182.0
615,impersonator,219.6,65.8,248.8,57.8,65.3,108.3,132.8
300,impersonator,89.8,88.9,726.7,386.8,192.9,211.7,168.3
3679,genuine,167.0,12.0,155.0,331.0,167.0,169.0,9.0
1334,genuine,94.8,1160.1,12.9,20.0,20.6,44.0,44.9
393,impersonator,2.0,82.6,112.9,149.6,97.3,209.8,2.0
4499,genuine,163.0,173.0,160.0,171.0,168.0,11.0,167.0
110,impersonator,2.0,239.1,13.5,21.5,234.5,104.8,2.0
307,impersonator,98.6,310.2,23.5,258.1,171.1,251.5,459.3
369,genuine,169.0,173.0,169.0,174.0,169.0,172.0,166.0
300,impersonator,37.2,41.2,150.9,628.1,202.8,2.4,71.1
247,impersonator,129.0,195.7,286.9,245.7,237.2,165.8,154.1
1761,genuine,430.4,16.4,235.9,232.2,450.7,15.4,233.9
3740,genuine,173.0,175.0,174.0,172.0,175.0,173.0,173.0
3222,genuine,233.8,428.6,16.6,233.2,16.2,216.4,200.0
4484,genuine,171.0,174.0,174.0,174.0,174.0,172.0,173.0
2377,genuine,17.6,1194.1,15.3,16.9,17.3,17.6,15.9
1797,genuine,13.9,14.4,1395.4,13.5,16.7,16.8,17.1
3907,genuine,23.9,1389.1,23.6,20.4,20.5,17.3,19.5
252,impersonator,323.0,290.8,34.3,548.5,429.6,21.0,55.4
266,impersonator,1724.4,846.6,777.3,68.2,736.9,2285.1,1967.5
570,impersonator,128.3,321.6,876.1,118.9,192.9,37.1,41.0
172,impersonator,2.0,445.2,222.4,86.8,1.1,154.4,2.0
1326,genuine,165.0,168.0,166.0,166.0,166.0,168.0,169.0
225,impersonator,313.9,1068.8,93.5,314.3,17.8,6.7,414.6
477,impersonator,1446.8,1541.6,100.5,664.9,1025.9,1485.9,1700.8
1657,genuine,170.0,175.0,174.0,173.0,173.0,172.0,172.0
295,genuine,5.0,202.0,11.0,314.0,4.0,312.0,366.0
1533,genuine,230.2,433.5,16.4,232.8,433.2,16.7,433.1
191,impersonator,103.2,127.1,193.9,272.3,1.0,101.2,3.8
629,genuine,167.0,172.0,171.0,173.0,171.0,171.0,167.0
125,genuine,327.0,9.0,321.0,332.0,166.0,167.0,170.0
719,genuine,163.0,169.0,168.0,165.0,166.0,167.0,169.0
430,impersonator,252.7,1.5,0.0,213.8,326.4,501.6,143.9
2265,genuine,165.0,171.0,171.0,170.0,168.0,168.0,167.0
1069,genuine,428.9,16.1,233.2,15.3,216.4,216.6,617.3
396,impersonator,234.9,15.1,571.8,63.5,141.0,108.3,409.4
513,impersonator,1891.3,1155.7,984.1,1035.8,2172.7,1444.6,1142.6
549,impersonator,2.0,49.3,69.0,191.7,71.9,32.4,2.0
485,impersonator,54.6,1.5,844.9,280.2,188.2,213.9,136.0
1888,genuine,14.5,1379.3,202.8,16.0,17.2,17.1,17.2
552,impersonator,127.5,138.5,438.1,208.3,62.6,35.8,77.3
294,impersonator,173.6,519.3,214.2,83.8,289.8,108.8,415.9
2608,genuine,207.2,232.6,433.4,15.7,233.1,233.4,232.9
27,impersonator,255.0,152.1,84.7,177.9,181.6,99.3,54.6
679,impersonator,266.3,1.5,441.9,571.7,325.9,109.0,2.0
2984,genuine,13.7,231.5,233.0,232.6,433.4,16.5,233.2
1607,genuine,165.0,167.0,166.0,9.0,159.0,333.0,168.0
213,impersonator,197.7,1.5,288.5,239.1,109.6,30.6,338.4
508,genuine,166.0,168.0,165.0,167.0,168.0,169.0,165.0
3209,genuine,18.9,15.4,941.2,629.5,17.3,19.5,19.2
3000,genuine,163.0,188.0,153.0,172.0,168.0,171.0,168.0
529,impersonator,332.8,203.4,62.0,17.9,419.8,170.1,144.5
294,impersonator,398.4,187.7,64.3,61.7,146.5,198.7,54.7
373,impersonator,2.3,28.8,126.3,55.4,115.5,104.3,2.0
10,impersonator,715.8,83.9,91.1,2.1,132.7,492.3,341.3
2372,genuine,165.0,167.0,168.0,16.0,150.0,333.0,168.0
4310,genuine,171.0,172.0,173.0,175.0,174.0,172.0,173.0
3932,genuine,225.1,432.3,16.6,233.0,232.6,433.5,16.4
2655,genuine,227.9,232.0,450.3,32.3,232.9,450.8,15.6
392,impersonator,136.7,1096.2,1986.0,961.3,1122.2,111.8,104.3
3725,genuine,230.2,233.1,433.1,16.8,233.5,233.4,433.2
737,genuine,170.0,174.0,174.0,172.0,173.0,175.0,173.0
1570,genuine,49.3,1107.6,15.5,16.5,16.8,16.5,16.8
418,impersonator,2.0,1.9,1395.2,110.2,173.4,11.5,2.0
490,impersonator,2.0,33.4,466.3,55.0,93.9,75.0,2.0
347,impersonator,110.3,612.1,229.1,144.4,60.5,484.4,2.0
3719,genuine,18.0,19.4,962.0,626.2,20.5,21.7,22.9
129,impersonator,120.2,317.9,605.2,2.1,110.6,125.1,203.4
971,genuine,17.5,18.9,1569.1,17.1,18.7,20.3,19.3
551,impersonator,117.1,262.3,225.0,468.1,64.5,331.0,142.6
4110,genuine,17.7,20.3,779.6,423.3,16.6,19.1,20.1
1645,genuine,230.2,452.4,31.5,234.0,233.2,450.3,15.8
205,impersonator,223.1,1.5,77.4,576.8,16.9,161.6,141.1
4273,genuine,227.8,232.3,234.0,31.4,416.0,233.3,450.2
1159,genuine,157.0,336.0,166.0,169.0,16.0,151.0,334.0
231,impersonator,153.1,33.7,178.4,131.8,1.0,3.6,116.9
1997,genuine,18.7,20.1,1581.9,17.7,19.4,20.3,20.3
1194,genuine,15.2,15.6,969.0,628.8,16.3,16.9,17.2
3025,genuine,213.9,416.4,233.4,16.0,216.5,416.8,233.2
495,impersonator,190.7,120.1,0.0,466.7,148.4,203.5,416.2
655,genuine,18.9,21.2,19.9,966.9,22.5,22.3,20.3
1656,genuine,230.0,433.1,16.3,233.2,233.6,434.0,15.6
598,impersonator,6.9,14.2,87.8,288.7,6.4,8.2,71.3
231,impersonator,2.0,6.4,61.5,369.2,141.2,9.1,2.0
660,genuine,15.8,20.0,971.6,631.4,20.4,16.3,20.0
3192,genuine,229.3,233.0,233.1,433.4,16.7,232.9,233.2
713,genuine,165.0,168.0,167.0,8.0,160.0,334.0,168.0
1235,genuine,164.0,173.0,157.0,169.0,170.0,168.0,14.0
627,impersonator,2.0,203.6,159.9,77.6,165.6,48.5,2.0
3914,genuine,172.0,172.0,173.0,173.0,171.0,176.0,173.0
78,impersonator,387.1,128.9,27.4,107.1,10.6,12.1,5.1
444,genuine,11.0,172.0,172.0,346.0,11.0,174.0,346.0
1768,genuine,16.9,17.6,1387.8,16.5,18.9,18.7,19.4
2847,genuine,16.3,20.4,19.7,391.8,20.1,19.5,22.0
3013,genuine,227.5,450.5,14.5,233.2,467.2,27.8,225.4
67,impersonator,65.7,276.3,0.0,446.9,444.5,1.0,252.1
3855,genuine,163.0,184.0,156.0,169.0,8.0,166.0,335.0
595,impersonator,2.0,513.1,176.8,319.2,335.3,65.2,219.7
215,impersonator,237.9,343.6,349.1,48.0,15.8,187.0,237.7
2103,genuine,16.5,19.1,951.0,837.1,22.3,17.8,19.8
230,impersonator,2.0,385.8,175.0,599.4,193.9,67.9,319.3
326,genuine,15.4,226.7,230.8,450.3,31.4,234.1,450.2
337,impersonator,2.0,51.1,124.3,33.2,292.6,86.1,2.0
207,impersonator,2.0,348.2,88.9,134.0,3.0,1.0,179.0
682,impersonator,172.7,153.7,18.3,698.0,108.0,48.6,10.4
447,impersonator,2.0,69.9,107.8,175.5,152.6,37.8,2.0
51,genuine,171.0,176.0,1.0,179.0,14.0,322.0,339.0
251,impersonator,316.8,812.6,2542.0,932.7,1103.9,287.6,2362.4
123,impersonator,729.5,1113.2,1127.9,1077.2,1456.2,1485.8,1533.8
1282,genuine,15.4,33.4,305.7,17.6,72.5,24.6,89.2
980,genuine,12.9,424.5,16.2,433.8,15.7,232.9,233.3
1168,genuine,171.0,173.0,174.0,172.0,176.0,173.0,172.0
1621,genuine,16.7,25.3,781.1,421.0,18.3,21.0,19.7
424,genuine,14.1,18.1,975.8,631.0,19.2,15.7,17.9
2759,genuine,19.3,20.8,1603.4,14.5,20.7,20.3,20.1
77,impersonator,101.4,1.5,109.8,657.5,1.0,1.0,288.6
597,impersonator,122.7,255.3,199.3,179.2,33.0,211.9,234.8
2104,genuine,165.0,178.0,155.0,171.0,170.0,170.0,168.0
2607,genuine,14.7,17.7,783.9,420.1,16.0,17.7,16.7
440,impersonator,32.2,321.1,1146.3,14.8,305.7,383.4,165.9
671,impersonator,223.7,761.5,4.8,220.5,561.0,685.1,300.0
128,impersonator,224.2,198.2,816.5,38.1,212.1,343.0,269.7
584,impersonator,45.3,449.6,903.4,2.3,33.7,368.2,37.0
79,impersonator,2.0,635.4,182.2,2.1,82.1,262.3,543.3
3234,genuine,229.4,233.2,433.5,16.4,232.8,233.2,433.4
700,impersonator,63.0,39.3,868.9,1578.1,1.0,154.5,149.7
1654,genuine,164.0,170.0,158.0,169.0,168.0,16.0,168.0
219,impersonator,229.7,189.0,232.5,125.4,2227.1,183.5,406.5
301,impersonator,202.4,23.7,1218.4,135.3,12.8,197.6,276.9
726,impersonator,130.3,184.0,213.5,253.6,29.7,243.4,233.5
368,impersonator,23.1,111.8,409.0,240.8,316.7,61.9,369.1
1121,genuine,166.0,174.0,169.0,171.0,173.0,171.0,167.0
1122,genuine,170.0,171.0,172.0,175.0,174.0,175.0,173.0
3635,genuine,19.3,19.4,20.1,968.4,22.1,20.7,18.7
195,impersonator,135.7,279.7,682.3,375.6,24.7,63.6,10.7
387,impersonator,52.1,441.8,882.9,172.0,1.0,1.0,91.4
502,impersonator,169.9,249.1,471.1,176.7,277.9,193.4,177.6
2936,genuine,163.0,168.0,167.0,167.0,166.0,166.0,169.0
593,genuine,164.0,167.0,167.0,168.0,168.0,167.0,167.0
226,genuine,164.0,181.0,159.0,172.0,168.0,170.0,183.0
3017,genuine,232.2,229.9,433.8,15.9,233.3,233.4,433.5
1461,genuine,170.0,173.0,173.0,173.0,171.0,172.0,173.0
3744,genuine,164.0,169.0,169.0,167.0,167.0,167.0,166.0
741,impersonator,409.8,42.4,461.3,234.1,214.5,24.8,240.1
727,impersonator,171.1,177.2,249.9,204.6,108.6,193.0,185.2
104,impersonator,2.0,496.7,306.9,143.6,52.6,37.2,2.0
2755,genuine,165.0,165.0,167.0,165.0,166.0,164.0,165.0
608,impersonator,184.0,139.1,162.3,933.8,43.9,25.1,81.5
625,impersonator,147.7,373.6,313.1,337.1,77.4,78.2,86.9
593,impersonator,322.6,55.0,10.7,408.5,178.2,278.6,449.2
479,genuine,166.0,168.0,8.0,158.0,333.0,167.0,166.0
165,impersonator,2.0,280.1,228.3,26.3,470.1,162.5,2.0
533,genuine,18.6,20.0,37.7,1133.2,18.4,19.8,19.5
2417,genuine,19.0,20.1,379.9,836.5,19.9,22.5,18.9
266,impersonator,365.4,901.6,250.5,312.6,329.5,103.1,300.5
3861,genuine,230.5,447.5,16.6,233.0,233.2,433.4,16.8
1578,genuine,16.7,21.2,1587.2,20.2,17.9,206.5,20.0
435,impersonator,2.0,540.6,445.6,170.5,223.7,418.2,245.9
3626,genuine,18.1,22.6,197.7,209.3,16.9,17.1,17.1
3701,genuine,211.8,199.5,215.5,417.1,233.1,433.5,16.5
481,impersonator,2.0,29.9,750.2,381.4,82.4,161.1,2.0
168,impersonator,446.5,922.1,2295.7,956.3,603.2,610.3,268.2
638,impersonator,2.0,107.6,423.0,117.5,181.6,74.4,2.0
484,impersonator,309.2,6.2,353.1,629.7,557.9,125.8,349.9
4266,genuine,19.3,15.0,16.5,17.6,1579.4,16.2,19.4
170,genuine,23.2,128.0,1658.3,14.6,16.3,16.6,16.6
4060,genuine,166.0,173.0,169.0,171.0,172.0,170.0,167.0
4194,genuine,447.0,28.0,233.1,232.9,231.9,434.3,17.5
1314,genuine,209.6,230.4,16.5,216.4,200.1,216.6,634.4
373,impersonator,149.0,74.9,78.0,37.8,241.5,448.4,224.7
613,impersonator,634.4,1.5,0.0,162.2,83.5,340.0,344.2
304,impersonator,392.0,390.0,0.0,2.1,213.6,310.2,59.4
561,impersonator,132.5,191.6,428.4,52.7,110.3,59.8,41.1
685,genuine,169.0,173.0,174.0,173.0,174.0,174.0,173.0
2201,genuine,12.4,233.0,233.0,432.9,16.9,233.0,433.3
440,genuine,164.0,187.0,156.0,169.0,172.0,171.0,172.0
539,impersonator,726.1,362.6,1952.9,888.2,1343.9,1950.0,586.6
89,impersonator,25.9,52.0,425.5,2.1,191.6,1.0,150.1
592,impersonator,2.0,91.5,347.7,18.8,4.7,73.5,2.0
2921,genuine,16.8,20.3,85.0,1899.8,18.5,21.4,16.6
404,impersonator,1062.7,1735.2,1649.0,1484.9,280.5,1273.2,933.7
96,impersonator,510.8,145.7,866.1,313.0,77.2,65.1,133.7
256,impersonator,1158.2,159.3,1139.7,1481.1,1383.3,771.8,1199.5
1789,genuine,170.0,174.0,173.0,173.0,174.0,172.0,174.0
2983,genuine,181.0,172.0,156.0,171.0,172.0,12.0,166.0
1788,genuine,16.9,13.6,422.7,15.3,17.7,20.0,16.8
46,impersonator,2.0,152.2,266.9,113.4,28.7,96.1,2.0
13,impersonator,2.0,65.4,0.0,106.7,128.6,420.6,2.0
2620,genuine,61.4,81.7,16.2,73.4,99.9,78.9,110.7
2488,genuine,166.0,15.0,153.0,333.0,166.0,168.0,11.0
696,impersonator,318.1,323.2,615.9,324.0,42.1,251.4,234.7
741,impersonator,235.6,1852.2,1153.1,987.1,957.5,1591.0,190.2
622,impersonator,2031.5,1871.9,151.9,285.5,2046.5,1339.6,2006.0
277,impersonator,588.1,264.3,212.2,142.4,101.3,9.9,37.3
2940,genuine,228.8,232.9,433.3,17.0,15.8,216.3,417.0
1140,genuine,165.0,168.0,169.0,165.0,169.0,168.0,167.0
308,impersonator,28.7,362.4,167.5,276.6,269.6,85.4,310.6
508,impersonator,85.1,21.3,2560.0,1027.9,1353.4,117.2,739.1
963,genuine,168.0,189.0,154.0,170.0,171.0,11.0,167.0
252,impersonator,259.7,330.5,77.0,92.8,258.9,49.6,86.7
314,impersonator,64.5,193.6,52.3,307.5,95.4,59.4,327.4
3357,genuine,230.8,232.7,433.5,16.2,232.5,233.2,433.4
401,impersonator,1392.7,171.8,872.5,1719.4,2217.2,651.1,1071.5
3481,genuine,227.9,233.0,233.2,433.3,16.4,233.1,233.3
2615,genuine,229.9,236.0,450.3,17.0,231.7,233.0,450.4
2423,genuine,16.2,42.1,1144.3,834.2,20.8,18.5,20.1
530,impersonator,2.0,433.9,214.0,2.1,23.3,182.6,208.2
601,impersonator,469.5,383.1,283.0,77.4,186.4,254.2,113.1
4196,genuine,16.4,17.7,981.0,416.8,16.0,18.2,20.5
21,impersonator,88.2,1.5,115.6,131.5,505.8,186.8,158.5
536,impersonator,1567.5,1477.5,2208.1,1061.9,2153.4,466.9,2234.0
98,impersonator,2.0,29.8,629.2,50.5,418.9,169.6,2.0
683,impersonator,2.0,182.0,408.3,280.0,142.5,171.4,2.0
3807,genuine,169.0,174.0,175.0,174.0,173.0,171.0,173.0
594,impersonator,95.4,835.9,152.4,51.5,236.3,275.8,210.3
2060,genuine,224.7,231.4,233.5,433.2,16.6,233.3,232.5
3171,genuine,15.3,17.3,18.2,17.7,17.9,55.3,35.8
1928,genuine,15.2,15.3,517.0,15.9,16.2,16.7,70.5
474,impersonator,2.0,127.0,342.5,179.2,35.1,1.0,2.0
4428,genuine,165.0,166.0,167.0,166.0,167.0,166.0,167.0
697,impersonator,34.7,257.1,539.6,73.6,255.2,72.3,3.4
2529,genuine,15.7,16.4,19.0,19.4,762.3,18.5,18.8
4139,genuine,167.0,173.0,168.0,173.0,170.0,171.0,164.0
687,genuine,167.0,167.0,167.0,165.0,167.0,165.0,167.0
1585,genuine,19.4,19.8,1595.7,20.7,20.9,17.4,21.5
1917,genuine,229.9,433.3,16.4,233.1,233.3,16.3,216.7
979,genuine,164.0,166.0,167.0,166.0,167.0,167.0,166.0
43,impersonator,2.0,1.5,163.8,51.1,182.5,30.3,194.7
2682,genuine,14.2,17.4,351.0,835.0,17.1,18.2,16.3
169,impersonator,221.8,397.5,297.9,192.4,74.3,277.4,214.8
704,impersonator,22.8,177.6,0.0,102.9,168.7,124.7,176.9
137,impersonator,330.1,1.5,1062.3,409.5,1.0,106.7,134.7
484,impersonator,251.6,10.7,32.7,1435.0,270.5,78.7,163.6
63,impersonator,4.9,10.4,1795.6,488.5,63.3,185.1,29.9
4168,genuine,228.8,449.2,31.8,14.8,216.9,216.1,216.3
332,impersonator,36.2,122.6,809.1,118.0,206.3,198.4,243.8
145,impersonator,252.6,741.3,782.2,1311.5,1315.7,621.4,36.1
4498,genuine,210.5,414.8,232.8,31.4,200.0,418.0,232.5
295,impersonator,117.5,316.5,869.6,15.6,268.6,320.7,137.5
67,impersonator,2.0,88.9,112.0,265.5,283.6,25.3,2.0
1142,genuine,170.0,173.0,175.0,174.0,173.0,173.0,173.0
1109,genuine,169.0,167.0,170.0,168.0,169.0,170.0,168.0
152,impersonator,605.1,2460.7,183.8,2100.7,139.6,33.5,1499.6
395,impersonator,2158.8,2174.8,777.7,1966.8,2183.7,1526.5,1915.3
317,impersonator,157.4,183.5,188.1,177.7,405.5,309.8,417.2
3774,genuine,228.0,233.0,433.3,16.9,432.9,16.4,433.3
2663,genuine,164.0,182.0,156.0,171.0,8.0,167.0,332.0
3461,genuine,167.0,170.0,169.0,172.0,167.0,168.0,168.0
395,impersonator,2.0,106.0,16.3,189.4,37.2,341.3,2.0
371,impersonator,2.0,215.0,941.5,2.1,178.5,208.0,51.5
110,impersonator,299.1,66.2,370.3,17.7,191.1,106.1,480.4
2183,genuine,14.7,18.6,983.9,632.1,22.8,18.9,20.3
2406,genuine,16.2,19.1,125.3,18.4,57.6,87.9,44.7
409,genuine,169.0,173.0,173.0,172.0,173.0,173.0,174.0
930,genuine,164.0,165.0,168.0,165.0,166.0,166.0,168.0
2172,genuine,165.0,167.0,167.0,165.0,169.0,167.0,166.0
395,impersonator,172.0,138.6,0.0,76.4,359.5,37.5,264.1
113,impersonator,2.0,187.0,0.0,242.7,208.8,140.9,139.1
874,genuine,15.5,16.6,1195.0,18.0,16.6,16.6,17.1
324,impersonator,415.7,63.1,81.0,523.5,290.3,19.3,485.2
651,impersonator,14.2,192.5,270.3,212.8,20.3,17.1,170.4
949,genuine,19.7,22.7,1146.6,421.5,16.9,19.5,18.5
285,impersonator,8.4,68.8,413.1,71.7,7.3,100.7,2.0
435,impersonator,2.0,13.5,419.7,121.9,353.0,361.8,2.0
364,impersonator,132.2,89.5,100.4,49.9,155.6,368.1,160.1
2164,genuine,164.0,186.0,157.0,171.0,170.0,170.0,169.0
32,genuine,163.0,167.0,167.0,166.0,167.0,166.0,168.0
983,genuine,167.0,174.0,171.0,169.0,171.0,171.0,167.0
2070,genuine,12.7,432.7,16.1,233.4,233.3,233.3,16.7
2380,genuine,17.8,18.4,781.3,422.5,16.9,19.2,19.0
1425,genuine,415.7,229.7,233.3,433.2,16.8,433.1,16.4
277,impersonator,48.3,267.4,318.0,170.0,327.2,1.0,2.0
648,impersonator,203.6,76.5,0.0,408.2,125.0,199.2,69.7
4456,genuine,17.0,226.6,232.8,16.1,216.7,199.9,433.6
76,impersonator,291.8,166.1,187.6,62.4,227.8,553.4,2.0
1182,genuine,20.3,19.1,19.2,969.9,417.8,22.9,19.0
323,impersonator,2523.2,301.1,1150.8,1223.5,1914.2,2093.7,2377.2
4033,genuine,170.0,171.0,174.0,173.0,174.0,175.0,171.0
2059,genuine,167.0,167.0,167.0,166.0,166.0,164.0,165.0
2397,genuine,1985.1,403.8,18.8,20.9,20.3,16.6,18.8
311,genuine,229.9,16.0,216.4,199.7,216.5,633.9,16.4
629,impersonator,156.7,40.7,551.5,416.4,130.6,200.7,2.1
4271,genuine,166.0,192.0,152.0,171.0,170.0,10.0,167.0
65,genuine,14.3,18.5,136.4,17.8,56.3,32.1,1996.2
437,impersonator,7.7,1.5,180.3,172.5,80.3,24.3,167.0
524,impersonator,1157.8,1256.6,82.4,1551.0,1102.5,102.1,251.4
2268,genuine,229.4,232.9,433.2,16.7,433.1,16.7,233.2
24,impersonator,2.0,1.5,487.7,692.6,128.9,1.0,301.6
637,impersonator,1095.5,2310.2,436.8,1672.1,199.9,2147.1,289.6
291,impersonator,142.5,179.9,511.9,73.1,111.7,152.2,7.4
213,impersonator,2.0,317.4,240.7,530.5,6.9,32.0,2.0
1526,genuine,19.7,21.1,1138.9,13.3,19.7,19.3,20.7
3101,genuine,16.7,2240.8,36.2,128.6,49.8,85.2,32.7
2402,genuine,432.0,15.8,230.6,233.1,433.4,16.7,232.8
224,impersonator,250.8,142.2,0.0,234.3,1.0,1.0,101.2
308,impersonator,222.1,1.5,153.2,117.2,168.2,177.6,42.4
3552,genuine,20.4,23.4,20.1,22.3,576.9,20.3,20.4
703,impersonator,792.7,249.2,277.8,53.8,184.9,305.9,136.0
1900,genuine,230.3,233.2,433.2,17.0,233.1,233.1,232.9
3891,genuine,168.0,172.0,170.0,170.0,170.0,171.0,166.0
2009,genuine,17.5,19.0,18.5,1767.8,19.0,19.6,21.2
209,impersonator,129.1,301.5,31.1,130.4,224.0,74.7,48.6
2554,genuine,165.0,165.0,168.0,165.0,168.0,166.0,165.0
1569,genuine,18.8,20.2,99.5,1691.4,21.2,20.2,19.5
1363,genuine,227.4,231.3,233.6,233.6,231.3,233.0,451.4
2252,genuine,165.0,166.0,168.0,167.0,165.0,168.0,168.0
436,impersonator,495.3,512.2,2558.2,1379.6,1013.1,1277.7,421.8
1516,genuine,423.3,1469.7,15.8,16.9,46.4,64.1,59.4
3655,genuine,16.7,19.4,20.0,19.7,19.8,67.6,17.7
556,impersonator,776.5,292.3,111.1,2.9,215.5,478.8,193.2
514,genuine,15.2,18.6,1169.0,16.5,17.0,17.6,17.7
2272,genuine,41.5,1013.5,16.2,18.7,21.0,17.5,62.3
393,impersonator,329.5,324.0,300.0,110.8,79.4,127.3,386.0
2263,genuine,166.0,169.0,167.0,168.0,169.0,168.0,168.0
146,impersonator,2.0,152.1,257.7,118.1,32.9,24.0,2.0
2796,genuine,171.0,172.0,176.0,173.0,171.0,173.0,172.0
1060,genuine,159.0,335.0,167.0,167.0,4.0,162.0,4.0
460,impersonator,8.3,138.7,5.2,232.9,1.0,138.2,2.0
398,impersonator,46.8,322.8,267.0,268.1,38.9,78.7,41.1
4394,genuine,14.5,12.7,213.5,216.4,199.7,416.9,232.7
443,impersonator,410.1,24.0,613.5,51.0,342.7,87.3,169.3
280,impersonator,2145.6,521.7,2303.4,1188.2,898.2,507.2,1825.6
405,impersonator,2.0,1871.9,282.6,36.4,186.5,215.4,37.2
157,impersonator,864.7,1563.8,1308.6,665.0,709.9,1831.0,589.2
2923,genuine,165.0,169.0,168.0,14.0,153.0,335.0,167.0
655,impersonator,2.0,1.5,43.0,399.5,46.5,1.0,19.8
31,genuine,33.6,1900.8,20.3,15.8,18.1,18.4,18.1
128,impersonator,141.4,520.3,49.3,278.6,32.8,186.9,34.5
117,impersonator,77.6,82.0,688.7,44.4,367.0,156.3,130.0
700,genuine,181.0,173.0,159.0,172.0,171.0,8.0,167.0
310,impersonator,441.1,237.0,460.1,672.9,12.8,397.7,129.3
176,genuine,163.0,183.0,167.0,167.0,166.0,167.0,166.0
703,impersonator,2.0,54.5,167.4,59.6,823.9,252.2,2.0
536,genuine,163.0,168.0,169.0,17.0,151.0,335.0,168.0
344,impersonator,66.3,126.1,201.8,348.2,284.6,2.9,57.5
1114,genuine,84.6,59.8,52.3,111.7,31.2,68.5,99.8
2888,genuine,166.0,168.0,169.0,168.0,166.0,167.0,167.0
476,impersonator,43.5,244.3,139.0,409.2,134.4,170.4,203.8
3341,genuine,169.0,170.0,169.0,170.0,172.0,171.0,166.0
515,impersonator,484.1,1.5,0.0,65.4,255.7,164.9,313.5
347,genuine,15.1,15.1,16.9,1361.8,17.0,20.9,16.3
1386,genuine,16.2,19.2,1212.6,21.1,16.5,18.5,18.9
635,impersonator,2.0,284.3,6.2,121.3,259.6,75.3,2.0
730,impersonator,372.4,228.7,176.3,51.0,311.2,125.1,197.6
4376,genuine,16.6,46.3,85.3,1690.4,19.8,17.4,16.1
526,impersonator,555.7,342.0,241.0,11.2,131.0,221.4,81.9
1750,genuine,164.0,186.0,154.0,171.0,169.0,171.0,170.0
3365,genuine,181.0,177.0,155.0,171.0,171.0,9.0,167.0
1399,genuine,82.4,596.7,1909.8,17.7,15.6,24.6,87.3
1977,genuine,15.7,21.0,1243.6,22.1,15.4,19.4,22.2
361,impersonator,2.0,108.9,29.5,1081.8,70.3,95.4,2.0
369,impersonator,172.3,313.7,205.9,88.8,65.6,303.4,209.4
189,impersonator,1846.5,409.3,2193.2,141.1,315.7,123.4,592.8
2150,genuine,15.1,434.4,11.9,15.5,216.3,216.6,200.0
475,impersonator,102.2,42.7,1057.2,10.2,28.4,178.4,28.4
1284,genuine,171.0,173.0,176.0,172.0,173.0,173.0,173.0
503,impersonator,4.1,185.1,748.5,369.7,16.8,214.4,147.8
216,impersonator,2.0,46.9,663.5,381.5,64.1,135.4,2.0
498,impersonator,375.4,654.2,46.5,237.3,149.1,65.5,791.1
157,impersonator,2.0,90.9,191.8,214.3,196.7,63.0,2.0
3814,genuine,169.0,190.0,153.0,169.0,169.0,169.0,183.0
617,impersonator,12.4,82.7,667.6,745.0,89.4,19.5,19.8
263,genuine,233.7,27.6,216.4,198.9,444.7,29.2,213.1
3184,genuine,165.0,168.0,166.0,166.0,168.0,167.0,169.0
29,genuine,1463.2,16.4,19.0,1436.8,21.8,20.9,19.3
610,impersonator,1944.3,1531.7,830.4,831.6,924.3,1524.5,1554.1
83,genuine,16.3,17.5,1168.2,629.0,18.2,18.6,18.2
2873,genuine,87.7,52.5,63.9,183.8,98.6,93.4,107.9
3753,genuine,228.1,433.0,16.7,232.9,233.4,433.3,16.5
2643,genuine,167.0,171.0,168.0,171.0,172.0,173.0,167.0
687,impersonator,323.1,131.4,125.2,26.3,161.6,1.0,26.5
110,impersonator,611.9,395.5,0.0,506.6,155.2,158.0,79.2
707,impersonator,2.0,220.6,208.3,75.3,44.4,1.0,2.0
591,impersonator,309.3,235.7,441.9,337.3,33.9,1.0,362.8
322,impersonator,2402.4,2340.0,697.7,186.9,1440.6,1842.3,1509.5
3269,genuine,180.0,178.0,151.0,172.0,172.0,169.0,169.0
295,impersonator,121.5,407.2,579.1,2.1,202.1,240.5,154.4
607,impersonator,210.0,1.5,145.1,10.0,14.8,144.6,4.9
86,impersonator,58.2,376.0,263.8,427.0,615.1,361.9,15.8
258,impersonator,2.0,21.3,100.3,297.3,30.2,203.4,2.0
2090,genuine,164.0,168.0,167.0,166.0,167.0,166.0,168.0
346,impersonator,19.8,292.4,229.1,218.5,113.3,197.0,195.1
65,impersonator,67.8,132.7,110.2,281.1,68.0,166.8,24.7
2229,genuine,429.9,15.5,216.7,200.0,216.4,416.2,16.3
2036,genuine,230.0,233.5,232.7,433.5,16.6,233.2,233.4
4103,genuine,226.2,233.1,233.1,232.6,450.9,31.2,233.8
732,impersonator,211.5,327.2,1366.3,2.1,1.0,97.9,106.5
316,impersonator,459.1,308.9,333.3,380.3,78.7,52.0,162.6
403,impersonator,1976.7,2164.0,1032.6,222.3,1679.1,692.1,234.0
448,impersonator,102.8,433.2,731.3,95.5,307.2,229.4,294.1
202,genuine,164.0,175.0,156.0,172.0,170.0,9.0,167.0
1892,genuine,164.0,175.0,157.0,171.0,170.0,10.0,167.0
298,genuine,164.0,176.0,154.0,172.0,168.0,12.0,166.0
630,impersonator,989.0,460.2,669.0,2062.8,909.7,198.0,240.9
1240,genuine,199.0,132.0,167.0,166.0,165.0,165.0,168.0
3831,genuine,166.0,172.0,170.0,171.0,173.0,171.0,167.0
1921,genuine,158.0,629.4,19.5,18.7,19.6,19.3,19.6
2774,genuine,171.0,173.0,174.0,174.0,172.0,174.0,173.0
487,impersonator,20.6,225.2,222.7,273.6,1.0,131.5,113.7
569,impersonator,1583.6,1351.4,38.3,160.8,192.4,462.5,428.7
688,impersonator,76.2,376.0,1461.7,1875.3,1281.9,1278.2,874.9
771,genuine,13.9,223.0,233.0,233.0,16.5,216.4,617.3
72,impersonator,76.5,378.5,887.4,211.6,205.6,16.2,237.7
829,genuine,165.0,169.0,168.0,165.0,167.0,168.0,168.0
2789,genuine,164.0,166.0,167.0,165.0,164.0,168.0,166.0
120,impersonator,357.4,918.5,230.3,1797.4,1082.4,1133.3,1802.7
3895,genuine,1028.9,16.0,16.8,16.7,16.7,54.3,1979.3
3706,genuine,21.1,13.4,20.9,1781.8,16.7,16.1,18.1
2551,genuine,11.5,149.0,844.8,18.4,17.5,17.5,17.4
519,impersonator,374.4,1029.0,2031.3,998.9,2118.0,691.4,1109.9
210,genuine,164.0,178.0,157.0,171.0,172.0,171.0,171.0
247,impersonator,1542.3,1191.1,977.9,396.8,950.1,1206.1,1557.9
347,impersonator,3.3,220.7,166.1,306.5,168.4,186.3,422.9
1150,genuine,162.0,180.0,371.0,42.0,141.0,182.0,170.0
2154,genuine,167.0,172.0,168.0,171.0,173.0,172.0,165.0
634,impersonator,196.2,81.5,93.2,202.8,249.3,52.2,61.3
2604,genuine,19.0,1829.1,20.3,20.1,16.7,17.9,19.2
1499,genuine,15.5,17.1,980.5,629.4,18.4,16.0,205.0
272,impersonator,506.8,202.2,106.1,2.1,233.1,477.0,141.3
2543,genuine,20.4,18.7,331.2,1260.6,22.4,18.7,20.5
714,impersonator,2.0,187.4,126.1,29.3,31.3,19.2,2.0
3524,genuine,168.0,172.0,168.0,170.0,170.0,170.0,166.0
3646,genuine,20.3,2501.3,18.8,17.4,16.5,17.7,17.6
2730,genuine,13.3,432.4,14.6,232.7,16.0,216.3,417.3
1153,genuine,16.4,13.8,16.3,1387.0,15.1,15.6,17.2
493,impersonator,371.2,96.6,667.5,193.4,265.0,156.3,98.5
529,impersonator,429.0,1.5,118.4,2.1,357.6,228.0,458.1
571,impersonator,2.0,590.0,50.5,14.5,148.0,102.4,2.0
695,impersonator,98.8,276.7,354.1,30.4,150.9,236.9,289.6
1800,genuine,172.0,173.0,173.0,173.0,173.0,175.0,172.0
58,impersonator,748.9,1531.1,15.0,9.0,539.9,705.6,858.7
225,impersonator,1516.7,398.0,2491.0,98.7,1828.6,2370.6,644.5
1143,genuine,14.6,19.4,21.8,18.2,938.7,18.7,20.0
403,impersonator,334.4,108.0,278.9,145.5,105.2,274.7,408.0
50,impersonator,201.6,888.6,441.5,2.1,21.6,163.2,2.0
415,impersonator,2.0,357.5,41.3,159.8,139.6,165.1,2.0
50,impersonator,275.1,3.9,101.8,990.4,267.8,122.8,127.4
895,genuine,164.0,175.0,157.0,169.0,171.0,9.0,167.0
159,impersonator,231.6,1640.2,2028.1,1087.8,1000.7,129.9,128.7
61,impersonator,23.6,170.2,128.0,346.6,99.8,59.6,26.0
297,impersonator,167.7,159.1,286.2,192.6,155.6,198.0,332.9
4004,genuine,173.0,171.0,174.0,172.0,173.0,172.0,174.0
636,impersonator,825.7,45.3,307.0,2.1,173.8,150.2,13.6
1766,genuine,11.0,172.0,327.0,171.0,170.0,170.0,170.0
672,impersonator,2.0,18.5,218.9,1168.0,31.9,26.0,2.0
1161,genuine,226.0,163.0,172.0,178.0,183.0,354.0,12.0
137,genuine,164.0,169.0,166.0,17.0,152.0,333.0,166.0
199,impersonator,2.0,146.7,780.2,7.5,7.6,41.8,2.0
3368,genuine,164.0,170.0,166.0,167.0,165.0,169.0,168.0
1946,genuine,429.5,16.2,233.1,233.3,433.1,16.7,433.3
863,genuine,168.0,171.0,168.0,171.0,170.0,170.0,166.0
319,impersonator,357.2,13.2,253.5,73.0,141.8,221.0,146.7
640,impersonator,2.0,463.0,0.0,273.4,589.0,1.0,94.4
474,impersonator,791.3,347.1,2637.6,1657.7,4.2,1093.7,926.3
531,impersonator,197.1,1.5,0.0,326.3,212.1,345.0,349.8
146,genuine,167.0,166.0,166.0,166.0,168.0,8.0,159.0
292,impersonator,74.8,383.8,580.9,80.8,234.4,57.6,28.9
578,impersonator,468.3,1.5,664.9,2.1,134.0,172.9,99.3
634,genuine,171.0,174.0,176.0,171.0,176.0,173.0,173.0
337,impersonator,125.9,492.2,111.9,462.6,249.6,263.7,2.2
4132,genuine,17.5,19.4,19.1,771.2,20.9,18.5,19.4
2823,genuine,171.0,172.0,176.0,171.0,174.0,173.0,173.0
699,impersonator,289.4,1.5,828.3,235.7,3.4,126.2,59.2
1424,genuine,163.0,165.0,168.0,164.0,167.0,167.0,165.0
1835,genuine,166.0,170.0,168.0,166.0,165.0,167.0,166.0
365,impersonator,14.1,118.0,1106.2,187.1,158.6,62.8,160.9
2884,genuine,225.4,234.3,449.8,31.6,233.6,451.4,30.8
378,genuine,17.1,15.9,16.3,17.2,1974.1,17.3,24.9
418,impersonator,36.1,1980.2,1023.5,1392.0,114.9,535.9,5.0
1411,genuine,166.0,187.0,157.0,168.0,169.0,172.0,10.0
213,impersonator,3.4,249.8,322.0,157.3,230.7,82.9,60.7
2851,genuine,17.6,227.0,232.6,433.8,15.5,233.1,433.7
141,impersonator,403.5,728.8,582.0,12.8,388.5,374.5,288.8
1413,genuine,2565.2,13.1,16.1,32.4,136.6,30.6,33.4
2931,genuine,16.7,18.6,29.6,1145.8,19.5,17.1,1020.7
422,impersonator,2143.3,1922.6,1038.8,1313.3,1028.8,2336.6,2224.3
3614,genuine,167.0,167.0,168.0,168.0,171.0,168.0,171.0
225,impersonator,2.0,459.0,5.1,268.1,65.2,136.2,2.0
2108,genuine,17.0,561.0,17.5,19.0,55.8,72.5,62.4
1547,genuine,981.2,222.7,17.5,17.6,17.9,17.5,17.7
268,impersonator,2.0,287.6,1.1,161.9,316.0,83.3,2.0
261,impersonator,2.0,634.2,296.8,268.5,1.0,45.7,217.0
2644,genuine,14.7,232.0,229.9,433.4,16.7,232.9,233.4
308,genuine,15.2,224.5,234.5,448.9,31.5,450.9,15.9
386,impersonator,56.5,134.0,39.4,786.1,148.7,297.5,410.0
2193,genuine,168.0,188.0,154.0,171.0,168.0,11.0,167.0
3927,genuine,170.0,173.0,175.0,173.0,173.0,171.0,173.0
3140,genuine,17.9,518.1,15.7,19.6,19.4,59.0,95.7
1290,genuine,17.5,19.3,541.0,1051.1,20.4,20.5,21.8
1605,genuine,230.5,30.5,216.4,199.2,416.0,233.2,232.7
2004,genuine,10.0,170.0,327.0,170.0,171.0,169.0,170.0
2636,genuine,171.0,171.0,170.0,174.0,172.0,170.0,167.0
199,impersonator,246.0,785.1,736.8,2.1,1.0,1.0,117.9
251,impersonator,76.5,30.7,1097.9,22.1,57.8,156.0,22.0
3641,genuine,17.3,17.9,1406.0,21.8,20.2,19.3,18.9
1081,genuine,826.8,16.7,16.7,17.3,16.4,1610.3,15.2
340,impersonator,2.0,199.3,590.5,12.2,100.3,288.4,2.0
427,impersonator,2.0,123.5,719.4,237.6,51.9,237.9,2.0
214,genuine,227.2,230.7,234.7,232.6,232.2,233.0,450.2
4065,genuine,447.1,27.6,232.8,233.1,232.9,449.8,16.2
2049,genuine,230.3,433.4,16.4,233.2,16.3,216.6,200.0
396,impersonator,101.1,79.5,15.3,462.8,11.8,53.1,160.8
70,genuine,17.0,1584.9,22.0,16.0,20.3,17.0,18.0
3545,genuine,24.1,15.1,18.0,767.9,18.3,19.0,18.8
891,genuine,164.0,167.0,167.0,167.0,168.0,166.0,167.0
1398,genuine,1873.6,18.0,15.5,19.3,19.0,21.2,15.7
333,impersonator,187.8,150.9,125.1,60.8,72.4,218.6,28.1
441,impersonator,7.9,209.0,695.6,80.1,240.3,369.9,79.5
1870,genuine,225.2,451.4,31.7,232.7,232.9,452.4,13.8
1197,genuine,823.4,18.0,18.7,19.3,2268.4,16.8,18.9
953,genuine,17.2,17.2,399.1,18.0,19.4,19.3,18.8
3639,genuine,16.6,17.2,956.7,626.9,19.1,18.9,21.0
3284,genuine,163.0,169.0,169.0,166.0,167.0,168.0,166.0
1690,genuine,170.0,170.0,168.0,170.0,172.0,169.0,167.0
1722,genuine,163.0,170.0,166.0,166.0,167.0,167.0,166.0
305,impersonator,137.2,110.2,119.2,227.8,1.0,92.2,2.0
280,impersonator,217.7,122.5,7.5,439.1,24.6,210.0,176.0
182,impersonator,101.9,1.5,273.4,361.2,575.0,524.6,161.9
3453,genuine,169.0,172.0,170.0,171.0,171.0,169.0,166.0
427,impersonator,2.7,323.7,255.1,137.5,110.0,35.1,2.0
110,impersonator,501.4,430.1,22.6,265.3,108.1,84.1,148.0
60,impersonator,80.8,130.0,70.5,154.2,7.4,12.4,28.5
602,impersonator,116.0,431.1,2614.5,878.7,156.0,456.3,457.0
119,impersonator,2.0,432.1,704.4,77.7,150.0,328.8,2.0
3381,genuine,170.0,173.0,174.0,172.0,173.0,173.0,173.0
305,impersonator,12.3,257.5,170.8,482.7,40.6,2.9,20.6
230,genuine,14.6,14.7,17.1,16.4,1200.9,16.7,16.7
734,impersonator,2.0,105.2,515.8,63.8,66.6,9.0,2.0
673,impersonator,237.9,51.7,27.8,309.0,261.1,263.7,201.0
634,impersonator,232.5,306.7,346.3,2.1,313.0,57.6,30.6
3338,genuine,17.8,21.0,1384.3,199.6,21.3,21.2,21.8
865,genuine,14.1,15.7,97.3,1469.8,16.4,17.1,16.7
348,impersonator,223.6,216.5,1251.8,262.2,1.0,3.3,140.4
330,impersonator,1078.1,20.1,1282.8,2075.3,498.3,658.4,1780.7
196,impersonator,382.5,321.8,441.0,14.1,310.9,173.9,168.5
215,impersonator,46.1,273.2,67.2,2.1,9.2,136.7,71.7
613,genuine,429.0,16.5,232.6,233.2,233.0,417.1,16.8
210,impersonator,411.8,1.5,524.2,58.1,197.6,1.0,427.5
3662,genuine,164.0,191.0,154.0,172.0,171.0,168.0,170.0
467,genuine,17.4,17.2,18.2,527.9,1275.4,19.2,19.6
414,impersonator,49.0,487.3,582.1,8.4,199.5,233.0,26.5
2345,genuine,167.0,173.0,168.0,172.0,172.0,171.0,167.0
802,genuine,172.0,174.0,174.0,174.0,175.0,174.0,173.0
39,impersonator,173.8,1.5,32.4,394.1,170.5,27.8,381.9
525,impersonator,314.9,64.8,104.2,169.7,242.6,207.3,50.4
3697,genuine,15.2,19.8,789.8,627.2,18.3,16.4,18.2
553,impersonator,255.3,113.6,0.0,282.5,202.8,21.3,376.1
302,impersonator,599.4,1699.4,2304.8,855.5,307.1,2087.5,1002.1
384,impersonator,405.2,455.8,1705.4,1777.4,623.2,129.2,1198.3
482,impersonator,74.4,1.5,262.7,397.3,187.8,94.9,219.2
334,genuine,17.2,9.7,229.7,199.0,416.6,232.9,450.5
3124,genuine,12.1,831.7,18.9,20.2,18.3,2270.8,18.2
591,impersonator,150.6,12.2,225.6,106.8,39.0,165.7,29.5
221,impersonator,175.0,173.2,942.6,171.7,37.5,227.3,161.9
3759,genuine,229.1,233.6,233.2,433.1,16.7,232.4,233.4
4231,genuine,167.0,172.0,171.0,173.0,170.0,172.0,165.0
2308,genuine,430.7,12.8,232.4,16.0,216.7,200.0,216.4
2685,genuine,15.8,442.8,30.5,450.3,31.3,234.2,15.4
613,impersonator,2.0,1038.9,30.7,122.1,165.9,225.8,2.0
3825,genuine,171.0,172.0,173.0,173.0,173.0,174.0,173.0
3410,genuine,16.8,22.6,1583.3,18.7,18.8,20.9,179.1
427,impersonator,264.1,272.9,766.4,427.2,20.9,255.7,279.8
656,impersonator,2.0,474.4,357.4,83.3,192.7,29.7,2.0
3327,genuine,165.0,192.0,15.0,149.0,334.0,166.0,167.0
3631,genuine,228.5,232.3,451.2,29.9,233.1,233.4,450.5
463,genuine,172.0,173.0,176.0,171.0,174.0,175.0,173.0
184,impersonator,256.6,288.5,548.2,2.1,1.0,373.8,277.0
208,impersonator,1142.9,2176.6,1150.3,622.0,1683.8,2355.7,795.4
356,impersonator,10.9,54.1,56.1,163.2,98.9,128.8,14.3
1455,genuine,209.3,216.2,199.8,421.4,426.1,16.3,434.6
32,impersonator,2.0,182.1,614.6,48.3,204.2,31.1,2.0
456,genuine,182.0,173.0,155.0,169.0,168.0,169.0,14.0
399,impersonator,433.9,456.9,364.6,315.9,24.8,35.2,261.1
2916,genuine,368.3,15.8,17.5,49.9,56.2,55.4,47.7
686,impersonator,180.6,244.3,788.8,2.1,359.2,339.9,335.6
527,genuine,166.0,164.0,167.0,169.0,167.0,165.0,168.0
2535,genuine,164.0,183.0,167.0,166.0,167.0,184.0,165.0
574,impersonator,2298.9,1263.8,303.2,1912.9,1999.9,1843.2,1348.6
3930,genuine,17.0,19.0,972.5,422.4,16.7,18.7,19.1
1955,genuine,16.2,16.9,1603.0,14.2,20.1,16.4,16.6
2588,genuine,163.0,169.0,166.0,4.0,161.0,4.0,329.0
174,impersonator,5.7,4.7,626.1,199.1,331.3,143.2,5.4
674,impersonator,2184.8,1922.7,2141.7,868.6,1587.2,886.6,725.3
19,impersonator,215.3,46.6,213.7,393.3,612.4,689.8,449.4
452,impersonator,977.5,2532.0,897.9,801.8,676.8,1366.3,1825.0
217,impersonator,5.7,52.2,291.1,170.9,12.0,129.7,194.1
182,impersonator,2.0,29.0,15.8,301.7,169.1,213.4,2.0
733,impersonator,70.1,155.3,49.0,447.6,183.0,58.5,196.7
432,impersonator,2.0,16.2,46.0,116.9,186.9,147.8,2.0
713,impersonator,187.4,400.8,421.2,7.6,212.4,154.6,166.9
3448,genuine,228.1,232.9,233.2,15.5,214.9,216.4,217.6
2887,genuine,13.1,15.9,150.4,1268.5,16.2,15.6,18.1
1090,genuine,14.8,16.5,54.5,35.2,16.1,119.9,32.3
4076,genuine,163.0,168.0,167.0,166.0,166.0,169.0,167.0
564,impersonator,20.4,159.9,310.3,799.0,268.1,22.7,253.0
224,impersonator,301.4,2707.3,638.4,1940.9,464.2,1720.2,53.3
519,impersonator,331.7,376.4,450.6,184.5,5.5,144.1,98.1
311,impersonator,241.6,331.1,54.8,254.1,125.2,98.3,72.8
1089,genuine,164.0,168.0,168.0,165.0,167.0,168.0,169.0
576,impersonator,119.4,95.7,1718.1,1776.2,317.4,870.1,170.0
638,impersonator,150.6,133.5,196.6,894.2,166.9,57.6,169.6
20,impersonator,165.4,213.1,25.0,2.1,550.1,302.1,71.6
1119,genuine,445.5,29.2,233.2,232.8,451.2,15.3,232.6
40,impersonator,562.2,1.5,893.8,150.2,1.0,1.0,395.4
3181,genuine,17.3,16.4,1590.8,18.7,19.3,20.0,19.2
168,impersonator,2.0,32.7,366.5,149.4,48.1,33.3,2.0
231,impersonator,83.3,21.8,281.8,25.0,42.3,3.2,15.0
1303,genuine,15.4,21.9,971.5,630.4,21.2,19.1,17.6
2530,genuine,164.0,188.0,157.0,171.0,169.0,170.0,10.0
387,impersonator,2.0,1.5,248.3,627.2,17.9,64.0,46.9
411,impersonator,129.8,245.7,0.0,106.7,156.7,192.3,2.5
12,impersonator,87.7,137.6,617.4,133.5,108.1,591.3,144.7
2,impersonator,2372.8,1313.9,1098.9,560.8,933.0,834.5,2289.1
541,impersonator,1282.2,1443.5,1864.5,2140.9,2009.8,88.3,1345.3
639,genuine,15.2,229.5,15.3,216.2,199.8,433.7,232.9
148,genuine,165.0,168.0,167.0,167.0,169.0,165.0,166.0
718,impersonator,208.5,864.9,101.6,120.1,63.1,206.5,143.0
1811,genuine,164.0,169.0,166.0,167.0,167.0,168.0,168.0
194,genuine,803.4,206.2,13.1,19.3,19.3,17.1,16.5
3596,genuine,164.0,169.0,168.0,166.0,165.0,168.0,166.0
4340,genuine,7.0,326.0,334.0,167.0,169.0,167.0,168.0
2843,genuine,229.7,432.0,16.5,233.1,233.3,433.8,15.3
40,impersonator,82.0,464.3,403.6,546.7,8.6,34.0,425.4
3598,genuine,164.0,168.0,165.0,166.0,167.0,168.0,166.0
978,genuine,12.9,24.3,418.7,231.2,451.1,31.7,233.1
640,impersonator,446.6,2711.3,55.0,175.1,25.7,1804.2,951.6
2795,genuine,170.0,173.0,174.0,173.0,174.0,188.0,158.0
447,impersonator,2.3,160.2,541.4,49.5,59.1,135.1,161.7
2101,genuine,163.0,170.0,169.0,168.0,167.0,167.0,167.0
2124,genuine,17.1,20.0,955.1,18.6,19.3,19.4,19.8
1369,genuine,167.0,11.0,156.0,333.0,168.0,168.0,6.0
1961,genuine,49.6,70.9,56.8,97.2,70.9,1918.9,15.4
773,genuine,29.2,392.4,18.5,61.8,81.9,60.0,56.1
4059,genuine,167.0,190.0,154.0,171.0,169.0,168.0,13.0
241,impersonator,259.3,13.6,463.0,539.7,721.6,350.8,366.4
706,impersonator,16.0,55.6,1258.3,77.8,172.1,1.0,179.0
358,impersonator,2.0,453.6,1093.4,2.1,1.0,137.1,2.0
474,genuine,180.0,167.0,166.0,167.0,166.0,183.0,166.0
3043,genuine,167.0,168.0,170.0,167.0,167.0,169.0,170.0
509,impersonator,409.0,359.7,85.0,243.2,73.2,313.8,81.8
2167,genuine,167.0,171.0,169.0,173.0,173.0,172.0,167.0
147,impersonator,1769.7,970.2,1101.7,1505.0,1902.9,455.0,882.3
2294,genuine,168.0,184.0,0.0,170.0,14.0,317.0,349.0
528,impersonator,106.8,1.5,346.9,620.2,198.3,48.6,125.6
880,genuine,14.4,55.2,52.9,62.9,96.4,43.2,100.5
496,impersonator,45.6,1.5,0.0,14.7,158.9,180.8,2.0
588,impersonator,29.1,19.3,180.1,64.5,73.6,7.9,9.7
2267,genuine,16.7,20.7,1169.5,421.9,16.9,19.6,20.5
176,impersonator,180.5,599.4,0.0,428.6,452.1,1.0,215.4
3590,genuine,165.0,168.0,170.0,167.0,169.0,170.0,168.0
2182,genuine,169.0,172.0,169.0,171.0,171.0,171.0,166.0
1752,genuine,165.0,168.0,166.0,14.0,152.0,330.0,167.0
531,impersonator,117.3,221.8,187.1,2.1,592.4,189.9,17.6
3726,genuine,57.0,95.9,1205.8,597.2,16.3,16.0,17.1
406,impersonator,1594.6,491.0,298.5,2037.3,960.1,199.9,638.0
664,impersonator,219.0,42.5,132.5,86.0,62.5,131.0,43.0
1014,genuine,171.0,175.0,174.0,173.0,173.0,173.0,174.0
353,impersonator,2.0,67.3,172.4,2.1,114.9,1.0,89.9
529,impersonator,2444.3,1536.2,587.2,998.7,1691.9,2113.7,1986.3
143,impersonator,44.3,251.3,6.3,91.5,300.0,232.2,163.9
444,impersonator,2.0,240.3,179.5,261.0,178.4,141.0,263.3
392,impersonator,2.0,10.5,1044.6,18.2,64.1,44.1,2.0
247,impersonator,153.7,221.8,237.5,187.4,164.5,223.3,116.2
28,impersonator,172.3,167.8,594.2,63.2,263.1,165.8,444.2
2405,genuine,170.0,174.0,174.0,174.0,173.0,171.0,174.0
250,impersonator,14.2,40.3,332.1,394.5,280.3,13.3,88.5
630,impersonator,2.0,210.3,977.4,2.1,6.2,155.6,241.6
130,impersonator,553.9,1.5,0.0,286.5,121.2,18.0,486.6
1555,genuine,163.0,167.0,168.0,168.0,167.0,169.0,165.0
2067,genuine,165.0,185.0,157.0,171.0,172.0,170.0,11.0
768,genuine,560.7,1470.0,16.1,16.8,16.9,17.0,16.7
178,impersonator,75.9,55.0,97.1,580.2,96.9,215.0,105.8
1292,genuine,15.4,16.7,17.6,27.2,1801.5,14.0,17.1
468,impersonator,465.0,222.3,130.9,116.7,154.8,211.9,183.0
3964,genuine,16.4,14.4,1170.6,627.5,16.4,16.3,17.4
2572,genuine,16.4,19.8,1406.5,20.8,15.6,16.0,18.0
4399,genuine,169.0,173.0,175.0,174.0,175.0,171.0,171.0
2359,genuine,16.3,812.9,15.1,17.8,18.7,18.7,18.8
149,impersonator,161.2,198.4,24.0,2.1,282.9,221.9,240.1
98,impersonator,541.5,50.3,455.4,96.4,261.8,262.0,348.9
3027,genuine,166.0,193.0,148.0,171.0,168.0,171.0,170.0
1343,genuine,197.2,235.9,31.2,200.2,216.6,418.1,14.1
917,genuine,11.8,233.3,430.3,16.4,233.0,233.2,433.3
134,impersonator,219.4,68.9,282.9,318.0,174.7,325.6,17.3
4038,genuine,169.0,173.0,173.0,173.0,173.0,175.0,173.0
3643,genuine,170.0,173.0,176.0,172.0,173.0,174.0,172.0
494,impersonator,39.7,313.5,43.8,273.4,98.5,163.9,111.9
4490,genuine,13.9,14.3,1400.0,18.8,10.5,412.5,216.7
319,impersonator,2.0,109.0,61.0,15.6,234.5,105.5,2.0
85,genuine,418.9,226.9,433.4,16.4,233.1,433.5,16.3
4087,genuine,35.8,875.0,232.4,50.7,4.0,660.4,48.8
351,impersonator,300.1,372.0,124.2,768.8,120.1,47.2,969.5
2038,genuine,16.5,15.2,215.8,411.1,233.4,234.2,433.2
474,impersonator,61.1,129.2,161.4,618.0,162.8,1.0,2.0
2095,genuine,13.5,13.0,210.4,432.7,233.3,233.0,434.3
502,genuine,16.4,137.5,840.1,19.8,19.9,20.0,20.5
2189,genuine,19.0,1180.2,207.5,17.2,19.2,19.0,19.3
3978,genuine,158.0,171.0,338.0,13.0,168.0,183.0,167.0
4302,genuine,430.0,16.0,235.2,233.1,15.7,217.7,633.4
601,impersonator,176.7,195.4,133.7,250.3,295.6,326.5,73.5
85,impersonator,119.1,13.6,333.5,349.8,49.8,64.0,172.9
3723,genuine,15.9,17.2,971.4,632.0,18.9,16.9,20.3
1633,genuine,164.0,188.0,155.0,171.0,170.0,168.0,13.0
1469,genuine,12.2,225.8,232.1,433.5,16.6,232.8,216.8
688,impersonator,106.9,57.4,493.5,627.8,37.3,1.0,176.7
7,impersonator,2.0,408.1,771.1,557.9,203.5,410.9,12.3
440,impersonator,151.9,847.3,82.6,537.9,81.4,390.4,53.5
1889,genuine,15.1,18.1,768.7,838.6,19.2,17.7,18.2
464,genuine,172.0,172.0,173.0,173.0,173.0,174.0,174.0
271,impersonator,190.3,123.8,240.0,136.6,69.0,97.9,13.8
2948,genuine,164.0,167.0,168.0,167.0,173.0,162.0,169.0
58,impersonator,2558.3,2661.2,98.0,20.1,2273.2,2355.9,2538.9
557,genuine,164.0,183.0,150.0,171.0,168.0,12.0,167.0
470,genuine,14.8,18.2,1581.8,18.9,17.8,17.8,17.4
435,genuine,17.3,214.4,212.8,416.3,233.2,433.7,16.3
1642,genuine,429.1,16.3,233.0,233.2,233.0,233.4,432.9
315,impersonator,183.9,107.1,408.3,2.1,1.0,363.9,363.2
711,impersonator,2.0,332.3,158.0,74.5,181.6,266.2,2.0
408,impersonator,549.9,444.0,65.6,207.8,49.9,274.6,160.5
3054,genuine,165.0,169.0,166.0,167.0,167.0,167.0,167.0
503,impersonator,1772.9,153.7,2137.7,1989.1,737.7,81.7,424.5
2702,genuine,89.5,1166.3,13.7,17.2,17.4,48.4,31.9
133,impersonator,100.2,253.4,257.1,557.3,273.6,216.4,436.1
654,impersonator,89.7,56.0,412.8,131.3,667.8,135.1,290.3
560,impersonator,2.0,484.5,37.2,20.3,82.0,134.4,2.0
62,impersonator,227.7,187.4,91.7,32.2,372.0,47.3,301.3
4109,genuine,16.1,19.7,557.3,15.7,18.0,17.6,86.6
418,genuine,14.4,234.8,227.9,233.3,233.3,433.5,15.4
4071,genuine,20.6,16.8,11.7,18.0,563.6,17.2,17.4
76,impersonator,2.0,166.1,55.1,55.9,191.3,254.2,2.0
984,genuine,330.0,186.0,154.0,171.0,172.0,169.0,169.0
3367,genuine,17.8,20.5,1768.3,22.5,20.5,19.5,20.5
185,impersonator,239.8,711.1,12.3,188.4,447.0,5.1,27.1
83,impersonator,181.1,8.2,310.0,153.3,237.6,181.3,221.5
3315,genuine,169.0,174.0,175.0,175.0,174.0,174.0,172.0
374,impersonator,177.2,247.1,602.0,109.3,121.1,364.2,77.0
41,impersonator,2.0,15.4,429.4,73.2,11.6,37.3,2.0
4240,genuine,166.0,185.0,158.0,172.0,171.0,9.0,166.0
2866,genuine,165.0,167.0,168.0,168.0,168.0,166.0,166.0
685,impersonator,2.0,508.2,24.2,119.3,52.2,50.3,2.0
1448,genuine,229.3,232.8,432.3,16.5,233.2,233.3,233.4
536,impersonator,2.0,174.4,71.9,17.7,55.2,173.4,2.0
255,impersonator,21.0,15.1,1258.9,45.4,16.7,190.5,70.1
586,impersonator,104.2,5.0,507.2,64.2,90.2,92.2,287.2
530,impersonator,191.4,181.3,194.1,858.3,1.0,479.8,107.8
3539,genuine,14.1,17.3,544.3,15.5,1452.7,18.0,17.3
418,impersonator,49.1,119.1,98.5,1449.5,1.0,38.9,2.0
3847,genuine,17.8,21.3,20.3,959.0,419.2,20.3,22.0
2712,genuine,165.0,170.0,168.0,167.0,168.0,166.0,167.0
4304,genuine,99.8,462.7,1693.0,18.0,18.3,17.0,982.7
34,impersonator,176.1,257.0,414.3,72.8,157.9,216.9,240.6
315,impersonator,248.2,344.7,469.3,330.3,79.7,391.4,363.9
3628,genuine,168.0,167.0,171.0,169.0,169.0,170.0,168.0
4261,genuine,25.4,15.5,202.8,216.5,216.5,416.9,233.2
287,genuine,166.0,170.0,166.0,166.0,168.0,167.0,168.0
24,impersonator,2.0,39.8,513.3,627.6,7.9,10.8,2.0
541,impersonator,21.0,5.9,40.7,214.1,11.6,324.6,37.4
288,impersonator,767.3,1804.5,1694.6,247.3,1771.1,356.2,1777.6
692,impersonator,113.7,1.5,528.3,441.3,369.7,110.7,51.7
1830,genuine,230.5,231.0,233.9,199.3,234.1,233.4,433.2
912,genuine,14.7,231.2,230.8,433.3,16.3,233.2,233.3
454,impersonator,26.6,38.1,760.7,198.8,20.6,1.0,2.0
58,impersonator,1568.2,2465.9,0.0,2.1,842.3,971.2,407.2
255,impersonator,2.0,64.2,183.4,89.2,26.7,68.4,2.0
638,impersonator,370.5,1107.2,521.3,1759.9,878.6,1203.8,1546.0
75,impersonator,2.0,68.6,771.1,83.3,22.1,7.2,2.0
559,genuine,233.5,429.1,16.6,232.9,16.7,216.3,215.5
138,genuine,15.0,11.4,14.1,413.6,432.7,232.6,433.2
177,impersonator,731.7,151.8,374.4,54.4,56.1,429.8,360.4
1687,genuine,15.2,20.7,590.8,408.6,16.5,16.6,17.2
2078,genuine,171.0,174.0,176.0,172.0,173.0,172.0,172.0
402,impersonator,51.7,5.8,135.2,1016.9,106.8,12.6,2.0
518,impersonator,2.0,34.3,62.5,303.8,24.8,14.6,2.0
350,impersonator,2.0,91.3,9.1,72.0,29.1,109.4,2.0
548,impersonator,1198.7,1637.1,2268.2,772.4,1188.3,755.2,2507.1
3981,genuine,164.0,170.0,168.0,166.0,166.0,167.0,167.0
3223,genuine,168.0,171.0,167.0,173.0,172.0,171.0,167.0
457,impersonator,2.0,13.4,238.7,230.9,12.9,128.8,2.0
440,impersonator,496.8,1.5,0.0,484.3,13.6,330.0,146.1
1517,genuine,14.1,11.9,13.2,413.5,215.7,216.8,416.7
3761,genuine,215.4,413.6,232.5,16.2,217.9,415.7,232.9
2384,genuine,171.0,175.0,175.0,175.0,171.0,172.0,173.0
475,impersonator,333.8,1491.7,2580.1,378.1,1179.8,185.9,2147.1
667,impersonator,74.7,377.3,155.4,184.1,146.9,1.0,199.3
3376,genuine,17.2,12.5,215.8,213.9,199.8,433.7,233.1
2653,genuine,432.1,15.6,230.6,233.2,433.3,16.8,432.9
227,impersonator,283.4,1.5,112.8,154.1,230.6,96.1,184.2
6,impersonator,34.0,85.8,306.7,154.1,219.4,91.9,42.6
1865,genuine,13.5,451.9,31.4,15.6,217.6,215.7,216.4
521,impersonator,276.2,232.6,665.5,320.9,161.0,127.1,2.0
222,impersonator,6.6,371.9,668.8,325.6,50.0,204.6,210.8
722,impersonator,1566.3,2526.3,812.2,61.6,2283.2,681.4,2157.3
1050,genuine,172.0,173.0,173.0,173.0,173.0,172.0,172.0
43,impersonator,14.5,33.3,203.0,57.2,24.9,212.8,100.9
900,genuine,167.0,172.0,169.0,171.0,170.0,172.0,166.0
171,impersonator,312.8,112.3,513.0,681.3,15.8,1.1,63.3
3380,genuine,169.0,171.0,169.0,173.0,175.0,167.0,164.0
4439,genuine,171.0,172.0,173.0,174.0,171.0,172.0,173.0
3974,genuine,12.2,31.4,84.8,41.2,61.2,99.3,15.1
317,impersonator,203.7,94.5,7.4,253.5,252.1,191.3,185.6
256,impersonator,160.4,287.6,342.7,69.6,1.0,159.8,166.4
2375,genuine,417.4,12.3,216.2,216.5,199.2,417.2,232.8
40,impersonator,1348.3,44.3,2155.5,1404.9,1840.7,1798.6,204.7
461,impersonator,291.1,251.2,66.7,169.6,156.6,204.5,139.0
3213,genuine,2068.5,19.5,17.8,17.5,17.7,23.5,79.9
392,impersonator,285.7,4.7,612.4,465.3,45.1,91.0,104.6
108,impersonator,125.5,1.5,601.3,666.7,356.1,187.2,114.8
2242,genuine,1596.8,626.9,16.3,21.1,16.6,17.1,21.3
290,genuine,411.3,249.9,435.8,246.9,30.8,249.7,233.8
351,impersonator,1521.0,215.1,177.1,1134.8,2252.6,2347.8,335.2
628,impersonator,40.6,739.1,114.7,212.3,222.3,11.2,34.6
3849,genuine,14.7,230.6,232.0,433.4,15.6,233.2,233.2
493,impersonator,2.0,375.8,216.9,320.7,154.0,141.9,13.4
566,impersonator,125.8,683.1,2580.7,1210.4,548.6,74.9,1991.6
3647,genuine,14.8,1376.7,202.0,20.2,17.0,819.5,21.3
476,impersonator,87.2,179.7,174.0,168.7,114.9,196.7,104.1
3273,genuine,167.0,188.0,13.0,150.0,334.0,167.0,169.0
165,impersonator,1536.2,2080.0,329.7,588.8,1766.5,1629.2,2212.0
330,impersonator,157.0,1.5,655.8,2.1,1.0,44.3,90.9
577,impersonator,73.9,178.0,476.2,2.1,366.5,1.0,2.0
570,impersonator,2.0,35.2,135.0,685.7,118.0,67.5,2.0
717,impersonator,345.5,266.8,140.9,110.5,61.3,6.5,39.2
481,impersonator,353.8,531.9,1971.1,37.0,981.1,41.0,227.2
233,impersonator,2014.6,1427.4,1270.8,1330.6,870.8,1278.9,1826.3
3954,genuine,170.0,173.0,174.0,172.0,172.0,172.0,173.0
124,impersonator,145.5,170.1,49.7,340.1,47.3,1.0,209.6
191,impersonator,37.3,101.4,949.4,244.9,161.4,146.2,83.0
444,impersonator,475.8,63.9,303.7,377.1,95.1,410.4,167.5
2898,genuine,165.0,169.0,168.0,165.0,166.0,167.0,168.0
262,impersonator,2.0,35.8,1364.4,342.7,105.8,392.2,2.0
153,impersonator,965.7,94.6,2370.3,1139.3,482.9,280.1,2365.5
227,genuine,953.3,19.0,17.4,18.1,18.4,978.9,16.3
1705,genuine,171.0,174.0,175.0,173.0,174.0,173.0,174.0
1,impersonator,357.2,21.7,346.1,458.9,259.9,99.0,91.5
2578,genuine,163.0,170.0,168.0,166.0,168.0,168.0,168.0
2290,genuine,171.0,174.0,173.0,172.0,172.0,173.0,173.0
691,impersonator,167.0,19.4,10.4,480.3,266.3,50.9,96.3
320,impersonator,502.6,54.9,0.0,181.2,405.1,69.6,2.0
191,genuine,14.8,783.2,210.3,18.7,17.2,819.9,219.7
590,impersonator,2.0,41.8,438.6,28.0,45.9,53.5,2.0
530,genuine,11.2,16.3,1004.5,18.5,12.3,16.8,16.7
263,impersonator,286.7,8.5,290.0,83.9,122.2,5.8,141.8
2797,genuine,170.0,172.0,176.0,173.0,172.0,172.0,172.0
1460,genuine,172.0,174.0,173.0,176.0,172.0,173.0,172.0
4284,genuine,225.8,230.3,433.5,16.3,16.5,216.4,199.4
291,genuine,226.6,431.4,16.5,233.1,233.2,433.7,16.4
381,impersonator,2130.4,2214.0,1278.5,500.4,379.5,1487.7,2410.0
2875,genuine,14.1,21.5,789.5,629.4,24.9,15.4,418.3
4423,genuine,228.4,233.3,232.8,432.9,16.6,233.2,233.3
1352,genuine,12.4,15.6,1163.4,16.7,17.5,17.6,20.3
520,impersonator,467.6,387.6,430.7,72.3,775.8,132.7,189.0
2545,genuine,169.0,175.0,174.0,174.0,175.0,173.0,172.0
609,impersonator,132.9,222.7,727.8,151.7,475.3,83.9,176.1
2412,genuine,17.3,16.1,16.1,16.7,1584.2,16.4,17.4
4406,genuine,13.4,16.9,580.3,203.9,9.3,15.7,819.6
138,impersonator,764.4,511.0,1633.6,1454.7,325.1,1174.7,2477.9
2044,genuine,18.1,19.4,1600.9,16.4,21.2,21.5,19.5
451,impersonator,113.8,355.8,483.3,350.6,1.0,318.4,267.2
4228,genuine,230.3,231.2,233.1,199.9,233.2,233.2,433.6
726,impersonator,2.0,177.1,385.9,4.2,117.7,126.2,2.0
2434,genuine,20.6,37.3,735.4,1474.1,18.0,18.1,17.6
561,impersonator,2.0,9.9,101.4,313.3,154.1,30.5,2.0
102,impersonator,587.6,920.7,45.5,96.3,143.4,328.8,111.2
267,impersonator,214.7,75.2,317.9,246.5,95.2,104.7,489.0
2892,genuine,172.0,175.0,175.0,174.0,173.0,173.0,174.0
3490,genuine,15.8,19.7,1807.8,21.2,16.3,18.3,18.9
668,impersonator,97.5,86.2,34.6,214.5,199.4,1.0,176.6
147,impersonator,156.3,82.0,655.7,147.4,53.1,354.8,308.7
3350,genuine,165.0,169.0,168.0,165.0,168.0,167.0,167.0
4418,genuine,69.7,89.4,88.3,29.8,18.2,36.3,151.8
3069,genuine,164.0,184.0,152.0,172.0,171.0,168.0,171.0
4191,genuine,170.0,173.0,174.0,174.0,174.0,182.0,162.0
538,impersonator,122.7,75.4,136.2,567.0,37.2,89.6,323.2
840,genuine,166.0,167.0,168.0,166.0,167.0,165.0,166.0
3883,genuine,18.0,19.1,161.9,626.7,16.2,17.2,16.3
2026,genuine,180.0,174.0,156.0,170.0,168.0,172.0,10.0
4379,genuine,170.0,174.0,175.0,171.0,172.0,175.0,174.0
667,genuine,196.4,216.6,216.4,419.5,234.1,449.4,15.8
1380,genuine,166.0,172.0,170.0,173.0,173.0,172.0,165.0
618,impersonator,2.0,207.3,26.8,198.9,43.7,22.3,2.0
720,impersonator,184.7,1355.4,231.1,108.2,13.0,206.5,182.2
2930,genuine,13.1,431.4,15.8,216.6,232.8,200.0,233.2
263,impersonator,618.3,433.1,736.6,2.1,196.7,1.0,2.0
3435,genuine,226.4,233.4,232.5,233.4,216.7,232.7,232.5
420,impersonator,2.0,47.7,336.2,190.2,144.1,217.0,2.0
694,impersonator,95.6,42.7,214.0,80.3,319.8,69.6,293.7
5,impersonator,876.8,2447.4,1208.8,54.0,1407.1,1194.1,324.2
311,impersonator,247.4,310.1,473.3,144.0,313.0,202.9,266.6
1216,genuine,196.5,215.7,416.8,433.3,16.4,433.6,16.4
327,impersonator,2.0,1.5,246.4,30.3,1.0,24.0,113.5
1246,genuine,165.0,168.0,168.0,169.0,166.0,166.0,167.0
51,impersonator,1840.2,936.5,364.8,2099.4,1725.4,788.0,1644.1
345,genuine,170.0,174.0,175.0,174.0,174.0,173.0,172.0
3202,genuine,172.0,171.0,175.0,174.0,172.0,173.0,174.0
63,impersonator,2.0,200.8,972.8,103.7,9.2,29.5,2.0
295,impersonator,312.4,706.0,132.3,292.6,130.3,324.5,50.9
630,impersonator,39.0,33.2,912.7,336.7,107.1,197.3,246.5
212,impersonator,181.4,326.9,91.1,534.1,71.8,102.0,322.3
4410,genuine,164.0,165.0,167.0,166.0,165.0,166.0,167.0
132,impersonator,21.0,2727.2,1292.4,989.4,1052.3,1228.3,975.3
28,impersonator,1596.3,1908.4,175.7,1902.4,1381.0,1583.0,434.3
386,impersonator,2.0,311.4,574.5,23.2,20.6,193.3,2.0
274,impersonator,336.5,282.8,246.7,474.6,109.4,157.2,317.8
232,impersonator,36.5,34.4,243.2,8.5,196.0,118.0,124.0
1855,genuine,224.6,232.9,435.2,15.0,233.4,232.8,433.5
4257,genuine,18.3,19.0,953.5,837.0,20.0,19.9,19.2
532,impersonator,477.8,147.4,237.6,775.4,92.8,35.8,2.0
26,impersonator,34.3,270.4,124.2,273.5,116.2,17.5,2.0
1960,genuine,1242.0,16.9,17.4,1892.6,19.5,18.7,16.6
124,genuine,8.0,159.0,4.0,328.0,9.0,323.0,331.0
150,impersonator,114.4,712.6,386.8,286.7,163.1,43.3,104.2
3030,genuine,18.8,51.0,123.8,479.6,20.5,16.8,26.0
637,impersonator,200.5,84.9,6.8,513.2,291.3,8.5,94.4
586,impersonator,2.0,85.8,87.9,9.0,88.8,37.3,2.0
3090,genuine,17.1,20.7,1171.8,624.1,25.4,18.3,18.6
2716,genuine,15.9,19.1,1005.2,171.2,18.2,16.6,16.4
3865,genuine,164.0,168.0,169.0,166.0,166.0,167.0,166.0
269,impersonator,393.0,207.4,343.0,206.1,20.9,230.5,127.8
976,genuine,171.0,172.0,175.0,174.0,173.0,172.0,172.0
196,impersonator,211.2,389.4,0.0,164.4,119.3,165.4,161.2
70,impersonator,428.2,783.3,0.0,2.1,116.9,356.5,376.5
359,impersonator,2537.7,1648.5,1036.5,1061.5,921.4,1859.7,2522.3
3637,genuine,166.0,188.0,152.0,170.0,172.0,169.0,170.0
3810,genuine,164.0,192.0,152.0,170.0,170.0,169.0,168.0
582,impersonator,502.0,263.2,56.0,217.0,241.7,33.1,160.8
190,impersonator,305.3,1.5,630.9,201.0,184.6,484.5,265.4
3079,genuine,165.0,188.0,158.0,171.0,183.0,166.0,167.0
450,impersonator,301.9,611.1,102.1,599.8,161.8,500.4,258.8
713,impersonator,206.6,319.4,224.4,2.1,176.0,196.3,172.7
151,impersonator,788.6,314.6,0.0,174.6,329.9,403.1,209.2
342,impersonator,528.4,636.4,1889.0,819.1,790.9,450.9,13.3
2569,genuine,596.7,425.9,18.4,21.2,20.7,20.5,16.2
1431,genuine,230.7,447.0,16.9,232.7,233.1,433.6,16.5
397,impersonator,50.8,1.5,907.4,405.3,400.2,97.1,58.9
274,impersonator,1233.1,561.4,1169.7,748.9,1891.5,1623.2,1031.2
746,impersonator,493.0,28.8,40.8,415.1,268.4,158.8,220.4
510,impersonator,169.7,287.1,501.5,2.1,270.9,139.1,237.7
2401,genuine,168.0,169.0,169.0,169.0,170.0,169.0,169.0
390,impersonator,2186.8,1263.7,493.2,761.0,38.6,911.3,10.5
2717,genuine,36.7,213.6,2121.7,18.2,16.1,17.2,17.8
3214,genuine,14.7,15.8,17.0,16.9,48.2,79.8,96.3
124,impersonator,375.4,62.9,56.3,255.9,15.3,46.1,63.0
475,genuine,167.0,168.0,169.0,167.0,169.0,171.0,167.0
606,impersonator,136.9,641.1,200.2,309.4,144.1,214.8,200.0
232,impersonator,135.5,2.2,227.4,2.1,169.2,164.3,232.9
4184,genuine,15.1,17.9,347.3,1256.5,18.1,18.4,805.0
3262,genuine,164.0,181.0,154.0,171.0,10.0,168.0,333.0
2579,genuine,163.0,182.0,157.0,171.0,5.0,166.0,350.0
308,impersonator,325.3,103.6,307.7,162.9,286.9,1.0,364.6
1387,genuine,163.0,179.0,157.0,169.0,171.0,171.0,169.0
3791,genuine,14.4,357.5,840.2,15.7,16.9,17.8,15.8
3724,genuine,164.0,168.0,168.0,168.0,168.0,168.0,168.0
1891,genuine,188.0,8.0,150.0,350.0,166.0,167.0,167.0
689,impersonator,292.6,1.5,915.2,307.0,172.0,34.6,153.0
605,impersonator,9.1,285.5,437.2,262.3,26.9,142.3,14.3
153,genuine,16.6,19.2,781.6,208.6,18.6,18.2,819.8
4,impersonator,2.0,258.8,41.4,50.6,198.8,197.8,2.0
422,impersonator,500.5,56.6,48.8,2.1,520.3,31.0,265.9
275,genuine,164.0,167.0,165.0,168.0,166.0,169.0,167.0
284,impersonator,2.0,190.6,176.4,583.8,1.0,40.7,18.9
202,impersonator,25.3,25.8,165.6,209.5,87.4,118.0,31.7
3240,genuine,14.1,1625.0,17.9,18.4,21.3,17.9,17.9
84,impersonator,2.0,359.2,0.0,181.8,315.1,96.8,247.4
203,impersonator,145.5,1448.7,1710.0,1078.4,110.0,2114.3,865.8
356,impersonator,21.7,72.4,450.0,115.0,251.5,230.8,79.6
2364,genuine,17.2,785.9,15.8,17.6,61.2,88.0,64.3
113,impersonator,98.8,158.9,188.0,287.6,270.0,157.0,46.8
34,impersonator,2.0,281.9,53.6,53.2,347.8,105.3,2.0
4153,genuine,226.5,449.9,32.0,233.1,232.4,450.5,15.9
2972,genuine,170.0,173.0,172.0,174.0,173.0,172.0,174.0
875,genuine,230.3,232.6,433.3,16.6,453.6,15.0,232.0
466,impersonator,2.0,68.6,110.5,192.6,151.2,42.0,2.0
2232,genuine,164.0,185.0,152.0,171.0,170.0,170.0,170.0
377,impersonator,1176.8,705.1,2378.6,175.6,841.0,2280.3,1608.3
438,impersonator,2.0,34.8,151.4,101.5,384.7,186.6,2.0
2902,genuine,231.7,198.4,232.1,232.1,433.5,16.6,433.2
3826,genuine,169.0,172.0,169.0,169.0,172.0,171.0,166.0
214,impersonator,195.2,71.2,323.7,493.6,203.8,14.9,148.0
91,impersonator,2.0,177.8,24.8,221.6,12.4,38.1,2.0
3098,genuine,229.4,232.5,449.2,32.0,233.9,450.3,15.9
500,genuine,167.0,169.0,166.0,14.0,155.0,331.0,168.0
481,impersonator,2.0,524.2,380.1,33.1,1.0,9.4,2.0
152,impersonator,62.0,10.5,1026.2,49.2,478.4,371.4,27.3
49,impersonator,1054.7,2467.4,1883.1,814.1,268.0,1869.3,1967.0
649,impersonator,2.0,56.3,650.5,404.4,6.8,1.0,2.0
665,impersonator,2.0,678.7,250.4,51.5,17.0,144.9,2.0
1433,genuine,229.6,433.2,16.0,233.1,233.2,433.4,17.1
112,impersonator,6.2,3.7,860.9,22.1,62.0,3.5,45.5
751,genuine,172.0,174.0,175.0,174.0,173.0,173.0,173.0
603,impersonator,2.0,514.0,100.7,262.8,19.4,56.6,2.0
1952,genuine,164.0,180.0,154.0,173.0,171.0,172.0,171.0
1008,genuine,163.0,181.0,157.0,170.0,168.0,170.0,172.0
40,impersonator,161.4,51.6,429.1,14.1,51.2,1.0,11.2
472,genuine,167.0,171.0,168.0,174.0,171.0,171.0,165.0
56,impersonator,2.0,636.3,113.2,247.5,370.3,290.7,2.0
461,impersonator,1811.3,2294.5,2199.8,276.2,1372.1,1155.2,1441.5
557,impersonator,2.0,181.9,8.6,51.2,473.4,285.7,2.0
491,impersonator,160.1,28.2,131.8,226.2,155.7,130.0,97.6
2303,genuine,16.7,74.6,20.6,45.8,2066.8,18.4,19.2
2460,genuine,17.4,15.0,1643.2,12.3,15.1,16.8,16.6
545,impersonator,154.4,50.1,295.8,60.9,31.1,93.6,54.7
454,impersonator,21.1,48.4,886.1,198.2,46.7,11.4,11.0
436,impersonator,30.0,15.5,508.7,137.7,47.8,13.0,174.6
74,genuine,17.6,12.8,16.5,17.2,780.5,18.0,16.9
4301,genuine,18.0,14.5,16.3,17.6,1163.4,17.9,17.3
439,genuine,165.0,166.0,168.0,169.0,169.0,166.0,165.0
2311,genuine,13.8,215.6,415.7,232.3,433.4,16.5,233.1
1760,genuine,165.0,165.0,166.0,164.0,167.0,166.0,166.0
300,impersonator,60.0,88.8,137.7,600.6,49.7,96.1,26.5
1129,genuine,1190.3,202.0,21.5,22.5,22.0,15.9,19.5
697,genuine,164.0,170.0,169.0,12.0,156.0,334.0,167.0
76,impersonator,333.8,71.5,208.2,60.0,123.0,531.6,73.1
480,impersonator,59.0,44.1,335.2,379.9,8.9,5.6,2.0
29,impersonator,2.4,126.2,27.3,471.1,12.7,95.2,2.0
235,impersonator,2.0,99.9,1012.8,5.2,188.3,11.9,2.0
818,genuine,19.4,226.1,231.7,15.4,216.4,417.3,16.2
4015,genuine,17.4,229.7,229.6,233.1,233.2,233.5,16.4
449,impersonator,2.0,77.7,403.9,24.6,148.2,242.4,2.0
357,impersonator,138.9,277.8,228.1,81.1,203.1,231.0,47.9
1906,genuine,169.0,174.0,174.0,173.0,176.0,173.0,173.0
165,impersonator,452.3,136.0,97.7,280.5,368.5,366.5,227.5
1457,genuine,430.1,16.7,233.2,16.2,216.6,199.9,633.7
37,impersonator,2.0,51.2,212.3,464.6,96.0,25.7,2.0
4172,genuine,170.0,173.0,174.0,174.0,189.0,171.0,170.0
3937,genuine,14.6,223.1,232.8,233.4,433.3,16.7,216.8
2664,genuine,16.3,19.1,1166.3,626.8,19.6,19.1,19.0
2456,genuine,20.3,1177.2,415.6,17.6,22.6,16.7,17.6
3304,genuine,164.0,186.0,157.0,169.0,171.0,171.0,168.0
2407,genuine,19.7,17.6,17.4,1172.1,16.7,18.6,17.8
53,impersonator,507.0,502.4,0.0,435.3,79.3,71.5,536.4
812,genuine,170.0,173.0,174.0,172.0,173.0,172.0,174.0
459,impersonator,1348.4,2027.5,1278.7,644.0,1982.2,1135.4,2079.1
1775,genuine,15.3,230.8,230.5,433.1,16.5,232.8,233.2
2194,genuine,98.4,1919.1,226.2,20.5,17.3,19.0,18.7
206,genuine,164.0,169.0,167.0,167.0,168.0,166.0,167.0
479,impersonator,458.7,136.1,245.4,345.0,494.5,171.5,5.9
364,impersonator,86.7,170.0,121.9,96.5,203.6,211.8,253.3
562,impersonator,2.0,42.3,54.2,226.1,460.3,35.6,2.0
718,impersonator,2.0,118.0,207.2,137.2,375.0,207.2,2.0
2756,genuine,164.0,181.0,156.0,171.0,8.0,166.0,351.0
16,impersonator,2.0,844.6,472.3,9.3,37.5,210.9,2.0
4488,genuine,164.0,184.0,156.0,169.0,169.0,171.0,168.0
8,impersonator,8.0,95.5,303.2,162.3,30.3,81.7,13.6
2929,genuine,168.0,192.0,150.0,170.0,170.0,11.0,166.0
240,genuine,165.0,168.0,166.0,16.0,152.0,329.0,166.0
579,genuine,12.9,4.2,16.7,1012.8,15.9,15.9,16.0
481,impersonator,48.1,268.9,1354.2,188.2,2.1,99.7,63.1
698,genuine,213.2,416.5,233.1,233.4,433.2,16.4,233.0
142,genuine,16.0,16.9,1805.0,22.6,16.3,18.3,19.5
492,impersonator,144.2,1.5,322.0,150.2,169.7,6.6,2.0
521,impersonator,250.6,134.1,313.0,264.1,80.9,49.9,20.2
1856,genuine,186.0,10.0,150.0,350.0,167.0,167.0,167.0
2641,genuine,16.8,25.5,69.0,1898.6,19.7,19.2,18.8
438,impersonator,734.5,213.3,23.0,258.5,48.4,20.9,211.2
2115,genuine,1358.3,16.0,16.5,15.5,396.2,15.9,17.6
3066,genuine,162.0,166.0,169.0,166.0,167.0,167.0,166.0
149,impersonator,2.0,253.2,15.9,90.9,50.4,335.3,2.0
4089,genuine,166.0,172.0,169.0,171.0,172.0,171.0,167.0
139,impersonator,204.3,143.0,189.3,2.1,138.4,73.1,132.6
991,genuine,164.0,183.0,158.0,171.0,5.0,166.0,351.0
318,impersonator,1067.4,431.1,2119.3,1397.5,536.0,1769.9,1329.2
125,impersonator,20.1,71.8,189.0,158.8,135.9,184.0,30.8
899,genuine,432.1,14.8,14.7,216.7,216.4,199.9,634.0
713,impersonator,371.0,1.5,0.0,576.7,286.8,194.9,169.9
252,genuine,169.0,169.0,170.0,169.0,169.0,168.0,167.0
1839,genuine,181.0,173.0,157.0,171.0,168.0,172.0,169.0
718,genuine,199.9,212.5,416.6,233.0,233.5,15.8,216.0
442,impersonator,2.0,643.6,13.4,503.6,269.3,125.2,2.0
472,impersonator,1268.5,1917.5,1727.9,225.3,1982.7,84.7,1967.0
3691,genuine,413.2,232.9,233.2,233.0,200.2,433.1,16.5
2355,genuine,44.9,1027.5,17.6,17.9,2066.9,18.2,17.5
23,impersonator,490.0,2038.1,2487.2,1354.1,776.1,1396.1,690.0
286,impersonator,526.2,456.9,99.7,103.7,172.8,90.4,170.8
2122,genuine,165.0,187.0,155.0,171.0,169.0,172.0,171.0
2913,genuine,164.0,182.0,158.0,173.0,4.0,165.0,351.0
748,impersonator,336.7,32.9,169.1,7.8,351.5,179.6,419.6
738,genuine,163.0,189.0,151.0,169.0,171.0,170.0,170.0
134,impersonator,2.0,61.4,281.1,54.1,142.9,67.1,2.0
522,impersonator,205.4,60.5,145.1,2.1,95.2,9.9,201.9
756,genuine,7.0,161.0,334.0,165.0,167.0,4.0,164.0
731,impersonator,1832.0,1872.5,867.5,669.5,1940.2,2256.6,2027.8
3037,genuine,164.0,168.0,167.0,165.0,167.0,166.0,168.0
723,genuine,13.5,16.9,400.7,422.2,16.4,18.5,18.8
633,impersonator,245.1,78.8,463.1,289.0,198.9,221.1,128.0
204,impersonator,1700.6,773.7,1245.4,212.7,2202.9,1163.9,884.9
1843,genuine,165.0,171.0,164.0,167.0,170.0,167.0,168.0
339,impersonator,411.8,158.9,287.3,163.1,178.2,384.2,143.8
581,impersonator,331.8,1.5,213.8,609.6,7.3,80.7,203.4
2491,genuine,172.0,172.0,174.0,172.0,173.0,173.0,172.0
733,impersonator,2.0,121.1,439.8,120.4,105.9,55.2,2.0
144,impersonator,23.1,540.4,335.3,227.7,28.1,185.8,115.5
731,genuine,16.1,19.6,16.5,18.5,18.4,82.5,18.4
2465,genuine,164.0,165.0,165.0,167.0,166.0,165.0,168.0
698,impersonator,445.1,554.4,386.0,108.0,86.6,400.6,95.4
2724,genuine,18.7,22.6,17.0,19.0,1569.8,19.0,22.0
695,genuine,11.8,11.8,232.1,214.8,198.8,417.3,233.1
624,impersonator,322.0,514.6,21.1,3.6,454.4,103.0,36.9
367,impersonator,2.0,139.2,295.8,149.9,453.1,110.0,2.4
1670,genuine,170.0,173.0,176.0,173.0,172.0,173.0,175.0
605,impersonator,2.0,1.5,223.7,39.1,169.4,1.0,58.7
291,impersonator,153.5,28.1,193.0,38.4,28.8,101.3,4.9
373,impersonator,58.7,75.3,6.6,70.9,111.2,458.1,159.9
1120,genuine,18.3,20.1,987.3,21.0,15.7,18.0,17.7
3939,genuine,166.0,168.0,168.0,165.0,167.0,168.0,169.0
4411,genuine,164.0,189.0,156.0,169.0,171.0,168.0,13.0
4084,genuine,164.0,181.0,154.0,172.0,9.0,166.0,334.0
641,impersonator,2.0,58.6,92.6,1325.1,403.2,52.2,2.0
1875,genuine,166.0,173.0,169.0,171.0,171.0,171.0,165.0
3779,genuine,431.5,14.7,233.3,232.7,433.3,15.8,233.2
2519,genuine,166.0,167.0,169.0,166.0,168.0,166.0,166.0
655,impersonator,18.9,15.5,1125.4,140.7,40.4,148.4,35.1
70,impersonator,2.0,461.6,142.5,7.1,263.4,266.0,2.0
237,impersonator,158.4,185.1,156.3,41.1,46.7,190.2,141.5
1202,genuine,166.0,168.0,167.0,168.0,166.0,169.0,168.0
3942,genuine,164.0,168.0,167.0,167.0,168.0,167.0,168.0
21,impersonator,7.3,331.2,108.2,256.9,322.3,377.3,83.2
325,impersonator,2.0,36.8,1763.3,122.1,57.7,76.2,2.0
3681,genuine,15.3,224.6,233.2,232.2,233.4,450.9,15.0
1504,genuine,15.6,14.7,17.0,1160.3,6.1,16.8,16.5
2393,genuine,6.1,205.2,56.2,83.7,62.3,45.7,96.0
39,impersonator,7.0,396.7,289.2,100.8,263.2,88.7,101.0
113,genuine,228.7,232.8,448.7,32.0,15.7,216.7,216.5
619,impersonator,139.3,147.8,0.0,242.2,202.6,140.3,428.8
594,impersonator,323.3,1.5,0.0,139.7,242.6,292.9,428.5
78,impersonator,2.0,1.7,213.9,553.2,429.6,63.6,2.0
2818,genuine,181.0,171.0,154.0,171.0,170.0,183.0,167.0
3444,genuine,168.0,171.0,170.0,172.0,172.0,172.0,164.0
3733,genuine,19.0,21.7,20.2,956.5,20.5,21.6,19.3
352,impersonator,419.8,182.3,52.2,709.8,586.8,31.6,204.1
673,impersonator,458.6,685.0,475.3,2.1,252.9,376.0,68.9
654,impersonator,1824.5,2243.6,333.8,1783.5,147.0,1521.7,745.7
44,impersonator,1815.8,91.2,2168.9,910.8,946.1,30.3,596.1
2243,genuine,165.0,170.0,167.0,168.0,166.0,166.0,169.0
2894,genuine,15.1,2.7,17.0,15.1,44.0,1381.7,16.5
4097,genuine,230.1,233.1,233.2,433.5,16.5,233.3,233.3
1696,genuine,172.0,173.0,175.0,173.0,173.0,172.0,173.0
2063,genuine,169.0,173.0,175.0,171.0,174.0,172.0,174.0
4463,genuine,19.8,15.3,592.8,16.2,17.7,21.2,17.4
389,impersonator,84.2,340.2,346.6,91.0,359.2,200.7,368.2
4183,genuine,22.3,20.0,17.9,958.3,20.5,20.7,19.8
4421,genuine,430.6,13.2,433.5,16.4,473.6,28.4,429.3
579,impersonator,821.4,1949.4,161.6,1636.7,1542.6,1889.5,1237.3
4,impersonator,235.1,293.3,310.4,33.4,109.7,136.5,643.5
374,impersonator,1608.3,2124.6,1427.1,73.3,355.8,72.4,1069.0
2455,genuine,180.0,174.0,158.0,172.0,169.0,10.0,166.0
1043,genuine,169.0,174.0,173.0,173.0,173.0,172.0,173.0
1531,genuine,166.0,174.0,168.0,170.0,172.0,169.0,165.0
609,impersonator,163.8,286.5,759.8,93.9,240.2,289.6,58.3
2,impersonator,110.8,520.5,199.9,248.4,267.1,440.2,161.2
12,genuine,41.3,1850.5,20.3,18.3,20.1,19.4,19.7
1564,genuine,166.0,168.0,167.0,168.0,166.0,168.0,165.0
589,impersonator,2334.7,2674.7,344.5,445.9,2102.8,2216.9,841.0
1568,genuine,227.5,450.3,30.6,232.9,234.0,232.7,450.4
4175,genuine,16.3,142.7,1259.0,19.0,16.7,16.6,16.7
1982,genuine,170.0,173.0,174.0,173.0,173.0,172.0,171.0
4034,genuine,19.7,16.1,803.3,16.7,20.1,18.8,19.6
3119,genuine,163.0,164.0,167.0,166.0,165.0,165.0,164.0
2055,genuine,225.5,217.3,448.2,14.7,450.8,15.5,435.4
1867,genuine,169.0,188.0,9.0,150.0,349.0,167.0,166.0
59,impersonator,1123.0,1210.0,127.7,560.1,2196.5,1900.6,2258.5
749,impersonator,7.6,1.5,533.2,400.5,628.4,159.3,240.1
1567,genuine,163.0,167.0,166.0,184.0,167.0,167.0,165.0
681,impersonator,37.9,152.3,781.5,646.6,18.4,189.8,432.2
3657,genuine,16.5,1407.8,22.1,17.3,19.1,20.2,18.1
114,impersonator,9.9,60.1,270.3,25.5,27.7,222.9,158.7
3151,genuine,171.0,172.0,175.0,173.0,175.0,174.0,174.0
701,impersonator,2.0,37.5,777.4,48.0,54.0,43.2,2.0
568,impersonator,122.4,7.3,354.6,405.5,14.3,28.9,23.9
218,impersonator,90.9,117.8,386.1,162.5,200.6,274.5,256.9
49,impersonator,214.0,1.5,177.7,364.5,573.3,1.9,33.0
567,impersonator,2.0,16.0,721.5,455.2,100.6,62.2,2.0
2420,genuine,412.9,233.1,433.2,17.0,232.7,233.7,232.4
1678,genuine,230.9,432.1,16.7,233.0,232.2,233.4,433.1
673,impersonator,169.1,8.0,18.3,190.5,172.0,274.6,265.7
3993,genuine,11.9,18.5,970.6,17.6,17.3,821.2,16.9
3664,genuine,163.0,177.0,158.0,170.0,170.0,170.0,171.0
4145,genuine,172.0,172.0,174.0,175.0,173.0,173.0,173.0
317,impersonator,2.0,191.0,170.3,110.3,71.1,162.9,2.0
563,impersonator,206.2,487.2,0.0,91.1,185.0,187.8,446.1
1086,genuine,164.0,168.0,167.0,166.0,167.0,167.0,166.0
191,impersonator,50.8,47.7,680.1,342.2,175.9,108.6,60.1
1983,genuine,17.6,20.5,970.6,632.6,20.8,17.8,19.3
806,genuine,227.9,232.4,450.5,32.0,233.2,232.3,434.2
3700,genuine,211.1,217.0,614.8,19.4,10.9,432.2,233.3
178,impersonator,2.0,208.1,110.9,307.5,11.0,380.3,40.9
2306,genuine,230.0,233.8,29.9,216.3,416.8,232.9,450.4
678,genuine,18.3,1777.5,23.6,15.8,19.1,18.6,18.7
1318,genuine,166.0,168.0,167.0,168.0,168.0,168.0,168.0
661,impersonator,342.1,363.0,291.3,144.5,166.5,483.9,479.3
2754,genuine,24.6,542.6,16.6,54.6,1619.5,16.1,16.1
83,impersonator,113.8,62.4,478.4,215.5,162.9,179.7,439.3
2793,genuine,169.0,171.0,169.0,171.0,172.0,170.0,167.0
538,impersonator,2.0,95.7,535.3,32.1,50.5,141.0,2.0
232,impersonator,493.4,1.5,233.1,481.9,320.2,175.1,43.7
428,impersonator,646.6,645.2,144.0,49.9,151.0,387.6,224.9
194,impersonator,396.7,247.7,578.3,644.0,259.9,1.0,57.9
27,impersonator,252.8,237.9,441.3,2.1,225.8,48.1,403.0
138,impersonator,132.7,235.8,238.2,648.5,439.9,162.1,24.8
4197,genuine,15.9,18.7,13.5,48.1,41.5,39.2,98.7
3332,genuine,33.7,1039.4,17.8,18.1,2297.2,19.3,20.1
208,impersonator,1252.1,245.7,102.0,42.7,47.8,50.7,190.4
677,impersonator,2.0,1.5,275.5,397.5,1.0,138.4,243.4
1484,genuine,163.0,164.0,169.0,165.0,166.0,168.0,166.0
610,impersonator,228.2,178.1,161.2,352.4,420.2,237.0,261.8
229,impersonator,28.1,245.7,238.3,366.8,1.8,2.5,36.6
1520,genuine,13.9,18.5,19.3,19.0,1130.5,18.7,19.2
4221,genuine,18.9,57.6,145.3,86.1,63.9,60.3,75.9
6,impersonator,2.0,147.0,234.8,244.0,95.5,31.2,2.0
533,impersonator,8.7,333.2,939.8,322.3,252.9,4.4,47.2
2826,genuine,65.8,2027.3,17.0,18.9,195.4,22.0,19.0
4024,genuine,13.1,17.3,73.2,32.6,66.9,80.3,62.3
6,genuine,163.0,179.0,157.0,169.0,168.0,169.0,169.0
654,impersonator,88.4,105.6,5.9,526.3,355.7,54.0,43.4
507,impersonator,2.0,86.2,80.9,129.5,216.8,27.7,2.0
445,impersonator,180.5,125.2,719.6,730.7,70.5,245.1,328.0
783,genuine,331.0,184.0,154.0,172.0,170.0,171.0,168.0
2932,genuine,169.0,172.0,176.0,172.0,174.0,174.0,172.0
3860,genuine,167.0,173.0,169.0,172.0,170.0,171.0,165.0
353,impersonator,289.1,1.5,886.2,543.5,87.5,262.0,162.9
3208,genuine,16.3,13.6,17.9,17.5,34.4,64.0,43.9
8,genuine,163.0,166.0,169.0,166.0,167.0,166.0,166.0
65,impersonator,2.0,459.5,490.8,127.3,23.4,126.3,353.2
3071,genuine,214.5,198.4,433.4,233.1,433.4,16.9,233.0
2565,genuine,17.7,17.1,1170.4,406.3,16.8,18.3,19.5
1702,genuine,168.0,172.0,169.0,170.0,170.0,171.0,165.0
3426,genuine,13.1,235.1,232.9,451.4,15.5,232.1,450.1
320,impersonator,2.0,446.2,9.2,145.4,293.5,35.9,2.0
517,genuine,230.7,249.0,450.2,32.6,233.8,450.1,232.9
277,impersonator,2.0,51.3,151.3,390.4,576.8,85.5,2.0
3445,genuine,1226.5,15.8,17.4,1877.8,20.7,13.4,16.7
993,genuine,461.8,45.8,253.7,248.3,248.3,217.1,31.0
639,impersonator,268.9,562.9,383.5,41.4,45.7,187.2,30.3
1136,genuine,166.0,168.0,167.0,167.0,165.0,168.0,167.0
733,impersonator,154.6,120.0,327.7,275.7,336.2,124.7,400.6
274,impersonator,158.2,203.7,289.8,160.2,136.4,155.8,157.1
4479,genuine,205.0,140.0,153.0,170.0,171.0,11.0,169.0
4235,genuine,163.0,176.0,158.0,171.0,171.0,8.0,166.0
3616,genuine,166.0,172.0,171.0,172.0,171.0,170.0,167.0
2542,genuine,223.8,232.7,233.1,199.4,233.5,233.1,433.2
705,impersonator,328.0,444.6,148.0,610.1,162.6,205.1,68.8
715,impersonator,66.2,1.5,355.2,91.7,104.7,34.6,13.8
82,impersonator,20.5,117.0,706.3,474.6,5.2,98.9,198.5
284,impersonator,40.8,37.2,614.5,436.9,101.1,78.9,28.4
387,impersonator,891.1,212.2,2289.3,2135.3,499.2,484.8,251.1
1390,genuine,14.7,229.8,233.4,232.7,433.5,16.5,233.0
2190,genuine,235.1,227.2,433.3,16.6,233.3,234.0,432.8
3766,genuine,225.6,234.2,449.6,16.3,232.7,451.3,15.6
631,impersonator,2.0,507.0,462.5,224.5,1.0,137.5,150.0
1771,genuine,17.4,15.8,1423.0,19.3,17.0,18.7,20.3
237,genuine,165.0,186.0,152.0,170.0,168.0,171.0,168.0
645,impersonator,45.6,85.6,50.1,149.7,177.2,114.8,7.7
336,impersonator,1997.7,1550.3,1045.6,1031.7,1063.2,170.6,1045.4
175,impersonator,2.0,469.2,217.3,256.7,40.3,50.4,2.0
1700,genuine,167.0,173.0,170.0,171.0,173.0,171.0,168.0
4316,genuine,169.0,174.0,174.0,173.0,174.0,173.0,174.0
1001,genuine,194.4,431.4,234.7,231.9,453.6,11.8,450.7
423,impersonator,250.2,31.8,666.7,18.9,131.1,207.7,507.3
455,impersonator,9.5,746.1,1014.3,1256.3,330.9,451.1,929.0
4309,genuine,163.0,180.0,157.0,172.0,168.0,171.0,171.0
371,genuine,15.6,14.4,1020.0,8.7,17.6,16.3,16.4
2495,genuine,9.4,1468.8,14.6,1038.6,15.1,16.8,62.5
184,impersonator,93.4,105.0,222.0,518.6,113.7,388.9,289.4
3519,genuine,164.0,182.0,156.0,172.0,6.0,166.0,350.0
2645,genuine,165.0,169.0,165.0,167.0,169.0,167.0,168.0
826,genuine,1179.3,18.6,18.3,393.8,18.2,19.0,19.0
740,impersonator,2.0,31.7,674.7,181.7,19.8,225.5,2.0
2967,genuine,169.0,172.0,170.0,171.0,173.0,172.0,166.0
402,genuine,165.0,169.0,166.0,165.0,167.0,169.0,168.0
4252,genuine,15.5,14.5,17.5,16.3,775.1,16.7,16.5
464,impersonator,205.5,456.9,65.7,68.6,310.1,57.5,230.6
4130,genuine,170.0,175.0,175.0,173.0,173.0,172.0,174.0
359,impersonator,44.3,417.5,52.0,46.0,723.5,339.8,156.9
3253,genuine,18.0,14.1,19.4,18.3,20.1,50.4,31.5
1402,genuine,430.3,15.4,231.7,233.1,233.3,433.2,17.0
2949,genuine,13.5,13.3,210.2,216.3,216.5,416.4,233.0
4285,genuine,165.0,169.0,165.0,166.0,168.0,167.0,167.0
1784,genuine,16.2,20.8,18.0,1389.6,19.0,19.6,18.2
1160,genuine,1578.7,24.0,16.1,19.8,20.9,18.9,18.4
920,genuine,415.3,229.8,233.1,433.4,16.5,233.0,233.2
342,impersonator,9.4,138.8,196.5,177.9,1.0,29.5,2.0
19,impersonator,92.0,201.9,13.1,955.9,438.8,728.6,188.8
1196,genuine,36.7,381.8,1686.2,17.3,17.9,17.0,25.9
408,impersonator,397.8,298.4,35.5,428.2,134.9,208.5,233.4
617,impersonator,2.0,98.4,1182.0,377.0,45.7,16.5,2.0
220,genuine,171.0,175.0,175.0,173.0,173.0,171.0,175.0
368,impersonator,433.2,250.1,55.1,243.1,1.0,1.0,286.7
4178,genuine,165.0,169.0,169.0,169.0,182.0,159.0,170.0
398,impersonator,2.0,1.5,515.1,219.2,84.0,133.9,244.7
2590,genuine,170.0,175.0,175.0,171.0,174.0,173.0,173.0
3788,genuine,17.8,20.9,300.9,1473.3,19.6,19.7,19.6
391,impersonator,1809.1,1899.6,2163.7,782.0,615.0,914.4,2055.9
364,genuine,16.6,335.4,18.3,61.2,67.8,61.8,37.8
327,impersonator,4.9,5.7,453.7,33.8,17.1,33.9,39.7
655,impersonator,2.0,1.5,1326.9,243.8,147.6,203.5,2.0
306,impersonator,347.1,206.8,424.8,652.9,108.5,377.8,318.7
225,impersonator,898.1,1.5,288.3,432.3,17.3,1.0,387.9
1281,genuine,429.1,16.2,232.9,233.3,233.2,233.4,16.2
4258,genuine,163.0,169.0,169.0,168.0,168.0,165.0,167.0
3864,genuine,171.0,191.0,161.0,179.0,2.0,179.0,9.0
130,genuine,227.9,14.0,216.8,216.2,632.9,15.4,233.7
302,genuine,166.0,168.0,167.0,166.0,167.0,168.0,167.0
747,impersonator,29.1,89.3,2628.3,2078.3,1818.9,556.2,268.1
205,impersonator,1278.1,856.8,2159.0,202.3,969.6,746.6,1508.0
1790,genuine,14.4,15.8,149.4,846.5,16.7,17.5,16.1
4202,genuine,98.7,907.0,16.7,16.7,16.9,18.0,17.2
159,impersonator,2.0,176.4,100.3,123.9,1.0,1.0,29.7
79,impersonator,191.3,265.0,4.5,785.1,228.1,223.3,34.3
235,genuine,915.4,17.8,19.6,17.8,18.3,2253.9,15.3
449,impersonator,127.4,554.5,512.2,43.9,1.0,367.2,8.8
2340,genuine,228.6,232.8,233.1,233.3,433.4,19.0,230.6
324,impersonator,295.1,48.8,235.8,431.9,7.2,174.5,258.2
1108,genuine,170.0,173.0,174.0,171.0,173.0,172.0,173.0
1232,genuine,169.0,174.0,174.0,174.0,171.0,172.0,175.0
4355,genuine,16.4,19.7,1795.6,18.7,18.5,19.3,22.2
298,impersonator,54.9,348.3,89.1,451.1,436.7,204.4,93.6
576,impersonator,26.2,156.0,640.8,372.2,8.0,2.0,18.6
862,genuine,18.1,16.1,40.1,926.9,17.4,18.0,17.8
1361,genuine,17.1,14.4,1197.3,19.3,16.7,626.7,14.6
533,impersonator,2.0,1.5,738.9,196.0,261.6,1.0,7.9
4481,genuine,13.4,232.2,233.0,233.0,233.0,233.3,16.3
3326,genuine,430.7,15.7,231.8,233.1,433.5,16.4,233.4
710,impersonator,249.1,1.5,156.4,779.5,194.3,210.2,165.4
1370,genuine,19.7,20.8,21.4,1380.5,20.5,20.7,20.6
1481,genuine,165.0,171.0,168.0,170.0,171.0,171.0,168.0
406,impersonator,32.0,110.7,940.2,260.3,141.4,333.4,267.9
730,genuine,15.3,16.6,1795.1,19.7,16.6,17.5,18.0
571,impersonator,196.9,131.0,296.9,142.4,248.3,420.7,398.1
555,genuine,18.7,19.5,540.3,1048.4,22.4,19.4,20.6
259,impersonator,1052.0,2698.1,393.2,785.3,1647.8,650.7,482.8
49,impersonator,276.1,155.4,108.4,81.9,157.0,70.3,168.2
1774,genuine,823.0,391.1,17.2,18.1,19.4,18.9,19.0
730,impersonator,2.0,373.3,19.6,118.9,244.5,164.6,2.0
1201,genuine,163.0,187.0,154.0,171.0,172.0,170.0,171.0
589,impersonator,455.4,392.7,4.0,100.7,174.7,208.0,589.4
3987,genuine,141.0,174.0,173.0,171.0,172.0,174.0,171.0
12,impersonator,2.0,205.3,22.1,163.1,221.0,168.6,31.0
2462,genuine,226.0,450.3,33.0,232.8,232.7,449.7,16.9
2657,genuine,163.0,168.0,171.0,170.0,168.0,168.0,170.0
384,impersonator,2.0,40.8,394.8,455.7,20.8,83.0,2.0
616,impersonator,34.3,27.8,849.6,230.3,118.2,44.8,39.6
910,genuine,1677.1,15.9,17.8,18.1,31.0,1818.5,19.3
2396,genuine,15.0,20.2,1199.9,18.4,17.0,18.7,17.8
1,impersonator,30.6,174.9,326.7,460.9,1.0,231.7,157.2
2526,genuine,19.5,20.3,128.9,1478.0,14.0,15.5,16.6
4275,genuine,229.6,232.3,450.7,31.7,233.7,450.2,15.9
1881,genuine,169.0,174.0,173.0,175.0,172.0,175.0,171.0
351,impersonator,524.7,270.6,211.6,613.4,173.8,92.3,819.8
494,impersonator,2.0,207.4,237.5,262.9,223.5,197.1,417.8
225,genuine,169.0,175.0,173.0,173.0,174.0,171.0,173.0
2706,genuine,166.0,167.0,167.0,12.0,155.0,334.0,166.0
3182,genuine,165.0,168.0,166.0,167.0,167.0,169.0,169.0
1173,genuine,1062.6,201.4,17.6,20.1,17.3,19.7,18.4
3484,genuine,167.0,171.0,168.0,171.0,171.0,169.0,168.0
3408,genuine,14.9,16.3,1625.9,16.3,16.1,206.3,16.1
1027,genuine,165.0,167.0,10.0,158.0,332.0,168.0,167.0
695,impersonator,2156.0,2327.8,1064.8,1419.8,1227.9,991.6,715.6
560,genuine,15.2,1386.9,19.4,18.9,817.0,17.3,17.3
2171,genuine,180.0,182.0,149.0,170.0,171.0,11.0,166.0
4003,genuine,430.4,16.4,233.1,232.4,433.7,16.6,432.9
735,impersonator,1082.9,837.3,449.2,952.7,1315.0,798.9,1653.8
516,impersonator,218.5,32.2,27.6,5.4,73.5,219.3,349.5
150,impersonator,100.3,303.4,425.2,47.1,164.1,15.1,56.2
431,impersonator,28.2,664.7,274.3,109.5,4.5,39.1,9.6
2768,genuine,169.0,172.0,169.0,169.0,172.0,172.0,166.0
443,genuine,171.0,174.0,172.0,174.0,172.0,174.0,175.0
2995,genuine,170.0,173.0,175.0,173.0,174.0,172.0,172.0
84,genuine,227.1,233.9,29.7,200.2,216.2,417.7,233.0
2678,genuine,164.0,167.0,182.0,168.0,166.0,167.0,166.0
43,impersonator,348.5,1.5,755.3,290.6,109.3,362.0,129.3
3900,genuine,20.3,28.0,22.8,544.8,19.3,17.5,17.7
729,genuine,40.8,63.4,2272.2,12.6,88.0,72.5,64.1
600,impersonator,2.0,337.8,619.1,596.6,1.0,1.0,12.2
3833,genuine,14.6,231.9,230.2,433.3,16.4,233.2,233.3
715,impersonator,2.0,192.0,341.8,414.0,78.4,43.5,2.0
2812,genuine,163.0,179.0,158.0,171.0,168.0,171.0,171.0
435,impersonator,852.5,2594.6,107.2,637.0,1962.1,602.7,527.9
662,impersonator,491.8,1.5,160.6,482.0,97.7,1.0,283.6
600,impersonator,54.1,842.8,1749.3,726.2,48.3,518.8,44.4
498,impersonator,2.0,460.0,43.8,85.0,104.3,195.6,3.8
1974,genuine,166.0,169.0,169.0,167.0,165.0,166.0,168.0
183,impersonator,64.2,109.0,800.2,840.8,102.3,66.0,38.3
4136,genuine,165.0,168.0,167.0,166.0,167.0,168.0,169.0
1209,genuine,12.6,1185.7,14.4,402.3,14.6,17.2,17.2
713,impersonator,1766.2,2056.8,2043.6,59.7,1103.7,1630.6,2168.0
366,impersonator,2.0,660.5,1928.5,2.1,199.7,232.3,474.1
281,genuine,164.0,167.0,168.0,15.0,153.0,330.0,165.0
485,impersonator,70.8,209.0,212.6,88.7,7.7,68.1,25.6
1939,genuine,165.0,166.0,168.0,164.0,167.0,169.0,167.0
671,genuine,12.9,443.3,23.6,247.2,426.3,231.0,26.2
3429,genuine,19.1,19.9,961.8,632.7,21.1,17.6,19.5
1975,genuine,16.1,15.2,212.1,216.2,417.1,233.0,233.0
439,impersonator,2.0,1.5,561.6,707.8,152.0,1.0,122.7
723,impersonator,18.7,1657.0,0.0,223.2,216.2,145.2,444.9
534,genuine,171.0,175.0,173.0,172.0,172.0,175.0,174.0
544,impersonator,244.3,1.5,0.0,239.9,240.6,473.2,274.5
2048,genuine,15.8,19.8,25.9,78.5,57.5,15.1,127.7
3583,genuine,171.0,174.0,173.0,173.0,174.0,172.0,174.0
539,genuine,165.0,166.0,169.0,166.0,167.0,167.0,167.0
3669,genuine,172.0,172.0,174.0,174.0,173.0,171.0,173.0
740,impersonator,25.7,153.0,820.8,479.4,1.0,232.4,327.1
1554,genuine,155.0,333.0,167.0,164.0,166.0,166.0,168.0
2841,genuine,13.9,1199.1,15.9,424.2,18.3,16.6,16.7
1715,genuine,167.0,168.0,170.0,169.0,166.0,168.0,167.0
555,impersonator,271.4,595.0,10.5,86.1,276.9,80.5,285.7
1551,genuine,230.7,432.7,16.8,232.9,233.1,433.5,16.2
4269,genuine,171.0,172.0,176.0,174.0,173.0,171.0,174.0
410,genuine,17.7,16.5,338.7,1261.1,16.5,17.5,17.6
734,impersonator,2.0,410.8,341.4,100.0,144.1,8.9,2.0
1362,genuine,230.6,433.2,16.3,233.1,233.3,433.4,17.1
693,impersonator,1327.3,2057.0,1914.4,411.3,1748.8,1849.7,2326.5
681,impersonator,5.4,241.0,389.4,716.0,8.5,65.5,175.9
269,genuine,15.9,17.3,142.8,1270.1,15.7,17.3,15.6
661,genuine,15.7,22.5,1194.9,20.9,16.0,16.6,17.4
578,impersonator,60.1,123.9,223.2,144.8,121.3,83.2,89.1
331,impersonator,122.1,295.2,870.0,237.8,11.5,94.1,164.5
678,impersonator,2545.1,530.8,318.0,1935.3,1440.8,2256.1,1725.7
2868,genuine,16.3,18.0,24.6,1149.7,2.7,17.6,1039.2
774,genuine,165.0,14.0,153.0,334.0,169.0,166.0,167.0
3743,genuine,15.5,17.3,400.3,422.6,16.7,19.2,19.2
555,impersonator,299.4,500.4,149.3,47.4,414.3,160.8,483.3
2994,genuine,16.5,621.8,400.2,17.8,21.8,20.0,20.6
3460,genuine,11.7,2747.3,19.3,13.8,28.0,62.7,88.6
3126,genuine,171.0,175.0,177.0,173.0,172.0,171.0,173.0
515,impersonator,2.0,534.5,28.0,334.0,363.6,241.4,2.0
488,impersonator,216.9,430.5,2114.7,2013.4,223.0,364.6,1556.5
517,impersonator,196.1,434.0,152.9,152.1,27.7,166.7,185.9
577,impersonator,614.6,1541.1,1107.6,1915.0,361.1,1486.4,1607.6
112,impersonator,279.3,605.5,2675.8,1512.8,177.0,842.9,669.6
3776,genuine,164.0,167.0,166.0,16.0,151.0,332.0,168.0
653,impersonator,484.5,298.5,518.4,161.2,1.0,411.2,2.0
155,impersonator,226.3,256.6,1742.1,2.1,148.3,214.3,6.3
439,impersonator,132.0,260.6,757.2,132.0,60.8,16.5,96.7
34,impersonator,461.5,441.6,74.8,309.7,185.2,187.9,87.7
117,impersonator,75.7,124.7,20.6,252.8,85.3,62.0,9.5
233,impersonator,61.4,58.6,95.1,260.5,400.2,203.2,144.6
2235,genuine,172.0,172.0,174.0,173.0,174.0,172.0,174.0
911,genuine,16.9,15.9,52.7,66.5,1697.9,18.4,19.3
748,impersonator,225.1,173.2,232.5,14.0,131.8,260.3,655.1
2244,genuine,171.0,172.0,174.0,173.0,173.0,174.0,173.0
405,impersonator,122.8,414.4,1022.6,134.8,43.2,664.3,86.6
322,genuine,164.0,183.0,155.0,170.0,172.0,171.0,169.0
3032,genuine,186.0,11.0,149.0,350.0,166.0,167.0,166.0
445,impersonator,10.3,161.2,342.7,340.7,173.5,25.8,18.4
592,impersonator,8.2,1.5,165.4,218.3,76.8,161.9,176.5
4074,genuine,413.9,232.4,233.1,433.3,16.9,233.1,232.9
4244,genuine,15.1,232.3,229.7,433.3,15.4,233.5,433.1
3998,genuine,164.0,175.0,157.0,170.0,170.0,170.0,169.0
248,impersonator,2501.4,2595.7,149.6,1858.7,2105.4,1070.5,868.6
2764,genuine,165.0,166.0,167.0,167.0,167.0,167.0,169.0
3189,genuine,169.0,189.0,9.0,151.0,332.0,169.0,169.0
730,impersonator,1307.8,1539.3,1054.7,1105.0,1797.8,2207.2,2406.3
858,genuine,17.1,18.3,1587.4,20.0,19.5,20.2,20.1
3355,genuine,13.1,14.0,957.9,834.4,22.3,17.3,19.0
34,genuine,17.2,33.0,1575.0,237.2,19.7,17.8,17.8
3645,genuine,14.9,1185.2,620.0,18.2,16.9,19.9,17.0
2179,genuine,164.0,182.0,157.0,172.0,6.0,167.0,349.0
2635,genuine,119.0,172.0,347.0,12.0,181.0,183.0,178.0
3671,genuine,166.0,169.0,169.0,169.0,168.0,168.0,170.0
735,impersonator,91.4,222.3,215.2,281.7,199.2,163.2,131.3
413,impersonator,279.3,53.7,987.9,467.2,19.6,153.4,2.0
610,impersonator,178.2,162.3,181.7,230.7,171.3,365.7,153.7
2385,genuine,18.1,16.7,986.8,15.6,16.0,19.1,18.9
711,impersonator,671.4,662.2,918.3,654.3,2078.8,1248.9,2261.1
430,impersonator,465.5,568.4,204.9,19.7,166.8,497.8,108.2
316,impersonator,186.2,198.3,386.8,186.7,82.7,1.0,211.9
109,impersonator,11.1,145.1,689.1,94.5,101.4,32.2,472.5
2318,genuine,19.6,1579.1,20.2,16.6,16.7,16.9,16.9
497,impersonator,283.5,737.1,12.3,125.1,743.3,168.0,599.7
732,impersonator,2.0,31.9,517.3,95.3,2.1,129.7,2.0
523,impersonator,29.5,237.5,82.0,303.5,128.9,122.9,248.9
4041,genuine,169.0,167.0,168.0,169.0,183.0,157.0,171.0
741,genuine,229.3,232.9,16.3,215.9,417.4,232.9,432.7
9,impersonator,57.8,106.9,80.4,333.3,177.9,2.2,5.8
861,genuine,18.0,16.9,977.7,632.9,19.2,229.1,19.5
447,impersonator,142.9,1.5,151.2,793.0,119.7,182.6,2.0
421,impersonator,89.5,536.5,464.9,256.7,120.9,157.9,123.9
3476,genuine,18.4,17.9,1162.0,631.4,20.6,16.5,18.5
1189,genuine,180.0,177.0,154.0,171.0,169.0,13.0,166.0
451,impersonator,159.4,66.2,294.7,413.1,53.1,296.5,253.4
455,impersonator,356.5,37.1,966.2,477.3,210.9,43.2,24.4
4494,genuine,412.8,15.6,216.7,199.9,433.7,433.5,15.1
811,genuine,17.0,17.3,781.6,630.8,19.0,17.1,15.9
256,genuine,168.0,188.0,157.0,171.0,170.0,168.0,13.0
12,impersonator,27.2,252.0,107.6,241.5,26.4,512.6,25.9
3147,genuine,232.1,229.2,217.1,16.3,216.4,216.6,199.7
263,impersonator,241.9,1.5,454.0,226.2,41.8,1.0,425.1
535,impersonator,250.6,401.6,362.4,53.8,413.7,285.1,336.6
202,impersonator,1165.9,1340.1,1932.0,1715.1,579.1,331.4,1161.8
1544,genuine,166.0,166.0,167.0,8.0,157.0,333.0,169.0
159,impersonator,64.8,88.6,311.1,124.2,1.4,33.5,24.8
614,impersonator,2.0,86.4,205.1,336.2,32.2,196.7,2.0
529,impersonator,116.7,842.7,48.5,42.9,224.6,162.4,233.9
385,impersonator,172.3,529.4,29.6,97.7,972.3,178.4,701.0
689,genuine,17.0,17.5,25.0,1381.0,17.8,19.0,18.8
3497,genuine,18.5,14.3,778.4,421.6,15.4,18.1,17.9
57,impersonator,90.9,1.5,0.0,496.6,1.0,438.5,640.0
3042,genuine,170.0,173.0,175.0,173.0,173.0,174.0,173.0
3480,genuine,430.3,16.4,232.4,233.4,433.6,16.7,233.3
2269,genuine,164.0,166.0,169.0,166.0,167.0,164.0,167.0
467,impersonator,2.0,156.7,294.6,231.3,68.3,199.4,2.0
260,genuine,166.0,167.0,169.0,168.0,167.0,167.0,168.0
189,impersonator,5.4,240.2,801.8,180.3,57.9,131.7,78.0
197,impersonator,86.0,1374.3,53.6,2.1,108.8,431.2,30.5
2388,genuine,13.4,15.7,224.2,199.2,417.0,233.1,432.7
2329,genuine,15.2,232.4,228.5,16.3,216.4,199.7,433.9
100,impersonator,2126.7,104.9,1242.9,378.5,557.2,539.8,276.8
352,impersonator,447.4,135.5,324.3,312.3,730.8,62.4,403.9
419,impersonator,287.4,413.8,223.7,18.1,350.6,228.0,328.1
327,impersonator,18.8,94.2,290.7,271.5,15.6,47.4,18.8
201,impersonator,644.4,944.3,2389.6,1536.2,377.0,1209.0,148.4
506,impersonator,2.0,43.9,34.5,615.1,6.4,168.9,2.0
2033,genuine,21.7,100.3,71.9,1437.5,19.2,19.7,18.0
203,impersonator,2.0,98.6,281.6,86.6,377.2,5.4,2.0
355,impersonator,2.0,102.3,58.8,72.1,92.9,10.6,2.0
39,impersonator,160.6,73.1,224.5,40.2,200.7,202.2,2.0
2100,genuine,20.0,19.3,1023.6,20.2,17.7,20.4,20.1
596,impersonator,2429.6,894.7,1286.4,1045.5,43.2,605.6,43.6
48,impersonator,1270.1,1733.2,1225.3,1091.7,1052.3,1660.8,2132.2
465,impersonator,219.0,174.3,312.7,55.8,404.9,392.3,200.8
1487,genuine,172.0,173.0,174.0,173.0,173.0,172.0,174.0
225,impersonator,1035.2,215.1,964.1,2.1,21.6,34.1,105.7
3277,genuine,224.7,232.0,433.3,15.5,233.5,233.4,16.6
399,impersonator,735.5,966.9,2220.2,11.7,1173.3,1530.8,235.0
70,impersonator,398.9,214.7,40.9,278.9,346.9,395.3,761.5
595,impersonator,343.0,220.6,38.9,265.5,93.9,55.4,88.5
758,genuine,164.0,168.0,165.0,4.0,163.0,3.0,327.0
189,impersonator,2.0,121.9,615.4,390.3,41.3,48.7,2.0
3398,genuine,163.0,189.0,153.0,171.0,170.0,171.0,169.0
1859,genuine,166.0,174.0,171.0,170.0,171.0,171.0,165.0
236,impersonator,435.2,294.0,510.2,120.4,78.5,168.2,41.2
4152,genuine,15.2,15.6,1409.1,415.8,18.5,18.0,20.5
554,genuine,164.0,166.0,166.0,166.0,166.0,168.0,164.0
330,impersonator,13.8,254.1,661.9,768.7,184.6,167.1,103.4
247,impersonator,102.3,260.9,0.0,302.7,92.7,155.7,201.2
601,genuine,165.0,169.0,168.0,165.0,166.0,166.0,168.0
1601,genuine,164.0,180.0,154.0,172.0,170.0,171.0,170.0
4474,genuine,417.6,228.0,16.3,216.4,199.9,433.4,233.2
3131,genuine,209.9,418.5,232.6,449.9,31.3,233.5,450.1
3164,genuine,172.0,173.0,175.0,171.0,171.0,172.0,174.0
643,impersonator,100.6,291.2,0.0,676.2,49.1,227.3,222.5
276,impersonator,43.3,4.4,705.8,98.4,273.2,2.4,2.1
679,impersonator,276.8,125.0,535.9,6.5,38.1,34.5,27.6
687,impersonator,2.0,77.6,18.4,1135.5,71.8,106.7,2.0
927,genuine,431.0,15.7,15.2,216.4,216.7,199.8,216.6
3166,genuine,15.2,787.7,16.0,17.0,17.4,55.3,93.5
1692,genuine,37.2,197.2,199.6,216.6,416.8,233.3,233.2
2436,genuine,164.0,167.0,166.0,168.0,168.0,167.0,166.0
439,impersonator,2.0,16.0,268.5,505.4,119.2,29.6,2.0
3673,genuine,412.4,232.8,433.6,16.9,15.6,417.3,15.4
4220,genuine,171.0,174.0,175.0,174.0,172.0,174.0,174.0
591,impersonator,58.6,219.6,223.1,433.3,104.4,69.4,344.1
3653,genuine,19.0,12.6,19.2,20.0,938.3,18.6,18.7
3696,genuine,164.0,178.0,159.0,168.0,170.0,171.0,170.0
404,impersonator,87.1,203.6,428.9,148.2,271.6,64.7,117.6
498,impersonator,159.9,689.2,73.3,92.7,195.2,34.3,1116.7
45,impersonator,31.8,11.2,627.8,248.5,226.4,21.1,184.6
571,impersonator,2199.1,1252.7,1579.2,984.9,1947.0,2010.2,2445.1
96,impersonator,290.3,139.3,775.0,408.1,21.7,38.1,84.2
4459,genuine,169.0,174.0,174.0,173.0,173.0,171.0,173.0
515,impersonator,417.0,943.2,155.4,174.6,261.2,212.7,311.6
535,genuine,13.2,75.0,1688.1,19.0,20.5,18.2,19.0
3749,genuine,164.0,170.0,167.0,13.0,155.0,332.0,167.0
315,impersonator,98.0,461.2,221.4,316.6,40.1,270.5,198.7
457,impersonator,482.3,1115.4,1544.2,1896.6,1541.3,972.2,105.6
426,impersonator,75.7,352.7,147.7,59.6,427.1,18.9,94.0
4123,genuine,226.8,217.7,232.1,233.1,16.0,215.5,634.3
49,impersonator,174.4,580.9,280.5,30.7,304.7,56.7,50.0
400,impersonator,130.9,253.6,81.7,88.2,359.1,246.2,106.6
429,genuine,17.4,19.7,997.1,18.9,16.2,17.8,17.6
250,impersonator,166.7,1.5,539.4,260.5,60.5,161.0,15.8
2753,genuine,20.7,18.7,20.3,958.4,19.0,19.4,20.4
409,impersonator,330.9,343.8,0.0,209.7,74.9,1.0,339.7
201,impersonator,81.1,614.0,443.1,523.1,44.5,1.0,99.0
231,impersonator,66.5,63.8,635.1,723.2,385.4,1.0,2.0
1328,genuine,166.0,166.0,167.0,166.0,166.0,167.0,167.0
2346,genuine,180.0,178.0,155.0,169.0,171.0,9.0,167.0
4088,genuine,15.7,228.9,232.1,433.4,16.8,233.0,233.2
1814,genuine,169.0,188.0,156.0,169.0,10.0,165.0,334.0
726,impersonator,275.0,885.1,162.1,172.2,1.0,215.4,221.3
608,impersonator,2.0,235.8,370.3,20.5,42.6,11.7,2.0
554,impersonator,383.1,2514.1,1149.2,331.1,227.6,1489.1,1275.7
3709,genuine,3.9,11.5,34.6,1222.8,41.5,9.1,31.7
320,genuine,164.0,178.0,152.0,169.0,169.0,169.0,13.0
3523,genuine,14.8,18.9,1609.6,17.5,16.7,19.0,18.8
523,impersonator,437.1,68.8,434.9,85.7,221.5,261.6,41.9
3474,genuine,164.0,170.0,167.0,169.0,171.0,170.0,170.0
3501,genuine,171.0,173.0,175.0,173.0,173.0,174.0,174.0
2334,genuine,164.0,168.0,167.0,15.0,152.0,331.0,167.0
611,impersonator,2.0,625.7,0.0,86.2,1.0,127.0,60.9
664,impersonator,62.0,187.4,106.2,187.3,49.0,144.0,200.8
18,impersonator,2.0,316.5,65.5,8.7,126.6,73.6,2.0
1145,genuine,227.8,449.8,32.1,232.9,233.4,450.1,15.7
570,impersonator,177.4,148.3,230.6,133.5,46.7,10.1,5.0
59,impersonator,324.6,518.2,0.0,2.1,25.1,379.5,155.3
2911,genuine,167.0,185.0,13.0,150.0,350.0,166.0,167.0
618,impersonator,21.0,19.0,447.6,20.7,312.2,148.4,20.0
218,genuine,230.0,233.3,233.0,433.1,17.2,233.2,233.5
2625,genuine,167.0,169.0,169.0,170.0,171.0,168.0,169.0
4387,genuine,180.0,172.0,158.0,170.0,171.0,10.0,166.0
68,impersonator,2.0,282.1,23.6,46.0,838.2,270.3,2.0
127,impersonator,692.4,188.5,0.0,225.3,211.8,190.6,232.6
4426,genuine,14.9,1595.9,15.6,16.8,409.3,15.3,17.0
720,impersonator,2.0,140.6,196.9,52.1,477.0,177.4,2.0
2249,genuine,64.5,31.5,120.4,47.2,44.8,23.5,100.1
3913,genuine,14.2,23.8,433.6,451.9,30.5,231.9,233.0
4068,genuine,230.3,527.1,8.2,13.7,13.8,16.3,1066.6
668,impersonator,163.7,116.9,953.0,2.1,250.7,277.9,125.5
2279,genuine,20.5,17.2,1149.1,422.5,16.5,19.1,18.9
380,impersonator,644.0,1956.6,1245.4,226.4,726.8,1250.1,624.3
3447,genuine,165.0,167.0,167.0,167.0,166.0,165.0,169.0
232,impersonator,2.0,152.6,8.6,112.2,45.8,42.4,2.0
49,impersonator,205.1,236.8,120.0,9.4,213.5,28.2,25.4
1922,genuine,18.1,19.7,330.4,839.2,19.3,20.5,19.7
381,impersonator,133.1,22.6,0.0,331.2,449.2,172.4,149.6
234,impersonator,141.3,224.2,244.9,128.2,165.6,524.8,480.4
3754,genuine,14.7,234.1,228.3,233.3,433.3,16.3,233.4
382,genuine,13.5,235.9,233.1,451.6,13.9,233.0,233.7
138,impersonator,170.4,123.5,0.0,104.8,143.8,67.7,2.0
1495,genuine,165.0,168.0,167.0,169.0,165.0,166.0,167.0
511,impersonator,2.0,69.8,67.4,109.0,562.2,70.7,380.2
1267,genuine,2103.6,19.1,14.5,17.2,17.3,168.6,632.0
699,impersonator,645.1,375.0,2261.8,1774.0,1313.4,642.2,984.0
4193,genuine,168.0,167.0,166.0,166.0,168.0,166.0,166.0
93,impersonator,1205.3,1289.2,2642.0,1574.4,765.4,244.1,1264.0
745,genuine,166.0,190.0,153.0,172.0,170.0,10.0,167.0
289,impersonator,1122.1,1942.2,214.6,1869.6,1081.6,2373.6,1442.1
463,impersonator,143.5,320.0,0.0,2.1,654.2,1.0,477.2
1953,genuine,12.9,587.9,415.3,16.2,16.5,17.1,16.6
109,genuine,14.7,15.8,772.3,15.3,17.2,596.1,1050.7
228,impersonator,169.0,287.5,257.6,231.9,174.9,173.4,331.9
366,impersonator,304.9,33.2,2228.6,17.9,220.6,689.2,323.2
505,impersonator,459.6,762.2,41.4,8.4,401.0,517.9,905.2
179,impersonator,235.7,80.6,424.3,516.5,314.4,5.1,447.6
2118,genuine,17.1,231.0,228.5,233.3,433.4,16.4,433.4
157,impersonator,152.7,309.6,283.6,312.2,198.0,1.0,196.1
2990,genuine,164.0,189.0,157.0,170.0,170.0,170.0,11.0
670,impersonator,60.9,175.6,296.4,214.1,115.7,203.8,199.5
134,impersonator,683.9,1763.3,1861.2,1197.2,1076.1,145.6,2095.8
4318,genuine,16.3,16.7,17.8,17.6,17.5,71.0,21.3
285,impersonator,6.2,210.7,1125.2,120.2,47.3,244.9,2.9
346,genuine,413.7,231.6,434.4,15.5,233.9,433.7,15.4
2708,genuine,113.4,1702.9,11.7,19.1,19.7,20.5,362.6
506,impersonator,67.0,540.5,516.3,77.0,10.5,39.8,294.6
1095,genuine,14.4,19.1,399.1,421.9,16.9,19.5,19.2
181,impersonator,25.0,103.8,493.5,464.8,94.5,43.3,116.9
18,impersonator,448.2,278.5,32.0,569.6,86.9,63.2,177.2
673,impersonator,124.9,1.5,106.3,254.8,206.5,176.2,654.4
747,impersonator,2.0,39.3,334.7,9.7,1.9,32.0,2.0
647,impersonator,2.0,1.5,1576.5,2.1,116.4,140.1,94.5
1933,genuine,229.9,433.4,16.2,233.1,233.9,432.7,16.5
290,impersonator,272.5,167.8,236.0,247.4,192.5,195.3,92.7
3623,genuine,172.0,175.0,176.0,172.0,173.0,173.0,175.0
707,impersonator,2.0,1.5,1113.7,432.4,1.0,147.2,240.0
593,impersonator,1902.1,2584.8,492.6,648.2,1887.4,1490.0,574.1
44,impersonator,2.0,1.5,470.8,555.1,1.0,255.5,285.0
1,genuine,16.2,17.4,1446.0,17.8,435.5,17.1,19.3
654,impersonator,2.0,58.8,482.0,204.4,213.3,21.2,2.0
1013,genuine,163.0,178.0,157.0,170.0,170.0,171.0,168.0
722,impersonator,825.3,244.8,64.4,144.4,88.9,578.0,190.0
620,genuine,181.0,173.0,155.0,171.0,169.0,169.0,13.0
195,impersonator,2.0,118.9,892.6,139.7,48.5,1.0,66.2
2511,genuine,232.5,429.2,16.0,233.1,233.6,433.1,16.7
185,impersonator,2.0,178.5,89.5,955.6,327.7,51.9,2.0
67,genuine,168.0,170.0,169.0,173.0,171.0,171.0,168.0
3517,genuine,17.3,17.6,17.5,551.2,21.6,18.2,18.3
632,impersonator,235.8,424.8,135.5,7.3,281.0,131.5,334.9
2883,genuine,165.0,175.0,158.0,169.0,171.0,169.0,170.0
1806,genuine,16.6,20.9,790.5,205.1,22.0,23.3,20.4
542,impersonator,47.7,241.1,68.8,31.7,111.1,55.4,84.1
2600,genuine,164.0,169.0,166.0,165.0,165.0,167.0,167.0
1632,genuine,17.1,748.9,16.9,610.3,16.5,16.9,17.2
194,impersonator,230.2,72.3,268.8,12.5,21.8,9.4,188.9
173,impersonator,2.0,379.0,36.0,608.2,320.0,28.6,2.0
307,impersonator,380.0,323.8,0.0,520.5,185.9,173.6,545.4
4083,genuine,13.6,19.1,1148.9,18.3,19.5,19.0,20.5
2266,genuine,779.3,626.9,20.9,16.9,16.4,17.4,18.7
358,impersonator,27.6,74.9,176.6,1448.9,99.1,1.0,162.3
187,impersonator,205.1,399.5,40.9,792.0,422.4,531.1,256.0
527,impersonator,514.8,128.3,178.1,952.8,1.0,217.8,58.8
660,impersonator,130.4,219.4,121.8,216.1,181.2,196.3,862.6
2617,genuine,166.0,167.0,168.0,166.0,167.0,166.0,168.0
3093,genuine,13.8,230.7,232.8,232.3,433.6,16.4,233.1
494,impersonator,115.1,168.7,34.6,169.2,161.8,206.1,20.8
658,impersonator,84.6,271.5,29.9,408.0,389.3,187.0,79.7
712,impersonator,351.3,105.0,2470.2,2088.4,1308.3,767.3,2553.4
2428,genuine,165.0,170.0,166.0,13.0,156.0,330.0,169.0
2518,genuine,159.0,176.0,194.0,161.0,173.0,345.0,58.0
26,impersonator,2.0,1.5,593.3,178.2,1.0,66.1,388.7
898,genuine,985.2,1482.4,18.7,19.1,18.2,73.1,87.2
1577,genuine,16.8,60.1,1751.1,22.0,16.1,16.7,189.3
3682,genuine,17.6,21.3,114.1,1049.6,20.7,20.6,20.3
363,impersonator,156.0,87.5,1389.5,60.7,252.4,23.5,210.5
1096,genuine,170.0,173.0,174.0,173.0,175.0,174.0,172.0
2728,genuine,165.0,168.0,168.0,168.0,168.0,168.0,165.0
395,impersonator,409.8,123.8,639.1,2.1,405.4,445.0,292.5
3601,genuine,165.0,167.0,167.0,165.0,167.0,166.0,166.0
1473,genuine,164.0,166.0,167.0,166.0,166.0,168.0,165.0
432,impersonator,426.1,172.8,337.8,29.2,148.1,35.2,233.4
401,genuine,14.9,15.5,216.1,212.3,200.0,216.5,417.1
2877,genuine,16.4,24.3,108.3,36.4,26.9,147.5,18.2
4066,genuine,14.5,15.8,77.9,94.6,63.6,95.9,96.3
1262,genuine,987.1,196.7,14.9,16.3,16.5,18.0,19.8
718,impersonator,1555.7,2195.9,532.1,128.2,1623.8,1709.6,743.2
728,genuine,18.3,208.1,418.8,253.9,448.8,30.1,231.0
659,impersonator,468.9,37.8,0.0,234.4,142.5,292.0,55.9
1377,genuine,15.0,1172.6,631.1,16.2,16.0,17.4,17.6
2481,genuine,17.1,19.3,964.3,421.1,16.2,18.1,18.1
672,impersonator,9.1,275.5,1017.0,119.6,167.9,76.8,15.8
1545,genuine,168.0,173.0,168.0,172.0,172.0,171.0,166.0
3319,genuine,566.9,17.6,18.9,19.0,90.1,57.1,30.3
1688,genuine,16.5,15.1,214.7,213.6,199.8,215.3,417.1
124,impersonator,93.7,485.1,861.7,2.1,237.2,180.6,26.1
2537,genuine,20.0,19.2,790.4,204.4,15.7,19.0,18.8
1170,genuine,166.0,169.0,8.0,160.0,332.0,168.0,168.0
620,impersonator,1162.9,286.8,9.2,9.2,262.2,67.0,218.2
2568,genuine,227.6,449.9,30.8,234.1,232.4,449.8,15.8
4445,genuine,216.5,196.1,433.5,232.9,233.4,433.6,15.9
1336,genuine,60.3,522.1,17.5,19.2,57.1,87.5,27.2
525,impersonator,2.0,327.6,113.0,352.8,90.2,68.0,2.0
150,impersonator,828.0,469.7,1757.2,1502.5,749.4,2055.8,1992.3
88,genuine,227.7,449.4,31.0,233.8,233.1,451.0,15.0
1763,genuine,169.0,173.0,173.0,172.0,174.0,173.0,173.0
3152,genuine,167.0,166.0,165.0,168.0,167.0,168.0,166.0
2253,genuine,171.0,175.0,175.0,172.0,174.0,173.0,173.0
526,impersonator,622.2,178.1,68.5,14.1,36.9,199.7,80.1
4086,genuine,167.0,167.0,170.0,12.0,156.0,332.0,168.0
4156,genuine,15.9,19.2,85.9,21.8,1260.3,17.1,20.5
4297,genuine,229.6,233.0,231.8,16.8,216.2,417.1,233.1
2411,genuine,17.2,18.7,781.1,423.2,16.3,18.7,19.6
456,impersonator,2.0,132.3,300.2,359.5,75.8,9.7,2.0
394,impersonator,677.9,18.9,37.6,469.0,353.4,526.9,170.5
2824,genuine,226.2,451.0,31.8,234.0,449.8,15.7,15.8
717,impersonator,2.0,18.0,179.8,477.8,460.9,55.3,2.0
528,impersonator,1106.1,1501.0,2323.3,604.6,419.3,706.2,891.3
219,genuine,13.3,18.5,981.2,13.9,183.6,632.6,16.4
358,impersonator,2.0,27.1,688.5,112.0,42.5,122.8,2.0
195,genuine,172.0,173.0,176.0,173.0,174.0,172.0,171.0
3928,genuine,168.0,168.0,171.0,169.0,167.0,168.0,169.0
1640,genuine,18.8,18.5,1172.2,630.7,24.1,17.4,19.7
2237,genuine,172.0,172.0,175.0,175.0,173.0,174.0,172.0
146,impersonator,15.2,24.1,508.0,170.9,155.8,90.3,71.2
4035,genuine,16.1,789.8,419.1,18.1,16.4,19.0,19.9
455,impersonator,2.0,33.5,887.5,127.5,267.4,35.6,2.0
295,impersonator,1800.6,1476.3,2138.9,18.8,977.1,839.6,2415.0
240,impersonator,2.0,25.5,283.4,94.3,224.6,103.0,2.0
640,impersonator,750.0,433.1,27.3,308.2,311.6,23.3,10.7
2213,genuine,17.1,19.7,18.7,772.9,18.4,19.5,20.3
172,impersonator,29.6,1.5,268.2,77.3,242.9,111.4,73.6
104,impersonator,361.1,172.8,72.8,187.6,1.0,1.0,255.5
162,impersonator,157.3,84.1,265.0,196.0,232.8,164.1,190.3
139,impersonator,110.9,755.1,149.5,100.0,55.8,77.9,130.6
500,impersonator,2.0,724.4,189.5,148.7,143.9,99.6,2.0
397,impersonator,17.2,1.5,56.4,132.5,101.7,1.0,99.2
3424,genuine,230.2,231.6,432.3,16.5,233.3,233.3,16.4
163,impersonator,152.9,172.6,471.3,156.6,72.8,90.3,135.5
637,impersonator,2.0,745.1,232.7,72.2,435.2,1.0,234.1
545,genuine,12.7,232.5,233.2,233.1,216.7,233.3,234.0
883,genuine,16.8,87.9,17.7,1456.8,19.3,22.1,19.3
333,impersonator,2.0,97.7,52.6,260.6,92.6,200.1,2.0
406,impersonator,2.3,66.5,44.7,352.9,220.3,6.5,2.0
493,impersonator,282.8,92.5,227.2,374.2,81.6,98.1,33.4
522,impersonator,2.0,42.1,1.5,436.8,111.0,46.1,2.0
3943,genuine,23.9,12.7,218.4,202.3,18.3,20.2,16.7
719,impersonator,105.7,24.7,92.0,485.7,11.7,36.1,44.9
575,impersonator,67.0,148.7,1917.2,2.1,160.6,464.1,138.5
608,genuine,15.3,233.0,227.5,433.3,16.6,233.0,233.0
174,genuine,16.3,19.0,1627.4,15.7,19.7,20.8,17.8
383,impersonator,1504.1,201.2,1764.3,1536.9,2146.9,155.5,1593.3
2623,genuine,167.0,11.0,158.0,331.0,167.0,167.0,169.0
7,impersonator,271.8,9.5,706.1,40.9,57.1,272.3,59.3
832,genuine,164.0,166.0,165.0,165.0,167.0,166.0,167.0
507,impersonator,2019.2,2437.3,2158.2,523.9,437.1,1094.7,1575.8
243,impersonator,2.0,71.5,239.5,286.9,170.9,54.4,2.0
2891,genuine,172.0,189.0,163.0,177.0,175.0,176.0,172.0
428,impersonator,327.3,170.3,0.0,273.6,284.9,454.7,232.3
405,genuine,170.0,173.0,173.0,172.0,174.0,173.0,173.0
414,genuine,1791.6,16.4,17.5,18.4,20.7,17.5,16.3
623,impersonator,2.0,318.4,99.4,51.0,193.6,222.3,2.0
7,impersonator,2.0,203.1,0.0,238.8,1.0,44.9,174.1
365,impersonator,215.8,187.6,299.7,746.8,55.1,185.0,130.2
696,impersonator,903.7,604.0,809.6,565.0,1806.5,624.1,933.0
546,impersonator,2.0,26.5,40.2,37.6,134.1,199.5,2.0
174,impersonator,931.0,581.2,2517.1,1666.2,45.8,95.4,2219.6
3931,genuine,15.9,12.2,218.3,213.6,416.6,233.1,16.5
1695,genuine,225.8,232.0,433.9,15.6,233.6,233.2,233.0
456,impersonator,31.1,70.4,130.4,337.0,326.2,11.8,22.5
3431,genuine,230.1,233.6,452.0,15.8,232.2,234.9,232.1
574,impersonator,300.1,366.4,402.0,2.1,233.4,274.0,421.0
1872,genuine,18.9,25.0,716.9,837.2,20.7,20.2,20.7
2296,genuine,18.4,14.7,966.2,631.7,19.2,15.7,18.6
452,impersonator,2.0,463.6,0.0,293.3,400.6,167.9,20.5
66,genuine,18.1,18.2,954.4,837.3,22.0,17.6,19.4
121,impersonator,2.0,39.5,257.8,129.0,73.8,30.0,2.0
259,impersonator,65.2,320.5,0.0,296.4,11.3,230.1,214.8
1006,genuine,165.0,168.0,168.0,168.0,167.0,169.0,166.0
2234,genuine,19.2,23.4,1619.4,20.6,16.6,18.5,20.0
413,genuine,15.5,16.6,779.1,14.5,615.3,15.9,17.7
2962,genuine,164.0,166.0,167.0,167.0,164.0,165.0,166.0
1330,genuine,18.7,16.1,785.8,418.2,16.3,18.3,17.0
141,impersonator,1992.3,2532.0,49.4,191.9,918.2,1593.7,1995.2
733,impersonator,187.3,122.5,117.5,243.4,63.9,217.6,41.4
3482,genuine,135.0,129.9,196.0,211.8,99.6,16.3,18.5
581,impersonator,92.0,6.3,38.8,377.2,268.8,2.5,212.2
51,impersonator,2.0,132.3,288.7,174.9,19.8,185.8,2.0
184,impersonator,24.9,72.1,116.5,411.6,73.3,312.5,200.7
1351,genuine,164.0,167.0,167.0,165.0,167.0,165.0,166.0
241,genuine,9.8,628.7,224.6,10.0,448.5,17.8,14.4
487,impersonator,2.0,555.8,410.7,626.2,1.0,45.3,2.0
4222,genuine,443.9,30.4,233.3,233.1,449.9,16.0,232.6
24,impersonator,3.1,112.6,297.2,176.7,61.1,42.7,18.4
4448,genuine,164.0,184.0,166.0,167.0,184.0,166.0,166.0
1012,genuine,166.0,168.0,167.0,168.0,166.0,167.0,166.0
569,impersonator,1873.1,2726.0,252.8,117.6,1489.7,2345.5,2349.3
499,impersonator,31.7,34.0,349.0,260.3,6.9,388.1,71.2
1791,genuine,171.0,174.0,173.0,171.0,173.0,173.0,173.0
47,impersonator,1197.2,500.2,2638.6,323.0,390.0,397.2,186.3
2011,genuine,14.5,16.3,745.0,1047.9,19.4,18.5,19.3
2137,genuine,17.8,1138.6,624.5,17.9,19.1,18.2,18.0
3842,genuine,163.0,168.0,168.0,168.0,167.0,168.0,165.0
249,impersonator,249.1,222.0,199.5,2.1,204.1,63.9,141.0
452,impersonator,344.7,69.1,66.6,145.6,277.0,143.8,61.4
518,impersonator,1117.2,1357.0,2603.5,1077.3,335.9,1656.5,155.0
717,impersonator,2.0,243.0,359.8,430.8,367.1,1.0,103.6
939,genuine,171.0,173.0,174.0,171.0,171.0,175.0,172.0
2938,genuine,19.4,18.6,965.1,422.7,17.4,19.4,21.4
230,impersonator,2.0,18.6,571.3,255.7,337.1,87.2,2.0
2027,genuine,14.4,214.9,214.9,417.1,233.0,233.4,433.8
3485,genuine,17.8,20.2,1163.0,421.7,17.8,17.4,19.0
698,impersonator,1107.2,1867.3,765.5,367.0,1932.8,714.2,2285.6
4413,genuine,168.0,172.0,169.0,170.0,170.0,173.0,167.0
568,impersonator,56.2,1463.2,1902.8,1376.6,548.3,250.4,284.2
731,impersonator,508.6,281.0,24.5,348.2,419.4,195.5,331.8
3121,genuine,444.1,30.0,234.9,230.5,436.3,14.8,239.4
648,impersonator,56.1,213.5,76.8,616.2,315.0,307.6,50.1
503,impersonator,40.1,1.5,1037.9,276.7,1.0,168.2,301.4
4238,genuine,93.4,79.3,16.4,103.8,92.3,2.7,73.1
3294,genuine,13.8,235.5,232.1,450.8,15.8,233.6,231.4
2723,genuine,64.9,1651.7,15.4,17.3,47.4,784.6,15.9
593,impersonator,22.8,993.2,0.0,318.5,217.3,282.7,320.4
381,genuine,228.4,233.0,433.2,16.6,433.3,16.7,232.9
287,impersonator,2.0,58.1,276.0,252.7,47.2,45.8,2.0
4225,genuine,18.3,10.9,215.8,414.0,233.1,233.1,433.3
192,impersonator,141.6,1.5,434.6,2.1,402.0,367.9,110.8
1177,genuine,15.3,18.4,49.4,1548.8,16.4,18.2,17.6
218,impersonator,2.0,68.9,197.2,169.4,20.2,163.7,2.0
600,impersonator,2.0,9.9,1061.1,287.7,144.6,9.9,2.0
1391,genuine,1030.2,16.6,227.2,15.2,16.7,16.6,16.8
540,impersonator,2.0,401.5,34.1,236.0,308.1,207.3,2.0
458,impersonator,2.0,226.9,326.9,742.1,110.8,11.8,288.5
223,genuine,171.0,173.0,174.0,175.0,172.0,172.0,173.0
2611,genuine,15.6,96.3,48.1,657.1,17.1,17.4,18.6
3559,genuine,163.0,164.0,169.0,165.0,165.0,167.0,166.0
1662,genuine,164.0,165.0,168.0,165.0,167.0,166.0,167.0
4407,genuine,16.3,19.0,982.5,632.9,20.5,18.5,20.2
240,impersonator,211.2,101.9,187.1,159.0,29.2,76.2,162.4
132,impersonator,923.8,13.2,71.5,81.9,30.4,37.2,25.9
4446,genuine,171.0,174.0,175.0,173.0,175.0,172.0,172.0
693,impersonator,433.5,465.3,49.1,211.8,203.8,189.6,96.5
238,impersonator,2.0,69.6,409.8,138.3,91.7,6.4,2.0
417,impersonator,2.0,69.8,110.6,220.0,390.8,11.7,2.0
3944,genuine,171.0,173.0,173.0,198.0,148.0,174.0,173.0
3840,genuine,14.9,15.4,126.2,1048.3,17.9,18.4,18.3
3,impersonator,396.4,353.7,0.0,195.8,266.2,1756.6,184.2
262,impersonator,2.0,116.8,996.2,2.1,1.0,301.9,29.1
4135,genuine,170.0,172.0,172.0,173.0,174.0,172.0,173.0
380,impersonator,241.4,136.6,257.8,204.2,95.9,55.0,128.8
558,impersonator,152.8,127.4,131.6,165.8,65.9,211.6,259.2
361,genuine,62.4,2433.2,17.3,19.9,17.0,18.5,18.6
2943,genuine,166.0,167.0,168.0,14.0,150.0,334.0,166.0
1778,genuine,171.0,173.0,175.0,173.0,172.0,172.0,173.0
197,impersonator,2.0,1.5,0.0,894.5,242.6,353.6,482.7
632,impersonator,2248.8,2703.1,1229.2,614.3,1065.1,2032.4,830.8
147,impersonator,43.4,217.8,138.0,196.1,17.7,216.6,128.9
127,impersonator,155.2,414.6,69.5,2.1,686.9,140.4,198.3
507,genuine,10.0,180.0,320.0,170.0,11.0,167.0,333.0
4141,genuine,180.0,172.0,154.0,171.0,172.0,171.0,169.0
331,impersonator,17.4,181.7,201.4,90.2,29.2,1.0,2.0
316,impersonator,439.7,338.2,546.2,59.2,1.0,97.8,2.0
2259,genuine,170.0,170.0,169.0,170.0,171.0,171.0,168.0
977,genuine,164.0,189.0,155.0,169.0,170.0,183.0,167.0
98,impersonator,391.6,159.8,41.5,467.2,56.1,203.4,186.5
280,impersonator,2.0,284.9,269.0,59.7,24.8,31.9,2.0
212,impersonator,338.6,196.3,421.7,316.5,184.1,193.8,516.8
2278,genuine,18.6,15.3,1206.1,20.5,14.8,18.0,20.1
42,impersonator,188.9,53.5,441.7,685.6,253.2,56.2,130.1
349,genuine,225.6,16.4,233.1,400.0,232.8,234.2,451.4
1275,genuine,13.7,18.6,770.2,1043.5,19.7,20.4,19.4
260,impersonator,109.2,319.4,639.0,263.4,287.9,388.1,58.3
3916,genuine,229.1,433.1,16.5,233.1,433.4,16.6,233.2
69,impersonator,77.3,30.2,255.7,190.3,210.8,162.8,246.3
621,genuine,171.0,175.0,174.0,173.0,172.0,172.0,173.0
2176,genuine,225.2,431.5,16.8,233.2,233.3,432.8,16.6
216,genuine,164.0,170.0,172.0,170.0,168.0,168.0,167.0
1106,genuine,709.5,15.6,16.7,16.2,55.3,87.4,1919.6
350,impersonator,204.1,319.6,91.5,201.3,38.8,73.8,79.0
4341,genuine,229.2,231.2,31.5,199.6,417.6,16.2,215.1
1327,genuine,16.9,53.6,39.4,76.8,31.0,144.6,58.7
3472,genuine,18.3,19.0,598.5,422.7,18.4,22.3,17.7
2459,genuine,173.0,173.0,174.0,174.0,171.0,173.0,174.0
279,impersonator,559.4,1.5,0.0,84.9,459.7,373.9,489.7
156,impersonator,250.8,1.5,0.4,163.9,311.2,589.2,283.6
867,genuine,172.0,176.0,175.0,173.0,171.0,174.0,173.0
1586,genuine,164.0,168.0,166.0,167.0,167.0,167.0,168.0
75,impersonator,31.3,19.2,470.6,666.2,210.4,94.3,53.3
384,impersonator,27.0,81.4,501.7,224.7,15.8,75.7,7.5
307,impersonator,167.8,103.1,129.6,2.1,129.8,480.7,136.5
200,impersonator,161.4,42.0,1085.2,157.4,123.5,7.0,2.0
1979,genuine,166.0,166.0,165.0,168.0,9.0,159.0,331.0
1245,genuine,18.2,122.4,1049.4,17.1,17.8,17.6,17.8
463,impersonator,2542.7,2246.6,265.3,1563.8,201.7,2322.3,2003.6
2001,genuine,16.9,19.3,19.5,1411.0,22.1,18.7,19.8
465,genuine,165.0,167.0,167.0,168.0,167.0,166.0,167.0
606,impersonator,2.0,340.1,92.9,319.8,100.3,102.8,2.0
488,impersonator,35.5,1.5,802.9,161.8,144.9,19.7,2.0
3156,genuine,230.0,232.3,434.2,15.9,233.2,17.0,215.7
2806,genuine,167.0,170.0,170.0,170.0,170.0,171.0,167.0
32,impersonator,152.6,186.8,745.7,237.2,1.0,226.6,47.4
85,impersonator,47.6,77.7,305.8,248.3,27.3,48.1,193.5
413,impersonator,2.0,34.6,276.4,118.4,8.4,1.0,184.6
728,impersonator,275.7,94.2,159.0,130.8,420.1,79.9,61.3
3896,genuine,164.0,167.0,167.0,168.0,167.0,166.0,166.0
1171,genuine,226.6,234.8,449.6,31.9,232.7,233.8,14.6
587,impersonator,359.3,1.5,881.2,650.7,199.2,150.1,275.5
670,impersonator,722.4,1628.6,1798.2,626.5,963.6,774.7,1854.0
651,impersonator,2.0,15.2,645.8,292.6,88.0,26.6,2.0
149,impersonator,504.9,142.5,141.3,164.1,293.1,497.4,455.0
88,impersonator,2121.9,2646.9,1332.2,1377.5,1081.2,1227.2,2432.4
564,impersonator,2.0,339.1,261.3,135.9,3.5,20.0,2.0
202,impersonator,2.0,47.5,305.8,151.5,41.1,36.6,2.0
1840,genuine,433.1,26.5,219.4,233.1,433.7,30.6,219.2
0,impersonator,209.0,177.8,220.4,223.8,233.4,199.6,422.4
3619,genuine,166.0,172.0,168.0,171.0,170.0,171.0,166.0
362,impersonator,313.6,277.2,222.6,56.3,267.5,46.2,42.1
803,genuine,171.0,172.0,175.0,173.0,175.0,173.0,172.0
3756,genuine,17.6,228.3,229.8,233.4,234.1,15.5,216.6
334,impersonator,299.8,274.6,194.9,600.3,47.7,118.7,242.2
1669,genuine,18.0,18.2,781.3,630.6,20.8,17.0,19.8
544,impersonator,2.0,299.2,72.2,210.1,305.8,310.9,2.0
181,impersonator,184.1,142.1,498.3,118.9,1.0,7.0,182.9
3212,genuine,30.9,200.1,210.5,215.6,392.5,225.3,232.3
173,impersonator,289.4,1.5,0.0,705.5,299.3,1.0,188.3
415,genuine,605.3,18.3,21.7,26.2,174.0,176.7,16.2
2971,genuine,166.0,169.0,171.0,169.0,168.0,171.0,169.0
390,impersonator,22.7,128.1,955.6,128.0,287.8,72.2,560.1
1593,genuine,167.0,188.0,15.0,150.0,333.0,166.0,166.0
2215,genuine,230.3,229.3,233.1,450.0,16.1,233.6,232.4
652,impersonator,470.7,398.7,608.1,263.1,1.0,82.1,34.3
170,impersonator,2.0,119.2,1213.9,17.9,63.6,15.7,2.0
348,genuine,429.7,23.7,8.3,216.6,215.9,216.6,417.1
456,impersonator,32.4,178.9,481.1,365.5,453.8,39.9,122.7
1419,genuine,166.0,168.0,9.0,157.0,330.0,166.0,169.0
4247,genuine,15.8,17.7,18.0,972.1,19.2,20.6,19.9
495,impersonator,2.0,25.2,76.3,66.5,439.6,48.0,2.0
4070,genuine,167.0,171.0,168.0,172.0,170.0,170.0,168.0
639,impersonator,693.5,2192.8,1985.2,752.0,1451.7,762.7,2052.2
611,impersonator,2.0,316.9,1244.8,23.4,240.2,38.6,2.0
746,impersonator,1117.8,2618.9,873.3,1911.9,68.4,2075.4,2538.5
221,impersonator,950.2,938.7,2010.0,303.2,883.6,1693.7,1362.2
3663,genuine,13.2,15.9,17.0,16.6,1154.8,15.1,16.3
4092,genuine,194.7,415.9,233.0,232.0,450.9,15.6,450.5
328,impersonator,2.0,229.8,92.6,339.4,173.8,46.5,2.0
569,impersonator,1014.5,434.6,17.2,36.6,629.7,201.6,300.4
62,impersonator,1759.5,1994.0,1727.3,845.8,1295.2,2312.9,1812.5
535,impersonator,32.5,213.7,49.0,28.6,422.4,203.8,353.3
1338,genuine,16.0,14.3,16.9,994.3,396.1,16.3,16.5
9,impersonator,30.4,187.5,827.1,185.4,444.6,11.1,108.2
92,impersonator,2.0,185.4,241.3,15.1,43.3,130.5,2.0
925,genuine,203.3,209.4,216.3,416.8,233.3,433.4,16.5
2830,genuine,228.2,449.2,15.7,233.6,232.2,449.9,16.1
3109,genuine,15.2,18.9,1171.4,629.3,18.9,15.5,18.2
17,impersonator,1144.6,656.7,2501.7,1497.6,486.5,1987.3,611.6
735,impersonator,165.0,180.0,274.8,439.4,136.3,213.7,91.0
63,impersonator,2.0,17.1,1781.1,223.5,151.1,59.2,13.4
647,impersonator,2.0,260.6,86.0,116.1,4.3,24.9,2.0
272,impersonator,49.3,851.3,50.9,8.5,491.7,185.6,609.1
3413,genuine,171.0,172.0,176.0,173.0,172.0,172.0,173.0
369,impersonator,499.8,276.0,78.3,253.8,176.0,213.5,275.0
4392,genuine,172.0,172.0,175.0,172.0,171.0,175.0,173.0
1465,genuine,199.8,212.3,417.2,232.7,417.8,15.7,232.6
64,impersonator,2.0,268.5,31.3,389.8,438.4,304.3,2.0
1371,genuine,165.0,167.0,167.0,167.0,169.0,167.0,166.0
3473,genuine,79.5,9.1,140.8,140.6,62.6,96.0,31.5
724,impersonator,210.7,152.0,103.4,5.1,190.9,159.3,224.5
120,impersonator,2.0,462.5,332.5,2.1,105.5,169.0,2.0
682,genuine,224.3,432.9,16.7,16.1,216.6,199.9,215.9
544,impersonator,380.8,628.4,161.6,127.2,195.7,517.4,193.8
299,impersonator,16.3,77.1,414.3,312.5,270.5,29.3,17.5
4382,genuine,164.0,165.0,167.0,164.0,166.0,168.0,167.0
579,impersonator,220.0,202.6,77.9,668.2,162.3,154.9,202.5
579,impersonator,448.6,132.3,30.1,471.8,163.3,95.2,131.5
712,impersonator,2.0,1.5,1843.0,968.5,212.0,182.6,455.1
80,impersonator,20.6,315.4,281.0,2.1,105.5,98.7,350.3
596,genuine,622.8,22.7,240.5,225.7,17.7,420.0,195.7
108,impersonator,49.3,149.1,84.5,2.1,64.1,13.0,107.2
2951,genuine,168.0,173.0,168.0,172.0,171.0,170.0,181.0
126,impersonator,178.0,779.6,487.0,3.4,175.2,245.1,309.8
3921,genuine,169.0,169.0,170.0,169.0,169.0,168.0,169.0
421,impersonator,149.5,1.5,222.4,405.9,146.3,77.1,219.6
565,impersonator,2.0,586.0,47.0,297.9,16.4,148.8,2.0
439,impersonator,378.8,1461.9,2244.8,388.9,163.2,781.0,174.5
2839,genuine,163.0,170.0,168.0,166.0,8.0,158.0,333.0
3051,genuine,16.2,28.2,326.8,1258.5,19.0,18.8,18.5
2872,genuine,232.8,429.0,16.6,16.2,216.6,199.8,215.5
2493,genuine,16.9,21.4,95.2,1506.7,16.3,18.9,17.9
3991,genuine,164.0,170.0,167.0,166.0,169.0,167.0,167.0
491,impersonator,804.5,843.2,1220.4,2078.2,1845.3,1547.9,2141.3
30,genuine,18.0,15.9,17.9,781.6,17.3,19.2,19.2
4359,genuine,17.0,132.7,19.6,91.4,92.5,8.1,96.7
3261,genuine,226.6,233.6,450.7,31.1,232.9,233.4,450.3
54,impersonator,2.0,799.7,0.0,83.7,632.0,178.9,2.0
149,impersonator,219.2,509.2,29.5,94.7,109.9,479.0,378.7
506,impersonator,1348.6,935.2,2103.5,1592.5,1548.1,1560.9,256.2
619,genuine,20.4,15.4,16.6,16.6,1208.3,18.7,18.9
2039,genuine,165.0,168.0,166.0,168.0,167.0,167.0,169.0
525,genuine,217.3,212.1,199.9,216.5,633.3,16.3,233.4
871,genuine,14.8,234.4,228.3,232.9,433.3,16.6,232.5
1392,genuine,16.1,18.6,983.1,630.3,17.6,15.8,19.4
1864,genuine,19.8,19.1,1354.8,631.0,21.6,16.7,16.7
629,impersonator,2.0,50.0,683.4,433.0,140.8,18.9,206.9
3220,genuine,166.0,166.0,169.0,167.0,167.0,169.0,167.0
90,impersonator,1583.1,77.3,599.5,685.7,1702.5,670.9,1769.1
1042,genuine,14.7,18.9,969.0,630.7,16.0,16.6,16.6
1116,genuine,163.0,349.0,156.0,172.0,7.0,167.0,333.0
2211,genuine,163.0,189.0,156.0,171.0,183.0,167.0,165.0
91,impersonator,437.0,1.5,285.5,621.5,183.1,171.0,140.5
2404,genuine,17.1,19.0,20.2,21.3,581.0,17.8,19.2
3465,genuine,14.1,12.7,16.0,16.0,593.0,15.5,17.2
333,impersonator,234.2,1.5,540.0,2.1,323.2,376.4,9.1
612,impersonator,2.0,158.7,95.0,123.4,75.6,71.0,2.0
828,genuine,167.0,169.0,171.0,168.0,170.0,169.0,170.0
116,impersonator,29.3,143.5,669.1,278.4,1.0,215.7,105.7
538,impersonator,152.3,624.9,524.9,137.5,1.0,155.9,278.1
3780,genuine,417.7,228.5,433.5,16.6,16.4,216.5,199.5
652,impersonator,24.2,17.1,1375.5,182.0,25.9,42.1,184.7
3509,genuine,165.0,168.0,167.0,166.0,168.0,167.0,167.0
3989,genuine,166.0,169.0,167.0,167.0,169.0,165.0,169.0
727,impersonator,203.8,399.2,44.5,294.1,145.1,103.2,71.7
1965,genuine,14.4,231.3,433.2,16.8,232.9,233.2,433.2
531,genuine,169.0,171.0,171.0,171.0,171.0,170.0,167.0
2186,genuine,165.0,169.0,166.0,167.0,167.0,167.0,168.0
112,impersonator,34.4,1.5,1186.3,43.0,1.0,6.3,126.7
793,genuine,13.6,17.0,1399.2,17.1,15.7,16.9,17.3
209,impersonator,2.0,145.9,84.7,398.5,123.4,99.2,2.0
2690,genuine,166.0,168.0,167.0,167.0,166.0,10.0,156.0
2210,genuine,167.0,164.0,166.0,165.0,166.0,167.0,165.0
951,genuine,14.8,219.5,210.0,200.0,215.3,617.3,16.3
206,impersonator,191.0,201.3,54.2,135.2,193.4,132.5,196.1
570,genuine,225.7,233.4,233.2,232.7,233.0,450.6,16.1
614,genuine,167.0,167.0,171.0,168.0,170.0,167.0,168.0
1736,genuine,11.5,12.8,213.0,216.2,216.5,199.8,416.9
310,impersonator,2.0,241.0,544.9,48.3,64.0,318.9,2.0
1041,genuine,15.1,123.7,58.9,77.3,71.9,33.8,808.9
4365,genuine,430.1,16.2,233.1,233.2,234.0,432.9,16.1
687,impersonator,90.3,802.4,645.2,50.3,91.7,21.3,146.6
1519,genuine,172.0,171.0,174.0,172.0,175.0,173.0,175.0
136,impersonator,2107.2,2607.9,8.7,1116.4,1142.3,1351.2,2046.7
105,impersonator,485.3,135.6,155.9,39.9,108.3,132.9,262.3
3994,genuine,213.4,198.5,216.5,634.8,15.4,233.4,15.0
332,impersonator,41.7,217.3,961.9,36.9,69.2,331.7,52.3
573,impersonator,375.2,185.6,121.7,217.2,215.2,213.2,175.7
114,genuine,164.0,166.0,169.0,167.0,166.0,167.0,167.0
1625,genuine,163.0,169.0,166.0,166.0,167.0,170.0,168.0
872,genuine,429.2,16.3,233.0,233.2,433.4,16.6,233.2
447,impersonator,547.7,1501.0,2570.5,286.0,532.0,280.3,1877.2
666,genuine,163.0,176.0,155.0,171.0,170.0,11.0,166.0
220,impersonator,2.0,23.1,451.0,79.1,54.7,96.6,2.0
36,impersonator,184.8,71.3,187.0,94.3,497.4,119.2,449.9
165,impersonator,185.8,302.5,167.5,269.3,209.2,354.7,257.3
489,impersonator,36.1,125.4,491.0,41.6,93.3,2.7,110.2
82,impersonator,2.0,23.5,261.0,61.2,1.0,14.5,2.0
169,impersonator,2.0,140.6,128.9,205.2,76.1,203.0,2.0
577,impersonator,135.2,74.7,97.2,193.9,180.5,29.5,17.5
65,impersonator,2.0,75.6,746.7,116.0,42.8,99.7,2.0
238,genuine,164.0,188.0,154.0,170.0,171.0,169.0,170.0
1524,genuine,215.9,195.7,634.8,15.2,432.3,16.6,433.5
328,impersonator,242.5,1.5,0.0,540.0,231.4,1.3,277.0
3311,genuine,13.9,945.1,15.2,16.2,16.4,16.5,16.6
2165,genuine,169.0,172.0,169.0,170.0,171.0,171.0,166.0
2553,genuine,15.8,44.5,47.6,1276.3,18.8,17.7,17.3
434,impersonator,2284.2,2598.1,1528.1,1700.2,1053.3,1507.0,1276.7
419,impersonator,2.0,87.4,35.1,282.4,249.9,208.6,2.0
247,impersonator,276.6,280.9,280.8,364.8,272.0,230.3,201.4
1828,genuine,165.0,168.0,166.0,167.0,8.0,159.0,335.0
2686,genuine,164.0,170.0,167.0,167.0,168.0,167.0,169.0
3885,genuine,1746.0,18.3,16.6,631.5,17.9,15.0,17.5
2761,genuine,66.0,85.6,59.3,87.4,57.8,55.9,41.7
3784,genuine,13.3,232.2,231.5,433.3,16.7,232.9,233.3
416,impersonator,77.8,1269.9,806.4,11.6,4.6,51.6,271.0
527,impersonator,104.5,47.4,1382.5,16.8,24.3,124.3,440.8
1630,genuine,170.0,173.0,173.0,172.0,173.0,173.0,173.0
2853,genuine,17.0,18.2,1199.3,16.2,15.4,17.8,17.9
17,genuine,166.0,169.0,166.0,168.0,169.0,168.0,168.0
305,impersonator,32.1,120.8,1120.2,160.5,200.6,19.2,260.5
85,impersonator,249.8,496.2,592.7,200.3,1.0,122.3,14.6
604,impersonator,2335.8,2310.7,1498.0,1636.0,305.8,2215.0,967.2
271,impersonator,152.6,1.5,287.4,380.2,172.4,1.0,188.7
2374,genuine,169.0,185.0,157.0,171.0,5.0,166.0,350.0
378,impersonator,2.0,29.9,212.9,22.1,54.6,111.9,2.0
148,impersonator,248.8,1928.4,2225.1,1251.4,1065.7,315.7,85.2
103,genuine,226.9,449.5,32.1,234.1,232.8,449.8,15.4
2368,genuine,19.8,1802.7,16.5,21.0,20.5,20.5,20.7
965,genuine,230.5,232.5,433.0,17.0,233.0,233.8,435.9
22,impersonator,72.3,2470.0,1219.8,1415.4,207.4,2028.9,1007.2
172,genuine,13.8,991.6,623.8,12.4,221.7,15.1,17.2
3636,genuine,163.0,165.0,167.0,167.0,166.0,167.0,165.0
1428,genuine,9.0,323.0,334.0,167.0,166.0,168.0,166.0
3667,genuine,17.0,230.0,228.6,233.2,433.2,16.5,233.0
2433,genuine,172.0,174.0,173.0,172.0,173.0,171.0,173.0
483,genuine,434.8,13.4,230.0,233.1,433.5,16.7,433.5
562,impersonator,1405.0,2677.7,1546.6,726.2,283.8,1305.6,1912.6
520,genuine,15.8,17.9,18.8,54.9,54.0,40.9,88.1
36,genuine,17.5,20.1,963.4,835.8,19.0,21.3,20.1
253,impersonator,27.5,618.7,109.5,773.9,88.7,305.8,99.3
181,impersonator,2.0,219.4,511.9,176.9,22.0,59.5,2.0
410,impersonator,2.0,341.7,4.8,147.1,540.9,164.8,2.0
383,impersonator,2.0,257.1,616.1,6.5,10.1,140.7,2.0
529,impersonator,166.5,777.4,157.2,103.4,249.3,292.6,407.7
401,impersonator,58.3,144.8,314.1,444.3,21.2,249.9,259.8
444,impersonator,729.3,1302.1,647.1,1309.7,2210.7,406.4,1613.6
743,impersonator,342.2,641.8,0.0,2.1,181.1,499.4,239.1
2075,genuine,10.4,419.8,1905.1,16.6,18.7,20.4,17.3
268,impersonator,1473.3,2148.1,2432.4,156.3,1389.9,2335.7,2018.7
2552,genuine,171.0,173.0,174.0,172.0,173.0,174.0,171.0
1155,genuine,166.0,167.0,169.0,166.0,166.0,166.0,166.0
127,impersonator,2.0,92.1,27.4,245.3,466.8,115.5,2.0
43,impersonator,2.0,75.5,73.1,104.4,4.1,121.3,2.0
3526,genuine,822.8,389.8,16.4,18.4,18.8,19.1,20.8
1045,genuine,170.0,174.0,168.0,172.0,171.0,171.0,165.0
2773,genuine,181.0,176.0,153.0,169.0,171.0,172.0,8.0
409,impersonator,1757.2,783.1,1129.2,463.3,1153.2,2137.7,921.9
36,impersonator,248.3,142.0,320.8,138.0,153.4,346.0,248.3
4404,genuine,15.7,1197.7,204.4,15.4,19.1,19.6,19.2
1083,genuine,166.0,170.0,170.0,170.0,169.0,168.0,168.0
64,impersonator,489.9,1002.9,48.4,47.1,207.4,113.5,243.2
448,impersonator,2.0,115.6,268.2,761.0,118.2,156.9,2.0
4075,genuine,16.7,18.9,978.2,631.3,21.9,16.6,19.4
3162,genuine,166.0,171.0,171.0,172.0,173.0,171.0,166.0
532,impersonator,122.5,134.2,1083.2,7.4,1.0,101.1,226.6
1302,genuine,169.0,172.0,168.0,172.0,171.0,173.0,167.0
3075,genuine,165.0,183.0,158.0,170.0,168.0,170.0,169.0
582,impersonator,2.0,166.2,113.7,157.6,386.7,116.5,2.0
316,impersonator,2.0,165.9,113.0,74.7,123.6,159.0,2.0
2058,genuine,164.0,166.0,165.0,165.0,165.0,166.0,166.0
2966,genuine,17.3,19.9,981.7,630.9,26.5,18.5,20.4
199,impersonator,42.3,5.0,246.3,1041.7,70.5,31.8,303.8
376,genuine,15.3,230.7,232.2,433.4,16.8,232.4,233.4
87,impersonator,594.8,100.7,67.3,501.9,404.1,238.5,319.3
873,genuine,14.2,232.5,230.9,433.3,15.4,233.2,233.4
380,impersonator,394.3,189.8,432.1,185.4,198.8,85.0,178.4
105,impersonator,299.6,96.7,55.5,60.6,38.0,121.4,312.0
356,impersonator,2.0,71.3,353.3,523.1,355.8,151.6,183.2
744,impersonator,51.1,291.6,340.3,308.7,178.3,276.5,112.7
2284,genuine,193.0,3.0,149.0,350.0,167.0,166.0,166.0
674,impersonator,224.9,367.6,199.5,546.6,163.2,242.1,320.3
576,impersonator,109.4,32.3,309.1,224.8,15.7,1.0,2.0
676,impersonator,157.1,61.8,354.1,185.5,147.6,163.0,452.1
108,impersonator,2.0,14.9,35.6,546.7,69.3,86.2,2.0
204,impersonator,434.3,361.9,208.1,384.2,29.7,288.7,381.8
2148,genuine,173.0,172.0,174.0,171.0,175.0,173.0,173.0
727,impersonator,2.0,167.9,190.0,64.7,229.9,63.7,2.0
607,genuine,165.0,167.0,167.0,166.0,167.0,166.0,169.0
511,impersonator,2300.9,2389.2,380.0,1159.7,266.0,1704.3,1377.4
113,impersonator,136.7,175.0,184.6,251.6,185.9,208.6,64.8
3581,genuine,213.8,231.9,433.3,30.6,219.1,233.3,432.7
69,impersonator,275.2,424.4,63.6,366.1,63.7,171.8,126.4
3117,genuine,170.0,172.0,174.0,171.0,173.0,172.0,172.0
1732,genuine,416.2,15.4,230.6,233.0,16.9,216.0,199.8
541,impersonator,2.0,18.9,191.9,45.9,2.5,133.3,2.0
2161,genuine,19.4,20.9,214.7,216.4,417.6,232.8,449.8
90,impersonator,2.0,453.4,520.5,259.9,47.6,245.8,2.0
604,impersonator,229.1,262.2,150.3,195.7,581.7,1.0,366.7
107,impersonator,2.0,28.5,113.5,89.0,215.8,134.3,2.0
170,impersonator,2.0,748.6,126.7,387.6,1.0,1.0,246.2
1037,genuine,12.6,235.1,233.2,231.9,450.6,31.9,233.6
80,impersonator,115.5,382.8,86.8,578.9,145.9,90.0,128.4
1349,genuine,19.5,22.2,1588.9,18.7,21.7,22.3,179.0
269,impersonator,169.6,100.9,417.1,93.2,12.2,204.2,173.3
825,genuine,2112.8,19.9,18.4,19.3,19.2,19.2,19.1
856,genuine,16.6,23.9,1600.5,16.0,18.5,18.8,18.4
461,impersonator,118.2,74.5,180.5,38.3,165.4,203.1,248.5
2525,genuine,17.7,70.7,56.0,89.0,2009.6,19.8,17.4
142,impersonator,43.0,287.4,321.7,108.7,282.0,71.1,126.0
326,impersonator,46.8,193.1,277.0,815.0,342.9,145.0,57.5
1,impersonator,2.0,660.0,28.8,569.1,5.1,60.6,2.0
373,impersonator,2437.5,2687.2,1484.1,1006.9,1473.0,426.0,1108.2
1427,genuine,171.0,173.0,173.0,173.0,172.0,172.0,173.0
3303,genuine,166.0,167.0,167.0,167.0,167.0,167.0,167.0
3197,genuine,170.0,175.0,174.0,174.0,171.0,173.0,173.0
1668,genuine,165.0,169.0,165.0,166.0,167.0,168.0,169.0
449,genuine,170.0,172.0,175.0,171.0,173.0,175.0,174.0
2726,genuine,25.7,527.3,17.3,18.9,59.0,79.5,31.9
4319,genuine,169.0,173.0,169.0,170.0,172.0,171.0,168.0
918,genuine,167.0,172.0,169.0,170.0,172.0,172.0,167.0
309,impersonator,2.0,169.0,127.1,83.6,31.9,282.8,2.0
452,genuine,16.6,17.1,1408.3,19.1,17.3,22.8,16.1
37,impersonator,34.0,207.7,452.2,118.1,335.9,149.1,104.5
545,impersonator,38.3,184.2,168.1,131.0,28.4,49.6,180.8
2458,genuine,164.0,176.0,159.0,170.0,171.0,172.0,169.0
692,impersonator,620.8,2161.3,1862.8,682.1,564.9,942.0,1314.6
555,impersonator,2287.3,2401.5,383.0,785.6,1350.2,2282.5,1229.6
450,genuine,171.0,171.0,176.0,175.0,171.0,172.0,173.0
789,genuine,14.5,14.4,16.9,17.5,953.6,845.3,15.5
739,impersonator,2.0,239.0,304.8,214.1,222.1,1.0,65.0
4265,genuine,167.0,187.0,16.0,149.0,333.0,167.0,184.0
94,impersonator,2.0,284.0,64.5,201.2,505.5,61.3,2.0
568,impersonator,233.8,16.2,750.6,282.4,91.0,44.2,43.8
2696,genuine,17.6,19.2,972.4,632.4,20.0,16.8,430.7
2904,genuine,13.7,5.0,437.1,231.0,449.8,30.6,234.6
2126,genuine,12.3,232.6,233.1,233.1,200.1,233.0,233.5
282,genuine,168.0,187.0,156.0,171.0,168.0,13.0,166.0
83,impersonator,768.0,1094.3,2073.2,1551.8,1879.0,1499.0,2166.6
2448,genuine,166.0,172.0,169.0,173.0,171.0,171.0,165.0
158,impersonator,189.0,204.9,37.1,181.6,152.4,224.1,47.1
218,impersonator,70.1,116.1,19.5,283.9,52.9,155.2,68.3
4115,genuine,14.6,15.4,976.5,16.2,17.5,17.3,17.1
343,impersonator,729.8,406.4,359.0,123.0,258.0,291.2,224.0
489,impersonator,2.0,164.7,32.3,396.1,22.8,32.1,2.0
1949,genuine,957.4,15.2,18.6,18.2,18.2,24.2,69.4
582,genuine,20.5,15.5,983.2,16.4,17.1,18.2,17.7
483,impersonator,2.0,195.7,342.3,10.0,26.1,67.2,2.0
118,impersonator,254.8,22.8,580.1,380.6,93.9,511.4,273.5
2091,genuine,165.0,168.0,168.0,166.0,167.0,168.0,166.0
1525,genuine,2.0,9.0,644.0,80.0,249.0,12.0,382.0
113,impersonator,1458.6,1431.8,790.1,815.1,412.7,849.1,1731.0
5,impersonator,527.1,291.6,433.0,50.6,75.8,115.1,263.9
2752,genuine,67.6,129.7,76.1,31.6,123.8,31.8,107.9
499,impersonator,2.0,82.0,192.1,176.6,206.1,3.0,186.5
168,impersonator,38.8,33.6,434.7,212.6,27.7,22.3,82.9
1191,genuine,166.0,167.0,170.0,165.0,167.0,168.0,168.0
3838,genuine,837.3,18.8,17.1,18.5,55.8,2234.8,30.1
465,impersonator,159.4,185.8,5.4,135.6,238.4,152.2,227.8
513,impersonator,391.4,220.9,440.1,86.2,67.3,331.2,351.2
1954,genuine,171.0,175.0,175.0,174.0,173.0,175.0,171.0
3132,genuine,164.0,168.0,167.0,167.0,166.0,166.0,166.0
2019,genuine,14.9,17.9,1383.9,14.7,16.8,18.7,843.1
1118,genuine,229.8,233.4,433.8,15.8,233.1,233.2,433.4
161,genuine,14.0,235.3,232.9,450.2,16.0,234.2,231.4
3373,genuine,170.0,175.0,172.0,173.0,172.0,174.0,175.0
1319,genuine,14.0,1203.0,17.3,15.2,16.2,16.5,16.8
457,genuine,172.0,175.0,174.0,174.0,172.0,174.0,171.0
442,impersonator,2354.3,1164.2,1421.3,99.4,946.8,2312.1,2196.9
3566,genuine,164.0,168.0,166.0,16.0,152.0,335.0,168.0
390,impersonator,2.0,27.7,1121.9,745.0,62.5,25.7,2.0
3672,genuine,16.5,18.7,985.4,415.8,20.0,20.4,21.5
2700,genuine,19.4,17.0,18.5,744.6,838.3,20.6,22.3
3558,genuine,12.7,28.6,116.8,63.9,90.2,51.4,27.8
423,impersonator,143.4,185.1,1030.1,2.1,150.1,159.0,508.8
2720,genuine,165.0,178.0,157.0,169.0,169.0,172.0,168.0
161,impersonator,322.4,98.6,555.1,61.1,52.0,126.7,237.3
352,impersonator,2.0,227.8,564.7,76.1,670.3,34.4,2.0
4401,genuine,164.0,172.0,159.0,170.0,168.0,169.0,12.0
1065,genuine,170.0,175.0,174.0,175.0,171.0,174.0,173.0
3375,genuine,164.0,167.0,168.0,15.0,153.0,334.0,166.0
129,impersonator,170.5,145.2,491.6,282.0,173.8,140.0,265.6
572,impersonator,2.0,36.3,617.8,62.7,205.3,276.4,2.0
3026,genuine,17.6,16.6,782.7,18.3,19.6,17.0,18.4
96,impersonator,59.7,613.6,337.8,228.5,1.0,56.4,22.1
4133,genuine,20.1,24.0,60.3,39.6,488.8,18.2,18.7
145,impersonator,121.4,14.9,193.0,1211.2,19.9,40.1,206.5
2769,genuine,429.4,16.4,233.1,233.3,233.4,432.3,16.5
3570,genuine,227.0,450.1,30.6,234.1,233.3,450.5,16.3
3652,genuine,331.0,165.0,167.0,8.0,160.0,333.0,169.0
112,impersonator,2.0,38.0,49.6,162.6,9.3,2.6,2.0
487,impersonator,2.0,13.3,672.8,58.8,239.3,47.3,2.0
724,impersonator,120.5,271.8,57.1,43.4,95.7,152.0,480.4
298,impersonator,214.8,76.0,50.2,56.6,154.4,142.3,75.9
304,impersonator,1501.3,1434.1,822.5,1437.3,1894.3,1833.0,2456.9
209,impersonator,239.0,93.7,50.8,210.7,241.9,103.1,149.4
1721,genuine,172.0,171.0,176.0,175.0,172.0,172.0,172.0
3950,genuine,15.8,18.0,1363.7,428.6,16.9,19.2,17.3
211,impersonator,2.0,124.2,69.6,90.1,349.5,24.2,2.0
2332,genuine,166.0,172.0,172.0,172.0,173.0,170.0,166.0
262,impersonator,2.0,923.5,225.1,652.4,130.4,1.0,11.1
13,impersonator,2.0,77.1,302.8,557.1,457.7,197.2,193.7
2207,genuine,234.1,228.4,233.4,433.2,16.6,233.6,233.0
2012,genuine,171.0,174.0,175.0,173.0,172.0,173.0,172.0
336,impersonator,2.0,44.1,247.7,613.0,39.3,199.2,2.0
4390,genuine,13.8,20.2,55.8,1739.2,12.8,217.1,215.9
608,impersonator,25.3,50.6,1870.9,124.9,1.0,186.7,93.2
192,genuine,169.0,174.0,173.0,173.0,172.0,171.0,174.0
3053,genuine,79.9,39.9,127.2,24.8,83.9,95.6,91.8
715,impersonator,119.5,62.1,372.0,256.0,206.2,28.4,28.3
1247,genuine,165.0,169.0,167.0,169.0,166.0,167.0,167.0
2734,genuine,165.0,170.0,167.0,168.0,167.0,168.0,167.0
20,impersonator,1000.0,596.7,41.9,38.9,181.7,167.3,56.2
418,impersonator,239.0,2.4,1101.9,171.3,211.4,5.7,195.9
398,genuine,432.7,15.6,230.7,233.0,233.3,433.3,16.9
372,impersonator,2.0,148.5,119.4,98.6,323.8,193.7,2.0
4,impersonator,500.6,530.9,58.7,220.6,66.3,147.6,342.5
417,genuine,168.0,187.0,156.0,171.0,170.0,172.0,167.0
1224,genuine,229.0,433.1,16.2,232.9,233.3,233.0,217.0
962,genuine,10.3,2519.3,20.0,13.6,15.6,401.0,17.0
457,impersonator,137.4,111.4,686.7,139.9,27.8,42.7,262.9
126,impersonator,2.0,482.5,3.4,337.4,189.0,295.3,2.0
297,impersonator,448.3,567.2,112.0,110.5,47.5,225.1,100.3
3055,genuine,429.3,16.1,233.0,233.3,433.4,16.5,233.2
2224,genuine,168.0,172.0,168.0,181.0,165.0,168.0,169.0
1931,genuine,171.0,173.0,172.0,171.0,175.0,173.0,173.0
311,impersonator,1284.9,1550.5,258.5,1624.9,1322.4,1666.1,1553.3
3439,genuine,167.0,167.0,167.0,166.0,168.0,167.0,166.0
1786,genuine,181.0,174.0,152.0,170.0,171.0,169.0,171.0
3528,genuine,166.0,167.0,169.0,168.0,167.0,168.0,167.0
1206,genuine,230.0,433.2,16.9,232.8,233.2,433.4,16.8
326,impersonator,123.8,1.5,1041.3,524.3,279.7,69.3,158.5
3353,genuine,14.5,17.6,16.8,64.0,26.4,20.8,187.5
923,genuine,430.3,231.7,233.3,433.9,15.9,233.1,233.1
449,impersonator,532.1,69.0,426.0,339.2,101.6,247.3,165.5
393,impersonator,1480.4,1784.3,1093.4,763.4,1902.9,1713.7,479.3
849,genuine,13.4,232.0,233.0,233.2,433.5,16.5,233.4
4344,genuine,172.0,172.0,173.0,172.0,173.0,174.0,173.0
161,impersonator,504.6,218.0,395.5,210.2,13.2,268.5,2.0
1956,genuine,171.0,171.0,175.0,172.0,172.0,173.0,174.0
2915,genuine,1377.6,19.7,17.8,19.6,19.3,19.6,19.6
1019,genuine,12.6,18.2,970.5,631.2,19.5,16.0,17.9
678,impersonator,353.7,4.5,124.0,220.9,446.8,416.2,119.3
2719,genuine,424.7,16.4,233.0,233.0,232.9,433.3,16.8
578,impersonator,1247.3,312.3,1434.6,2056.3,1680.4,1608.7,2068.3
3146,genuine,230.3,233.2,17.6,216.9,417.6,232.9,232.7
688,impersonator,202.9,452.2,732.0,2.1,1.0,7.7,2.0
2472,genuine,14.4,16.7,1593.7,16.5,16.1,17.1,17.2
260,impersonator,2.0,151.2,391.6,479.2,159.8,104.8,2.0
562,impersonator,220.1,248.9,193.0,32.9,443.7,153.1,54.9
3266,genuine,18.5,21.7,955.0,634.1,18.8,16.8,19.2
190,genuine,170.0,172.0,169.0,171.0,170.0,170.0,166.0
555,impersonator,752.1,229.8,0.0,123.1,182.5,220.4,162.9
2216,genuine,227.7,233.0,433.5,16.6,232.9,233.3,433.3
290,impersonator,247.0,311.0,422.1,60.3,206.3,268.8,2.0
268,impersonator,698.5,87.5,0.0,490.3,371.5,1.4,135.8
1031,genuine,179.0,173.0,157.0,171.0,171.0,11.0,166.0
249,genuine,165.0,167.0,166.0,167.0,165.0,168.0,167.0
3731,genuine,192.6,417.1,233.2,450.8,15.4,232.5,450.6
4314,genuine,165.0,168.0,166.0,167.0,168.0,169.0,167.0
627,impersonator,248.8,131.3,19.6,482.4,46.9,155.2,2.0
321,impersonator,186.0,196.8,0.0,192.0,400.4,195.2,178.9
368,genuine,14.0,168.0,171.0,336.0,18.0,163.0,186.0
189,genuine,166.0,169.0,170.0,169.0,170.0,169.0,170.0
2955,genuine,15.0,1838.7,16.8,18.4,18.6,20.0,16.7
390,genuine,1209.2,19.4,229.5,16.3,18.3,18.5,18.2
1849,genuine,165.0,166.0,167.0,166.0,166.0,167.0,165.0
204,impersonator,2.0,249.9,230.7,53.0,79.8,306.5,2.0
479,impersonator,480.4,11.4,446.7,167.4,447.4,185.2,16.7
372,impersonator,222.6,194.0,124.6,838.4,249.5,22.8,406.3
135,impersonator,332.9,616.7,155.1,19.9,250.6,111.7,22.8
48,impersonator,2.0,189.2,71.8,181.1,218.6,92.4,2.0
3369,genuine,16.6,21.6,1164.0,420.0,16.5,20.1,18.0
1826,genuine,227.7,232.7,232.7,450.2,16.3,232.4,233.8
1887,genuine,166.0,186.0,156.0,169.0,172.0,169.0,170.0
3014,genuine,168.0,186.0,157.0,171.0,170.0,170.0,12.0
539,impersonator,219.6,407.0,352.7,425.0,63.3,26.6,260.1
400,impersonator,200.1,148.8,135.8,162.6,403.0,200.8,192.5
690,impersonator,2.0,99.9,200.9,239.2,1.0,1.0,24.7
172,impersonator,4.0,140.9,235.1,299.3,72.4,181.0,396.2
505,impersonator,2539.2,2676.5,882.6,8.2,2198.3,2257.0,2119.6
587,genuine,223.8,199.5,232.5,233.1,233.4,17.0,416.6
412,impersonator,36.7,197.4,1888.2,202.3,1.0,344.1,137.5
942,genuine,166.0,189.0,15.0,150.0,333.0,166.0,167.0
227,impersonator,451.3,112.2,419.3,2.1,428.0,39.3,218.2
3348,genuine,166.0,170.0,170.0,171.0,171.0,173.0,166.0
336,impersonator,2.0,1.5,554.4,325.0,210.2,352.9,328.8
238,impersonator,65.5,70.6,348.3,360.3,348.4,31.4,160.6
2188,genuine,167.0,172.0,169.0,169.0,170.0,173.0,164.0
115,impersonator,540.0,335.0,0.0,2.1,425.3,414.5,80.8
659,impersonator,221.0,195.8,517.8,36.9,295.2,262.8,188.3
123,impersonator,2.0,199.0,305.6,27.1,190.7,77.1,2.0
507,impersonator,150.4,121.7,130.9,93.2,103.4,354.8,167.6
73,impersonator,5.6,214.2,76.8,293.6,33.6,174.7,38.6
657,impersonator,365.5,3.0,194.3,586.1,52.4,379.2,66.9
3858,genuine,164.0,178.0,156.0,170.0,171.0,172.0,168.0
685,impersonator,1717.0,342.6,2646.7,237.1,1201.1,1121.5,2411.7
736,impersonator,146.8,69.8,307.4,448.3,69.5,220.3,141.3
2447,genuine,1038.2,1482.0,17.5,17.7,18.1,23.2,63.0
2200,genuine,18.5,22.2,960.8,632.5,22.2,18.0,19.0
307,impersonator,2535.8,1649.2,2076.9,541.6,1587.8,1679.2,785.6
4495,genuine,165.0,172.0,171.0,170.0,172.0,169.0,166.0
3856,genuine,424.3,15.1,235.9,17.3,213.1,416.2,433.5
109,impersonator,648.9,27.7,427.2,334.7,1.0,1.0,317.7
4030,genuine,167.0,171.0,172.0,170.0,171.0,171.0,166.0
689,impersonator,82.1,64.0,310.6,318.9,352.2,8.2,152.0
659,impersonator,363.4,598.8,86.1,362.9,185.0,272.1,87.0
51,impersonator,70.9,41.4,49.1,312.4,375.2,50.0,163.6
33,impersonator,2.0,216.7,27.8,15.9,367.5,14.8,2.0
52,impersonator,7.9,648.8,508.1,291.9,222.3,141.7,273.1
715,impersonator,45.0,130.2,502.8,269.0,178.9,57.0,16.3
1622,genuine,15.3,17.7,783.8,420.9,14.9,20.5,16.5
698,impersonator,103.8,702.2,148.1,69.9,248.0,47.9,198.6
584,genuine,167.0,170.0,170.0,170.0,170.0,171.0,168.0
573,impersonator,374.3,550.0,96.1,2.1,170.6,143.2,426.7
476,genuine,165.0,189.0,156.0,171.0,168.0,171.0,169.0
609,impersonator,1141.8,452.0,1094.9,711.2,1416.6,1002.7,2568.1
558,impersonator,2.0,103.1,98.4,18.4,106.0,96.8,2.0
359,impersonator,342.8,1.5,0.0,74.2,433.3,252.5,356.1
992,genuine,164.0,168.0,167.0,167.0,168.0,167.0,167.0
310,impersonator,138.3,129.5,1178.3,330.3,17.5,399.2,204.1
3805,genuine,172.0,171.0,175.0,173.0,173.0,173.0,173.0
14,impersonator,387.7,152.1,46.6,142.5,193.1,707.8,105.7
126,impersonator,2227.3,1475.2,1927.5,79.2,1974.9,1936.4,2442.2
92,impersonator,1329.5,653.4,2483.9,200.3,2055.6,313.8,1204.1
364,impersonator,272.9,233.6,82.8,310.6,276.1,402.0,147.3
59,genuine,169.0,173.0,167.0,173.0,170.0,170.0,168.0
20,impersonator,889.4,2666.8,124.9,532.3,1537.7,2060.3,2376.4
551,impersonator,298.2,27.3,385.4,219.0,1.0,338.8,181.2
360,impersonator,2.0,264.0,259.7,198.4,1.0,33.0,28.4
342,genuine,164.0,182.0,153.0,173.0,8.0,166.0,351.0
69,genuine,448.2,27.3,32.2,200.2,216.5,216.8,199.9
4226,genuine,14.8,1608.7,16.3,18.0,17.3,16.8,19.5
123,impersonator,149.3,166.4,289.5,301.6,127.4,189.9,204.0
3302,genuine,231.5,13.7,216.6,200.1,216.5,215.6,200.0
162,impersonator,2.0,59.9,195.8,81.8,65.1,78.1,2.0
780,genuine,28.0,341.0,177.0,25.0,167.0,171.0,171.0
511,impersonator,96.8,573.6,10.3,111.1,282.3,82.2,43.0
624,genuine,1361.3,20.6,16.1,1441.5,19.1,19.3,19.2
265,genuine,15.6,97.0,60.2,64.0,30.8,113.9,18.1
493,impersonator,337.6,1927.3,642.3,624.8,582.9,597.8,1000.0
1772,genuine,165.0,167.0,169.0,165.0,169.0,169.0,166.0
1299,genuine,165.0,168.0,167.0,167.0,167.0,169.0,166.0
3594,genuine,20.6,26.0,1141.1,623.8,20.6,21.3,21.5
2450,genuine,166.0,185.0,5.0,167.0,333.0,166.0,167.0
293,impersonator,1972.4,1525.3,1042.2,1700.5,863.4,1419.9,237.5
353,impersonator,50.5,357.5,414.3,162.9,4.5,163.9,70.4
3149,genuine,166.0,168.0,167.0,15.0,150.0,333.0,166.0
1341,genuine,198.5,212.6,416.6,233.0,432.6,16.4,16.2
3712,genuine,168.0,189.0,153.0,170.0,13.0,167.0,333.0
3992,genuine,166.0,188.0,15.0,150.0,333.0,167.0,183.0
181,impersonator,89.7,50.5,506.0,224.4,139.7,47.1,18.7
384,impersonator,2.0,58.7,217.2,211.6,168.5,1.0,27.2
4299,genuine,18.1,18.5,964.3,418.1,20.9,21.0,21.1
117,genuine,15.7,17.7,1162.7,422.6,16.8,19.2,19.4
716,genuine,29.8,229.8,25.0,216.6,216.0,416.3,450.4
2139,genuine,14.8,783.0,630.1,16.7,16.1,17.1,827.3
472,impersonator,2.0,74.3,184.3,88.2,149.4,265.2,2.0
2000,genuine,16.3,12.1,215.1,216.5,199.7,216.2,417.2
1036,genuine,15.1,17.5,1402.9,16.5,16.3,422.0,17.2
3029,genuine,228.2,231.8,451.5,30.5,234.0,232.8,450.3
2946,genuine,11.5,17.0,778.5,421.0,17.3,16.1,397.3
1163,genuine,62.7,71.5,1829.7,16.9,14.6,194.4,1056.3
1848,genuine,14.5,218.8,210.9,200.0,216.1,417.1,233.2
2166,genuine,168.0,170.0,168.0,170.0,170.0,171.0,168.0
3,impersonator,3.2,312.1,163.2,93.0,504.4,191.1,2.5
1329,genuine,13.9,16.5,17.2,17.6,1151.1,16.3,16.2
2135,genuine,170.0,174.0,174.0,174.0,172.0,172.0,172.0
4374,genuine,33.9,31.4,767.1,16.4,2121.7,19.7,15.1
486,impersonator,36.7,64.2,122.2,252.3,30.6,54.7,158.3
1511,genuine,216.0,413.1,233.2,433.5,16.3,233.3,233.1
2014,genuine,16.2,21.5,780.7,631.8,20.2,220.7,16.0
731,impersonator,449.6,683.8,0.0,76.7,205.9,185.9,203.8
1507,genuine,16.1,429.3,15.5,233.2,233.2,233.3,433.4
349,impersonator,206.4,1.5,245.8,196.9,107.0,43.7,171.0
283,impersonator,233.0,15.3,233.0,25.6,24.6,14.7,44.9
575,genuine,165.0,3.0,163.0,4.0,329.0,10.0,324.0
48,impersonator,248.9,383.8,209.6,197.9,301.9,172.8,112.8
4,genuine,24.9,629.1,16.7,2092.1,16.1,17.3,17.6
3904,genuine,167.0,165.0,168.0,166.0,168.0,167.0,167.0
2694,genuine,163.0,181.0,155.0,171.0,169.0,171.0,168.0
363,impersonator,2.0,250.6,932.9,36.8,275.7,1.0,132.4
3498,genuine,163.0,168.0,168.0,167.0,168.0,167.0,169.0
1250,genuine,18.8,17.9,17.1,34.7,47.5,32.3,46.3
548,impersonator,2.0,181.3,24.9,199.1,150.3,99.0,2.0
18,impersonator,182.9,26.9,607.9,82.2,187.6,83.3,576.4
372,impersonator,477.0,207.7,368.5,183.4,422.1,188.3,122.4
3537,genuine,164.0,168.0,165.0,168.0,166.0,167.0,166.0
130,impersonator,2.0,591.8,53.9,252.8,25.8,71.2,2.0
194,impersonator,196.7,181.1,176.2,2.1,1.0,16.6,196.2
2314,genuine,50.9,579.7,18.1,18.6,63.6,95.4,12.1
228,impersonator,15.7,82.6,62.0,234.6,178.5,162.5,180.6
581,impersonator,593.6,914.8,1919.3,2124.7,818.1,2322.9,490.0
2484,genuine,19.1,22.7,18.6,956.0,19.1,19.9,20.7
556,impersonator,724.4,624.3,30.5,10.7,229.2,371.8,66.1
99,impersonator,176.2,61.8,0.0,111.6,311.1,138.3,397.0
221,impersonator,278.2,395.0,0.0,468.3,22.7,2.7,86.4
710,genuine,16.1,14.2,10.4,429.7,216.2,417.9,232.6
1450,genuine,15.7,16.0,788.0,417.4,17.0,18.5,18.9
177,impersonator,91.8,2062.8,191.2,56.7,53.3,223.4,417.3
318,impersonator,333.1,108.9,306.3,221.0,114.7,1.0,105.4
1528,genuine,164.0,183.0,156.0,172.0,5.0,167.0,350.0
352,genuine,180.0,171.0,159.0,168.0,171.0,169.0,10.0
540,impersonator,423.4,158.1,0.0,2.1,330.1,180.3,281.3
508,impersonator,19.7,2.8,1898.6,729.1,45.9,104.6,166.3
1331,genuine,1642.7,1052.6,18.6,19.1,39.9,79.4,71.9
78,impersonator,2.0,281.6,725.9,449.2,545.8,19.9,2.5
661,impersonator,2340.1,1735.0,209.6,457.4,2051.5,1099.1,1219.8
743,genuine,171.0,173.0,176.0,173.0,174.0,173.0,172.0
3116,genuine,17.0,21.9,770.5,207.0,19.5,622.9,16.4
14,impersonator,189.5,348.0,0.0,235.2,254.7,728.4,120.4
360,impersonator,111.1,82.7,673.5,394.1,7.3,90.1,76.8
165,impersonator,156.5,590.9,0.0,63.4,199.7,332.0,132.5
546,genuine,163.0,189.0,153.0,171.0,169.0,170.0,167.0
399,impersonator,2.0,128.1,225.2,153.1,207.4,94.8,2.0
1165,genuine,14.9,21.1,436.7,232.0,450.3,32.6,233.2
1192,genuine,14.5,16.2,1389.8,17.1,15.9,16.7,16.8
2325,genuine,171.0,175.0,175.0,174.0,172.0,174.0,172.0
92,impersonator,306.7,181.6,107.9,590.4,13.0,285.5,119.0
3690,genuine,229.6,233.0,432.9,16.6,233.2,233.2,233.4
96,genuine,228.9,233.0,432.6,17.0,232.5,217.0,16.6
611,impersonator,287.4,35.2,378.6,827.7,492.1,268.3,176.3
499,impersonator,123.7,82.3,433.8,437.3,14.8,426.2,89.5
1749,genuine,195.4,216.3,216.4,416.6,233.2,233.3,433.5
436,impersonator,355.9,254.6,647.7,478.5,1.0,1.0,58.7
3711,genuine,170.0,172.0,174.0,171.0,172.0,175.0,170.0
149,impersonator,93.0,395.8,31.1,21.4,116.5,475.6,435.9
1248,genuine,14.0,15.8,16.6,18.0,80.1,63.6,95.9
1738,genuine,16.6,15.1,18.7,25.4,88.3,35.3,63.8
534,impersonator,2.0,218.0,376.2,6.4,5.7,179.6,2.0
4098,genuine,300.5,16.9,31.5,23.5,126.9,9.9,71.4
3609,genuine,170.0,172.0,175.0,175.0,171.0,172.0,173.0
137,impersonator,286.3,298.4,796.8,476.9,1.3,44.1,184.8
536,impersonator,2.0,152.2,237.1,69.3,198.5,186.5,414.8
3016,genuine,226.4,449.9,30.9,233.5,232.7,450.9,16.1
200,impersonator,62.3,1.5,279.3,506.7,187.2,1.0,2.0
4250,genuine,195.7,216.3,216.5,199.9,417.2,233.0,433.6
2399,genuine,15.4,17.4,975.6,422.3,15.4,17.8,18.9
643,genuine,31.8,630.5,17.7,17.9,39.2,55.4,2422.3
4111,genuine,17.4,20.2,1583.8,16.5,23.4,18.7,20.1
4164,genuine,165.0,167.0,167.0,165.0,167.0,169.0,167.0
370,impersonator,129.7,7.4,365.9,338.8,141.2,147.3,24.4
466,impersonator,1686.1,2279.7,1289.8,1604.0,527.4,1439.9,1431.6
19,impersonator,2483.6,1645.4,34.9,1232.1,1436.2,604.4,1768.5
2301,genuine,172.0,175.0,174.0,173.0,171.0,172.0,171.0
339,impersonator,161.4,363.1,392.8,2.1,193.9,470.9,60.8
115,impersonator,349.9,461.8,8.7,250.0,524.1,424.7,142.6
497,impersonator,2.0,655.3,37.6,167.5,611.6,53.4,4.6
933,genuine,229.8,448.7,17.0,232.6,233.3,233.0,433.6
350,impersonator,114.2,30.6,245.2,16.1,45.2,66.1,180.7
611,impersonator,897.8,428.4,406.5,993.7,664.4,773.1,1629.5
3563,genuine,167.0,166.0,167.0,167.0,164.0,166.0,167.0
1213,genuine,165.0,167.0,169.0,167.0,166.0,167.0,167.0
633,impersonator,123.9,59.1,199.6,357.1,79.7,158.5,66.0
327,impersonator,766.4,1153.3,2668.7,1563.6,484.2,177.2,493.3
107,impersonator,188.1,367.8,602.2,268.1,173.7,182.8,2.0
101,impersonator,1147.9,737.8,2652.5,697.6,466.2,1343.9,709.4
1636,genuine,209.5,232.7,233.7,233.3,449.8,17.0,232.7
2140,genuine,169.0,171.0,171.0,170.0,172.0,172.0,168.0
4017,genuine,45.7,48.0,57.0,10.8,79.8,95.7,72.1
107,impersonator,426.6,43.5,262.7,107.2,24.1,57.0,73.9
1452,genuine,164.0,180.0,157.0,171.0,172.0,169.0,170.0
626,impersonator,2.0,1.5,75.8,381.5,65.4,324.0,307.7
647,impersonator,491.7,1.5,327.5,738.2,1.0,105.7,82.4
280,impersonator,7.7,31.0,367.1,183.6,281.0,259.8,149.7
4339,genuine,180.0,180.0,150.0,171.0,169.0,13.0,167.0
996,genuine,17.0,798.9,401.3,18.7,18.2,18.4,19.1
1941,genuine,17.5,21.9,104.6,1492.5,20.3,19.4,19.6
727,impersonator,326.6,206.4,202.0,336.3,263.1,123.5,143.3
410,impersonator,398.9,59.4,0.0,131.8,537.3,401.0,26.5
1532,genuine,11.0,172.0,326.0,172.0,168.0,170.0,170.0
109,impersonator,84.6,495.0,121.6,680.3,27.2,56.4,299.9
643,impersonator,2.0,345.5,325.6,50.3,389.4,61.6,2.0
298,impersonator,158.9,182.6,54.1,161.2,90.2,206.7,206.7
23,impersonator,252.7,324.6,536.9,524.6,277.4,1.0,2.0
3225,genuine,165.0,169.0,166.0,167.0,168.0,167.0,168.0
3851,genuine,169.0,171.0,170.0,171.0,173.0,169.0,166.0
239,impersonator,755.9,376.9,1721.7,1989.1,2041.4,994.9,1162.6
3996,genuine,164.0,183.0,165.0,166.0,166.0,166.0,168.0
554,impersonator,384.7,263.0,481.5,61.3,359.3,56.6,68.0
72,impersonator,2.0,17.9,265.2,162.2,15.8,54.0,2.0
4402,genuine,163.0,168.0,168.0,167.0,165.0,164.0,167.0
594,impersonator,194.7,770.3,185.1,168.9,214.0,392.1,325.1
847,genuine,84.9,44.5,39.4,137.1,14.6,128.5,63.8
1442,genuine,1581.9,14.9,20.2,196.5,19.8,16.6,16.6
333,genuine,172.0,174.0,174.0,172.0,172.0,174.0,173.0
113,impersonator,2.0,157.1,399.9,216.4,234.7,56.0,2.0
4001,genuine,60.5,910.9,17.8,18.8,17.9,18.2,75.0
690,genuine,229.3,233.0,16.3,216.3,417.0,233.2,433.0
3194,genuine,16.0,785.5,420.1,16.0,16.9,17.6,17.9
357,genuine,173.0,172.0,175.0,173.0,174.0,175.0,172.0
854,genuine,168.0,174.0,170.0,172.0,170.0,172.0,167.0
625,impersonator,2.0,143.3,83.6,211.1,48.9,76.2,2.0
675,impersonator,2.0,5.9,299.4,640.1,205.5,155.0,436.8
535,impersonator,2111.1,2310.5,196.3,871.1,989.6,1701.9,1540.3
2661,genuine,164.0,168.0,166.0,165.0,167.0,165.0,169.0
289,genuine,166.0,168.0,167.0,165.0,169.0,167.0,169.0
2369,genuine,18.4,17.3,967.5,421.9,15.8,19.1,19.8
4006,genuine,19.8,16.8,581.7,17.0,17.5,19.5,16.5
294,impersonator,2.0,169.2,71.5,346.5,167.5,96.9,2.0
3747,genuine,164.0,168.0,165.0,167.0,169.0,166.0,168.0
54,impersonator,2253.9,2545.9,1198.8,664.8,2017.4,2384.6,2630.1
543,impersonator,2.0,19.2,683.4,412.2,154.6,182.3,2.0
1606,genuine,164.0,349.0,150.0,171.0,12.0,167.0,333.0
352,impersonator,2.0,812.9,0.0,40.0,251.3,1.0,226.6
480,genuine,28.3,37.4,55.6,546.3,17.0,17.1,17.0
491,impersonator,146.7,15.1,208.2,306.8,228.1,31.5,305.9
2669,genuine,13.4,598.6,415.9,16.5,19.1,18.9,18.5
273,impersonator,153.1,192.8,235.6,214.9,184.6,372.9,237.2
164,impersonator,39.2,51.9,142.0,157.0,35.2,27.7,138.3
434,impersonator,111.1,112.2,63.4,61.5,391.6,214.2,230.8
541,impersonator,121.6,259.3,1048.0,35.8,170.2,494.2,37.1
2102,genuine,171.0,171.0,175.0,173.0,173.0,173.0,174.0
446,genuine,138.8,127.0,31.3,267.0,10.5,16.8,16.2
161,impersonator,458.4,1054.9,1854.5,721.8,2124.1,1540.8,1845.1
2831,genuine,12.7,212.7,432.6,232.5,450.5,15.7,232.7
188,impersonator,2.0,344.4,956.6,306.7,414.8,294.9,83.6
3573,genuine,166.0,168.0,169.0,169.0,169.0,170.0,171.0
4166,genuine,232.4,229.8,233.4,433.1,16.3,232.0,233.2
1273,genuine,171.0,173.0,172.0,173.0,174.0,176.0,174.0
3092,genuine,429.5,15.8,232.9,233.2,433.3,16.8,232.7
48,impersonator,202.5,158.2,163.6,82.1,246.5,118.7,84.2
742,impersonator,2.0,234.8,617.7,213.2,221.0,204.8,180.4
721,impersonator,2.0,88.0,163.9,477.8,600.7,236.6,2.0
50,impersonator,2.0,207.7,512.7,4.8,84.9,62.0,2.0
3976,genuine,19.9,16.1,963.8,632.0,18.5,15.1,18.8
552,genuine,171.0,174.0,175.0,172.0,172.0,173.0,172.0
2357,genuine,170.0,173.0,174.0,173.0,173.0,174.0,174.0
408,impersonator,1594.9,1191.6,1815.1,822.9,2149.2,1860.2,1887.9
2505,genuine,14.6,18.7,1166.3,422.7,15.2,18.2,18.5
156,impersonator,137.3,887.3,41.0,2.1,476.9,176.5,207.1
549,genuine,417.1,228.3,433.5,16.2,233.3,16.3,216.5
242,impersonator,393.0,716.5,331.7,2.1,8.4,184.7,331.3
53,impersonator,17.5,152.8,117.2,154.8,708.4,206.9,903.6
226,impersonator,164.5,123.9,148.3,135.7,120.7,120.2,137.7
506,impersonator,176.5,82.5,87.4,2.1,61.5,1.0,32.1
608,impersonator,464.0,129.0,2641.3,297.5,795.6,997.6,622.4
1212,genuine,171.0,172.0,174.0,174.0,172.0,173.0,174.0
2089,genuine,51.8,1720.0,20.2,20.5,19.3,20.1,20.3
2621,genuine,165.0,167.0,16.0,484.0,8.0,17.0,311.0
2566,genuine,166.0,187.0,155.0,169.0,169.0,169.0,171.0
180,impersonator,437.5,644.9,339.1,87.1,300.2,331.9,156.3
3909,genuine,166.0,166.0,168.0,165.0,168.0,167.0,167.0
280,genuine,413.5,235.8,232.8,450.0,15.9,232.9,232.2
3382,genuine,232.5,229.7,216.9,233.2,233.3,233.3,433.3
178,impersonator,234.5,20.2,451.8,254.6,270.9,279.5,229.2
270,impersonator,273.9,46.9,398.1,219.7,286.4,480.1,135.4
557,impersonator,203.4,486.2,23.0,5.0,228.3,397.0,471.0
698,impersonator,349.9,428.5,339.8,43.3,49.8,354.8,74.9
2905,genuine,13.7,234.0,229.4,232.8,233.0,200.0,233.0
4337,genuine,165.0,190.0,154.0,172.0,168.0,169.0,11.0
478,impersonator,32.0,1.5,644.9,170.3,243.8,183.3,175.0
336,impersonator,7.4,193.6,27.8,58.5,203.8,42.8,13.5
335,impersonator,2.0,72.0,84.2,367.6,91.3,121.3,2.0
2601,genuine,231.4,230.4,233.8,233.3,16.2,216.1,200.0
498,genuine,164.0,186.0,156.0,171.0,170.0,170.0,11.0
686,impersonator,2164.6,1863.4,642.6,2110.4,1875.9,1053.7,1106.0
417,impersonator,268.5,6.3,85.2,1027.7,183.0,172.0,201.2
2776,genuine,172.0,173.0,173.0,172.0,172.0,224.0,165.0
4372,genuine,166.0,167.0,167.0,167.0,168.0,166.0,167.0
4422,genuine,164.0,166.0,169.0,166.0,168.0,165.0,168.0
4425,genuine,19.3,18.1,19.4,969.7,20.2,21.5,21.0
586,impersonator,317.9,98.8,58.9,423.5,58.7,65.4,60.6
2854,genuine,14.0,223.4,232.7,432.4,17.2,16.1,216.4
24,impersonator,1996.4,604.6,2403.4,1212.7,43.9,117.3,321.7
1846,genuine,166.0,173.0,169.0,172.0,169.0,172.0,166.0
892,genuine,17.7,19.9,18.1,1150.6,20.0,20.3,19.5
2944,genuine,170.0,171.0,173.0,175.0,172.0,174.0,172.0
3391,genuine,14.9,18.9,336.9,1046.1,19.2,17.0,15.8
1073,genuine,11.0,170.0,326.0,171.0,170.0,10.0,167.0
3,impersonator,83.6,585.1,0.0,2.1,469.2,310.6,520.0
2079,genuine,18.7,18.5,1008.6,22.7,16.4,17.3,18.3
4255,genuine,166.0,168.0,169.0,168.0,167.0,167.0,167.0
77,impersonator,124.8,21.5,1585.8,104.3,23.4,171.3,2.0
385,impersonator,296.8,629.4,8.0,278.2,605.9,235.0,567.6
4095,genuine,167.0,168.0,166.0,166.0,167.0,169.0,165.0
25,impersonator,1546.2,180.7,0.0,134.1,608.0,292.2,1947.7
323,impersonator,262.9,144.7,179.4,2.1,1333.1,70.7,83.3
3221,genuine,19.4,18.8,19.6,540.9,19.5,19.9,19.8
189,impersonator,49.5,306.1,566.2,442.7,46.1,235.4,133.9
226,impersonator,2.0,72.4,98.3,272.5,121.0,59.1,2.0
154,impersonator,162.1,572.6,100.8,30.2,111.2,220.3,86.9
685,impersonator,611.5,1.5,0.0,653.4,1.0,171.0,43.9
375,impersonator,233.8,113.1,31.0,713.0,452.8,85.2,30.3
2534,genuine,2337.3,189.6,18.5,51.3,79.8,48.1,40.2
2133,genuine,172.0,173.0,176.0,171.0,173.0,173.0,172.0
448,impersonator,204.8,184.8,25.2,211.3,241.5,38.4,8.6
567,genuine,172.0,174.0,176.0,174.0,173.0,174.0,171.0
108,impersonator,1167.4,2253.4,2425.7,746.1,673.0,426.1,1023.4
421,impersonator,33.4,358.8,457.5,75.3,113.9,72.7,58.2
2261,genuine,13.7,225.9,233.5,233.6,449.4,16.0,233.1
2647,genuine,180.0,172.0,157.0,171.0,171.0,169.0,10.0
156,impersonator,375.0,678.0,199.2,51.0,135.7,599.3,183.5
92,impersonator,2.0,202.9,967.7,11.2,44.8,203.5,186.4
2714,genuine,17.6,1780.7,19.4,20.4,18.2,19.7,20.0
1658,genuine,212.1,231.5,232.6,233.7,450.0,15.5,232.8
1441,genuine,17.2,17.9,18.5,18.1,37.7,67.4,38.2
394,impersonator,26.9,222.4,179.4,728.5,217.9,371.3,1247.5
2619,genuine,16.1,790.2,210.8,19.7,20.1,19.4,19.0
696,impersonator,2.0,133.2,397.6,214.3,82.9,258.7,2.0
1596,genuine,17.9,16.8,19.1,19.5,28.7,63.7,74.3
2616,genuine,231.7,229.9,250.0,450.0,33.0,233.3,233.3
1493,genuine,169.0,175.0,173.0,173.0,174.0,172.0,173.0
379,impersonator,215.8,2642.7,1034.3,1020.9,84.0,217.1,1539.2
3640,genuine,172.0,174.0,172.0,174.0,172.0,175.0,172.0
1430,genuine,415.6,14.6,231.6,233.1,433.5,16.5,233.2
635,impersonator,281.7,119.7,203.9,125.2,227.7,171.7,406.2
669,genuine,165.0,167.0,167.0,165.0,166.0,169.0,167.0
4313,genuine,18.3,210.7,215.0,199.5,417.0,231.7,232.9
82,impersonator,38.4,1.5,894.9,636.3,1.0,53.4,314.1
221,impersonator,321.1,245.2,144.3,527.9,228.8,78.2,147.8
2426,genuine,166.0,168.0,168.0,168.0,168.0,166.0,167.0
748,genuine,21.4,20.6,8.6,946.4,17.5,17.7,1223.6
136,impersonator,2.0,29.0,176.9,2.1,584.7,385.5,356.0
453,genuine,162.0,166.0,166.0,168.0,164.0,167.0,168.0
2132,genuine,17.2,43.1,48.5,320.9,19.1,26.9,79.8
2425,genuine,330.0,168.0,167.0,168.0,170.0,166.0,165.0
3067,genuine,16.1,17.7,1407.3,17.0,17.3,19.7,19.9
383,impersonator,24.5,11.2,497.9,528.9,72.0,524.1,264.9
2889,genuine,170.0,173.0,176.0,175.0,173.0,171.0,173.0
1521,genuine,164.0,183.0,157.0,171.0,5.0,167.0,334.0
194,impersonator,352.6,340.6,230.3,63.9,34.9,10.0,113.7
580,impersonator,469.0,758.6,664.9,1584.6,299.8,796.2,252.8
3307,genuine,171.0,172.0,174.0,173.0,173.0,172.0,174.0
4120,genuine,15.3,216.0,413.8,233.1,433.6,16.2,233.4
1367,genuine,172.0,171.0,174.0,171.0,174.0,172.0,173.0
430,genuine,163.0,165.0,167.0,167.0,164.0,167.0,167.0
326,impersonator,918.9,94.4,1614.1,2067.0,631.1,1250.6,2340.0
1219,genuine,16.4,21.2,743.0,17.1,18.3,17.6,18.3
651,impersonator,49.2,199.4,151.5,43.8,1.0,201.9,2.0
2389,genuine,16.9,17.8,791.5,19.3,21.0,20.0,16.2
4398,genuine,166.0,173.0,169.0,170.0,171.0,172.0,165.0
728,impersonator,227.3,532.7,401.9,2.1,461.3,125.0,2.0
280,impersonator,46.9,163.5,98.8,628.8,184.3,296.0,107.3
748,impersonator,635.6,453.6,0.0,469.3,342.0,229.4,22.6
450,impersonator,2.0,222.8,871.0,99.5,465.3,297.6,2.0
1393,genuine,172.0,173.0,174.0,174.0,173.0,172.0,172.0
711,impersonator,335.1,182.7,610.0,165.5,104.4,256.5,179.4
89,impersonator,65.5,580.5,202.2,401.8,5.9,174.4,94.7
272,impersonator,144.4,924.9,11.4,112.2,273.1,268.0,501.2
1148,genuine,166.0,171.0,170.0,171.0,171.0,172.0,165.0
533,impersonator,2.0,63.7,271.0,1064.8,37.7,4.6,2.0
1556,genuine,15.6,17.0,1173.8,417.4,16.5,17.8,17.9
383,impersonator,230.1,404.7,323.6,217.2,1.0,464.7,121.7
2440,genuine,20.6,19.5,19.5,769.2,21.5,19.6,20.9
3935,genuine,14.0,16.0,1377.1,641.4,24.1,14.6,18.2
474,impersonator,123.8,1.5,1330.5,267.8,1.0,192.1,5.9
64,genuine,166.0,172.0,169.0,170.0,172.0,171.0,165.0
274,impersonator,346.3,356.5,260.2,150.7,1.0,157.0,241.7
1395,genuine,164.0,187.0,154.0,171.0,171.0,170.0,168.0
60,impersonator,530.3,1985.3,1475.6,1628.0,600.4,772.1,148.4
346,impersonator,719.5,1639.9,1048.9,395.5,1672.9,502.7,1490.5
87,impersonator,2.0,321.1,427.9,5.4,463.3,86.1,2.0
4412,genuine,166.0,166.0,169.0,165.0,166.0,168.0,167.0
4216,genuine,229.1,447.6,14.9,233.7,233.1,450.5,16.4
2859,genuine,163.0,166.0,168.0,165.0,167.0,166.0,164.0
1272,genuine,235.6,225.6,433.4,16.9,232.8,233.3,16.6
3110,genuine,411.3,232.5,233.8,449.3,16.4,231.8,233.4
660,impersonator,193.9,232.2,199.0,63.5,89.4,417.2,181.8
258,genuine,18.0,16.7,798.7,16.8,16.9,16.9,17.5
1619,genuine,167.0,190.0,156.0,170.0,169.0,171.0,9.0
549,impersonator,225.8,1.5,352.8,731.9,197.4,66.0,54.5
412,impersonator,411.8,102.2,162.7,969.1,137.8,72.5,95.7
675,impersonator,2.0,174.0,273.5,7.1,46.9,80.3,2.0
3241,genuine,12.7,19.4,1171.6,630.4,18.6,16.4,19.0
118,impersonator,76.6,84.7,138.3,776.4,17.4,472.3,119.4
3769,genuine,163.0,165.0,167.0,166.0,165.0,165.0,165.0
3956,genuine,20.4,20.0,600.3,17.4,18.6,19.9,20.2
4046,genuine,171.0,175.0,173.0,175.0,171.0,174.0,174.0
2618,genuine,170.0,173.0,174.0,174.0,173.0,171.0,173.0
429,impersonator,2.0,1.5,0.0,758.2,363.2,46.7,25.8
3890,genuine,330.0,168.0,167.0,168.0,167.0,166.0,169.0
3457,genuine,165.0,171.0,172.0,172.0,170.0,171.0,166.0
2240,genuine,15.2,1241.3,15.3,16.8,16.6,17.5,17.8
3397,genuine,232.6,429.5,16.3,233.1,433.7,16.5,16.3
3603,genuine,230.2,16.0,216.7,218.5,199.7,418.0,232.0
660,impersonator,398.2,271.3,43.5,398.8,150.5,223.5,563.2
719,impersonator,200.7,14.3,745.2,155.4,123.7,73.2,165.0
3487,genuine,164.0,183.0,151.0,172.0,170.0,7.0,168.0
68,impersonator,985.6,274.1,25.1,65.5,466.7,385.8,211.7
418,impersonator,2.0,819.9,814.6,497.6,92.3,1.0,48.3
488,impersonator,26.0,23.4,496.4,201.1,61.0,26.6,4.4
3872,genuine,14.2,12.4,441.1,449.5,31.3,233.9,232.9
69,impersonator,1472.4,1160.6,1976.2,958.3,1423.8,1216.7,1454.6
683,impersonator,148.2,246.9,260.2,218.3,172.0,19.6,47.9
1767,genuine,168.0,171.0,169.0,172.0,171.0,175.0,161.0
3584,genuine,16.7,1609.5,18.0,17.4,20.6,17.9,16.9
516,impersonator,43.3,411.6,217.4,272.2,268.6,229.9,162.8
632,impersonator,199.7,275.2,137.3,403.2,598.5,123.6,393.3
290,impersonator,761.1,1599.4,1327.4,1699.8,1666.7,1143.1,1919.6
11,impersonator,261.0,1122.7,208.1,192.2,141.6,166.4,58.3
311,impersonator,126.1,234.3,399.8,2.1,286.3,179.0,207.4
405,impersonator,2.0,156.0,585.3,209.2,314.6,268.0,2.0
507,impersonator,136.4,232.0,96.3,121.1,312.9,181.6,97.6
3688,genuine,412.5,232.8,433.0,16.7,233.2,233.2,233.0
3388,genuine,19.1,17.9,129.5,1469.6,20.9,19.2,20.2
166,impersonator,2.0,58.5,931.8,34.6,22.3,15.0,2.0
1989,genuine,170.0,172.0,173.0,175.0,173.0,174.0,173.0
660,impersonator,444.0,614.3,0.0,296.6,1.0,205.1,473.8
4026,genuine,443.4,32.2,232.6,233.4,450.7,31.4,233.5
267,impersonator,235.6,602.2,750.0,56.0,54.8,125.8,365.4
383,impersonator,182.3,38.0,155.3,861.9,57.1,456.6,155.9
184,impersonator,2017.0,407.8,1049.9,1988.1,2056.9,611.8,1384.3
25,impersonator,3.2,365.9,0.4,50.3,436.0,228.0,2.0
378,impersonator,329.6,600.6,885.6,306.3,1.0,65.2,2.0
111,impersonator,1896.2,2242.4,1279.1,1749.9,2204.0,298.0,1491.2
307,impersonator,15.0,201.2,56.3,71.9,241.3,198.6,589.6
31,impersonator,2.0,339.6,414.3,39.0,123.3,45.2,2.0
246,impersonator,50.0,215.4,1076.9,78.5,205.8,16.6,15.4
549,impersonator,980.1,1664.5,2581.0,619.5,605.0,745.4,1010.3
3389,genuine,229.6,432.4,15.9,234.1,233.4,232.3,434.6
763,genuine,443.8,28.5,235.3,31.0,200.5,216.4,618.7
3862,genuine,17.5,17.4,783.2,631.8,20.1,16.7,17.6
355,impersonator,66.0,155.7,44.2,211.1,329.1,98.4,106.4
183,impersonator,42.7,102.8,503.8,2.1,1.0,63.8,25.6
4323,genuine,17.1,14.9,1390.0,17.1,16.1,16.7,16.6
59,impersonator,700.6,351.2,198.4,390.1,290.7,363.2,315.2
647,impersonator,3.7,23.2,1252.3,30.1,100.0,98.9,163.9
372,impersonator,336.5,1852.0,178.3,1932.4,1744.7,1888.6,2328.1
637,impersonator,2.0,43.8,372.9,145.9,284.8,17.7,2.0
296,impersonator,2.0,110.8,158.3,164.5,215.4,36.6,2.0
478,impersonator,2.0,577.1,288.8,18.9,2.8,133.8,2.0
196,impersonator,2.0,246.4,133.4,334.5,487.0,182.5,175.5
428,genuine,166.0,167.0,168.0,165.0,168.0,168.0,167.0
1236,genuine,21.1,18.4,599.2,206.5,18.1,18.5,19.3
727,genuine,412.1,14.5,15.7,16.9,16.7,16.2,16.7
425,impersonator,153.5,760.0,70.4,26.7,271.8,616.5,171.9
2147,genuine,164.0,179.0,154.0,172.0,170.0,170.0,169.0
411,impersonator,122.8,248.4,550.2,28.0,175.0,364.7,494.6
4493,genuine,164.0,169.0,168.0,170.0,168.0,169.0,170.0
128,impersonator,2.0,23.1,560.2,489.2,247.5,182.8,2.0
3936,genuine,170.0,168.0,169.0,174.0,179.0,165.0,173.0
504,impersonator,888.0,763.7,2438.6,162.6,1280.5,1417.3,1997.3
3660,genuine,229.5,232.0,16.3,216.6,416.5,234.0,433.1
185,impersonator,2239.3,120.3,20.4,358.0,222.4,54.9,22.6
2998,genuine,153.0,174.0,170.0,169.0,171.0,171.0,166.0
389,impersonator,2307.9,1909.2,598.5,1233.6,587.3,1617.5,925.4
1937,genuine,228.4,433.0,16.6,233.1,16.5,216.2,200.1
549,impersonator,60.9,83.4,237.9,19.5,15.5,125.9,142.4
3407,genuine,164.0,168.0,167.0,166.0,167.0,166.0,168.0
254,impersonator,289.7,381.4,189.2,307.4,3.1,68.8,22.1
51,impersonator,60.5,148.8,31.7,397.5,83.4,235.9,60.9
201,impersonator,92.3,19.2,270.9,500.0,193.1,14.5,171.6
1990,genuine,7.0,325.0,333.0,167.0,167.0,169.0,166.0
4347,genuine,230.8,230.8,233.3,433.3,16.5,233.1,433.5
185,impersonator,114.1,589.0,578.8,54.0,698.8,35.1,329.2
562,genuine,168.0,172.0,169.0,171.0,170.0,171.0,165.0
659,impersonator,2.0,437.3,39.0,102.7,232.6,152.5,2.0
95,genuine,431.2,15.9,232.0,233.1,233.5,433.4,16.5
3176,genuine,163.0,169.0,171.0,170.0,171.0,169.0,168.0
339,impersonator,989.5,1991.6,503.8,1536.0,2092.9,793.9,2034.1
3080,genuine,15.0,44.4,1153.9,16.6,17.6,17.6,17.8
3175,genuine,2235.3,17.4,12.0,16.7,16.4,17.0,16.9
463,impersonator,1499.1,43.4,0.0,224.8,378.0,565.2,82.0
355,impersonator,162.8,1.5,164.9,120.7,58.0,321.3,182.4
314,genuine,18.3,16.2,20.6,16.8,1002.3,17.0,16.8
1620,genuine,416.4,229.1,233.4,432.4,16.7,233.0,434.3
1699,genuine,164.0,186.0,156.0,170.0,169.0,171.0,170.0
279,impersonator,340.5,267.8,44.4,2.1,1091.8,174.4,161.2
381,impersonator,210.5,179.1,153.2,135.4,241.4,285.1,163.4
135,impersonator,273.3,773.8,391.2,41.0,351.6,207.9,77.6
1930,genuine,85.0,96.2,67.3,188.5,139.9,100.0,95.7
698,impersonator,2.0,143.5,80.7,268.4,266.0,358.2,2.0
45,impersonator,120.5,144.9,175.8,733.4,163.4,25.7,104.0
631,impersonator,317.7,827.8,278.0,877.8,808.7,236.0,220.5
216,impersonator,2.0,291.1,511.8,72.1,32.6,5.8,2.0
4320,genuine,16.2,22.6,1163.2,632.4,20.6,17.3,17.1
1587,genuine,339.0,362.0,158.0,177.0,178.0,173.0,173.0
662,impersonator,1860.3,427.6,2431.0,345.9,718.6,1864.4,1310.1
4213,genuine,12.5,232.7,233.1,433.2,16.9,232.9,232.5
41,impersonator,23.9,3.9,607.2,254.6,8.6,69.8,23.9
681,impersonator,113.2,49.7,919.4,71.4,1.0,121.7,440.1
12,impersonator,2087.0,1712.6,673.0,1063.8,1180.2,28.0,1293.4
565,impersonator,184.0,57.8,187.2,2.1,513.2,197.2,112.3
1996,genuine,16.2,18.3,17.8,19.2,17.1,65.1,24.1
625,impersonator,360.2,1.5,508.5,268.3,102.9,80.0,50.6
556,genuine,582.1,418.9,16.6,16.6,16.9,17.2,63.7
648,genuine,184.0,184.0,185.0,189.0,174.0,168.0,172.0
203,impersonator,246.2,15.6,266.4,338.8,374.5,3.7,71.1
2591,genuine,7.0,322.0,333.0,166.0,166.0,167.0,169.0
201,impersonator,2.0,46.1,465.7,33.2,38.8,5.9,2.0
1471,genuine,171.0,173.0,174.0,173.0,176.0,174.0,173.0
38,impersonator,142.5,44.6,68.1,372.6,224.0,155.5,201.4
1346,genuine,164.0,183.0,153.0,171.0,9.0,167.0,333.0
788,genuine,166.0,170.0,170.0,172.0,171.0,171.0,166.0
3354,genuine,15.4,230.7,230.9,16.0,216.5,416.6,233.2
478,impersonator,2198.6,48.4,1679.1,1914.3,2154.0,1194.3,1645.6
2559,genuine,20.6,16.0,16.0,611.8,215.1,16.7,16.7
121,impersonator,52.1,393.3,432.3,391.8,228.7,1.0,186.0
291,impersonator,247.4,2146.4,1990.5,1899.7,861.1,330.3,2025.8
203,genuine,17.3,19.4,17.9,773.1,18.6,18.8,21.1
2626,genuine,15.1,1171.9,421.2,15.2,17.4,17.1,18.0
3677,genuine,171.0,173.0,174.0,172.0,174.0,174.0,173.0
3608,genuine,1265.2,16.6,17.8,19.9,2048.6,17.8,19.9
2758,genuine,170.0,173.0,173.0,173.0,174.0,173.0,173.0
495,impersonator,911.8,2713.2,864.2,1752.7,737.0,1448.6,1957.1
1005,genuine,164.0,174.0,155.0,171.0,169.0,171.0,170.0
104,genuine,425.2,16.0,232.7,233.2,233.0,216.9,233.5
323,impersonator,2.0,759.7,10.3,646.3,16.6,301.2,2.0
354,impersonator,2002.7,127.8,2474.4,1528.3,961.1,1126.2,2319.3
990,genuine,429.6,15.7,233.2,233.3,433.4,16.5,433.4
817,genuine,167.0,170.0,169.0,171.0,172.0,171.0,165.0
658,genuine,163.0,191.0,153.0,171.0,170.0,15.0,166.0
636,genuine,50.5,373.1,18.8,73.7,82.2,34.4,2536.4
2468,genuine,171.0,175.0,1.0,178.0,1.0,339.0,2.0
2323,genuine,1533.3,19.3,14.9,630.6,18.4,14.8,17.6
245,genuine,230.2,233.3,452.6,15.3,232.9,234.0,232.9
611,impersonator,124.8,30.4,355.6,1118.7,425.6,217.7,111.4
376,impersonator,1887.5,699.7,2505.6,318.4,423.4,1420.6,2472.6
505,impersonator,2.0,437.7,8.1,42.9,618.9,335.6,2.0
371,impersonator,9.8,253.2,1085.9,35.4,70.5,377.4,305.8
4349,genuine,11.9,784.4,420.3,19.1,16.7,16.4,17.3
488,impersonator,32.6,155.3,730.9,391.2,134.8,66.9,12.8
296,impersonator,1730.2,2192.8,961.5,1534.6,427.1,1517.2,1745.8
3060,genuine,170.0,172.0,175.0,171.0,174.0,173.0,173.0
592,impersonator,81.0,26.7,171.8,488.6,100.3,182.9,292.6
2672,genuine,15.9,228.2,233.0,199.8,233.2,233.4,433.2
119,impersonator,2.0,10.8,820.0,89.1,82.5,80.4,2.0
726,genuine,1391.4,21.5,15.6,18.2,18.3,20.4,16.4
449,impersonator,391.2,46.4,245.4,425.5,27.3,220.7,148.5
4096,genuine,165.0,169.0,166.0,167.0,168.0,169.0,166.0
3267,genuine,164.0,346.0,159.0,169.0,170.0,169.0,169.0
206,impersonator,73.3,1.5,126.9,332.8,563.1,212.0,2.0
2066,genuine,163.0,178.0,156.0,169.0,171.0,170.0,171.0
1582,genuine,13.5,230.9,228.8,216.9,234.5,232.1,15.6
470,impersonator,42.4,263.9,305.5,252.2,468.4,204.4,30.3
56,impersonator,292.3,522.5,117.8,103.2,611.4,404.7,150.6
3074,genuine,230.4,233.0,433.4,16.4,233.0,199.9,233.5
394,impersonator,230.1,968.7,0.0,2.1,52.5,601.8,2.0
213,impersonator,98.7,1.5,261.9,95.7,236.5,159.0,2.0
658,impersonator,176.4,1.5,254.9,164.8,221.6,242.5,228.1
4052,genuine,164.0,167.0,166.0,14.0,152.0,332.0,169.0
1850,genuine,167.0,168.0,167.0,167.0,169.0,169.0,166.0
374,impersonator,2.0,357.2,128.7,89.3,105.8,209.6,6.6
593,impersonator,154.3,246.9,25.8,254.4,22.1,530.7,232.7
381,impersonator,165.7,491.2,132.3,141.7,476.6,276.8,90.3
1021,genuine,163.0,186.0,158.0,170.0,171.0,171.0,9.0
4388,genuine,166.0,172.0,168.0,171.0,172.0,171.0,168.0
67,impersonator,1848.8,2354.6,1490.4,610.1,217.9,1862.7,974.4
186,impersonator,2.0,113.6,90.6,519.3,527.7,127.4,2.0
671,impersonator,138.2,588.1,36.9,30.2,962.6,824.6,339.7
160,impersonator,55.2,164.1,338.7,21.5,42.3,5.0,44.4
2705,genuine,330.0,184.0,155.0,170.0,171.0,170.0,168.0
168,impersonator,31.0,85.3,258.0,169.3,1.0,42.8,38.0
461,impersonator,2.0,110.7,71.3,51.0,198.4,74.9,2.0
584,impersonator,153.5,907.1,251.2,61.7,9.6,394.8,11.2
3875,genuine,19.0,22.5,19.4,965.5,21.2,20.0,21.6
246,genuine,164.0,167.0,168.0,166.0,168.0,169.0,167.0
1072,genuine,13.7,16.3,1191.1,15.5,18.1,17.7,17.7
285,genuine,171.0,172.0,173.0,177.0,173.0,173.0,172.0
2478,genuine,200.5,211.2,416.2,233.3,16.4,216.5,200.0
629,impersonator,2.0,24.5,343.8,101.1,138.6,23.3,2.0
419,impersonator,289.7,218.0,0.0,146.6,209.1,161.9,198.6
481,genuine,229.1,232.9,232.8,216.8,233.5,233.1,433.3
4477,genuine,229.1,448.4,31.3,233.8,232.9,233.2,450.0
1204,genuine,1194.5,16.1,16.2,17.0,16.7,15.9,16.9
488,genuine,168.0,169.0,171.0,170.0,168.0,170.0,169.0
4200,genuine,231.7,430.6,16.2,232.8,433.3,16.5,233.2
1464,genuine,170.0,174.0,173.0,174.0,172.0,173.0,173.0
330,impersonator,47.6,1.5,675.2,377.5,292.9,1.0,5.6
4415,genuine,20.6,21.8,17.0,957.5,416.7,20.4,19.8
1816,genuine,224.8,232.3,434.2,15.7,232.7,233.2,433.2
599,genuine,170.0,173.0,175.0,170.0,173.0,174.0,174.0
476,impersonator,77.6,125.8,199.1,198.8,118.6,143.0,116.0
487,impersonator,117.5,1782.3,1654.4,413.2,726.6,466.2,195.8
417,impersonator,250.5,31.4,19.8,190.2,551.3,34.4,8.7
649,genuine,15.8,50.1,1134.4,633.0,17.2,16.2,18.0
365,impersonator,2.0,271.0,357.8,47.9,27.4,111.4,2.0
1581,genuine,25.0,1595.2,15.2,19.5,20.2,20.3,20.9
1958,genuine,170.0,172.0,174.0,174.0,174.0,174.0,173.0
304,impersonator,191.9,164.6,215.2,223.5,282.4,198.8,397.7
645,impersonator,2.0,20.2,385.2,134.1,442.3,158.9,67.1
3167,genuine,165.0,174.0,168.0,173.0,171.0,170.0,166.0
509,impersonator,2.0,51.9,420.3,174.4,522.1,231.5,2.0
565,impersonator,12.2,489.0,149.9,56.3,307.6,253.4,243.6
261,impersonator,27.9,150.6,352.4,533.0,6.1,194.4,28.4
538,genuine,165.0,164.0,167.0,165.0,168.0,166.0,167.0
126,impersonator,230.1,426.6,235.7,2.1,291.9,162.8,192.7
151,impersonator,417.0,367.6,76.2,40.2,500.0,444.2,873.4
383,genuine,170.0,176.0,174.0,172.0,173.0,175.0,172.0
444,impersonator,2.0,107.6,404.8,15.6,106.0,285.2,2.0
610,impersonator,113.9,123.6,100.0,312.4,377.8,176.9,192.0
4276,genuine,169.0,172.0,174.0,174.0,175.0,172.0,174.0
1500,genuine,171.0,174.0,175.0,174.0,173.0,173.0,173.0
3296,genuine,17.3,12.4,17.1,972.1,629.9,16.5,15.4
1542,genuine,164.0,165.0,166.0,166.0,165.0,165.0,167.0
612,impersonator,73.3,80.6,1043.3,43.8,53.9,46.5,203.3
2959,genuine,170.0,172.0,170.0,171.0,172.0,171.0,168.0
597,impersonator,526.9,120.9,145.9,276.9,152.6,185.4,215.7
282,impersonator,2.0,83.0,250.4,38.8,98.7,86.7,2.0
115,impersonator,2.1,570.7,10.3,33.4,278.0,168.0,2.0
2414,genuine,171.0,174.0,174.0,172.0,173.0,172.0,172.0
1293,genuine,27.1,420.9,17.6,51.1,96.0,41.5,19.1
3544,genuine,167.0,168.0,168.0,169.0,168.0,172.0,166.0
293,impersonator,2.0,34.9,114.0,802.2,18.4,136.7,2.0
2687,genuine,17.1,16.5,16.5,16.8,373.6,16.8,16.4
255,impersonator,220.4,1.5,464.3,817.1,1.0,299.8,2.0
599,impersonator,94.6,146.4,132.8,226.2,200.6,200.0,235.4
291,impersonator,73.3,1.5,770.4,233.9,378.0,276.8,2.0
424,impersonator,194.6,251.9,16.5,398.4,356.7,259.9,339.2
224,impersonator,195.9,117.0,911.8,2.5,201.9,9.1,248.5
4279,genuine,14.0,230.7,232.2,433.3,16.8,232.8,232.9
382,impersonator,2.0,299.0,155.9,49.2,320.8,74.4,88.4
195,impersonator,2.0,50.3,210.4,335.2,57.2,51.5,2.0
2277,genuine,15.5,964.4,421.8,17.4,19.6,19.6,21.4
271,genuine,162.0,167.0,168.0,165.0,167.0,166.0,167.0
813,genuine,200.2,429.0,15.7,233.3,233.5,15.5,216.1
2772,genuine,17.3,19.1,790.5,421.7,20.9,16.6,19.7
3242,genuine,13.0,186.0,8.0,300.0,350.0,167.0,166.0
362,impersonator,465.7,38.9,60.6,30.3,113.9,33.4,34.8
3323,genuine,166.0,168.0,7.0,161.0,332.0,167.0,167.0
534,impersonator,71.2,43.7,340.1,776.7,131.4,154.0,12.1
3428,genuine,31.0,201.1,228.2,412.4,247.9,453.0,34.1
136,impersonator,443.8,1122.7,4.9,138.7,127.3,281.2,21.7
1680,genuine,168.0,173.0,168.0,170.0,171.0,171.0,166.0
57,genuine,229.6,433.0,16.6,233.1,232.3,233.3,433.3
546,impersonator,1381.1,2565.9,2476.0,197.8,2083.0,179.3,1550.7
223,impersonator,90.6,147.4,159.1,294.6,150.1,112.8,171.2
134,impersonator,2.0,226.4,203.0,419.4,137.2,372.5,2.0
214,impersonator,94.5,12.5,300.0,362.7,130.9,10.6,140.6
534,impersonator,127.0,54.7,760.3,553.9,305.4,258.3,67.1
1936,genuine,15.6,18.8,1585.0,21.5,22.2,19.1,21.0
1934,genuine,170.0,173.0,176.0,174.0,173.0,171.0,173.0
4357,genuine,13.5,232.2,16.1,216.7,199.6,416.7,233.2
2264,genuine,169.0,174.0,175.0,175.0,174.0,172.0,175.0
584,impersonator,2.0,102.4,10.5,651.6,130.8,194.9,2.0
1706,genuine,172.0,173.0,174.0,172.0,173.0,172.0,174.0
320,impersonator,1484.5,1610.3,2083.1,972.7,680.3,2162.9,2580.6
430,impersonator,511.7,691.7,187.7,65.4,204.0,484.8,112.3
3036,genuine,166.0,167.0,168.0,167.0,166.0,169.0,169.0
1976,genuine,169.0,172.0,173.0,175.0,172.0,172.0,172.0
2498,genuine,165.0,193.0,154.0,169.0,171.0,171.0,170.0
1288,genuine,20.6,16.3,420.6,220.9,15.1,18.9,18.7
94,genuine,228.9,16.4,214.9,417.0,233.2,16.5,216.2
504,impersonator,2.0,354.9,122.0,26.7,201.0,46.3,2.0
157,genuine,164.0,186.0,156.0,170.0,170.0,171.0,169.0
672,impersonator,52.6,1.5,127.3,223.1,180.8,1.0,2.0
1075,genuine,795.3,625.1,23.4,15.7,17.5,19.6,18.9
742,genuine,2564.6,26.2,13.9,81.3,84.3,47.2,40.5
708,impersonator,128.3,422.9,222.2,62.0,60.9,250.9,154.7
60,impersonator,112.0,130.5,792.1,46.5,80.3,42.2,171.0
3568,genuine,216.7,412.4,233.2,233.7,432.9,16.5,233.2
2777,genuine,164.0,167.0,167.0,166.0,168.0,168.0,167.0
173,genuine,73.0,1653.4,383.5,18.3,17.6,18.6,18.1
535,impersonator,240.1,251.8,0.0,184.3,218.7,196.7,121.5
2419,genuine,231.9,230.0,233.2,199.8,433.4,16.5,233.2
1754,genuine,14.3,17.1,127.4,1054.0,18.9,823.9,18.0
2184,genuine,15.4,229.2,432.7,16.2,232.8,233.2,433.7
3427,genuine,228.3,433.2,16.3,233.3,233.2,433.4,16.4
3235,genuine,447.3,28.0,233.7,31.3,200.0,216.5,216.6
415,impersonator,390.9,107.3,17.2,2.1,312.8,294.7,217.4
2367,genuine,169.0,171.0,169.0,168.0,169.0,169.0,168.0
672,impersonator,501.4,981.1,1770.5,2003.3,39.4,271.4,1309.6
2382,genuine,231.5,430.4,16.8,231.7,233.3,433.4,16.5
211,genuine,14.0,17.8,36.1,61.4,30.4,63.9,31.6
285,impersonator,373.4,900.8,2084.9,2069.2,141.3,7.2,1890.8
3246,genuine,163.0,170.0,166.0,167.0,167.0,169.0,167.0
6,impersonator,106.8,62.3,243.6,185.3,167.7,171.0,61.7
2394,genuine,14.2,14.7,218.1,216.3,216.4,199.8,416.9
1482,genuine,15.5,16.0,970.6,630.9,16.2,16.2,16.6
3113,genuine,797.2,17.9,18.2,19.6,77.3,215.1,1127.1
184,impersonator,2.0,215.0,345.8,49.5,6.7,173.6,2.0
426,impersonator,2.0,330.6,37.3,485.5,130.7,40.2,2.0
906,genuine,167.0,187.0,156.0,172.0,172.0,170.0,172.0
1084,genuine,165.0,167.0,167.0,3.0,165.0,3.0,330.0
245,impersonator,12.7,445.7,707.8,56.0,92.3,131.8,110.4
492,impersonator,5.3,445.7,597.8,319.3,207.4,34.9,18.7
101,impersonator,127.1,1.5,846.8,9.0,1.0,152.2,80.1
747,impersonator,28.3,2.7,843.5,386.9,5.9,12.8,146.8
245,impersonator,279.6,1.5,212.4,446.1,11.3,165.1,299.2
4441,genuine,168.0,170.0,170.0,173.0,171.0,172.0,165.0
235,impersonator,404.6,8.8,307.1,762.9,253.1,16.8,240.5
913,genuine,431.5,14.8,232.6,233.2,16.3,216.7,416.9
600,impersonator,66.0,33.4,524.2,606.1,25.2,2.6,20.8
2142,genuine,17.1,21.9,19.1,391.1,18.3,20.8,18.6
452,impersonator,2.0,71.1,159.4,92.7,489.5,58.4,2.0
0,impersonator,1170.4,1821.0,1004.9,1215.3,1667.8,1912.9,2471.2
29,impersonator,17.9,222.0,2.7,65.0,236.8,176.2,26.5
792,genuine,170.0,176.0,173.0,174.0,186.0,163.0,173.0
327,impersonator,2.0,13.5,106.5,159.9,5.4,12.9,2.0
415,impersonator,209.6,163.3,146.8,128.0,417.3,190.5,211.7
280,impersonator,6.9,2.6,423.2,142.4,187.3,261.0,135.4
45,genuine,190.6,431.8,16.6,232.9,233.4,233.3,433.2
537,impersonator,507.1,226.9,611.1,266.6,1.0,12.5,154.3
3906,genuine,192.2,417.7,234.5,448.6,13.1,233.2,450.9
87,genuine,15.2,149.9,837.1,17.2,18.0,18.5,18.2
1744,genuine,228.1,456.5,24.1,232.1,233.8,450.4,16.6
2203,genuine,164.0,165.0,168.0,166.0,166.0,166.0,168.0
2527,genuine,168.0,171.0,171.0,171.0,171.0,171.0,164.0
2464,genuine,19.7,14.0,1599.4,16.9,17.8,17.9,17.8
665,impersonator,16.6,235.1,748.8,207.8,170.6,219.5,620.2
2358,genuine,16.9,61.4,47.8,1327.3,19.0,21.2,21.1
727,impersonator,197.0,68.3,254.6,185.1,218.1,97.5,158.9
651,impersonator,1491.0,1626.0,2183.1,73.7,203.9,499.3,12.4
587,impersonator,1686.4,1395.3,2608.5,1136.5,1300.6,594.2,436.3
1552,genuine,16.7,21.1,17.9,392.5,18.5,20.7,17.6
1505,genuine,171.0,175.0,173.0,175.0,174.0,172.0,171.0
104,impersonator,1582.1,110.7,1735.7,857.5,731.2,1921.4,1169.5
547,impersonator,211.8,276.9,0.0,528.8,30.7,210.6,2.0
277,impersonator,326.1,305.4,158.3,250.3,33.9,12.8,140.2
518,impersonator,15.2,70.3,221.7,36.8,49.0,3.0,136.5
1998,genuine,171.0,173.0,176.0,173.0,173.0,172.0,175.0
623,impersonator,2076.9,1786.1,509.9,1014.8,2045.5,1870.1,2060.0
54,impersonator,763.6,424.9,41.7,2.9,1008.8,163.2,460.2
551,impersonator,1740.1,485.4,1834.3,1352.5,1800.3,508.9,1756.1
396,impersonator,2.0,4.6,661.7,87.5,102.8,81.1,2.0
985,genuine,11.5,17.8,978.5,628.0,18.7,16.6,19.0
469,impersonator,685.3,165.6,261.2,21.0,145.0,49.8,37.9
556,impersonator,2.0,111.7,2.9,85.6,940.3,258.8,2.0
2533,genuine,22.5,17.9,15.5,18.8,18.7,1762.5,18.3
311,impersonator,2.0,136.5,187.6,283.1,160.7,175.7,2.0
4362,genuine,173.0,173.0,174.0,173.0,173.0,173.0,173.0
3157,genuine,18.5,18.9,922.6,15.9,20.3,20.4,19.5
675,impersonator,127.8,3.9,219.9,404.8,173.6,314.3,95.7
386,impersonator,101.4,103.2,133.5,305.0,214.2,223.0,159.0
4360,genuine,18.5,20.7,330.2,839.4,18.7,19.3,19.7
2976,genuine,166.0,169.0,166.0,167.0,166.0,168.0,166.0
420,impersonator,118.8,379.7,74.9,178.3,28.2,221.4,184.4
1698,genuine,17.0,20.4,952.9,838.4,18.7,19.7,19.2
425,impersonator,343.8,1.5,0.0,56.0,554.9,555.6,330.5
87,impersonator,177.6,294.9,283.2,258.9,66.1,788.5,217.3
437,impersonator,2.0,64.2,211.9,62.2,3.7,84.3,2.0
597,impersonator,220.9,621.9,87.8,380.6,62.1,257.1,121.9
650,impersonator,2.0,321.6,198.5,18.2,632.9,86.6,2.0
135,genuine,25.9,13.2,2331.1,21.9,15.9,65.8,77.8
3620,genuine,166.0,166.0,166.0,168.0,167.0,168.0,168.0
4480,genuine,14.5,104.6,7.1,92.0,100.6,18.8,31.9
408,impersonator,2.0,339.1,60.1,14.8,104.7,155.1,2.0
257,impersonator,2.0,306.1,2.3,94.2,171.7,118.8,2.0
467,impersonator,168.3,232.1,228.2,147.5,94.7,11.7,42.4
108,genuine,163.0,168.0,165.0,3.0,163.0,5.0,325.0
576,genuine,16.8,17.5,983.0,631.5,20.0,18.3,19.6
18,impersonator,883.7,889.2,2441.6,359.7,1970.2,2008.7,1389.5
1298,genuine,192.7,435.4,232.0,232.9,450.6,16.5,233.1
372,impersonator,675.9,103.4,66.5,280.3,184.9,130.1,48.9
249,impersonator,208.5,907.8,200.5,120.7,100.9,131.9,171.1
644,impersonator,2.0,58.0,291.7,419.9,39.5,29.4,2.0
1969,genuine,163.0,174.0,346.0,15.0,171.0,175.0,173.0
408,impersonator,166.6,176.8,287.1,100.4,167.4,205.7,354.3
26,impersonator,2.0,49.3,1470.5,830.1,81.2,145.2,2.0
461,impersonator,252.4,316.0,0.0,647.9,231.7,234.0,176.8
166,genuine,200.4,429.0,233.2,432.8,16.4,233.3,233.2
3795,genuine,18.8,14.9,34.4,1326.6,16.8,20.1,18.3
2125,genuine,230.6,433.0,16.2,233.5,233.2,233.1,433.6
321,impersonator,212.1,313.9,230.4,111.5,352.5,434.7,355.8
1061,genuine,16.7,19.7,971.3,422.4,16.9,19.4,19.1
4032,genuine,1013.2,384.5,15.3,16.9,17.0,17.1,16.8
721,impersonator,227.5,1531.5,29.3,129.2,171.7,172.1,80.4
4431,genuine,1338.2,16.6,1667.5,16.9,17.2,17.1,30.7
265,impersonator,2.0,379.4,65.4,244.6,222.7,281.5,2.0
4106,genuine,17.9,17.9,18.9,19.7,47.2,49.8,102.4
639,impersonator,115.5,229.2,127.5,6.0,182.3,1.0,201.5
646,genuine,164.0,182.0,156.0,170.0,9.0,166.0,334.0
3507,genuine,229.3,230.3,449.5,32.0,232.7,234.9,231.2
520,impersonator,774.0,492.1,101.9,442.9,168.1,291.8,113.1
235,impersonator,27.1,977.1,119.4,481.1,1.0,1.0,42.3
1673,genuine,163.0,165.0,167.0,164.0,167.0,166.0,165.0
3540,genuine,213.4,199.8,435.6,233.9,449.3,16.3,233.2
2762,genuine,229.6,233.1,433.3,17.1,233.4,232.5,433.9
577,impersonator,116.1,197.6,480.0,183.0,368.8,70.8,80.0
139,impersonator,46.4,334.4,314.2,4.6,93.1,42.8,157.2
619,impersonator,263.3,667.7,640.2,2.1,286.7,459.5,262.3
668,genuine,172.0,171.0,175.0,172.0,175.0,173.0,171.0
15,impersonator,607.7,161.4,181.0,36.0,2.0,672.1,69.2
2592,genuine,165.0,166.0,169.0,166.0,167.0,165.0,166.0
3330,genuine,17.8,18.2,19.4,1590.1,17.3,20.4,19.8
171,impersonator,2.0,17.0,849.6,300.0,263.9,32.3,2.0
2920,genuine,18.3,19.5,301.3,64.5,75.9,72.0,85.1
1475,genuine,14.5,228.7,233.4,433.3,16.3,233.3,233.3
492,impersonator,5.6,108.8,506.8,61.9,193.9,8.6,4.6
543,impersonator,330.6,222.5,1010.2,118.7,33.7,110.9,306.2
106,impersonator,2.0,1.6,522.7,255.4,28.5,60.3,2.0
2564,genuine,169.0,171.0,169.0,172.0,171.0,173.0,165.0
222,impersonator,2.0,125.3,230.1,706.6,1.7,117.5,2.0
4169,genuine,167.0,10.0,158.0,333.0,167.0,169.0,166.0
816,genuine,15.3,19.5,100.8,1258.5,19.2,19.4,18.9
2574,genuine,429.2,15.0,433.2,16.5,232.0,233.3,233.3
733,impersonator,1830.9,1386.9,733.8,1222.9,775.2,1612.6,435.7
3513,genuine,17.1,21.6,1157.9,424.4,16.6,17.0,18.3
438,impersonator,152.7,725.3,509.1,2.1,310.5,44.9,186.2
2612,genuine,163.0,178.0,155.0,175.0,168.0,8.0,166.0
595,impersonator,390.0,138.3,528.4,51.6,339.1,109.4,272.0
2106,genuine,163.0,166.0,166.0,165.0,166.0,166.0,166.0
2689,genuine,445.5,29.9,15.9,217.2,216.0,216.7,617.7
2729,genuine,165.0,167.0,165.0,166.0,165.0,165.0,167.0
606,impersonator,2127.2,824.8,1778.9,331.7,994.8,1443.8,1794.6
3138,genuine,165.0,166.0,167.0,167.0,166.0,165.0,169.0
1485,genuine,163.0,180.0,156.0,169.0,168.0,170.0,169.0
3352,genuine,15.4,429.2,16.2,233.0,233.5,233.1,433.4
556,impersonator,208.6,1680.5,62.4,2.1,188.2,284.2,530.7
690,impersonator,88.0,6.8,426.5,306.5,1.8,2.1,30.9
3565,genuine,15.8,20.5,784.9,631.5,18.4,16.6,18.8
2373,genuine,228.2,232.7,232.4,450.6,15.2,233.4,232.7
1115,genuine,430.9,12.9,231.9,233.3,433.4,16.5,433.4
1049,genuine,164.0,231.0,127.0,161.0,187.0,176.0,172.0
2790,genuine,15.2,16.9,17.3,1167.9,19.1,17.4,21.7
1280,genuine,417.8,429.1,233.1,16.1,233.0,233.2,233.4
156,impersonator,2.0,208.9,38.8,291.1,250.3,454.8,2.0
522,genuine,162.0,168.0,168.0,165.0,169.0,165.0,168.0
279,impersonator,2.0,468.7,2.2,702.1,126.9,360.5,2.0
1496,genuine,167.0,169.0,169.0,169.0,168.0,168.0,169.0
413,impersonator,2.0,20.0,107.0,121.8,15.4,73.1,2.0
2105,genuine,167.0,172.0,168.0,172.0,173.0,171.0,168.0
4167,genuine,164.0,167.0,168.0,169.0,166.0,166.0,166.0
531,impersonator,21.1,809.7,389.5,28.9,220.0,378.4,61.8
4342,genuine,225.4,232.6,232.8,450.8,16.6,232.6,232.9
478,impersonator,525.5,296.1,370.6,2.1,1.0,286.6,304.9
706,impersonator,43.2,34.6,1134.5,46.7,64.4,92.6,57.8
553,impersonator,974.8,2335.7,407.3,2072.3,1844.3,2093.6,1679.9
30,impersonator,145.3,44.3,277.1,54.5,214.2,138.6,69.2
1295,genuine,17.4,781.8,209.7,18.4,18.2,18.1,18.5
4364,genuine,163.0,178.0,159.0,170.0,169.0,168.0,170.0
289,impersonator,360.6,436.6,369.8,2.1,498.7,1.0,217.9
409,impersonator,2.0,346.8,203.2,126.2,153.8,80.8,2.0
321,impersonator,2.0,194.3,145.1,188.1,132.3,243.7,2.0
401,impersonator,5.5,151.6,229.5,182.6,205.4,27.8,156.8
728,impersonator,347.7,12.0,34.2,121.2,225.1,65.1,48.4
110,impersonator,210.8,215.1,354.3,4.3,46.0,202.8,412.5
1011,genuine,172.0,173.0,172.0,173.0,174.0,173.0,173.0
607,impersonator,7.0,126.6,125.6,17.3,172.5,4.7,48.5
2287,genuine,165.0,169.0,167.0,167.0,169.0,168.0,166.0
628,impersonator,2.0,1.5,211.0,149.9,334.0,1.0,384.6
2,impersonator,132.3,190.2,167.7,75.6,401.5,233.6,90.0
2080,genuine,148.0,167.0,169.0,170.0,170.0,168.0,170.0
240,impersonator,96.4,265.4,132.9,148.8,1.0,163.4,145.1
1878,genuine,16.6,12.7,424.6,432.1,16.4,231.9,433.8
1184,genuine,19.6,20.2,414.4,232.7,433.6,15.8,233.9
3035,genuine,167.0,170.0,168.0,172.0,170.0,170.0,167.0
430,impersonator,2.0,233.2,34.4,240.0,494.0,355.3,2.0
375,impersonator,211.3,82.2,500.5,264.7,725.3,175.1,207.7
630,genuine,15.7,1604.5,21.3,16.6,16.6,17.8,18.2
606,impersonator,43.9,416.3,400.5,52.4,210.4,132.5,179.5
209,impersonator,1772.6,1758.9,573.0,1828.2,788.5,1824.2,1830.8
142,impersonator,240.8,1.5,4.6,311.8,171.4,19.8,250.8
1458,genuine,180.0,173.0,158.0,169.0,170.0,14.0,166.0
1943,genuine,16.0,19.2,16.3,18.2,1132.0,18.5,18.3
458,impersonator,15.1,157.9,125.0,170.1,1.0,190.6,2.0
590,impersonator,863.6,1462.2,1265.2,1932.0,1346.0,996.1,417.8
921,genuine,17.9,18.6,142.5,839.7,18.4,19.3,19.3
37,genuine,16.9,19.4,1586.0,17.2,19.3,19.0,21.0
290,impersonator,207.5,44.5,150.8,146.0,105.1,156.4,83.3
548,impersonator,337.2,1.5,102.7,395.1,263.3,322.9,2.0
1304,genuine,171.0,173.0,175.0,174.0,171.0,173.0,174.0
563,impersonator,2.0,66.1,20.4,75.2,406.5,346.2,2.0
406,impersonator,2.0,55.5,781.2,483.8,10.0,156.8,2.0
3276,genuine,170.0,173.0,175.0,172.0,173.0,173.0,174.0
737,impersonator,2.0,109.7,514.1,51.4,39.3,17.6,2.0
534,impersonator,2.0,95.7,255.5,1190.6,195.6,81.0,48.5
111,impersonator,196.9,159.6,220.6,64.1,43.4,470.6,174.2
223,impersonator,206.9,192.9,301.2,330.6,228.5,182.1,265.1
714,impersonator,21.2,1.5,490.7,189.0,163.5,196.0,217.0
720,genuine,164.0,167.0,166.0,184.0,166.0,167.0,166.0
2986,genuine,170.0,173.0,174.0,173.0,172.0,172.0,174.0
4218,genuine,17.2,20.0,18.5,962.2,19.1,19.7,19.3
3097,genuine,413.6,16.0,216.1,617.0,16.5,232.9,233.3
405,impersonator,2.0,1.5,0.0,729.5,1.0,527.4,183.5
1853,genuine,181.0,170.0,157.0,171.0,170.0,169.0,12.0
197,impersonator,81.5,678.4,169.2,22.0,75.9,368.0,227.8
227,impersonator,2.0,225.6,20.9,261.1,41.8,66.6,2.0
626,impersonator,65.3,610.0,331.4,304.1,58.5,310.9,28.4
397,impersonator,10.3,135.1,455.2,79.1,92.1,90.4,35.8
236,impersonator,398.7,2055.8,753.9,72.5,857.2,642.2,1749.1
133,impersonator,46.0,236.5,39.5,73.4,53.3,147.4,232.4
141,impersonator,289.8,1638.5,0.0,134.8,295.9,169.5,60.3
427,impersonator,41.4,47.6,500.4,324.5,1.0,246.8,300.1
664,impersonator,2.0,300.4,319.9,462.2,308.3,233.9,2.0
1047,genuine,171.0,173.0,172.0,172.0,173.0,173.0,173.0
1902,genuine,75.8,79.6,23.3,104.0,83.1,25.6,99.1
89,impersonator,583.6,1.5,683.0,363.0,1.0,251.9,169.3
890,genuine,167.0,170.0,170.0,174.0,171.0,169.0,166.0
3924,genuine,171.0,171.0,175.0,176.0,171.0,172.0,174.0
180,genuine,170.0,174.0,174.0,172.0,173.0,172.0,175.0
1709,genuine,16.3,20.2,17.5,24.7,32.9,74.8,45.7
540,impersonator,459.6,263.5,143.6,109.5,262.3,182.9,191.2
118,genuine,216.5,412.1,233.3,232.4,216.8,433.5,16.6
2895,genuine,166.0,169.0,167.0,165.0,167.0,167.0,167.0
1708,genuine,15.6,17.7,338.2,838.7,17.9,18.0,18.1
1420,genuine,229.4,433.1,16.4,233.2,433.3,16.3,233.3
542,impersonator,2.0,74.4,43.5,395.2,72.8,68.7,2.0
24,impersonator,3.6,168.9,639.1,302.0,96.3,132.0,103.8
3694,genuine,22.3,14.5,16.8,18.1,751.7,17.6,18.5
471,genuine,168.0,171.0,169.0,173.0,170.0,170.0,198.0
270,impersonator,1374.7,2017.5,389.6,1369.0,1471.4,215.9,1707.5
533,impersonator,199.4,1.5,290.7,257.3,62.8,1.0,2.0
35,impersonator,120.8,154.1,328.4,90.7,89.7,72.6,75.1
393,impersonator,288.8,322.2,477.6,236.5,158.9,168.2,344.5
1410,genuine,13.1,232.0,233.1,433.6,16.5,233.1,233.1
1276,genuine,165.0,170.0,170.0,173.0,172.0,170.0,165.0
177,impersonator,235.6,498.6,0.0,589.8,68.1,478.6,73.3
1313,genuine,14.8,218.9,210.6,199.6,216.5,199.9,417.0
547,impersonator,2.0,147.0,171.0,31.7,288.6,51.2,2.0
1309,genuine,13.2,432.8,16.2,233.2,233.4,433.4,16.7
4019,genuine,16.1,234.8,226.5,234.0,232.4,16.2,216.3
775,genuine,15.0,15.4,17.2,17.1,16.9,16.9,77.8
3289,genuine,26.5,1942.3,19.4,15.8,218.2,18.7,18.7
272,impersonator,2560.4,1978.2,1649.4,165.8,1512.4,2291.2,1860.9
23,impersonator,100.4,14.6,179.5,51.6,66.4,18.4,94.4
34,impersonator,283.2,109.2,489.0,39.9,265.5,198.9,237.7
2275,genuine,164.0,167.0,168.0,167.0,168.0,168.0,166.0
10,impersonator,2.0,588.3,13.0,48.3,27.6,320.4,2.0
2204,genuine,173.0,174.0,173.0,175.0,171.0,173.0,175.0
102,impersonator,2.0,402.5,1.8,145.4,402.7,371.5,2.0
3130,genuine,169.0,175.0,174.0,173.0,175.0,172.0,173.0
286,impersonator,511.4,156.2,144.9,26.5,133.6,80.3,258.6
371,impersonator,2.0,347.1,153.5,141.8,27.3,151.5,2.0
3739,genuine,229.6,230.8,450.1,31.5,233.9,233.0,452.3
569,genuine,95.0,1801.3,18.3,18.2,18.6,819.8,16.2
145,impersonator,2.0,28.2,1418.3,16.9,71.0,62.2,2.0
4118,genuine,15.8,18.8,1191.9,18.0,17.4,19.0,19.7
275,impersonator,63.6,125.7,457.0,554.7,548.9,51.7,202.7
122,impersonator,2.0,446.6,18.0,612.4,27.6,172.8,2.0
4389,genuine,166.0,186.0,12.0,150.0,350.0,167.0,166.0
636,impersonator,2.0,336.6,5.4,942.4,140.5,13.5,2.0
1406,genuine,12.0,227.6,12.8,216.6,199.8,433.7,433.4
44,impersonator,3.5,88.8,772.6,388.5,25.3,231.3,89.0
1491,genuine,15.3,18.8,397.9,209.5,19.1,19.3,18.7
723,impersonator,783.1,94.0,329.5,78.3,88.4,645.6,388.7
4021,genuine,164.0,168.0,165.0,165.0,165.0,166.0,169.0
405,impersonator,418.0,395.2,534.2,308.0,41.8,596.0,78.6
587,impersonator,35.4,443.8,318.2,79.6,4.7,88.7,125.3
257,impersonator,240.2,64.0,449.5,5.3,267.0,215.6,108.3
602,impersonator,2.0,42.3,404.8,137.5,50.1,6.1,2.0
208,impersonator,2.0,135.1,12.9,228.9,258.9,166.7,2.0
117,impersonator,2.0,11.0,382.2,434.1,164.6,39.8,2.0
1033,genuine,163.0,166.0,165.0,166.0,164.0,167.0,164.0
341,impersonator,2.0,66.2,247.7,91.6,248.7,626.1,2.0
27,impersonator,161.9,387.2,386.0,184.0,246.0,125.3,460.3
3508,genuine,229.7,448.2,16.8,232.7,233.2,433.4,16.9
741,impersonator,17.7,735.4,436.8,322.5,108.6,1.0,84.3
2300,genuine,16.9,1183.5,422.5,23.2,19.0,21.6,20.4
175,impersonator,73.7,477.2,301.3,696.1,169.9,140.9,116.7
54,impersonator,2546.8,224.6,161.7,4.7,501.1,256.5,1161.9
581,genuine,67.3,769.3,18.4,18.5,18.7,66.4,2447.6
2490,genuine,14.4,232.1,433.0,15.3,233.2,233.3,433.6
355,impersonator,229.8,319.3,0.0,571.8,389.2,26.3,148.7
111,impersonator,204.6,164.5,691.5,169.7,242.5,585.1,222.9
2848,genuine,229.5,433.4,16.1,233.2,233.3,233.2,417.0
4179,genuine,16.6,20.4,30.4,1359.4,17.1,18.8,19.2
1046,genuine,14.4,16.6,1386.6,208.1,16.6,16.7,16.6
3534,genuine,15.7,15.1,1640.7,14.9,17.4,17.4,17.0
468,genuine,164.0,176.0,156.0,171.0,170.0,10.0,167.0
3255,genuine,228.8,232.8,233.0,233.2,433.8,15.4,234.1
261,impersonator,766.6,340.8,924.6,972.9,1099.9,731.0,236.1
277,impersonator,477.2,371.6,690.2,76.2,297.4,23.3,120.8
1444,genuine,431.8,15.2,232.1,233.0,233.4,16.7,216.2
2112,genuine,170.0,173.0,173.0,173.0,171.0,175.0,174.0
275,impersonator,2.0,243.4,445.5,196.3,73.3,17.2,2.0
365,genuine,162.0,166.0,168.0,166.0,167.0,165.0,166.0
4312,genuine,198.5,40.8,404.7,413.8,24.7,233.0,10.3
341,impersonator,128.4,508.9,426.9,13.1,111.3,488.4,398.9
3777,genuine,2105.0,19.1,19.0,19.7,17.4,15.5,18.3
388,impersonator,76.9,1.5,0.0,508.3,287.3,272.1,97.1
3044,genuine,165.0,168.0,169.0,166.0,166.0,168.0,168.0
3285,genuine,194.6,432.5,232.6,231.9,234.1,232.6,451.3
629,impersonator,45.7,1309.4,2395.3,1523.7,345.4,22.4,2317.3
300,impersonator,755.8,457.8,514.9,2067.9,1118.6,550.2,1128.7
2629,genuine,15.9,17.0,17.2,18.6,957.3,838.8,18.8
850,genuine,21.0,18.8,422.8,14.3,19.5,19.6,20.1
441,genuine,166.0,170.0,170.0,170.0,168.0,171.0,167.0
200,impersonator,355.8,395.8,2404.3,705.5,11.7,914.2,1674.0
74,impersonator,469.5,188.4,323.5,222.6,408.7,17.7,236.5
23,impersonator,2.0,26.6,59.6,94.9,87.2,26.1,2.0
1279,genuine,7.0,158.0,332.0,168.0,165.0,167.0,167.0
2239,genuine,167.0,187.0,156.0,172.0,171.0,169.0,170.0
2008,genuine,31.2,84.0,32.0,31.4,166.9,13.3,95.3
3183,genuine,229.2,433.2,16.2,231.9,233.3,233.1,233.5
298,impersonator,1358.1,2616.0,1532.2,797.6,853.0,1143.6,1477.8
205,impersonator,68.3,207.6,445.9,36.9,130.9,166.5,76.3
3687,genuine,228.5,216.8,233.2,233.2,233.1,433.5,16.7
616,genuine,170.0,174.0,173.0,173.0,173.0,176.0,172.0
704,impersonator,236.5,420.3,797.1,15.8,68.8,485.7,512.1
109,impersonator,2.0,418.9,90.5,114.0,5.8,72.7,2.0
2013,genuine,14.8,985.0,417.5,19.3,634.7,19.2,15.5
381,impersonator,123.4,254.2,122.3,43.1,535.3,209.2,59.3
431,impersonator,1041.7,667.9,976.1,1457.0,672.4,344.0,648.0
1672,genuine,15.4,34.4,1348.4,414.9,18.0,18.2,631.4
5,impersonator,2.0,29.4,191.9,167.6,377.1,173.0,2.0
423,impersonator,767.1,306.7,132.5,371.2,1.0,312.9,2.0
456,impersonator,1043.1,744.9,1381.3,1920.8,74.3,1611.4,1188.3
1274,genuine,173.0,173.0,169.0,170.0,169.0,173.0,167.0
1951,genuine,233.3,429.1,16.1,233.4,233.2,433.8,15.8
233,impersonator,2.0,235.3,246.0,59.3,123.3,43.3,2.0
1753,genuine,29.2,46.9,16.6,2095.4,18.7,17.9,17.9
494,impersonator,102.2,190.3,418.1,146.0,235.9,295.1,345.3
474,impersonator,3.9,4.1,535.5,242.9,484.7,4.1,23.3
138,impersonator,144.3,31.7,1054.9,430.2,231.5,179.8,172.7
714,impersonator,21.4,5.1,336.4,124.9,273.6,162.8,97.8
3322,genuine,216.5,413.1,233.3,433.4,16.4,232.5,233.3
614,impersonator,196.8,4.4,689.6,162.1,70.8,193.1,286.4
3926,genuine,228.5,433.1,16.5,233.2,233.2,233.1,433.6
561,impersonator,700.4,2412.9,2375.8,684.6,281.5,576.9,669.9
1476,genuine,14.0,14.7,16.0,16.9,974.1,416.7,16.2
220,impersonator,235.6,39.0,551.1,224.3,112.7,84.1,254.5
1649,genuine,412.2,232.0,449.6,31.5,233.7,233.5,450.4
191,impersonator,2.0,216.9,462.0,123.4,85.4,43.2,2.0
550,genuine,165.0,169.0,167.0,167.0,169.0,168.0,169.0
1265,genuine,165.0,174.0,169.0,171.0,171.0,171.0,164.0
3479,genuine,16.3,17.8,1178.3,421.3,18.1,23.6,16.9
7,genuine,171.0,187.0,153.0,171.0,170.0,169.0,169.0
1104,genuine,16.9,20.1,14.4,968.2,626.2,20.4,16.7
3520,genuine,171.0,173.0,173.0,173.0,171.0,174.0,173.0
2713,genuine,168.0,183.0,159.0,172.0,168.0,12.0,167.0
552,impersonator,208.5,113.3,523.8,154.7,48.5,48.1,68.1
256,impersonator,2.0,269.5,624.5,70.0,31.4,86.4,2.0
710,impersonator,19.1,20.2,10.1,548.9,593.5,29.1,167.5
495,impersonator,2.0,598.6,131.0,148.6,612.3,208.4,2.0
3503,genuine,15.4,16.5,596.2,17.0,17.3,17.3,17.3
114,impersonator,303.0,1.5,487.2,649.2,108.0,329.7,228.0
1389,genuine,166.0,167.0,169.0,168.0,166.0,167.0,168.0
4,impersonator,528.7,329.7,0.0,510.2,70.2,198.9,324.7
3684,genuine,169.0,173.0,176.0,172.0,174.0,173.0,170.0
50,impersonator,324.3,10.0,219.8,730.5,448.5,142.8,157.2
1470,genuine,195.1,216.1,636.7,31.8,230.6,234.3,215.8
297,impersonator,1174.1,1142.4,1473.0,1145.8,2050.7,1850.3,1776.1
539,impersonator,430.2,168.4,518.5,236.1,1.0,1.0,198.9
3587,genuine,166.0,168.0,167.0,168.0,167.0,169.0,167.0
1665,genuine,163.0,168.0,167.0,165.0,169.0,166.0,166.0
117,impersonator,2.0,214.5,442.3,278.3,451.3,82.1,166.8
3104,genuine,350.0,192.0,162.0,176.0,176.0,172.0,3.0
4303,genuine,170.0,169.0,168.0,171.0,171.0,170.0,167.0
465,impersonator,204.4,228.1,29.1,55.8,104.6,278.9,95.3
577,impersonator,193.8,32.5,143.6,393.6,170.2,28.6,152.8
204,genuine,15.0,233.7,228.0,433.6,16.4,232.9,233.2
691,impersonator,1526.6,1483.3,2150.4,704.2,334.7,1160.5,1782.5
454,impersonator,198.0,354.4,2346.1,1113.6,104.8,383.0,736.6
104,impersonator,28.5,164.9,555.2,320.1,321.8,34.3,264.1
1368,genuine,227.3,232.9,449.5,31.3,233.8,233.4,450.4
955,genuine,2475.5,15.5,22.8,27.9,91.1,71.9,11.1
1489,genuine,229.1,232.9,432.7,16.9,232.8,233.0,433.6
45,impersonator,639.9,274.9,2470.6,1277.8,645.4,1568.3,1005.7
220,impersonator,21.7,537.1,765.7,172.5,76.0,105.8,155.7
244,impersonator,20.7,1.5,1366.3,371.6,13.0,1.0,21.4
3158,genuine,428.5,17.6,232.7,433.3,15.9,234.2,15.7
995,genuine,18.8,19.2,18.9,1151.6,19.2,19.6,19.9
366,genuine,227.0,450.4,31.5,232.7,232.4,451.0,15.3
57,impersonator,2551.6,207.2,1132.9,100.3,1522.7,130.6,1332.2
2942,genuine,164.0,169.0,167.0,13.0,154.0,335.0,166.0
1432,genuine,168.0,171.0,169.0,173.0,171.0,169.0,167.0
2718,genuine,12.9,432.9,16.6,232.6,233.1,233.6,433.3
246,impersonator,211.7,1.5,247.6,310.2,116.2,1.0,2.0
613,impersonator,108.0,597.5,472.0,32.6,538.1,441.4,472.9
408,genuine,13.0,444.7,30.1,450.8,32.2,233.2,450.1
74,impersonator,460.9,307.7,289.7,136.5,320.3,66.4,152.4
193,impersonator,2.0,113.0,414.2,214.4,35.1,197.9,2.0
1803,genuine,170.0,174.0,175.0,173.0,174.0,174.0,176.0
299,impersonator,443.9,1045.6,2392.1,2108.5,114.8,834.7,1360.5
2832,genuine,1408.2,21.8,18.8,422.1,23.8,20.3,18.1
707,impersonator,72.8,344.3,1402.5,251.1,2.2,140.7,137.3
557,impersonator,478.8,289.2,34.0,10.0,245.2,548.6,315.2
3006,genuine,172.0,173.0,174.0,173.0,171.0,172.0,172.0
732,impersonator,111.9,39.2,752.7,501.7,11.6,51.1,230.0
603,impersonator,1954.0,135.0,2023.6,1502.8,917.1,1638.6,2081.1
2858,genuine,166.0,169.0,168.0,13.0,153.0,334.0,166.0
2483,genuine,214.3,197.9,433.7,233.2,433.5,30.7,218.5
1561,genuine,15.9,1597.1,19.0,15.7,19.4,17.4,18.5
87,impersonator,169.4,848.8,0.0,332.8,16.9,192.6,193.2
692,impersonator,188.3,503.6,579.7,35.4,86.6,85.1,50.0
277,impersonator,130.5,2129.2,627.5,549.2,456.1,1983.1,1061.8
641,impersonator,231.4,929.7,58.3,77.8,150.3,1.6,32.8
3902,genuine,13.3,18.4,979.2,633.5,17.7,15.4,18.7
4036,genuine,15.1,18.2,964.3,839.6,20.7,22.7,18.4
588,impersonator,131.3,1.5,790.1,328.1,366.5,1.0,2.0
329,impersonator,1707.4,1614.7,1034.5,509.9,2225.7,30.3,1025.3
353,genuine,168.0,172.0,169.0,173.0,171.0,171.0,167.0
436,impersonator,2.0,80.4,158.5,77.4,18.4,27.1,2.0
220,impersonator,128.9,43.3,89.5,446.9,18.3,43.7,115.9
530,impersonator,140.4,67.8,578.2,33.5,12.1,401.1,234.2
3312,genuine,12.1,16.6,18.3,16.1,1166.6,16.4,16.8
627,impersonator,717.3,944.3,2251.4,500.6,923.2,865.3,2035.8
4119,genuine,17.5,19.9,980.9,630.1,25.4,16.2,22.3
73,impersonator,10.3,192.7,563.5,287.0,97.0,354.3,239.7
649,impersonator,2.0,19.1,921.7,502.6,178.3,13.0,2.0
708,genuine,29.6,105.8,70.6,645.8,17.3,18.6,18.7
3571,genuine,167.0,173.0,171.0,171.0,173.0,169.0,166.0
465,impersonator,239.4,321.3,189.0,56.3,224.7,349.2,182.0
1497,genuine,166.0,171.0,168.0,172.0,172.0,171.0,165.0
431,impersonator,59.4,169.9,76.0,88.1,189.5,1.0,2.0
714,impersonator,1313.1,840.4,2505.9,1753.0,950.9,753.5,2066.5
402,impersonator,7.1,222.3,134.7,1163.1,47.0,12.1,9.4
590,impersonator,52.5,674.5,581.3,143.6,114.3,114.2,133.0
1405,genuine,230.3,232.7,233.1,433.1,16.7,232.6,233.5
4002,genuine,171.0,175.0,174.0,174.0,174.0,175.0,174.0
480,impersonator,2.0,145.9,449.6,151.2,25.9,10.0,2.0
610,impersonator,2.0,245.2,311.0,68.6,210.8,61.0,2.0
739,impersonator,72.5,71.4,169.6,379.9,180.3,35.1,22.8
178,impersonator,1467.3,2044.4,829.4,488.9,626.6,240.7,366.5
303,impersonator,153.7,759.8,399.1,11.5,94.7,31.6,163.3
649,impersonator,13.9,488.3,1559.8,1033.6,26.8,347.8,426.8
3203,genuine,171.0,173.0,176.0,173.0,173.0,171.0,171.0
3142,genuine,22.1,17.3,775.8,422.3,16.5,18.6,20.0
106,impersonator,664.9,2464.9,1859.7,1843.3,518.1,6.2,245.9
209,genuine,168.0,193.0,11.0,149.0,334.0,167.0,168.0
1058,genuine,169.0,175.0,173.0,172.0,173.0,173.0,173.0
721,impersonator,465.9,541.1,538.7,27.7,271.2,255.2,261.6
359,impersonator,2.2,555.1,36.3,253.0,141.0,88.1,2.0
1727,genuine,228.8,232.9,16.4,216.5,417.1,233.0,233.0
582,impersonator,439.6,333.9,308.2,139.5,426.8,66.3,305.9
3591,genuine,51.9,1340.8,206.5,17.8,17.5,20.8,16.6
3150,genuine,226.1,450.2,31.4,234.0,232.9,451.0,15.8
57,impersonator,50.7,562.5,333.8,495.7,42.4,679.0,392.0
30,impersonator,144.7,12.6,17.0,102.5,47.3,97.5,30.1
4246,genuine,15.4,15.0,935.0,15.6,16.8,16.8,16.9
868,genuine,167.0,172.0,169.0,170.0,169.0,171.0,166.0
399,impersonator,167.5,463.2,686.0,2.1,1.0,160.0,24.0
3732,genuine,165.0,169.0,166.0,166.0,166.0,168.0,167.0
132,impersonator,165.1,261.4,46.1,382.4,1.0,22.0,435.1
599,impersonator,290.1,102.7,126.3,359.0,214.7,353.6,315.3
673,impersonator,2.0,151.6,54.7,5.8,32.4,132.0,2.0
63,impersonator,44.9,86.4,588.3,1062.5,33.4,241.2,15.6
3450,genuine,164.0,180.0,157.0,171.0,170.0,171.0,171.0
1239,genuine,18.1,14.9,629.0,15.4,14.5,17.7,17.9
2840,genuine,164.0,185.0,157.0,172.0,170.0,170.0,169.0
340,impersonator,313.7,102.3,68.6,818.8,79.3,285.7,355.7
4048,genuine,164.0,169.0,168.0,167.0,169.0,167.0,168.0
2536,genuine,164.0,186.0,155.0,169.0,171.0,171.0,169.0
512,impersonator,217.4,1309.2,1975.8,736.9,549.2,1957.0,1343.0
1474,genuine,17.8,18.6,975.3,632.6,17.9,17.0,19.4
3268,genuine,164.0,177.0,155.0,171.0,168.0,13.0,166.0
4486,genuine,224.1,232.5,433.8,16.5,232.8,233.2,216.2
640,impersonator,2.0,22.2,445.1,554.6,1475.7,42.4,2.0
383,impersonator,2.0,77.3,642.5,216.7,187.4,198.1,197.8
3965,genuine,19.9,16.0,973.0,22.3,17.9,20.2,19.4
338,impersonator,25.9,143.8,1147.3,215.8,1.0,115.4,305.1
4321,genuine,155.1,32.5,821.3,16.2,16.2,16.5,26.7
2347,genuine,17.9,17.8,1816.5,23.5,17.4,19.5,20.3
638,genuine,11.8,432.9,16.7,232.8,233.3,233.3,433.4
115,impersonator,2228.0,2107.8,812.6,1521.6,2015.4,2134.4,2624.7
4281,genuine,13.6,216.9,417.7,32.0,643.4,23.1,225.4
1970,genuine,165.0,167.0,168.0,167.0,167.0,168.0,166.0
396,impersonator,1210.0,2438.4,852.5,1028.0,1041.5,626.2,19.5
922,genuine,213.7,231.9,233.5,233.7,433.3,16.1,233.2
1927,genuine,164.0,169.0,168.0,168.0,168.0,7.0,159.0
680,genuine,14.7,16.1,16.6,72.2,40.6,55.1,99.1
386,impersonator,2268.1,499.8,285.0,1876.4,2114.9,1318.2,926.5
341,impersonator,597.7,592.0,37.8,244.0,9.9,319.3,346.5
217,impersonator,1799.0,573.4,2405.3,1353.2,1592.1,229.8,286.5
2953,genuine,166.0,168.0,168.0,168.0,167.0,168.0,167.0
2230,genuine,229.9,15.7,216.2,416.8,233.1,433.5,16.6
485,genuine,171.0,173.0,175.0,172.0,173.0,173.0,175.0
30,impersonator,68.3,11.9,0.0,243.9,104.0,40.8,260.9
198,impersonator,48.5,7.1,441.1,464.7,86.7,308.6,415.8
349,impersonator,100.2,209.3,184.4,430.1,185.8,29.9,227.2
449,impersonator,27.0,249.0,191.4,358.3,128.9,45.9,237.0
3702,genuine,19.3,18.9,328.1,839.5,20.1,20.5,20.7
2094,genuine,17.2,17.1,967.9,422.3,15.4,17.4,17.3
904,genuine,15.9,23.2,1356.8,420.2,15.4,18.5,17.7
2421,genuine,166.0,167.0,166.0,167.0,169.0,165.0,167.0
2510,genuine,18.5,20.9,1580.9,19.2,18.4,20.3,20.4
350,impersonator,588.5,147.6,672.7,283.8,208.5,197.1,7.4
1101,genuine,13.9,18.3,745.7,838.8,18.9,19.3,18.4
53,genuine,216.6,629.9,15.6,433.4,16.0,232.8,233.5
1266,genuine,17.9,1582.4,16.6,19.0,19.5,19.4,19.6
2255,genuine,13.0,232.5,429.4,16.3,233.2,233.2,433.5
548,impersonator,194.6,500.1,146.1,218.9,130.3,267.2,15.8
2857,genuine,14.0,131.7,16.3,1669.0,16.1,17.9,16.3
1919,genuine,167.0,173.0,171.0,169.0,171.0,173.0,166.0
649,impersonator,94.2,41.2,881.7,521.1,36.9,3.9,3.6
48,impersonator,255.9,157.8,104.6,131.2,307.0,162.7,74.8
516,impersonator,118.5,440.2,276.1,454.9,263.1,353.9,303.5
553,genuine,165.0,166.0,168.0,167.0,167.0,167.0,168.0
3154,genuine,15.2,16.8,337.0,15.3,16.7,806.1,1049.8
404,impersonator,173.8,48.8,130.5,201.6,80.0,108.9,67.1
354,genuine,167.0,186.0,17.0,149.0,334.0,166.0,168.0
114,impersonator,62.0,242.0,134.9,219.7,17.6,263.4,104.4
3417,genuine,28.1,217.1,230.7,432.7,30.5,220.0,432.6
2219,genuine,18.1,47.7,16.9,141.4,66.1,96.9,34.6
109,impersonator,162.2,26.9,1139.9,2.1,103.4,100.4,61.9
2085,genuine,165.0,166.0,167.0,15.0,152.0,331.0,168.0
1105,genuine,7.0,323.0,10.0,323.0,335.0,169.0,168.0
1653,genuine,163.0,180.0,159.0,170.0,171.0,169.0,170.0
1898,genuine,168.0,173.0,168.0,173.0,170.0,171.0,165.0
427,impersonator,66.3,363.6,661.5,396.2,10.3,145.0,154.5
400,genuine,234.1,228.4,433.3,16.4,233.3,233.3,433.2
622,genuine,231.7,227.7,234.0,433.4,16.0,233.2,233.3
86,impersonator,7.7,1.5,0.0,81.3,353.3,185.2,2.0
375,impersonator,2.0,138.1,599.5,167.4,369.1,38.8,2.0
1759,genuine,229.9,232.8,433.2,16.7,233.0,16.7,216.5
105,impersonator,2.0,20.2,101.2,41.9,284.0,131.5,2.0
988,genuine,167.0,187.0,1.0,170.0,13.0,316.0,336.0
2751,genuine,1343.5,24.5,17.1,421.5,20.5,21.4,17.3
82,impersonator,1223.5,158.7,2448.7,1148.7,807.0,110.7,61.6
349,impersonator,1050.3,562.8,2001.5,1966.6,1218.0,2058.5,935.6
154,impersonator,2.0,76.8,6.3,305.3,142.1,118.2,2.0
571,impersonator,301.3,341.6,10.0,500.1,346.7,306.7,212.9
520,impersonator,2.0,161.7,256.0,347.8,1212.6,52.6,2.0
167,impersonator,51.3,144.1,551.0,215.0,2.7,4.2,4.7
579,impersonator,425.7,113.3,372.9,183.6,421.1,158.8,309.5
3416,genuine,170.0,173.0,174.0,172.0,176.0,173.0,173.0
3425,genuine,166.0,171.0,168.0,170.0,173.0,171.0,166.0
485,impersonator,121.6,280.2,721.1,89.8,38.3,154.8,104.0
749,genuine,16.1,21.0,82.3,65.6,640.9,18.1,16.3
4,impersonator,208.1,397.3,230.8,2.1,51.7,216.2,200.3
952,genuine,172.0,172.0,172.0,174.0,171.0,173.0,171.0
4077,genuine,165.0,167.0,167.0,168.0,167.0,165.0,168.0
706,genuine,18.5,17.9,56.4,1538.3,20.1,19.1,19.1
164,impersonator,114.3,114.5,352.7,203.8,83.4,52.7,205.2
1077,genuine,88.9,897.1,17.0,17.4,17.8,17.1,2468.0
314,impersonator,2.0,202.7,407.3,213.1,109.1,63.0,2.0
302,impersonator,111.9,847.9,529.3,32.4,77.3,6.4,84.6
237,impersonator,318.4,333.0,275.2,394.5,84.2,151.7,377.9
475,impersonator,2.0,57.4,50.1,199.5,117.0,96.7,2.0
249,impersonator,1825.5,1388.5,1873.0,341.3,1272.8,1963.7,1969.6
1256,genuine,171.0,170.0,170.0,172.0,172.0,169.0,166.0
2477,genuine,164.0,179.0,154.0,173.0,167.0,9.0,166.0
583,impersonator,109.7,615.1,114.9,231.1,36.6,122.1,274.2
611,impersonator,57.9,161.8,752.8,1431.1,166.8,341.6,115.6
1999,genuine,12.3,1885.7,12.9,15.8,16.7,819.3,17.2
239,impersonator,2.0,156.5,269.2,19.3,12.4,111.6,2.0
248,impersonator,2.6,42.9,117.3,190.0,53.4,366.5,2.0
334,impersonator,16.9,533.4,282.5,114.9,1.0,186.4,282.6
116,impersonator,67.3,18.8,435.1,695.0,102.8,85.1,316.1
374,impersonator,2.0,1.5,0.0,787.6,166.1,293.4,209.9
2809,genuine,170.0,172.0,175.0,173.0,173.0,173.0,174.0
694,impersonator,201.9,66.9,290.3,127.4,91.6,220.7,206.7
617,impersonator,2.0,55.6,458.1,319.8,1.0,1.0,110.3
2523,genuine,166.0,167.0,167.0,167.0,169.0,167.0,168.0
3823,genuine,11.7,90.9,64.3,47.2,72.1,136.4,7.3
1233,genuine,11.8,232.5,233.3,433.3,15.6,233.3,233.2
61,impersonator,6.4,8.9,399.2,32.3,145.2,46.7,64.1
292,impersonator,995.5,2146.9,2255.2,190.9,14.1,620.5,1021.3
161,impersonator,484.5,395.4,188.4,328.4,45.4,136.9,112.1
585,impersonator,2.0,354.5,70.9,209.7,177.7,254.4,2.0
2409,genuine,16.3,13.9,213.9,215.7,199.8,433.2,232.6
1366,genuine,169.0,172.0,168.0,170.0,172.0,173.0,167.0
340,impersonator,1205.3,949.9,131.1,1629.2,2225.1,1346.8,1017.3
3579,genuine,164.0,166.0,166.0,165.0,168.0,166.0,169.0
3755,genuine,430.7,16.3,236.4,232.3,450.2,31.0,234.0
674,impersonator,144.2,135.6,85.4,214.0,111.3,230.7,257.1
227,impersonator,1993.9,1353.3,1484.1,2015.0,1070.9,2169.9,1877.4
4181,genuine,228.6,433.1,16.6,233.0,433.0,16.7,233.0
4408,genuine,15.5,14.5,1396.8,17.0,15.4,17.0,17.2
248,genuine,1409.0,15.3,16.0,18.6,16.1,16.9,18.4
534,impersonator,2.0,112.2,963.8,169.1,96.7,56.1,2.0
740,impersonator,786.2,542.5,1447.3,524.1,1833.7,203.1,76.5
1780,genuine,167.0,191.0,152.0,169.0,170.0,171.0,170.0
668,impersonator,138.1,189.5,561.3,112.0,104.8,195.9,168.4
712,genuine,164.0,167.0,167.0,166.0,167.0,164.0,165.0
3325,genuine,163.0,176.0,156.0,170.0,170.0,169.0,168.0
2763,genuine,186.0,160.0,174.0,173.0,172.0,173.0,172.0
91,impersonator,6.0,64.7,470.8,9.9,133.8,129.3,104.8
227,impersonator,63.0,432.3,126.8,178.5,331.2,97.8,225.4
809,genuine,18.2,15.6,26.7,64.3,698.4,18.7,18.3
140,impersonator,1047.5,796.2,602.1,1299.8,1748.8,1384.1,2456.7
3592,genuine,228.6,233.0,433.3,17.0,232.8,233.0,233.3
724,genuine,13.0,12.2,230.8,198.2,216.4,417.0,233.6
670,impersonator,2.0,126.1,241.8,46.3,245.7,52.4,2.0
501,genuine,170.0,173.0,175.0,172.0,174.0,171.0,171.0
4405,genuine,381.7,17.6,59.1,99.8,34.6,40.7,88.0
3283,genuine,164.0,186.0,152.0,170.0,171.0,169.0,170.0
183,impersonator,2.0,274.2,930.8,216.3,48.6,83.0,2.0
142,impersonator,1892.8,794.4,1644.8,601.5,520.0,1592.7,1600.0
1068,genuine,1231.2,15.3,19.8,16.0,16.5,17.9,17.6
96,impersonator,2.0,339.1,295.1,567.4,1.0,33.9,46.3
419,impersonator,2033.0,2581.1,359.3,1342.0,1543.1,2011.5,1580.8
517,impersonator,2.0,108.5,25.9,149.3,31.9,186.3,2.0
672,impersonator,2.0,1.5,885.6,188.3,364.3,1.0,2.0
244,impersonator,60.0,103.6,882.0,758.4,27.1,8.0,54.8
1576,genuine,165.0,190.0,151.0,171.0,170.0,168.0,171.0
702,impersonator,112.8,1.5,42.8,369.5,44.6,228.7,404.9
3802,genuine,224.3,232.9,233.2,433.1,16.8,233.1,216.6
9,impersonator,436.1,1022.9,1016.4,2057.1,28.4,1721.5,755.6
192,impersonator,52.3,288.4,284.1,138.8,277.7,394.2,77.0
3836,genuine,169.0,169.0,170.0,173.0,172.0,170.0,164.0
426,genuine,884.2,20.1,21.6,19.3,34.2,60.7,50.4
170,impersonator,25.3,13.8,187.7,1015.7,191.9,69.2,235.0
3370,genuine,28.5,13.2,2111.2,16.6,16.8,18.3,21.9
3746,genuine,329.0,189.0,156.0,171.0,170.0,15.0,166.0
1199,genuine,171.0,175.0,174.0,173.0,174.0,172.0,173.0
344,impersonator,214.7,1.5,327.3,226.5,1.0,64.4,162.6
897,genuine,164.0,167.0,166.0,166.0,166.0,164.0,166.0
179,impersonator,120.9,62.5,148.7,745.4,174.4,2.5,300.7
1834,genuine,1241.3,19.4,16.1,17.7,18.3,19.0,18.3
2507,genuine,172.0,173.0,175.0,173.0,173.0,174.0,171.0
281,impersonator,124.5,65.8,159.3,191.9,438.0,43.2,177.5
4286,genuine,15.0,433.5,7.6,233.2,233.8,432.6,16.3
561,impersonator,74.4,58.3,188.2,32.1,41.9,35.5,26.6
545,impersonator,96.6,162.6,452.0,541.6,197.4,203.7,2.0
1009,genuine,227.8,231.2,217.8,232.8,231.7,451.5,15.2
1787,genuine,213.4,416.9,15.7,216.6,200.0,216.7,416.6
1412,genuine,13.3,234.3,228.7,433.3,15.9,233.3,233.4
2084,genuine,164.0,177.0,155.0,169.0,171.0,12.0,166.0
228,impersonator,2.0,155.3,241.3,94.4,23.9,58.0,2.0
603,impersonator,42.3,542.8,179.4,612.0,177.4,152.3,158.0
702,impersonator,2.0,238.6,279.2,496.2,160.5,223.3,2.0
1385,genuine,164.0,168.0,168.0,14.0,153.0,332.0,169.0
469,impersonator,588.1,406.5,372.2,26.6,281.1,59.6,32.5
4224,genuine,15.5,18.3,1395.9,16.8,19.6,19.3,18.9
1271,genuine,233.1,196.0,233.2,233.1,433.3,16.5,233.3
617,impersonator,23.8,49.0,650.7,465.9,40.1,47.5,2.0
137,impersonator,2.0,61.6,349.3,198.6,11.0,216.2,2.0
686,impersonator,54.4,165.4,5.2,181.0,45.2,184.1,94.1
3495,genuine,168.0,170.0,169.0,172.0,171.0,171.0,166.0
3578,genuine,17.8,19.8,970.2,417.9,19.8,18.8,19.2
3970,genuine,19.6,20.1,390.6,207.8,20.8,18.0,18.8
724,impersonator,2239.3,1560.9,1508.7,1333.1,2192.6,2068.6,1369.1
339,impersonator,350.4,104.3,88.0,190.4,62.0,361.3,96.8
3985,genuine,18.5,16.8,18.6,18.6,17.9,1771.5,18.2
2624,genuine,430.7,16.2,235.2,233.5,450.5,16.1,234.5
432,impersonator,228.2,186.2,10.7,185.4,9.0,8.6,239.4
53,impersonator,2.0,710.6,126.8,15.9,70.8,41.0,2.0
654,impersonator,2.0,544.1,116.0,62.4,453.2,1.0,263.5
1439,genuine,167.0,174.0,171.0,175.0,345.0,16.0,186.0
1844,genuine,17.3,17.0,776.0,632.1,20.8,16.8,17.9
182,genuine,425.5,15.5,232.7,232.8,233.4,433.1,16.6
97,impersonator,424.0,169.0,607.2,233.3,335.2,474.2,87.3
2844,genuine,424.9,16.7,231.5,233.3,232.9,233.7,433.4
4137,genuine,17.1,18.3,18.4,67.3,32.5,94.4,74.1
498,impersonator,665.3,481.6,25.9,181.0,110.5,1.0,647.1
363,impersonator,2.0,5.1,768.8,758.7,170.1,61.5,2.0
302,impersonator,415.0,135.9,157.0,2.1,58.7,1.0,41.4
1423,genuine,170.0,172.0,174.0,173.0,172.0,171.0,175.0
226,impersonator,156.2,89.3,335.1,355.8,297.5,75.9,128.6
3567,genuine,16.7,77.0,53.6,33.7,23.8,96.0,77.1
3145,genuine,165.0,169.0,168.0,168.0,167.0,167.0,167.0
328,impersonator,1989.4,1367.9,2008.6,206.8,423.7,1637.5,1401.9
2969,genuine,165.0,166.0,168.0,168.0,165.0,168.0,165.0
2992,genuine,30.1,101.7,64.8,100.2,35.1,81.2,106.2
251,impersonator,170.7,381.7,313.5,370.8,34.6,174.2,4.5
1757,genuine,170.0,173.0,173.0,175.0,171.0,176.0,173.0
540,impersonator,371.1,701.3,140.8,147.8,341.8,215.6,312.8
53,impersonator,222.7,83.1,295.3,26.5,158.3,2266.5,152.2
358,genuine,431.1,15.2,232.2,233.3,16.3,216.5,617.1
335,impersonator,165.1,383.3,452.2,126.6,111.5,138.1,97.6
263,impersonator,89.5,940.0,2325.0,2014.9,1561.1,2254.9,1545.8
2072,genuine,165.0,184.0,6.0,167.0,333.0,167.0,166.0
86,impersonator,1742.1,1035.1,1083.5,1384.3,103.5,750.4,2613.8
929,genuine,12.8,236.2,226.8,233.3,433.2,16.5,433.3
2979,genuine,14.5,230.1,232.4,233.3,433.4,15.4,233.2
663,genuine,180.0,173.0,158.0,168.0,169.0,171.0,169.0
288,impersonator,175.5,1.5,346.2,486.6,101.2,408.1,58.1
650,impersonator,796.0,187.2,77.7,1366.2,219.4,443.7,404.5
482,genuine,230.1,451.9,31.8,233.3,233.5,452.6,29.0
3393,genuine,17.5,18.2,14.4,38.3,542.5,17.2,18.3
1723,genuine,107.3,1792.5,13.3,17.4,20.7,406.4,812.7
674,impersonator,2.0,86.5,140.4,44.8,45.5,78.6,2.0
1879,genuine,18.6,20.2,13.6,946.4,18.1,18.8,18.7
674,impersonator,51.2,107.4,123.2,50.7,51.3,247.9,171.5
162,impersonator,119.4,55.1,90.5,236.1,135.2,149.0,186.5
2816,genuine,19.1,16.5,17.3,546.1,21.6,20.3,18.4
166,impersonator,127.6,10.0,634.4,831.0,109.0,30.0,58.2
3582,genuine,165.0,170.0,168.0,168.0,169.0,169.0,170.0
83,impersonator,445.3,497.1,172.6,160.3,75.4,234.5,2.0
119,impersonator,2.0,82.0,76.8,1317.3,141.8,39.0,167.3
526,impersonator,2.0,23.9,18.5,147.6,428.6,257.6,2.0
3555,genuine,15.5,18.1,17.1,19.1,948.1,17.5,18.0
3496,genuine,18.3,1384.5,18.3,20.5,20.0,22.2,16.3
421,genuine,213.5,415.4,233.6,431.8,16.2,233.3,233.3
181,impersonator,961.5,114.9,1492.3,1494.1,898.8,1033.8,792.5
3491,genuine,163.0,180.0,155.0,171.0,169.0,170.0,169.0
2960,genuine,15.0,17.5,613.2,613.7,21.0,16.7,16.7
767,genuine,170.0,174.0,172.0,173.0,174.0,172.0,174.0
753,genuine,17.5,14.5,211.2,433.5,233.3,233.2,433.5
742,impersonator,2.0,26.9,21.1,546.1,139.4,137.9,16.4
236,impersonator,2.0,78.4,285.8,272.5,603.7,160.1,2.0
162,impersonator,1288.0,1800.9,1246.3,1845.8,1312.1,1116.5,1022.2
4056,genuine,215.8,196.9,433.2,232.9,433.7,16.1,233.3
494,impersonator,2.0,83.8,394.7,265.9,81.0,108.0,2.0
3915,genuine,213.7,199.8,216.4,633.7,16.3,233.2,433.2
2878,genuine,12.6,2550.4,42.3,95.7,31.3,168.4,80.0
1404,genuine,164.0,187.0,157.0,170.0,170.0,170.0,12.0
2896,genuine,171.0,173.0,174.0,174.0,172.0,173.0,172.0
568,impersonator,2.0,7.2,625.5,89.0,105.0,32.7,2.0
798,genuine,16.5,18.6,973.5,18.2,18.4,18.5,1231.8
857,genuine,26.1,14.6,575.4,424.3,16.0,18.1,19.6
103,impersonator,382.2,192.5,13.1,2.1,282.3,309.9,517.5
193,impersonator,1241.0,656.0,261.8,1870.9,1709.4,1621.2,395.9
3917,genuine,168.0,173.0,169.0,171.0,172.0,169.0,166.0
623,impersonator,345.9,428.2,0.0,2.1,217.3,338.3,273.1
3111,genuine,170.0,173.0,174.0,174.0,175.0,171.0,173.0
658,impersonator,2015.0,1356.0,2205.9,1637.7,857.9,1687.9,2386.9
283,impersonator,101.1,1817.1,2414.6,1936.6,1457.1,1563.4,1379.9
1503,genuine,10.9,448.8,28.4,31.0,201.1,216.7,216.0
345,impersonator,173.4,1.5,709.9,206.3,273.2,264.6,117.2
711,impersonator,492.5,410.9,273.5,453.5,105.8,283.9,127.5
169,impersonator,93.3,296.7,227.3,84.1,52.8,195.5,161.9
2651,genuine,171.0,172.0,176.0,173.0,173.0,173.0,174.0
468,impersonator,406.8,421.9,80.2,263.2,231.2,135.0,680.5
669,impersonator,71.2,255.9,19.5,148.5,463.4,1.0,409.0
210,impersonator,3.5,701.1,382.0,436.3,189.7,32.0,309.7
3321,genuine,158.0,334.0,168.0,165.0,4.0,163.0,5.0
3336,genuine,16.4,15.1,19.3,145.3,839.5,17.5,16.8
491,impersonator,2.0,198.9,99.8,52.7,44.3,113.6,2.0
3693,genuine,173.0,171.0,176.0,172.0,173.0,173.0,175.0
243,impersonator,157.3,212.9,488.8,177.7,283.6,122.2,111.4
2974,genuine,233.0,229.1,233.4,433.3,16.6,233.2,233.3
649,impersonator,144.5,92.5,1267.2,400.2,160.1,12.4,19.8
1522,genuine,21.5,2414.0,21.1,14.1,15.6,19.4,19.7
283,impersonator,159.0,27.2,187.0,156.4,37.6,1.0,347.5
3177,genuine,1182.7,207.5,21.1,630.2,22.6,18.2,19.9
494,impersonator,2227.8,1709.3,662.9,1025.1,873.1,760.7,655.9
197,genuine,445.8,32.3,31.0,199.5,216.4,216.3,618.0
730,impersonator,524.7,210.2,64.5,2.1,291.1,192.3,82.5
472,impersonator,371.9,252.4,282.4,186.4,29.9,504.7,53.7
672,genuine,164.0,168.0,168.0,168.0,168.0,169.0,168.0
550,impersonator,1675.2,1821.2,2336.3,285.7,1751.3,241.1,1012.2
2575,genuine,163.0,166.0,166.0,166.0,168.0,168.0,167.0
379,impersonator,2.0,1.5,518.2,424.2,549.7,164.6,2.0
1230,genuine,17.8,1887.5,19.9,52.6,96.0,69.7,20.3
501,impersonator,2.0,212.2,28.9,850.2,177.2,73.8,2.0
3229,genuine,17.6,18.2,17.3,582.9,17.7,19.5,16.8
216,impersonator,196.7,275.0,931.6,385.9,5.9,213.1,51.3
2614,genuine,168.0,172.0,169.0,174.0,170.0,171.0,169.0
3179,genuine,229.1,233.0,233.1,433.2,16.8,233.1,433.4
3892,genuine,164.0,168.0,166.0,165.0,168.0,169.0,168.0
2842,genuine,163.0,167.0,166.0,167.0,167.0,167.0,167.0
317,impersonator,199.8,444.5,310.1,2.1,327.1,255.5,354.5
608,impersonator,357.6,313.5,134.9,774.5,1.0,1.0,12.0
746,impersonator,2.0,98.1,17.0,472.8,510.8,18.5,2.0
284,impersonator,490.9,797.7,1748.1,533.9,176.1,198.5,765.4
3548,genuine,165.0,168.0,168.0,166.0,168.0,166.0,168.0
593,impersonator,509.9,27.3,88.1,152.9,373.0,277.2,438.5
619,impersonator,1762.2,2290.0,312.3,2057.3,2258.1,1460.6,1246.2
1530,genuine,165.0,167.0,171.0,167.0,168.0,169.0,169.0
1793,genuine,171.0,174.0,174.0,174.0,174.0,173.0,174.0
853,genuine,237.2,425.4,16.7,233.0,433.1,16.5,433.5
4010,genuine,14.3,20.5,15.4,417.1,215.6,199.9,416.6
433,impersonator,48.6,809.8,1011.9,571.7,912.3,371.6,1034.7
689,impersonator,482.1,286.7,416.7,2.1,91.7,1.0,62.7
2187,genuine,16.3,16.3,16.9,33.9,72.6,14.4,104.2
1992,genuine,63.5,43.0,56.3,1845.7,18.3,19.5,20.1
618,genuine,226.2,32.9,200.1,216.3,216.6,400.3,232.6
1324,genuine,170.0,174.0,174.0,172.0,173.0,173.0,175.0
2594,genuine,590.7,17.8,18.1,33.5,64.2,65.7,30.2
615,genuine,14.8,26.6,551.8,15.3,17.3,24.5,85.8
4465,genuine,164.0,167.0,169.0,166.0,166.0,166.0,167.0
3210,genuine,15.1,20.1,1395.8,21.5,15.6,17.8,19.7
2794,genuine,19.8,17.9,1583.3,17.4,19.1,19.6,19.8
905,genuine,168.0,171.0,171.0,169.0,169.0,169.0,169.0
3405,genuine,18.4,21.7,17.0,1183.0,18.6,18.7,19.1
879,genuine,423.4,15.8,233.1,233.4,433.3,16.8,433.1
3008,genuine,19.0,19.0,107.3,1268.6,20.0,22.0,21.1
639,impersonator,2.0,45.6,16.0,426.1,157.6,198.6,2.0
3438,genuine,228.3,232.9,433.3,17.1,232.7,233.2,433.5
617,genuine,15.8,18.2,975.3,19.2,16.9,18.4,18.2
2324,genuine,16.2,19.8,1170.2,632.9,19.2,16.9,17.2
642,impersonator,258.1,106.9,81.7,400.5,325.9,1908.4,205.0
6,impersonator,1372.4,1003.0,1853.3,1118.6,337.0,805.7,1663.5
4067,genuine,18.0,16.9,74.2,13.7,55.3,39.1,107.8
331,genuine,16.4,594.2,425.2,20.1,22.2,19.2,19.7
3064,genuine,16.2,16.8,976.0,16.9,17.3,17.0,17.7
380,impersonator,163.9,268.5,189.8,188.8,2.8,180.8,110.6
3562,genuine,226.1,231.4,433.4,15.8,233.4,232.9,433.4
644,impersonator,74.7,283.8,618.3,273.9,75.6,12.9,240.8
52,impersonator,5.0,648.3,209.7,124.8,214.6,33.0,53.4
65,impersonator,1554.8,910.0,570.8,1504.6,1203.9,802.4,254.5
3674,genuine,17.7,1030.1,20.1,16.6,18.7,18.7,18.8
376,impersonator,413.3,1.5,0.0,542.9,162.2,75.3,49.6
590,genuine,165.0,169.0,167.0,167.0,167.0,167.0,168.0
1488,genuine,165.0,167.0,167.0,167.0,167.0,168.0,166.0
149,genuine,229.6,433.1,16.4,233.4,16.3,216.5,617.2
679,impersonator,322.2,527.1,402.4,57.4,58.0,47.3,14.2
78,impersonator,134.7,2717.1,839.5,1062.0,184.8,698.0,239.8
653,impersonator,2.0,174.5,119.4,16.1,163.1,311.1,2.0
309,impersonator,72.2,200.1,121.7,112.3,49.4,412.4,237.9
3095,genuine,17.4,21.1,18.5,1342.0,420.2,20.5,18.7
4188,genuine,229.2,214.7,233.4,16.4,215.9,200.1,433.4
224,impersonator,330.0,205.4,2.4,104.1,5.1,2.1,15.0
3040,genuine,212.3,413.9,232.3,233.0,450.2,17.2,231.8
3786,genuine,23.1,13.5,218.4,215.6,216.7,198.7,634.6
640,impersonator,498.2,222.0,847.9,13.0,757.4,68.2,165.8
560,impersonator,144.3,126.6,754.4,105.1,233.8,188.5,421.1
366,impersonator,640.8,765.8,2536.8,11.0,2172.7,528.4,2613.9
516,genuine,15.8,1615.5,16.5,15.6,17.8,18.0,19.4
4487,genuine,163.0,166.0,167.0,4.0,162.0,6.0,325.0
3033,genuine,165.0,169.0,166.0,166.0,167.0,167.0,169.0
239,impersonator,358.0,452.5,679.9,2.1,1.0,231.9,63.1
348,impersonator,240.2,311.1,334.8,259.8,1.0,1.0,2.0
38,impersonator,219.7,113.0,142.8,432.1,318.1,207.3,254.7
471,impersonator,104.9,223.5,533.0,87.6,122.5,18.5,132.6
100,impersonator,6.1,159.4,481.7,861.6,182.2,124.4,284.7
2750,genuine,19.8,20.2,216.4,198.7,217.7,216.3,619.2
946,genuine,12.9,1387.2,13.3,224.1,15.3,17.9,815.5
2466,genuine,17.7,588.4,210.7,17.1,18.1,17.8,16.9
284,impersonator,2.0,149.2,406.2,278.9,19.8,172.1,9.3
288,impersonator,19.1,434.9,185.3,21.7,162.7,32.3,178.7
1305,genuine,165.0,169.0,168.0,167.0,168.0,167.0,165.0
4385,genuine,228.3,13.0,233.3,199.3,417.7,232.3,450.8
607,impersonator,2.0,49.0,38.1,617.5,41.6,5.7,2.0
4062,genuine,170.0,173.0,175.0,174.0,171.0,172.0,174.0
186,impersonator,338.0,485.9,579.9,79.3,408.6,192.3,35.0
473,genuine,233.4,412.5,16.3,233.2,433.6,16.5,433.4
730,impersonator,388.7,574.2,96.3,232.1,293.1,162.8,167.3
61,genuine,169.0,171.0,170.0,170.0,171.0,172.0,166.0
480,impersonator,814.7,253.3,2349.0,1652.6,206.9,379.9,1471.0
3141,genuine,15.2,591.0,421.8,15.4,18.1,17.8,17.9
683,impersonator,570.8,478.9,574.7,797.3,1263.9,1132.4,1248.0
323,genuine,14.4,17.2,1620.7,18.3,18.5,19.2,15.2
428,impersonator,203.6,1690.5,92.4,9.2,215.1,193.1,251.3
1907,genuine,432.4,14.9,232.0,233.2,433.4,16.3,233.3
547,impersonator,238.6,1336.5,2268.4,399.7,1111.4,693.8,2185.5
934,genuine,447.8,29.1,233.4,232.5,450.4,14.3,233.0
712,impersonator,2.0,447.8,268.0,3.1,27.0,11.0,2.0
3076,genuine,235.7,227.2,432.8,16.3,233.1,233.5,434.3
2415,genuine,164.0,181.0,155.0,172.0,8.0,167.0,350.0
295,impersonator,279.8,1.5,0.0,691.0,123.6,287.4,114.9
504,impersonator,359.7,330.1,69.8,626.6,133.7,118.8,67.2
591,impersonator,2.0,166.2,225.9,133.0,12.7,44.3,2.0
164,impersonator,97.9,54.3,148.9,142.6,1.0,96.6,83.8
589,genuine,19.2,21.2,19.5,958.5,21.1,19.9,20.8
3512,genuine,11.2,25.4,1023.2,17.7,18.9,19.7,2290.4
186,impersonator,217.9,249.6,134.9,263.3,263.5,23.9,182.5
175,impersonator,343.2,1.5,165.2,158.8,1.0,31.3,129.9
3442,genuine,429.6,16.2,232.9,233.3,433.4,15.6,433.3
1144,genuine,164.0,167.0,166.0,168.0,167.0,168.0,166.0
90,impersonator,55.2,469.0,730.7,387.2,86.6,248.2,147.2
4232,genuine,17.2,75.8,245.5,1689.4,16.7,18.0,19.1
734,impersonator,46.6,1.5,307.1,1208.5,144.0,158.2,159.0
83,impersonator,323.6,126.9,52.9,539.4,203.8,160.0,77.5
416,impersonator,261.7,1074.9,577.7,115.5,2.3,136.6,333.6
244,impersonator,211.7,50.3,1161.3,103.2,1.0,1.0,2.0
473,impersonator,99.9,25.2,264.3,257.0,30.0,254.1,98.0
1991,genuine,165.0,169.0,165.0,167.0,167.0,169.0,168.0
67,impersonator,101.5,190.0,52.2,85.2,316.8,37.2,102.6
503,genuine,15.2,16.1,812.5,18.5,16.6,16.8,16.7
335,impersonator,918.7,1518.3,1544.0,1291.7,1066.7,1046.2,1488.9
203,impersonator,266.1,65.5,444.6,673.5,1.0,167.0,150.7
641,impersonator,23.7,1.5,336.8,165.6,536.2,1.0,318.7
183,impersonator,45.4,116.5,1088.8,733.5,195.7,6.6,15.6
566,genuine,19.2,611.9,17.3,17.8,56.2,2231.6,16.1
321,impersonator,2307.8,1990.7,197.5,1551.6,1772.4,1450.3,1918.4
11,genuine,163.0,169.0,166.0,168.0,166.0,167.0,167.0
482,impersonator,641.3,1246.9,2408.9,2101.7,239.7,855.4,2318.0
2807,genuine,233.2,429.0,16.9,16.1,216.6,199.8,633.7
198,impersonator,2162.8,786.4,1390.1,1323.8,1159.4,87.8,46.4
2867,genuine,181.0,157.0,171.0,170.0,171.0,170.0,166.0
2034,genuine,167.0,168.0,170.0,169.0,169.0,169.0,167.0
737,impersonator,157.4,41.2,457.1,646.6,235.5,7.6,226.5
473,impersonator,290.0,39.7,375.3,258.2,82.4,271.9,96.7
700,impersonator,14.0,1299.3,2025.1,1254.0,106.1,872.1,323.5
4292,genuine,45.6,2280.8,242.8,17.1,16.9,79.1,94.1
596,impersonator,2.0,1.5,533.9,486.1,241.4,1.0,641.0
4229,genuine,14.7,16.8,17.1,17.9,957.7,16.7,16.8
431,impersonator,43.3,518.8,1124.6,83.7,28.2,167.5,153.4
4417,genuine,605.0,402.5,18.2,16.6,16.6,16.7,16.6
243,impersonator,117.0,127.5,147.0,189.9,136.9,60.2,33.7
696,impersonator,136.1,79.5,476.5,199.5,1.0,277.5,225.7
501,impersonator,166.7,141.4,168.0,42.4,472.8,129.8,102.6
144,impersonator,397.2,1.5,752.0,223.9,166.1,204.0,230.3
1639,genuine,18.3,11.8,213.6,216.5,216.4,199.3,634.0
744,impersonator,176.3,1.5,430.3,79.5,192.5,235.2,158.9
1251,genuine,16.2,1362.6,203.9,220.8,14.2,643.9,17.8
1697,genuine,51.6,1339.9,1705.8,21.6,20.6,19.6,38.9
4325,genuine,230.0,233.0,433.2,16.8,232.5,233.3,432.9
1056,genuine,16.2,18.0,767.4,17.1,18.4,19.8,16.7
733,impersonator,35.1,498.8,197.5,178.6,174.4,8.1,355.6
3804,genuine,1336.1,14.5,17.0,16.9,17.2,15.5,55.6
2370,genuine,165.0,168.0,171.0,167.0,171.0,168.0,168.0
582,impersonator,496.0,220.9,122.7,268.4,150.4,143.3,188.5
3385,genuine,232.4,429.6,16.8,233.0,233.3,433.2,16.6
170,impersonator,1275.3,566.9,1328.0,1155.2,570.9,810.7,189.7
2069,genuine,1355.5,17.0,20.1,16.6,18.2,18.4,31.0
175,impersonator,147.8,53.1,1175.9,154.5,217.4,125.5,37.8
437,impersonator,68.4,71.1,276.3,398.2,43.9,129.1,191.1
1860,genuine,167.0,173.0,169.0,169.0,172.0,171.0,166.0
614,impersonator,1301.6,836.3,1177.6,1227.5,1590.9,910.6,681.5
482,impersonator,32.8,3.8,190.1,113.5,335.3,65.6,9.4
2810,genuine,434.9,227.7,16.3,216.4,416.6,433.4,16.5
456,impersonator,204.7,1.5,209.3,453.8,152.3,119.4,22.5
464,impersonator,145.2,191.2,50.5,18.7,297.4,37.5,230.2
3903,genuine,16.5,234.0,210.4,233.3,233.3,233.2,433.4
1190,genuine,167.0,171.0,170.0,169.0,172.0,169.0,166.0
943,genuine,16.5,88.5,418.5,16.9,19.3,44.0,23.5
707,impersonator,2.0,20.4,719.3,976.6,9.8,198.3,2.0
4322,genuine,433.6,31.5,232.8,233.4,450.3,16.2,232.7
1557,genuine,168.0,174.0,169.0,173.0,173.0,170.0,167.0
3871,genuine,19.5,962.1,632.5,21.7,17.2,19.4,19.9
4113,genuine,180.0,173.0,157.0,172.0,170.0,11.0,166.0
17,impersonator,357.1,521.3,205.5,417.7,92.7,1.0,113.9
4011,genuine,17.0,21.4,951.8,835.7,19.9,23.6,17.8
2338,genuine,19.3,20.7,21.6,965.6,21.7,22.9,18.3
145,genuine,74.7,83.8,65.4,68.1,32.2,67.7,23.1
2925,genuine,170.0,174.0,174.0,173.0,173.0,173.0,174.0
3254,genuine,171.0,173.0,175.0,171.0,175.0,174.0,175.0
1729,genuine,164.0,178.0,156.0,171.0,171.0,7.0,167.0
541,impersonator,44.5,16.1,281.5,230.3,58.7,371.4,72.9
14,impersonator,2.0,241.5,58.4,135.0,379.3,289.2,479.4
688,genuine,167.0,171.0,170.0,171.0,172.0,173.0,168.0
584,impersonator,2.0,333.5,211.1,2.1,216.6,73.4,140.2
657,impersonator,137.8,2337.6,1164.9,1086.2,1626.6,93.1,1175.9
1062,genuine,171.0,175.0,175.0,172.0,171.0,175.0,174.0
950,genuine,169.0,173.0,173.0,175.0,172.0,174.0,173.0
497,impersonator,366.6,433.2,0.0,291.4,511.6,1.0,598.6
84,impersonator,2114.6,1747.3,725.5,1287.1,346.5,1241.2,1546.1
86,genuine,164.0,169.0,169.0,166.0,168.0,168.0,165.0
3606,genuine,17.5,19.7,19.5,777.1,20.5,23.2,20.3
3052,genuine,165.0,177.0,158.0,173.0,169.0,169.0,169.0
3475,genuine,18.3,16.4,1605.1,15.3,16.8,17.0,16.8
2487,genuine,168.0,172.0,168.0,172.0,170.0,171.0,166.0
288,genuine,100.2,63.8,47.7,170.6,62.6,31.4,120.3
477,genuine,1890.6,225.3,17.2,16.8,17.1,16.6,44.6
157,impersonator,169.7,190.6,179.8,170.2,112.2,20.5,142.0
1300,genuine,165.0,14.0,152.0,336.0,166.0,168.0,9.0
297,impersonator,411.0,184.1,65.1,472.8,201.8,174.7,222.0
133,impersonator,2.0,45.1,140.6,166.2,76.9,113.4,2.0
315,impersonator,1832.4,565.2,404.8,972.1,2029.2,795.7,1224.1
18,impersonator,174.0,168.4,1175.2,68.0,19.8,203.4,265.5
2281,genuine,1007.9,1482.4,19.8,20.2,20.8,19.2,15.7
28,impersonator,2.0,44.4,274.7,310.5,76.6,183.2,2.0
998,genuine,15.6,16.6,1644.5,16.1,18.3,17.7,17.9
473,impersonator,2.0,27.8,496.8,41.1,122.2,94.2,2.0
221,impersonator,132.4,55.7,529.2,186.1,293.8,69.0,255.6
935,genuine,171.0,170.0,169.0,171.0,173.0,172.0,167.0
1396,genuine,170.0,173.0,174.0,173.0,174.0,173.0,175.0
138,impersonator,2.0,360.7,242.9,119.7,176.5,20.4,2.0
166,impersonator,57.2,136.3,2098.9,1913.2,617.1,419.3,419.4
725,impersonator,15.7,103.5,289.9,1042.0,4.5,698.7,156.0
313,impersonator,213.8,32.3,121.1,585.9,75.7,161.4,360.1
246,impersonator,2.0,248.0,146.4,691.9,128.0,28.0,2.0
838,genuine,384.8,1054.1,18.3,20.7,19.2,17.5,15.8
2743,genuine,18.2,24.4,87.0,1704.8,20.6,23.4,17.3
2541,genuine,15.9,19.3,792.1,418.1,16.9,420.4,17.8
616,impersonator,142.8,930.1,1768.7,2135.0,439.4,328.7,538.5
3196,genuine,416.6,15.2,214.9,199.7,216.6,633.8,15.3
2335,genuine,48.8,1348.3,16.0,17.5,19.0,19.0,19.3
2906,genuine,13.2,215.8,216.5,199.6,634.2,16.0,232.9
682,impersonator,2.0,20.0,781.5,362.8,242.8,55.1,2.0
749,impersonator,17.2,385.5,394.6,10.2,201.4,187.3,82.9
4345,genuine,230.8,433.6,15.9,233.0,433.7,15.9,232.9
3048,genuine,331.0,167.0,168.0,166.0,168.0,166.0,169.0
3001,genuine,167.0,173.0,169.0,173.0,171.0,170.0,165.0
1113,genuine,172.0,174.0,174.0,172.0,175.0,173.0,173.0
305,genuine,101.3,759.7,18.7,23.2,15.9,2290.3,25.5
235,impersonator,150.7,4.7,430.5,937.1,167.9,18.6,325.4
368,impersonator,1935.7,208.0,2005.4,954.6,1125.3,1896.0,1206.4
705,impersonator,478.2,278.6,551.7,212.5,555.1,149.3,325.1
472,impersonator,2.0,419.1,180.9,35.8,179.6,166.0,201.3
102,impersonator,578.0,475.3,296.9,4.4,212.9,346.8,252.3
4154,genuine,197.2,232.3,16.2,216.6,199.9,216.3,417.0
595,impersonator,2.0,27.2,341.9,195.3,442.8,90.0,2.0
3561,genuine,231.2,230.9,233.4,233.2,232.7,433.9,15.9
1704,genuine,227.0,450.3,31.3,233.2,232.9,450.4,32.0
4205,genuine,11.0,15.9,16.5,165.4,845.6,16.1,16.6
406,impersonator,2.0,3.3,859.7,2.1,81.2,250.9,314.8
299,impersonator,18.4,6.0,170.7,157.9,151.1,13.5,7.1
1445,genuine,173.0,175.0,175.0,172.0,174.0,172.0,173.0
92,genuine,14.9,15.3,1612.6,14.5,18.1,198.6,16.7
432,impersonator,251.9,530.3,733.3,121.6,382.6,91.6,100.8
64,impersonator,343.3,149.4,0.0,2.1,406.3,186.8,383.0
364,impersonator,2.0,139.3,58.3,61.9,128.3,144.6,2.0
406,impersonator,17.2,266.3,74.4,629.7,20.3,138.8,19.3
2486,genuine,163.0,167.0,166.0,165.0,166.0,168.0,165.0
361,impersonator,1135.5,1021.5,1790.4,1053.2,445.0,1809.8,1208.1
1566,genuine,18.4,1412.7,19.0,16.4,16.0,16.8,17.3
4330,genuine,165.0,167.0,168.0,165.0,166.0,166.0,166.0
466,impersonator,114.3,176.8,227.5,102.5,393.7,144.7,149.2
605,genuine,12.4,232.0,233.0,433.4,16.4,233.3,433.4
493,impersonator,87.9,254.2,162.9,429.7,47.0,146.7,122.1
3362,genuine,18.0,18.4,776.1,421.7,15.9,18.1,17.9
961,genuine,15.7,18.6,1168.5,636.5,21.1,20.1,19.4
466,genuine,165.0,167.0,168.0,167.0,169.0,165.0,167.0
3031,genuine,168.0,173.0,169.0,172.0,173.0,170.0,165.0
301,impersonator,413.1,279.7,480.5,471.7,1.0,349.6,2.0
645,impersonator,40.8,161.5,456.0,117.9,375.3,221.5,58.2
113,impersonator,171.6,212.6,406.8,292.7,380.2,246.2,128.9
1269,genuine,169.0,172.0,169.0,171.0,171.0,170.0,166.0
721,impersonator,2.0,115.1,0.0,273.4,354.9,222.8,290.5
133,impersonator,117.5,182.8,12.6,18.6,42.9,219.7,91.8
416,impersonator,173.8,1025.5,211.2,2.1,136.0,1.0,2.0
443,impersonator,313.0,58.3,50.1,373.5,69.2,54.6,52.5
3633,genuine,243.8,254.2,23.1,647.9,32.9,450.1,31.3
716,impersonator,229.5,235.4,0.0,222.0,360.2,180.8,168.0
121,impersonator,1162.1,1733.8,1815.7,1415.3,567.0,1194.6,388.1
646,impersonator,2.0,1.5,619.4,393.9,300.6,347.5,320.6
650,impersonator,158.3,953.7,0.0,2.1,435.2,127.6,148.9
338,genuine,227.2,449.1,32.1,231.9,450.6,16.2,233.0
502,impersonator,130.6,207.9,98.5,223.1,125.3,99.2,49.6
243,impersonator,158.3,137.7,147.2,229.8,143.6,122.1,98.8
313,impersonator,1760.6,846.1,2151.1,584.9,1710.8,756.1,179.1
352,impersonator,1088.0,1853.9,140.6,565.8,354.3,2265.3,871.8
389,genuine,430.5,16.7,235.1,232.9,450.0,15.9,233.4
398,impersonator,2.0,80.3,441.7,479.6,62.7,116.8,2.0
3521,genuine,14.9,1414.7,14.8,14.6,17.2,19.9,802.1
436,genuine,13.9,23.6,14.5,80.6,14.8,104.7,112.3
5,genuine,165.0,170.0,169.0,171.0,172.0,170.0,166.0
42,impersonator,73.3,16.1,461.5,644.8,176.8,35.1,98.5
2160,genuine,165.0,168.0,166.0,166.0,168.0,165.0,169.0
518,impersonator,295.6,80.7,634.5,664.5,236.1,1.0,221.8
2157,genuine,17.0,14.8,215.8,212.6,199.7,215.2,416.9
3082,genuine,101.7,325.2,20.2,38.3,92.5,2385.3,18.4
583,genuine,170.0,173.0,175.0,172.0,173.0,174.0,173.0
2882,genuine,17.4,15.9,990.3,16.3,19.4,19.5,20.5
3058,genuine,171.0,173.0,176.0,171.0,173.0,174.0,173.0
129,impersonator,2.0,92.2,333.9,160.7,51.3,116.5,2.0
287,impersonator,63.0,263.8,365.1,325.4,17.9,293.6,18.9
260,impersonator,42.8,182.1,173.6,236.4,362.2,129.7,39.9
3045,genuine,166.0,173.0,167.0,171.0,171.0,170.0,167.0
226,impersonator,88.4,132.7,160.6,70.1,110.3,55.5,64.0
239,impersonator,24.9,16.3,283.8,245.8,147.3,42.7,215.7
166,impersonator,2.0,1.5,1182.1,1023.5,1.0,14.1,94.7
666,impersonator,275.5,2575.5,0.0,2.1,422.1,23.1,139.3
287,impersonator,2.0,1.5,156.7,1024.3,1.0,282.5,101.2
625,impersonator,70.4,93.7,469.1,72.4,76.2,45.9,91.8
1618,genuine,166.0,168.0,168.0,12.0,154.0,331.0,167.0
3,genuine,169.0,175.0,176.0,174.0,174.0,173.0,173.0
2850,genuine,163.0,174.0,175.0,171.0,174.0,173.0,174.0
2771,genuine,171.0,174.0,174.0,172.0,173.0,173.0,173.0
585,impersonator,130.0,361.0,183.7,2.1,326.4,222.4,167.3
306,genuine,15.0,16.8,1636.0,14.9,17.5,17.2,17.3
10,genuine,166.0,170.0,3.0,169.0,328.0,170.0,168.0
2062,genuine,166.0,170.0,170.0,170.0,170.0,170.0,166.0
310,impersonator,225.1,121.5,352.9,280.7,1.0,463.5,82.2
1426,genuine,171.0,173.0,173.0,173.0,171.0,172.0,173.0
2052,genuine,48.5,1995.8,238.7,22.8,17.2,17.3,27.0
278,impersonator,161.6,259.7,259.0,164.9,12.4,17.7,232.6
442,impersonator,227.8,1116.8,97.3,197.1,268.3,139.7,307.8
2473,genuine,170.0,174.0,174.0,175.0,173.0,172.0,172.0
1088,genuine,213.5,216.3,416.8,233.0,433.5,16.8,432.7
674,impersonator,33.0,62.0,85.6,96.3,93.1,196.8,303.3
332,genuine,37.6,53.8,474.1,16.6,25.1,56.1,2429.7
146,impersonator,22.2,3.7,515.9,170.5,129.6,159.1,107.6
69,impersonator,98.1,104.5,282.0,173.6,116.2,226.8,194.4
1894,genuine,15.6,12.2,214.2,216.5,199.7,216.4,417.0
160,genuine,164.0,179.0,158.0,170.0,172.0,169.0,169.0
459,genuine,16.0,15.5,20.1,16.4,969.1,16.8,16.8
351,impersonator,2.0,519.1,384.4,21.1,70.2,286.1,2.4
669,impersonator,532.1,2611.2,916.0,1446.0,1457.8,360.6,2597.5
158,impersonator,113.2,331.0,39.1,189.0,186.9,119.3,94.5
441,impersonator,2257.7,244.9,2087.2,798.7,986.4,359.8,2410.3
70,impersonator,584.8,242.6,24.4,334.8,352.0,369.4,533.4
506,genuine,171.0,172.0,175.0,172.0,174.0,171.0,174.0
2961,genuine,167.0,172.0,170.0,171.0,170.0,172.0,165.0
4358,genuine,164.0,187.0,156.0,169.0,168.0,170.0,169.0
740,impersonator,233.3,142.9,789.8,300.4,4.6,176.1,308.2
1993,genuine,228.7,232.9,433.3,16.1,233.6,233.4,233.1
4386,genuine,168.0,170.0,170.0,171.0,170.0,172.0,166.0
243,impersonator,2.0,163.4,306.3,223.8,276.6,66.9,89.7
3947,genuine,59.7,78.1,103.5,64.1,37.5,66.3,32.9
1048,genuine,165.0,165.0,168.0,167.0,166.0,166.0,166.0
53,impersonator,136.9,337.5,3.7,602.4,343.8,229.2,519.9
1092,genuine,167.0,184.0,12.0,150.0,350.0,167.0,166.0
3649,genuine,186.0,8.0,149.0,350.0,166.0,166.0,168.0
4027,genuine,28.8,215.4,228.7,433.8,16.1,233.4,233.4
732,impersonator,37.1,23.1,301.1,579.5,2.2,20.0,107.2
2557,genuine,15.5,423.7,14.8,233.0,233.1,232.9,433.6
2114,genuine,60.9,44.4,75.5,96.1,32.0,160.2,35.4
2236,genuine,181.0,172.0,157.0,169.0,169.0,183.0,166.0
1794,genuine,95.1,647.9,1703.9,20.1,14.5,22.4,69.7
4315,genuine,15.7,18.0,1590.2,17.4,18.8,19.8,17.0
3452,genuine,14.6,213.0,216.6,199.8,216.2,617.1,16.8
1242,genuine,1602.8,21.9,16.6,19.6,19.3,20.0,19.7
1836,genuine,18.2,18.8,1213.6,24.4,21.0,204.4,19.3
492,impersonator,91.9,1.5,487.3,377.3,294.9,1.0,12.7
835,genuine,165.0,171.0,169.0,173.0,173.0,172.0,167.0
1501,genuine,18.2,20.3,333.4,837.9,18.4,19.7,19.8
444,impersonator,136.8,514.7,406.9,62.9,1.0,505.0,58.1
3324,genuine,18.0,10.6,427.5,230.7,450.9,30.7,233.8
3787,genuine,430.9,11.1,231.7,233.0,433.5,16.5,233.2
258,impersonator,930.8,1573.1,2002.2,855.0,1775.4,747.1,269.0
725,impersonator,2.0,182.1,169.2,259.0,216.1,115.4,44.8
192,impersonator,82.6,29.4,53.8,189.8,472.5,76.1,186.2
354,impersonator,88.3,1.5,1140.4,65.1,259.4,160.3,141.0
654,genuine,25.7,231.1,233.3,232.9,450.6,16.4,232.8
389,impersonator,56.0,447.6,20.8,168.2,196.7,82.8,103.2
339,impersonator,65.3,226.8,89.3,229.5,221.3,104.1,305.5
130,impersonator,2495.2,376.5,2086.9,650.8,1144.0,2091.0,1482.6
369,impersonator,2.0,203.4,131.4,26.8,293.9,139.7,2.0
475,impersonator,2.0,192.2,462.8,5.7,130.8,13.8,199.1
633,impersonator,822.4,1506.7,1033.3,1049.7,998.2,473.6,1049.7
3256,genuine,180.0,175.0,155.0,172.0,168.0,171.0,168.0
27,impersonator,1892.0,1062.6,455.5,1529.0,1354.6,2051.9,772.0
29,impersonator,228.6,1.5,567.0,2.1,616.3,266.5,303.9
2452,genuine,18.9,226.6,430.1,16.4,233.9,232.6,433.5
308,impersonator,13.8,193.5,68.9,117.1,258.8,32.4,169.4
3536,genuine,18.1,18.6,983.0,630.3,24.7,18.1,20.6
3108,genuine,172.0,193.0,162.0,176.0,177.0,178.0,172.0
670,impersonator,316.7,134.6,207.5,371.0,234.5,188.8,53.6
160,impersonator,187.4,100.2,186.8,24.5,1.0,3.1,29.9
1877,genuine,17.6,15.1,17.3,1601.7,15.0,17.6,17.9
349,impersonator,2.0,181.9,94.9,94.6,21.5,41.3,2.0
258,impersonator,80.9,236.1,227.1,48.8,2.9,49.9,140.4
782,genuine,172.0,171.0,174.0,172.0,174.0,174.0,175.0
1174,genuine,164.0,169.0,166.0,167.0,167.0,167.0,166.0
90,impersonator,49.9,236.3,502.0,161.3,280.3,76.7,20.6
2736,genuine,2484.6,11.2,16.0,18.5,26.3,74.6,77.2
2365,genuine,165.0,170.0,166.0,165.0,166.0,169.0,167.0
420,impersonator,285.1,215.5,431.2,79.9,101.4,321.4,354.5
2024,genuine,164.0,169.0,167.0,165.0,167.0,10.0,158.0
2439,genuine,170.0,172.0,173.0,173.0,173.0,172.0,175.0
588,impersonator,2.0,21.8,76.8,384.8,33.3,12.1,2.0
3824,genuine,16.5,19.5,18.8,20.0,1150.2,18.4,19.5
497,impersonator,2554.4,2417.4,595.6,65.6,578.8,2378.0,1776.0
163,impersonator,932.8,1681.3,2053.7,687.1,707.7,612.7,396.2
1018,genuine,16.0,26.7,1388.8,16.5,18.6,20.3,16.7
1436,genuine,47.2,2105.8,7.4,435.7,16.7,17.8,17.8
177,genuine,163.0,179.0,156.0,170.0,170.0,170.0,169.0
4146,genuine,170.0,174.0,173.0,171.0,174.0,174.0,173.0
554,impersonator,216.5,254.8,137.6,217.5,25.2,158.0,150.5
626,impersonator,1756.3,1213.3,347.5,189.2,582.4,118.7,1261.1
257,impersonator,1051.4,1703.6,2387.9,1037.3,1783.0,1702.2,2601.4
701,impersonator,118.9,8.2,100.3,900.0,64.9,43.8,42.4
201,impersonator,89.5,1.5,284.3,271.3,1.0,183.5,78.3
400,impersonator,173.7,438.8,132.7,207.0,375.6,324.8,174.1
314,impersonator,1919.2,883.5,1074.3,631.7,631.7,1202.7,904.3
1980,genuine,233.1,228.9,433.3,16.5,433.3,16.6,233.0
399,genuine,441.0,16.1,18.2,25.7,93.9,1734.7,17.0
3817,genuine,171.0,174.0,174.0,172.0,174.0,171.0,174.0
2692,genuine,164.0,174.0,155.0,172.0,171.0,170.0,168.0
432,impersonator,469.0,97.4,27.0,83.4,25.0,21.3,140.5
3830,genuine,168.0,11.0,156.0,332.0,168.0,167.0,8.0
299,impersonator,82.8,89.9,711.6,211.1,328.8,1.0,2.0
428,impersonator,1754.9,2497.0,607.0,85.1,2122.9,1633.7,2214.1
1214,genuine,432.5,14.6,15.1,216.1,216.6,199.9,416.9
729,impersonator,387.6,473.7,106.1,19.7,185.3,132.6,28.6
301,impersonator,518.7,185.7,251.8,587.5,6.0,172.2,68.8
648,impersonator,2065.9,718.5,2255.6,1106.1,544.6,636.7,2360.6
3870,genuine,16.6,19.3,973.1,631.9,19.7,15.9,422.4
2947,genuine,394.6,215.6,16.8,16.9,72.0,83.5,96.0
127,impersonator,314.0,351.9,175.5,15.2,609.2,163.6,253.6
386,genuine,169.0,182.0,156.0,170.0,170.0,168.0,170.0
8,impersonator,1256.8,991.4,2077.2,1308.3,253.4,105.2,682.4
248,impersonator,160.1,179.9,239.1,12.8,232.5,512.5,536.8
5,impersonator,161.9,1174.2,97.5,54.6,1.0,165.6,127.8
1451,genuine,228.7,232.8,433.3,16.6,433.4,16.6,232.8
4287,genuine,17.1,18.9,1173.4,631.9,22.7,18.0,20.0
500,impersonator,1923.0,235.4,1096.1,379.9,1253.7,2107.7,1918.7
4457,genuine,166.0,171.0,169.0,171.0,170.0,172.0,166.0
4296,genuine,171.0,174.0,176.0,174.0,173.0,172.0,174.0
336,genuine,16.4,1183.8,201.7,17.2,17.6,832.0,17.8
13,impersonator,2.0,226.0,436.9,90.7,137.7,59.1,2.0
206,impersonator,268.6,200.4,87.7,16.1,173.4,124.7,15.5
121,impersonator,53.0,45.7,84.1,219.7,93.3,31.7,103.3
677,impersonator,2.0,143.1,536.6,239.4,29.9,50.1,2.0
671,impersonator,5.9,925.6,15.9,105.2,271.1,221.7,2.0
3201,genuine,170.0,175.0,174.0,173.0,174.0,172.0,172.0
47,impersonator,232.4,1.5,827.4,869.6,34.2,1.0,285.8
22,impersonator,283.2,135.2,141.7,642.9,1.0,42.5,197.2
2922,genuine,429.6,16.2,232.0,233.4,433.6,16.2,232.1
2766,genuine,165.0,167.0,165.0,168.0,169.0,167.0,166.0
294,impersonator,2237.8,1983.8,977.4,631.8,872.7,2145.9,843.4
609,impersonator,325.5,1.5,14.8,37.1,63.5,323.2,3.5
177,impersonator,2.0,103.6,110.0,16.8,629.8,323.6,2.0
683,impersonator,309.0,352.8,682.1,377.1,130.3,159.0,197.6
37,impersonator,2.0,10.6,289.1,331.1,406.5,39.7,181.4
3288,genuine,230.2,431.5,16.4,233.2,233.1,416.9,16.4
720,impersonator,468.0,231.5,375.4,129.6,89.8,123.9,374.9
335,impersonator,118.0,197.9,212.8,62.6,52.0,71.3,43.8
1287,genuine,166.0,166.0,166.0,166.0,166.0,168.0,166.0
671,impersonator,2561.0,2034.4,515.1,599.1,1891.2,2029.5,2628.1
1574,genuine,166.0,166.0,165.0,167.0,169.0,168.0,169.0
4037,genuine,13.9,11.0,231.4,199.1,216.8,416.8,449.9
766,genuine,171.0,175.0,173.0,172.0,172.0,173.0,173.0
219,impersonator,2.0,997.6,20.2,99.3,105.9,361.9,2.0
959,genuine,164.0,168.0,167.0,167.0,167.0,165.0,167.0
3816,genuine,15.6,596.0,422.2,15.9,20.6,17.6,19.8
71,genuine,166.0,189.0,154.0,171.0,169.0,11.0,167.0
2438,genuine,227.1,233.0,450.0,16.1,231.9,233.6,233.3
3949,genuine,19.1,22.1,780.4,632.0,25.2,19.7,18.9
542,impersonator,1958.6,2020.5,1886.6,1215.2,705.3,1474.6,1127.8
180,impersonator,2.0,70.5,20.7,35.4,440.5,406.3,2.0
169,genuine,170.0,175.0,174.0,175.0,173.0,173.0,173.0
371,impersonator,2246.6,354.2,2495.4,68.5,1738.5,288.2,1672.0
547,impersonator,34.4,193.2,1109.5,193.3,85.6,170.9,241.5
171,impersonator,2.0,503.4,753.8,322.1,1.0,1.0,38.2
1342,genuine,16.6,22.6,529.1,846.3,20.5,20.3,19.5
1895,genuine,163.0,168.0,168.0,166.0,169.0,166.0,166.0
465,impersonator,1919.6,2372.6,796.1,1491.9,1806.7,1218.4,2019.2
129,impersonator,1027.5,930.9,773.8,1761.1,1355.5,1214.2,750.4
97,genuine,16.8,16.6,337.3,15.5,16.4,69.2,103.5
2047,genuine,15.4,212.7,216.3,199.9,416.8,233.2,433.4
199,impersonator,461.9,109.4,1550.3,2057.1,1717.5,1326.8,236.7
1183,genuine,171.0,172.0,175.0,174.0,173.0,174.0,171.0
563,impersonator,588.0,340.2,105.5,13.8,220.2,336.7,253.7
54,impersonator,550.7,1061.3,0.9,77.0,571.5,158.8,215.9
174,impersonator,12.8,75.0,321.8,628.7,293.0,190.2,4.0
516,impersonator,160.6,163.5,214.8,164.8,355.8,198.4,45.1
423,impersonator,2.0,351.9,11.1,9.2,99.3,168.4,2.0
16,impersonator,1628.6,51.0,601.9,1705.1,2204.4,969.6,2505.5
744,impersonator,26.3,140.1,180.6,144.4,127.5,167.7,43.7
723,impersonator,1267.5,2428.5,38.7,1069.8,2300.0,552.9,1476.3
95,impersonator,22.6,24.8,92.9,218.7,5.2,3.8,7.1
1583,genuine,16.5,14.4,216.3,212.3,199.7,216.4,416.0
1093,genuine,18.1,23.5,90.5,1696.9,18.1,20.4,19.8
3038,genuine,230.2,452.8,31.4,233.7,233.0,451.0,14.6
667,impersonator,2.0,41.9,157.5,198.9,266.7,231.3,2.0
316,genuine,168.0,173.0,175.0,173.0,172.0,174.0,173.0
1693,genuine,168.0,172.0,169.0,171.0,170.0,172.0,167.0
132,genuine,165.0,166.0,168.0,167.0,167.0,166.0,167.0
1770,genuine,17.6,57.0,1120.3,630.5,20.3,16.7,18.6
2666,genuine,430.4,15.9,235.7,233.3,234.8,30.3,198.9
1494,genuine,165.0,168.0,168.0,15.0,151.0,330.0,169.0
3979,genuine,17.5,20.7,1156.5,421.9,16.1,20.9,17.0
4203,genuine,230.1,232.9,233.0,233.2,433.5,16.6,232.8
1667,genuine,16.2,17.8,15.3,84.5,79.8,63.7,96.2
299,genuine,165.0,167.0,167.0,17.0,150.0,329.0,168.0
2185,genuine,167.0,187.0,156.0,169.0,171.0,10.0,167.0
3675,genuine,168.0,186.0,154.0,171.0,169.0,168.0,170.0
3228,genuine,230.0,233.2,233.0,433.5,16.6,233.1,433.3
212,impersonator,182.5,232.4,132.8,225.5,140.5,159.1,92.2
473,impersonator,2.0,203.5,170.1,192.6,19.2,186.7,165.5
1059,genuine,215.9,213.3,416.3,233.0,233.4,433.6,16.1
2053,genuine,164.0,183.0,156.0,169.0,8.0,166.0,350.0
296,impersonator,133.5,168.8,214.3,152.0,509.8,174.7,148.9
3541,genuine,14.0,18.5,17.7,24.4,1763.6,15.7,19.6
869,genuine,172.0,173.0,173.0,173.0,173.0,174.0,171.0
3392,genuine,213.0,215.8,199.6,633.7,15.5,232.9,433.4
722,impersonator,2.0,154.7,111.5,8.4,456.6,458.9,2.0
2231,genuine,446.5,26.5,232.8,232.8,451.1,15.2,232.3
361,impersonator,65.7,601.9,292.9,19.5,58.8,8.5,35.4
703,genuine,15.8,30.3,107.2,61.2,31.5,125.4,42.6
1128,genuine,331.0,189.0,153.0,171.0,176.0,165.0,170.0
660,impersonator,2.0,357.2,178.4,15.4,103.6,175.8,2.0
4000,genuine,164.0,174.0,156.0,172.0,170.0,12.0,167.0
404,impersonator,44.3,150.5,404.1,293.5,337.6,1.0,117.9
338,impersonator,63.4,1334.1,2483.8,727.5,1299.7,826.9,1512.1
407,impersonator,137.4,182.5,434.8,146.8,244.9,239.6,132.4
3295,genuine,15.9,18.9,16.0,965.3,417.2,17.3,20.8
10,impersonator,160.0,152.8,187.8,2.1,493.6,203.2,370.5
710,impersonator,20.7,65.4,90.7,534.6,617.4,68.9,351.5
4307,genuine,429.9,16.1,233.1,233.2,16.4,216.3,617.2
616,impersonator,2.0,155.5,1202.8,49.9,201.5,28.9,2.0
343,impersonator,190.4,389.3,48.7,2.1,197.9,354.4,102.0
215,impersonator,1713.4,2222.9,2067.1,181.2,1601.8,569.0,313.1
99,impersonator,131.3,525.4,224.2,189.5,383.9,278.9,328.7
269,impersonator,4.1,271.6,193.3,65.9,44.7,68.3,184.7
2722,genuine,169.0,172.0,176.0,174.0,171.0,173.0,175.0
3758,genuine,15.6,18.2,785.9,631.3,20.5,16.8,16.5
1646,genuine,4.0,837.0,16.6,17.2,17.7,2281.2,19.2
940,genuine,164.0,169.0,168.0,166.0,167.0,168.0,168.0
3499,genuine,15.7,18.2,1780.8,19.5,18.7,19.0,18.4
3941,genuine,166.0,169.0,168.0,166.0,168.0,170.0,167.0
323,impersonator,26.9,1110.5,203.6,18.3,219.9,184.0,263.3
2451,genuine,165.0,169.0,167.0,165.0,168.0,167.0,169.0
309,impersonator,28.6,182.9,113.4,65.0,225.4,163.6,194.5
1078,genuine,169.0,172.0,169.0,170.0,173.0,169.0,166.0
1135,genuine,199.1,213.3,417.2,15.2,216.5,199.8,634.1
46,genuine,163.0,169.0,168.0,167.0,168.0,167.0,167.0
585,impersonator,2321.8,1530.2,1222.3,169.6,1805.2,960.0,2331.7
234,impersonator,93.6,244.3,288.3,78.5,193.4,444.1,535.1
375,impersonator,216.8,133.5,107.4,1513.6,192.8,211.4,121.2
2901,genuine,230.1,233.3,233.1,233.1,433.5,15.7,232.9
796,genuine,226.5,232.4,451.0,15.7,233.1,233.3,232.8
650,impersonator,1610.1,2393.1,52.9,1632.0,1370.8,2325.4,2179.8
709,genuine,12.0,158.0,331.0,167.0,171.0,5.0,172.0
2991,genuine,163.0,179.0,155.0,170.0,168.0,169.0,169.0
99,impersonator,2379.7,1467.5,604.7,736.2,790.5,1775.9,1800.2
2567,genuine,14.1,230.7,233.1,233.3,16.4,216.3,417.7
5,impersonator,49.6,347.9,201.8,638.1,168.8,159.1,260.2
936,genuine,168.0,186.0,160.0,170.0,4.0,166.0,351.0
351,genuine,15.0,983.6,632.4,16.8,16.0,427.0,406.4
954,genuine,164.0,166.0,168.0,165.0,166.0,167.0,165.0
392,impersonator,2.0,633.4,625.8,626.2,1.0,135.4,2.0
723,impersonator,2.0,61.7,303.1,16.7,222.8,798.8,2.0
404,impersonator,64.5,95.2,104.9,136.7,135.0,27.0,35.9
301,impersonator,2.0,245.3,1240.6,98.4,34.0,25.7,238.3
1015,genuine,16.4,19.6,17.4,1776.8,18.5,19.3,18.1
677,impersonator,7.2,75.2,243.3,169.7,158.0,174.4,3.6
3135,genuine,167.0,166.0,167.0,169.0,167.0,168.0,167.0
105,impersonator,1288.3,2660.0,1688.9,230.7,1740.7,1299.7,373.9
746,impersonator,300.7,105.9,15.5,38.5,690.3,46.1,4.7
744,genuine,19.3,18.2,579.8,422.3,15.7,21.0,16.9
686,genuine,14.1,214.8,419.4,232.8,233.2,450.0,15.6
559,impersonator,158.1,403.5,171.2,149.0,1.0,119.2,394.4
677,genuine,16.2,430.1,14.4,432.9,16.8,232.8,233.0
4335,genuine,170.0,182.0,174.0,177.0,170.0,175.0,176.0
724,impersonator,241.9,460.0,55.3,165.6,97.3,208.0,406.0
156,impersonator,2259.5,2296.0,517.0,335.0,2080.3,844.6,2442.5
1719,genuine,173.0,173.0,175.0,173.0,173.0,174.0,174.0
672,impersonator,15.4,130.3,238.5,111.9,41.7,16.2,2.2
81,impersonator,2.0,107.2,434.1,38.9,45.3,125.3,2.0
90,impersonator,196.8,470.3,545.4,642.6,81.6,374.5,254.2
341,genuine,166.0,187.0,1.0,169.0,14.0,316.0,351.0
634,impersonator,192.9,232.1,286.6,255.1,383.6,96.6,134.5
55,impersonator,4.7,111.1,761.5,297.4,89.6,50.1,368.1
389,impersonator,47.3,151.2,186.5,133.7,387.6,78.9,428.3
82,impersonator,2.0,36.0,645.6,281.1,2.0,54.0,2.0
158,impersonator,2031.1,2223.2,594.7,686.0,570.5,1287.8,973.2
3394,genuine,228.4,433.0,16.8,232.7,233.1,433.3,17.0
3763,genuine,172.0,174.0,174.0,172.0,172.0,174.0,175.0
633,impersonator,29.0,178.3,171.6,267.1,103.7,165.9,142.7
1449,genuine,230.7,430.0,16.6,433.0,16.5,233.0,233.2
153,impersonator,11.3,51.1,1251.0,139.7,202.5,164.6,25.4
124,impersonator,220.5,2063.8,697.7,1875.5,1716.1,1255.9,648.8
453,impersonator,1291.5,264.1,2618.4,325.3,580.2,213.2,257.4
602,impersonator,91.0,87.9,530.1,568.7,60.3,11.6,20.0
1,impersonator,161.4,8.7,358.9,493.2,150.3,92.1,110.6
458,genuine,165.0,167.0,166.0,168.0,167.0,168.0,167.0
726,impersonator,229.0,27.7,115.1,511.4,128.2,174.2,552.3
551,impersonator,7.0,102.8,252.9,112.2,211.7,136.0,160.3
924,genuine,170.0,173.0,174.0,173.0,175.0,170.0,171.0
321,impersonator,149.0,257.4,169.3,2.1,342.3,370.3,358.3
357,impersonator,25.8,1.5,0.0,543.2,230.4,206.7,158.7
220,impersonator,508.0,1428.9,1064.9,1712.1,1431.9,900.0,214.5
3390,genuine,17.8,11.4,214.3,216.7,216.1,199.9,417.0
3837,genuine,163.0,169.0,169.0,167.0,169.0,167.0,166.0
170,impersonator,35.9,43.7,287.5,638.3,1.0,346.0,25.5
3174,genuine,165.0,169.0,166.0,166.0,169.0,166.0,167.0
662,impersonator,85.8,758.8,193.9,367.8,75.4,59.4,186.1
315,impersonator,69.9,251.7,154.9,149.5,225.8,99.0,73.5
1195,genuine,28.5,120.0,48.7,120.1,59.5,95.4,35.8
1074,genuine,230.1,233.4,232.7,216.5,233.4,233.4,233.2
2123,genuine,164.0,187.0,157.0,171.0,167.0,170.0,171.0
4396,genuine,17.9,25.2,38.8,50.2,1904.0,17.9,22.4
661,impersonator,2.0,201.8,278.1,156.6,148.4,364.8,2.0
719,impersonator,2.0,5.4,676.6,112.6,85.5,54.1,2.0
111,impersonator,100.7,115.8,37.4,62.0,11.1,454.2,116.1
47,genuine,2263.0,10.8,17.5,17.5,49.5,55.5,72.4
738,impersonator,233.8,321.5,125.7,213.7,454.4,372.4,553.0
3843,genuine,430.3,16.4,235.1,234.0,449.5,15.9,232.9
1553,genuine,17.6,22.9,965.0,421.4,15.9,19.4,19.3
77,impersonator,3.5,196.4,1187.3,288.6,216.7,8.0,97.7
316,impersonator,211.5,726.0,1464.1,1127.2,1927.4,1885.2,1274.3
92,impersonator,44.9,33.2,891.6,108.2,43.2,331.1,383.1
3463,genuine,76.0,363.8,15.6,18.9,33.3,46.5,2638.6
3068,genuine,171.0,173.0,175.0,173.0,172.0,173.0,171.0
3173,genuine,14.3,1188.2,199.2,16.5,17.8,18.2,19.1
30,impersonator,69.3,404.3,731.5,168.6,446.5,240.4,2.0
3011,genuine,17.6,21.1,970.3,632.2,20.5,17.4,19.5
1032,genuine,164.0,187.0,156.0,170.0,169.0,171.0,167.0
458,impersonator,19.9,108.1,183.5,302.1,37.7,50.2,61.2
289,impersonator,475.2,387.9,12.0,173.9,309.5,9.5,139.7
547,genuine,16.5,19.0,1567.9,17.3,18.9,20.5,17.2
389,impersonator,218.7,139.8,12.1,160.2,185.2,197.5,26.3
347,impersonator,2.0,91.4,309.3,9.2,186.2,197.6,2.0
1572,genuine,165.0,169.0,168.0,167.0,167.0,167.0,169.0
870,genuine,165.0,168.0,167.0,167.0,168.0,166.0,167.0
143,impersonator,2486.6,1744.2,341.6,975.5,2168.2,620.3,1536.7
330,genuine,16.9,18.3,69.7,1526.0,17.8,19.5,18.6
472,impersonator,94.8,22.5,174.5,580.0,33.8,578.3,76.6
33,impersonator,2282.2,2615.9,2087.9,684.0,739.9,2203.6,1929.7
97,impersonator,416.9,361.4,144.5,28.9,38.8,259.5,116.9
558,impersonator,308.6,109.4,70.5,218.0,197.4,162.6,247.8
2445,genuine,165.0,13.0,154.0,332.0,168.0,167.0,8.0
3811,genuine,670.7,18.1,20.0,2076.0,23.6,18.3,20.9
1713,genuine,235.9,426.4,17.1,15.5,216.8,199.7,216.9
3187,genuine,17.0,1391.7,15.8,20.6,20.0,20.2,20.0
524,impersonator,2.0,208.8,25.8,1028.5,124.8,158.6,8.2
168,impersonator,134.0,103.1,521.5,333.6,57.3,40.2,109.3
2609,genuine,169.0,172.0,174.0,174.0,173.0,171.0,175.0
271,impersonator,1120.8,886.9,1832.1,723.5,303.4,1489.1,852.2
306,impersonator,27.8,273.5,365.1,215.6,192.7,178.9,82.8
43,impersonator,1656.8,961.5,2403.2,1921.4,1881.2,343.1,1464.4
697,impersonator,55.5,31.1,172.9,154.4,76.2,72.3,44.5
315,impersonator,2.0,225.0,372.6,194.5,50.1,329.5,2.0
133,impersonator,2283.2,2330.1,1642.6,573.0,1318.7,938.7,404.1
889,genuine,165.0,180.0,153.0,169.0,169.0,11.0,166.0
2748,genuine,163.0,187.0,156.0,172.0,169.0,169.0,14.0
73,impersonator,68.7,1.5,834.7,2.1,125.1,285.4,347.6
666,impersonator,570.9,1136.5,453.3,4.4,32.1,508.7,643.8
3061,genuine,18.4,18.4,1407.0,21.3,19.7,19.0,20.4
493,genuine,18.8,20.1,20.1,959.2,20.4,20.4,20.3
158,impersonator,179.8,253.9,364.8,90.5,362.0,221.8,288.0
559,impersonator,674.3,30.1,256.0,44.8,36.3,61.5,156.5
4165,genuine,230.0,233.3,433.3,17.0,232.8,232.7,233.5
159,impersonator,2.0,3.3,326.6,369.0,35.8,118.2,2.0
2361,genuine,1032.6,21.5,17.1,18.8,19.0,20.0,18.6
462,impersonator,2.0,57.3,655.3,104.7,15.7,249.5,2.0
595,impersonator,917.6,2519.5,420.8,523.6,645.9,1436.0,459.3
464,impersonator,2.0,130.2,14.7,177.5,229.2,45.5,2.0
683,impersonator,188.9,315.8,477.2,341.2,62.7,76.8,83.9
314,impersonator,131.3,269.7,356.7,359.0,251.0,183.9,287.8
3764,genuine,230.6,231.0,233.5,16.1,416.8,231.8,16.3
1535,genuine,25.7,11.6,217.6,216.2,215.9,418.1,503.5
175,genuine,18.1,21.8,18.2,1158.7,20.1,19.6,20.9
981,genuine,14.1,17.7,984.7,632.0,19.7,17.6,19.3
725,impersonator,2.0,115.1,1487.3,41.9,3.2,375.3,2.0
422,impersonator,1272.0,130.9,107.7,82.8,259.5,164.0,188.4
3718,genuine,19.2,18.6,1394.6,19.9,16.6,19.2,19.4
416,impersonator,459.3,1.5,555.9,495.8,1.0,172.3,461.5
1254,genuine,167.0,172.0,169.0,171.0,172.0,173.0,165.0
4227,genuine,184.0,12.0,149.0,334.0,171.0,172.0,170.0
2010,genuine,431.3,15.9,235.0,233.5,450.6,14.9,233.2
664,impersonator,2.0,21.5,144.3,116.5,240.3,77.5,2.0
241,impersonator,465.7,119.8,32.3,971.3,462.0,285.9,148.8
3144,genuine,16.4,19.9,976.7,631.5,18.7,15.8,21.3
764,genuine,227.3,232.6,233.0,450.5,15.6,233.6,233.3
490,impersonator,5.9,177.9,124.0,168.7,4.2,217.3,119.2
1600,genuine,17.1,19.1,783.7,629.0,21.9,17.0,20.6
3340,genuine,168.0,168.0,171.0,168.0,170.0,169.0,168.0
2,genuine,165.0,167.0,167.0,168.0,169.0,166.0,168.0
396,impersonator,52.9,186.7,0.0,229.6,1.0,182.5,38.9
786,genuine,12.8,234.7,217.1,232.9,231.9,453.3,13.9
581,impersonator,2.0,119.1,115.1,31.0,31.9,9.7,2.0
318,impersonator,2.0,238.8,142.5,193.2,52.8,26.5,2.0
674,genuine,14.4,17.0,17.6,18.5,529.7,17.6,17.6
450,impersonator,2127.9,1823.5,35.8,82.7,1678.8,784.5,1173.8
252,impersonator,1198.6,2476.2,2337.5,603.8,708.3,1944.1,1536.9
270,impersonator,2.0,419.6,187.8,137.8,166.6,450.0,110.0
343,impersonator,698.9,2147.7,142.8,375.9,2024.6,1742.3,2085.9
2803,genuine,164.0,167.0,168.0,168.0,169.0,167.0,168.0
3722,genuine,14.0,231.4,233.1,233.1,433.2,16.5,233.2
4334,genuine,156.0,335.0,168.0,166.0,4.0,164.0,5.0
3765,genuine,165.0,168.0,167.0,165.0,169.0,169.0,167.0
427,genuine,425.8,14.7,233.3,233.3,233.4,433.2,17.0
197,impersonator,2436.7,2532.2,1486.1,6.4,1130.7,491.7,941.7
4300,genuine,212.8,199.6,216.5,417.3,15.5,216.8,200.0
519,impersonator,29.4,219.3,209.2,25.1,113.5,1.0,193.2
4336,genuine,230.3,233.8,232.8,433.7,15.5,233.6,432.6
652,genuine,15.2,229.5,231.4,433.5,16.6,232.9,433.0
682,impersonator,153.8,47.2,908.5,97.7,500.2,146.8,213.5
670,genuine,16.1,19.3,784.8,629.9,20.6,16.0,419.0
3120,genuine,167.0,169.0,169.0,169.0,172.0,172.0,165.0
21,impersonator,2.0,233.5,53.2,302.8,13.4,46.8,2.0
412,impersonator,92.0,10.5,1456.6,412.3,266.2,90.9,348.3
431,impersonator,2.0,1.5,995.9,135.2,165.1,150.3,268.7
337,impersonator,98.5,206.3,150.1,182.6,45.4,199.5,263.3
694,genuine,14.8,6.3,615.4,430.7,16.3,233.0,16.4
3155,genuine,14.7,439.8,16.0,233.2,233.1,432.8,16.8
1023,genuine,17.8,19.0,781.7,207.4,19.6,18.9,818.4
153,impersonator,46.4,361.2,359.3,761.2,108.9,229.4,13.8
103,impersonator,2.0,513.0,88.5,208.0,95.0,288.3,2.0
640,impersonator,480.7,1092.9,0.0,863.6,32.2,206.8,30.7
4462,genuine,14.9,19.8,130.1,1052.4,17.8,18.9,1015.3
164,genuine,169.0,174.0,172.0,174.0,173.0,173.0,175.0
736,impersonator,30.5,172.7,245.8,271.4,184.4,97.6,182.2
1378,genuine,163.0,170.0,167.0,167.0,167.0,167.0,167.0
259,genuine,166.0,168.0,168.0,166.0,169.0,167.0,167.0
2307,genuine,166.0,170.0,170.0,170.0,169.0,170.0,170.0
239,impersonator,189.9,66.2,217.5,603.4,83.0,160.3,179.9
3713,genuine,430.2,16.3,235.5,232.3,450.5,15.7,233.2
125,impersonator,55.2,171.6,385.0,283.3,177.8,209.0,84.6
2996,genuine,166.0,187.0,155.0,170.0,170.0,170.0,11.0
141,impersonator,2.0,1.5,0.0,54.6,484.3,287.9,351.0
163,genuine,16.4,215.2,412.9,233.2,433.2,16.4,232.6
154,impersonator,335.3,1.5,164.1,556.1,464.5,278.2,192.7
2907,genuine,18.1,19.1,1198.7,16.2,15.1,18.3,17.7
429,impersonator,2.0,150.1,145.6,443.4,359.1,10.3,2.0
264,genuine,170.0,173.0,175.0,173.0,174.0,174.0,176.0
3929,genuine,169.0,171.0,175.0,172.0,172.0,172.0,174.0
3364,genuine,231.9,230.3,233.2,216.7,233.2,233.2,16.5
385,genuine,431.2,12.8,231.2,233.2,433.3,16.7,232.6
3773,genuine,147.0,184.0,154.0,170.0,8.0,166.0,333.0
231,genuine,167.0,190.0,8.0,150.0,349.0,167.0,166.0
2336,genuine,12.8,216.2,417.1,232.1,433.9,16.2,233.1
446,impersonator,83.4,241.1,266.3,68.0,37.8,263.7,141.0
701,genuine,1175.1,415.2,19.6,16.0,18.5,18.6,20.3
684,impersonator,2.0,306.3,41.8,189.5,64.9,132.9,2.0
152,impersonator,105.3,37.2,11.7,560.8,59.4,214.5,2.1
4368,genuine,169.0,172.0,167.0,172.0,217.0,127.0,168.0
320,impersonator,209.4,604.9,38.2,305.5,442.0,118.5,41.3
1126,genuine,227.8,232.0,450.3,31.5,233.7,233.0,450.9
445,impersonator,91.8,249.1,635.2,2.1,1.0,202.6,250.7
3961,genuine,233.6,228.7,433.7,16.0,233.4,232.9,232.8
745,impersonator,2.0,1.5,656.2,740.2,33.0,91.9,2.0
747,impersonator,2.0,1.5,1391.0,252.6,1.0,1.0,202.8
2383,genuine,27.0,1591.0,22.4,811.2,18.2,17.4,17.3
342,impersonator,134.7,52.7,800.2,331.5,22.5,34.6,299.8
1886,genuine,5.0,159.0,334.0,165.0,166.0,167.0,167.0
334,impersonator,490.5,148.7,576.7,311.1,159.5,197.4,404.5
1446,genuine,164.0,169.0,167.0,14.0,151.0,333.0,168.0
2273,genuine,213.0,232.6,234.2,233.3,433.3,15.9,233.5
207,impersonator,30.9,1987.1,1501.1,1073.4,1971.6,212.5,399.3
3314,genuine,430.7,15.2,232.7,232.9,433.3,16.4,233.2
104,impersonator,200.4,67.5,1134.3,172.3,150.4,183.7,24.1
292,impersonator,41.7,185.9,363.5,36.1,153.4,23.6,9.6
2143,genuine,447.3,29.1,233.4,232.8,233.2,449.6,16.3
2808,genuine,224.9,451.8,31.5,232.9,451.0,16.4,232.4
1094,genuine,165.0,171.0,168.0,173.0,170.0,171.0,164.0
414,impersonator,1648.3,2574.0,1680.4,951.7,139.3,348.4,1831.7
560,impersonator,1534.3,758.8,2073.8,1118.7,2093.2,1678.3,2456.1
508,impersonator,168.5,435.9,451.2,565.2,1.0,109.5,2.0
964,genuine,16.8,16.2,15.0,810.4,431.4,17.4,16.9
648,impersonator,13.8,27.9,398.1,140.2,500.2,287.2,89.0
179,genuine,161.0,170.0,170.0,172.0,169.0,171.0,166.0
206,impersonator,232.8,435.1,308.0,23.6,316.6,187.7,34.4
44,impersonator,24.7,126.5,556.1,689.3,19.5,341.3,144.4
308,impersonator,2.0,217.7,90.9,279.2,24.1,34.9,2.0
415,impersonator,2157.7,1561.3,919.8,1273.8,1670.6,1812.3,2392.7
4473,genuine,14.9,217.0,212.3,199.7,416.8,233.4,15.9
105,genuine,225.0,233.6,232.6,433.2,16.3,233.2,216.7
2471,genuine,164.0,177.0,159.0,169.0,170.0,170.0,170.0
999,genuine,19.2,16.5,1407.4,21.4,16.2,21.1,17.7
451,impersonator,1622.9,846.6,1611.3,1259.9,1866.3,318.0,564.8
84,impersonator,171.6,86.8,120.5,294.6,187.6,368.5,84.3
187,impersonator,2.0,1064.7,160.2,32.6,68.2,190.1,2.0
205,impersonator,59.0,174.1,719.7,71.8,105.6,132.0,131.3
2077,genuine,166.0,172.0,169.0,170.0,170.0,171.0,166.0
348,impersonator,2.0,140.8,251.2,156.7,337.3,45.4,2.0
2744,genuine,167.0,172.0,170.0,170.0,171.0,171.0,166.0
422,impersonator,196.6,482.4,42.8,23.3,444.8,49.9,162.0
715,genuine,15.6,19.8,16.7,17.8,79.3,9.1,95.4
289,impersonator,2.0,195.8,40.0,298.3,275.4,111.1,2.1
1602,genuine,14.4,402.5,18.5,32.3,2270.6,25.3,18.5
1157,genuine,17.7,20.5,1792.8,19.5,20.4,17.8,18.1
260,impersonator,1365.5,1047.9,600.4,1134.8,444.0,288.8,2242.3
2673,genuine,17.3,20.0,1161.6,633.1,20.4,17.5,20.7
4380,genuine,172.0,171.0,176.0,173.0,171.0,175.0,173.0
1052,genuine,14.2,229.2,234.3,232.5,200.4,233.3,433.3
265,impersonator,414.6,174.0,0.0,83.2,208.0,185.6,477.4
1762,genuine,234.6,427.7,16.5,233.2,16.3,216.4,199.9
1296,genuine,162.0,167.0,168.0,165.0,167.0,167.0,165.0
354,impersonator,26.7,467.1,95.3,708.8,134.2,199.4,72.6
2778,genuine,164.0,190.0,150.0,172.0,170.0,170.0,169.0
708,impersonator,521.6,1.5,558.4,2.1,123.0,407.9,222.1
71,impersonator,2.0,6.9,116.1,105.1,305.8,29.7,2.0
68,genuine,163.0,180.0,157.0,171.0,169.0,172.0,169.0
667,impersonator,222.3,1950.5,941.0,734.0,1654.1,648.5,1636.2
2042,genuine,165.0,168.0,169.0,166.0,167.0,168.0,168.0
2863,genuine,424.7,17.0,232.7,233.0,433.2,16.6,233.1
401,impersonator,2.0,229.0,409.6,62.1,8.3,298.1,2.0
2327,genuine,227.2,233.5,449.7,31.0,16.0,216.3,216.9
736,impersonator,2.0,178.7,432.8,49.6,66.7,174.2,2.0
1660,genuine,12.4,11.9,214.1,214.7,216.5,199.7,633.7
254,impersonator,357.1,1113.9,2661.5,175.7,1664.4,521.6,1147.9
2928,genuine,163.0,184.0,167.0,166.0,166.0,184.0,166.0
1548,genuine,172.0,172.0,176.0,174.0,172.0,171.0,175.0
3349,genuine,166.0,166.0,167.0,165.0,166.0,169.0,166.0
361,impersonator,315.3,1.5,623.5,204.5,332.1,1.0,210.0
975,genuine,15.1,14.5,812.2,16.4,16.1,16.6,16.7
215,impersonator,72.4,306.9,186.5,28.1,7.9,122.3,200.4
3259,genuine,227.3,233.5,450.0,31.5,233.3,231.5,451.0
76,genuine,15.7,22.9,636.6,28.7,234.7,232.0,451.1
518,impersonator,46.4,284.1,291.1,161.3,60.7,5.9,167.8
3845,genuine,173.0,171.0,173.0,173.0,172.0,174.0,172.0
1560,genuine,166.0,168.0,166.0,166.0,167.0,167.0,167.0
458,impersonator,2.0,16.1,712.6,266.4,94.5,28.7,2.0
4249,genuine,12.1,426.7,15.4,233.1,433.3,16.4,232.8
1899,genuine,13.6,12.4,208.3,215.0,416.7,233.0,433.5
358,impersonator,217.3,21.5,192.2,817.7,11.7,36.6,21.2
2681,genuine,15.3,17.3,17.4,17.9,24.2,80.1,6.5
3002,genuine,164.0,168.0,166.0,166.0,166.0,167.0,167.0
451,impersonator,2.0,128.6,177.7,163.8,87.9,172.6,139.1
392,impersonator,76.6,4.7,436.5,645.0,9.0,75.6,101.0
666,impersonator,2411.9,2372.3,44.9,109.7,2285.4,1879.3,1380.2
1948,genuine,171.0,175.0,173.0,172.0,172.0,174.0,173.0
101,impersonator,2.0,121.0,73.2,138.1,29.6,11.8,2.0
1728,genuine,166.0,167.0,168.0,167.0,167.0,166.0,169.0
1100,genuine,229.9,233.3,233.0,433.5,17.1,233.2,233.0
474,impersonator,6.3,81.6,268.6,708.4,371.6,6.9,22.1
2057,genuine,14.4,12.5,226.4,198.1,217.8,216.0,198.9
629,impersonator,92.3,3.2,880.4,152.7,68.8,197.7,2.8
360,impersonator,325.9,88.1,809.2,352.0,27.8,143.7,122.6
1911,genuine,164.0,178.0,156.0,171.0,171.0,169.0,172.0
16,genuine,166.0,168.0,169.0,167.0,163.0,167.0,166.0
214,impersonator,163.0,20.5,401.0,308.3,1.0,111.6,149.4
2834,genuine,12.7,16.4,783.7,419.9,15.1,18.2,18.0
1310,genuine,165.0,166.0,166.0,168.0,166.0,168.0,166.0
293,impersonator,194.1,94.3,0.0,61.4,136.8,1.0,2.0
2117,genuine,331.0,192.0,150.0,169.0,171.0,170.0,170.0
1908,genuine,168.0,171.0,170.0,169.0,172.0,171.0,181.0
3328,genuine,170.0,174.0,173.0,173.0,172.0,173.0,176.0
651,impersonator,2.0,228.6,302.3,993.4,33.5,1.0,429.6
846,genuine,163.0,170.0,167.0,165.0,167.0,167.0,168.0
2781,genuine,163.0,167.0,167.0,167.0,165.0,168.0,166.0
720,impersonator,679.3,325.7,235.1,209.4,122.6,137.5,261.0
300,genuine,164.0,164.0,167.0,164.0,167.0,167.0,166.0
2540,genuine,170.0,175.0,175.0,174.0,175.0,174.0,173.0
2727,genuine,167.0,172.0,169.0,170.0,172.0,170.0,165.0
902,genuine,13.9,1009.6,230.8,15.6,17.7,16.3,15.3
578,impersonator,2.0,282.8,72.0,207.6,14.3,130.3,2.0
28,impersonator,16.6,372.6,695.8,2.1,325.3,140.6,372.0
470,impersonator,158.7,1.5,167.6,292.8,375.3,127.4,167.9
402,impersonator,1012.3,166.7,338.4,1973.5,57.1,364.4,108.0
2299,genuine,345.0,10.0,175.0,347.0,10.0,176.0,347.0
351,impersonator,529.8,795.8,345.1,2.1,1.0,42.2,490.1
2110,genuine,163.0,176.0,155.0,170.0,169.0,169.0,170.0
382,impersonator,37.0,38.7,52.9,463.4,380.6,116.5,18.4
410,impersonator,244.0,247.0,132.8,83.0,496.5,236.7,455.8
391,impersonator,88.1,533.8,229.6,103.6,153.2,203.8,54.9
397,impersonator,1172.1,1829.2,2449.5,2046.7,335.5,330.4,849.3
530,impersonator,2.0,46.8,142.7,37.0,137.5,209.7,2.0
355,genuine,93.5,2015.9,18.3,447.6,17.0,15.7,16.9
2595,genuine,17.0,1583.3,17.0,16.7,16.0,17.2,17.5
744,impersonator,2.0,165.7,165.6,285.2,28.1,91.6,2.0
1079,genuine,164.0,185.0,153.0,171.0,171.0,170.0,171.0
446,impersonator,23.9,63.0,17.9,32.9,178.9,15.2,189.8
228,genuine,14.9,16.9,351.9,1467.6,17.1,17.4,17.1
860,genuine,12.9,16.2,337.7,1046.4,16.7,615.8,15.6
417,impersonator,137.7,123.7,298.1,108.6,760.5,66.9,46.8
398,impersonator,68.5,177.9,155.0,178.3,159.9,30.8,2.0
140,impersonator,176.4,223.4,211.4,164.9,463.5,9.2,188.1
3502,genuine,170.0,174.0,174.0,173.0,173.0,173.0,175.0
10,impersonator,2473.3,958.4,1594.0,1267.4,2270.5,1761.7,2445.9
682,impersonator,2.0,423.8,448.9,2.1,354.8,39.1,157.5
3668,genuine,169.0,172.0,169.0,170.0,172.0,172.0,166.0
644,impersonator,171.4,79.3,229.0,119.3,1.0,26.3,2.0
4331,genuine,164.0,168.0,167.0,166.0,168.0,168.0,168.0
597,impersonator,2.0,110.8,212.5,15.4,245.3,137.2,2.0
263,impersonator,294.1,217.8,150.7,375.1,153.9,5.1,69.0
3199,genuine,165.0,181.0,156.0,170.0,9.0,167.0,333.0
196,impersonator,402.6,350.2,37.4,65.3,98.1,100.7,50.3
1347,genuine,424.7,16.1,232.3,232.9,233.1,433.3,16.7
657,impersonator,2.0,14.7,786.6,3.5,306.6,77.3,2.0
297,genuine,15.6,430.5,14.1,433.1,16.5,233.2,233.3
3271,genuine,198.9,430.3,15.5,233.5,232.8,233.6,433.7
657,impersonator,2.0,874.2,222.7,448.6,16.8,416.5,2.0
678,impersonator,2.0,706.3,196.6,103.8,31.7,90.0,2.1
2770,genuine,167.0,165.0,168.0,17.0,151.0,331.0,166.0
56,impersonator,279.0,113.7,0.0,2.1,270.3,338.7,460.3
4449,genuine,164.0,183.0,157.0,172.0,3.0,168.0,339.0
2494,genuine,18.5,1394.9,17.4,19.1,18.8,18.9,21.5
208,impersonator,448.9,620.6,190.8,51.7,175.6,23.1,389.3
559,impersonator,701.5,151.5,236.6,67.7,99.2,48.2,65.9
2964,genuine,446.9,30.0,31.9,200.0,216.6,216.0,417.8
4058,genuine,13.9,20.2,793.4,417.0,18.1,636.3,14.1
2880,genuine,14.9,19.9,589.8,421.6,16.5,17.9,18.7
621,impersonator,2.0,728.0,10.6,252.8,427.1,154.3,2.0
116,impersonator,764.1,462.7,1631.8,712.7,1300.0,881.9,330.3
452,impersonator,184.1,204.7,107.8,263.2,136.2,222.1,211.1
13,impersonator,1147.2,891.1,1111.3,1647.1,699.2,113.2,2579.3
707,impersonator,392.3,161.9,1510.6,715.2,827.0,47.5,138.7
1935,genuine,170.0,173.0,176.0,173.0,175.0,174.0,173.0
566,impersonator,2.0,33.7,1203.9,203.3,78.7,27.2,180.6
400,impersonator,2.0,305.6,66.8,190.5,161.2,123.6,2.0
677,impersonator,46.4,182.4,461.6,469.9,133.7,241.9,153.2
3317,genuine,430.4,16.2,233.1,233.2,434.1,15.1,433.4
282,impersonator,191.1,22.9,111.7,330.5,101.6,107.5,109.8
353,impersonator,1262.2,945.2,2539.2,1292.2,1486.6,238.1,831.4
262,impersonator,25.7,216.5,99.1,1035.7,1759.1,108.9,465.5
2814,genuine,15.3,17.3,792.1,632.4,20.1,15.7,17.2
470,impersonator,1362.6,1371.1,1348.1,1998.6,251.1,1045.0,2443.5
3920,genuine,229.8,433.4,16.4,233.1,232.7,233.2,233.1
157,impersonator,266.2,285.4,404.0,186.9,209.7,43.8,241.1
972,genuine,164.0,183.0,156.0,172.0,5.0,167.0,350.0
501,impersonator,1960.4,1667.8,1710.3,850.6,247.5,827.0,2555.5
419,genuine,16.3,12.8,220.3,210.9,199.9,216.4,417.1
3237,genuine,16.1,19.5,1203.4,15.5,18.4,18.3,18.1
411,genuine,5.0,1686.1,19.1,15.1,1018.8,20.8,19.8
3462,genuine,164.0,181.0,156.0,172.0,169.0,169.0,169.0
3853,genuine,165.0,165.0,168.0,166.0,166.0,165.0,166.0
2258,genuine,233.7,11.8,216.7,216.3,199.6,417.0,233.1
561,impersonator,2.0,60.7,432.0,731.6,357.8,48.8,38.4
505,impersonator,429.6,1785.9,59.1,2.1,199.8,1956.6,326.9
791,genuine,14.2,14.6,22.9,42.3,39.5,1151.4,17.9
1317,genuine,230.2,432.4,16.3,233.1,233.3,433.2,16.2
2497,genuine,169.0,174.0,175.0,175.0,172.0,173.0,171.0
539,impersonator,2.0,196.9,141.7,179.5,49.6,86.1,2.0
1647,genuine,16.4,19.4,974.1,631.7,20.4,16.2,19.1
657,genuine,213.1,416.5,233.1,433.6,16.8,233.1,16.3
127,impersonator,1805.1,2684.6,271.2,1542.3,958.3,2229.2,1978.2
524,genuine,171.0,173.0,175.0,172.0,173.0,172.0,178.0
3948,genuine,167.0,168.0,169.0,169.0,169.0,169.0,167.0
2197,genuine,16.8,17.2,561.2,840.5,19.5,18.8,20.5
702,impersonator,81.1,839.6,418.3,118.6,78.3,184.5,153.3
539,impersonator,200.7,139.3,442.1,109.5,33.8,20.0,73.1
4466,genuine,12.5,232.9,233.1,433.2,16.3,233.3,233.2
502,impersonator,2.0,103.6,232.8,282.0,135.0,104.3,2.0
3531,genuine,18.3,15.2,1608.0,16.7,18.6,18.1,18.1
2900,genuine,68.6,1823.3,12.4,15.9,16.9,17.9,20.2
632,impersonator,310.6,210.4,0.0,14.5,85.5,210.3,172.5
1703,genuine,165.0,168.0,168.0,166.0,166.0,169.0,168.0
99,impersonator,233.0,185.4,116.1,131.1,246.0,231.8,48.3
4416,genuine,16.9,19.8,130.9,1050.7,18.8,21.7,1012.0
4483,genuine,18.6,46.4,80.6,83.2,23.4,179.2,33.1
2174,genuine,164.0,169.0,166.0,165.0,168.0,168.0,166.0
2864,genuine,150.0,336.0,168.0,166.0,9.0,159.0,331.0
1311,genuine,16.6,1625.8,14.9,15.8,632.8,16.9,16.8
550,impersonator,2.0,205.9,188.9,4.6,46.0,203.3,173.5
696,genuine,14.8,17.7,976.7,630.0,18.0,15.3,17.9
276,impersonator,26.1,674.1,2558.0,2032.6,4.9,992.0,2119.1
2649,genuine,164.0,169.0,167.0,166.0,167.0,166.0,165.0
167,impersonator,39.4,67.2,201.1,215.3,40.4,1.0,2.0
2146,genuine,53.4,76.8,1271.6,16.8,16.6,16.7,16.2
4091,genuine,13.8,21.2,15.2,1173.1,16.0,16.4,17.1
4190,genuine,170.0,174.0,174.0,172.0,173.0,175.0,173.0
40,genuine,169.0,171.0,168.0,172.0,186.0,154.0,170.0
1832,genuine,171.0,174.0,173.0,172.0,173.0,174.0,173.0
4455,genuine,13.9,17.8,16.8,970.4,418.5,17.1,616.3
3839,genuine,172.0,175.0,174.0,173.0,173.0,174.0,172.0
434,impersonator,145.9,470.0,150.8,284.7,517.3,199.1,266.0
2982,genuine,172.0,172.0,173.0,172.0,173.0,173.0,172.0
50,impersonator,127.2,1.5,282.7,1907.5,178.7,143.7,412.9
300,impersonator,2.0,190.5,778.4,2.1,67.5,187.5,106.7
318,impersonator,190.5,11.9,484.0,173.8,133.3,112.1,87.5
473,impersonator,815.4,1885.9,1717.3,614.0,1377.7,140.6,736.7
2155,genuine,416.8,229.1,433.4,16.4,233.3,233.0,233.0
368,impersonator,111.5,330.7,111.9,701.0,193.3,100.3,299.0
4294,genuine,428.9,16.0,233.4,233.1,16.4,216.1,417.1
394,impersonator,565.8,7.5,71.0,493.9,243.3,785.3,329.8
3905,genuine,164.0,181.0,151.0,172.0,172.0,8.0,166.0
25,impersonator,659.8,266.8,1.8,11.5,696.2,330.9,317.6
1769,genuine,21.1,18.4,20.8,1591.8,21.9,19.9,21.7
735,impersonator,292.8,196.1,473.9,406.9,241.8,300.6,188.8
2444,genuine,169.0,193.0,10.0,149.0,334.0,183.0,166.0
681,genuine,20.7,19.5,73.5,1475.8,18.8,19.4,19.5
696,impersonator,45.0,297.2,215.5,145.7,157.9,27.8,56.9
233,impersonator,146.0,65.8,188.6,230.1,189.7,313.1,171.8
2885,genuine,215.6,210.4,217.3,198.5,216.9,418.1,449.8
702,genuine,165.0,176.0,158.0,171.0,168.0,168.0,172.0
1825,genuine,446.8,30.2,232.3,233.3,450.2,16.1,234.1
2605,genuine,164.0,187.0,154.0,171.0,171.0,172.0,171.0
403,impersonator,106.4,195.9,80.6,251.2,39.5,215.7,343.2
1397,genuine,413.6,233.0,433.5,16.1,233.1,233.7,233.2
207,impersonator,370.6,114.9,377.8,77.1,1.0,58.4,26.4
570,impersonator,55.2,1.5,834.4,2.1,327.3,1.0,2.0
248,impersonator,148.7,189.2,0.0,139.9,238.4,188.6,180.6
400,impersonator,2133.4,1666.0,845.4,1318.3,1272.8,1635.6,2374.7
1289,genuine,204.1,85.2,187.7,187.9,188.0,826.4,21.8
332,impersonator,1756.6,801.7,2274.4,50.3,837.2,668.8,1375.1
1110,genuine,13.4,441.5,32.2,232.5,232.9,450.9,15.4
605,impersonator,1118.2,652.3,2601.2,1853.9,508.6,153.1,1517.8
267,impersonator,91.0,97.3,38.5,407.0,24.0,53.4,348.2
3134,genuine,171.0,174.0,173.0,171.0,171.0,175.0,173.0
528,impersonator,36.8,115.0,361.3,53.0,66.7,47.7,54.9
3600,genuine,12.8,232.8,434.0,15.7,233.3,233.8,432.4
16,impersonator,284.7,175.3,112.1,1062.8,226.2,515.6,206.9
638,impersonator,269.0,97.9,534.1,353.7,350.0,132.9,119.1
529,genuine,196.2,416.4,232.9,233.4,432.8,16.1,233.5
2209,genuine,170.0,172.0,174.0,172.0,171.0,173.0,173.0
2952,genuine,166.0,170.0,170.0,168.0,169.0,169.0,168.0
4150,genuine,181.0,169.0,159.0,171.0,171.0,169.0,10.0
2697,genuine,181.0,172.0,157.0,172.0,168.0,168.0,170.0
234,impersonator,2.0,134.6,269.3,153.0,39.9,286.9,2.0
4082,genuine,164.0,176.0,155.0,172.0,170.0,10.0,166.0
9,impersonator,240.5,1.5,136.5,682.7,115.2,1.0,4.5
3282,genuine,164.0,166.0,169.0,168.0,167.0,166.0,165.0
937,genuine,170.0,175.0,174.0,175.0,174.0,172.0,174.0
30,impersonator,2.0,9.8,80.3,92.1,71.2,67.7,2.0
228,impersonator,54.6,135.2,155.1,333.9,230.3,246.3,280.3
754,genuine,171.0,172.0,172.0,172.0,172.0,175.0,174.0
481,impersonator,266.2,274.4,1001.4,313.8,3.0,177.7,95.7
602,impersonator,66.9,127.2,516.5,732.9,1.0,1.0,2.0
706,impersonator,2.0,190.0,77.2,161.7,28.2,71.6,2.0
4351,genuine,15.4,17.2,350.2,629.6,18.5,21.2,16.7
711,genuine,16.3,17.8,1166.4,631.7,20.6,18.9,19.7
130,impersonator,10.5,447.9,259.9,54.3,349.6,80.6,423.1
22,impersonator,13.6,544.6,357.9,203.3,458.6,1.0,2.0
415,impersonator,153.2,285.9,93.7,66.1,319.2,256.9,163.0
363,impersonator,185.8,243.7,61.8,611.9,13.4,3.4,5.9
1945,genuine,16.1,21.1,16.6,17.7,1586.2,16.8,19.5
564,genuine,17.1,16.4,968.0,629.0,17.2,16.2,204.7
340,genuine,165.0,167.0,168.0,167.0,166.0,166.0,167.0
373,impersonator,2.0,422.7,58.9,547.1,428.1,435.5,341.5
676,impersonator,452.7,401.6,167.1,251.5,215.1,175.2,2.0
746,genuine,15.3,20.6,16.6,945.3,17.7,20.0,17.3
50,impersonator,280.3,589.1,515.0,2125.4,1784.6,1594.1,1818.4
251,impersonator,2.0,119.9,953.3,71.3,181.0,2.0,201.0
4028,genuine,17.6,22.2,29.4,74.9,19.6,103.9,95.3
673,impersonator,1591.1,1826.6,1395.7,2114.1,2207.9,1641.4,2000.8
555,impersonator,278.1,366.1,1.8,38.8,463.5,93.9,441.2
441,impersonator,41.0,520.4,193.2,579.7,116.6,434.3,71.4
183,impersonator,149.4,172.2,833.8,821.8,173.4,151.9,128.2
2449,genuine,16.2,24.0,31.3,1748.2,19.8,19.2,20.3
1137,genuine,14.4,445.7,28.3,232.6,450.1,16.0,233.7
377,impersonator,282.2,142.0,1570.9,123.3,26.8,333.0,182.8
425,genuine,34.8,87.6,1679.4,20.1,21.3,21.1,20.6
394,impersonator,1075.4,2062.9,397.7,1539.7,2274.5,968.7,2384.3
222,impersonator,36.4,1.5,144.6,123.1,241.3,1.0,2.0
1947,genuine,17.7,17.5,773.5,17.9,19.7,17.3,18.7
1125,genuine,172.0,172.0,174.0,175.0,175.0,174.0,174.0
1348,genuine,13.0,15.7,22.1,1192.6,15.3,17.2,17.7
468,impersonator,2212.2,1262.9,506.1,856.5,2153.4,2341.0,758.7
490,impersonator,215.5,51.0,316.1,217.6,113.5,214.1,220.5
600,genuine,164.0,180.0,155.0,170.0,170.0,169.0,169.0
1798,genuine,164.0,188.0,153.0,170.0,169.0,169.0,169.0
279,impersonator,105.3,1320.2,79.2,3.6,232.9,310.4,216.6
288,impersonator,381.9,433.2,421.7,122.9,27.5,298.6,58.6
122,impersonator,56.3,850.0,272.0,317.2,133.2,273.3,69.0
207,impersonator,49.9,66.4,1211.3,351.5,70.6,332.1,2.0
2517,genuine,18.4,12.8,21.1,11.7,966.6,16.9,16.0
1038,genuine,173.0,173.0,175.0,171.0,172.0,173.0,173.0
379,impersonator,80.3,217.7,0.0,227.8,126.5,1.0,83.9
1268,genuine,165.0,169.0,166.0,166.0,165.0,166.0,166.0
4264,genuine,1011.6,15.7,18.4,17.6,17.8,18.1,17.9
348,impersonator,396.0,75.4,925.6,244.5,112.2,4.9,88.9
3685,genuine,613.2,222.7,21.1,16.7,18.7,15.6,40.9
445,impersonator,47.4,167.4,483.7,897.5,30.7,129.0,153.9
4217,genuine,155.0,333.0,166.0,168.0,167.0,168.0,168.0
778,genuine,168.0,171.0,169.0,171.0,171.0,172.0,165.0
580,impersonator,132.8,127.0,133.6,367.1,44.9,1.0,2.0
33,impersonator,280.3,69.0,143.4,148.4,95.1,1891.1,348.9
709,impersonator,817.3,1807.1,2387.6,1946.8,695.3,1060.1,1415.3
341,impersonator,152.5,1789.1,0.0,149.2,157.9,127.2,196.6
186,impersonator,34.1,1.5,161.4,2.1,440.1,188.6,2.0
931,genuine,9.0,186.0,12.0,316.0,333.0,167.0,183.0
1764,genuine,13.4,19.6,977.1,415.7,19.1,19.7,22.1
210,impersonator,3.5,466.6,242.5,106.4,247.3,4.6,93.6
477,impersonator,294.3,902.0,121.7,188.3,107.2,120.6,48.1
338,impersonator,440.2,72.5,196.3,491.2,91.1,51.3,15.7
17,impersonator,2.0,186.7,179.8,30.6,41.4,5.4,2.0
254,genuine,396.2,217.5,20.9,19.6,20.3,20.0,20.5
271,impersonator,2.0,129.1,189.0,411.9,105.9,37.7,2.0
4272,genuine,164.0,169.0,168.0,169.0,168.0,168.0,169.0
3529,genuine,20.0,14.8,1008.2,23.4,14.9,18.2,19.0
325,impersonator,25.9,60.3,456.4,954.0,18.6,187.5,45.2
715,impersonator,726.7,335.1,1333.9,1515.9,290.4,809.1,1870.9
114,impersonator,2.0,54.7,169.5,2.1,122.7,153.4,160.7
4054,genuine,16.6,789.4,632.6,22.7,17.9,20.5,20.5
82,genuine,180.0,171.0,157.0,170.0,168.0,171.0,170.0
326,impersonator,288.5,94.9,330.6,2.1,49.8,51.8,2.0
457,impersonator,148.2,258.8,1155.4,157.4,95.1,62.3,207.2
3933,genuine,24.2,2063.8,15.2,18.9,20.7,17.3,19.1
805,genuine,17.3,18.6,1606.9,15.0,17.7,17.5,17.8
58,impersonator,746.1,1097.3,5.9,25.9,405.6,608.3,623.8
190,impersonator,1956.4,1357.8,1478.1,1123.0,2018.0,414.0,1881.2
724,impersonator,2.0,239.7,19.4,81.2,38.3,240.3,2.0
141,genuine,165.0,168.0,168.0,168.0,168.0,167.0,168.0
170,impersonator,139.8,10.2,331.9,704.8,298.4,108.1,321.2
349,impersonator,54.3,42.2,153.6,191.3,153.9,15.7,193.4
96,impersonator,93.2,1143.3,1079.7,81.2,720.4,582.7,292.7
2254,genuine,16.3,35.9,61.4,10.9,32.3,119.8,31.6
164,impersonator,2.0,32.4,210.2,134.9,35.8,46.1,2.0
3550,genuine,166.0,186.0,2.0,170.0,13.0,316.0,333.0
654,impersonator,211.2,46.2,1.9,851.5,134.2,245.5,45.4
8,impersonator,2.0,1.5,592.4,527.3,136.3,127.7,152.3
4219,genuine,173.0,174.0,173.0,173.0,175.0,174.0,173.0
1417,genuine,56.9,1911.1,253.6,20.9,20.1,40.1,77.8
515,genuine,227.8,232.9,233.3,433.4,16.8,232.9,233.2
2825,genuine,415.0,231.5,14.6,216.2,416.9,433.3,16.4
3244,genuine,165.0,166.0,166.0,166.0,167.0,168.0,167.0
45,impersonator,2.0,227.5,241.2,45.8,42.9,12.3,2.0
2169,genuine,197.3,415.4,233.0,232.3,450.1,15.3,450.9
635,impersonator,1394.1,2066.8,1835.1,1237.7,1262.1,2162.3,2502.0
3022,genuine,14.1,232.3,230.2,16.2,216.6,198.8,634.0
577,genuine,14.0,429.9,15.9,216.6,433.3,16.6,233.1
345,impersonator,49.0,466.5,536.9,111.9,60.2,233.5,56.3
3630,genuine,164.0,182.0,156.0,172.0,7.0,166.0,351.0
434,impersonator,176.6,30.7,0.0,164.5,148.8,275.8,213.9
224,impersonator,2.0,371.5,1148.6,130.3,642.9,1.0,179.7
1739,genuine,15.3,233.2,228.4,433.5,16.3,233.4,233.1
3298,genuine,14.9,17.6,20.1,16.8,1784.8,17.3,17.7
3372,genuine,230.1,233.4,15.2,216.7,199.8,433.6,232.9
272,impersonator,582.8,8.5,0.0,374.8,395.8,150.8,623.0
3217,genuine,18.6,1183.8,417.4,18.8,19.5,19.4,18.9
232,genuine,164.0,168.0,166.0,166.0,169.0,167.0,167.0
968,genuine,226.1,231.3,433.3,16.8,232.7,233.3,433.3
700,impersonator,187.2,2.8,441.6,744.8,147.2,6.9,35.5
3020,genuine,17.9,20.1,436.0,449.7,32.8,30.5,201.2
1355,genuine,233.0,430.0,15.7,233.4,16.1,217.1,199.5
1462,genuine,213.2,419.3,232.5,450.3,15.8,234.3,232.7
279,impersonator,2541.0,1924.7,970.7,428.3,1848.7,2031.7,2478.2
1818,genuine,166.0,169.0,170.0,168.0,171.0,170.0,167.0
270,impersonator,2.0,64.9,551.2,63.0,175.5,153.6,2.0
108,impersonator,90.2,413.6,433.8,31.1,33.8,125.0,43.0
737,impersonator,196.9,624.1,668.0,22.7,1.0,1.0,37.1
3371,genuine,55.4,429.4,1907.1,19.3,19.1,18.9,70.7
820,genuine,171.0,173.0,172.0,175.0,174.0,173.0,171.0
886,genuine,227.4,233.5,31.8,199.8,216.3,200.0,216.8
4489,genuine,229.3,232.6,233.1,433.2,16.8,232.8,433.3
628,impersonator,2.0,150.1,297.5,1056.9,154.4,42.2,2.0
626,impersonator,2.0,100.6,763.9,566.2,202.9,181.8,2.0
215,impersonator,144.7,48.7,449.5,734.6,159.3,259.4,354.4
636,impersonator,32.5,1040.1,159.7,163.6,269.4,18.1,96.0
2791,genuine,17.4,18.8,70.2,19.7,71.7,23.8,156.0
72,impersonator,104.9,1.5,57.5,210.3,7.8,27.0,76.9
64,impersonator,463.7,795.5,238.4,40.3,314.5,211.4,416.7
52,impersonator,199.3,26.5,179.9,65.5,226.5,128.0,2.0
4204,genuine,164.0,181.0,151.0,169.0,169.0,13.0,167.0
1883,genuine,232.6,429.2,16.8,232.8,233.6,432.9,16.6
762,genuine,167.0,172.0,169.0,171.0,173.0,171.0,165.0
574,impersonator,162.7,261.8,194.7,212.2,278.0,313.3,487.1
2198,genuine,16.7,18.2,1802.1,16.9,20.2,17.3,18.8
385,impersonator,1488.6,203.0,159.6,81.4,238.0,1860.2,185.0
151,impersonator,2.6,298.8,91.8,83.7,215.8,443.9,9.3
2319,genuine,17.9,16.1,19.0,17.4,18.3,18.3,46.6
4107,genuine,15.7,17.9,18.1,948.7,17.9,18.4,18.4
1138,genuine,10.0,182.0,14.0,316.0,334.0,166.0,184.0
3692,genuine,170.0,173.0,174.0,172.0,175.0,174.0,172.0
606,impersonator,178.1,187.7,256.3,7.6,201.4,187.3,50.4
106,impersonator,22.7,14.6,50.9,200.0,2.4,152.6,4.5
562,impersonator,2.0,229.1,0.0,472.4,580.7,129.5,40.1
265,impersonator,245.5,876.1,105.0,78.9,185.9,136.7,434.5
268,impersonator,701.4,212.9,261.8,2.1,109.9,175.5,242.1
700,impersonator,304.5,4.2,560.0,554.5,336.5,6.0,32.2
1944,genuine,172.0,175.0,173.0,172.0,173.0,173.0,173.0
1905,genuine,10.0,179.0,320.0,170.0,168.0,12.0,167.0
2025,genuine,230.9,231.1,16.4,216.4,416.9,233.1,233.4
560,impersonator,145.0,49.1,433.7,64.4,282.8,287.5,320.9
3741,genuine,14.8,37.1,534.6,627.0,16.5,16.5,16.5
99,impersonator,2.0,319.6,142.8,353.4,168.8,107.9,2.0
588,genuine,13.4,432.9,14.1,232.5,15.9,216.6,200.1
296,impersonator,197.4,73.9,87.7,260.7,180.6,219.9,167.7
4014,genuine,14.0,230.1,230.8,434.5,15.4,233.2,233.2
77,genuine,170.0,174.0,173.0,174.0,173.0,174.0,174.0
2638,genuine,2502.4,28.1,13.0,59.8,92.1,88.1,100.9
185,impersonator,95.6,106.2,238.2,2.1,615.7,1.0,275.8
3469,genuine,14.3,17.8,409.3,199.4,20.3,17.8,18.0
3785,genuine,16.1,18.8,1615.2,17.4,15.4,18.3,18.5
2362,genuine,229.6,233.1,233.0,233.3,433.4,16.7,232.7
4215,genuine,16.8,25.9,961.6,421.3,15.8,17.6,837.8
2248,genuine,166.0,170.0,168.0,170.0,173.0,171.0,167.0
3556,genuine,231.4,446.2,16.9,232.7,233.3,232.9,233.4
536,impersonator,392.7,224.9,204.3,371.8,54.5,506.5,42.2
419,impersonator,204.2,276.8,256.7,2.1,538.5,238.6,315.0
242,impersonator,2.0,230.2,218.5,30.7,188.2,322.2,2.0
246,impersonator,179.6,107.5,1184.7,149.8,180.2,5.7,11.1
116,impersonator,286.1,33.2,299.5,713.3,138.3,106.4,265.1
547,impersonator,415.5,174.8,188.3,476.6,150.3,146.7,13.9
479,impersonator,2.0,139.5,194.7,51.6,700.3,31.4,2.0
3245,genuine,185.0,11.0,150.0,350.0,166.0,166.0,167.0
89,impersonator,12.7,154.6,740.6,17.9,24.9,115.3,162.9
2908,genuine,16.9,30.7,324.4,837.6,18.6,18.1,18.7
3230,genuine,165.0,168.0,167.0,167.0,168.0,168.0,168.0
2879,genuine,167.0,172.0,167.0,170.0,172.0,172.0,166.0
63,impersonator,465.9,16.7,2439.5,1127.5,586.0,22.1,1540.2
215,genuine,168.0,170.0,169.0,172.0,171.0,172.0,165.0
433,impersonator,2.0,58.0,748.0,105.4,264.8,92.6,2.0
77,impersonator,2.0,305.1,624.1,506.5,25.5,5.9,2.0
3819,genuine,229.9,236.0,449.5,15.9,232.7,233.4,450.3
392,genuine,167.0,171.0,168.0,172.0,169.0,169.0,168.0
27,genuine,167.0,169.0,170.0,170.0,168.0,168.0,169.0
32,impersonator,312.9,119.9,324.3,579.0,230.2,61.6,237.5
752,genuine,17.3,11.2,214.8,433.5,233.2,233.2,432.9
1810,genuine,166.0,171.0,167.0,174.0,169.0,172.0,166.0
556,impersonator,1698.7,2739.8,1494.9,24.7,1923.7,1598.9,2512.6
478,genuine,42.4,224.7,249.9,233.1,32.7,215.8,617.1
689,impersonator,714.5,149.3,1566.1,1967.5,804.7,2268.5,1569.0
455,impersonator,285.5,13.7,690.6,681.2,53.8,25.1,9.9
909,genuine,166.0,168.0,166.0,166.0,167.0,166.0,169.0
626,impersonator,9.8,471.5,130.2,167.2,204.3,173.7,2.0
236,impersonator,2.0,96.5,0.0,451.3,150.8,245.7,8.3
13,impersonator,119.3,103.8,306.0,555.2,378.5,512.0,11.2
1558,genuine,163.0,169.0,168.0,165.0,169.0,169.0,166.0
600,impersonator,56.3,130.6,284.0,490.8,1.0,18.8,2.0
512,impersonator,329.8,304.2,318.6,307.5,228.6,16.3,72.9
2485,genuine,414.0,232.2,16.5,216.2,199.9,634.2,16.0
487,impersonator,208.8,20.7,383.2,394.4,23.0,40.1,83.4
2151,genuine,412.8,232.2,233.2,233.0,200.1,433.4,16.6
3430,genuine,169.0,173.0,175.0,173.0,175.0,171.0,174.0
2180,genuine,166.0,168.0,170.0,168.0,169.0,167.0,167.0
2331,genuine,167.0,186.0,159.0,171.0,169.0,168.0,168.0
688,impersonator,272.5,69.1,537.3,565.2,133.7,35.0,102.7
563,genuine,229.8,232.3,233.3,232.2,433.5,16.5,233.5
544,impersonator,2227.8,2029.2,646.5,187.3,1864.7,1080.5,2400.2
618,impersonator,1317.4,980.9,2557.7,1754.4,497.5,739.2,2533.7
517,impersonator,124.7,152.5,156.0,2.1,147.3,41.3,194.3
4195,genuine,169.0,174.0,174.0,172.0,172.0,173.0,174.0
969,genuine,429.5,16.3,232.8,233.2,233.3,433.4,16.7
58,impersonator,2.7,759.4,3.2,112.2,773.6,636.6,2.7
509,impersonator,113.3,1376.2,30.7,209.8,153.1,206.2,147.8
530,impersonator,446.1,206.8,181.3,185.5,9.0,336.1,77.2
708,impersonator,1782.7,612.8,918.1,1664.6,2183.6,1424.0,2281.5
4176,genuine,164.0,168.0,167.0,166.0,168.0,166.0,167.0
152,impersonator,2.0,3.8,785.6,412.9,163.2,55.6,2.0
319,impersonator,98.8,176.7,234.0,187.6,137.9,167.9,470.7
222,impersonator,1920.5,146.6,1529.0,2061.6,965.7,514.0,932.6
503,impersonator,3.2,138.9,302.8,226.3,7.8,76.5,25.3
132,impersonator,664.2,51.4,460.7,16.1,232.4,34.8,27.6
490,impersonator,60.3,51.5,128.9,268.4,44.2,166.2,170.3
219,impersonator,2349.9,604.5,440.1,1536.1,2226.2,2086.1,2628.2
623,impersonator,202.3,224.0,126.7,169.7,237.2,227.5,237.3
193,impersonator,180.7,148.7,87.8,267.3,159.1,15.6,50.4
3386,genuine,17.3,13.1,17.1,16.4,1166.0,627.0,19.9
4102,genuine,164.0,178.0,151.0,170.0,169.0,171.0,168.0
657,impersonator,2.0,210.5,184.4,1081.4,5.1,210.9,399.7
295,impersonator,2.0,345.7,68.7,216.5,343.7,110.3,2.0
708,impersonator,2.0,326.4,38.2,254.9,28.8,376.5,2.0
313,impersonator,24.5,19.3,249.9,432.0,75.1,147.0,543.0
997,genuine,232.7,429.1,16.9,233.0,233.1,432.8,17.0
3227,genuine,164.0,184.0,158.0,170.0,168.0,171.0,168.0
777,genuine,171.0,173.0,175.0,173.0,173.0,174.0,174.0
1017,genuine,829.8,1468.2,16.1,18.1,17.3,19.9,16.7
378,impersonator,255.7,12.9,379.1,246.0,7.0,18.3,250.3
532,impersonator,305.9,1473.2,2652.7,307.2,1133.9,1376.6,1460.7
653,genuine,168.0,187.0,159.0,172.0,169.0,171.0,172.0
357,impersonator,209.2,537.6,318.2,208.3,264.0,309.5,73.6
313,impersonator,2.0,119.6,578.8,7.4,31.3,54.2,2.0
166,impersonator,12.2,483.2,748.6,247.5,1.0,1.0,2.0
4144,genuine,164.0,169.0,166.0,16.0,151.0,330.0,167.0
4414,genuine,12.6,20.5,1147.2,18.8,21.3,17.3,20.0
919,genuine,17.8,18.0,1400.2,20.4,16.7,631.6,24.7
434,impersonator,2.0,57.3,59.8,74.0,108.6,50.5,2.0
3400,genuine,229.5,233.0,433.9,15.4,233.0,234.2,433.1
1609,genuine,15.0,14.1,17.8,17.1,586.1,16.3,16.9
2788,genuine,168.0,167.0,168.0,166.0,167.0,166.0,167.0
2715,genuine,167.0,191.0,152.0,171.0,10.0,167.0,333.0
1950,genuine,165.0,168.0,166.0,165.0,167.0,169.0,166.0
3133,genuine,399.3,420.6,15.5,17.8,17.4,17.8,17.8
2926,genuine,15.7,230.4,232.1,232.8,432.8,16.2,234.1
669,impersonator,325.4,481.8,461.7,12.8,170.4,415.5,5.7
567,impersonator,135.2,136.5,949.7,152.9,91.1,77.1,224.4
4436,genuine,165.0,167.0,168.0,168.0,167.0,169.0,168.0
687,impersonator,343.0,1.5,780.0,111.8,386.9,1.0,183.6
3738,genuine,28.7,34.4,104.9,38.2,47.9,32.8,30.7
3236,genuine,164.0,180.0,159.0,168.0,171.0,170.0,182.0
3798,genuine,19.8,23.5,954.9,417.1,21.3,23.6,18.4
566,impersonator,73.3,1.5,437.0,605.1,1.0,205.0,2.0
369,impersonator,263.1,144.2,208.4,107.3,178.0,213.1,444.7
264,impersonator,143.7,652.4,200.3,131.6,234.2,270.4,396.0
66,impersonator,231.2,179.8,64.8,22.2,32.7,4.2,19.0
3265,genuine,163.0,180.0,154.0,170.0,172.0,8.0,166.0
1215,genuine,411.7,433.3,16.3,233.2,16.1,216.6,199.4
491,impersonator,196.8,157.7,186.6,410.5,234.7,175.2,115.4
278,impersonator,468.4,64.0,439.6,101.5,33.8,48.5,174.7
562,impersonator,196.2,168.8,48.9,171.1,137.3,220.8,193.9
3056,genuine,15.6,57.2,1128.2,631.2,19.9,15.6,18.3
518,genuine,91.2,73.6,150.2,88.1,111.9,104.0,31.3
1724,genuine,168.0,167.0,170.0,166.0,171.0,168.0,169.0
523,impersonator,416.9,35.0,111.8,168.3,53.1,238.2,26.5
2342,genuine,168.0,171.0,169.0,171.0,170.0,171.0,167.0
3301,genuine,164.0,178.0,154.0,171.0,168.0,12.0,165.0
362,impersonator,239.1,74.9,98.9,218.3,166.3,1.0,452.0
1375,genuine,180.0,173.0,157.0,170.0,171.0,170.0,169.0
14,impersonator,2.5,140.0,86.4,17.0,177.9,299.8,2.0
70,impersonator,229.6,296.5,143.9,181.0,202.5,464.2,380.5
2954,genuine,38.0,36.5,48.3,557.7,17.0,17.6,65.0
175,impersonator,22.0,164.4,761.7,187.3,268.0,74.5,101.6
118,impersonator,2.0,452.5,469.6,162.0,1.0,486.1,257.0
2886,genuine,172.0,172.0,173.0,173.0,173.0,173.0,174.0
268,genuine,15.2,16.4,17.0,19.1,757.8,18.4,16.1
645,impersonator,104.6,14.5,57.8,256.9,211.5,128.0,121.9
712,impersonator,123.7,25.0,43.1,1208.0,307.8,172.2,7.7
679,impersonator,206.1,2216.0,2384.4,404.4,778.3,1130.2,1745.4
433,impersonator,14.4,263.8,497.5,482.5,27.8,23.4,129.1
504,genuine,166.0,169.0,171.0,170.0,168.0,169.0,170.0
107,genuine,16.3,21.6,975.5,423.1,16.7,19.9,19.2
3477,genuine,183.0,13.0,149.0,349.0,169.0,165.0,166.0
354,impersonator,497.7,1.5,170.2,236.9,34.4,129.0,116.8
93,impersonator,51.2,27.0,77.9,500.7,111.4,144.3,24.4
3129,genuine,164.0,168.0,166.0,166.0,165.0,166.0,166.0
319,impersonator,465.2,144.1,86.3,261.9,175.3,185.8,45.4
2779,genuine,165.0,189.0,157.0,172.0,168.0,171.0,168.0
79,impersonator,2218.8,1086.3,4.0,1481.4,1788.4,1540.3,647.8
2573,genuine,17.1,16.7,1579.1,18.8,16.5,17.7,18.8
4377,genuine,449.7,31.9,31.9,200.5,216.6,216.7,199.4
382,impersonator,1577.8,1367.3,842.0,1959.2,176.6,801.1,1718.8
3226,genuine,167.0,167.0,171.0,169.0,170.0,168.0,167.0
273,impersonator,193.0,76.8,137.4,373.3,289.6,329.1,497.5
632,genuine,26.9,22.4,768.7,419.0,442.9,23.2,16.7
3206,genuine,225.8,450.1,16.3,14.3,217.0,216.6,216.5
272,impersonator,2.0,559.1,7.0,253.9,137.1,137.9,2.0
602,genuine,227.0,230.7,217.9,232.9,233.5,449.7,15.1
3489,genuine,165.0,165.0,168.0,165.0,167.0,166.0,166.0
434,impersonator,76.4,55.8,4.8,78.5,243.6,161.9,146.1
706,impersonator,428.0,278.1,2545.7,1211.7,1285.6,605.5,2112.5
46,impersonator,163.1,232.9,327.0,446.4,57.1,111.4,247.2
1694,genuine,11.8,215.0,216.1,216.4,416.8,233.4,450.5
409,impersonator,254.4,191.0,261.6,146.4,117.6,208.8,69.9
322,impersonator,2.0,159.8,20.2,758.5,223.6,305.3,2.0
1158,genuine,19.3,19.2,336.0,844.0,20.8,19.4,20.5
2558,genuine,165.0,166.0,167.0,164.0,167.0,164.0,165.0
663,impersonator,184.1,159.5,187.4,353.0,106.4,309.4,246.5
508,impersonator,2.0,26.7,2090.6,334.5,1.0,119.2,144.1
348,impersonator,27.0,597.3,1625.3,472.7,601.2,1966.6,1002.0
334,impersonator,835.1,1112.7,234.1,494.3,1756.2,1226.4,460.8
386,impersonator,179.3,74.8,188.0,551.6,251.0,386.9,552.4
15,impersonator,677.9,203.1,431.4,22.1,13.1,549.0,58.5
438,genuine,166.0,187.0,4.0,167.0,333.0,166.0,167.0
3820,genuine,17.3,20.4,1600.1,17.8,17.1,211.0,20.3
711,impersonator,373.8,175.6,186.7,36.6,1.0,350.1,29.1
4012,genuine,21.1,42.9,1730.4,20.5,20.2,20.1,20.5
609,genuine,417.1,228.6,233.3,433.2,16.4,433.5,16.6
55,impersonator,2084.1,473.2,2066.5,1163.5,64.4,425.4,13.4
2855,genuine,17.0,23.5,1358.8,208.3,18.0,16.7,18.1
2835,genuine,14.2,4.1,634.8,15.8,14.0,16.1,27.5
3231,genuine,225.4,233.6,449.8,16.6,232.8,232.9,450.0
619,impersonator,339.7,71.2,152.8,95.5,208.4,353.1,391.0
723,impersonator,749.3,254.2,26.3,349.8,8.6,781.7,292.0
1055,genuine,430.3,16.3,433.4,16.7,233.6,232.8,233.2
37,impersonator,26.2,136.2,67.1,132.8,178.2,62.7,17.0
1354,genuine,16.4,20.2,1346.7,633.7,21.5,16.4,18.3
3127,genuine,165.0,170.0,167.0,167.0,165.0,167.0,167.0
589,impersonator,360.3,425.3,0.0,104.2,122.2,416.9,238.5
191,impersonator,698.3,320.3,1712.3,1057.5,645.6,624.0,1688.7
570,impersonator,140.5,1228.6,1126.8,1895.3,328.8,1207.5,1413.5
727,impersonator,924.9,1498.8,1462.9,722.3,1088.2,1544.6,1525.9
238,impersonator,1087.1,1238.0,1955.5,1382.4,116.6,1335.4,433.1
605,impersonator,195.4,1.5,819.5,475.6,176.1,168.1,7.3
1603,genuine,14.8,17.1,1372.4,19.5,18.4,19.4,17.6
3589,genuine,1672.2,1044.1,18.9,66.2,86.3,57.6,82.3
216,impersonator,36.1,193.2,1382.4,182.5,4.5,128.6,35.5
142,impersonator,2.0,295.1,150.2,314.2,114.8,52.8,2.0
1808,genuine,169.0,174.0,173.0,173.0,174.0,172.0,175.0
546,impersonator,148.8,44.5,283.4,8.8,15.7,465.6,180.8
366,impersonator,572.8,61.0,0.0,717.4,1.0,527.6,2.0
329,impersonator,96.1,35.4,225.2,434.7,18.8,874.9,274.2
55,impersonator,36.7,1.5,133.1,132.0,1.0,156.1,2.0
4350,genuine,165.0,169.0,167.0,167.0,169.0,165.0,168.0
2981,genuine,163.0,169.0,166.0,168.0,169.0,167.0,167.0
3889,genuine,168.0,189.0,155.0,172.0,169.0,169.0,168.0
1920,genuine,21.4,17.0,15.5,317.5,1050.0,16.9,17.5
303,genuine,13.3,231.8,433.4,16.2,233.2,232.8,433.2
540,impersonator,337.2,592.4,99.7,61.7,330.6,137.2,238.4
676,genuine,165.0,169.0,168.0,167.0,165.0,168.0,166.0
1550,genuine,16.2,21.0,786.1,631.8,23.5,16.3,17.3
4005,genuine,163.0,189.0,155.0,170.0,170.0,168.0,170.0
2802,genuine,173.0,172.0,172.0,175.0,172.0,173.0,175.0
4094,genuine,164.0,348.0,155.0,171.0,9.0,166.0,349.0
3576,genuine,19.5,16.9,1153.4,19.2,19.4,19.4,20.9
2192,genuine,18.4,21.2,1579.9,17.5,20.9,20.7,22.0
377,impersonator,533.1,449.0,0.0,494.0,34.3,1.0,101.0
193,impersonator,120.4,305.3,58.6,547.3,36.2,46.8,164.1
74,impersonator,2.0,545.5,39.6,179.2,214.9,194.6,2.0
41,genuine,171.0,173.0,175.0,171.0,172.0,174.0,172.0
4371,genuine,170.0,173.0,176.0,173.0,174.0,172.0,174.0
1549,genuine,791.6,203.4,15.6,19.5,16.6,17.3,17.9
1264,genuine,16.9,17.4,1414.3,18.0,16.1,21.1,17.2
743,impersonator,2.0,349.9,114.3,10.7,342.2,321.9,2.0
461,impersonator,124.9,195.6,175.1,33.3,58.5,270.3,204.4
273,impersonator,409.4,144.9,56.8,534.3,280.2,320.3,354.3
1663,genuine,15.5,18.3,828.6,172.0,17.1,18.7,18.2
620,impersonator,478.8,533.3,41.6,2.1,689.2,171.0,72.6
2924,genuine,169.0,184.0,156.0,171.0,169.0,170.0,170.0
131,impersonator,57.0,524.7,397.0,16.5,506.5,47.0,373.7
147,impersonator,130.7,215.8,431.0,221.6,47.7,328.4,262.9
331,impersonator,35.5,254.1,546.1,173.2,4.0,32.9,57.8
684,impersonator,49.6,205.1,365.1,27.3,181.3,274.0,138.6
637,impersonator,402.7,71.5,27.7,879.8,6.4,205.3,80.2
1612,genuine,15.7,218.6,193.9,216.3,216.5,199.4,633.9
344,genuine,230.1,233.1,233.3,433.2,16.4,233.3,233.5
534,impersonator,481.7,444.8,554.4,1765.9,472.3,232.3,1626.0
3106,genuine,14.1,17.1,1170.4,429.1,16.2,16.6,16.8
4283,genuine,234.6,427.8,16.6,16.1,216.4,200.1,216.4
932,genuine,172.0,174.0,173.0,173.0,173.0,172.0,174.0
27,impersonator,110.5,464.2,47.1,247.5,120.2,43.5,195.8
251,genuine,172.0,174.0,191.0,165.0,174.0,347.0,32.0
341,impersonator,685.9,259.4,442.5,48.4,80.3,394.4,516.2
4453,genuine,227.7,450.4,32.3,28.9,200.3,216.7,216.8
278,genuine,164.0,186.0,160.0,171.0,169.0,13.0,167.0
1717,genuine,18.5,17.1,1406.9,24.1,17.7,16.4,19.0
1463,genuine,20.3,17.7,1597.5,21.8,232.5,20.2,21.9
3624,genuine,231.0,230.1,232.8,433.2,16.6,233.3,233.3
62,impersonator,518.8,319.4,0.0,192.0,378.4,13.7,199.4
2280,genuine,166.0,170.0,169.0,171.0,170.0,171.0,164.0
1923,genuine,15.8,14.8,585.7,433.5,21.2,17.0,18.8
610,genuine,15.9,13.9,15.3,16.2,974.8,17.9,16.6
460,impersonator,15.5,158.8,57.2,579.0,9.4,27.1,39.1
1374,genuine,163.0,180.0,157.0,172.0,168.0,171.0,170.0
328,genuine,951.0,17.4,17.8,1858.9,18.3,18.3,17.4
2985,genuine,225.2,232.9,432.3,16.7,232.9,234.0,432.7
781,genuine,170.0,172.0,174.0,174.0,173.0,173.0,172.0
697,impersonator,2.0,1.5,247.8,738.9,490.7,1.0,2.0
212,impersonator,1538.1,889.1,261.2,1071.3,1879.0,1689.5,492.6
3041,genuine,11.2,17.6,781.2,17.4,18.3,18.0,1233.1
1962,genuine,485.7,46.2,248.2,243.6,450.4,32.4,232.7
3238,genuine,191.7,215.6,416.8,15.5,216.7,199.8,216.2
3272,genuine,13.4,35.4,45.9,1148.5,17.5,15.9,17.1
665,impersonator,168.3,458.6,90.1,829.7,49.2,270.8,374.0
130,impersonator,52.1,712.7,63.9,444.1,166.4,155.9,388.1
3797,genuine,231.5,430.3,15.7,232.7,233.3,233.1,433.6
572,impersonator,249.0,1636.3,183.1,1193.2,1997.6,806.2,534.6
578,impersonator,87.1,384.3,271.3,425.9,144.1,159.3,149.3
107,impersonator,127.0,216.0,175.0,202.2,24.9,2.7,235.6
516,impersonator,2260.6,437.6,634.7,1030.8,1259.6,1291.7,1927.1
3832,genuine,163.0,179.0,156.0,169.0,170.0,168.0,171.0
1851,genuine,166.0,167.0,168.0,13.0,151.0,334.0,168.0
211,impersonator,303.8,1801.4,1751.3,856.6,603.0,2336.3,796.3
256,impersonator,147.3,125.2,388.8,725.1,153.9,217.4,216.0
656,impersonator,2014.2,751.2,1031.3,941.2,476.3,1487.3,2203.5
3846,genuine,120.4,1213.6,15.7,1224.8,22.4,22.0,16.2
2684,genuine,16.5,19.4,971.6,633.4,20.0,16.7,19.6
784,genuine,18.2,21.5,1397.2,21.7,15.5,19.3,18.7
426,impersonator,83.6,657.6,215.8,228.1,385.7,54.3,198.4
367,impersonator,447.1,318.5,282.3,103.7,355.6,95.3,583.9
118,impersonator,2.0,219.8,109.5,347.2,160.8,174.2,120.0
153,impersonator,2.0,336.2,265.8,244.5,31.6,36.1,2.0
217,impersonator,46.5,108.9,308.8,386.3,12.8,199.6,215.6
621,impersonator,406.1,1000.8,86.2,349.9,269.8,232.7,52.8
3346,genuine,797.1,209.3,22.0,17.7,20.0,20.6,19.5
1210,genuine,166.0,172.0,170.0,171.0,171.0,173.0,166.0
679,impersonator,161.1,220.3,210.8,22.7,47.7,1.0,191.7
613,impersonator,222.0,260.2,522.7,2.1,606.3,356.8,190.4
1403,genuine,166.0,171.0,171.0,173.0,171.0,172.0,166.0
667,impersonator,89.0,137.8,502.6,222.1,157.7,321.7,2.0
589,impersonator,541.5,279.4,56.4,30.9,332.1,253.1,586.9
3195,genuine,230.0,453.2,30.7,233.5,233.8,233.9,30.9
3422,genuine,165.0,169.0,167.0,167.0,166.0,168.0,169.0
1689,genuine,227.9,449.8,30.2,233.7,233.6,450.6,15.1
1244,genuine,232.5,233.5,449.0,16.8,232.4,234.1,449.8
663,impersonator,37.5,111.3,183.5,137.4,112.6,276.7,163.1
622,impersonator,2.0,227.7,104.8,402.2,276.5,508.9,2.0
4241,genuine,12.7,17.4,17.5,964.6,628.3,18.4,17.3
4104,genuine,73.0,29.9,135.3,31.4,46.6,88.7,83.6
375,impersonator,2.0,538.0,6.1,2.1,341.6,27.4,106.3
537,impersonator,888.7,142.7,2415.1,1461.4,1690.6,1520.0,679.4
540,genuine,19.3,18.7,979.6,420.9,21.2,641.4,28.2
80,genuine,165.0,170.0,166.0,13.0,153.0,335.0,168.0
74,impersonator,715.1,579.4,508.6,1551.1,1805.4,2305.8,2466.3
306,impersonator,1391.5,240.9,474.5,563.6,1959.1,659.0,1285.4
2739,genuine,15.9,23.7,975.4,415.9,18.1,18.9,20.6
287,impersonator,6.7,69.0,976.8,36.8,36.7,253.2,42.7
702,impersonator,146.0,487.0,186.9,19.6,194.5,167.6,2.0
290,impersonator,2.0,106.4,111.5,72.1,109.8,121.0,2.0
692,impersonator,2.0,27.4,46.6,650.3,183.3,103.1,2.0
619,impersonator,292.4,88.0,4.0,263.5,46.7,302.5,251.5
4427,genuine,86.6,55.7,75.0,36.1,112.8,63.9,31.0
359,genuine,21.2,17.0,17.7,1159.9,21.0,19.1,20.9
678,impersonator,55.1,331.5,59.3,489.4,565.8,299.2,624.6
1915,genuine,19.7,824.7,1914.7,18.6,17.1,18.4,62.6
486,genuine,230.4,433.3,16.5,232.9,433.5,16.4,233.1
1187,genuine,229.8,235.7,450.2,15.5,234.1,232.8,450.0
13,genuine,166.0,194.0,11.0,150.0,332.0,168.0,166.0
3279,genuine,228.8,232.4,433.4,17.0,232.4,233.3,233.3
4223,genuine,172.0,173.0,175.0,173.0,174.0,172.0,175.0
147,impersonator,14.4,157.1,99.3,122.8,184.6,44.3,116.8
2427,genuine,14.3,17.1,1222.5,368.0,15.4,430.2,18.7
531,impersonator,65.2,848.3,293.7,218.2,154.4,499.9,135.0
1610,genuine,16.5,1402.3,19.5,21.5,21.8,17.6,20.2
2226,genuine,447.8,27.9,15.1,234.6,199.7,216.8,199.7
757,genuine,15.8,17.9,1382.7,15.2,17.7,17.5,17.8
659,impersonator,178.4,229.0,440.8,64.2,247.3,184.7,232.3
219,impersonator,673.9,21.7,0.0,2.1,188.3,479.2,214.8
4180,genuine,169.0,167.0,209.0,138.0,159.0,167.0,170.0
267,impersonator,144.2,103.6,78.3,199.9,24.0,91.7,152.8
3103,genuine,164.0,182.0,151.0,170.0,170.0,11.0,167.0
608,impersonator,19.9,7.4,1474.3,223.4,137.5,30.0,311.9
3275,genuine,165.0,172.0,170.0,170.0,173.0,170.0,165.0
508,impersonator,207.2,13.3,369.0,1257.9,20.9,92.5,33.6
966,genuine,16.3,438.1,17.6,231.6,233.0,233.0,215.8
669,impersonator,2.0,32.7,13.7,486.4,335.6,283.4,2.0
41,impersonator,2.0,1.5,334.6,227.4,5.8,1.0,153.4
344,impersonator,2.0,67.9,76.0,119.0,65.3,3.1,2.0
4155,genuine,2008.5,18.8,87.2,688.4,15.9,17.6,19.1
241,impersonator,155.2,148.8,1477.5,608.5,224.7,437.0,413.1
4073,genuine,226.9,233.1,449.9,31.4,233.7,234.1,232.7
1918,genuine,16.8,17.8,974.7,17.7,18.1,18.5,18.3
72,impersonator,1059.6,1473.8,1658.6,1977.5,986.1,1053.8,150.1
3621,genuine,23.0,16.1,16.3,16.2,1195.3,18.0,19.9
3486,genuine,171.0,173.0,176.0,173.0,172.0,175.0,172.0
336,impersonator,26.9,451.0,133.2,95.8,17.1,227.2,30.7
694,impersonator,1545.0,1391.5,2245.3,929.5,1190.8,1989.8,1559.4
3122,genuine,165.0,169.0,167.0,166.0,166.0,168.0,168.0
512,impersonator,273.9,285.4,228.2,327.4,183.5,1.0,2.0
403,genuine,232.1,196.5,233.4,16.2,216.5,200.0,216.5
2688,genuine,180.0,167.0,166.0,167.0,184.0,166.0,167.0
519,impersonator,2.0,55.9,67.7,179.0,39.3,282.6,2.0
716,impersonator,32.3,168.6,47.6,2.1,475.2,274.4,236.1
151,genuine,20.2,17.8,20.1,730.3,19.9,19.7,19.9
328,impersonator,206.7,177.7,235.0,18.9,138.7,211.8,33.7
35,impersonator,41.5,138.2,142.2,42.5,1.0,182.6,51.8
584,impersonator,1843.2,1973.6,2560.8,36.5,1157.4,144.9,2388.2
2935,genuine,20.0,14.3,419.4,210.2,15.2,21.0,16.7
73,impersonator,2.0,1.5,69.4,176.4,264.6,19.7,15.8
29,impersonator,186.4,1.5,0.0,174.0,808.9,115.7,172.1
1117,genuine,16.9,11.2,215.3,216.6,199.8,216.3,417.1
311,impersonator,210.6,188.8,72.8,251.1,218.0,54.3,154.1
95,impersonator,39.0,23.7,986.4,49.5,85.6,13.0,74.6
2074,genuine,173.0,171.0,174.0,171.0,175.0,175.0,173.0
46,impersonator,42.1,113.6,388.1,218.5,50.9,64.4,229.5
3959,genuine,18.7,9.2,214.6,433.4,233.2,233.1,433.2
2741,genuine,173.0,174.0,174.0,172.0,175.0,172.0,174.0
466,impersonator,71.0,288.2,215.0,211.1,447.4,94.1,156.5
2054,genuine,228.9,232.9,233.2,433.3,16.4,233.1,433.6
3770,genuine,432.1,14.5,231.9,233.2,433.5,16.7,16.2
743,impersonator,618.5,245.9,40.3,241.3,333.5,487.9,340.5
1372,genuine,170.0,173.0,175.0,173.0,172.0,173.0,171.0
269,impersonator,734.8,1607.9,1842.6,407.8,1982.8,430.0,930.1
3806,genuine,701.8,18.1,19.4,33.4,48.0,2200.5,17.8
2479,genuine,22.0,14.8,208.3,209.1,19.3,19.1,19.5
425,impersonator,3.0,260.3,6.0,392.3,154.7,318.3,2.0
329,impersonator,402.2,20.7,228.2,394.0,42.6,648.5,209.9
2330,genuine,10.6,229.5,217.0,232.7,233.3,450.0,15.4
391,genuine,17.5,13.7,444.1,230.6,450.3,31.3,233.4
364,impersonator,1958.3,2185.6,1645.0,1009.6,1808.2,929.5,2118.3
84,impersonator,2.0,171.9,369.7,147.8,182.4,33.0,2.0
3089,genuine,167.0,172.0,170.0,170.0,173.0,171.0,166.0
58,genuine,229.5,434.1,15.6,233.2,233.4,233.0,433.3
568,genuine,167.0,188.0,157.0,170.0,168.0,170.0,169.0
656,impersonator,131.6,303.9,0.0,153.6,143.9,89.8,165.3
121,impersonator,140.5,44.7,130.8,202.5,8.0,164.0,97.0
213,impersonator,5.3,440.0,340.4,509.5,178.0,206.3,175.7
658,impersonator,398.1,212.4,0.0,211.2,316.4,135.5,61.9
26,genuine,413.7,433.4,15.9,233.3,233.5,433.2,16.5
405,impersonator,1472.6,1262.1,1080.1,7.0,1438.8,34.4,1887.1
428,impersonator,586.7,586.0,151.7,21.6,111.0,385.3,261.1
1897,genuine,233.7,228.0,232.0,200.2,233.1,233.6,433.1
371,impersonator,133.4,558.3,134.4,530.3,10.7,388.6,137.7
596,impersonator,135.8,36.9,14.2,77.8,46.6,154.6,2.0
139,impersonator,2.0,143.6,7.5,442.2,68.7,85.7,2.0
585,impersonator,113.0,520.5,308.8,33.2,181.0,474.3,206.9
19,impersonator,3.8,295.6,1011.4,34.6,197.1,149.0,2.0
732,impersonator,2.0,1.5,218.3,271.6,16.5,1.0,99.8
1626,genuine,164.0,181.0,157.0,172.0,7.0,166.0,349.0
717,genuine,16.0,19.6,547.3,1256.9,17.8,18.1,18.5
594,impersonator,2.0,414.3,69.3,392.2,150.6,237.6,2.0
1025,genuine,169.0,174.0,175.0,173.0,175.0,174.0,175.0
2432,genuine,163.0,168.0,168.0,166.0,166.0,167.0,167.0
3602,genuine,169.0,194.0,10.0,150.0,333.0,167.0,183.0
184,impersonator,6.1,31.5,169.0,207.0,231.4,150.7,170.8
442,genuine,79.6,45.8,140.4,43.6,56.9,30.6,124.0
700,impersonator,2.0,19.6,888.6,20.0,279.3,2.8,2.0
1477,genuine,203.3,225.8,233.3,434.1,15.8,234.0,233.4
168,impersonator,61.0,223.4,592.8,570.2,9.9,1.0,85.8
527,impersonator,13.2,262.4,1351.7,2.1,1.0,154.3,197.6
504,impersonator,127.6,184.0,1514.1,94.4,76.1,226.0,201.9
685,impersonator,121.4,680.2,41.4,622.9,49.6,173.7,30.9
3772,genuine,16.3,18.7,17.4,1164.7,17.2,20.3,19.7
203,impersonator,284.3,103.0,348.2,390.8,481.5,4.6,90.4
580,impersonator,2.0,31.6,648.1,547.2,67.4,64.2,2.0
2556,genuine,164.0,168.0,165.0,165.0,168.0,169.0,165.0
855,genuine,164.0,190.0,152.0,170.0,172.0,170.0,168.0
1099,genuine,15.2,788.2,15.4,16.2,16.9,55.3,86.3
447,impersonator,62.7,32.7,892.2,25.5,85.2,128.4,34.9
2168,genuine,1397.3,16.5,16.6,16.6,16.9,16.8,16.7
583,impersonator,2.0,155.4,470.6,34.9,133.3,84.7,2.0
370,impersonator,10.3,50.1,315.3,614.2,162.3,81.3,207.4
859,genuine,162.0,178.0,153.0,170.0,169.0,13.0,167.0
631,impersonator,2.0,35.2,1565.0,118.8,158.6,101.6,2.0
657,impersonator,548.6,2.4,331.3,340.6,210.0,297.4,37.1
819,genuine,18.5,20.9,21.5,957.2,19.8,22.4,18.6
3023,genuine,170.0,168.0,170.0,171.0,171.0,171.0,168.0
504,impersonator,125.4,34.6,961.9,81.5,287.8,136.5,285.0
1650,genuine,13.5,432.3,16.2,232.7,233.3,233.1,216.8
3342,genuine,167.0,189.0,15.0,149.0,333.0,168.0,165.0
1925,genuine,181.0,169.0,156.0,170.0,171.0,183.0,166.0
455,genuine,14.5,1400.6,15.3,16.9,17.9,17.5,17.4
52,genuine,15.3,16.6,1373.9,18.1,19.4,18.6,17.9
511,impersonator,88.6,421.2,395.3,32.3,503.4,211.7,293.6
652,impersonator,2.0,211.8,277.8,14.9,10.1,63.8,2.0
321,impersonator,167.2,410.8,15.1,195.6,185.8,325.7,139.2
4116,genuine,168.0,171.0,168.0,172.0,171.0,171.0,167.0
340,impersonator,168.8,774.9,367.1,2.1,1.0,361.9,253.1
559,impersonator,110.7,2618.4,1970.5,226.3,1622.9,1427.2,922.4
4290,genuine,231.8,196.7,16.5,216.6,199.6,215.6,216.5
59,impersonator,2.0,446.5,228.6,32.9,396.6,356.3,2.0
2064,genuine,17.6,971.9,625.3,22.2,21.3,20.5,16.9
682,impersonator,159.1,150.8,0.0,1322.4,126.1,123.8,21.2
192,impersonator,2.0,122.2,78.0,321.6,45.5,124.7,2.0
1217,genuine,229.3,230.1,450.3,31.5,233.2,451.8,15.4
2312,genuine,172.0,173.0,175.0,173.0,173.0,173.0,172.0
115,impersonator,346.7,126.9,49.1,45.7,713.6,485.9,223.5
413,impersonator,57.6,11.1,591.1,65.0,5.5,37.2,49.7
300,impersonator,2.0,86.3,564.3,226.5,24.7,112.6,2.0
55,genuine,168.0,185.0,157.0,172.0,169.0,169.0,168.0
3077,genuine,427.8,31.9,232.8,233.3,233.6,232.5,217.7
2341,genuine,17.0,18.5,785.0,419.5,16.7,19.0,18.8
2366,genuine,14.3,21.1,787.6,206.3,19.3,21.4,810.1
3707,genuine,16.4,18.8,1169.2,631.3,19.4,15.5,18.2
2627,genuine,226.8,450.6,31.3,31.9,199.7,216.7,617.7
23,impersonator,173.9,135.0,212.1,154.3,116.5,21.8,69.0
3015,genuine,170.0,172.0,174.0,173.0,173.0,173.0,176.0
270,impersonator,166.0,66.8,71.0,430.5,98.8,463.8,51.1
2096,genuine,18.1,18.2,18.9,971.5,628.3,20.9,21.5
3887,genuine,16.6,18.7,17.1,18.5,65.9,61.0,41.9
1756,genuine,169.0,172.0,174.0,174.0,175.0,173.0,172.0
201,genuine,170.0,175.0,175.0,173.0,172.0,175.0,173.0
1735,genuine,16.3,165.6,1910.1,20.1,16.7,18.7,18.5
1809,genuine,585.0,423.0,16.4,21.3,19.9,19.2,16.1
3934,genuine,18.0,20.9,21.6,947.2,627.9,21.3,21.5
2271,genuine,16.9,20.8,981.8,631.3,24.8,14.6,19.2
548,impersonator,115.4,94.3,486.1,13.0,172.9,248.6,45.3
585,genuine,19.1,18.7,1778.2,18.0,17.4,17.9,18.0
3610,genuine,16.0,12.8,17.0,1786.8,35.7,16.6,16.4
234,impersonator,2489.0,1772.0,370.2,1295.5,1995.1,731.8,1004.7
360,genuine,16.0,18.7,1190.7,20.2,18.4,19.1,15.4
603,genuine,16.7,231.4,228.4,233.2,433.4,16.7,233.0
573,impersonator,2.0,416.7,179.2,72.0,126.4,193.7,2.0
148,impersonator,2.0,554.4,763.8,635.8,48.9,90.6,42.6
480,impersonator,4.2,1.5,961.4,250.7,136.5,140.1,39.1
285,impersonator,2.0,1.5,124.8,194.1,232.1,1.0,15.0
368,impersonator,184.2,42.6,923.4,136.9,148.9,212.6,76.8
1599,genuine,18.1,19.4,1395.1,19.4,16.8,19.3,19.1
3012,genuine,15.0,783.2,629.3,16.5,16.7,17.0,17.0
64,impersonator,961.9,759.9,40.1,64.1,229.8,168.3,169.5
161,impersonator,2.0,190.0,53.0,57.3,128.7,215.9,2.0
3659,genuine,430.5,16.3,233.1,233.4,433.7,16.1,233.2
1147,genuine,166.0,168.0,166.0,168.0,167.0,168.0,169.0
1686,genuine,332.0,169.0,165.0,4.0,163.0,4.0,326.0
430,impersonator,1787.5,2384.8,586.7,161.7,1894.9,1178.8,2528.2
1222,genuine,69.6,244.8,16.9,77.5,56.0,58.5,40.7
1714,genuine,230.7,235.3,450.1,16.1,233.2,233.6,449.6
719,impersonator,2.0,523.9,757.5,388.5,119.5,72.8,97.3
1782,genuine,229.4,432.9,16.5,232.8,233.3,433.5,16.7
3530,genuine,166.0,168.0,167.0,13.0,154.0,334.0,167.0
214,impersonator,198.9,528.5,454.5,286.3,48.0,1.0,14.8
705,impersonator,2.0,489.3,0.0,2.1,230.7,24.2,208.4
3278,genuine,213.9,253.0,449.6,30.3,251.1,250.0,451.5
2145,genuine,100.0,1432.1,15.3,1235.6,18.6,16.5,17.0
695,impersonator,147.9,148.0,0.0,79.0,160.3,136.8,106.9
433,impersonator,2.0,323.1,391.8,316.5,1.0,143.7,2.0
126,genuine,430.5,12.2,434.2,15.5,233.8,432.9,16.6
550,impersonator,169.1,173.5,205.5,747.7,33.7,377.7,193.9
795,genuine,430.1,16.5,233.0,232.4,232.9,217.0,433.2
3815,genuine,16.3,14.1,214.9,214.9,199.9,216.4,216.6
181,impersonator,90.9,199.2,512.0,651.9,120.9,100.4,213.0
322,impersonator,239.4,925.6,291.3,14.4,142.5,282.7,368.9
429,impersonator,1683.7,1923.6,2260.1,156.0,25.0,575.7,2258.1
153,impersonator,2.0,25.2,1534.4,159.3,234.5,73.4,59.1
637,genuine,17.9,229.7,429.1,15.4,434.5,16.1,15.8
90,impersonator,211.2,1.5,249.1,12.0,1.0,289.6,277.5
544,genuine,165.0,188.0,156.0,170.0,168.0,1.0,187.0
315,genuine,13.4,432.6,16.8,232.8,233.2,232.2,433.4
1604,genuine,166.0,167.0,166.0,168.0,168.0,168.0,168.0
477,impersonator,302.4,593.5,714.9,88.2,279.5,272.0,277.5
926,genuine,171.0,174.0,174.0,172.0,172.0,173.0,174.0
2181,genuine,16.0,19.2,975.5,207.2,20.0,819.2,24.7
35,impersonator,2.0,138.2,273.4,914.1,262.4,41.0,144.2
661,impersonator,168.3,643.7,59.7,224.8,80.2,398.5,301.3
198,impersonator,2.0,51.2,112.8,220.3,1.9,256.7,2.0
31,impersonator,212.9,503.7,180.5,2.1,35.4,55.2,2.0
699,impersonator,22.6,18.0,274.1,141.2,127.6,1.0,127.1
524,impersonator,190.2,12.4,954.3,264.3,220.8,388.0,335.8
1592,genuine,164.0,183.0,184.0,170.0,169.0,173.0,172.0
4163,genuine,170.0,169.0,170.0,171.0,171.0,172.0,167.0
581,impersonator,417.1,755.3,648.9,2.1,254.4,1.0,65.3
4253,genuine,170.0,173.0,175.0,172.0,174.0,173.0,175.0
2005,genuine,230.5,453.0,31.7,233.1,233.1,451.4,15.6
22,impersonator,510.4,27.4,84.2,171.4,184.9,5.0,23.8
1959,genuine,171.0,174.0,173.0,173.0,172.0,174.0,173.0
76,impersonator,1062.1,1992.5,1124.5,1320.1,2089.9,662.3,2550.5
740,impersonator,45.1,216.1,476.9,342.7,1.7,91.1,185.1
4025,genuine,16.4,135.5,1467.9,19.5,17.9,19.0,18.6
3506,genuine,165.0,167.0,169.0,14.0,151.0,334.0,166.0
3897,genuine,16.8,1418.1,15.8,18.7,18.4,18.3,18.7
155,impersonator,2110.2,98.8,2437.9,7.7,1087.1,2052.7,1572.2
1648,genuine,167.0,166.0,167.0,169.0,167.0,167.0,168.0
433,impersonator,448.3,89.1,804.8,446.4,115.4,117.1,50.9
4440,genuine,19.2,17.3,17.2,1397.7,20.0,20.0,20.8
198,impersonator,2.0,37.1,1336.0,40.6,7.0,57.6,2.0
3377,genuine,168.0,172.0,168.0,170.0,172.0,170.0,166.0
395,genuine,16.3,17.2,16.5,16.8,15.5,17.6,553.9
38,impersonator,165.6,47.2,177.8,364.8,202.7,171.6,229.1
219,impersonator,295.4,764.2,35.3,444.9,317.7,532.7,243.2
313,impersonator,174.0,670.9,178.5,618.0,1.0,143.6,331.3
2205,genuine,167.0,169.0,168.0,169.0,169.0,169.0,169.0
599,impersonator,266.5,552.8,278.1,2.1,87.1,374.4,234.7
482,impersonator,2.0,94.0,86.4,110.5,48.5,6.9,2.0
282,impersonator,160.4,529.6,462.8,50.9,143.7,186.8,22.8
505,genuine,18.7,22.9,30.7,1170.4,16.4,16.5,16.9
2245,genuine,16.6,229.4,230.6,433.4,17.8,231.3,233.2
622,impersonator,191.5,1518.0,50.0,49.0,396.0,134.1,152.2
4114,genuine,229.4,433.1,15.3,233.0,233.1,233.4,433.3
3813,genuine,164.0,168.0,168.0,166.0,168.0,167.0,167.0
309,impersonator,205.5,275.9,165.1,236.1,67.5,444.5,261.9
344,impersonator,376.3,1206.8,2552.6,1858.5,150.8,2004.3,792.1
3500,genuine,166.0,170.0,168.0,172.0,171.0,169.0,169.0
3446,genuine,15.6,23.6,1134.9,628.4,18.3,18.4,17.9
242,impersonator,249.3,393.5,151.2,207.3,109.4,148.7,207.5
398,impersonator,1206.0,767.5,900.3,1047.6,699.6,529.7,769.8
3569,genuine,32.6,56.0,143.5,80.6,23.2,216.2,103.7
26,impersonator,1002.0,393.3,147.5,664.7,324.4,216.7,145.7
772,genuine,165.0,167.0,166.0,167.0,167.0,169.0,167.0
4143,genuine,20.3,13.4,15.8,16.9,1779.0,19.4,16.5
947,genuine,11.6,14.5,16.7,16.9,17.3,17.3,17.2
4022,genuine,18.5,9.7,209.7,214.5,216.5,199.6,417.5
2856,genuine,167.0,192.0,153.0,171.0,170.0,16.0,166.0
642,impersonator,2471.9,2278.2,325.1,1357.1,726.7,2016.0,2352.8
1929,genuine,447.8,27.7,234.5,233.3,232.1,450.8,15.9
267,genuine,234.3,428.0,15.4,233.4,233.4,434.1,15.9
418,impersonator,145.9,9.4,86.3,1000.6,10.5,2.5,28.8
3247,genuine,171.0,173.0,175.0,173.0,175.0,172.0,173.0
2674,genuine,15.6,20.6,16.5,756.9,17.7,18.3,18.3
331,impersonator,2.0,36.2,369.9,480.1,23.5,136.1,2.0
251,impersonator,308.6,1.5,426.1,486.4,70.8,278.4,2.0
409,impersonator,266.7,407.4,196.9,403.2,251.4,88.0,395.1
1773,genuine,18.2,20.9,23.8,745.8,628.1,20.7,21.5
120,impersonator,323.0,85.7,571.7,424.3,399.2,194.9,133.6
200,impersonator,22.8,139.6,1059.3,68.7,198.6,6.4,5.3
287,impersonator,1513.3,1075.5,2606.7,130.0,483.7,23.7,1261.0
2945,genuine,229.9,433.3,16.5,232.1,433.7,16.5,433.6
1743,genuine,17.0,19.8,18.9,1161.8,22.3,18.5,17.4
51,impersonator,83.7,135.4,411.2,262.7,241.0,372.7,257.3
1637,genuine,171.0,175.0,174.0,172.0,174.0,173.0,173.0
604,impersonator,2.0,113.7,37.7,316.9,108.1,23.5,2.0
643,impersonator,342.2,303.0,95.0,445.4,290.2,338.8,160.7
641,impersonator,1780.0,223.2,34.5,156.2,49.1,18.4,2.0
1211,genuine,169.0,170.0,168.0,170.0,172.0,173.0,165.0
1252,genuine,330.0,188.0,153.0,170.0,170.0,169.0,169.0
1010,genuine,16.6,20.0,1161.8,422.0,15.6,18.9,20.3
714,impersonator,70.9,100.2,69.0,577.0,203.8,168.2,35.2
1627,genuine,164.0,167.0,169.0,16.0,150.0,332.0,166.0
2461,genuine,233.1,195.5,15.0,216.7,200.1,217.9,632.5
3857,genuine,16.1,228.7,232.9,233.2,433.3,15.6,233.0
3072,genuine,19.6,19.7,22.0,956.6,20.0,20.6,20.9
2302,genuine,15.7,1184.9,415.1,19.1,15.5,17.8,18.2
3005,genuine,230.5,231.9,233.2,233.1,433.5,16.2,233.5
2675,genuine,35.8,2111.3,17.7,18.9,48.4,84.1,31.6
3967,genuine,14.9,15.6,34.4,70.6,1082.9,16.9,17.9
1260,genuine,227.4,232.7,233.0,232.6,450.7,15.5,233.3
78,impersonator,294.2,94.0,978.7,3.9,220.5,35.3,70.9
2348,genuine,165.0,167.0,166.0,168.0,166.0,165.0,168.0
1885,genuine,17.3,19.5,1391.1,17.6,17.8,18.1,18.2
128,genuine,445.2,32.2,231.1,234.8,231.3,451.0,16.0
1795,genuine,17.9,18.2,18.7,971.7,19.2,21.2,20.1
3938,genuine,20.2,15.2,210.3,207.9,18.1,20.9,16.6
1054,genuine,13.0,433.4,15.6,233.1,233.2,433.6,16.8
581,impersonator,108.0,52.0,135.1,440.2,390.9,3.4,270.1
110,genuine,164.0,169.0,166.0,165.0,167.0,166.0,168.0
1257,genuine,181.0,175.0,152.0,172.0,170.0,170.0,11.0
701,impersonator,41.9,9.2,175.5,1520.6,42.0,33.3,157.7
18,impersonator,604.5,503.3,25.3,472.8,1.0,91.4,73.5
706,impersonator,426.8,1.5,514.5,371.9,1.0,180.2,2.0
2833,genuine,173.0,174.0,172.0,173.0,171.0,175.0,172.0
1541,genuine,173.0,171.0,175.0,173.0,172.0,172.0,172.0
530,impersonator,1078.5,2085.4,2362.2,68.6,2063.8,156.0,1140.5
266,impersonator,250.0,816.7,464.6,83.9,450.0,48.9,248.8
2699,genuine,171.0,172.0,175.0,173.0,172.0,172.0,173.0
1400,genuine,14.1,433.5,13.9,231.5,233.2,233.4,433.1
151,impersonator,2544.1,2500.4,11.2,1375.6,2232.6,2321.3,1232.8
199,impersonator,161.7,9.7,316.4,882.7,134.0,48.4,318.9
691,impersonator,2.0,155.0,109.3,236.0,148.0,28.0,2.0
675,impersonator,247.7,537.1,388.0,2.1,27.5,363.5,2.0
510,impersonator,1182.3,1670.1,2258.5,122.2,1375.5,1290.6,2602.7
44,impersonator,2.0,64.0,443.1,115.8,141.2,151.5,2.0
2970,genuine,172.0,174.0,174.0,172.0,174.0,175.0,173.0
3703,genuine,17.9,18.1,982.7,630.5,27.3,18.5,21.3
1301,genuine,171.0,174.0,173.0,174.0,171.0,173.0,174.0
228,impersonator,2275.6,1147.8,1586.2,1652.6,1134.8,1008.9,1021.7
3334,genuine,15.0,16.6,1379.3,627.2,18.3,15.7,27.1
1685,genuine,1418.8,19.1,22.6,17.4,16.4,18.9,19.2
707,impersonator,15.0,466.9,929.7,247.5,1.1,35.6,16.9
3459,genuine,432.7,229.6,433.4,16.3,233.1,233.4,16.4
423,impersonator,494.9,423.7,14.9,469.6,39.3,152.1,93.9
1016,genuine,165.0,166.0,166.0,167.0,166.0,165.0,166.0
1263,genuine,227.4,233.3,232.6,450.4,14.2,233.7,450.1
393,impersonator,187.6,232.3,86.8,73.5,55.2,102.3,155.2
2506,genuine,331.0,183.0,166.0,167.0,167.0,166.0,182.0
3575,genuine,172.0,172.0,176.0,173.0,174.0,175.0,171.0
742,impersonator,35.0,20.0,757.8,182.1,254.2,278.9,135.5
537,impersonator,130.3,231.1,204.0,664.8,34.3,46.5,209.2
568,impersonator,2.0,431.5,730.8,484.9,33.4,45.3,2.0
1394,genuine,1369.1,18.1,21.1,18.2,17.9,19.8,19.4
1030,genuine,19.3,20.0,557.9,209.4,19.9,20.2,18.5
293,impersonator,28.4,572.2,28.3,93.8,17.5,18.9,72.8
639,impersonator,221.6,233.7,317.5,7.2,24.7,130.5,30.4
231,impersonator,161.2,2250.6,2582.2,1054.3,94.0,1072.6,478.4
345,impersonator,1361.3,1184.9,1822.3,1641.2,958.7,425.9,1797.8
1857,genuine,17.0,14.9,15.4,966.7,419.0,17.2,17.4
1512,genuine,1344.7,18.3,16.6,17.3,17.7,18.3,17.6
555,impersonator,2.0,192.3,49.7,240.7,288.6,155.6,2.1
103,impersonator,126.6,745.9,20.9,171.9,323.7,295.9,332.6
4450,genuine,165.0,167.0,168.0,165.0,169.0,168.0,167.0
309,impersonator,2148.7,1311.7,1201.6,1261.3,2162.0,674.6,1639.5
433,impersonator,291.2,45.0,791.4,492.0,36.6,81.1,35.7
1543,genuine,21.9,14.9,773.0,422.5,16.8,20.7,18.3
3801,genuine,15.6,16.4,1170.1,631.4,14.0,15.8,17.2
876,genuine,172.0,172.0,176.0,173.0,172.0,175.0,172.0
588,impersonator,428.3,1442.7,2448.0,1999.1,165.8,994.3,1010.7
305,impersonator,939.6,1108.3,1277.8,676.3,10.7,619.8,19.5
2597,genuine,165.0,168.0,168.0,165.0,167.0,167.0,168.0
2297,genuine,15.7,68.0,78.7,1051.0,16.0,20.7,1016.3
437,impersonator,289.5,285.7,877.8,175.7,14.9,184.6,166.4
4081,genuine,21.3,46.2,71.0,1258.8,20.2,19.5,21.5
884,genuine,18.1,20.3,19.1,1581.7,18.3,20.8,19.8
490,genuine,169.0,175.0,172.0,173.0,173.0,173.0,173.0
560,impersonator,309.8,381.1,27.0,553.5,149.2,259.9,109.4
2221,genuine,16.0,18.9,744.0,17.7,17.9,18.8,19.3
169,impersonator,1739.3,1323.1,1352.9,704.6,1740.5,910.1,1373.0
339,genuine,170.0,173.0,175.0,174.0,174.0,172.0,172.0
738,impersonator,261.0,172.4,26.7,217.8,410.9,234.6,183.9
822,genuine,170.0,173.0,174.0,172.0,173.0,172.0,174.0
492,genuine,181.0,180.0,153.0,168.0,171.0,11.0,166.0
665,genuine,171.0,174.0,173.0,174.0,173.0,174.0,174.0
471,impersonator,784.3,721.3,1947.9,523.4,712.7,1811.3,1086.2
98,impersonator,2.0,727.0,101.9,348.6,161.3,269.4,268.6
586,impersonator,36.0,94.3,641.5,95.4,1.0,187.1,269.5
3642,genuine,167.0,173.0,169.0,170.0,172.0,172.0,164.0
327,genuine,168.0,171.0,169.0,172.0,171.0,171.0,166.0
2206,genuine,16.1,15.4,1381.2,16.2,15.9,16.8,17.2
139,genuine,18.6,17.6,1384.6,20.2,224.1,19.2,18.3
641,impersonator,168.2,702.1,814.6,17.5,388.4,8.3,310.2
2622,genuine,18.2,968.1,626.4,23.1,22.6,23.1,16.8
648,impersonator,2.0,357.5,201.2,72.1,69.0,21.1,2.0
3666,genuine,164.0,187.0,154.0,170.0,168.0,172.0,168.0
250,genuine,229.6,433.1,15.7,233.0,233.3,233.0,216.1
4438,genuine,15.9,20.1,16.5,16.6,17.2,17.9,57.1
244,impersonator,22.0,13.2,1031.7,484.1,13.8,3.1,28.1
2821,genuine,167.0,172.0,170.0,172.0,173.0,173.0,167.0
3720,genuine,478.1,17.1,33.9,76.0,88.2,87.4,100.0
3546,genuine,14.7,114.1,18.1,20.4,16.7,33.7,79.9
4020,genuine,12.8,234.5,430.2,16.1,233.3,233.1,16.6
417,impersonator,721.4,2440.7,811.7,1983.7,88.8,1886.3,2159.1
2390,genuine,163.2,630.4,16.5,15.9,16.7,16.7,22.7
388,impersonator,83.9,213.6,189.7,46.7,218.9,175.6,113.6
4007,genuine,169.0,172.0,172.0,169.0,171.0,171.0,170.0
1000,genuine,1623.7,16.6,18.4,21.1,16.7,17.2,18.3
2628,genuine,232.0,230.1,15.2,216.5,417.1,233.2,233.2
37,impersonator,140.5,31.4,78.0,194.9,159.7,165.0,25.9
2837,genuine,171.0,172.0,176.0,173.0,173.0,173.0,173.0
148,impersonator,2.0,4.6,454.0,42.8,56.2,42.8,2.0
329,impersonator,2.0,540.8,181.6,488.4,1.0,665.2,225.4
3360,genuine,78.9,45.3,1698.1,20.1,18.8,19.4,21.8
484,impersonator,15.0,1023.8,377.3,2.1,42.1,60.6,77.4
2583,genuine,12.4,16.6,17.7,16.6,37.8,36.5,67.7
615,impersonator,132.6,181.2,190.2,125.3,102.1,74.1,226.1
512,impersonator,224.7,152.9,454.1,202.2,22.7,57.9,173.0
354,impersonator,6.9,71.0,651.3,71.9,318.4,141.0,124.4
43,genuine,445.4,30.3,233.3,231.9,233.2,451.2,15.4
684,impersonator,410.4,1.5,89.3,310.8,171.1,316.9,170.3
447,genuine,164.0,168.0,167.0,168.0,167.0,169.0,166.0
2128,genuine,166.0,172.0,171.0,171.0,173.0,173.0,169.0
270,genuine,173.0,173.0,174.0,176.0,173.0,173.0,174.0
4366,genuine,171.0,174.0,173.0,175.0,174.0,175.0,172.0
572,impersonator,483.4,123.4,126.2,606.4,13.0,134.6,121.3
443,impersonator,2.0,684.6,119.2,632.9,306.5,39.3,116.8
511,genuine,171.0,171.0,173.0,172.0,171.0,174.0,174.0
71,impersonator,35.3,178.1,128.1,139.9,1.0,171.6,192.5
128,impersonator,74.2,417.0,0.0,194.3,145.4,163.6,6.4
467,impersonator,801.1,457.1,913.1,772.0,1701.4,1529.7,520.6
1323,genuine,164.0,187.0,153.0,170.0,168.0,171.0,171.0
489,impersonator,234.5,1.5,464.9,55.3,52.5,1.0,64.9
2871,genuine,13.0,219.9,211.7,199.7,417.0,233.3,233.0
647,impersonator,25.6,371.9,104.2,720.1,13.7,118.8,35.5
4363,genuine,12.9,14.1,216.4,216.5,199.8,216.2,417.1
3557,genuine,172.0,172.0,174.0,174.0,173.0,173.0,173.0
4329,genuine,18.1,19.6,789.4,421.6,20.4,22.2,18.1
1286,genuine,21.1,1370.1,18.7,18.9,18.9,20.3,17.2
4093,genuine,30.1,55.1,59.1,1485.9,20.8,17.0,18.5
426,impersonator,1817.4,1027.7,1476.4,1301.1,355.4,2245.9,1901.1
1987,genuine,16.3,750.8,18.8,16.6,16.7,56.0,96.1
160,impersonator,629.0,1630.0,2454.2,729.3,253.5,1424.5,528.3
429,impersonator,34.8,133.4,471.9,33.9,475.5,131.0,14.5
4383,genuine,169.0,173.0,174.0,173.0,174.0,173.0,174.0
3139,genuine,168.0,167.0,176.0,172.0,172.0,170.0,176.0
329,impersonator,2.0,297.4,150.8,178.6,136.2,266.3,203.3
2950,genuine,166.0,169.0,169.0,167.0,166.0,166.0,168.0
512,genuine,231.0,230.6,232.9,450.2,16.5,449.9,16.1
810,genuine,13.4,234.7,233.0,449.9,15.5,233.6,233.3
2021,genuine,167.0,169.0,168.0,170.0,170.0,171.0,166.0
367,impersonator,291.3,546.0,42.2,263.9,202.8,45.8,425.9
302,impersonator,386.0,1.5,678.6,368.9,443.2,1.0,109.0
464,impersonator,370.9,272.0,0.0,427.1,476.6,1.0,256.1
1679,genuine,15.8,211.9,216.2,199.7,417.0,233.2,433.4
815,genuine,17.1,18.0,36.8,1349.6,17.7,17.6,20.9
424,impersonator,200.7,85.5,189.7,137.8,195.9,456.9,216.6
3309,genuine,164.0,168.0,167.0,166.0,169.0,167.0,167.0
3625,genuine,433.9,11.8,233.1,233.1,433.2,16.7,232.1
639,impersonator,274.1,1.5,524.3,377.9,334.6,319.5,2.0
387,impersonator,4.1,3.4,144.8,713.7,74.5,23.2,63.3
279,genuine,165.0,168.0,169.0,13.0,153.0,333.0,167.0
690,impersonator,2.0,1.8,595.9,150.5,64.7,18.7,2.0
691,impersonator,48.2,100.2,299.1,62.6,271.5,82.4,64.3
2298,genuine,16.0,13.4,1390.7,15.9,16.3,17.4,397.2
2403,genuine,172.0,172.0,174.0,172.0,173.0,173.0,171.0
296,impersonator,116.9,90.0,32.7,178.6,365.2,106.7,55.0
515,impersonator,2020.1,1410.0,636.0,170.3,1624.4,2259.0,2275.3
686,impersonator,67.6,145.1,288.9,81.5,187.2,315.7,327.3
3901,genuine,168.0,169.0,170.0,168.0,169.0,171.0,168.0
3809,genuine,166.0,169.0,170.0,170.0,167.0,169.0,169.0
552,impersonator,220.0,297.7,536.4,351.0,111.6,74.7,133.9
729,impersonator,2.0,103.8,27.9,529.8,486.9,156.9,2.0
3454,genuine,23.0,87.7,76.0,84.1,97.6,194.6,95.9
3827,genuine,166.0,168.0,167.0,16.0,151.0,334.0,167.0
175,impersonator,1420.9,96.9,1909.2,1105.8,688.3,1320.5,1992.6
603,impersonator,464.4,1.5,222.0,79.4,65.1,50.9,203.0
2912,genuine,168.0,172.0,171.0,170.0,170.0,170.0,167.0
237,impersonator,238.2,281.1,165.0,232.3,84.8,149.9,377.1
335,impersonator,145.1,155.0,143.3,128.5,170.1,10.8,148.4
536,impersonator,279.3,190.9,54.9,364.1,61.1,405.5,69.9
43,impersonator,52.5,178.2,180.0,282.2,26.5,267.0,88.0
3274,genuine,13.5,19.1,1156.7,633.4,18.8,16.6,19.1
236,impersonator,528.3,371.2,611.7,134.1,172.1,225.7,64.2
4158,genuine,13.1,16.4,15.9,1404.2,18.0,14.2,17.0
1107,genuine,14.1,65.2,74.8,17.1,64.2,96.0,41.3
171,genuine,166.0,170.0,169.0,168.0,169.0,170.0,169.0
162,impersonator,122.1,423.2,484.8,120.9,250.7,180.7,145.5
684,impersonator,2062.1,1049.0,2060.3,795.5,1545.9,1018.5,2325.6
4293,genuine,169.0,174.0,175.0,172.0,173.0,173.0,175.0
576,impersonator,65.1,1.5,1135.8,135.2,1.0,1.0,86.5
424,impersonator,2.0,414.6,86.5,22.5,95.7,75.1,2.0
233,impersonator,138.2,389.1,0.0,200.5,217.0,166.6,184.5
411,impersonator,2.0,158.9,364.3,274.0,311.8,276.4,586.6
3866,genuine,18.9,18.8,1198.5,15.1,20.5,20.6,20.2
309,genuine,17.0,1371.2,204.6,17.8,19.9,21.1,19.6
1827,genuine,2413.8,23.7,10.3,85.0,52.3,70.1,30.0
225,impersonator,114.6,614.4,738.2,8.1,93.5,4.2,764.5
59,impersonator,652.8,304.3,220.7,344.8,222.5,349.8,332.2
101,impersonator,389.6,45.3,314.7,743.1,83.5,1.0,108.0
1981,genuine,169.0,172.0,169.0,172.0,170.0,172.0,165.0
414,impersonator,117.1,159.4,0.0,43.8,197.4,41.2,42.9
331,impersonator,65.9,1.5,861.2,410.4,1.0,98.4,211.3
1779,genuine,164.0,177.0,152.0,170.0,168.0,170.0,12.0
242,impersonator,637.9,252.4,239.0,281.1,164.7,137.4,568.3
478,impersonator,11.4,54.8,317.4,422.6,171.0,274.3,449.1
111,genuine,171.0,171.0,174.0,174.0,174.0,173.0,172.0
1539,genuine,792.8,14.0,18.4,18.4,17.8,46.1,31.2
573,impersonator,218.1,376.7,30.6,376.0,297.3,125.2,455.4
1758,genuine,15.8,430.3,14.4,233.0,16.3,216.5,200.0
361,impersonator,75.3,810.1,596.7,82.8,92.5,38.6,139.2
154,impersonator,95.9,244.2,110.1,3.9,105.5,171.5,102.2
1538,genuine,167.0,186.0,11.0,150.0,334.0,182.0,167.0
11,impersonator,2.0,242.9,320.4,243.5,475.8,184.6,2.0
488,impersonator,20.0,1.5,295.1,287.9,160.4,1.0,56.7
970,genuine,166.0,186.0,157.0,172.0,170.0,168.0,171.0
712,impersonator,43.0,2.7,795.7,435.1,518.6,223.9,85.3
208,impersonator,510.7,331.8,348.3,128.3,359.7,1.0,285.0
1188,genuine,16.5,3.4,17.0,418.9,215.4,216.7,199.7
410,impersonator,395.1,667.0,32.9,78.5,446.7,393.2,56.8
730,impersonator,302.6,195.2,213.4,146.0,245.5,143.9,291.1
665,impersonator,2266.7,68.3,1994.1,380.3,2007.6,1386.5,1354.0
472,impersonator,146.7,124.6,478.7,55.3,23.8,589.3,97.2
612,impersonator,417.5,14.6,315.6,637.7,1.0,61.4,52.2
2441,genuine,15.1,17.0,17.6,17.7,956.9,17.8,18.7
419,impersonator,324.3,456.4,6.6,59.5,146.4,130.0,126.0
4173,genuine,23.4,1616.8,23.4,16.2,629.4,20.3,16.5
263,impersonator,2.0,127.5,19.1,45.1,69.1,43.8,2.0
3504,genuine,165.0,167.0,169.0,167.0,168.0,169.0,169.0
262,genuine,20.6,22.6,19.6,21.1,951.4,20.2,20.7
198,genuine,214.1,415.6,232.9,232.3,434.3,15.5,234.1
2288,genuine,165.0,168.0,167.0,169.0,167.0,167.0,167.0
721,genuine,169.0,171.0,172.0,172.0,173.0,175.0,171.0
2220,genuine,169.0,173.0,176.0,173.0,174.0,175.0,175.0
3923,genuine,167.0,167.0,169.0,166.0,168.0,165.0,168.0
3876,genuine,165.0,171.0,170.0,174.0,170.0,173.0,164.0
830,genuine,167.0,171.0,171.0,170.0,172.0,170.0,166.0
3962,genuine,17.4,20.8,1578.9,17.6,21.2,20.8,20.9
683,impersonator,120.8,101.0,398.7,46.0,1.0,134.3,139.5
3882,genuine,15.6,15.0,131.2,17.2,1034.2,838.4,16.4
2018,genuine,165.0,169.0,165.0,166.0,168.0,166.0,167.0
452,impersonator,364.3,147.3,229.1,107.8,453.2,177.8,95.8
4468,genuine,170.0,173.0,176.0,173.0,174.0,174.0,174.0
193,impersonator,190.7,183.3,618.4,262.9,160.9,136.6,471.1
790,genuine,164.0,179.0,152.0,172.0,168.0,12.0,167.0
431,genuine,226.8,233.2,15.5,216.5,216.2,417.8,448.7
525,impersonator,2386.0,1210.2,687.9,1526.0,641.5,2095.5,1617.6
275,impersonator,94.3,368.7,352.8,2.1,196.4,1.0,90.0
205,impersonator,206.6,425.0,288.9,368.7,74.0,179.9,95.4
89,impersonator,2.0,214.6,31.1,250.2,4.1,153.4,2.0
3084,genuine,169.0,173.0,170.0,171.0,170.0,172.0,167.0
3258,genuine,16.1,20.1,1161.2,633.2,20.9,17.7,18.8
1617,genuine,166.0,169.0,169.0,11.0,157.0,331.0,168.0
4352,genuine,163.0,179.0,160.0,170.0,168.0,171.0,170.0
614,impersonator,66.6,326.4,216.6,154.2,17.6,78.5,114.2
106,genuine,165.0,168.0,167.0,167.0,166.0,167.0,168.0
32,impersonator,108.7,60.5,476.4,476.8,200.7,43.1,249.4
229,impersonator,345.3,1047.4,1504.7,829.6,227.5,429.4,5.2
1226,genuine,163.0,168.0,168.0,166.0,167.0,168.0,168.0
1039,genuine,433.5,32.6,31.5,200.0,216.0,200.3,633.8
2522,genuine,18.7,978.2,205.0,16.1,18.1,18.5,18.6
193,impersonator,148.3,363.6,755.1,2.1,69.7,105.7,352.2
2413,genuine,15.5,216.1,413.4,233.1,233.1,433.3,16.5
551,impersonator,28.8,100.6,378.1,150.9,74.7,271.8,147.1
3574,genuine,41.8,585.3,16.8,17.1,2077.1,20.1,17.1
513,genuine,11.9,13.8,15.8,16.7,17.2,16.4,16.1
1725,genuine,10.0,173.0,324.0,172.0,170.0,169.0,170.0
316,impersonator,346.0,91.3,475.0,166.4,53.2,37.9,205.3
703,impersonator,763.6,213.4,186.4,83.3,74.4,327.3,164.9
524,impersonator,2.0,25.0,1625.4,140.5,82.0,157.4,2.0
1822,genuine,229.4,233.1,433.2,16.7,233.0,233.4,433.1
163,impersonator,55.4,96.7,243.8,116.3,29.7,49.1,81.0
229,impersonator,51.9,167.0,93.9,170.1,1.0,1.0,2.0
306,impersonator,112.1,232.9,508.1,606.8,83.8,309.0,263.6
2677,genuine,16.7,34.9,63.4,549.5,17.8,17.0,67.1
3704,genuine,15.1,18.1,20.7,17.3,951.4,838.8,19.9
1178,genuine,211.9,416.7,233.1,232.9,216.7,233.3,233.1
1964,genuine,166.0,168.0,171.0,172.0,167.0,169.0,169.0
1339,genuine,163.0,167.0,167.0,165.0,165.0,165.0,166.0
477,impersonator,26.7,1.5,226.1,2.1,275.6,203.5,285.9
397,impersonator,9.3,29.8,79.9,43.4,27.6,37.7,8.9
301,genuine,16.0,18.5,1171.5,631.2,22.1,20.4,19.9
489,impersonator,662.6,364.5,2492.4,1528.5,610.2,2091.2,899.5
695,impersonator,2.0,34.3,97.4,363.4,59.6,149.0,2.0
663,impersonator,2.0,155.2,201.5,96.0,50.8,111.1,2.0
501,impersonator,54.0,765.8,317.7,109.0,283.3,305.3,21.9
544,impersonator,239.5,582.7,189.3,41.1,187.8,518.7,170.5
2642,genuine,21.6,4.9,427.3,433.7,16.9,232.7,433.0
305,impersonator,2.0,12.5,982.4,801.6,88.8,11.0,2.0
89,impersonator,1562.4,251.5,2562.5,1248.5,1887.3,766.2,1649.4
310,genuine,164.0,168.0,168.0,168.0,167.0,166.0,168.0
2783,genuine,171.0,171.0,176.0,173.0,174.0,173.0,173.0
331,impersonator,580.5,504.6,1778.5,852.1,1038.7,371.1,260.0
1322,genuine,412.9,230.8,450.1,32.2,451.0,16.0,232.3
3708,genuine,230.1,232.4,16.3,216.3,634.2,15.3,15.9
3734,genuine,18.9,22.3,1359.1,204.5,20.5,20.3,21.7
645,impersonator,2.0,49.6,187.0,395.6,92.9,39.2,2.0
71,impersonator,281.7,88.1,294.9,55.2,139.6,84.4,21.5
347,impersonator,731.1,1937.5,829.7,1275.4,2118.2,499.3,1885.3
723,impersonator,99.0,666.1,454.8,2.1,71.8,762.3,249.8
324,impersonator,503.8,1008.5,415.3,2.1,42.1,1.0,191.8
660,impersonator,2293.2,1230.1,1198.8,323.9,2146.6,2030.9,723.6
2965,genuine,17.2,20.1,979.9,411.8,21.2,21.0,21.6
2392,genuine,17.3,17.2,25.2,14.9,976.3,16.9,20.3
1588,genuine,428.8,16.4,232.3,233.3,433.4,16.7,233.0
438,impersonator,387.1,2457.5,262.1,1110.1,1730.7,2207.1,371.1
599,impersonator,2.0,199.0,237.3,19.7,63.1,192.7,2.0
692,impersonator,161.2,205.4,111.9,48.6,115.1,1.0,113.5
500,impersonator,243.6,197.0,967.6,134.0,213.6,212.5,74.0
238,impersonator,161.2,1.5,213.0,276.3,1.0,198.4,28.1
1243,genuine,209.2,232.2,433.5,17.0,233.1,233.1,433.3
3644,genuine,172.0,173.0,176.0,173.0,173.0,175.0,172.0
150,genuine,165.0,168.0,167.0,168.0,168.0,166.0,165.0
734,impersonator,42.1,4.7,209.6,556.7,292.7,63.4,20.6
664,genuine,227.4,14.5,216.3,216.6,417.3,232.7,451.4
233,impersonator,136.7,142.5,116.6,390.7,410.7,255.4,184.9
2430,genuine,431.4,15.8,232.7,233.3,433.5,16.5,233.2
3216,genuine,165.0,167.0,166.0,169.0,169.0,168.0,167.0
189,impersonator,2.0,174.9,358.0,32.0,64.5,187.5,2.0
915,genuine,181.0,173.0,157.0,168.0,168.0,168.0,14.0
659,impersonator,1474.5,1170.9,1690.3,393.2,1716.1,1619.0,2499.7
4356,genuine,229.5,447.1,32.6,231.7,233.8,450.1,15.4
3878,genuine,171.0,171.0,176.0,173.0,173.0,173.0,172.0
226,impersonator,142.7,303.5,325.7,138.8,184.2,102.3,114.3
2320,genuine,166.0,172.0,168.0,173.0,173.0,172.0,165.0
259,impersonator,2.0,805.3,225.3,363.4,300.6,348.3,186.3
509,impersonator,504.6,196.7,527.6,63.1,261.0,384.4,221.2
4090,genuine,179.0,169.0,158.0,170.0,168.0,183.0,167.0
4009,genuine,164.0,179.0,156.0,172.0,169.0,170.0,168.0
644,impersonator,855.8,627.9,2129.4,831.0,295.8,1413.9,117.9
344,impersonator,296.3,345.5,480.0,371.1,299.6,1.0,2.0
1966,genuine,169.0,171.0,169.0,173.0,171.0,170.0,164.0
75,genuine,232.2,230.6,433.3,16.4,233.4,16.2,216.6
598,impersonator,9.0,310.6,1111.6,465.1,104.3,1.0,219.1
1401,genuine,11.9,431.7,11.5,233.3,16.2,216.5,200.0
644,impersonator,126.8,70.2,606.0,487.5,71.5,1.0,268.4
667,impersonator,476.6,273.7,589.2,110.4,81.4,197.9,61.7
2416,genuine,227.1,232.8,232.9,450.7,16.1,449.6,15.5
2801,genuine,16.5,1174.3,630.5,15.3,16.4,17.0,17.0
3532,genuine,166.0,172.0,168.0,170.0,172.0,172.0,168.0
310,impersonator,2.0,402.8,1019.1,148.6,177.9,50.5,162.1
416,impersonator,2.0,174.1,49.4,847.6,51.9,393.8,2.0
749,impersonator,2141.5,2524.8,1903.4,1657.3,250.6,664.6,1322.5
580,impersonator,98.0,150.5,1039.4,214.2,166.1,57.5,208.7
182,impersonator,67.3,202.9,0.0,18.0,243.5,162.8,238.1
686,impersonator,2.0,57.0,110.5,189.8,12.9,197.5,2.0
4042,genuine,18.5,600.1,420.2,16.1,19.6,19.2,22.5
380,impersonator,4.1,396.0,103.1,502.1,141.5,44.3,135.4
97,impersonator,1108.7,2521.2,1705.0,1217.9,2224.1,1151.0,1813.5
140,impersonator,341.2,1.5,332.4,2.1,170.7,323.7,64.8
3249,genuine,18.1,29.3,91.4,535.1,17.7,19.2,17.0
574,impersonator,104.2,319.7,14.5,289.1,146.7,191.7,261.5
564,impersonator,1039.4,34.8,1706.6,2136.2,762.7,2066.3,1002.7
2408,genuine,16.2,17.2,975.1,417.1,20.6,17.2,19.2
3211,genuine,230.3,232.3,232.9,233.4,233.6,233.1,233.3
2668,genuine,1213.4,17.8,17.6,18.1,18.3,2271.2,17.9
749,impersonator,21.5,263.5,19.8,12.3,71.9,77.1,10.1
986,genuine,235.5,227.1,433.4,16.6,16.2,216.4,199.5
2082,genuine,17.9,17.5,35.4,1966.0,21.4,20.7,21.9
187,impersonator,506.0,247.3,0.0,2.1,31.3,402.5,202.1
728,impersonator,470.6,2386.1,1355.4,2016.0,1113.4,1828.4,1999.3
259,impersonator,423.1,60.0,11.5,327.9,43.8,250.5,138.6
2424,genuine,171.0,172.0,174.0,172.0,174.0,172.0,173.0
101,genuine,17.2,10.7,215.2,216.3,216.6,199.8,417.1
55,impersonator,3.1,194.4,148.6,409.7,32.8,8.6,77.8
139,impersonator,1870.3,1620.0,2494.5,445.4,999.1,1733.6,1435.6
1486,genuine,225.6,234.3,233.2,232.3,449.6,16.6,232.9
594,genuine,431.9,21.4,8.2,216.3,216.3,216.6,416.8
332,impersonator,179.5,108.8,0.0,763.3,1.0,150.9,207.0
542,impersonator,190.1,86.7,69.6,41.3,151.1,137.3,113.4
1901,genuine,227.3,233.0,233.1,449.6,15.5,450.8,14.7
1258,genuine,164.0,187.0,153.0,171.0,170.0,172.0,169.0
529,impersonator,2.0,368.0,27.6,420.8,104.9,245.6,2.0
679,genuine,173.0,176.0,176.0,4.0,170.0,11.0,335.0
2158,genuine,8.0,322.0,333.0,167.0,165.0,168.0,166.0
301,impersonator,2.0,138.2,208.8,15.3,67.3,206.5,2.0
102,impersonator,249.0,635.1,192.9,2.1,418.8,153.2,462.0
299,impersonator,2.0,37.1,149.0,245.0,24.6,5.7,2.0
522,impersonator,102.1,104.9,208.2,2.7,84.2,21.3,41.3
1205,genuine,227.6,233.8,450.9,29.0,233.0,233.7,232.9
499,impersonator,2.0,72.2,344.2,69.9,4.8,240.9,2.0
2109,genuine,170.0,174.0,173.0,175.0,172.0,172.0,173.0
1175,genuine,164.0,168.0,167.0,14.0,151.0,330.0,167.0
2257,genuine,15.6,18.3,1368.5,424.2,16.9,19.8,19.4
4131,genuine,192.3,418.7,15.2,233.4,199.9,216.6,415.8
501,impersonator,161.7,1.5,3.5,283.6,461.3,222.8,71.7
4142,genuine,164.0,175.0,153.0,172.0,169.0,170.0,11.0
94,impersonator,270.3,356.9,0.0,92.7,415.0,1.0,186.7
510,impersonator,357.9,890.9,107.1,195.3,111.6,264.8,14.7
948,genuine,164.0,169.0,166.0,166.0,168.0,169.0,167.0
663,impersonator,2041.5,1266.6,1688.5,999.3,1508.5,606.1,1484.7
87,impersonator,346.5,59.9,188.0,446.6,421.3,263.3,501.9
577,impersonator,2.0,73.8,154.0,307.5,135.1,38.7,2.0
4243,genuine,413.9,231.1,434.4,15.0,433.1,15.7,233.5
2968,genuine,16.5,78.2,55.6,27.6,63.4,136.6,64.0
668,impersonator,872.4,1413.8,782.7,2064.3,1735.4,872.7,1200.4
525,impersonator,47.6,425.9,34.6,166.2,420.9,73.6,146.2
735,impersonator,31.1,266.7,160.2,57.3,25.7,252.8,143.2
4044,genuine,163.0,166.0,167.0,166.0,166.0,164.0,167.0
2073,genuine,18.2,18.5,542.9,629.0,20.5,18.4,19.7
632,impersonator,2.0,43.0,17.8,288.4,265.0,113.8,2.0
567,impersonator,2.0,138.1,570.1,521.0,74.8,1.0,269.7
833,genuine,167.0,167.0,167.0,167.0,165.0,169.0,166.0
253,impersonator,517.4,1.5,87.7,245.3,1.0,211.1,205.8
741,impersonator,171.8,180.2,171.1,414.4,1.0,140.0,156.7
337,impersonator,787.1,2448.5,1702.8,673.9,1446.9,974.3,1500.3
1312,genuine,14.3,16.8,18.3,18.8,758.2,627.8,17.8
286,impersonator,837.3,2270.9,1518.7,692.8,1941.8,2176.0,1842.7
312,genuine,230.3,16.6,216.2,199.9,417.0,433.3,16.6
3339,genuine,412.3,31.0,232.6,233.1,233.1,450.7,14.8
549,impersonator,36.3,45.1,422.7,24.4,65.3,50.3,79.3
2410,genuine,168.0,174.0,176.0,174.0,172.0,174.0,172.0
93,impersonator,2.0,1.5,343.5,161.5,21.5,213.6,199.5
38,impersonator,2.0,236.7,196.6,30.6,62.3,105.6,2.0
463,impersonator,72.7,489.3,2.2,174.0,1063.1,89.6,141.3
1565,genuine,20.1,18.8,1580.2,17.6,21.0,20.1,20.4
215,impersonator,2.0,24.4,106.2,248.5,81.6,183.5,2.0
4159,genuine,16.4,781.6,422.7,15.4,19.1,18.8,18.1
3218,genuine,44.4,1555.4,19.2,16.5,16.2,16.6,17.1
110,impersonator,1133.7,1927.9,2389.8,237.1,1969.3,2105.1,1782.0
403,impersonator,2.0,51.1,437.2,58.9,145.0,155.8,2.0
3409,genuine,225.8,16.3,215.9,417.3,232.9,450.0,15.0
4248,genuine,163.0,167.0,169.0,167.0,166.0,166.0,164.0
146,impersonator,178.9,73.8,286.1,439.8,37.8,80.2,45.2
1909,genuine,13.5,17.0,17.2,975.1,17.0,16.6,20.0
1611,genuine,115.8,96.1,139.1,2.1,42.1,31.5,139.9
84,impersonator,58.4,119.8,44.8,343.8,437.2,154.7,78.8
1381,genuine,431.3,28.3,232.5,233.0,234.1,450.3,15.1
467,impersonator,301.4,375.4,574.3,334.7,54.9,96.6,338.7
485,impersonator,2.0,22.0,168.8,485.4,41.6,153.9,2.0
186,impersonator,447.0,2126.4,402.5,1078.6,522.5,1382.9,2456.6
407,genuine,163.0,177.0,155.0,171.0,168.0,12.0,166.0
149,impersonator,2516.8,2122.3,1284.6,991.9,2232.9,1543.3,1970.1
4151,genuine,164.0,167.0,168.0,14.0,155.0,333.0,169.0
570,impersonator,182.3,87.4,153.2,273.9,160.7,1.0,89.3
1677,genuine,163.0,180.0,154.0,170.0,169.0,11.0,166.0
583,impersonator,147.0,177.7,185.8,240.1,51.9,232.9,146.5
663,impersonator,30.9,135.6,172.0,112.4,180.9,202.5,155.7
32,impersonator,82.6,530.1,0.0,470.5,1.0,1.0,162.6
655,impersonator,265.0,1158.4,1665.8,2115.4,469.0,15.7,278.0
150,impersonator,2.0,273.4,32.0,556.1,71.7,80.3,2.0
1546,genuine,19.0,19.3,770.8,208.4,21.2,17.3,608.5
1335,genuine,1847.1,18.6,16.8,20.2,19.1,20.4,22.2
385,impersonator,2541.3,1835.6,639.5,332.6,1451.3,2368.9,2089.2
20,impersonator,644.0,603.4,350.3,12.4,412.5,242.7,153.3
511,impersonator,2.0,98.1,127.9,641.0,239.5,76.0,2.0
255,genuine,34.2,79.0,2004.5,15.5,16.3,17.8,15.3
3794,genuine,431.3,14.8,232.9,232.2,433.4,16.6,433.2
125,impersonator,2.0,77.6,326.1,247.3,65.6,33.9,2.0
2919,genuine,169.0,170.0,170.0,171.0,173.0,170.0,167.0
243,impersonator,917.2,1654.6,1125.8,1248.2,438.6,1070.2,1288.3
2941,genuine,15.7,14.5,17.6,16.4,1595.7,15.6,18.2
743,impersonator,503.2,185.9,52.9,190.1,283.8,589.1,455.1
1801,genuine,157.0,334.0,166.0,166.0,4.0,164.0,4.0
604,impersonator,47.1,214.2,6.9,62.9,385.1,22.1,132.6
511,impersonator,268.3,164.7,0.0,175.3,211.7,201.0,28.9
584,impersonator,283.3,1.5,95.6,888.5,239.8,456.0,101.4
617,impersonator,488.3,115.5,1392.5,1208.6,76.9,350.8,411.8
662,genuine,171.0,168.0,168.0,172.0,171.0,170.0,165.0
379,impersonator,181.5,226.8,978.4,8.6,246.4,139.1,8.6
3881,genuine,15.4,48.7,977.9,17.2,16.2,16.6,17.6
3919,genuine,14.1,1592.7,15.9,17.7,18.0,20.4,17.1
335,genuine,169.0,171.0,169.0,171.0,171.0,172.0,166.0
551,genuine,167.0,171.0,167.0,173.0,173.0,170.0,166.0
3333,genuine,16.0,19.3,1450.0,23.4,16.8,21.1,19.3
2376,genuine,166.0,188.0,154.0,170.0,170.0,171.0,169.0
3911,genuine,229.6,232.4,16.4,216.3,199.9,433.1,16.4
210,impersonator,2289.0,73.8,2089.4,1832.9,165.6,2063.9,896.3
1716,genuine,169.0,174.0,173.0,172.0,173.0,172.0,173.0
38,impersonator,1433.6,998.4,821.6,1966.4,1821.1,1714.9,1726.5
505,impersonator,522.5,412.9,0.0,484.7,372.2,417.5,527.2
437,impersonator,18.8,19.8,156.9,235.8,22.7,79.7,153.4
125,impersonator,1630.6,1261.4,1980.9,971.4,341.0,335.6,1170.3
314,impersonator,156.6,163.5,200.9,174.3,146.3,212.8,16.1
3899,genuine,82.9,94.5,161.1,95.9,31.4,159.5,96.7
1249,genuine,17.2,1392.0,20.1,19.4,20.5,19.7,21.0
271,impersonator,49.4,220.4,346.9,123.5,136.7,18.6,75.0
4236,genuine,165.0,180.0,150.0,170.0,168.0,169.0,170.0
1880,genuine,228.6,232.8,433.4,16.8,433.4,16.3,233.1
1097,genuine,16.8,17.5,782.3,422.4,15.6,18.4,18.4
625,impersonator,139.0,85.4,305.9,112.8,142.9,16.0,155.6
476,impersonator,195.6,186.0,323.2,256.8,188.7,208.9,176.5
281,impersonator,91.6,366.6,314.6,258.3,237.6,309.5,82.5
2918,genuine,18.8,18.8,17.5,780.8,17.6,20.6,21.3
572,impersonator,2.0,611.3,618.7,2.1,3.6,294.7,111.6
179,impersonator,273.8,64.0,274.1,526.1,1.0,156.9,29.4
1841,genuine,87.2,76.8,84.9,62.2,1743.6,17.1,17.7
91,genuine,154.0,334.0,166.0,166.0,168.0,167.0,168.0
526,impersonator,167.2,448.2,7.2,83.6,141.8,63.1,416.4
907,genuine,172.0,172.0,176.0,171.0,173.0,173.0,173.0
156,impersonator,272.6,708.6,117.5,21.0,95.3,619.9,126.9
680,impersonator,187.5,59.0,666.7,660.8,1.0,30.6,26.8
1628,genuine,167.0,168.0,168.0,169.0,167.0,168.0,168.0
102,genuine,165.0,186.0,154.0,170.0,171.0,172.0,169.0
1866,genuine,20.9,16.6,320.4,1485.5,19.1,20.5,20.5
1193,genuine,164.0,187.0,152.0,172.0,170.0,170.0,170.0
1884,genuine,164.0,168.0,167.0,166.0,167.0,166.0,167.0
426,impersonator,490.8,54.5,205.4,133.9,208.9,142.0,76.3
1416,genuine,19.1,16.8,57.1,568.3,17.1,20.4,59.5
690,impersonator,2.0,427.1,1076.9,757.7,2.4,1.0,2.0
2326,genuine,164.0,170.0,159.0,170.0,169.0,170.0,11.0
2144,genuine,167.0,187.0,157.0,169.0,170.0,11.0,166.0
2233,genuine,228.1,450.0,32.3,31.8,198.8,216.5,216.4
2704,genuine,19.1,17.4,1772.4,21.8,17.6,19.7,19.3
208,genuine,12.5,235.7,232.7,232.3,434.6,15.3,233.7
39,impersonator,2.0,296.5,192.9,511.7,43.2,42.3,2.0
553,impersonator,295.7,468.5,637.2,2.1,473.3,206.9,101.2
31,impersonator,234.3,102.9,272.0,717.5,429.8,125.2,137.1
320,impersonator,300.3,83.7,398.2,132.1,249.8,202.0,260.2
293,impersonator,127.9,1.5,869.2,121.4,342.0,32.5,462.6
1007,genuine,163.0,166.0,167.0,168.0,166.0,165.0,166.0
19,genuine,17.1,19.0,17.6,963.3,18.5,19.1,19.2
3198,genuine,430.5,15.6,232.9,233.2,233.2,433.4,16.9
612,impersonator,575.9,597.1,2545.7,250.4,1297.9,1139.4,1092.4
1316,genuine,182.0,170.0,157.0,171.0,169.0,14.0,166.0
54,genuine,229.3,433.1,15.7,233.1,233.3,433.4,16.5
607,impersonator,10.4,409.2,260.1,96.7,193.5,14.0,110.4
3577,genuine,13.8,225.4,234.7,231.8,451.4,14.8,232.6
705,impersonator,2.0,201.8,506.9,216.9,656.0,108.6,2.0
2295,genuine,165.0,188.0,1.0,170.0,13.0,317.0,333.0
684,impersonator,111.4,146.6,240.5,8.0,255.6,170.9,181.2
4491,genuine,163.0,178.0,159.0,170.0,170.0,170.0,170.0
1873,genuine,7.9,76.9,96.2,116.4,25.9,161.3,95.8
4211,genuine,165.0,167.0,166.0,16.0,151.0,332.0,166.0
2313,genuine,163.0,166.0,168.0,166.0,166.0,166.0,166.0
1537,genuine,428.3,16.3,233.0,233.3,433.4,16.9,232.8
155,genuine,181.0,173.0,156.0,169.0,169.0,168.0,14.0
3185,genuine,17.4,21.4,966.5,421.7,16.4,19.2,19.5
223,impersonator,1559.9,1145.7,1032.0,954.5,1136.8,1272.9,1002.6
750,genuine,168.0,171.0,170.0,173.0,172.0,171.0,164.0
134,impersonator,108.2,12.0,330.4,164.8,106.0,335.9,29.0
722,impersonator,29.6,1893.7,138.4,58.7,179.0,297.7,476.1
2130,genuine,219.2,410.6,233.2,233.3,16.3,216.5,417.0
2170,genuine,165.0,170.0,168.0,168.0,168.0,167.0,168.0
2199,genuine,6.0,159.0,332.0,166.0,165.0,168.0,167.0
484,genuine,172.0,174.0,174.0,173.0,175.0,173.0,171.0
2037,genuine,171.0,172.0,175.0,172.0,175.0,171.0,172.0
325,impersonator,149.9,18.3,925.6,527.0,87.7,295.1,166.3
2662,genuine,170.0,173.0,175.0,172.0,174.0,174.0,173.0
1350,genuine,18.0,60.2,246.0,16.5,64.8,87.9,38.6
2482,genuine,20.0,16.3,974.1,422.5,15.2,19.7,17.4
414,impersonator,2.0,15.5,45.4,1069.3,181.5,71.6,2.0
704,impersonator,2.0,59.4,227.8,61.4,8.2,417.2,2.0
148,impersonator,81.2,7.0,182.6,283.2,7.1,37.8,93.7
1345,genuine,165.0,168.0,167.0,167.0,168.0,169.0,168.0
16,impersonator,97.8,54.8,537.0,667.8,326.2,581.6,297.6
71,impersonator,2.0,304.9,238.5,844.1,348.7,142.0,2.0
346,impersonator,260.9,60.5,353.2,286.6,85.6,297.8,144.6
404,impersonator,2.0,51.8,166.9,320.5,109.0,29.8,2.0
2737,genuine,164.0,182.0,158.0,173.0,5.0,166.0,350.0
1146,genuine,13.6,218.0,210.7,199.9,416.5,233.3,233.5
463,impersonator,56.1,439.1,79.1,109.8,905.4,208.9,451.3
358,impersonator,43.8,548.1,476.7,2106.8,1447.0,607.3,638.7
193,genuine,165.0,187.0,154.0,172.0,172.0,170.0,169.0
297,impersonator,235.7,41.0,218.1,200.9,211.0,174.5,382.6
4134,genuine,828.9,19.1,18.8,1864.0,19.7,19.6,19.1
468,impersonator,532.6,590.5,131.3,2.1,128.8,103.3,506.5
640,genuine,170.0,175.0,175.0,174.0,172.0,172.0,173.0
546,impersonator,235.7,161.1,230.8,849.5,172.4,543.1,71.4
562,impersonator,218.7,95.1,44.6,33.3,291.4,111.8,30.9
2698,genuine,14.4,23.5,217.1,198.8,216.6,216.5,618.3
716,impersonator,258.4,398.6,355.7,54.9,480.3,343.6,228.3
1076,genuine,20.0,22.9,1576.3,18.2,23.3,20.0,21.2
190,impersonator,134.3,591.5,378.7,87.7,19.1,420.7,142.0
3869,genuine,404.5,207.3,19.6,20.5,21.9,19.3,20.4
4079,genuine,16.3,18.3,41.3,1560.0,21.2,16.2,19.5
21,impersonator,246.6,1.5,239.9,75.7,408.3,273.3,202.0
420,impersonator,2.0,265.0,262.0,429.9,154.3,312.5,409.3
3880,genuine,11.0,175.0,325.0,170.0,170.0,170.0,171.0
4435,genuine,166.0,168.0,168.0,168.0,166.0,168.0,168.0
374,impersonator,2.0,36.0,472.4,391.0,254.7,90.1,2.0
2363,genuine,164.0,168.0,169.0,167.0,167.0,167.0,169.0
483,impersonator,42.9,1.5,174.7,353.6,179.8,240.8,216.9
303,impersonator,1559.5,1674.9,1803.8,65.0,816.2,1942.4,1177.8
585,impersonator,312.9,1.5,0.0,347.2,159.7,432.9,302.5
293,genuine,167.0,191.0,154.0,172.0,171.0,171.0,8.0
462,impersonator,984.5,505.2,829.3,1320.8,2042.8,433.5,174.7
1676,genuine,163.0,169.0,167.0,168.0,169.0,168.0,169.0
2765,genuine,14.0,229.7,432.3,16.5,231.7,233.2,433.4
709,impersonator,129.4,1.5,127.4,128.5,132.0,1.0,182.7
747,impersonator,400.5,469.7,1219.9,301.5,1.0,15.4,2.0
2238,genuine,20.7,3.7,427.8,232.6,433.6,16.5,233.0
742,impersonator,1360.4,1599.2,762.0,1951.7,341.9,93.3,540.4
574,impersonator,199.9,120.7,30.9,196.6,256.0,169.0,173.9
521,impersonator,177.2,9.0,404.9,75.8,43.9,44.8,44.8
122,impersonator,45.6,414.7,412.6,24.4,184.9,152.9,38.3
184,genuine,169.0,171.0,169.0,171.0,171.0,171.0,167.0
3423,genuine,165.0,178.0,155.0,170.0,170.0,10.0,166.0
1664,genuine,14.3,1183.0,628.4,17.2,16.4,18.7,17.2
264,impersonator,2370.7,1329.5,596.9,1316.4,1674.6,2018.4,1806.9
1661,genuine,166.0,170.0,170.0,168.0,170.0,169.0,169.0
1154,genuine,168.0,174.0,165.0,171.0,171.0,170.0,166.0
159,impersonator,157.4,112.1,924.6,78.5,8.2,78.3,83.7
3767,genuine,214.3,197.5,216.4,216.6,199.9,416.8,234.2
186,impersonator,479.4,303.2,185.5,84.4,212.4,107.2,7.5
407,impersonator,143.6,193.7,346.6,165.1,246.2,173.1,178.7
528,impersonator,100.7,308.7,394.5,178.2,90.7,88.0,75.4
2582,genuine,184.0,12.0,149.0,334.0,183.0,167.0,167.0
637,impersonator,192.0,56.7,406.3,116.0,623.9,24.4,361.1
75,impersonator,2.0,1.5,447.1,507.5,33.1,157.9,32.7
1227,genuine,165.0,187.0,157.0,169.0,171.0,170.0,170.0
588,impersonator,28.3,168.2,467.5,160.3,164.2,18.8,24.8
974,genuine,166.0,167.0,169.0,167.0,168.0,168.0,167.0
447,impersonator,181.6,296.4,284.4,284.1,62.9,140.9,8.2
141,impersonator,2.0,133.9,118.9,802.6,663.5,315.0,2.0
322,impersonator,276.4,490.0,0.0,2.1,224.2,156.9,57.5
3588,genuine,10.6,1644.7,16.9,15.0,16.6,16.7,16.3
267,impersonator,2.0,62.6,302.1,52.0,20.9,150.4,2.0
202,impersonator,2.0,160.0,461.5,352.8,186.0,167.2,64.6
3406,genuine,1568.3,18.4,17.9,18.2,18.0,19.4,16.8
335,impersonator,195.5,1.5,540.7,208.4,256.2,168.0,95.2
538,impersonator,1021.0,853.9,865.3,1320.5,1915.8,1207.5,268.4
459,impersonator,281.4,173.5,197.9,51.5,92.0,294.2,164.5
3982,genuine,219.1,193.6,215.5,216.7,199.5,417.2,16.3
458,impersonator,89.4,73.5,653.8,177.0,126.8,112.7,194.6
582,impersonator,237.9,496.7,174.3,2.1,334.0,5.5,159.3
543,impersonator,61.1,543.7,120.3,146.3,1.0,21.1,2.0
604,impersonator,454.8,1.5,12.3,139.3,144.5,218.9,115.8
454,impersonator,2.0,1.5,613.5,504.2,18.0,1.0,2.0
1228,genuine,60.5,2483.8,34.6,20.1,56.5,84.5,58.6
1968,genuine,167.0,167.0,168.0,166.0,167.0,169.0,168.0
552,impersonator,455.2,613.4,1427.2,1180.3,1042.6,1283.0,1097.0
434,genuine,165.0,168.0,169.0,166.0,165.0,168.0,167.0
535,impersonator,230.5,578.6,20.5,155.1,207.8,157.1,95.5
363,impersonator,133.2,1663.0,221.4,1723.0,123.2,919.6,89.9
527,impersonator,630.4,980.2,2647.7,27.4,1991.5,797.5,969.5
357,impersonator,97.8,366.9,444.9,59.6,283.2,233.7,52.3
416,impersonator,1641.6,570.6,1822.8,39.5,1881.0,1348.9,578.1
2136,genuine,170.0,173.0,173.0,173.0,174.0,173.0,173.0
2113,genuine,12.4,17.7,399.3,209.2,17.3,17.5,17.8
3792,genuine,19.5,21.0,787.0,207.7,19.1,17.3,18.5
207,impersonator,453.1,173.8,967.9,39.5,3.3,101.6,56.1
3678,genuine,12.5,233.5,231.5,433.3,16.6,233.1,233.3
2914,genuine,13.7,979.9,630.1,19.1,14.4,17.3,17.7
375,impersonator,1093.5,1756.7,113.5,1704.3,251.3,1581.7,1615.9
17,impersonator,85.7,97.0,84.9,608.1,262.6,13.0,182.5
2316,genuine,18.2,19.7,1394.5,15.7,19.0,18.5,18.9
528,impersonator,2.0,53.9,138.3,328.3,87.0,41.0,2.0
625,impersonator,750.0,694.4,2191.2,1270.8,1149.8,1289.6,1469.8
157,impersonator,218.4,187.0,177.9,174.9,22.8,136.4,75.2
2099,genuine,164.0,169.0,167.0,166.0,164.0,167.0,166.0
205,genuine,167.0,170.0,170.0,167.0,169.0,169.0,170.0
1682,genuine,16.4,18.1,985.9,420.0,18.2,20.6,20.4
266,impersonator,378.4,7.8,0.0,187.5,171.1,1.0,295.9
362,impersonator,2.0,47.0,8.3,155.2,203.5,91.6,2.0
524,impersonator,2.0,500.2,545.0,61.8,1.0,305.6,299.0
72,impersonator,35.3,47.3,40.6,275.3,22.4,20.5,93.9
26,impersonator,39.7,671.0,295.7,814.8,13.2,53.2,22.8
163,impersonator,31.8,151.4,476.6,587.1,144.8,78.8,171.6
2395,genuine,170.0,172.0,174.0,171.0,172.0,173.0,172.0
2656,genuine,18.5,20.1,1791.4,225.7,22.5,19.4,20.5
3193,genuine,171.0,190.0,160.0,174.0,172.0,173.0,172.0
254,impersonator,2.0,185.6,1012.6,2.1,1.0,20.9,193.6
734,impersonator,503.3,703.3,1655.9,2039.1,252.7,716.0,1614.2
465,impersonator,2.0,94.2,46.6,175.3,137.1,218.2,2.0
3695,genuine,173.0,173.0,176.0,172.0,174.0,172.0,173.0
2291,genuine,630.9,16.6,16.8,17.9,17.0,17.4,54.2
138,impersonator,85.6,28.6,533.3,251.9,544.4,120.6,29.9
89,genuine,172.0,173.0,175.0,174.0,173.0,173.0,172.0
527,impersonator,444.1,386.5,98.1,431.4,3.4,95.2,74.4
644,genuine,13.0,173.0,323.0,170.0,170.0,12.0,166.0
356,impersonator,4.1,12.2,42.7,192.8,116.7,189.9,26.1
646,impersonator,68.0,452.2,0.0,2.1,173.1,1.0,20.3
2225,genuine,164.0,178.0,155.0,170.0,168.0,11.0,167.0
823,genuine,181.0,181.0,146.0,172.0,1.0,186.0,13.0
80,impersonator,2.0,196.9,553.8,246.4,115.8,135.8,2.0
56,impersonator,354.3,743.4,130.1,194.7,435.1,501.0,432.9
312,impersonator,300.7,1.5,75.0,651.6,180.7,59.4,201.6
739,impersonator,2.0,70.5,465.6,268.5,148.4,23.3,2.0
3165,genuine,17.3,15.1,16.8,15.9,776.9,17.1,16.7
722,impersonator,617.7,160.2,208.4,68.7,68.8,850.8,427.3
366,impersonator,2.0,575.3,55.8,7.3,345.2,186.5,2.0
1365,genuine,15.7,1194.1,18.6,19.1,17.1,18.4,18.4
707,genuine,18.9,17.3,18.3,1397.8,19.4,19.3,19.6
4239,genuine,18.8,19.3,47.5,914.0,18.2,20.3,20.3
785,genuine,414.9,14.4,215.4,216.5,416.8,433.4,16.8
2050,genuine,169.0,173.0,174.0,172.0,173.0,174.0,172.0
2680,genuine,165.0,169.0,168.0,168.0,167.0,168.0,167.0
2469,genuine,61.2,1498.5,15.8,19.1,19.9,1193.5,19.0
710,impersonator,2.0,294.0,206.5,55.3,15.3,11.5,2.0
2156,genuine,413.3,15.8,216.4,199.7,216.5,417.1,232.9
2862,genuine,17.0,16.3,16.5,16.5,1401.0,16.3,18.7
178,genuine,15.6,17.9,134.7,18.5,65.1,32.1,86.3
33,impersonator,328.2,665.3,0.0,491.4,503.0,52.9,180.5
4267,genuine,231.0,429.9,17.1,233.3,233.4,416.6,16.4
412,genuine,789.0,205.1,16.0,17.1,17.5,17.3,17.7
180,impersonator,1014.8,241.6,44.3,48.2,38.2,133.7,415.2
416,genuine,167.0,169.0,170.0,170.0,168.0,171.0,167.0
3415,genuine,15.8,18.3,1173.0,631.5,17.5,16.1,16.5
252,impersonator,188.1,58.8,126.6,16.6,242.7,44.9,143.1
140,impersonator,2.0,310.7,76.4,337.7,142.7,270.0,2.0
286,impersonator,2.0,148.5,13.0,76.9,303.3,172.1,2.0
714,impersonator,308.8,243.9,194.5,368.7,119.6,167.7,2.0
3248,genuine,14.3,15.9,1197.8,15.7,17.0,16.5,16.8
4460,genuine,229.1,449.7,32.7,232.0,233.6,449.6,15.8
3401,genuine,164.0,168.0,166.0,167.0,166.0,10.0,158.0
2398,genuine,169.0,173.0,175.0,171.0,174.0,173.0,173.0
718,impersonator,350.0,450.2,113.6,154.2,91.3,128.8,301.4
740,genuine,163.0,177.0,156.0,169.0,169.0,13.0,166.0
73,genuine,15.0,16.0,807.7,18.5,18.3,18.6,17.1
454,impersonator,2.0,49.7,413.1,453.9,50.0,16.4,2.0
337,genuine,163.0,167.0,166.0,167.0,167.0,166.0,169.0
111,impersonator,2.0,34.9,76.0,95.0,26.2,330.2,2.0
2208,genuine,159.0,336.0,168.0,165.0,17.0,149.0,332.0
2360,genuine,430.4,16.5,233.0,233.1,433.4,16.1,233.5
1988,genuine,170.0,171.0,169.0,172.0,171.0,172.0,169.0
668,impersonator,125.5,143.1,56.4,176.3,17.3,95.0,38.0
250,impersonator,39.8,153.0,353.9,625.6,292.3,32.9,163.0
522,impersonator,929.6,2364.3,2593.1,1078.2,624.3,1673.1,1783.5
164,impersonator,140.9,306.3,611.4,465.7,143.5,13.9,208.9
1492,genuine,164.0,175.0,156.0,170.0,169.0,13.0,166.0
2202,genuine,1201.5,16.7,17.9,18.1,18.0,17.6,17.7
3963,genuine,230.4,235.9,449.5,15.2,233.9,233.5,450.2
62,impersonator,2.0,274.7,13.3,112.5,225.6,71.5,2.0
241,impersonator,392.9,706.8,0.0,2.1,1.0,240.4,2.0
483,impersonator,215.5,632.3,261.4,25.3,79.2,269.5,192.5
141,impersonator,468.4,1267.0,42.2,72.9,163.0,212.2,48.0
195,impersonator,118.2,505.2,2456.7,907.7,543.2,267.3,1308.0
580,impersonator,2.0,116.4,767.8,110.1,118.4,1.0,184.2
2978,genuine,171.0,173.0,173.0,171.0,172.0,173.0,171.0
94,impersonator,1530.1,2088.7,687.4,585.2,612.5,2307.3,1898.0
3159,genuine,13.1,232.5,233.2,232.7,433.3,16.8,232.9
453,impersonator,4.3,57.3,991.0,132.3,26.4,52.7,150.8
2356,genuine,21.6,760.9,14.8,401.4,16.0,16.8,16.1
3049,genuine,171.0,174.0,173.0,174.0,175.0,172.0,174.0
631,genuine,229.9,232.9,235.7,215.9,233.5,234.2,449.8
2191,genuine,18.1,20.5,217.5,216.1,199.0,216.1,618.5
359,impersonator,73.8,627.4,39.1,223.5,502.0,420.7,232.4
1896,genuine,163.0,168.0,168.0,166.0,168.0,169.0,165.0
66,impersonator,26.1,87.3,639.8,483.7,548.5,1.0,62.6
1080,genuine,196.6,215.6,417.2,433.4,15.2,234.2,232.6
251,impersonator,2.0,113.1,59.0,195.5,72.6,78.2,2.0
228,impersonator,91.2,13.0,132.3,167.1,169.9,221.9,123.3
302,impersonator,2.0,53.3,6.0,1083.7,119.2,62.0,2.0
2035,genuine,170.0,170.0,167.0,170.0,171.0,169.0,166.0
1166,genuine,164.0,185.0,158.0,169.0,169.0,169.0,169.0
697,impersonator,2.0,14.8,99.6,670.3,209.0,6.1,2.0
1438,genuine,164.0,168.0,167.0,8.0,158.0,333.0,167.0
3003,genuine,14.3,232.3,231.2,231.9,216.9,234.1,232.8
3627,genuine,191.2,217.4,416.8,31.0,200.5,216.6,215.7
1802,genuine,17.5,788.5,424.3,18.7,22.2,21.4,17.1
325,impersonator,711.4,488.3,845.8,751.6,670.3,26.0,243.1
3670,genuine,14.4,16.9,1169.1,16.9,17.2,17.2,18.1
4274,genuine,12.8,231.9,233.2,433.4,16.0,233.4,233.2
94,impersonator,1027.1,209.1,164.5,196.1,173.0,220.2,174.2
4023,genuine,226.5,232.6,451.0,31.5,233.2,451.0,14.5
484,impersonator,551.3,762.6,139.3,2098.9,1431.4,1765.0,873.1
80,impersonator,189.4,189.8,129.2,309.1,188.2,159.6,23.5
628,impersonator,1856.7,1013.5,579.1,847.3,59.4,1793.0,724.2
4124,genuine,167.0,186.0,157.0,170.0,168.0,169.0,168.0
2246,genuine,167.0,169.0,167.0,166.0,167.0,168.0,167.0
3613,genuine,1577.5,23.8,16.4,431.7,19.9,18.4,19.8
81,genuine,167.0,187.0,156.0,170.0,169.0,17.0,166.0
4277,genuine,19.4,17.7,209.4,206.9,19.0,18.9,18.2
877,genuine,169.0,172.0,170.0,171.0,173.0,171.0,167.0
12,impersonator,2.0,41.1,557.3,317.0,54.5,197.7,2.0
535,impersonator,2.0,133.9,155.8,364.4,304.1,169.1,2.0
1340,genuine,16.6,13.1,217.0,212.9,199.8,216.5,417.0
614,impersonator,154.9,347.2,555.6,195.1,46.2,173.0,261.1
4369,genuine,171.0,174.0,175.0,173.0,174.0,173.0,173.0
3387,genuine,33.0,1802.1,16.6,20.5,20.1,20.1,19.9
4496,genuine,168.0,167.0,171.0,170.0,169.0,170.0,169.0
759,genuine,35.3,1761.3,23.9,14.1,17.2,17.2,16.6
2218,genuine,170.0,173.0,176.0,174.0,175.0,174.0,174.0
443,impersonator,2.0,5.4,653.1,108.0,570.4,37.2,2.0
1356,genuine,20.3,17.3,552.3,208.0,20.5,16.7,17.8
167,impersonator,66.2,246.9,1280.4,202.1,22.3,22.2,50.6
3721,genuine,168.0,171.0,171.0,171.0,170.0,170.0,167.0
95,impersonator,2.0,1.7,491.5,462.6,47.0,11.2,2.0
3094,genuine,167.0,172.0,171.0,173.0,169.0,170.0,166.0
1598,genuine,18.9,17.6,973.3,639.3,21.9,19.2,20.0
588,impersonator,131.8,1.5,172.8,193.4,43.8,1.0,126.1
2093,genuine,229.3,232.5,432.1,16.5,233.2,233.3,233.1
691,impersonator,104.6,347.2,210.1,264.2,254.8,127.5,69.5
2515,genuine,19.5,40.7,17.0,537.8,17.9,17.9,18.6
3178,genuine,15.4,18.4,980.9,628.3,20.5,16.8,21.4
550,impersonator,49.6,64.3,349.2,57.7,32.6,315.5,210.2
120,impersonator,2.0,148.2,565.3,94.9,212.9,101.5,2.0
689,impersonator,2.0,412.1,136.9,132.0,45.0,29.4,2.0
322,impersonator,281.7,1.5,103.6,275.4,432.5,249.5,499.4
1466,genuine,166.0,171.0,169.0,173.0,172.0,172.0,166.0
140,impersonator,253.6,397.1,344.2,93.2,126.1,201.9,57.4
319,genuine,165.0,170.0,165.0,167.0,168.0,166.0,167.0
4280,genuine,172.0,173.0,174.0,172.0,172.0,174.0,174.0
848,genuine,22.2,20.2,211.4,216.1,199.5,416.6,434.1
473,impersonator,2.0,403.4,302.2,595.6,20.9,328.2,78.3
455,impersonator,2.0,392.2,532.6,211.4,1.0,1.0,2.0
524,impersonator,82.3,140.2,52.1,1174.4,21.1,235.3,44.4
1443,genuine,171.0,174.0,174.0,173.0,172.0,174.0,176.0
580,impersonator,65.2,216.1,179.8,494.3,27.4,12.3,20.2
2028,genuine,168.0,173.0,175.0,174.0,173.0,174.0,173.0
435,impersonator,83.6,1352.0,0.0,233.9,74.4,132.3,177.7
3983,genuine,1398.6,21.8,18.0,18.1,19.0,18.8,19.2
393,impersonator,185.9,310.4,91.8,112.1,31.8,71.1,300.3
4471,genuine,17.5,21.5,963.2,420.3,17.3,415.0,16.6
2792,genuine,26.9,227.4,432.4,16.7,233.0,233.1,433.5
135,impersonator,276.4,279.0,105.1,114.4,284.4,86.1,158.6
0,impersonator,2.0,312.1,58.0,41.1,311.6,114.0,2.0
801,genuine,166.0,169.0,166.0,166.0,166.0,165.0,168.0
341,impersonator,1448.8,2323.1,74.6,470.4,2272.4,1257.9,665.6
749,impersonator,2.0,16.7,30.3,832.4,57.7,56.5,2.0
731,impersonator,278.3,212.5,212.1,190.9,177.1,416.5,385.3
201,impersonator,23.6,5.1,203.9,423.0,119.8,10.7,161.0
3470,genuine,226.1,233.9,32.6,199.1,416.8,232.9,233.3
4306,genuine,16.7,18.4,783.3,421.4,15.7,18.2,17.8
58,impersonator,602.5,286.0,0.0,27.7,468.8,530.4,605.0
2512,genuine,170.0,172.0,175.0,173.0,175.0,171.0,173.0
4161,genuine,163.0,166.0,167.0,169.0,165.0,170.0,167.0
459,impersonator,130.2,259.1,153.3,93.1,195.8,158.5,246.8
374,genuine,164.0,169.0,167.0,168.0,167.0,165.0,166.0
616,impersonator,34.9,9.6,130.0,356.7,13.4,14.9,5.0
694,impersonator,436.1,386.6,13.9,364.6,191.1,34.4,130.1
728,impersonator,202.2,29.9,108.0,448.9,154.0,104.0,439.8
3527,genuine,228.5,232.3,452.6,29.1,233.5,233.3,433.4
415,impersonator,212.1,507.5,97.2,215.3,310.8,324.5,203.7
135,impersonator,168.4,1.5,3.1,124.4,504.9,175.6,92.5
1026,genuine,165.0,167.0,167.0,166.0,166.0,166.0,168.0
424,impersonator,2400.9,1477.6,1518.1,1110.4,1710.5,1998.1,1859.0
4437,genuine,165.0,173.0,168.0,171.0,173.0,173.0,166.0
533,impersonator,326.0,291.0,2074.8,1892.5,6.3,1354.5,687.0
471,impersonator,209.2,168.9,389.4,100.9,68.2,47.0,55.7
1506,genuine,14.6,23.0,218.1,199.6,215.8,418.4,232.2
3168,genuine,163.0,179.0,157.0,171.0,170.0,170.0,171.0
417,impersonator,2.0,397.5,110.9,2.1,625.6,1.0,2.0
372,genuine,163.0,168.0,167.0,165.0,167.0,169.0,168.0
720,impersonator,796.6,1998.3,1130.9,34.5,1777.1,1662.9,909.5
336,impersonator,68.0,349.2,653.1,78.2,62.3,386.7,170.3
355,impersonator,2042.4,2177.0,2467.8,1230.6,415.7,1468.1,1381.4
664,impersonator,613.5,2456.5,1667.3,916.4,957.3,605.0,1312.2
119,impersonator,119.0,10.7,81.5,661.6,29.1,208.2,7.7
333,impersonator,194.8,348.0,344.7,118.3,162.3,300.4,61.7
485,impersonator,34.2,160.2,91.5,120.2,133.0,1.0,56.8
3306,genuine,167.0,188.0,157.0,172.0,171.0,170.0,170.0
4208,genuine,12.6,432.8,12.4,233.2,233.3,233.4,16.1
537,impersonator,26.9,38.9,596.6,191.3,60.4,30.9,312.7
292,impersonator,2.0,1.5,51.4,820.2,384.2,1.0,74.1
1325,genuine,164.0,183.0,167.0,166.0,166.0,167.0,183.0
498,impersonator,2408.2,1172.8,1111.4,247.3,2092.5,2374.6,367.3
3859,genuine,166.0,186.0,158.0,172.0,168.0,173.0,168.0
1579,genuine,171.0,175.0,174.0,175.0,173.0,172.0,174.0
4192,genuine,230.6,452.4,31.4,233.7,232.4,452.3,14.7
495,impersonator,411.9,21.1,7.4,113.7,273.6,141.6,31.3
3250,genuine,18.9,13.5,416.9,218.3,17.0,17.0,16.8
384,impersonator,2.0,1.5,849.8,211.2,43.9,183.1,2.0
2637,genuine,1159.0,18.8,18.5,20.1,20.1,15.8,18.4
596,impersonator,3.3,653.8,55.8,259.9,48.9,14.8,45.0
3737,genuine,15.0,231.7,229.6,433.4,16.7,233.0,232.9
4295,genuine,170.0,173.0,177.0,172.0,173.0,172.0,171.0
129,genuine,166.0,168.0,170.0,169.0,167.0,171.0,168.0
2561,genuine,213.8,213.6,417.0,233.0,433.5,16.6,233.0
2119,genuine,196.3,215.0,418.1,232.2,16.3,216.4,419.4
1635,genuine,394.1,231.9,233.3,450.2,15.3,233.0,233.9
81,impersonator,891.0,827.8,582.4,1884.1,1860.9,1726.4,356.5
451,impersonator,2.0,85.2,471.6,42.0,18.7,133.0,2.0
517,impersonator,79.0,172.0,215.1,21.7,30.5,120.4,234.0
1584,genuine,17.1,18.9,16.7,18.6,18.8,1772.5,17.8
151,impersonator,394.2,883.1,1.1,266.4,264.8,325.8,635.2
244,impersonator,2.0,71.6,510.8,225.9,4.7,28.3,2.0
323,impersonator,59.0,1141.2,126.5,265.9,112.9,342.2,378.0
370,genuine,807.9,202.9,18.9,21.0,20.9,20.8,19.0
634,impersonator,2.0,158.6,114.2,157.9,145.1,63.2,2.0
2504,genuine,165.0,167.0,169.0,166.0,169.0,168.0,169.0
119,impersonator,163.6,6.7,759.2,235.5,232.5,292.0,52.6
2116,genuine,14.6,2110.8,23.3,18.5,16.2,17.1,20.9
483,impersonator,129.3,30.2,84.6,537.9,295.5,292.9,258.9
3316,genuine,19.7,20.1,948.0,835.5,21.4,21.5,22.7
1820,genuine,22.5,697.4,848.2,19.4,19.8,22.9,17.8
590,impersonator,61.0,25.1,128.0,461.9,22.4,157.6,178.0
881,genuine,999.5,19.6,18.2,18.8,19.0,2248.8,14.2
333,impersonator,111.9,145.7,101.4,174.0,301.7,8.9,224.8
4327,genuine,165.0,178.0,153.0,173.0,169.0,10.0,167.0
377,genuine,165.0,169.0,167.0,166.0,166.0,165.0,168.0
259,impersonator,2.0,9.8,409.8,28.7,381.2,155.7,2.0
2910,genuine,164.0,190.0,154.0,169.0,169.0,171.0,169.0
2007,genuine,166.0,171.0,175.0,170.0,174.0,170.0,337.0
432,genuine,230.2,433.6,16.2,233.4,233.5,16.4,216.3
52,impersonator,154.0,1.5,290.0,182.7,225.6,1.0,442.2
79,impersonator,199.2,573.9,10.3,1148.0,155.4,246.7,253.9
153,impersonator,219.4,1.5,195.5,345.9,1.0,166.3,2.0
207,impersonator,2.0,3.0,166.0,282.8,90.8,324.9,2.0
388,impersonator,145.2,525.5,321.5,146.7,181.6,317.6,38.2
445,impersonator,880.8,52.4,500.3,1545.4,1768.6,540.0,635.3
3483,genuine,164.0,167.0,168.0,167.0,167.0,165.0,165.0
224,impersonator,2.0,1.6,91.1,647.8,170.7,88.2,2.0
1591,genuine,172.0,172.0,174.0,174.0,174.0,173.0,174.0
739,impersonator,146.1,68.4,185.6,451.5,102.2,140.2,32.4
739,impersonator,727.7,1218.4,1099.4,1468.4,165.0,959.1,994.2
4268,genuine,17.5,17.9,973.4,208.7,19.0,19.4,17.5
3727,genuine,18.4,19.5,1593.6,18.8,18.7,20.5,180.2
3863,genuine,18.3,19.9,19.1,1160.2,19.1,21.0,19.4
1876,genuine,164.0,184.0,154.0,171.0,171.0,170.0,168.0
2654,genuine,18.9,39.6,1332.0,17.9,20.8,20.5,17.2
642,impersonator,184.1,177.2,34.5,261.5,845.0,376.0,305.0
814,genuine,13.7,223.4,232.8,232.7,233.2,433.4,16.6
2256,genuine,231.3,446.4,16.9,232.7,233.1,233.5,433.0
4072,genuine,13.0,432.8,16.5,233.2,233.2,233.1,216.7
362,impersonator,254.4,2404.1,1575.9,1986.8,1358.4,2020.7,2117.5
544,impersonator,157.1,589.3,127.8,26.8,404.8,220.4,188.8
4112,genuine,214.5,212.9,199.3,416.9,232.9,417.0,16.6
122,impersonator,1798.4,329.5,1594.7,1772.0,1359.7,1429.9,2560.9
2020,genuine,14.6,18.4,19.0,19.2,945.5,18.2,18.5
4212,genuine,433.0,12.3,233.9,232.3,433.5,16.5,233.1
367,genuine,17.8,18.0,117.6,1258.4,17.6,18.1,19.9
252,impersonator,2.0,81.9,17.8,111.0,276.7,32.6,2.0
522,impersonator,115.1,593.1,163.7,33.2,90.3,32.2,24.5
278,impersonator,571.5,241.8,332.5,219.7,66.9,53.0,108.3
713,impersonator,328.4,764.5,122.3,119.7,143.3,191.5,100.7
3436,genuine,210.3,215.9,417.3,232.8,232.5,449.9,15.6
4256,genuine,164.0,167.0,169.0,167.0,168.0,166.0,167.0
24,genuine,18.8,20.9,1579.9,17.3,20.6,20.1,20.1
506,impersonator,31.6,404.3,155.7,29.2,4.8,10.0,134.5
123,impersonator,227.0,37.9,256.5,358.4,210.9,125.0,189.9
254,impersonator,455.7,1.5,468.4,890.0,1.0,196.3,2.0
117,impersonator,1241.0,2414.4,728.0,1615.1,152.3,525.6,654.1
694,impersonator,2.0,245.9,60.0,41.4,117.9,37.1,2.0
119,impersonator,316.5,1733.5,598.4,2028.5,904.4,67.8,1061.4
2893,genuine,170.0,175.0,174.0,171.0,172.0,174.0,173.0
512,impersonator,259.0,57.1,458.7,110.4,185.6,12.3,90.9
2442,genuine,17.7,17.4,984.4,631.6,21.0,15.9,18.8
31,impersonator,574.8,363.1,793.8,1874.9,1037.2,1690.9,2005.5
239,genuine,171.0,173.0,175.0,173.0,173.0,175.0,172.0
470,impersonator,2.0,161.7,106.3,340.0,104.3,29.8,2.0
378,impersonator,445.8,63.0,388.0,342.9,21.3,18.9,172.6
240,impersonator,16.6,432.9,316.0,582.3,126.2,143.0,171.4
542,genuine,15.8,17.3,1168.7,629.7,21.6,15.6,17.1
197,impersonator,287.6,522.4,224.0,38.4,91.1,420.0,270.6
2725,genuine,163.0,169.0,168.0,167.0,168.0,165.0,166.0
2454,genuine,170.0,170.0,168.0,171.0,170.0,172.0,166.0
1459,genuine,212.3,216.3,199.9,216.3,417.0,233.2,433.3
514,impersonator,2.0,31.5,319.6,157.6,104.2,17.8,2.0
3867,genuine,172.0,172.0,175.0,171.0,171.0,174.0,173.0
1903,genuine,17.2,20.1,20.5,40.4,1165.1,18.9,19.2
148,impersonator,2.0,101.3,146.5,215.4,1.0,56.3,150.0
362,genuine,168.0,172.0,170.0,172.0,172.0,171.0,167.0
145,impersonator,11.0,158.2,210.3,986.5,1.0,148.5,49.2
364,impersonator,248.0,254.5,78.4,161.4,184.0,361.9,124.1
460,impersonator,55.8,28.8,1002.6,106.4,121.4,102.1,324.3
2086,genuine,1201.5,16.2,19.7,19.1,20.8,16.5,18.7
2988,genuine,328.0,8.0,324.0,334.0,168.0,167.0,168.0
4177,genuine,376.3,20.2,57.6,86.6,44.6,48.3,86.8
500,impersonator,95.0,390.0,520.9,213.9,424.6,99.3,347.8
182,impersonator,177.5,365.5,177.0,8.0,166.6,465.0,67.8
1730,genuine,22.3,15.7,962.4,632.3,21.4,16.4,16.7
566,impersonator,2.0,56.0,269.8,88.0,63.0,23.6,2.0
125,impersonator,2.0,17.5,215.9,515.2,168.9,135.2,158.8
4451,genuine,88.4,2532.9,17.1,16.2,413.0,17.2,16.6
195,impersonator,128.9,1.5,665.4,522.7,1.0,81.8,2.0
3607,genuine,592.0,418.8,17.6,17.3,17.7,17.6,17.5
3984,genuine,164.0,169.0,167.0,168.0,166.0,169.0,167.0
3347,genuine,165.0,168.0,167.0,8.0,160.0,331.0,166.0
282,impersonator,275.3,64.9,279.5,318.6,229.7,143.2,147.9
2083,genuine,18.1,21.4,1569.4,16.7,21.0,20.4,22.3
545,impersonator,480.4,2086.4,2110.7,747.4,1088.3,543.8,1093.0
2845,genuine,164.0,186.0,156.0,171.0,170.0,171.0,169.0
36,impersonator,340.8,334.9,19.9,422.7,335.6,120.5,237.3
536,impersonator,98.3,26.1,326.9,56.0,87.2,501.0,214.3
150,impersonator,260.8,76.0,302.6,118.3,212.1,1.0,122.6
3004,genuine,88.7,217.1,23.2,23.8,124.7,23.2,2543.1
289,impersonator,2128.1,143.7,49.6,291.8,190.6,42.5,188.5
1181,genuine,31.1,453.0,44.1,251.7,248.4,470.9,45.8
479,impersonator,15.2,373.2,0.0,284.4,273.6,185.2,2.0
3599,genuine,166.0,168.0,167.0,14.0,155.0,334.0,164.0
245,impersonator,77.0,168.2,343.0,2.1,203.7,121.6,4.1
278,impersonator,321.1,401.9,458.0,317.7,66.5,139.3,2.0
1333,genuine,2158.7,17.4,15.3,17.6,18.4,586.8,16.9
617,impersonator,44.9,102.3,958.0,649.0,181.2,67.7,115.7
16,impersonator,23.9,128.9,1225.2,409.0,613.4,200.9,234.2
737,impersonator,204.5,276.4,1588.6,1966.3,695.1,1881.0,286.6
703,impersonator,708.4,2659.5,624.3,35.8,1805.3,941.4,1614.1
483,impersonator,1934.4,992.2,1274.1,1989.1,1784.1,1035.7,1404.1
1229,genuine,15.9,1231.5,19.2,15.9,17.9,18.3,17.4
685,impersonator,82.2,98.1,1639.2,2.1,192.5,185.8,176.5
2780,genuine,164.0,178.0,153.0,173.0,169.0,172.0,170.0
100,impersonator,76.1,107.4,427.5,830.3,176.2,225.2,409.9
2746,genuine,212.8,199.6,216.5,216.5,417.2,15.7,216.6
396,impersonator,2.0,697.0,592.1,491.4,185.3,98.8,367.3
1534,genuine,14.0,13.6,228.6,216.0,199.8,215.6,199.6
169,impersonator,246.6,38.2,329.5,282.1,116.6,299.8,265.9
3946,genuine,165.0,188.0,155.0,170.0,168.0,1.0,187.0
446,impersonator,41.9,116.0,60.0,33.8,13.4,178.5,79.0
3492,genuine,16.6,21.5,17.9,760.1,22.0,18.9,20.6
2305,genuine,17.0,21.0,44.2,57.6,30.1,96.0,31.8
960,genuine,230.4,451.8,32.2,233.1,233.4,451.0,15.8
3313,genuine,16.8,21.1,789.8,420.4,17.7,432.6,21.0
1164,genuine,164.0,168.0,167.0,166.0,166.0,166.0,168.0
4467,genuine,20.6,13.7,15.6,754.7,845.1,17.0,16.4
1306,genuine,167.0,188.0,2.0,170.0,13.0,317.0,333.0
2993,genuine,13.8,12.1,228.2,199.4,218.5,215.4,200.7
459,impersonator,2.0,146.1,60.6,89.9,200.3,229.5,2.0
137,impersonator,70.3,152.1,1255.0,197.5,1.3,21.2,192.7
1575,genuine,165.0,168.0,167.0,13.0,154.0,336.0,166.0
3742,genuine,216.7,195.4,216.6,416.3,233.1,433.3,16.8
330,impersonator,2.0,313.1,505.1,405.1,5.6,48.3,2.0
3834,genuine,188.0,6.0,150.0,350.0,167.0,167.0,166.0
2548,genuine,165.0,185.0,155.0,171.0,169.0,167.0,171.0
514,impersonator,2.0,241.7,414.4,283.8,297.8,98.9,2.0
1858,genuine,166.0,169.0,170.0,168.0,170.0,170.0,168.0
4354,genuine,165.0,185.0,156.0,172.0,169.0,170.0,10.0
3835,genuine,165.0,191.0,154.0,170.0,170.0,12.0,167.0
769,genuine,2115.4,219.9,18.2,17.7,17.8,25.7,49.6
2061,genuine,173.0,173.0,174.0,174.0,173.0,173.0,172.0
29,impersonator,8.3,328.1,179.6,62.4,407.5,338.6,201.1
114,impersonator,2033.2,1390.3,2561.0,1034.4,1641.0,284.8,1077.3
3940,genuine,166.0,168.0,167.0,167.0,167.0,168.0,166.0
592,impersonator,1661.4,691.0,1852.4,2030.2,1872.0,784.6,479.2
3344,genuine,164.0,165.0,167.0,165.0,168.0,166.0,167.0
4210,genuine,606.6,403.0,15.3,18.1,20.1,16.6,17.8
662,impersonator,2.0,338.5,45.4,405.8,49.7,55.9,2.0
1594,genuine,16.4,16.3,970.2,630.9,18.1,15.7,18.1
957,genuine,228.8,233.0,233.2,233.2,232.9,433.1,17.0
2973,genuine,19.8,19.6,19.6,1156.5,21.5,23.1,26.0
2289,genuine,167.0,171.0,168.0,170.0,171.0,173.0,166.0
100,impersonator,2.0,313.5,0.0,462.5,1.0,18.2,450.7
748,impersonator,469.6,390.1,3.9,180.9,218.9,128.3,98.3
3818,genuine,173.0,171.0,172.0,173.0,174.0,174.0,172.0
275,impersonator,227.0,1.5,243.1,1227.4,185.7,124.8,52.5
421,impersonator,1586.0,789.6,1780.9,509.5,470.9,908.6,1419.7
56,genuine,169.0,170.0,171.0,172.0,172.0,172.0,163.0
3300,genuine,181.0,177.0,155.0,170.0,169.0,13.0,166.0
1435,genuine,170.0,174.0,173.0,173.0,174.0,171.0,174.0
3958,genuine,15.4,1001.2,609.5,18.7,16.3,18.6,843.0
31,impersonator,171.3,40.5,621.0,1053.6,195.8,160.1,191.0
425,impersonator,130.7,667.9,23.7,6.8,247.4,614.8,93.7
1057,genuine,20.7,39.1,740.3,834.2,21.0,21.2,22.9
549,impersonator,113.2,278.7,232.0,193.4,60.8,68.3,45.6
4251,genuine,15.7,234.1,227.5,233.3,432.9,16.1,234.0
0,impersonator,367.8,401.7,0.0,2.1,276.9,259.6,2.0
229,impersonator,86.2,114.6,1265.9,103.8,23.7,14.1,278.7
5,impersonator,340.0,316.4,190.1,83.1,23.0,77.0,215.8
612,impersonator,92.5,176.6,1114.1,5.8,18.4,52.5,145.8
60,genuine,15.9,1382.9,410.9,17.8,16.7,18.1,18.2
173,impersonator,2050.0,1324.9,2351.3,31.9,114.3,1668.9,2248.2
378,impersonator,79.2,152.0,267.3,199.9,1.0,1.0,213.5
35,genuine,170.0,175.0,174.0,174.0,174.0,172.0,173.0
362,impersonator,374.6,280.1,631.6,2.1,512.5,122.2,2.0
3494,genuine,17.6,19.7,1390.9,19.6,17.4,18.8,18.7
565,impersonator,38.6,691.7,80.4,371.0,187.3,373.5,314.6
496,impersonator,2.0,19.3,159.9,784.5,5.4,37.3,2.0
704,impersonator,205.3,115.5,261.8,125.4,34.2,417.0,551.2
656,impersonator,176.2,93.9,370.5,274.3,224.9,430.7,132.7
4454,genuine,14.5,362.2,631.0,16.7,19.8,16.6,17.3
719,impersonator,13.2,128.6,80.4,423.3,1.0,42.2,63.0
52,impersonator,2365.7,314.2,1437.7,1236.8,153.8,1382.9,1134.2
370,impersonator,45.4,324.1,374.9,152.9,88.9,207.3,2.0
304,impersonator,292.2,90.5,136.4,157.5,370.1,284.9,191.2
3782,genuine,16.7,15.6,16.7,16.0,971.7,16.9,17.7
120,impersonator,142.9,162.4,205.4,1333.8,198.0,73.4,176.5
1200,genuine,1438.3,22.0,226.0,18.5,20.5,16.4,16.4
2785,genuine,13.7,232.0,233.2,433.4,16.9,232.9,233.5
194,impersonator,352.9,2278.7,2512.0,484.4,1305.4,1840.9,424.4
4361,genuine,172.0,172.0,176.0,174.0,173.0,172.0,174.0
3257,genuine,22.1,15.7,17.2,15.8,16.7,1138.2,836.8
431,impersonator,2.0,33.8,244.1,1293.6,19.9,196.8,2.0
510,impersonator,2.0,339.4,6.3,276.6,338.3,155.6,2.0
64,impersonator,2032.4,2269.9,215.2,332.5,1694.1,2276.2,1840.6
709,impersonator,55.6,245.8,299.5,105.0,118.4,60.5,39.1
1518,genuine,16.1,18.7,974.1,422.6,15.8,18.6,18.8
653,impersonator,578.7,28.0,1219.2,124.0,18.3,213.8,183.8
734,genuine,16.3,55.3,59.8,119.8,68.2,95.8,28.4
2,impersonator,154.3,1.5,0.0,267.9,236.7,312.1,292.1
2514,genuine,16.7,17.3,19.5,70.1,33.1,72.3,97.7
4432,genuine,61.2,2045.8,15.6,18.6,19.9,20.0,595.9
2596,genuine,31.2,846.7,1691.3,17.3,15.5,17.7,17.4
526,impersonator,196.9,250.0,323.1,336.4,450.3,392.9,19.6
2,impersonator,2.0,321.8,142.0,314.2,133.4,123.2,2.0
4080,genuine,61.5,2451.7,19.3,25.2,63.0,95.9,35.6
4069,genuine,13.8,13.0,346.8,1260.8,16.2,16.7,621.0
887,genuine,179.0,174.0,154.0,171.0,182.0,166.0,167.0
365,impersonator,56.8,44.0,787.7,323.2,73.0,145.6,189.4
366,impersonator,685.7,518.8,23.2,739.6,32.0,410.0,8.6
494,genuine,13.3,235.1,228.8,232.6,434.1,16.3,233.3
580,genuine,170.0,173.0,174.0,173.0,173.0,172.0,175.0
575,impersonator,481.0,1.5,0.0,817.8,1.0,112.3,112.1
4199,genuine,16.7,18.8,978.0,631.5,19.7,17.4,18.4
152,impersonator,2.0,208.9,643.4,2.1,477.0,318.6,2.0
575,impersonator,1997.5,220.4,2625.0,31.7,824.9,1077.3,2310.8
35,impersonator,2.0,13.7,162.3,209.2,127.9,23.3,2.0
349,impersonator,448.3,335.5,591.7,22.3,145.2,1.0,139.7
748,impersonator,1533.8,2461.6,2428.1,466.2,1947.5,2159.1,2307.6
1133,genuine,179.0,174.0,154.0,170.0,170.0,170.0,12.0
212,genuine,227.7,232.5,448.4,32.0,234.1,233.0,450.6
620,impersonator,1930.5,388.8,0.0,133.1,166.0,158.1,665.9
1064,genuine,170.0,173.0,174.0,173.0,175.0,175.0,172.0
3293,genuine,15.1,11.0,228.2,199.5,215.5,416.7,233.3
4171,genuine,16.4,18.2,975.4,428.6,16.9,18.2,18.9
343,impersonator,214.5,1525.2,132.3,213.3,206.4,141.1,238.8
3796,genuine,17.5,16.2,1008.1,22.2,16.4,17.2,18.7
158,impersonator,2.0,87.7,261.0,284.1,239.0,83.6,2.0
407,impersonator,302.1,83.0,3.8,118.3,71.9,262.9,101.1
627,impersonator,67.4,155.8,951.9,152.8,139.2,174.8,182.4
1004,genuine,31.6,43.9,67.4,99.9,14.1,94.2,1806.5
4343,genuine,13.9,18.0,1367.7,631.2,21.3,16.9,19.4
441,impersonator,2.0,456.7,172.3,270.0,27.3,89.6,2.0
4040,genuine,92.4,945.1,18.6,20.4,2291.6,21.8,22.1
324,impersonator,283.3,19.5,60.0,531.5,201.7,17.4,638.0
2159,genuine,19.3,22.3,1787.1,16.8,23.5,18.9,21.2
346,impersonator,2.0,106.2,420.8,33.3,262.6,144.5,2.0
4049,genuine,1199.3,16.9,22.5,20.2,20.8,20.6,21.3
3966,genuine,229.3,232.8,433.4,16.7,232.9,232.9,416.6
15,impersonator,501.9,2621.5,807.8,499.1,2277.0,87.6,1891.6
186,genuine,14.5,15.6,1168.4,418.8,16.4,16.5,17.0
731,impersonator,383.3,110.9,86.7,169.8,490.9,196.3,513.0
2015,genuine,167.0,189.0,154.0,169.0,170.0,171.0,182.0
62,impersonator,289.3,518.1,48.7,164.8,324.8,65.4,243.7
191,impersonator,147.4,178.6,414.8,641.2,184.9,162.1,67.5
3384,genuine,18.2,21.5,951.2,836.4,19.1,20.3,23.9
2056,genuine,12.5,14.5,18.1,1002.5,19.5,15.4,16.9
1631,genuine,166.0,168.0,167.0,167.0,167.0,169.0,168.0
468,impersonator,2.0,388.6,91.2,52.2,115.7,229.5,2.3
460,impersonator,2.0,4.5,1118.3,399.3,48.4,41.2,2.0
671,impersonator,256.5,216.8,116.1,31.8,2087.1,1617.8,264.7
1307,genuine,17.8,18.5,17.0,987.0,19.0,18.4,21.1
25,impersonator,445.5,562.9,2.9,24.9,644.8,327.6,289.0
238,impersonator,2.0,405.9,234.9,427.7,205.6,1.0,142.4
1781,genuine,227.6,231.4,451.7,30.7,230.8,233.9,450.5
2422,genuine,168.0,190.0,154.0,170.0,9.0,167.0,334.0
1655,genuine,18.7,118.0,1468.1,21.8,19.7,20.5,20.7
3153,genuine,169.0,174.0,174.0,173.0,174.0,173.0,173.0
4128,genuine,216.9,195.5,433.4,233.0,433.5,16.2,233.3
278,impersonator,132.6,1666.4,1707.6,578.0,1832.2,1578.2,1069.4
1124,genuine,17.3,16.7,59.7,488.1,1264.0,20.6,19.1
728,impersonator,2.0,57.6,48.7,54.1,211.7,48.7,2.0
445,genuine,228.2,449.5,16.0,14.7,215.9,216.8,216.7
3716,genuine,16.5,19.1,790.6,419.6,17.3,432.0,18.9
2274,genuine,16.9,16.4,1427.5,16.6,16.2,17.2,17.3
60,impersonator,115.8,109.9,19.7,181.6,1.0,1.0,31.3
2503,genuine,607.3,20.5,21.7,22.3,15.9,17.3,19.1
613,impersonator,291.3,919.0,22.7,488.3,215.7,438.8,270.3
722,impersonator,260.3,516.8,0.0,435.0,69.9,680.7,152.7
253,impersonator,5.3,174.2,873.0,68.8,290.1,229.2,157.4
3047,genuine,14.2,19.7,1637.6,15.9,16.2,18.5,20.1
275,impersonator,913.2,361.4,654.3,2066.8,236.1,1935.3,1371.3
1681,genuine,18.6,18.7,19.2,1410.3,17.7,22.3,20.1
410,impersonator,2004.6,2551.6,1093.6,582.4,1520.3,1883.9,2625.0
655,impersonator,2.0,2.3,638.2,423.7,5.4,59.3,2.0
2800,genuine,164.0,177.0,155.0,170.0,170.0,10.0,166.0
3215,genuine,231.6,226.3,450.7,31.6,233.9,233.1,450.5
42,impersonator,368.3,382.5,1563.4,1317.3,514.5,1065.6,764.2
635,impersonator,275.2,104.3,141.8,17.0,435.8,110.4,122.1
2581,genuine,167.0,171.0,171.0,170.0,169.0,169.0,168.0
243,genuine,12.2,1370.5,208.6,17.5,17.0,16.5,17.7
550,impersonator,2.0,63.6,170.6,54.8,69.3,126.3,2.0
4497,genuine,166.0,168.0,167.0,169.0,169.0,168.0,165.0
128,impersonator,1661.8,2324.9,210.4,493.1,694.2,330.3,565.2
80,impersonator,1650.8,783.9,182.6,1316.2,1054.7,1500.5,851.5
3543,genuine,164.0,168.0,168.0,168.0,167.0,168.0,168.0
2633,genuine,171.0,171.0,173.0,173.0,174.0,174.0,173.0
388,impersonator,1697.5,1811.6,1777.8,310.8,514.3,483.3,2274.5
85,impersonator,268.7,63.1,305.9,501.3,90.5,81.2,145.7
2695,genuine,15.7,1.5,15.0,23.1,15.3,1216.6,18.5
734,impersonator,66.8,24.1,365.1,594.1,418.7,99.6,41.2
3549,genuine,165.0,168.0,167.0,168.0,167.0,168.0,167.0
46,impersonator,87.8,124.8,275.6,126.2,59.0,95.2,74.2
73,impersonator,2.0,99.1,343.6,423.4,2.4,136.9,2.0
172,impersonator,538.2,52.7,675.0,2.1,1.0,248.2,449.8
1659,genuine,14.6,18.5,816.1,11.5,228.6,17.3,19.0
210,impersonator,264.6,1.5,257.4,50.4,204.0,29.0,2.0
2333,genuine,20.9,107.6,73.2,54.9,31.8,91.8,76.5
67,impersonator,249.1,140.7,96.9,153.7,54.5,238.8,75.9
476,impersonator,2.0,102.3,309.7,136.7,135.5,76.2,2.0
281,impersonator,74.4,163.5,156.5,111.6,167.6,205.2,31.2
165,impersonator,538.0,197.0,120.1,283.9,444.4,358.0,227.3
1297,genuine,171.0,175.0,176.0,172.0,172.0,174.0,173.0
426,impersonator,381.8,1.5,114.6,51.0,382.8,1.0,217.6
1674,genuine,167.0,174.0,171.0,170.0,171.0,171.0,165.0
253,impersonator,2.0,687.1,98.3,217.6,8.5,72.9,2.0
2352,genuine,163.0,179.0,154.0,172.0,168.0,10.0,167.0
633,impersonator,2.0,62.3,492.7,95.0,146.9,83.1,2.0
3995,genuine,166.0,168.0,172.0,171.0,167.0,170.0,171.0
265,impersonator,383.3,727.4,171.6,143.5,205.1,231.6,504.0
155,impersonator,217.3,1036.7,109.3,677.3,49.4,93.2,272.9
679,impersonator,2.0,33.7,16.6,388.6,269.9,87.4,2.0
611,genuine,17.7,17.6,1804.4,24.7,16.3,17.0,18.8
471,impersonator,321.0,28.1,284.5,345.7,101.7,1.0,137.5
1407,genuine,173.0,172.0,174.0,172.0,173.0,173.0,171.0
2474,genuine,168.0,188.0,153.0,172.0,170.0,10.0,167.0
3232,genuine,44.4,50.1,12.4,92.3,127.6,64.2,97.9
373,genuine,15.6,18.1,635.7,15.1,233.7,432.7,17.6
249,impersonator,491.1,1.5,161.2,308.5,283.3,122.5,249.9
531,impersonator,2.0,394.5,95.6,715.6,95.0,173.8,2.0
3062,genuine,170.0,172.0,175.0,173.0,172.0,174.0,173.0
666,impersonator,527.9,2268.3,36.2,14.0,7.8,340.7,358.3
3752,genuine,225.1,432.6,17.0,232.4,233.3,233.1,433.3
1186,genuine,15.4,1382.6,17.8,20.2,20.2,23.5,16.3
218,impersonator,1681.7,1422.8,609.9,2097.1,1704.1,935.3,1208.0
2127,genuine,181.0,173.0,155.0,171.0,170.0,168.0,12.0
258,impersonator,57.8,199.7,98.3,2.1,16.5,1.0,97.8
236,genuine,22.3,18.2,799.1,21.2,17.4,19.7,19.5
314,impersonator,42.7,251.2,205.1,296.4,197.8,96.2,151.8
1344,genuine,15.8,1169.2,631.7,15.5,18.0,17.8,18.6
72,impersonator,70.4,58.2,472.8,158.7,114.8,53.8,265.6
438,impersonator,610.1,169.1,446.5,46.6,263.6,40.5,394.5
2321,genuine,165.0,166.0,168.0,166.0,165.0,167.0,166.0
337,impersonator,417.8,109.6,156.4,145.5,204.1,181.6,84.7
1218,genuine,228.6,232.7,433.5,16.9,232.7,232.9,233.2
1776,genuine,226.7,233.0,233.0,232.7,233.5,232.8,233.3
1498,genuine,213.4,417.0,232.6,433.7,15.9,233.6,232.4
459,impersonator,407.8,365.8,162.5,151.5,125.5,310.5,131.0
388,impersonator,73.7,277.1,387.7,27.8,174.1,241.6,28.3
237,impersonator,75.5,201.7,142.3,120.7,69.0,99.8,400.2
2391,genuine,2487.9,16.9,19.6,17.1,18.9,74.2,33.8
541,impersonator,2.0,1.5,39.7,230.9,195.3,13.3,248.5
2097,genuine,13.4,432.6,16.5,233.2,16.2,216.4,199.8
575,impersonator,2.0,741.8,134.5,42.7,116.1,23.8,2.0
136,impersonator,244.9,677.2,0.0,214.4,488.8,135.8,123.3
312,impersonator,70.5,443.0,663.3,12.5,104.2,57.0,109.9
390,impersonator,7.7,540.2,30.1,657.3,66.5,9.4,73.6
4206,genuine,172.0,175.0,173.0,172.0,174.0,174.0,176.0
477,impersonator,2.0,168.4,226.9,678.9,306.3,263.3,2.0
81,impersonator,157.1,67.3,64.4,641.7,60.0,50.3,270.7
510,genuine,228.0,233.1,233.1,233.3,433.5,16.6,233.0
1613,genuine,172.0,171.0,177.0,172.0,175.0,173.0,173.0
91,impersonator,2069.4,876.7,2642.0,1069.8,876.2,693.9,1899.3
1623,genuine,167.0,174.0,169.0,172.0,170.0,171.0,165.0
2045,genuine,166.0,173.0,171.0,170.0,171.0,170.0,168.0
704,impersonator,68.4,243.7,14.6,258.3,6.3,323.2,387.7
188,impersonator,578.3,2638.2,382.4,2039.2,213.2,8.5,167.3
3163,genuine,230.1,453.6,231.6,16.1,233.3,450.0,16.0
663,impersonator,134.6,212.9,178.7,308.8,129.4,330.7,181.6
453,impersonator,2.0,85.0,416.6,180.0,10.5,28.4,2.0
212,impersonator,161.5,500.2,365.3,2.1,5.9,159.4,390.9
642,impersonator,146.0,131.6,7.7,297.8,1022.0,331.6,185.9
78,genuine,15.3,20.8,1654.7,16.0,17.9,17.6,17.7
34,impersonator,1145.2,1745.4,1957.8,165.4,1556.3,1628.3,2237.6
2317,genuine,22.3,1696.2,22.7,15.5,422.9,15.7,19.2
2874,genuine,8.0,179.0,319.0,169.0,169.0,12.0,167.0
4409,genuine,165.0,167.0,10.0,158.0,334.0,167.0,166.0
3399,genuine,2115.0,17.6,17.3,17.6,18.3,18.3,18.0
451,impersonator,30.5,53.0,204.7,344.6,28.9,240.0,221.4
3478,genuine,164.0,169.0,167.0,168.0,169.0,167.0,168.0
2386,genuine,169.0,175.0,173.0,172.0,175.0,174.0,172.0
62,impersonator,481.9,145.6,179.6,81.3,156.3,198.7,220.5
363,genuine,165.0,167.0,167.0,15.0,152.0,332.0,168.0
190,impersonator,2.0,103.8,44.6,456.4,25.8,364.3,2.0
1360,genuine,167.0,172.0,168.0,171.0,171.0,173.0,165.0
385,impersonator,511.3,472.8,0.0,77.6,354.0,72.5,519.0
370,impersonator,2.0,90.4,358.2,53.4,112.0,44.0,2.0
630,impersonator,2.0,18.3,91.3,481.9,131.9,3.6,2.0
19,impersonator,2.0,639.8,0.0,2.1,142.4,438.7,429.2
79,genuine,13.9,22.4,418.5,233.2,232.7,449.7,17.0
409,impersonator,117.7,297.8,232.1,227.2,263.5,47.0,369.4
482,impersonator,31.1,86.2,178.2,395.9,373.4,88.5,7.2
285,impersonator,2.0,7.9,235.9,1141.1,10.2,59.2,2.0
324,genuine,167.0,187.0,157.0,172.0,171.0,172.0,171.0
515,impersonator,511.0,470.0,203.7,19.7,267.0,180.8,165.1
1440,genuine,170.0,175.0,176.0,172.0,173.0,175.0,172.0
269,impersonator,191.7,210.7,450.1,507.9,1.0,354.5,114.4
499,impersonator,172.7,69.4,871.9,115.3,1.0,522.3,72.9
1130,genuine,17.7,17.6,968.8,422.1,16.4,18.6,20.7
1510,genuine,13.7,25.7,197.0,216.2,216.7,416.7,433.2
590,impersonator,177.5,16.6,311.9,326.1,217.7,110.1,237.3
3105,genuine,15.6,13.2,215.6,215.3,417.6,232.2,433.3
2593,genuine,16.6,16.9,1359.3,6.6,226.5,17.1,17.7
656,genuine,213.7,199.8,215.7,218.8,216.7,199.6,417.2
3070,genuine,167.0,171.0,167.0,171.0,173.0,171.0,168.0
288,impersonator,2.0,68.0,100.4,232.2,178.1,255.4,2.0
629,impersonator,2.0,14.7,434.1,511.4,101.2,289.4,2.0
1383,genuine,816.9,13.9,16.9,18.3,17.6,88.2,55.9
51,impersonator,113.0,210.7,648.9,2.1,199.0,343.4,237.1
440,impersonator,82.6,203.3,1256.3,2.1,425.1,202.3,152.9
2927,genuine,168.0,172.0,170.0,172.0,171.0,171.0,166.0
1614,genuine,170.0,174.0,174.0,172.0,174.0,174.0,175.0
3356,genuine,169.0,172.0,212.0,139.0,162.0,169.0,167.0
213,genuine,167.0,167.0,169.0,169.0,169.0,168.0,169.0
131,genuine,14.3,22.8,105.2,85.8,10.1,49.8,54.7
3087,genuine,165.0,169.0,166.0,167.0,166.0,166.0,169.0
517,impersonator,1620.5,1477.2,2217.1,1040.1,2000.3,1289.3,1235.9
3467,genuine,162.0,167.0,339.0,12.0,172.0,338.0,21.0
646,impersonator,119.3,797.4,134.8,31.0,5.0,153.2,28.8
448,genuine,15.9,17.7,1407.9,16.3,14.2,17.9,17.4
560,impersonator,614.0,243.2,25.1,137.2,51.9,320.1,39.1
699,genuine,19.2,606.0,200.1,16.3,17.7,21.2,16.6
478,impersonator,82.1,178.5,77.5,914.2,96.5,325.7,342.0
523,genuine,16.7,25.6,39.6,73.8,23.1,100.2,959.4
1821,genuine,170.0,173.0,174.0,172.0,173.0,173.0,175.0
1415,genuine,25.4,16.3,21.5,816.2,16.9,15.7,17.5
165,genuine,16.2,13.0,6.5,858.3,30.2,30.5,216.4
3308,genuine,164.0,165.0,168.0,166.0,167.0,168.0,165.0
262,impersonator,324.9,302.1,781.4,923.6,1.4,100.4,20.0
8,impersonator,23.6,155.8,689.7,224.0,77.9,179.9,63.6
55,impersonator,2.0,29.7,829.8,567.9,5.1,12.2,2.0
100,impersonator,20.3,135.4,617.1,207.3,51.8,389.7,2.0
2555,genuine,164.0,169.0,169.0,165.0,168.0,167.0,167.0
3383,genuine,396.6,232.1,232.0,450.2,15.9,232.8,233.3
587,impersonator,2.0,26.2,24.9,448.4,5.2,101.6,2.0
625,genuine,166.0,173.0,168.0,171.0,172.0,172.0,164.0
291,impersonator,21.9,67.8,112.8,195.6,172.7,1.0,219.1
3997,genuine,21.4,1408.5,16.4,20.3,19.9,19.9,20.3
761,genuine,14.5,213.2,216.2,199.9,216.2,417.0,433.3
407,impersonator,1442.4,722.3,1184.3,782.6,1483.4,1240.8,2312.7
229,impersonator,2.0,3.6,773.2,685.5,35.4,55.4,2.0
324,impersonator,755.9,911.8,1110.7,1854.8,2023.8,2343.2,433.0
240,impersonator,395.4,128.3,408.6,120.6,93.9,106.9,197.8
177,impersonator,884.8,286.3,129.6,127.8,76.2,331.0,144.3
4039,genuine,14.3,24.6,597.1,205.2,15.5,18.2,18.4
247,impersonator,2.0,235.8,330.1,124.4,229.9,87.3,2.0
645,genuine,170.0,176.0,173.0,174.0,209.0,137.0,173.0
283,impersonator,2.0,24.8,14.0,139.4,61.9,73.3,2.0
302,impersonator,119.0,455.2,299.4,5.0,48.0,2.1,32.6
1882,genuine,23.1,18.0,23.9,393.2,633.6,21.8,16.3
367,impersonator,432.2,476.1,73.3,156.0,10.6,358.3,37.7
587,impersonator,9.0,174.2,262.4,7.6,5.4,41.7,105.0
4147,genuine,18.6,22.2,1150.4,416.1,18.9,19.6,18.9
2598,genuine,447.1,30.4,451.0,32.1,249.1,450.2,31.1
2822,genuine,167.0,167.0,167.0,165.0,165.0,169.0,169.0
2349,genuine,60.9,2075.7,17.3,16.1,618.4,18.1,17.8
221,impersonator,2.0,266.3,222.7,45.2,222.3,36.1,2.0
717,impersonator,247.0,261.7,96.5,191.5,1.0,35.8,39.6
387,impersonator,9.1,6.3,397.0,692.3,160.4,50.6,145.0
631,impersonator,2.0,244.5,182.2,963.4,15.1,120.6,7.5
2286,genuine,17.7,19.1,792.6,418.7,19.9,18.4,20.3
241,impersonator,1132.5,421.8,1011.2,1036.2,1851.0,1803.7,2492.1
2827,genuine,166.0,165.0,167.0,15.0,150.0,335.0,166.0
399,impersonator,276.0,194.3,118.2,801.1,1.0,1.0,266.0
4207,genuine,8.0,320.0,332.0,167.0,168.0,166.0,169.0
183,genuine,165.0,169.0,168.0,13.0,155.0,332.0,169.0
613,impersonator,2475.1,611.4,1345.7,154.9,1983.7,2008.7,2565.1
4057,genuine,16.3,18.2,19.1,753.4,20.2,21.2,21.5
1169,genuine,228.8,449.2,32.7,232.6,233.5,450.2,15.3
2489,genuine,164.0,182.0,157.0,170.0,7.0,167.0,350.0
558,impersonator,166.5,35.1,58.4,137.1,133.1,149.8,320.2
552,impersonator,2.0,124.7,231.6,234.7,88.4,93.7,2.0
1711,genuine,169.0,174.0,175.0,171.0,173.0,174.0,174.0
2129,genuine,165.0,168.0,167.0,167.0,167.0,165.0,168.0
2532,genuine,328.0,167.0,168.0,7.0,160.0,331.0,167.0
1291,genuine,19.2,581.6,416.5,17.6,17.9,18.0,20.5
3661,genuine,17.6,34.3,1780.3,16.5,20.5,18.4,19.7
3971,genuine,164.0,167.0,167.0,168.0,170.0,166.0,169.0
519,impersonator,174.6,145.3,539.6,43.3,3.8,100.7,121.7
3458,genuine,18.2,20.8,950.0,626.8,20.3,19.7,21.3
3096,genuine,165.0,168.0,167.0,167.0,167.0,166.0,165.0
550,impersonator,235.8,176.0,161.9,227.9,29.2,309.8,117.1
514,impersonator,580.2,1742.7,1738.4,1877.3,231.0,406.9,1496.9
589,impersonator,2.0,123.1,60.0,41.2,365.5,252.8,2.9
232,impersonator,1743.6,1709.4,2597.4,1319.1,1167.3,1342.2,2134.2
182,impersonator,2139.9,2700.2,1395.8,1137.9,1539.4,450.2,2229.1
2309,genuine,1023.7,17.1,19.2,20.1,2053.2,21.2,17.0
901,genuine,163.0,217.0,134.0,166.0,167.0,183.0,166.0
3748,genuine,166.0,169.0,168.0,164.0,167.0,167.0,168.0
571,genuine,13.2,16.3,101.7,15.9,17.7,29.8,94.4
45,impersonator,137.7,1.5,1351.2,202.0,19.4,160.5,143.0
328,impersonator,134.8,568.7,203.0,228.5,210.2,115.3,178.8
3366,genuine,16.6,21.9,951.2,836.1,24.2,18.1,18.8
684,impersonator,135.7,551.3,110.1,300.9,113.0,321.0,98.4
543,impersonator,2.0,159.2,591.3,496.8,1.0,96.4,316.8
380,impersonator,2.0,61.8,325.8,132.6,347.5,69.2,2.0
743,impersonator,2061.8,2201.0,295.0,660.5,2243.7,1777.6,2292.7
4452,genuine,16.3,17.0,1186.6,16.1,17.8,18.0,17.8
204,impersonator,84.3,408.7,241.4,26.7,133.0,175.7,159.4
2742,genuine,165.0,170.0,167.0,168.0,167.0,167.0,167.0
4378,genuine,16.1,19.5,784.9,628.7,19.5,430.8,20.1
571,impersonator,148.4,73.8,168.9,100.9,565.5,337.9,426.1
575,impersonator,15.5,63.1,1605.8,49.1,538.1,235.7,358.8
145,impersonator,334.1,4.5,677.5,529.9,126.9,68.4,347.4
204,impersonator,371.7,285.3,211.7,334.3,1.0,334.7,356.6
4470,genuine,16.3,19.5,1359.5,17.5,18.3,18.1,1249.3
3525,genuine,93.9,1406.4,15.5,16.7,797.3,209.6,15.9
622,impersonator,209.5,1.5,121.1,9.3,217.5,447.8,372.4
3115,genuine,168.0,192.0,154.0,172.0,169.0,169.0,169.0
3952,genuine,228.0,233.1,14.7,216.7,215.6,216.7,406.6
1321,genuine,164.0,170.0,167.0,166.0,169.0,167.0,169.0
1527,genuine,164.0,168.0,166.0,166.0,169.0,167.0,168.0
325,impersonator,2.0,193.3,224.5,446.4,24.2,160.7,2.0
237,impersonator,2.0,138.0,143.3,85.9,63.3,132.4,2.0
3877,genuine,13.8,432.2,14.4,233.0,233.0,433.5,16.5
1111,genuine,1397.8,15.1,16.8,16.0,16.7,16.5,16.6
1408,genuine,430.9,15.9,231.4,233.2,233.2,16.5,216.4
3137,genuine,87.0,40.1,1671.8,15.6,20.4,17.4,15.6
337,impersonator,292.0,28.5,139.8,96.0,113.7,184.9,129.4
585,impersonator,276.4,660.5,130.9,207.8,131.0,484.9,186.5
261,impersonator,244.3,26.6,508.4,696.9,173.9,128.6,321.1
4478,genuine,198.4,430.8,233.4,433.2,15.8,232.9,233.3
656,impersonator,138.4,231.6,135.9,601.7,530.2,257.5,169.2
274,impersonator,142.2,171.9,346.8,275.1,98.4,108.5,344.7
2589,genuine,167.0,172.0,171.0,171.0,171.0,172.0,165.0
2538,genuine,171.0,172.0,174.0,174.0,175.0,173.0,172.0
1320,genuine,16.3,14.2,211.6,413.3,233.3,233.3,433.7
422,impersonator,2.0,345.3,6.8,374.8,201.3,101.4,2.0
1629,genuine,14.3,310.0,16.8,56.7,79.6,57.1,45.7
460,impersonator,1271.8,1709.4,961.6,1033.4,186.2,184.3,12.6
123,genuine,13.5,232.5,233.2,432.6,16.5,233.2,233.3
2634,genuine,230.3,433.5,16.0,233.4,433.6,16.2,433.3
268,impersonator,391.2,848.4,27.5,113.7,159.6,34.1,144.8
256,impersonator,33.7,89.8,475.1,271.6,173.8,151.3,75.9
675,impersonator,623.7,811.4,1535.3,2053.0,1910.8,616.7,2247.1
3102,genuine,36.7,1097.1,17.3,18.1,20.2,1860.7,22.6
2710,genuine,164.0,168.0,167.0,167.0,169.0,165.0,170.0
56,impersonator,2490.6,1627.7,125.8,239.0,1699.7,2014.0,2395.0
4326,genuine,19.9,20.6,105.6,1258.7,19.9,20.8,20.2
644,impersonator,23.0,181.4,351.7,181.2,40.6,3.8,107.8
497,impersonator,2451.1,248.6,102.7,39.9,193.1,2299.2,126.2
250,impersonator,152.9,230.1,296.6,241.6,64.6,1.0,137.8
765,genuine,485.9,17.7,19.3,1854.7,16.4,17.1,17.7
1409,genuine,17.5,2563.5,51.4,85.1,81.8,78.1,68.0
325,impersonator,2.0,303.3,432.6,462.4,1.0,222.5,183.4
1745,genuine,165.0,168.0,169.0,166.0,167.0,165.0,169.0
258,impersonator,204.0,320.9,517.9,78.0,8.1,101.6,215.7
245,impersonator,2024.6,322.9,2076.4,374.0,893.2,696.4,1578.2
17,impersonator,187.7,1.5,731.0,202.2,1.0,210.2,150.7
271,impersonator,106.4,400.0,461.4,268.8,177.3,49.5,157.5
489,impersonator,66.9,543.9,322.3,341.7,74.0,6.0,125.0
69,impersonator,225.1,139.4,98.0,465.6,195.6,178.1,160.7
2138,genuine,180.0,171.0,157.0,169.0,170.0,171.0,12.0
716,impersonator,2.0,147.5,122.7,361.2,346.6,179.6,2.0
103,impersonator,2511.6,1268.6,169.6,1369.5,1978.1,2108.4,2064.0
626,genuine,164.0,180.0,153.0,172.0,170.0,9.0,165.0
91,impersonator,36.0,1.5,300.8,2.1,175.1,155.6,148.6
1616,genuine,71.8,119.5,88.8,31.4,167.8,1895.2,15.9
1890,genuine,165.0,168.0,167.0,168.0,166.0,168.0,165.0
653,impersonator,34.8,617.8,1789.0,687.2,2263.1,857.1,2166.6
699,impersonator,26.6,51.7,468.4,135.6,23.2,49.5,67.1
736,impersonator,299.6,120.4,378.1,507.1,130.1,277.7,182.6
610,impersonator,104.2,450.5,0.0,206.3,189.1,137.9,241.9
2276,genuine,90.4,31.0,64.7,143.0,43.9,31.7,123.8
624,impersonator,213.5,798.4,112.5,6.6,510.5,173.8,87.7
60,impersonator,2.0,5.6,230.0,441.4,54.6,75.0,2.0
3593,genuine,39.4,430.1,16.3,232.8,433.6,15.8,233.2
621,impersonator,337.9,423.9,776.9,12.5,526.3,204.3,135.8
15,impersonator,2.0,12.3,92.1,80.9,247.1,624.6,2.0
704,impersonator,2269.8,1605.7,593.5,1779.4,2275.4,729.9,348.5
346,impersonator,471.9,108.0,310.3,341.9,152.0,298.9,119.8
824,genuine,14.6,15.4,164.6,841.8,15.6,17.7,17.3
435,impersonator,545.2,296.7,27.1,314.0,10.6,251.3,107.9
116,genuine,228.0,231.6,451.0,31.7,15.3,217.1,216.3
264,impersonator,98.3,680.4,48.9,71.7,183.2,141.6,204.9
2371,genuine,164.0,178.0,154.0,170.0,171.0,9.0,166.0
169,impersonator,101.4,216.0,152.0,50.3,181.5,131.4,146.0
3799,genuine,229.8,232.9,433.1,16.5,233.0,233.4,433.5
1024,genuine,16.7,17.9,18.6,19.6,952.4,19.4,18.9
557,impersonator,2285.0,2702.4,1023.5,242.2,2129.2,1732.5,2411.7
592,genuine,171.0,173.0,174.0,172.0,172.0,172.0,173.0
506,impersonator,418.2,1.5,1086.1,226.4,193.2,33.8,351.7
2022,genuine,447.7,29.0,233.6,232.3,450.9,16.2,233.1
572,impersonator,565.0,59.3,707.2,199.7,125.4,203.6,276.1
2508,genuine,15.7,19.7,139.8,837.1,19.1,18.8,18.6
1508,genuine,168.0,173.0,169.0,172.0,171.0,172.0,167.0
127,genuine,168.0,170.0,171.0,171.0,173.0,168.0,166.0
556,impersonator,328.6,209.1,0.0,602.3,528.2,491.1,60.8
2437,genuine,13.5,1209.1,17.5,221.9,16.3,413.3,430.7
92,impersonator,345.4,234.7,142.6,714.0,1.0,363.7,139.3
2023,genuine,229.1,232.9,232.0,233.3,233.3,433.4,17.5
490,impersonator,1462.9,1937.0,1643.2,631.5,1202.1,386.4,345.5
62,genuine,227.6,230.5,232.9,450.8,16.5,232.9,231.2
432,impersonator,403.8,2523.8,1121.4,1563.4,1735.6,1998.2,507.8
2544,genuine,433.3,12.2,233.6,232.5,233.5,234.2,419.9
57,impersonator,4.1,852.2,509.0,194.4,89.6,616.3,264.8
576,impersonator,51.9,247.9,1162.3,399.0,35.0,9.5,133.2
3632,genuine,168.0,173.0,170.0,171.0,172.0,171.0,167.0
4332,genuine,230.2,232.3,433.5,15.9,233.1,433.7,16.3
3676,genuine,170.0,174.0,173.0,174.0,173.0,174.0,173.0
222,genuine,167.0,188.0,154.0,170.0,169.0,168.0,14.0
120,genuine,164.0,169.0,166.0,16.0,151.0,335.0,165.0
732,impersonator,193.4,140.5,1650.3,2101.1,1910.7,583.6,126.6
4289,genuine,228.2,229.8,450.9,32.4,233.1,232.4,451.0
2283,genuine,413.5,629.5,17.8,17.7,15.8,16.7,17.7
123,impersonator,205.1,548.1,106.2,146.6,48.4,144.8,43.9
519,impersonator,386.6,1.5,856.9,293.2,1.0,319.0,51.7
4485,genuine,15.3,17.4,976.4,631.3,18.0,15.3,18.0
391,impersonator,2.0,111.9,32.3,436.2,111.7,72.5,2.0
265,impersonator,406.5,439.7,123.0,21.2,207.2,197.0,140.1
0,impersonator,378.4,72.6,150.9,112.0,404.4,225.6,154.1
360,impersonator,2.0,241.2,544.7,547.0,1.0,181.1,85.5
670,impersonator,105.2,350.4,0.0,437.3,117.2,200.6,2.0
132,impersonator,2.0,3.0,88.7,64.7,676.8,81.0,2.0
266,genuine,170.0,173.0,176.0,173.0,172.0,174.0,173.0
3973,genuine,15.6,17.0,16.0,27.5,1567.8,18.2,17.9
1932,genuine,430.1,233.1,16.1,216.4,417.0,233.3,16.1
3190,genuine,166.0,193.0,151.0,172.0,183.0,167.0,165.0
1807,genuine,165.0,168.0,169.0,13.0,152.0,334.0,166.0
320,impersonator,185.5,94.3,288.8,18.6,708.3,102.1,98.1
167,impersonator,2.0,1.5,1284.9,141.5,59.4,1.0,2.0
374,impersonator,54.3,273.9,342.2,109.3,55.0,275.1,28.6
509,impersonator,1278.3,2495.6,191.5,204.4,1326.1,595.1,1251.5
354,impersonator,2.0,510.9,78.3,164.1,10.8,39.2,2.0
77,impersonator,14.6,410.4,557.4,791.0,119.4,29.1,167.2
2068,genuine,446.4,29.8,233.2,230.8,450.8,15.1,234.2
466,impersonator,187.0,58.1,57.0,208.6,158.0,188.8,167.2
2098,genuine,16.7,16.3,19.0,17.0,564.9,17.7,16.9
2963,genuine,18.1,12.1,641.7,15.4,232.7,233.2,233.2
601,impersonator,2.0,93.9,72.4,163.3,374.3,210.3,2.0
303,impersonator,269.7,361.4,189.8,2.1,118.1,89.1,33.5
0,genuine,186.0,10.0,150.0,350.0,167.0,167.0,166.0
284,genuine,168.0,170.0,170.0,169.0,170.0,170.0,169.0
219,impersonator,226.5,448.8,173.5,74.6,494.0,547.3,282.3
412,impersonator,198.1,534.5,0.0,753.5,1.0,1.0,2.0
1608,genuine,1211.6,19.2,18.0,20.4,17.1,18.9,20.1
658,impersonator,2.0,328.7,42.6,61.7,83.2,25.7,2.0
2354,genuine,8.0,322.0,335.0,165.0,169.0,169.0,165.0
635,impersonator,276.1,530.0,46.4,171.6,359.9,128.9,71.4
99,genuine,171.0,173.0,173.0,172.0,172.0,173.0,174.0
4263,genuine,168.0,172.0,171.0,171.0,172.0,171.0,167.0
486,impersonator,2.0,77.1,213.9,112.2,9.7,101.1,2.0
4108,genuine,179.0,180.0,153.0,168.0,169.0,13.0,167.0
4186,genuine,13.0,217.0,414.4,233.1,233.5,16.2,216.0
612,genuine,169.0,172.0,169.0,172.0,171.0,172.0,164.0
676,impersonator,317.9,188.9,52.4,368.2,222.4,102.2,40.6
448,impersonator,1790.8,1343.3,191.5,1505.3,615.9,1305.0,1258.7
3252,genuine,18.7,19.4,18.6,966.8,21.0,22.0,18.6
2903,genuine,228.9,232.9,433.2,16.8,232.9,233.4,433.2
638,impersonator,14.8,413.3,389.5,2.1,152.9,107.5,2.0
28,genuine,14.1,14.9,135.4,17.5,16.8,16.9,28.7
368,impersonator,2.0,477.5,213.1,74.6,36.1,42.2,2.0
662,impersonator,210.4,120.8,579.5,2.1,144.0,133.7,24.1
3280,genuine,168.0,170.0,170.0,170.0,173.0,170.0,164.0
3604,genuine,171.0,174.0,173.0,171.0,173.0,173.0,176.0
7,impersonator,362.4,2587.6,1323.4,1308.0,1304.3,25.1,337.3
634,impersonator,850.4,1393.0,942.7,1871.7,901.6,1886.1,1880.8
16,impersonator,415.3,374.9,31.3,2.1,1.0,448.8,96.3
111,impersonator,2.0,165.8,0.0,74.8,208.4,60.3,245.6
155,impersonator,2.0,851.7,78.0,271.3,108.5,84.8,2.0
4078,genuine,169.0,172.0,176.0,173.0,173.0,175.0,173.0
253,impersonator,2263.6,54.2,2392.6,1126.1,1219.8,900.7,2397.7
437,impersonator,1173.7,605.6,2155.7,2025.9,1776.2,691.0,557.9
2691,genuine,21.1,13.5,35.6,57.7,1075.7,838.0,18.9
1799,genuine,173.0,173.0,174.0,173.0,172.0,174.0,174.0
2820,genuine,17.2,20.5,121.6,1048.9,18.7,18.9,19.8
4242,genuine,164.0,182.0,159.0,169.0,5.0,166.0,350.0
3404,genuine,230.9,30.9,215.1,200.0,216.6,617.4,31.0
446,impersonator,2.0,31.9,43.4,219.5,12.5,186.1,2.0
669,impersonator,474.2,204.5,135.0,8.5,48.5,373.3,3.5
543,impersonator,145.4,446.0,325.9,317.7,4.1,40.2,95.3
469,impersonator,2.0,32.9,50.4,256.0,968.8,71.3,2.0
115,genuine,230.7,433.1,16.6,232.5,433.5,16.7,233.0
470,impersonator,56.2,64.9,112.4,124.3,386.7,115.9,8.1
27,impersonator,2.0,187.9,170.2,307.3,70.2,150.4,2.0
1973,genuine,13.4,232.0,233.1,233.0,433.3,16.3,233.4
553,impersonator,305.3,205.4,250.3,55.4,344.3,131.7,239.1
533,impersonator,11.9,117.4,416.8,204.6,134.0,1.3,4.0
1938,genuine,230.4,231.9,16.5,216.2,200.0,433.5,433.3
673,genuine,168.0,170.0,170.0,173.0,169.0,173.0,167.0
3511,genuine,164.0,167.0,167.0,165.0,168.0,166.0,167.0
238,impersonator,27.7,26.3,139.2,345.5,236.0,14.8,75.2
4260,genuine,164.0,173.0,156.0,173.0,168.0,13.0,166.0
3715,genuine,167.0,171.0,169.0,170.0,174.0,169.0,167.0
350,genuine,16.3,139.1,1051.1,16.7,16.5,16.5,16.5
435,impersonator,584.3,95.3,644.0,26.6,150.9,336.1,317.9
1924,genuine,17.6,19.4,21.4,750.5,837.8,22.2,18.6
1221,genuine,18.1,16.6,16.7,17.8,1141.8,16.8,17.6
3922,genuine,170.0,175.0,174.0,172.0,174.0,175.0,173.0
745,impersonator,2.0,91.5,250.9,171.4,2.1,9.4,4.7
387,genuine,230.6,433.3,233.1,16.6,233.1,433.4,17.1
3547,genuine,173.0,171.0,174.0,174.0,172.0,175.0,172.0
1337,genuine,166.0,188.0,158.0,171.0,171.0,169.0,168.0
350,impersonator,139.2,38.8,210.1,26.8,118.6,10.1,371.6
282,impersonator,623.5,1460.7,1135.7,1806.7,1552.9,1195.7,1273.5
47,impersonator,28.4,108.4,250.1,2.1,1.0,1.0,2.0
40,impersonator,2.0,238.5,163.8,245.6,2.4,136.9,2.0
3205,genuine,164.0,167.0,168.0,165.0,167.0,170.0,168.0
496,impersonator,2.6,226.6,402.8,31.9,160.8,254.5,272.4
546,impersonator,2.0,269.6,127.3,2.1,49.2,186.2,355.5
3418,genuine,166.0,173.0,169.0,170.0,171.0,170.0,167.0
540,impersonator,1989.0,1742.5,503.1,625.3,1639.4,2242.4,2216.4
1734,genuine,163.0,183.0,155.0,172.0,5.0,166.0,351.0
563,impersonator,634.7,285.1,14.4,28.9,84.0,328.0,229.2
3191,genuine,629.8,15.8,233.3,232.3,433.5,16.4,233.3
102,impersonator,1635.8,2201.1,1319.4,226.9,2183.1,2062.9,2592.4
1253,genuine,171.0,184.0,162.0,175.0,171.0,174.0,172.0
573,impersonator,2182.4,1091.8,208.7,1413.3,1956.1,2266.7,1320.7
21,genuine,167.0,172.0,168.0,170.0,170.0,171.0,168.0
160,impersonator,96.0,449.3,491.9,89.8,70.6,12.5,78.6
179,impersonator,166.8,744.5,397.6,114.0,12.2,1.0,245.6
3107,genuine,171.0,172.0,174.0,174.0,172.0,174.0,171.0
3665,genuine,213.8,216.4,418.9,233.0,450.6,15.0,233.9
615,impersonator,306.1,251.4,374.9,336.2,188.8,219.9,26.1
37,impersonator,1740.1,1885.4,1490.6,1508.5,129.6,766.1,1190.4
290,impersonator,117.6,124.7,171.3,221.4,182.7,67.6,245.4
100,genuine,17.0,18.5,1626.1,17.1,19.5,20.3,18.5
592,impersonator,242.1,534.8,674.1,143.5,1.0,207.6,244.3
3451,genuine,165.0,166.0,167.0,166.0,165.0,164.0,167.0
3686,genuine,16.0,17.4,18.5,18.7,1787.6,16.7,18.9
656,impersonator,58.8,96.6,230.6,359.6,693.0,195.3,131.7
604,genuine,156.0,334.0,165.0,167.0,169.0,168.0,169.0
430,impersonator,175.8,1375.0,114.7,35.7,417.6,184.2,234.2
498,impersonator,1246.7,243.6,163.0,2.1,57.8,236.9,137.6
223,impersonator,148.5,163.6,183.5,198.4,139.6,191.2,114.7
3868,genuine,166.0,187.0,158.0,170.0,168.0,10.0,167.0
328,impersonator,49.3,329.7,325.1,44.7,264.4,63.1,152.7
1747,genuine,164.0,177.0,156.0,170.0,170.0,9.0,167.0
345,impersonator,32.9,253.6,241.3,33.6,29.4,117.1,15.2
3310,genuine,423.9,16.2,231.9,233.3,232.8,433.4,17.1
94,impersonator,349.9,494.6,158.4,154.2,542.9,78.2,251.7
2051,genuine,227.7,30.7,200.8,215.4,216.3,400.4,450.8
4047,genuine,12.3,212.8,215.4,217.3,416.5,232.8,450.0
708,impersonator,204.2,626.6,247.0,255.9,66.9,351.7,216.2
2757,genuine,169.0,171.0,169.0,173.0,172.0,170.0,166.0
725,impersonator,2.0,269.8,732.0,24.5,1.0,626.6,343.8
538,impersonator,309.5,61.5,367.4,406.5,106.8,141.4,402.1
1179,genuine,12.7,232.6,233.1,233.2,216.1,233.4,16.4
124,impersonator,367.5,82.9,572.5,89.8,137.9,84.6,173.7
220,impersonator,66.3,122.3,110.5,292.3,4.8,33.2,143.2
2173,genuine,170.0,174.0,174.0,173.0,175.0,172.0,175.0
326,impersonator,2.0,415.4,274.3,123.2,26.2,26.8,2.0
3808,genuine,226.3,232.3,451.1,31.6,232.9,233.2,233.1
376,impersonator,165.3,82.8,1274.5,28.2,210.3,244.6,155.5
3745,genuine,16.3,14.4,17.2,17.7,1577.2,16.8,18.2
294,impersonator,108.3,536.9,41.5,74.5,208.8,44.6,235.6
116,impersonator,87.3,660.7,198.6,418.7,1.0,54.1,167.9
176,impersonator,173.2,69.0,26.7,99.7,399.9,31.6,221.4
2463,genuine,29.4,1050.9,19.0,17.4,18.8,1835.5,18.5
42,impersonator,45.1,482.8,277.7,248.6,1.0,1.0,9.9
276,impersonator,61.5,1.5,583.8,279.1,348.8,1.0,2.0
532,impersonator,312.3,332.8,99.9,327.3,39.5,25.0,21.8
551,impersonator,2.0,220.1,196.3,104.1,19.0,145.0,2.0
2881,genuine,12.8,235.1,233.1,450.2,15.7,232.8,232.5
3292,genuine,164.0,165.0,166.0,167.0,165.0,166.0,167.0
190,impersonator,27.1,210.2,80.1,2.1,283.3,4.1,155.0
2987,genuine,170.0,169.0,170.0,172.0,170.0,173.0,166.0
310,impersonator,585.5,191.1,1269.6,351.6,2181.9,190.5,1611.5
284,impersonator,2.0,61.3,860.5,167.9,147.3,21.5,2.0
353,impersonator,12.0,119.8,431.6,20.2,4.8,94.2,63.0
388,impersonator,2.0,141.5,96.4,435.7,219.6,89.4,2.0
202,impersonator,6.7,12.6,163.8,217.3,132.2,141.8,127.8
29,impersonator,2473.3,1922.8,887.2,2139.4,956.1,1391.9,2198.4
4043,genuine,164.0,166.0,168.0,166.0,166.0,168.0,167.0
3466,genuine,17.4,16.8,1610.6,16.0,18.5,18.7,18.3
236,impersonator,123.0,1376.1,204.0,175.7,134.1,139.2,140.0
209,impersonator,112.5,381.1,342.3,107.5,394.8,173.0,214.4
1838,genuine,164.0,169.0,10.0,154.0,331.0,167.0,168.0
3123,genuine,16.2,20.3,1230.6,18.9,15.7,18.7,18.6
1562,genuine,227.2,231.8,232.8,232.6,451.0,14.8,232.9
3290,genuine,198.4,430.0,234.1,15.9,216.8,199.8,433.0
729,impersonator,1264.0,2506.2,746.6,549.3,778.1,1592.5,2316.8
15,impersonator,2.0,1637.2,7.7,73.8,179.3,12.3,443.4
623,impersonator,384.3,328.1,87.0,236.6,306.9,346.9,331.7
166,impersonator,38.3,3.4,689.3,831.6,48.3,19.9,49.3
497,genuine,13.8,22.0,1385.3,16.3,16.3,16.7,16.4
3945,genuine,14.7,223.9,232.0,433.6,16.2,232.8,216.7
375,genuine,171.0,173.0,175.0,173.0,173.0,174.0,174.0
537,impersonator,105.4,14.7,987.9,116.3,40.5,34.4,145.8
404,genuine,20.1,18.8,19.9,1382.3,20.1,20.9,20.4
3778,genuine,166.0,172.0,170.0,171.0,170.0,171.0,165.0
2467,genuine,228.7,432.9,16.7,232.9,433.4,16.9,232.8
93,genuine,166.0,168.0,166.0,15.0,150.0,333.0,167.0
3204,genuine,165.0,193.0,152.0,170.0,171.0,170.0,168.0
84,impersonator,101.6,138.5,237.2,271.7,538.3,247.4,220.7
827,genuine,16.9,20.5,790.5,421.2,20.4,29.8,9.1
24,impersonator,2.0,1.5,180.0,102.7,48.4,150.0,2.0
735,impersonator,2.0,199.2,510.6,128.9,168.6,146.4,2.0
598,impersonator,811.9,1066.9,2386.4,2007.5,608.9,475.7,25.8
176,impersonator,1713.5,2517.1,1674.8,776.6,459.1,2179.7,854.2
112,impersonator,20.7,175.6,221.1,441.9,29.2,3.4,8.6
245,impersonator,65.6,660.3,369.3,383.0,48.6,239.0,149.3
285,impersonator,2.0,1.5,1102.9,259.6,281.6,275.8,2.0
2683,genuine,18.9,17.7,980.9,421.9,20.0,22.0,18.2
2547,genuine,229.9,233.2,233.0,433.5,16.4,233.1,233.5
691,genuine,172.0,171.0,176.0,172.0,175.0,173.0,172.0
28,impersonator,159.7,354.1,7.8,362.4,43.7,57.6,93.4
692,impersonator,158.7,279.7,258.1,17.3,31.6,38.2,19.0
1707,genuine,229.3,199.9,233.0,233.2,433.9,16.1,233.5
144,impersonator,9.3,240.6,305.5,26.9,34.1,87.7,63.8
2003,genuine,17.2,19.9,18.5,963.0,19.7,19.2,1021.1
1131,genuine,172.0,172.0,174.0,174.0,172.0,172.0,174.0
559,impersonator,194.2,565.8,271.4,608.5,236.0,165.8,2.0
2304,genuine,14.4,15.3,1400.9,16.0,16.4,16.9,16.0
93,impersonator,2.0,58.7,191.6,16.9,19.2,9.6,2.0
520,impersonator,599.2,450.4,60.6,227.5,618.1,67.6,44.2
246,impersonator,458.9,257.4,2116.5,710.9,113.2,1253.7,2023.7
3395,genuine,16.9,16.5,1162.3,18.6,18.6,19.6,17.2
288,impersonator,213.8,237.5,532.0,32.2,18.1,257.1,72.5
1731,genuine,165.0,168.0,168.0,168.0,168.0,168.0,166.0
246,impersonator,84.5,634.3,600.5,448.8,170.2,45.2,25.2
2120,genuine,171.0,173.0,173.0,174.0,173.0,173.0,173.0
606,genuine,214.9,230.3,16.5,221.6,195.1,216.5,418.3
1671,genuine,447.9,28.7,230.5,232.8,450.5,15.9,233.4
564,impersonator,426.3,268.5,743.5,2.1,22.8,1.0,139.9
1971,genuine,164.0,169.0,168.0,167.0,169.0,167.0,167.0
4461,genuine,17.9,991.2,8.7,421.0,19.0,18.2,20.2
736,genuine,16.8,26.5,1159.6,420.8,15.2,19.0,18.7
4122,genuine,165.0,165.0,169.0,167.0,165.0,166.0,166.0
230,impersonator,325.0,138.2,664.6,67.7,187.7,129.2,296.3
702,impersonator,234.1,645.7,511.1,217.2,93.6,316.4,295.2
276,impersonator,150.0,1.5,1086.7,595.5,95.0,1.0,122.6
283,impersonator,235.8,224.8,298.1,119.9,60.7,17.8,27.4
96,impersonator,2.0,39.7,790.9,163.2,358.7,94.0,2.0
4099,genuine,229.2,233.1,433.1,16.6,233.1,233.1,433.1
292,genuine,167.0,170.0,169.0,171.0,170.0,168.0,170.0
403,impersonator,50.6,298.0,67.3,111.4,8.8,264.8,93.4
546,impersonator,386.8,206.4,91.3,71.6,14.9,366.0,47.3
3969,genuine,166.0,170.0,169.0,173.0,171.0,172.0,164.0
482,impersonator,178.6,137.1,402.0,166.3,358.8,53.9,2.0
646,impersonator,190.0,548.9,801.5,12.1,33.1,307.1,174.5
695,impersonator,78.0,100.0,521.8,250.7,399.9,237.1,378.6
513,impersonator,2.0,188.6,108.8,109.1,48.2,304.0,2.0
1963,genuine,164.0,167.0,167.0,167.0,167.0,169.0,168.0
510,impersonator,247.6,276.6,857.2,3.7,235.9,263.1,77.5
3441,genuine,166.0,188.0,155.0,171.0,168.0,170.0,168.0
144,impersonator,2.0,136.1,42.1,511.0,4.7,123.8,2.0
2387,genuine,180.0,179.0,152.0,171.0,167.0,13.0,167.0
2671,genuine,17.6,16.5,17.8,17.4,1388.5,20.4,17.4
3516,genuine,170.0,171.0,174.0,171.0,174.0,174.0,172.0
2502,genuine,166.0,12.0,155.0,331.0,167.0,166.0,12.0
3988,genuine,169.0,192.0,12.0,150.0,333.0,184.0,166.0
3999,genuine,172.0,172.0,177.0,173.0,174.0,174.0,173.0
63,genuine,227.9,232.9,233.4,16.1,216.4,617.1,16.7
1384,genuine,180.0,181.0,148.0,172.0,167.0,15.0,167.0
4333,genuine,170.0,174.0,175.0,175.0,173.0,171.0,176.0
650,genuine,164.0,169.0,167.0,15.0,154.0,334.0,167.0
1967,genuine,15.0,19.4,976.4,633.7,19.3,17.1,20.5
112,genuine,1486.4,1248.8,17.8,16.4,17.2,17.5,17.4
3024,genuine,167.0,11.0,158.0,332.0,167.0,167.0,166.0
194,impersonator,2.0,22.6,17.9,145.6,149.5,71.6,2.0
804,genuine,168.0,171.0,170.0,173.0,170.0,172.0,167.0
402,impersonator,2.0,45.4,1571.3,726.0,15.9,28.8,2.0
680,impersonator,2.0,47.0,246.1,105.3,6.3,15.4,2.0
68,impersonator,325.2,549.9,0.0,2.1,489.4,400.5,84.7
3331,genuine,173.0,171.0,172.0,174.0,172.0,175.0,174.0
402,impersonator,11.3,61.8,1301.6,418.2,263.2,92.5,297.2
553,impersonator,425.0,124.6,7.6,138.1,109.2,73.4,90.6
661,impersonator,126.7,261.1,84.1,103.9,124.7,420.1,488.5
3793,genuine,14.8,16.7,173.2,17.7,17.1,17.5,20.5
507,impersonator,100.3,219.0,0.0,636.9,398.3,132.4,166.3
851,genuine,16.8,15.5,1399.8,16.5,17.8,17.5,17.3
525,impersonator,247.7,125.2,61.2,2.1,365.6,22.1,402.0
88,impersonator,135.1,570.8,164.4,10.1,278.4,333.4,66.7
3057,genuine,172.0,171.0,173.0,175.0,172.0,174.0,172.0
2665,genuine,18.9,19.9,571.6,17.9,17.9,18.0,18.3
450,impersonator,127.0,1758.3,92.4,229.5,193.8,442.8,51.8
2679,genuine,163.0,177.0,157.0,172.0,170.0,171.0,169.0
3893,genuine,172.0,173.0,174.0,173.0,174.0,173.0,174.0
241,impersonator,2.0,757.1,340.6,3.2,246.8,68.6,2.0
2977,genuine,1388.7,28.8,15.8,17.7,15.8,19.9,16.4
1053,genuine,170.0,173.0,174.0,172.0,174.0,171.0,172.0
21,impersonator,6.4,101.4,57.2,56.1,346.6,269.2,33.3
95,impersonator,2.0,193.9,990.2,688.5,292.3,1.0,82.5
234,impersonator,49.4,433.3,16.5,233.8,66.8,427.4,242.3
412,impersonator,2.0,315.9,663.9,8.1,225.3,18.3,2.0
2353,genuine,444.8,30.8,232.0,31.3,200.4,216.5,417.5
2660,genuine,229.0,229.8,232.6,450.4,15.7,233.5,233.3
1028,genuine,165.0,167.0,167.0,167.0,167.0,164.0,166.0
222,impersonator,196.1,1.5,973.8,2.1,87.1,144.7,325.9
2711,genuine,17.6,13.7,215.7,212.0,216.6,416.9,233.1
3821,genuine,171.0,173.0,174.0,172.0,173.0,174.0,174.0
276,impersonator,23.3,180.1,624.3,411.9,347.5,4.0,2.2
3128,genuine,16.0,16.8,976.9,16.5,17.2,17.5,17.6
343,impersonator,2.0,181.6,145.7,112.5,589.5,358.5,2.0
627,impersonator,252.7,271.0,193.0,480.7,149.9,151.2,37.0
442,impersonator,130.6,959.7,311.6,13.2,473.4,71.1,306.4
646,impersonator,2.0,19.3,122.2,903.3,122.0,317.2,2.0
515,impersonator,335.8,878.2,250.8,35.2,323.8,132.9,284.8
446,impersonator,265.5,1.5,820.6,239.2,289.1,372.9,211.0
903,genuine,166.0,168.0,169.0,166.0,167.0,169.0,166.0
2040,genuine,164.0,167.0,167.0,3.0,162.0,5.0,327.0
3751,genuine,1578.2,625.9,18.1,17.7,17.6,17.5,17.2
1862,genuine,167.0,170.0,169.0,171.0,170.0,172.0,165.0
1805,genuine,162.0,167.0,169.0,166.0,166.0,167.0,166.0
718,impersonator,510.0,353.6,309.3,103.4,188.3,192.6,385.6
671,impersonator,481.5,78.6,0.0,2.1,431.4,491.8,403.7
945,genuine,16.1,35.9,1340.8,628.7,18.5,16.3,18.0
4259,genuine,165.0,187.0,155.0,172.0,171.0,171.0,8.0
2107,genuine,332.0,170.0,166.0,3.0,164.0,5.0,329.0
360,impersonator,2.0,29.1,793.9,134.5,107.6,118.5,2.0
391,impersonator,224.4,1.5,183.7,456.8,370.5,192.7,129.4
941,genuine,430.1,14.0,233.3,16.4,216.4,200.7,215.8
180,impersonator,842.6,340.4,138.0,30.0,125.7,142.4,328.7
1020,genuine,167.0,171.0,169.0,172.0,172.0,170.0,167.0
1847,genuine,16.9,15.3,1157.9,420.0,15.4,17.9,20.0
3898,genuine,166.0,170.0,168.0,172.0,171.0,173.0,165.0
437,genuine,229.2,200.0,16.1,216.7,199.9,216.5,417.0
160,impersonator,2.0,31.4,51.7,572.3,89.2,31.6,2.0
382,impersonator,121.1,1.5,137.4,809.7,201.3,205.9,92.7
739,genuine,13.7,18.1,22.4,983.3,15.6,18.8,18.7
101,impersonator,11.9,28.7,610.6,37.1,123.7,15.7,173.8
602,impersonator,7.9,7.9,1324.3,193.9,1.0,30.5,30.1
586,genuine,15.7,442.7,29.5,234.6,234.0,231.5,450.6
2989,genuine,14.9,17.3,1133.1,417.9,16.7,19.0,19.5
4444,genuine,7.0,188.0,11.0,317.0,333.0,167.0,166.0
567,impersonator,732.0,1312.5,1149.9,554.5,292.6,416.1,88.6
9,impersonator,2.0,46.2,281.2,705.1,88.7,10.6,2.0
678,impersonator,384.8,405.2,0.0,2.1,234.3,95.0,556.9
387,impersonator,2.0,50.5,672.0,49.9,1.8,7.3,2.0
47,impersonator,21.6,627.8,683.5,158.9,2.1,33.5,97.0
573,genuine,231.1,14.4,215.2,416.9,233.2,433.5,16.8
647,genuine,172.0,171.0,177.0,172.0,174.0,172.0,173.0
595,genuine,168.0,186.0,12.0,150.0,334.0,183.0,166.0
284,impersonator,141.9,72.9,660.1,477.3,181.2,131.3,55.4
97,impersonator,2.0,40.8,8.1,99.8,112.1,339.2,2.0
3396,genuine,165.0,16.0,152.0,333.0,167.0,168.0,9.0
694,impersonator,214.6,269.5,48.7,379.2,243.9,78.2,169.5
66,impersonator,233.7,165.7,12.2,124.9,1.0,1.0,109.2
94,impersonator,356.4,315.4,79.5,105.4,532.9,43.7,167.1
223,impersonator,123.9,336.3,176.4,219.3,103.1,127.3,247.2
528,impersonator,87.2,125.2,202.7,60.6,37.4,111.7,42.9
732,genuine,163.0,183.0,156.0,172.0,5.0,166.0,350.0
740,impersonator,2.0,248.9,183.0,95.8,1.0,9.5,4.7
463,impersonator,2.4,395.3,83.4,341.4,265.2,30.6,2.5
3085,genuine,12.6,445.4,31.6,450.8,31.4,232.4,233.9
599,impersonator,1829.3,1337.5,697.5,1684.3,2129.9,1229.4,1552.7
180,impersonator,262.3,1192.9,33.5,116.4,71.2,96.9,484.5
2195,genuine,14.7,422.9,16.7,232.7,233.1,233.2,433.5
102,impersonator,645.3,1.5,0.0,143.1,325.1,438.8,87.7
2798,genuine,169.0,175.0,173.0,172.0,173.0,174.0,175.0
11,impersonator,948.1,1295.3,255.8,131.9,1196.6,1967.0,1133.4
61,impersonator,2.0,67.0,76.7,133.7,22.3,6.8,2.0
22,impersonator,372.1,113.2,473.4,83.3,457.9,7.3,59.5
204,impersonator,144.4,308.1,415.5,169.9,37.1,247.9,521.7
106,impersonator,2.0,144.5,969.4,605.5,281.0,331.5,47.1
250,impersonator,1109.6,264.3,2013.0,1621.5,184.5,1522.7,783.5
1040,genuine,172.0,172.0,175.0,173.0,172.0,173.0,173.0
650,impersonator,673.6,99.6,5.2,528.6,814.0,166.2,233.7
3968,genuine,228.2,433.5,16.0,16.2,216.5,199.8,216.7
11,impersonator,531.0,485.0,507.7,234.7,263.4,135.5,344.3
151,impersonator,306.7,694.1,0.0,2.1,436.1,362.6,692.4
3612,genuine,16.5,65.5,42.5,56.0,21.4,119.2,31.8
329,genuine,17.0,1045.0,20.6,18.4,20.1,20.4,20.8
2546,genuine,164.0,168.0,168.0,166.0,168.0,165.0,166.0
1429,genuine,35.1,107.2,890.1,1923.0,17.1,17.0,64.7
237,impersonator,1940.2,1413.9,1689.2,590.1,1773.6,1556.3,521.1
433,genuine,230.1,233.2,233.0,433.3,16.6,233.1,433.5
703,impersonator,139.0,1990.8,106.1,148.4,62.5,217.3,242.2
187,impersonator,2335.6,215.2,457.9,1741.3,2080.8,1783.0,2605.8
4370,genuine,165.0,187.0,157.0,172.0,168.0,169.0,170.0
967,genuine,18.2,19.6,1446.2,23.2,21.9,18.5,21.1
104,impersonator,113.5,382.2,235.5,741.6,218.9,71.0,279.2
423,genuine,14.5,16.9,1372.4,418.3,16.1,18.1,17.2
235,impersonator,190.9,685.9,1733.4,638.4,735.2,1473.5,138.9
152,impersonator,2.0,60.5,0.0,1682.8,205.9,41.1,94.5
213,impersonator,2347.5,157.8,2028.3,1570.3,284.5,798.0,1495.2
2562,genuine,230.2,433.0,16.8,232.6,233.5,233.3,433.2
105,impersonator,147.1,299.8,37.6,62.5,1.0,215.9,209.7
4317,genuine,167.0,173.0,168.0,171.0,172.0,171.0,166.0
143,impersonator,2.0,193.3,237.1,107.2,59.0,378.8,2.0
88,impersonator,220.6,1.5,218.0,189.3,664.4,365.4,139.7
3361,genuine,164.0,169.0,167.0,167.0,166.0,167.0,168.0
1777,genuine,170.0,174.0,173.0,173.0,172.0,171.0,175.0
649,impersonator,44.3,128.5,601.0,779.5,1.0,1.0,2.0
668,impersonator,2.0,40.6,133.9,277.1,27.3,205.5,2.0
3186,genuine,167.0,168.0,167.0,166.0,169.0,168.0,167.0
450,impersonator,2.0,481.3,0.0,189.0,31.2,395.8,441.5
539,impersonator,89.3,177.0,500.8,151.4,64.8,12.8,255.1
4419,genuine,212.9,199.1,433.4,233.3,433.8,15.7,233.5
2852,genuine,168.0,172.0,175.0,172.0,172.0,171.0,174.0
4,impersonator,1812.7,1729.0,1914.0,72.6,2085.7,2023.6,1107.3
168,genuine,228.9,232.2,232.8,450.1,17.0,232.2,15.1
3419,genuine,328.0,8.0,325.0,335.0,167.0,168.0,166.0
273,impersonator,1911.9,1095.6,795.5,928.3,2099.9,1697.0,1725.8
136,genuine,167.0,171.0,169.0,169.0,169.0,167.0,167.0
124,impersonator,2.0,16.7,190.3,116.0,122.3,165.7,2.0
894,genuine,166.0,167.0,169.0,170.0,170.0,170.0,168.0
139,impersonator,486.7,1.5,296.2,554.2,308.3,64.7,243.1
1483,genuine,185.0,10.0,150.0,349.0,166.0,166.0,166.0
1792,genuine,15.8,1381.8,16.6,17.3,17.5,17.5,17.5
180,impersonator,679.9,2630.3,568.9,539.6,2266.3,2189.9,1251.0
363,impersonator,175.4,169.9,14.2,941.8,2.6,1.0,2.0
177,impersonator,749.7,2525.7,1194.5,17.9,2198.6,986.0,1742.9
708,impersonator,154.0,177.0,166.8,58.3,479.2,3.4,200.7
681,impersonator,2.0,57.9,236.7,178.1,133.4,6.0,2.0
1447,genuine,14.8,12.0,219.5,212.3,199.9,416.8,233.4
199,genuine,165.0,172.0,167.0,173.0,173.0,173.0,165.0
1823,genuine,230.6,433.2,16.5,233.1,233.2,416.7,16.0
66,impersonator,374.5,2617.7,1852.0,961.2,216.3,1626.4,431.4
3886,genuine,171.0,171.0,174.0,174.0,174.0,172.0,175.0
567,impersonator,49.1,233.1,235.2,353.8,14.8,23.2,43.1
2121,genuine,162.0,166.0,167.0,168.0,167.0,164.0,165.0
807,genuine,165.0,169.0,171.0,169.0,169.0,170.0,168.0
411,impersonator,2.0,36.2,357.5,451.7,89.3,215.4,2.0
2997,genuine,17.5,20.2,1174.6,620.3,24.5,22.2,20.5
1198,genuine,166.0,190.0,13.0,150.0,333.0,166.0,183.0
4403,genuine,1092.6,15.8,17.5,17.1,2072.2,20.4,41.2
1241,genuine,232.0,429.6,16.9,432.8,17.1,15.8,216.2
4051,genuine,15.4,40.4,49.8,34.4,87.6,96.2,43.5
623,genuine,168.0,170.0,169.0,172.0,170.0,170.0,166.0
1162,genuine,171.0,171.0,176.0,173.0,174.0,172.0,175.0
356,impersonator,1861.3,2108.3,1829.0,1542.2,157.6,171.2,838.3
429,impersonator,75.7,434.3,264.3,215.8,378.6,189.5,14.6
2603,genuine,14.3,20.5,545.9,1469.0,18.2,19.0,18.9
2775,genuine,15.0,16.9,783.1,17.0,17.7,1034.0,15.4
3781,genuine,163.0,184.0,153.0,171.0,8.0,166.0,333.0
596,impersonator,2.0,39.1,586.9,1172.1,12.1,29.8,2.0
118,impersonator,1395.2,1021.8,357.9,1312.2,1961.5,68.7,664.4
1740,genuine,164.0,166.0,165.0,167.0,165.0,167.0,167.0
2282,genuine,165.0,166.0,169.0,168.0,166.0,167.0,167.0
439,impersonator,54.6,145.6,446.0,96.9,21.2,6.0,37.5
603,impersonator,174.4,3.8,765.4,107.8,252.8,133.4,68.9
716,impersonator,296.1,481.5,20.8,142.2,257.7,217.7,48.6
158,impersonator,2.0,260.1,35.4,286.9,348.7,125.6,336.0
749,impersonator,143.8,30.2,0.0,33.8,184.9,61.2,54.1
3421,genuine,167.0,171.0,169.0,171.0,171.0,170.0,166.0
4262,genuine,212.9,417.0,233.2,233.0,216.7,233.6,232.7
207,genuine,168.0,171.0,171.0,171.0,173.0,171.0,166.0
2322,genuine,17.5,15.3,210.0,208.6,17.5,18.5,20.6
185,impersonator,1542.0,1853.1,130.1,1758.7,104.8,2346.6,1489.5
591,genuine,15.6,16.3,977.4,630.5,16.2,16.1,17.9
22,impersonator,2.0,21.4,126.8,165.5,517.8,18.9,2.0
1720,genuine,15.3,17.6,1007.7,18.9,15.9,17.5,16.9
1863,genuine,633.7,1711.1,18.7,17.4,18.3,76.9,77.4
467,impersonator,265.5,171.0,571.2,113.5,1.0,84.6,273.6
469,genuine,17.6,19.5,971.6,640.8,24.8,22.3,19.9
196,impersonator,2.0,29.0,105.1,344.2,519.1,134.5,2.0
265,impersonator,2274.3,1543.5,469.2,254.0,1894.3,2206.8,1446.0
377,impersonator,2.0,525.7,88.8,26.1,258.8,18.1,2.0
928,genuine,223.4,233.1,233.1,450.1,32.6,233.0,233.4
2721,genuine,17.6,19.3,18.1,964.3,416.3,19.2,19.0
2934,genuine,163.0,170.0,166.0,13.0,155.0,331.0,166.0
1913,genuine,2512.5,13.1,19.0,19.4,18.9,20.0,16.7
956,genuine,172.0,172.0,174.0,172.0,174.0,174.0,173.0
25,genuine,19.9,15.8,438.2,232.5,450.8,29.9,234.3
1134,genuine,13.1,234.9,233.0,232.5,233.3,233.2,450.3
521,impersonator,59.8,58.9,268.6,195.9,38.9,1.0,243.5
3224,genuine,180.0,175.0,154.0,172.0,169.0,170.0,168.0
439,impersonator,124.8,165.7,200.2,108.0,1.0,15.7,2.0
2937,genuine,13.1,12.7,229.1,199.0,217.4,416.9,450.3
3533,genuine,228.1,233.0,232.7,233.2,433.5,16.8,433.2
616,impersonator,6.0,1.5,128.1,630.9,50.0,1.0,104.7
345,impersonator,45.2,89.7,119.0,57.1,228.2,1.0,86.9
631,impersonator,146.0,93.4,274.5,1077.6,25.0,95.7,54.6
532,impersonator,131.5,14.5,893.1,12.6,89.7,36.3,173.7
3854,genuine,224.7,233.7,450.1,31.3,234.0,232.8,450.2
497,impersonator,182.6,799.8,15.3,59.4,1169.1,103.2,617.7
398,impersonator,107.7,285.7,756.1,235.2,112.4,192.4,191.6
122,impersonator,518.0,1.5,429.2,2.1,236.8,256.1,104.4
118,impersonator,2.0,58.5,1090.3,44.2,47.2,238.4,2.0
594,impersonator,2438.0,1331.2,699.0,366.7,1534.9,1648.7,2133.6
1434,genuine,211.1,216.4,416.5,233.2,233.4,433.4,16.6
3912,genuine,15.4,229.3,231.7,433.4,16.4,233.2,233.0
3091,genuine,167.0,11.0,159.0,332.0,168.0,166.0,165.0
2344,genuine,16.9,16.0,346.6,1472.3,16.9,20.8,15.8
745,impersonator,2.0,10.4,522.0,366.6,48.3,26.8,2.0
36,impersonator,511.4,502.6,0.0,256.5,185.9,84.8,167.6
770,genuine,431.5,16.5,31.4,65.1,30.7,54.1,86.5
579,impersonator,81.7,654.6,298.7,2.1,256.4,155.6,143.5
2492,genuine,166.0,178.0,236.0,101.0,171.0,170.0,166.0
1208,genuine,760.9,1476.5,18.3,19.3,49.7,32.0,107.9
44,impersonator,2.0,132.3,875.9,188.4,3.8,72.6,2.0
217,impersonator,189.9,103.9,704.3,541.9,1.0,226.2,310.2
200,impersonator,36.0,532.2,715.2,380.0,189.6,20.4,10.8
1152,genuine,166.0,185.0,156.0,172.0,169.0,171.0,170.0
52,impersonator,2.0,278.9,196.4,997.9,21.1,44.9,2.0
307,genuine,17.2,15.7,1379.5,212.4,16.8,19.7,20.8
4182,genuine,167.0,171.0,168.0,169.0,173.0,171.0,167.0
172,impersonator,20.3,272.3,143.5,749.1,38.0,293.9,421.7
454,impersonator,56.0,205.6,811.0,431.3,78.2,30.2,24.6
176,impersonator,239.6,177.7,80.1,111.0,477.5,43.4,253.0
281,impersonator,2.0,202.6,96.0,293.9,56.6,127.8,2.0
2610,genuine,10.0,179.0,319.0,172.0,11.0,167.0,334.0
4305,genuine,163.0,166.0,168.0,166.0,166.0,168.0,166.0
566,impersonator,127.5,89.1,408.8,547.4,58.9,138.1,3.0
2787,genuine,35.4,24.6,219.0,413.7,216.1,233.3,234.4
738,impersonator,2436.3,1544.0,111.4,1695.0,1957.3,2120.4,1778.2
242,impersonator,520.7,299.6,89.3,393.3,72.6,91.8,590.8
242,impersonator,1076.8,1266.7,238.5,854.3,2233.3,2220.3,653.0
521,impersonator,122.9,1471.2,2363.1,1645.2,1242.5,922.5,1508.6
569,impersonator,2.0,254.1,17.2,77.0,1249.4,168.6,2.0
167,impersonator,55.0,357.6,1674.0,1876.4,403.1,404.7,359.4
3455,genuine,228.9,231.5,232.4,450.4,15.8,233.2,233.3
2418,genuine,169.0,170.0,170.0,171.0,170.0,172.0,166.0
143,impersonator,149.4,223.5,161.5,81.9,141.4,556.8,494.9
4464,genuine,171.0,172.0,174.0,172.0,173.0,172.0,172.0
973,genuine,590.3,422.4,15.0,17.4,17.8,17.7,17.8
1634,genuine,164.0,185.0,149.0,171.0,170.0,170.0,169.0
2435,genuine,15.0,16.4,977.6,16.9,15.6,1046.4,16.9
3762,genuine,224.3,233.5,432.7,16.3,233.0,16.6,216.5
1,impersonator,343.9,1591.6,1663.4,500.6,575.9,613.1,681.2
198,impersonator,2.0,528.5,468.3,519.6,1.0,216.6,466.8
615,impersonator,336.4,257.8,208.8,178.9,99.5,129.3,94.2
513,impersonator,293.4,375.4,213.2,219.0,62.8,278.1,373.3
1472,genuine,164.0,179.0,152.0,169.0,169.0,29.0,151.0
545,impersonator,2.0,25.3,126.3,145.8,148.7,84.8,2.0
502,impersonator,51.2,164.7,349.6,50.6,260.9,154.1,165.4
4469,genuine,17.2,15.5,1402.7,18.4,13.3,18.0,17.9
2957,genuine,19.0,16.1,339.7,1263.5,15.7,16.4,15.9
348,impersonator,476.4,309.2,586.8,459.4,163.7,6.6,78.4
1684,genuine,19.4,1478.0,18.4,18.1,19.7,20.2,14.9
3918,genuine,167.0,188.0,157.0,169.0,171.0,169.0,171.0
262,impersonator,468.8,126.4,1537.5,383.5,20.0,227.7,160.4
1,impersonator,2.0,57.1,708.8,20.0,281.2,22.9,2.0
1071,genuine,169.0,173.0,174.0,171.0,173.0,172.0,175.0
358,impersonator,247.2,23.5,938.3,386.5,131.7,84.9,118.7
4420,genuine,169.0,170.0,169.0,171.0,173.0,172.0,166.0
2251,genuine,448.4,27.3,233.7,232.5,450.4,17.3,233.1
2956,genuine,162.0,168.0,166.0,166.0,168.0,166.0,164.0
2659,genuine,171.0,168.0,171.0,173.0,171.0,172.0,168.0
4187,genuine,164.0,175.0,158.0,168.0,170.0,12.0,167.0
500,impersonator,246.8,607.1,160.2,634.3,263.5,163.6,320.8
372,impersonator,209.6,457.2,391.4,2.1,320.3,255.1,2.0
4353,genuine,16.4,17.9,18.0,15.4,1158.5,17.4,17.6
484,impersonator,169.1,32.3,182.7,2072.8,137.0,185.8,200.4
1641,genuine,444.9,31.8,233.5,31.0,199.8,218.0,616.4
698,impersonator,210.4,1.5,209.3,196.3,180.1,467.4,96.6
3560,genuine,16.7,16.9,20.9,942.7,19.2,19.4,19.1
3622,genuine,13.5,231.6,233.4,433.0,16.9,232.8,433.2
21,impersonator,2451.0,1178.4,1919.5,2043.3,667.9,757.2,2414.5
471,impersonator,209.3,501.2,373.4,320.8,121.7,38.4,154.2
172,impersonator,2401.8,31.9,1873.9,2022.4,2112.8,1074.0,1043.3
1207,genuine,165.0,177.0,155.0,170.0,169.0,10.0,166.0
93,impersonator,171.5,319.7,295.2,708.3,89.0,170.1,2.0
2292,genuine,13.5,1597.2,26.1,16.2,17.9,13.7,1017.0
714,genuine,165.0,168.0,167.0,164.0,167.0,168.0,168.0
687,impersonator,842.0,1222.7,1672.3,1354.6,520.7,1998.4,1072.4
486,impersonator,266.0,280.9,804.2,98.1,64.5,127.2,225.9
235,impersonator,115.9,126.6,1071.1,852.4,1.0,234.7,134.8
2745,genuine,168.0,171.0,169.0,170.0,171.0,171.0,165.0
3337,genuine,15.8,18.4,1174.8,418.3,16.5,18.0,17.3
706,impersonator,130.3,388.3,283.1,544.6,28.7,117.5,15.7
365,impersonator,331.8,201.2,418.4,189.6,1.0,210.6,61.3
3219,genuine,37.0,63.2,2676.7,35.9,7.0,23.3,80.2
659,genuine,163.0,167.0,168.0,166.0,167.0,167.0,165.0
797,genuine,13.3,21.3,637.3,16.0,232.1,233.0,448.7
755,genuine,171.0,175.0,173.0,173.0,171.0,174.0,174.0
41,impersonator,28.3,171.2,913.2,490.9,1.0,175.4,2.0
2496,genuine,163.0,345.0,157.0,169.0,171.0,171.0,170.0
99,impersonator,74.9,553.6,74.4,132.0,355.0,155.7,147.8
1871,genuine,165.0,169.0,165.0,166.0,168.0,169.0,167.0
2046,genuine,163.0,169.0,167.0,165.0,168.0,168.0,168.0
377,impersonator,139.1,52.5,657.7,107.9,586.6,31.0,483.5
351,impersonator,400.4,237.4,242.5,230.5,119.9,163.8,157.9
572,impersonator,69.2,395.4,103.1,512.5,55.1,26.1,179.3
2163,genuine,17.6,17.3,978.6,419.6,16.1,17.3,832.8
36,impersonator,1813.1,1471.5,1849.0,652.5,1569.0,2217.6,1966.2
171,impersonator,406.6,102.1,1198.7,295.2,127.2,1.4,231.4
216,impersonator,372.4,388.2,2031.1,128.7,869.5,34.0,609.6
537,genuine,164.0,167.0,167.0,166.0,167.0,167.0,166.0
2897,genuine,593.7,17.1,17.2,2076.7,16.4,17.3,17.6
268,impersonator,291.8,261.9,313.2,3.3,293.6,33.5,358.2
2222,genuine,14.4,30.8,1786.3,18.6,16.9,17.5,16.4
2599,genuine,16.4,1570.6,17.6,18.3,18.4,18.4,18.4
705,genuine,16.9,21.1,1164.6,630.4,19.6,17.2,19.4
3468,genuine,786.5,206.7,15.4,18.7,18.5,18.3,18.5
744,impersonator,1772.3,776.5,1456.3,1795.9,998.9,680.5,1915.6
624,impersonator,2.0,129.4,1.7,617.3,562.0,86.6,2.0
4373,genuine,3.0,8.0,562.0,153.0,248.0,35.0,326.0
391,impersonator,50.2,219.8,229.2,13.4,146.2,130.4,41.4
359,impersonator,235.7,105.4,129.9,74.4,783.7,433.2,167.0
3264,genuine,168.0,192.0,152.0,170.0,168.0,170.0,169.0
2732,genuine,17.0,18.7,747.5,838.1,22.1,22.0,23.6
