,Feature 0,Feature 1,Feature 2,Feature 3,Feature 4,Feature 5,Feature 6,label
4317,179.7,158.7,175.1,168.5,179.0,182.3,187.8,impersonator
1175,164.0,168.0,167.0,14.0,151.0,330.0,167.0,genuine
897,185.0,156.3,175.6,169.3,179.6,143.4,180.8,impersonator
122,209.5,237.70000000000002,457.20000000000005,32.5,254.29999999999998,242.60000000000002,418.40000000000003,impersonator
2642,28.8,18.3,448.7,447.5,30.7,213.7,425.2,impersonator
53,216.6,629.9,15.6,433.4,16.0,232.8,233.5,genuine
819,40.2,35.5,20.6,939.6,40.900000000000006,38.3,0.0,impersonator
3097,413.6,16.0,216.1,617.0,16.5,232.9,233.3,genuine
311,229.9,16.0,216.4,199.7,216.5,633.9,16.4,genuine
2531,14.299999999999999,-2.0,6.4,630.0,26.5,21.0,3.5,impersonator
2811,167.1,183.9,156.7,152.2,156.1,166.5,154.2,impersonator
1429,49.3,113.0,865.6,1943.3,10.400000000000002,27.0,52.900000000000006,impersonator
3553,25.6,420.5,13.6,233.2,233.3,433.6,30.7,genuine
3476,18.4,17.9,1162.0,631.4,20.6,16.5,18.5,genuine
4084,182.7,201.0,140.4,171.5,30.6,188.0,339.6,impersonator
293,167.0,191.0,154.0,172.0,171.0,171.0,8.0,genuine
4267,231.0,429.9,17.1,233.3,233.4,416.6,16.4,genuine
3670,14.4,16.9,1169.1,16.9,17.2,17.2,18.1,genuine
3361,164.0,169.0,167.0,167.0,166.0,167.0,168.0,genuine
2634,209.3,413.2,37.1,227.6,443.6,31.0,451.0,impersonator
1332,442.2,1.4000000000000021,249.0,247.1,433.0,17.4,238.70000000000002,impersonator
434,168.7,191.6,170.2,167.6,153.2,181.5,160.4,impersonator
637,25.099999999999998,223.6,409.90000000000003,23.2,413.2,23.900000000000002,31.1,impersonator
2383,44.6,1608.2,37.099999999999994,801.4000000000001,21.5,39.099999999999994,1.3000000000000007,impersonator
1147,166.0,168.0,166.0,168.0,167.0,168.0,169.0,genuine
420,207.0,211.9,431.0,229.1,412.29999999999995,27.099999999999998,431.8,impersonator
3190,166.0,193.0,151.0,172.0,183.0,167.0,165.0,genuine
720,140.7,175.5,163.0,176.3,150.8,153.1,189.6,impersonator
1625,160.3,169.7,187.3,153.3,167.0,186.8,163.4,impersonator
4114,229.4,433.1,15.3,233.0,233.1,233.4,433.3,genuine
3613,1577.5,23.8,16.4,431.7,19.9,18.4,19.8,genuine
2239,173.6,171.8,180.9,183.3,177.8,145.0,185.7,impersonator
2998,174.3,195.6,156.7,159.3,172.3,183.8,172.2,impersonator
3369,16.6,21.6,1164.0,420.0,16.5,20.1,18.0,genuine
1102,154.5,168.8,187.6,145.3,162.8,27.8,166.9,impersonator
940,164.0,169.0,168.0,166.0,167.0,168.0,168.0,genuine
2157,-2.8999999999999986,3.5,204.9,211.9,194.29999999999998,208.0,422.09999999999997,impersonator
2686,164.0,170.0,167.0,167.0,168.0,167.0,169.0,genuine
2588,163.0,169.0,166.0,4.0,161.0,4.0,329.0,genuine
4222,461.0,8.299999999999997,228.60000000000002,226.29999999999998,462.5,-6.100000000000001,248.6,impersonator
269,22.0,-4.199999999999999,156.8,1287.1999999999998,35.7,12.600000000000001,17.1,impersonator
294,163.0,168.0,168.0,168.0,167.0,166.0,169.0,genuine
3504,165.0,167.0,169.0,167.0,168.0,169.0,169.0,genuine
2893,175.6,157.2,170.8,176.1,175.6,185.9,188.1,impersonator
2624,430.7,16.2,235.2,233.5,450.5,16.1,234.5,genuine
988,167.0,187.0,1.0,170.0,13.0,316.0,336.0,genuine
3264,144.7,215.9,135.8,177.7,163.5,172.6,174.6,impersonator
2708,100.5,1710.6000000000001,-3.6000000000000014,36.5,43.2,39.0,379.6,impersonator
1735,-3.3000000000000007,170.1,1898.8,18.3,11.2,30.4,19.3,impersonator
2381,131.8,19.6,119.1,25.8,82.2,31.6,96.4,genuine
3008,-4.300000000000001,13.8,92.8,1272.8,28.6,17.4,-3.3999999999999986,impersonator
2397,1994.6,407.8,28.8,2.1999999999999993,27.700000000000003,22.200000000000003,16.8,impersonator
2936,163.0,168.0,167.0,167.0,166.0,166.0,169.0,genuine
422,-1.0,15.299999999999999,55.400000000000006,89.30000000000001,32.2,90.7,115.9,impersonator
2732,17.0,18.7,747.5,838.1,22.1,22.0,23.6,genuine
2375,417.4,12.3,216.2,216.5,199.2,417.2,232.8,genuine
1037,18.9,237.29999999999998,218.39999999999998,248.6,436.20000000000005,25.5,255.2,impersonator
2384,171.0,175.0,175.0,175.0,171.0,172.0,173.0,genuine
2966,25.6,22.5,982.8000000000001,624.8,26.9,27.4,-2.5,impersonator
1410,-7.200000000000001,246.1,243.1,454.1,31.2,217.4,255.79999999999998,impersonator
1863,645.9000000000001,1713.5,34.6,29.5,8.100000000000001,68.9,100.30000000000001,impersonator
3447,165.0,167.0,167.0,167.0,166.0,165.0,169.0,genuine
3410,16.8,22.6,1583.3,18.7,18.8,20.9,179.1,genuine
478,42.4,224.7,249.9,233.1,32.7,215.8,617.1,genuine
1039,433.5,32.6,31.5,200.0,216.0,200.3,633.8,genuine
2199,6.0,159.0,332.0,166.0,165.0,168.0,167.0,genuine
2850,163.0,174.0,175.0,171.0,174.0,173.0,174.0,genuine
1333,2158.7,17.4,15.3,17.6,18.4,586.8,16.9,genuine
579,-7.299999999999999,-2.2,22.2,1008.1999999999999,20.5,9.2,36.5,impersonator
1202,166.0,168.0,167.0,168.0,166.0,169.0,168.0,genuine
3450,164.0,180.0,157.0,171.0,170.0,171.0,171.0,genuine
1117,3.8999999999999986,34.8,226.5,225.6,179.5,225.0,393.6,impersonator
2781,163.0,167.0,167.0,167.0,165.0,168.0,166.0,genuine
3257,47.0,-3.6999999999999993,29.7,6.300000000000001,24.799999999999997,1136.9,842.9,impersonator
1200,1434.2,34.8,239.5,32.8,-2.6000000000000014,35.4,-1.8000000000000007,impersonator
4427,86.6,55.7,75.0,36.1,112.8,63.9,31.0,genuine
1242,1602.8,21.9,16.6,19.6,19.3,20.0,19.7,genuine
64,166.0,172.0,169.0,170.0,172.0,171.0,165.0,genuine
84,227.1,233.9,29.7,200.2,216.2,417.7,233.0,genuine
2677,16.7,34.9,63.4,549.5,17.8,17.0,67.1,genuine
3781,145.7,168.1,162.0,191.2,5.3,167.6,311.8,impersonator
2815,17.6,236.7,440.0,-3.6999999999999993,241.4,227.8,426.6,impersonator
1880,249.4,239.60000000000002,455.2,11.3,443.59999999999997,13.8,226.2,impersonator
2864,150.0,336.0,168.0,166.0,9.0,159.0,331.0,genuine
4078,169.0,172.0,176.0,173.0,173.0,175.0,173.0,genuine
1431,230.7,447.0,16.9,232.7,233.1,433.6,16.5,genuine
3854,231.29999999999998,220.7,454.3,24.200000000000003,212.2,255.9,446.9,impersonator
4313,32.2,193.7,205.7,220.5,420.5,242.5,235.0,impersonator
2820,0.5,8.1,138.7,1031.0,18.5,39.5,2.0,impersonator
2697,181.0,172.0,157.0,172.0,168.0,168.0,170.0,genuine
797,28.6,9.9,662.1999999999999,20.2,240.29999999999998,213.8,458.8,impersonator
2028,177.1,173.6,174.6,181.2,185.7,158.3,165.2,impersonator
2058,161.1,142.2,155.4,187.5,144.2,175.8,188.2,impersonator
2925,170.0,174.0,174.0,173.0,173.0,173.0,174.0,genuine
4265,151.9,178.1,3.0,172.6,344.8,162.7,163.8,impersonator
2000,13.8,14.2,233.5,213.2,212.2,219.7,407.7,impersonator
361,62.4,2433.2,17.3,19.9,17.0,18.5,18.6,genuine
963,176.7,204.0,173.4,164.4,178.3,16.9,181.1,impersonator
2396,15.0,20.2,1199.9,18.4,17.0,18.7,17.8,genuine
1429,35.1,107.2,890.1,1923.0,17.1,17.0,64.7,genuine
4351,17.6,10.299999999999999,367.2,641.2,19.1,31.299999999999997,33.099999999999994,impersonator
3126,170.3,162.6,199.8,191.7,194.8,173.1,164.1,impersonator
1041,15.1,123.7,58.9,77.3,71.9,33.8,808.9,genuine
3951,166.0,191.0,153.0,169.0,171.0,170.0,170.0,genuine
3367,6.300000000000001,39.2,1767.8999999999999,6.0,12.0,16.2,30.2,impersonator
377,165.0,169.0,167.0,166.0,166.0,165.0,168.0,genuine
3000,168.7,181.4,150.4,193.6,183.0,149.2,166.9,impersonator
717,39.8,2.200000000000003,528.3,1254.8000000000002,7.700000000000001,1.6000000000000014,29.5,impersonator
3817,176.8,188.4,162.5,195.9,178.5,164.2,169.8,impersonator
2861,164.0,178.0,154.0,170.0,169.0,12.0,167.0,genuine
266,170.0,173.0,176.0,173.0,172.0,174.0,173.0,genuine
3529,20.0,14.8,1008.2,23.4,14.9,18.2,19.0,genuine
1460,186.7,181.9,153.1,193.6,188.4,161.4,185.1,impersonator
1179,23.7,218.5,225.9,253.2,230.6,210.4,23.299999999999997,impersonator
4493,164.0,169.0,168.0,170.0,168.0,169.0,170.0,genuine
2490,-9.999999999999998,208.2,452.8,39.6,228.6,236.60000000000002,430.8,impersonator
4465,164.0,167.0,169.0,166.0,166.0,166.0,167.0,genuine
1595,16.5,227.3,233.3,433.1,16.6,233.2,233.4,genuine
1449,230.7,430.0,16.6,433.0,16.5,233.0,233.2,genuine
874,15.5,16.6,1195.0,18.0,16.6,16.6,17.1,genuine
982,166.0,171.0,170.0,170.0,172.0,170.0,167.0,genuine
2049,230.3,433.4,16.4,233.2,16.3,216.6,200.0,genuine
3449,169.0,175.0,174.0,173.0,174.0,173.0,173.0,genuine
4282,-10.200000000000001,240.1,196.9,216.8,423.3,211.8,413.6,impersonator
399,428.6,37.6,-4.0,9.5,90.80000000000001,1729.5,-1.8999999999999986,impersonator
3108,168.9,176.4,166.3,179.5,186.9,181.6,189.5,impersonator
2317,1.9000000000000021,1693.4,26.9,37.8,433.5,35.599999999999994,13.7,impersonator
1474,17.8,18.6,975.3,632.6,17.9,17.0,19.4,genuine
938,167.0,171.0,169.0,173.0,171.0,169.0,167.0,genuine
2589,167.0,172.0,171.0,171.0,171.0,172.0,165.0,genuine
2765,14.0,229.7,432.3,16.5,231.7,233.2,433.4,genuine
553,165.0,166.0,168.0,167.0,167.0,167.0,168.0,genuine
2114,60.9,44.4,75.5,96.1,32.0,160.2,35.4,genuine
2372,165.0,167.0,168.0,16.0,150.0,333.0,168.0,genuine
1793,171.0,174.0,174.0,174.0,174.0,173.0,174.0,genuine
4478,204.6,451.0,223.3,441.09999999999997,31.900000000000002,219.0,220.8,impersonator
597,22.8,20.0,20.2,14.7,584.6,18.7,19.0,genuine
4111,17.4,20.2,1583.8,16.5,23.4,18.7,20.1,genuine
1988,170.0,171.0,169.0,172.0,171.0,172.0,169.0,genuine
469,33.2,23.4,968.0,626.0,5.600000000000001,-0.6999999999999993,27.5,impersonator
1343,203.29999999999998,213.8,30.599999999999998,208.89999999999998,203.5,425.6,14.4,impersonator
2120,161.1,179.8,177.8,195.1,176.3,161.9,165.5,impersonator
2089,51.8,1720.0,20.2,20.5,19.3,20.1,20.3,genuine
2798,169.0,175.0,173.0,172.0,173.0,174.0,175.0,genuine
2359,16.3,812.9,15.1,17.8,18.7,18.7,18.8,genuine
159,186.4,198.4,157.3,148.8,197.6,169.9,151.1,impersonator
1712,20.7,16.1,970.9,632.2,21.0,17.5,22.4,genuine
3627,174.89999999999998,214.3,408.90000000000003,54.3,202.4,210.0,218.0,impersonator
1803,185.6,176.1,188.9,148.9,157.0,157.6,198.6,impersonator
1962,485.7,46.2,248.2,243.6,450.4,32.4,232.7,genuine
1691,29.1,453.7,22.9,241.0,234.20000000000002,230.2,444.9,impersonator
2507,159.3,177.5,157.4,162.1,156.5,165.7,154.9,impersonator
3355,13.1,14.0,957.9,834.4,22.3,17.3,19.0,genuine
1479,163.0,168.0,165.0,168.0,167.0,167.0,168.0,genuine
640,184.7,169.6,186.7,193.8,178.1,176.0,191.2,impersonator
67,168.0,170.0,169.0,173.0,171.0,171.0,168.0,genuine
4405,381.7,17.6,59.1,99.8,34.6,40.7,88.0,genuine
2260,114.5,52.8,59.900000000000006,54.599999999999994,56.9,39.400000000000006,98.2,impersonator
1454,16.8,420.7,17.1,232.2,233.1,231.9,216.7,genuine
1753,29.2,46.9,16.6,2095.4,18.7,17.9,17.9,genuine
2147,164.0,179.0,154.0,172.0,170.0,170.0,169.0,genuine
3275,143.2,163.3,185.9,163.4,191.3,179.2,154.9,impersonator
3300,181.0,177.0,155.0,170.0,169.0,13.0,166.0,genuine
1071,173.3,195.7,167.8,152.4,190.1,155.4,155.4,impersonator
2845,164.0,186.0,156.0,171.0,170.0,171.0,169.0,genuine
1264,16.9,17.4,1414.3,18.0,16.1,21.1,17.2,genuine
2629,15.9,17.0,17.2,18.6,957.3,838.8,18.8,genuine
892,15.399999999999999,38.099999999999994,-6.0,1144.8999999999999,15.3,25.3,34.4,impersonator
1719,173.0,173.0,175.0,173.0,173.0,174.0,174.0,genuine
625,166.0,173.0,168.0,171.0,172.0,172.0,164.0,genuine
1889,20.7,13.400000000000002,779.9000000000001,860.2,28.1,8.399999999999999,6.699999999999999,impersonator
573,231.1,14.4,215.2,416.9,233.2,433.5,16.8,genuine
3994,210.0,211.4,206.6,630.8,3.5,243.20000000000002,37.4,impersonator
4452,16.3,17.0,1186.6,16.1,17.8,18.0,17.8,genuine
366,227.0,450.4,31.5,232.7,232.4,451.0,15.3,genuine
1253,171.0,184.0,162.0,175.0,171.0,174.0,172.0,genuine
2404,17.1,19.0,20.2,21.3,581.0,17.8,19.2,genuine
812,179.3,156.3,186.7,169.4,196.0,165.3,154.4,impersonator
2813,165.6,169.4,168.7,158.5,195.1,157.8,186.6,impersonator
461,164.0,186.0,156.0,171.0,171.0,171.0,169.0,genuine
2573,17.1,16.7,1579.1,18.8,16.5,17.7,18.8,genuine
752,17.3,11.2,214.8,433.5,233.2,233.2,432.9,genuine
2273,204.3,230.4,248.29999999999998,239.3,415.7,28.0,230.1,impersonator
994,171.0,195.0,156.0,178.0,3.0,180.0,342.0,genuine
2182,169.0,172.0,169.0,171.0,171.0,171.0,166.0,genuine
1450,26.1,17.5,767.8,399.59999999999997,24.3,36.7,16.5,impersonator
2391,2487.9,16.9,19.6,17.1,18.9,74.2,33.8,genuine
773,5.099999999999998,393.7,24.9,70.8,93.10000000000001,66.8,80.8,impersonator
4394,14.5,12.7,213.5,216.4,199.7,416.9,232.7,genuine
110,164.0,169.0,166.0,165.0,167.0,166.0,168.0,genuine
4459,169.0,174.0,174.0,173.0,173.0,171.0,173.0,genuine
466,144.6,150.3,168.1,189.4,181.6,183.0,152.8,impersonator
50,29.700000000000003,2108.3999999999996,26.900000000000002,31.6,412.1,41.3,-3.6999999999999993,impersonator
2458,161.9,187.8,147.4,185.1,170.6,169.1,168.7,impersonator
4465,160.9,184.6,155.2,187.6,169.7,152.7,152.3,impersonator
2661,164.0,168.0,166.0,165.0,167.0,165.0,169.0,genuine
1942,222.2,474.0,32.699999999999996,221.79999999999998,236.0,462.0,17.400000000000002,impersonator
1354,16.4,20.2,1346.7,633.7,21.5,16.4,18.3,genuine
2203,164.0,165.0,168.0,166.0,166.0,166.0,168.0,genuine
369,169.0,177.1,189.8,168.5,173.1,170.4,158.0,impersonator
566,-1.1999999999999993,616.0,20.0,10.3,50.900000000000006,2217.2,-8.7,impersonator
1042,14.7,18.9,969.0,630.7,16.0,16.6,16.6,genuine
2321,176.3,169.8,151.8,170.5,154.3,181.7,162.6,impersonator
1789,169.8,158.7,157.9,165.1,165.9,150.1,192.9,impersonator
809,18.2,15.6,26.7,64.3,698.4,18.7,18.3,genuine
1236,13.8,-6.100000000000001,622.1,226.5,23.700000000000003,17.9,19.6,impersonator
2323,1533.3,19.3,14.9,630.6,18.4,14.8,17.6,genuine
1894,29.2,12.899999999999999,220.0,206.1,201.2,227.6,403.2,impersonator
992,164.0,168.0,167.0,167.0,168.0,167.0,167.0,genuine
817,167.0,170.0,169.0,171.0,172.0,171.0,165.0,genuine
2168,1398.8,37.7,-3.299999999999997,7.400000000000002,30.599999999999998,6.4,16.2,impersonator
3934,18.0,20.9,21.6,947.2,627.9,21.3,21.5,genuine
2213,17.5,5.199999999999999,-0.40000000000000213,761.1999999999999,7.599999999999998,9.9,31.700000000000003,impersonator
303,13.3,231.8,433.4,16.2,233.2,232.8,433.2,genuine
1417,56.9,1911.1,253.6,20.9,20.1,40.1,77.8,genuine
722,141.2,151.3,160.5,162.1,179.5,174.1,188.7,impersonator
1985,-2.0,25.0,961.3,638.6999999999999,26.700000000000003,12.100000000000001,21.0,impersonator
1999,-6.599999999999998,1865.3,6.0,3.9000000000000004,15.7,833.5999999999999,39.7,impersonator
2289,167.0,171.0,168.0,170.0,171.0,173.0,166.0,genuine
2668,1213.4,17.8,17.6,18.1,18.3,2271.2,17.9,genuine
717,16.0,19.6,547.3,1256.9,17.8,18.1,18.5,genuine
1529,33.900000000000006,22.700000000000003,204.7,214.2,214.9,226.7,431.59999999999997,impersonator
2525,17.7,70.7,56.0,89.0,2009.6,19.8,17.4,genuine
285,171.0,172.0,173.0,177.0,173.0,173.0,172.0,genuine
2767,227.1,448.1,31.1,234.2,233.2,449.8,16.9,genuine
2635,115.8,157.3,327.6,28.8,183.0,165.1,159.6,impersonator
671,32.2,459.7,3.200000000000003,256.2,445.8,251.3,40.8,impersonator
3368,164.0,170.0,166.0,167.0,165.0,169.0,168.0,genuine
3761,215.4,413.6,232.5,16.2,217.9,415.7,232.9,genuine
526,14.4,15.7,1591.1,27.2,15.1,632.6,19.0,genuine
1464,170.0,174.0,173.0,174.0,172.0,173.0,173.0,genuine
2692,164.0,174.0,155.0,172.0,171.0,170.0,168.0,genuine
4093,30.0,70.1,82.8,1462.1000000000001,26.4,38.6,10.3,impersonator
213,162.9,172.2,152.5,184.3,169.8,153.0,155.1,impersonator
3893,172.0,173.0,174.0,173.0,174.0,173.0,174.0,genuine
3736,227.6,232.2,232.7,232.5,450.6,15.8,233.5,genuine
3391,14.9,18.9,336.9,1046.1,19.2,17.0,15.8,genuine
1591,172.0,172.0,174.0,174.0,174.0,173.0,174.0,genuine
1751,18.0,21.8,376.7,629.3,20.2,20.5,20.2,genuine
4481,13.4,232.2,233.0,233.0,233.0,233.3,16.3,genuine
3790,7.0,325.0,334.0,166.0,167.0,168.0,166.0,genuine
2606,164.0,178.0,156.0,172.0,169.0,169.0,170.0,genuine
4107,15.7,17.9,18.1,948.7,17.9,18.4,18.4,genuine
4108,173.7,183.8,155.8,166.3,169.9,18.5,142.4,impersonator
614,169.5,161.0,173.2,143.6,189.3,157.6,183.5,impersonator
2010,451.0,24.700000000000003,219.2,209.7,452.70000000000005,29.6,210.7,impersonator
1855,231.0,221.9,423.8,18.6,244.5,249.4,432.5,impersonator
1177,15.3,18.4,49.4,1548.8,16.4,18.2,17.6,genuine
1662,170.6,183.6,177.2,157.4,187.3,142.5,178.9,impersonator
1742,115.3,944.4000000000001,30.5,20.3,-7.100000000000001,28.9,2028.0,impersonator
4252,13.4,35.1,32.9,28.6,790.2,17.7,-4.300000000000001,impersonator
617,36.5,32.3,968.4,17.9,-4.700000000000003,26.299999999999997,28.6,impersonator
392,185.9,189.9,156.7,152.3,167.2,178.0,168.3,impersonator
3995,174.7,162.6,169.5,185.9,142.4,190.7,166.1,impersonator
3387,33.0,1802.1,16.6,20.5,20.1,20.1,19.9,genuine
3970,19.6,20.1,390.6,207.8,20.8,18.0,18.8,genuine
1316,182.0,170.0,157.0,171.0,169.0,14.0,166.0,genuine
2119,196.3,215.0,418.1,232.2,16.3,216.4,419.4,genuine
974,179.5,150.5,193.4,154.7,185.7,143.3,146.4,impersonator
3044,165.0,168.0,169.0,166.0,166.0,168.0,168.0,genuine
627,167.0,186.0,3.0,169.0,13.0,316.0,333.0,genuine
1405,230.3,232.7,233.1,433.1,16.7,232.6,233.5,genuine
1371,165.0,167.0,167.0,167.0,169.0,167.0,166.0,genuine
1049,188.0,224.9,105.4,142.3,171.8,197.8,167.0,impersonator
1568,208.8,432.6,34.5,247.8,256.0,242.7,473.4,impersonator
3134,167.3,150.9,164.4,193.2,195.2,152.6,193.7,impersonator
4294,428.9,16.0,233.4,233.1,16.4,216.1,417.1,genuine
896,413.2,231.1,451.1,29.2,234.6,233.3,233.0,genuine
3160,167.0,194.0,150.0,170.0,171.0,171.0,10.0,genuine
3289,32.4,1948.3,16.5,-8.8,215.2,30.0,14.1,impersonator
4139,167.0,173.0,168.0,173.0,170.0,171.0,164.0,genuine
3320,240.6,217.1,436.3,19.3,424.20000000000005,32.1,254.0,impersonator
3044,176.9,175.2,169.1,158.6,146.5,178.5,172.8,impersonator
568,167.0,188.0,157.0,170.0,168.0,170.0,169.0,genuine
4474,417.6,228.0,16.3,216.4,199.9,433.4,233.2,genuine
3540,195.1,210.0,436.20000000000005,248.5,471.2,28.1,232.7,impersonator
48,17.2,16.5,24.8,956.9,17.7,16.4,17.8,genuine
3188,184.3,167.7,161.3,158.8,171.4,157.6,183.0,impersonator
2875,-1.9000000000000004,32.4,784.6,622.8,11.399999999999999,16.6,439.6,impersonator
3706,-1.0999999999999979,16.0,4.299999999999997,1776.6,19.0,0.7000000000000011,1.7000000000000028,impersonator
1230,17.8,1887.5,19.9,52.6,96.0,69.7,20.3,genuine
1344,15.8,1169.2,631.7,15.5,18.0,17.8,18.6,genuine
2176,225.2,431.5,16.8,233.2,233.3,432.8,16.6,genuine
487,170.0,173.0,174.0,174.0,174.0,184.0,167.0,genuine
1776,226.7,233.0,233.0,232.7,233.5,232.8,233.3,genuine
2511,232.5,429.2,16.0,233.1,233.6,433.1,16.7,genuine
905,190.9,157.1,186.5,157.4,176.3,147.1,189.3,impersonator
3446,-4.9,31.5,1144.8000000000002,628.0,10.0,34.8,14.7,impersonator
56,161.8,148.2,177.2,156.4,191.2,160.0,171.0,impersonator
946,-4.1,1394.4,24.6,222.2,35.3,6.299999999999999,811.0,impersonator
4284,230.3,229.9,447.8,20.1,9.6,200.8,220.70000000000002,impersonator
357,197.6,165.9,188.8,173.2,165.6,181.1,174.3,impersonator
208,12.5,235.7,232.7,232.3,434.6,15.3,233.7,genuine
3671,166.0,169.0,169.0,169.0,168.0,168.0,170.0,genuine
198,214.1,415.6,232.9,232.3,434.3,15.5,234.1,genuine
2029,426.2,-6.299999999999999,216.4,251.0,440.79999999999995,-4.699999999999999,252.5,impersonator
4495,165.0,172.0,171.0,170.0,172.0,169.0,166.0,genuine
1728,166.0,167.0,168.0,167.0,167.0,166.0,169.0,genuine
1011,172.0,173.0,172.0,173.0,174.0,173.0,173.0,genuine
4021,181.0,148.3,182.7,179.1,144.3,143.8,179.2,impersonator
3036,153.2,172.2,165.3,152.5,153.2,193.3,190.8,impersonator
2108,-1.8000000000000007,538.3,-7.0,25.5,55.699999999999996,80.7,76.9,impersonator
2101,158.9,175.5,153.0,173.2,161.8,175.4,158.7,impersonator
2789,164.0,166.0,167.0,165.0,164.0,168.0,166.0,genuine
3703,17.9,18.1,982.7,630.5,27.3,18.5,21.3,genuine
2193,168.0,188.0,154.0,171.0,168.0,11.0,167.0,genuine
3162,166.0,171.0,171.0,172.0,173.0,171.0,166.0,genuine
1991,165.0,169.0,165.0,167.0,167.0,169.0,168.0,genuine
2933,16.3,16.6,770.9,626.5,17.2,17.5,17.8,genuine
1444,442.0,5.299999999999999,256.4,226.8,236.9,11.5,203.7,impersonator
2800,177.1,170.5,163.6,183.5,189.0,15.7,153.8,impersonator
416,167.0,169.0,170.0,170.0,168.0,171.0,167.0,genuine
1931,158.3,172.9,170.7,151.7,196.0,164.4,151.3,impersonator
2723,40.800000000000004,1660.9,12.600000000000001,20.7,64.9,806.7,8.5,impersonator
75,225.0,243.79999999999998,410.6,32.5,244.8,13.899999999999999,215.1,impersonator
4208,12.6,432.8,12.4,233.2,233.3,233.4,16.1,genuine
1531,172.4,190.8,169.9,150.0,153.7,167.0,179.5,impersonator
4295,191.6,171.8,165.7,171.9,173.1,155.1,147.8,impersonator
4378,6.000000000000002,23.3,778.6999999999999,640.7,37.2,410.7,25.6,impersonator
9,-4.100000000000001,746.6999999999999,36.4,17.7,26.700000000000003,42.0,48.99999999999999,impersonator
2504,172.7,162.2,155.6,151.9,155.1,169.3,177.9,impersonator
1464,188.8,160.0,192.7,165.8,165.0,169.5,176.4,impersonator
409,169.0,173.0,173.0,172.0,173.0,173.0,174.0,genuine
1083,188.4,183.7,178.8,171.0,151.1,163.2,156.8,impersonator
2266,779.3,626.9,20.9,16.9,16.4,17.4,18.7,genuine
2217,170.0,173.0,174.0,174.0,172.0,172.0,173.0,genuine
1045,170.0,174.0,168.0,172.0,171.0,171.0,165.0,genuine
1573,17.3,1386.0,422.9,23.0,34.900000000000006,11.099999999999998,-3.3999999999999986,impersonator
944,240.9,241.9,421.09999999999997,22.6,222.7,-0.09999999999999787,210.3,impersonator
1241,232.0,429.6,16.9,432.8,17.1,15.8,216.2,genuine
87,15.2,149.9,837.1,17.2,18.0,18.5,18.2,genuine
1108,189.7,172.9,185.8,175.0,175.2,172.6,171.0,impersonator
1776,215.2,222.7,239.3,227.6,217.3,226.10000000000002,222.8,impersonator
1373,210.2,438.8,-3.0,220.3,38.2,226.29999999999998,184.9,impersonator
1532,-6.899999999999999,151.9,313.5,181.5,145.4,149.8,167.9,impersonator
180,170.0,174.0,174.0,172.0,173.0,172.0,175.0,genuine
71,166.0,189.0,154.0,171.0,169.0,11.0,167.0,genuine
3037,164.0,168.0,167.0,165.0,167.0,166.0,168.0,genuine
19,17.1,19.0,17.6,963.3,18.5,19.1,19.2,genuine
1309,13.2,432.8,16.2,233.2,233.4,433.4,16.7,genuine
1455,221.0,239.6,217.0,420.59999999999997,418.1,11.3,412.1,impersonator
2821,157.2,170.0,156.8,175.0,150.2,188.9,174.4,impersonator
3133,399.3,420.6,15.5,17.8,17.4,17.8,17.8,genuine
1693,161.0,180.0,154.4,174.7,184.6,170.2,144.6,impersonator
3887,23.400000000000002,20.099999999999998,42.1,6.800000000000001,49.50000000000001,56.5,45.9,impersonator
2209,170.0,172.0,174.0,172.0,171.0,173.0,173.0,genuine
604,156.0,334.0,165.0,167.0,169.0,168.0,169.0,genuine
4047,-11.899999999999999,191.8,233.5,225.9,430.9,208.8,442.2,impersonator
3922,170.0,175.0,174.0,172.0,174.0,175.0,173.0,genuine
4479,205.0,140.0,153.0,170.0,171.0,11.0,169.0,genuine
593,164.0,167.0,167.0,168.0,168.0,167.0,167.0,genuine
3163,230.1,453.6,231.6,16.1,233.3,450.0,16.0,genuine
1631,166.0,168.0,167.0,167.0,167.0,169.0,168.0,genuine
511,171.0,171.0,173.0,172.0,171.0,174.0,174.0,genuine
3982,241.6,181.29999999999998,206.3,194.7,186.8,423.3,7.100000000000001,impersonator
1696,184.6,174.0,156.1,148.6,182.6,160.1,167.4,impersonator
1523,39.900000000000006,25.4,34.9,961.3,629.6999999999999,17.3,29.0,impersonator
600,164.0,180.0,155.0,170.0,170.0,169.0,169.0,genuine
3776,164.0,167.0,166.0,16.0,151.0,332.0,168.0,genuine
2958,163.0,176.0,155.0,172.0,169.0,168.0,169.0,genuine
2658,12.600000000000001,8.599999999999998,786.3,440.4,-5.0,17.099999999999998,12.399999999999999,impersonator
2702,113.0,1146.3999999999999,19.7,40.599999999999994,37.9,47.699999999999996,19.9,impersonator
2983,166.0,169.7,137.5,193.3,185.5,-2.0,164.3,impersonator
3810,139.4,199.0,128.3,183.2,191.3,159.0,154.3,impersonator
2797,157.7,191.1,154.4,165.2,157.1,185.5,157.5,impersonator
276,166.1,190.6,31.6,156.8,336.7,188.8,147.1,impersonator
540,19.3,18.7,979.6,420.9,21.2,641.4,28.2,genuine
1469,-0.3000000000000007,220.9,231.5,421.1,34.400000000000006,256.2,226.5,impersonator
1110,13.4,441.5,32.2,232.5,232.9,450.9,15.4,genuine
4399,169.0,173.0,175.0,174.0,175.0,171.0,171.0,genuine
1644,181.7,150.0,159.9,160.2,176.6,185.6,152.1,impersonator
2627,226.8,450.6,31.3,31.9,199.7,216.7,617.7,genuine
1154,177.9,187.7,154.8,176.3,187.8,165.0,170.6,impersonator
394,230.7,232.7,449.4,32.9,234.2,232.3,232.3,genuine
4455,29.0,12.8,2.6000000000000014,971.1,406.9,-7.199999999999999,623.1999999999999,impersonator
267,234.3,428.0,15.4,233.4,233.4,434.1,15.9,genuine
1631,184.8,185.3,167.3,160.0,148.8,177.2,186.2,impersonator
2244,171.0,172.0,174.0,173.0,173.0,174.0,173.0,genuine
3145,153.7,178.5,163.9,189.2,186.8,162.0,170.4,impersonator
2207,234.1,228.4,233.4,433.2,16.6,233.6,233.0,genuine
3556,231.4,446.2,16.9,232.7,233.3,232.9,233.4,genuine
4253,170.0,173.0,175.0,172.0,174.0,173.0,175.0,genuine
1052,14.2,229.2,234.3,232.5,200.4,233.3,433.3,genuine
3184,165.0,168.0,166.0,166.0,168.0,167.0,169.0,genuine
3872,-7.300000000000001,34.8,447.6,447.4,14.100000000000001,258.4,223.5,impersonator
3824,8.4,40.4,28.4,14.7,1129.0,17.099999999999998,11.7,impersonator
2044,20.8,1.7999999999999972,1579.9,27.2,18.599999999999998,35.0,23.2,impersonator
2499,18.0,26.3,194.1,193.5,209.89999999999998,423.5,256.2,impersonator
3783,167.0,167.0,171.0,169.0,168.0,184.0,182.0,genuine
2789,154.3,186.2,170.5,155.6,169.4,151.6,158.3,impersonator
1589,10.9,25.0,27.0,25.299999999999997,982.6999999999999,4.9,-8.099999999999998,impersonator
4145,172.0,172.0,174.0,175.0,173.0,173.0,173.0,genuine
1897,233.7,228.0,232.0,200.2,233.1,233.6,433.1,genuine
1383,818.1999999999999,38.9,4.999999999999998,7.100000000000001,12.400000000000002,85.10000000000001,52.6,impersonator
1050,196.5,166.8,170.8,168.0,196.9,160.5,179.1,impersonator
3997,21.4,1408.5,16.4,20.3,19.9,19.9,20.3,genuine
1628,167.0,168.0,168.0,169.0,167.0,168.0,168.0,genuine
1695,225.8,232.0,433.9,15.6,233.6,233.2,233.0,genuine
859,162.0,178.0,153.0,170.0,169.0,13.0,167.0,genuine
3466,17.4,16.8,1610.6,16.0,18.5,18.7,18.3,genuine
3958,9.3,1014.5,624.1,14.799999999999999,9.700000000000001,-3.3999999999999986,858.1,impersonator
2725,159.3,168.0,172.7,172.9,150.5,184.1,174.9,impersonator
1626,169.3,178.5,138.3,188.7,4.8,171.0,330.2,impersonator
3851,164.5,185.8,159.7,162.8,160.6,144.9,141.2,impersonator
3373,179.0,171.2,174.2,186.4,151.7,176.2,157.9,impersonator
673,168.0,170.0,170.0,173.0,169.0,173.0,167.0,genuine
1933,229.9,433.4,16.2,233.1,233.9,432.7,16.5,genuine
3285,213.4,434.5,226.29999999999998,222.0,219.4,235.2,446.7,impersonator
2481,17.1,19.3,964.3,421.1,16.2,18.1,18.1,genuine
3911,211.29999999999998,245.70000000000002,27.5,226.60000000000002,182.3,426.20000000000005,37.4,impersonator
2846,6.200000000000001,20.200000000000003,984.4,632.6,35.3,5.6,28.9,impersonator
4196,40.599999999999994,39.599999999999994,977.1,393.3,2.3000000000000007,17.099999999999998,42.2,impersonator
1516,423.3,1469.7,15.8,16.9,46.4,64.1,59.4,genuine
3919,15.6,1574.0,15.6,31.1,30.3,12.2,15.8,impersonator
4362,173.0,173.0,174.0,173.0,173.0,173.0,173.0,genuine
913,431.5,14.8,232.6,233.2,16.3,216.7,416.9,genuine
3138,165.0,166.0,167.0,167.0,166.0,165.0,169.0,genuine
1913,2512.5,13.1,19.0,19.4,18.9,20.0,16.7,genuine
4408,15.5,14.5,1396.8,17.0,15.4,17.0,17.2,genuine
1468,171.0,172.0,175.0,171.0,174.0,175.0,171.0,genuine
3235,426.7,26.1,237.6,40.1,192.4,211.3,228.1,impersonator
2569,596.5,445.29999999999995,34.599999999999994,10.2,28.1,12.4,26.2,impersonator
1409,27.5,2584.4,34.7,102.5,94.1,73.89999999999999,67.9,impersonator
4495,153.4,160.0,192.6,152.6,168.8,180.1,189.6,impersonator
3410,16.3,7.600000000000001,1575.7,32.8,31.0,17.799999999999997,182.5,impersonator
2100,39.1,23.700000000000003,1003.2,8.0,26.4,35.5,-3.299999999999997,impersonator
3017,234.6,245.1,449.90000000000003,17.8,243.3,229.8,450.7,impersonator
3147,247.4,234.0,203.9,36.0,224.9,236.7,208.5,impersonator
2872,231.70000000000002,453.6,2.400000000000002,-8.100000000000001,238.9,188.5,237.3,impersonator
2378,-1.4000000000000004,112.0,316.8,2146.5,-9.200000000000001,19.5,180.79999999999998,impersonator
701,1189.1999999999998,415.0,41.0,15.6,-3.6000000000000014,-1.6999999999999993,19.5,impersonator
754,171.0,172.0,172.0,172.0,172.0,175.0,174.0,genuine
948,141.2,167.7,151.1,141.6,143.5,168.9,170.3,impersonator
4468,170.0,173.0,176.0,173.0,174.0,174.0,174.0,genuine
4069,13.8,13.0,346.8,1260.8,16.2,16.7,621.0,genuine
735,1052.1999999999998,28.299999999999997,25.5,25.6,-0.5999999999999979,20.599999999999998,-3.099999999999998,impersonator
2790,15.2,16.9,17.3,1167.9,19.1,17.4,21.7,genuine
542,25.700000000000003,20.1,1190.3,607.5,35.6,1.5999999999999996,9.400000000000002,impersonator
1909,13.7,30.6,-6.800000000000001,958.2,25.5,37.1,30.0,impersonator
180,176.9,196.3,149.9,169.3,188.6,154.7,189.4,impersonator
3408,-3.700000000000001,19.2,1647.8000000000002,19.1,-8.5,214.0,27.8,impersonator
726,1394.2,0.6999999999999993,26.799999999999997,9.0,19.7,0.29999999999999716,8.299999999999999,impersonator
1185,165.0,168.0,167.0,12.0,154.0,334.0,165.0,genuine
16,166.0,168.0,169.0,167.0,163.0,167.0,166.0,genuine
1805,174.9,173.9,174.7,145.1,176.3,145.4,171.8,impersonator
365,184.3,186.0,166.0,187.8,158.5,187.3,182.2,impersonator
888,182.7,172.3,165.3,183.1,194.1,179.4,174.7,impersonator
679,173.0,176.0,176.0,4.0,170.0,11.0,335.0,genuine
3530,166.0,168.0,167.0,13.0,154.0,334.0,167.0,genuine
1718,36.8,252.2,215.5,213.9,421.59999999999997,18.2,-3.3000000000000007,impersonator
2151,394.8,219.2,252.1,256.1,208.9,408.79999999999995,-6.5,impersonator
3180,414.0,16.1,216.6,199.9,416.8,233.0,233.3,genuine
88,230.39999999999998,446.7,42.0,246.5,222.5,437.3,5.199999999999999,impersonator
3699,164.0,166.0,169.0,166.0,165.0,166.0,168.0,genuine
825,2112.8,19.9,18.4,19.3,19.2,19.2,19.1,genuine
32,162.8,159.0,153.6,157.0,146.2,185.2,177.2,impersonator
2398,169.0,173.0,175.0,171.0,174.0,173.0,173.0,genuine
2265,148.6,184.6,151.2,168.1,158.2,187.1,188.8,impersonator
908,446.4,33.2,256.4,29.8,215.8,216.7,418.4,genuine
182,425.5,15.5,232.7,232.8,233.4,433.1,16.6,genuine
2206,16.1,15.4,1381.2,16.2,15.9,16.8,17.2,genuine
766,171.0,175.0,173.0,172.0,172.0,173.0,173.0,genuine
3026,41.1,33.3,762.3000000000001,37.1,-2.299999999999997,6.4,9.599999999999998,impersonator
2372,177.7,190.1,162.8,3.8000000000000007,129.5,312.7,182.0,impersonator
2548,165.0,185.0,155.0,171.0,169.0,167.0,171.0,genuine
4310,178.2,152.5,149.4,171.1,192.9,183.5,172.5,impersonator
1848,-2.5,208.4,223.20000000000002,214.7,201.1,438.5,251.6,impersonator
2330,10.6,229.5,217.0,232.7,233.3,450.0,15.4,genuine
1351,164.0,167.0,167.0,165.0,167.0,165.0,166.0,genuine
4073,226.9,233.1,449.9,31.4,233.7,234.1,232.7,genuine
2869,14.7,17.3,18.2,388.6,3.9,17.0,18.5,genuine
2623,167.0,11.0,158.0,331.0,167.0,167.0,169.0,genuine
1953,12.9,587.9,415.3,16.2,16.5,17.1,16.6,genuine
296,173.0,174.0,175.0,171.0,174.0,173.0,172.0,genuine
1665,150.6,152.8,183.2,157.1,183.3,173.6,180.6,impersonator
563,216.20000000000002,210.0,209.4,224.6,442.4,-3.8999999999999986,238.6,impersonator
2807,233.2,429.0,16.9,16.1,216.6,199.8,633.7,genuine
794,240.6,461.5,11.9,209.8,241.9,219.0,409.3,impersonator
2479,22.0,14.8,208.3,209.1,19.3,19.1,19.5,genuine
81,167.0,187.0,156.0,170.0,169.0,17.0,166.0,genuine
1686,325.9,191.7,168.4,-15.7,157.9,-19.4,342.0,impersonator
2804,156.7,177.1,170.8,162.0,176.4,185.9,155.5,impersonator
426,871.7,15.3,32.7,17.400000000000002,57.300000000000004,39.5,36.5,impersonator
2290,171.0,174.0,173.0,172.0,172.0,173.0,173.0,genuine
1097,28.0,-3.6000000000000014,766.9,441.09999999999997,9.899999999999999,22.5,-6.400000000000002,impersonator
3755,410.8,20.5,252.8,241.0,444.59999999999997,33.9,212.3,impersonator
3884,16.3,19.8,992.4,212.8,16.6,17.8,18.9,genuine
3935,14.0,16.0,1377.1,641.4,24.1,14.6,18.2,genuine
3783,171.0,187.0,195.0,148.1,170.3,170.5,192.5,impersonator
1842,28.8,141.2,-10.200000000000001,190.0,81.8,93.7,33.300000000000004,impersonator
1232,178.9,151.1,183.9,174.1,189.5,173.3,151.9,impersonator
1723,107.3,1792.5,13.3,17.4,20.7,406.4,812.7,genuine
2645,158.8,166.5,152.4,157.1,150.6,153.9,177.0,impersonator
1314,209.6,230.4,16.5,216.4,200.1,216.6,634.4,genuine
253,15.2,16.8,1169.8,629.6,17.5,16.0,17.1,genuine
2175,166.0,169.0,169.0,171.0,168.0,170.0,167.0,genuine
4482,256.8,244.4,455.1,13.799999999999999,455.3,34.8,256.9,impersonator
2452,2.799999999999997,230.9,433.20000000000005,24.599999999999998,213.5,255.29999999999998,436.7,impersonator
944,233.8,228.4,433.4,16.0,233.7,16.1,216.4,genuine
3494,-1.2999999999999972,10.7,1404.3000000000002,13.900000000000002,15.299999999999999,-4.5,23.9,impersonator
3419,345.1,4.7,328.0,316.7,171.4,184.3,177.8,impersonator
499,181.8,144.8,183.3,12.7,136.6,328.3,159.9,impersonator
4461,-2.5,982.0,29.8,432.6,32.1,34.599999999999994,13.899999999999999,impersonator
3382,232.5,229.7,216.9,233.2,233.3,233.3,433.3,genuine
4199,16.7,18.8,978.0,631.5,19.7,17.4,18.4,genuine
891,179.3,148.0,167.7,182.3,174.9,179.4,177.5,impersonator
3265,163.0,180.0,154.0,170.0,172.0,8.0,166.0,genuine
3340,186.0,162.1,188.0,177.4,146.9,169.2,159.0,impersonator
3200,18.9,13.8,18.8,19.6,941.1,18.5,18.6,genuine
3150,226.1,450.2,31.4,234.0,232.9,451.0,15.8,genuine
1646,5.3,826.6,15.900000000000002,35.599999999999994,24.9,2293.5,-0.6999999999999993,impersonator
2097,4.0,435.1,25.6,249.2,12.0,232.6,181.9,impersonator
3521,19.2,1398.5,17.6,2.1999999999999993,26.799999999999997,25.0,814.9,impersonator
685,192.7,169.9,189.1,188.3,152.4,153.0,188.4,impersonator
4445,204.8,178.1,424.7,234.3,254.70000000000002,441.6,10.3,impersonator
3565,15.8,20.5,784.9,631.5,18.4,16.6,18.8,genuine
3129,140.4,182.6,160.8,174.4,174.3,163.7,164.4,impersonator
2834,-0.8000000000000007,34.4,793.3000000000001,441.5,9.8,23.9,7.9,impersonator
3021,448.79999999999995,29.0,222.0,250.6,213.7,197.29999999999998,234.7,impersonator
990,405.3,38.9,226.39999999999998,229.0,419.0,-7.199999999999999,448.79999999999995,impersonator
4401,146.3,173.5,158.7,175.0,191.4,166.7,25.1,impersonator
2654,18.9,39.6,1332.0,17.9,20.8,20.5,17.2,genuine
1064,170.0,173.0,174.0,173.0,175.0,175.0,172.0,genuine
37,16.9,19.4,1586.0,17.2,19.3,19.0,21.0,genuine
1713,225.3,447.0,10.400000000000002,15.8,227.70000000000002,176.1,221.0,impersonator
1961,49.6,70.9,56.8,97.2,70.9,1918.9,15.4,genuine
3105,27.2,33.3,220.79999999999998,202.8,435.40000000000003,255.1,421.90000000000003,impersonator
225,191.9,192.2,197.8,195.5,154.3,155.4,157.1,impersonator
4036,-2.200000000000001,-2.3000000000000007,949.1999999999999,860.6,31.0,7.799999999999999,14.999999999999998,impersonator
1249,17.2,1392.0,20.1,19.4,20.5,19.7,21.0,genuine
1145,233.5,467.0,14.100000000000001,225.1,210.0,452.40000000000003,16.0,impersonator
3191,629.8,15.8,233.3,232.3,433.5,16.4,233.3,genuine
3147,232.1,229.2,217.1,16.3,216.4,216.6,199.7,genuine
2069,1355.5,17.0,20.1,16.6,18.2,18.4,31.0,genuine
2604,12.2,1820.1,5.200000000000001,40.2,-3.3000000000000007,10.399999999999999,20.2,impersonator
785,414.9,14.4,215.4,216.5,416.8,433.4,16.8,genuine
2034,167.0,168.0,170.0,169.0,169.0,169.0,167.0,genuine
1435,184.9,172.5,161.2,197.3,182.9,150.4,158.2,impersonator
1597,183.0,13.0,149.0,350.0,167.0,166.0,168.0,genuine
1772,170.4,149.3,192.3,157.3,169.3,171.0,183.8,impersonator
2068,446.4,29.8,233.2,230.8,450.8,15.1,234.2,genuine
482,223.2,443.2,51.8,245.60000000000002,216.4,472.5,24.7,impersonator
3649,186.0,8.0,149.0,350.0,166.0,166.0,168.0,genuine
3657,-6.300000000000001,1406.8999999999999,18.700000000000003,34.8,31.6,9.1,1.5,impersonator
1552,16.7,21.1,17.9,392.5,18.5,20.7,17.6,genuine
3023,169.8,148.4,175.3,149.1,151.5,195.6,145.7,impersonator
2672,15.9,228.2,233.0,199.8,233.2,233.4,433.2,genuine
1384,180.0,181.0,148.0,172.0,167.0,15.0,167.0,genuine
4477,241.6,425.5,46.7,249.70000000000002,218.20000000000002,213.29999999999998,437.6,impersonator
1530,165.0,167.0,171.0,167.0,168.0,169.0,169.0,genuine
3936,170.0,168.0,169.0,174.0,179.0,165.0,173.0,genuine
626,167.2,178.2,135.3,157.5,175.7,30.4,161.4,impersonator
4108,179.0,180.0,153.0,168.0,169.0,13.0,167.0,genuine
2208,159.0,336.0,168.0,165.0,17.0,149.0,332.0,genuine
1493,185.5,195.9,153.5,177.8,173.9,168.9,185.3,impersonator
2747,19.0,13.3,1.3999999999999986,36.900000000000006,1135.9,28.2,10.599999999999998,impersonator
4079,16.3,18.3,41.3,1560.0,21.2,16.2,19.5,genuine
2060,224.7,231.4,233.5,433.2,16.6,233.3,232.5,genuine
2192,18.4,21.2,1579.9,17.5,20.9,20.7,22.0,genuine
811,34.8,34.900000000000006,801.6,609.1999999999999,32.0,21.5,13.4,impersonator
187,230.3,231.5,233.6,233.0,433.5,14.8,433.5,genuine
1246,165.4,163.6,185.2,193.1,151.4,184.5,173.7,impersonator
543,158.7,152.7,143.8,158.5,178.6,155.1,171.9,impersonator
243,12.2,1370.5,208.6,17.5,17.0,16.5,17.7,genuine
3791,14.4,357.5,840.2,15.7,16.9,17.8,15.8,genuine
864,165.0,168.0,166.0,168.0,166.0,167.0,168.0,genuine
354,155.2,200.4,-3.1999999999999993,131.6,348.2,164.6,174.3,impersonator
2240,39.9,1265.8,37.2,-1.0999999999999979,-8.2,15.3,-7.0,impersonator
4444,7.0,188.0,11.0,317.0,333.0,167.0,166.0,genuine
824,14.6,15.4,164.6,841.8,15.6,17.7,17.3,genuine
4101,163.2,202.5,142.4,168.7,144.0,188.1,185.3,impersonator
1502,224.5,214.70000000000002,257.2,441.2,9.499999999999998,7.4,213.9,impersonator
4271,166.0,192.0,152.0,171.0,170.0,10.0,167.0,genuine
3505,14.5,215.2,216.79999999999998,31.700000000000003,237.6,186.60000000000002,452.2,impersonator
4097,230.1,233.1,233.2,433.5,16.5,233.3,233.3,genuine
2277,19.1,940.1999999999999,425.40000000000003,-7.0,9.400000000000002,9.500000000000002,44.7,impersonator
1079,164.0,185.0,153.0,171.0,171.0,170.0,171.0,genuine
541,220.7,209.29999999999998,201.1,213.9,244.2,256.7,448.90000000000003,impersonator
3448,236.7,224.5,244.29999999999998,5.6,210.70000000000002,192.9,235.6,impersonator
2809,170.0,172.0,175.0,173.0,173.0,173.0,174.0,genuine
765,503.4,19.4,23.0,1864.2,32.099999999999994,1.0,40.7,impersonator
1885,28.8,33.9,1370.1,23.6,11.4,-6.299999999999997,37.099999999999994,impersonator
1559,160.5,154.7,147.1,144.4,142.3,180.7,169.4,impersonator
3791,-5.200000000000001,382.3,830.2,-5.800000000000001,14.7,-5.699999999999999,-1.0999999999999979,impersonator
421,222.0,395.9,212.2,440.40000000000003,31.799999999999997,217.3,235.70000000000002,impersonator
2240,15.2,1241.3,15.3,16.8,16.6,17.5,17.8,genuine
3241,15.1,42.3,1154.3,648.4,12.900000000000002,39.7,36.7,impersonator
2451,162.0,181.7,180.7,150.7,179.1,188.6,180.4,impersonator
1867,168.7,203.4,-15.899999999999999,137.5,343.1,147.9,146.1,impersonator
2611,15.6,96.3,48.1,657.1,17.1,17.4,18.6,genuine
402,165.0,169.0,166.0,165.0,167.0,169.0,168.0,genuine
260,171.1,150.9,159.7,188.9,158.8,150.9,181.9,impersonator
1462,234.7,423.6,239.6,426.8,29.5,231.0,239.5,impersonator
46,181.1,181.9,165.0,171.8,170.0,143.2,177.6,impersonator
1534,14.0,13.6,228.6,216.0,199.8,215.6,199.6,genuine
1291,19.2,581.6,416.5,17.6,17.9,18.0,20.5,genuine
1867,169.0,188.0,9.0,150.0,349.0,167.0,166.0,genuine
2432,186.3,148.3,154.5,154.8,176.9,191.4,185.0,impersonator
3917,168.0,173.0,169.0,171.0,172.0,169.0,166.0,genuine
1098,169.0,170.0,170.0,172.0,174.0,170.0,165.0,genuine
3679,178.3,9.6,169.6,346.1,178.6,189.2,12.2,impersonator
3126,171.0,175.0,177.0,173.0,172.0,171.0,173.0,genuine
1413,2565.2,13.1,16.1,32.4,136.6,30.6,33.4,genuine
1509,194.1,179.5,174.6,152.5,179.0,164.8,151.4,impersonator
2071,399.4,213.79999999999998,217.6,444.6,15.100000000000001,212.20000000000002,24.3,impersonator
3080,33.7,40.3,1169.2,41.5,17.8,39.400000000000006,9.100000000000001,impersonator
2798,164.2,188.5,197.6,179.7,197.6,166.2,182.0,impersonator
374,164.0,169.0,167.0,168.0,167.0,165.0,166.0,genuine
1886,5.0,159.0,334.0,165.0,166.0,167.0,167.0,genuine
3882,15.6,15.0,131.2,17.2,1034.2,838.4,16.4,genuine
2920,-1.1999999999999993,7.9,308.5,78.3,63.2,70.6,82.19999999999999,impersonator
137,164.0,169.0,166.0,17.0,152.0,333.0,166.0,genuine
2351,-8.1,28.8,808.1,406.20000000000005,-8.400000000000002,12.4,43.7,impersonator
1300,165.0,14.0,152.0,336.0,166.0,168.0,9.0,genuine
2282,147.0,147.0,144.8,189.3,163.0,184.5,148.1,impersonator
190,170.0,172.0,169.0,171.0,170.0,170.0,166.0,genuine
2003,8.5,0.0,15.9,957.4,-4.199999999999999,32.8,1027.7,impersonator
2933,32.6,8.700000000000001,758.8,606.1,-4.300000000000001,30.8,-6.399999999999999,impersonator
1442,1594.2,17.2,30.299999999999997,176.9,3.0,30.900000000000002,39.2,impersonator
2773,181.0,176.0,153.0,169.0,171.0,172.0,8.0,genuine
603,16.7,231.4,228.4,233.2,433.4,16.7,233.0,genuine
3347,186.9,153.3,162.8,-1.5999999999999996,170.7,309.0,172.4,impersonator
3335,170.0,171.0,176.0,172.0,174.0,172.0,171.0,genuine
2874,8.0,179.0,319.0,169.0,169.0,12.0,167.0,genuine
1133,172.3,164.8,175.1,181.4,175.0,155.4,-2.9000000000000004,impersonator
606,214.9,230.3,16.5,221.6,195.1,216.5,418.3,genuine
2561,213.8,213.6,417.0,233.0,433.5,16.6,233.0,genuine
4283,234.6,427.8,16.6,16.1,216.4,200.1,216.4,genuine
3777,2089.0,8.700000000000001,40.0,8.7,-0.6000000000000014,36.4,4.5,impersonator
721,145.6,154.0,166.1,184.2,179.4,184.5,185.7,impersonator
3338,17.8,21.0,1384.3,199.6,21.3,21.2,21.8,genuine
942,180.0,169.4,20.2,151.1,331.9,178.3,153.5,impersonator
4466,3.9000000000000004,226.4,243.4,440.3,-5.399999999999999,228.4,236.0,impersonator
1973,13.4,232.0,233.1,233.0,433.3,16.3,233.4,genuine
2407,19.7,17.6,17.4,1172.1,16.7,18.6,17.8,genuine
3658,148.8,150.0,170.4,12.0,174.9,339.5,170.3,impersonator
3364,231.9,230.3,233.2,216.7,233.2,233.2,16.5,genuine
2216,227.7,233.0,433.5,16.6,232.9,233.3,433.3,genuine
3703,14.299999999999999,35.6,990.7,652.8,50.0,35.4,26.9,impersonator
3547,157.2,155.7,160.5,152.9,187.4,194.7,196.5,impersonator
720,164.0,167.0,166.0,184.0,166.0,167.0,166.0,genuine
1905,0.3000000000000007,175.8,338.8,195.0,187.0,-0.09999999999999964,148.4,impersonator
700,181.0,173.0,159.0,172.0,171.0,8.0,167.0,genuine
352,161.0,185.6,142.8,177.0,177.1,147.6,-12.0,impersonator
4150,167.1,144.4,136.7,160.9,176.5,177.7,19.4,impersonator
3912,-3.9999999999999982,218.20000000000002,207.6,452.09999999999997,7.299999999999999,214.39999999999998,225.1,impersonator
3002,183.0,170.4,159.3,177.8,168.2,157.0,160.6,impersonator
2931,16.7,18.6,29.6,1145.8,19.5,17.1,1020.7,genuine
3127,140.8,170.1,143.5,170.5,177.4,179.0,148.8,impersonator
1322,412.9,230.8,450.1,32.2,451.0,16.0,232.3,genuine
757,0.20000000000000107,17.599999999999998,1375.2,15.5,4.1,19.2,29.6,impersonator
3309,160.0,187.2,172.3,156.0,180.7,160.3,161.9,impersonator
4124,174.0,179.5,144.2,192.9,174.8,157.8,152.1,impersonator
454,431.4,15.6,233.4,232.8,433.4,16.6,232.8,genuine
1221,5.600000000000001,28.0,34.3,36.900000000000006,1162.1,18.3,28.6,impersonator
1058,177.4,192.0,184.5,173.7,177.2,175.7,163.4,impersonator
4240,179.8,209.8,159.4,194.5,154.2,-11.2,180.7,impersonator
1966,168.1,180.3,165.0,158.3,147.6,176.2,172.0,impersonator
578,31.299999999999997,240.6,247.5,438.7,-7.899999999999999,217.1,213.0,impersonator
2401,188.3,176.8,166.9,181.4,187.8,155.8,190.3,impersonator
2077,166.0,172.0,169.0,170.0,170.0,171.0,166.0,genuine
1689,227.9,449.8,30.2,233.7,233.6,450.6,15.1,genuine
3752,218.4,415.70000000000005,13.3,215.8,215.10000000000002,254.0,418.5,impersonator
1300,146.4,-2.3000000000000007,172.4,359.2,163.9,190.7,3.3,impersonator
2010,431.3,15.9,235.0,233.5,450.6,14.9,233.2,genuine
1882,23.1,18.0,23.9,393.2,633.6,21.8,16.3,genuine
2168,1397.3,16.5,16.6,16.6,16.9,16.8,16.7,genuine
4281,-2.4000000000000004,226.3,416.09999999999997,7.399999999999999,624.5,27.700000000000003,212.0,impersonator
2964,446.9,30.0,31.9,200.0,216.6,216.0,417.8,genuine
2826,65.8,2027.3,17.0,18.9,195.4,22.0,19.0,genuine
1896,163.0,168.0,168.0,166.0,168.0,169.0,165.0,genuine
1231,165.0,169.0,171.0,168.0,168.0,170.0,169.0,genuine
4417,606.9,417.5,17.5,26.400000000000002,11.3,22.9,-5.699999999999999,impersonator
3793,14.8,16.7,173.2,17.7,17.1,17.5,20.5,genuine
1945,16.1,21.1,16.6,17.7,1586.2,16.8,19.5,genuine
799,17.4,223.6,230.1,233.7,450.1,15.6,233.8,genuine
2411,1.0,31.5,757.1,425.8,10.8,7.699999999999999,42.6,impersonator
2065,-4.899999999999999,37.2,13.9,39.2,1182.1,11.4,14.4,impersonator
2593,16.6,16.9,1359.3,6.6,226.5,17.1,17.7,genuine
3570,244.0,451.0,54.3,250.4,228.9,474.0,5.600000000000001,impersonator
2738,229.2,433.4,16.3,233.1,233.2,433.3,16.7,genuine
99,171.0,173.0,173.0,172.0,172.0,173.0,174.0,genuine
462,182.0,187.8,145.9,156.0,6.9,163.3,345.3,impersonator
3076,235.7,227.2,432.8,16.3,233.1,233.5,434.3,genuine
4453,227.7,450.4,32.3,28.9,200.3,216.7,216.8,genuine
3260,168.0,172.0,167.0,171.0,171.0,172.0,165.0,genuine
1023,17.8,19.0,781.7,207.4,19.6,18.9,818.4,genuine
782,172.0,171.0,174.0,172.0,174.0,174.0,175.0,genuine
2553,15.8,44.5,47.6,1276.3,18.8,17.7,17.3,genuine
2741,153.6,173.2,170.4,148.8,190.2,186.4,176.6,impersonator
204,3.9000000000000004,233.89999999999998,229.5,413.70000000000005,16.2,217.1,214.2,impersonator
556,582.1,418.9,16.6,16.6,16.9,17.2,63.7,genuine
3555,24.9,-1.8999999999999986,-1.8999999999999986,10.700000000000001,942.4,-1.0,14.9,impersonator
3922,145.9,191.3,156.1,170.2,187.8,194.9,192.2,impersonator
2572,8.999999999999998,33.9,1429.1,23.6,2.1999999999999993,30.1,6.300000000000001,impersonator
2505,14.6,18.7,1166.3,422.7,15.2,18.2,18.5,genuine
4166,232.4,229.8,233.4,433.1,16.3,232.0,233.2,genuine
3014,168.0,186.0,157.0,171.0,170.0,170.0,12.0,genuine
97,24.200000000000003,-5.299999999999997,347.3,31.7,29.599999999999998,49.7,84.3,impersonator
3910,17.4,17.2,543.0,1056.8,19.4,20.9,22.0,genuine
1731,142.4,144.0,146.4,175.8,163.7,145.1,178.5,impersonator
3657,16.5,1407.8,22.1,17.3,19.1,20.2,18.1,genuine
725,170.0,173.0,176.0,173.0,172.0,173.0,173.0,genuine
2888,184.9,150.9,159.1,152.3,176.8,159.9,185.3,impersonator
2484,19.1,22.7,18.6,956.0,19.1,19.9,20.7,genuine
3385,232.4,429.6,16.8,233.0,233.3,433.2,16.6,genuine
3531,18.3,15.2,1608.0,16.7,18.6,18.1,18.1,genuine
2349,39.7,2075.8999999999996,0.1999999999999993,37.6,633.5,7.700000000000001,9.600000000000001,impersonator
3005,230.5,231.9,233.2,233.1,433.5,16.2,233.5,genuine
3697,17.5,43.0,811.4,633.9000000000001,26.4,41.099999999999994,29.5,impersonator
1510,13.7,25.7,197.0,216.2,216.7,416.7,433.2,genuine
1224,229.0,433.1,16.2,232.9,233.3,233.0,217.0,genuine
3025,216.70000000000002,416.9,224.4,6.300000000000001,200.2,395.3,236.79999999999998,impersonator
1873,-9.1,96.30000000000001,80.7,102.10000000000001,11.899999999999999,169.20000000000002,75.4,impersonator
3883,8.2,22.0,142.70000000000002,613.6,40.4,2.6999999999999993,7.300000000000001,impersonator
1304,196.0,154.0,174.2,197.6,192.8,169.6,153.1,impersonator
9,16.0,737.9,18.5,17.8,18.1,58.2,65.1,genuine
2671,17.6,16.5,17.8,17.4,1388.5,20.4,17.4,genuine
4050,250.5,425.3,25.9,252.0,236.6,246.4,27.299999999999997,impersonator
2162,15.6,229.5,232.2,233.2,433.1,16.6,233.2,genuine
1008,163.0,181.0,157.0,170.0,168.0,170.0,172.0,genuine
1107,14.1,65.2,74.8,17.1,64.2,96.0,41.3,genuine
1142,170.0,173.0,175.0,174.0,173.0,173.0,173.0,genuine
4489,215.9,214.79999999999998,249.79999999999998,447.9,40.6,225.0,453.5,impersonator
442,98.6,41.699999999999996,144.6,41.2,36.0,7.200000000000003,139.9,impersonator
1009,235.20000000000002,232.7,223.60000000000002,211.20000000000002,232.89999999999998,472.4,34.9,impersonator
4231,177.6,176.2,162.3,149.1,163.4,174.6,165.6,impersonator
3378,412.5,231.6,232.1,450.5,15.0,233.6,233.1,genuine
2862,21.6,-7.5,11.0,39.3,1381.0,-7.300000000000001,39.4,impersonator
2754,43.5,534.9,28.200000000000003,41.7,1636.5,14.900000000000002,29.0,impersonator
2733,16.0,229.8,428.9,16.4,233.1,233.4,431.9,genuine
797,13.3,21.3,637.3,16.0,232.1,233.0,448.7,genuine
1040,178.9,175.8,183.6,154.7,158.9,182.8,177.3,impersonator
899,450.40000000000003,13.700000000000001,20.299999999999997,227.0,239.8,208.0,610.0,impersonator
1614,170.0,174.0,174.0,172.0,174.0,174.0,175.0,genuine
359,2.099999999999998,21.7,-6.900000000000002,1147.5,20.9,5.700000000000001,-1.5,impersonator
871,23.8,246.1,241.8,226.1,455.7,28.900000000000002,235.2,impersonator
407,163.0,177.0,155.0,171.0,168.0,12.0,166.0,genuine
2812,153.8,180.8,146.0,170.2,161.6,155.5,152.9,impersonator
4008,36.8,988.4,226.20000000000002,40.2,17.400000000000002,37.400000000000006,43.099999999999994,impersonator
1232,169.0,174.0,174.0,174.0,171.0,172.0,175.0,genuine
3130,169.0,175.0,174.0,173.0,175.0,172.0,173.0,genuine
3876,157.4,180.5,179.5,155.1,191.6,154.5,172.8,impersonator
2408,16.2,17.2,975.1,417.1,20.6,17.2,19.2,genuine
2736,2466.2999999999997,12.0,19.3,43.3,26.6,74.19999999999999,60.7,impersonator
923,444.7,224.7,243.9,440.09999999999997,38.7,216.6,239.79999999999998,impersonator
398,432.7,15.6,230.7,233.0,233.3,433.3,16.9,genuine
3166,0.29999999999999893,784.2,-0.8000000000000007,-1.6000000000000014,25.799999999999997,30.599999999999998,115.9,impersonator
234,229.6,453.8,31.5,233.2,233.6,452.6,13.9,genuine
2353,444.8,30.8,232.0,31.3,200.4,216.5,417.5,genuine
2233,227.6,454.6,56.5,21.6,219.3,201.3,218.9,impersonator
2344,16.9,16.0,346.6,1472.3,16.9,20.8,15.8,genuine
218,227.0,236.20000000000002,256.3,419.0,34.099999999999994,241.79999999999998,254.3,impersonator
1872,15.099999999999998,1.1999999999999993,732.9,854.1,-2.900000000000002,27.299999999999997,10.1,impersonator
3435,240.20000000000002,235.5,207.9,225.70000000000002,222.79999999999998,253.2,221.3,impersonator
3655,16.7,19.4,20.0,19.7,19.8,67.6,17.7,genuine
2334,164.0,168.0,167.0,15.0,152.0,331.0,167.0,genuine
1788,16.9,13.6,422.7,15.3,17.7,20.0,16.8,genuine
2747,15.9,19.6,20.5,20.8,1141.5,20.4,20.4,genuine
3070,167.0,171.0,167.0,171.0,173.0,171.0,168.0,genuine
770,431.5,16.5,31.4,65.1,30.7,54.1,86.5,genuine
2113,12.4,17.7,399.3,209.2,17.3,17.5,17.8,genuine
1196,30.900000000000002,371.2,1675.6000000000001,24.8,20.099999999999998,6.6,24.5,impersonator
2419,212.4,245.7,244.1,223.5,435.2,32.0,211.7,impersonator
2211,163.0,189.0,156.0,171.0,183.0,167.0,165.0,genuine
4472,5.8,2104.1,17.3,16.9,17.1,17.0,17.4,genuine
3320,234.5,227.9,433.6,15.5,433.6,16.1,233.3,genuine
1592,182.3,163.9,208.8,160.8,158.1,167.4,169.8,impersonator
3199,165.0,181.0,156.0,170.0,9.0,167.0,333.0,genuine
3161,17.8,24.8,1569.3,16.6,19.4,20.0,19.6,genuine
1101,-4.299999999999999,42.400000000000006,765.2,857.5999999999999,31.799999999999997,20.3,36.7,impersonator
3969,166.0,170.0,169.0,173.0,171.0,172.0,164.0,genuine
2808,245.9,430.7,31.4,233.0,451.8,7.499999999999998,256.3,impersonator
616,146.4,154.7,191.2,171.4,194.3,161.2,160.6,impersonator
1779,164.0,177.0,152.0,170.0,168.0,170.0,12.0,genuine
1826,224.79999999999998,231.0,238.7,436.5,30.9,228.70000000000002,210.20000000000002,impersonator
4326,19.9,20.6,105.6,1258.7,19.9,20.8,20.2,genuine
3607,604.9,432.1,40.5,5.5,33.7,36.400000000000006,0.6000000000000014,impersonator
824,-1.4000000000000004,25.4,162.0,842.0999999999999,20.7,7.199999999999999,9.9,impersonator
3906,174.79999999999998,395.09999999999997,241.9,458.0,-1.9000000000000004,245.2,444.79999999999995,impersonator
3404,232.6,44.7,224.9,212.6,230.29999999999998,592.8,17.4,impersonator
3315,169.0,174.0,175.0,175.0,174.0,174.0,172.0,genuine
4025,16.4,135.5,1467.9,19.5,17.9,19.0,18.6,genuine
3661,17.6,34.3,1780.3,16.5,20.5,18.4,19.7,genuine
3065,39.9,475.3,14.099999999999998,7.299999999999999,86.80000000000001,72.60000000000001,1.3000000000000007,impersonator
3636,163.0,165.0,167.0,167.0,166.0,167.0,165.0,genuine
118,229.1,388.5,254.20000000000002,248.5,211.8,455.6,0.40000000000000213,impersonator
1755,142.1,206.9,178.6,156.1,165.6,165.1,185.9,impersonator
1129,1193.3999999999999,198.9,14.5,11.7,14.5,17.0,14.5,impersonator
3445,1226.5,15.8,17.4,1877.8,20.7,13.4,16.7,genuine
2607,8.1,25.4,769.3,397.0,-5.800000000000001,-1.5,2.299999999999999,impersonator
558,-14.8,16.6,586.2,116.5,111.4,226.3,186.4,impersonator
587,223.8,199.5,232.5,233.1,233.4,17.0,416.6,genuine
523,16.7,25.6,39.6,73.8,23.1,100.2,959.4,genuine
1874,167.0,174.0,167.0,171.0,173.0,171.0,165.0,genuine
857,5.800000000000001,18.7,572.6,430.0,28.6,42.6,40.6,impersonator
2174,162.1,145.2,167.4,148.4,157.9,150.9,166.6,impersonator
2438,249.0,223.3,473.8,13.000000000000002,210.4,243.6,256.1,impersonator
3304,158.3,184.5,168.0,183.9,177.8,158.9,144.6,impersonator
487,178.4,166.8,175.6,191.2,188.0,159.2,157.6,impersonator
3062,170.0,172.0,175.0,173.0,172.0,174.0,173.0,genuine
1853,181.0,170.0,157.0,171.0,170.0,169.0,12.0,genuine
3677,171.0,173.0,174.0,172.0,174.0,174.0,173.0,genuine
810,13.4,234.7,233.0,449.9,15.5,233.6,233.3,genuine
2534,2342.7000000000003,175.5,7.6,43.599999999999994,63.5,42.300000000000004,42.900000000000006,impersonator
1894,15.6,12.2,214.2,216.5,199.7,216.4,417.0,genuine
3581,213.8,231.9,433.3,30.6,219.1,233.3,432.7,genuine
3282,164.0,166.0,169.0,168.0,167.0,166.0,165.0,genuine
751,172.0,174.0,175.0,174.0,173.0,173.0,173.0,genuine
2466,17.7,588.4,210.7,17.1,18.1,17.8,16.9,genuine
907,172.0,172.0,176.0,171.0,173.0,173.0,173.0,genuine
350,16.3,139.1,1051.1,16.7,16.5,16.5,16.5,genuine
2935,37.8,0.3000000000000007,443.9,187.0,25.6,18.4,25.9,impersonator
3383,381.40000000000003,207.5,211.1,438.5,-7.499999999999998,227.0,233.20000000000002,impersonator
3940,166.0,168.0,167.0,167.0,167.0,168.0,166.0,genuine
4431,1338.2,16.6,1667.5,16.9,17.2,17.1,30.7,genuine
1492,144.3,158.3,160.7,173.4,186.6,37.2,160.7,impersonator
2399,-3.4000000000000004,34.3,958.7,418.90000000000003,35.2,12.0,14.099999999999998,impersonator
3642,148.3,148.7,190.7,151.5,191.6,195.6,180.2,impersonator
620,181.0,173.0,155.0,171.0,169.0,169.0,13.0,genuine
1180,172.0,172.0,177.0,171.0,173.0,175.0,171.0,genuine
50,13.6,2089.2,19.6,19.1,422.1,19.3,18.8,genuine
1256,174.9,184.8,148.4,193.1,192.1,182.3,151.5,impersonator
3430,169.0,173.0,175.0,173.0,175.0,171.0,174.0,genuine
2817,16.6,14.5,969.3,629.3,16.7,15.8,204.5,genuine
2047,37.3,231.89999999999998,208.0,198.3,398.3,254.5,424.29999999999995,impersonator
2601,231.4,230.4,233.8,233.3,16.2,216.1,200.0,genuine
3416,170.0,173.0,174.0,172.0,176.0,173.0,173.0,genuine
2756,168.9,196.5,142.7,192.2,-0.09999999999999964,145.3,349.5,impersonator
2251,472.79999999999995,40.6,257.4,210.6,474.7,35.400000000000006,229.4,impersonator
1489,229.1,232.9,432.7,16.9,232.8,233.0,433.6,genuine
3581,232.9,213.70000000000002,448.5,36.1,214.6,210.5,419.2,impersonator
1221,18.1,16.6,16.7,17.8,1141.8,16.8,17.6,genuine
4151,164.0,167.0,168.0,14.0,155.0,333.0,169.0,genuine
336,16.4,1183.8,201.7,17.2,17.6,832.0,17.8,genuine
60,15.9,1382.9,410.9,17.8,16.7,18.1,18.2,genuine
4191,170.0,173.0,174.0,174.0,174.0,182.0,162.0,genuine
3329,197.8,170.4,165.9,193.5,147.1,153.6,144.6,impersonator
31,33.6,1900.8,20.3,15.8,18.1,18.4,18.1,genuine
2368,19.8,1802.7,16.5,21.0,20.5,20.5,20.7,genuine
2117,331.0,192.0,150.0,169.0,171.0,170.0,170.0,genuine
696,14.8,17.7,976.7,630.0,18.0,15.3,17.9,genuine
2348,165.0,167.0,166.0,168.0,166.0,165.0,168.0,genuine
4392,172.0,172.0,175.0,172.0,171.0,175.0,173.0,genuine
3495,168.0,170.0,169.0,172.0,171.0,171.0,166.0,genuine
1409,17.5,2563.5,51.4,85.1,81.8,78.1,68.0,genuine
1281,446.1,18.2,221.70000000000002,219.70000000000002,245.6,255.1,-5.600000000000001,impersonator
4114,217.8,423.1,5.800000000000001,253.4,219.2,257.1,457.2,impersonator
3669,162.5,162.3,182.9,159.4,174.6,173.1,157.8,impersonator
3919,14.1,1592.7,15.9,17.7,18.0,20.4,17.1,genuine
2067,165.0,185.0,157.0,171.0,172.0,170.0,11.0,genuine
3054,165.0,169.0,166.0,167.0,167.0,167.0,167.0,genuine
1509,170.0,173.0,173.0,173.0,171.0,173.0,171.0,genuine
3243,169.0,172.0,175.0,172.0,173.0,172.0,173.0,genuine
3063,165.0,188.0,1.0,170.0,13.0,316.0,334.0,genuine
629,143.9,171.9,163.8,169.5,165.5,182.8,153.7,impersonator
118,216.5,412.1,233.3,232.4,216.8,433.5,16.6,genuine
966,24.200000000000003,448.20000000000005,17.900000000000002,213.2,247.7,250.0,210.20000000000002,impersonator
1285,150.8,194.1,171.6,157.0,170.9,179.1,177.3,impersonator
3324,25.4,25.0,409.7,241.89999999999998,471.5,32.8,237.70000000000002,impersonator
4204,164.0,181.0,151.0,169.0,169.0,13.0,167.0,genuine
712,147.4,171.9,163.3,182.7,177.4,169.4,161.3,impersonator
2938,9.999999999999998,43.1,977.7,433.7,30.7,41.4,5.899999999999999,impersonator
1126,227.8,232.0,450.3,31.5,233.7,233.0,450.9,genuine
2037,152.1,196.8,183.7,169.8,196.9,167.8,160.8,impersonator
2610,29.8,203.7,294.8,168.6,33.4,172.8,337.6,impersonator
1917,229.9,433.3,16.4,233.1,233.3,16.3,216.7,genuine
4344,172.0,172.0,173.0,172.0,173.0,174.0,173.0,genuine
1636,220.3,216.79999999999998,224.39999999999998,211.20000000000002,457.0,7.300000000000001,209.29999999999998,impersonator
787,19.2,26.2,29.6,4.100000000000001,-3.1000000000000014,22.9,15.199999999999996,impersonator
1387,172.4,185.0,161.6,159.0,174.8,167.4,148.2,impersonator
1642,429.1,16.3,233.0,233.2,233.0,233.4,432.9,genuine
2537,39.2,18.3,786.6,229.20000000000002,-5.199999999999999,31.0,11.8,impersonator
2796,171.0,172.0,176.0,173.0,171.0,173.0,172.0,genuine
4380,172.0,171.0,176.0,173.0,171.0,175.0,173.0,genuine
3071,214.5,198.4,433.4,233.1,433.4,16.9,233.0,genuine
1574,166.0,166.0,165.0,167.0,169.0,168.0,169.0,genuine
275,164.0,167.0,165.0,168.0,166.0,169.0,167.0,genuine
306,-7.399999999999999,32.0,1660.9,27.0,28.1,41.2,0.10000000000000142,impersonator
2903,250.70000000000002,210.4,443.5,5.300000000000001,221.0,242.0,429.59999999999997,impersonator
2756,164.0,181.0,156.0,171.0,8.0,166.0,351.0,genuine
522,162.0,168.0,168.0,165.0,169.0,165.0,168.0,genuine
3941,166.0,169.0,168.0,166.0,168.0,170.0,167.0,genuine
583,157.8,171.5,154.9,194.1,152.8,197.2,150.0,impersonator
3900,30.9,48.0,41.7,564.8,11.9,24.2,26.6,impersonator
1571,165.0,181.0,158.0,171.0,6.0,165.0,351.0,genuine
3523,14.4,21.099999999999998,1606.3999999999999,11.1,15.1,-2.0,35.7,impersonator
4162,157.8,158.7,143.9,167.4,189.4,162.5,172.9,impersonator
2690,172.3,168.0,166.8,149.2,174.2,18.5,144.8,impersonator
4121,13.9,232.3,232.1,433.2,16.8,233.3,432.9,genuine
2963,26.1,36.3,620.2,-8.499999999999998,255.2,237.2,217.1,impersonator
3236,164.0,180.0,159.0,168.0,171.0,170.0,182.0,genuine
455,-6.699999999999999,1395.6999999999998,28.9,5.099999999999998,25.799999999999997,10.1,38.599999999999994,impersonator
3608,1274.5,1.4000000000000021,36.8,44.7,2041.8,26.8,35.599999999999994,impersonator
2026,181.1,170.0,145.8,185.2,151.1,180.9,28.4,impersonator
1314,203.0,229.6,32.7,206.20000000000002,220.4,229.79999999999998,654.6,impersonator
2121,186.1,175.1,162.4,169.9,153.5,178.2,170.9,impersonator
3266,35.2,35.5,937.1,650.3000000000001,-6.199999999999999,14.0,29.7,impersonator
3304,164.0,186.0,157.0,169.0,171.0,171.0,168.0,genuine
2885,226.9,195.8,213.20000000000002,202.2,204.8,438.20000000000005,460.40000000000003,impersonator
1422,-2.3000000000000007,0.5,980.1999999999999,421.90000000000003,2.6999999999999993,22.0,-1.7000000000000028,impersonator
2687,10.700000000000001,39.5,15.0,7.9,371.8,21.8,5.899999999999999,impersonator
2124,17.1,20.0,955.1,18.6,19.3,19.4,19.8,genuine
1877,17.6,15.1,17.3,1601.7,15.0,17.6,17.9,genuine
176,171.2,158.2,183.2,184.8,164.6,188.0,163.1,impersonator
441,166.0,170.0,170.0,170.0,168.0,171.0,167.0,genuine
3138,172.1,156.6,152.6,149.1,185.9,180.6,190.8,impersonator
3389,226.5,441.79999999999995,11.8,215.5,228.3,249.5,452.6,impersonator
1800,172.0,173.0,173.0,173.0,173.0,175.0,172.0,genuine
4229,14.7,16.8,17.1,17.9,957.7,16.7,16.8,genuine
3564,15.7,18.1,1176.8,630.0,18.6,16.0,19.4,genuine
4355,-3.200000000000003,43.9,1800.1,40.3,1.1999999999999993,13.3,28.5,impersonator
2553,0.40000000000000036,34.9,66.1,1291.6,11.200000000000001,36.7,9.100000000000001,impersonator
3205,164.0,167.0,168.0,165.0,167.0,170.0,168.0,genuine
1370,19.7,20.8,21.4,1380.5,20.5,20.7,20.6,genuine
2895,166.0,169.0,167.0,165.0,167.0,167.0,167.0,genuine
2182,165.0,163.8,192.0,195.0,170.9,150.4,141.4,impersonator
3858,142.1,186.2,137.8,186.5,187.7,182.7,191.1,impersonator
1796,22.3,35.7,779.2,398.2,2.3000000000000007,25.5,24.700000000000003,impersonator
2971,166.0,169.0,171.0,169.0,168.0,171.0,169.0,genuine
3314,430.7,15.2,232.7,232.9,433.3,16.4,233.2,genuine
3210,23.2,30.5,1414.2,20.2,17.2,6.4,38.8,impersonator
2503,607.3,20.5,21.7,22.3,15.9,17.3,19.1,genuine
49,170.0,175.0,173.0,173.0,174.0,175.0,173.0,genuine
1231,157.7,170.1,150.1,176.1,191.9,183.8,174.3,impersonator
3114,170.0,172.0,175.0,173.0,174.0,174.0,174.0,genuine
4467,20.6,13.7,15.6,754.7,845.1,17.0,16.4,genuine
4128,223.6,183.7,436.7,230.0,414.0,8.799999999999999,255.5,impersonator
4309,142.7,189.9,177.2,195.9,153.2,152.6,146.6,impersonator
2250,166.0,187.0,157.0,170.0,168.0,171.0,170.0,genuine
3969,161.6,191.4,178.6,179.9,181.9,180.4,184.3,impersonator
471,168.0,171.0,169.0,173.0,170.0,170.0,198.0,genuine
4086,167.0,167.0,170.0,12.0,156.0,332.0,168.0,genuine
1292,15.4,16.7,17.6,27.2,1801.5,14.0,17.1,genuine
2145,101.5,1433.8999999999999,31.200000000000003,1219.8,14.8,0.10000000000000142,25.3,impersonator
984,341.5,176.3,160.5,148.3,160.1,170.2,145.8,impersonator
2035,170.0,170.0,167.0,170.0,171.0,169.0,166.0,genuine
3730,146.2,160.5,156.6,152.6,196.1,191.7,178.9,impersonator
4487,163.0,166.0,167.0,4.0,162.0,6.0,325.0,genuine
1739,33.7,237.39999999999998,251.9,458.0,29.8,256.9,240.9,impersonator
3850,-2.8000000000000007,40.8,32.6,943.5,34.4,2.799999999999999,8.1,impersonator
2701,430.0,29.7,234.5,231.7,233.0,232.6,214.9,genuine
246,149.5,182.4,188.5,188.9,152.5,184.4,162.2,impersonator
868,174.2,153.8,179.1,157.9,144.2,147.4,186.9,impersonator
3898,166.0,170.0,168.0,172.0,171.0,173.0,165.0,genuine
199,165.0,172.0,167.0,173.0,173.0,173.0,165.0,genuine
1857,17.0,14.9,15.4,966.7,419.0,17.2,17.4,genuine
4371,170.0,173.0,176.0,173.0,174.0,172.0,174.0,genuine
599,189.1,184.9,158.2,149.3,149.8,197.1,151.1,impersonator
3633,243.8,254.2,23.1,647.9,32.9,450.1,31.3,genuine
4094,164.0,348.0,155.0,171.0,9.0,166.0,349.0,genuine
336,12.999999999999998,1165.8999999999999,210.5,13.299999999999999,19.6,810.4,13.0,impersonator
4449,176.6,175.2,144.4,188.8,-14.600000000000001,189.0,333.4,impersonator
3615,235.9,210.0,233.2,233.3,16.6,216.5,199.8,genuine
1198,166.5,165.6,25.4,159.6,331.0,156.9,189.5,impersonator
755,171.0,175.0,173.0,173.0,171.0,174.0,174.0,genuine
3760,6.599999999999998,1566.6000000000001,-3.3000000000000007,5.699999999999999,36.7,1407.1000000000001,-3.6999999999999993,impersonator
2094,20.5,27.5,970.8,409.8,-2.9000000000000004,-4.100000000000001,38.1,impersonator
119,348.2,417.4,4.300000000000001,1.6999999999999993,-2.6000000000000014,37.8,24.5,impersonator
2661,175.8,151.3,168.4,183.3,157.5,154.4,157.5,impersonator
3340,168.0,168.0,171.0,168.0,170.0,169.0,168.0,genuine
3972,162.1,154.5,188.6,149.3,172.1,147.1,187.0,impersonator
1651,172.0,173.0,175.0,172.0,171.0,174.0,172.0,genuine
1006,144.2,153.3,168.8,153.8,181.7,186.0,163.2,impersonator
2858,182.3,170.5,165.5,7.5,154.2,315.6,148.3,impersonator
2996,166.0,187.0,155.0,170.0,170.0,170.0,11.0,genuine
3568,216.7,412.4,233.2,233.7,432.9,16.5,233.2,genuine
2320,149.6,152.0,190.8,178.1,152.8,158.8,166.6,impersonator
4330,165.0,167.0,168.0,165.0,166.0,166.0,166.0,genuine
488,168.0,169.0,171.0,170.0,168.0,170.0,169.0,genuine
323,-1.0,8.6,1613.1000000000001,20.1,4.199999999999999,23.099999999999998,-3.1000000000000014,impersonator
3409,205.3,30.5,204.4,410.0,221.5,436.5,35.9,impersonator
4464,171.0,172.0,174.0,172.0,173.0,172.0,172.0,genuine
2881,31.0,243.6,252.5,448.7,10.7,214.60000000000002,234.2,impersonator
3905,164.0,181.0,151.0,172.0,172.0,8.0,166.0,genuine
1970,165.0,167.0,168.0,167.0,167.0,168.0,166.0,genuine
2294,168.0,184.0,0.0,170.0,14.0,317.0,349.0,genuine
4087,51.5,896.8,247.6,45.300000000000004,-19.6,654.6,67.1,impersonator
364,16.6,335.4,18.3,61.2,67.8,61.8,37.8,genuine
1764,13.4,19.6,977.1,415.7,19.1,19.7,22.1,genuine
3262,164.0,181.0,154.0,171.0,10.0,168.0,333.0,genuine
1421,210.8,235.6,237.9,-5.100000000000001,230.9,617.2,21.200000000000003,impersonator
2090,188.4,147.2,176.6,175.0,160.9,154.4,179.5,impersonator
3855,165.6,164.6,167.1,171.3,-6.0,151.6,337.7,impersonator
3356,166.9,192.6,189.7,155.1,153.5,155.7,169.0,impersonator
4203,230.1,232.9,233.0,233.2,433.5,16.6,232.8,genuine
1210,174.7,154.9,165.5,184.2,188.6,154.0,151.2,impersonator
4461,17.9,991.2,8.7,421.0,19.0,18.2,20.2,genuine
502,10.299999999999999,114.4,827.4,4.5,20.599999999999998,0.3999999999999986,-2.6999999999999993,impersonator
609,417.1,228.6,233.3,433.2,16.4,433.5,16.6,genuine
37,38.099999999999994,41.8,1583.5,6.799999999999999,38.400000000000006,10.1,2.6000000000000014,impersonator
3391,34.6,23.099999999999998,334.4,1057.1999999999998,3.799999999999999,17.4,5.0,impersonator
1523,18.3,20.4,21.5,947.5,628.3,19.8,21.4,genuine
258,18.0,16.7,798.7,16.8,16.9,16.9,17.5,genuine
417,192.7,195.3,155.5,167.3,193.9,177.3,169.9,impersonator
1381,453.6,15.8,215.5,209.0,213.6,472.3,4.299999999999999,impersonator
3640,150.0,179.5,171.3,151.5,191.9,170.0,186.9,impersonator
4358,160.8,195.7,152.3,171.1,189.8,173.6,170.9,impersonator
3853,166.5,189.4,149.6,158.8,159.3,147.1,169.6,impersonator
344,230.1,233.1,233.3,433.2,16.4,233.3,233.5,genuine
3295,5.6,12.799999999999999,19.3,964.8,413.8,19.2,22.8,impersonator
1416,19.1,16.8,57.1,568.3,17.1,20.4,59.5,genuine
3603,252.39999999999998,18.9,202.39999999999998,209.5,200.7,395.6,230.1,impersonator
2185,167.0,187.0,156.0,169.0,171.0,10.0,167.0,genuine
1566,21.7,1400.1000000000001,-1.0,-3.900000000000002,3.5,2.8000000000000007,-2.3000000000000007,impersonator
1414,168.0,171.0,173.0,173.0,173.0,172.0,173.0,genuine
70,-5.199999999999999,1568.9,20.2,0.0,-0.5,7.699999999999999,2.8000000000000007,impersonator
4473,38.1,212.3,200.10000000000002,189.7,392.5,257.6,22.8,impersonator
1703,155.7,148.0,187.6,174.2,186.4,151.9,172.6,impersonator
88,227.7,449.4,31.0,233.8,233.1,451.0,15.0,genuine
3785,4.900000000000002,38.1,1605.1000000000001,29.799999999999997,29.5,-2.8000000000000007,11.8,impersonator
645,155.7,189.9,153.4,167.0,193.5,128.9,185.3,impersonator
4335,193.0,175.5,198.0,194.0,163.5,178.2,182.0,impersonator
4079,26.200000000000003,42.7,43.8,1581.1,5.099999999999998,24.299999999999997,6.300000000000001,impersonator
1651,173.7,181.2,181.5,163.2,165.6,156.6,189.2,impersonator
3450,159.0,188.5,138.5,154.5,171.7,190.3,170.0,impersonator
1067,32.8,10.8,1179.6,28.5,25.1,27.200000000000003,32.5,impersonator
3566,171.2,146.0,149.9,-4.600000000000001,161.3,334.9,149.9,impersonator
4334,156.0,335.0,168.0,166.0,4.0,164.0,5.0,genuine
3637,156.4,200.2,175.7,185.4,185.7,150.8,172.5,impersonator
3502,170.0,174.0,174.0,173.0,173.0,173.0,175.0,genuine
3305,210.9,395.29999999999995,226.4,453.29999999999995,-7.700000000000003,219.4,232.2,impersonator
3805,172.0,171.0,175.0,173.0,173.0,173.0,173.0,genuine
2297,0.6999999999999993,86.6,94.10000000000001,1066.5,13.3,39.099999999999994,1027.3999999999999,impersonator
4144,164.0,169.0,166.0,16.0,151.0,330.0,167.0,genuine
2759,19.3,20.8,1603.4,14.5,20.7,20.3,20.1,genuine
4053,179.4,152.7,157.0,173.3,150.1,159.9,179.4,impersonator
3234,205.9,224.5,435.3,18.4,221.0,249.7,434.4,impersonator
2348,158.1,186.5,184.1,186.1,142.7,187.7,157.0,impersonator
2777,164.0,167.0,167.0,166.0,168.0,168.0,167.0,genuine
2423,16.2,42.1,1144.3,834.2,20.8,18.5,20.1,genuine
1639,-6.199999999999999,18.200000000000003,199.79999999999998,206.5,204.0,209.3,623.0,impersonator
4390,13.8,20.2,55.8,1739.2,12.8,217.1,215.9,genuine
671,12.9,443.3,23.6,247.2,426.3,231.0,26.2,genuine
946,12.9,1387.2,13.3,224.1,15.3,17.9,815.5,genuine
4188,231.2,230.6,244.9,26.2,233.70000000000002,180.79999999999998,422.4,impersonator
3709,3.9,11.5,34.6,1222.8,41.5,9.1,31.7,genuine
1233,11.8,232.5,233.3,433.3,15.6,233.3,233.2,genuine
781,170.0,172.0,174.0,174.0,173.0,173.0,172.0,genuine
329,17.0,1045.0,20.6,18.4,20.1,20.4,20.8,genuine
1514,164.0,353.0,151.0,170.0,169.0,169.0,168.0,genuine
852,12.1,70.7,87.9,1673.3,15.8,15.9,16.5,genuine
3031,151.1,156.5,167.8,194.3,178.2,145.7,186.5,impersonator
2589,152.1,156.2,153.4,153.1,167.0,186.9,177.5,impersonator
3072,19.6,19.7,22.0,956.6,20.0,20.6,20.9,genuine
916,174.4,161.9,172.3,166.0,171.6,180.8,171.1,impersonator
592,171.0,173.0,174.0,172.0,172.0,172.0,173.0,genuine
2070,12.7,432.7,16.1,233.4,233.3,233.3,16.7,genuine
1689,211.5,450.3,53.0,252.0,212.7,442.6,24.9,impersonator
3578,0.6000000000000014,-0.6999999999999993,978.6,426.7,40.900000000000006,-6.099999999999998,37.099999999999994,impersonator
3122,165.0,169.0,167.0,166.0,166.0,168.0,168.0,genuine
4398,166.0,173.0,169.0,170.0,171.0,172.0,165.0,genuine
629,167.0,172.0,171.0,173.0,171.0,171.0,167.0,genuine
493,15.8,40.900000000000006,2.6000000000000014,965.0,31.7,22.0,16.200000000000003,impersonator
1884,164.0,168.0,167.0,166.0,167.0,166.0,167.0,genuine
3534,15.7,15.1,1640.7,14.9,17.4,17.4,17.0,genuine
665,156.1,164.1,193.4,154.7,194.1,192.0,197.1,impersonator
1431,216.39999999999998,439.7,12.399999999999999,247.39999999999998,214.1,454.8,15.0,impersonator
1501,18.2,20.3,333.4,837.9,18.4,19.7,19.8,genuine
2827,166.0,165.0,167.0,15.0,150.0,335.0,166.0,genuine
59,169.9,165.7,187.1,192.0,166.8,194.6,143.1,impersonator
3496,4.4,1377.1,41.5,33.6,28.4,6.099999999999998,28.8,impersonator
1714,239.1,238.4,456.40000000000003,37.6,252.5,250.2,437.0,impersonator
3056,15.6,57.2,1128.2,631.2,19.9,15.6,18.3,genuine
3377,176.6,162.6,184.0,187.5,175.5,147.7,172.2,impersonator
860,12.9,16.2,337.7,1046.4,16.7,615.8,15.6,genuine
1645,230.2,452.4,31.5,234.0,233.2,450.3,15.8,genuine
231,167.0,190.0,8.0,150.0,349.0,167.0,166.0,genuine
1457,430.1,16.7,233.2,16.2,216.6,199.9,633.7,genuine
2854,21.0,229.70000000000002,212.39999999999998,415.7,32.8,17.3,202.6,impersonator
1293,27.1,420.9,17.6,51.1,96.0,41.5,19.1,genuine
4261,25.4,15.5,202.8,216.5,216.5,416.9,233.2,genuine
3937,37.2,237.79999999999998,243.20000000000002,222.0,431.90000000000003,16.0,225.60000000000002,impersonator
4029,23.700000000000003,28.3,406.5,28.0,59.300000000000004,79.8,27.7,impersonator
305,94.89999999999999,780.8000000000001,1.8999999999999986,28.299999999999997,-5.700000000000001,2298.3,0.5,impersonator
4200,231.7,430.6,16.2,232.8,433.3,16.5,233.2,genuine
413,15.5,16.6,779.1,14.5,615.3,15.9,17.7,genuine
1638,25.9,1617.8,45.400000000000006,-6.599999999999998,5.400000000000002,0.1999999999999993,39.8,impersonator
1194,15.2,15.6,969.0,628.8,16.3,16.9,17.2,genuine
2693,214.6,233.0,232.4,233.2,450.0,32.6,233.4,genuine
2292,13.5,1597.2,26.1,16.2,17.9,13.7,1017.0,genuine
1521,176.9,178.8,152.2,182.9,2.4,187.9,330.3,impersonator
3570,227.0,450.1,30.6,234.1,233.3,450.5,16.3,genuine
3627,191.2,217.4,416.8,31.0,200.5,216.6,215.7,genuine
2784,229.2,433.2,16.6,233.0,233.4,432.7,16.8,genuine
1445,154.6,151.5,160.8,162.0,154.8,161.1,195.0,impersonator
1552,15.899999999999999,23.0,29.5,397.8,29.6,20.599999999999998,29.700000000000003,impersonator
1949,957.4,15.2,18.6,18.2,18.2,24.2,69.4,genuine
3048,330.1,153.5,192.4,185.4,154.7,177.7,148.4,impersonator
3964,16.4,14.4,1170.6,627.5,16.4,16.3,17.4,genuine
779,170.0,175.0,173.0,175.0,173.0,175.0,172.0,genuine
3608,1265.2,16.6,17.8,19.9,2048.6,17.8,19.9,genuine
1056,16.2,18.0,767.4,17.1,18.4,19.8,16.7,genuine
1378,178.3,154.4,148.7,156.4,144.7,157.5,189.9,impersonator
1835,185.9,171.8,171.4,178.3,147.9,160.6,165.3,impersonator
3103,179.8,164.4,132.6,154.9,191.1,28.3,181.9,impersonator
3647,18.7,1380.3,191.7,29.6,24.1,839.7,1.4000000000000021,impersonator
2761,85.5,95.19999999999999,66.39999999999999,83.10000000000001,34.8,45.2,35.400000000000006,impersonator
862,-5.599999999999998,22.700000000000003,28.8,923.3,5.499999999999998,21.1,1.3000000000000007,impersonator
3237,28.400000000000002,12.3,1225.3000000000002,10.7,35.4,28.700000000000003,-6.199999999999999,impersonator
4057,36.400000000000006,37.7,30.1,753.8,32.4,-1.6999999999999993,-2.3000000000000007,impersonator
3201,170.0,175.0,174.0,173.0,174.0,172.0,172.0,genuine
4478,198.4,430.8,233.4,433.2,15.8,232.9,233.3,genuine
2323,1551.3999999999999,-1.0999999999999979,38.8,626.9,17.0,0.9000000000000004,12.600000000000001,impersonator
1368,227.3,232.9,449.5,31.3,233.8,233.4,450.4,genuine
1352,-8.999999999999998,29.5,1169.1000000000001,9.399999999999999,2.8000000000000007,33.5,12.100000000000001,impersonator
1640,18.8,18.5,1172.2,630.7,24.1,17.4,19.7,genuine
747,182.1,208.4,170.6,154.6,186.4,186.4,145.0,impersonator
976,158.8,185.5,151.1,198.2,173.1,169.7,195.2,impersonator
831,13.4,232.7,233.2,232.7,433.3,16.6,233.2,genuine
3006,171.1,189.4,192.1,192.4,177.6,166.9,174.7,impersonator
650,164.0,169.0,167.0,15.0,154.0,334.0,167.0,genuine
2839,163.0,170.0,168.0,166.0,8.0,158.0,333.0,genuine
3189,148.1,170.5,32.4,151.2,309.9,177.6,157.5,impersonator
2368,25.8,1797.5,6.300000000000001,4.699999999999999,32.7,2.0,13.2,impersonator
153,15.100000000000001,41.0,773.8000000000001,191.29999999999998,-0.3999999999999986,21.5,844.0,impersonator
1302,169.0,172.0,168.0,172.0,171.0,173.0,167.0,genuine
588,13.4,432.9,14.1,232.5,15.9,216.6,200.1,genuine
762,167.0,172.0,169.0,171.0,173.0,171.0,165.0,genuine
4178,165.0,169.0,169.0,169.0,182.0,159.0,170.0,genuine
3734,4.599999999999998,18.5,1366.1,220.3,30.7,0.5,42.599999999999994,impersonator
3924,171.0,171.0,175.0,176.0,171.0,172.0,174.0,genuine
3778,177.0,175.6,190.8,155.8,189.4,176.2,150.0,impersonator
2353,465.0,13.7,211.9,52.7,208.5,202.6,424.5,impersonator
3277,211.7,231.0,418.6,27.9,216.8,239.4,6.300000000000001,impersonator
3177,1194.5,193.0,-1.0,650.2,0.40000000000000213,-5.5,9.899999999999999,impersonator
4349,-0.6999999999999993,798.5,404.7,23.6,29.4,-5.200000000000003,-1.3000000000000007,impersonator
2664,16.3,19.1,1166.3,626.8,19.6,19.1,19.0,genuine
1568,227.5,450.3,30.6,232.9,234.0,232.7,450.4,genuine
3482,135.0,129.9,196.0,211.8,99.6,16.3,18.5,genuine
3472,18.3,19.0,598.5,422.7,18.4,22.3,17.7,genuine
3767,209.8,201.2,218.6,197.5,182.4,403.8,250.7,impersonator
3023,170.0,168.0,170.0,171.0,171.0,171.0,168.0,genuine
3151,195.0,155.6,196.2,151.8,177.9,187.3,166.4,impersonator
291,226.6,431.4,16.5,233.1,233.2,433.7,16.4,genuine
3926,211.8,416.0,18.6,219.7,230.7,257.5,458.1,impersonator
2418,169.0,170.0,170.0,171.0,170.0,172.0,166.0,genuine
1805,162.0,167.0,169.0,166.0,166.0,167.0,166.0,genuine
1927,187.4,186.2,162.5,169.2,169.6,15.7,164.5,impersonator
182,426.8,14.1,220.0,241.3,212.70000000000002,457.6,-3.8999999999999986,impersonator
4293,169.0,174.0,175.0,172.0,173.0,173.0,175.0,genuine
1063,12.4,19.1,967.5,207.7,18.7,18.9,19.3,genuine
855,164.0,190.0,152.0,170.0,172.0,170.0,168.0,genuine
2185,157.6,176.2,159.0,180.6,172.7,-3.4000000000000004,177.2,impersonator
2741,173.0,174.0,174.0,172.0,175.0,172.0,174.0,genuine
453,177.2,157.7,148.2,191.4,187.0,142.2,147.2,impersonator
3813,164.0,168.0,168.0,166.0,168.0,167.0,167.0,genuine
3500,166.0,170.0,168.0,172.0,171.0,169.0,169.0,genuine
1411,166.0,187.0,157.0,168.0,169.0,172.0,10.0,genuine
314,7.800000000000001,13.5,33.900000000000006,8.8,994.5,15.5,3.5,impersonator
1681,21.900000000000002,42.3,36.8,1433.1,13.799999999999999,2.900000000000002,45.0,impersonator
2680,145.5,180.5,160.0,158.0,170.3,169.1,144.3,impersonator
1979,184.6,176.4,176.3,174.6,-9.399999999999999,179.9,308.2,impersonator
2461,211.1,181.5,3.5999999999999996,211.39999999999998,184.9,198.70000000000002,619.6,impersonator
3327,184.9,202.8,17.5,157.8,324.6,179.3,145.5,impersonator
2062,146.7,156.8,146.9,165.0,162.9,162.2,155.6,impersonator
2340,228.6,232.8,233.1,233.3,433.4,19.0,230.6,genuine
3490,15.8,19.7,1807.8,21.2,16.3,18.3,18.9,genuine
4483,6.700000000000001,27.299999999999997,98.69999999999999,85.10000000000001,44.8,167.1,23.400000000000002,impersonator
669,165.0,167.0,167.0,165.0,166.0,169.0,167.0,genuine
3381,170.0,173.0,174.0,172.0,173.0,173.0,173.0,genuine
1700,167.0,173.0,170.0,171.0,173.0,171.0,168.0,genuine
3375,164.0,167.0,168.0,15.0,153.0,334.0,166.0,genuine
3643,178.2,195.5,200.0,184.3,161.4,150.5,172.0,impersonator
4264,1011.6,15.7,18.4,17.6,17.8,18.1,17.9,genuine
3269,188.8,191.0,175.6,186.5,179.3,174.8,148.3,impersonator
3537,164.0,168.0,165.0,168.0,166.0,167.0,166.0,genuine
1626,164.0,181.0,157.0,172.0,7.0,166.0,349.0,genuine
756,7.0,161.0,334.0,165.0,167.0,4.0,164.0,genuine
4301,28.0,0.5999999999999996,-4.5,-3.599999999999998,1144.9,32.2,-3.3000000000000007,impersonator
485,171.0,173.0,175.0,172.0,173.0,173.0,175.0,genuine
2485,414.0,232.2,16.5,216.2,199.9,634.2,16.0,genuine
4457,166.0,171.0,169.0,171.0,170.0,172.0,166.0,genuine
2850,143.3,195.6,186.7,153.2,162.2,176.0,192.6,impersonator
4184,15.1,17.9,347.3,1256.5,18.1,18.4,805.0,genuine
3798,15.100000000000001,23.0,935.8,417.8,16.8,45.2,1.5999999999999979,impersonator
1862,167.0,170.0,169.0,171.0,170.0,172.0,165.0,genuine
3401,164.0,168.0,166.0,167.0,166.0,10.0,158.0,genuine
965,235.8,241.6,408.8,22.2,256.9,247.0,439.09999999999997,impersonator
42,53.5,653.6,16.7,18.3,19.8,54.0,2429.0,genuine
2504,165.0,167.0,169.0,166.0,169.0,168.0,169.0,genuine
2521,172.0,174.0,175.0,172.0,173.0,171.0,172.0,genuine
3131,209.9,418.5,232.6,449.9,31.3,233.5,450.1,genuine
689,22.6,24.1,18.7,1370.1,24.200000000000003,28.2,34.7,impersonator
19,2.200000000000001,38.0,-0.6999999999999993,983.6999999999999,30.0,2.8000000000000007,19.2,impersonator
3338,-1.0,17.3,1405.2,215.4,29.0,25.0,27.1,impersonator
519,35.0,46.9,56.2,2049.7,19.2,19.8,19.2,genuine
538,165.0,164.0,167.0,165.0,168.0,166.0,167.0,genuine
691,172.0,171.0,176.0,172.0,175.0,173.0,172.0,genuine
428,176.4,155.9,189.5,142.1,169.0,162.7,156.8,impersonator
1162,171.0,171.0,176.0,173.0,174.0,172.0,175.0,genuine
2511,211.6,424.2,-4.800000000000001,228.2,245.0,419.5,22.7,impersonator
3384,18.2,21.5,951.2,836.4,19.1,20.3,23.9,genuine
514,15.2,18.6,1169.0,16.5,17.0,17.6,17.7,genuine
2535,164.0,183.0,167.0,166.0,167.0,184.0,165.0,genuine
3470,226.1,233.9,32.6,199.1,416.8,232.9,233.3,genuine
1605,229.0,53.0,202.1,200.79999999999998,391.2,236.39999999999998,230.0,impersonator
2760,1017.9,1.5,25.1,28.7,37.400000000000006,2281.8,35.5,impersonator
3210,15.1,20.1,1395.8,21.5,15.6,17.8,19.7,genuine
2184,15.4,229.2,432.7,16.2,232.8,233.2,433.7,genuine
1572,165.0,169.0,168.0,167.0,167.0,167.0,169.0,genuine
2360,418.5,-7.399999999999999,257.4,227.29999999999998,416.2,10.600000000000001,243.7,impersonator
2077,160.5,150.9,158.0,164.7,171.3,159.7,190.2,impersonator
1569,18.8,20.2,99.5,1691.4,21.2,20.2,19.5,genuine
204,15.0,233.7,228.0,433.6,16.4,232.9,233.2,genuine
451,431.1,12.7,433.4,16.3,232.2,233.3,233.3,genuine
1135,199.1,213.3,417.2,15.2,216.5,199.8,634.1,genuine
3588,10.6,1644.7,16.9,15.0,16.6,16.7,16.3,genuine
813,200.2,429.0,15.7,233.3,233.5,15.5,216.1,genuine
4287,22.5,1.8999999999999986,1155.4,641.8,2.1999999999999993,35.1,-0.8000000000000007,impersonator
2735,12.3,24.3,72.5,23.1,36.4,88.2,2002.4,genuine
3644,180.3,174.2,152.9,179.1,166.1,191.3,188.2,impersonator
2416,216.79999999999998,234.60000000000002,219.0,470.3,18.5,450.3,35.2,impersonator
2936,156.6,179.3,150.3,155.5,185.5,173.7,180.9,impersonator
2364,11.899999999999999,784.4,21.9,-0.29999999999999716,68.10000000000001,102.5,88.3,impersonator
4436,165.0,167.0,168.0,168.0,167.0,169.0,168.0,genuine
4431,1323.8,31.8,1674.0,5.199999999999999,26.0,8.200000000000001,43.8,impersonator
230,14.6,14.7,17.1,16.4,1200.9,16.7,16.7,genuine
7,177.8,163.8,168.4,190.6,175.1,167.5,160.1,impersonator
2915,1377.6,19.7,17.8,19.6,19.3,19.6,19.6,genuine
209,168.0,193.0,11.0,149.0,334.0,167.0,168.0,genuine
2579,163.0,182.0,157.0,171.0,5.0,166.0,350.0,genuine
3831,166.0,172.0,170.0,171.0,173.0,171.0,167.0,genuine
486,230.4,433.3,16.5,232.9,433.5,16.4,233.1,genuine
307,9.299999999999999,18.599999999999998,1378.1,218.6,33.2,22.9,15.100000000000001,impersonator
2296,37.2,20.0,988.4000000000001,622.5,20.3,11.6,19.3,impersonator
2647,180.0,172.0,157.0,171.0,171.0,169.0,10.0,genuine
868,167.0,172.0,169.0,170.0,169.0,171.0,166.0,genuine
2967,169.0,172.0,170.0,171.0,173.0,172.0,166.0,genuine
3349,166.0,166.0,167.0,165.0,166.0,169.0,166.0,genuine
798,26.8,42.0,971.2,13.0,10.099999999999998,14.7,1241.2,impersonator
1967,12.7,5.799999999999999,1000.0,637.0,39.5,38.5,36.6,impersonator
498,162.1,178.5,177.3,161.8,178.2,180.4,-0.3000000000000007,impersonator
3897,40.3,1397.0,14.4,34.7,36.7,37.7,38.8,impersonator
1507,19.8,441.40000000000003,13.7,227.29999999999998,219.29999999999998,250.9,443.5,impersonator
4330,187.6,169.0,177.2,165.1,155.9,143.5,180.0,impersonator
3838,837.3,18.8,17.1,18.5,55.8,2234.8,30.1,genuine
1192,19.7,-2.8000000000000007,1380.5,17.200000000000003,24.3,34.4,24.0,impersonator
2914,13.7,979.9,630.1,19.1,14.4,17.3,17.7,genuine
2833,186.2,152.0,192.1,160.0,196.0,171.4,189.2,impersonator
2680,165.0,169.0,168.0,168.0,167.0,168.0,167.0,genuine
2051,227.7,30.7,200.8,215.4,216.3,400.4,450.8,genuine
889,165.0,180.0,153.0,169.0,169.0,11.0,166.0,genuine
3465,14.1,12.7,16.0,16.0,593.0,15.5,17.2,genuine
468,164.0,176.0,156.0,171.0,170.0,10.0,167.0,genuine
2062,166.0,170.0,170.0,170.0,170.0,170.0,166.0,genuine
2635,119.0,172.0,347.0,12.0,181.0,183.0,178.0,genuine
1908,151.0,159.9,180.6,157.3,189.2,154.5,172.9,impersonator
1419,151.8,155.9,22.6,147.3,307.5,188.1,187.3,impersonator
2922,410.20000000000005,20.7,227.8,209.4,412.0,0.5999999999999996,222.6,impersonator
2019,14.9,17.9,1383.9,14.7,16.8,18.7,843.1,genuine
2020,33.4,36.0,16.7,43.5,929.6,6.199999999999999,17.2,impersonator
3083,229.5,233.1,433.0,16.5,233.3,232.8,433.3,genuine
2914,15.399999999999999,991.0,617.6,-3.099999999999998,-1.799999999999999,-0.09999999999999787,-4.100000000000001,impersonator
3325,163.0,176.0,156.0,170.0,170.0,169.0,168.0,genuine
1036,15.1,17.5,1402.9,16.5,16.3,422.0,17.2,genuine
3978,158.0,171.0,338.0,13.0,168.0,183.0,167.0,genuine
3524,168.0,172.0,168.0,170.0,170.0,170.0,166.0,genuine
2006,180.2,200.4,165.9,151.2,151.7,175.1,179.8,impersonator
2955,15.0,1838.7,16.8,18.4,18.6,20.0,16.7,genuine
914,18.0,0.09999999999999787,8.9,37.9,741.9,16.8,42.3,impersonator
2606,151.5,189.9,165.9,168.0,181.1,165.3,145.2,impersonator
2743,43.099999999999994,1.5999999999999979,104.9,1704.3999999999999,1.7000000000000028,47.8,1.5,impersonator
3363,442.9,23.9,240.4,242.7,467.1,30.0,247.8,impersonator
2432,163.0,168.0,168.0,166.0,166.0,167.0,167.0,genuine
643,18.9,645.4,9.799999999999999,-6.700000000000003,44.5,72.8,2398.4,impersonator
1685,1442.3999999999999,40.6,6.800000000000001,32.5,22.099999999999998,42.3,-0.8000000000000007,impersonator
2986,161.9,174.4,180.6,159.6,164.6,192.7,189.8,impersonator
1270,626.2,37.5,12.6,223.9,613.9,13.7,218.8,genuine
2752,67.6,129.7,76.1,31.6,123.8,31.8,107.9,genuine
1478,430.5,16.5,232.7,233.1,433.5,16.8,233.2,genuine
2848,243.7,445.79999999999995,1.5000000000000018,253.89999999999998,210.20000000000002,217.6,433.8,impersonator
4070,167.0,171.0,168.0,172.0,170.0,170.0,168.0,genuine
2287,150.0,176.5,182.0,186.5,169.3,187.6,177.2,impersonator
2110,163.0,176.0,155.0,170.0,169.0,169.0,170.0,genuine
2090,164.0,168.0,167.0,166.0,167.0,166.0,168.0,genuine
2922,429.6,16.2,232.0,233.4,433.6,16.2,232.1,genuine
3968,228.2,433.5,16.0,16.2,216.5,199.8,216.7,genuine
4020,34.900000000000006,223.7,408.7,7.100000000000001,232.8,242.0,11.400000000000002,impersonator
2641,16.8,25.5,69.0,1898.6,19.7,19.2,18.8,genuine
650,188.7,163.3,169.9,17.2,166.4,317.4,154.5,impersonator
236,22.3,18.2,799.1,21.2,17.4,19.7,19.5,genuine
2410,168.0,174.0,176.0,174.0,172.0,174.0,172.0,genuine
622,247.0,219.2,243.8,421.09999999999997,6.5,209.79999999999998,241.10000000000002,impersonator
4002,171.6,178.7,182.1,194.8,160.3,173.8,178.9,impersonator
3856,437.5,27.2,222.5,5.300000000000001,202.7,412.5,453.8,impersonator
1480,166.8,179.7,188.5,147.2,175.9,196.4,152.6,impersonator
1369,167.0,11.0,156.0,333.0,168.0,168.0,6.0,genuine
4236,153.8,166.8,156.4,187.8,182.4,149.9,180.5,impersonator
452,9.3,20.3,1408.1,39.1,18.1,46.5,15.700000000000001,impersonator
695,11.8,11.8,232.1,214.8,198.8,417.3,233.1,genuine
41,171.0,173.0,175.0,171.0,172.0,174.0,172.0,genuine
1561,2.700000000000001,1572.6,-4.800000000000001,5.0,27.4,17.0,5.6,impersonator
4251,14.899999999999999,246.79999999999998,248.8,209.60000000000002,444.0,28.900000000000002,256.0,impersonator
3372,230.1,233.4,15.2,216.7,199.8,433.6,232.9,genuine
4237,14.8,64.7,914.9,14.7,17.6,19.7,16.6,genuine
2732,0.6999999999999993,24.1,747.1,827.7,42.6,24.0,25.6,impersonator
403,214.7,213.4,221.1,25.1,193.3,210.8,219.5,impersonator
1724,156.2,182.9,160.7,175.4,149.5,153.4,179.0,impersonator
2523,154.6,189.5,188.8,172.3,150.4,173.3,175.1,impersonator
1965,14.4,231.3,433.2,16.8,232.9,233.2,433.2,genuine
446,149.5,150.9,19.5,286.4,23.2,29.5,3.3999999999999986,impersonator
567,172.0,174.0,176.0,174.0,173.0,174.0,171.0,genuine
2421,166.0,167.0,166.0,167.0,169.0,165.0,167.0,genuine
3451,165.0,166.0,167.0,166.0,165.0,164.0,167.0,genuine
1010,2.3000000000000007,26.4,1136.8999999999999,444.3,30.9,19.2,20.0,impersonator
1043,169.0,174.0,173.0,173.0,173.0,172.0,173.0,genuine
1554,155.0,333.0,167.0,164.0,166.0,166.0,168.0,genuine
1653,163.0,180.0,159.0,170.0,171.0,169.0,170.0,genuine
2339,232.6,12.6,214.9,199.0,216.6,417.8,433.4,genuine
4460,229.1,449.7,32.7,232.0,233.6,449.6,15.8,genuine
1046,14.4,16.6,1386.6,208.1,16.6,16.7,16.6,genuine
109,14.7,15.8,772.3,15.3,17.2,596.1,1050.7,genuine
4039,33.3,8.3,599.9,218.0,20.6,27.1,0.3999999999999986,impersonator
2170,153.1,170.5,165.3,177.0,174.4,190.3,182.5,impersonator
2383,27.0,1591.0,22.4,811.2,18.2,17.4,17.3,genuine
187,218.10000000000002,210.5,233.9,252.2,439.5,4.100000000000001,437.6,impersonator
1529,18.6,9.8,216.2,215.2,199.9,217.0,416.2,genuine
260,166.0,167.0,169.0,168.0,167.0,167.0,168.0,genuine
659,165.1,182.3,175.2,176.1,180.3,158.1,172.8,impersonator
1296,138.4,146.0,181.8,163.6,162.5,175.3,144.9,impersonator
162,144.2,178.7,182.9,188.2,178.4,169.2,159.2,impersonator
2194,98.4,1919.1,226.2,20.5,17.3,19.0,18.7,genuine
1265,165.0,174.0,169.0,171.0,171.0,171.0,164.0,genuine
699,19.2,606.0,200.1,16.3,17.7,21.2,16.6,genuine
1820,22.5,697.4,848.2,19.4,19.8,22.9,17.8,genuine
282,168.0,187.0,156.0,171.0,168.0,13.0,166.0,genuine
4094,167.9,366.3,154.1,194.6,-3.6999999999999993,158.1,325.0,impersonator
1274,173.0,173.0,169.0,170.0,169.0,173.0,167.0,genuine
863,169.3,187.6,173.1,180.0,156.9,149.0,143.0,impersonator
2286,38.099999999999994,21.900000000000002,775.7,436.09999999999997,9.899999999999999,6.299999999999999,14.4,impersonator
1330,18.7,16.1,785.8,418.2,16.3,18.3,17.0,genuine
623,168.0,170.0,169.0,172.0,170.0,170.0,166.0,genuine
1109,154.7,152.9,192.5,143.4,185.4,169.7,154.6,impersonator
2451,165.0,169.0,167.0,165.0,168.0,167.0,169.0,genuine
4185,164.0,183.0,154.0,170.0,9.0,167.0,333.0,genuine
496,153.3,170.1,194.8,184.3,167.9,152.6,157.1,impersonator
410,17.7,16.5,338.7,1261.1,16.5,17.5,17.6,genuine
2423,18.7,32.1,1127.3,840.1,12.4,28.4,41.6,impersonator
185,22.1,16.0,769.9,423.0,17.0,19.4,617.7,genuine
313,188.7,183.2,181.7,187.4,194.2,170.2,159.1,impersonator
2633,171.0,171.0,173.0,173.0,174.0,174.0,173.0,genuine
231,163.3,206.8,-2.3000000000000007,171.8,358.8,190.6,162.8,impersonator
3532,167.7,187.4,165.2,145.1,169.3,178.0,176.4,impersonator
1475,4.800000000000001,219.79999999999998,258.0,418.3,4.5,244.9,254.5,impersonator
3684,169.0,173.0,176.0,172.0,174.0,173.0,170.0,genuine
4056,215.8,196.9,433.2,232.9,433.7,16.1,233.3,genuine
3541,30.1,1.6000000000000014,30.799999999999997,15.7,1755.8999999999999,12.399999999999999,11.400000000000002,impersonator
1772,165.0,167.0,169.0,165.0,169.0,169.0,166.0,genuine
991,176.8,165.7,140.9,147.5,-8.9,169.4,359.2,impersonator
225,169.0,175.0,173.0,173.0,174.0,171.0,173.0,genuine
615,-3.099999999999998,27.3,540.5999999999999,25.9,-2.1999999999999993,15.6,88.89999999999999,impersonator
3844,167.0,173.0,168.0,171.0,171.0,174.0,165.0,genuine
1911,173.8,161.3,164.9,161.8,179.7,151.8,170.0,impersonator
3484,167.0,171.0,168.0,171.0,171.0,169.0,168.0,genuine
1433,242.0,453.2,-2.3000000000000007,211.0,242.2,450.5,38.900000000000006,impersonator
3270,34.3,-14.100000000000001,39.2,51.3,39.2,1241.6999999999998,12.300000000000004,impersonator
1701,164.0,166.0,166.0,167.0,168.0,167.0,167.0,genuine
863,168.0,171.0,168.0,171.0,170.0,170.0,166.0,genuine
3734,18.9,22.3,1359.1,204.5,20.5,20.3,21.7,genuine
2095,-10.100000000000001,0.09999999999999964,228.6,456.3,222.9,233.8,447.3,impersonator
741,229.3,232.9,16.3,215.9,417.4,232.9,432.7,genuine
194,803.4,206.2,13.1,19.3,19.3,17.1,16.5,genuine
4022,2.1999999999999993,-10.400000000000002,216.2,205.7,195.4,184.4,404.6,impersonator
3757,250.2,207.4,457.29999999999995,-3.5,0.10000000000000142,205.5,224.6,impersonator
4413,165.4,189.5,149.7,152.8,147.7,196.6,150.7,impersonator
4082,164.0,176.0,155.0,172.0,170.0,10.0,166.0,genuine
2303,29.7,70.3,43.900000000000006,66.9,2071.5,9.999999999999998,24.799999999999997,impersonator
2856,167.0,192.0,153.0,171.0,170.0,16.0,166.0,genuine
4325,208.9,217.2,414.4,4.0,216.2,256.40000000000003,445.5,impersonator
4452,34.5,39.0,1201.6,2.400000000000002,24.700000000000003,12.6,3.6000000000000014,impersonator
3329,180.0,170.0,156.0,170.0,168.0,170.0,169.0,genuine
3089,167.0,172.0,170.0,170.0,173.0,171.0,166.0,genuine
2124,32.2,22.9,959.8000000000001,4.100000000000001,26.700000000000003,-4.0,18.400000000000002,impersonator
2088,11.7,30.400000000000002,1787.3999999999999,-5.899999999999999,20.7,-2.8000000000000007,1.8999999999999986,impersonator
2085,165.0,166.0,167.0,15.0,152.0,331.0,168.0,genuine
3986,165.0,189.0,154.0,171.0,169.0,172.0,171.0,genuine
330,5.999999999999998,30.0,59.7,1511.1,22.6,4.9,35.8,impersonator
1790,14.4,15.8,149.4,846.5,16.7,17.5,16.1,genuine
608,15.3,233.0,227.5,433.3,16.6,233.0,233.0,genuine
3650,29.9,13.499999999999998,1201.6000000000001,14.899999999999999,-6.999999999999998,-0.6999999999999993,6.9,impersonator
1193,164.0,187.0,152.0,172.0,170.0,170.0,170.0,genuine
1837,26.0,230.2,233.4,232.7,450.1,16.5,232.9,genuine
4099,252.2,222.5,421.20000000000005,4.300000000000001,248.9,254.9,446.20000000000005,impersonator
1440,170.0,175.0,176.0,172.0,173.0,175.0,172.0,genuine
3871,19.5,962.1,632.5,21.7,17.2,19.4,19.9,genuine
1595,39.1,202.4,239.3,427.3,20.5,245.39999999999998,244.20000000000002,impersonator
1495,179.8,160.0,175.9,173.1,186.2,185.9,189.7,impersonator
1428,9.0,323.0,334.0,167.0,166.0,168.0,166.0,genuine
1239,34.3,36.9,629.3,23.700000000000003,16.9,39.0,28.7,impersonator
1667,37.4,-3.8999999999999986,23.8,86.7,101.3,39.6,90.9,impersonator
977,164.0,189.0,155.0,169.0,170.0,183.0,167.0,genuine
1481,165.0,171.0,168.0,170.0,171.0,171.0,168.0,genuine
114,173.5,164.8,173.6,168.4,177.4,189.2,187.7,impersonator
3675,168.0,186.0,154.0,171.0,169.0,168.0,170.0,genuine
1987,0.1999999999999993,731.8,13.3,15.100000000000001,28.299999999999997,57.3,82.0,impersonator
3740,184.9,172.6,194.9,166.0,170.1,190.8,155.0,impersonator
4162,165.0,169.0,168.0,165.0,168.0,167.0,166.0,genuine
1045,151.1,176.9,192.8,187.7,147.9,193.0,140.9,impersonator
3092,429.5,15.8,232.9,233.2,433.3,16.8,232.7,genuine
2238,40.0,-13.900000000000002,439.8,218.29999999999998,423.3,31.3,234.2,impersonator
3010,173.8,148.7,182.4,173.6,196.9,163.4,156.3,impersonator
2411,17.2,18.7,781.1,423.2,16.3,18.7,19.6,genuine
2499,16.6,11.4,215.1,216.4,199.7,433.7,233.2,genuine
3597,182.5,164.2,176.3,183.2,163.0,146.2,141.7,impersonator
2829,15.6,229.6,208.4,244.9,255.0,448.79999999999995,8.899999999999999,impersonator
3093,18.6,227.6,220.70000000000002,233.9,448.0,38.8,238.4,impersonator
97,16.8,16.6,337.3,15.5,16.4,69.2,103.5,genuine
926,171.0,174.0,174.0,172.0,172.0,173.0,174.0,genuine
4113,180.0,173.0,157.0,172.0,170.0,11.0,166.0,genuine
1168,171.0,173.0,174.0,172.0,176.0,173.0,172.0,genuine
89,195.6,159.2,180.2,156.0,162.0,184.9,166.4,impersonator
3211,250.3,240.5,236.5,211.3,241.2,209.5,249.4,impersonator
4376,22.700000000000003,52.099999999999994,101.5,1677.7,25.700000000000003,14.099999999999998,-1.0,impersonator
3040,203.4,429.4,228.8,221.9,468.4,20.2,240.70000000000002,impersonator
3694,0.9000000000000021,-10.100000000000001,10.4,-2.8999999999999986,742.2,-0.8999999999999986,33.7,impersonator
1693,168.0,172.0,169.0,171.0,170.0,172.0,167.0,genuine
1868,230.1,233.4,233.1,433.4,16.6,233.1,233.2,genuine
2693,195.9,215.6,230.9,228.79999999999998,450.9,45.1,223.20000000000002,impersonator
4296,181.1,163.0,177.3,157.9,170.5,175.9,180.1,impersonator
687,167.0,167.0,167.0,165.0,167.0,165.0,167.0,genuine
1992,63.5,43.0,56.3,1845.7,18.3,19.5,20.1,genuine
4218,17.2,20.0,18.5,962.2,19.1,19.7,19.3,genuine
4388,182.4,159.7,143.0,173.0,170.5,151.6,152.4,impersonator
2431,166.2,184.0,177.3,193.1,157.2,194.8,178.8,impersonator
3702,19.3,18.9,328.1,839.5,20.1,20.5,20.7,genuine
2309,1023.7,17.1,19.2,20.1,2053.2,21.2,17.0,genuine
780,4.800000000000001,321.2,153.9,49.7,172.8,174.8,161.5,impersonator
3694,22.3,14.5,16.8,18.1,751.7,17.6,18.5,genuine
4402,163.0,168.0,168.0,167.0,165.0,164.0,167.0,genuine
342,152.3,204.1,152.4,163.7,-10.8,185.5,358.3,impersonator
1269,169.0,172.0,169.0,171.0,171.0,170.0,166.0,genuine
4392,192.5,163.4,173.5,177.0,188.2,187.7,195.6,impersonator
83,16.3,17.5,1168.2,629.0,18.2,18.6,18.2,genuine
134,164.2,197.0,18.3,143.1,368.3,178.9,152.5,impersonator
234,206.7,454.40000000000003,39.5,241.0,213.1,441.1,16.2,impersonator
774,180.3,37.5,167.2,324.0,171.5,157.3,143.9,impersonator
3407,169.9,154.8,156.7,175.0,162.7,178.9,176.7,impersonator
4297,214.9,251.8,229.10000000000002,36.2,238.5,414.20000000000005,234.4,impersonator
3740,173.0,175.0,174.0,172.0,175.0,173.0,173.0,genuine
472,164.5,151.6,173.1,151.9,176.1,184.4,141.7,impersonator
3343,168.0,170.0,169.0,171.0,172.0,172.0,165.0,genuine
130,227.9,14.0,216.8,216.2,632.9,15.4,233.7,genuine
2002,163.2,201.0,181.1,195.7,182.2,193.4,180.4,impersonator
693,169.2,173.7,129.4,188.3,187.1,17.9,190.8,impersonator
3318,167.0,171.0,169.0,172.0,171.0,170.0,168.0,genuine
3239,20.0,19.5,21.0,1578.8,19.9,21.1,20.9,genuine
1277,175.7,145.3,183.1,184.1,165.6,143.8,177.0,impersonator
4035,9.900000000000002,807.6999999999999,434.0,-2.0,17.5,42.5,12.2,impersonator
1046,-4.1,10.400000000000002,1400.3999999999999,204.7,30.900000000000002,1.5999999999999996,37.400000000000006,impersonator
837,30.900000000000002,4.199999999999999,35.099999999999994,3.200000000000001,754.9,23.599999999999998,41.5,impersonator
3682,17.6,21.3,114.1,1049.6,20.7,20.6,20.3,genuine
82,180.0,171.0,157.0,170.0,168.0,171.0,170.0,genuine
4211,141.2,143.8,145.6,39.9,164.8,340.3,160.8,impersonator
1732,423.2,3.700000000000001,210.7,243.3,5.799999999999999,220.2,202.70000000000002,impersonator
84,223.79999999999998,232.6,21.5,202.1,197.6,429.0,233.0,impersonator
2774,171.0,173.0,174.0,174.0,172.0,174.0,173.0,genuine
1948,171.0,175.0,173.0,172.0,172.0,174.0,173.0,genuine
210,176.8,184.8,173.5,179.9,189.6,161.9,180.2,impersonator
2327,227.2,233.5,449.7,31.0,16.0,216.3,216.9,genuine
2235,172.0,172.0,174.0,173.0,174.0,172.0,174.0,genuine
3654,36.6,978.9,15.7,19.3,18.7,21.4,17.7,genuine
3953,1096.6,16.4,18.7,18.5,18.4,18.4,33.0,genuine
3372,220.4,229.1,39.7,201.2,200.4,451.6,229.9,impersonator
2212,162.4,177.3,150.1,164.0,172.7,190.6,161.6,impersonator
1055,430.3,16.3,433.4,16.7,233.6,232.8,233.2,genuine
2915,1385.1999999999998,15.2,19.900000000000002,-1.7999999999999972,2.3000000000000007,29.200000000000003,35.8,impersonator
548,-4.1,4.0,580.1999999999999,186.6,36.6,40.6,8.999999999999998,impersonator
4372,189.9,149.8,152.1,167.8,162.2,185.0,159.5,impersonator
4322,433.6,31.5,232.8,233.4,450.3,16.2,232.7,genuine
864,163.5,179.1,177.6,188.0,143.1,146.4,143.1,impersonator
4335,170.0,182.0,174.0,177.0,170.0,175.0,176.0,genuine
1411,183.6,210.1,143.2,143.5,192.2,179.7,-14.0,impersonator
2309,1025.0,5.900000000000002,9.2,42.0,2070.0,27.4,29.3,impersonator
1995,12.0,38.0,206.9,237.79999999999998,176.5,202.7,396.7,impersonator
2862,17.0,16.3,16.5,16.5,1401.0,16.3,18.7,genuine
277,151.3,166.8,173.1,184.2,160.3,174.3,184.2,impersonator
321,168.0,171.0,171.0,168.0,168.0,170.0,168.0,genuine
1062,164.4,181.1,193.6,164.6,182.8,179.4,159.9,impersonator
4327,185.1,176.4,130.9,178.2,158.1,27.6,189.8,impersonator
3442,411.8,22.6,253.9,248.3,429.59999999999997,-0.5000000000000018,424.5,impersonator
2653,412.90000000000003,16.3,234.5,251.1,434.0,18.5,432.29999999999995,impersonator
2692,178.6,196.3,162.8,173.3,173.8,180.7,144.9,impersonator
2180,166.0,168.0,170.0,168.0,169.0,167.0,167.0,genuine
3394,213.3,452.7,-3.5,236.79999999999998,226.9,432.90000000000003,32.5,impersonator
449,170.0,172.0,175.0,171.0,173.0,175.0,174.0,genuine
1834,1252.0,14.299999999999999,35.2,24.5,15.0,-3.5,-4.199999999999999,impersonator
3961,211.2,235.6,423.8,23.0,236.3,251.6,219.70000000000002,impersonator
562,154.1,153.7,176.2,159.2,149.4,194.3,146.4,impersonator
211,14.0,17.8,36.1,61.4,30.4,63.9,31.6,genuine
2091,165.0,168.0,168.0,166.0,167.0,168.0,166.0,genuine
3371,55.4,429.4,1907.1,19.3,19.1,18.9,70.7,genuine
1019,12.6,18.2,970.5,631.2,19.5,16.0,17.9,genuine
3527,228.5,232.3,452.6,29.1,233.5,233.3,433.4,genuine
798,16.5,18.6,973.5,18.2,18.4,18.5,1231.8,genuine
1277,167.0,167.0,168.0,164.0,168.0,167.0,170.0,genuine
3365,203.9,193.4,141.9,162.0,162.5,32.7,170.8,impersonator
4463,15.0,14.100000000000001,600.0,32.3,28.799999999999997,23.7,20.9,impersonator
1578,18.5,27.4,1582.2,24.299999999999997,38.099999999999994,222.7,43.9,impersonator
618,226.2,32.9,200.1,216.3,216.6,400.3,232.6,genuine
3829,170.0,175.0,172.0,175.0,172.0,174.0,172.0,genuine
1183,169.6,165.0,166.0,154.6,186.8,174.6,155.5,impersonator
1541,159.6,167.8,171.3,151.0,182.0,167.6,161.8,impersonator
1521,164.0,183.0,157.0,171.0,5.0,167.0,334.0,genuine
1325,164.0,183.0,167.0,166.0,166.0,167.0,183.0,genuine
4336,230.3,233.8,232.8,433.7,15.5,233.6,432.6,genuine
4090,175.9,150.8,155.4,174.5,151.6,190.2,145.1,impersonator
3436,203.9,218.9,425.2,245.3,211.1,456.5,20.3,impersonator
3822,174.0,172.0,176.0,172.0,176.0,174.0,172.0,genuine
3678,12.5,233.5,231.5,433.3,16.6,233.1,233.3,genuine
2483,214.3,197.9,433.7,233.2,433.5,30.7,218.5,genuine
4256,176.5,142.8,157.0,186.7,155.8,143.6,190.7,impersonator
602,227.0,230.7,217.9,232.9,233.5,449.7,15.1,genuine
3634,22.6,1242.3,1489.0,18.5,17.5,17.8,15.5,genuine
3497,3.5999999999999996,39.3,774.0,405.40000000000003,14.9,24.200000000000003,-4.5,impersonator
1463,20.3,17.7,1597.5,21.8,232.5,20.2,21.9,genuine
3842,144.7,189.4,155.0,187.1,164.0,158.9,144.7,impersonator
1657,170.0,175.0,174.0,173.0,173.0,172.0,172.0,genuine
3882,-6.1,8.1,119.69999999999999,0.3000000000000007,1025.3,855.1999999999999,-4.700000000000003,impersonator
1036,26.299999999999997,1.3000000000000007,1412.2,28.5,-0.09999999999999787,413.6,4.0,impersonator
891,164.0,167.0,167.0,167.0,168.0,166.0,167.0,genuine
3479,16.3,17.8,1178.3,421.3,18.1,23.6,16.9,genuine
2543,40.2,41.8,341.8,1252.0,-1.7000000000000028,37.5,9.4,impersonator
4081,8.200000000000001,48.1,62.8,1278.6,-3.1999999999999993,19.6,35.5,impersonator
183,166.5,190.3,189.7,9.3,171.4,339.3,149.0,impersonator
2669,13.4,598.6,415.9,16.5,19.1,18.9,18.5,genuine
135,46.0,24.9,2306.7,29.599999999999998,-7.9,64.5,55.9,impersonator
254,396.2,217.5,20.9,19.6,20.3,20.0,20.5,genuine
2101,163.0,170.0,169.0,168.0,167.0,167.0,167.0,genuine
4160,174.6,153.6,155.2,190.8,167.0,173.9,146.9,impersonator
4144,151.6,168.8,155.4,7.699999999999999,163.3,343.2,181.3,impersonator
1647,30.099999999999998,36.099999999999994,980.5,642.8000000000001,17.5,32.4,26.8,impersonator
4018,17.0,36.0,139.0,1252.5,35.3,19.900000000000002,40.599999999999994,impersonator
484,173.3,158.8,193.6,185.6,171.6,155.0,188.1,impersonator
1090,32.900000000000006,33.7,59.9,45.7,41.0,101.4,35.599999999999994,impersonator
2522,18.7,978.2,205.0,16.1,18.1,18.5,18.6,genuine
94,228.9,16.4,214.9,417.0,233.2,16.5,216.2,genuine
3622,13.5,231.6,233.4,433.0,16.9,232.8,433.2,genuine
3480,430.3,16.4,232.4,233.4,433.6,16.7,233.3,genuine
1394,1369.1,18.1,21.1,18.2,17.9,19.8,19.4,genuine
3761,196.20000000000002,437.5,253.2,39.9,199.6,434.8,241.0,impersonator
1153,-4.800000000000001,32.400000000000006,11.5,1372.5,0.5999999999999996,-4.000000000000002,-1.8000000000000007,impersonator
632,3.6999999999999993,35.4,789.7,403.0,465.09999999999997,46.0,-0.3000000000000007,impersonator
2188,149.4,148.1,165.4,166.3,183.5,192.3,164.2,impersonator
757,15.8,17.9,1382.7,15.2,17.7,17.5,17.8,genuine
1954,171.0,175.0,175.0,174.0,173.0,175.0,171.0,genuine
2220,169.0,173.0,176.0,173.0,174.0,175.0,175.0,genuine
1852,256.2,241.70000000000002,250.4,470.3,25.6,244.2,233.8,impersonator
2097,13.4,432.6,16.5,233.2,16.2,216.4,199.8,genuine
4159,16.4,781.6,422.7,15.4,19.1,18.8,18.1,genuine
697,153.0,184.6,192.9,8.9,143.9,320.2,167.3,impersonator
1228,60.5,2483.8,34.6,20.1,56.5,84.5,58.6,genuine
3317,426.79999999999995,38.3,210.0,218.0,417.20000000000005,-7.700000000000001,443.2,impersonator
4285,151.6,179.9,177.1,190.4,172.5,148.4,156.1,impersonator
995,39.6,21.7,-3.5,1130.6999999999998,28.299999999999997,6.600000000000001,-2.200000000000003,impersonator
3728,168.0,187.0,157.0,170.0,169.0,169.0,170.0,genuine
1439,147.0,196.7,187.9,156.7,323.0,34.0,178.0,impersonator
4499,169.8,162.9,156.9,189.7,177.7,14.8,180.0,impersonator
3928,168.0,168.0,171.0,169.0,167.0,168.0,169.0,genuine
1251,16.2,1362.6,203.9,220.8,14.2,643.9,17.8,genuine
959,162.5,165.6,179.6,149.2,164.0,155.0,173.7,impersonator
2298,16.0,13.4,1390.7,15.9,16.3,17.4,397.2,genuine
979,164.0,166.0,167.0,166.0,167.0,167.0,166.0,genuine
3185,29.7,2.3999999999999986,981.0,416.5,34.5,8.1,10.2,impersonator
86,142.0,183.1,165.0,143.1,157.7,164.1,175.2,impersonator
2568,222.7,454.0,18.3,221.7,225.20000000000002,441.3,22.0,impersonator
184,167.8,154.5,190.8,165.8,147.5,184.4,179.7,impersonator
4077,165.0,167.0,167.0,168.0,167.0,165.0,168.0,genuine
3875,30.2,42.1,5.499999999999998,957.8,14.299999999999999,35.6,35.0,impersonator
1716,169.0,174.0,173.0,172.0,173.0,172.0,173.0,genuine
998,15.6,16.6,1644.5,16.1,18.3,17.7,17.9,genuine
2696,17.6,19.2,972.4,632.4,20.0,16.8,430.7,genuine
3935,-2.1999999999999993,-7.899999999999999,1393.6999999999998,618.6999999999999,12.100000000000001,18.9,32.9,impersonator
4424,202.2,214.8,16.1,17.1,16.6,17.2,16.7,genuine
1644,169.0,171.0,175.0,174.0,174.0,173.0,174.0,genuine
2228,27.3,-4.0,1412.7,31.0,39.3,218.29999999999998,26.299999999999997,impersonator
820,181.4,183.7,162.7,185.2,188.2,159.3,192.1,impersonator
1058,169.0,175.0,173.0,172.0,173.0,173.0,173.0,genuine
874,17.5,2.0000000000000018,1212.0,41.6,28.700000000000003,9.8,16.6,impersonator
2650,168.2,159.9,149.9,168.9,179.7,143.5,169.6,impersonator
1828,165.0,168.0,166.0,167.0,8.0,159.0,335.0,genuine
1680,144.7,195.5,174.7,189.8,184.6,182.2,177.3,impersonator
780,28.0,341.0,177.0,25.0,167.0,171.0,171.0,genuine
2603,-8.2,25.5,547.8,1450.5,9.5,29.8,12.499999999999998,impersonator
417,168.0,187.0,156.0,171.0,170.0,172.0,167.0,genuine
3357,230.8,232.7,433.5,16.2,232.5,233.2,433.4,genuine
1462,213.2,419.3,232.5,450.3,15.8,234.3,232.7,genuine
4377,449.7,31.9,31.9,200.5,216.6,216.7,199.4,genuine
4233,25.099999999999998,32.1,919.2,404.9,41.7,37.9,402.8,impersonator
1716,168.5,156.3,179.8,183.6,163.7,163.7,153.3,impersonator
93,166.0,168.0,166.0,15.0,150.0,333.0,167.0,genuine
4171,16.4,18.2,975.4,428.6,16.9,18.2,18.9,genuine
165,22.6,27.2,27.2,840.8,10.599999999999998,52.0,210.4,impersonator
914,13.6,17.9,16.8,34.9,746.1,17.0,18.1,genuine
3238,204.2,227.9,435.40000000000003,8.5,226.79999999999998,185.3,225.7,impersonator
1917,235.0,413.7,16.799999999999997,239.79999999999998,223.20000000000002,19.900000000000002,200.7,impersonator
4221,18.9,57.6,145.3,86.1,63.9,60.3,75.9,genuine
3584,16.5,1604.5,40.4,18.4,32.900000000000006,40.099999999999994,41.9,impersonator
1667,16.2,17.8,15.3,84.5,79.8,63.7,96.2,genuine
2302,33.5,1183.0,402.40000000000003,7.800000000000001,16.4,-1.5999999999999979,32.3,impersonator
111,187.1,182.8,190.0,163.6,191.8,170.9,156.4,impersonator
1338,15.2,22.4,21.599999999999998,990.5999999999999,382.40000000000003,9.8,28.9,impersonator
2462,226.0,450.3,33.0,232.8,232.7,449.7,16.9,genuine
2574,451.7,23.3,441.7,31.6,211.2,226.5,249.4,impersonator
4323,17.1,14.9,1390.0,17.1,16.1,16.7,16.6,genuine
4395,19.0,136.3,1.7999999999999998,320.6,-5.6,328.8,355.9,impersonator
1357,157.2,175.6,189.9,187.2,184.8,164.8,176.2,impersonator
1718,13.6,234.7,228.8,233.1,433.7,16.0,16.2,genuine
3654,36.2,962.9,13.899999999999999,6.300000000000001,31.299999999999997,28.4,25.7,impersonator
3039,18.2,19.6,1394.1,22.0,16.3,17.1,19.1,genuine
2039,149.0,143.3,144.1,165.5,186.8,176.2,181.5,impersonator
432,213.1,426.90000000000003,-4.100000000000001,237.6,229.4,7.999999999999998,206.9,impersonator
4497,167.8,174.4,164.3,183.4,183.6,162.5,180.4,impersonator
2035,158.3,180.4,178.2,150.8,159.5,185.1,171.8,impersonator
2006,164.0,177.0,158.0,169.0,172.0,170.0,168.0,genuine
2859,174.2,162.5,161.3,155.7,173.3,141.4,146.5,impersonator
3706,21.1,13.4,20.9,1781.8,16.7,16.1,18.1,genuine
2089,48.3,1697.2,16.599999999999998,5.4,-1.0,20.900000000000002,38.400000000000006,impersonator
3087,165.0,169.0,166.0,167.0,166.0,166.0,169.0,genuine
3897,16.8,1418.1,15.8,18.7,18.4,18.3,18.7,genuine
2709,186.4,173.9,177.7,189.4,154.2,167.4,170.0,impersonator
2670,166.0,171.0,170.0,168.0,170.0,169.0,189.0,genuine
1816,224.8,232.3,434.2,15.7,232.7,233.2,433.2,genuine
2869,-5.699999999999999,23.5,7.299999999999999,378.90000000000003,-17.8,33.5,9.6,impersonator
2665,33.7,3.0,577.0,23.099999999999998,24.4,23.7,27.8,impersonator
2721,17.6,19.3,18.1,964.3,416.3,19.2,19.0,genuine
2814,24.1,35.1,782.1,643.1,4.400000000000002,27.799999999999997,13.7,impersonator
2307,166.0,170.0,170.0,170.0,169.0,170.0,170.0,genuine
3503,-6.6,22.2,606.9000000000001,15.7,34.7,41.0,5.200000000000001,impersonator
3763,182.9,150.2,149.2,149.0,184.9,184.2,164.7,impersonator
4375,168.0,171.0,169.0,172.0,171.0,171.0,165.0,genuine
3826,169.0,172.0,169.0,169.0,172.0,171.0,166.0,genuine
4436,156.0,164.5,157.5,147.9,155.4,187.3,168.4,impersonator
3199,165.6,171.4,170.5,176.6,0.9000000000000004,167.6,331.2,impersonator
878,13.899999999999999,36.8,64.1,1260.0,9.2,12.700000000000001,42.599999999999994,impersonator
2056,12.5,14.5,18.1,1002.5,19.5,15.4,16.9,genuine
2412,17.3,16.1,16.1,16.7,1584.2,16.4,17.4,genuine
703,31.200000000000003,39.1,132.0,72.10000000000001,9.3,108.7,62.900000000000006,impersonator
2870,16.0,15.0,1174.6,629.1,16.6,17.1,17.2,genuine
4266,21.900000000000002,-7.699999999999999,-0.3999999999999986,27.0,1584.2,3.3999999999999986,25.7,impersonator
3324,18.0,10.6,427.5,230.7,450.9,30.7,233.8,genuine
3328,170.0,174.0,173.0,173.0,172.0,173.0,176.0,genuine
1490,17.9,19.0,19.7,771.3,19.5,20.1,20.0,genuine
1204,1187.1,7.200000000000001,4.299999999999999,14.7,34.7,-8.4,35.4,impersonator
2125,230.6,433.0,16.2,233.5,233.2,233.1,433.6,genuine
4445,216.5,196.1,433.5,232.9,233.4,433.6,15.9,genuine
3344,153.8,143.8,167.3,146.4,186.0,159.9,165.7,impersonator
1947,17.7,17.5,773.5,17.9,19.7,17.3,18.7,genuine
517,206.0,248.3,463.9,32.6,214.70000000000002,473.5,236.8,impersonator
431,237.20000000000002,215.89999999999998,-5.399999999999999,196.0,226.89999999999998,402.7,441.4,impersonator
1604,181.6,167.3,162.9,152.7,149.9,166.6,176.3,impersonator
1015,16.4,19.6,17.4,1776.8,18.5,19.3,18.1,genuine
491,14.7,17.0,18.8,1018.0,23.4,16.5,18.6,genuine
2953,171.4,181.1,160.0,190.2,150.5,148.9,181.4,impersonator
483,419.90000000000003,23.700000000000003,238.6,238.6,456.4,18.7,437.3,impersonator
480,28.3,37.4,55.6,546.3,17.0,17.1,17.0,genuine
4240,166.0,185.0,158.0,172.0,171.0,9.0,166.0,genuine
384,234.29999999999998,205.2,250.7,196.9,209.10000000000002,250.5,214.0,impersonator
4314,165.0,168.0,166.0,167.0,168.0,169.0,167.0,genuine
3970,41.400000000000006,45.1,391.5,190.10000000000002,36.6,26.3,3.9000000000000004,impersonator
881,997.1,33.2,7.1,-4.099999999999998,16.9,2224.6000000000004,6.699999999999999,impersonator
4091,13.8,21.2,15.2,1173.1,16.0,16.4,17.1,genuine
2474,168.0,188.0,153.0,172.0,170.0,10.0,167.0,genuine
1708,15.6,17.7,338.2,838.7,17.9,18.0,18.1,genuine
2703,17.1,1995.4,26.5,12.9,18.4,16.5,17.7,genuine
317,171.0,172.0,174.0,175.0,175.0,174.0,175.0,genuine
2416,227.1,232.8,232.9,450.7,16.1,449.6,15.5,genuine
3458,38.099999999999994,10.200000000000001,962.2,631.5,19.6,31.2,16.4,impersonator
951,14.8,219.5,210.0,200.0,215.3,617.3,16.3,genuine
2577,32.0,14.1,35.1,-4.800000000000001,965.6,6.800000000000001,18.3,impersonator
1809,585.0,423.0,16.4,21.3,19.9,19.2,16.1,genuine
2737,181.2,197.8,156.5,182.6,9.3,147.1,348.5,impersonator
1854,184.3,194.4,190.8,165.6,182.1,170.0,192.9,impersonator
2177,168.0,189.0,155.0,172.0,7.0,167.0,350.0,genuine
3638,150.4,148.8,188.7,158.7,155.3,169.7,152.8,impersonator
1806,16.6,20.9,790.5,205.1,22.0,23.3,20.4,genuine
2282,165.0,166.0,169.0,168.0,166.0,167.0,167.0,genuine
1212,171.0,172.0,174.0,174.0,172.0,173.0,174.0,genuine
4408,33.4,2.0,1421.7,19.7,10.5,29.1,11.2,impersonator
3787,411.59999999999997,14.1,238.6,220.3,455.4,20.9,235.0,impersonator
1054,11.3,439.7,-6.1,250.2,240.79999999999998,409.5,29.700000000000003,impersonator
2213,17.1,19.7,18.7,772.9,18.4,19.5,20.3,genuine
2698,14.4,23.5,217.1,198.8,216.6,216.5,618.3,genuine
1943,15.9,-5.699999999999999,-1.8999999999999986,0.1999999999999993,1128.3,5.199999999999999,21.8,impersonator
3671,150.4,154.8,172.7,179.9,181.7,190.7,148.4,impersonator
2485,438.5,242.89999999999998,16.2,205.1,215.5,614.8000000000001,29.4,impersonator
985,11.5,17.8,978.5,628.0,18.7,16.6,19.0,genuine
113,225.5,213.20000000000002,437.8,43.5,5.699999999999999,233.79999999999998,237.6,impersonator
2715,190.6,199.8,176.9,189.9,-11.0,156.9,321.3,impersonator
2828,166.0,167.0,169.0,171.0,169.0,168.0,171.0,genuine
626,164.0,180.0,153.0,172.0,170.0,9.0,165.0,genuine
1286,-3.799999999999997,1372.3,30.1,-2.400000000000002,13.099999999999998,-1.3000000000000007,30.9,impersonator
1284,148.0,168.4,154.7,190.4,159.8,149.6,157.4,impersonator
2104,165.0,178.0,155.0,171.0,170.0,170.0,168.0,genuine
2276,90.4,31.0,64.7,143.0,43.9,31.7,123.8,genuine
3840,16.6,40.0,142.3,1038.8,8.2,34.8,43.1,impersonator
3494,17.6,19.7,1390.9,19.6,17.4,18.8,18.7,genuine
4463,19.8,15.3,592.8,16.2,17.7,21.2,17.4,genuine
839,409.7,254.20000000000002,437.79999999999995,-0.7000000000000028,245.5,253.29999999999998,416.90000000000003,impersonator
1733,228.2,215.2,233.4,231.9,233.4,452.3,14.3,genuine
404,20.1,18.8,19.9,1382.3,20.1,20.9,20.4,genuine
3804,1336.1,14.5,17.0,16.9,17.2,15.5,55.6,genuine
2581,142.6,172.5,184.8,175.4,191.7,160.9,173.7,impersonator
2819,165.0,190.0,13.0,150.0,333.0,168.0,168.0,genuine
1414,148.3,190.7,174.3,183.3,193.6,185.2,171.6,impersonator
211,10.3,15.9,59.0,37.4,6.599999999999998,65.6,37.6,impersonator
1390,17.2,207.20000000000002,243.4,256.4,444.1,3.3000000000000007,234.8,impersonator
3975,177.5,189.5,163.2,191.5,173.4,146.4,167.8,impersonator
2350,19.2,22.8,592.2,206.4,17.2,17.0,17.5,genuine
1470,195.1,216.1,636.7,31.8,230.6,234.3,215.8,genuine
323,14.4,17.2,1620.7,18.3,18.5,19.2,15.2,genuine
2293,161.1,158.8,170.7,181.1,162.2,178.3,164.4,impersonator
3139,154.9,147.0,174.1,181.2,156.6,192.8,173.9,impersonator
601,165.0,169.0,168.0,165.0,166.0,166.0,168.0,genuine
96,234.4,228.7,426.20000000000005,23.2,246.5,201.9,39.5,impersonator
2335,43.8,1345.1,3.9000000000000004,24.8,41.9,12.3,-4.0,impersonator
2837,171.7,160.8,159.2,155.6,167.7,190.1,148.2,impersonator
264,150.0,186.0,194.1,181.1,161.3,161.6,164.6,impersonator
2393,-4.300000000000001,215.89999999999998,49.400000000000006,77.5,51.5,65.1,96.6,impersonator
171,155.1,168.2,192.7,163.0,169.2,177.4,165.8,impersonator
1193,188.9,183.5,157.2,185.6,179.9,163.1,145.7,impersonator
3770,432.1,14.5,231.9,233.2,433.5,16.7,16.2,genuine
3634,39.6,1258.3999999999999,1476.6,9.2,22.3,5.600000000000001,3.0,impersonator
2308,430.7,12.8,232.4,16.0,216.7,200.0,216.4,genuine
1790,10.4,39.6,138.70000000000002,854.8,-5.300000000000001,4.800000000000001,6.300000000000001,impersonator
3281,944.1,15.0,11.599999999999998,20.6,39.900000000000006,2255.4,23.8,impersonator
926,172.9,193.4,176.1,160.5,175.9,157.7,171.4,impersonator
1678,230.9,432.1,16.7,233.0,232.2,233.4,433.1,genuine
2245,16.6,229.4,230.6,433.4,17.8,231.3,233.2,genuine
168,228.9,232.2,232.8,450.1,17.0,232.2,15.1,genuine
1883,234.7,407.0,35.1,221.10000000000002,219.79999999999998,421.09999999999997,16.700000000000003,impersonator
2612,162.4,163.4,179.8,152.3,156.2,27.0,177.7,impersonator
2678,164.0,167.0,182.0,168.0,166.0,167.0,166.0,genuine
1351,184.6,148.5,188.8,154.8,181.3,155.8,151.3,impersonator
169,176.2,196.7,181.8,187.7,156.8,149.9,161.6,impersonator
2943,166.0,167.0,168.0,14.0,150.0,334.0,166.0,genuine
3077,427.8,31.9,232.8,233.3,233.6,232.5,217.7,genuine
1936,15.6,18.8,1585.0,21.5,22.2,19.1,21.0,genuine
823,205.5,193.2,141.9,188.9,-23.8,196.1,15.6,impersonator
201,162.3,184.1,187.9,159.2,150.9,158.5,155.4,impersonator
3745,-0.8999999999999986,23.1,9.7,10.1,1578.1000000000001,1.5,20.2,impersonator
1591,155.8,184.2,155.7,185.5,192.2,168.1,157.7,impersonator
4124,167.0,186.0,157.0,170.0,168.0,169.0,168.0,genuine
1021,163.0,186.0,158.0,170.0,171.0,171.0,9.0,genuine
769,2115.4,219.9,18.2,17.7,17.8,25.7,49.6,genuine
3479,40.0,4.700000000000001,1178.3999999999999,413.2,40.2,2.5,32.8,impersonator
3538,232.5,257.4,213.2,212.4,210.79999999999998,218.20000000000002,224.5,impersonator
1755,164.0,186.0,154.0,170.0,172.0,168.0,169.0,genuine
2365,175.6,156.1,157.2,164.5,170.9,144.3,175.0,impersonator
2437,15.8,1184.1,25.7,236.70000000000002,-7.199999999999999,403.90000000000003,432.7,impersonator
3083,251.5,231.5,432.7,0.0,228.10000000000002,234.20000000000002,420.6,impersonator
1118,229.8,233.4,433.8,15.8,233.1,233.2,433.4,genuine
3874,166.0,169.0,169.0,169.0,167.0,169.0,170.0,genuine
112,1486.4,1248.8,17.8,16.4,17.2,17.5,17.4,genuine
3614,167.0,167.0,168.0,168.0,171.0,168.0,171.0,genuine
936,168.0,186.0,160.0,170.0,4.0,166.0,351.0,genuine
2025,230.9,231.1,16.4,216.4,416.9,233.1,233.4,genuine
1345,166.7,185.3,168.2,175.2,180.8,181.4,155.1,impersonator
1270,611.8000000000001,16.0,19.2,239.5,591.9,30.3,231.5,impersonator
4092,186.1,428.2,255.5,255.6,448.0,14.9,461.7,impersonator
754,176.3,171.6,172.0,163.0,186.5,168.5,165.9,impersonator
3923,167.0,167.0,169.0,166.0,168.0,165.0,168.0,genuine
1526,16.5,27.700000000000003,1156.7,2.9000000000000004,36.4,14.600000000000001,20.0,impersonator
2958,141.9,155.2,147.5,166.7,191.5,148.7,176.0,impersonator
702,165.0,176.0,158.0,171.0,168.0,168.0,172.0,genuine
1218,228.6,232.7,433.5,16.9,232.7,232.9,233.2,genuine
3481,249.9,214.6,233.89999999999998,412.6,12.2,214.4,222.5,impersonator
743,171.0,173.0,176.0,173.0,174.0,173.0,172.0,genuine
2021,167.0,169.0,168.0,170.0,170.0,171.0,166.0,genuine
3385,227.4,437.5,-3.8999999999999986,249.4,240.3,428.9,25.0,impersonator
4301,18.0,14.5,16.3,17.6,1163.4,17.9,17.3,genuine
38,17.3,20.1,33.0,1139.3,18.7,19.5,19.7,genuine
611,-2.8000000000000007,34.3,1823.7,27.2,25.3,4.300000000000001,31.6,impersonator
570,218.39999999999998,217.5,223.5,247.7,223.4,461.5,22.200000000000003,impersonator
885,155.7,191.1,159.4,170.2,170.7,186.6,152.7,impersonator
2107,332.0,170.0,166.0,3.0,164.0,5.0,329.0,genuine
505,31.7,17.0,21.6,1187.7,26.5,-4.5,0.0,impersonator
2713,170.8,187.5,140.7,177.9,157.0,26.0,159.1,impersonator
4370,165.0,187.0,157.0,172.0,168.0,169.0,170.0,genuine
1842,31.5,143.7,5.6,169.7,63.4,93.9,44.2,genuine
3759,223.4,238.4,224.7,420.8,32.2,222.4,229.70000000000002,impersonator
3110,419.8,236.4,215.4,457.5,26.5,214.9,228.9,impersonator
3072,27.5,-4.900000000000002,25.8,979.4,22.4,38.2,44.2,impersonator
458,165.0,167.0,166.0,168.0,167.0,168.0,167.0,genuine
1836,18.2,18.8,1213.6,24.4,21.0,204.4,19.3,genuine
367,17.8,18.0,117.6,1258.4,17.6,18.1,19.9,genuine
2712,165.0,170.0,168.0,167.0,168.0,166.0,167.0,genuine
2490,14.4,232.1,433.0,15.3,233.2,233.3,433.6,genuine
477,1890.6,225.3,17.2,16.8,17.1,16.6,44.6,genuine
2628,232.0,230.1,15.2,216.5,417.1,233.2,233.2,genuine
674,14.4,17.0,17.6,18.5,529.7,17.6,17.6,genuine
4470,16.3,19.5,1359.5,17.5,18.3,18.1,1249.3,genuine
24,18.8,20.9,1579.9,17.3,20.6,20.1,20.1,genuine
1547,999.6,228.2,1.8000000000000007,36.2,-3.8000000000000007,23.9,15.6,impersonator
3256,180.0,175.0,155.0,172.0,168.0,171.0,168.0,genuine
2512,155.4,148.3,190.4,171.4,169.0,160.5,184.8,impersonator
3586,609.1999999999999,397.90000000000003,-7.5,21.5,20.700000000000003,39.900000000000006,13.0,impersonator
3283,164.0,186.0,152.0,170.0,171.0,169.0,170.0,genuine
2778,179.8,201.9,170.4,168.8,186.9,167.4,162.9,impersonator
404,-1.5,31.3,39.0,1393.6,27.6,30.5,5.399999999999999,impersonator
1636,209.5,232.7,233.7,233.3,449.8,17.0,232.7,genuine
3247,158.5,172.1,178.0,152.1,175.7,152.1,159.2,impersonator
3131,190.8,420.0,243.7,434.4,19.4,228.1,474.1,impersonator
1903,17.2,20.1,20.5,40.4,1165.1,18.9,19.2,genuine
744,19.3,18.2,579.8,422.3,15.7,21.0,16.9,genuine
324,167.0,187.0,157.0,172.0,171.0,172.0,171.0,genuine
2488,166.0,15.0,153.0,333.0,166.0,168.0,11.0,genuine
3685,627.2,202.7,41.2,-6.0,33.3,-7.4,59.7,impersonator
545,12.7,232.5,233.2,233.1,216.7,233.3,234.0,genuine
3078,172.0,174.0,176.0,173.0,176.0,174.0,173.0,genuine
2600,164.0,169.0,166.0,165.0,165.0,167.0,167.0,genuine
2151,412.8,232.2,233.2,233.0,200.1,433.4,16.6,genuine
3458,18.2,20.8,950.0,626.8,20.3,19.7,21.3,genuine
292,178.6,179.6,190.5,170.2,185.8,153.0,186.9,impersonator
3428,31.0,201.1,228.2,412.4,247.9,453.0,34.1,genuine
49,148.2,187.8,192.8,166.1,184.1,153.7,196.7,impersonator
591,-8.000000000000002,10.8,985.9,619.2,5.299999999999999,28.900000000000002,5.399999999999999,impersonator
1916,166.0,168.0,171.0,168.0,169.0,170.0,170.0,genuine
4407,16.3,19.0,982.5,632.9,20.5,18.5,20.2,genuine
1602,14.4,402.5,18.5,32.3,2270.6,25.3,18.5,genuine
3297,165.0,167.0,166.0,167.0,165.0,167.0,168.0,genuine
443,146.2,195.6,170.3,187.5,165.1,165.4,181.3,impersonator
3962,28.7,42.6,1601.9,32.3,21.5,39.8,28.0,impersonator
2708,113.4,1702.9,11.7,19.1,19.7,20.5,362.6,genuine
3196,431.3,26.299999999999997,226.70000000000002,211.39999999999998,230.7,653.1999999999999,5.600000000000001,impersonator
3682,8.200000000000001,22.8,134.9,1028.3,20.3,44.0,31.9,impersonator
3400,211.8,211.9,432.7,34.6,231.0,246.1,423.20000000000005,impersonator
1821,170.0,173.0,174.0,172.0,173.0,173.0,175.0,genuine
927,431.0,15.7,15.2,216.4,216.7,199.8,216.6,genuine
1663,15.5,18.3,828.6,172.0,17.1,18.7,18.2,genuine
147,229.8,232.8,232.1,433.3,16.6,233.0,233.2,genuine
1217,215.4,237.2,445.8,47.7,229.6,445.8,31.6,impersonator
3349,188.0,172.1,167.4,153.4,153.1,178.4,153.3,impersonator
3660,229.5,232.0,16.3,216.6,416.5,234.0,433.1,genuine
2632,164.0,177.0,155.0,169.0,171.0,11.0,166.0,genuine
2390,163.2,630.4,16.5,15.9,16.7,16.7,22.7,genuine
1630,154.7,181.9,186.6,153.8,183.6,154.5,163.0,impersonator
838,383.1,1030.1999999999998,-2.0,40.599999999999994,29.5,12.8,29.3,impersonator
1813,118.4,708.4000000000001,1898.1000000000001,21.3,27.4,25.0,5.499999999999998,impersonator
3431,230.1,233.6,452.0,15.8,232.2,234.9,232.1,genuine
585,11.100000000000001,32.2,1782.1000000000001,-3.8999999999999986,-4.600000000000001,-1.4000000000000021,39.3,impersonator
1447,14.8,12.0,219.5,212.3,199.9,416.8,233.4,genuine
2823,148.8,160.9,169.5,174.2,180.3,153.9,155.3,impersonator
1029,4.800000000000001,230.0,609.8000000000001,1.200000000000001,228.6,235.79999999999998,414.3,impersonator
2024,154.4,182.2,150.3,142.8,179.9,23.8,173.1,impersonator
1684,19.4,1478.0,18.4,18.1,19.7,20.2,14.9,genuine
2435,15.0,16.4,977.6,16.9,15.6,1046.4,16.9,genuine
2760,1008.1,17.3,20.6,17.2,16.8,2270.9,16.6,genuine
4120,20.700000000000003,240.2,422.40000000000003,240.29999999999998,441.0,21.2,215.6,impersonator
3516,170.0,171.0,174.0,171.0,174.0,174.0,172.0,genuine
2224,149.4,186.7,159.6,174.0,146.7,143.4,153.6,impersonator
497,11.3,8.3,1397.2,9.0,31.5,-3.6000000000000014,7.399999999999999,impersonator
3676,164.3,187.7,197.0,177.6,190.8,166.7,161.7,impersonator
1580,197.6,215.6,216.2,417.0,216.3,433.7,16.4,genuine
684,162.4,175.2,164.2,169.6,-2.5999999999999996,167.7,347.0,impersonator
160,164.0,179.0,158.0,170.0,172.0,169.0,169.0,genuine
2102,171.0,171.0,175.0,173.0,173.0,173.0,174.0,genuine
710,5.000000000000002,6.799999999999999,5.9,410.9,236.2,415.79999999999995,253.7,impersonator
2434,42.1,29.199999999999996,742.0,1456.5,20.9,10.8,20.0,impersonator
775,-4.699999999999999,-7.999999999999998,36.0,18.0,30.799999999999997,27.5,97.1,impersonator
288,100.2,63.8,47.7,170.6,62.6,31.4,120.3,genuine
1178,211.9,416.7,233.1,232.9,216.7,233.3,233.1,genuine
242,16.4,19.7,16.2,32.6,31.8,99.8,48.3,genuine
4409,165.0,167.0,10.0,158.0,334.0,167.0,166.0,genuine
1796,15.8,20.2,785.0,417.8,15.8,20.6,17.1,genuine
1359,38.3,1237.6,0.1999999999999993,-1.1000000000000014,41.0,-3.3000000000000007,610.6,impersonator
1095,15.200000000000001,42.5,396.0,416.2,38.8,33.5,40.099999999999994,impersonator
169,170.0,175.0,174.0,175.0,173.0,173.0,173.0,genuine
4151,163.3,190.0,156.5,22.0,133.0,335.2,158.7,impersonator
3471,154.8,155.3,193.2,157.9,164.3,167.1,178.2,impersonator
1289,181.0,81.60000000000001,186.29999999999998,170.9,199.0,850.8,11.9,impersonator
788,166.0,170.0,170.0,172.0,171.0,171.0,166.0,genuine
3773,169.3,160.0,160.0,188.5,6.4,166.7,331.3,impersonator
3924,161.4,161.5,166.4,154.7,190.2,193.6,165.2,impersonator
3197,162.8,178.6,180.4,156.2,158.4,190.3,174.6,impersonator
194,789.8,224.79999999999998,30.5,1.1999999999999993,22.400000000000002,20.200000000000003,13.0,impersonator
979,152.4,159.1,144.3,154.4,142.8,150.7,153.5,impersonator
3135,167.0,166.0,167.0,169.0,167.0,168.0,167.0,genuine
1398,1851.1,39.9,-7.100000000000001,8.200000000000001,36.4,18.599999999999998,19.5,impersonator
4293,171.7,175.4,186.5,165.3,179.4,180.6,155.7,impersonator
3118,229.1,233.0,433.3,16.6,233.2,233.2,433.2,genuine
1190,158.8,157.8,177.4,191.1,167.3,177.3,178.4,impersonator
602,218.2,225.0,240.70000000000002,218.8,221.3,457.7,29.7,impersonator
2098,12.1,21.4,11.5,-6.699999999999999,584.1999999999999,17.9,23.599999999999998,impersonator
3612,1.3000000000000007,72.1,20.9,60.7,25.4,96.6,46.8,impersonator
1683,145.3,2.9000000000000004,147.5,347.8,177.5,175.7,36.8,impersonator
1450,15.7,16.0,788.0,417.4,17.0,18.5,18.9,genuine
502,16.4,137.5,840.1,19.8,19.9,20.0,20.5,genuine
3191,631.8,35.1,227.70000000000002,232.8,449.2,33.2,229.60000000000002,impersonator
430,155.1,151.7,164.1,149.2,140.9,174.9,147.7,impersonator
3618,0.3000000000000007,45.7,976.6999999999999,624.0,-3.400000000000002,34.099999999999994,15.600000000000001,impersonator
2356,21.6,760.9,14.8,401.4,16.0,16.8,16.1,genuine
3531,0.6999999999999993,19.9,1622.4,40.0,-0.7999999999999972,24.1,42.6,impersonator
1687,36.599999999999994,42.7,593.1999999999999,401.20000000000005,9.6,31.6,28.4,impersonator
3308,153.3,142.0,153.2,159.6,155.5,183.1,179.4,impersonator
3167,180.7,170.4,178.3,186.6,170.8,147.8,165.1,impersonator
2373,228.2,232.7,232.4,450.6,15.2,233.4,232.7,genuine
1144,142.1,163.6,179.2,176.0,162.0,156.9,174.9,impersonator
2420,412.9,233.1,433.2,17.0,232.7,233.7,232.4,genuine
3000,163.0,188.0,153.0,172.0,168.0,171.0,168.0,genuine
444,5.5,177.8,164.1,323.6,-8.8,166.0,353.3,impersonator
1386,16.2,19.2,1212.6,21.1,16.5,18.5,18.9,genuine
3323,148.0,188.9,-1.9000000000000004,165.4,311.3,160.2,191.7,impersonator
1276,165.0,170.0,170.0,173.0,172.0,170.0,165.0,genuine
1257,181.0,175.0,152.0,172.0,170.0,170.0,11.0,genuine
3516,162.0,148.2,172.4,173.4,152.5,186.0,149.9,impersonator
614,167.0,167.0,171.0,168.0,170.0,167.0,168.0,genuine
2139,-4.599999999999998,775.3,605.6,31.799999999999997,6.100000000000001,7.400000000000002,841.6999999999999,impersonator
1465,199.60000000000002,212.0,437.9,242.5,413.5,34.599999999999994,229.0,impersonator
1078,169.0,172.0,169.0,170.0,173.0,169.0,166.0,genuine
3089,147.4,177.1,150.3,147.5,175.9,148.0,141.5,impersonator
3619,166.0,172.0,168.0,171.0,170.0,171.0,166.0,genuine
2205,167.0,169.0,168.0,169.0,169.0,169.0,169.0,genuine
2333,17.4,104.8,81.8,68.8,13.2,103.8,70.8,impersonator
2112,159.7,149.4,170.2,157.0,149.9,176.3,197.9,impersonator
3489,167.1,186.2,186.7,168.6,170.7,162.5,145.6,impersonator
1549,810.1,228.3,28.4,-2.6000000000000014,18.400000000000002,9.600000000000001,38.2,impersonator
2787,16.799999999999997,26.200000000000003,240.4,413.09999999999997,233.4,249.9,248.3,impersonator
80,147.9,150.9,166.2,36.8,161.4,335.0,166.3,impersonator
3847,34.900000000000006,1.6999999999999993,29.1,977.1,399.9,41.5,15.9,impersonator
3261,226.6,233.6,450.7,31.1,232.9,233.4,450.3,genuine
255,34.2,79.0,2004.5,15.5,16.3,17.8,15.3,genuine
2055,219.5,204.3,465.09999999999997,-6.600000000000001,455.6,18.9,435.79999999999995,impersonator
4104,73.0,29.9,135.3,31.4,46.6,88.7,83.6,genuine
3860,167.0,173.0,169.0,172.0,170.0,171.0,165.0,genuine
4432,71.8,2043.3999999999999,29.4,11.3,14.099999999999998,8.8,594.6,impersonator
2187,16.3,16.3,16.9,33.9,72.6,14.4,104.2,genuine
758,164.0,168.0,165.0,4.0,163.0,3.0,327.0,genuine
4053,170.0,173.0,175.0,174.0,171.0,172.0,174.0,genuine
1272,235.6,225.6,433.4,16.9,232.8,233.3,16.6,genuine
1846,144.1,188.9,187.7,182.6,191.5,164.6,156.0,impersonator
2684,12.3,20.4,988.2,655.1,4.1,21.4,30.900000000000002,impersonator
3466,13.599999999999998,14.5,1620.3999999999999,-4.399999999999999,25.1,10.899999999999999,36.3,impersonator
2080,134.9,187.7,192.1,181.5,150.7,183.0,153.1,impersonator
3252,27.7,-2.3000000000000007,24.1,986.5,30.0,35.4,9.400000000000002,impersonator
3233,21.9,-0.3999999999999986,16.4,21.5,44.1,26.5,79.8,impersonator
3244,172.2,169.5,184.6,143.5,156.3,174.7,151.4,impersonator
4105,412.9,215.8,233.5,15.6,216.5,416.6,433.9,genuine
1061,-1.1999999999999993,5.1,947.6999999999999,432.5,20.799999999999997,2.5,40.1,impersonator
3069,187.4,180.1,130.5,163.4,169.9,168.4,165.8,impersonator
2768,191.9,163.9,167.8,178.3,168.0,154.7,189.2,impersonator
3594,26.200000000000003,41.6,1148.3999999999999,611.5999999999999,11.8,21.900000000000002,22.8,impersonator
1928,15.2,15.3,517.0,15.9,16.2,16.7,70.5,genuine
2721,3.400000000000002,40.7,42.3,954.1999999999999,401.5,18.3,41.5,impersonator
4389,166.0,186.0,12.0,150.0,350.0,167.0,166.0,genuine
3334,15.0,16.6,1379.3,627.2,18.3,15.7,27.1,genuine
4245,180.0,179.0,151.0,169.0,170.0,168.0,46.0,genuine
2633,166.4,157.6,166.8,195.3,197.6,150.7,185.2,impersonator
3615,223.1,228.5,217.6,258.1,1.700000000000001,220.5,177.20000000000002,impersonator
908,458.4,24.000000000000004,274.4,44.8,191.8,209.79999999999998,395.9,impersonator
1762,234.6,427.7,16.5,233.2,16.3,216.4,199.9,genuine
3949,30.400000000000002,4.5,784.4,640.5,14.899999999999999,15.299999999999999,-1.7000000000000028,impersonator
2231,446.5,26.5,232.8,232.8,451.1,15.2,232.3,genuine
3861,233.2,442.2,1.0000000000000018,212.9,226.1,436.4,19.400000000000002,impersonator
2131,200.1,161.9,162.8,154.6,182.6,158.3,146.6,impersonator
2040,154.9,146.7,171.6,0.10000000000000009,139.4,0.40000000000000036,322.8,impersonator
41,174.2,156.9,169.3,150.4,147.9,172.9,183.3,impersonator
866,409.09999999999997,257.7,26.7,213.79999999999998,451.29999999999995,34.599999999999994,237.0,impersonator
2761,66.0,85.6,59.3,87.4,57.8,55.9,41.7,genuine
196,236.7,455.0,12.8,245.89999999999998,418.79999999999995,27.200000000000003,218.4,impersonator
2883,165.0,175.0,158.0,169.0,171.0,169.0,170.0,genuine
1834,1241.3,19.4,16.1,17.7,18.3,19.0,18.3,genuine
3866,18.9,18.8,1198.5,15.1,20.5,20.6,20.2,genuine
2845,149.7,169.4,148.9,173.6,161.2,169.7,159.4,impersonator
1998,194.1,164.5,160.1,166.0,178.0,174.3,175.1,impersonator
1209,-6.500000000000002,1174.6000000000001,-7.9,417.8,36.4,40.7,14.7,impersonator
140,177.0,162.3,10.1,162.6,314.8,186.5,186.2,impersonator
139,28.900000000000002,41.7,1386.1,0.0,225.79999999999998,42.9,36.0,impersonator
2530,164.0,188.0,157.0,171.0,169.0,170.0,10.0,genuine
347,15.1,15.1,16.9,1361.8,17.0,20.9,16.3,genuine
2815,23.0,228.1,433.1,16.8,232.6,233.9,432.8,genuine
2691,34.5,-2.8999999999999986,21.700000000000003,72.9,1064.4,861.3,33.2,impersonator
1608,1191.1999999999998,22.8,22.3,29.799999999999997,41.6,38.2,-4.399999999999999,impersonator
4141,158.7,178.6,148.2,147.9,161.9,150.4,180.1,impersonator
972,164.0,183.0,156.0,172.0,5.0,167.0,350.0,genuine
2043,246.5,225.6,219.20000000000002,220.60000000000002,232.0,209.1,212.79999999999998,impersonator
3825,171.0,172.0,173.0,173.0,173.0,174.0,173.0,genuine
1989,166.3,162.1,176.3,197.4,186.3,175.1,154.4,impersonator
2706,166.0,167.0,167.0,12.0,155.0,334.0,166.0,genuine
544,165.0,188.0,156.0,170.0,168.0,1.0,187.0,genuine
2474,153.1,194.3,128.9,178.2,167.5,4.0,151.3,impersonator
214,227.2,230.7,234.7,232.6,232.2,233.0,450.2,genuine
3153,148.2,189.0,169.9,188.3,194.4,188.8,169.1,impersonator
1388,423.0,32.1,228.79999999999998,232.0,454.09999999999997,16.8,238.1,impersonator
3100,156.3,167.2,168.2,179.2,190.2,168.0,172.8,impersonator
299,165.0,167.0,167.0,17.0,150.0,329.0,168.0,genuine
333,172.0,174.0,174.0,172.0,172.0,174.0,173.0,genuine
2441,-5.6,20.2,5.300000000000001,36.099999999999994,953.8,22.1,11.0,impersonator
1245,13.5,117.5,1036.4,35.0,8.3,-4.5,-1.8000000000000007,impersonator
2032,164.0,181.0,155.0,171.0,9.0,167.0,333.0,genuine
3116,18.2,21.5,761.4,183.7,37.5,630.1999999999999,-4.5,impersonator
2425,306.7,189.7,179.3,165.0,180.3,163.6,141.5,impersonator
2161,19.4,20.9,214.7,216.4,417.6,232.8,449.8,genuine
1007,163.0,166.0,167.0,168.0,166.0,165.0,166.0,genuine
2749,17.3,17.7,1407.0,20.3,17.7,19.6,17.1,genuine
2098,16.7,16.3,19.0,17.0,564.9,17.7,16.9,genuine
3600,12.8,232.8,434.0,15.7,233.3,233.8,432.4,genuine
1156,12.7,15.0,805.2,14.4,15.8,17.8,17.2,genuine
1432,170.1,185.3,182.8,176.9,160.3,190.8,142.0,impersonator
2385,26.700000000000003,-7.300000000000001,962.9,35.9,1.0999999999999996,29.400000000000002,12.7,impersonator
4030,191.5,156.4,175.8,171.5,183.5,169.6,159.5,impersonator
1253,174.5,186.6,185.7,183.6,195.2,181.9,163.9,impersonator
4318,12.4,16.0,25.3,22.8,13.2,69.2,15.9,impersonator
1261,233.5,429.1,16.5,233.1,232.4,433.4,16.4,genuine
3972,171.0,173.0,173.0,173.0,173.0,172.0,173.0,genuine
3015,170.0,172.0,174.0,173.0,173.0,173.0,176.0,genuine
362,174.1,195.4,153.5,151.0,166.5,168.0,157.6,impersonator
3858,164.0,178.0,156.0,170.0,171.0,172.0,168.0,genuine
620,199.1,174.1,159.0,158.1,174.5,155.5,27.0,impersonator
4138,155.3,155.7,161.0,175.9,143.0,164.7,174.4,impersonator
2430,431.4,15.8,232.7,233.3,433.5,16.5,233.2,genuine
759,35.3,1761.3,23.9,14.1,17.2,17.2,16.6,genuine
293,161.7,194.3,168.7,159.7,181.2,172.7,-8.3,impersonator
2262,167.0,167.0,167.0,15.0,152.0,334.0,167.0,genuine
3283,149.3,193.9,131.0,150.7,152.7,164.0,166.7,impersonator
3050,32.4,28.1,427.5,229.0,231.3,218.0,420.9,impersonator
54,229.3,433.1,15.7,233.1,233.3,433.4,16.5,genuine
815,30.900000000000002,18.0,41.3,1357.5,22.2,35.2,37.599999999999994,impersonator
3819,229.9,236.0,449.5,15.9,232.7,233.4,450.3,genuine
1224,221.7,455.90000000000003,13.899999999999999,227.6,222.0,222.6,199.1,impersonator
2927,158.3,155.2,145.6,174.1,194.7,150.4,189.2,impersonator
1618,166.0,168.0,168.0,12.0,154.0,331.0,167.0,genuine
2643,142.3,183.0,187.6,179.6,154.6,194.3,190.9,impersonator
648,204.6,197.8,183.4,201.0,190.0,163.0,148.6,impersonator
2534,2337.3,189.6,18.5,51.3,79.8,48.1,40.2,genuine
3770,436.1,11.8,214.3,219.1,418.4,14.2,27.4,impersonator
3488,1217.2,36.9,31.400000000000002,39.7,15.6,39.5,60.8,impersonator
21,162.6,194.7,176.0,150.7,150.5,150.2,152.3,impersonator
4028,17.6,22.2,29.4,74.9,19.6,103.9,95.3,genuine
4011,-1.1000000000000014,45.2,972.9,841.0,-0.9000000000000021,37.900000000000006,32.2,impersonator
4106,28.099999999999998,-5.200000000000003,34.599999999999994,19.0,51.400000000000006,26.999999999999996,110.9,impersonator
2170,165.0,170.0,168.0,168.0,168.0,167.0,168.0,genuine
1907,422.59999999999997,-0.9000000000000004,221.7,250.7,451.79999999999995,0.10000000000000142,256.5,impersonator
3179,230.1,232.5,240.0,418.5,21.1,230.4,428.2,impersonator
3430,154.9,190.1,169.7,183.0,161.2,151.6,169.6,impersonator
4307,435.4,39.6,232.29999999999998,240.6,-2.0,234.20000000000002,628.6,impersonator
2584,48.1,1446.5,25.799999999999997,410.79999999999995,40.099999999999994,25.6,40.4,impersonator
1851,166.0,167.0,168.0,13.0,151.0,334.0,168.0,genuine
3155,16.8,457.6,-0.8999999999999986,213.79999999999998,235.0,444.40000000000003,26.6,impersonator
2707,163.0,166.0,167.0,164.0,168.0,165.0,164.0,genuine
2700,-0.10000000000000142,25.2,26.0,720.7,863.0999999999999,32.0,45.6,impersonator
3008,19.0,19.0,107.3,1268.6,20.0,22.0,21.1,genuine
3674,17.7,1030.1,20.1,16.6,18.7,18.7,18.8,genuine
3645,-9.200000000000001,1171.5,627.4,22.7,-6.5,42.599999999999994,11.2,impersonator
516,15.8,1615.5,16.5,15.6,17.8,18.0,19.4,genuine
3076,230.0,224.7,456.40000000000003,30.8,232.7,226.4,411.6,impersonator
3664,163.0,177.0,158.0,170.0,170.0,170.0,171.0,genuine
3094,167.0,172.0,171.0,173.0,169.0,170.0,166.0,genuine
1902,75.8,79.6,23.3,104.0,83.1,25.6,99.1,genuine
315,-0.5,415.5,14.4,243.8,251.89999999999998,220.89999999999998,449.7,impersonator
481,229.1,232.9,232.8,216.8,233.5,233.1,433.3,genuine
3455,228.5,233.9,211.9,453.9,-7.0,217.2,209.20000000000002,impersonator
145,93.2,73.39999999999999,69.30000000000001,61.49999999999999,17.500000000000004,50.300000000000004,2.900000000000002,impersonator
1269,178.4,161.6,174.5,189.7,152.4,145.4,149.3,impersonator
3187,17.0,1391.7,15.8,20.6,20.0,20.2,20.0,genuine
2125,248.79999999999998,446.9,20.0,210.2,226.1,241.1,411.6,impersonator
2200,38.1,18.4,939.9,638.3,7.199999999999999,19.2,40.5,impersonator
1865,13.5,451.9,31.4,15.6,217.6,215.7,216.4,genuine
3838,823.5999999999999,34.3,23.3,13.7,38.199999999999996,2223.3,19.200000000000003,impersonator
4451,88.4,2532.9,17.1,16.2,413.0,17.2,16.6,genuine
996,28.3,797.3,411.3,3.0999999999999996,20.4,6.099999999999998,16.0,impersonator
3777,2105.0,19.1,19.0,19.7,17.4,15.5,18.3,genuine
1144,164.0,167.0,166.0,168.0,167.0,168.0,166.0,genuine
2453,149.9,168.6,164.2,149.0,163.2,180.8,147.3,impersonator
3208,16.3,13.6,17.9,17.5,34.4,64.0,43.9,genuine
916,172.0,173.0,173.0,171.0,173.0,174.0,173.0,genuine
911,16.9,15.9,52.7,66.5,1697.9,18.4,19.3,genuine
1951,209.60000000000002,406.3,33.6,221.9,232.1,426.6,-0.5999999999999979,impersonator
531,169.0,171.0,171.0,171.0,171.0,170.0,167.0,genuine
4422,145.3,174.8,174.6,184.0,172.8,164.0,171.1,impersonator
2266,768.4,622.0,42.4,20.799999999999997,14.599999999999998,0.6999999999999993,28.799999999999997,impersonator
1417,77.7,1890.3999999999999,271.5,28.2,40.6,53.900000000000006,91.39999999999999,impersonator
463,172.0,173.0,176.0,171.0,174.0,175.0,173.0,genuine
4085,18.5,69.4,141.3,92.9,93.2,92.10000000000001,121.3,impersonator
933,229.8,448.7,17.0,232.6,233.3,233.0,433.6,genuine
360,16.0,18.7,1190.7,20.2,18.4,19.1,15.4,genuine
2687,17.1,16.5,16.5,16.8,373.6,16.8,16.4,genuine
301,16.0,18.5,1171.5,631.2,22.1,20.4,19.9,genuine
4055,177.9,174.0,170.4,163.9,162.1,183.3,165.6,impersonator
1877,16.6,17.7,23.5,1581.2,2.1999999999999993,40.5,-1.6000000000000014,impersonator
1975,8.500000000000002,1.799999999999999,199.5,230.0,393.1,248.6,237.7,impersonator
865,14.1,15.7,97.3,1469.8,16.4,17.1,16.7,genuine
1687,15.2,20.7,590.8,408.6,16.5,16.6,17.2,genuine
4332,230.2,232.3,433.5,15.9,233.1,433.7,16.3,genuine
2625,152.8,179.5,189.8,163.1,170.3,166.4,178.5,impersonator
835,165.0,171.0,169.0,173.0,173.0,172.0,167.0,genuine
3943,11.499999999999998,16.2,206.3,195.4,11.3,31.1,24.6,impersonator
2792,30.0,208.20000000000002,414.5,14.899999999999999,232.2,214.0,448.8,impersonator
1793,157.7,155.6,150.9,166.7,194.3,179.3,155.4,impersonator
2300,16.9,1183.5,422.5,23.2,19.0,21.6,20.4,genuine
4215,0.3000000000000007,18.0,969.6,419.6,39.900000000000006,34.1,847.0999999999999,impersonator
3946,165.0,188.0,155.0,170.0,168.0,1.0,187.0,genuine
1421,231.4,230.6,233.4,16.2,216.5,617.0,16.6,genuine
1023,23.0,27.8,793.1,191.20000000000002,-0.3999999999999986,0.29999999999999716,837.5,impersonator
106,155.8,170.2,158.9,157.5,180.5,145.5,184.7,impersonator
4206,172.0,175.0,173.0,172.0,174.0,174.0,176.0,genuine
3084,169.0,173.0,170.0,171.0,170.0,172.0,167.0,genuine
1904,17.4,224.3,230.6,453.4,27.7,233.9,233.7,genuine
3205,186.5,186.4,171.1,162.2,143.5,184.7,180.1,impersonator
631,229.3,238.9,260.7,196.70000000000002,253.9,218.39999999999998,454.8,impersonator
3713,430.2,16.3,235.5,232.3,450.5,15.7,233.2,genuine
1824,149.1,170.5,162.0,189.1,178.7,185.6,156.1,impersonator
2982,163.9,150.3,160.3,167.3,175.5,174.0,150.8,impersonator
3106,13.2,16.6,1165.5,428.6,28.1,22.400000000000002,37.900000000000006,impersonator
912,11.5,247.6,241.70000000000002,453.8,-2.8000000000000007,208.79999999999998,217.10000000000002,impersonator
319,157.8,150.0,159.7,147.3,184.5,166.5,152.3,impersonator
2959,170.0,172.0,170.0,171.0,172.0,171.0,168.0,genuine
4225,26.200000000000003,27.299999999999997,204.10000000000002,423.8,233.79999999999998,257.3,435.1,impersonator
1970,160.3,187.6,176.5,153.5,182.5,153.0,155.2,impersonator
4412,166.0,166.0,169.0,165.0,166.0,168.0,167.0,genuine
196,230.5,432.6,16.8,233.2,433.9,16.1,233.1,genuine
2977,1388.7,28.8,15.8,17.7,15.8,19.9,16.4,genuine
4366,149.2,193.5,195.7,174.3,157.7,162.7,183.2,impersonator
2122,165.0,187.0,155.0,171.0,169.0,172.0,171.0,genuine
1602,13.700000000000001,385.3,39.5,50.9,2261.2,19.4,17.4,impersonator
47,2261.0,6.6000000000000005,29.8,10.2,72.3,80.4,80.60000000000001,impersonator
917,4.1000000000000005,229.8,411.3,5.199999999999999,212.5,253.39999999999998,410.0,impersonator
1066,209.1,-6.300000000000001,148.4,373.9,157.9,180.2,169.4,impersonator
1737,164.0,179.0,156.0,171.0,170.0,169.0,171.0,genuine
2160,166.7,179.4,190.2,184.8,157.7,169.0,156.1,impersonator
1083,166.0,170.0,170.0,170.0,169.0,168.0,168.0,genuine
3486,150.6,181.1,160.5,149.8,170.9,179.6,177.5,impersonator
3277,224.7,232.0,433.3,15.5,233.5,233.4,16.6,genuine
2642,21.6,4.9,427.3,433.7,16.9,232.7,433.0,genuine
4246,15.4,15.0,935.0,15.6,16.8,16.8,16.9,genuine
779,157.5,183.5,178.0,150.8,180.5,154.5,169.7,impersonator
159,173.0,174.0,173.0,173.0,173.0,174.0,174.0,genuine
232,164.0,168.0,166.0,166.0,169.0,167.0,167.0,genuine
1171,237.2,254.0,440.90000000000003,9.0,248.2,253.20000000000002,27.5,impersonator
2790,8.1,19.799999999999997,24.1,1143.6000000000001,15.600000000000001,6.699999999999999,-2.1000000000000014,impersonator
2205,184.5,190.8,163.9,188.7,170.3,191.7,190.9,impersonator
1132,166.0,167.0,165.0,15.0,153.0,332.0,166.0,genuine
3050,16.0,10.5,429.1,216.2,230.3,232.3,434.0,genuine
4072,13.0,432.8,16.5,233.2,233.2,233.1,216.7,genuine
2828,143.8,172.5,168.2,152.8,170.7,172.8,180.6,impersonator
4110,32.9,10.5,775.2,428.5,31.400000000000002,5.100000000000001,25.200000000000003,impersonator
1273,171.0,173.0,172.0,173.0,174.0,176.0,174.0,genuine
1479,176.0,167.3,144.8,166.9,188.7,165.0,150.3,impersonator
1311,16.6,1625.8,14.9,15.8,632.8,16.9,16.8,genuine
4298,184.0,11.0,150.0,350.0,167.0,166.0,167.0,genuine
3862,17.5,17.4,783.2,631.8,20.1,16.7,17.6,genuine
1003,169.0,172.0,168.0,173.0,173.0,170.0,165.0,genuine
439,165.0,166.0,168.0,169.0,169.0,166.0,165.0,genuine
4174,1086.7,1284.6,14.0,-5.100000000000001,18.200000000000003,14.100000000000001,0.6999999999999993,impersonator
177,163.0,179.0,156.0,170.0,170.0,170.0,169.0,genuine
1474,16.7,38.3,991.6999999999999,625.5,22.9,27.2,3.1999999999999993,impersonator
4142,147.8,188.6,158.3,195.0,178.6,184.6,-1.0,impersonator
4468,153.3,194.6,199.6,197.6,197.3,190.7,179.9,impersonator
4302,454.2,40.9,218.89999999999998,231.0,37.7,219.2,654.1,impersonator
3435,226.4,233.4,232.5,233.4,216.7,232.7,232.5,genuine
324,146.7,198.0,143.0,154.6,189.8,183.2,148.0,impersonator
36,17.5,20.1,963.4,835.8,19.0,21.3,20.1,genuine
1350,18.0,60.2,246.0,16.5,64.8,87.9,38.6,genuine
3395,3.9999999999999982,31.2,1158.2,30.900000000000002,8.000000000000002,25.900000000000002,34.099999999999994,impersonator
1804,164.0,168.0,168.0,167.0,167.0,169.0,167.0,genuine
108,163.0,168.0,165.0,3.0,163.0,5.0,325.0,genuine
4142,164.0,175.0,153.0,172.0,169.0,170.0,11.0,genuine
2621,165.0,167.0,16.0,484.0,8.0,17.0,311.0,genuine
3012,15.0,783.2,629.3,16.5,16.7,17.0,17.0,genuine
2841,13.9,1199.1,15.9,424.2,18.3,16.6,16.7,genuine
4023,203.7,211.1,466.0,7.5,233.29999999999998,470.9,11.5,impersonator
2169,180.60000000000002,433.9,257.1,252.70000000000002,446.6,-4.199999999999999,456.59999999999997,impersonator
354,167.0,186.0,17.0,149.0,334.0,166.0,168.0,genuine
4208,20.799999999999997,426.40000000000003,-9.4,231.0,253.4,236.20000000000002,19.5,impersonator
392,167.0,171.0,168.0,172.0,169.0,169.0,168.0,genuine
741,247.70000000000002,253.1,9.100000000000001,207.6,424.0,235.3,421.0,impersonator
3007,25.1,2159.0,32.2,18.9,22.1,1037.3,20.4,impersonator
3236,152.2,161.6,163.9,154.8,159.6,173.8,196.7,impersonator
2099,164.0,169.0,167.0,166.0,164.0,167.0,166.0,genuine
888,171.0,171.0,176.0,173.0,174.0,172.0,172.0,genuine
3018,164.0,168.0,165.0,167.0,168.0,169.0,165.0,genuine
1159,171.3,323.3,175.2,189.1,4.1,154.3,357.7,impersonator
370,807.9,202.9,18.9,21.0,20.9,20.8,19.0,genuine
1491,4.600000000000001,15.9,384.9,187.6,-5.799999999999997,-0.09999999999999787,20.9,impersonator
492,181.0,180.0,153.0,168.0,171.0,11.0,166.0,genuine
4046,171.0,175.0,173.0,175.0,171.0,174.0,174.0,genuine
1707,229.3,199.9,233.0,233.2,433.9,16.1,233.5,genuine
2424,188.3,159.2,179.2,150.1,160.0,150.4,183.1,impersonator
3902,13.3,18.4,979.2,633.5,17.7,15.4,18.7,genuine
3098,241.4,255.9,430.5,19.6,216.1,450.8,31.8,impersonator
3342,167.0,189.0,15.0,149.0,333.0,168.0,165.0,genuine
857,26.1,14.6,575.4,424.3,16.0,18.1,19.6,genuine
1094,158.2,150.3,148.1,170.1,173.2,184.6,177.2,impersonator
2214,1035.3,16.6,19.0,18.8,18.8,18.7,64.5,genuine
1593,155.3,198.4,28.0,173.8,339.3,161.4,153.4,impersonator
4321,167.2,46.7,845.5999999999999,13.899999999999999,3.3999999999999986,-6.5,49.4,impersonator
1815,213.6,416.5,256.1,438.7,8.099999999999998,243.29999999999998,420.3,impersonator
3382,234.1,224.5,201.6,236.1,245.20000000000002,220.3,451.0,impersonator
359,21.2,17.0,17.7,1159.9,21.0,19.1,20.9,genuine
3287,14.7,1364.6,420.8,15.1,17.5,17.8,18.4,genuine
4246,19.6,22.9,911.8,-6.299999999999999,19.6,33.0,-2.0,impersonator
3422,170.8,171.5,189.7,147.9,181.7,163.9,144.6,impersonator
3447,147.5,181.1,169.8,142.9,151.7,157.3,170.0,impersonator
2707,175.6,145.7,150.1,165.7,181.6,171.4,151.0,impersonator
2742,179.4,181.1,182.4,160.6,187.3,155.9,173.7,impersonator
1852,231.7,228.4,234.8,448.3,14.4,234.1,234.4,genuine
970,180.5,189.1,168.9,158.0,178.1,173.4,180.8,impersonator
2885,215.6,210.4,217.3,198.5,216.9,418.1,449.8,genuine
1768,16.9,17.6,1387.8,16.5,18.9,18.7,19.4,genuine
2543,20.4,18.7,331.2,1260.6,22.4,18.7,20.5,genuine
3889,168.0,189.0,155.0,172.0,169.0,169.0,168.0,genuine
1140,172.6,156.5,174.1,154.9,179.5,169.1,159.2,impersonator
586,15.7,442.7,29.5,234.6,234.0,231.5,450.6,genuine
3701,211.8,199.5,215.5,417.1,233.1,433.5,16.5,genuine
2459,162.4,184.9,168.2,187.1,185.7,175.8,178.6,impersonator
510,231.0,227.0,225.4,246.10000000000002,442.4,29.700000000000003,235.6,impersonator
1837,7.5,220.7,210.9,245.39999999999998,451.3,11.6,232.3,impersonator
4196,16.4,17.7,981.0,416.8,16.0,18.2,20.5,genuine
932,189.9,177.4,190.0,170.1,168.0,170.6,174.2,impersonator
1079,182.9,183.3,149.9,166.4,168.4,148.7,156.9,impersonator
3067,16.1,17.7,1407.3,17.0,17.3,19.7,19.9,genuine
2893,170.0,175.0,174.0,171.0,172.0,174.0,173.0,genuine
3964,1.4999999999999982,8.3,1177.3999999999999,627.5,-8.5,23.9,27.4,impersonator
1488,150.1,147.9,183.5,154.0,181.6,191.3,166.8,impersonator
3513,17.1,21.6,1157.9,424.4,16.6,17.0,18.3,genuine
2075,-13.499999999999998,423.1,1901.8,34.5,15.7,6.599999999999998,32.8,impersonator
285,170.8,153.7,195.1,197.6,152.4,176.3,149.6,impersonator
4376,16.6,46.3,85.3,1690.4,19.8,17.4,16.1,genuine
2066,175.6,156.2,176.9,157.0,157.4,151.0,159.2,impersonator
3056,36.2,52.5,1129.6000000000001,610.8000000000001,33.9,30.2,21.6,impersonator
1678,250.8,436.1,0.1999999999999993,221.3,207.5,244.70000000000002,448.6,impersonator
1888,14.5,1379.3,202.8,16.0,17.2,17.1,17.2,genuine
3598,164.0,168.0,165.0,166.0,167.0,168.0,166.0,genuine
1114,84.6,59.8,52.3,111.7,31.2,68.5,99.8,genuine
2117,308.6,215.3,139.3,152.5,189.1,190.9,191.9,impersonator
172,13.8,991.6,623.8,12.4,221.7,15.1,17.2,genuine
3202,191.4,158.6,177.8,156.5,163.5,173.0,181.1,impersonator
345,174.4,187.0,159.1,186.7,156.0,155.3,156.5,impersonator
2314,50.9,579.7,18.1,18.6,63.6,95.4,12.1,genuine
2973,19.8,19.6,19.6,1156.5,21.5,23.1,26.0,genuine
242,18.5,6.899999999999999,-8.600000000000001,52.900000000000006,14.100000000000001,76.69999999999999,39.9,impersonator
1293,11.200000000000001,422.29999999999995,22.6,29.200000000000003,102.2,34.2,20.0,impersonator
3330,17.8,18.2,19.4,1590.1,17.3,20.4,19.8,genuine
1930,71.2,74.0,44.9,205.1,132.20000000000002,120.5,74.5,impersonator
1866,3.0,34.0,327.7,1502.0,3.900000000000002,2.6000000000000014,31.4,impersonator
1222,67.89999999999999,254.9,35.3,52.9,64.3,36.4,56.7,impersonator
833,142.7,164.4,183.0,190.3,185.1,153.5,170.9,impersonator
2653,432.1,15.6,230.6,233.2,433.3,16.8,432.9,genuine
715,-3.700000000000001,4.100000000000001,35.5,17.900000000000002,81.1,11.0,118.5,impersonator
465,165.0,167.0,167.0,168.0,167.0,166.0,167.0,genuine
2529,15.7,16.4,19.0,19.4,762.3,18.5,18.8,genuine
106,165.0,168.0,167.0,167.0,166.0,167.0,168.0,genuine
4336,229.0,239.20000000000002,237.8,430.4,9.4,244.7,410.1,impersonator
3549,149.2,148.6,145.2,184.3,147.6,191.7,155.8,impersonator
2226,447.8,27.9,15.1,234.6,199.7,216.8,199.7,genuine
2203,153.5,163.5,150.7,174.3,181.7,141.4,177.8,impersonator
3218,41.9,1570.8000000000002,34.0,-6.300000000000001,17.0,-3.6999999999999993,0.40000000000000213,impersonator
3244,165.0,166.0,166.0,166.0,167.0,168.0,167.0,genuine
2749,12.100000000000001,34.5,1398.4,29.4,1.5999999999999979,-0.29999999999999716,28.400000000000002,impersonator
1616,71.8,119.5,88.8,31.4,167.8,1895.2,15.9,genuine
2256,233.20000000000002,467.5,-6.700000000000003,223.89999999999998,253.7,237.3,432.2,impersonator
1545,151.7,166.3,174.6,178.2,186.2,188.3,166.5,impersonator
3090,17.1,20.7,1171.8,624.1,25.4,18.3,18.6,genuine
1859,166.0,174.0,171.0,170.0,171.0,171.0,165.0,genuine
3057,172.0,171.0,173.0,175.0,172.0,174.0,172.0,genuine
4229,28.9,26.6,24.1,-5.600000000000001,965.2,12.1,30.9,impersonator
973,612.9,436.79999999999995,27.2,17.5,-0.3999999999999986,19.4,11.200000000000001,impersonator
3311,12.700000000000001,953.2,34.599999999999994,-4.0,23.2,-2.3999999999999986,24.0,impersonator
2948,183.3,185.8,163.0,152.1,168.4,186.2,154.7,impersonator
840,155.3,162.1,184.2,155.3,170.2,146.4,188.3,impersonator
1795,22.299999999999997,39.8,16.099999999999998,982.3000000000001,22.3,22.099999999999998,-2.1999999999999993,impersonator
3460,11.7,2747.3,19.3,13.8,28.0,62.7,88.6,genuine
2754,24.6,542.6,16.6,54.6,1619.5,16.1,16.1,genuine
643,31.8,630.5,17.7,17.9,39.2,55.4,2422.3,genuine
347,28.9,11.6,37.0,1356.1,23.1,20.0,-4.0,impersonator
848,41.2,-0.1999999999999993,228.0,200.29999999999998,219.5,423.20000000000005,426.70000000000005,impersonator
4309,163.0,180.0,157.0,172.0,168.0,171.0,171.0,genuine
3054,165.2,183.9,159.2,145.2,180.7,152.7,145.5,impersonator
3420,172.0,172.0,177.0,171.0,173.0,174.0,173.0,genuine
2008,34.0,84.2,28.3,52.4,168.3,21.9,78.0,impersonator
853,241.7,417.59999999999997,4.799999999999999,253.2,429.70000000000005,29.2,429.3,impersonator
2079,18.7,18.5,1008.6,22.7,16.4,17.3,18.3,genuine
157,164.0,186.0,156.0,170.0,170.0,171.0,169.0,genuine
1425,415.7,229.7,233.3,433.2,16.8,433.1,16.4,genuine
1230,19.5,1874.7,29.5,64.6,94.9,83.10000000000001,31.9,impersonator
1913,2492.1,-8.1,20.0,23.799999999999997,13.799999999999999,2.8000000000000007,26.2,impersonator
1216,196.5,215.7,416.8,433.3,16.4,433.6,16.4,genuine
1969,161.5,169.4,327.4,30.7,152.0,171.0,158.5,impersonator
1634,164.0,185.0,149.0,171.0,170.0,170.0,169.0,genuine
2643,167.0,171.0,168.0,171.0,172.0,173.0,167.0,genuine
2911,164.2,185.3,33.1,168.6,351.8,142.8,158.7,impersonator
1009,227.8,231.2,217.8,232.8,231.7,451.5,15.2,genuine
4097,234.0,243.4,233.1,418.3,26.7,212.8,241.5,impersonator
1730,22.3,15.7,962.4,632.3,21.4,16.4,16.7,genuine
3143,223.7,232.9,232.8,233.1,433.5,16.9,232.5,genuine
1125,196.0,158.8,170.1,162.0,151.7,191.4,157.9,impersonator
3994,213.4,198.5,216.5,634.8,15.4,233.4,15.0,genuine
1588,428.8,16.4,232.3,233.3,433.4,16.7,233.0,genuine
1077,88.9,897.1,17.0,17.4,17.8,17.1,2468.0,genuine
4067,33.2,8.2,73.60000000000001,17.2,73.5,27.5,84.4,impersonator
734,34.400000000000006,49.099999999999994,44.599999999999994,127.5,85.7,111.6,41.3,impersonator
3804,1353.8999999999999,-5.399999999999999,26.2,31.299999999999997,26.0,33.8,59.2,impersonator
3576,19.5,16.9,1153.4,19.2,19.4,19.4,20.9,genuine
3173,12.600000000000001,1185.5,195.39999999999998,22.3,30.1,-2.6000000000000014,21.900000000000002,impersonator
1234,15.7,18.8,600.6,405.6,15.9,20.1,16.8,genuine
3454,16.5,91.0,79.5,70.69999999999999,117.6,196.79999999999998,96.60000000000001,impersonator
704,14.5,22.1,1162.3,626.9,20.5,18.2,19.5,genuine
4389,165.0,161.3,-5.699999999999999,166.4,326.0,171.6,165.3,impersonator
2196,179.7,190.4,148.5,145.6,27.6,147.0,309.0,impersonator
776,19.3,415.7,425.09999999999997,35.1,1.4000000000000004,7.0,-3.5,impersonator
3899,101.7,71.5,179.6,110.7,23.599999999999998,155.7,119.30000000000001,impersonator
1530,154.5,179.6,150.3,143.2,162.1,144.6,167.0,impersonator
656,213.7,199.8,215.7,218.8,216.7,199.6,417.2,genuine
3670,12.5,4.099999999999998,1185.5,9.799999999999999,31.4,11.299999999999999,13.3,impersonator
1570,62.4,1098.0,2.1999999999999993,15.8,17.5,25.7,13.100000000000001,impersonator
156,27.3,5.6,1165.1000000000001,4.5,853.4,-0.40000000000000213,32.2,impersonator
3921,169.0,169.0,170.0,169.0,169.0,168.0,169.0,genuine
2851,17.6,227.0,232.6,433.8,15.5,233.1,433.7,genuine
2342,168.0,171.0,169.0,171.0,170.0,171.0,167.0,genuine
3086,17.2,17.6,18.0,1155.3,18.8,19.3,18.7,genuine
4238,107.30000000000001,69.5,14.7,80.4,87.5,-1.0,64.6,impersonator
935,191.7,170.7,155.2,182.7,152.6,177.2,164.1,impersonator
2673,-3.3000000000000007,24.0,1164.3999999999999,614.2,24.5,29.1,-0.8000000000000007,impersonator
2573,7.500000000000002,9.299999999999999,1578.0,3.9000000000000004,6.4,23.2,36.5,impersonator
4423,228.4,233.3,232.8,432.9,16.6,233.2,233.3,genuine
3371,44.2,442.7,1909.0,15.8,-4.099999999999998,13.299999999999999,46.2,impersonator
4456,17.0,226.6,232.8,16.1,216.7,199.9,433.6,genuine
892,17.7,19.9,18.1,1150.6,20.0,20.3,19.5,genuine
3908,166.0,185.0,159.0,173.0,170.0,169.0,168.0,genuine
1133,179.0,174.0,154.0,170.0,170.0,170.0,12.0,genuine
1285,170.0,175.0,174.0,174.0,172.0,174.0,173.0,genuine
917,11.8,233.3,430.3,16.4,233.0,233.2,433.3,genuine
3727,18.4,19.5,1593.6,18.8,18.7,20.5,180.2,genuine
1153,16.4,13.8,16.3,1387.0,15.1,15.6,17.2,genuine
1104,-2.3000000000000007,37.6,14.3,979.4000000000001,627.4000000000001,7.299999999999999,35.7,impersonator
3149,149.6,177.8,161.9,1.0,150.6,336.2,187.6,impersonator
2025,246.70000000000002,252.7,7.799999999999999,217.20000000000002,402.79999999999995,221.7,258.0,impersonator
3101,16.0,2245.5,50.6,127.3,68.9,99.9,16.700000000000003,impersonator
4183,25.1,25.9,39.599999999999994,947.3,11.6,3.599999999999998,-4.599999999999998,impersonator
3021,424.9,17.1,231.9,233.1,233.1,216.7,233.5,genuine
95,456.0,-7.1,215.2,210.4,242.8,434.2,21.4,impersonator
3189,169.0,189.0,9.0,151.0,332.0,169.0,169.0,genuine
2114,85.3,65.4,75.2,73.1,20.8,142.1,52.3,impersonator
1690,170.0,170.0,168.0,170.0,172.0,169.0,167.0,genuine
421,213.5,415.4,233.6,431.8,16.2,233.3,233.3,genuine
3124,16.9,822.3000000000001,7.199999999999999,25.4,13.0,2249.4,12.1,impersonator
3687,228.5,216.8,233.2,233.2,233.1,433.5,16.7,genuine
3420,185.5,170.3,178.3,148.1,153.1,171.3,183.4,impersonator
4019,16.1,234.8,226.5,234.0,232.4,16.2,216.3,genuine
2252,175.0,143.3,189.6,172.1,160.5,163.7,192.0,impersonator
2619,16.1,790.2,210.8,19.7,20.1,19.4,19.0,genuine
3520,164.2,161.0,190.0,188.4,171.3,190.2,161.6,impersonator
3867,150.4,159.8,155.7,162.0,192.0,154.9,185.9,impersonator
2405,180.9,181.1,156.4,178.9,196.4,162.0,161.9,impersonator
327,168.0,171.0,169.0,172.0,171.0,171.0,166.0,genuine
521,166.0,168.0,167.0,165.0,168.0,169.0,167.0,genuine
2803,164.0,167.0,168.0,168.0,169.0,167.0,168.0,genuine
561,171.0,174.0,174.0,172.0,172.0,172.0,172.0,genuine
928,223.4,233.1,233.1,450.1,32.6,233.0,233.4,genuine
646,160.3,178.2,153.5,147.6,4.6,150.2,336.0,impersonator
3472,42.400000000000006,23.8,621.8,436.59999999999997,20.2,20.7,13.0,impersonator
4220,171.0,174.0,175.0,174.0,172.0,174.0,174.0,genuine
2599,13.399999999999999,1577.3999999999999,1.0,30.8,33.8,14.299999999999999,-4.0,impersonator
2975,225.7,241.2,449.2,45.4,230.1,260.0,419.8,impersonator
808,18.8,23.1,1348.2,422.5,18.2,17.2,19.5,genuine
4263,168.0,172.0,171.0,171.0,172.0,171.0,167.0,genuine
1428,10.8,298.6,323.4,154.8,178.6,146.9,180.2,impersonator
4045,238.20000000000002,248.8,218.3,34.1,230.4,194.8,434.1,impersonator
1671,467.2,53.5,221.3,230.9,458.1,35.2,242.4,impersonator
299,174.5,166.1,151.6,4.1,149.8,311.8,188.4,impersonator
3598,176.8,184.2,175.6,158.9,188.6,167.2,161.4,impersonator
2324,16.2,19.8,1170.2,632.9,19.2,16.9,17.2,genuine
2505,30.0,21.9,1168.0,425.0,13.0,16.7,-3.3000000000000007,impersonator
3713,414.4,8.8,226.8,254.4,443.1,6.399999999999999,249.39999999999998,impersonator
92,14.9,15.3,1612.6,14.5,18.1,198.6,16.7,genuine
1719,164.2,168.6,185.2,149.0,177.8,157.6,171.3,impersonator
3688,410.9,236.20000000000002,415.3,-4.199999999999999,223.1,219.1,224.3,impersonator
1170,183.1,149.1,21.2,181.0,335.9,169.4,144.7,impersonator
2254,16.3,35.9,61.4,10.9,32.3,119.8,31.6,genuine
1940,216.4,411.6,233.2,233.3,433.7,16.4,16.2,genuine
2057,29.6,16.8,224.0,205.79999999999998,240.10000000000002,207.3,207.5,impersonator
4171,8.399999999999999,4.899999999999999,977.4,417.3,-4.400000000000002,30.799999999999997,14.299999999999999,impersonator
1495,165.0,168.0,167.0,169.0,165.0,166.0,167.0,genuine
3227,164.0,184.0,158.0,170.0,168.0,171.0,168.0,genuine
1996,12.0,40.3,-0.8999999999999986,38.2,-2.099999999999998,41.49999999999999,33.3,impersonator
3846,120.4,1213.6,15.7,1224.8,22.4,22.0,16.2,genuine
3518,147.5,152.7,187.0,177.9,159.3,174.5,191.3,impersonator
3955,20.0,27.4,980.6,620.1,31.9,14.0,3.299999999999997,impersonator
1587,362.0,382.7,174.9,157.1,162.7,178.6,163.3,impersonator
3352,15.4,429.2,16.2,233.0,233.5,233.1,433.4,genuine
2377,17.6,1194.1,15.3,16.9,17.3,17.6,15.9,genuine
799,5.199999999999999,235.9,237.1,257.09999999999997,463.20000000000005,38.7,245.4,impersonator
3974,-11.0,36.0,91.7,27.500000000000004,75.4,120.9,18.5,impersonator
1876,164.0,184.0,154.0,171.0,171.0,170.0,168.0,genuine
1377,3.1999999999999993,1167.3999999999999,608.3000000000001,3.5999999999999996,-0.1999999999999993,6.799999999999999,40.1,impersonator
707,17.5,0.5,27.0,1376.8,-4.0,14.3,-3.5,impersonator
2615,229.9,236.0,450.3,17.0,231.7,233.0,450.4,genuine
1763,169.0,173.0,173.0,172.0,174.0,173.0,173.0,genuine
3158,428.5,17.6,232.7,433.3,15.9,234.2,15.7,genuine
3894,168.0,156.5,156.7,188.3,161.2,184.4,151.7,impersonator
3748,166.0,169.0,168.0,164.0,167.0,167.0,168.0,genuine
4369,171.0,174.0,175.0,173.0,174.0,173.0,173.0,genuine
1558,171.7,182.9,166.9,181.3,192.1,144.0,168.5,impersonator
2419,231.9,230.0,233.2,199.8,433.4,16.5,233.2,genuine
2849,170.0,173.0,174.0,174.0,173.0,172.0,174.0,genuine
2032,178.9,166.0,169.6,168.7,23.2,143.0,347.2,impersonator
358,431.1,15.2,232.2,233.3,16.3,216.5,617.1,genuine
3534,-8.2,20.9,1636.4,4.700000000000001,24.299999999999997,-6.5,32.5,impersonator
723,13.5,16.9,400.7,422.2,16.4,18.5,18.8,genuine
488,154.3,187.5,148.2,183.3,190.2,159.5,170.4,impersonator
2950,162.6,170.9,144.2,149.9,188.5,184.7,163.1,impersonator
1129,1190.3,202.0,21.5,22.5,22.0,15.9,19.5,genuine
1486,225.6,234.3,233.2,232.3,449.6,16.6,232.9,genuine
980,12.9,424.5,16.2,433.8,15.7,232.9,233.3,genuine
1052,-6.199999999999999,248.7,211.0,237.9,222.9,220.5,445.40000000000003,impersonator
2681,15.3,17.3,17.4,17.9,24.2,80.1,6.5,genuine
3757,234.5,227.9,433.4,16.4,16.3,216.5,199.6,genuine
79,13.9,22.4,418.5,233.2,232.7,449.7,17.0,genuine
2119,205.20000000000002,199.9,434.1,256.8,-8.0,212.9,441.0,impersonator
2278,18.6,15.3,1206.1,20.5,14.8,18.0,20.1,genuine
557,164.0,183.0,150.0,171.0,168.0,12.0,167.0,genuine
1656,230.0,433.1,16.3,233.2,233.6,434.0,15.6,genuine
4228,253.9,224.39999999999998,241.5,180.20000000000002,208.79999999999998,209.29999999999998,421.20000000000005,impersonator
666,163.0,176.0,155.0,171.0,170.0,11.0,166.0,genuine
3438,207.60000000000002,217.20000000000002,429.1,-3.099999999999998,248.29999999999998,237.6,439.1,impersonator
4359,17.0,132.7,19.6,91.4,92.5,8.1,96.7,genuine
664,202.6,33.4,234.20000000000002,235.1,421.8,210.79999999999998,431.0,impersonator
3313,16.8,21.1,789.8,420.4,17.7,432.6,21.0,genuine
1756,162.1,195.8,181.4,157.0,152.5,165.9,154.2,impersonator
1440,169.0,151.5,193.5,151.5,163.7,158.0,187.1,impersonator
1971,142.3,191.9,162.8,147.4,176.9,159.3,164.1,impersonator
1807,165.0,168.0,169.0,13.0,152.0,334.0,166.0,genuine
3807,169.0,174.0,175.0,174.0,173.0,171.0,173.0,genuine
1811,177.2,178.2,142.7,161.2,186.1,171.9,172.4,impersonator
1016,149.4,158.5,181.7,160.3,151.7,182.2,155.8,impersonator
3255,228.8,232.8,233.0,233.2,433.8,15.4,234.1,genuine
3186,160.0,148.0,150.1,167.1,188.4,186.6,176.3,impersonator
233,157.6,188.5,192.6,211.4,128.3,177.3,153.8,impersonator
802,151.2,190.6,174.2,187.1,154.2,196.2,167.2,impersonator
2016,168.0,172.0,170.0,170.0,171.0,171.0,167.0,genuine
3849,7.299999999999999,217.2,223.6,448.2,36.8,236.6,212.39999999999998,impersonator
2073,3.5999999999999996,2.3999999999999986,545.6999999999999,634.1,5.699999999999999,43.3,17.2,impersonator
3610,16.0,12.8,17.0,1786.8,35.7,16.6,16.4,genuine
48,24.299999999999997,18.8,40.2,947.3,2.799999999999999,20.799999999999997,36.400000000000006,impersonator
2482,20.0,16.3,974.1,422.5,15.2,19.7,17.4,genuine
291,236.5,426.9,3.4000000000000004,225.79999999999998,227.7,428.59999999999997,8.799999999999999,impersonator
1828,150.3,151.0,153.9,160.9,1.9000000000000004,156.9,312.0,impersonator
2890,331.0,186.0,153.0,171.0,171.0,167.0,170.0,genuine
3575,190.1,153.7,171.9,152.4,186.6,177.7,153.2,impersonator
1436,68.7,2083.8,-2.1999999999999993,429.9,1.8999999999999986,5.0,2.1000000000000014,impersonator
2701,437.8,9.3,229.9,245.2,241.0,218.4,214.8,impersonator
2979,14.5,230.1,232.4,233.3,433.4,15.4,233.2,genuine
3941,154.4,182.0,156.8,181.2,187.3,177.7,183.3,impersonator
3952,215.1,216.1,-3.3000000000000007,214.39999999999998,193.79999999999998,219.29999999999998,390.5,impersonator
803,184.1,195.2,166.9,162.9,156.9,181.0,172.0,impersonator
4458,450.3,39.7,249.4,251.7,247.9,221.1,27.3,genuine
1051,167.0,171.0,170.0,168.0,170.0,171.0,166.0,genuine
2865,23.4,18.5,19.3,1377.4,18.8,22.0,20.7,genuine
1365,-3.8000000000000007,1181.0,32.1,2.5,27.8,20.5,18.5,impersonator
887,179.0,174.0,154.0,171.0,182.0,166.0,167.0,genuine
241,9.8,628.7,224.6,10.0,448.5,17.8,14.4,genuine
1668,165.0,169.0,165.0,166.0,167.0,168.0,169.0,genuine
2788,161.6,179.7,169.0,183.7,180.7,169.7,149.2,impersonator
960,210.3,468.8,31.800000000000004,252.0,239.1,474.8,31.1,impersonator
1868,213.6,253.8,219.2,410.09999999999997,29.6,231.0,210.7,impersonator
612,169.0,172.0,169.0,172.0,171.0,172.0,164.0,genuine
257,7.3999999999999995,7.499999999999998,978.7,820.3,20.599999999999998,12.600000000000001,14.2,impersonator
2877,16.4,24.3,108.3,36.4,26.9,147.5,18.2,genuine
2918,15.200000000000001,31.3,37.3,774.5999999999999,4.200000000000001,8.900000000000002,31.700000000000003,impersonator
953,17.2,17.2,399.1,18.0,19.4,19.3,18.8,genuine
434,165.0,168.0,169.0,166.0,165.0,168.0,167.0,genuine
3643,170.0,173.0,176.0,172.0,173.0,174.0,172.0,genuine
3342,166.6,188.7,8.1,157.4,356.3,186.1,183.7,impersonator
4248,155.6,184.3,177.7,155.4,170.1,147.7,167.5,impersonator
3387,56.5,1788.5,19.3,-4.100000000000001,43.3,20.1,35.4,impersonator
1310,172.7,161.3,188.1,159.5,171.0,174.5,164.1,impersonator
3111,170.0,173.0,174.0,174.0,175.0,171.0,173.0,genuine
2889,170.0,173.0,176.0,175.0,173.0,171.0,173.0,genuine
3923,190.6,163.0,176.1,179.9,145.7,171.1,189.6,impersonator
778,168.0,171.0,169.0,171.0,171.0,172.0,165.0,genuine
3515,218.3,421.0,2.9999999999999982,214.0,430.59999999999997,3.5,212.3,impersonator
3142,28.700000000000003,3.8000000000000007,787.0999999999999,398.5,36.5,-3.8999999999999986,18.9,impersonator
1111,1397.8,15.1,16.8,16.0,16.7,16.5,16.6,genuine
2483,208.60000000000002,192.20000000000002,411.2,231.7,411.8,19.4,211.1,impersonator
2663,164.0,182.0,156.0,171.0,8.0,167.0,332.0,genuine
667,196.4,216.6,216.4,419.5,234.1,449.4,15.8,genuine
2135,174.7,196.1,155.3,172.0,157.4,161.3,165.5,impersonator
3140,17.9,518.1,15.7,19.6,19.4,59.0,95.7,genuine
2330,32.5,208.9,203.9,231.6,211.3,454.7,3.4000000000000004,impersonator
2498,165.0,193.0,154.0,169.0,171.0,171.0,170.0,genuine
3274,25.5,-4.899999999999999,1179.9,640.3,41.8,28.700000000000003,-4.5,impersonator
1652,18.5,18.1,1204.0,19.0,17.0,632.4,22.6,genuine
638,6.500000000000001,438.0,-6.199999999999999,210.10000000000002,241.9,209.4,428.29999999999995,impersonator
3798,19.8,23.5,954.9,417.1,21.3,23.6,18.4,genuine
3351,16.5,17.8,1573.8,32.7,0.3000000000000007,-0.29999999999999716,158.0,impersonator
1102,164.0,167.0,165.0,167.0,168.0,7.0,158.0,genuine
4173,23.4,1616.8,23.4,16.2,629.4,20.3,16.5,genuine
4028,38.0,15.5,18.9,85.5,44.5,126.80000000000001,89.8,impersonator
355,93.5,2015.9,18.3,447.6,17.0,15.7,16.9,genuine
1517,14.1,11.9,13.2,413.5,215.7,216.8,416.7,genuine
2912,149.5,172.8,176.4,184.1,186.0,170.4,160.8,impersonator
4396,17.9,25.2,38.8,50.2,1904.0,17.9,22.4,genuine
1829,182.5,196.4,136.3,168.0,148.2,190.5,159.6,impersonator
3661,-1.7999999999999972,23.099999999999998,1776.7,31.1,19.2,23.2,10.6,impersonator
3162,141.7,148.0,159.0,161.2,189.8,173.8,164.8,impersonator
3460,18.6,2733.8,31.200000000000003,36.0,45.9,69.8,77.39999999999999,impersonator
2497,146.9,183.5,173.4,196.6,188.4,166.0,177.7,impersonator
4359,17.9,150.1,13.8,82.2,91.5,16.9,96.60000000000001,impersonator
65,14.3,18.5,136.4,17.8,56.3,32.1,1996.2,genuine
1887,170.0,178.8,179.4,173.4,190.4,153.8,184.0,impersonator
4343,13.9,18.0,1367.7,631.2,21.3,16.9,19.4,genuine
2222,14.4,30.8,1786.3,18.6,16.9,17.5,16.4,genuine
1598,18.9,17.6,973.3,639.3,21.9,19.2,20.0,genuine
1445,173.0,175.0,175.0,172.0,174.0,172.0,173.0,genuine
3397,250.79999999999998,441.9,39.6,210.2,420.09999999999997,30.4,3.8000000000000007,impersonator
4223,172.0,173.0,175.0,173.0,174.0,172.0,175.0,genuine
2968,16.5,78.2,55.6,27.6,63.4,136.6,64.0,genuine
2369,18.4,17.3,967.5,421.9,15.8,19.1,19.8,genuine
309,0.10000000000000142,1374.7,222.6,12.0,19.7,17.1,28.6,impersonator
885,164.0,168.0,164.0,169.0,166.0,166.0,166.0,genuine
4374,9.099999999999998,39.599999999999994,768.2,17.299999999999997,2129.8999999999996,43.2,6.799999999999999,impersonator
2216,209.79999999999998,233.4,426.4,22.6,208.9,221.20000000000002,431.6,impersonator
1262,1007.3000000000001,218.5,13.1,20.1,23.9,27.6,0.10000000000000142,impersonator
2878,12.6,2550.4,42.3,95.7,31.3,168.4,80.0,genuine
239,171.0,173.0,175.0,173.0,173.0,175.0,172.0,genuine
1515,67.0,780.3000000000001,37.4,-1.4000000000000021,12.8,35.0,2436.5,impersonator
1962,501.7,39.2,258.8,258.2,473.59999999999997,30.2,209.89999999999998,impersonator
1581,25.0,1595.2,15.2,19.5,20.2,20.3,20.9,genuine
95,431.2,15.9,232.0,233.1,233.5,433.4,16.5,genuine
4258,163.0,169.0,169.0,168.0,168.0,165.0,167.0,genuine
1089,164.0,168.0,168.0,165.0,167.0,168.0,169.0,genuine
1537,428.3,16.3,233.0,233.3,433.4,16.9,232.8,genuine
4048,161.1,153.6,186.0,162.7,179.1,146.8,147.9,impersonator
2674,15.6,20.6,16.5,756.9,17.7,18.3,18.3,genuine
2542,229.5,230.39999999999998,230.7,216.9,252.8,218.9,435.9,impersonator
1635,403.70000000000005,212.8,247.70000000000002,427.0,14.200000000000001,210.9,239.1,impersonator
658,163.0,191.0,153.0,171.0,170.0,15.0,166.0,genuine
2064,4.100000000000001,967.6999999999999,642.5,27.0,0.1999999999999993,16.6,3.4999999999999982,impersonator
1918,-5.0,-4.099999999999998,983.2,3.0999999999999996,21.1,17.0,29.3,impersonator
393,19.1,17.5,1587.5,14.6,19.9,19.7,19.7,genuine
1315,27.1,20.6,2.4999999999999982,340.09999999999997,1061.7,36.7,27.799999999999997,impersonator
497,13.8,22.0,1385.3,16.3,16.3,16.7,16.4,genuine
1005,164.0,174.0,155.0,171.0,169.0,171.0,170.0,genuine
2456,20.3,1177.2,415.6,17.6,22.6,16.7,17.6,genuine
4232,12.2,86.6,243.0,1668.1000000000001,33.0,21.4,25.6,impersonator
2042,165.0,168.0,169.0,166.0,167.0,168.0,168.0,genuine
4438,26.4,35.5,17.1,-6.699999999999999,-1.8000000000000007,37.099999999999994,58.0,impersonator
144,777.3,630.0,15.1,16.9,17.0,17.0,15.9,genuine
2469,61.2,1498.5,15.8,19.1,19.9,1193.5,19.0,genuine
3485,17.3,38.599999999999994,1157.8,412.8,14.700000000000001,20.9,28.5,impersonator
935,171.0,170.0,169.0,171.0,173.0,172.0,167.0,genuine
2637,1159.0,18.8,18.5,20.1,20.1,15.8,18.4,genuine
4070,144.2,160.5,157.8,177.4,159.4,170.5,172.8,impersonator
1794,90.39999999999999,625.9,1712.7,0.40000000000000213,9.0,6.699999999999999,62.300000000000004,impersonator
2507,172.0,173.0,175.0,173.0,173.0,174.0,171.0,genuine
219,13.3,18.5,981.2,13.9,183.6,632.6,16.4,genuine
3532,166.0,172.0,168.0,170.0,172.0,172.0,168.0,genuine
3041,11.2,17.6,781.2,17.4,18.3,18.0,1233.1,genuine
4430,202.5,390.7,249.9,429.2,33.7,443.0,38.9,impersonator
1205,229.6,237.3,432.29999999999995,16.8,208.0,256.9,230.4,impersonator
2929,145.2,184.3,149.8,164.2,167.4,30.4,160.1,impersonator
4065,447.1,27.6,232.8,233.1,232.9,449.8,16.2,genuine
2198,-6.600000000000001,-1.4000000000000021,1777.6,2.599999999999998,6.5,24.9,29.200000000000003,impersonator
3899,82.9,94.5,161.1,95.9,31.4,159.5,96.7,genuine
3746,333.3,182.6,141.4,182.0,188.2,20.6,172.5,impersonator
1097,16.8,17.5,782.3,422.4,15.6,18.4,18.4,genuine
4447,31.200000000000003,7.0,1784.4,27.8,-1.1000000000000014,-5.199999999999999,38.0,impersonator
1669,18.0,18.2,781.3,630.6,20.8,17.0,19.8,genuine
4498,231.4,398.90000000000003,232.8,41.9,196.9,401.0,246.2,impersonator
3948,167.0,168.0,169.0,169.0,169.0,169.0,167.0,genuine
2321,165.0,166.0,168.0,166.0,165.0,167.0,166.0,genuine
2491,166.7,188.3,175.2,179.5,165.3,180.9,192.0,impersonator
2403,180.3,175.6,185.8,169.2,193.0,176.7,195.1,impersonator
529,196.2,416.4,232.9,233.4,432.8,16.1,233.5,genuine
3477,183.0,13.0,149.0,349.0,169.0,165.0,166.0,genuine
691,177.0,147.2,173.2,162.9,183.2,165.4,194.0,impersonator
1934,164.7,150.4,186.2,192.5,158.4,161.9,182.8,impersonator
170,23.2,128.0,1658.3,14.6,16.3,16.6,16.6,genuine
3201,158.1,183.2,167.6,148.5,167.4,172.5,179.6,impersonator
3716,16.5,19.1,790.6,419.6,17.3,432.0,18.9,genuine
3061,18.4,18.4,1407.0,21.3,19.7,19.0,20.4,genuine
1282,15.4,33.4,305.7,17.6,72.5,24.6,89.2,genuine
3730,170.0,172.0,174.0,173.0,173.0,171.0,173.0,genuine
1607,165.0,167.0,166.0,9.0,159.0,333.0,168.0,genuine
3240,14.1,1625.0,17.9,18.4,21.3,17.9,17.9,genuine
1278,167.0,169.0,171.0,169.0,170.0,168.0,168.0,genuine
3225,188.4,150.3,166.2,189.5,158.6,191.0,179.1,impersonator
237,165.0,186.0,152.0,170.0,168.0,171.0,168.0,genuine
4484,190.7,194.7,189.4,185.8,162.9,179.5,197.5,impersonator
3327,165.0,192.0,15.0,149.0,334.0,166.0,167.0,genuine
2409,16.3,13.9,213.9,215.7,199.8,433.2,232.6,genuine
1890,172.5,187.2,184.8,180.0,146.1,178.2,167.0,impersonator
2771,171.0,174.0,174.0,172.0,173.0,173.0,173.0,genuine
184,169.0,171.0,169.0,171.0,171.0,171.0,167.0,genuine
2362,229.6,233.1,233.0,233.3,433.4,16.7,232.7,genuine
2275,164.0,167.0,168.0,167.0,168.0,168.0,166.0,genuine
1365,15.7,1194.1,18.6,19.1,17.1,18.4,18.4,genuine
8,163.0,166.0,169.0,166.0,167.0,166.0,166.0,genuine
2173,156.7,167.1,198.6,150.1,175.3,178.6,195.7,impersonator
2803,162.2,151.3,154.8,163.2,189.9,191.2,184.6,impersonator
1696,172.0,173.0,175.0,173.0,173.0,172.0,173.0,genuine
237,181.2,202.5,141.6,161.0,177.3,188.4,156.3,impersonator
2103,36.3,20.400000000000002,930.7,851.0,42.3,37.0,15.3,impersonator
3725,230.2,233.1,433.1,16.8,233.5,233.4,433.2,genuine
4068,230.3,527.1,8.2,13.7,13.8,16.3,1066.6,genuine
1978,28.799999999999997,410.3,3.6999999999999993,230.0,242.4,235.70000000000002,440.9,impersonator
2116,-10.1,2102.7000000000003,30.9,32.6,1.799999999999999,41.8,25.299999999999997,impersonator
3746,329.0,189.0,156.0,171.0,170.0,15.0,166.0,genuine
4051,28.6,45.0,47.5,21.2,88.19999999999999,91.2,53.4,impersonator
1579,171.0,175.0,174.0,175.0,173.0,172.0,174.0,genuine
934,450.2,24.0,233.6,237.0,427.0,29.700000000000003,239.5,impersonator
530,11.2,16.3,1004.5,18.5,12.3,16.8,16.7,genuine
3958,15.4,1001.2,609.5,18.7,16.3,18.6,843.0,genuine
2726,16.799999999999997,515.0999999999999,33.7,11.499999999999998,81.4,81.2,33.199999999999996,impersonator
228,14.9,16.9,351.9,1467.6,17.1,17.4,17.1,genuine
1424,167.2,145.2,187.1,165.2,146.6,166.0,162.3,impersonator
1740,164.0,166.0,165.0,167.0,165.0,167.0,167.0,genuine
2312,161.2,178.1,186.4,158.5,172.1,188.6,149.6,impersonator
2221,16.0,18.9,744.0,17.7,17.9,18.8,19.3,genuine
1019,37.4,13.2,971.4,648.5,13.5,30.3,18.599999999999998,impersonator
382,-4.600000000000001,234.4,209.1,429.40000000000003,7.300000000000001,220.7,230.7,impersonator
942,166.0,189.0,15.0,150.0,333.0,166.0,167.0,genuine
330,16.9,18.3,69.7,1526.0,17.8,19.5,18.6,genuine
1659,-5.6,42.2,813.3000000000001,35.8,238.6,24.5,7.4,impersonator
181,170.0,170.0,168.0,169.0,170.0,171.0,166.0,genuine
893,168.3,165.9,147.0,166.9,147.8,162.4,179.5,impersonator
4213,12.5,232.7,233.1,433.2,16.9,232.9,232.5,genuine
3219,37.0,63.2,2676.7,35.9,7.0,23.3,80.2,genuine
3215,231.9,243.0,435.59999999999997,51.7,256.9,250.79999999999998,467.7,impersonator
4479,202.3,124.6,171.2,172.5,187.8,-10.3,150.3,impersonator
4446,171.0,174.0,175.0,173.0,175.0,172.0,172.0,genuine
2934,145.5,172.3,175.5,-5.5,177.3,338.9,155.3,impersonator
1622,-8.3,3.0999999999999996,789.9,440.7,-1.9000000000000004,32.3,2.0999999999999996,impersonator
2439,163.5,158.2,183.6,164.1,158.7,195.7,187.3,impersonator
297,15.6,430.5,14.1,433.1,16.5,233.2,233.3,genuine
1880,228.6,232.8,433.4,16.8,433.4,16.3,233.1,genuine
163,16.4,215.2,412.9,233.2,433.2,16.4,232.6,genuine
3723,15.9,17.2,971.4,632.0,18.9,16.9,20.3,genuine
3094,175.2,173.9,185.5,156.6,144.6,175.8,153.6,impersonator
3517,17.3,17.6,17.5,551.2,21.6,18.2,18.3,genuine
1822,229.4,233.1,433.2,16.7,233.0,233.4,433.1,genuine
2688,204.9,188.3,148.7,146.8,198.0,150.3,182.4,impersonator
3721,168.0,171.0,171.0,171.0,170.0,170.0,167.0,genuine
2033,21.7,100.3,71.9,1437.5,19.2,19.7,18.0,genuine
379,21.200000000000003,49.6,1885.7,-2.400000000000002,-0.40000000000000213,25.0,30.8,impersonator
4323,0.20000000000000284,19.2,1379.3,8.200000000000001,6.500000000000002,15.6,17.3,impersonator
1315,18.2,16.5,16.4,361.7,1055.7,15.6,16.9,genuine
2219,7.500000000000002,37.2,18.299999999999997,163.6,51.39999999999999,97.2,51.400000000000006,impersonator
3774,228.0,233.0,433.3,16.9,432.9,16.4,433.3,genuine
2872,232.8,429.0,16.6,16.2,216.6,199.8,215.5,genuine
1403,166.0,171.0,171.0,173.0,171.0,172.0,166.0,genuine
1803,170.0,174.0,175.0,173.0,174.0,174.0,176.0,genuine
2592,182.3,152.3,175.0,170.6,176.8,142.2,142.2,impersonator
2571,168.6,190.1,164.4,165.9,184.9,6.0,163.0,impersonator
1461,170.0,173.0,173.0,173.0,171.0,172.0,173.0,genuine
2325,171.0,175.0,175.0,174.0,172.0,174.0,172.0,genuine
2763,180.0,142.3,165.3,166.9,174.1,167.6,170.0,impersonator
4291,230.4,231.3,433.3,17.0,232.8,233.1,434.2,genuine
492,164.8,197.5,146.0,190.2,154.4,4.9,174.8,impersonator
4157,164.0,180.0,159.0,172.0,169.0,171.0,167.0,genuine
3652,331.0,165.0,167.0,8.0,160.0,333.0,169.0,genuine
3047,13.399999999999999,41.9,1639.8999999999999,40.3,11.6,1.3999999999999986,2.8000000000000007,impersonator
4222,443.9,30.4,233.3,233.1,449.9,16.0,232.6,genuine
2627,239.4,447.40000000000003,21.700000000000003,53.599999999999994,215.39999999999998,227.29999999999998,616.7,impersonator
2839,175.4,175.1,146.7,141.2,20.9,163.9,344.0,impersonator
2427,14.3,17.1,1222.5,368.0,15.4,430.2,18.7,genuine
2651,171.0,172.0,176.0,173.0,173.0,173.0,174.0,genuine
3060,170.0,172.0,175.0,171.0,174.0,173.0,173.0,genuine
1939,165.0,166.0,168.0,164.0,167.0,169.0,167.0,genuine
1931,171.0,173.0,172.0,171.0,175.0,173.0,173.0,genuine
2916,368.3,15.8,17.5,49.9,56.2,55.4,47.7,genuine
512,211.5,254.7,252.8,465.09999999999997,9.7,472.9,11.400000000000002,impersonator
861,18.0,16.9,977.7,632.9,19.2,229.1,19.5,genuine
2751,1343.5,24.5,17.1,421.5,20.5,21.4,17.3,genuine
678,5.0,1785.9,27.700000000000003,29.700000000000003,26.8,22.0,-3.5,impersonator
4269,171.0,172.0,176.0,174.0,173.0,171.0,174.0,genuine
973,590.3,422.4,15.0,17.4,17.8,17.7,17.8,genuine
3578,17.8,19.8,970.2,417.9,19.8,18.8,19.2,genuine
3417,20.900000000000002,220.29999999999998,218.7,455.0,7.5,244.2,456.5,impersonator
2697,183.2,175.4,162.6,177.5,167.3,160.3,150.1,impersonator
1871,142.7,174.7,189.1,145.9,183.1,157.1,163.1,impersonator
543,181.0,177.0,153.0,171.0,169.0,170.0,170.0,genuine
2120,171.0,173.0,173.0,174.0,173.0,173.0,173.0,genuine
2648,167.9,188.8,145.2,190.1,163.3,161.8,147.1,impersonator
2612,163.0,178.0,155.0,175.0,168.0,8.0,166.0,genuine
156,12.3,18.0,1157.4,17.2,832.5,19.4,15.5,genuine
1538,157.6,201.1,21.5,135.6,329.3,166.1,172.4,impersonator
210,164.0,178.0,157.0,171.0,172.0,171.0,171.0,genuine
3025,213.9,416.4,233.4,16.0,216.5,416.8,233.2,genuine
2462,229.1,447.90000000000003,26.8,216.4,241.2,428.0,7.899999999999999,impersonator
2376,148.1,184.6,173.7,179.4,163.0,183.5,153.0,impersonator
4140,162.3,341.1,166.4,167.6,166.3,170.2,177.7,impersonator
3795,3.9000000000000004,13.700000000000001,41.9,1335.6,-7.599999999999998,34.1,16.1,impersonator
781,174.5,186.5,161.1,159.6,181.3,164.4,166.7,impersonator
4060,166.0,173.0,169.0,171.0,172.0,170.0,167.0,genuine
2802,174.1,172.2,149.0,186.8,152.2,194.5,164.1,impersonator
3868,158.6,166.2,182.6,172.1,169.8,0.09999999999999964,166.2,impersonator
17,166.0,169.0,166.0,168.0,169.0,168.0,168.0,genuine
3156,248.6,254.70000000000002,452.59999999999997,15.0,217.79999999999998,37.9,237.1,impersonator
2227,170.0,187.0,9.0,150.0,333.0,183.0,166.0,genuine
3920,229.8,433.4,16.4,233.1,232.7,233.2,233.1,genuine
2143,424.6,18.200000000000003,257.2,253.0,236.6,466.90000000000003,2.9000000000000004,impersonator
3100,164.0,166.0,167.0,167.0,166.0,165.0,166.0,genuine
3940,152.3,172.9,151.2,189.8,174.3,175.5,147.2,impersonator
992,160.8,181.1,171.9,150.5,143.7,142.6,142.2,impersonator
1301,171.0,174.0,173.0,174.0,171.0,173.0,174.0,genuine
249,141.0,191.5,166.3,182.2,155.2,145.8,176.9,impersonator
4276,169.0,172.0,174.0,174.0,175.0,172.0,174.0,genuine
3330,38.8,26.9,17.9,1606.3,40.400000000000006,34.4,2.1000000000000014,impersonator
11,163.0,169.0,166.0,168.0,166.0,167.0,167.0,genuine
275,140.8,163.2,150.5,182.9,159.9,146.7,152.0,impersonator
3454,23.0,87.7,76.0,84.1,97.6,194.6,95.9,genuine
1398,1873.6,18.0,15.5,19.3,19.0,21.2,15.7,genuine
3487,164.0,183.0,151.0,172.0,170.0,7.0,168.0,genuine
2467,219.89999999999998,449.29999999999995,27.4,232.20000000000002,424.0,25.5,215.70000000000002,impersonator
1637,171.0,175.0,174.0,172.0,174.0,173.0,173.0,genuine
995,18.8,19.2,18.9,1151.6,19.2,19.6,19.9,genuine
1870,225.2,451.4,31.7,232.7,232.9,452.4,13.8,genuine
3256,167.9,173.3,144.4,181.2,191.2,163.0,144.4,impersonator
3075,165.0,183.0,158.0,170.0,168.0,170.0,169.0,genuine
2718,12.9,432.9,16.6,232.6,233.1,233.6,433.3,genuine
1522,21.5,2414.0,21.1,14.1,15.6,19.4,19.7,genuine
1549,791.6,203.4,15.6,19.5,16.6,17.3,17.9,genuine
1497,166.0,171.0,168.0,172.0,172.0,171.0,165.0,genuine
2153,430.2,15.3,235.8,233.1,450.3,16.7,231.4,genuine
17,189.9,158.6,151.1,153.8,191.0,185.9,170.8,impersonator
1418,170.0,173.0,175.0,174.0,172.0,175.0,173.0,genuine
1511,216.0,413.1,233.2,433.5,16.3,233.3,233.1,genuine
3132,164.0,168.0,167.0,167.0,166.0,166.0,166.0,genuine
2923,165.0,169.0,168.0,14.0,153.0,335.0,167.0,genuine
227,953.3,19.0,17.4,18.1,18.4,978.9,16.3,genuine
4205,28.5,31.200000000000003,30.7,183.8,820.8000000000001,4.600000000000001,23.0,impersonator
2494,18.5,1394.9,17.4,19.1,18.8,18.9,21.5,genuine
1323,187.1,189.4,133.4,165.1,189.1,178.6,171.2,impersonator
1520,13.9,18.5,19.3,19.0,1130.5,18.7,19.2,genuine
2413,2.4000000000000004,231.7,419.4,214.5,248.6,453.2,15.4,impersonator
2259,192.0,162.1,159.0,147.4,178.7,182.0,167.9,impersonator
2584,58.1,1451.5,14.7,431.4,18.2,18.2,15.6,genuine
706,33.6,29.0,71.8,1513.7,-0.5,25.6,-2.299999999999997,impersonator
3590,176.5,164.6,160.6,176.3,146.8,192.7,176.6,impersonator
4410,164.0,165.0,167.0,166.0,165.0,166.0,167.0,genuine
910,1677.1,15.9,17.8,18.1,31.0,1818.5,19.3,genuine
1197,823.4,18.0,18.7,19.3,2268.4,16.8,18.9,genuine
1426,165.4,149.2,176.3,155.9,155.5,158.1,194.6,impersonator
526,24.200000000000003,27.299999999999997,1604.3,7.5,33.6,640.1,24.7,impersonator
1570,49.3,1107.6,15.5,16.5,16.8,16.5,16.8,genuine
3106,14.1,17.1,1170.4,429.1,16.2,16.6,16.8,genuine
1967,15.0,19.4,976.4,633.7,19.3,17.1,20.5,genuine
105,225.0,233.6,232.6,433.2,16.3,233.2,216.7,genuine
1635,394.1,231.9,233.3,450.2,15.3,233.0,233.9,genuine
3291,18.2,21.8,17.8,1586.1,20.2,20.6,20.9,genuine
527,149.1,185.1,191.9,177.3,142.2,152.9,157.5,impersonator
2410,183.5,184.1,167.1,186.7,164.8,183.2,162.7,impersonator
2303,16.7,74.6,20.6,45.8,2066.8,18.4,19.2,genuine
4437,165.0,173.0,168.0,171.0,173.0,173.0,166.0,genuine
1765,226.2,449.6,31.9,250.3,249.7,450.5,32.3,genuine
3098,229.4,232.5,449.2,32.0,233.9,450.3,15.9,genuine
4183,22.3,20.0,17.9,958.3,20.5,20.7,19.8,genuine
3168,163.0,179.0,157.0,171.0,170.0,170.0,171.0,genuine
16,176.5,143.5,185.6,157.6,143.2,147.6,174.9,impersonator
1209,12.6,1185.7,14.4,402.3,14.6,17.2,17.2,genuine
2324,33.7,38.3,1191.0,640.8,16.599999999999998,-6.600000000000001,2.6999999999999993,impersonator
1131,163.7,163.3,169.5,150.1,158.1,186.8,156.5,impersonator
4399,152.2,189.1,176.3,192.7,173.3,163.8,156.0,impersonator
313,165.0,172.0,168.0,171.0,174.0,170.0,167.0,genuine
3148,167.0,172.0,170.0,171.0,173.0,171.0,166.0,genuine
2818,181.0,171.0,154.0,171.0,170.0,183.0,167.0,genuine
3836,169.0,169.0,170.0,173.0,172.0,170.0,164.0,genuine
1151,170.2,186.9,156.2,183.5,155.7,188.8,189.3,impersonator
4185,153.7,178.7,173.7,158.0,-6.1,152.9,343.3,impersonator
1425,391.7,230.79999999999998,241.20000000000002,426.0,14.4,447.40000000000003,29.7,impersonator
132,165.0,166.0,168.0,167.0,167.0,166.0,167.0,genuine
1206,230.0,433.2,16.9,232.8,233.2,433.4,16.8,genuine
3789,164.0,179.0,155.0,169.0,169.0,169.0,171.0,genuine
1164,164.0,168.0,167.0,166.0,166.0,166.0,168.0,genuine
4221,1.0,38.400000000000006,146.8,103.5,70.2,51.699999999999996,78.10000000000001,impersonator
2867,176.2,141.9,160.3,169.0,188.9,186.9,182.1,impersonator
873,14.2,232.5,230.9,433.3,15.4,233.2,233.4,genuine
245,230.2,233.3,452.6,15.3,232.9,234.0,232.9,genuine
3139,168.0,167.0,176.0,172.0,172.0,170.0,176.0,genuine
1062,171.0,175.0,175.0,172.0,171.0,175.0,174.0,genuine
593,156.9,168.3,165.0,178.1,165.4,166.1,163.5,impersonator
2214,1023.8,22.200000000000003,43.0,40.7,43.400000000000006,10.299999999999999,60.7,impersonator
1527,164.0,168.0,166.0,166.0,169.0,167.0,168.0,genuine
2237,151.9,158.5,151.0,185.6,152.9,170.1,152.1,impersonator
1308,171.0,173.0,176.0,173.0,173.0,172.0,172.0,genuine
4308,5.0,18.599999999999998,15.7,15.2,71.0,10.599999999999998,19.9,impersonator
78,16.6,43.5,1659.0,10.4,-6.400000000000002,4.700000000000001,29.5,impersonator
692,163.0,170.0,166.0,165.0,168.0,166.0,169.0,genuine
1211,183.2,165.4,162.2,177.3,158.3,151.8,157.9,impersonator
745,166.0,190.0,153.0,172.0,170.0,10.0,167.0,genuine
3983,1376.3,17.4,36.4,39.7,39.5,27.8,0.3000000000000007,impersonator
3778,166.0,172.0,170.0,171.0,170.0,171.0,165.0,genuine
4405,386.3,-0.3999999999999986,38.8,106.2,22.8,39.2,66.5,impersonator
2840,164.0,185.0,157.0,172.0,170.0,170.0,169.0,genuine
3802,240.5,214.8,242.5,432.8,17.6,246.29999999999998,198.7,impersonator
3944,171.0,173.0,173.0,198.0,148.0,174.0,173.0,genuine
4169,167.0,10.0,158.0,333.0,167.0,169.0,166.0,genuine
708,29.6,105.8,70.6,645.8,17.3,18.6,18.7,genuine
2829,14.1,230.7,231.9,233.1,233.2,433.4,16.7,genuine
509,164.0,178.0,154.0,172.0,170.0,169.0,170.0,genuine
400,234.1,228.4,433.3,16.4,233.3,233.3,433.2,genuine
2794,15.200000000000001,37.9,1605.1,36.3,-4.199999999999999,-0.1999999999999993,28.1,impersonator
248,1409.0,15.3,16.0,18.6,16.1,16.9,18.4,genuine
2329,1.799999999999999,223.20000000000002,250.0,15.5,207.20000000000002,221.1,440.4,impersonator
4338,8.0,-6.399999999999999,1407.6000000000001,-1.5999999999999979,24.1,-1.3000000000000007,21.6,impersonator
1076,40.1,8.799999999999999,1577.8999999999999,42.3,28.4,-1.1000000000000014,20.0,impersonator
3321,158.0,334.0,168.0,165.0,4.0,163.0,5.0,genuine
51,169.8,199.3,-12.2,169.9,25.1,311.5,340.7,impersonator
2907,4.600000000000001,38.7,1205.6000000000001,33.8,9.899999999999999,35.8,8.0,impersonator
3155,14.7,439.8,16.0,233.2,233.1,432.8,16.8,genuine
2488,149.5,9.8,158.7,356.9,149.7,147.2,33.1,impersonator
2343,156.0,196.8,167.5,150.0,161.6,150.9,150.0,impersonator
830,167.0,171.0,171.0,170.0,172.0,170.0,166.0,genuine
2501,15.0,20.1,19.8,1012.4,17.9,16.4,18.8,genuine
1610,34.2,1415.5,-4.600000000000001,21.6,15.3,7.300000000000001,8.299999999999999,impersonator
680,30.1,34.3,39.3,75.60000000000001,54.6,39.8,75.5,impersonator
3695,173.0,173.0,176.0,172.0,174.0,172.0,173.0,genuine
2800,164.0,177.0,155.0,170.0,170.0,10.0,166.0,genuine
373,-9.000000000000002,5.800000000000001,632.3000000000001,32.9,218.6,426.5,19.200000000000003,impersonator
2666,430.4,15.9,235.7,233.3,234.8,30.3,198.9,genuine
559,220.8,423.5,13.700000000000001,227.6,19.099999999999998,232.5,197.9,impersonator
321,189.8,176.7,187.5,158.1,165.5,177.1,181.7,impersonator
2497,169.0,174.0,175.0,175.0,172.0,173.0,171.0,genuine
2739,15.9,23.7,975.4,415.9,18.1,18.9,20.6,genuine
4230,153.3,146.1,169.9,170.0,182.4,188.3,151.3,impersonator
4006,32.1,15.4,560.4000000000001,17.6,0.3999999999999986,28.3,28.3,impersonator
1562,224.29999999999998,222.5,231.0,240.2,463.6,19.0,235.6,impersonator
1503,1.0,445.90000000000003,27.5,6.899999999999999,222.6,206.2,193.8,impersonator
1531,166.0,174.0,168.0,170.0,172.0,169.0,165.0,genuine
59,169.0,173.0,167.0,173.0,170.0,170.0,168.0,genuine
3749,164.0,170.0,167.0,13.0,155.0,332.0,167.0,genuine
3456,15.3,429.0,16.6,232.5,16.0,216.4,199.9,genuine
1879,18.6,20.2,13.6,946.4,18.1,18.8,18.7,genuine
2233,228.1,450.0,32.3,31.8,198.8,216.5,216.4,genuine
2166,168.0,170.0,168.0,170.0,170.0,171.0,168.0,genuine
703,15.8,30.3,107.2,61.2,31.5,125.4,42.6,genuine
2591,7.0,322.0,333.0,166.0,166.0,167.0,169.0,genuine
1158,42.7,32.8,326.0,859.2,16.4,6.599999999999998,41.6,impersonator
3052,171.4,179.2,182.3,167.6,163.9,153.2,184.2,impersonator
723,21.7,-8.0,396.3,407.5,11.899999999999999,21.3,40.2,impersonator
2857,18.8,140.6,14.600000000000001,1666.0,7.600000000000001,33.5,-6.399999999999999,impersonator
277,166.0,172.0,169.0,171.0,172.0,173.0,166.0,genuine
4360,20.5,42.9,352.3,850.8,34.3,20.400000000000002,3.0,impersonator
4133,17.900000000000002,33.0,82.19999999999999,28.8,494.1,-3.900000000000002,24.7,impersonator
4132,40.3,18.099999999999998,32.2,757.6,12.799999999999999,26.7,-3.3000000000000007,impersonator
3656,228.3,433.9,15.6,232.7,233.5,233.3,433.4,genuine
0,177.7,5.5,163.0,336.6,178.5,188.9,180.2,impersonator
2129,152.9,172.2,162.6,184.5,191.5,146.8,167.7,impersonator
3522,17.3,21.2,971.0,423.0,17.2,16.9,844.9,genuine
514,31.7,14.600000000000001,1148.8,37.9,24.2,15.3,18.4,impersonator
4253,149.9,194.6,192.8,166.8,163.7,159.9,154.6,impersonator
486,239.4,426.3,18.5,222.4,439.5,8.7,217.29999999999998,impersonator
503,15.2,16.1,812.5,18.5,16.6,16.8,16.7,genuine
2288,163.3,155.6,167.3,185.2,164.6,145.6,164.5,impersonator
2846,15.4,18.6,974.9,631.5,17.8,15.6,18.2,genuine
4220,147.9,150.1,171.2,158.2,154.2,190.7,190.4,impersonator
2575,164.1,158.8,171.9,180.9,162.6,175.4,143.7,impersonator
3756,22.3,238.9,215.20000000000002,235.5,219.1,13.6,193.7,impersonator
3498,163.0,168.0,168.0,167.0,168.0,167.0,169.0,genuine
2477,161.8,203.1,171.8,154.8,173.6,14.7,164.7,impersonator
3678,22.2,220.1,209.7,416.90000000000003,19.1,231.29999999999998,232.60000000000002,impersonator
1839,181.0,173.0,157.0,171.0,168.0,172.0,169.0,genuine
2576,165.0,169.0,10.0,159.0,335.0,168.0,168.0,genuine
2052,62.6,2004.0,240.7,21.1,15.899999999999999,25.8,15.9,impersonator
4348,165.0,169.0,168.0,167.0,167.0,167.0,167.0,genuine
4384,168.2,157.5,174.8,156.2,181.9,186.0,-3.9000000000000004,impersonator
841,412.7,232.9,232.8,433.5,16.4,233.0,233.2,genuine
2243,165.0,170.0,167.0,168.0,166.0,166.0,169.0,genuine
4334,172.9,356.3,188.9,150.8,14.2,183.7,-6.4,impersonator
2188,167.0,172.0,169.0,169.0,170.0,173.0,164.0,genuine
3477,177.5,-11.100000000000001,173.2,361.1,189.7,144.0,150.0,impersonator
3105,15.6,13.2,215.6,215.3,417.6,232.2,433.3,genuine
2782,156.8,192.9,172.3,194.6,159.4,152.9,157.5,impersonator
1054,13.0,433.4,15.6,233.1,233.2,433.6,16.8,genuine
1404,164.0,187.0,157.0,170.0,170.0,170.0,12.0,genuine
1759,236.5,253.9,446.0,28.7,235.1,30.2,197.8,impersonator
1149,24.3,13.600000000000001,24.5,948.2,36.3,36.1,37.5,impersonator
2766,149.3,151.7,167.1,150.5,145.8,178.8,178.0,impersonator
3793,5.300000000000001,34.2,197.7,16.0,-5.0,12.1,39.8,impersonator
2257,15.2,36.400000000000006,1388.7,434.09999999999997,34.7,0.1999999999999993,13.099999999999998,impersonator
1001,194.4,431.4,234.7,231.9,453.6,11.8,450.7,genuine
2515,19.5,40.7,17.0,537.8,17.9,17.9,18.6,genuine
3253,18.0,14.1,19.4,18.3,20.1,50.4,31.5,genuine
2172,162.5,155.6,156.8,146.4,149.7,171.0,143.9,impersonator
3939,166.0,168.0,168.0,165.0,167.0,168.0,169.0,genuine
1364,171.0,173.0,173.0,175.0,172.0,173.0,174.0,genuine
2466,33.3,564.5,228.6,4.300000000000001,3.0000000000000018,3.0,14.999999999999998,impersonator
846,163.0,170.0,167.0,165.0,167.0,167.0,168.0,genuine
1539,792.8,14.0,18.4,18.4,17.8,46.1,31.2,genuine
1182,23.5,9.400000000000002,3.5,970.0,425.0,44.9,4.300000000000001,impersonator
400,209.5,214.5,456.3,16.299999999999997,231.60000000000002,222.9,429.8,impersonator
850,21.0,18.8,422.8,14.3,19.5,19.6,20.1,genuine
2146,48.199999999999996,78.8,1282.8,14.4,11.100000000000001,39.7,-0.9000000000000021,impersonator
2155,416.8,229.1,433.4,16.4,233.3,233.0,233.0,genuine
3989,166.0,169.0,167.0,167.0,169.0,165.0,169.0,genuine
3068,171.0,173.0,175.0,173.0,172.0,173.0,171.0,genuine
572,171.0,173.0,174.0,175.0,171.0,174.0,176.0,genuine
3973,15.6,17.0,16.0,27.5,1567.8,18.2,17.9,genuine
1624,166.0,167.0,166.0,13.0,154.0,331.0,168.0,genuine
534,171.0,175.0,173.0,172.0,172.0,175.0,174.0,genuine
2746,212.8,199.6,216.5,216.5,417.2,15.7,216.6,genuine
2325,151.8,177.6,152.0,195.4,190.7,165.0,192.8,impersonator
4202,98.7,907.0,16.7,16.7,16.9,18.0,17.2,genuine
2821,167.0,172.0,170.0,172.0,173.0,173.0,167.0,genuine
2897,580.7,7.400000000000002,10.5,2062.2,-7.100000000000001,16.5,9.100000000000001,impersonator
3692,181.3,148.7,161.4,159.3,198.9,189.7,188.8,impersonator
2364,17.2,785.9,15.8,17.6,61.2,88.0,64.3,genuine
1810,166.0,171.0,167.0,174.0,169.0,172.0,166.0,genuine
1242,1592.6,0.6999999999999993,-6.399999999999999,6.100000000000001,-2.3999999999999986,31.3,7.899999999999999,impersonator
1288,20.6,16.3,420.6,220.9,15.1,18.9,18.7,genuine
1172,149.4,154.8,183.3,-8.100000000000001,170.4,331.2,168.3,impersonator
300,164.0,164.0,167.0,164.0,167.0,167.0,166.0,genuine
2780,147.0,172.3,129.0,182.7,177.2,175.1,188.6,impersonator
1378,163.0,170.0,167.0,167.0,167.0,167.0,167.0,genuine
431,226.8,233.2,15.5,216.5,216.2,417.8,448.7,genuine
3011,26.200000000000003,25.700000000000003,947.0999999999999,608.1,3.3999999999999986,39.9,27.4,impersonator
3128,16.0,16.8,976.9,16.5,17.2,17.5,17.6,genuine
727,419.90000000000003,27.6,31.6,21.2,20.2,25.4,19.7,impersonator
4039,14.3,24.6,597.1,205.2,15.5,18.2,18.4,genuine
3038,231.1,465.5,6.399999999999999,210.7,245.3,444.1,32.5,impersonator
1172,165.0,167.0,168.0,16.0,150.0,333.0,167.0,genuine
1824,172.0,172.0,176.0,172.0,173.0,173.0,175.0,genuine
1567,163.0,167.0,166.0,184.0,167.0,167.0,165.0,genuine
2431,170.0,173.0,175.0,173.0,171.0,173.0,172.0,genuine
171,166.0,170.0,169.0,168.0,169.0,170.0,169.0,genuine
2607,14.7,17.7,783.9,420.1,16.0,17.7,16.7,genuine
3976,16.2,7.000000000000002,950.3,645.8,4.300000000000001,-2.299999999999999,24.3,impersonator
3517,18.8,19.200000000000003,16.9,544.1,34.900000000000006,0.8999999999999986,7.200000000000001,impersonator
2374,191.9,166.7,135.2,182.8,17.9,150.5,359.6,impersonator
179,161.0,170.0,170.0,172.0,169.0,171.0,166.0,genuine
402,187.9,187.1,141.9,144.4,166.7,149.7,186.6,impersonator
450,157.4,149.0,175.4,150.8,154.0,155.9,150.0,impersonator
1792,15.8,1381.8,16.6,17.3,17.5,17.5,17.5,genuine
356,1178.5,21.2,21.3,16.1,17.9,19.5,19.6,genuine
2144,167.0,187.0,157.0,169.0,170.0,11.0,166.0,genuine
3300,186.1,162.4,159.6,145.2,171.8,-6.600000000000001,152.0,impersonator
1863,633.7,1711.1,18.7,17.4,18.3,76.9,77.4,genuine
509,151.1,188.7,129.1,182.5,172.7,144.2,151.4,impersonator
2195,14.7,422.9,16.7,232.7,233.1,233.2,433.5,genuine
3909,166.0,166.0,168.0,165.0,168.0,167.0,167.0,genuine
2533,30.1,36.5,19.3,-2.3000000000000007,40.8,1773.0,6.700000000000001,impersonator
3279,228.8,232.4,433.4,17.0,232.4,233.3,233.3,genuine
3756,17.6,228.3,229.8,233.4,234.1,15.5,216.6,genuine
2705,341.2,206.3,133.0,159.5,178.4,147.9,168.8,impersonator
316,168.0,173.0,175.0,173.0,172.0,174.0,173.0,genuine
1204,1194.5,16.1,16.2,17.0,16.7,15.9,16.9,genuine
3596,164.0,169.0,168.0,166.0,165.0,168.0,166.0,genuine
2780,164.0,178.0,153.0,173.0,169.0,172.0,170.0,genuine
2152,192.1,158.0,197.1,152.4,196.1,192.5,183.9,impersonator
726,1391.4,21.5,15.6,18.2,18.3,20.4,16.4,genuine
4454,8.8,349.8,641.1,3.0999999999999996,17.8,-1.0,8.4,impersonator
2727,167.0,172.0,169.0,170.0,172.0,170.0,165.0,genuine
559,233.5,429.1,16.6,232.9,16.7,216.3,215.5,genuine
1909,13.5,17.0,17.2,975.1,17.0,16.6,20.0,genuine
3388,4.800000000000001,38.8,151.1,1466.0,45.9,40.3,4.299999999999999,impersonator
2993,13.8,12.1,228.2,199.4,218.5,215.4,200.7,genuine
3666,164.0,187.0,154.0,170.0,168.0,172.0,168.0,genuine
3348,166.0,170.0,170.0,171.0,171.0,173.0,166.0,genuine
137,169.1,174.4,180.6,18.1,174.3,346.1,165.6,impersonator
1891,188.0,8.0,150.0,350.0,166.0,167.0,167.0,genuine
4147,2.400000000000002,14.7,1140.9,410.1,9.7,42.400000000000006,14.599999999999998,impersonator
1965,25.4,208.20000000000002,455.9,33.2,221.9,241.7,409.59999999999997,impersonator
4397,181.9,202.2,130.6,192.3,144.7,175.9,178.8,impersonator
3303,166.0,167.0,167.0,167.0,167.0,167.0,167.0,genuine
62,217.9,217.8,231.5,434.2,1.5,219.6,229.0,impersonator
3437,35.1,270.5,238.7,435.4,19.8,243.0,237.1,impersonator
1884,177.6,167.8,176.0,166.8,156.7,149.1,169.2,impersonator
4357,13.5,232.2,16.1,216.7,199.6,416.7,233.2,genuine
3803,152.8,12.5,127.5,320.9,145.2,191.0,-9.3,impersonator
2651,175.0,177.8,157.7,158.1,193.7,193.3,176.2,impersonator
3681,15.3,224.6,233.2,232.2,233.4,450.9,15.0,genuine
35,184.3,198.2,156.9,186.1,187.4,170.0,174.9,impersonator
4434,25.0,-2.6999999999999993,769.0,2.5,22.3,-4.699999999999999,21.0,impersonator
4455,13.9,17.8,16.8,970.4,418.5,17.1,616.3,genuine
2770,167.0,165.0,168.0,17.0,151.0,331.0,166.0,genuine
3684,190.7,176.2,154.0,168.8,149.8,158.4,179.6,impersonator
2842,159.8,160.0,183.1,143.5,169.4,165.2,186.3,impersonator
273,12.7,15.4,207.9,217.3,215.5,416.8,433.7,genuine
2716,15.9,19.1,1005.2,171.2,18.2,16.6,16.4,genuine
3842,163.0,168.0,168.0,168.0,167.0,168.0,165.0,genuine
540,14.600000000000001,4.699999999999999,968.2,433.79999999999995,5.0,636.6999999999999,24.4,impersonator
3990,181.1,142.0,164.8,186.6,147.5,146.3,146.0,impersonator
3904,167.0,165.0,168.0,166.0,168.0,167.0,167.0,genuine
93,161.2,149.5,168.9,38.4,163.3,344.0,188.3,impersonator
286,-4.400000000000002,242.4,215.0,440.7,4.400000000000002,240.0,235.2,impersonator
4342,219.6,236.7,225.8,428.6,0.6000000000000014,250.9,243.20000000000002,impersonator
1663,17.6,4.800000000000001,807.2,165.7,1.6000000000000014,-3.8000000000000007,36.599999999999994,impersonator
3402,165.0,168.0,166.0,165.0,165.0,166.0,167.0,genuine
3712,168.0,189.0,153.0,170.0,13.0,167.0,333.0,genuine
4126,547.9,1048.4,16.1,16.1,16.7,17.0,16.9,genuine
409,145.2,177.7,172.8,179.8,179.5,170.1,190.5,impersonator
1158,19.3,19.2,336.0,844.0,20.8,19.4,20.5,genuine
2269,164.0,166.0,169.0,166.0,167.0,164.0,167.0,genuine
3557,186.5,171.2,159.1,169.3,195.9,195.4,153.7,impersonator
175,9.600000000000001,34.4,6.799999999999999,1141.8,21.1,8.100000000000001,21.5,impersonator
43,439.29999999999995,13.400000000000002,232.20000000000002,216.4,231.0,439.09999999999997,6.6,impersonator
773,29.2,392.4,18.5,61.8,81.9,60.0,56.1,genuine
1420,236.3,455.90000000000003,17.099999999999998,231.5,444.3,7.300000000000001,241.20000000000002,impersonator
818,19.4,226.1,231.7,15.4,216.4,417.3,16.2,genuine
2853,17.0,18.2,1199.3,16.2,15.4,17.8,17.9,genuine
3850,18.3,17.6,17.8,946.2,18.8,18.2,18.5,genuine
3981,170.6,157.0,158.7,184.1,153.9,148.8,153.0,impersonator
1528,164.0,183.0,156.0,172.0,5.0,167.0,350.0,genuine
401,19.7,23.9,239.29999999999998,200.3,185.3,208.8,423.40000000000003,impersonator
2331,167.0,186.0,159.0,171.0,169.0,168.0,168.0,genuine
4381,431.2,14.1,233.9,233.2,232.4,234.1,232.3,genuine
394,223.7,234.79999999999998,454.7,23.099999999999998,230.79999999999998,255.5,250.10000000000002,impersonator
560,15.2,1386.9,19.4,18.9,817.0,17.3,17.3,genuine
2853,27.2,-2.900000000000002,1219.8,23.1,23.9,28.700000000000003,38.7,impersonator
3626,18.1,22.6,197.7,209.3,16.9,17.1,17.1,genuine
3665,213.8,216.4,418.9,233.0,450.6,15.0,233.9,genuine
4304,124.1,462.5,1705.1,8.5,26.200000000000003,-2.5,963.0,impersonator
1522,42.6,2433.2,3.400000000000002,30.4,30.9,4.899999999999999,32.7,impersonator
4257,-3.3000000000000007,40.2,940.0,840.0,25.5,24.799999999999997,25.1,impersonator
4420,169.0,170.0,169.0,171.0,173.0,172.0,166.0,genuine
3231,213.8,253.29999999999998,444.0,38.400000000000006,230.60000000000002,220.0,460.0,impersonator
3284,180.8,154.4,169.7,160.5,171.0,143.8,154.4,impersonator
3986,181.3,189.1,168.0,192.6,193.9,152.1,168.4,impersonator
3690,221.7,241.7,446.4,21.3,225.29999999999998,214.89999999999998,230.1,impersonator
331,16.4,594.2,425.2,20.1,22.2,19.2,19.7,genuine
271,162.0,167.0,168.0,165.0,167.0,166.0,167.0,genuine
68,174.7,193.7,164.9,180.6,161.3,183.0,174.0,impersonator
342,164.0,182.0,153.0,173.0,8.0,166.0,351.0,genuine
2036,219.9,244.4,225.0,455.8,35.2,238.79999999999998,211.0,impersonator
3267,188.0,365.5,137.1,178.5,178.2,184.2,160.5,impersonator
353,168.0,172.0,169.0,173.0,171.0,171.0,167.0,genuine
3073,183.5,193.7,152.4,169.7,176.0,179.7,170.5,impersonator
3623,172.0,175.0,176.0,172.0,173.0,173.0,175.0,genuine
1922,18.1,19.7,330.4,839.2,19.3,20.5,19.7,genuine
1059,225.1,221.70000000000002,406.1,244.8,246.1,432.1,14.100000000000001,impersonator
1115,419.29999999999995,3.200000000000001,243.5,225.9,418.7,19.6,410.79999999999995,impersonator
660,7.800000000000001,12.6,974.9,632.8,-2.5,16.900000000000002,16.6,impersonator
2014,15.899999999999999,31.3,804.8000000000001,638.4,38.099999999999994,209.6,12.1,impersonator
4427,89.3,35.5,60.2,60.400000000000006,116.7,42.3,41.1,impersonator
3539,14.1,17.3,544.3,15.5,1452.7,18.0,17.3,genuine
1914,170.0,173.0,173.0,172.0,173.0,174.0,173.0,genuine
764,227.3,232.6,233.0,450.5,15.6,233.6,233.3,genuine
3099,170.0,173.0,173.0,173.0,173.0,174.0,174.0,genuine
3726,57.0,95.9,1205.8,597.2,16.3,16.0,17.1,genuine
3971,164.0,167.0,167.0,168.0,170.0,166.0,169.0,genuine
4031,11.2,29.8,966.3000000000001,648.0,27.2,9.7,12.600000000000001,impersonator
2794,19.8,17.9,1583.3,17.4,19.1,19.6,19.8,genuine
1780,155.6,177.7,164.7,191.3,183.2,182.0,164.5,impersonator
2884,234.8,243.4,462.5,41.1,219.29999999999998,442.4,45.0,impersonator
307,17.2,15.7,1379.5,212.4,16.8,19.7,20.8,genuine
1794,95.1,647.9,1703.9,20.1,14.5,22.4,69.7,genuine
2133,155.5,166.5,158.8,183.9,181.1,169.3,159.6,impersonator
3591,51.9,1340.8,206.5,17.8,17.5,20.8,16.6,genuine
1874,173.4,167.4,180.7,179.4,173.8,178.8,167.1,impersonator
2357,170.0,173.0,174.0,173.0,173.0,174.0,174.0,genuine
4238,93.4,79.3,16.4,103.8,92.3,2.7,73.1,genuine
934,447.8,29.1,233.4,232.5,450.4,14.3,233.0,genuine
858,37.7,7.4,1595.0,0.5,6.9,33.9,17.3,impersonator
2048,15.8,19.8,25.9,78.5,57.5,15.1,127.7,genuine
1040,172.0,172.0,175.0,173.0,172.0,173.0,173.0,genuine
2093,229.3,232.5,432.1,16.5,233.2,233.3,233.1,genuine
2640,188.7,164.8,185.5,175.3,190.4,147.4,159.2,impersonator
1103,160.2,159.4,160.4,186.7,176.1,163.4,174.0,impersonator
4014,14.0,230.1,230.8,434.5,15.4,233.2,233.2,genuine
3875,19.0,22.5,19.4,965.5,21.2,20.0,21.6,genuine
2703,13.200000000000001,2007.0,8.2,6.300000000000001,-2.900000000000002,1.4000000000000004,32.6,impersonator
4035,16.1,789.8,419.1,18.1,16.4,19.0,19.9,genuine
2498,145.3,211.8,147.9,179.1,158.2,180.6,162.5,impersonator
283,355.2,17.1,173.1,204.2,319.0,23.8,172.1,impersonator
1358,165.0,169.0,167.0,165.0,167.0,167.0,167.0,genuine
1379,4.800000000000001,1619.8,23.4,451.8,-5.399999999999999,4.899999999999999,-7.899999999999999,impersonator
1375,176.9,160.5,159.2,164.0,152.7,156.3,168.0,impersonator
3893,158.5,155.8,193.0,169.6,191.0,172.1,184.2,impersonator
272,15.1,16.7,1167.9,630.4,17.0,16.5,17.5,genuine
390,1209.2,19.4,229.5,16.3,18.3,18.5,18.2,genuine
3672,18.0,29.299999999999997,984.4,416.8,-3.6000000000000014,41.0,25.0,impersonator
1605,230.5,30.5,216.4,199.2,416.0,233.2,232.7,genuine
920,426.8,226.5,209.6,412.29999999999995,22.6,256.9,219.7,impersonator
4118,15.8,18.8,1191.9,18.0,17.4,19.0,19.7,genuine
3268,164.0,177.0,155.0,171.0,168.0,13.0,166.0,genuine
4012,21.1,42.9,1730.4,20.5,20.2,20.1,20.5,genuine
2594,590.7,17.8,18.1,33.5,64.2,65.7,30.2,genuine
305,101.3,759.7,18.7,23.2,15.9,2290.3,25.5,genuine
1128,331.0,189.0,153.0,171.0,176.0,165.0,170.0,genuine
3991,162.9,191.6,167.8,154.2,156.7,145.1,174.0,impersonator
3181,17.3,16.4,1590.8,18.7,19.3,20.0,19.2,genuine
2783,168.0,190.3,179.9,191.1,167.0,185.1,193.1,impersonator
1432,168.0,171.0,169.0,173.0,171.0,169.0,167.0,genuine
4450,165.0,167.0,168.0,165.0,169.0,168.0,167.0,genuine
1760,165.0,165.0,166.0,164.0,167.0,166.0,166.0,genuine
3336,20.599999999999998,32.5,29.6,130.60000000000002,830.6,21.7,36.0,impersonator
904,15.9,23.2,1356.8,420.2,15.4,18.5,17.7,genuine
1844,17.3,17.0,776.0,632.1,20.8,16.8,17.9,genuine
4383,170.3,172.2,155.6,167.1,151.8,148.9,193.8,impersonator
1959,171.0,174.0,173.0,173.0,172.0,174.0,173.0,genuine
3121,461.70000000000005,35.0,249.20000000000002,216.3,427.3,37.400000000000006,236.8,impersonator
637,17.9,229.7,429.1,15.4,434.5,16.1,15.8,genuine
738,163.0,189.0,151.0,169.0,171.0,170.0,170.0,genuine
2403,172.0,172.0,174.0,172.0,173.0,173.0,171.0,genuine
2729,162.3,179.9,177.3,175.2,140.3,175.2,176.1,impersonator
724,-10.8,-10.5,237.9,220.5,205.70000000000002,433.9,249.6,impersonator
4083,3.9000000000000004,16.5,1154.5,17.5,8.4,5.800000000000001,19.8,impersonator
922,213.7,231.9,233.5,233.7,433.3,16.1,233.2,genuine
1330,4.6,-4.599999999999998,780.9,425.09999999999997,22.700000000000003,-2.8999999999999986,19.0,impersonator
2346,174.7,202.7,136.6,165.6,192.2,-8.3,192.0,impersonator
1888,-9.899999999999999,1387.1,187.8,22.0,12.1,5.100000000000001,-1.5,impersonator
2232,164.0,185.0,152.0,171.0,170.0,170.0,170.0,genuine
2307,177.7,187.4,165.7,193.7,155.7,176.1,190.5,impersonator
3150,207.6,473.4,40.3,218.8,249.4,451.2,34.2,impersonator
2433,173.2,194.9,167.8,154.5,187.0,181.0,182.1,impersonator
455,14.5,1400.6,15.3,16.9,17.9,17.5,17.4,genuine
2016,159.8,172.6,168.6,192.9,177.2,177.6,158.9,impersonator
2736,2484.6,11.2,16.0,18.5,26.3,74.6,77.2,genuine
267,215.4,425.7,38.6,210.4,208.8,426.90000000000003,17.0,impersonator
3621,9.2,13.100000000000001,32.400000000000006,0.5,1210.5,0.1999999999999993,4.799999999999999,impersonator
903,183.6,146.0,156.6,179.8,175.4,160.7,185.3,impersonator
674,3.0,41.3,4.200000000000001,29.2,545.5,-1.3999999999999986,22.6,impersonator
656,230.7,184.4,239.5,226.0,222.0,196.5,399.3,impersonator
4152,15.2,15.6,1409.1,415.8,18.5,18.0,20.5,genuine
3934,7.1,3.099999999999998,18.400000000000002,954.5,638.0,39.2,16.0,impersonator
800,171.0,174.0,175.0,172.0,173.0,173.0,175.0,genuine
1814,175.8,196.5,163.9,182.2,16.9,176.2,343.5,impersonator
2682,7.199999999999999,7.899999999999999,346.5,832.5,0.0,34.8,3.5,impersonator
1785,2.200000000000001,-3.9000000000000004,212.3,217.20000000000002,200.39999999999998,223.1,626.0,impersonator
1813,106.2,704.7,1894.4,18.3,19.3,19.6,17.9,genuine
2524,165.0,166.0,165.0,166.0,166.0,167.0,168.0,genuine
461,188.2,175.6,139.9,181.5,187.1,175.0,159.2,impersonator
657,213.1,416.5,233.1,433.6,16.8,233.1,16.3,genuine
3026,17.6,16.6,782.7,18.3,19.6,17.0,18.4,genuine
303,14.200000000000001,208.70000000000002,437.9,-5.0,239.5,213.60000000000002,427.0,impersonator
3248,26.3,5.700000000000001,1175.3999999999999,9.6,38.0,34.0,5.200000000000001,impersonator
81,158.7,190.6,140.6,165.1,153.1,22.3,173.5,impersonator
2954,38.0,36.5,48.3,557.7,17.0,17.6,65.0,genuine
3015,156.1,158.7,170.0,165.4,156.8,158.0,196.2,impersonator
2236,181.0,172.0,157.0,169.0,169.0,183.0,166.0,genuine
263,233.7,27.6,216.4,198.9,444.7,29.2,213.1,genuine
2334,185.8,160.5,181.5,16.8,166.0,356.0,163.0,impersonator
1514,161.7,329.8,128.5,176.1,174.9,149.3,192.8,impersonator
2843,247.2,447.3,18.3,247.29999999999998,224.20000000000002,453.1,31.3,impersonator
716,29.8,229.8,25.0,216.6,216.0,416.3,450.4,genuine
1539,807.8,12.7,3.8999999999999986,6.999999999999998,8.200000000000001,67.4,17.9,impersonator
2899,189.3,187.4,189.2,151.0,193.4,169.6,152.3,impersonator
3099,169.1,155.3,157.1,174.6,192.0,188.2,159.8,impersonator
4342,225.4,232.6,232.8,450.8,16.6,232.6,232.9,genuine
1642,409.6,38.3,222.5,232.6,236.8,220.9,418.2,impersonator
3453,193.7,170.6,156.1,161.2,163.5,164.1,165.3,impersonator
1941,9.5,22.4,105.39999999999999,1510.9,9.3,17.299999999999997,26.700000000000003,impersonator
1988,187.1,157.5,149.4,168.0,178.4,193.2,174.7,impersonator
250,229.6,433.1,15.7,233.0,233.3,233.0,216.1,genuine
244,602.9,405.3,16.2,20.6,17.2,17.5,17.5,genuine
4401,164.0,172.0,159.0,170.0,168.0,169.0,12.0,genuine
3816,15.6,596.0,422.2,15.9,20.6,17.6,19.8,genuine
3977,210.0,216.7,417.1,232.4,450.5,15.2,233.6,genuine
1336,77.8,500.70000000000005,35.7,-0.8000000000000007,74.5,100.7,44.099999999999994,impersonator
3638,170.0,172.0,175.0,175.0,172.0,175.0,173.0,genuine
580,162.2,175.5,197.4,182.8,160.7,169.4,161.0,impersonator
2880,14.9,19.9,589.8,421.6,16.5,17.9,18.7,genuine
179,161.5,173.4,165.0,193.0,153.7,174.7,149.0,impersonator
3623,165.8,174.0,193.6,179.1,193.7,163.6,198.4,impersonator
2626,15.1,1171.9,421.2,15.2,17.4,17.1,18.0,genuine
3546,20.7,123.69999999999999,-6.0,4.099999999999998,24.2,40.900000000000006,73.30000000000001,impersonator
1958,158.7,179.3,177.7,177.8,188.5,150.6,182.6,impersonator
2057,14.4,12.5,226.4,198.1,217.8,216.0,198.9,genuine
2442,17.7,17.4,984.4,631.6,21.0,15.9,18.8,genuine
427,409.7,-1.6999999999999993,247.4,233.4,251.9,445.9,1.5,impersonator
660,15.8,20.0,971.6,631.4,20.4,16.3,20.0,genuine
1423,170.0,172.0,174.0,173.0,172.0,171.0,175.0,genuine
2280,173.8,191.6,159.7,175.3,167.0,172.4,172.0,impersonator
3414,34.900000000000006,45.099999999999994,976.4,623.0,26.799999999999997,19.4,-5.0,impersonator
3346,816.5,208.4,15.0,-2.900000000000002,2.0,-0.3999999999999986,22.7,impersonator
2652,229.0,448.2,15.8,233.5,233.1,450.3,31.8,genuine
4195,169.0,174.0,174.0,172.0,172.0,173.0,174.0,genuine
304,170.0,174.0,176.0,173.0,174.0,175.0,174.0,genuine
85,418.9,226.9,433.4,16.4,233.1,433.5,16.3,genuine
4321,155.1,32.5,821.3,16.2,16.2,16.5,26.7,genuine
813,220.2,443.1,10.899999999999999,224.3,223.7,5.300000000000001,201.29999999999998,impersonator
2714,34.3,1788.8,9.899999999999999,12.499999999999998,-2.6999999999999993,35.6,36.1,impersonator
3628,152.2,163.8,163.5,163.4,191.6,180.9,155.8,impersonator
2730,27.4,409.0,8.2,214.1,1.5,240.10000000000002,418.90000000000003,impersonator
2211,160.0,209.7,160.6,168.6,170.0,167.8,186.2,impersonator
1621,40.8,23.0,796.1,413.1,35.7,-0.1999999999999993,19.5,impersonator
4191,162.9,179.2,176.2,188.0,169.1,158.7,155.6,impersonator
3091,167.0,11.0,159.0,332.0,168.0,166.0,165.0,genuine
2929,168.0,192.0,150.0,170.0,170.0,11.0,166.0,genuine
1660,12.4,11.9,214.1,214.7,216.5,199.7,633.7,genuine
1434,211.1,216.4,416.5,233.2,233.4,433.4,16.6,genuine
300,143.1,174.8,162.4,183.6,157.6,186.7,146.7,impersonator
611,17.7,17.6,1804.4,24.7,16.3,17.0,18.8,genuine
1711,179.9,192.9,156.2,155.4,168.6,179.6,192.0,impersonator
1309,2.1999999999999993,455.7,28.7,229.6,240.20000000000002,427.7,34.5,impersonator
1740,171.3,166.9,171.0,168.8,141.8,182.4,175.7,impersonator
386,167.7,202.3,140.2,186.3,174.5,187.3,193.5,impersonator
1585,15.999999999999998,37.7,1583.7,8.799999999999999,11.299999999999999,34.2,38.8,impersonator
2605,164.0,187.0,154.0,171.0,171.0,172.0,171.0,genuine
962,-13.099999999999998,2496.8,40.1,8.0,34.6,403.8,35.5,impersonator
3514,18.6,17.2,14.7,1590.5,27.0,15.9,16.4,genuine
4413,168.0,172.0,169.0,170.0,170.0,173.0,167.0,genuine
2394,14.2,14.7,218.1,216.3,216.4,199.8,416.9,genuine
4170,29.299999999999997,24.5,1051.5,366.2,29.5,25.3,14.8,impersonator
470,31.900000000000002,30.5,1602.6,15.599999999999998,-5.599999999999998,19.3,32.3,impersonator
4106,17.9,17.9,18.9,19.7,47.2,49.8,102.4,genuine
2166,149.2,193.7,176.2,178.9,164.2,154.6,146.3,impersonator
1578,16.7,21.2,1587.2,20.2,17.9,206.5,20.0,genuine
94,234.8,-3.8000000000000007,218.70000000000002,433.3,226.1,29.9,214.1,impersonator
1403,161.9,180.0,172.4,160.7,158.6,160.1,156.8,impersonator
3499,15.7,18.2,1780.8,19.5,18.7,19.0,18.4,genuine
1494,149.2,175.5,158.1,7.2,140.9,322.5,173.6,impersonator
149,230.79999999999998,417.3,33.4,230.70000000000002,7.5,223.6,633.8000000000001,impersonator
3604,157.4,188.3,158.1,176.0,171.1,192.2,174.1,impersonator
3148,151.2,195.2,189.5,180.8,179.8,194.6,165.2,impersonator
3016,226.4,449.9,30.9,233.5,232.7,450.9,16.1,genuine
69,437.0,27.3,54.2,219.2,198.2,199.20000000000002,217.8,impersonator
812,170.0,173.0,174.0,172.0,173.0,172.0,174.0,genuine
2366,38.900000000000006,22.5,799.6,217.70000000000002,-1.1999999999999993,20.7,807.3000000000001,impersonator
577,14.0,429.9,15.9,216.6,433.3,16.6,233.1,genuine
2514,16.7,17.3,19.5,70.1,33.1,72.3,97.7,genuine
3890,330.0,168.0,167.0,168.0,167.0,166.0,169.0,genuine
2452,18.9,226.6,430.1,16.4,233.9,232.6,433.5,genuine
1634,177.3,181.4,154.5,171.2,181.0,189.7,162.1,impersonator
3741,15.8,45.6,519.4,651.4,-2.6999999999999993,1.0,3.5,impersonator
248,1400.4,24.3,20.8,10.400000000000002,33.7,28.0,25.2,impersonator
289,166.0,168.0,167.0,165.0,169.0,167.0,169.0,genuine
4477,229.1,448.4,31.3,233.8,232.9,233.2,450.0,genuine
1611,111.0,97.5,159.5,6.0,60.8,48.8,138.3,impersonator
904,30.9,43.9,1364.8,414.09999999999997,38.4,41.5,-1.0,impersonator
3001,167.0,173.0,169.0,173.0,171.0,170.0,165.0,genuine
3866,25.099999999999998,21.2,1189.0,1.6999999999999993,19.2,17.8,18.0,impersonator
3828,179.8,197.8,161.1,187.9,167.0,14.9,168.4,impersonator
388,-2.3000000000000007,6.4,14.000000000000002,1393.3,10.4,43.099999999999994,21.6,impersonator
3665,190.8,226.70000000000002,422.0,247.4,441.3,-3.3999999999999986,242.4,impersonator
2039,165.0,168.0,166.0,168.0,167.0,167.0,169.0,genuine
1267,2103.6,19.1,14.5,17.2,17.3,168.6,632.0,genuine
2134,164.2,181.8,144.3,186.1,182.9,158.9,166.8,impersonator
3879,429.1,16.3,233.1,233.3,433.4,16.7,433.2,genuine
4061,9.3,25.299999999999997,49.2,65.8,53.400000000000006,42.7,54.599999999999994,impersonator
3011,17.6,21.1,970.3,632.2,20.5,17.4,19.5,genuine
2960,23.1,0.5,635.4000000000001,614.6,4.899999999999999,38.099999999999994,28.9,impersonator
2150,33.7,446.29999999999995,3.700000000000001,34.7,205.60000000000002,196.29999999999998,187.8,impersonator
3593,33.6,434.40000000000003,18.5,231.70000000000002,424.8,15.200000000000001,241.89999999999998,impersonator
3821,191.3,191.6,171.9,174.5,170.6,165.8,179.4,impersonator
1546,19.0,19.3,770.8,208.4,21.2,17.3,608.5,genuine
1267,2083.6,29.3,37.9,14.399999999999999,-1.6999999999999993,153.79999999999998,633.1,impersonator
2457,168.4,173.3,164.6,169.3,148.4,192.5,156.3,impersonator
4306,-7.600000000000001,24.4,766.1999999999999,444.9,14.2,38.3,-7.0,impersonator
981,14.1,17.7,984.7,632.0,19.7,17.6,19.3,genuine
480,7.0,17.5,67.6,526.0,-5.600000000000001,16.900000000000002,20.8,impersonator
396,171.0,173.0,173.0,175.0,173.0,174.0,174.0,genuine
4361,172.0,172.0,176.0,174.0,173.0,172.0,174.0,genuine
2143,447.3,29.1,233.4,232.8,233.2,449.6,16.3,genuine
1128,351.3,192.0,161.9,189.9,174.4,143.5,178.0,impersonator
4038,169.0,173.0,173.0,173.0,173.0,175.0,173.0,genuine
1900,230.3,233.2,433.2,17.0,233.1,233.1,232.9,genuine
3175,2212.7000000000003,18.599999999999998,12.6,37.099999999999994,10.399999999999999,34.0,-7.200000000000003,impersonator
4428,157.9,190.3,175.7,155.2,151.1,180.6,162.7,impersonator
4415,14.500000000000002,46.7,35.4,960.7,440.3,14.299999999999999,11.200000000000001,impersonator
3702,34.6,26.799999999999997,317.90000000000003,831.0,26.1,16.3,28.7,impersonator
4353,22.7,-0.40000000000000213,-5.199999999999999,34.2,1153.7,14.2,34.2,impersonator
1326,165.0,168.0,166.0,166.0,166.0,168.0,169.0,genuine
2180,188.6,167.1,145.2,176.5,188.0,159.4,185.2,impersonator
1702,168.0,172.0,169.0,170.0,170.0,171.0,165.0,genuine
557,180.2,190.7,166.2,174.7,173.4,-2.9000000000000004,144.2,impersonator
1986,154.0,187.9,175.0,21.2,148.6,344.0,153.5,impersonator
1580,186.9,230.6,199.29999999999998,427.8,225.10000000000002,416.2,29.0,impersonator
2757,169.0,171.0,169.0,173.0,172.0,170.0,166.0,genuine
516,2.3000000000000007,1599.9,32.9,-3.5999999999999996,-7.099999999999998,22.0,17.7,impersonator
796,226.5,232.4,451.0,15.7,233.1,233.3,232.8,genuine
3109,39.8,18.2,1188.6000000000001,649.1999999999999,9.099999999999998,23.8,31.0,impersonator
571,1.8999999999999986,17.400000000000002,119.7,40.1,0.3999999999999986,43.8,109.30000000000001,impersonator
3263,163.0,190.0,150.0,170.0,170.0,172.0,170.0,genuine
3825,177.0,188.0,161.1,174.1,173.7,159.4,165.3,impersonator
1657,160.1,174.5,159.9,192.2,153.1,191.1,185.6,impersonator
1498,221.0,433.8,250.0,452.5,-4.299999999999999,226.2,250.6,impersonator
3102,36.7,1097.1,17.3,18.1,20.2,1860.7,22.6,genuine
3289,26.5,1942.3,19.4,15.8,218.2,18.7,18.7,genuine
2107,314.1,164.7,143.5,6.6,172.5,-1.5999999999999996,308.6,impersonator
1264,15.499999999999998,16.4,1412.7,-2.0,22.1,16.8,10.399999999999999,impersonator
2126,12.3,232.6,233.1,233.1,200.1,233.0,233.5,genuine
3715,185.5,176.1,149.9,166.2,182.8,150.2,163.4,impersonator
3220,166.0,166.0,169.0,167.0,167.0,169.0,167.0,genuine
2142,17.1,21.9,19.1,391.1,18.3,20.8,18.6,genuine
2658,16.1,18.9,786.4,418.9,15.5,17.7,18.2,genuine
3260,164.9,180.2,186.3,146.7,148.5,160.6,185.5,impersonator
2904,8.1,-18.8,428.3,219.9,452.7,8.5,248.1,impersonator
3468,786.5,206.7,15.4,18.7,18.5,18.3,18.5,genuine
3038,230.2,452.8,31.4,233.7,233.0,451.0,14.6,genuine
2784,241.1,417.2,-2.599999999999998,222.3,230.1,451.4,8.700000000000001,impersonator
3292,164.0,165.0,166.0,167.0,165.0,166.0,167.0,genuine
401,14.9,15.5,216.1,212.3,200.0,216.5,417.1,genuine
3496,18.3,1384.5,18.3,20.5,20.0,22.2,16.3,genuine
3331,194.9,168.2,159.4,197.7,196.7,190.1,155.7,impersonator
1004,31.6,43.9,67.4,99.9,14.1,94.2,1806.5,genuine
4096,166.4,178.4,142.9,189.4,168.1,168.9,155.9,impersonator
1173,1050.8999999999999,218.5,31.200000000000003,38.8,18.5,41.2,31.9,impersonator
783,331.0,184.0,154.0,172.0,170.0,171.0,168.0,genuine
61,161.6,169.3,161.6,182.9,156.8,185.3,149.5,impersonator
1929,447.8,27.7,234.5,233.3,232.1,450.8,15.9,genuine
282,187.9,168.0,170.5,192.2,167.6,31.0,188.5,impersonator
1581,33.1,1585.5,29.9,2.1999999999999993,28.299999999999997,1.1000000000000014,23.299999999999997,impersonator
3065,17.2,486.6,18.9,18.9,71.4,78.7,21.7,genuine
2602,169.0,172.0,167.0,170.0,171.0,172.0,167.0,genuine
1486,237.7,227.8,254.7,246.8,458.70000000000005,32.5,222.5,impersonator
1936,31.6,6.800000000000001,1583.2,16.0,23.5,32.0,32.3,impersonator
3290,198.4,430.0,234.1,15.9,216.8,199.8,433.0,genuine
690,222.20000000000002,245.1,-2.6999999999999993,232.5,439.6,224.29999999999998,452.5,impersonator
921,17.9,18.6,142.5,839.7,18.4,19.3,19.3,genuine
3996,175.9,172.5,146.5,145.3,165.5,145.5,155.4,impersonator
3354,1.0,240.89999999999998,247.1,0.1999999999999993,204.8,402.20000000000005,253.7,impersonator
271,160.0,175.2,164.7,141.4,160.2,168.3,166.6,impersonator
96,228.9,233.0,432.6,17.0,232.5,217.0,16.6,genuine
1279,5.5,149.4,328.8,145.9,172.5,156.8,146.7,impersonator
3781,163.0,184.0,153.0,171.0,8.0,166.0,333.0,genuine
3822,161.6,176.5,178.9,173.9,198.6,195.6,182.9,impersonator
1559,165.0,166.0,170.0,165.0,165.0,167.0,165.0,genuine
199,167.8,186.6,186.0,170.4,192.3,158.8,155.9,impersonator
454,452.79999999999995,6.0,244.5,227.9,437.9,1.6000000000000014,212.9,impersonator
2286,17.7,19.1,792.6,418.7,19.9,18.4,20.3,genuine
3796,11.1,12.799999999999999,1018.3000000000001,25.8,13.999999999999998,8.399999999999999,12.899999999999999,impersonator
1466,163.8,150.9,155.6,156.4,178.4,182.8,155.0,impersonator
3720,478.1,17.1,33.9,76.0,88.2,87.4,100.0,genuine
1397,413.6,233.0,433.5,16.1,233.1,233.7,233.2,genuine
331,6.799999999999999,605.9000000000001,407.59999999999997,17.400000000000002,2.6999999999999993,7.5,3.3000000000000007,impersonator
3646,20.3,2501.3,18.8,17.4,16.5,17.7,17.6,genuine
1508,169.5,180.5,145.2,194.1,153.4,185.0,165.3,impersonator
2976,166.0,169.0,166.0,167.0,166.0,168.0,166.0,genuine
1073,11.0,170.0,326.0,171.0,170.0,10.0,167.0,genuine
1286,21.1,1370.1,18.7,18.9,18.9,20.3,17.2,genuine
2977,1370.1000000000001,23.0,38.8,12.1,33.7,42.599999999999994,-6.300000000000001,impersonator
3172,7.2,439.0,17.5,45.8,2288.5,-1.5999999999999996,-0.09999999999999787,impersonator
3637,166.0,188.0,152.0,170.0,172.0,169.0,170.0,genuine
1167,250.9,-2.1000000000000014,197.6,197.60000000000002,201.4,196.3,403.8,impersonator
3707,16.4,18.8,1169.2,631.3,19.4,15.5,18.2,genuine
315,13.4,432.6,16.8,232.8,233.2,232.2,433.4,genuine
897,164.0,167.0,166.0,166.0,166.0,164.0,166.0,genuine
1027,165.0,167.0,10.0,158.0,332.0,168.0,167.0,genuine
2414,182.6,153.1,161.2,177.2,167.8,189.7,188.9,impersonator
2487,173.3,190.6,158.1,162.6,171.8,156.7,161.6,impersonator
3558,32.8,28.5,99.8,76.8,85.10000000000001,69.7,13.0,impersonator
4319,169.0,173.0,169.0,170.0,172.0,171.0,168.0,genuine
1869,159.4,187.2,176.8,157.6,163.7,154.9,176.3,impersonator
3352,-4.4,412.8,34.0,224.4,217.5,225.79999999999998,435.5,impersonator
348,408.09999999999997,18.7,4.6000000000000005,216.2,194.8,227.7,437.70000000000005,impersonator
2450,173.9,176.3,7.1,171.4,331.9,163.3,154.1,impersonator
980,22.8,436.7,1.0999999999999996,426.90000000000003,2.5,233.9,244.20000000000002,impersonator
1407,164.6,181.4,196.0,193.8,186.5,182.0,160.6,impersonator
125,327.0,9.0,321.0,332.0,166.0,167.0,170.0,genuine
203,17.3,19.4,17.9,773.1,18.6,18.8,21.1,genuine
587,203.20000000000002,207.5,253.6,237.5,223.8,12.4,422.40000000000003,impersonator
2402,432.0,15.8,230.6,233.1,433.4,16.7,232.8,genuine
3795,18.8,14.9,34.4,1326.6,16.8,20.1,18.3,genuine
582,24.5,-2.5,987.3000000000001,-7.800000000000001,-2.5,19.9,15.1,impersonator
715,15.6,19.8,16.7,17.8,79.3,9.1,95.4,genuine
2496,163.0,345.0,157.0,169.0,171.0,171.0,170.0,genuine
4302,430.0,16.0,235.2,233.1,15.7,217.7,633.4,genuine
1618,177.5,191.8,188.9,-0.5999999999999996,178.6,344.3,185.3,impersonator
3820,17.3,20.4,1600.1,17.8,17.1,211.0,20.3,genuine
879,406.7,12.8,236.6,255.1,441.6,14.5,452.20000000000005,impersonator
1258,153.5,204.5,173.8,171.5,150.7,174.6,168.1,impersonator
2050,169.0,173.0,174.0,172.0,173.0,174.0,172.0,genuine
2176,229.0,409.6,4.600000000000001,252.7,212.4,454.5,39.6,impersonator
2360,430.4,16.5,233.0,233.1,433.4,16.1,233.5,genuine
977,155.1,208.0,167.0,171.6,192.5,168.1,169.4,impersonator
2588,169.2,155.2,178.7,-1.2000000000000002,160.4,-12.5,317.6,impersonator
1670,153.8,189.0,179.8,149.4,150.0,171.8,159.7,impersonator
746,21.3,38.900000000000006,13.100000000000001,920.9,6.399999999999999,32.4,27.5,impersonator
1438,164.0,168.0,167.0,8.0,158.0,333.0,167.0,genuine
355,83.0,2036.4,19.400000000000002,437.40000000000003,13.5,27.5,9.099999999999998,impersonator
138,15.0,11.4,14.1,413.6,432.7,232.6,433.2,genuine
3720,463.20000000000005,1.9000000000000021,15.099999999999998,61.7,91.60000000000001,67.80000000000001,115.2,impersonator
2036,230.0,233.5,232.7,433.5,16.6,233.2,233.4,genuine
3653,30.6,2.5999999999999996,43.7,-1.1999999999999993,930.5999999999999,2.400000000000002,37.4,impersonator
3154,0.3999999999999986,-5.5,327.7,33.6,40.4,801.8000000000001,1060.3,impersonator
3949,19.1,22.1,780.4,632.0,25.2,19.7,18.9,genuine
185,1.1000000000000014,5.9,782.3,426.1,8.5,2.799999999999997,624.1,impersonator
1932,430.1,233.1,16.1,216.4,417.0,233.3,16.1,genuine
4024,13.1,17.3,73.2,32.6,66.9,80.3,62.3,genuine
3480,448.90000000000003,33.9,224.5,218.20000000000002,420.20000000000005,-1.1000000000000014,224.60000000000002,impersonator
3254,170.1,176.5,177.7,173.1,154.9,188.6,175.1,impersonator
2632,179.4,178.8,160.0,181.0,150.2,0.3000000000000007,170.5,impersonator
2682,14.2,17.4,351.0,835.0,17.1,18.2,16.3,genuine
551,167.0,171.0,167.0,173.0,173.0,170.0,166.0,genuine
4303,170.0,169.0,168.0,171.0,171.0,170.0,167.0,genuine
3486,171.0,173.0,176.0,173.0,172.0,175.0,172.0,genuine
3226,144.8,163.9,190.4,181.4,179.6,159.5,171.3,impersonator
4216,231.79999999999998,440.70000000000005,4.5,221.39999999999998,241.7,463.5,34.8,impersonator
634,147.9,192.6,175.9,157.7,183.5,154.7,178.6,impersonator
3802,224.3,232.9,233.2,433.1,16.8,233.1,216.6,genuine
1876,153.0,187.1,148.6,169.1,186.6,181.2,158.7,impersonator
4187,180.9,184.3,133.1,183.2,181.9,-2.6999999999999993,188.0,impersonator
491,16.3,2.4000000000000004,-1.6999999999999993,1003.8,15.599999999999998,40.9,34.400000000000006,impersonator
3358,16.5,19.3,326.7,18.2,19.2,18.6,59.6,genuine
3367,17.8,20.5,1768.3,22.5,20.5,19.5,20.5,genuine
55,168.0,185.0,157.0,172.0,169.0,169.0,168.0,genuine
2666,408.2,16.2,211.7,227.60000000000002,217.10000000000002,45.5,200.4,impersonator
200,171.0,173.0,172.0,171.0,172.0,174.0,173.0,genuine
1163,67.8,68.0,1854.0,1.0999999999999979,-6.9,195.70000000000002,1039.3999999999999,impersonator
2908,16.9,30.7,324.4,837.6,18.6,18.1,18.7,genuine
3499,12.0,5.6,1774.7,18.1,12.0,34.8,34.5,impersonator
3146,230.3,233.2,17.6,216.9,417.6,232.9,232.7,genuine
635,217.9,227.9,421.79999999999995,33.8,248.5,226.0,231.0,impersonator
3693,194.8,150.5,172.1,191.2,181.5,170.4,165.1,impersonator
2694,163.0,181.0,155.0,171.0,169.0,171.0,168.0,genuine
2223,24.7,1192.2,29.1,30.1,22.700000000000003,39.2,31.0,impersonator
1491,15.3,18.8,397.9,209.5,19.1,19.3,18.7,genuine
3725,245.5,256.3,430.70000000000005,21.8,219.0,224.0,434.8,impersonator
108,171.7,151.2,164.7,24.3,172.4,-8.2,342.0,impersonator
820,171.0,173.0,172.0,175.0,174.0,173.0,171.0,genuine
1434,226.6,234.1,405.2,228.2,229.5,445.79999999999995,15.700000000000001,impersonator
1374,163.0,180.0,157.0,172.0,168.0,171.0,170.0,genuine
1189,180.0,177.0,154.0,171.0,169.0,13.0,166.0,genuine
2786,15.5,19.1,977.3,630.0,17.5,225.8,17.5,genuine
2817,21.1,19.6,969.0999999999999,639.0,15.6,36.6,227.0,impersonator
1167,231.0,14.5,215.6,199.8,216.6,216.5,416.8,genuine
26,393.9,452.29999999999995,8.4,224.8,236.5,426.8,1.5,impersonator
1628,161.3,167.8,151.5,146.1,147.7,187.3,162.9,impersonator
2710,181.6,157.1,142.4,173.1,186.0,163.9,185.0,impersonator
3036,166.0,167.0,168.0,167.0,166.0,169.0,169.0,genuine
966,16.3,438.1,17.6,231.6,233.0,233.0,215.8,genuine
372,166.0,177.6,163.5,171.0,165.5,147.1,167.2,impersonator
1460,172.0,174.0,173.0,176.0,172.0,173.0,172.0,genuine
3647,14.8,1376.7,202.0,20.2,17.0,819.5,21.3,genuine
1808,169.0,174.0,173.0,173.0,174.0,172.0,175.0,genuine
3425,179.4,177.9,157.5,163.0,148.3,195.4,181.5,impersonator
3219,43.9,61.2,2669.5,35.199999999999996,-10.600000000000001,23.1,100.6,impersonator
1008,177.8,203.3,143.6,154.2,181.2,182.0,172.7,impersonator
4275,229.6,232.3,450.7,31.7,233.7,450.2,15.9,genuine
647,180.2,189.8,187.0,174.4,186.7,188.9,160.6,impersonator
4462,14.9,19.8,130.1,1052.4,17.8,18.9,1015.3,genuine
4163,146.2,147.6,181.4,150.9,196.0,166.1,160.5,impersonator
3620,190.4,152.0,146.1,185.6,154.4,147.9,169.1,impersonator
817,150.6,153.7,169.3,177.7,155.4,181.2,147.0,impersonator
4362,183.4,191.1,159.0,168.5,178.1,194.4,188.4,impersonator
4428,165.0,166.0,167.0,166.0,167.0,166.0,167.0,genuine
1273,185.3,186.9,160.1,180.4,185.7,180.7,152.5,impersonator
4032,1020.5,388.1,39.7,-5.0,31.2,36.5,15.200000000000001,impersonator
4224,31.2,7.200000000000001,1390.0,35.900000000000006,38.0,-5.5,23.0,impersonator
2285,167.0,172.0,168.0,171.0,171.0,172.0,167.0,genuine
1143,14.4,16.599999999999998,10.200000000000001,34.8,953.1,11.799999999999999,14.3,impersonator
3914,172.0,172.0,173.0,173.0,171.0,176.0,173.0,genuine
2299,345.0,10.0,175.0,347.0,10.0,176.0,347.0,genuine
2995,170.0,173.0,175.0,173.0,174.0,172.0,172.0,genuine
840,166.0,167.0,168.0,166.0,167.0,165.0,166.0,genuine
1565,37.6,35.0,1600.4,-1.1999999999999993,31.7,15.100000000000001,3.1999999999999993,impersonator
3673,431.29999999999995,229.5,452.5,35.2,2.5,431.40000000000003,34.7,impersonator
3318,163.7,192.4,181.0,155.4,156.5,184.2,168.8,impersonator
850,-1.3999999999999986,11.3,435.5,34.2,12.9,17.3,27.5,impersonator
4192,230.6,452.4,31.4,233.7,232.4,452.3,14.7,genuine
3178,7.5,12.399999999999999,990.0,613.0,7.0,40.900000000000006,18.5,impersonator
103,217.3,439.5,38.300000000000004,243.6,245.4,458.2,14.3,impersonator
1485,178.4,159.8,171.4,146.4,170.8,194.1,174.7,impersonator
3461,178.6,159.0,155.9,168.5,161.4,169.2,176.0,impersonator
2838,413.6,232.6,233.1,433.3,16.6,233.1,16.5,genuine
4248,163.0,167.0,169.0,167.0,166.0,166.0,164.0,genuine
1359,15.4,1225.5,22.7,16.4,17.1,18.9,609.0,genuine
5,188.6,183.6,173.6,165.4,181.1,161.3,190.2,impersonator
600,178.3,159.6,165.0,183.7,162.8,191.1,180.3,impersonator
950,169.0,173.0,173.0,175.0,172.0,174.0,173.0,genuine
2274,16.9,16.4,1427.5,16.6,16.2,17.2,17.3,genuine
2539,173.7,148.9,154.2,179.7,164.5,183.9,178.7,impersonator
1206,254.1,424.7,41.2,249.4,255.39999999999998,449.59999999999997,2.5,impersonator
4394,-8.8,-10.2,220.4,221.20000000000002,180.29999999999998,415.59999999999997,244.7,impersonator
747,163.0,191.0,149.0,172.0,169.0,170.0,170.0,genuine
3526,822.8,389.8,16.4,18.4,18.8,19.1,20.8,genuine
3978,169.4,188.2,357.2,-9.7,168.4,166.0,163.0,impersonator
3339,412.3,31.0,232.6,233.1,233.1,450.7,14.8,genuine
2571,181.0,175.0,157.0,171.0,170.0,10.0,167.0,genuine
2969,171.8,155.8,163.2,167.9,158.6,157.7,140.9,impersonator
457,193.0,169.3,193.3,154.7,193.1,176.6,158.6,impersonator
1268,161.1,170.9,189.5,151.6,187.2,143.9,157.3,impersonator
3947,59.7,78.1,103.5,64.1,37.5,66.3,32.9,genuine
142,16.0,16.9,1805.0,22.6,16.3,18.3,19.5,genuine
3307,161.9,191.9,159.5,195.0,194.3,192.3,157.0,impersonator
3963,230.4,235.9,449.5,15.2,233.9,233.5,450.2,genuine
4193,185.2,143.1,178.8,147.8,146.7,151.7,156.5,impersonator
3301,150.9,165.2,138.2,188.4,145.0,33.3,143.5,impersonator
1705,171.0,174.0,175.0,173.0,174.0,173.0,174.0,genuine
2320,166.0,172.0,168.0,173.0,173.0,172.0,165.0,genuine
1993,224.0,251.70000000000002,447.7,1.4000000000000021,214.0,220.0,225.6,impersonator
2898,141.8,171.6,171.0,180.8,178.0,157.5,170.4,impersonator
240,165.0,168.0,166.0,16.0,152.0,329.0,166.0,genuine
4084,164.0,181.0,154.0,172.0,9.0,166.0,334.0,genuine
3022,-6.200000000000001,215.8,219.89999999999998,13.6,236.5,208.4,645.5,impersonator
2341,17.0,18.5,785.0,419.5,16.7,19.0,18.8,genuine
3396,165.0,16.0,152.0,333.0,167.0,168.0,9.0,genuine
3077,451.2,8.599999999999998,219.4,245.8,238.9,234.0,229.39999999999998,impersonator
3908,148.7,188.8,177.6,173.7,171.4,191.8,185.5,impersonator
2417,19.7,23.6,366.0,858.2,-2.3000000000000007,13.7,19.599999999999998,impersonator
1334,107.0,1152.1,5.4,29.1,25.6,44.4,27.9,impersonator
696,4.100000000000001,42.3,991.7,605.7,-3.1999999999999993,-8.0,21.2,impersonator
4194,435.6,42.1,237.6,222.5,219.9,452.2,32.2,impersonator
699,24.799999999999997,616.3,210.29999999999998,3.4000000000000004,29.0,1.0999999999999979,33.900000000000006,impersonator
2689,463.8,10.899999999999999,17.0,214.1,233.9,208.2,630.8000000000001,impersonator
675,168.0,167.0,168.0,168.0,170.0,167.0,168.0,genuine
1265,185.6,155.0,177.2,186.9,153.0,176.4,150.1,impersonator
2613,168.0,167.0,170.0,170.0,167.0,169.0,171.0,genuine
2061,151.5,152.7,166.0,192.1,187.0,150.9,191.9,impersonator
1148,183.7,186.6,154.5,196.0,160.1,171.4,158.9,impersonator
794,232.2,446.6,16.3,232.9,233.5,233.0,433.5,genuine
3167,165.0,174.0,168.0,173.0,171.0,170.0,166.0,genuine
1312,14.3,16.8,18.3,18.8,758.2,627.8,17.8,genuine
2438,227.1,233.0,450.0,16.1,231.9,233.6,233.3,genuine
679,150.5,169.2,151.5,16.2,162.3,-3.9000000000000004,342.2,impersonator
311,225.8,21.1,235.20000000000002,224.7,228.2,627.5,26.099999999999998,impersonator
1034,16.4,16.4,16.7,16.6,16.6,16.5,27.7,genuine
1984,445.0,31.3,234.3,232.0,449.8,15.6,233.8,genuine
3278,213.9,253.0,449.6,30.3,251.1,250.0,451.5,genuine
1870,218.5,443.79999999999995,15.3,241.2,239.9,435.9,1.200000000000001,impersonator
340,179.7,170.8,168.9,146.3,158.2,151.1,157.3,impersonator
4087,35.8,875.0,232.4,50.7,4.0,660.4,48.8,genuine
295,5.0,202.0,11.0,314.0,4.0,312.0,366.0,genuine
2691,21.1,13.5,35.6,57.7,1075.7,838.0,18.9,genuine
255,17.200000000000003,70.9,1984.0,10.4,24.9,27.6,14.8,impersonator
4456,9.0,228.9,212.3,5.700000000000001,224.7,181.1,446.5,impersonator
3902,-5.399999999999999,30.9,987.4000000000001,620.6,4.199999999999999,-8.1,4.699999999999999,impersonator
1528,153.2,195.7,173.0,152.4,22.4,162.5,329.7,impersonator
73,15.0,16.0,807.7,18.5,18.3,18.6,17.1,genuine
3417,28.1,217.1,230.7,432.7,30.5,220.0,432.6,genuine
1771,17.4,15.8,1423.0,19.3,17.0,18.7,20.3,genuine
2395,170.0,172.0,174.0,171.0,172.0,173.0,172.0,genuine
3841,163.0,184.0,167.0,166.0,167.0,166.0,182.0,genuine
3519,164.0,182.0,156.0,172.0,6.0,166.0,350.0,genuine
2852,168.0,172.0,175.0,172.0,172.0,171.0,174.0,genuine
3754,26.2,248.1,231.3,212.70000000000002,441.2,39.3,235.6,impersonator
2540,170.0,175.0,175.0,174.0,175.0,174.0,173.0,genuine
1761,428.4,5.999999999999998,236.0,249.2,443.5,-1.200000000000001,237.9,impersonator
3797,242.9,412.2,25.7,246.2,218.4,214.29999999999998,410.40000000000003,impersonator
1617,142.7,169.2,168.9,8.7,138.0,351.1,158.4,impersonator
1885,17.3,19.5,1391.1,17.6,17.8,18.1,18.2,genuine
2465,164.0,165.0,165.0,167.0,166.0,165.0,168.0,genuine
3444,168.0,171.0,170.0,172.0,172.0,172.0,164.0,genuine
672,164.0,168.0,168.0,168.0,168.0,169.0,168.0,genuine
3616,166.0,172.0,171.0,172.0,171.0,170.0,167.0,genuine
3274,13.5,19.1,1156.7,633.4,18.8,16.6,19.1,genuine
4333,170.0,174.0,175.0,175.0,173.0,171.0,176.0,genuine
4249,12.1,426.7,15.4,233.1,433.3,16.4,232.8,genuine
1878,16.6,12.7,424.6,432.1,16.4,231.9,433.8,genuine
2059,167.0,167.0,167.0,166.0,166.0,164.0,165.0,genuine
2975,227.7,231.1,451.2,31.7,234.1,237.9,444.6,genuine
4388,166.0,172.0,168.0,171.0,172.0,171.0,168.0,genuine
3055,429.3,16.1,233.0,233.3,433.4,16.5,233.2,genuine
865,30.700000000000003,22.2,74.0,1470.2,1.8999999999999986,40.8,28.0,impersonator
3193,171.0,190.0,160.0,174.0,172.0,173.0,172.0,genuine
3411,29.2,9.6,780.3,647.2,-4.5,30.0,2.400000000000002,impersonator
2728,156.9,144.2,149.3,159.2,159.5,147.5,179.8,impersonator
2777,153.8,178.0,146.0,168.6,148.9,178.7,170.2,impersonator
3772,16.3,18.7,17.4,1164.7,17.2,20.3,19.7,genuine
3453,169.0,172.0,170.0,171.0,171.0,169.0,166.0,genuine
1701,144.3,162.5,144.3,191.7,181.7,191.9,180.7,impersonator
1830,230.5,231.0,233.9,199.3,234.1,233.4,433.2,genuine
14,31.4,23.9,212.1,237.6,213.2,215.8,412.09999999999997,impersonator
2596,45.5,831.8000000000001,1685.8,-4.5,36.6,37.099999999999994,21.4,impersonator
2522,29.4,987.1,229.4,3.700000000000001,-1.0,15.0,-3.799999999999997,impersonator
1208,757.4,1491.6,-6.199999999999999,35.400000000000006,26.800000000000004,10.100000000000001,126.30000000000001,impersonator
1055,415.40000000000003,-0.5999999999999979,436.0,-3.0,219.6,241.10000000000002,209.2,impersonator
2040,164.0,167.0,167.0,3.0,162.0,5.0,327.0,genuine
3053,58.10000000000001,57.3,127.5,41.5,89.60000000000001,115.3,69.6,impersonator
4190,170.0,174.0,174.0,172.0,173.0,175.0,173.0,genuine
1401,11.9,431.7,11.5,233.3,16.2,216.5,200.0,genuine
1005,186.1,198.1,170.4,160.7,157.5,157.9,154.9,impersonator
1244,218.0,221.7,452.5,6.4,211.5,228.1,466.8,impersonator
2776,193.6,169.9,180.2,167.1,186.2,232.4,188.6,impersonator
1278,148.0,165.2,187.3,161.2,164.4,174.0,176.1,impersonator
1846,166.0,173.0,169.0,172.0,169.0,172.0,166.0,genuine
3492,6.600000000000001,23.1,1.3999999999999986,755.1,6.300000000000001,17.5,1.6000000000000014,impersonator
1487,172.0,173.0,174.0,173.0,173.0,172.0,174.0,genuine
3843,426.1,17.5,257.1,223.7,460.7,-4.4,209.5,impersonator
1832,191.8,152.4,169.8,169.4,160.1,165.3,189.2,impersonator
4140,163.0,345.0,156.0,171.0,171.0,169.0,168.0,genuine
3341,166.0,192.7,165.3,150.3,147.0,151.1,154.1,impersonator
1586,164.0,168.0,166.0,167.0,167.0,167.0,168.0,genuine
537,164.0,167.0,167.0,166.0,167.0,167.0,166.0,genuine
2625,167.0,169.0,169.0,170.0,171.0,168.0,169.0,genuine
2824,223.29999999999998,440.3,52.900000000000006,244.8,428.0,22.2,34.7,impersonator
3013,241.9,475.3,-10.399999999999999,215.7,443.9,14.100000000000001,204.5,impersonator
4294,433.29999999999995,9.8,226.3,233.6,36.5,222.6,401.40000000000003,impersonator
2528,164.3,170.8,150.6,158.8,151.3,151.3,182.0,impersonator
3114,171.9,191.8,189.0,176.2,152.9,185.4,181.9,impersonator
245,212.6,235.5,467.40000000000003,-6.199999999999999,217.9,247.1,212.3,impersonator
3203,171.0,173.0,176.0,173.0,173.0,171.0,171.0,genuine
3617,29.6,1162.3999999999999,211.5,40.900000000000006,17.6,9.2,43.2,impersonator
1736,29.6,25.0,207.1,234.89999999999998,233.8,221.5,408.4,impersonator
3228,230.0,233.2,233.0,433.5,16.6,233.1,433.3,genuine
2706,160.6,184.0,144.0,15.0,166.6,356.8,175.5,impersonator
3032,198.2,1.5999999999999996,166.8,370.1,187.6,173.4,164.6,impersonator
1841,69.2,64.89999999999999,104.7,46.900000000000006,1738.3999999999999,31.8,35.0,impersonator
3427,216.10000000000002,410.5,15.0,231.4,236.0,430.59999999999997,3.9999999999999982,impersonator
3773,147.0,184.0,154.0,170.0,8.0,166.0,333.0,genuine
1615,167.0,172.0,168.0,172.0,172.0,171.0,166.0,genuine
2076,165.0,167.0,167.0,16.0,149.0,336.0,167.0,genuine
3755,430.7,16.3,236.4,232.3,450.2,31.0,234.0,genuine
2556,164.0,168.0,165.0,165.0,168.0,169.0,165.0,genuine
541,232.2,229.2,216.7,233.1,233.2,233.3,433.3,genuine
3112,164.0,180.0,153.0,170.0,168.0,171.0,170.0,genuine
2887,13.1,15.9,150.4,1268.5,16.2,15.6,18.1,genuine
256,168.0,188.0,157.0,171.0,170.0,168.0,13.0,genuine
1448,228.60000000000002,228.9,446.0,-3.3000000000000007,208.89999999999998,250.10000000000002,213.0,impersonator
3288,249.0,414.6,0.6999999999999993,224.39999999999998,252.5,422.2,0.3999999999999986,impersonator
530,5.8999999999999995,16.6,997.2,26.3,5.300000000000001,23.0,21.9,impersonator
4111,19.7,32.1,1579.8999999999999,-3.8000000000000007,32.9,-0.1999999999999993,44.400000000000006,impersonator
522,137.6,168.4,163.5,185.5,193.0,152.9,165.7,impersonator
4025,30.799999999999997,123.7,1463.0,28.4,9.399999999999999,31.4,35.2,impersonator
2955,35.0,1827.9,27.6,18.7,13.500000000000002,17.9,33.3,impersonator
2904,13.7,5.0,437.1,231.0,449.8,30.6,234.6,genuine
3019,17.7,15.8,18.6,14.1,1140.3,628.9,16.3,genuine
645,170.0,176.0,173.0,174.0,209.0,137.0,173.0,genuine
4017,59.800000000000004,72.0,74.9,16.700000000000003,63.599999999999994,75.80000000000001,81.6,impersonator
1181,22.6,458.9,46.7,260.09999999999997,251.70000000000002,476.0,30.599999999999998,impersonator
66,18.1,18.2,954.4,837.3,22.0,17.6,19.4,genuine
3064,16.2,16.8,976.0,16.9,17.3,17.0,17.7,genuine
3852,152.3,158.1,192.8,165.5,192.5,185.7,166.8,impersonator
1734,160.4,193.6,163.4,188.5,-13.7,147.8,334.5,impersonator
851,16.8,15.5,1399.8,16.5,17.8,17.5,17.3,genuine
2388,28.200000000000003,12.399999999999999,215.1,214.2,423.7,240.5,451.0,impersonator
2362,205.0,212.79999999999998,239.7,209.4,422.09999999999997,13.2,210.39999999999998,impersonator
2867,181.0,157.0,171.0,170.0,171.0,170.0,166.0,genuine
4206,147.7,182.1,180.2,194.0,150.4,164.4,178.3,impersonator
1979,166.0,166.0,165.0,168.0,9.0,159.0,331.0,genuine
3677,180.1,165.2,175.1,148.2,153.1,168.3,168.0,impersonator
4219,173.0,174.0,173.0,173.0,175.0,174.0,173.0,genuine
2989,14.9,17.3,1133.1,417.9,16.7,19.0,19.5,genuine
4386,168.0,170.0,170.0,171.0,170.0,172.0,166.0,genuine
479,166.0,168.0,8.0,158.0,333.0,167.0,166.0,genuine
2361,1016.3,27.4,29.900000000000002,-3.099999999999998,27.9,37.9,26.700000000000003,impersonator
736,22.200000000000003,11.1,1149.8999999999999,437.0,19.5,31.0,11.799999999999999,impersonator
2959,151.0,163.4,180.7,171.1,174.0,183.8,166.7,impersonator
1532,11.0,172.0,326.0,172.0,168.0,170.0,170.0,genuine
2718,5.800000000000001,427.2,35.3,229.29999999999998,244.29999999999998,211.5,420.6,impersonator
581,65.5,770.0999999999999,8.899999999999999,7.300000000000001,39.2,73.30000000000001,2462.6,impersonator
831,31.700000000000003,209.7,235.0,231.29999999999998,451.7,21.700000000000003,223.6,impersonator
2518,173.5,153.1,188.8,162.0,174.8,369.8,58.6,impersonator
2238,20.7,3.7,427.8,232.6,433.6,16.5,233.0,genuine
3892,164.0,168.0,166.0,165.0,168.0,169.0,168.0,genuine
2636,171.0,171.0,170.0,174.0,172.0,170.0,167.0,genuine
847,82.30000000000001,28.8,29.0,147.5,4.4,135.9,81.0,impersonator
2022,447.7,29.0,233.6,232.3,450.9,16.2,233.1,genuine
537,149.1,163.1,171.1,144.0,166.5,189.0,175.0,impersonator
3852,171.0,174.0,175.0,174.0,173.0,172.0,173.0,genuine
4198,11.9,18.7,21.3,18.8,940.5,840.4,17.4,genuine
208,-7.100000000000001,225.6,246.5,224.3,416.6,7.700000000000001,255.79999999999998,impersonator
668,170.3,176.1,153.0,157.3,169.7,197.5,153.4,impersonator
3511,164.7,144.2,189.2,171.3,154.6,149.6,183.6,impersonator
1130,27.5,42.3,985.1999999999999,438.1,24.2,7.300000000000001,34.7,impersonator
2577,14.1,18.2,20.5,17.5,949.0,19.6,17.6,genuine
1946,415.1,5.6,211.1,241.4,411.20000000000005,7.0,417.2,impersonator
3033,165.0,169.0,166.0,166.0,167.0,167.0,169.0,genuine
3224,184.9,167.6,140.1,178.9,159.8,152.9,171.3,impersonator
1849,165.0,166.0,167.0,166.0,166.0,167.0,165.0,genuine
529,212.1,408.9,220.6,219.20000000000002,422.0,8.000000000000002,226.4,impersonator
2528,163.0,180.0,152.0,170.0,171.0,170.0,167.0,genuine
2374,169.0,185.0,157.0,171.0,5.0,166.0,350.0,genuine
2995,153.2,171.1,189.9,176.1,151.0,154.2,152.0,impersonator
1320,16.3,14.2,211.6,413.3,233.3,233.3,433.7,genuine
4175,16.3,142.7,1259.0,19.0,16.7,16.6,16.7,genuine
1361,-7.5,13.5,1197.7,22.6,-3.1000000000000014,613.4000000000001,-7.200000000000001,impersonator
4419,212.9,199.1,433.4,233.3,433.8,15.7,233.5,genuine
290,411.3,249.9,435.8,246.9,30.8,249.7,233.8,genuine
3837,163.0,169.0,169.0,167.0,169.0,167.0,166.0,genuine
2623,165.6,18.6,142.9,308.5,155.6,172.2,154.7,impersonator
2245,15.400000000000002,213.6,232.79999999999998,427.4,16.3,222.4,251.1,impersonator
1808,145.8,173.5,172.0,167.2,170.2,185.5,197.1,impersonator
2267,16.7,20.7,1169.5,421.9,16.9,19.6,20.5,genuine
2482,30.7,18.2,980.4,435.9,39.3,10.5,19.4,impersonator
3896,164.0,167.0,167.0,168.0,167.0,166.0,166.0,genuine
1085,140.5,148.8,188.0,173.7,143.8,170.4,179.5,impersonator
3626,15.700000000000001,45.1,216.0,224.5,14.2,39.7,1.1000000000000014,impersonator
604,144.7,345.9,178.6,171.1,188.8,159.1,158.2,impersonator
2699,156.0,186.9,186.9,163.0,158.7,167.1,166.6,impersonator
1053,172.6,177.4,152.4,155.8,181.7,171.2,150.3,impersonator
1323,164.0,187.0,153.0,170.0,168.0,171.0,171.0,genuine
1254,144.9,154.0,187.6,172.7,162.1,164.4,168.0,impersonator
268,15.2,16.4,17.0,19.1,757.8,18.4,16.1,genuine
450,171.0,171.0,176.0,175.0,171.0,172.0,173.0,genuine
238,164.0,188.0,154.0,170.0,171.0,169.0,170.0,genuine
2603,14.3,20.5,545.9,1469.0,18.2,19.0,18.9,genuine
3790,-5.0,311.1,348.2,164.3,188.0,145.7,160.1,impersonator
3407,164.0,168.0,167.0,166.0,167.0,166.0,168.0,genuine
3707,34.0,33.6,1178.7,615.4,27.299999999999997,-2.3999999999999986,-1.8000000000000007,impersonator
3095,17.4,21.1,18.5,1342.0,420.2,20.5,18.7,genuine
3024,169.0,15.0,143.9,311.8,188.7,178.1,168.2,impersonator
2377,27.200000000000003,1180.6999999999998,39.3,-7.300000000000001,30.4,33.0,-4.4,impersonator
2592,165.0,166.0,169.0,166.0,167.0,165.0,166.0,genuine
877,186.9,180.0,145.3,175.1,185.2,193.9,184.7,impersonator
1566,18.4,1412.7,19.0,16.4,16.0,16.8,17.3,genuine
460,10.0,14.0,1198.4,624.0,42.2,-2.099999999999998,41.1,impersonator
2054,228.9,232.9,233.2,433.3,16.4,233.1,433.6,genuine
70,17.0,1584.9,22.0,16.0,20.3,17.0,18.0,genuine
496,170.0,175.0,174.0,172.0,173.0,171.0,174.0,genuine
2189,19.0,1180.2,207.5,17.2,19.2,19.0,19.3,genuine
4432,61.2,2045.8,15.6,18.6,19.9,20.0,595.9,genuine
592,162.7,158.5,163.0,192.4,171.3,179.6,180.5,impersonator
3835,152.5,168.3,144.3,150.0,163.3,26.0,175.5,impersonator
1243,220.0,236.79999999999998,414.8,37.9,241.7,211.2,422.5,impersonator
1786,181.0,174.0,152.0,170.0,171.0,169.0,171.0,genuine
447,164.0,168.0,167.0,168.0,167.0,169.0,166.0,genuine
3427,228.3,433.2,16.3,233.3,233.2,433.4,16.4,genuine
259,166.0,168.0,168.0,166.0,169.0,167.0,167.0,genuine
4181,208.5,429.8,37.6,211.6,412.1,-4.900000000000002,215.3,impersonator
283,333.0,11.0,182.0,183.0,332.0,17.0,165.0,genuine
689,17.0,17.5,25.0,1381.0,17.8,19.0,18.8,genuine
383,177.8,163.8,170.3,155.7,156.5,155.3,180.7,impersonator
4476,40.9,13.100000000000001,33.1,547.3,5.1,0.7000000000000028,36.7,impersonator
2731,164.0,178.0,158.0,170.0,170.0,168.0,171.0,genuine
1025,169.0,174.0,175.0,173.0,175.0,174.0,175.0,genuine
1068,1231.2,15.3,19.8,16.0,16.5,17.9,17.6,genuine
1950,188.4,157.9,189.7,164.3,151.7,147.8,183.3,impersonator
73,-4.899999999999999,23.6,784.1,36.2,7.4,5.600000000000001,30.6,impersonator
2913,164.0,182.0,158.0,173.0,4.0,165.0,351.0,genuine
4031,16.9,20.0,983.2,630.4,22.9,16.9,20.1,genuine
439,174.3,180.8,153.6,190.7,177.9,170.6,171.0,impersonator
877,169.0,172.0,170.0,171.0,173.0,171.0,167.0,genuine
523,29.799999999999997,6.700000000000003,40.0,85.7,18.8,112.8,945.8,impersonator
290,432.40000000000003,271.8,458.3,252.70000000000002,12.2,232.1,235.8,impersonator
1849,142.5,190.0,167.7,167.5,170.3,157.4,162.6,impersonator
1898,175.6,181.9,149.2,155.3,146.0,181.1,180.3,impersonator
4288,16.0,17.7,1362.4,429.1,16.4,20.0,16.9,genuine
1050,172.0,173.0,173.0,173.0,173.0,172.0,172.0,genuine
246,164.0,167.0,168.0,166.0,168.0,169.0,167.0,genuine
1082,15.3,24.7,1159.6,630.9,20.2,16.1,18.6,genuine
1310,165.0,166.0,166.0,168.0,166.0,168.0,166.0,genuine
4346,29.3,33.1,211.7,200.0,219.6,213.7,416.7,genuine
272,34.1,28.5,1182.7,611.1999999999999,-1.5,10.7,-2.8999999999999986,impersonator
3918,173.1,169.0,166.6,191.5,189.2,175.5,158.0,impersonator
4064,16.2,785.7,16.6,18.1,19.5,53.9,88.5,genuine
969,422.7,10.0,247.10000000000002,214.1,233.3,446.2,33.2,impersonator
1468,191.1,149.9,161.9,175.0,182.3,191.5,163.0,impersonator
3081,181.0,171.0,157.0,170.0,170.0,170.0,12.0,genuine
15,197.29999999999998,214.8,433.90000000000003,229.4,236.7,450.3,3.4999999999999982,impersonator
610,-2.4999999999999982,4.6,33.900000000000006,8.299999999999999,980.3,19.4,17.0,impersonator
3281,925.5,18.0,18.4,17.8,18.3,2251.9,16.8,genuine
3174,165.0,169.0,166.0,166.0,169.0,166.0,167.0,genuine
2249,73.7,39.1,137.20000000000002,50.900000000000006,33.599999999999994,20.5,117.19999999999999,impersonator
55,178.4,162.0,155.4,196.9,183.4,179.1,165.7,impersonator
1259,38.4,12.6,24.6,953.1,3.3000000000000007,18.4,36.3,impersonator
3769,144.1,155.0,186.7,152.8,168.3,156.1,141.5,impersonator
1318,166.0,168.0,167.0,168.0,168.0,168.0,168.0,genuine
1603,14.8,17.1,1372.4,19.5,18.4,19.4,17.6,genuine
3863,28.3,3.9999999999999982,17.1,1165.4,36.7,25.0,27.0,impersonator
1385,148.0,169.2,149.9,8.6,141.0,342.3,161.2,impersonator
2280,166.0,170.0,169.0,171.0,170.0,171.0,164.0,genuine
3550,166.0,186.0,2.0,170.0,13.0,316.0,333.0,genuine
957,239.8,235.5,223.5,212.5,245.6,444.6,23.7,impersonator
3169,193.7,162.4,185.5,161.9,174.9,195.2,176.3,impersonator
1592,164.0,183.0,184.0,170.0,169.0,173.0,172.0,genuine
1777,170.0,174.0,173.0,173.0,172.0,171.0,175.0,genuine
2560,167.0,172.0,170.0,170.0,170.0,172.0,165.0,genuine
2500,167.0,171.0,170.0,173.0,172.0,172.0,164.0,genuine
4318,16.3,16.7,17.8,17.6,17.5,71.0,21.3,genuine
4072,-0.6999999999999993,424.6,32.3,257.4,231.2,246.6,211.0,impersonator
1437,158.7,169.3,156.5,187.7,162.5,190.6,158.6,impersonator
2293,164.0,168.0,166.0,167.0,167.0,169.0,169.0,genuine
1519,172.0,171.0,174.0,172.0,175.0,173.0,175.0,genuine
1408,427.29999999999995,-6.700000000000001,210.5,245.79999999999998,256.2,-1.8999999999999986,218.0,impersonator
3369,36.7,17.1,1157.1,411.1,5.199999999999999,27.3,4.0,impersonator
3547,173.0,171.0,174.0,174.0,172.0,175.0,172.0,genuine
1199,171.0,175.0,174.0,173.0,174.0,172.0,173.0,genuine
2631,157.6,152.1,158.1,19.5,183.7,3.8,313.8,impersonator
3238,191.7,215.6,416.8,15.5,216.7,199.8,216.2,genuine
2876,179.8,171.0,188.5,163.0,168.7,158.0,153.6,impersonator
1004,49.900000000000006,45.5,68.30000000000001,110.30000000000001,37.5,79.0,1815.0,impersonator
3231,225.4,233.6,449.8,16.6,232.8,232.9,450.0,genuine
4384,180.0,170.0,157.0,170.0,172.0,171.0,10.0,genuine
3208,30.3,-4.000000000000002,0.6999999999999993,8.2,28.099999999999998,40.4,30.299999999999997,impersonator
1076,20.0,22.9,1576.3,18.2,23.3,20.0,21.2,genuine
3423,184.5,194.8,172.9,176.2,157.0,30.6,177.5,impersonator
2520,230.5,16.1,235.5,400.0,233.1,233.1,451.1,genuine
1717,37.0,7.300000000000001,1386.6000000000001,34.1,-0.6000000000000014,38.3,14.7,impersonator
3787,430.9,11.1,231.7,233.0,433.5,16.5,233.2,genuine
3419,328.0,8.0,325.0,335.0,167.0,168.0,166.0,genuine
3179,229.1,233.0,233.1,433.2,16.8,233.1,433.4,genuine
2472,14.4,16.7,1593.7,16.5,16.1,17.1,17.2,genuine
4268,13.1,16.2,965.6,203.2,12.1,29.799999999999997,33.6,impersonator
883,16.8,87.9,17.7,1456.8,19.3,22.1,19.3,genuine
1958,170.0,172.0,174.0,174.0,174.0,174.0,173.0,genuine
2937,13.1,12.7,229.1,199.0,217.4,416.9,450.3,genuine
4161,186.0,148.1,155.6,170.2,166.9,168.5,142.3,impersonator
2406,5.5,-2.8999999999999986,145.7,27.2,59.6,71.9,55.6,impersonator
2976,160.8,145.9,177.4,146.4,169.9,165.1,184.8,impersonator
3368,151.7,188.8,184.0,180.8,182.5,177.4,183.5,impersonator
2250,188.0,198.1,146.7,163.1,147.4,166.3,170.2,impersonator
3722,5.1,212.0,209.0,229.6,436.59999999999997,35.6,235.5,impersonator
2128,188.0,161.6,188.1,170.3,160.4,181.6,190.4,impersonator
4419,196.70000000000002,203.9,434.2,223.60000000000002,408.90000000000003,17.8,239.1,impersonator
1342,13.400000000000002,9.200000000000001,554.0,823.8,30.7,2.3000000000000007,-2.8999999999999986,impersonator
3302,224.0,24.9,233.6,206.2,216.5,240.1,222.9,impersonator
3508,229.7,448.2,16.8,232.7,233.2,433.4,16.9,genuine
3373,170.0,175.0,172.0,173.0,172.0,174.0,175.0,genuine
4400,147.3,184.3,-11.8,166.6,354.2,152.0,171.6,impersonator
4383,169.0,173.0,174.0,173.0,174.0,173.0,174.0,genuine
1362,230.6,433.2,16.3,233.1,233.3,433.4,17.1,genuine
2436,166.9,149.7,177.7,173.4,179.7,160.0,171.3,impersonator
1086,142.0,155.8,142.7,141.4,172.3,157.2,169.7,impersonator
849,13.4,232.0,233.0,233.2,433.5,16.5,233.4,genuine
1104,16.9,20.1,14.4,968.2,626.2,20.4,16.7,genuine
3004,110.80000000000001,213.29999999999998,-1.1000000000000014,37.2,133.8,22.3,2535.0,impersonator
3315,154.7,158.1,184.9,174.9,188.8,193.1,195.0,impersonator
3796,17.5,16.2,1008.1,22.2,16.4,17.2,18.7,genuine
3731,192.6,417.1,233.2,450.8,15.4,232.5,450.6,genuine
2748,163.0,187.0,156.0,172.0,169.0,169.0,14.0,genuine
1452,164.0,180.0,157.0,171.0,172.0,169.0,170.0,genuine
1974,161.2,192.6,145.3,190.4,142.9,159.0,182.3,impersonator
4235,163.0,176.0,158.0,171.0,171.0,8.0,166.0,genuine
3830,168.0,11.0,156.0,332.0,168.0,167.0,8.0,genuine
3576,8.4,-4.300000000000001,1166.9,11.799999999999999,27.799999999999997,10.7,7.599999999999998,impersonator
3508,208.6,431.4,40.900000000000006,213.1,230.2,435.0,2.099999999999998,impersonator
411,5.0,1686.1,19.1,15.1,1018.8,20.8,19.8,genuine
845,18.8,21.1,105.2,1267.6,21.4,21.9,21.4,genuine
539,153.1,143.6,164.4,174.3,153.0,188.3,154.4,impersonator
2084,184.7,201.3,175.7,155.8,169.1,30.6,164.6,impersonator
3567,16.7,77.0,53.6,33.7,23.8,96.0,77.1,genuine
207,190.7,147.2,185.8,159.1,176.2,151.9,185.4,impersonator
4213,-2.0999999999999996,250.6,248.2,444.0,0.29999999999999716,232.4,235.6,impersonator
3610,1.4000000000000004,6.1000000000000005,29.9,1777.1,33.5,32.2,-1.8000000000000007,impersonator
628,164.0,188.0,153.0,171.0,170.0,169.0,170.0,genuine
4134,831.6,10.8,30.8,1861.6,22.3,25.900000000000002,43.0,impersonator
3355,3.0,15.1,966.8,837.1,30.4,-4.599999999999998,3.5999999999999996,impersonator
2894,25.2,-19.7,18.0,11.7,61.9,1373.2,9.5,impersonator
3911,229.6,232.4,16.4,216.3,199.9,433.1,16.4,genuine
2392,-6.899999999999999,25.7,17.1,29.5,974.3,-2.8000000000000007,26.3,impersonator
447,147.0,172.9,152.1,150.7,167.5,186.5,161.5,impersonator
1049,164.0,231.0,127.0,161.0,187.0,176.0,172.0,genuine
2974,233.0,229.1,233.4,433.3,16.6,233.2,233.3,genuine
3824,16.5,19.5,18.8,20.0,1150.2,18.4,19.5,genuine
1379,11.4,1596.0,16.4,433.3,16.5,16.2,16.5,genuine
3753,239.7,439.8,23.1,232.1,222.5,445.0,7.9,impersonator
3549,165.0,168.0,167.0,168.0,167.0,168.0,167.0,genuine
3364,252.8,226.20000000000002,226.29999999999998,207.1,255.0,226.1,19.4,impersonator
322,167.5,191.6,141.0,172.5,177.2,180.0,191.8,impersonator
3862,7.699999999999999,12.099999999999998,780.6,635.3,-4.099999999999998,-1.8000000000000007,-6.899999999999999,impersonator
4475,35.3,-10.600000000000001,209.0,208.7,176.4,225.1,210.5,impersonator
2967,188.6,158.6,146.9,165.0,182.0,171.8,154.8,impersonator
3230,165.0,168.0,167.0,167.0,168.0,168.0,168.0,genuine
3322,218.4,389.6,241.10000000000002,412.29999999999995,15.999999999999998,243.3,218.60000000000002,impersonator
2502,166.0,12.0,155.0,331.0,167.0,166.0,12.0,genuine
2150,15.1,434.4,11.9,15.5,216.3,216.6,200.0,genuine
2142,18.8,36.099999999999994,34.7,382.40000000000003,30.700000000000003,13.4,11.700000000000001,impersonator
589,19.2,21.2,19.5,958.5,21.1,19.9,20.8,genuine
1084,165.0,167.0,167.0,3.0,165.0,3.0,330.0,genuine
2379,409.20000000000005,35.1,246.4,234.60000000000002,254.0,228.8,247.0,impersonator
2526,19.5,20.3,128.9,1478.0,14.0,15.5,16.6,genuine
1175,161.1,173.2,189.6,29.9,140.1,344.2,163.0,impersonator
3070,163.6,167.8,184.6,153.2,152.3,169.0,175.0,impersonator
4311,182.2,160.9,148.9,149.1,165.1,186.2,155.7,impersonator
3936,153.4,149.7,184.3,183.2,166.3,152.1,186.2,impersonator
3354,15.4,230.7,230.9,16.0,216.5,416.6,233.2,genuine
1675,3.6000000000000014,17.3,962.0,827.3000000000001,43.900000000000006,11.4,-2.1999999999999993,impersonator
1944,172.0,175.0,173.0,172.0,173.0,173.0,173.0,genuine
3942,164.0,168.0,167.0,167.0,168.0,167.0,168.0,genuine
1017,848.8,1461.5,31.1,37.3,40.900000000000006,39.7,4.0,impersonator
2847,16.3,20.4,19.7,391.8,20.1,19.5,22.0,genuine
2656,33.1,9.400000000000002,1796.6000000000001,208.6,8.3,18.799999999999997,8.1,impersonator
1833,14.1,16.1,63.3,90.9,68.1,92.2,899.1,genuine
4115,-1.0,7.5,964.9,-7.900000000000002,5.699999999999999,-5.599999999999998,5.600000000000001,impersonator
144,765.0999999999999,609.5,39.4,-4.900000000000002,7.300000000000001,15.7,12.5,impersonator
3545,18.3,25.799999999999997,22.4,779.8,42.2,27.8,33.2,impersonator
1181,31.1,453.0,44.1,251.7,248.4,470.9,45.8,genuine
1138,1.4000000000000004,181.9,18.7,299.5,326.3,164.3,184.4,impersonator
1534,5.6,5.8,247.79999999999998,194.7,222.5,192.29999999999998,191.5,impersonator
413,38.9,-3.299999999999997,755.1,17.3,629.9,9.2,27.1,impersonator
670,0.9000000000000021,38.900000000000006,773.9,610.6999999999999,33.2,31.3,418.6,impersonator
829,165.0,169.0,168.0,165.0,167.0,168.0,168.0,genuine
2905,13.7,234.0,229.4,232.8,233.0,200.0,233.0,genuine
1127,168.0,172.0,206.0,137.0,170.0,170.0,166.0,genuine
1812,168.0,172.0,168.0,173.0,170.0,172.0,164.0,genuine
14,17.2,13.6,214.0,215.6,199.1,216.4,417.2,genuine
1582,13.5,230.9,228.8,216.9,234.5,232.1,15.6,genuine
3232,44.4,50.1,12.4,92.3,127.6,64.2,97.9,genuine
1621,16.7,25.3,781.1,421.0,18.3,21.0,19.7,genuine
2795,170.0,173.0,174.0,173.0,174.0,188.0,158.0,genuine
329,11.8,1024.9,45.1,20.099999999999998,21.900000000000002,20.2,22.7,impersonator
4021,164.0,168.0,165.0,165.0,165.0,166.0,169.0,genuine
152,164.0,181.0,153.0,171.0,11.0,166.0,333.0,genuine
2531,19.4,18.1,15.5,620.7,13.8,18.6,18.2,genuine
778,192.5,150.1,156.3,155.3,154.9,190.9,190.0,impersonator
2672,1.3000000000000007,235.89999999999998,210.5,221.60000000000002,250.29999999999998,213.20000000000002,456.7,impersonator
4158,-6.1,-0.9000000000000021,31.5,1387.8,-5.0,0.1999999999999993,10.7,impersonator
343,166.0,168.0,168.0,166.0,168.0,168.0,166.0,genuine
4416,16.9,19.8,130.9,1050.7,18.8,21.7,1012.0,genuine
860,0.5999999999999996,1.0999999999999996,328.2,1054.9,19.599999999999998,605.3,2.9000000000000004,impersonator
4150,181.0,169.0,159.0,171.0,171.0,169.0,10.0,genuine
2581,167.0,171.0,171.0,170.0,169.0,169.0,168.0,genuine
4340,-2.0,303.0,323.7,150.7,176.5,178.0,177.4,impersonator
4450,175.2,150.4,187.8,170.4,146.7,175.6,154.9,impersonator
843,10.100000000000001,1168.3999999999999,644.4,16.8,-5.0,15.9,22.2,impersonator
3651,186.4,194.1,154.6,181.9,189.5,160.5,186.9,impersonator
555,14.6,28.0,531.1999999999999,1041.5,-1.7000000000000028,13.799999999999999,25.6,impersonator
1443,190.9,174.6,151.8,155.8,189.2,194.8,185.2,impersonator
1897,254.7,217.2,241.2,214.0,235.2,215.79999999999998,432.20000000000005,impersonator
2873,77.7,56.1,58.199999999999996,173.3,75.8,90.9,109.7,impersonator
3299,593.0,1479.3,19.3,19.6,21.2,24.9,81.9,genuine
894,188.4,173.1,162.3,167.8,179.7,191.8,185.2,impersonator
3932,218.1,422.8,0.8000000000000007,238.9,232.5,415.7,28.9,impersonator
424,-3.299999999999999,-1.5,992.5999999999999,615.7,11.5,11.299999999999999,10.799999999999999,impersonator
2923,154.2,183.3,189.8,25.0,176.2,347.1,191.6,impersonator
449,177.6,165.0,198.5,182.7,196.8,153.5,160.3,impersonator
3960,164.0,168.0,168.0,166.0,166.0,168.0,169.0,genuine
3429,9.3,33.9,950.8,629.7,16.400000000000002,12.700000000000001,39.4,impersonator
3203,193.2,182.9,153.3,160.8,197.6,166.7,166.8,impersonator
708,21.3,125.9,89.0,656.0999999999999,-6.199999999999999,18.200000000000003,-4.699999999999999,impersonator
2122,148.4,164.4,176.6,166.3,191.1,189.3,165.7,impersonator
3028,189.1,166.3,172.0,150.9,182.3,161.1,158.2,impersonator
3290,223.0,423.9,255.79999999999998,14.4,240.3,176.3,449.4,impersonator
4423,207.1,248.20000000000002,230.20000000000002,411.4,4.900000000000002,221.39999999999998,223.10000000000002,impersonator
1512,1344.7,18.3,16.6,17.3,17.7,18.3,17.6,genuine
3306,190.5,194.9,137.9,172.3,187.4,194.3,153.1,impersonator
161,34.8,212.0,213.0,467.0,-6.199999999999999,217.6,238.5,impersonator
2554,168.1,177.3,187.3,184.8,158.8,174.6,162.1,impersonator
719,162.3,163.2,181.7,140.6,142.8,153.3,154.2,impersonator
4425,19.3,18.1,19.4,969.7,20.2,21.5,21.0,genuine
2857,14.0,131.7,16.3,1669.0,16.1,17.9,16.3,genuine
1080,196.6,215.6,417.2,433.4,15.2,234.2,232.6,genuine
1123,14.3,12.0,650.7,29.0,233.8,231.1,450.4,genuine
3164,173.0,148.2,152.0,166.7,185.5,192.4,161.9,impersonator
1352,12.4,15.6,1163.4,16.7,17.5,17.6,20.3,genuine
319,165.0,170.0,165.0,167.0,168.0,166.0,167.0,genuine
1598,35.2,27.8,958.6999999999999,655.1999999999999,32.9,34.9,20.2,impersonator
2913,157.2,176.4,161.2,182.6,-10.2,165.2,342.9,impersonator
772,165.0,167.0,166.0,167.0,167.0,169.0,167.0,genuine
619,1.0999999999999979,2.5999999999999996,-0.8999999999999986,8.000000000000002,1186.6,-2.400000000000002,41.9,impersonator
3763,172.0,174.0,174.0,172.0,172.0,174.0,175.0,genuine
4063,166.3,196.2,138.7,163.4,184.5,150.5,187.2,impersonator
1415,25.4,16.3,21.5,816.2,16.9,15.7,17.5,genuine
3833,-6.000000000000002,255.9,210.89999999999998,422.3,39.599999999999994,230.79999999999998,236.4,impersonator
2046,163.0,169.0,167.0,165.0,168.0,168.0,168.0,genuine
3961,233.6,228.7,433.7,16.0,233.4,232.9,232.8,genuine
3214,5.1,3.5,32.2,28.799999999999997,66.30000000000001,58.599999999999994,81.1,impersonator
1641,444.9,31.8,233.5,31.0,199.8,218.0,616.4,genuine
4009,185.5,195.9,161.5,151.0,187.6,161.6,168.4,impersonator
710,16.1,14.2,10.4,429.7,216.2,417.9,232.6,genuine
3595,624.1,214.0,16.5,16.0,16.9,16.8,16.7,genuine
3873,13.6,227.6,233.2,449.2,32.2,451.0,15.8,genuine
2750,19.8,20.2,216.4,198.7,217.7,216.3,619.2,genuine
2613,146.6,183.3,190.2,194.7,155.1,154.0,172.4,impersonator
1200,1438.3,22.0,226.0,18.5,20.5,16.4,16.4,genuine
2859,163.0,166.0,168.0,165.0,167.0,166.0,164.0,genuine
3433,169.0,171.0,174.0,173.0,173.0,175.0,174.0,genuine
1645,222.79999999999998,459.5,9.0,237.1,236.39999999999998,425.40000000000003,31.200000000000003,impersonator
3463,75.6,379.40000000000003,17.7,34.0,55.9,66.9,2658.9,impersonator
1542,187.6,175.7,160.7,161.7,158.5,163.5,159.5,impersonator
2406,16.2,19.1,125.3,18.4,57.6,87.9,44.7,genuine
3285,194.6,432.5,232.6,231.9,234.1,232.6,451.3,genuine
1186,15.4,1382.6,17.8,20.2,20.2,23.5,16.3,genuine
3884,31.1,18.7,985.1999999999999,194.70000000000002,15.900000000000002,22.5,10.999999999999998,impersonator
3512,25.299999999999997,17.299999999999997,1031.6000000000001,36.0,30.299999999999997,9.2,2296.3,impersonator
4350,165.0,169.0,167.0,167.0,169.0,165.0,168.0,genuine
844,219.3,241.9,27.7,208.9,592.5,30.9,244.6,impersonator
1697,38.0,1325.0,1700.5,10.3,40.6,23.5,41.699999999999996,impersonator
952,187.4,174.8,190.0,185.0,191.5,154.2,194.7,impersonator
1057,5.299999999999999,61.8,760.4,848.3000000000001,22.7,22.0,22.5,impersonator
2478,200.5,211.2,416.2,233.3,16.4,216.5,200.0,genuine
3916,229.1,433.1,16.5,233.1,433.4,16.6,233.2,genuine
3605,13.2,17.3,784.0,16.7,17.1,19.4,16.6,genuine
7,171.0,187.0,153.0,171.0,170.0,169.0,169.0,genuine
3849,14.7,230.6,232.0,433.4,15.6,233.2,233.2,genuine
3962,17.4,20.8,1578.9,17.6,21.2,20.8,20.9,genuine
1563,143.0,152.3,162.8,177.8,194.1,180.7,149.8,impersonator
4499,163.0,173.0,160.0,171.0,168.0,11.0,167.0,genuine
4014,4.0,240.4,248.10000000000002,454.8,28.4,240.29999999999998,219.6,impersonator
2044,18.1,19.4,1600.9,16.4,21.2,21.5,19.5,genuine
1188,16.5,3.4,17.0,418.9,215.4,216.7,199.7,genuine
3640,172.0,174.0,172.0,174.0,172.0,175.0,172.0,genuine
2866,165.0,167.0,168.0,168.0,168.0,166.0,166.0,genuine
716,41.4,240.70000000000002,23.4,225.79999999999998,239.4,427.6,437.79999999999995,impersonator
654,15.0,207.1,256.5,220.5,465.3,0.0,209.4,impersonator
878,16.4,54.9,45.2,1270.2,17.4,18.6,18.2,genuine
2695,15.7,1.5,15.0,23.1,15.3,1216.6,18.5,genuine
469,17.6,19.5,971.6,640.8,24.8,22.3,19.9,genuine
4251,15.7,234.1,227.5,233.3,432.9,16.1,234.0,genuine
3877,13.8,432.2,14.4,233.0,233.0,433.5,16.5,genuine
206,164.0,169.0,167.0,167.0,168.0,166.0,167.0,genuine
4077,182.4,172.6,187.8,153.2,185.4,150.7,174.8,impersonator
732,155.0,158.8,131.1,183.2,-5.300000000000001,143.6,369.4,impersonator
3758,26.5,20.5,809.3,626.5999999999999,18.1,14.700000000000001,29.3,impersonator
2473,170.0,174.0,174.0,175.0,173.0,172.0,172.0,genuine
4411,164.0,189.0,156.0,169.0,171.0,168.0,13.0,genuine
1677,163.0,180.0,154.0,170.0,169.0,11.0,166.0,genuine
746,15.3,20.6,16.6,945.3,17.7,20.0,17.3,genuine
3571,167.0,173.0,171.0,171.0,173.0,169.0,166.0,genuine
1583,28.8,21.4,232.4,194.9,216.79999999999998,221.1,437.3,impersonator
2197,16.8,17.2,561.2,840.5,19.5,18.8,20.5,genuine
4254,166.0,188.0,1.0,171.0,13.0,316.0,334.0,genuine
1649,400.0,238.7,457.3,23.1,209.39999999999998,230.4,449.9,impersonator
1864,15.600000000000001,27.3,1341.2,642.5,17.6,27.1,8.899999999999999,impersonator
3216,184.3,169.9,146.6,163.9,155.0,190.9,156.3,impersonator
3591,50.699999999999996,1320.7,195.4,21.400000000000002,26.8,-0.1999999999999993,39.2,impersonator
4043,164.0,166.0,168.0,166.0,166.0,168.0,167.0,genuine
1857,41.5,12.8,-1.799999999999999,983.5,404.6,13.5,21.2,impersonator
3112,165.3,172.9,152.0,168.7,192.4,180.6,148.9,impersonator
3212,30.9,200.1,210.5,215.6,392.5,225.3,232.3,genuine
3151,171.0,172.0,175.0,173.0,175.0,174.0,174.0,genuine
1983,7.400000000000002,17.0,972.7,615.4,-0.09999999999999787,-3.6999999999999993,0.3000000000000007,impersonator
2253,171.0,175.0,175.0,172.0,174.0,173.0,173.0,genuine
3152,161.3,172.9,159.3,149.5,159.3,154.5,186.3,impersonator
3233,16.9,18.5,18.5,18.5,67.0,28.0,56.3,genuine
1653,158.4,188.6,156.3,187.4,194.2,188.4,156.2,impersonator
2988,345.1,27.6,319.4,335.0,161.3,160.1,159.6,impersonator
3748,177.2,167.4,170.2,154.0,186.5,173.1,151.2,impersonator
226,186.4,171.7,181.3,188.0,164.4,188.1,192.9,impersonator
1551,230.7,432.7,16.8,232.9,233.1,433.5,16.2,genuine
1959,181.1,181.8,195.6,184.0,151.8,159.3,156.7,impersonator
2825,415.0,231.5,14.6,216.2,416.9,433.3,16.4,genuine
1977,15.7,21.0,1243.6,22.1,15.4,19.4,22.2,genuine
2802,173.0,172.0,172.0,175.0,172.0,173.0,175.0,genuine
1101,13.9,18.3,745.7,838.8,18.9,19.3,18.4,genuine
1839,205.4,162.8,164.0,177.0,187.4,176.1,191.9,impersonator
3282,186.8,152.9,173.9,189.0,189.5,170.2,181.1,impersonator
1095,14.4,19.1,399.1,421.9,16.9,19.5,19.2,genuine
3431,238.1,239.79999999999998,469.7,10.200000000000001,256.59999999999997,219.9,249.9,impersonator
1319,14.0,1203.0,17.3,15.2,16.2,16.5,16.8,genuine
2382,231.5,430.4,16.8,231.7,233.3,433.4,16.5,genuine
1436,47.2,2105.8,7.4,435.7,16.7,17.8,17.8,genuine
424,14.1,18.1,975.8,631.0,19.2,15.7,17.9,genuine
4263,173.8,173.2,165.4,193.1,158.2,174.9,144.3,impersonator
2646,155.1,142.1,178.6,21.9,167.0,338.7,170.5,impersonator
1064,190.8,167.4,181.7,182.6,173.9,198.3,159.1,impersonator
438,166.0,187.0,4.0,167.0,333.0,166.0,167.0,genuine
65,-2.6999999999999993,30.1,116.10000000000001,39.1,42.9,30.8,2015.2,impersonator
555,18.7,19.5,540.3,1048.4,22.4,19.4,20.6,genuine
1968,167.0,167.0,168.0,166.0,167.0,169.0,168.0,genuine
1672,-5.799999999999999,53.5,1327.7,396.4,28.6,4.799999999999999,618.1999999999999,impersonator
153,16.6,19.2,781.6,208.6,18.6,18.2,819.8,genuine
1147,183.3,188.8,142.4,171.8,150.8,158.4,180.4,impersonator
4071,20.6,16.8,11.7,18.0,563.6,17.2,17.4,genuine
3405,34.9,6.799999999999999,25.0,1169.4,-0.09999999999999787,31.4,10.500000000000002,impersonator
2652,211.8,427.7,23.4,209.9,247.4,435.2,51.8,impersonator
1948,178.5,180.2,181.4,148.0,158.4,187.2,167.0,impersonator
1307,19.8,17.9,3.0,977.8,14.4,6.899999999999999,43.8,impersonator
731,4.800000000000001,11.100000000000001,-6.399999999999999,-1.1000000000000014,8.399999999999999,58.8,41.599999999999994,impersonator
3680,167.0,171.0,169.0,168.0,168.0,168.0,169.0,genuine
1216,179.2,203.5,406.5,451.8,29.9,415.6,18.299999999999997,impersonator
4088,13.6,209.3,254.0,440.29999999999995,2.1000000000000014,214.9,222.5,impersonator
911,6.999999999999998,25.8,66.4,73.9,1680.4,-0.9000000000000021,9.700000000000001,impersonator
3326,424.8,-2.5,218.4,238.2,457.3,-3.8000000000000007,231.5,impersonator
2291,623.0,35.3,16.900000000000002,42.099999999999994,32.7,25.799999999999997,53.5,impersonator
2081,11.9,1366.3,17.3,17.8,18.0,18.7,16.8,genuine
1912,164.0,186.0,157.0,171.0,168.0,170.0,168.0,genuine
3363,444.5,30.9,231.1,233.1,450.1,16.5,232.0,genuine
672,157.8,159.1,162.5,156.5,191.3,193.5,145.6,impersonator
274,168.0,173.0,171.0,173.0,171.0,170.0,166.0,genuine
202,186.0,191.4,145.2,179.3,178.9,23.5,174.9,impersonator
4489,229.3,232.6,233.1,433.2,16.8,232.8,433.3,genuine
3341,169.0,170.0,169.0,170.0,172.0,171.0,166.0,genuine
1882,46.900000000000006,16.5,18.799999999999997,401.3,617.0,18.1,37.7,impersonator
1953,4.700000000000001,580.0,398.6,4.799999999999999,9.6,2.5000000000000018,13.8,impersonator
1372,170.0,173.0,175.0,173.0,172.0,173.0,171.0,genuine
517,230.7,249.0,450.2,32.6,233.8,450.1,232.9,genuine
2700,19.4,17.0,18.5,744.6,838.3,20.6,22.3,genuine
2583,12.4,16.6,17.7,16.6,37.8,36.5,67.7,genuine
3772,0.3000000000000007,13.399999999999999,0.7999999999999972,1188.3,14.1,5.4,38.099999999999994,impersonator
3006,172.0,173.0,174.0,173.0,171.0,172.0,172.0,genuine
3968,247.6,458.5,7.9,36.099999999999994,224.7,180.3,227.89999999999998,impersonator
3955,16.7,16.2,977.0,631.5,18.0,16.2,19.9,genuine
3544,145.6,163.1,192.3,166.4,189.4,153.8,185.4,impersonator
1654,164.0,170.0,158.0,169.0,168.0,16.0,168.0,genuine
464,172.0,172.0,173.0,173.0,173.0,174.0,174.0,genuine
1856,201.8,19.7,138.6,351.5,164.0,164.7,149.7,impersonator
1519,160.6,177.5,166.7,163.6,160.6,186.0,185.3,impersonator
3742,220.89999999999998,173.9,227.7,417.90000000000003,227.6,451.3,-5.599999999999998,impersonator
876,172.0,172.0,176.0,173.0,172.0,175.0,172.0,genuine
792,177.0,162.2,160.2,158.2,202.6,182.0,159.6,impersonator
3542,191.3,415.4,233.4,233.1,433.7,16.5,233.1,genuine
4,12.299999999999999,644.4,19.0,2079.7,-1.0,5.600000000000001,16.8,impersonator
3766,233.0,216.79999999999998,467.5,29.200000000000003,235.29999999999998,429.8,9.399999999999999,impersonator
3673,412.4,232.8,433.6,16.9,15.6,417.3,15.4,genuine
2133,172.0,173.0,176.0,171.0,173.0,173.0,172.0,genuine
1324,170.0,174.0,174.0,172.0,173.0,173.0,175.0,genuine
4412,177.9,148.3,163.8,163.8,147.1,147.4,189.6,impersonator
4001,56.4,926.6,1.6000000000000014,28.6,7.999999999999998,28.2,91.6,impersonator
1393,172.0,173.0,174.0,174.0,173.0,172.0,172.0,genuine
1210,166.0,172.0,170.0,171.0,171.0,173.0,166.0,genuine
2363,155.6,188.8,164.9,147.3,149.2,148.5,191.6,impersonator
3079,165.0,188.0,158.0,171.0,183.0,166.0,167.0,genuine
3313,10.4,39.3,767.1999999999999,412.59999999999997,24.4,451.90000000000003,5.4,impersonator
4075,16.7,18.9,978.2,631.3,21.9,16.6,19.4,genuine
3558,12.7,28.6,116.8,63.9,90.2,51.4,27.8,genuine
1896,164.8,153.4,182.6,142.5,191.9,177.3,169.7,impersonator
2932,155.3,173.7,153.4,194.4,173.0,156.7,185.0,impersonator
435,-4.300000000000001,227.3,220.3,431.2,234.39999999999998,438.5,15.600000000000001,impersonator
114,164.0,166.0,169.0,167.0,166.0,167.0,167.0,genuine
901,163.0,217.0,134.0,166.0,167.0,183.0,166.0,genuine
2563,166.0,168.0,167.0,165.0,166.0,167.0,167.0,genuine
4128,216.9,195.5,433.4,233.0,433.5,16.2,233.3,genuine
247,13.9,23.4,970.4,632.0,23.1,18.8,21.6,genuine
533,18.6,20.0,37.7,1133.2,18.4,19.8,19.5,genuine
2434,20.6,37.3,735.4,1474.1,18.0,18.1,17.6,genuine
3715,167.0,171.0,169.0,170.0,174.0,169.0,167.0,genuine
2544,424.0,32.099999999999994,216.79999999999998,255.5,241.6,254.29999999999998,396.2,impersonator
2251,448.4,27.3,233.7,232.5,450.4,17.3,233.1,genuine
262,38.8,-0.5,19.400000000000002,26.8,948.4,28.2,2.8000000000000007,impersonator
1526,19.7,21.1,1138.9,13.3,19.7,19.3,20.7,genuine
3356,169.0,172.0,212.0,139.0,162.0,169.0,167.0,genuine
397,202.1,415.09999999999997,242.4,453.7,-7.800000000000001,209.6,243.6,impersonator
3681,5.9,242.79999999999998,250.6,211.2,215.5,475.09999999999997,27.7,impersonator
2291,630.9,16.6,16.8,17.9,17.0,17.4,54.2,genuine
3750,209.2,219.39999999999998,429.29999999999995,213.0,213.70000000000002,220.20000000000002,415.0,impersonator
2470,141.6,163.6,184.4,145.3,178.6,186.3,187.1,impersonator
3507,229.3,230.3,449.5,32.0,232.7,234.9,231.2,genuine
1512,1353.0,8.100000000000001,39.400000000000006,25.4,2.0999999999999996,28.1,19.0,impersonator
1886,15.0,164.4,346.7,170.0,190.5,161.5,190.4,impersonator
1195,28.5,120.0,48.7,120.1,59.5,95.4,35.8,genuine
581,67.3,769.3,18.4,18.5,18.7,66.4,2447.6,genuine
4123,226.8,217.7,232.1,233.1,16.0,215.5,634.3,genuine
1220,987.9,207.2,18.4,20.1,20.0,20.1,20.7,genuine
473,224.4,392.1,-5.5,251.39999999999998,418.0,8.0,437.09999999999997,impersonator
4316,169.0,174.0,174.0,173.0,174.0,173.0,174.0,genuine
3001,147.3,151.5,176.1,194.5,160.2,158.2,160.2,impersonator
2156,400.6,-6.5,235.20000000000002,184.6,229.1,436.1,244.8,impersonator
4403,1092.6,15.8,17.5,17.1,2072.2,20.4,41.2,genuine
1649,412.2,232.0,449.6,31.5,233.7,233.5,450.4,genuine
1012,166.0,168.0,167.0,168.0,166.0,167.0,166.0,genuine
1346,164.0,183.0,153.0,171.0,9.0,167.0,333.0,genuine
553,159.6,148.1,165.9,151.6,160.0,172.1,167.2,impersonator
4104,48.8,53.4,139.3,9.0,64.8,84.7,61.49999999999999,impersonator
898,989.5,1476.9,23.5,28.3,28.1,94.6,69.6,impersonator
1033,163.0,166.0,165.0,166.0,164.0,167.0,164.0,genuine
2065,14.5,16.2,17.8,15.9,1167.3,15.5,18.3,genuine
1925,186.4,148.9,139.4,173.3,183.2,206.5,141.2,impersonator
1437,165.0,166.0,168.0,166.0,164.0,167.0,165.0,genuine
151,20.2,17.8,20.1,730.3,19.9,19.7,19.9,genuine
3915,236.79999999999998,189.8,217.3,632.2,30.700000000000003,226.1,408.7,impersonator
186,18.4,-8.1,1177.9,408.0,15.7,30.8,1.4000000000000004,impersonator
695,-12.0,29.400000000000002,235.6,199.10000000000002,191.8,425.6,220.2,impersonator
3013,227.5,450.5,14.5,233.2,467.2,27.8,225.4,genuine
465,188.0,149.5,179.4,165.6,152.2,163.3,162.6,impersonator
1459,226.70000000000002,240.20000000000002,224.8,232.4,399.6,250.2,448.3,impersonator
528,605.0,407.5,15.9,17.7,18.0,17.9,18.0,genuine
1543,21.9,14.9,773.0,422.5,16.8,20.7,18.3,genuine
4063,180.0,176.0,155.0,170.0,171.0,172.0,171.0,genuine
1053,170.0,173.0,174.0,172.0,174.0,171.0,172.0,genuine
3261,226.5,249.0,437.0,48.7,211.4,251.3,443.2,impersonator
220,156.7,164.7,166.7,168.9,184.3,166.9,173.8,impersonator
4227,190.9,12.6,136.1,326.1,162.8,152.4,162.8,impersonator
2317,22.3,1696.2,22.7,15.5,422.9,15.7,19.2,genuine
2322,17.5,15.3,210.0,208.6,17.5,18.5,20.6,genuine
896,420.5,221.5,431.3,4.199999999999999,224.29999999999998,233.60000000000002,236.8,impersonator
2405,170.0,174.0,174.0,174.0,173.0,171.0,174.0,genuine
2442,6.799999999999999,33.9,1004.8,616.7,35.3,33.7,25.6,impersonator
1798,172.3,177.9,146.4,182.4,144.5,182.6,179.2,impersonator
2974,222.9,232.79999999999998,257.0,424.6,41.5,247.2,223.20000000000002,impersonator
281,146.5,182.6,188.3,7.7,133.6,316.0,161.6,impersonator
4329,17.0,23.700000000000003,787.5,439.3,32.4,9.299999999999999,39.3,impersonator
2549,10.1,172.8,305.2,154.0,183.2,-5.100000000000001,164.0,impersonator
2003,17.2,19.9,18.5,963.0,19.7,19.2,1021.1,genuine
2112,170.0,173.0,173.0,173.0,171.0,175.0,174.0,genuine
3088,24.3,30.200000000000003,50.5,1318.3999999999999,28.2,1.3000000000000007,2.1999999999999993,impersonator
1553,20.8,46.0,988.3,433.5,7.200000000000001,4.699999999999999,6.700000000000001,impersonator
1031,165.3,165.8,155.3,158.9,171.8,-2.8000000000000007,168.6,impersonator
3583,171.0,174.0,173.0,173.0,174.0,172.0,174.0,genuine
1208,760.9,1476.5,18.3,19.3,49.7,32.0,107.9,genuine
2566,166.0,187.0,155.0,169.0,169.0,169.0,171.0,genuine
826,1179.3,18.6,18.3,393.8,18.2,19.0,19.0,genuine
483,434.8,13.4,230.0,233.1,433.5,16.7,433.5,genuine
2148,173.0,172.0,174.0,171.0,175.0,173.0,173.0,genuine
2111,394.6,232.8,233.8,449.3,15.6,233.9,233.7,genuine
903,166.0,168.0,169.0,166.0,167.0,169.0,166.0,genuine
822,179.4,196.2,197.9,195.7,154.0,164.4,178.4,impersonator
2547,229.9,233.2,233.0,433.5,16.4,233.1,233.5,genuine
3500,168.9,152.8,147.0,148.2,181.7,179.4,162.6,impersonator
1032,144.9,170.5,178.1,183.7,190.1,159.5,173.4,impersonator
4368,187.6,161.4,175.2,163.2,217.8,134.7,145.9,impersonator
2930,13.1,431.4,15.8,216.6,232.8,200.0,233.2,genuine
1132,185.8,173.7,177.8,26.5,131.0,316.5,152.2,impersonator
900,167.0,172.0,169.0,171.0,170.0,172.0,166.0,genuine
3206,230.4,457.70000000000005,14.5,-10.5,193.3,229.9,223.0,impersonator
1072,13.7,16.3,1191.1,15.5,18.1,17.7,17.7,genuine
2657,167.4,161.6,190.2,158.4,156.7,175.0,155.9,impersonator
3169,169.0,173.0,174.0,173.0,175.0,172.0,172.0,genuine
3985,14.0,38.2,16.900000000000002,5.900000000000002,0.29999999999999716,1769.8,-6.600000000000001,impersonator
4243,413.9,231.1,434.4,15.0,433.1,15.7,233.5,genuine
1831,226.5,-5.400000000000002,34.8,34.4,25.5,-2.3000000000000007,-1.6999999999999993,impersonator
565,6.199999999999999,-0.5999999999999979,15.8,1379.8,3.1000000000000014,2.3999999999999986,34.7,impersonator
4375,156.9,147.7,159.1,172.9,185.8,185.4,182.6,impersonator
3759,229.1,233.6,233.2,433.1,16.7,232.4,233.4,genuine
1207,165.0,177.0,155.0,170.0,169.0,10.0,166.0,genuine
436,29.4,20.200000000000003,-10.399999999999999,87.6,23.0,123.6,123.8,impersonator
4194,447.0,28.0,233.1,232.9,231.9,434.3,17.5,genuine
1643,16.4,17.6,1002.6,16.1,15.9,17.1,17.0,genuine
3765,165.0,168.0,167.0,165.0,169.0,169.0,167.0,genuine
2471,164.0,177.0,159.0,169.0,170.0,170.0,170.0,genuine
112,1496.9,1245.3,8.3,21.9,-3.5,1.1000000000000014,17.0,impersonator
1647,16.4,19.4,974.1,631.7,20.4,16.2,19.1,genuine
1457,431.0,20.0,214.7,-0.5,212.7,184.6,654.6,impersonator
3916,242.79999999999998,450.5,37.3,217.29999999999998,418.4,29.3,252.7,impersonator
3255,226.60000000000002,245.8,242.9,226.0,422.2,9.0,234.0,impersonator
2820,17.2,20.5,121.6,1048.9,18.7,18.9,19.8,genuine
229,171.0,173.0,172.0,175.0,172.0,171.0,173.0,genuine
358,428.3,13.5,230.89999999999998,247.9,40.8,210.2,632.7,impersonator
1150,146.4,160.6,348.4,39.9,152.7,201.0,169.8,impersonator
2306,252.6,228.4,6.299999999999997,213.8,401.40000000000003,218.3,474.9,impersonator
3462,186.7,164.8,174.0,170.0,191.2,146.4,159.9,impersonator
446,138.8,127.0,31.3,267.0,10.5,16.8,16.2,genuine
3965,19.9,16.0,973.0,22.3,17.9,20.2,19.4,genuine
1536,15.2,443.2,29.8,233.0,450.8,15.8,231.9,genuine
4257,18.3,19.0,953.5,837.0,20.0,19.9,19.2,genuine
2467,228.7,432.9,16.7,232.9,433.4,16.9,232.8,genuine
1746,165.0,189.0,156.0,172.0,170.0,170.0,11.0,genuine
3249,18.1,29.3,91.4,535.1,17.7,19.2,17.0,genuine
932,172.0,174.0,173.0,173.0,173.0,172.0,174.0,genuine
76,15.7,22.9,636.6,28.7,234.7,232.0,451.1,genuine
3051,35.0,47.2,349.40000000000003,1245.7,20.0,27.1,24.7,impersonator
2980,20.799999999999997,-0.3000000000000007,107.0,1240.9,23.0,31.900000000000002,35.3,impersonator
2620,67.7,84.8,8.7,81.0,101.30000000000001,83.5,88.1,impersonator
2968,9.4,87.0,70.5,49.3,70.6,113.39999999999999,82.5,impersonator
27,176.0,145.7,187.4,182.6,153.0,152.5,181.5,impersonator
1060,159.0,335.0,167.0,167.0,4.0,162.0,4.0,genuine
4329,18.1,19.6,789.4,421.6,20.4,22.2,18.1,genuine
2392,17.3,17.2,25.2,14.9,976.3,16.9,20.3,genuine
2313,163.0,166.0,168.0,166.0,166.0,166.0,166.0,genuine
4273,227.8,232.3,234.0,31.4,416.0,233.3,450.2,genuine
536,163.0,168.0,169.0,17.0,151.0,335.0,168.0,genuine
2940,245.60000000000002,212.5,436.1,8.6,38.0,209.9,394.3,impersonator
4164,142.3,173.8,146.4,143.4,186.5,171.7,144.1,impersonator
362,168.0,172.0,170.0,172.0,172.0,171.0,167.0,genuine
2056,-9.0,4.6,15.400000000000002,1019.6,4.4,-3.799999999999999,5.299999999999999,impersonator
4247,-6.5,27.799999999999997,4.4,953.8000000000001,-3.1999999999999993,16.400000000000002,32.0,impersonator
2310,49.0,31.3,1166.2,17.8,19.0,24.6,387.3,genuine
1306,167.0,188.0,2.0,170.0,13.0,317.0,333.0,genuine
1823,217.79999999999998,411.09999999999997,18.6,210.4,253.1,439.7,40.5,impersonator
4159,5.399999999999999,804.0,399.09999999999997,2.5,8.100000000000001,3.0,29.400000000000002,impersonator
2329,15.2,232.4,228.5,16.3,216.4,199.7,433.9,genuine
4492,141.3,145.8,174.7,165.6,9.8,153.2,353.2,impersonator
134,166.0,186.0,11.0,150.0,350.0,166.0,167.0,genuine
4328,168.0,172.0,170.0,172.0,171.0,170.0,167.0,genuine
3933,24.2,2063.8,15.2,18.9,20.7,17.3,19.1,genuine
2985,225.2,232.9,432.3,16.7,232.9,234.0,432.7,genuine
3027,166.0,193.0,148.0,171.0,168.0,171.0,170.0,genuine
2195,33.099999999999994,428.7,18.3,257.4,226.7,248.7,410.6,impersonator
511,156.1,192.9,151.1,185.7,164.5,162.2,153.2,impersonator
3293,15.1,11.0,228.2,199.5,215.5,416.7,233.3,genuine
2256,231.3,446.4,16.9,232.7,233.1,233.5,433.0,genuine
2357,165.8,150.3,174.2,196.5,195.5,165.8,164.1,impersonator
881,999.5,19.6,18.2,18.8,19.0,2248.8,14.2,genuine
1702,161.2,195.5,156.0,152.8,158.6,186.4,185.0,impersonator
2779,156.5,210.4,173.2,149.7,157.1,185.6,143.5,impersonator
259,170.9,188.3,161.7,177.4,173.6,178.7,186.1,impersonator
1311,6.900000000000002,1642.6,3.0,-3.8999999999999986,635.3,-5.100000000000001,23.8,impersonator
1638,17.0,1620.1,22.6,18.3,20.1,20.0,19.6,genuine
3928,159.7,151.4,154.6,187.3,183.4,189.9,164.6,impersonator
1781,227.6,231.4,451.7,30.7,230.8,233.9,450.5,genuine
3242,-1.3000000000000007,191.7,1.5999999999999996,297.6,372.0,186.2,173.8,impersonator
1692,58.900000000000006,200.2,215.29999999999998,234.2,400.90000000000003,233.0,257.2,impersonator
1297,192.7,164.8,151.7,162.2,179.7,170.7,185.3,impersonator
4005,163.0,189.0,155.0,170.0,170.0,168.0,170.0,genuine
3536,-6.5,28.400000000000002,995.1,646.3,38.4,17.0,7.300000000000001,impersonator
805,5.600000000000001,9.500000000000002,1608.7,29.0,25.9,18.2,11.100000000000001,impersonator
3344,164.0,165.0,167.0,165.0,168.0,166.0,167.0,genuine
1446,164.0,169.0,167.0,14.0,151.0,333.0,168.0,genuine
4109,17.8,3.5,547.5,5.0,42.6,15.500000000000002,77.8,impersonator
1082,-2.3999999999999986,36.3,1144.8,644.6999999999999,36.3,32.5,23.0,impersonator
2429,169.0,167.4,186.9,185.3,188.1,172.8,159.1,impersonator
2400,165.0,168.0,168.0,166.0,168.0,166.0,168.0,genuine
2513,431.3,254.0,20.2,235.5,202.20000000000002,429.5,216.5,impersonator
3053,79.9,39.9,127.2,24.8,83.9,95.6,91.8,genuine
4112,223.7,222.20000000000002,200.4,423.4,229.20000000000002,438.6,-2.0,impersonator
3856,424.3,15.1,235.9,17.3,213.1,416.2,433.5,genuine
1784,16.2,20.8,18.0,1389.6,19.0,19.6,18.2,genuine
4328,150.7,182.7,173.4,187.5,180.4,183.2,149.7,impersonator
2068,455.9,36.4,216.2,255.70000000000002,469.2,-0.5,217.79999999999998,impersonator
554,180.0,148.7,181.8,155.4,188.9,159.8,156.4,impersonator
4448,164.0,184.0,166.0,167.0,184.0,166.0,166.0,genuine
2926,15.7,230.4,232.1,232.8,432.8,16.2,234.1,genuine
2582,184.0,12.0,149.0,334.0,183.0,167.0,167.0,genuine
1750,153.8,162.2,161.5,163.1,150.0,175.6,167.0,impersonator
4367,166.2,144.2,160.8,184.2,179.6,174.6,179.6,impersonator
4095,167.0,168.0,166.0,166.0,167.0,169.0,165.0,genuine
116,228.0,231.6,451.0,31.7,15.3,217.1,216.3,genuine
856,16.6,23.9,1600.5,16.0,18.5,18.8,18.4,genuine
4483,18.6,46.4,80.6,83.2,23.4,179.2,33.1,genuine
337,177.1,143.9,183.6,147.2,180.8,168.3,160.6,impersonator
2297,15.7,68.0,78.7,1051.0,16.0,20.7,1016.3,genuine
212,227.7,232.5,448.4,32.0,234.1,233.0,450.6,genuine
3732,165.0,169.0,166.0,166.0,166.0,168.0,167.0,genuine
2030,434.6,13.0,231.1,232.9,433.2,16.2,233.4,genuine
3957,17.3,1371.9,206.0,17.2,18.6,19.1,20.4,genuine
4448,166.2,170.8,167.2,163.2,185.9,150.2,149.9,impersonator
2401,168.0,169.0,169.0,169.0,170.0,169.0,169.0,genuine
816,15.3,19.5,100.8,1258.5,19.2,19.4,18.9,genuine
1625,163.0,169.0,166.0,166.0,167.0,170.0,168.0,genuine
1682,7.699999999999999,27.5,991.5,422.7,42.099999999999994,4.200000000000003,37.599999999999994,impersonator
1577,16.8,60.1,1751.1,22.0,16.1,16.7,189.3,genuine
2654,18.099999999999998,47.0,1352.5,25.2,37.2,14.8,17.4,impersonator
3864,171.0,191.0,161.0,179.0,2.0,179.0,9.0,genuine
4486,224.1,232.5,433.8,16.5,232.8,233.2,216.2,genuine
558,2.0,8.0,592.0,137.0,115.0,219.0,209.0,genuine
3992,169.6,212.1,2.5,152.0,351.2,180.1,202.1,impersonator
3701,211.10000000000002,222.4,197.3,437.20000000000005,215.4,458.0,30.5,impersonator
1168,178.8,161.4,181.9,171.1,164.3,171.2,162.3,impersonator
513,-9.200000000000001,24.5,36.8,36.0,26.1,6.599999999999998,21.1,impersonator
627,153.7,179.0,23.5,145.2,14.2,309.0,336.0,impersonator
3764,247.0,217.2,212.7,9.700000000000001,392.8,221.10000000000002,22.6,impersonator
3768,161.1,178.5,181.7,152.7,171.6,170.7,165.3,impersonator
1770,27.1,40.9,1118.6,629.9,10.0,31.7,32.400000000000006,impersonator
3590,165.0,168.0,170.0,167.0,169.0,170.0,168.0,genuine
389,430.5,16.7,235.1,232.9,450.0,15.9,233.4,genuine
1084,188.9,159.6,150.7,11.7,180.2,12.4,346.3,impersonator
1422,18.0,16.3,978.4,418.8,15.5,18.6,18.4,genuine
3392,207.3,226.20000000000002,207.79999999999998,651.3000000000001,17.9,244.70000000000002,451.9,impersonator
4350,179.1,185.6,174.8,154.3,152.7,147.3,186.5,impersonator
1984,460.5,44.6,222.8,250.6,446.40000000000003,38.9,221.9,impersonator
3192,224.9,256.7,212.4,442.4,37.0,221.20000000000002,232.5,impersonator
3177,1182.7,207.5,21.1,630.2,22.6,18.2,19.9,genuine
1070,-0.3000000000000007,-8.700000000000001,197.5,208.8,223.5,225.79999999999998,428.7,impersonator
4127,164.0,168.0,167.0,167.0,168.0,167.0,169.0,genuine
1240,191.5,140.9,170.4,179.3,160.5,170.0,185.9,impersonator
4480,14.5,104.6,7.1,92.0,100.6,18.8,31.9,genuine
1117,16.9,11.2,215.3,216.6,199.8,216.3,417.1,genuine
2126,19.5,237.5,210.79999999999998,255.2,204.9,218.7,223.7,impersonator
2105,154.2,181.4,176.7,186.0,188.3,183.9,176.3,impersonator
2919,171.6,183.7,167.9,189.1,166.4,150.6,184.3,impersonator
1496,170.2,163.7,172.7,164.0,160.1,181.4,178.6,impersonator
3,169.0,175.0,176.0,174.0,174.0,173.0,173.0,genuine
821,172.0,171.0,174.0,174.0,173.0,173.0,173.0,genuine
1801,157.0,334.0,166.0,166.0,4.0,164.0,4.0,genuine
655,-1.2000000000000028,1.8999999999999986,34.599999999999994,942.5,-1.5,39.900000000000006,41.2,impersonator
3395,16.9,16.5,1162.3,18.6,18.6,19.6,17.2,genuine
3973,13.6,31.5,4.6,34.3,1572.6,17.5,18.5,impersonator
2417,19.0,20.1,379.9,836.5,19.9,22.5,18.9,genuine
3864,174.0,185.3,172.5,177.7,-12.0,199.9,16.4,impersonator
4275,254.4,228.3,468.4,51.0,258.5,474.9,25.3,impersonator
3361,175.0,159.4,169.0,161.4,161.5,148.7,168.3,impersonator
3584,16.7,1609.5,18.0,17.4,20.6,17.9,16.9,genuine
4143,15.600000000000001,3.8000000000000007,-8.8,35.5,1780.2,-1.2000000000000028,35.6,impersonator
2696,37.6,0.09999999999999787,963.9,653.6,44.5,-8.099999999999998,441.59999999999997,impersonator
3653,19.0,12.6,19.2,20.0,938.3,18.6,18.7,genuine
737,150.2,153.7,166.0,163.4,166.5,170.2,168.1,impersonator
4462,35.1,14.5,154.9,1045.8000000000002,19.2,2.5,1032.6,impersonator
339,158.4,184.3,153.9,197.2,158.3,177.4,170.0,impersonator
2420,410.9,238.5,452.2,-2.3000000000000007,215.2,233.1,226.6,impersonator
770,456.4,21.7,37.6,51.99999999999999,34.8,59.300000000000004,78.4,impersonator
1027,174.7,144.8,-3.5,134.0,355.0,188.1,158.0,impersonator
4132,17.5,19.4,19.1,771.2,20.9,18.5,19.4,genuine
4365,430.1,16.2,233.1,233.2,234.0,432.9,16.1,genuine
1166,164.6,164.9,178.9,155.5,156.3,162.8,191.8,impersonator
1228,46.2,2467.8,48.0,16.0,45.2,104.2,37.3,impersonator
262,20.6,22.6,19.6,21.1,951.4,20.2,20.7,genuine
2138,180.0,171.0,157.0,169.0,170.0,171.0,12.0,genuine
3223,143.4,152.0,185.4,165.8,192.8,193.6,187.5,impersonator
1734,163.0,183.0,155.0,172.0,5.0,166.0,351.0,genuine
2599,16.4,1570.6,17.6,18.3,18.4,18.4,18.4,genuine
2734,165.0,170.0,167.0,168.0,167.0,168.0,167.0,genuine
1481,148.7,150.1,153.0,182.8,180.6,184.4,160.4,impersonator
2576,158.0,174.5,-4.9,145.8,318.2,178.3,179.8,impersonator
367,31.9,15.3,116.19999999999999,1276.2,34.900000000000006,-4.199999999999999,-1.6000000000000014,impersonator
197,445.8,32.3,31.0,199.5,216.4,216.3,618.0,genuine
4429,218.20000000000002,245.10000000000002,230.5,425.90000000000003,0.9000000000000004,436.3,-9.899999999999999,impersonator
3115,168.0,192.0,154.0,172.0,169.0,169.0,169.0,genuine
2382,225.1,440.79999999999995,25.9,241.0,243.60000000000002,453.79999999999995,11.2,impersonator
3144,39.9,32.7,988.9000000000001,612.2,16.599999999999998,7.5,0.3000000000000007,impersonator
1802,29.2,782.7,434.3,6.399999999999999,17.9,30.799999999999997,5.800000000000001,impersonator
4271,162.2,200.0,148.9,146.6,155.0,-12.600000000000001,164.7,impersonator
4317,167.0,173.0,168.0,171.0,172.0,171.0,166.0,genuine
2775,20.3,12.599999999999998,801.4,22.5,15.2,1054.5,28.4,impersonator
2746,219.20000000000002,211.29999999999998,239.1,217.4,398.5,30.5,199.7,impersonator
2806,167.0,170.0,170.0,170.0,170.0,171.0,167.0,genuine
3192,229.3,233.0,233.1,433.4,16.7,232.9,233.2,genuine
4266,19.3,15.0,16.5,17.6,1579.4,16.2,19.4,genuine
3217,24.5,1201.3999999999999,414.4,-5.300000000000001,-4.0,30.7,26.0,impersonator
1709,38.8,2.3999999999999986,21.4,28.599999999999998,25.9,70.5,61.900000000000006,impersonator
1404,143.6,210.9,145.1,147.2,177.3,145.4,15.4,impersonator
2063,181.9,196.3,185.8,195.0,171.5,163.5,155.9,impersonator
2906,22.6,220.60000000000002,203.1,185.29999999999998,620.1,27.4,217.3,impersonator
2564,193.2,177.2,152.0,194.8,188.3,151.0,186.8,impersonator
3483,170.9,150.5,164.8,168.3,152.8,167.4,182.8,impersonator
3067,10.900000000000002,13.7,1385.1,39.9,4.9,12.799999999999999,26.599999999999998,impersonator
4354,165.0,185.0,156.0,172.0,169.0,170.0,10.0,genuine
3710,228.9,432.4,16.4,233.2,16.5,216.2,199.9,genuine
2204,161.2,193.5,181.9,190.2,163.2,169.4,169.9,impersonator
4105,434.29999999999995,201.4,233.0,-7.9,191.8,397.6,424.0,impersonator
3351,20.2,19.6,1593.0,19.0,21.6,21.6,178.6,genuine
2333,20.9,107.6,73.2,54.9,31.8,91.8,76.5,genuine
135,25.9,13.2,2331.1,21.9,15.9,65.8,77.8,genuine
2478,199.4,203.5,426.4,239.3,16.9,191.6,196.7,impersonator
4107,6.399999999999999,17.2,21.6,931.0,27.5,35.7,33.9,impersonator
2730,13.3,432.4,14.6,232.7,16.0,216.3,417.3,genuine
2830,228.2,449.2,15.7,233.6,232.2,449.9,16.1,genuine
2774,164.3,196.7,182.2,186.2,175.2,189.4,170.6,impersonator
1187,229.8,235.7,450.2,15.5,234.1,232.8,450.0,genuine
1515,51.8,787.2,17.7,18.2,18.1,58.0,2422.7,genuine
32,163.0,167.0,167.0,166.0,167.0,166.0,168.0,genuine
302,166.0,168.0,167.0,166.0,167.0,168.0,167.0,genuine
589,-0.6000000000000014,23.5,3.9000000000000004,940.7,-0.09999999999999787,31.4,2.1000000000000014,impersonator
1643,18.2,12.700000000000001,991.8000000000001,-6.799999999999997,-0.9999999999999982,6.000000000000002,39.9,impersonator
3390,19.6,-9.1,193.5,224.1,200.79999999999998,183.6,419.8,impersonator
4415,20.6,21.8,17.0,957.5,416.7,20.4,19.8,genuine
3264,168.0,192.0,152.0,170.0,168.0,170.0,169.0,genuine
1594,16.4,16.3,970.2,630.9,18.1,15.7,18.1,genuine
547,18.6,5.699999999999999,1582.1000000000001,26.4,21.2,15.1,1.5,impersonator
4099,229.2,233.1,433.1,16.6,233.1,233.1,433.1,genuine
1348,13.0,15.7,22.1,1192.6,15.3,17.2,17.7,genuine
2096,26.700000000000003,21.099999999999998,26.0,980.3,651.8,19.2,6.800000000000001,impersonator
1850,167.0,168.0,167.0,167.0,169.0,169.0,166.0,genuine
2363,164.0,168.0,169.0,167.0,167.0,167.0,169.0,genuine
505,18.7,22.9,30.7,1170.4,16.4,16.5,16.9,genuine
107,2.5,0.20000000000000284,986.8,443.5,4.199999999999999,24.2,35.599999999999994,impersonator
2617,166.0,167.0,168.0,166.0,167.0,166.0,168.0,genuine
2054,234.1,236.8,217.39999999999998,423.5,40.7,209.6,427.8,impersonator
298,164.0,176.0,154.0,172.0,168.0,12.0,166.0,genuine
1619,155.2,201.0,168.9,145.4,155.6,186.6,25.8,impersonator
1997,18.7,20.1,1581.9,17.7,19.4,20.3,20.3,genuine
953,-4.900000000000002,26.1,423.8,33.0,-3.5,11.100000000000001,-2.0,impersonator
3630,164.0,182.0,156.0,172.0,7.0,166.0,351.0,genuine
1187,217.10000000000002,238.5,458.9,26.7,215.79999999999998,238.10000000000002,428.7,impersonator
931,9.0,186.0,12.0,316.0,333.0,167.0,183.0,genuine
475,145.8,154.1,191.1,165.7,147.2,178.7,189.0,impersonator
1633,155.1,205.1,162.2,187.5,153.0,149.3,30.4,impersonator
12,41.3,1850.5,20.3,18.3,20.1,19.4,19.7,genuine
4143,20.3,13.4,15.8,16.9,1779.0,19.4,16.5,genuine
3433,164.8,148.0,191.4,153.4,165.6,179.7,180.3,impersonator
2136,162.2,148.8,152.9,167.2,169.7,179.9,152.1,impersonator
1601,158.4,177.2,132.2,189.6,174.1,160.2,188.1,impersonator
1305,165.0,169.0,168.0,167.0,168.0,167.0,165.0,genuine
2562,220.29999999999998,422.4,28.200000000000003,241.0,232.3,224.0,423.3,impersonator
2043,229.1,233.1,232.3,216.8,233.3,233.0,232.2,genuine
4382,164.0,165.0,167.0,164.0,166.0,168.0,167.0,genuine
164,164.9,177.4,156.1,178.7,178.8,153.4,182.2,impersonator
902,24.8,985.1,253.5,38.5,31.1,32.7,-5.899999999999999,impersonator
1396,170.0,173.0,174.0,173.0,174.0,173.0,175.0,genuine
4272,156.3,180.6,144.7,146.5,152.2,146.8,157.4,impersonator
1619,167.0,190.0,156.0,170.0,169.0,171.0,9.0,genuine
1725,14.3,193.1,328.2,171.5,149.9,183.7,183.3,impersonator
1537,433.1,3.3000000000000007,239.4,256.3,414.09999999999997,27.7,251.3,impersonator
2264,169.0,174.0,175.0,175.0,174.0,172.0,175.0,genuine
265,11.8,75.4,69.60000000000001,73.4,33.2,95.2,-5.699999999999999,impersonator
216,164.0,170.0,172.0,170.0,168.0,168.0,167.0,genuine
3104,360.3,202.4,166.5,189.1,177.8,147.4,-21.1,impersonator
3068,187.8,177.4,191.0,179.6,187.1,164.4,155.9,impersonator
2578,147.6,185.5,144.5,148.3,178.4,166.1,155.9,impersonator
2370,145.8,190.8,175.3,171.0,166.9,167.5,182.3,impersonator
3316,19.7,20.1,948.0,835.5,21.4,21.5,22.7,genuine
1966,169.0,171.0,169.0,173.0,171.0,170.0,164.0,genuine
3965,43.099999999999994,2.3000000000000007,973.1,44.3,39.2,-0.40000000000000213,3.8999999999999986,impersonator
4319,180.7,171.3,191.9,178.1,187.5,179.9,167.3,impersonator
66,37.2,-1.1000000000000014,947.6,853.0999999999999,42.7,35.2,12.599999999999998,impersonator
4055,165.0,168.0,167.0,165.0,169.0,165.0,166.0,genuine
2855,17.0,23.5,1358.8,208.3,18.0,16.7,18.1,genuine
2136,170.0,173.0,173.0,173.0,174.0,173.0,173.0,genuine
2831,12.7,212.7,432.6,232.5,450.5,15.7,232.7,genuine
751,161.5,183.5,157.2,197.0,171.5,152.1,193.8,impersonator
819,18.5,20.9,21.5,957.2,19.8,22.4,18.6,genuine
4205,11.0,15.9,16.5,165.4,845.6,16.1,16.6,genuine
2179,152.8,173.0,179.2,154.1,17.9,191.2,369.6,impersonator
1498,213.4,417.0,232.6,433.7,15.9,233.6,232.4,genuine
4460,214.2,432.2,13.400000000000002,249.3,224.5,444.8,28.4,impersonator
1710,164.0,188.0,154.0,171.0,168.0,169.0,170.0,genuine
758,143.0,174.8,165.1,9.1,151.1,7.7,329.6,impersonator
2926,-0.10000000000000142,247.5,232.1,247.70000000000002,449.5,-8.100000000000001,243.1,impersonator
1472,164.0,179.0,152.0,169.0,169.0,29.0,151.0,genuine
1875,166.0,173.0,169.0,171.0,171.0,171.0,165.0,genuine
2804,164.0,168.0,169.0,165.0,167.0,167.0,167.0,genuine
2464,19.7,14.0,1599.4,16.9,17.8,17.9,17.8,genuine
2441,15.1,17.0,17.6,17.7,956.9,17.8,18.7,genuine
739,-2.5,-4.799999999999997,44.7,995.0999999999999,4.799999999999999,14.5,17.2,impersonator
4387,180.0,172.0,158.0,170.0,171.0,10.0,166.0,genuine
3269,180.0,178.0,151.0,172.0,172.0,169.0,169.0,genuine
3784,31.1,250.1,241.8,449.90000000000003,0.5,216.8,243.8,impersonator
2446,13.0,216.2,215.1,199.6,416.7,233.3,233.4,genuine
1613,172.0,171.0,177.0,172.0,175.0,173.0,173.0,genuine
3648,40.0,145.0,325.0,170.0,171.0,170.0,169.0,genuine
2102,168.4,166.4,162.2,173.8,188.8,182.0,193.4,impersonator
3079,160.3,188.7,165.2,191.3,193.5,147.8,167.6,impersonator
749,16.1,21.0,82.3,65.6,640.9,18.1,16.3,genuine
3350,165.0,169.0,168.0,165.0,168.0,167.0,167.0,genuine
4441,160.9,182.2,154.5,158.7,170.2,171.9,168.7,impersonator
506,171.0,172.0,175.0,172.0,174.0,171.0,174.0,genuine
126,429.1,-10.7,429.2,4.6,242.0,419.4,-7.899999999999999,impersonator
4390,24.1,35.6,51.8,1730.9,29.400000000000002,200.9,211.20000000000002,impersonator
116,250.3,235.4,453.2,43.1,37.5,235.6,232.4,impersonator
3562,237.6,223.4,418.4,-5.599999999999998,233.6,257.2,432.4,impersonator
4402,169.1,146.5,180.1,177.5,161.0,176.3,153.3,impersonator
500,167.0,169.0,166.0,14.0,155.0,331.0,168.0,genuine
3045,149.1,148.7,164.8,184.1,184.8,155.2,156.7,impersonator
2831,-3.6000000000000014,227.2,432.5,232.4,464.6,-4.199999999999999,210.0,impersonator
3712,174.6,209.4,128.4,149.6,36.5,166.0,339.5,impersonator
1162,178.3,157.5,161.0,186.6,169.1,166.4,174.5,impersonator
4316,184.4,171.7,189.1,159.9,161.0,159.4,191.3,impersonator
1829,164.0,186.0,154.0,171.0,168.0,172.0,183.0,genuine
2318,19.6,1579.1,20.2,16.6,16.7,16.9,16.9,genuine
1377,15.0,1172.6,631.1,16.2,16.0,17.4,17.6,genuine
1288,18.3,35.2,395.8,222.9,11.6,11.499999999999998,42.599999999999994,impersonator
1556,38.0,38.9,1167.3,406.79999999999995,32.7,29.8,26.9,impersonator
3692,170.0,173.0,174.0,172.0,175.0,174.0,172.0,genuine
1899,25.1,27.200000000000003,217.0,205.7,423.59999999999997,235.3,445.1,impersonator
991,164.0,183.0,158.0,171.0,5.0,166.0,351.0,genuine
251,172.0,174.0,191.0,165.0,174.0,347.0,32.0,genuine
4059,144.8,207.4,169.3,150.8,153.8,168.3,-11.7,impersonator
2078,189.9,149.5,177.7,179.3,173.1,152.9,195.7,impersonator
1257,190.6,172.5,158.7,168.6,183.5,147.3,6.0,impersonator
2866,184.6,188.6,153.7,188.2,190.0,190.9,180.4,impersonator
652,27.7,235.2,247.0,428.3,41.2,254.3,445.5,impersonator
2602,145.0,191.8,177.2,176.9,184.6,174.9,190.8,impersonator
1494,165.0,168.0,168.0,15.0,151.0,330.0,169.0,genuine
828,167.0,169.0,171.0,168.0,170.0,169.0,170.0,genuine
2046,182.6,190.8,157.5,173.1,177.1,166.3,161.5,impersonator
1582,7.7,230.70000000000002,250.60000000000002,231.1,243.6,223.5,30.9,impersonator
308,12.399999999999999,213.1,212.6,459.79999999999995,7.800000000000001,443.79999999999995,34.6,impersonator
4156,15.9,19.2,85.9,21.8,1260.3,17.1,20.5,genuine
3593,39.4,430.1,16.3,232.8,433.6,15.8,233.2,genuine
3836,161.4,189.9,194.0,184.1,178.1,187.3,150.4,impersonator
2675,58.9,2097.6000000000004,5.299999999999999,22.4,46.5,92.39999999999999,34.300000000000004,impersonator
735,1076.1,18.2,15.0,18.5,17.3,16.4,18.3,genuine
203,-4.699999999999999,34.3,10.299999999999999,790.6,32.8,-1.6999999999999993,12.700000000000001,impersonator
2444,169.0,193.0,10.0,149.0,334.0,183.0,166.0,genuine
1057,20.7,39.1,740.3,834.2,21.0,21.2,22.9,genuine
1483,185.0,10.0,150.0,349.0,166.0,166.0,166.0,genuine
594,437.79999999999995,27.799999999999997,-13.0,240.5,238.20000000000002,204.6,397.8,impersonator
3992,166.0,188.0,15.0,150.0,333.0,167.0,183.0,genuine
23,21.8,38.2,788.1999999999999,406.79999999999995,-2.3000000000000007,39.1,7.800000000000001,impersonator
3164,172.0,173.0,175.0,171.0,171.0,172.0,174.0,genuine
2413,15.5,216.1,413.4,233.1,233.1,433.3,16.5,genuine
4343,27.4,25.7,1360.8,606.5,26.6,8.2,2.799999999999997,impersonator
1782,229.4,432.9,16.5,232.8,233.3,433.5,16.7,genuine
1924,17.6,19.4,21.4,750.5,837.8,22.2,18.6,genuine
3607,592.0,418.8,17.6,17.3,17.7,17.6,17.5,genuine
2257,15.6,18.3,1368.5,424.2,16.9,19.8,19.4,genuine
3848,193.8,197.4,181.6,172.4,150.6,173.8,197.2,impersonator
3326,430.7,15.7,231.8,233.1,433.5,16.4,233.4,genuine
3999,172.0,172.0,177.0,173.0,174.0,174.0,173.0,genuine
1075,783.0,636.2,31.599999999999998,10.399999999999999,3.5999999999999996,12.200000000000001,33.2,impersonator
851,-3.5,30.0,1394.8999999999999,18.9,34.400000000000006,6.300000000000001,33.400000000000006,impersonator
476,144.6,165.5,138.1,148.6,161.8,183.9,144.9,impersonator
551,154.8,169.6,170.5,196.4,173.6,192.9,190.1,impersonator
2997,24.4,11.7,1194.8999999999999,632.0999999999999,38.2,39.099999999999994,23.1,impersonator
261,805.1,440.3,34.0,27.0,30.1,22.7,-4.199999999999999,impersonator
1738,16.6,15.1,18.7,25.4,88.3,35.3,63.8,genuine
4279,14.0,230.7,232.2,433.3,16.8,232.8,232.9,genuine
90,164.0,194.0,153.0,169.0,169.0,168.0,14.0,genuine
2538,189.6,189.1,151.0,174.0,160.4,151.2,189.7,impersonator
3074,249.20000000000002,251.3,448.5,23.599999999999998,243.5,218.70000000000002,209.5,impersonator
1713,235.9,426.4,17.1,15.5,216.8,199.7,216.9,genuine
408,2.5999999999999996,437.9,18.200000000000003,455.6,19.1,217.39999999999998,428.0,impersonator
3176,163.0,169.0,171.0,170.0,171.0,169.0,168.0,genuine
2171,160.1,159.3,165.7,185.2,151.5,-1.9000000000000004,165.3,impersonator
2358,10.899999999999999,82.5,47.4,1330.8,0.3000000000000007,44.2,30.400000000000002,impersonator
433,253.6,233.1,210.6,427.0,21.6,219.79999999999998,445.5,impersonator
3705,27.5,1814.1,31.1,15.7,17.9,116.9,60.0,genuine
3717,192.3,156.1,160.3,152.7,154.1,179.2,174.3,impersonator
3413,178.4,153.6,196.2,168.8,187.8,163.1,196.1,impersonator
3397,232.6,429.5,16.3,233.1,433.7,16.5,16.3,genuine
1241,254.4,447.3,-1.6000000000000014,417.2,15.900000000000002,32.3,227.39999999999998,impersonator
3129,164.0,168.0,166.0,166.0,165.0,166.0,166.0,genuine
1141,167.4,179.3,183.8,187.8,198.9,175.9,168.1,impersonator
247,-7.9,36.099999999999994,976.6999999999999,625.1,2.8000000000000007,16.3,27.5,impersonator
3303,148.2,151.8,151.5,154.5,143.5,188.5,185.7,impersonator
2079,27.6,35.8,998.1,-0.10000000000000142,25.299999999999997,-1.8000000000000007,27.6,impersonator
910,1654.0,20.0,15.9,8.500000000000002,43.3,1834.3,4.600000000000001,impersonator
1866,20.9,16.6,320.4,1485.5,19.1,20.5,20.5,genuine
124,29.5,164.5,21.0,319.8,21.7,339.0,319.1,impersonator
209,149.3,182.4,15.4,151.2,326.4,154.1,146.8,impersonator
18,242.7,206.10000000000002,431.3,19.4,244.70000000000002,218.70000000000002,439.4,impersonator
2945,229.9,433.3,16.5,232.1,433.7,16.5,433.6,genuine
1014,171.0,175.0,174.0,173.0,173.0,173.0,174.0,genuine
700,203.6,197.6,174.7,152.3,177.0,8.1,162.8,impersonator
590,174.4,187.8,151.1,169.8,177.2,144.8,154.7,impersonator
2734,179.0,170.4,172.5,150.4,153.0,150.6,180.5,impersonator
4292,26.3,2302.2000000000003,241.8,29.200000000000003,-6.600000000000001,65.3,113.19999999999999,impersonator
763,443.8,28.5,235.3,31.0,200.5,216.4,618.7,genuine
1640,3.0,-3.0,1173.0,618.7,35.5,14.7,6.6,impersonator
4305,148.3,179.1,169.9,174.5,157.3,145.1,180.8,impersonator
3345,16.3,18.4,526.2,18.6,18.6,27.7,70.7,genuine
3495,185.0,181.8,192.7,180.5,183.3,192.3,174.6,impersonator
1068,1232.2,-8.3,18.900000000000002,-4.399999999999999,3.3000000000000007,-4.0,19.400000000000002,impersonator
1191,166.0,167.0,170.0,165.0,167.0,168.0,168.0,genuine
2337,236.1,470.5,7.899999999999999,216.0,252.1,459.8,-8.3,impersonator
1881,160.1,198.1,187.8,178.4,166.4,173.7,162.9,impersonator
4157,170.8,171.0,144.5,173.3,151.8,188.6,145.4,impersonator
2246,179.1,157.6,158.3,181.7,191.9,166.2,142.4,impersonator
415,605.3,18.3,21.7,26.2,174.0,176.7,16.2,genuine
391,19.2,13.6,460.0,244.5,441.0,27.7,240.1,impersonator
4008,16.9,970.3,203.3,17.3,20.1,20.8,20.4,genuine
4133,20.1,24.0,60.3,39.6,488.8,18.2,18.7,genuine
3925,148.0,157.7,158.4,193.4,152.6,184.7,161.9,impersonator
3353,19.7,34.5,23.5,53.9,5.0,45.0,205.0,impersonator
4239,11.200000000000001,5.800000000000001,58.9,927.4,7.1,11.3,-1.8000000000000007,impersonator
60,19.6,1379.1000000000001,433.9,36.2,6.899999999999999,36.2,-4.300000000000001,impersonator
3582,165.0,170.0,168.0,168.0,169.0,169.0,170.0,genuine
6,163.0,179.0,157.0,169.0,168.0,169.0,169.0,genuine
1154,168.0,174.0,165.0,171.0,171.0,170.0,166.0,genuine
4207,8.0,320.0,332.0,167.0,168.0,166.0,169.0,genuine
1797,13.9,14.4,1395.4,13.5,16.7,16.8,17.1,genuine
1473,159.0,185.6,156.9,150.0,169.7,147.7,147.0,impersonator
3181,32.2,36.0,1573.3999999999999,-5.600000000000001,14.4,3.3999999999999986,42.099999999999994,impersonator
2385,18.1,16.7,986.8,15.6,16.0,19.1,18.9,genuine
3333,-1.1999999999999993,22.5,1438.3,44.599999999999994,16.1,16.6,12.9,impersonator
4454,14.5,362.2,631.0,16.7,19.8,16.6,17.3,genuine
1980,236.1,219.6,443.7,37.1,416.2,26.0,221.5,impersonator
3705,43.7,1802.6,39.6,28.6,1.7999999999999972,140.1,49.9,impersonator
326,15.4,226.7,230.8,450.3,31.4,234.1,450.2,genuine
978,12.9,24.3,418.7,231.2,451.1,31.7,233.1,genuine
3478,164.0,169.0,167.0,168.0,169.0,167.0,168.0,genuine
3823,11.7,90.9,64.3,47.2,72.1,136.4,7.3,genuine
3830,183.4,-10.0,172.2,335.8,191.0,145.5,-5.9,impersonator
1156,2.8999999999999986,-3.1999999999999993,797.9000000000001,29.8,24.9,24.200000000000003,23.2,impersonator
2898,165.0,169.0,168.0,165.0,166.0,167.0,168.0,genuine
3103,164.0,182.0,151.0,170.0,170.0,11.0,167.0,genuine
382,13.5,235.9,233.1,451.6,13.9,233.0,233.7,genuine
102,162.2,173.8,170.7,159.5,148.3,182.8,189.2,impersonator
2805,835.3,17.3,17.8,20.0,53.6,101.5,19.3,genuine
3473,79.5,9.1,140.8,140.6,62.6,96.0,31.5,genuine
1203,640.1,11.700000000000003,247.20000000000002,431.90000000000003,29.5,240.70000000000002,230.70000000000002,impersonator
1923,15.8,14.8,585.7,433.5,21.2,17.0,18.8,genuine
437,241.1,184.1,-0.3999999999999986,228.6,197.3,214.7,403.7,impersonator
2370,165.0,168.0,171.0,167.0,171.0,168.0,168.0,genuine
958,166.0,172.0,168.0,170.0,171.0,170.0,165.0,genuine
4168,228.8,449.2,31.8,14.8,216.9,216.1,216.3,genuine
3491,163.0,180.0,155.0,171.0,169.0,170.0,169.0,genuine
2552,173.3,174.8,172.0,181.1,169.1,149.8,161.5,impersonator
2720,165.0,178.0,157.0,169.0,169.0,172.0,168.0,genuine
395,33.3,22.0,-7.800000000000001,24.4,20.5,31.8,566.1,impersonator
4081,21.3,46.2,71.0,1258.8,20.2,19.5,21.5,genuine
1811,164.0,169.0,166.0,167.0,167.0,168.0,168.0,genuine
3652,330.4,143.3,178.4,3.0999999999999996,173.4,312.5,154.3,impersonator
1752,165.0,168.0,166.0,14.0,152.0,330.0,167.0,genuine
82,190.8,148.0,157.2,148.3,169.4,164.3,153.6,impersonator
3602,169.0,194.0,10.0,150.0,333.0,167.0,183.0,genuine
4232,17.2,75.8,245.5,1689.4,16.7,18.0,19.1,genuine
3680,175.7,167.4,178.0,166.6,168.2,186.2,161.7,impersonator
750,168.0,171.0,170.0,173.0,172.0,171.0,164.0,genuine
2951,143.6,174.4,184.7,190.5,181.3,145.4,205.7,impersonator
872,429.2,16.3,233.0,233.2,433.4,16.6,233.2,genuine
3582,170.6,176.7,162.4,181.8,156.8,188.1,147.4,impersonator
3629,243.9,443.0,1.4999999999999982,221.10000000000002,239.9,210.0,456.2,impersonator
2900,83.3,1816.1,-7.200000000000001,28.200000000000003,0.8999999999999986,18.2,40.099999999999994,impersonator
489,165.0,169.0,168.0,168.0,169.0,169.0,166.0,genuine
1299,165.0,168.0,167.0,167.0,167.0,169.0,166.0,genuine
1006,165.0,168.0,168.0,168.0,167.0,169.0,166.0,genuine
1334,94.8,1160.1,12.9,20.0,20.6,44.0,44.9,genuine
264,170.0,173.0,175.0,173.0,174.0,174.0,176.0,genuine
1518,23.200000000000003,15.899999999999999,955.1,421.90000000000003,15.200000000000001,40.7,31.200000000000003,impersonator
4494,412.8,15.6,216.7,199.9,433.7,433.5,15.1,genuine
1028,165.0,167.0,167.0,167.0,167.0,164.0,166.0,genuine
188,2275.2,17.4,18.6,591.2,17.8,19.5,19.7,genuine
3894,166.0,167.0,167.0,166.0,167.0,167.0,168.0,genuine
1873,7.9,76.9,96.2,116.4,25.9,161.3,95.8,genuine
1238,172.0,172.0,174.0,173.0,174.0,172.0,172.0,genuine
4314,176.9,164.6,150.5,186.3,162.5,177.1,167.1,impersonator
2,156.5,184.2,158.1,159.1,146.3,187.9,177.6,impersonator
1906,192.8,175.3,160.9,197.9,174.9,173.6,168.3,impersonator
4161,163.0,166.0,167.0,169.0,165.0,170.0,167.0,genuine
633,16.6,19.7,781.0,422.1,15.8,20.6,17.6,genuine
2259,170.0,170.0,169.0,170.0,171.0,171.0,168.0,genuine
3859,166.0,186.0,158.0,172.0,168.0,173.0,168.0,genuine
4280,192.0,194.3,187.8,165.4,165.8,183.8,169.3,impersonator
768,560.7,1470.0,16.1,16.8,16.9,17.0,16.7,genuine
11,161.4,185.7,159.3,173.0,168.9,176.9,153.1,impersonator
1150,162.0,180.0,371.0,42.0,141.0,182.0,170.0,genuine
3294,13.8,235.5,232.1,450.8,15.8,233.6,231.4,genuine
2590,170.0,175.0,175.0,171.0,174.0,173.0,173.0,genuine
437,229.2,200.0,16.1,216.7,199.9,216.5,417.0,genuine
1676,163.0,169.0,167.0,168.0,169.0,168.0,169.0,genuine
395,16.3,17.2,16.5,16.8,15.5,17.6,553.9,genuine
3718,19.2,18.6,1394.6,19.9,16.6,19.2,19.4,genuine
1818,166.0,169.0,170.0,168.0,171.0,170.0,167.0,genuine
53,216.5,616.9,26.299999999999997,452.29999999999995,17.0,245.60000000000002,221.9,impersonator
1694,24.9,218.8,226.0,226.3,405.0,256.8,454.0,impersonator
2244,155.6,180.2,165.3,175.3,149.3,152.5,176.7,impersonator
3409,225.8,16.3,215.9,417.3,232.9,450.0,15.0,genuine
590,165.0,169.0,167.0,167.0,167.0,167.0,168.0,genuine
2939,430.0,16.7,235.5,232.5,450.8,15.6,233.2,genuine
1325,156.7,195.5,191.1,151.0,174.9,156.5,180.0,impersonator
748,21.4,20.6,8.6,946.4,17.5,17.7,1223.6,genuine
4299,32.7,3.8000000000000007,975.3,412.1,12.299999999999999,11.6,10.400000000000002,impersonator
3337,-4.0,25.4,1164.8,422.2,36.2,9.7,10.9,impersonator
681,20.7,19.5,73.5,1475.8,18.8,19.4,19.5,genuine
1395,147.3,185.1,150.5,155.4,179.5,167.3,165.2,impersonator
2561,216.4,211.6,434.2,250.2,434.7,33.2,237.2,impersonator
217,16.8,18.9,973.2,632.0,21.6,16.6,17.3,genuine
1163,62.7,71.5,1829.7,16.9,14.6,194.4,1056.3,genuine
1183,171.0,172.0,175.0,174.0,173.0,174.0,171.0,genuine
3589,1672.2,1044.1,18.9,66.2,86.3,57.6,82.3,genuine
1262,987.1,196.7,14.9,16.3,16.5,18.0,19.8,genuine
2248,190.4,149.4,154.2,172.0,182.5,186.4,143.3,impersonator
1081,826.8,16.7,16.7,17.3,16.4,1610.3,15.2,genuine
2113,9.5,11.6,402.6,197.29999999999998,27.700000000000003,1.3000000000000007,42.3,impersonator
999,19.2,16.5,1407.4,21.4,16.2,21.1,17.7,genuine
3659,453.7,35.400000000000006,226.1,257.1,420.3,37.8,246.0,impersonator
1022,7.1,14.9,229.70000000000002,191.9,222.6,399.4,420.3,impersonator
2014,16.2,21.5,780.7,631.8,20.2,220.7,16.0,genuine
3246,163.0,170.0,166.0,167.0,167.0,169.0,167.0,genuine
1661,152.9,178.0,169.8,154.3,184.4,184.3,172.9,impersonator
694,15.0,-15.8,598.5,451.9,-2.8000000000000007,236.2,18.799999999999997,impersonator
1335,1851.3,38.7,19.2,19.099999999999998,43.8,6.599999999999998,38.3,impersonator
3469,14.3,17.8,409.3,199.4,20.3,17.8,18.0,genuine
930,164.0,165.0,168.0,165.0,166.0,166.0,168.0,genuine
982,148.3,169.6,153.9,180.4,173.9,158.6,173.9,impersonator
1791,163.1,193.7,164.8,192.3,148.4,186.1,185.4,impersonator
4007,169.0,172.0,172.0,169.0,171.0,171.0,170.0,genuine
4295,170.0,173.0,177.0,172.0,173.0,172.0,171.0,genuine
3766,225.6,234.2,449.6,16.3,232.7,451.3,15.6,genuine
4379,170.0,174.0,175.0,171.0,172.0,175.0,174.0,genuine
1810,174.0,191.6,148.9,158.1,182.3,184.4,170.2,impersonator
3323,166.0,168.0,7.0,161.0,332.0,167.0,167.0,genuine
366,220.8,427.59999999999997,41.9,235.7,212.0,433.4,24.0,impersonator
186,14.5,15.6,1168.4,418.8,16.4,16.5,17.0,genuine
2781,167.1,191.1,143.5,189.0,154.2,160.2,183.1,impersonator
3136,208.5,219.8,-5.800000000000001,198.8,417.6,252.7,414.8,impersonator
3751,1578.2,625.9,18.1,17.7,17.6,17.5,17.2,genuine
968,226.1,231.3,433.3,16.8,232.7,233.3,433.3,genuine
2070,20.4,421.59999999999997,35.8,226.1,217.20000000000002,222.3,5.199999999999999,impersonator
4349,11.9,784.4,420.3,19.1,16.7,16.4,17.3,genuine
2585,229.7,433.1,16.3,232.4,233.3,433.3,16.7,genuine
3689,21.5,143.7,10.7,323.8,8.6,312.7,338.1,impersonator
1548,195.2,178.5,152.5,174.9,159.7,178.1,185.3,impersonator
2678,175.9,188.3,159.8,177.1,153.4,180.2,154.1,impersonator
1215,415.0,413.2,21.3,249.29999999999998,39.400000000000006,208.1,213.8,impersonator
2493,16.9,21.4,95.2,1506.7,16.3,18.9,17.9,genuine
399,441.0,16.1,18.2,25.7,93.9,1734.7,17.0,genuine
2840,147.3,207.3,178.5,177.5,185.0,181.3,159.3,impersonator
2662,190.0,193.3,177.5,181.4,174.4,166.6,169.3,impersonator
763,456.2,48.7,231.70000000000002,24.7,207.5,235.6,615.4000000000001,impersonator
727,412.1,14.5,15.7,16.9,16.7,16.2,16.7,genuine
961,15.7,18.6,1168.5,636.5,21.1,20.1,19.4,genuine
2604,19.0,1829.1,20.3,20.1,16.7,17.9,19.2,genuine
4091,3.9000000000000004,26.6,9.0,1169.1,8.9,13.099999999999998,26.8,impersonator
1225,163.0,182.0,155.0,171.0,9.0,166.0,334.0,genuine
976,171.0,172.0,175.0,174.0,173.0,172.0,172.0,genuine
830,144.7,176.4,177.0,176.6,160.9,167.4,153.0,impersonator
1504,13.0,14.399999999999999,17.2,1178.8999999999999,19.4,29.5,29.4,impersonator
3278,216.70000000000002,267.3,461.5,46.3,237.0,247.1,442.7,impersonator
1263,227.4,233.3,232.6,450.4,14.2,233.7,450.1,genuine
2398,174.4,192.4,163.0,162.3,186.3,184.5,152.6,impersonator
4443,161.5,156.9,140.9,166.1,159.7,147.3,184.3,impersonator
3004,88.7,217.1,23.2,23.8,124.7,23.2,2543.1,genuine
2083,30.900000000000002,22.099999999999998,1551.0,28.4,0.10000000000000142,37.5,39.7,impersonator
1603,-8.599999999999998,1.6000000000000014,1361.6000000000001,42.7,27.599999999999998,25.2,8.700000000000001,impersonator
1949,949.5,7.1,26.6,39.4,-4.400000000000002,38.8,52.00000000000001,impersonator
3995,166.0,168.0,172.0,171.0,167.0,170.0,171.0,genuine
4490,27.4,31.7,1415.3,32.1,0.1999999999999993,409.3,234.39999999999998,impersonator
2028,168.0,173.0,175.0,174.0,173.0,174.0,173.0,genuine
1623,157.7,193.8,172.1,192.0,190.7,189.0,151.4,impersonator
920,415.3,229.8,233.1,433.4,16.5,233.0,233.2,genuine
2801,16.5,1174.3,630.5,15.3,16.4,17.0,17.0,genuine
3086,36.9,-2.5,40.5,1151.6,18.1,7.4,24.2,impersonator
3406,1571.2,8.599999999999998,6.899999999999999,26.2,27.7,9.399999999999999,6.4,impersonator
3060,150.9,179.6,164.7,164.2,171.4,173.1,193.8,impersonator
3045,166.0,173.0,167.0,171.0,171.0,170.0,167.0,genuine
280,413.5,235.8,232.8,450.0,15.9,232.9,232.2,genuine
4267,234.8,423.59999999999997,26.1,255.70000000000002,230.8,406.20000000000005,32.7,impersonator
1974,166.0,169.0,169.0,167.0,165.0,166.0,168.0,genuine
1550,18.3,33.1,772.3000000000001,617.8,26.8,18.3,32.2,impersonator
722,164.0,168.0,166.0,167.0,167.0,167.0,168.0,genuine
3213,2051.7,-2.8999999999999986,25.0,-6.199999999999999,-4.300000000000001,39.7,76.30000000000001,impersonator
3901,168.0,169.0,170.0,168.0,169.0,171.0,168.0,genuine
862,18.1,16.1,40.1,926.9,17.4,18.0,17.8,genuine
821,161.1,152.7,195.0,149.0,180.7,174.5,153.7,impersonator
4286,15.0,433.5,7.6,233.2,233.8,432.6,16.3,genuine
3889,188.8,200.3,154.3,176.5,165.8,160.6,169.6,impersonator
4409,152.6,157.7,32.1,164.5,315.5,153.4,171.2,impersonator
3721,187.1,172.9,180.4,181.7,160.2,146.1,181.5,impersonator
4260,164.0,173.0,156.0,173.0,168.0,13.0,166.0,genuine
2614,154.5,150.8,183.8,192.7,193.6,178.5,148.6,impersonator
1629,14.3,310.0,16.8,56.7,79.6,57.1,45.7,genuine
3428,29.9,211.6,217.89999999999998,409.0,261.3,473.4,43.7,impersonator
1627,150.7,185.5,169.6,9.3,152.9,316.2,185.0,impersonator
4259,161.5,162.7,175.4,181.1,188.0,183.9,-5.5,impersonator
1299,158.1,167.6,156.9,161.4,180.0,145.9,169.9,impersonator
3009,190.9,152.3,141.6,175.6,153.2,4.4,168.5,impersonator
141,145.4,153.5,157.9,148.4,173.0,188.6,191.4,impersonator
996,17.0,798.9,401.3,18.7,18.2,18.4,19.1,genuine
441,186.3,171.8,176.0,181.5,167.3,184.3,149.0,impersonator
714,165.0,168.0,167.0,164.0,167.0,168.0,168.0,genuine
4404,15.7,1197.7,204.4,15.4,19.1,19.6,19.2,genuine
1090,14.8,16.5,54.5,35.2,16.1,119.9,32.3,genuine
3263,138.2,174.3,135.7,191.1,187.9,174.1,187.6,impersonator
1920,21.4,17.0,15.5,317.5,1050.0,16.9,17.5,genuine
3771,34.7,32.0,19.9,8.299999999999999,781.1999999999999,40.1,39.5,impersonator
3406,1568.3,18.4,17.9,18.2,18.0,19.4,16.8,genuine
3425,166.0,171.0,168.0,170.0,173.0,171.0,166.0,genuine
193,165.0,187.0,154.0,172.0,172.0,170.0,169.0,genuine
2901,221.6,223.0,208.7,220.1,455.7,-2.900000000000002,246.0,impersonator
3408,14.9,16.3,1625.9,16.3,16.1,206.3,16.1,genuine
1854,172.0,174.0,174.0,173.0,175.0,173.0,172.0,genuine
3377,168.0,172.0,168.0,170.0,172.0,170.0,166.0,genuine
2402,452.8,12.600000000000001,231.9,213.6,441.0,40.3,231.20000000000002,impersonator
1321,179.5,180.0,169.9,189.7,185.0,171.7,184.8,impersonator
4167,164.0,167.0,168.0,169.0,166.0,166.0,166.0,genuine
1573,16.5,1388.5,411.4,20.7,17.1,20.9,17.1,genuine
2762,219.5,254.29999999999998,433.2,11.900000000000002,224.0,209.5,427.29999999999995,impersonator
3301,164.0,178.0,154.0,171.0,168.0,12.0,165.0,genuine
1952,178.8,185.1,173.6,194.8,177.5,196.9,172.2,impersonator
3110,411.3,232.5,233.8,449.3,16.4,231.8,233.4,genuine
2984,13.7,231.5,233.0,232.6,433.4,16.5,233.2,genuine
4472,-14.7,2107.1,-7.099999999999998,14.999999999999998,25.700000000000003,22.5,36.9,impersonator
3217,18.6,1183.8,417.4,18.8,19.5,19.4,18.9,genuine
3932,225.1,432.3,16.6,233.0,232.6,433.5,16.4,genuine
3024,167.0,11.0,158.0,332.0,167.0,167.0,166.0,genuine
252,181.0,146.4,147.3,170.2,165.7,162.4,154.8,impersonator
426,884.2,20.1,21.6,19.3,34.2,60.7,50.4,genuine
3457,181.0,182.0,148.3,178.7,185.1,169.2,143.7,impersonator
2901,230.1,233.3,233.1,233.1,433.5,15.7,232.9,genuine
2149,166.0,165.0,165.0,166.0,165.0,165.0,166.0,genuine
2892,168.4,166.4,184.9,153.3,156.4,161.1,190.0,impersonator
2545,169.0,175.0,174.0,174.0,175.0,173.0,172.0,genuine
2928,163.0,184.0,167.0,166.0,166.0,184.0,166.0,genuine
739,13.7,18.1,22.4,983.3,15.6,18.8,18.7,genuine
2535,188.1,171.5,163.6,155.5,177.5,171.9,180.3,impersonator
207,168.0,171.0,171.0,171.0,173.0,171.0,166.0,genuine
4223,168.8,155.3,171.9,189.4,176.6,148.6,185.8,impersonator
4493,166.4,146.5,185.5,165.4,169.7,162.7,169.4,impersonator
1833,9.7,6.000000000000002,76.39999999999999,100.60000000000001,79.3,78.8,905.6,impersonator
983,168.3,164.9,154.8,190.8,164.1,152.6,154.7,impersonator
3560,-2.900000000000002,41.2,27.0,957.1,-3.6999999999999993,34.8,37.1,impersonator
2283,421.8,640.0,40.900000000000006,13.799999999999999,5.800000000000001,29.0,39.0,impersonator
2181,16.0,19.2,975.5,207.2,20.0,819.2,24.7,genuine
3885,1743.9,15.4,26.1,607.9,13.999999999999998,6.199999999999999,34.3,impersonator
4348,179.2,154.1,176.4,170.3,142.4,186.5,155.5,impersonator
458,166.1,166.9,182.9,165.3,174.0,187.9,149.6,impersonator
1977,8.2,37.7,1255.3999999999999,30.200000000000003,-2.9000000000000004,6.099999999999998,7.199999999999999,impersonator
1996,16.2,18.3,17.8,19.2,17.1,65.1,24.1,genuine
736,16.8,26.5,1159.6,420.8,15.2,19.0,18.7,genuine
3869,404.5,207.3,19.6,20.5,21.9,19.3,20.4,genuine
1092,168.7,199.8,-3.5,159.0,340.9,188.7,162.3,impersonator
884,1.7000000000000028,2.6999999999999993,6.700000000000001,1576.8,-5.5,36.4,38.7,impersonator
988,152.3,208.8,17.8,163.8,-9.8,323.7,314.1,impersonator
4045,233.4,228.8,233.9,15.9,216.5,199.3,417.3,genuine
4440,19.2,17.3,17.2,1397.7,20.0,20.0,20.8,genuine
1155,166.0,167.0,169.0,166.0,166.0,166.0,166.0,genuine
809,42.2,19.4,4.199999999999999,78.1,674.0,-4.600000000000001,15.5,impersonator
793,13.6,17.0,1399.2,17.1,15.7,16.9,17.3,genuine
2886,152.9,149.9,151.0,163.2,180.8,190.4,155.5,impersonator
615,14.8,26.6,551.8,15.3,17.3,24.5,85.8,genuine
2147,157.0,161.4,153.5,193.9,183.6,178.2,175.0,impersonator
1924,1.8000000000000007,12.2,30.5,759.1,828.8,9.5,30.8,impersonator
380,2.099999999999998,-2.6999999999999993,133.29999999999998,856.0,15.099999999999998,-0.8000000000000007,27.9,impersonator
4131,192.3,418.7,15.2,233.4,199.9,216.6,415.8,genuine
3786,23.1,13.5,218.4,215.6,216.7,198.7,634.6,genuine
3597,170.0,172.0,169.0,172.0,173.0,169.0,166.0,genuine
414,1791.6,16.4,17.5,18.4,20.7,17.5,16.3,genuine
3853,165.0,165.0,168.0,166.0,166.0,165.0,166.0,genuine
4367,163.0,168.0,168.0,168.0,168.0,166.0,169.0,genuine
2255,13.0,232.5,429.4,16.3,233.2,233.2,433.5,genuine
2863,439.5,-6.800000000000001,249.5,209.5,423.8,28.1,223.0,impersonator
4230,164.0,169.0,166.0,166.0,166.0,168.0,168.0,genuine
810,17.9,234.0,246.5,428.79999999999995,34.7,209.79999999999998,238.20000000000002,impersonator
1410,13.1,232.0,233.1,433.6,16.5,233.1,233.1,genuine
3469,24.700000000000003,31.3,432.7,204.20000000000002,35.1,24.0,35.4,impersonator
3374,158.0,162.1,184.6,3.3,161.1,-17.6,348.9,impersonator
2628,241.3,228.79999999999998,13.5,239.9,429.70000000000005,229.5,254.7,impersonator
2526,27.7,10.9,137.4,1470.3,5.699999999999999,39.5,20.400000000000002,impersonator
387,230.6,433.3,233.1,16.6,233.1,433.4,17.1,genuine
845,16.1,44.0,80.5,1262.1999999999998,2.5,5.699999999999999,43.7,impersonator
78,15.3,20.8,1654.7,16.0,17.9,17.6,17.7,genuine
3028,170.0,172.0,169.0,171.0,173.0,171.0,168.0,genuine
459,16.0,15.5,20.1,16.4,969.1,16.8,16.8,genuine
3090,41.6,11.5,1157.8,633.1,15.899999999999999,33.1,27.1,impersonator
1745,153.0,151.0,152.7,161.1,158.5,178.6,171.4,impersonator
174,16.3,19.0,1627.4,15.7,19.7,20.8,17.8,genuine
3863,18.3,19.9,19.1,1160.2,19.1,21.0,19.4,genuine
4277,19.4,17.7,209.4,206.9,19.0,18.9,18.2,genuine
2489,164.0,182.0,157.0,170.0,7.0,167.0,350.0,genuine
384,227.6,230.0,231.7,217.1,233.3,232.7,233.1,genuine
3275,165.0,172.0,170.0,170.0,173.0,170.0,165.0,genuine
1930,85.0,96.2,67.3,188.5,139.9,100.0,95.7,genuine
3246,157.1,145.8,170.3,146.6,160.3,181.4,172.6,impersonator
43,445.4,30.3,233.3,231.9,233.2,451.2,15.4,genuine
57,254.1,440.1,9.700000000000001,255.2,231.0,211.10000000000002,455.5,impersonator
397,195.6,433.2,233.1,433.3,16.5,233.1,233.2,genuine
2072,165.0,184.0,6.0,167.0,333.0,167.0,166.0,genuine
3221,19.4,18.8,19.6,540.9,19.5,19.9,19.8,genuine
3559,163.0,164.0,169.0,165.0,165.0,167.0,166.0,genuine
1091,15.2,19.0,530.0,838.3,16.8,18.0,17.1,genuine
2559,17.6,-3.8999999999999986,-0.3000000000000007,614.1999999999999,234.0,10.2,39.8,impersonator
3312,12.1,16.6,18.3,16.1,1166.6,16.4,16.8,genuine
3418,162.2,182.6,176.5,150.5,162.5,171.2,148.8,impersonator
3818,186.3,149.2,179.4,172.2,174.1,195.4,191.1,impersonator
3750,197.6,215.7,416.9,233.3,232.8,216.9,433.4,genuine
2906,13.2,215.8,216.5,199.6,634.2,16.0,232.9,genuine
3733,33.6,30.0,22.2,969.4,15.6,36.3,38.8,impersonator
294,169.8,189.0,183.7,192.9,188.1,189.6,159.4,impersonator
22,192.2,174.5,182.1,179.6,181.2,190.6,157.2,impersonator
4209,167.0,167.0,167.0,168.0,167.0,168.0,166.0,genuine
654,25.7,231.1,233.3,232.9,450.6,16.4,232.8,genuine
2013,4.5,977.5,430.0,19.7,631.9000000000001,16.2,4.6,impersonator
960,230.4,451.8,32.2,233.1,233.4,451.0,15.8,genuine
3845,173.0,171.0,173.0,173.0,172.0,174.0,172.0,genuine
4485,15.3,17.4,976.4,631.3,18.0,15.3,18.0,genuine
2053,173.9,188.2,140.4,175.0,17.1,178.4,369.8,impersonator
3834,187.3,-12.100000000000001,125.1,341.7,183.3,157.0,180.9,impersonator
2011,14.5,16.3,745.0,1047.9,19.4,18.5,19.3,genuine
651,163.0,174.0,157.0,169.0,171.0,10.0,166.0,genuine
3250,4.199999999999999,34.3,429.2,196.0,31.1,11.2,0.40000000000000213,impersonator
4034,19.7,16.1,803.3,16.7,20.1,18.8,19.6,genuine
124,8.0,159.0,4.0,328.0,9.0,323.0,331.0,genuine
76,3.1999999999999993,4.5,611.8000000000001,12.399999999999999,239.79999999999998,209.7,447.3,impersonator
406,169.0,173.0,176.0,173.0,173.0,173.0,178.0,genuine
3120,167.0,169.0,169.0,169.0,172.0,172.0,165.0,genuine
3898,157.5,153.6,143.1,184.6,157.8,160.3,152.5,impersonator
90,165.9,194.5,131.5,185.0,168.4,174.3,25.7,impersonator
2095,13.5,13.0,210.4,432.7,233.3,233.0,434.3,genuine
3197,170.0,175.0,174.0,174.0,171.0,173.0,173.0,genuine
2657,163.0,168.0,171.0,170.0,168.0,168.0,170.0,genuine
4363,-10.799999999999999,27.4,231.9,208.0,175.60000000000002,217.6,395.8,impersonator
2536,164.0,186.0,155.0,169.0,171.0,171.0,169.0,genuine
1362,236.0,419.7,-5.800000000000001,224.5,238.0,418.59999999999997,33.400000000000006,impersonator
2139,14.8,783.0,630.1,16.7,16.1,17.1,827.3,genuine
2445,140.3,27.5,156.9,332.7,167.8,165.4,25.0,impersonator
584,167.0,170.0,170.0,170.0,170.0,171.0,168.0,genuine
56,169.0,170.0,171.0,172.0,172.0,172.0,163.0,genuine
1845,156.0,162.1,181.9,5.4,155.2,351.0,159.6,impersonator
296,185.0,178.7,175.3,163.6,157.1,184.5,186.1,impersonator
1418,188.0,189.0,176.3,170.8,177.8,177.4,197.4,impersonator
3723,27.700000000000003,9.6,972.1,644.0,20.9,25.9,44.2,impersonator
3752,225.1,432.6,17.0,232.4,233.3,233.1,433.3,genuine
1337,151.2,209.9,135.9,189.3,190.8,181.0,169.1,impersonator
1380,179.3,196.5,157.4,169.1,170.7,149.6,180.4,impersonator
777,156.9,168.3,155.2,197.6,172.1,155.6,152.2,impersonator
1737,179.1,178.0,146.6,184.1,146.9,190.3,162.9,impersonator
3726,73.8,84.30000000000001,1205.7,577.4000000000001,-4.899999999999999,38.5,27.200000000000003,impersonator
2037,171.0,172.0,175.0,172.0,175.0,171.0,172.0,genuine
3737,15.0,231.7,229.6,433.4,16.7,233.0,232.9,genuine
1237,28.0,1174.9,43.6,28.0,3.3999999999999986,25.9,1054.1999999999998,impersonator
782,171.0,161.1,170.1,197.0,180.7,184.3,160.2,impersonator
1505,171.0,175.0,173.0,175.0,174.0,172.0,171.0,genuine
1500,194.3,166.1,167.6,191.2,161.7,196.6,160.9,impersonator
1978,11.9,433.5,15.5,233.3,233.4,233.3,433.0,genuine
1612,15.7,218.6,193.9,216.3,216.5,199.4,633.9,genuine
561,183.3,149.1,164.0,183.4,182.5,165.5,166.6,impersonator
3432,154.8,183.0,175.6,186.6,154.4,190.3,165.9,impersonator
3981,164.0,170.0,168.0,166.0,166.0,167.0,167.0,genuine
3698,15.5,437.3,23.9,249.4,234.4,445.2,0.0,impersonator
3362,8.8,37.7,790.4,422.4,24.200000000000003,32.0,-1.5,impersonator
3462,164.0,181.0,156.0,172.0,169.0,169.0,169.0,genuine
569,91.3,1800.8,26.3,19.2,39.8,812.9,35.2,impersonator
3426,28.299999999999997,238.1,217.4,433.29999999999995,-8.5,207.29999999999998,465.70000000000005,impersonator
2689,445.5,29.9,15.9,217.2,216.0,216.7,617.7,genuine
494,13.3,235.1,228.8,232.6,434.1,16.3,233.3,genuine
2833,173.0,174.0,172.0,173.0,171.0,175.0,172.0,genuine
2719,424.7,16.4,233.0,233.0,232.9,433.3,16.8,genuine
3797,231.5,430.3,15.7,232.7,233.3,233.1,433.6,genuine
173,73.0,1653.4,383.5,18.3,17.6,18.6,18.1,genuine
1125,172.0,172.0,174.0,175.0,175.0,174.0,174.0,genuine
3832,163.3,180.5,167.9,171.7,156.3,186.1,148.6,impersonator
36,8.2,38.0,942.3,836.8,-2.6000000000000014,36.6,15.8,impersonator
4210,584.1,379.1,16.8,28.900000000000002,9.200000000000001,2.700000000000001,-6.899999999999999,impersonator
3193,157.4,214.8,155.1,173.0,166.6,168.5,179.4,impersonator
1152,166.0,185.0,156.0,172.0,169.0,171.0,170.0,genuine
3075,156.7,200.2,178.5,154.9,178.7,187.9,163.4,impersonator
709,32.1,151.6,337.0,150.8,189.8,-11.399999999999999,169.2,impersonator
705,10.799999999999999,17.1,1152.0,639.1999999999999,31.0,-0.9000000000000021,17.599999999999998,impersonator
495,180.2,165.5,187.0,159.1,169.4,194.9,186.8,impersonator
1452,159.2,194.9,164.5,177.8,167.1,174.7,188.2,impersonator
3735,169.0,190.0,7.0,150.0,334.0,171.0,171.0,genuine
2949,13.5,13.3,210.2,216.3,216.5,416.4,233.0,genuine
2021,187.0,171.9,172.8,180.4,161.2,167.5,186.2,impersonator
1590,164.0,168.0,168.0,13.0,153.0,333.0,168.0,genuine
694,14.8,6.3,615.4,430.7,16.3,233.0,16.4,genuine
1329,13.9,16.5,17.2,17.6,1151.1,16.3,16.2,genuine
535,14.5,68.4,1709.6999999999998,-3.1999999999999993,38.1,-2.400000000000002,43.3,impersonator
2565,17.7,17.1,1170.4,406.3,16.8,18.3,19.5,genuine
2826,61.599999999999994,2003.6,33.3,1.0999999999999979,219.5,19.5,41.0,impersonator
377,142.2,190.5,168.3,175.5,191.0,146.8,189.5,impersonator
2630,249.6,435.90000000000003,15.4,241.7,250.7,439.20000000000005,14.400000000000002,impersonator
2486,153.5,175.4,159.0,157.5,162.2,189.7,174.4,impersonator
266,171.9,164.1,159.2,148.2,175.3,178.3,167.8,impersonator
238,161.5,181.4,157.0,146.9,170.3,185.3,177.5,impersonator
1176,166.0,167.0,168.0,166.0,167.0,167.0,168.0,genuine
3141,22.2,571.1,431.7,3.9000000000000004,39.2,8.200000000000001,18.4,impersonator
2970,172.0,174.0,174.0,172.0,174.0,175.0,173.0,genuine
6,179.6,189.1,180.0,193.1,181.5,184.2,179.1,impersonator
1389,155.7,153.7,171.3,182.8,160.0,191.0,150.3,impersonator
3577,-10.0,211.3,242.39999999999998,223.0,429.0,8.5,216.0,impersonator
2311,13.8,215.6,415.7,232.3,433.4,16.5,233.1,genuine
795,430.1,16.5,233.0,232.4,232.9,217.0,433.2,genuine
1787,213.4,416.9,15.7,216.6,200.0,216.7,416.6,genuine
148,165.0,168.0,167.0,167.0,169.0,165.0,166.0,genuine
1211,169.0,170.0,168.0,170.0,172.0,173.0,165.0,genuine
2285,166.8,156.0,177.4,189.4,161.9,193.8,187.2,impersonator
1024,25.2,-7.0,9.600000000000001,34.2,954.1999999999999,3.0,19.0,impersonator
4491,139.9,197.8,159.1,168.0,170.8,165.1,161.3,impersonator
1633,164.0,188.0,155.0,171.0,170.0,168.0,13.0,genuine
3005,220.2,249.5,242.1,240.4,421.8,34.099999999999994,212.3,impersonator
1821,191.4,167.0,168.7,171.2,158.8,167.1,163.5,impersonator
2832,1430.9,41.5,18.1,409.5,1.9000000000000021,25.6,2.1000000000000014,impersonator
3743,15.5,17.3,400.3,422.6,16.7,19.2,19.2,genuine
730,29.3,4.700000000000001,1787.3999999999999,3.6999999999999993,23.6,-5.300000000000001,40.9,impersonator
131,14.3,22.8,105.2,85.8,10.1,49.8,54.7,genuine
1471,188.5,149.1,154.5,194.0,186.8,170.0,165.7,impersonator
99,150.5,172.1,193.5,164.6,157.9,185.2,187.9,impersonator
1579,181.3,165.6,166.2,166.2,183.7,167.3,154.4,impersonator
2921,16.8,20.3,85.0,1899.8,18.5,21.4,16.6,genuine
3346,797.1,209.3,22.0,17.7,20.0,20.6,19.5,genuine
3380,169.0,171.0,169.0,173.0,175.0,167.0,164.0,genuine
550,160.7,152.3,161.9,149.0,173.9,146.6,163.1,impersonator
1947,29.799999999999997,33.3,756.6,25.5,10.5,3.4000000000000004,-3.900000000000002,impersonator
2683,18.9,17.7,980.9,421.9,20.0,22.0,18.2,genuine
3093,13.8,230.7,232.8,232.3,433.6,16.4,233.1,genuine
2272,41.5,1013.5,16.2,18.7,21.0,17.5,62.3,genuine
1914,186.4,189.7,168.0,185.3,185.3,174.9,163.7,impersonator
2371,164.0,178.0,154.0,170.0,171.0,9.0,166.0,genuine
3737,2.6999999999999993,243.2,216.7,413.79999999999995,17.0,255.1,220.9,impersonator
3835,165.0,191.0,154.0,170.0,170.0,12.0,167.0,genuine
1392,16.1,18.6,983.1,630.3,17.6,15.8,19.4,genuine
4018,15.6,17.6,119.5,1258.8,17.8,17.8,18.7,genuine
2414,171.0,174.0,174.0,172.0,173.0,172.0,172.0,genuine
3745,16.3,14.4,17.2,17.7,1577.2,16.8,18.2,genuine
4486,211.2,210.0,432.1,-5.800000000000001,253.70000000000002,224.5,228.1,impersonator
13,166.0,194.0,11.0,150.0,332.0,168.0,166.0,genuine
1327,16.9,53.6,39.4,76.8,31.0,144.6,58.7,genuine
2836,176.1,149.2,183.0,179.0,153.5,172.6,183.6,impersonator
3945,23.9,224.6,215.7,409.1,39.9,226.10000000000002,215.2,impersonator
2876,169.0,172.0,173.0,171.0,173.0,171.0,173.0,genuine
539,165.0,166.0,169.0,166.0,167.0,167.0,167.0,genuine
2791,17.4,18.8,70.2,19.7,71.7,23.8,156.0,genuine
549,417.1,228.3,433.5,16.2,233.3,16.3,216.5,genuine
1576,165.0,190.0,151.0,171.0,170.0,168.0,171.0,genuine
733,30.700000000000003,36.8,969.4,632.0999999999999,1.0,-1.700000000000001,-3.099999999999998,impersonator
4052,164.0,167.0,166.0,14.0,152.0,332.0,169.0,genuine
2523,166.0,167.0,167.0,167.0,169.0,167.0,168.0,genuine
777,171.0,173.0,175.0,173.0,173.0,174.0,174.0,genuine
732,163.0,183.0,156.0,172.0,5.0,166.0,350.0,genuine
4458,455.1,19.700000000000003,252.20000000000002,227.89999999999998,255.6,206.7,18.8,impersonator
2087,159.1,190.3,176.4,143.5,188.1,154.1,187.6,impersonator
642,15.3,232.8,227.3,233.3,232.9,200.1,233.2,genuine
372,163.0,168.0,167.0,165.0,167.0,169.0,168.0,genuine
1665,163.0,168.0,167.0,165.0,169.0,166.0,166.0,genuine
1524,215.9,195.7,634.8,15.2,432.3,16.6,433.5,genuine
2352,170.8,162.6,153.1,190.4,155.3,-3.8000000000000007,151.4,impersonator
2226,462.5,45.4,38.7,220.0,190.2,195.4,219.29999999999998,impersonator
3960,185.2,171.3,143.1,180.2,155.0,162.8,153.6,impersonator
919,4.800000000000001,-0.8999999999999986,1423.1000000000001,4.499999999999998,18.0,648.6,46.5,impersonator
1099,-8.900000000000002,807.1,34.5,14.0,15.499999999999998,79.5,79.0,impersonator
3861,230.5,447.5,16.6,233.0,233.2,433.4,16.8,genuine
2842,163.0,167.0,166.0,167.0,167.0,167.0,167.0,genuine
2338,19.3,20.7,21.6,965.6,21.7,22.9,18.3,genuine
3743,31.1,24.1,381.90000000000003,404.0,-0.8000000000000007,43.099999999999994,26.799999999999997,impersonator
3891,149.1,162.4,150.0,167.0,155.8,175.7,181.5,impersonator
2542,223.8,232.7,233.1,199.4,233.5,233.1,433.2,genuine
663,180.0,173.0,158.0,168.0,169.0,171.0,169.0,genuine
1960,1257.3,-3.8000000000000007,11.099999999999998,1869.6999999999998,25.6,-2.8000000000000007,21.5,impersonator
3728,190.1,191.4,135.2,151.5,182.0,185.6,190.0,impersonator
4290,231.8,196.7,16.5,216.6,199.6,215.6,216.5,genuine
2532,328.0,167.0,168.0,7.0,160.0,331.0,167.0,genuine
1968,151.3,157.5,163.7,165.7,156.4,184.8,180.1,impersonator
2793,169.0,171.0,169.0,171.0,172.0,170.0,167.0,genuine
1126,246.5,210.3,428.3,32.9,250.6,248.4,443.2,impersonator
2319,17.9,16.1,19.0,17.4,18.3,18.3,46.6,genuine
1170,166.0,169.0,8.0,160.0,332.0,168.0,168.0,genuine
3600,-4.300000000000001,214.4,428.1,37.5,236.4,241.8,448.29999999999995,impersonator
2078,171.0,174.0,176.0,172.0,173.0,172.0,172.0,genuine
3817,171.0,174.0,174.0,172.0,174.0,171.0,174.0,genuine
2141,166.4,152.6,163.8,158.2,153.2,148.5,149.0,impersonator
2764,171.3,156.6,177.9,172.1,146.4,176.2,156.7,impersonator
2115,1358.3,16.0,16.5,15.5,396.2,15.9,17.6,genuine
2295,175.6,184.6,9.7,194.2,-7.399999999999999,321.1,342.2,impersonator
2461,233.1,195.5,15.0,216.7,200.1,217.9,632.5,genuine
753,17.5,14.5,211.2,433.5,233.3,233.2,433.5,genuine
2545,151.7,191.7,180.4,168.7,154.4,172.8,195.5,impersonator
2586,427.5,-5.9,234.4,221.79999999999998,444.90000000000003,40.900000000000006,246.8,impersonator
2060,222.1,206.9,238.3,435.0,-0.29999999999999716,250.5,245.3,impersonator
1683,166.0,15.0,150.0,331.0,169.0,166.0,13.0,genuine
4096,165.0,169.0,166.0,167.0,168.0,169.0,166.0,genuine
961,-2.8000000000000007,-6.299999999999997,1171.6,614.4,28.0,-0.5,13.7,impersonator
1412,13.3,234.3,228.7,433.3,15.9,233.3,233.4,genuine
815,17.1,18.0,36.8,1349.6,17.7,17.6,20.9,genuine
1557,168.0,174.0,169.0,173.0,173.0,170.0,167.0,genuine
3704,15.1,18.1,20.7,17.3,951.4,838.8,19.9,genuine
724,13.0,12.2,230.8,198.2,216.4,417.0,233.6,genuine
1007,182.7,173.2,166.9,176.9,144.9,156.9,176.7,impersonator
3533,232.0,222.6,252.39999999999998,208.79999999999998,452.4,27.3,427.7,impersonator
432,230.2,433.6,16.2,233.4,233.5,16.4,216.3,genuine
2268,229.4,232.9,433.2,16.7,433.1,16.7,233.2,genuine
45,190.6,431.8,16.6,232.9,233.4,233.3,433.2,genuine
1616,51.199999999999996,111.7,87.3,29.9,184.4,1905.7,29.3,impersonator
898,985.2,1482.4,18.7,19.1,18.2,73.1,87.2,genuine
3441,153.4,209.2,157.4,162.4,180.4,192.9,179.5,impersonator
1340,3.6000000000000014,36.5,219.7,220.0,223.60000000000002,231.1,398.3,impersonator
3051,16.2,28.2,326.8,1258.5,19.0,18.8,18.5,genuine
2595,17.0,1583.3,17.0,16.7,16.0,17.2,17.5,genuine
1758,15.8,430.3,14.4,233.0,16.3,216.5,200.0,genuine
317,159.1,164.5,161.8,182.8,190.6,177.1,153.7,impersonator
1483,189.7,-3.9000000000000004,140.5,359.2,188.4,142.8,171.7,impersonator
884,18.1,20.3,19.1,1581.7,18.3,20.8,19.8,genuine
937,170.0,175.0,174.0,175.0,174.0,172.0,174.0,genuine
4340,7.0,326.0,334.0,167.0,169.0,167.0,168.0,genuine
806,220.20000000000002,216.70000000000002,437.4,47.6,215.2,216.5,438.5,impersonator
1922,31.400000000000002,-5.0,342.0,839.9000000000001,11.600000000000001,37.6,12.0,impersonator
2390,139.7,649.8,-6.399999999999999,20.0,20.9,24.799999999999997,25.099999999999998,impersonator
2491,172.0,172.0,174.0,172.0,173.0,173.0,172.0,genuine
2786,28.9,16.700000000000003,997.1999999999999,619.8,2.0999999999999996,235.3,23.2,impersonator
993,461.8,45.8,253.7,248.3,248.3,217.1,31.0,genuine
2766,165.0,167.0,165.0,168.0,169.0,167.0,166.0,genuine
2249,64.5,31.5,120.4,47.2,44.8,23.5,100.1,genuine
634,171.0,174.0,176.0,171.0,176.0,173.0,173.0,genuine
1384,166.6,201.1,132.0,163.5,145.5,33.2,191.0,impersonator
3254,171.0,173.0,175.0,171.0,175.0,174.0,175.0,genuine
3473,80.1,5.8999999999999995,126.9,142.4,42.8,110.6,50.3,impersonator
1938,242.1,209.0,41.3,217.5,210.5,408.9,422.1,impersonator
3574,47.9,568.3,14.9,36.900000000000006,2052.5,1.8000000000000007,22.6,impersonator
74,36.900000000000006,15.200000000000001,0.5999999999999996,13.899999999999999,763.8,-4.300000000000001,-1.3000000000000007,impersonator
4201,232.0,446.7,29.4,229.9,237.2,409.2,13.299999999999999,impersonator
2917,143.5,153.2,177.3,152.1,170.6,174.9,182.1,impersonator
1915,19.7,824.7,1914.7,18.6,17.1,18.4,62.6,genuine
1214,432.5,14.6,15.1,216.1,216.6,199.9,416.9,genuine
1134,13.1,234.9,233.0,232.5,233.3,233.2,450.3,genuine
3886,149.8,183.3,188.0,153.5,149.2,164.6,160.8,impersonator
2005,230.5,453.0,31.7,233.1,233.1,451.4,15.6,genuine
1957,229.3,434.0,15.6,233.9,233.9,232.7,432.7,genuine
1916,150.5,161.1,156.9,160.3,144.0,194.7,148.2,impersonator
2639,27.4,56.2,63.5,1244.2,843.0,18.4,17.3,genuine
357,173.0,172.0,175.0,173.0,174.0,175.0,172.0,genuine
2886,172.0,172.0,173.0,173.0,173.0,173.0,174.0,genuine
2449,-2.6999999999999993,20.2,14.2,1741.6000000000001,33.2,17.0,16.900000000000002,impersonator
2311,30.900000000000002,200.4,425.59999999999997,208.70000000000002,445.7,13.6,237.0,impersonator
4287,17.1,18.9,1173.4,631.9,22.7,18.0,20.0,genuine
1184,19.6,20.2,414.4,232.7,433.6,15.8,233.9,genuine
216,145.4,170.7,184.9,174.9,160.0,185.0,172.7,impersonator
2982,172.0,172.0,173.0,172.0,173.0,173.0,172.0,genuine
3309,164.0,168.0,167.0,166.0,169.0,167.0,167.0,genuine
4148,164.2,149.5,157.6,169.1,156.2,161.8,189.3,impersonator
2834,12.7,16.4,783.7,419.9,15.1,18.2,18.0,genuine
2407,-5.199999999999999,28.200000000000003,5.499999999999998,1179.6,7.799999999999999,12.8,42.3,impersonator
4120,15.3,216.0,413.8,233.1,433.6,16.2,233.4,genuine
3393,17.5,18.2,14.4,38.3,542.5,17.2,18.3,genuine
4446,189.3,194.1,172.2,186.1,181.6,158.9,156.8,impersonator
39,168.0,172.0,171.0,170.0,170.0,173.0,163.0,genuine
3562,226.1,231.4,433.4,15.8,233.4,232.9,433.4,genuine
1762,214.79999999999998,402.9,13.3,245.39999999999998,-7.699999999999999,235.5,217.5,impersonator
546,163.0,189.0,153.0,171.0,169.0,170.0,167.0,genuine
718,199.9,212.5,416.6,233.0,233.5,15.8,216.0,genuine
641,438.20000000000005,-10.5,228.9,239.0,229.1,424.4,30.8,impersonator
856,0.20000000000000284,45.7,1609.2,21.8,19.4,41.400000000000006,21.2,impersonator
3159,13.1,232.5,233.2,232.7,433.3,16.8,232.9,genuine
909,166.0,168.0,166.0,166.0,167.0,166.0,169.0,genuine
2830,230.7,425.59999999999997,3.0999999999999996,209.5,236.39999999999998,428.59999999999997,8.8,impersonator
632,26.9,22.4,768.7,419.0,442.9,23.2,16.7,genuine
955,2475.5,15.5,22.8,27.9,91.1,71.9,11.1,genuine
2787,35.4,24.6,219.0,413.7,216.1,233.3,234.4,genuine
3931,8.8,23.1,221.5,237.2,393.40000000000003,250.9,30.1,impersonator
1800,161.4,153.7,161.0,195.8,164.3,186.7,176.6,impersonator
1226,163.0,168.0,168.0,166.0,167.0,168.0,168.0,genuine
945,16.1,35.9,1340.8,628.7,18.5,16.3,18.0,genuine
2676,163.0,170.0,168.0,167.0,169.0,166.0,166.0,genuine
3635,-4.399999999999999,26.7,45.1,953.6999999999999,37.7,9.399999999999999,30.1,impersonator
3384,41.099999999999994,30.6,945.7,820.9,21.0,39.6,48.2,impersonator
3614,180.5,184.3,161.8,156.6,180.6,170.1,176.4,impersonator
1103,172.0,174.0,174.0,173.0,174.0,173.0,173.0,genuine
3073,167.0,170.0,168.0,170.0,172.0,171.0,169.0,genuine
1973,30.9,227.4,220.79999999999998,255.6,444.0,37.7,230.70000000000002,impersonator
1542,164.0,165.0,166.0,166.0,165.0,165.0,167.0,genuine
3136,227.8,233.0,16.4,216.0,417.1,232.5,433.5,genuine
1907,432.4,14.9,232.0,233.2,433.4,16.3,233.3,genuine
287,164.9,148.0,156.6,166.1,167.7,169.8,146.1,impersonator
1306,146.0,205.7,-3.5999999999999996,165.9,-1.6999999999999993,332.5,333.1,impersonator
2197,-6.199999999999999,-7.300000000000001,538.4000000000001,856.7,22.3,24.700000000000003,17.2,impersonator
2912,168.0,172.0,171.0,170.0,170.0,170.0,167.0,genuine
1945,5.500000000000002,42.6,20.200000000000003,15.7,1565.9,24.6,9.2,impersonator
1511,226.4,408.40000000000003,247.1,423.7,26.700000000000003,225.0,253.1,impersonator
1747,164.0,177.0,156.0,170.0,170.0,9.0,167.0,genuine
3101,16.7,2240.8,36.2,128.6,49.8,85.2,32.7,genuine
4370,185.4,211.9,139.1,147.6,156.7,189.8,187.3,impersonator
648,184.0,184.0,185.0,189.0,174.0,168.0,172.0,genuine
4027,16.4,213.3,235.29999999999998,423.7,27.8,234.1,233.4,impersonator
928,215.9,231.1,247.5,428.70000000000005,46.900000000000006,219.2,218.5,impersonator
4189,174.8,208.0,176.7,193.3,195.3,177.9,161.9,impersonator
3589,1683.4,1052.5,33.9,53.5,61.9,35.2,71.39999999999999,impersonator
2306,230.0,233.8,29.9,216.3,416.8,232.9,450.4,genuine
1467,16.7,16.4,933.2,629.2,17.2,17.5,18.2,genuine
3521,14.9,1414.7,14.8,14.6,17.2,19.9,802.1,genuine
2446,19.3,220.7,216.7,212.6,402.5,241.70000000000002,215.20000000000002,impersonator
1721,153.2,181.2,187.4,171.7,158.8,157.6,160.1,impersonator
2346,180.0,178.0,155.0,169.0,171.0,9.0,167.0,genuine
1136,160.6,186.2,148.6,151.3,163.3,147.2,143.5,impersonator
3792,30.7,12.3,780.1,204.89999999999998,42.2,14.4,3.8000000000000007,impersonator
3952,228.0,233.1,14.7,216.7,215.6,216.7,406.6,genuine
4139,142.8,178.9,151.3,183.5,175.6,162.7,167.7,impersonator
1449,250.0,440.8,18.0,415.5,13.2,235.6,237.6,impersonator
467,25.2,16.0,27.799999999999997,538.1999999999999,1252.9,0.5999999999999979,10.000000000000002,impersonator
2376,166.0,188.0,154.0,170.0,170.0,171.0,169.0,genuine
2109,186.5,159.9,179.0,185.6,186.4,147.9,152.6,impersonator
1282,34.8,54.5,310.09999999999997,6.900000000000002,70.0,2.700000000000003,90.0,impersonator
4274,12.8,231.9,233.2,433.4,16.0,233.4,233.2,genuine
628,154.0,164.5,151.8,192.6,157.2,183.4,150.5,impersonator
4237,24.200000000000003,68.2,910.6,23.0,4.400000000000002,1.0999999999999979,0.6000000000000014,impersonator
4082,141.5,157.8,132.7,177.7,167.1,6.0,177.3,impersonator
4137,14.900000000000002,38.1,18.7,89.4,44.1,108.5,69.1,impersonator
1024,16.7,17.9,18.6,19.6,952.4,19.4,18.9,genuine
3944,161.9,163.2,193.7,175.6,130.4,184.8,196.9,impersonator
3046,172.0,173.0,176.0,173.0,174.0,172.0,175.0,genuine
2064,17.6,971.9,625.3,22.2,21.3,20.5,16.9,genuine
1715,146.0,192.3,172.6,174.1,159.2,186.9,145.7,impersonator
921,36.599999999999994,0.5,165.9,863.8000000000001,15.999999999999998,37.3,23.4,impersonator
1191,183.2,143.5,150.2,184.1,189.0,149.0,163.4,impersonator
3869,389.5,206.60000000000002,6.000000000000002,27.5,27.299999999999997,5.300000000000001,25.299999999999997,impersonator
423,14.5,16.9,1372.4,418.3,16.1,18.1,17.2,genuine
1470,219.4,212.2,624.3000000000001,55.7,244.6,233.60000000000002,196.20000000000002,impersonator
4333,181.2,198.7,186.4,154.7,153.6,175.6,163.3,impersonator
653,168.0,187.0,159.0,172.0,169.0,171.0,172.0,genuine
3137,98.8,41.1,1678.8,-6.000000000000002,33.3,42.099999999999994,24.0,impersonator
165,16.2,13.0,6.5,858.3,30.2,30.5,216.4,genuine
474,194.1,177.5,169.9,173.3,189.0,201.3,187.9,impersonator
3225,165.0,169.0,166.0,167.0,168.0,167.0,168.0,genuine
4010,14.3,20.5,15.4,417.1,215.6,199.9,416.6,genuine
956,172.0,172.0,174.0,172.0,174.0,174.0,173.0,genuine
801,165.1,180.7,144.5,188.7,180.6,146.3,179.1,impersonator
2521,165.7,153.4,151.5,158.5,153.0,156.6,195.4,impersonator
2873,87.7,52.5,63.9,183.8,98.6,93.4,107.9,genuine
386,169.0,182.0,156.0,170.0,170.0,168.0,170.0,genuine
3686,16.0,17.4,18.5,18.7,1787.6,16.7,18.9,genuine
29,1449.4,3.4999999999999982,11.8,1436.6,4.0,28.2,13.700000000000001,impersonator
482,230.1,451.9,31.8,233.3,233.5,452.6,29.0,genuine
2458,164.0,176.0,159.0,170.0,171.0,172.0,169.0,genuine
3059,14.9,140.2,55.0,94.2,55.4,32.9,2073.0,genuine
297,18.1,425.9,8.6,418.5,7.0,219.89999999999998,220.0,impersonator
1361,17.1,14.4,1197.3,19.3,16.7,626.7,14.6,genuine
335,160.4,166.2,167.7,171.2,163.5,156.6,143.3,impersonator
3788,22.0,21.599999999999998,276.5,1482.1,40.400000000000006,12.2,20.8,impersonator
1563,167.0,172.0,170.0,172.0,173.0,173.0,167.0,genuine
167,158.1,642.9,20.2,22.4,18.900000000000002,16.4,24.2,impersonator
786,12.8,234.7,217.1,232.9,231.9,453.3,13.9,genuine
687,159.9,179.7,169.4,176.3,173.6,141.7,158.3,impersonator
2034,188.3,162.3,153.1,157.2,162.1,162.6,142.6,impersonator
4324,165.0,191.6,161.2,178.7,179.5,173.3,160.1,impersonator
2764,165.0,166.0,167.0,167.0,167.0,167.0,169.0,genuine
4396,0.7999999999999972,28.2,57.3,34.0,1886.4,29.4,42.0,impersonator
4273,215.3,254.4,225.7,35.699999999999996,421.9,211.3,473.4,impersonator
4312,198.5,40.8,404.7,413.8,24.7,233.0,10.3,genuine
2713,168.0,183.0,159.0,172.0,168.0,12.0,167.0,genuine
3117,170.0,172.0,174.0,171.0,173.0,172.0,172.0,genuine
1688,16.5,15.1,214.7,213.6,199.8,215.3,417.1,genuine
4179,32.8,27.5,18.9,1383.3000000000002,-4.399999999999999,24.8,42.099999999999994,impersonator
2863,424.7,17.0,232.7,233.0,433.2,16.6,233.1,genuine
91,154.0,334.0,166.0,166.0,168.0,167.0,168.0,genuine
3333,16.0,19.3,1450.0,23.4,16.8,21.1,19.3,genuine
3258,16.1,20.1,1161.2,633.2,20.9,17.7,18.8,genuine
2104,169.1,160.5,172.4,162.6,157.6,189.3,165.6,impersonator
3943,23.9,12.7,218.4,202.3,18.3,20.2,16.7,genuine
1332,428.8,16.6,232.6,233.2,433.4,16.5,233.3,genuine
1508,168.0,173.0,169.0,172.0,171.0,172.0,167.0,genuine
4058,23.3,0.1999999999999993,790.6,399.9,42.5,655.3,-10.000000000000002,impersonator
3541,14.0,18.5,17.7,24.4,1763.6,15.7,19.6,genuine
2284,193.0,3.0,149.0,350.0,167.0,166.0,166.0,genuine
1910,9.0,180.0,318.0,172.0,168.0,11.0,166.0,genuine
3571,164.6,185.6,155.0,162.9,167.0,176.6,177.5,impersonator
2445,165.0,13.0,154.0,332.0,168.0,167.0,8.0,genuine
1865,16.1,475.9,25.9,39.5,232.6,235.5,215.1,impersonator
2215,230.3,229.3,233.1,450.0,16.1,233.6,232.4,genuine
3157,18.5,18.9,922.6,15.9,20.3,20.4,19.5,genuine
1721,172.0,171.0,176.0,175.0,172.0,172.0,172.0,genuine
3569,46.900000000000006,34.6,143.4,63.599999999999994,47.2,228.29999999999998,95.0,impersonator
2167,167.0,171.0,169.0,173.0,173.0,172.0,167.0,genuine
2609,144.7,177.9,167.8,153.6,192.5,165.6,164.7,impersonator
3545,24.1,15.1,18.0,767.9,18.3,19.0,18.8,genuine
599,170.0,173.0,175.0,170.0,173.0,174.0,174.0,genuine
4100,168.0,171.0,171.0,171.0,171.0,172.0,166.0,genuine
1759,229.9,232.8,433.2,16.7,233.0,16.7,216.5,genuine
385,450.0,13.700000000000001,243.6,243.89999999999998,420.0,10.799999999999999,251.6,impersonator
1051,145.5,162.8,161.0,160.7,191.8,163.1,147.1,impersonator
659,163.0,167.0,168.0,166.0,167.0,167.0,165.0,genuine
954,164.0,166.0,168.0,165.0,166.0,167.0,165.0,genuine
2925,163.0,149.3,193.3,187.1,193.9,190.3,159.0,impersonator
3976,19.9,16.1,963.8,632.0,18.5,15.1,18.8,genuine
1991,171.8,148.2,184.8,164.8,165.3,154.9,157.8,impersonator
4407,33.8,-3.3999999999999986,982.0,609.8,40.1,17.5,35.9,impersonator
3639,16.6,17.2,956.7,626.9,19.1,18.9,21.0,genuine
4265,167.0,187.0,16.0,149.0,333.0,167.0,184.0,genuine
3443,1819.4,38.9,31.2,-5.0,-2.6000000000000014,-2.0,30.3,impersonator
2996,169.1,188.6,148.1,156.6,145.9,156.5,-5.899999999999999,impersonator
2570,171.0,172.0,174.0,173.0,172.0,175.0,172.0,genuine
4288,21.8,42.5,1375.8000000000002,448.20000000000005,4.799999999999999,-1.1000000000000014,21.099999999999998,impersonator
1317,230.2,432.4,16.3,233.1,233.3,433.2,16.2,genuine
3559,153.3,150.9,190.0,174.5,145.9,167.4,150.1,impersonator
2551,19.7,172.6,840.5,26.599999999999998,26.7,-3.3999999999999986,-4.200000000000003,impersonator
1320,30.3,11.899999999999999,198.9,438.3,246.10000000000002,227.4,413.4,impersonator
1250,4.300000000000001,24.599999999999998,15.900000000000002,26.300000000000004,60.7,15.299999999999997,27.599999999999998,impersonator
1506,5.799999999999999,46.3,226.0,190.29999999999998,238.3,408.79999999999995,244.0,impersonator
474,180.0,167.0,166.0,167.0,166.0,183.0,166.0,genuine
3998,149.2,152.3,166.3,173.3,152.8,151.7,179.5,impersonator
1186,29.5,1359.5,16.1,6.899999999999999,21.099999999999998,26.1,18.900000000000002,impersonator
473,233.4,412.5,16.3,233.2,433.6,16.5,433.4,genuine
157,143.6,178.0,173.8,157.9,175.8,185.2,178.7,impersonator
2229,429.9,15.5,216.7,200.0,216.4,416.2,16.3,genuine
987,156.3,185.3,135.9,153.9,174.6,161.9,172.3,impersonator
1904,-7.100000000000001,205.3,210.6,450.9,29.099999999999998,225.3,223.79999999999998,impersonator
923,430.3,231.7,233.3,433.9,15.9,233.1,233.1,genuine
2965,17.2,20.1,979.9,411.8,21.2,21.0,21.6,genuine
3470,218.6,212.4,8.3,222.1,409.8,228.4,245.5,impersonator
1987,16.3,750.8,18.8,16.6,16.7,56.0,96.1,genuine
1372,157.8,182.9,159.4,157.3,175.1,190.8,185.4,impersonator
3512,11.2,25.4,1023.2,17.7,18.9,19.7,2290.4,genuine
309,17.0,1371.2,204.6,17.8,19.9,21.1,19.6,genuine
2141,167.0,172.0,169.0,173.0,171.0,172.0,166.0,genuine
263,224.6,14.900000000000002,196.3,206.9,435.8,49.8,223.29999999999998,impersonator
855,153.7,166.8,160.2,193.8,176.0,150.8,180.4,impersonator
1992,69.7,40.5,50.099999999999994,1869.2,8.200000000000001,-1.3999999999999986,25.6,impersonator
3336,16.4,15.1,19.3,145.3,839.5,17.5,16.8,genuine
244,583.9,383.1,17.599999999999998,22.900000000000002,27.9,37.4,15.3,impersonator
905,168.0,171.0,171.0,169.0,169.0,169.0,169.0,genuine
46,163.0,169.0,168.0,167.0,168.0,167.0,167.0,genuine
3085,12.6,445.4,31.6,450.8,31.4,232.4,233.9,genuine
176,163.0,183.0,167.0,167.0,166.0,167.0,166.0,genuine
1792,-6.699999999999999,1394.0,-6.199999999999999,9.5,7.0,25.3,41.2,impersonator
1184,26.8,42.599999999999994,428.0,251.2,447.20000000000005,26.0,221.9,impersonator
2460,17.4,15.0,1643.2,12.3,15.1,16.8,16.6,genuine
4264,1021.0,34.7,38.599999999999994,26.3,5.600000000000001,9.600000000000001,27.5,impersonator
4015,17.4,229.7,229.6,233.1,233.2,233.5,16.4,genuine
1606,166.0,334.1,150.8,182.7,-0.5999999999999996,187.4,347.7,impersonator
3360,78.9,45.3,1698.1,20.1,18.8,19.4,21.8,genuine
3993,11.9,18.5,970.6,17.6,17.3,821.2,16.9,genuine
1779,139.9,155.9,153.8,166.9,185.5,152.3,24.1,impersonator
39,160.1,163.8,146.8,170.3,160.5,180.8,177.4,impersonator
3525,89.4,1430.7,26.1,8.799999999999999,797.5,215.79999999999998,27.1,impersonator
693,180.0,176.0,154.0,170.0,172.0,12.0,166.0,genuine
2940,228.8,232.9,433.3,17.0,15.8,216.3,417.0,genuine
1679,15.8,211.9,216.2,199.7,417.0,233.2,433.4,genuine
2962,164.0,166.0,167.0,167.0,164.0,165.0,166.0,genuine
2477,164.0,179.0,154.0,173.0,167.0,9.0,166.0,genuine
1142,154.5,170.5,185.0,191.2,191.3,156.8,167.4,impersonator
577,0.5,450.4,7.800000000000001,207.7,456.40000000000003,8.400000000000002,241.5,impersonator
334,17.2,9.7,229.7,199.0,416.6,232.9,450.5,genuine
2634,230.3,433.5,16.0,233.4,433.6,16.2,433.3,genuine
298,160.4,200.0,142.8,159.1,162.6,-9.3,169.8,impersonator
2578,163.0,170.0,168.0,166.0,168.0,168.0,168.0,genuine
2308,423.09999999999997,-10.0,243.1,19.3,234.39999999999998,215.1,234.9,impersonator
20,168.1,174.5,145.1,158.5,187.7,169.4,171.2,impersonator
1233,17.9,228.5,249.60000000000002,442.5,-2.200000000000001,224.70000000000002,209.5,impersonator
2679,153.3,184.8,137.6,160.0,181.5,192.8,146.6,impersonator
2246,167.0,169.0,167.0,166.0,167.0,168.0,167.0,genuine
3259,242.0,223.0,434.7,51.3,223.60000000000002,222.1,467.5,impersonator
4138,164.0,165.0,166.0,167.0,167.0,166.0,167.0,genuine
2082,17.9,17.5,35.4,1966.0,21.4,20.7,21.9,genuine
591,15.6,16.3,977.4,630.5,16.2,16.1,17.9,genuine
2546,151.5,183.1,169.5,189.1,162.8,162.4,188.2,impersonator
3405,18.4,21.7,17.0,1183.0,18.6,18.7,19.1,genuine
2640,165.0,169.0,167.0,166.0,169.0,166.0,167.0,genuine
3929,169.0,171.0,175.0,172.0,172.0,172.0,174.0,genuine
2094,17.2,17.1,967.9,422.3,15.4,17.4,17.3,genuine
195,172.0,173.0,176.0,173.0,174.0,172.0,171.0,genuine
4182,162.4,147.6,176.3,179.1,197.3,178.2,189.9,impersonator
619,20.4,15.4,16.6,16.6,1208.3,18.7,18.9,genuine
3696,164.0,178.0,159.0,168.0,170.0,171.0,170.0,genuine
376,15.3,230.7,232.2,433.4,16.8,232.4,233.4,genuine
1939,183.3,150.4,150.4,178.6,149.5,193.4,180.0,impersonator
744,13.700000000000001,-2.6999999999999993,579.9,408.0,-1.6999999999999993,41.4,40.5,impersonator
2979,33.7,248.7,221.9,258.0,426.79999999999995,2.8000000000000007,249.2,impersonator
3120,165.5,155.0,189.8,173.8,195.4,179.0,172.7,impersonator
3553,47.6,426.9,-5.4,251.89999999999998,216.9,436.20000000000005,49.0,impersonator
829,167.2,168.0,183.2,158.8,178.0,157.1,154.3,impersonator
126,430.5,12.2,434.2,15.5,233.8,432.9,16.6,genuine
2289,179.8,173.3,184.0,163.0,169.9,171.8,157.5,impersonator
802,172.0,174.0,174.0,174.0,175.0,174.0,173.0,genuine
3691,417.2,218.8,223.0,229.8,198.29999999999998,425.20000000000005,34.2,impersonator
3663,13.2,15.9,17.0,16.6,1154.8,15.1,16.3,genuine
2304,21.8,25.9,1383.6000000000001,34.4,37.8,-7.400000000000002,0.5999999999999996,impersonator
2447,1053.8,1493.7,-3.1999999999999993,33.0,1.4000000000000021,40.2,49.8,impersonator
585,19.1,18.7,1778.2,18.0,17.4,17.9,18.0,genuine
644,-6.0,153.5,346.9,164.1,175.9,9.8,186.7,impersonator
532,204.2,230.4,235.5,474.6,2.4000000000000004,210.3,433.6,impersonator
425,34.8,87.6,1679.4,20.1,21.3,21.1,20.6,genuine
4067,18.0,16.9,74.2,13.7,55.3,39.1,107.8,genuine
67,143.2,146.4,160.7,148.9,178.2,154.3,173.9,impersonator
2932,169.0,172.0,176.0,172.0,174.0,174.0,172.0,genuine
938,187.9,169.8,190.3,194.6,149.5,186.4,190.8,impersonator
1360,180.1,153.3,183.2,193.4,190.2,174.3,178.1,impersonator
1975,16.1,15.2,212.1,216.2,417.1,233.0,233.0,genuine
1347,410.0,33.5,219.9,225.8,210.7,409.3,17.8,impersonator
3782,16.7,15.6,16.7,16.0,971.7,16.9,17.7,genuine
4123,244.10000000000002,220.29999999999998,242.6,243.7,22.8,232.4,650.8,impersonator
4311,164.0,166.0,166.0,167.0,166.0,165.0,166.0,genuine
1782,233.4,409.79999999999995,35.6,218.60000000000002,214.4,422.8,25.299999999999997,impersonator
3481,227.9,233.0,233.2,433.3,16.4,233.1,233.3,genuine
805,17.3,18.6,1606.9,15.0,17.7,17.5,17.8,genuine
4012,5.300000000000001,43.699999999999996,1736.4,9.8,-2.1000000000000014,44.400000000000006,0.3000000000000007,impersonator
346,399.4,212.0,412.4,-3.3000000000000007,221.20000000000002,435.59999999999997,26.9,impersonator
2400,181.8,161.5,180.1,145.8,152.0,170.3,147.0,impersonator
3716,-7.800000000000001,4.200000000000001,795.9,406.70000000000005,3.4000000000000004,411.8,-1.0,impersonator
1173,1062.6,201.4,17.6,20.1,17.3,19.7,18.4,genuine
1823,230.6,433.2,16.5,233.1,233.2,416.7,16.0,genuine
2496,175.1,342.3,151.9,154.4,176.3,160.4,147.6,impersonator
3648,39.4,137.1,331.0,164.3,184.1,181.1,168.3,impersonator
98,167.0,170.0,170.0,171.0,172.0,169.0,164.0,genuine
4165,217.4,228.20000000000002,440.3,11.9,238.5,231.0,223.6,impersonator
3145,165.0,169.0,168.0,168.0,167.0,167.0,167.0,genuine
1290,32.7,24.9,542.0,1044.3999999999999,45.2,10.0,0.9000000000000021,impersonator
3799,247.0,217.0,409.6,3.0,248.7,239.6,457.3,impersonator
3839,195.6,180.9,188.9,162.8,175.6,183.9,183.9,impersonator
3475,38.8,-1.8000000000000007,1621.6999999999998,14.4,41.0,35.4,-2.1999999999999993,impersonator
4278,183.3,161.5,151.6,173.4,165.7,152.1,154.0,impersonator
1108,170.0,173.0,174.0,171.0,173.0,172.0,173.0,genuine
1120,34.6,13.8,1010.3,15.6,1.799999999999999,33.0,14.7,impersonator
3888,157.3,189.3,189.6,156.5,192.2,191.0,160.4,impersonator
1910,20.4,204.6,335.2,161.1,181.0,15.8,173.3,impersonator
349,235.4,32.9,222.6,375.1,245.3,212.5,474.29999999999995,impersonator
607,165.0,167.0,167.0,166.0,167.0,166.0,169.0,genuine
1883,232.6,429.2,16.8,232.8,233.6,432.9,16.6,genuine
1629,-8.5,316.4,28.8,45.6,90.5,45.0,28.700000000000003,impersonator
3388,19.1,17.9,129.5,1469.6,20.9,19.2,20.2,genuine
3959,18.7,9.2,214.6,433.4,233.2,233.1,433.2,genuine
2260,98.9,58.3,71.9,73.8,50.0,64.2,88.9,genuine
3096,143.6,144.6,152.6,178.4,166.7,167.7,149.2,impersonator
4255,189.0,153.7,163.2,168.2,156.1,146.7,159.0,impersonator
595,168.0,186.0,12.0,150.0,334.0,183.0,166.0,genuine
1860,167.0,173.0,169.0,169.0,172.0,171.0,166.0,genuine
2704,-1.6999999999999993,35.0,1748.0,23.2,17.700000000000003,5.299999999999999,7.700000000000001,impersonator
3214,14.7,15.8,17.0,16.9,48.2,79.8,96.3,genuine
984,330.0,186.0,154.0,171.0,172.0,169.0,169.0,genuine
3895,1028.9,16.0,16.8,16.7,16.7,54.3,1979.3,genuine
3035,167.0,170.0,168.0,172.0,170.0,170.0,167.0,genuine
3827,154.6,153.7,153.0,-3.8999999999999986,170.2,346.7,186.0,impersonator
1218,217.9,209.29999999999998,418.9,37.9,239.7,235.4,251.6,impersonator
2611,-5.1,118.1,29.5,650.0,1.4000000000000021,21.5,-5.299999999999997,impersonator
2175,160.1,190.1,191.1,164.8,164.2,184.7,190.4,impersonator
428,166.0,167.0,168.0,165.0,168.0,168.0,167.0,genuine
3585,445.0,31.1,21.7,215.1,224.8,213.39999999999998,652.3,impersonator
3931,15.9,12.2,218.3,213.6,416.6,233.1,16.5,genuine
123,13.5,232.5,233.2,432.6,16.5,233.2,233.3,genuine
3663,28.9,37.7,33.0,-1.5999999999999979,1134.6,8.7,19.6,impersonator
4371,191.7,151.4,162.3,152.7,197.4,179.3,155.5,impersonator
4174,1077.2,1275.5,20.5,18.4,20.1,21.1,18.4,genuine
1816,244.3,228.4,439.4,-0.9000000000000021,233.2,213.29999999999998,418.9,impersonator
2386,169.0,175.0,173.0,172.0,175.0,174.0,172.0,genuine
202,164.0,175.0,156.0,172.0,170.0,9.0,167.0,genuine
1652,33.2,11.900000000000002,1226.5,6.5,39.4,612.6,17.0,impersonator
240,173.2,187.2,168.9,2.5999999999999996,147.7,333.0,183.2,impersonator
3266,18.5,21.7,955.0,634.1,18.8,16.8,19.2,genuine
3133,406.1,408.8,1.5,42.400000000000006,15.599999999999998,29.200000000000003,28.0,impersonator
1227,157.7,163.7,149.9,186.5,179.4,163.4,177.6,impersonator
278,164.0,186.0,160.0,171.0,169.0,13.0,167.0,genuine
2475,36.2,19.0,201.9,219.5,192.1,192.5,434.2,impersonator
1911,164.0,178.0,156.0,171.0,171.0,169.0,172.0,genuine
1139,166.5,200.4,129.3,186.7,161.7,11.2,152.4,impersonator
1746,159.6,191.2,180.9,187.0,174.2,146.9,3.3,impersonator
3711,161.0,151.8,179.2,177.8,169.7,166.3,159.1,impersonator
4447,14.1,19.5,1798.7,21.3,13.7,17.0,18.3,genuine
3294,38.2,227.8,217.0,437.6,20.700000000000003,219.0,249.9,impersonator
525,217.3,212.1,199.9,216.5,633.3,16.3,233.4,genuine
1066,187.0,8.0,149.0,351.0,166.0,166.0,166.0,genuine
704,28.8,23.5,1147.8999999999999,607.6999999999999,3.0,2.5,15.7,impersonator
3812,229.9,233.1,233.7,432.8,16.5,233.0,233.3,genuine
2069,1340.1,7.6,22.5,15.200000000000001,5.0,37.5,33.0,impersonator
787,17.5,21.4,16.8,18.6,18.5,47.0,34.8,genuine
848,22.2,20.2,211.4,216.1,199.5,416.6,434.1,genuine
929,10.0,216.79999999999998,251.10000000000002,254.60000000000002,421.09999999999997,5.800000000000001,426.6,impersonator
160,150.8,183.9,134.1,179.5,150.1,158.3,163.4,impersonator
4305,163.0,166.0,168.0,166.0,166.0,168.0,166.0,genuine
2961,167.0,172.0,170.0,171.0,170.0,172.0,165.0,genuine
2916,386.6,-0.3000000000000007,37.2,34.0,47.2,34.8,44.900000000000006,impersonator
1906,169.0,174.0,174.0,173.0,176.0,173.0,173.0,genuine
636,25.7,351.6,21.0,73.5,60.7,51.5,2545.4,impersonator
2945,244.4,424.2,-0.6999999999999993,223.7,432.9,29.0,436.90000000000003,impersonator
3360,58.60000000000001,57.5,1703.0,8.200000000000001,4.9,34.4,35.1,impersonator
2664,14.200000000000001,20.900000000000002,1164.6,642.6999999999999,9.000000000000002,27.1,23.7,impersonator
2991,163.0,179.0,155.0,170.0,168.0,169.0,169.0,genuine
2771,147.9,170.5,172.5,170.5,161.2,174.1,180.2,impersonator
4056,199.0,191.3,411.7,234.8,455.3,-5.099999999999998,225.8,impersonator
1347,424.7,16.1,232.3,232.9,233.1,433.3,16.7,genuine
4473,14.9,217.0,212.3,199.7,416.8,233.4,15.9,genuine
3082,101.7,325.2,20.2,38.3,92.5,2385.3,18.4,genuine
1399,82.4,596.7,1909.8,17.7,15.6,24.6,87.3,genuine
2751,1344.0,16.4,-5.0,445.7,0.8999999999999986,6.699999999999999,27.6,impersonator
4187,164.0,175.0,158.0,168.0,170.0,12.0,167.0,genuine
3675,171.9,203.3,142.0,168.4,192.9,190.2,188.2,impersonator
2580,161.6,170.0,170.0,194.3,165.5,154.1,170.8,impersonator
1727,228.8,232.9,16.4,216.5,417.1,233.0,233.0,genuine
3905,183.0,176.2,145.6,162.4,187.7,-15.399999999999999,141.1,impersonator
1296,162.0,167.0,168.0,165.0,167.0,167.0,165.0,genuine
228,-2.9999999999999982,-7.700000000000003,328.4,1469.5,-2.6999999999999993,7.399999999999999,20.6,impersonator
564,17.1,16.4,968.0,629.0,17.2,16.2,204.7,genuine
4352,163.0,179.0,160.0,170.0,168.0,171.0,170.0,genuine
528,595.1,382.5,13.2,21.5,22.8,9.799999999999999,32.9,impersonator
147,209.0,212.3,245.7,440.3,9.100000000000001,254.5,222.5,impersonator
1604,166.0,167.0,166.0,168.0,168.0,168.0,168.0,genuine
1256,171.0,170.0,170.0,172.0,172.0,169.0,166.0,genuine
3432,166.0,169.0,168.0,165.0,169.0,167.0,168.0,genuine
3296,17.3,12.4,17.1,972.1,629.9,16.5,15.4,genuine
3206,225.8,450.1,16.3,14.3,217.0,216.6,216.5,genuine
3579,164.9,184.9,189.5,189.8,170.3,156.9,181.6,impersonator
4080,61.5,2451.7,19.3,25.2,63.0,95.9,35.6,genuine
3134,171.0,174.0,173.0,171.0,171.0,175.0,173.0,genuine
435,17.3,214.4,212.8,416.3,233.2,433.7,16.3,genuine
2844,424.9,16.7,231.5,233.3,232.9,233.7,433.4,genuine
3046,185.6,177.5,173.5,185.8,160.3,172.9,154.6,impersonator
3048,331.0,167.0,168.0,166.0,168.0,166.0,169.0,genuine
1059,215.9,213.3,416.3,233.0,233.4,433.6,16.1,genuine
2782,164.0,179.0,155.0,170.0,169.0,173.0,167.0,genuine
2816,19.1,16.5,17.3,546.1,21.6,20.3,18.4,genuine
2067,160.3,166.3,180.4,170.0,152.8,186.0,-4.4,impersonator
1726,163.0,186.0,158.0,170.0,169.0,182.0,167.0,genuine
3729,166.0,170.0,171.0,168.0,168.0,167.0,168.0,genuine
646,164.0,182.0,156.0,170.0,9.0,166.0,334.0,genuine
3538,225.0,234.2,232.7,232.5,232.7,232.9,216.8,genuine
3679,167.0,12.0,155.0,331.0,167.0,169.0,9.0,genuine
2547,212.4,215.39999999999998,235.9,423.9,30.7,227.6,230.2,impersonator
1969,163.0,174.0,346.0,15.0,171.0,175.0,173.0,genuine
1623,167.0,174.0,169.0,172.0,170.0,171.0,165.0,genuine
2344,28.5,35.9,333.1,1465.2,21.4,15.200000000000001,28.9,impersonator
1026,145.4,159.4,166.8,160.1,152.5,155.6,179.9,impersonator
2557,15.5,423.7,14.8,233.0,233.1,232.9,433.6,genuine
3510,140.0,148.3,173.6,189.3,186.9,187.8,163.9,impersonator
1733,217.0,194.7,217.70000000000002,246.70000000000002,228.20000000000002,467.3,24.1,impersonator
2966,17.3,19.9,981.7,630.9,26.5,18.5,20.4,genuine
3520,171.0,173.0,173.0,173.0,171.0,174.0,173.0,genuine
2970,147.9,160.2,159.4,173.8,169.4,179.7,177.9,impersonator
3187,37.3,1406.1000000000001,23.200000000000003,2.200000000000003,32.0,8.0,-1.5,impersonator
1704,206.0,446.8,23.9,249.29999999999998,233.6,468.0,54.8,impersonator
2986,170.0,173.0,174.0,173.0,172.0,172.0,174.0,genuine
3724,164.0,168.0,168.0,168.0,168.0,168.0,168.0,genuine
4088,15.7,228.9,232.1,433.4,16.8,233.0,233.2,genuine
2134,165.0,186.0,154.0,171.0,168.0,171.0,169.0,genuine
4004,173.0,171.0,174.0,172.0,173.0,172.0,174.0,genuine
3892,165.8,159.7,174.8,188.1,186.9,144.9,159.3,impersonator
2819,166.6,169.3,32.9,159.1,327.6,158.7,185.1,impersonator
1697,51.6,1339.9,1705.8,21.6,20.6,19.6,38.9,genuine
2052,48.5,1995.8,238.7,22.8,17.2,17.3,27.0,genuine
1002,38.0,2.799999999999999,11.6,25.1,20.2,14.8,10.7,impersonator
2983,181.0,172.0,156.0,171.0,172.0,12.0,166.0,genuine
3592,218.2,227.9,438.3,7.699999999999999,226.9,236.0,230.20000000000002,impersonator
1430,415.6,14.6,231.6,233.1,433.5,16.5,233.2,genuine
618,216.79999999999998,27.0,179.4,237.20000000000002,210.79999999999998,401.7,253.5,impersonator
1113,172.0,174.0,174.0,172.0,175.0,173.0,173.0,genuine
661,15.7,22.5,1194.9,20.9,16.0,16.6,17.4,genuine
4380,175.7,181.1,194.1,193.7,178.9,157.3,167.0,impersonator
4052,152.8,156.2,185.9,-8.399999999999999,154.7,348.5,183.1,impersonator
1222,69.6,244.8,16.9,77.5,56.0,58.5,40.7,genuine
2838,423.1,220.2,228.2,431.40000000000003,10.600000000000001,257.1,2.8000000000000007,impersonator
4442,38.0,38.3,1404.6,31.200000000000003,39.3,35.7,10.0,impersonator
3314,447.0,30.2,226.79999999999998,242.5,434.1,32.0,251.29999999999998,impersonator
1812,158.2,176.0,182.5,165.3,175.1,176.8,154.9,impersonator
163,-8.0,195.89999999999998,420.29999999999995,223.29999999999998,458.09999999999997,3.099999999999998,235.29999999999998,impersonator
26,413.7,433.4,15.9,233.3,233.5,433.2,16.5,genuine
4034,34.7,12.600000000000001,781.6999999999999,6.699999999999999,39.0,36.6,22.900000000000002,impersonator
3561,221.29999999999998,232.8,236.9,209.39999999999998,208.0,435.79999999999995,19.5,impersonator
1260,227.4,232.7,233.0,232.6,450.7,15.5,233.3,genuine
1567,165.6,191.7,189.6,184.1,180.6,176.1,160.3,impersonator
3844,149.8,155.5,179.0,184.2,188.9,171.8,141.3,impersonator
4306,16.7,18.4,783.3,421.4,15.7,18.2,17.8,genuine
2033,-2.6999999999999993,111.8,95.7,1454.5,0.8000000000000007,-0.6999999999999993,41.0,impersonator
901,154.5,206.4,147.1,141.1,168.7,169.3,153.3,impersonator
2676,139.7,161.6,189.0,169.1,180.6,151.5,160.2,impersonator
2918,18.8,18.8,17.5,780.8,17.6,20.6,21.3,genuine
2512,170.0,172.0,175.0,173.0,175.0,171.0,173.0,genuine
2437,13.5,1209.1,17.5,221.9,16.3,413.3,430.7,genuine
256,184.4,197.7,151.1,161.1,194.2,177.3,1.3000000000000007,impersonator
2900,68.6,1823.3,12.4,15.9,16.9,17.9,20.2,genuine
1123,6.100000000000001,33.7,637.1,25.8,229.60000000000002,211.5,433.59999999999997,impersonator
1346,174.3,159.0,133.7,158.4,-4.5,165.3,321.7,impersonator
25,19.9,15.8,438.2,232.5,450.8,29.9,234.3,genuine
4020,12.8,234.5,430.2,16.1,233.3,233.1,16.6,genuine
4385,228.3,13.0,233.3,199.3,417.7,232.3,450.8,genuine
1319,36.4,1223.8,1.6000000000000014,24.6,0.3999999999999986,-7.0,13.5,impersonator
4201,229.3,433.3,16.3,233.5,233.0,433.3,16.4,genuine
3877,-0.1999999999999993,427.09999999999997,32.5,251.8,253.5,442.2,-6.800000000000001,impersonator
1220,967.9,206.5,-2.3000000000000007,0.20000000000000284,31.4,2.8000000000000007,43.5,impersonator
339,170.0,173.0,175.0,174.0,174.0,172.0,172.0,genuine
4116,168.0,171.0,168.0,172.0,171.0,171.0,167.0,genuine
580,170.0,173.0,174.0,173.0,173.0,172.0,175.0,genuine
1366,189.5,187.0,163.8,184.6,190.1,178.6,186.5,impersonator
3739,241.2,229.5,474.3,53.5,218.9,224.4,447.2,impersonator
2222,-4.799999999999999,7.800000000000001,1803.3,0.3000000000000007,-4.900000000000002,22.2,8.2,impersonator
3308,164.0,165.0,168.0,166.0,167.0,168.0,165.0,genuine
1766,15.7,194.0,333.4,182.9,178.4,182.7,182.7,impersonator
3651,171.0,171.0,175.0,173.0,172.0,173.0,174.0,genuine
1328,188.3,154.5,179.8,183.2,189.3,149.1,170.4,impersonator
1686,332.0,169.0,165.0,4.0,163.0,4.0,326.0,genuine
3846,105.0,1214.3,29.6,1222.3999999999999,15.999999999999998,41.2,-0.40000000000000213,impersonator
3312,-10.9,24.5,13.8,14.100000000000001,1171.1,41.3,9.3,impersonator
1159,157.0,336.0,166.0,169.0,16.0,151.0,334.0,genuine
2630,233.0,430.3,16.0,233.2,232.7,433.6,16.1,genuine
4491,163.0,178.0,159.0,170.0,170.0,170.0,170.0,genuine
552,171.0,174.0,175.0,172.0,172.0,173.0,172.0,genuine
325,208.9,217.1,418.0,232.9,449.4,16.1,233.2,genuine
3747,168.3,150.0,186.3,148.9,164.2,150.9,156.3,impersonator
698,213.2,416.5,233.1,233.4,433.2,16.4,233.0,genuine
1589,20.3,14.0,17.5,17.7,961.8,19.3,16.8,genuine
965,230.5,232.5,433.0,17.0,233.0,233.8,435.9,genuine
1307,17.8,18.5,17.0,987.0,19.0,18.4,21.1,genuine
1274,194.6,195.0,188.3,175.0,163.0,163.9,173.6,impersonator
2336,29.5,193.29999999999998,395.8,210.1,444.59999999999997,-6.600000000000001,227.6,impersonator
201,170.0,175.0,175.0,173.0,172.0,175.0,173.0,genuine
2614,168.0,172.0,169.0,174.0,170.0,171.0,169.0,genuine
2106,163.0,166.0,166.0,165.0,166.0,166.0,166.0,genuine
2742,165.0,170.0,167.0,168.0,167.0,167.0,167.0,genuine
3107,171.0,172.0,174.0,174.0,172.0,174.0,171.0,genuine
2426,166.0,168.0,168.0,168.0,168.0,166.0,167.0,genuine
1583,16.5,14.4,216.3,212.3,199.7,216.4,416.0,genuine
1832,171.0,174.0,173.0,172.0,173.0,174.0,173.0,genuine
235,915.4,17.8,19.6,17.8,18.3,2253.9,15.3,genuine
3667,17.0,230.0,228.6,233.2,433.2,16.5,233.0,genuine
4282,13.1,218.1,212.5,199.5,417.0,233.3,433.1,genuine
2281,1007.9,1482.4,19.8,20.2,20.8,19.2,15.7,genuine
3003,14.3,232.3,231.2,231.9,216.9,234.1,232.8,genuine
4131,176.0,410.7,29.1,232.8,186.70000000000002,236.79999999999998,406.0,impersonator
3697,15.2,19.8,789.8,627.2,18.3,16.4,18.2,genuine
4197,15.9,18.7,13.5,48.1,41.5,39.2,98.7,genuine
3358,22.6,6.9,330.2,17.599999999999998,18.5,0.6000000000000014,52.7,impersonator
3475,18.3,16.4,1605.1,15.3,16.8,17.0,16.8,genuine
1157,17.7,20.5,1792.8,19.5,20.4,17.8,18.1,genuine
1324,181.9,191.9,168.2,186.7,168.6,158.4,197.3,impersonator
1124,17.3,16.7,59.7,488.1,1264.0,20.6,19.1,genuine
2563,185.8,186.0,155.9,184.8,142.4,163.9,189.0,impersonator
4300,212.8,199.6,216.5,417.3,15.5,216.8,200.0,genuine
2480,44.5,209.70000000000002,254.0,219.20000000000002,240.6,435.4,12.399999999999999,impersonator
1599,31.6,6.099999999999998,1398.0,17.5,13.8,28.9,6.900000000000002,impersonator
1407,173.0,172.0,174.0,172.0,173.0,173.0,171.0,genuine
4234,15.5,19.6,17.3,774.2,19.7,17.2,18.2,genuine
852,-7.1,67.4,97.5,1659.5,39.1,3.3000000000000007,15.2,impersonator
4411,161.6,188.7,173.7,144.5,161.6,192.9,-2.3000000000000007,impersonator
1613,170.2,167.2,195.9,176.7,165.1,170.3,172.8,impersonator
1838,164.0,169.0,10.0,154.0,331.0,167.0,168.0,genuine
630,15.7,1604.5,21.3,16.6,16.6,17.8,18.2,genuine
2132,31.5,67.1,36.8,335.09999999999997,6.700000000000001,28.299999999999997,62.3,impersonator
2957,29.0,39.8,327.4,1265.7,8.2,30.2,40.9,impersonator
3528,166.0,167.0,169.0,168.0,167.0,168.0,167.0,genuine
1994,173.0,172.0,172.0,174.0,172.0,174.0,172.0,genuine
4260,179.1,187.9,155.7,159.1,153.9,31.8,181.7,impersonator
804,168.0,171.0,170.0,173.0,170.0,172.0,167.0,genuine
4247,15.8,17.7,18.0,972.1,19.2,20.6,19.9,genuine
2500,187.0,166.2,172.4,167.6,157.9,172.6,187.8,impersonator
3107,150.5,153.6,150.2,169.4,149.9,193.7,146.9,impersonator
950,173.3,174.0,174.1,157.5,184.0,163.0,196.8,impersonator
3776,176.4,161.1,143.3,30.9,133.0,344.7,170.1,impersonator
506,149.6,161.4,158.7,186.5,159.7,180.6,195.5,impersonator
524,176.4,176.7,175.9,186.4,190.7,173.3,200.2,impersonator
3719,18.0,19.4,962.0,626.2,20.5,21.7,22.9,genuine
2951,168.0,173.0,168.0,172.0,171.0,170.0,181.0,genuine
2636,183.5,173.9,190.7,160.6,171.1,179.3,170.0,impersonator
1335,1847.1,18.6,16.8,20.2,19.1,20.4,22.2,genuine
2391,2499.4,3.299999999999999,38.2,34.0,34.7,66.4,31.599999999999998,impersonator
1714,230.7,235.3,450.1,16.1,233.2,233.6,449.6,genuine
3729,150.2,151.4,168.9,143.7,149.0,152.1,182.7,impersonator
4037,13.9,11.0,231.4,199.1,216.8,416.8,449.9,genuine
520,15.8,17.9,18.8,54.9,54.0,40.9,88.1,genuine
639,28.799999999999997,206.7,30.8,195.2,185.8,410.3,224.70000000000002,impersonator
3350,176.2,193.1,153.1,182.6,159.5,154.9,174.2,impersonator
4451,105.4,2533.1,11.200000000000001,26.7,427.7,36.4,0.6000000000000014,impersonator
1650,13.5,432.3,16.2,232.7,233.3,233.1,216.8,genuine
3926,228.5,433.1,16.5,233.2,233.2,233.1,433.6,genuine
2415,179.8,200.4,161.9,178.9,-10.8,162.7,364.2,impersonator
1919,167.0,173.0,171.0,169.0,171.0,173.0,166.0,genuine
847,84.9,44.5,39.4,137.1,14.6,128.5,63.8,genuine
709,12.0,158.0,331.0,167.0,171.0,5.0,172.0,genuine
2769,416.5,34.099999999999994,216.5,225.60000000000002,219.5,434.1,13.5,impersonator
2745,179.6,170.0,175.3,181.7,178.3,148.4,169.0,impersonator
178,15.6,17.9,134.7,18.5,65.1,32.1,86.3,genuine
2465,175.3,183.1,189.5,162.7,143.9,179.0,151.5,impersonator
3029,228.2,231.8,451.5,30.5,234.0,232.8,450.3,genuine
2355,44.9,1027.5,17.6,17.9,2066.9,18.2,17.5,genuine
3666,167.1,175.6,177.5,181.4,148.3,172.6,188.1,impersonator
2271,26.799999999999997,44.400000000000006,969.5,655.5,-0.1999999999999993,20.7,42.2,impersonator
3347,165.0,168.0,167.0,8.0,160.0,331.0,166.0,genuine
453,162.0,166.0,166.0,168.0,164.0,167.0,168.0,genuine
4277,12.099999999999998,-6.699999999999999,194.8,193.0,15.9,4.899999999999999,-0.6000000000000014,impersonator
1942,230.0,453.4,30.4,233.6,232.8,450.6,16.8,genuine
1130,17.7,17.6,968.8,422.1,16.4,18.6,20.7,genuine
3168,156.2,195.0,169.8,192.0,175.1,149.8,175.7,impersonator
2969,165.0,166.0,168.0,168.0,165.0,168.0,165.0,genuine
1655,18.7,118.0,1468.1,21.8,19.7,20.5,20.7,genuine
493,18.8,20.1,20.1,959.2,20.4,20.4,20.3,genuine
4210,606.6,403.0,15.3,18.1,20.1,16.6,17.8,genuine
34,39.8,9.399999999999999,1569.2,255.29999999999998,37.4,11.8,18.0,impersonator
2943,184.3,178.1,177.9,34.0,156.0,332.3,165.0,impersonator
4242,164.0,182.0,159.0,169.0,5.0,166.0,350.0,genuine
3572,227.1,231.0,450.6,31.5,234.4,232.4,450.6,genuine
1771,11.999999999999998,12.4,1410.1,27.1,31.1,34.4,16.0,impersonator
12,28.9,1841.0,42.2,-2.6999999999999993,42.2,22.0,-0.10000000000000142,impersonator
2560,159.7,191.0,173.0,192.8,156.3,189.0,185.0,impersonator
1138,10.0,182.0,14.0,316.0,334.0,166.0,184.0,genuine
4421,430.6,13.2,433.5,16.4,473.6,28.4,429.3,genuine
2992,51.5,108.2,86.1,83.7,58.8,59.400000000000006,104.10000000000001,impersonator
2298,20.5,23.0,1395.2,28.9,31.9,33.099999999999994,420.9,impersonator
2183,14.7,18.6,983.9,632.1,22.8,18.9,20.3,genuine
3696,146.3,177.9,142.7,179.6,146.3,177.3,149.0,impersonator
2685,22.8,445.0,53.1,446.3,39.0,228.89999999999998,18.4,impersonator
1475,14.5,228.7,233.4,433.3,16.3,233.3,233.3,genuine
1010,16.6,20.0,1161.8,422.0,15.6,18.9,20.3,genuine
4119,9.1,4.299999999999999,986.4,635.9,21.099999999999998,-8.2,26.9,impersonator
816,40.0,16.9,112.0,1273.0,3.5,5.299999999999999,-0.40000000000000213,impersonator
2733,0.0,222.3,452.2,13.999999999999998,251.79999999999998,211.1,424.09999999999997,impersonator
2902,231.89999999999998,207.4,236.4,221.1,445.5,-6.799999999999997,444.5,impersonator
141,165.0,168.0,168.0,168.0,168.0,167.0,168.0,genuine
1013,160.4,194.5,175.7,182.1,194.9,153.7,169.8,impersonator
3528,147.6,169.1,178.9,152.8,182.6,145.5,181.3,impersonator
3668,169.0,172.0,169.0,170.0,172.0,172.0,166.0,genuine
2674,4.5,28.1,33.9,737.1999999999999,26.0,2.8000000000000007,13.5,impersonator
3744,145.6,174.9,144.5,172.2,159.1,165.9,169.5,impersonator
103,226.9,449.5,32.1,234.1,232.8,449.8,15.4,genuine
843,18.8,1161.1,631.6,21.8,17.1,19.3,19.3,genuine
2268,227.1,226.20000000000002,437.2,27.9,447.6,17.4,215.79999999999998,impersonator
2116,14.6,2110.8,23.3,18.5,16.2,17.1,20.9,genuine
3546,14.7,114.1,18.1,20.4,16.7,33.7,79.9,genuine
3140,21.099999999999998,541.7,24.1,40.400000000000006,37.7,67.1,97.0,impersonator
1419,166.0,168.0,9.0,157.0,330.0,166.0,169.0,genuine
1545,168.0,173.0,168.0,172.0,172.0,171.0,166.0,genuine
4325,230.0,233.0,433.2,16.8,232.5,233.3,432.9,genuine
2045,166.0,173.0,171.0,170.0,171.0,170.0,168.0,genuine
4268,17.5,17.9,973.4,208.7,19.0,19.4,17.5,genuine
4013,31.8,250.89999999999998,253.89999999999998,248.0,423.2,7.199999999999999,251.9,impersonator
265,15.6,97.0,60.2,64.0,30.8,113.9,18.1,genuine
2460,12.299999999999999,6.199999999999999,1639.5,-8.5,33.8,6.600000000000001,14.200000000000001,impersonator
138,39.4,16.1,34.3,429.1,420.5,243.6,449.59999999999997,impersonator
3876,165.0,171.0,170.0,174.0,170.0,173.0,164.0,genuine
1748,429.70000000000005,14.2,235.70000000000002,219.0,451.4,5.399999999999999,461.0,impersonator
316,143.3,158.9,155.3,179.6,179.8,152.7,152.8,impersonator
4379,167.0,168.5,191.5,174.3,181.0,196.3,187.6,impersonator
3662,161.0,188.8,129.8,158.1,190.4,143.8,150.1,impersonator
3229,39.1,-3.5,24.0,577.4,8.7,11.0,40.400000000000006,impersonator
3441,166.0,188.0,155.0,171.0,168.0,170.0,168.0,genuine
3258,24.6,29.200000000000003,1138.3,644.5,4.699999999999999,28.799999999999997,15.3,impersonator
3403,153.2,40.1,71.8,90.0,17.8,31.8,128.1,genuine
2164,142.6,203.5,176.5,182.3,153.0,184.9,186.2,impersonator
3280,168.0,170.0,170.0,170.0,173.0,170.0,164.0,genuine
269,15.9,17.3,142.8,1270.1,15.7,17.3,15.6,genuine
2813,169.0,170.0,168.0,171.0,173.0,171.0,166.0,genuine
1778,162.2,164.0,184.0,195.7,156.3,149.3,152.6,impersonator
3945,14.7,223.9,232.0,433.6,16.2,232.8,216.7,genuine
4430,218.8,410.2,233.1,433.5,16.6,433.2,16.7,genuine
370,794.3,227.1,20.299999999999997,24.7,5.999999999999998,41.8,17.6,impersonator
1235,182.2,164.4,146.3,171.9,184.1,153.1,35.5,impersonator
1608,1211.6,19.2,18.0,20.4,17.1,18.9,20.1,genuine
4149,16.6,15.3,17.9,17.6,22.0,52.4,30.7,genuine
4098,284.8,-3.200000000000003,46.9,0.3999999999999986,149.20000000000002,14.8,95.10000000000001,impersonator
527,166.0,164.0,167.0,169.0,167.0,165.0,168.0,genuine
3484,174.4,147.2,170.5,172.7,163.3,168.8,145.3,impersonator
1887,166.0,186.0,156.0,169.0,172.0,169.0,170.0,genuine
1698,17.0,20.4,952.9,838.4,18.7,19.7,19.2,genuine
1081,842.5999999999999,3.8999999999999986,-6.699999999999999,10.9,0.8999999999999986,1603.2,24.0,impersonator
276,168.0,190.0,9.0,150.0,350.0,167.0,166.0,genuine
3536,18.1,18.6,983.0,630.3,24.7,18.1,20.6,genuine
1674,167.0,174.0,171.0,170.0,171.0,171.0,165.0,genuine
3440,433.6,211.3,428.40000000000003,-0.3000000000000007,219.6,208.4,253.4,impersonator
4292,45.6,2280.8,242.8,17.1,16.9,79.1,94.1,genuine
4043,139.2,177.4,176.2,170.9,143.8,143.4,148.9,impersonator
3803,168.0,15.0,152.0,334.0,169.0,166.0,10.0,genuine
2690,166.0,168.0,167.0,167.0,166.0,10.0,156.0,genuine
1482,15.5,16.0,970.6,630.9,16.2,16.2,16.6,genuine
3501,151.6,186.8,155.6,190.6,148.4,177.3,197.0,impersonator
513,11.9,13.8,15.8,16.7,17.2,16.4,16.1,genuine
597,15.8,27.3,21.2,10.0,603.2,-1.1000000000000014,-4.5,impersonator
999,-4.900000000000002,30.4,1399.4,38.0,36.099999999999994,31.700000000000003,42.2,impersonator
2009,4.5,32.6,3.3000000000000007,1775.1,2.5,-1.2999999999999972,30.799999999999997,impersonator
3064,36.2,-4.899999999999999,952.0,-3.1000000000000014,40.5,31.8,-4.900000000000002,impersonator
1963,164.0,167.0,167.0,167.0,167.0,169.0,168.0,genuine
3297,158.7,178.9,158.8,169.3,186.2,185.1,175.7,impersonator
3599,147.2,174.0,174.7,31.3,173.7,311.1,166.0,impersonator
1343,197.2,235.9,31.2,200.2,216.6,418.1,14.1,genuine
1433,229.6,433.2,16.0,233.1,233.2,433.4,17.1,genuine
3071,229.6,201.8,438.59999999999997,210.9,433.09999999999997,0.5,257.2,impersonator
791,14.2,14.6,22.9,42.3,39.5,1151.4,17.9,genuine
3353,14.5,17.6,16.8,64.0,26.4,20.8,187.5,genuine
894,166.0,167.0,169.0,170.0,170.0,170.0,168.0,genuine
236,5.0,-0.40000000000000213,822.2,9.0,37.8,44.2,39.2,impersonator
3043,157.3,155.5,148.7,181.4,145.3,158.4,192.9,impersonator
2433,172.0,174.0,173.0,172.0,173.0,171.0,173.0,genuine
3124,12.1,831.7,18.9,20.2,18.3,2270.8,18.2,genuine
2644,12.1,250.6,213.1,418.9,17.599999999999998,223.4,229.1,impersonator
2301,172.0,175.0,174.0,173.0,171.0,172.0,171.0,genuine
457,172.0,175.0,174.0,174.0,172.0,174.0,171.0,genuine
1112,173.3,173.1,189.3,169.6,146.9,154.0,168.5,impersonator
3999,147.4,160.5,192.0,175.9,193.3,152.0,177.5,impersonator
1664,16.7,1163.3,605.0,8.799999999999999,-0.40000000000000213,-2.1999999999999993,18.9,impersonator
3563,160.6,183.6,151.5,151.9,177.5,171.6,164.7,impersonator
1843,155.7,189.5,171.3,183.7,183.5,155.8,158.5,impersonator
1600,17.1,19.1,783.7,629.0,21.9,17.0,20.6,genuine
2550,152.9,168.3,166.9,155.8,166.7,172.3,178.0,impersonator
2409,0.40000000000000036,28.6,205.1,240.39999999999998,191.0,417.0,228.0,impersonator
1243,209.2,232.2,433.5,17.0,233.1,233.1,433.3,genuine
2396,16.8,-4.800000000000001,1212.2,29.9,6.5,-2.5,7.600000000000001,impersonator
3683,140.0,164.0,160.9,144.1,144.6,170.8,184.0,impersonator
1100,229.9,233.3,233.0,433.5,17.1,233.2,233.0,genuine
721,169.0,171.0,172.0,172.0,173.0,175.0,171.0,genuine
63,248.70000000000002,227.70000000000002,220.5,36.1,228.1,592.4,37.2,impersonator
3249,-3.299999999999997,12.400000000000002,96.9,515.3000000000001,42.599999999999994,6.6,-4.100000000000001,impersonator
2848,229.5,433.4,16.1,233.2,233.3,233.2,417.0,genuine
3049,171.0,174.0,173.0,174.0,175.0,172.0,174.0,genuine
243,30.0,1349.6,202.5,14.8,-5.300000000000001,-1.0,26.5,impersonator
1666,14.4,15.9,16.7,16.7,16.8,72.1,75.9,genuine
760,19.4,18.1,328.8,838.5,20.6,21.0,20.9,genuine
3833,14.6,231.9,230.2,433.3,16.4,233.2,233.3,genuine
1238,166.2,190.0,149.0,188.5,197.0,150.6,153.8,impersonator
971,10.3,-5.600000000000001,1580.0,21.700000000000003,14.1,25.9,44.2,impersonator
1227,165.0,187.0,157.0,169.0,171.0,170.0,170.0,genuine
4009,164.0,179.0,156.0,172.0,169.0,170.0,168.0,genuine
2702,89.5,1166.3,13.7,17.2,17.4,48.4,31.9,genuine
2495,26.5,1456.2,22.5,1021.3,3.0,6.600000000000001,85.2,impersonator
1553,17.6,22.9,965.0,421.4,15.9,19.4,19.3,genuine
2157,17.0,14.8,215.8,212.6,199.7,215.2,416.9,genuine
3253,29.9,29.2,20.4,0.5,15.200000000000001,71.5,25.8,impersonator
2887,-5.9,33.1,172.0,1264.3,17.599999999999998,32.5,10.000000000000002,impersonator
352,180.0,171.0,159.0,168.0,171.0,169.0,10.0,genuine
4216,229.1,447.6,14.9,233.7,233.1,450.5,16.4,genuine
351,15.0,983.6,632.4,16.8,16.0,427.0,406.4,genuine
1252,330.0,188.0,153.0,170.0,170.0,169.0,169.0,genuine
178,31.299999999999997,24.0,132.0,-6.199999999999999,54.599999999999994,23.8,75.0,impersonator
2459,173.0,173.0,174.0,174.0,171.0,173.0,174.0,genuine
609,410.20000000000005,242.5,239.10000000000002,429.9,37.099999999999994,424.1,35.400000000000006,impersonator
1774,828.0,379.8,34.8,20.1,43.599999999999994,19.9,8.3,impersonator
2015,164.7,213.7,147.1,190.7,145.7,156.6,201.2,impersonator
443,171.0,174.0,172.0,174.0,172.0,174.0,175.0,genuine
164,169.0,174.0,172.0,174.0,173.0,173.0,175.0,genuine
1861,178.0,172.8,162.5,185.6,158.5,180.6,175.4,impersonator
1271,233.1,196.0,233.2,233.1,433.3,16.5,233.3,genuine
3348,159.2,183.5,154.3,155.1,149.6,151.7,159.7,impersonator
3125,230.3,229.1,449.6,31.5,233.9,449.6,15.5,genuine
1086,164.0,168.0,167.0,166.0,167.0,167.0,166.0,genuine
1960,1242.0,16.9,17.4,1892.6,19.5,18.7,16.6,genuine
2818,201.9,155.4,170.9,178.5,149.0,162.3,175.1,impersonator
29,1463.2,16.4,19.0,1436.8,21.8,20.9,19.3,genuine
1785,14.8,11.9,229.9,198.4,216.7,216.1,617.3,genuine
2860,16.1,790.5,417.4,17.0,17.6,19.5,18.9,genuine
3190,162.0,217.9,166.3,161.2,165.6,186.1,146.0,impersonator
1111,1375.5,16.9,-2.6999999999999993,13.8,22.0,2.9000000000000004,-2.0,impersonator
2688,180.0,167.0,166.0,167.0,184.0,166.0,167.0,genuine
1632,29.8,740.0,14.299999999999999,632.9,32.7,3.8999999999999986,-3.6000000000000014,impersonator
948,164.0,169.0,166.0,166.0,168.0,169.0,167.0,genuine
1420,229.4,433.1,16.4,233.2,433.3,16.3,233.3,genuine
3548,165.0,168.0,168.0,166.0,168.0,166.0,168.0,genuine
1092,167.0,184.0,12.0,150.0,350.0,167.0,166.0,genuine
2501,3.4000000000000004,41.7,44.3,1033.7,-5.200000000000003,39.599999999999994,38.3,impersonator
2299,333.8,16.3,170.2,364.9,-4.199999999999999,158.6,348.0,impersonator
1937,243.9,457.7,31.900000000000002,233.7,-3.1000000000000014,195.89999999999998,202.7,impersonator
3339,415.8,6.800000000000001,248.6,230.4,219.7,437.2,32.1,impersonator
1681,18.6,18.7,19.2,1410.3,17.7,22.3,20.1,genuine
1932,408.20000000000005,239.2,12.3,232.0,415.0,246.8,35.3,impersonator
2776,172.0,173.0,173.0,172.0,172.0,224.0,165.0,genuine
661,-4.800000000000001,39.2,1175.7,10.7,27.2,-5.699999999999999,2.1999999999999993,impersonator
3104,350.0,192.0,162.0,176.0,176.0,172.0,3.0,genuine
705,16.9,21.1,1164.6,630.4,19.6,17.2,19.4,genuine
800,166.1,177.2,190.0,173.5,189.0,151.9,196.8,impersonator
1002,16.9,18.4,19.7,17.5,19.2,19.0,27.2,genuine
4278,163.0,168.0,166.0,167.0,166.0,167.0,166.0,genuine
1840,433.1,26.5,219.4,233.1,433.7,30.6,219.2,genuine
2928,149.9,175.2,174.9,163.5,154.2,175.3,159.5,impersonator
3620,166.0,166.0,166.0,168.0,167.0,168.0,168.0,genuine
4103,211.5,236.1,218.7,225.2,473.5,6.800000000000001,214.4,impersonator
1971,164.0,169.0,168.0,167.0,169.0,167.0,167.0,genuine
880,37.8,58.5,40.099999999999994,54.3,79.80000000000001,44.400000000000006,97.1,impersonator
3502,191.6,164.8,167.7,196.5,157.4,171.4,176.2,impersonator
2595,36.5,1600.0,18.1,9.299999999999999,-0.3000000000000007,26.4,13.5,impersonator
2731,168.8,178.7,157.2,181.2,176.3,164.4,153.3,impersonator
3216,165.0,167.0,166.0,169.0,169.0,168.0,167.0,genuine
1099,15.2,788.2,15.4,16.2,16.9,55.3,86.3,genuine
2300,35.5,1185.3,408.9,36.0,16.7,8.000000000000002,35.2,impersonator
4439,182.8,186.2,186.1,173.1,187.0,150.4,157.2,impersonator
2737,164.0,182.0,158.0,173.0,5.0,166.0,350.0,genuine
1946,429.5,16.2,233.1,233.3,433.1,16.7,433.3,genuine
1341,198.5,212.6,416.6,233.0,432.6,16.4,16.2,genuine
1699,164.0,186.0,156.0,170.0,169.0,171.0,170.0,genuine
1646,4.0,837.0,16.6,17.2,17.7,2281.2,19.2,genuine
3915,213.7,199.8,216.4,633.7,16.3,233.2,433.2,genuine
838,384.8,1054.1,18.3,20.7,19.2,17.5,15.8,genuine
2248,166.0,170.0,168.0,170.0,173.0,171.0,167.0,genuine
4443,180.0,170.0,158.0,169.0,170.0,170.0,169.0,genuine
2517,18.4,12.8,21.1,11.7,966.6,16.9,16.0,genuine
784,29.0,19.2,1400.7,25.799999999999997,22.8,30.700000000000003,37.2,impersonator
3149,166.0,168.0,167.0,15.0,150.0,333.0,166.0,genuine
1650,6.9,447.5,37.7,234.6,249.0,214.6,237.9,impersonator
1456,164.0,175.0,154.0,170.0,170.0,169.0,12.0,genuine
564,24.900000000000002,-7.900000000000002,975.3,647.4,21.7,38.7,217.0,impersonator
4119,17.5,19.9,980.9,630.1,25.4,16.2,22.3,genuine
1266,17.9,1582.4,16.6,19.0,19.5,19.4,19.6,genuine
3572,218.1,246.4,469.0,47.9,253.3,209.5,460.40000000000003,impersonator
3909,147.1,172.2,155.9,141.4,163.3,147.4,190.5,impersonator
4326,3.6999999999999993,6.500000000000002,117.39999999999999,1269.5,25.299999999999997,22.1,26.2,impersonator
1035,15.9,18.2,18.3,1156.2,19.0,17.9,18.9,genuine
3526,828.8,394.40000000000003,0.5999999999999979,-3.1000000000000014,23.6,17.200000000000003,36.3,impersonator
3467,162.0,167.0,339.0,12.0,172.0,338.0,21.0,genuine
1593,167.0,188.0,15.0,150.0,333.0,166.0,166.0,genuine
1093,-6.399999999999999,26.2,74.9,1708.4,39.7,31.5,17.6,impersonator
1862,165.0,174.9,147.6,191.9,153.7,176.0,172.5,impersonator
740,144.0,154.5,134.0,176.7,181.8,14.6,185.3,impersonator
2201,12.4,233.0,233.0,432.9,16.9,233.0,433.3,genuine
1843,165.0,171.0,164.0,167.0,170.0,167.0,168.0,genuine
2667,16.0,18.1,596.8,16.0,18.2,18.3,18.4,genuine
4224,15.5,18.3,1395.9,16.8,19.6,19.3,18.9,genuine
2663,173.6,171.0,161.1,193.4,-12.600000000000001,172.6,313.7,impersonator
3118,248.9,212.0,415.1,-4.599999999999998,211.79999999999998,254.79999999999998,430.4,impersonator
2494,43.2,1377.9,7.399999999999999,32.900000000000006,39.7,7.399999999999999,19.6,impersonator
3515,231.9,431.1,16.4,233.3,433.9,16.3,232.9,genuine
774,165.0,14.0,153.0,334.0,169.0,166.0,167.0,genuine
3655,26.0,-2.900000000000002,30.4,42.7,25.200000000000003,82.6,23.0,impersonator
1427,158.0,166.5,183.1,196.1,151.9,150.9,157.9,impersonator
270,176.2,169.1,161.2,166.5,166.7,157.7,192.2,impersonator
3184,186.2,163.1,161.1,167.2,188.7,183.1,170.8,impersonator
2492,155.3,193.0,243.0,92.9,176.4,178.8,146.6,impersonator
1396,179.7,195.9,190.5,161.4,155.1,196.8,192.1,impersonator
4176,181.6,180.1,177.9,190.4,172.5,189.2,145.4,impersonator
2750,32.0,29.9,229.20000000000002,217.1,240.89999999999998,236.4,619.7,impersonator
2278,8.900000000000002,33.0,1182.6999999999998,23.3,-5.300000000000001,16.7,19.900000000000002,impersonator
3700,211.1,217.0,614.8,19.4,10.9,432.2,233.3,genuine
4418,69.7,89.4,88.3,29.8,18.2,36.3,151.8,genuine
365,162.0,166.0,168.0,166.0,167.0,165.0,166.0,genuine
752,39.900000000000006,-3.1000000000000014,234.8,448.7,224.2,222.29999999999998,441.29999999999995,impersonator
4129,3.8000000000000007,35.0,980.5,412.90000000000003,19.9,9.9,7.000000000000002,impersonator
2239,167.0,187.0,156.0,172.0,171.0,169.0,170.0,genuine
3809,166.0,169.0,170.0,170.0,167.0,169.0,169.0,genuine
3248,14.3,15.9,1197.8,15.7,17.0,16.5,16.8,genuine
3753,228.1,433.0,16.7,232.9,233.4,433.3,16.5,genuine
2378,7.9,110.8,305.7,2146.9,12.6,15.2,205.2,genuine
2470,166.0,167.0,167.0,166.0,166.0,167.0,169.0,genuine
544,187.4,165.6,163.9,158.0,172.9,-16.2,186.0,impersonator
3220,190.6,152.9,192.4,148.3,165.8,146.6,143.6,impersonator
1141,173.0,173.0,174.0,172.0,174.0,172.0,171.0,genuine
150,174.3,188.1,146.2,178.3,168.4,166.7,182.4,impersonator
3505,14.1,232.2,229.6,16.1,216.5,199.8,433.8,genuine
849,34.5,249.8,257.1,239.89999999999998,444.5,15.3,237.5,impersonator
2091,143.2,164.6,162.0,158.7,179.0,146.2,173.0,impersonator
883,-2.3999999999999986,87.9,16.599999999999998,1441.8,36.6,33.1,37.8,impersonator
2638,2517.6,17.3,22.5,52.099999999999994,73.5,69.5,80.10000000000001,impersonator
3242,13.0,186.0,8.0,300.0,350.0,167.0,166.0,genuine
1928,35.3,11.8,493.6,38.2,38.8,19.7,46.9,impersonator
2841,16.3,1211.3,7.5,442.2,13.9,15.000000000000002,24.6,impersonator
3429,19.1,19.9,961.8,632.7,21.1,17.6,19.5,genuine
1682,16.4,18.1,985.9,420.0,18.2,20.6,20.4,genuine
4485,2.6000000000000014,8.999999999999998,957.1,630.6999999999999,-0.8999999999999986,34.1,27.8,impersonator
2722,190.4,173.1,158.6,186.9,184.5,177.5,178.5,impersonator
3057,181.6,167.1,155.6,193.1,167.1,158.6,194.2,impersonator
2236,196.8,169.7,179.3,184.9,191.1,197.9,172.0,impersonator
2994,20.4,633.6999999999999,380.3,18.400000000000002,33.3,26.8,9.400000000000002,impersonator
2395,166.3,194.1,198.3,174.9,152.9,170.6,155.5,impersonator
1166,164.0,185.0,158.0,169.0,169.0,169.0,169.0,genuine
1524,240.1,190.7,621.9,2.1999999999999993,430.6,-1.6999999999999993,450.3,impersonator
1679,7.100000000000001,193.3,202.39999999999998,187.6,408.0,250.0,425.2,impersonator
4372,166.0,167.0,167.0,167.0,168.0,166.0,167.0,genuine
3132,153.7,167.1,164.4,156.1,143.2,143.9,144.5,impersonator
3445,1226.0,13.0,9.799999999999999,1892.3999999999999,15.7,37.8,6.6,impersonator
939,171.0,173.0,174.0,171.0,171.0,175.0,172.0,genuine
3457,165.0,171.0,172.0,172.0,170.0,171.0,166.0,genuine
4061,14.3,20.4,25.7,79.3,33.6,64.9,71.8,genuine
1809,607.9,408.9,32.7,30.1,35.099999999999994,41.7,-4.599999999999998,impersonator
212,217.7,253.0,436.09999999999997,21.9,256.9,239.0,427.1,impersonator
3016,238.9,456.29999999999995,18.5,220.4,253.0,432.4,-1.3999999999999986,impersonator
1648,167.0,166.0,167.0,169.0,167.0,167.0,168.0,genuine
2041,532.6,43.9,30.6,70.5,49.7,1943.3,40.9,impersonator
657,211.4,419.0,224.5,433.0,35.2,245.79999999999998,41.3,impersonator
1137,28.700000000000003,461.09999999999997,30.400000000000002,220.29999999999998,445.6,19.0,228.1,impersonator
2038,16.5,15.2,215.8,411.1,233.4,234.2,433.2,genuine
3298,4.300000000000001,-3.099999999999998,5.300000000000001,-4.099999999999998,1782.7,26.9,29.299999999999997,impersonator
796,242.7,235.6,438.9,5.6,253.0,235.70000000000002,248.0,impersonator
2008,31.2,84.0,32.0,31.4,166.9,13.3,95.3,genuine
1247,165.0,169.0,167.0,169.0,166.0,167.0,167.0,genuine
408,13.0,444.7,30.1,450.8,32.2,233.2,450.1,genuine
834,165.0,168.0,170.0,169.0,169.0,169.0,167.0,genuine
1199,161.9,181.7,149.1,187.3,189.8,196.2,193.3,impersonator
533,16.1,18.6,17.400000000000002,1135.1000000000001,33.8,6.4,34.3,impersonator
4228,230.3,231.2,233.1,199.9,233.2,233.2,433.6,genuine
3009,181.0,171.0,158.0,172.0,171.0,11.0,166.0,genuine
3061,23.0,5.199999999999999,1398.9,2.0,-3.1000000000000014,43.0,5.299999999999999,impersonator
75,232.2,230.6,433.3,16.4,233.4,16.2,216.6,genuine
579,12.9,4.2,16.7,1012.8,15.9,15.9,16.0,genuine
2600,167.1,176.1,183.5,187.5,180.0,155.4,162.5,impersonator
2770,148.0,172.4,179.7,30.1,162.9,353.2,148.3,impersonator
532,227.1,233.1,233.0,450.0,15.5,234.3,449.5,genuine
1557,170.1,162.0,184.2,192.4,159.6,173.0,178.5,impersonator
4168,242.5,429.2,8.2,37.1,204.8,227.79999999999998,232.20000000000002,impersonator
685,169.0,173.0,174.0,173.0,174.0,174.0,173.0,genuine
2050,171.5,160.5,161.9,167.4,183.5,179.8,196.7,impersonator
989,21.7,15.6,311.1,1482.1,19.4,20.1,19.6,genuine
1787,232.9,396.59999999999997,0.0,213.2,191.9,229.29999999999998,429.3,impersonator
2316,18.2,19.7,1394.5,15.7,19.0,18.5,18.9,genuine
3977,201.1,203.0,408.8,241.8,440.7,35.5,209.79999999999998,impersonator
3686,35.4,9.899999999999999,41.4,17.099999999999998,1775.5,24.4,33.0,impersonator
3228,241.6,210.29999999999998,222.0,427.3,35.8,234.2,424.40000000000003,impersonator
4047,12.3,212.8,215.4,217.3,416.5,232.8,450.0,genuine
419,21.4,-4.199999999999999,223.0,204.70000000000002,179.9,226.6,431.20000000000005,impersonator
1179,12.7,232.6,233.1,233.2,216.1,233.4,16.4,genuine
2049,249.9,415.09999999999997,30.2,223.6,-3.1999999999999993,225.6,192.6,impersonator
3742,216.7,195.4,216.6,416.3,233.1,433.3,16.8,genuine
1165,6.300000000000001,15.8,430.0,226.7,439.3,50.400000000000006,211.29999999999998,impersonator
2772,17.3,19.1,790.5,421.7,20.9,16.6,19.7,genuine
4076,158.8,189.0,158.6,188.4,142.7,154.6,184.5,impersonator
2593,11.700000000000001,37.099999999999994,1373.2,-3.0999999999999996,250.9,39.0,-1.8000000000000007,impersonator
1752,146.4,188.2,156.3,-3.3999999999999986,127.5,306.6,153.6,impersonator
1093,18.1,23.5,90.5,1696.9,18.1,20.4,19.8,genuine
3115,164.5,205.8,152.2,196.7,180.8,153.9,148.8,impersonator
3426,13.1,235.1,232.9,451.4,15.5,232.1,450.1,genuine
2326,164.0,170.0,159.0,170.0,169.0,170.0,11.0,genuine
4481,20.1,244.6,232.5,239.3,255.8,222.0,14.4,impersonator
3165,17.3,15.1,16.8,15.9,776.9,17.1,16.7,genuine
4036,15.1,18.2,964.3,839.6,20.7,22.7,18.4,genuine
2605,180.8,207.3,132.3,179.3,160.0,164.3,149.1,impersonator
181,157.7,165.3,180.4,192.1,176.0,169.6,178.2,impersonator
3574,41.8,585.3,16.8,17.1,2077.1,20.1,17.1,genuine
4149,13.900000000000002,-0.8000000000000007,35.3,18.200000000000003,23.3,62.599999999999994,44.8,impersonator
2615,253.6,217.2,468.1,-4.600000000000001,219.7,230.6,431.7,impersonator
940,159.0,163.6,189.8,165.8,147.2,168.9,170.5,impersonator
1918,16.8,17.8,974.7,17.7,18.1,18.5,18.3,genuine
875,230.3,232.6,433.3,16.6,453.6,15.0,232.0,genuine
1889,15.1,18.1,768.7,838.6,19.2,17.7,18.2,genuine
1426,171.0,173.0,173.0,173.0,171.0,172.0,173.0,genuine
3170,157.7,162.0,169.5,182.0,149.4,155.2,192.5,impersonator
1951,233.3,429.1,16.1,233.4,233.2,433.8,15.8,genuine
3311,13.9,945.1,15.2,16.2,16.4,16.5,16.6,genuine
2989,-4.799999999999999,12.4,1114.5,438.29999999999995,-6.800000000000001,4.9,39.4,impersonator
346,413.7,231.6,434.4,15.5,233.9,433.7,15.4,genuine
2380,17.8,18.4,781.3,422.5,16.9,19.2,19.0,genuine
2616,231.7,229.9,250.0,450.0,33.0,233.3,233.3,genuine
2668,1196.5,31.9,37.1,13.8,5.9,2258.7999999999997,1.7999999999999972,impersonator
1065,170.0,175.0,174.0,175.0,171.0,174.0,173.0,genuine
605,12.4,232.0,233.0,433.4,16.4,233.3,433.4,genuine
4121,13.4,215.10000000000002,253.6,453.0,14.4,234.20000000000002,413.2,impersonator
2080,148.0,167.0,169.0,170.0,170.0,168.0,170.0,genuine
3667,-5.699999999999999,244.3,235.5,215.0,422.9,25.0,236.5,impersonator
1738,5.100000000000001,-5.9,26.5,38.099999999999994,65.1,41.599999999999994,77.1,impersonator
195,156.7,172.3,175.1,153.8,188.1,182.4,181.9,impersonator
4476,19.5,16.8,18.8,549.4,20.7,21.1,22.3,genuine
1078,177.2,196.2,171.7,191.9,163.6,174.5,184.6,impersonator
2785,20.1,241.0,255.2,444.0,-3.900000000000002,227.8,233.7,impersonator
3198,436.6,18.0,228.8,225.5,249.29999999999998,431.59999999999997,36.2,impersonator
2221,8.3,33.099999999999994,742.6,6.799999999999999,1.2999999999999972,23.4,22.8,impersonator
925,182.0,211.1,234.60000000000002,426.0,242.3,453.5,-1.3999999999999986,impersonator
1077,98.80000000000001,911.3000000000001,4.4,31.799999999999997,28.8,23.3,2461.5,impersonator
2255,37.2,238.0,445.2,26.200000000000003,227.89999999999998,225.2,450.1,impersonator
846,179.8,154.9,191.3,157.2,183.0,164.8,183.5,impersonator
2772,7.4,42.6,791.1,444.0,32.3,-2.299999999999997,42.4,impersonator
1736,11.5,12.8,213.0,216.2,216.5,199.8,416.9,genuine
129,166.0,168.0,170.0,169.0,167.0,171.0,168.0,genuine
448,15.9,17.7,1407.9,16.3,14.2,17.9,17.4,genuine
4177,387.40000000000003,28.0,82.1,61.699999999999996,33.8,33.4,101.0,impersonator
2204,173.0,174.0,173.0,175.0,171.0,173.0,175.0,genuine
1087,24.6,66.0,1593.1,19.200000000000003,1.0,28.0,20.5,impersonator
128,426.09999999999997,33.0,241.1,210.70000000000002,225.70000000000002,476.0,38.7,impersonator
2263,174.0,178.3,167.7,190.3,177.4,189.4,154.4,impersonator
2131,184.0,160.0,175.0,174.0,172.0,172.0,171.0,genuine
1507,16.1,429.3,15.5,233.2,233.2,233.3,433.4,genuine
83,16.0,7.800000000000001,1173.2,644.7,38.2,12.900000000000002,15.5,impersonator
1098,164.3,151.6,173.3,173.8,160.7,162.7,185.0,impersonator
325,192.1,204.7,438.1,208.5,428.29999999999995,20.6,213.2,impersonator
2198,16.7,18.2,1802.1,16.9,20.2,17.3,18.8,genuine
1096,170.0,173.0,174.0,173.0,175.0,174.0,172.0,genuine
3808,225.60000000000002,240.5,448.40000000000003,41.8,241.8,246.6,246.6,impersonator
4002,171.0,175.0,174.0,174.0,174.0,175.0,174.0,genuine
2957,19.0,16.1,339.7,1263.5,15.7,16.4,15.9,genuine
2757,155.8,183.5,174.9,182.7,194.7,178.9,189.8,impersonator
27,167.0,169.0,170.0,170.0,168.0,168.0,169.0,genuine
2038,5.800000000000001,-3.8000000000000007,230.4,406.1,220.0,254.1,455.5,impersonator
1073,-5.5,179.8,330.0,147.4,150.9,20.5,160.8,impersonator
3717,171.0,173.0,176.0,173.0,175.0,171.0,172.0,genuine
3650,18.0,21.4,1196.4,18.4,15.9,18.2,18.8,genuine
775,15.0,15.4,17.2,17.1,16.9,16.9,77.8,genuine
2814,15.3,17.3,792.1,632.4,20.1,15.7,17.2,genuine
3478,155.5,149.2,156.6,177.7,174.8,154.1,159.2,impersonator
4322,424.1,32.8,226.10000000000002,253.70000000000002,471.40000000000003,40.8,242.1,impersonator
594,431.9,21.4,8.2,216.3,216.3,216.6,416.8,genuine
3878,171.0,171.0,176.0,173.0,173.0,173.0,172.0,genuine
4426,14.9,1595.9,15.6,16.8,409.3,15.3,17.0,genuine
2367,169.0,171.0,169.0,168.0,169.0,169.0,168.0,genuine
3174,163.9,162.6,153.5,190.5,164.9,153.3,175.9,impersonator
3888,167.0,170.0,169.0,171.0,172.0,170.0,166.0,genuine
3786,35.0,36.9,222.8,204.6,194.7,184.79999999999998,611.5,impersonator
1110,0.5999999999999996,462.6,54.400000000000006,252.2,242.1,452.2,40.4,impersonator
2199,6.5,180.1,311.0,150.3,140.5,145.5,142.5,impersonator
3034,231.2,231.9,233.2,433.5,16.9,232.8,433.5,genuine
2655,227.9,232.0,450.3,32.3,232.9,450.8,15.6,genuine
3554,167.0,171.0,168.0,174.0,171.0,172.0,166.0,genuine
3207,153.5,175.9,186.7,172.6,172.7,153.5,187.0,impersonator
1275,13.7,18.6,770.2,1043.5,19.7,20.4,19.4,genuine
1725,10.0,173.0,324.0,172.0,170.0,169.0,170.0,genuine
3119,163.0,164.0,167.0,166.0,165.0,165.0,164.0,genuine
3658,164.0,166.0,169.0,15.0,151.0,333.0,166.0,genuine
220,171.0,175.0,175.0,173.0,173.0,171.0,175.0,genuine
3335,190.8,195.1,186.6,166.5,169.5,193.8,190.2,impersonator
1560,166.0,168.0,166.0,166.0,167.0,167.0,167.0,genuine
3027,170.0,208.8,172.0,174.0,173.2,182.8,164.5,impersonator
464,192.7,189.9,183.8,178.1,171.5,161.7,150.7,impersonator
621,171.0,175.0,174.0,173.0,172.0,172.0,173.0,genuine
3033,183.6,166.7,183.9,188.3,182.1,163.1,190.1,impersonator
2435,30.9,8.399999999999999,961.7,10.399999999999999,16.8,1023.3000000000001,20.299999999999997,impersonator
1176,188.3,166.4,190.8,154.1,179.4,144.8,155.4,impersonator
1463,-0.1999999999999993,38.0,1611.7,19.8,227.7,-4.199999999999999,8.899999999999999,impersonator
4369,172.4,167.0,190.1,171.4,166.5,164.3,175.0,impersonator
2130,219.2,410.6,233.2,233.3,16.3,216.5,417.0,genuine
3805,187.2,191.5,176.6,155.4,188.0,154.4,152.5,impersonator
1048,157.8,152.7,174.6,152.4,183.5,189.0,170.3,impersonator
2270,30.299999999999997,7.300000000000001,6.6,425.1,397.8,6.199999999999999,36.8,impersonator
3085,-3.3000000000000007,421.79999999999995,41.5,438.90000000000003,43.5,237.20000000000002,239.20000000000002,impersonator
1501,5.199999999999999,31.0,347.29999999999995,830.1,6.299999999999999,3.3000000000000007,33.3,impersonator
3434,142.5,150.3,169.8,189.6,155.0,148.2,171.5,impersonator
412,788.5,220.0,2.3000000000000007,27.700000000000003,-2.6000000000000014,3.8000000000000007,1.8999999999999986,impersonator
675,145.2,151.0,149.5,157.1,160.2,158.8,189.3,impersonator
3452,14.6,213.0,216.6,199.8,216.2,617.1,16.8,genuine
3058,171.0,173.0,176.0,171.0,173.0,174.0,173.0,genuine
1525,0.19999999999999996,25.0,668.4,90.3,236.8,-8.7,392.8,impersonator
2013,14.8,985.0,417.5,19.3,634.7,19.2,15.5,genuine
749,7.300000000000001,17.6,105.4,58.8,621.1,-3.099999999999998,30.4,impersonator
4435,154.9,158.0,182.8,172.9,183.1,150.8,174.5,impersonator
1135,190.79999999999998,205.0,404.09999999999997,20.4,198.1,210.8,609.8000000000001,impersonator
52,15.3,16.6,1373.9,18.1,19.4,18.6,17.9,genuine
2808,224.9,451.8,31.5,232.9,451.0,16.4,232.4,genuine
2196,165.0,182.0,153.0,169.0,12.0,167.0,333.0,genuine
2020,14.6,18.4,19.0,19.2,945.5,18.2,18.5,genuine
2699,171.0,172.0,175.0,173.0,172.0,172.0,173.0,genuine
3421,167.0,171.0,169.0,171.0,171.0,170.0,166.0,genuine
3674,3.799999999999999,1041.1999999999998,37.900000000000006,35.900000000000006,31.4,3.3999999999999986,34.6,impersonator
3166,15.2,787.7,16.0,17.0,17.4,55.3,93.5,genuine
1476,6.8,1.8999999999999986,18.8,7.599999999999998,964.6,410.8,-4.300000000000001,impersonator
1229,15.9,1231.5,19.2,15.9,17.9,18.3,17.4,genuine
429,17.4,19.7,997.1,18.9,16.2,17.8,17.6,genuine
1706,172.0,173.0,174.0,172.0,173.0,172.0,174.0,genuine
478,31.7,208.7,260.7,250.1,54.7,229.20000000000002,639.5,impersonator
827,16.9,20.5,790.5,421.2,20.4,29.8,9.1,genuine
795,410.90000000000003,41.3,216.5,255.1,251.3,230.9,449.5,impersonator
1112,163.0,170.0,167.0,167.0,166.0,167.0,168.0,genuine
601,149.3,171.7,170.1,154.6,143.5,161.3,152.5,impersonator
3095,28.099999999999998,5.900000000000002,16.8,1323.9,412.2,32.6,17.8,impersonator
560,20.5,1377.8000000000002,37.5,40.3,796.7,36.8,3.3000000000000007,impersonator
3172,11.5,416.1,15.7,24.2,2302.0,15.9,19.3,genuine
3039,29.0,40.7,1382.3,28.6,27.5,12.900000000000002,41.400000000000006,impersonator
442,79.6,45.8,140.4,43.6,56.9,30.6,124.0,genuine
2870,-0.6000000000000014,16.9,1199.3999999999999,653.0,2.200000000000001,18.8,19.5,impersonator
1402,443.2,-4.1,227.79999999999998,210.1,218.9,431.59999999999997,22.5,impersonator
1575,165.0,168.0,167.0,13.0,154.0,336.0,166.0,genuine
3305,213.0,415.9,232.8,433.4,16.4,233.1,233.0,genuine
3775,225.8,431.3,16.6,233.2,232.7,433.4,16.8,genuine
1354,29.599999999999998,-1.9000000000000021,1327.6000000000001,637.8000000000001,29.9,10.7,23.0,impersonator
818,40.3,216.6,240.79999999999998,31.799999999999997,199.6,408.1,28.4,impersonator
2103,16.5,19.1,951.0,837.1,22.3,17.8,19.8,genuine
3808,226.3,232.3,451.1,31.6,232.9,233.2,233.1,genuine
4184,9.899999999999999,10.599999999999998,324.3,1247.9,6.300000000000001,41.8,796.7,impersonator
1630,170.0,173.0,173.0,172.0,173.0,173.0,173.0,genuine
2031,163.0,165.0,167.0,166.0,165.0,165.0,164.0,genuine
1729,149.4,202.3,169.5,153.0,154.0,23.4,161.9,impersonator
4356,247.3,460.8,21.400000000000002,249.2,240.9,446.90000000000003,11.7,impersonator
4130,170.0,175.0,175.0,173.0,173.0,172.0,174.0,genuine
839,412.3,232.9,433.4,16.9,232.7,233.2,433.3,genuine
826,1155.8999999999999,10.700000000000001,34.400000000000006,414.8,3.299999999999999,29.0,-3.5,impersonator
3359,160.3,199.4,156.7,186.8,183.7,28.4,154.8,impersonator
2796,172.5,168.5,168.1,195.4,189.6,184.3,173.0,impersonator
4160,172.0,173.0,175.0,171.0,174.0,172.0,171.0,genuine
2667,2.0,21.3,583.0999999999999,33.7,7.299999999999999,-2.1999999999999993,22.0,impersonator
104,426.59999999999997,1.5999999999999996,218.39999999999998,237.79999999999998,209.3,200.3,225.5,impersonator
30,18.0,15.9,17.9,781.6,17.3,19.2,19.2,genuine
4080,38.6,2447.2999999999997,38.5,38.3,80.0,117.80000000000001,55.8,impersonator
3906,192.2,417.7,234.5,448.6,13.1,233.2,450.9,genuine
174,31.200000000000003,11.6,1621.1000000000001,14.6,43.599999999999994,37.400000000000006,8.5,impersonator
4327,165.0,178.0,153.0,173.0,169.0,10.0,167.0,genuine
662,165.6,152.3,183.6,158.9,167.1,169.5,164.2,impersonator
4482,232.0,229.9,433.6,16.2,433.8,16.1,233.2,genuine
1374,156.4,177.0,143.7,193.6,164.0,157.4,188.6,impersonator
2310,31.4,42.9,1160.5,20.2,-0.3000000000000007,1.5,396.90000000000003,impersonator
731,16.1,19.6,16.5,18.5,18.4,82.5,18.4,genuine
3580,44.4,15.000000000000002,10.4,959.5999999999999,38.8,7.6,32.0,impersonator
4315,15.7,18.0,1590.2,17.4,18.8,19.8,17.0,genuine
4341,229.2,231.2,31.5,199.6,417.6,16.2,215.1,genuine
534,192.7,163.8,171.6,174.3,171.1,169.4,155.7,impersonator
4466,12.5,232.9,233.1,433.2,16.3,233.3,233.2,genuine
4078,149.5,177.5,171.3,196.9,196.0,187.1,173.2,impersonator
3688,412.5,232.8,433.0,16.7,233.2,233.2,233.0,genuine
4459,166.8,190.6,156.6,153.4,187.3,193.5,184.1,impersonator
3691,413.2,232.9,233.2,233.0,200.2,433.1,16.5,genuine
2559,20.6,16.0,16.0,611.8,215.1,16.7,16.7,genuine
4484,171.0,174.0,174.0,174.0,174.0,172.0,173.0,genuine
4397,167.0,193.0,151.0,170.0,169.0,170.0,171.0,genuine
4038,162.9,180.5,169.3,163.2,191.3,164.1,197.8,impersonator
596,615.4,6.599999999999998,219.5,217.2,1.799999999999999,429.0,188.0,impersonator
2762,229.6,233.1,433.3,17.1,233.4,232.5,433.9,genuine
1898,168.0,173.0,168.0,173.0,170.0,171.0,165.0,genuine
2992,30.1,101.7,64.8,100.2,35.1,81.2,106.2,genuine
2744,167.0,172.0,170.0,170.0,171.0,171.0,166.0,genuine
2223,18.9,1202.9,15.2,18.0,18.3,18.1,18.5,genuine
3845,176.6,167.3,194.0,175.9,184.0,154.7,187.5,impersonator
2328,163.6,194.1,155.0,171.3,160.4,187.5,182.7,impersonator
3052,165.0,177.0,158.0,173.0,169.0,169.0,169.0,genuine
425,45.9,68.0,1675.1000000000001,27.8,11.700000000000001,43.6,34.400000000000006,impersonator
4422,164.0,166.0,169.0,166.0,168.0,165.0,168.0,genuine
4279,25.1,209.6,244.5,439.1,2.3000000000000007,213.9,236.70000000000002,impersonator
3883,18.0,19.1,161.9,626.7,16.2,17.2,16.3,genuine
3918,167.0,188.0,157.0,169.0,171.0,169.0,171.0,genuine
1961,44.1,82.0,58.4,104.4,61.300000000000004,1900.0,-6.4,impersonator
1955,16.2,16.9,1603.0,14.2,20.1,16.4,16.6,genuine
2158,8.0,322.0,333.0,167.0,165.0,168.0,166.0,genuine
941,430.1,14.0,233.3,16.4,216.4,200.7,215.8,genuine
1859,190.5,164.7,195.8,175.0,181.9,154.4,146.3,impersonator
2685,15.8,442.8,30.5,450.3,31.3,234.2,15.4,genuine
1291,24.299999999999997,599.0,411.7,32.3,40.4,40.9,10.7,impersonator
3764,230.6,231.0,233.5,16.1,416.8,231.8,16.3,genuine
4130,193.5,168.9,191.6,193.1,191.3,192.6,189.6,impersonator
686,14.1,214.8,419.4,232.8,233.2,450.0,15.6,genuine
3788,17.8,20.9,300.9,1473.3,19.6,19.7,19.6,genuine
4044,163.0,166.0,167.0,166.0,166.0,164.0,167.0,genuine
1585,19.4,19.8,1595.7,20.7,20.9,17.4,21.5,genuine
4004,165.4,148.1,184.8,196.2,170.5,159.3,197.1,impersonator
2824,226.2,451.0,31.8,234.0,449.8,15.7,15.8,genuine
146,158.4,162.6,188.4,190.0,153.9,11.1,135.3,impersonator
205,179.0,149.4,188.2,166.4,191.4,184.1,174.5,impersonator
3270,15.9,10.2,14.5,42.4,16.7,1220.6,34.7,genuine
2972,152.0,181.4,191.8,187.3,150.4,152.8,197.0,impersonator
3414,17.3,20.4,978.3,629.8,21.7,15.2,19.0,genuine
1118,252.10000000000002,252.6,435.8,-2.3999999999999986,226.29999999999998,230.0,452.0,impersonator
2154,174.8,182.2,147.5,181.4,183.4,151.5,180.1,impersonator
34,17.2,33.0,1575.0,237.2,19.7,17.8,17.8,genuine
2963,18.1,12.1,641.7,15.4,232.7,233.2,233.2,genuine
4464,158.2,195.9,172.7,166.2,161.1,158.4,169.3,impersonator
3127,165.0,170.0,167.0,167.0,165.0,167.0,167.0,genuine
734,16.3,55.3,59.8,119.8,68.2,95.8,28.4,genuine
1031,179.0,173.0,157.0,171.0,171.0,11.0,166.0,genuine
4357,33.4,224.6,-5.199999999999999,229.79999999999998,207.1,400.59999999999997,243.2,impersonator
682,224.3,432.9,16.7,16.1,216.6,199.9,215.9,genuine
3865,151.4,155.7,185.0,166.2,153.2,191.7,175.6,impersonator
4417,605.0,402.5,18.2,16.6,16.6,16.7,16.6,genuine
771,34.2,210.4,252.4,219.0,35.4,236.9,610.8,impersonator
2851,13.500000000000002,228.5,242.7,438.0,39.0,257.9,433.2,impersonator
4188,229.2,214.7,233.4,16.4,215.9,200.1,433.4,genuine
1915,31.799999999999997,800.3000000000001,1933.5,32.8,19.6,27.599999999999998,59.800000000000004,impersonator
641,433.1,13.2,232.6,233.9,232.9,432.2,16.5,genuine
4421,409.6,12.2,424.5,7.699999999999999,486.8,52.8,453.7,impersonator
363,165.0,167.0,167.0,15.0,152.0,332.0,168.0,genuine
1331,1642.7,1052.6,18.6,19.1,39.9,79.4,71.9,genuine
3218,44.4,1555.4,19.2,16.5,16.2,16.6,17.1,genuine
3601,165.0,167.0,167.0,165.0,167.0,166.0,166.0,genuine
725,159.0,153.9,176.1,185.8,147.9,188.4,148.2,impersonator
1441,8.5,18.0,26.4,-0.6999999999999993,23.6,75.9,21.200000000000003,impersonator
1015,-3.3000000000000007,4.400000000000002,21.4,1777.5,7.9,0.8000000000000007,24.6,impersonator
3245,204.7,21.1,174.0,358.2,148.6,185.7,157.0,impersonator
89,172.0,173.0,175.0,174.0,173.0,173.0,172.0,genuine
2281,1032.4,1463.4,31.5,29.1,0.1999999999999993,13.899999999999999,-7.600000000000001,impersonator
989,45.7,25.4,326.20000000000005,1474.1999999999998,10.099999999999998,7.200000000000001,6.600000000000001,impersonator
2748,170.8,196.4,133.7,163.8,168.0,186.2,19.9,impersonator
3847,17.8,21.3,20.3,959.0,419.2,20.3,22.0,genuine
1368,212.20000000000002,252.20000000000002,459.3,51.7,231.70000000000002,256.4,432.2,impersonator
4152,-3.0,-1.4000000000000004,1413.0,406.7,24.8,16.7,3.8999999999999986,impersonator
2258,233.7,11.8,216.7,216.3,199.6,417.0,233.1,genuine
1041,15.6,140.7,82.2,57.599999999999994,52.300000000000004,42.4,800.8,impersonator
719,163.0,169.0,168.0,165.0,166.0,167.0,169.0,genuine
1369,171.1,-9.399999999999999,154.9,308.3,161.0,177.1,30.4,impersonator
3719,21.2,12.2,948.5,627.0,32.6,45.8,24.799999999999997,impersonator
2454,171.6,168.8,169.0,182.0,147.4,160.8,157.1,impersonator
2243,169.6,159.1,190.1,154.5,187.4,158.4,157.9,impersonator
2241,6.300000000000001,-10.0,577.5999999999999,855.6,41.7,14.900000000000002,35.2,impersonator
349,225.6,16.4,233.1,400.0,232.8,234.2,451.4,genuine
1673,163.0,165.0,167.0,164.0,167.0,166.0,165.0,genuine
651,187.1,197.0,137.7,193.6,183.0,14.8,143.2,impersonator
1201,177.6,171.7,132.5,157.7,175.8,158.9,164.4,impersonator
190,146.4,160.4,165.5,181.5,152.8,166.7,188.8,impersonator
1214,447.5,13.6,-8.9,210.1,216.6,191.5,411.5,impersonator
4030,167.0,171.0,172.0,170.0,171.0,171.0,166.0,genuine
332,38.7,68.5,471.0,-0.8999999999999986,37.1,51.800000000000004,2440.8999999999996,impersonator
931,24.5,189.8,-6.5,311.9,328.7,154.1,170.9,impersonator
1690,194.3,191.9,187.4,190.4,189.1,176.5,167.5,impersonator
1370,4.399999999999999,29.4,12.799999999999999,1374.4,33.6,-1.9000000000000021,35.7,impersonator
2855,-6.5,8.5,1375.3,204.4,26.5,32.7,22.3,impersonator
3424,230.2,231.6,432.3,16.5,233.3,233.3,16.4,genuine
23,17.8,21.0,785.8,420.9,19.7,18.3,20.0,genuine
2529,30.6,36.599999999999994,15.5,43.8,763.0999999999999,28.0,-3.6999999999999993,impersonator
406,148.5,178.7,162.4,189.6,174.1,178.2,155.9,impersonator
1376,168.0,170.0,169.0,171.0,173.0,169.0,167.0,genuine
91,158.3,317.9,147.1,141.4,192.0,171.0,152.9,impersonator
2980,18.4,20.8,97.1,1260.0,19.3,20.6,20.7,genuine
411,-6.4,1682.1999999999998,7.800000000000001,11.899999999999999,1011.3,-4.099999999999998,34.1,impersonator
274,184.4,182.8,189.2,154.8,167.6,170.9,179.9,impersonator
3490,29.700000000000003,42.5,1828.7,10.399999999999999,5.200000000000001,10.0,26.9,impersonator
139,18.6,17.6,1384.6,20.2,224.1,19.2,18.3,genuine
3062,192.9,162.5,175.3,197.3,150.8,177.4,170.3,impersonator
2012,171.0,174.0,175.0,173.0,172.0,173.0,172.0,genuine
827,11.799999999999999,27.2,769.5,421.59999999999997,33.7,37.7,-11.200000000000001,impersonator
68,163.0,180.0,157.0,171.0,169.0,172.0,169.0,genuine
35,170.0,175.0,174.0,174.0,174.0,172.0,173.0,genuine
364,13.200000000000001,348.7,1.8000000000000007,84.30000000000001,49.699999999999996,42.699999999999996,44.9,impersonator
633,31.700000000000003,13.1,768.7,421.0,10.4,18.0,39.400000000000006,impersonator
3780,417.7,228.5,433.5,16.6,16.4,216.5,199.5,genuine
3762,224.3,233.5,432.7,16.3,233.0,16.6,216.5,genuine
2193,167.6,186.7,163.7,152.3,182.5,-1.3000000000000007,173.7,impersonator
4095,167.9,185.1,190.9,173.7,168.7,173.3,153.9,impersonator
360,-3.6000000000000014,31.5,1171.5,18.099999999999998,9.399999999999999,38.1,23.2,impersonator
1339,146.9,145.2,166.9,142.9,182.5,166.0,144.1,impersonator
281,164.0,167.0,168.0,15.0,153.0,330.0,165.0,genuine
3092,439.9,17.3,245.6,244.6,454.90000000000003,26.3,235.2,impersonator
1313,-2.8999999999999986,226.3,220.0,177.1,201.2,182.9,400.9,impersonator
2639,18.299999999999997,72.10000000000001,48.3,1238.9,825.4,21.799999999999997,25.700000000000003,impersonator
4125,429.8,17.2,214.4,214.0,238.6,232.6,210.0,impersonator
1893,226.6,233.2,450.2,32.0,233.7,233.3,451.8,genuine
598,174.4,185.8,181.9,189.2,8.2,183.2,347.4,impersonator
1764,29.3,8.700000000000001,954.2,394.0,41.3,32.6,39.900000000000006,impersonator
4345,230.8,433.6,15.9,233.0,433.7,15.9,232.9,genuine
915,164.4,155.3,155.6,177.9,167.2,174.7,32.5,impersonator
842,232.5,229.5,233.2,199.9,233.3,233.3,433.6,genuine
1853,193.6,145.2,175.9,177.0,169.4,176.1,32.6,impersonator
3232,54.9,31.5,7.6000000000000005,86.2,131.0,87.9,86.30000000000001,impersonator
955,2493.8,5.199999999999999,41.6,49.599999999999994,107.69999999999999,95.7,12.299999999999999,impersonator
2313,138.4,158.1,176.7,149.2,159.4,143.7,155.0,impersonator
47,2263.0,10.8,17.5,17.5,49.5,55.5,72.4,genuine
967,18.2,19.6,1446.2,23.2,21.9,18.5,21.1,genuine
149,229.6,433.1,16.4,233.4,16.3,216.5,617.2,genuine
899,432.1,14.8,14.7,216.7,216.4,199.9,634.0,genuine
2715,167.0,191.0,152.0,171.0,10.0,167.0,333.0,genuine
279,186.9,169.8,149.8,-11.8,134.3,348.4,172.8,impersonator
1069,441.2,23.1,237.5,29.5,223.6,238.1,600.3,impersonator
125,313.9,15.5,300.6,323.9,143.4,180.8,191.2,impersonator
230,-6.6,14.799999999999999,7.200000000000001,-4.100000000000001,1191.9,-4.600000000000001,9.6,impersonator
1487,188.6,187.1,197.8,193.9,181.5,185.1,150.4,impersonator
503,3.0999999999999996,36.8,823.9,16.0,6.900000000000002,-4.300000000000001,39.599999999999994,impersonator
2779,165.0,189.0,157.0,172.0,168.0,171.0,168.0,genuine
261,788.5,424.6,19.4,20.2,20.3,19.9,20.3,genuine
3316,-1.4000000000000021,24.700000000000003,951.4,821.9,39.0,-1.0,43.099999999999994,impersonator
223,171.0,173.0,174.0,175.0,172.0,172.0,173.0,genuine
369,169.0,173.0,169.0,174.0,169.0,172.0,166.0,genuine
1366,169.0,172.0,168.0,170.0,172.0,173.0,167.0,genuine
3029,226.0,243.60000000000002,473.5,25.4,259.0,244.10000000000002,437.0,impersonator
1601,164.0,180.0,154.0,172.0,170.0,171.0,170.0,genuine
3042,170.3,184.2,187.9,192.0,190.9,190.4,182.7,impersonator
4355,16.4,19.7,1795.6,18.7,18.5,19.3,22.2,genuine
1777,187.7,152.0,158.0,169.5,157.6,185.8,193.8,impersonator
2709,171.0,173.0,177.0,171.0,173.0,174.0,172.0,genuine
3801,15.6,16.4,1170.1,631.4,14.0,15.8,17.2,genuine
2443,17.8,550.7,1480.7,20.1,22.6,21.1,18.9,genuine
1215,411.7,433.3,16.3,233.2,16.1,216.6,199.4,genuine
2072,152.3,174.8,16.3,191.8,314.6,148.6,186.5,impersonator
2178,148.7,168.2,157.7,166.3,174.9,171.1,146.9,impersonator
28,14.1,14.9,135.4,17.5,16.8,16.9,28.7,genuine
3411,15.0,16.5,792.5,631.7,20.0,16.9,19.8,genuine
3611,182.2,158.9,164.9,180.6,145.7,171.3,192.9,impersonator
1071,169.0,173.0,174.0,171.0,173.0,172.0,175.0,genuine
3879,446.3,15.9,237.6,236.8,454.4,-4.5,420.7,impersonator
1038,176.1,152.2,188.9,178.9,182.8,153.2,179.5,impersonator
1294,154.9,157.7,197.8,173.3,191.6,157.5,148.0,impersonator
2412,41.6,25.400000000000002,32.900000000000006,16.0,1585.1000000000001,28.2,3.8999999999999986,impersonator
1279,7.0,158.0,332.0,168.0,165.0,167.0,167.0,genuine
4170,15.6,19.8,1032.5,388.4,22.9,20.8,22.0,genuine
77,170.0,174.0,173.0,174.0,173.0,174.0,174.0,genuine
2450,166.0,185.0,5.0,167.0,333.0,166.0,167.0,genuine
2074,173.0,171.0,174.0,171.0,175.0,175.0,173.0,genuine
1554,154.4,327.2,186.0,160.0,184.7,153.3,187.4,impersonator
4406,13.4,16.9,580.3,203.9,9.3,15.7,819.6,genuine
3622,-0.9000000000000004,234.1,239.70000000000002,434.9,41.4,250.9,439.59999999999997,impersonator
4444,4.0,209.3,-2.1999999999999993,292.2,346.8,184.6,146.3,impersonator
3800,15.0,185.0,9.0,338.0,191.0,168.0,345.0,genuine
2541,15.9,19.3,792.1,418.1,16.9,420.4,17.8,genuine
2917,166.0,168.0,166.0,168.0,166.0,168.0,166.0,genuine
1955,29.2,25.4,1598.6,3.299999999999999,18.200000000000003,32.599999999999994,-2.799999999999997,impersonator
4069,19.8,-11.7,335.1,1244.5,40.0,26.6,606.6,impersonator
3809,158.8,191.2,150.5,163.9,153.4,186.0,151.5,impersonator
4129,16.6,17.5,974.8,421.6,15.8,19.0,18.1,genuine
1331,1657.4,1077.3999999999999,24.1,8.600000000000001,29.5,90.5,80.30000000000001,impersonator
3950,-2.0,17.3,1372.7,413.20000000000005,-2.200000000000003,33.0,22.6,impersonator
1,16.2,17.4,1446.0,17.8,435.5,17.1,19.3,genuine
2509,3.9000000000000004,-1.7000000000000028,-0.3000000000000007,953.0,2.6999999999999993,30.8,28.4,impersonator
3690,229.6,233.0,432.9,16.6,233.2,233.2,233.4,genuine
3613,1570.2,0.6999999999999993,27.2,445.7,-2.8000000000000007,37.7,27.200000000000003,impersonator
3161,37.5,17.3,1552.3999999999999,-5.699999999999999,21.0,16.2,6.400000000000002,impersonator
2351,14.4,18.3,788.0,421.6,15.2,18.8,18.8,genuine
964,16.8,16.2,15.0,810.4,431.4,17.4,16.9,genuine
504,166.0,169.0,171.0,170.0,168.0,169.0,170.0,genuine
3644,172.0,173.0,176.0,173.0,173.0,175.0,172.0,genuine
4073,236.70000000000002,256.3,432.0,43.099999999999994,253.7,220.7,214.79999999999998,impersonator
2247,-7.800000000000001,25.0,579.4,409.1,41.1,38.4,16.5,impersonator
2017,239.9,211.6,226.39999999999998,443.7,25.099999999999998,426.5,10.2,impersonator
4169,146.4,26.6,141.8,337.9,158.7,181.5,161.9,impersonator
822,170.0,173.0,174.0,172.0,173.0,172.0,174.0,genuine
3482,112.0,110.2,171.1,211.20000000000002,118.19999999999999,-2.8999999999999986,42.7,impersonator
136,167.0,171.0,169.0,169.0,169.0,167.0,167.0,genuine
146,167.0,166.0,166.0,166.0,168.0,8.0,159.0,genuine
4127,182.0,161.6,157.4,160.5,156.9,157.7,180.6,impersonator
3195,227.7,428.4,33.4,220.0,235.9,257.5,41.9,impersonator
192,169.0,174.0,173.0,173.0,172.0,171.0,174.0,genuine
2058,164.0,166.0,165.0,165.0,165.0,166.0,166.0,genuine
667,218.0,228.6,194.1,397.5,232.5,455.79999999999995,20.4,impersonator
1724,168.0,167.0,170.0,166.0,171.0,168.0,169.0,genuine
1895,144.8,169.0,155.9,145.8,157.3,168.7,176.0,impersonator
2973,41.400000000000006,-0.3999999999999986,2.3000000000000007,1165.6,39.9,-1.2999999999999972,34.2,impersonator
4414,-4.4,20.4,1155.0,36.3,15.200000000000001,-6.800000000000001,23.8,impersonator
1606,164.0,349.0,150.0,171.0,12.0,167.0,333.0,genuine
680,14.7,16.1,16.6,72.2,40.6,55.1,99.1,genuine
2608,207.2,232.6,433.4,15.7,233.1,233.4,232.9,genuine
893,170.0,173.0,170.0,170.0,171.0,172.0,164.0,genuine
1675,17.1,19.2,953.9,836.7,20.1,19.3,20.1,genuine
4178,175.5,180.5,174.7,165.1,173.5,151.6,165.0,impersonator
154,148.4,146.8,168.2,172.9,175.2,157.7,155.3,impersonator
215,188.7,151.1,181.3,190.7,171.4,186.8,165.6,impersonator
501,162.5,171.8,194.0,161.2,192.4,159.5,175.2,impersonator
913,422.1,8.4,233.9,225.39999999999998,19.2,224.6,411.09999999999997,impersonator
2165,177.9,195.7,189.4,154.1,186.9,181.2,162.4,impersonator
4289,241.2,220.60000000000002,451.2,16.9,237.4,244.5,428.7,impersonator
2007,166.0,171.0,175.0,170.0,174.0,170.0,337.0,genuine
1393,147.5,156.2,180.7,197.5,164.2,164.8,193.6,impersonator
3366,16.6,21.9,951.2,836.1,24.2,18.1,18.8,genuine
4307,429.9,16.1,233.1,233.2,16.4,216.3,617.2,genuine
1976,169.0,172.0,173.0,175.0,172.0,172.0,172.0,genuine
350,23.9,121.39999999999999,1046.1999999999998,-5.300000000000001,28.6,-6.800000000000001,3.3000000000000007,impersonator
3271,206.0,415.40000000000003,-8.3,245.8,224.60000000000002,236.6,435.4,impersonator
1817,1.0999999999999996,776.2,188.9,42.0,14.700000000000001,34.2,38.3,impersonator
3736,233.79999999999998,210.6,257.2,232.9,461.70000000000005,-6.5,241.2,impersonator
3544,167.0,168.0,168.0,169.0,168.0,172.0,166.0,genuine
4368,169.0,172.0,167.0,172.0,217.0,127.0,168.0,genuine
2902,231.7,198.4,232.1,232.1,433.5,16.6,433.2,genuine
4148,167.0,172.0,168.0,174.0,171.0,171.0,167.0,genuine
3381,178.3,187.2,171.9,157.4,186.0,177.3,158.4,impersonator
1160,1578.7,24.0,16.1,19.8,20.9,18.9,18.4,genuine
2677,-6.0,50.8,41.9,555.2,28.200000000000003,6.800000000000001,87.69999999999999,impersonator
3468,777.2,219.2,-5.799999999999999,-0.40000000000000213,-6.5,9.4,-6.100000000000001,impersonator
3415,15.8,18.3,1173.0,631.5,17.5,16.1,16.5,genuine
2447,1038.2,1482.0,17.5,17.7,18.1,23.2,63.0,genuine
3641,17.3,17.9,1406.0,21.8,20.2,19.3,18.9,genuine
2729,165.0,167.0,165.0,166.0,165.0,165.0,167.0,genuine
3459,432.7,229.6,433.4,16.3,233.1,233.4,16.4,genuine
3596,166.8,167.7,149.9,148.6,142.3,178.4,179.8,impersonator
361,49.9,2418.5,1.3000000000000007,-3.1000000000000014,35.1,19.4,13.700000000000001,impersonator
3464,212.9,416.6,233.1,233.2,233.1,200.1,233.2,genuine
1827,2411.9,27.599999999999998,-7.399999999999999,101.2,41.599999999999994,80.89999999999999,40.2,impersonator
3885,1746.0,18.3,16.6,631.5,17.9,15.0,17.5,genuine
1412,26.700000000000003,251.0,207.7,450.90000000000003,15.4,210.9,216.8,impersonator
1564,145.7,183.7,163.5,159.0,187.5,161.7,141.7,impersonator
1819,230.7,230.0,432.7,16.8,232.7,233.3,433.5,genuine
1427,171.0,173.0,173.0,173.0,172.0,172.0,173.0,genuine
4361,191.8,149.8,172.2,158.0,172.4,193.2,156.6,impersonator
4312,202.2,50.599999999999994,381.4,397.8,8.399999999999999,237.6,1.8000000000000007,impersonator
250,250.7,418.3,13.399999999999999,235.5,247.3,235.2,207.2,impersonator
102,165.0,186.0,154.0,170.0,171.0,172.0,169.0,genuine
3394,228.4,433.0,16.8,232.7,233.1,433.3,17.0,genuine
3735,192.4,178.5,-13.8,161.7,331.3,193.4,195.6,impersonator
3267,164.0,346.0,159.0,169.0,170.0,169.0,169.0,genuine
3979,17.5,20.7,1156.5,421.9,16.1,20.9,17.0,genuine
2087,164.0,167.0,166.0,165.0,167.0,166.0,167.0,genuine
3306,167.0,188.0,157.0,172.0,171.0,170.0,170.0,genuine
4244,15.5,245.70000000000002,214.0,428.8,2.5,254.0,412.90000000000003,impersonator
918,167.0,172.0,169.0,170.0,172.0,172.0,167.0,genuine
2473,178.2,195.1,150.7,161.3,181.2,160.0,151.4,impersonator
3616,180.9,182.3,183.3,161.3,147.4,174.7,189.1,impersonator
414,1767.8999999999999,36.2,32.1,35.7,21.099999999999998,38.5,34.3,impersonator
2200,18.5,22.2,960.8,632.5,22.2,18.0,19.0,genuine
1611,115.8,96.1,139.1,2.1,42.1,31.5,139.9,genuine
1390,14.7,229.8,233.4,232.7,433.5,16.5,233.0,genuine
1571,149.0,165.5,138.1,174.3,10.9,186.6,353.2,impersonator
2587,165.0,168.0,168.0,167.0,168.0,166.0,168.0,genuine
368,18.6,157.2,187.4,355.7,30.7,138.6,181.6,impersonator
1194,-1.4000000000000021,30.299999999999997,951.3,644.6999999999999,1.3000000000000007,22.2,35.2,impersonator
766,160.6,173.2,193.3,183.5,186.5,157.4,193.2,impersonator
2345,146.9,173.7,183.7,157.2,158.4,155.8,150.5,impersonator
3252,18.7,19.4,18.6,966.8,21.0,22.0,18.6,genuine
389,438.2,-0.10000000000000142,247.5,254.9,464.8,20.6,224.5,impersonator
120,164.0,169.0,166.0,16.0,151.0,335.0,165.0,genuine
1609,8.3,8.3,34.8,41.0,580.6,33.6,20.9,impersonator
2359,31.8,798.0,24.1,38.6,-2.8000000000000007,10.399999999999999,27.700000000000003,impersonator
2024,164.0,169.0,167.0,165.0,167.0,10.0,158.0,genuine
1620,416.4,229.1,233.4,432.4,16.7,233.0,434.3,genuine
175,18.1,21.8,18.2,1158.7,20.1,19.6,20.9,genuine
3765,162.6,154.9,176.6,163.3,183.6,148.2,152.2,impersonator
1357,165.0,167.0,167.0,168.0,168.0,165.0,169.0,genuine
1802,17.5,788.5,424.3,18.7,22.2,21.4,17.1,genuine
1259,16.2,18.2,18.2,965.2,18.3,18.2,20.4,genuine
3272,33.0,22.599999999999998,67.0,1151.7,20.4,22.7,37.7,impersonator
1781,230.1,237.3,472.0,33.4,227.70000000000002,247.20000000000002,465.9,impersonator
64,151.6,182.8,180.9,148.3,193.6,172.9,162.6,impersonator
2345,167.0,173.0,168.0,172.0,172.0,171.0,167.0,genuine
3996,164.0,183.0,165.0,166.0,166.0,166.0,168.0,genuine
3624,231.0,230.1,232.8,433.2,16.6,233.3,233.3,genuine
2562,230.2,433.0,16.8,232.6,233.5,233.3,433.2,genuine
105,238.7,224.29999999999998,238.5,428.7,-5.0,248.5,226.7,impersonator
842,221.9,232.3,228.39999999999998,178.6,210.5,245.10000000000002,439.90000000000003,impersonator
2574,429.2,15.0,433.2,16.5,232.0,233.3,233.3,genuine
1025,162.3,189.2,196.0,167.2,196.4,182.7,163.7,impersonator
1244,232.5,233.5,449.0,16.8,232.4,234.1,449.8,genuine
2408,30.6,40.7,957.5,415.1,1.9000000000000021,25.799999999999997,16.5,impersonator
876,195.1,187.5,198.4,172.1,185.8,166.7,153.8,impersonator
2007,175.5,193.8,189.5,182.4,191.2,175.3,347.4,impersonator
3293,30.2,16.1,231.5,203.0,210.6,430.0,256.2,impersonator
3272,13.4,35.4,45.9,1148.5,17.5,15.9,17.1,genuine
1548,172.0,172.0,176.0,174.0,172.0,171.0,175.0,genuine
4250,195.7,216.3,216.5,199.9,417.2,233.0,433.6,genuine
1152,167.0,190.9,155.8,171.9,181.5,153.8,188.0,impersonator
635,225.3,232.3,433.4,16.6,232.7,233.4,233.1,genuine
3042,170.0,173.0,175.0,173.0,173.0,174.0,173.0,genuine
4425,17.400000000000002,5.800000000000001,-2.200000000000003,952.6,9.7,46.1,41.6,impersonator
1674,162.6,158.9,175.8,171.8,160.2,194.9,183.2,impersonator
3102,20.800000000000004,1103.3,36.6,-1.5,14.399999999999999,1865.3,19.400000000000002,impersonator
2579,145.5,184.3,167.8,192.4,4.4,155.3,331.2,impersonator
3891,168.0,172.0,170.0,170.0,170.0,171.0,166.0,genuine
2527,168.0,171.0,171.0,171.0,171.0,171.0,164.0,genuine
3567,5.199999999999999,66.7,66.0,23.500000000000004,25.6,117.3,82.39999999999999,impersonator
1340,16.6,13.1,217.0,212.9,199.8,216.5,417.0,genuine
508,186.9,152.5,140.7,182.3,176.0,145.3,164.7,impersonator
2027,26.6,230.9,211.20000000000002,425.40000000000003,232.3,233.0,442.90000000000003,impersonator
2827,141.9,168.8,169.6,6.9,145.1,353.1,163.4,impersonator
131,17.5,30.3,90.5,87.3,-5.700000000000001,37.099999999999994,74.1,impersonator
1213,165.0,167.0,169.0,167.0,166.0,167.0,167.0,genuine
1587,339.0,362.0,158.0,177.0,178.0,173.0,173.0,genuine
3180,389.5,18.200000000000003,230.1,208.4,419.90000000000003,230.7,255.4,impersonator
756,20.8,138.9,352.4,158.6,164.3,-17.5,173.4,impersonator
2961,154.3,147.3,181.8,186.5,168.4,171.1,166.5,impersonator
74,17.6,12.8,16.5,17.2,780.5,18.0,16.9,genuine
639,15.2,229.5,15.3,216.2,199.8,433.7,232.9,genuine
688,165.2,184.5,165.7,174.6,191.7,195.9,189.9,impersonator
4042,31.2,578.4,420.09999999999997,7.400000000000002,11.000000000000002,9.5,26.6,impersonator
3573,166.0,168.0,169.0,169.0,169.0,170.0,171.0,genuine
3687,238.7,193.70000000000002,242.5,254.6,249.6,434.1,0.7999999999999989,impersonator
1505,166.2,199.6,197.3,177.7,161.3,171.4,182.1,impersonator
1900,253.8,211.5,447.9,16.8,217.6,243.7,219.1,impersonator
2930,35.9,445.09999999999997,3.8000000000000007,225.9,227.8,223.2,225.1,impersonator
4226,14.8,1608.7,16.3,18.0,17.3,16.8,19.5,genuine
890,162.8,183.1,154.6,151.4,174.3,193.7,187.1,impersonator
3497,18.5,14.3,778.4,421.6,15.4,18.1,17.9,genuine
4433,19.1,19.8,19.5,771.0,19.0,20.6,20.1,genuine
1072,13.6,36.2,1191.6,5.5,-4.299999999999997,16.099999999999998,12.5,impersonator
1260,240.9,256.2,236.9,225.7,432.0,36.8,222.3,impersonator
1825,446.8,30.2,232.3,233.3,450.2,16.1,234.1,genuine
4488,159.2,201.3,149.8,147.5,146.6,180.1,170.4,impersonator
3912,15.4,229.3,231.7,433.4,16.4,233.2,233.0,genuine
1503,10.9,448.8,28.4,31.0,201.1,216.7,216.0,genuine
3436,210.3,215.9,417.3,232.8,232.5,449.9,15.6,genuine
2944,170.0,171.0,173.0,175.0,172.0,174.0,172.0,genuine
3930,11.2,25.5,957.1,402.5,5.6,39.2,5.600000000000001,impersonator
1466,166.0,171.0,169.0,173.0,172.0,172.0,166.0,genuine
2338,20.1,34.1,25.900000000000002,980.8000000000001,44.4,10.299999999999999,33.6,impersonator
3800,0.0,209.2,-8.100000000000001,326.3,208.2,155.1,343.7,impersonator
3030,18.8,51.0,123.8,479.6,20.5,16.8,26.0,genuine
2294,165.5,164.3,3.2,173.1,12.5,298.6,359.0,impersonator
308,15.2,224.5,234.5,448.9,31.5,450.9,15.9,genuine
2053,164.0,183.0,156.0,169.0,8.0,166.0,350.0,genuine
1326,167.8,147.5,145.7,160.9,146.3,172.5,145.0,impersonator
4186,13.0,217.0,414.4,233.1,233.5,16.2,216.0,genuine
1312,-0.1999999999999993,0.5,42.0,23.6,763.1,626.8,-5.0,impersonator
4135,170.0,172.0,172.0,173.0,174.0,172.0,173.0,genuine
10,174.8,151.6,26.6,169.8,331.0,155.0,166.2,impersonator
2017,225.4,234.5,232.2,450.4,16.9,449.5,15.6,genuine
1822,208.5,256.9,435.7,22.6,240.3,252.20000000000002,426.90000000000003,impersonator
232,169.1,180.9,183.0,147.8,169.2,169.8,191.3,impersonator
1858,166.0,169.0,170.0,168.0,170.0,170.0,168.0,genuine
4395,6.0,159.0,4.0,327.0,9.0,321.0,333.0,genuine
1400,14.1,433.5,13.9,231.5,233.2,233.4,433.1,genuine
4364,153.1,154.5,177.7,156.1,182.1,145.7,178.5,impersonator
3585,445.8,29.6,16.0,216.6,215.9,200.7,633.3,genuine
2598,432.1,27.0,469.3,22.1,249.1,474.7,9.3,impersonator
2911,167.0,185.0,13.0,150.0,350.0,166.0,167.0,genuine
3171,15.3,17.3,18.2,17.7,17.9,55.3,35.8,genuine
2347,13.2,24.6,1801.2,15.8,36.7,9.1,0.9000000000000021,impersonator
3511,164.0,167.0,167.0,165.0,168.0,166.0,167.0,genuine
548,10.9,18.8,600.8,209.9,16.6,16.5,16.9,genuine
8,161.7,168.7,186.4,143.4,171.8,146.3,175.9,impersonator
1890,165.0,168.0,167.0,168.0,166.0,168.0,165.0,genuine
1358,187.7,190.8,182.4,141.0,159.9,190.5,191.9,impersonator
3399,2122.5,13.400000000000002,25.0,22.3,12.4,39.5,42.1,impersonator
3601,145.6,154.2,161.6,161.5,166.5,142.8,184.9,impersonator
2031,144.6,168.5,162.0,149.6,187.2,169.0,177.7,impersonator
1038,173.0,173.0,175.0,171.0,172.0,173.0,173.0,genuine
1815,215.7,413.1,233.1,433.3,16.4,233.2,433.2,genuine
1799,173.0,173.0,174.0,173.0,172.0,174.0,174.0,genuine
1236,21.1,18.4,599.2,206.5,18.1,18.5,19.3,genuine
768,546.8000000000001,1467.3,5.100000000000001,8.100000000000001,-5.400000000000002,0.0,9.799999999999999,impersonator
2424,171.0,172.0,174.0,172.0,174.0,172.0,173.0,genuine
861,15.0,21.799999999999997,974.4000000000001,629.6999999999999,33.5,243.9,43.3,impersonator
2822,153.7,151.2,166.1,164.2,154.3,156.3,146.3,impersonator
2519,186.3,173.6,171.1,156.9,156.1,141.1,179.5,impersonator
3370,28.5,13.2,2111.2,16.6,16.8,18.3,21.9,genuine
1516,435.7,1472.2,-7.099999999999998,31.799999999999997,36.599999999999994,53.699999999999996,65.9,impersonator
1018,16.0,26.7,1388.8,16.5,18.6,20.3,16.7,genuine
4154,197.2,232.3,16.2,216.6,199.9,216.3,417.0,genuine
2941,7.5,7.6,22.900000000000002,0.8999999999999986,1571.8,8.7,30.6,impersonator
1972,3.0999999999999996,146.6,327.7,146.2,160.4,184.8,154.8,impersonator
4026,449.79999999999995,39.400000000000006,220.79999999999998,231.1,434.8,51.7,211.9,impersonator
4356,229.5,447.1,32.6,231.7,233.8,450.1,15.4,genuine
981,19.6,38.9,971.0,610.1,-4.600000000000001,42.2,0.5,impersonator
4262,212.9,417.0,233.2,233.0,216.7,233.6,232.7,genuine
217,39.1,36.599999999999994,983.5,647.1,21.400000000000002,36.5,23.5,impersonator
536,158.6,165.0,148.6,-6.300000000000001,149.1,325.5,183.4,impersonator
1018,9.1,27.8,1374.3,23.3,39.1,27.6,32.0,impersonator
4426,11.4,1583.5,10.899999999999999,17.3,394.0,7.0,2.1999999999999993,impersonator
2508,15.7,19.7,139.8,837.1,19.1,18.8,18.6,genuine
3982,219.1,193.6,215.5,216.7,199.5,417.2,16.3,genuine
1600,16.6,29.8,790.0,607.6,33.099999999999994,-6.0,38.1,impersonator
4141,180.0,172.0,154.0,171.0,172.0,171.0,169.0,genuine
1899,13.6,12.4,208.3,215.0,416.7,233.0,433.5,genuine
3332,33.7,1039.4,17.8,18.1,2297.2,19.3,20.1,genuine
2108,17.0,561.0,17.5,19.0,55.8,72.5,62.4,genuine
1547,981.2,222.7,17.5,17.6,17.9,17.5,17.7,genuine
1555,151.4,147.7,172.9,144.3,177.0,187.1,169.6,impersonator
3959,20.599999999999998,-1.200000000000001,222.29999999999998,454.29999999999995,230.79999999999998,253.7,412.8,impersonator
1266,6.299999999999999,1584.2,30.3,9.4,36.1,15.599999999999998,43.6,impersonator
907,170.8,156.5,197.5,177.3,197.2,186.1,177.3,impersonator
3066,162.0,166.0,169.0,166.0,167.0,167.0,166.0,genuine
617,15.8,18.2,975.3,19.2,16.9,18.4,18.2,genuine
1990,7.0,325.0,333.0,167.0,167.0,169.0,166.0,genuine
595,163.2,187.7,21.4,168.6,339.6,182.6,187.0,impersonator
1459,212.3,216.3,199.9,216.3,417.0,233.2,433.3,genuine
1983,17.6,20.5,970.6,632.6,20.8,17.8,19.3,genuine
1744,228.1,456.5,24.1,232.1,233.8,450.4,16.6,genuine
4403,1100.1,38.900000000000006,19.9,12.500000000000002,2097.0,3.299999999999997,31.000000000000004,impersonator
871,14.8,234.4,228.3,232.9,433.3,16.6,232.5,genuine
3779,431.5,14.7,233.3,232.7,433.3,15.8,233.2,genuine
152,175.4,158.2,139.5,178.2,24.7,149.2,331.6,impersonator
1201,163.0,187.0,154.0,171.0,172.0,170.0,171.0,genuine
1685,1418.8,19.1,22.6,17.4,16.4,18.9,19.2,genuine
2905,19.5,240.8,239.3,222.70000000000002,251.0,224.4,241.2,impersonator
200,184.8,154.5,193.7,177.3,188.2,173.5,185.1,impersonator
418,14.4,234.8,227.9,233.3,233.3,433.5,15.4,genuine
1784,36.7,18.900000000000002,12.8,1413.6999999999998,41.4,2.900000000000002,-0.8000000000000007,impersonator
4272,164.0,169.0,168.0,169.0,168.0,168.0,169.0,genuine
1490,18.7,18.6,24.4,761.1999999999999,9.0,20.0,3.6999999999999993,impersonator
924,170.0,173.0,174.0,173.0,175.0,170.0,171.0,genuine
2601,234.9,249.0,235.8,257.8,24.299999999999997,220.29999999999998,178.3,impersonator
1817,16.5,781.0,211.5,17.9,19.3,18.4,19.1,genuine
1766,11.0,172.0,327.0,171.0,170.0,170.0,170.0,genuine
2287,165.0,169.0,167.0,167.0,169.0,168.0,166.0,genuine
3465,-2.799999999999999,27.799999999999997,38.0,22.8,591.8,-6.100000000000001,28.1,impersonator
2714,17.6,1780.7,19.4,20.4,18.2,19.7,20.0,genuine
631,229.9,232.9,235.7,215.9,233.5,234.2,449.8,genuine
3784,13.3,232.2,231.5,433.3,16.7,232.9,233.3,genuine
1703,165.0,168.0,168.0,166.0,166.0,169.0,168.0,genuine
748,4.599999999999998,39.0,12.8,947.4,22.9,38.0,1216.8,impersonator
1658,212.1,231.5,232.6,233.7,450.0,15.5,232.8,genuine
398,413.4,-4.500000000000002,238.1,211.0,232.3,445.2,41.5,impersonator
939,157.9,174.4,192.8,153.9,175.0,154.5,162.1,impersonator
3159,15.1,236.7,229.79999999999998,257.5,456.6,38.900000000000006,216.8,impersonator
3509,187.5,191.1,160.4,183.6,192.3,180.8,163.9,impersonator
2881,12.8,235.1,233.1,450.2,15.7,232.8,232.5,genuine
2380,9.9,20.4,787.0,398.1,38.099999999999994,10.899999999999999,37.7,impersonator
4186,24.4,221.7,398.0,252.0,223.3,26.5,229.7,impersonator
4438,15.9,20.1,16.5,16.6,17.2,17.9,57.1,genuine
3334,30.5,-4.799999999999997,1396.8999999999999,605.3000000000001,-0.8000000000000007,9.299999999999999,24.1,impersonator
158,59.5,1543.3,7.800000000000001,8.1,2.1999999999999993,39.5,20.6,impersonator
1527,147.8,161.1,175.0,180.4,182.2,185.5,155.1,impersonator
964,37.400000000000006,-4.400000000000002,25.0,796.6,434.09999999999997,32.4,1.9999999999999982,impersonator
1245,18.2,122.4,1049.4,17.1,17.8,17.6,17.8,genuine
2455,193.3,150.2,166.8,187.1,171.2,-4.0,156.8,impersonator
2567,16.0,208.2,252.29999999999998,231.0,25.599999999999998,206.70000000000002,438.2,impersonator
2638,2502.4,28.1,13.0,59.8,92.1,88.1,100.9,genuine
4173,38.4,1629.5,27.0,-5.900000000000002,605.9,10.600000000000001,39.4,impersonator
1814,169.0,188.0,156.0,169.0,10.0,165.0,334.0,genuine
790,185.9,162.9,137.2,196.4,155.5,32.1,187.6,impersonator
3997,10.7,1412.9,6.299999999999999,2.6999999999999993,3.3999999999999986,9.2,29.5,impersonator
104,425.2,16.0,232.7,233.2,233.0,216.9,233.5,genuine
4032,1013.2,384.5,15.3,16.9,17.0,17.1,16.8,genuine
3587,160.6,148.9,168.8,156.5,186.9,150.7,169.5,impersonator
1229,39.5,1218.2,30.6,27.200000000000003,-4.400000000000002,4.800000000000001,8.7,impersonator
2717,36.7,213.6,2121.7,18.2,16.1,17.2,17.8,genuine
2586,432.2,15.6,231.3,233.1,433.3,16.6,233.3,genuine
1237,16.6,1196.2,19.3,17.1,16.9,18.0,1034.6,genuine
3483,164.0,167.0,168.0,167.0,167.0,165.0,165.0,genuine
120,167.3,156.5,173.3,18.9,153.0,358.6,143.4,impersonator
1935,154.0,175.1,187.3,184.2,173.2,161.4,174.8,impersonator
3758,15.6,18.2,785.9,631.3,20.5,16.8,16.5,genuine
2947,394.6,215.6,16.8,16.9,72.0,83.5,96.0,genuine
902,13.9,1009.6,230.8,15.6,17.7,16.3,15.3,genuine
4068,225.8,521.7,-0.9000000000000004,20.1,25.700000000000003,-2.3999999999999986,1068.5,impersonator
2484,-5.5,13.0,10.000000000000002,966.9,18.5,-4.700000000000003,29.7,impersonator
2568,227.6,449.9,30.8,234.1,232.4,449.8,15.8,genuine
1188,10.1,24.599999999999998,22.3,401.59999999999997,190.70000000000002,219.29999999999998,217.5,impersonator
193,187.7,170.3,159.2,163.5,167.9,162.3,189.8,impersonator
3182,184.0,165.2,167.7,147.4,180.6,191.9,179.1,impersonator
3957,21.700000000000003,1357.3000000000002,189.4,19.9,31.1,39.6,36.4,impersonator
121,41.4,16.3,642.8,22.4,230.9,450.0,33.1,genuine
550,165.0,169.0,167.0,167.0,169.0,168.0,169.0,genuine
459,5.4,4.6,27.0,24.599999999999998,969.7,3.6000000000000014,22.8,impersonator
2950,166.0,169.0,169.0,167.0,166.0,166.0,168.0,genuine
1074,230.1,233.4,232.7,216.5,233.4,233.4,233.2,genuine
206,151.1,188.2,152.9,162.2,176.1,175.8,144.2,impersonator
2934,163.0,170.0,166.0,13.0,155.0,331.0,166.0,genuine
3018,159.4,162.2,150.3,163.3,177.1,180.1,155.0,impersonator
4066,-10.3,4.800000000000001,72.60000000000001,94.89999999999999,51.900000000000006,108.7,79.5,impersonator
2304,14.4,15.3,1400.9,16.0,16.4,16.9,16.0,genuine
4179,16.6,20.4,30.4,1359.4,17.1,18.8,19.2,genuine
4404,35.3,1205.1000000000001,220.1,17.1,30.8,22.5,29.4,impersonator
1743,21.5,37.7,-2.3000000000000007,1157.7,45.3,41.9,16.4,impersonator
344,228.2,238.2,251.8,455.9,40.7,253.3,247.7,impersonator
776,14.5,401.0,421.9,15.1,17.3,19.0,17.7,genuine
1453,17.5,41.8,1137.9,632.6,19.7,15.8,19.0,genuine
109,34.9,37.6,795.8,-5.0,-1.0,594.9,1041.5,impersonator
127,168.0,170.0,171.0,171.0,173.0,168.0,166.0,genuine
1710,157.9,187.6,132.1,159.4,160.9,173.0,184.6,impersonator
2920,18.3,19.5,301.3,64.5,75.9,72.0,85.1,genuine
20,165.0,168.0,166.0,167.0,169.0,166.0,167.0,genuine
3135,180.3,145.0,153.0,164.0,169.0,159.9,151.9,impersonator
803,171.0,172.0,175.0,173.0,175.0,173.0,172.0,genuine
759,60.099999999999994,1757.0,23.4,3.5999999999999996,7.6,30.2,18.1,impersonator
567,160.7,171.7,178.4,174.9,166.0,149.2,190.1,impersonator
1925,181.0,169.0,156.0,170.0,171.0,183.0,166.0,genuine
2258,209.39999999999998,6.300000000000001,203.89999999999998,238.8,181.2,392.3,209.5,impersonator
1517,5.699999999999999,27.4,24.5,415.4,199.29999999999998,219.20000000000002,394.8,impersonator
2,165.0,167.0,167.0,168.0,169.0,166.0,168.0,genuine
3113,799.6,21.799999999999997,42.4,36.6,87.89999999999999,232.5,1125.5,impersonator
3529,15.5,15.8,993.3000000000001,41.7,37.9,3.3999999999999986,22.1,impersonator
1599,18.1,19.4,1395.1,19.4,16.8,19.3,19.1,genuine
3195,230.0,453.2,30.7,233.5,233.8,233.9,30.9,genuine
3376,17.0,25.4,217.8,220.8,197.3,421.59999999999997,240.6,impersonator
895,140.8,167.0,139.0,154.4,172.7,-12.5,178.9,impersonator
2765,29.4,241.2,430.8,25.1,254.89999999999998,227.2,412.4,impersonator
4239,18.8,19.3,47.5,914.0,18.2,20.3,20.3,genuine
44,16.0,66.8,331.2,60.4,72.0,72.9,21.8,genuine
3806,697.3,5.700000000000001,18.2,28.5,72.2,2221.3,37.7,impersonator
886,227.4,233.5,31.8,199.8,216.3,200.0,216.8,genuine
376,29.1,227.2,227.6,437.79999999999995,-0.1999999999999993,237.9,235.6,impersonator
143,193.5,180.1,180.5,181.0,148.2,5.9,150.6,impersonator
1122,170.0,171.0,172.0,175.0,174.0,175.0,173.0,genuine
603,21.1,245.8,219.70000000000002,244.89999999999998,431.79999999999995,13.2,208.4,impersonator
3669,172.0,172.0,174.0,174.0,173.0,171.0,173.0,genuine
3122,182.8,191.2,167.3,156.3,154.9,163.1,188.1,impersonator
2944,187.4,167.7,170.2,169.8,193.4,151.1,175.9,impersonator
4049,1175.8999999999999,5.299999999999999,14.3,22.599999999999998,2.1000000000000014,5.400000000000002,-3.099999999999998,impersonator
3448,228.1,232.9,233.2,15.5,214.9,216.4,217.6,genuine
2935,20.0,14.3,419.4,210.2,15.2,21.0,16.7,genuine
3857,7.200000000000001,212.7,229.0,243.2,414.6,-4.4,257.4,impersonator
1786,183.1,180.5,142.7,171.6,179.0,165.0,187.6,impersonator
3080,15.0,44.4,1153.9,16.6,17.6,17.6,17.8,genuine
374,141.5,175.2,159.7,158.3,161.2,154.5,174.6,impersonator
1620,396.2,249.6,233.9,443.5,3.3999999999999986,236.2,410.5,impersonator
1901,245.0,256.3,219.0,442.40000000000003,25.5,428.1,-1.9000000000000021,impersonator
3815,26.0,-2.200000000000001,192.0,214.0,194.5,230.70000000000002,199.4,impersonator
2399,15.4,17.4,975.6,422.3,15.4,17.8,18.9,genuine
1739,15.3,233.2,228.4,433.5,16.3,233.4,233.1,genuine
2998,153.0,174.0,170.0,169.0,171.0,171.0,166.0,genuine
213,167.0,167.0,169.0,169.0,169.0,168.0,169.0,genuine
1388,431.1,15.8,235.7,233.3,450.4,15.4,233.5,genuine
1622,15.3,17.7,783.8,420.9,14.9,20.5,16.5,genuine
475,167.0,168.0,169.0,167.0,169.0,171.0,167.0,genuine
3565,30.6,42.8,776.1999999999999,630.2,16.799999999999997,21.0,25.0,impersonator
1627,164.0,167.0,169.0,16.0,150.0,332.0,166.0,genuine
2283,413.5,629.5,17.8,17.7,15.8,16.7,17.7,genuine
1981,187.8,162.1,168.7,195.3,190.9,180.3,167.0,impersonator
3555,15.5,18.1,17.1,19.1,948.1,17.5,18.0,genuine
2454,170.0,170.0,168.0,171.0,170.0,172.0,166.0,genuine
3142,22.1,17.3,775.8,422.3,16.5,18.6,20.0,genuine
3604,171.0,174.0,173.0,171.0,173.0,173.0,176.0,genuine
1994,170.0,194.4,161.1,151.5,176.2,173.2,189.9,impersonator
1297,171.0,175.0,176.0,172.0,172.0,174.0,173.0,genuine
314,18.3,16.2,20.6,16.8,1002.3,17.0,16.8,genuine
348,429.7,23.7,8.3,216.6,215.9,216.6,417.1,genuine
2660,229.0,229.8,232.6,450.4,15.7,233.5,233.3,genuine
3507,238.60000000000002,217.0,443.6,37.9,249.39999999999998,259.6,209.5,impersonator
123,23.7,231.7,256.3,440.20000000000005,33.3,218.6,249.5,impersonator
2610,10.0,179.0,319.0,172.0,11.0,167.0,334.0,genuine
4352,175.1,174.9,147.2,192.4,149.2,191.7,194.1,impersonator
1704,227.0,450.3,31.3,233.2,232.9,450.4,32.0,genuine
1656,247.6,421.5,32.400000000000006,224.29999999999998,209.7,441.5,22.1,impersonator
949,19.7,22.7,1146.6,421.5,16.9,19.5,18.5,genuine
947,26.1,33.7,0.6999999999999993,3.299999999999999,7.0,-3.599999999999998,1.1999999999999993,impersonator
959,164.0,168.0,167.0,167.0,167.0,165.0,167.0,genuine
1729,164.0,178.0,156.0,171.0,171.0,7.0,167.0,genuine
1240,199.0,132.0,167.0,166.0,165.0,165.0,168.0,genuine
4203,240.5,249.3,223.0,226.39999999999998,420.7,25.6,217.20000000000002,impersonator
4439,171.0,172.0,173.0,174.0,171.0,172.0,173.0,genuine
3895,1017.5000000000001,35.3,-3.0,33.8,29.0,66.8,1966.1,impersonator
155,181.0,173.0,156.0,169.0,169.0,168.0,14.0,genuine
1864,19.8,19.1,1354.8,631.0,21.6,16.7,16.7,genuine
1708,14.4,26.7,353.59999999999997,816.0,9.799999999999999,17.9,42.0,impersonator
3022,14.1,232.3,230.2,16.2,216.6,198.8,634.0,genuine
3485,17.8,20.2,1163.0,421.7,17.8,17.4,19.0,genuine
499,164.0,168.0,167.0,15.0,153.0,331.0,166.0,genuine
1180,171.1,174.9,160.5,159.6,187.4,176.4,153.7,impersonator
1399,106.9,605.5,1900.8,22.9,36.2,45.1,83.6,impersonator
4180,162.4,159.5,215.8,125.2,139.2,150.9,147.1,impersonator
2558,165.0,166.0,167.0,164.0,167.0,164.0,165.0,genuine
278,183.7,172.8,158.9,162.3,161.2,18.0,142.1,impersonator
994,169.7,208.8,147.2,180.7,13.3,182.2,323.7,impersonator
507,10.0,180.0,320.0,170.0,11.0,167.0,333.0,genuine
430,163.0,165.0,167.0,167.0,164.0,167.0,167.0,genuine
2679,163.0,177.0,157.0,172.0,170.0,171.0,169.0,genuine
3525,93.9,1406.4,15.5,16.7,797.3,209.6,15.9,genuine
2740,163.2,176.8,186.6,159.9,194.8,170.7,174.9,impersonator
4339,180.0,180.0,150.0,171.0,169.0,13.0,167.0,genuine
2023,229.1,232.9,232.0,233.3,233.3,433.4,17.5,genuine
3317,430.4,16.2,233.1,233.2,434.1,15.1,433.4,genuine
4215,16.8,25.9,961.6,421.3,15.8,17.6,837.8,genuine
1847,16.9,15.3,1157.9,420.0,15.4,17.9,20.0,genuine
3380,163.5,159.7,180.4,187.0,154.7,177.6,139.2,impersonator
1430,404.40000000000003,-8.1,210.6,220.2,449.5,23.1,213.0,impersonator
3603,230.2,16.0,216.7,218.5,199.7,418.0,232.0,genuine
3087,188.9,180.2,150.5,163.2,164.6,142.9,193.3,impersonator
1408,430.9,15.9,231.4,233.2,233.2,16.5,216.4,genuine
2231,424.0,9.3,227.4,233.4,453.70000000000005,36.4,234.10000000000002,impersonator
2725,163.0,169.0,168.0,167.0,168.0,165.0,166.0,genuine
3488,1224.9,16.9,14.3,17.8,18.2,27.5,58.8,genuine
254,395.2,214.1,35.0,13.900000000000002,26.9,6.0,22.3,impersonator
3379,330.0,179.0,156.0,171.0,171.0,169.0,171.0,genuine
4033,145.8,163.3,191.1,175.5,193.1,154.5,154.7,impersonator
3461,167.0,170.0,169.0,172.0,167.0,168.0,168.0,genuine
3524,190.5,177.3,178.4,157.7,175.5,155.1,177.8,impersonator
886,225.1,210.7,15.9,223.60000000000002,237.8,182.7,209.9,impersonator
1451,242.89999999999998,242.0,448.6,14.200000000000001,437.9,36.2,245.70000000000002,impersonator
2585,210.29999999999998,443.90000000000003,23.200000000000003,248.9,222.4,417.5,-2.400000000000002,impersonator
2074,166.9,190.1,197.4,152.1,189.2,176.5,194.6,impersonator
251,153.6,173.6,171.9,168.4,170.0,371.8,37.5,impersonator
4286,37.9,438.3,-10.200000000000001,224.0,258.6,452.70000000000005,27.1,impersonator
481,244.7,254.4,210.70000000000002,210.10000000000002,231.7,244.29999999999998,438.8,impersonator
2681,28.0,6.300000000000001,9.399999999999999,28.099999999999998,22.3,101.5,23.1,impersonator
1831,202.7,15.2,16.4,16.7,16.6,17.0,18.0,genuine
3624,254.8,210.4,235.20000000000002,429.4,1.3000000000000007,228.5,223.20000000000002,impersonator
2468,172.7,168.3,9.6,161.2,-6.5,342.5,18.9,impersonator
2883,160.6,170.9,153.0,172.9,181.1,145.4,163.2,impersonator
403,232.1,196.5,233.4,16.2,216.5,200.0,216.5,genuine
3455,228.9,231.5,232.4,450.4,15.8,233.2,233.3,genuine
1844,26.0,19.0,774.1,626.2,8.5,9.5,23.7,impersonator
3831,183.7,171.3,187.2,148.5,179.8,174.5,184.0,impersonator
1830,223.6,217.4,218.8,223.10000000000002,209.1,229.1,445.8,impersonator
4261,13.799999999999999,12.4,179.4,197.0,222.7,412.2,218.7,impersonator
2075,10.4,419.8,1905.1,16.6,18.7,20.4,17.3,genuine
750,160.9,180.2,169.4,173.4,153.3,149.8,179.2,impersonator
1321,164.0,170.0,167.0,166.0,169.0,167.0,169.0,genuine
4075,13.399999999999999,10.499999999999998,1001.6,634.8,26.599999999999998,9.000000000000002,14.799999999999999,impersonator
4154,177.79999999999998,209.3,2.3999999999999986,216.9,211.9,200.3,421.6,impersonator
3286,216.0,430.8,241.0,444.7,5.300000000000001,217.3,26.3,impersonator
4249,-7.299999999999999,440.9,-9.1,216.6,411.1,-3.400000000000002,234.70000000000002,impersonator
1783,166.0,185.0,157.0,169.0,169.0,171.0,12.0,genuine
3569,32.6,56.0,143.5,80.6,23.2,216.2,103.7,genuine
1394,1391.0,40.900000000000006,21.5,1.6999999999999993,-4.100000000000001,27.1,35.4,impersonator
2879,173.0,182.9,174.3,163.6,177.4,151.0,154.4,impersonator
4136,165.8,156.5,162.0,147.5,151.9,150.9,191.7,impersonator
1765,207.1,427.3,31.599999999999998,233.9,258.3,453.3,34.099999999999994,impersonator
570,225.7,233.4,233.2,232.7,233.0,450.6,16.1,genuine
2903,228.9,232.9,433.2,16.8,232.9,233.4,433.2,genuine
1943,16.0,19.2,16.3,18.2,1132.0,18.5,18.3,genuine
4381,432.09999999999997,0.5,242.0,236.39999999999998,243.70000000000002,239.2,220.3,impersonator
767,170.0,174.0,172.0,173.0,174.0,172.0,174.0,genuine
1341,203.8,198.1,405.0,222.2,418.0,3.799999999999999,1.5999999999999996,impersonator
1415,17.099999999999998,19.0,38.2,828.1,-6.5,5.399999999999999,0.8000000000000007,impersonator
1561,15.9,1597.1,19.0,15.7,19.4,17.4,18.5,genuine
2274,23.799999999999997,30.599999999999998,1410.7,-4.0,39.4,37.3,42.1,impersonator
4496,144.2,143.9,192.4,155.5,159.8,169.6,165.6,impersonator
4062,147.3,169.4,194.8,155.7,191.7,168.4,183.9,impersonator
484,172.0,174.0,174.0,173.0,175.0,173.0,171.0,genuine
4193,168.0,167.0,166.0,166.0,168.0,166.0,166.0,genuine
61,169.0,171.0,170.0,170.0,171.0,172.0,166.0,genuine
2899,169.0,171.0,171.0,172.0,170.0,171.0,166.0,genuine
3434,164.0,166.0,167.0,166.0,169.0,165.0,168.0,genuine
1,40.4,19.099999999999998,1448.4,-7.199999999999999,448.7,18.5,-5.399999999999999,impersonator
3880,11.0,175.0,325.0,170.0,170.0,170.0,171.0,genuine
2506,343.3,207.7,186.9,189.9,165.1,156.6,179.4,impersonator
677,21.4,445.8,-2.4000000000000004,417.7,14.600000000000001,225.0,211.4,impersonator
1533,230.2,433.5,16.4,232.8,433.2,16.7,433.1,genuine
3237,16.1,19.5,1203.4,15.5,18.4,18.3,18.1,genuine
448,11.2,27.0,1400.3000000000002,14.0,21.0,-5.700000000000003,5.999999999999998,impersonator
3551,169.0,168.0,169.0,170.0,169.0,169.0,171.0,genuine
429,2.4999999999999982,9.299999999999999,1009.3000000000001,38.7,31.5,11.0,-2.299999999999997,impersonator
2234,19.2,23.4,1619.4,20.6,16.6,18.5,20.0,genuine
1195,34.4,112.7,47.0,143.79999999999998,83.8,89.4,45.699999999999996,impersonator
4366,171.0,174.0,173.0,175.0,174.0,175.0,172.0,genuine
2811,169.0,171.0,168.0,170.0,172.0,169.0,167.0,genuine
4276,177.2,184.5,176.6,156.0,180.7,157.9,172.7,impersonator
2011,38.0,17.8,736.8,1053.5,-2.200000000000003,35.7,26.700000000000003,impersonator
2942,184.5,148.0,168.6,-10.5,140.3,330.7,150.6,impersonator
1875,184.1,177.9,166.0,178.5,193.1,189.5,167.6,impersonator
4146,186.6,189.6,150.9,176.9,191.9,193.2,179.0,impersonator
2135,170.0,174.0,174.0,174.0,172.0,172.0,172.0,genuine
875,244.10000000000002,237.29999999999998,418.0,16.900000000000002,451.0,15.1,217.7,impersonator
2422,168.0,190.0,154.0,170.0,9.0,167.0,334.0,genuine
2004,20.4,171.8,308.2,157.0,186.0,192.8,171.7,impersonator
1401,2.5,434.4,34.0,255.8,3.0,233.4,201.6,impersonator
2956,148.2,184.2,154.4,181.1,147.7,147.4,172.5,impersonator
4085,25.2,92.9,118.9,115.9,97.0,102.7,104.0,genuine
2924,153.3,180.3,153.8,148.0,180.1,149.2,171.2,impersonator
3202,172.0,171.0,175.0,174.0,172.0,173.0,174.0,genuine
3767,214.3,197.5,216.4,216.6,199.9,416.8,234.2,genuine
4331,141.1,172.0,182.8,172.7,190.8,177.6,168.2,impersonator
2172,165.0,167.0,167.0,165.0,169.0,167.0,166.0,genuine
4200,254.29999999999998,408.8,10.1,233.8,446.7,28.9,247.7,impersonator
4236,165.0,180.0,150.0,170.0,168.0,169.0,170.0,genuine
3235,447.3,28.0,233.7,31.3,200.0,216.5,216.6,genuine
3121,444.1,30.0,234.9,230.5,436.3,14.8,239.4,genuine
2429,170.0,174.0,173.0,174.0,174.0,172.0,175.0,genuine
3401,185.2,155.3,173.4,163.7,148.5,14.3,178.4,impersonator
2316,24.6,43.3,1381.8,25.2,14.7,34.0,33.3,impersonator
2949,-2.5,18.200000000000003,228.6,201.70000000000002,239.0,407.29999999999995,252.0,impersonator
3299,573.1,1469.8,39.2,42.8,24.099999999999998,45.9,87.7,impersonator
1558,163.0,169.0,168.0,165.0,169.0,169.0,166.0,genuine
2463,29.2,1028.1000000000001,1.8000000000000007,33.599999999999994,34.0,1859.5,34.2,impersonator
1956,171.0,171.0,175.0,172.0,172.0,173.0,174.0,genuine
1294,171.0,173.0,185.0,169.0,176.0,173.0,173.0,genuine
2350,7.799999999999999,47.0,576.2,202.5,32.8,4.1,23.0,impersonator
2890,347.7,177.9,128.0,185.0,191.4,153.1,177.2,impersonator
1116,163.0,349.0,156.0,172.0,7.0,167.0,333.0,genuine
1016,165.0,166.0,166.0,167.0,166.0,165.0,166.0,genuine
2463,29.4,1050.9,19.0,17.4,18.8,1835.5,18.5,genuine
3828,166.0,189.0,154.0,171.0,168.0,10.0,167.0,genuine
3032,186.0,11.0,149.0,350.0,166.0,167.0,166.0,genuine
4016,165.0,186.0,154.0,170.0,172.0,171.0,171.0,genuine
3019,18.9,22.3,25.3,19.3,1141.1,632.1,39.1,impersonator
40,175.6,164.8,174.3,166.6,182.9,143.0,159.9,impersonator
1760,145.3,183.7,157.6,148.2,155.9,160.3,173.0,impersonator
4050,231.1,446.8,16.3,232.9,233.2,233.1,17.4,genuine
2954,21.2,57.2,50.099999999999994,575.6,-0.3000000000000007,17.700000000000003,50.5,impersonator
2387,180.0,179.0,152.0,171.0,167.0,13.0,167.0,genuine
3929,185.7,151.5,187.1,194.5,185.4,194.8,169.5,impersonator
1349,12.0,11.799999999999999,1609.1000000000001,36.2,-1.8000000000000007,6.100000000000001,172.8,impersonator
3533,228.1,233.0,232.7,233.2,433.5,16.8,433.2,genuine
3501,171.0,173.0,175.0,173.0,173.0,174.0,174.0,genuine
1940,216.5,411.6,227.6,228.4,448.8,6.399999999999999,37.0,impersonator
3157,29.2,38.599999999999994,922.3000000000001,37.2,22.8,12.799999999999999,22.7,impersonator
2533,22.5,17.9,15.5,18.8,18.7,1762.5,18.3,genuine
3262,179.0,203.8,150.8,154.5,23.7,174.3,345.1,impersonator
1912,158.7,181.0,169.0,161.8,151.1,165.6,151.9,impersonator
2953,166.0,168.0,168.0,168.0,167.0,168.0,167.0,genuine
1100,216.5,213.20000000000002,239.0,447.6,6.600000000000001,242.1,223.6,impersonator
3782,14.2,25.799999999999997,19.599999999999998,10.5,995.1,0.1999999999999993,23.5,impersonator
2659,171.0,168.0,171.0,173.0,171.0,172.0,168.0,genuine
1972,13.0,170.0,327.0,171.0,168.0,169.0,172.0,genuine
3769,163.0,165.0,167.0,166.0,165.0,165.0,165.0,genuine
2520,251.2,-8.7,234.7,380.4,253.0,257.7,456.5,impersonator
1711,169.0,174.0,175.0,171.0,173.0,174.0,174.0,genuine
2847,15.200000000000001,28.0,35.3,384.1,-3.599999999999998,29.7,42.6,impersonator
1488,165.0,167.0,167.0,167.0,167.0,168.0,166.0,genuine
1577,34.3,84.8,1775.8,44.0,13.8,-3.1000000000000014,180.0,impersonator
2999,245.7,257.4,210.1,416.0,35.7,215.70000000000002,246.60000000000002,impersonator
3400,229.5,233.0,433.9,15.4,233.0,234.2,433.1,genuine
197,426.1,14.999999999999996,15.9,201.3,214.4,233.4,632.1,impersonator
3938,32.7,27.9,219.5,203.1,17.1,18.5,-0.09999999999999787,impersonator
1413,2571.5,-1.0999999999999996,7.600000000000001,57.3,117.39999999999999,43.900000000000006,16.299999999999997,impersonator
1576,185.4,211.8,148.9,147.9,157.7,182.4,186.0,impersonator
1089,179.5,143.7,162.7,143.8,173.6,191.5,154.8,impersonator
1301,175.9,161.8,180.5,175.9,156.2,172.6,154.7,impersonator
1375,180.0,173.0,157.0,170.0,171.0,170.0,169.0,genuine
2092,2.799999999999999,-2.6000000000000014,121.2,33.7,29.7,71.9,53.5,impersonator
3307,171.0,172.0,174.0,173.0,173.0,172.0,174.0,genuine
363,158.7,185.9,171.6,-9.899999999999999,141.0,349.7,150.5,impersonator
2051,235.5,19.4,187.4,190.70000000000002,212.9,405.29999999999995,460.2,impersonator
2184,35.9,212.0,421.0,39.7,234.8,220.7,448.9,impersonator
2891,172.0,189.0,163.0,177.0,175.0,176.0,172.0,genuine
2909,166.0,171.5,163.1,175.1,164.7,151.3,175.7,impersonator
1836,41.3,27.5,1200.6,17.4,19.9,226.9,-0.3000000000000007,impersonator
2159,6.600000000000001,3.3000000000000007,1769.0,3.9000000000000004,35.6,-5.5,11.5,impersonator
2549,18.0,171.0,321.0,169.0,170.0,13.0,166.0,genuine
460,16.5,19.2,1177.9,629.5,20.9,18.8,20.6,genuine
1706,156.8,158.0,193.5,170.0,185.2,155.6,154.5,impersonator
880,14.4,55.2,52.9,62.9,96.4,43.2,100.5,genuine
1535,7.0,12.299999999999999,194.6,199.0,201.4,404.6,513.4,impersonator
2939,419.8,16.7,244.1,254.8,445.0,-4.700000000000001,218.0,impersonator
2327,249.7,251.4,463.59999999999997,31.2,33.7,204.20000000000002,192.20000000000002,impersonator
3491,138.8,169.4,174.5,152.2,177.6,189.8,146.7,impersonator
3794,431.3,14.8,232.9,232.2,433.4,16.6,433.2,genuine
2457,169.0,174.0,172.0,173.0,173.0,172.0,172.0,genuine
2191,14.200000000000001,26.3,202.1,240.6,222.1,214.5,614.5,impersonator
3950,15.8,18.0,1363.7,428.6,16.9,19.2,17.3,genuine
574,171.0,172.0,174.0,175.0,174.0,175.0,174.0,genuine
2864,155.4,347.6,153.0,174.1,3.5,141.0,341.1,impersonator
801,166.0,169.0,166.0,166.0,166.0,165.0,168.0,genuine
1997,43.7,26.0,1600.5,7.799999999999999,7.499999999999998,0.10000000000000142,26.8,impersonator
320,164.0,178.0,152.0,169.0,169.0,169.0,13.0,genuine
340,165.0,167.0,168.0,167.0,166.0,166.0,167.0,genuine
31,52.400000000000006,1900.0,14.100000000000001,39.8,30.3,12.899999999999999,38.8,impersonator
2735,-6.599999999999998,22.900000000000002,60.4,8.600000000000001,20.799999999999997,76.10000000000001,2019.4,impersonator
640,170.0,175.0,175.0,174.0,172.0,172.0,173.0,genuine
1020,167.0,171.0,169.0,172.0,172.0,170.0,167.0,genuine
3998,164.0,175.0,157.0,170.0,170.0,170.0,169.0,genuine
1934,170.0,173.0,176.0,174.0,173.0,171.0,173.0,genuine
3509,165.0,168.0,167.0,166.0,168.0,167.0,167.0,genuine
4488,164.0,184.0,156.0,169.0,169.0,171.0,168.0,genuine
3498,175.6,146.2,148.3,156.9,170.3,178.0,145.5,impersonator
3660,239.6,223.4,15.4,217.2,410.2,237.4,411.6,impersonator
4024,1.5999999999999996,14.5,82.9,48.900000000000006,43.900000000000006,64.0,56.599999999999994,impersonator
2261,-1.0,236.8,231.0,255.2,469.5,-7.199999999999999,227.2,impersonator
288,82.0,44.199999999999996,24.400000000000002,179.6,52.1,6.5,103.3,impersonator
1295,12.399999999999999,761.4,215.5,10.799999999999999,1.3000000000000007,9.500000000000002,43.0,impersonator
649,-4.199999999999999,50.2,1143.5,650.5,30.9,24.2,42.2,impersonator
1281,429.1,16.2,232.9,233.3,233.2,233.4,16.2,genuine
1465,199.8,212.3,417.2,232.7,417.8,15.7,232.6,genuine
98,154.6,173.6,161.1,148.8,173.7,150.2,169.5,impersonator
71,165.6,192.9,138.6,194.7,178.3,3.8,176.8,impersonator
4207,-12.2,325.0,316.3,148.4,183.5,145.6,193.6,impersonator
1113,187.9,151.2,164.1,188.9,183.4,164.5,181.0,impersonator
2889,167.2,156.8,192.4,186.0,150.0,193.2,185.8,impersonator
3141,15.2,591.0,421.8,15.4,18.1,17.8,17.9,genuine
1799,182.5,158.0,180.7,152.7,196.7,173.3,168.9,impersonator
2267,-4.800000000000001,25.6,1190.3,436.09999999999997,0.1999999999999993,5.700000000000001,29.7,impersonator
673,166.0,167.1,168.2,178.1,188.5,185.4,153.9,impersonator
1134,30.6,249.5,213.1,209.1,211.5,223.0,441.1,impersonator
489,185.0,186.7,162.3,153.6,162.0,159.0,145.1,impersonator
4337,169.8,189.6,138.5,190.3,176.2,160.1,11.6,impersonator
2160,165.0,168.0,166.0,166.0,168.0,165.0,169.0,genuine
4103,226.2,233.1,233.1,232.6,450.9,31.2,233.8,genuine
1518,16.1,18.7,974.1,422.6,15.8,18.6,18.8,genuine
1284,171.0,173.0,176.0,172.0,173.0,173.0,173.0,genuine
1499,24.4,2.1000000000000014,995.8,611.0,21.799999999999997,11.4,228.0,impersonator
1617,166.0,169.0,169.0,11.0,157.0,331.0,168.0,genuine
235,903.5,11.8,5.500000000000002,1.3000000000000007,26.1,2277.1,32.6,impersonator
3109,15.2,18.9,1171.4,629.3,18.9,15.5,18.2,genuine
381,228.4,233.0,433.2,16.6,433.3,16.7,232.9,genuine
2631,164.0,166.0,167.0,3.0,165.0,3.0,330.0,genuine
2179,164.0,182.0,157.0,172.0,6.0,167.0,349.0,genuine
2637,1173.3,41.2,41.2,34.0,18.5,4.100000000000001,34.2,impersonator
3741,14.8,37.1,534.6,627.0,16.5,16.5,16.5,genuine
951,37.900000000000006,240.5,197.4,206.8,203.0,608.1999999999999,10.4,impersonator
4254,163.5,208.0,0.8,159.1,37.5,336.5,347.5,impersonator
1952,164.0,180.0,154.0,173.0,171.0,172.0,171.0,genuine
2896,161.1,170.1,168.1,159.9,150.8,169.4,192.7,impersonator
2711,1.6000000000000014,19.7,206.5,230.4,234.5,440.2,232.2,impersonator
3530,162.8,158.1,165.4,36.9,170.3,350.3,171.4,impersonator
4414,12.6,20.5,1147.2,18.8,21.3,17.3,20.0,genuine
765,485.9,17.7,19.3,1854.7,16.4,17.1,17.7,genuine
4360,18.5,20.7,330.2,839.4,18.7,19.3,19.7,genuine
707,18.9,17.3,18.3,1397.8,19.4,19.3,19.6,genuine
3695,183.5,170.6,171.0,163.1,174.1,183.9,185.4,impersonator
1382,19.9,19.5,1785.4,17.3,21.4,22.7,18.9,genuine
1726,146.6,206.1,166.4,168.8,152.6,196.6,143.8,impersonator
2541,23.6,21.900000000000002,811.5,429.90000000000003,0.1999999999999993,414.59999999999997,35.400000000000006,impersonator
1985,17.6,19.6,981.8,631.3,23.1,20.1,17.6,genuine
4299,18.1,18.5,964.3,418.1,20.9,21.0,21.1,genuine
2472,22.700000000000003,35.3,1586.8,15.6,9.900000000000002,-1.0999999999999979,10.899999999999999,impersonator
683,188.2,151.2,186.0,199.3,146.5,167.5,159.6,impersonator
2854,14.0,223.4,232.7,432.4,17.2,16.1,216.4,genuine
2041,542.1,20.5,29.3,79.8,60.5,1943.5,19.4,genuine
1234,9.799999999999999,26.5,592.4,421.3,29.0,6.800000000000001,25.700000000000003,impersonator
1767,146.7,186.9,154.3,170.5,155.1,177.6,184.1,impersonator
2263,166.0,169.0,167.0,168.0,169.0,168.0,168.0,genuine
1131,172.0,172.0,174.0,174.0,172.0,172.0,174.0,genuine
3506,158.1,175.6,161.8,-10.3,157.2,351.9,162.1,impersonator
730,15.3,16.6,1795.1,19.7,16.6,17.5,18.0,genuine
286,12.7,232.4,232.5,433.3,16.6,233.5,233.2,genuine
1791,171.0,174.0,173.0,171.0,173.0,173.0,173.0,genuine
1329,-0.5,7.800000000000001,-0.6999999999999993,4.100000000000001,1164.1999999999998,18.900000000000002,-3.6999999999999993,impersonator
4487,154.4,176.1,150.5,3.4,178.7,20.2,339.3,impersonator
3954,170.0,173.0,174.0,172.0,172.0,172.0,173.0,genuine
1003,191.6,166.3,146.7,153.9,150.3,165.7,187.1,impersonator
3439,180.7,182.6,169.7,156.6,176.4,147.5,164.0,impersonator
4433,7.500000000000002,10.700000000000001,38.2,778.9,16.4,3.3000000000000007,40.900000000000006,impersonator
2557,4.199999999999999,425.59999999999997,17.5,236.3,239.6,222.20000000000002,439.40000000000003,impersonator
3656,246.9,449.29999999999995,10.1,247.29999999999998,208.7,212.9,454.5,impersonator
1700,145.3,169.3,151.0,153.2,170.7,192.8,175.5,impersonator
1560,171.1,148.1,168.7,180.6,188.8,156.9,159.8,impersonator
542,15.8,17.3,1168.7,629.7,21.6,15.6,17.1,genuine
335,169.0,171.0,169.0,171.0,171.0,172.0,166.0,genuine
943,16.5,88.5,418.5,16.9,19.3,44.0,23.5,genuine
3374,165.0,167.0,168.0,3.0,162.0,5.0,331.0,genuine
2569,596.7,425.9,18.4,21.2,20.7,20.5,16.2,genuine
3812,209.9,221.7,254.0,455.8,20.7,249.9,224.60000000000002,impersonator
383,170.0,176.0,174.0,172.0,173.0,175.0,172.0,genuine
2978,151.6,174.2,167.1,163.6,194.4,186.9,195.1,impersonator
188,2265.7,40.099999999999994,41.900000000000006,573.0,38.7,9.1,-2.6000000000000014,impersonator
4060,180.8,156.3,177.9,183.4,188.1,149.2,143.5,impersonator
844,229.4,233.1,16.0,215.4,617.3,16.3,233.2,genuine
4135,175.7,150.7,183.4,189.1,196.8,181.3,180.1,impersonator
2530,172.1,180.2,180.4,149.4,157.7,163.5,7.7,impersonator
2546,164.0,168.0,168.0,166.0,168.0,165.0,166.0,genuine
1342,16.6,22.6,529.1,846.3,20.5,20.3,19.5,genuine
2026,180.0,174.0,156.0,170.0,168.0,172.0,10.0,genuine
2999,229.0,232.9,233.1,433.4,16.7,232.9,233.3,genuine
2138,164.4,191.3,138.0,159.0,147.2,166.6,-10.5,impersonator
3379,348.1,185.2,140.1,152.0,161.5,165.5,194.6,impersonator
3925,169.0,174.0,174.0,175.0,173.0,174.0,174.0,genuine
2608,209.1,254.9,452.7,30.1,240.29999999999998,244.1,236.5,impersonator
2832,1408.2,21.8,18.8,422.1,23.8,20.3,18.1,genuine
128,445.2,32.2,231.1,234.8,231.3,451.0,16.0,genuine
2788,168.0,167.0,168.0,166.0,167.0,166.0,167.0,genuine
535,13.2,75.0,1688.1,19.0,20.5,18.2,19.0,genuine
378,20.200000000000003,0.8000000000000007,37.900000000000006,13.7,1969.1999999999998,24.200000000000003,10.999999999999998,impersonator
3513,27.5,30.6,1133.7,411.59999999999997,9.500000000000002,27.9,14.700000000000001,impersonator
322,164.0,183.0,155.0,170.0,172.0,171.0,169.0,genuine
1302,176.6,149.2,190.4,157.6,180.2,180.4,176.9,impersonator
2456,36.400000000000006,1181.4,428.1,34.8,25.8,0.5999999999999979,3.0000000000000018,impersonator
1149,17.6,18.3,18.2,972.2,20.2,19.8,21.0,genuine
3204,167.7,206.2,146.0,161.4,172.5,148.4,162.9,impersonator
1021,140.8,199.1,150.1,179.2,159.7,149.5,30.4,impersonator
4058,13.9,20.2,793.4,417.0,18.1,636.3,14.1,genuine
4270,150.4,158.1,178.5,170.3,160.1,165.8,153.8,impersonator
33,97.60000000000001,27.0,106.1,33.800000000000004,55.8,111.7,54.7,impersonator
1757,174.2,193.9,159.5,179.0,187.8,160.5,152.2,impersonator
1838,170.3,168.7,-7.399999999999999,144.4,311.0,184.6,152.2,impersonator
1520,32.6,24.0,36.900000000000006,38.8,1138.6,-0.9000000000000021,2.099999999999998,impersonator
3043,167.0,168.0,170.0,167.0,167.0,169.0,170.0,genuine
2993,30.7,-10.9,221.79999999999998,222.70000000000002,219.5,210.8,207.7,impersonator
1485,163.0,180.0,156.0,169.0,168.0,170.0,169.0,genuine
4310,171.0,172.0,173.0,175.0,174.0,172.0,173.0,genuine
4467,26.200000000000003,23.0,16.2,734.8000000000001,835.6,-4.199999999999999,10.799999999999999,impersonator
1565,20.1,18.8,1580.2,17.6,21.0,20.1,20.4,genuine
24,19.1,2.1999999999999993,1564.0,-1.1999999999999993,24.200000000000003,-1.0,27.1,impersonator
3389,229.6,432.4,15.9,234.1,233.4,232.3,434.6,genuine
2009,17.5,19.0,18.5,1767.8,19.0,19.6,21.2,genuine
1444,431.8,15.2,232.1,233.0,233.4,16.7,216.2,genuine
582,20.5,15.5,983.2,16.4,17.1,18.2,17.7,genuine
4231,167.0,172.0,171.0,173.0,170.0,172.0,165.0,genuine
1448,229.3,232.8,432.3,16.5,233.2,233.3,233.4,genuine
381,206.6,254.6,431.59999999999997,31.6,438.0,12.2,239.6,impersonator
302,141.8,154.1,177.8,168.0,145.7,144.1,191.8,impersonator
4245,198.4,182.2,127.0,169.2,182.3,184.3,59.2,impersonator
4492,164.0,166.0,167.0,169.0,7.0,161.0,335.0,genuine
4387,172.8,171.4,162.4,148.6,170.5,13.6,174.8,impersonator
4126,527.5,1054.6000000000001,5.800000000000001,2.3000000000000007,18.599999999999998,17.9,14.299999999999999,impersonator
1720,15.3,17.6,1007.7,18.9,15.9,17.5,16.9,genuine
1976,161.0,159.6,148.4,199.6,163.7,171.1,194.0,impersonator
345,170.0,174.0,175.0,174.0,174.0,173.0,172.0,genuine
3907,40.3,1410.8999999999999,32.8,18.2,-2.8000000000000007,34.5,32.1,impersonator
1754,14.3,17.1,127.4,1054.0,18.9,823.9,18.0,genuine
1382,36.2,0.8000000000000007,1795.7,27.3,41.2,13.5,5.499999999999998,impersonator
87,-5.5,156.4,841.1,9.6,-4.800000000000001,22.0,0.1999999999999993,impersonator
385,431.2,12.8,231.2,233.2,433.3,16.7,232.6,genuine
1349,19.5,22.2,1588.9,18.7,21.7,22.3,179.0,genuine
3230,170.5,186.5,163.3,154.0,144.3,144.4,151.5,impersonator
2018,165.0,169.0,165.0,166.0,168.0,166.0,167.0,genuine
3799,229.8,232.9,433.1,16.5,233.0,233.4,433.5,genuine
2210,167.0,164.0,166.0,165.0,166.0,167.0,165.0,genuine
1540,53.4,425.3,17.9,49.4,85.1,1988.9,20.4,genuine
332,37.6,53.8,474.1,16.6,25.1,56.1,2429.7,genuine
2594,566.5,17.400000000000002,12.400000000000002,13.3,59.5,63.800000000000004,40.5,impersonator
150,165.0,168.0,167.0,168.0,168.0,166.0,165.0,genuine
3881,15.4,48.7,977.9,17.2,16.2,16.6,17.6,genuine
987,163.0,184.0,152.0,172.0,171.0,169.0,169.0,genuine
2783,171.0,171.0,176.0,173.0,174.0,173.0,173.0,genuine
3937,14.6,223.1,232.8,233.4,433.3,16.7,216.8,genuine
470,14.8,18.2,1581.8,18.9,17.8,17.8,17.4,genuine
4453,244.7,426.09999999999997,11.799999999999997,38.4,181.4,212.1,207.5,impersonator
2684,16.5,19.4,971.6,633.4,20.0,16.7,19.6,genuine
310,164.0,168.0,168.0,168.0,167.0,166.0,168.0,genuine
1119,445.2,36.8,241.1,212.3,440.59999999999997,28.5,252.9,impersonator
524,171.0,173.0,175.0,172.0,173.0,172.0,178.0,genuine
3268,144.1,173.5,155.7,179.6,179.4,-4.399999999999999,178.6,impersonator
2540,186.3,161.1,187.9,175.2,185.1,169.7,183.7,impersonator
2086,1201.5,16.2,19.7,19.1,20.8,16.5,18.7,genuine
2468,171.0,175.0,1.0,178.0,1.0,339.0,2.0,genuine
1845,163.0,169.0,168.0,16.0,151.0,332.0,168.0,genuine
378,17.1,15.9,16.3,17.2,1974.1,17.3,24.9,genuine
1480,171.0,176.0,172.0,172.0,175.0,172.0,174.0,genuine
1748,446.6,30.3,234.3,230.8,449.9,16.4,451.1,genuine
1584,21.8,8.899999999999999,7.5,13.900000000000002,14.8,1753.6,37.400000000000006,impersonator
3031,168.0,173.0,169.0,172.0,173.0,170.0,165.0,genuine
3987,145.1,172.2,174.6,190.4,191.4,183.8,171.0,impersonator
2023,206.5,227.6,218.6,214.8,218.20000000000002,443.09999999999997,40.4,impersonator
525,216.60000000000002,220.1,180.4,201.1,614.0,29.3,253.4,impersonator
2128,166.0,172.0,171.0,171.0,173.0,173.0,169.0,genuine
2860,21.900000000000002,789.6,428.09999999999997,25.6,19.400000000000002,18.2,18.299999999999997,impersonator
3870,20.8,37.400000000000006,989.1,646.3,12.399999999999999,-3.4000000000000004,446.0,impersonator
3814,169.0,190.0,153.0,169.0,169.0,169.0,183.0,genuine
1146,2.6999999999999993,202.1,203.2,202.5,395.1,240.9,252.6,impersonator
1541,173.0,171.0,175.0,173.0,172.0,172.0,172.0,genuine
1727,218.3,249.8,-5.0,200.7,403.20000000000005,251.5,242.7,impersonator
2055,225.5,217.3,448.2,14.7,450.8,15.5,435.4,genuine
2797,170.0,172.0,176.0,173.0,172.0,172.0,172.0,genuine
3399,2115.0,17.6,17.3,17.6,18.3,18.3,18.0,genuine
2047,15.4,212.7,216.3,199.9,416.8,233.2,433.4,genuine
1661,166.0,170.0,170.0,168.0,170.0,169.0,169.0,genuine
3984,177.8,165.8,159.7,184.6,157.6,188.1,154.9,impersonator
3245,185.0,11.0,150.0,350.0,166.0,166.0,167.0,genuine
3375,150.7,144.3,176.0,35.7,146.6,352.0,188.9,impersonator
3398,150.7,178.9,131.7,190.4,157.4,166.4,149.2,impersonator
3956,20.4,20.0,600.3,17.4,18.6,19.9,20.2,genuine
4190,164.4,181.0,177.4,180.7,162.9,196.4,158.3,impersonator
925,203.3,209.4,216.3,416.8,233.3,433.4,16.5,genuine
718,184.9,223.2,421.8,257.3,220.9,-4.300000000000001,225.0,impersonator
2388,13.4,15.7,224.2,199.2,417.0,233.1,432.7,genuine
353,171.3,170.8,144.7,191.9,172.8,193.4,166.9,impersonator
4010,8.200000000000001,34.2,-8.200000000000001,422.0,220.4,205.9,439.90000000000003,impersonator
4163,170.0,169.0,170.0,171.0,171.0,172.0,167.0,genuine
472,167.0,171.0,168.0,174.0,171.0,171.0,165.0,genuine
1659,14.6,18.5,816.1,11.5,228.6,17.3,19.0,genuine
3747,164.0,168.0,165.0,167.0,169.0,166.0,168.0,genuine
3047,14.2,19.7,1637.6,15.9,16.2,18.5,20.1,genuine
1749,195.4,216.3,216.4,416.6,233.2,233.3,433.5,genuine
4217,147.0,350.2,161.7,153.5,159.6,161.4,181.2,impersonator
3649,173.1,-6.4,135.0,334.2,189.3,168.5,167.5,impersonator
2622,18.2,968.1,626.4,23.1,22.6,23.1,16.8,genuine
4250,204.6,218.60000000000002,191.6,188.8,419.59999999999997,212.4,455.8,impersonator
2192,40.8,11.2,1569.8000000000002,12.7,37.8,20.7,44.4,impersonator
121,61.7,7.4,631.6999999999999,26.9,242.9,456.3,53.6,impersonator
3240,11.8,1629.3,0.8999999999999986,-1.8000000000000007,28.3,20.599999999999998,15.099999999999998,impersonator
712,164.0,167.0,167.0,166.0,167.0,164.0,165.0,genuine
2092,16.4,18.0,115.0,15.7,46.0,88.3,31.0,genuine
1258,164.0,187.0,153.0,171.0,170.0,172.0,169.0,genuine
784,18.2,21.5,1397.2,21.7,15.5,19.3,18.7,genuine
92,31.9,24.5,1590.1999999999998,-5.800000000000001,26.8,176.1,31.299999999999997,impersonator
466,165.0,167.0,168.0,167.0,169.0,165.0,167.0,genuine
3392,213.0,215.8,199.6,633.7,15.5,232.9,433.4,genuine
4198,9.3,40.099999999999994,44.7,26.700000000000003,933.0,823.4,17.7,impersonator
3518,168.0,169.0,168.0,169.0,169.0,168.0,168.0,genuine
4071,2.6000000000000014,18.400000000000002,-10.3,15.9,568.6,17.099999999999998,11.999999999999998,impersonator
3991,164.0,170.0,167.0,166.0,169.0,167.0,167.0,genuine
1106,689.3,37.6,18.9,25.799999999999997,66.3,76.4,1902.6,impersonator
2130,233.0,404.1,227.5,213.20000000000002,16.0,213.6,403.0,impersonator
3069,164.0,184.0,152.0,172.0,171.0,168.0,171.0,genuine
879,423.4,15.8,233.1,233.4,433.3,16.8,433.1,genuine
2279,20.5,17.2,1149.1,422.5,16.5,19.1,18.9,genuine
1998,171.0,173.0,176.0,173.0,173.0,172.0,175.0,genuine
1353,16.7,29.4,111.6,23.5,72.8,33.3,92.8,genuine
4494,392.6,-5.000000000000002,213.5,191.5,439.59999999999997,455.4,18.8,impersonator
1692,37.2,197.2,199.6,216.6,416.8,233.3,233.2,genuine
3035,179.1,178.7,178.8,175.8,189.6,193.3,187.5,impersonator
4320,-1.6000000000000014,7.600000000000001,1168.8,622.8,-0.6999999999999993,11.8,5.500000000000002,impersonator
3984,164.0,169.0,167.0,168.0,166.0,169.0,167.0,genuine
2252,165.0,166.0,168.0,167.0,165.0,168.0,168.0,genuine
2189,27.4,1196.0,201.7,10.799999999999999,10.1,41.7,42.1,impersonator
4442,17.8,16.8,1388.1,17.8,16.7,16.6,17.2,genuine
219,35.7,6.699999999999999,971.8000000000001,8.5,171.79999999999998,633.7,9.099999999999998,impersonator
1249,22.9,1408.0,9.000000000000002,-4.5,5.1,-3.5,-0.3000000000000007,impersonator
622,231.7,227.7,234.0,433.4,16.0,233.2,233.3,genuine
1908,168.0,171.0,170.0,169.0,172.0,171.0,181.0,genuine
3738,28.7,34.4,104.9,38.2,47.9,32.8,30.7,genuine
3444,145.3,186.5,189.6,157.9,196.2,148.6,174.3,impersonator
2694,179.4,185.8,165.8,176.2,149.7,178.0,156.4,impersonator
4100,159.3,146.2,171.9,155.6,170.3,197.0,173.2,impersonator
1339,163.0,167.0,167.0,165.0,165.0,165.0,166.0,genuine
54,223.5,417.5,28.7,242.7,219.70000000000002,455.5,33.9,impersonator
2161,12.899999999999999,6.899999999999999,199.1,232.70000000000002,412.70000000000005,228.9,435.2,impersonator
498,164.0,186.0,156.0,171.0,170.0,170.0,11.0,genuine
4155,2017.7,5.600000000000001,94.4,713.1999999999999,18.5,20.900000000000002,20.3,impersonator
4416,40.7,-2.3999999999999986,120.80000000000001,1068.7,6.700000000000001,0.3999999999999986,999.2,impersonator
2502,144.9,8.6,143.7,328.5,174.8,141.6,36.9,impersonator
328,932.9,-0.40000000000000213,27.700000000000003,1854.2,16.5,19.400000000000002,6.299999999999999,impersonator
133,165.0,170.0,168.0,166.0,168.0,166.0,169.0,genuine
1000,1604.7,40.8,0.29999999999999716,16.400000000000002,-4.5,16.0,43.3,impersonator
4118,17.7,28.3,1205.1000000000001,8.2,10.299999999999999,25.0,4.6,impersonator
2597,187.0,151.4,180.8,168.2,149.5,159.0,146.7,impersonator
760,-4.800000000000001,21.400000000000002,330.7,834.5,1.2000000000000028,28.8,26.299999999999997,impersonator
2264,193.5,178.7,183.8,180.5,184.5,191.7,163.5,impersonator
613,419.6,24.7,225.6,233.5,233.0,407.8,28.9,impersonator
2618,163.4,162.1,192.2,197.7,191.8,150.6,180.9,impersonator
292,167.0,170.0,169.0,171.0,170.0,168.0,170.0,genuine
2843,229.7,432.0,16.5,233.1,233.3,433.8,15.3,genuine
1750,164.0,186.0,154.0,171.0,169.0,171.0,170.0,genuine
229,154.3,169.6,168.0,182.3,168.7,186.1,163.9,impersonator
2565,-3.900000000000002,-6.599999999999998,1183.1000000000001,421.2,-4.300000000000001,8.100000000000001,10.3,impersonator
2591,-5.300000000000001,313.0,339.9,151.1,149.6,161.4,176.1,impersonator
1109,169.0,167.0,170.0,168.0,169.0,170.0,168.0,genuine
3424,253.5,256.3,424.7,30.0,223.5,247.10000000000002,4.899999999999999,impersonator
2002,164.0,177.0,160.0,171.0,169.0,170.0,170.0,genuine
2624,424.2,14.0,233.0,224.2,432.7,21.400000000000002,214.6,impersonator
2352,163.0,179.0,154.0,172.0,168.0,10.0,167.0,genuine
1735,16.3,165.6,1910.1,20.1,16.7,18.7,18.5,genuine
1439,167.0,174.0,171.0,175.0,345.0,16.0,186.0,genuine
866,429.4,232.8,16.4,233.1,433.4,16.7,233.0,genuine
3587,166.0,168.0,167.0,168.0,167.0,169.0,167.0,genuine
3365,181.0,177.0,155.0,171.0,171.0,9.0,167.0,genuine
2162,26.299999999999997,228.3,217.0,256.59999999999997,423.8,-6.899999999999999,220.0,impersonator
1443,171.0,174.0,174.0,173.0,172.0,174.0,176.0,genuine
436,13.9,23.6,14.5,80.6,14.8,104.7,112.3,genuine
4101,164.0,185.0,165.0,167.0,167.0,166.0,168.0,genuine
3629,230.5,431.4,16.9,233.8,233.4,232.2,433.5,genuine
4040,69.80000000000001,932.8000000000001,-3.099999999999998,40.3,2277.4,31.5,40.8,impersonator
2825,394.3,239.5,5.699999999999999,232.1,409.29999999999995,454.2,30.799999999999997,impersonator
3286,217.1,411.5,233.2,433.5,16.6,233.0,16.1,genuine
1861,166.0,167.0,167.0,168.0,166.0,167.0,167.0,genuine
4354,142.1,199.1,157.4,181.2,150.0,194.7,5.0,impersonator
3170,166.0,169.0,171.0,170.0,168.0,167.0,171.0,genuine
279,165.0,168.0,169.0,13.0,153.0,333.0,167.0,genuine
4393,151.9,182.5,153.0,156.2,148.4,168.7,174.9,impersonator
341,143.9,174.5,-10.4,148.9,38.5,318.9,357.5,impersonator
2326,149.0,156.1,154.4,170.7,164.3,188.0,14.4,impersonator
1795,17.9,18.2,18.7,971.7,19.2,21.2,20.1,genuine
4244,15.1,232.3,229.7,433.3,15.4,233.5,433.1,genuine
4297,229.6,233.0,231.8,16.8,216.2,417.1,233.1,genuine
3449,192.6,189.2,170.2,153.9,196.4,177.9,175.3,impersonator
3700,232.0,227.2,600.5,41.2,14.5,453.7,253.8,impersonator
624,1382.8999999999999,45.6,7.600000000000001,1428.6,2.5,20.6,19.8,impersonator
4470,25.8,-1.6999999999999993,1347.1,12.4,22.8,13.3,1268.3,impersonator
1941,17.5,21.9,104.6,1492.5,20.3,19.4,19.6,genuine
1919,155.2,158.9,156.3,160.5,169.9,186.3,154.9,impersonator
1986,163.0,167.0,169.0,16.0,151.0,334.0,168.0,genuine
1000,1623.7,16.6,18.4,21.1,16.7,17.2,18.3,genuine
1235,164.0,173.0,157.0,169.0,170.0,168.0,14.0,genuine
320,163.8,180.9,136.1,151.0,174.7,167.6,-4.800000000000001,impersonator
3967,14.9,15.6,34.4,70.6,1082.9,16.9,17.9,genuine
2987,170.0,169.0,170.0,172.0,170.0,173.0,166.0,genuine
1841,87.2,76.8,84.9,62.2,1743.6,17.1,17.7,genuine
2875,14.1,21.5,789.5,629.4,24.9,15.4,418.3,genuine
3983,1398.6,21.8,18.0,18.1,19.0,18.8,19.2,genuine
1778,171.0,173.0,175.0,173.0,172.0,172.0,173.0,genuine
3564,11.6,3.1000000000000014,1194.3,613.2,21.900000000000002,15.9,11.299999999999999,impersonator
1169,247.20000000000002,469.3,20.800000000000004,227.2,225.1,465.59999999999997,33.2,impersonator
1954,183.9,188.4,188.0,173.0,190.0,181.7,182.6,impersonator
2265,165.0,171.0,171.0,170.0,168.0,168.0,167.0,genuine
3659,430.5,16.3,233.1,233.4,433.7,16.1,233.2,genuine
676,165.0,169.0,168.0,167.0,165.0,168.0,166.0,genuine
2548,180.3,203.6,164.4,150.0,146.7,179.8,193.2,impersonator
433,230.1,233.2,233.0,433.3,16.6,233.1,433.5,genuine
3618,16.0,23.8,974.8,631.2,20.9,15.2,19.1,genuine
3704,17.8,25.900000000000002,17.8,16.400000000000002,967.0,841.6999999999999,9.599999999999998,impersonator
1174,155.2,162.5,187.6,174.1,174.5,161.4,163.7,impersonator
80,165.0,170.0,166.0,13.0,153.0,335.0,168.0,genuine
2946,33.9,-1.5,755.0,401.0,26.3,-3.5,390.3,impersonator
1763,159.1,193.4,194.3,165.3,158.8,165.3,192.1,impersonator
2228,16.1,19.9,1401.2,19.8,17.1,213.6,17.2,genuine
4280,172.0,173.0,174.0,172.0,172.0,174.0,174.0,genuine
1189,164.8,152.9,162.1,188.7,150.8,9.3,175.1,impersonator
2793,186.8,191.1,163.6,151.0,186.8,188.3,163.2,impersonator
807,158.4,145.6,174.0,163.2,174.1,166.3,170.4,impersonator
859,164.1,189.7,138.7,159.0,160.7,37.4,174.2,impersonator
4166,211.70000000000002,234.4,220.5,448.90000000000003,32.900000000000006,239.2,229.79999999999998,impersonator
1639,18.3,11.8,213.6,216.5,216.4,199.3,634.0,genuine
519,24.3,56.5,42.6,2050.0,2.8999999999999986,-4.0,21.3,impersonator
2152,169.0,173.0,174.0,173.0,175.0,171.0,174.0,genuine
3575,172.0,172.0,176.0,173.0,174.0,175.0,171.0,genuine
2146,53.4,76.8,1271.6,16.8,16.6,16.7,16.2,genuine
1658,194.9,221.7,216.0,222.0,427.9,33.6,225.5,impersonator
2342,176.5,186.8,151.6,187.4,158.8,155.8,152.6,impersonator
132,159.1,178.4,180.1,174.2,165.3,167.9,156.6,impersonator
391,17.5,13.7,444.1,230.6,450.3,31.3,233.4,genuine
2220,166.3,183.9,196.7,172.6,149.8,173.4,194.9,impersonator
3938,20.2,15.2,210.3,207.9,18.1,20.9,16.6,genuine
2704,19.1,17.4,1772.4,21.8,17.6,19.7,19.3,genuine
4259,165.0,187.0,155.0,172.0,171.0,171.0,8.0,genuine
2115,1374.2,33.7,17.4,-8.7,391.4,18.6,-2.0,impersonator
295,-12.8,180.2,-13.8,289.6,-5.9,293.8,350.4,impersonator
2510,18.5,20.9,1580.9,19.2,18.4,20.3,20.4,genuine
1699,170.0,203.8,138.7,192.1,184.4,180.9,193.4,impersonator
4195,153.8,176.2,162.9,188.5,186.4,183.8,186.4,impersonator
2336,12.8,216.2,417.1,232.1,433.9,16.2,233.1,genuine
3762,242.10000000000002,248.7,417.4,-7.699999999999999,257.2,21.200000000000003,230.5,impersonator
1035,20.1,23.5,34.900000000000006,1157.2,0.8999999999999986,-0.20000000000000284,-0.7000000000000028,impersonator
2093,235.4,255.9,456.40000000000003,-3.8000000000000007,212.29999999999998,216.0,238.0,impersonator
2908,11.499999999999998,43.1,341.0,843.5,19.0,26.6,40.4,impersonator
356,1183.9,35.3,27.1,19.8,17.299999999999997,32.5,18.6,impersonator
1637,184.3,190.1,189.3,182.9,186.9,178.2,165.9,impersonator
3619,155.6,160.5,150.4,153.5,170.5,187.9,145.2,impersonator
2724,35.9,46.2,-3.6999999999999993,42.3,1556.7,6.1,23.5,impersonator
2208,173.8,318.0,182.3,161.8,41.7,148.4,320.0,impersonator
4167,167.3,148.1,159.2,152.0,172.4,161.5,168.0,impersonator
115,232.2,457.3,18.0,225.7,446.1,-5.100000000000001,242.3,impersonator
1219,16.4,21.2,743.0,17.1,18.3,17.6,18.3,genuine
3641,-5.5,2.4999999999999982,1391.6,37.8,37.9,4.600000000000001,17.299999999999997,impersonator
4290,220.8,221.6,15.5,221.0,188.1,196.7,223.9,impersonator
3241,12.7,19.4,1171.6,630.4,18.6,16.4,19.0,genuine
574,167.1,165.1,172.3,192.9,196.0,189.8,155.0,impersonator
3476,18.799999999999997,24.7,1163.2,627.1,29.8,29.8,-0.6999999999999993,impersonator
596,622.8,22.7,240.5,225.7,17.7,420.0,195.7,genuine
2464,8.7,-8.3,1610.0,24.4,3.200000000000001,15.999999999999998,10.3,impersonator
690,229.3,233.0,16.3,216.3,417.0,233.2,433.0,genuine
1287,166.0,166.0,166.0,166.0,166.0,168.0,166.0,genuine
1453,21.0,39.0,1162.1000000000001,650.5,16.9,4.200000000000001,33.2,impersonator
2551,11.5,149.0,844.8,18.4,17.5,17.5,17.4,genuine
783,316.1,192.0,178.5,155.0,171.5,176.7,177.9,impersonator
2705,330.0,184.0,155.0,170.0,171.0,170.0,168.0,genuine
4176,164.0,168.0,167.0,166.0,168.0,166.0,167.0,genuine
3302,231.5,13.7,216.6,200.1,216.5,215.6,200.0,genuine
3579,164.0,166.0,166.0,165.0,168.0,166.0,169.0,genuine
3848,171.0,175.0,173.0,173.0,172.0,172.0,175.0,genuine
3609,164.1,169.9,193.1,188.0,183.2,150.9,174.0,impersonator
3832,163.0,179.0,156.0,169.0,170.0,168.0,171.0,genuine
909,144.0,167.1,178.1,143.7,145.2,160.0,164.2,impersonator
2878,10.0,2571.8,65.9,119.0,14.5,152.8,58.1,impersonator
1775,38.3,226.4,243.4,438.90000000000003,13.5,224.10000000000002,237.0,impersonator
3295,15.9,18.9,16.0,965.3,417.2,17.3,20.8,genuine
2665,18.9,19.9,571.6,17.9,17.9,18.0,18.3,genuine
1337,166.0,188.0,158.0,171.0,171.0,169.0,168.0,genuine
4006,19.8,16.8,581.7,17.0,17.5,19.5,16.5,genuine
3974,12.2,31.4,84.8,41.2,61.2,99.3,15.1,genuine
3130,192.6,191.8,165.6,153.2,180.8,187.0,150.0,impersonator
1550,16.2,21.0,786.1,631.8,23.5,16.3,17.3,genuine
3599,166.0,168.0,167.0,14.0,155.0,334.0,164.0,genuine
681,12.7,20.8,85.6,1493.8,15.3,39.599999999999994,36.7,impersonator
4400,166.0,184.0,3.0,166.0,334.0,166.0,182.0,genuine
410,36.3,27.9,331.3,1241.8999999999999,22.0,21.4,40.1,impersonator
2319,2.799999999999999,12.100000000000001,5.5,-2.6000000000000014,21.8,27.1,61.6,impersonator
2621,153.4,146.7,31.7,499.5,33.0,2.5,334.4,impersonator
3123,16.2,20.3,1230.6,18.9,15.7,18.7,18.6,genuine
3988,169.0,192.0,12.0,150.0,333.0,184.0,166.0,genuine
738,160.3,179.9,151.2,190.9,182.0,179.7,154.3,impersonator
1295,17.4,781.8,209.7,18.4,18.2,18.1,18.5,genuine
3939,181.4,178.8,163.3,164.4,151.1,171.5,149.2,impersonator
2118,17.1,231.0,228.5,233.3,433.4,16.4,433.4,genuine
4202,115.7,899.8,12.2,11.799999999999999,3.799999999999999,33.3,-7.800000000000001,impersonator
86,164.0,169.0,169.0,166.0,168.0,168.0,165.0,genuine
1707,223.0,222.4,237.5,246.2,447.79999999999995,17.5,229.6,impersonator
4474,406.20000000000005,246.9,2.200000000000001,236.6,210.6,441.7,238.2,impersonator
3566,164.0,168.0,166.0,16.0,152.0,335.0,168.0,genuine
2773,170.4,169.3,167.0,168.3,161.2,190.9,-9.0,impersonator
2769,429.4,16.4,233.1,233.3,233.4,432.3,16.5,genuine
912,14.7,231.2,230.8,433.3,16.3,233.2,233.3,genuine
2230,229.9,15.7,216.2,416.8,233.1,433.5,16.6,genuine
986,257.2,228.9,412.0,12.500000000000002,-7.600000000000001,216.70000000000002,188.9,impersonator
1666,20.4,16.0,5.799999999999999,33.0,11.600000000000001,91.8,99.30000000000001,impersonator
791,12.299999999999999,22.3,13.899999999999999,50.099999999999994,32.3,1174.9,23.099999999999998,impersonator
2712,171.1,145.7,146.2,149.8,176.6,148.3,168.9,impersonator
3551,147.3,191.7,177.0,152.8,182.1,154.9,180.5,impersonator
2140,180.5,169.5,153.1,159.0,159.3,155.5,156.3,impersonator
2495,9.4,1468.8,14.6,1038.6,15.1,16.8,62.5,genuine
2343,164.0,185.0,154.0,170.0,171.0,170.0,169.0,genuine
4429,226.9,231.8,232.9,450.1,16.3,451.0,14.8,genuine
662,171.0,168.0,168.0,172.0,171.0,170.0,165.0,genuine
4017,45.7,48.0,57.0,10.8,79.8,95.7,72.1,genuine
1160,1581.9,0.6000000000000014,21.700000000000003,33.3,4.599999999999998,33.099999999999994,-3.5,impersonator
2517,36.8,31.900000000000002,21.5,-2.1000000000000014,954.5,-2.700000000000003,5.1,impersonator
686,15.0,220.20000000000002,414.4,253.20000000000002,236.89999999999998,447.6,34.9,impersonator
1355,233.0,430.0,15.7,233.4,16.1,217.1,199.5,genuine
814,13.7,223.4,232.8,232.7,233.2,433.4,16.6,genuine
318,180.9,154.7,144.0,156.0,154.3,163.1,150.8,impersonator
1042,-5.300000000000001,42.7,969.6,623.4000000000001,32.3,10.3,39.2,impersonator
4153,226.5,449.9,32.0,233.1,232.4,450.5,15.9,genuine
1743,17.0,19.8,18.9,1161.8,22.3,18.5,17.4,genuine
1871,165.0,169.0,165.0,166.0,168.0,169.0,167.0,genuine
4022,18.5,9.7,209.7,214.5,216.5,199.6,417.5,genuine
764,235.20000000000002,210.5,244.0,471.8,7.199999999999999,251.0,210.60000000000002,impersonator
889,174.3,194.5,141.1,154.2,193.0,-12.899999999999999,177.0,impersonator
100,36.4,42.0,1642.0,32.6,5.800000000000001,1.8000000000000007,5.699999999999999,impersonator
1901,227.3,233.0,233.1,449.6,15.5,450.8,14.7,genuine
2554,165.0,165.0,168.0,165.0,168.0,166.0,165.0,genuine
1336,60.3,522.1,17.5,19.2,57.1,87.5,27.2,genuine
2683,37.4,24.5,962.6999999999999,397.2,18.5,10.5,6.1,impersonator
1080,194.2,228.29999999999998,431.5,412.29999999999995,19.9,239.0,224.1,impersonator
420,196.5,216.6,416.8,232.9,433.4,16.9,433.1,genuine
1043,154.6,149.0,164.9,148.2,181.2,154.9,175.9,impersonator
1564,166.0,168.0,167.0,168.0,166.0,168.0,165.0,genuine
40,169.0,171.0,168.0,172.0,186.0,154.0,170.0,genuine
4090,179.0,169.0,158.0,170.0,168.0,183.0,167.0,genuine
3059,25.6,152.0,59.9,72.4,34.9,38.0,2074.2,impersonator
326,4.6,205.1,233.3,430.6,32.5,234.6,437.4,impersonator
1801,165.7,324.1,159.8,162.6,24.1,146.8,-20.0,impersonator
3840,14.9,15.4,126.2,1048.3,17.9,18.4,18.3,genuine
943,39.9,84.4,412.7,-1.9000000000000021,-2.3999999999999986,23.2,1.6000000000000014,impersonator
3920,246.4,424.0,-2.8000000000000007,208.9,216.7,229.29999999999998,210.6,impersonator
562,168.0,172.0,169.0,171.0,170.0,171.0,165.0,genuine
1688,-1.5,39.6,206.0,193.9,209.70000000000002,203.9,392.70000000000005,impersonator
1088,213.0,195.60000000000002,424.3,250.7,409.5,15.3,416.5,impersonator
2809,181.9,155.6,189.2,155.3,162.5,156.8,198.4,impersonator
967,7.0,17.6,1448.7,4.0,-0.9000000000000021,8.0,5.500000000000002,impersonator
607,173.5,158.8,159.1,185.4,155.2,169.2,157.3,impersonator
4155,2008.5,18.8,87.2,688.4,15.9,17.6,19.1,genuine
451,411.70000000000005,-3.400000000000002,417.9,-1.1999999999999993,227.1,238.3,235.8,impersonator
1610,16.5,1402.3,19.5,21.5,21.8,17.6,20.2,genuine
1271,232.29999999999998,209.6,231.89999999999998,209.4,452.8,19.6,246.4,impersonator
4177,376.3,20.2,57.6,86.6,44.6,48.3,86.8,genuine
1615,170.3,183.8,161.9,169.2,147.5,147.0,158.8,impersonator
3552,20.4,23.4,20.1,22.3,576.9,20.3,20.4,genuine
3543,153.9,162.7,175.0,158.1,186.1,178.7,185.7,impersonator
1588,430.7,33.9,233.5,214.10000000000002,409.5,30.4,209.3,impersonator
2439,170.0,172.0,173.0,173.0,173.0,172.0,175.0,genuine
769,2134.2000000000003,202.6,42.0,26.0,15.5,43.7,42.1,impersonator
569,95.0,1801.3,18.3,18.2,18.6,819.8,16.2,genuine
962,10.3,2519.3,20.0,13.6,15.6,401.0,17.0,genuine
4049,1199.3,16.9,22.5,20.2,20.8,20.6,21.3,genuine
906,167.0,187.0,156.0,172.0,172.0,170.0,172.0,genuine
3967,7.2,-8.299999999999999,57.599999999999994,81.3,1092.0,-3.1000000000000014,15.499999999999998,impersonator
2728,165.0,168.0,168.0,168.0,168.0,168.0,165.0,genuine
2415,164.0,181.0,155.0,172.0,8.0,167.0,350.0,genuine
510,228.0,233.1,233.1,233.3,433.5,16.6,233.0,genuine
4320,16.2,22.6,1163.2,632.4,20.6,17.3,17.1,genuine
2649,179.9,182.5,183.0,158.6,165.8,160.3,166.8,impersonator
1001,201.4,450.59999999999997,246.7,253.4,430.70000000000005,12.5,455.2,impersonator
1114,82.19999999999999,52.8,40.8,132.5,19.799999999999997,83.8,123.19999999999999,impersonator
1223,230.4,233.1,453.4,14.9,233.0,233.2,450.7,genuine
3007,31.2,2181.4,18.0,18.9,23.5,1015.5,17.5,genuine
941,440.90000000000003,-3.1000000000000014,223.10000000000002,12.099999999999998,216.4,203.89999999999998,224.70000000000002,impersonator
4420,188.2,183.5,163.8,166.9,154.2,180.0,182.1,impersonator
4003,430.4,16.4,233.1,232.4,433.7,16.6,432.9,genuine
2835,1.5999999999999996,21.299999999999997,658.5,39.3,25.9,-1.7999999999999972,26.3,impersonator
168,234.9,223.5,251.5,447.5,29.2,235.29999999999998,26.799999999999997,impersonator
990,429.6,15.7,233.2,233.3,433.4,16.5,433.4,genuine
4146,170.0,174.0,173.0,171.0,174.0,174.0,173.0,genuine
3851,169.0,171.0,170.0,171.0,173.0,169.0,166.0,genuine
2805,817.9,33.1,34.7,23.0,46.5,109.7,24.6,impersonator
2137,17.8,1138.6,624.5,17.9,19.1,18.2,18.0,genuine
2187,11.3,5.4,-7.800000000000001,20.7,64.69999999999999,4.6,101.60000000000001,impersonator
2273,213.0,232.6,234.2,233.3,433.3,15.9,233.5,genuine
3017,232.2,229.9,433.8,15.9,233.3,233.4,433.5,genuine
3714,17.2,23.3,750.8,17.1,17.9,16.4,55.4,genuine
767,167.7,151.7,157.5,192.2,198.9,157.5,197.9,impersonator
3722,14.0,231.4,233.1,233.1,433.2,16.5,233.2,genuine
13,187.9,210.6,27.2,161.2,356.5,159.1,145.7,impersonator
2059,177.8,174.9,191.0,150.6,176.7,178.9,174.4,impersonator
2305,17.0,21.0,44.2,57.6,30.1,96.0,31.8,genuine
3158,421.5,4.000000000000002,208.29999999999998,414.8,17.3,227.6,28.2,impersonator
3421,155.3,177.2,183.1,176.0,190.4,164.4,170.8,impersonator
111,171.0,171.0,174.0,174.0,174.0,173.0,172.0,genuine
2271,16.9,20.8,981.8,631.3,24.8,14.6,19.2,genuine
1400,24.1,448.5,1.0,256.3,257.5,241.0,424.0,impersonator
606,231.6,205.4,8.3,212.0,213.1,205.7,412.5,impersonator
3178,15.4,18.4,980.9,628.3,20.5,16.8,21.4,genuine
1574,167.9,178.7,152.5,170.7,191.9,179.3,166.9,impersonator
4457,159.9,180.1,190.5,190.4,152.6,162.7,145.6,impersonator
2671,-5.099999999999998,16.0,41.3,26.2,1366.7,36.099999999999994,26.599999999999998,impersonator
3437,24.8,249.5,251.1,448.5,31.6,250.1,250.0,genuine
616,170.0,174.0,173.0,173.0,173.0,176.0,172.0,genuine
3966,229.3,232.8,433.4,16.7,232.9,232.9,416.6,genuine
4284,225.8,230.3,433.5,16.3,16.5,216.4,199.4,genuine
789,27.6,-1.9000000000000004,28.099999999999998,-2.6999999999999993,940.0,844.9,-6.0,impersonator
4175,6.700000000000001,135.2,1282.4,36.7,28.2,37.2,22.7,impersonator
906,154.0,162.1,141.0,186.4,171.2,187.5,185.9,impersonator
2493,-7.300000000000001,41.3,76.9,1501.5,6.9,13.399999999999999,-3.700000000000003,impersonator
3194,16.0,785.5,420.1,16.0,16.9,17.6,17.9,genuine
2669,13.8,612.1,397.09999999999997,41.4,17.1,43.099999999999994,-5.5,impersonator
3602,154.5,203.9,13.4,127.5,340.4,143.1,181.3,impersonator
3942,154.0,186.6,147.8,149.5,160.6,179.6,155.8,impersonator
1442,1581.9,14.9,20.2,196.5,19.8,16.6,16.6,genuine
1034,24.2,1.9999999999999982,38.5,37.7,-0.1999999999999993,8.1,21.7,impersonator
3989,167.2,183.7,160.7,146.3,149.3,159.7,163.9,impersonator
2510,11.2,25.0,1605.4,25.0,-5.100000000000001,9.9,25.0,impersonator
2877,-2.1000000000000014,0.9000000000000021,101.39999999999999,38.8,21.9,139.7,1.8999999999999986,impersonator
3128,-0.3999999999999986,21.5,989.5,19.4,14.399999999999999,6.699999999999999,21.8,impersonator
3826,155.1,188.0,150.8,180.8,167.8,153.4,156.7,impersonator
1607,161.1,152.4,158.2,7.1,164.4,330.2,173.4,impersonator
4122,165.0,165.0,169.0,167.0,165.0,166.0,166.0,genuine
1177,-6.300000000000001,29.099999999999998,64.3,1548.6,21.0,9.7,35.5,impersonator
2508,-8.5,29.1,163.0,857.7,-4.699999999999999,18.400000000000002,24.400000000000002,impersonator
1298,212.39999999999998,413.7,255.3,235.1,464.1,38.0,224.7,impersonator
2105,167.0,172.0,168.0,172.0,173.0,171.0,168.0,genuine
38,23.5,34.3,20.2,1161.3,8.6,33.6,4.299999999999999,impersonator
2656,18.5,20.1,1791.4,225.7,22.5,19.4,20.5,genuine
1139,168.0,193.0,151.0,171.0,168.0,11.0,167.0,genuine
3144,16.4,19.9,976.7,631.5,18.7,15.8,21.3,genuine
2985,228.7,240.8,417.90000000000003,34.2,230.1,223.9,436.09999999999997,impersonator
205,167.0,170.0,170.0,167.0,169.0,169.0,170.0,genuine
1950,165.0,168.0,166.0,165.0,167.0,169.0,166.0,genuine
1391,1039.6000000000001,33.2,247.6,-2.8000000000000007,13.1,24.0,19.8,impersonator
2695,4.0,25.8,17.2,31.900000000000002,39.3,1202.6999999999998,22.0,impersonator
4471,17.5,21.5,963.2,420.3,17.3,415.0,16.6,genuine
1614,165.2,170.6,195.2,171.4,159.6,166.0,193.9,impersonator
828,162.7,190.5,183.2,177.4,185.4,162.2,189.2,impersonator
4093,30.1,55.1,59.1,1485.9,20.8,17.0,18.5,genuine
2947,395.0,218.2,40.0,19.099999999999998,76.4,81.6,72.0,impersonator
1818,152.2,180.4,150.3,166.3,155.8,169.5,159.7,impersonator
518,91.2,73.6,150.2,88.1,111.9,104.0,31.3,genuine
4134,828.9,19.1,18.8,1864.0,19.7,19.6,19.1,genuine
3820,-2.1999999999999993,-4.300000000000001,1583.0,41.1,34.1,227.7,6.5,impersonator
4291,250.1,255.0,457.5,30.2,248.8,216.7,430.0,impersonator
189,166.0,169.0,170.0,169.0,170.0,169.0,170.0,genuine
1624,175.4,186.5,154.2,27.2,139.8,352.2,153.4,impersonator
3631,249.2,209.5,448.8,16.2,242.9,248.6,437.6,impersonator
44,33.2,63.699999999999996,321.8,40.0,87.3,94.9,33.6,impersonator
3811,670.9000000000001,3.3000000000000007,36.1,2099.6,39.2,11.3,2.799999999999997,impersonator
2295,165.0,188.0,1.0,170.0,13.0,317.0,333.0,genuine
2598,447.1,30.4,451.0,32.1,249.1,450.2,31.1,genuine
3535,13.5,3.1000000000000014,811.3000000000001,408.9,3.4000000000000004,43.0,29.0,impersonator
3823,7.8999999999999995,99.60000000000001,46.199999999999996,42.400000000000006,91.0,143.8,12.899999999999999,impersonator
2931,8.399999999999999,4.100000000000001,20.400000000000002,1124.8,17.0,12.000000000000002,1026.0,impersonator
257,14.1,18.9,954.6,834.9,20.4,20.3,20.2,genuine
1492,164.0,175.0,156.0,170.0,169.0,13.0,166.0,genuine
1895,163.0,168.0,168.0,166.0,169.0,166.0,166.0,genuine
853,237.2,425.4,16.7,233.0,433.1,16.5,433.5,genuine
4393,164.0,187.0,153.0,169.0,169.0,171.0,169.0,genuine
2163,17.6,17.3,978.6,419.6,16.1,17.3,832.8,genuine
3370,27.1,-6.400000000000002,2116.2999999999997,16.400000000000002,-8.0,42.5,42.7,impersonator
1069,428.9,16.1,233.2,15.3,216.4,216.6,617.3,genuine
2269,145.5,146.4,178.9,149.0,151.1,159.7,159.3,impersonator
3801,6.699999999999999,14.7,1167.1,632.9,38.9,11.0,42.0,impersonator
58,226.6,427.8,16.0,214.5,212.4,230.2,422.90000000000003,impersonator
371,-2.200000000000001,31.799999999999997,1001.8,20.299999999999997,19.200000000000003,37.900000000000006,15.299999999999999,impersonator
3386,17.3,13.1,17.1,16.4,1166.0,627.0,19.9,genuine
479,145.8,184.5,-4.6,163.2,350.9,191.8,144.2,impersonator
2919,169.0,170.0,170.0,171.0,173.0,170.0,167.0,genuine
218,230.0,233.3,233.0,433.1,17.2,233.2,233.5,genuine
2884,225.4,234.3,449.8,31.6,233.6,451.4,30.8,genuine
2617,169.9,168.3,178.2,161.4,151.5,157.3,149.6,impersonator
3279,247.0,211.3,444.2,1.4000000000000004,241.9,256.3,211.3,impersonator
3900,20.3,28.0,22.8,544.8,19.3,17.5,17.7,genuine
1754,11.4,20.6,114.10000000000001,1033.9,33.4,830.0,25.2,impersonator
2367,145.0,185.9,167.0,152.3,163.9,176.7,189.8,impersonator
811,17.0,17.3,781.6,630.8,19.0,17.1,15.9,genuine
1671,447.9,28.7,230.5,232.8,450.5,15.9,233.4,genuine
3211,230.3,232.3,232.9,233.4,233.6,233.1,233.3,genuine
552,181.2,183.2,167.4,195.3,155.1,157.8,150.1,impersonator
1732,416.2,15.4,230.6,233.0,16.9,216.0,199.8,genuine
1322,427.0,214.4,463.5,45.0,437.4,-2.5,256.7,impersonator
2066,163.0,178.0,156.0,169.0,171.0,170.0,171.0,genuine
2570,160.1,167.1,162.5,196.4,196.6,186.2,165.7,impersonator
1672,15.4,34.4,1348.4,414.9,18.0,18.2,631.4,genuine
630,-1.1999999999999993,1599.4,42.8,31.5,8.8,23.0,27.9,impersonator
2455,180.0,174.0,158.0,172.0,169.0,10.0,166.0,genuine
2373,228.6,237.79999999999998,210.5,449.20000000000005,7.1,254.1,257.2,impersonator
2347,17.9,17.8,1816.5,23.5,17.4,19.5,20.3,genuine
2232,178.4,190.6,165.4,168.9,195.0,174.3,173.3,impersonator
2880,32.0,19.2,580.9,411.0,31.8,30.799999999999997,21.0,impersonator
1446,171.9,187.0,185.2,-8.3,169.2,354.5,145.1,impersonator
1317,240.2,414.79999999999995,11.8,214.29999999999998,254.8,411.4,16.8,impersonator
1540,34.099999999999994,433.7,2.299999999999999,66.5,105.19999999999999,1981.2,29.099999999999998,impersonator
2106,182.5,186.2,162.1,150.2,165.5,146.5,181.1,impersonator
57,229.6,433.0,16.6,233.1,232.3,233.3,433.3,genuine
3250,18.9,13.5,416.9,218.3,17.0,17.0,16.8,genuine
1406,-4.899999999999999,230.1,24.6,195.29999999999998,174.9,435.0,443.9,impersonator
2795,148.5,156.5,167.7,163.6,186.1,165.4,154.6,impersonator
3439,167.0,167.0,167.0,166.0,168.0,167.0,166.0,genuine
4437,178.5,178.9,175.2,168.9,177.7,188.8,157.5,impersonator
221,-3.8000000000000007,75.5,30.0,1717.7,26.5,2.3000000000000007,3.6000000000000014,impersonator
3711,170.0,172.0,174.0,171.0,172.0,175.0,170.0,genuine
3474,162.6,165.3,144.5,156.9,185.3,155.2,191.8,impersonator
945,-6.199999999999999,28.9,1341.5,624.0,-3.1000000000000014,30.9,-0.8999999999999986,impersonator
1275,10.899999999999999,22.8,784.3000000000001,1056.3,4.799999999999999,42.9,32.2,impersonator
1308,173.8,188.9,174.0,180.6,185.6,175.1,147.3,impersonator
4023,226.5,232.6,451.0,31.5,233.2,451.0,14.5,genuine
1161,232.0,141.8,189.3,172.0,188.6,369.6,25.2,impersonator
1869,164.0,168.0,166.0,167.0,168.0,166.0,167.0,genuine
578,12.1,222.9,232.4,433.5,16.5,232.7,233.3,genuine
1056,33.5,-6.5,758.0,34.5,0.1999999999999993,17.3,38.599999999999994,impersonator
1533,246.39999999999998,419.2,36.5,235.3,430.3,3.0,435.3,impersonator
273,-10.100000000000001,-0.7000000000000011,218.4,198.9,237.9,393.3,440.3,impersonator
3003,-7.899999999999999,227.0,255.7,241.4,226.6,234.0,240.8,impersonator
3837,181.2,162.8,185.6,158.3,146.5,153.1,149.1,impersonator
3221,1.0999999999999979,27.8,-2.3999999999999986,530.4,17.6,10.799999999999999,32.1,impersonator
4000,175.3,188.5,157.0,175.7,167.8,15.1,155.5,impersonator
2619,38.3,774.3000000000001,194.8,25.7,42.2,10.299999999999999,-3.6000000000000014,impersonator
115,230.7,433.1,16.6,232.5,433.5,16.7,233.0,genuine
1185,150.2,165.0,169.0,20.3,132.6,311.7,150.9,impersonator
2722,169.0,172.0,176.0,174.0,171.0,173.0,175.0,genuine
2524,170.0,188.1,188.6,156.3,175.7,150.8,192.3,impersonator
1438,184.7,169.7,171.8,31.1,174.4,345.3,149.8,impersonator
814,30.2,238.4,236.4,236.2,228.2,429.59999999999997,-3.0,impersonator
3319,566.9,17.6,18.9,19.0,90.1,57.1,30.3,genuine
2081,9.100000000000001,1356.0,26.6,28.9,36.2,20.099999999999998,13.4,impersonator
4041,169.0,167.0,168.0,169.0,183.0,157.0,171.0,genuine
4074,413.9,232.4,233.1,433.3,16.9,233.1,232.9,genuine
1892,140.9,176.9,142.4,148.2,174.9,-13.5,146.7,impersonator
3343,162.9,180.3,186.6,173.9,182.1,177.0,177.3,impersonator
3749,150.1,190.0,191.6,9.2,178.6,335.0,151.6,impersonator
2536,158.7,169.4,147.7,184.3,190.6,167.1,172.6,impersonator
1482,-7.399999999999999,5.9,973.9,641.6,-2.400000000000002,25.2,-4.399999999999999,impersonator
21,167.0,172.0,168.0,170.0,170.0,171.0,168.0,genuine
2952,166.0,170.0,170.0,168.0,169.0,169.0,168.0,genuine
1441,17.2,17.9,18.5,18.1,37.7,67.4,38.2,genuine
3412,144.7,179.9,182.2,195.2,149.1,170.1,182.1,impersonator
4441,168.0,170.0,170.0,173.0,171.0,172.0,165.0,genuine
4003,433.59999999999997,32.599999999999994,228.9,239.0,458.59999999999997,10.500000000000002,427.79999999999995,impersonator
2552,171.0,173.0,174.0,172.0,173.0,174.0,171.0,genuine
4212,433.0,12.3,233.9,232.3,433.5,16.5,233.1,genuine
2394,6.3999999999999995,3.3999999999999986,207.0,218.4,219.9,176.70000000000002,435.29999999999995,impersonator
490,163.6,174.9,178.1,184.8,184.2,196.4,196.4,impersonator
4112,214.5,212.9,199.3,416.9,232.9,417.0,16.6,genuine
154,169.0,171.0,168.0,172.0,170.0,171.0,168.0,genuine
2118,21.900000000000002,231.3,223.2,221.10000000000002,414.5,25.7,418.4,impersonator
3049,146.8,190.9,168.4,189.1,151.6,164.7,152.9,impersonator
2739,15.1,44.8,973.1,431.59999999999997,1.3000000000000007,4.999999999999998,32.6,impersonator
692,183.8,184.6,162.5,173.3,172.1,144.8,180.1,impersonator
4241,17.5,38.8,-1.3999999999999986,952.0,632.5999999999999,20.0,38.2,impersonator
647,172.0,171.0,177.0,172.0,174.0,172.0,173.0,genuine
2276,73.80000000000001,18.7,75.3,137.9,58.3,37.3,115.1,impersonator
2339,213.5,-11.000000000000002,197.4,177.5,204.4,398.6,412.09999999999997,impersonator
4324,171.0,175.0,175.0,172.0,174.0,173.0,173.0,genuine
2315,2.3000000000000007,33.8,33.400000000000006,1166.2,9.400000000000002,32.6,29.9,impersonator
3215,231.6,226.3,450.7,31.6,233.9,233.1,450.5,genuine
333,185.4,158.3,157.2,184.4,162.1,196.1,191.2,impersonator
3012,17.4,780.1,648.9,35.5,40.5,12.7,19.7,impersonator
3096,165.0,168.0,167.0,167.0,167.0,166.0,165.0,genuine
2045,144.3,160.2,155.5,152.2,165.8,154.8,146.0,impersonator
1174,164.0,169.0,166.0,167.0,167.0,167.0,166.0,genuine
2201,-2.0,208.2,240.9,456.7,-6.300000000000001,232.3,448.7,impersonator
882,15.1,13.0,218.0,213.9,199.9,416.8,233.2,genuine
1353,40.3,20.0,88.3,36.8,88.39999999999999,56.3,116.4,impersonator
2755,165.0,165.0,167.0,165.0,166.0,164.0,165.0,genuine
4313,18.3,210.7,215.0,199.5,417.0,231.7,232.9,genuine
1773,18.2,20.9,23.8,745.8,628.1,20.7,21.5,genuine
3548,189.8,179.0,173.9,159.6,177.5,184.0,162.1,impersonator
2655,229.9,255.7,462.90000000000003,24.599999999999998,209.5,456.3,31.9,impersonator
3298,14.9,17.6,20.1,16.8,1784.8,17.3,17.7,genuine
258,8.4,27.1,820.4000000000001,10.5,27.0,18.2,19.2,impersonator
2849,165.0,158.6,161.7,193.1,178.6,189.8,162.1,impersonator
4469,-4.800000000000001,28.9,1390.5,10.399999999999999,0.6000000000000014,12.5,5.799999999999999,impersonator
1161,226.0,163.0,172.0,178.0,183.0,354.0,12.0,genuine
4345,255.0,433.40000000000003,24.8,242.2,435.3,7.5,227.9,impersonator
545,21.9,254.8,216.39999999999998,248.7,236.1,252.4,216.8,impersonator
1143,14.6,19.4,21.8,18.2,938.7,18.7,20.0,genuine
3097,405.0,-8.8,219.0,609.1,28.3,214.70000000000002,223.0,impersonator
3332,45.2,1018.5000000000001,26.0,41.400000000000006,2285.1,21.1,1.4000000000000021,impersonator
2519,166.0,167.0,169.0,166.0,168.0,166.0,166.0,genuine
3771,14.8,17.6,18.4,18.4,756.8,17.1,19.5,genuine
1303,15.4,21.9,971.5,630.4,21.2,19.1,17.6,genuine
191,14.8,783.2,210.3,18.7,17.2,819.9,219.7,genuine
2723,64.9,1651.7,15.4,17.3,47.4,784.6,15.9,genuine
1246,165.0,168.0,168.0,169.0,166.0,166.0,167.0,genuine
772,146.7,176.7,176.4,171.6,163.4,150.3,154.6,impersonator
1226,178.2,179.8,163.2,152.3,174.0,187.8,168.6,impersonator
2165,169.0,172.0,169.0,170.0,171.0,171.0,166.0,genuine
476,165.0,189.0,156.0,171.0,168.0,171.0,169.0,genuine
2083,18.1,21.4,1569.4,16.7,21.0,20.4,22.3,genuine
3188,167.0,169.0,169.0,170.0,171.0,172.0,165.0,genuine
2173,170.0,174.0,174.0,173.0,175.0,172.0,175.0,genuine
2822,167.0,167.0,167.0,165.0,165.0,169.0,169.0,genuine
2938,19.4,18.6,965.1,422.7,17.4,19.4,21.4,genuine
515,249.60000000000002,214.9,219.10000000000002,423.0,-7.0,240.20000000000002,209.6,impersonator
2076,168.0,182.1,155.9,23.3,141.9,336.9,180.1,impersonator
3030,23.3,29.2,142.1,495.8,8.6,17.400000000000002,39.7,impersonator
1356,20.3,17.3,552.3,208.0,20.5,16.7,17.8,genuine
4214,165.0,168.0,168.0,168.0,168.0,168.0,167.0,genuine
2084,164.0,177.0,155.0,169.0,171.0,12.0,166.0,genuine
2048,-3.1999999999999993,-1.8000000000000007,14.299999999999999,57.6,50.5,36.8,118.10000000000001,impersonator
4033,170.0,171.0,174.0,173.0,174.0,175.0,171.0,genuine
2004,10.0,170.0,327.0,170.0,171.0,169.0,170.0,genuine
2217,163.1,175.8,175.2,153.2,148.5,166.2,192.0,impersonator
312,230.3,16.6,216.2,199.9,417.0,433.3,16.6,genuine
2153,410.09999999999997,29.3,247.10000000000002,257.9,446.1,24.9,249.4,impersonator
1473,164.0,166.0,167.0,166.0,166.0,168.0,165.0,genuine
3310,437.9,27.2,207.4,255.9,225.60000000000002,415.59999999999997,4.000000000000002,impersonator
3063,178.2,191.9,-17.9,177.4,29.7,334.5,310.9,impersonator
668,172.0,171.0,175.0,172.0,175.0,173.0,171.0,genuine
3506,165.0,167.0,169.0,14.0,151.0,334.0,166.0,genuine
1122,166.8,152.5,150.7,152.5,151.1,181.4,157.9,impersonator
25,38.599999999999994,26.200000000000003,428.4,251.4,444.7,37.4,256.3,impersonator
2514,1.0999999999999996,-6.199999999999999,4.199999999999999,86.8,41.8,93.6,91.10000000000001,impersonator
538,157.8,139.9,162.1,164.9,156.4,180.5,147.0,impersonator
728,-1.0999999999999979,211.0,418.90000000000003,232.20000000000002,433.2,31.200000000000003,230.4,impersonator
222,167.0,188.0,154.0,170.0,169.0,168.0,14.0,genuine
1927,164.0,169.0,168.0,168.0,168.0,7.0,159.0,genuine
214,251.29999999999998,235.6,253.29999999999998,233.7,256.9,240.0,465.0,impersonator
1872,18.9,25.0,716.9,837.2,20.7,20.2,20.7,genuine
1164,178.6,168.5,189.5,157.8,174.0,181.0,177.1,impersonator
2169,197.3,415.4,233.0,232.3,450.1,15.3,450.9,genuine
1572,169.5,185.5,164.0,147.7,150.8,174.1,149.8,impersonator
1471,171.0,173.0,174.0,173.0,176.0,174.0,173.0,genuine
287,166.0,170.0,166.0,166.0,168.0,167.0,168.0,genuine
649,15.8,50.1,1134.4,633.0,17.2,16.2,18.0,genuine
4074,405.5,256.2,214.5,439.7,13.499999999999998,258.0,211.5,impersonator
1477,196.9,229.10000000000002,226.60000000000002,416.8,3.700000000000001,232.5,255.5,impersonator
4062,170.0,173.0,175.0,174.0,171.0,172.0,174.0,genuine
3980,201.3,411.1,233.7,232.7,433.7,16.5,434.4,genuine
2486,163.0,167.0,166.0,165.0,166.0,168.0,165.0,genuine
2990,169.0,202.6,142.6,168.1,168.4,178.1,1.0,impersonator
605,3.8000000000000007,246.6,221.5,450.09999999999997,20.4,248.60000000000002,443.9,impersonator
4145,195.4,149.3,173.0,183.5,185.5,192.9,153.7,impersonator
4331,164.0,168.0,167.0,166.0,168.0,168.0,168.0,genuine
740,163.0,177.0,156.0,169.0,169.0,13.0,166.0,genuine
3034,219.2,233.9,249.29999999999998,434.8,15.7,256.3,457.9,impersonator
3887,16.6,18.7,17.1,18.5,65.9,61.0,41.9,genuine
2719,422.9,38.099999999999994,208.3,222.4,231.0,426.0,33.400000000000006,impersonator
4346,48.5,50.2,192.39999999999998,200.5,235.6,191.29999999999998,414.2,impersonator
3633,237.5,265.7,23.6,648.1999999999999,19.0,450.3,27.400000000000002,impersonator
3927,170.1,195.3,165.0,192.8,187.6,150.4,188.9,impersonator
1148,166.0,171.0,170.0,171.0,171.0,172.0,165.0,genuine
1820,10.9,688.6,857.6,-4.900000000000002,6.9,31.9,39.8,impersonator
2475,17.1,13.9,211.9,216.6,199.7,216.6,417.0,genuine
933,238.0,447.5,12.7,250.6,213.60000000000002,221.7,416.90000000000003,impersonator
3646,39.8,2480.7000000000003,5.700000000000001,-3.900000000000002,18.2,39.599999999999994,7.400000000000002,impersonator
3860,161.6,157.1,170.2,147.2,187.1,164.0,171.8,impersonator
3116,17.0,21.9,770.5,207.0,19.5,622.9,16.4,genuine
4386,151.0,186.1,160.8,195.8,185.1,184.9,143.5,impersonator
3993,30.6,42.5,976.0,28.200000000000003,-4.699999999999999,814.9000000000001,-0.9000000000000021,impersonator
2988,328.0,8.0,324.0,334.0,168.0,167.0,168.0,genuine
2426,143.0,162.3,146.6,185.8,147.8,189.0,145.0,impersonator
1731,165.0,168.0,168.0,168.0,168.0,168.0,166.0,genuine
2861,175.4,185.1,165.3,148.1,146.2,18.9,181.1,impersonator
2366,14.3,21.1,787.6,206.3,19.3,21.4,810.1,genuine
2910,164.0,190.0,154.0,169.0,169.0,171.0,169.0,genuine
568,142.1,186.8,161.4,150.5,163.0,179.5,152.2,impersonator
3165,41.400000000000006,24.299999999999997,16.7,11.5,773.0,25.3,32.6,impersonator
937,149.8,177.3,169.2,176.3,149.1,179.8,197.3,impersonator
462,165.0,167.0,166.0,166.0,8.0,158.0,330.0,genuine
2481,19.6,39.0,960.3,408.1,24.0,30.8,7.600000000000001,impersonator
3345,38.0,-2.5,544.6,15.3,-2.099999999999998,32.6,72.9,impersonator
807,165.0,169.0,171.0,169.0,169.0,170.0,168.0,genuine
2987,172.8,182.0,159.0,182.1,153.6,164.2,185.5,impersonator
166,195.4,425.4,254.6,438.2,35.599999999999994,250.70000000000002,233.89999999999998,impersonator
3442,429.6,16.2,232.9,233.3,433.4,15.6,433.3,genuine
22,171.0,174.0,172.0,174.0,174.0,175.0,172.0,genuine
4158,13.1,16.4,15.9,1404.2,18.0,14.2,17.0,genuine
3617,16.3,1170.6,210.1,17.6,19.0,20.4,23.0,genuine
1151,170.0,174.0,174.0,174.0,173.0,174.0,171.0,genuine
192,193.0,179.8,178.0,190.8,156.3,161.5,156.1,impersonator
2641,37.0,7.0,75.3,1880.5,37.8,-5.600000000000001,25.8,impersonator
4109,16.1,19.7,557.3,15.7,18.0,17.6,86.6,genuine
2799,416.7,229.0,16.1,216.5,617.3,16.0,233.5,genuine
2000,16.3,12.1,215.1,216.5,199.7,216.2,417.2,genuine
224,141.5,176.5,139.5,179.1,25.7,154.8,337.5,impersonator
2856,171.4,185.6,145.6,189.9,168.7,28.5,141.9,impersonator
129,188.8,145.3,154.9,183.7,181.2,152.2,146.0,impersonator
2159,19.3,22.3,1787.1,16.8,23.5,18.9,21.2,genuine
1929,437.1,9.5,219.8,227.8,231.1,433.8,36.3,impersonator
122,227.3,234.3,449.1,31.4,233.1,233.3,433.3,genuine
3754,14.7,234.1,228.3,233.3,433.3,16.3,233.4,genuine
3088,18.5,54.6,39.4,1329.3,20.2,20.7,21.7,genuine
1190,167.0,171.0,170.0,169.0,172.0,169.0,166.0,genuine
2225,164.0,178.0,155.0,170.0,168.0,11.0,167.0,genuine
556,563.1,442.09999999999997,39.900000000000006,-1.3999999999999986,26.5,25.299999999999997,68.8,impersonator
2868,16.3,18.0,24.6,1149.7,2.7,17.6,1039.2,genuine
3084,173.1,164.5,189.4,177.6,177.9,176.7,164.2,impersonator
1456,157.2,187.9,140.2,186.9,170.5,155.6,-13.0,impersonator
2981,163.0,169.0,166.0,168.0,169.0,167.0,167.0,genuine
986,235.5,227.1,433.4,16.6,16.2,216.4,199.5,genuine
2312,172.0,173.0,175.0,173.0,173.0,173.0,172.0,genuine
1728,180.7,187.7,171.8,160.2,151.9,179.3,163.2,impersonator
872,448.2,5.300000000000001,228.3,246.7,412.4,41.6,214.1,impersonator
4189,164.0,185.0,157.0,170.0,172.0,168.0,170.0,genuine
170,35.6,131.5,1668.8,0.6999999999999993,16.3,-3.599999999999998,21.1,impersonator
1660,26.0,35.5,217.5,239.0,203.7,204.6,658.1,impersonator
440,164.0,187.0,156.0,169.0,172.0,171.0,172.0,genuine
1745,165.0,168.0,169.0,166.0,167.0,165.0,169.0,genuine
1247,154.3,166.6,164.7,186.3,142.0,158.5,159.0,impersonator
252,169.0,169.0,170.0,169.0,169.0,168.0,167.0,genuine
669,169.6,146.6,179.2,186.7,185.1,189.4,163.4,impersonator
1722,163.0,170.0,166.0,166.0,167.0,167.0,166.0,genuine
2322,33.9,21.1,186.9,184.79999999999998,12.9,0.8000000000000007,-3.6999999999999993,impersonator
4029,29.8,25.7,399.0,16.9,63.1,97.0,31.2,genuine
387,212.4,454.1,228.79999999999998,2.200000000000001,214.9,450.2,19.200000000000003,impersonator
2556,140.5,189.6,174.3,147.4,178.9,184.6,165.9,impersonator
1662,164.0,165.0,168.0,165.0,167.0,166.0,167.0,genuine
3896,167.3,148.9,161.1,154.2,189.4,163.1,154.6,impersonator
1137,14.4,445.7,28.3,232.6,450.1,16.0,233.7,genuine
4475,16.6,12.0,214.4,216.1,199.9,216.7,216.0,genuine
2583,-11.200000000000001,24.3,41.4,36.900000000000006,14.899999999999999,41.0,70.2,impersonator
2791,28.299999999999997,10.9,51.800000000000004,-3.5,60.7,44.900000000000006,171.6,impersonator
2806,155.8,163.0,155.3,175.9,147.9,168.9,190.6,impersonator
3956,-2.1000000000000014,2.1999999999999993,610.4,8.099999999999998,27.6,13.799999999999999,1.5,impersonator
338,234.2,425.6,24.6,241.1,464.90000000000003,12.6,223.7,impersonator
655,18.9,21.2,19.9,966.9,22.5,22.3,20.3,genuine
949,11.799999999999999,14.7,1164.5,419.4,9.399999999999999,15.2,4.199999999999999,impersonator
427,425.8,14.7,233.3,233.3,233.4,433.2,17.0,genuine
2279,24.3,-1.9000000000000021,1161.8,398.1,16.1,7.100000000000001,26.4,impersonator
2314,70.7,573.5,42.8,13.100000000000001,76.6,95.80000000000001,-12.799999999999999,impersonator
423,35.7,11.999999999999998,1359.2,397.5,31.0,29.8,21.2,impersonator
1926,164.0,166.0,167.0,166.0,167.0,167.0,166.0,genuine
4498,210.5,414.8,232.8,31.4,200.0,418.0,232.5,genuine
1127,188.1,189.5,200.1,128.8,170.9,160.7,167.1,impersonator
3319,588.9,27.3,15.799999999999999,40.6,74.89999999999999,40.8,45.0,impersonator
1248,13.6,10.100000000000001,39.8,17.0,99.3,88.2,120.7,impersonator
4156,31.3,3.8999999999999986,102.30000000000001,20.400000000000002,1262.8,10.8,10.4,impersonator
1594,13.899999999999999,5.4,961.2,637.4,38.3,-8.0,18.0,impersonator
1250,18.8,17.9,17.1,34.7,47.5,32.3,46.3,genuine
452,16.6,17.1,1408.3,19.1,17.3,22.8,16.1,genuine
107,16.3,21.6,975.5,423.1,16.7,19.9,19.2,genuine
4000,164.0,174.0,156.0,172.0,170.0,12.0,167.0,genuine
3609,170.0,172.0,175.0,175.0,171.0,172.0,173.0,genuine
2337,230.4,453.9,32.0,231.4,235.0,449.0,16.2,genuine
1124,34.0,3.3999999999999986,71.3,486.5,1265.3,6.900000000000002,28.700000000000003,impersonator
1851,177.6,155.2,167.6,-12.0,132.7,317.8,178.6,impersonator
1612,0.7999999999999989,222.79999999999998,186.9,223.60000000000002,227.5,185.9,621.0,impersonator
405,170.0,173.0,173.0,172.0,174.0,173.0,173.0,genuine
1546,35.2,9.600000000000001,774.3,189.3,35.3,6.600000000000001,632.0,impersonator
3234,229.4,233.2,433.5,16.4,232.8,233.2,433.4,genuine
2525,12.299999999999999,86.5,34.1,110.3,2023.6,44.8,27.9,impersonator
3583,171.3,198.7,170.8,189.4,151.1,182.6,152.4,impersonator
1261,219.5,421.1,32.3,235.0,238.20000000000002,423.29999999999995,11.2,impersonator
4304,99.8,462.7,1693.0,18.0,18.3,17.0,982.7,genuine
1472,164.5,183.9,137.4,161.6,180.0,38.8,166.0,impersonator
2532,315.7,175.3,164.0,-14.0,163.5,313.6,157.0,impersonator
127,156.7,172.3,182.4,150.2,175.6,164.4,152.3,impersonator
2422,156.0,204.3,146.4,166.7,9.8,163.5,314.3,impersonator
576,0.9000000000000004,33.8,1003.2,630.1,38.4,7.9,31.6,impersonator
2127,181.0,173.0,155.0,171.0,170.0,168.0,12.0,genuine
337,163.0,167.0,166.0,167.0,167.0,166.0,169.0,genuine
1381,431.3,28.3,232.5,233.0,234.1,450.3,15.1,genuine
2365,165.0,170.0,166.0,165.0,166.0,169.0,167.0,genuine
3760,28.2,1544.2,19.7,24.2,16.8,1413.7,19.8,genuine
1641,431.79999999999995,11.0,225.9,41.9,203.4,194.3,612.9,impersonator
72,216.20000000000002,234.5,8.3,215.5,217.0,196.0,628.1,impersonator
792,170.0,176.0,173.0,174.0,186.0,163.0,173.0,genuine
3843,430.3,16.4,235.1,234.0,449.5,15.9,232.9,genuine
1499,15.5,17.1,980.5,629.4,18.4,16.0,205.0,genuine
887,200.6,189.5,161.8,174.6,201.1,166.7,148.5,impersonator
2148,161.1,149.6,164.1,163.9,153.6,159.1,184.7,impersonator
189,182.4,170.2,160.3,168.5,182.4,149.2,151.0,impersonator
785,415.79999999999995,3.9000000000000004,228.6,221.4,424.40000000000003,426.09999999999997,-7.5,impersonator
3209,13.399999999999999,16.9,929.1,619.7,-2.3999999999999986,37.1,23.0,impersonator
1380,166.0,172.0,170.0,173.0,173.0,172.0,165.0,genuine
789,14.5,14.4,16.9,17.5,953.6,845.3,15.5,genuine
1860,153.6,173.4,193.2,144.6,163.4,162.8,186.6,impersonator
2487,168.0,172.0,168.0,172.0,170.0,171.0,166.0,genuine
1029,16.1,214.6,630.1,16.8,232.7,233.1,433.3,genuine
3125,243.9,206.4,451.6,53.9,250.0,456.5,7.0,impersonator
1999,12.3,1885.7,12.9,15.8,16.7,819.3,17.2,genuine
3119,178.6,182.3,178.6,143.8,180.8,183.3,165.9,impersonator
3873,25.5,243.0,215.39999999999998,447.59999999999997,38.900000000000006,444.9,8.600000000000001,impersonator
1255,172.0,173.0,175.0,172.0,171.0,173.0,171.0,genuine
1477,203.3,225.8,233.3,434.1,15.8,234.0,233.4,genuine
4374,33.9,31.4,767.1,16.4,2121.7,19.7,15.1,genuine
1500,171.0,174.0,175.0,174.0,173.0,173.0,173.0,genuine
1030,19.3,20.0,557.9,209.4,19.9,20.2,18.5,genuine
3156,230.0,232.3,434.2,15.9,233.2,17.0,215.7,genuine
2341,24.4,3.9000000000000004,800.6,405.1,16.9,26.9,7.200000000000001,impersonator
4212,425.6,16.1,239.6,256.8,440.6,41.4,255.1,impersonator
3204,165.0,193.0,152.0,170.0,171.0,170.0,168.0,genuine
2871,7.3,237.3,215.39999999999998,209.79999999999998,395.4,254.0,226.7,impersonator
806,227.9,232.4,450.5,32.0,233.2,232.3,434.2,genuine
837,13.3,17.5,18.7,17.1,777.6,17.4,18.1,genuine
3108,172.0,193.0,162.0,176.0,177.0,178.0,172.0,genuine
3632,150.1,168.8,191.5,182.3,181.1,170.8,169.1,impersonator
233,170.0,174.0,175.0,202.0,146.0,173.0,173.0,genuine
10,166.0,170.0,3.0,169.0,328.0,170.0,168.0,genuine
4337,165.0,190.0,154.0,172.0,168.0,169.0,11.0,genuine
3724,144.0,178.6,146.2,164.0,178.4,170.9,183.4,impersonator
495,167.0,170.0,168.0,173.0,170.0,171.0,166.0,genuine
3662,164.0,191.0,154.0,172.0,171.0,168.0,170.0,genuine
2836,166.0,168.0,166.0,168.0,167.0,166.0,166.0,genuine
2962,151.8,144.4,179.8,169.7,184.7,175.0,182.4,impersonator
2758,189.1,192.8,164.6,196.7,164.3,192.1,159.1,impersonator
327,191.5,166.0,191.0,186.9,172.6,191.3,148.3,impersonator
2567,14.1,230.7,233.1,233.3,16.4,216.3,417.7,genuine
3492,16.6,21.5,17.9,760.1,22.0,18.9,20.6,genuine
1248,14.0,15.8,16.6,18.0,80.1,63.6,95.9,genuine
1020,160.5,155.0,161.1,193.7,148.7,154.8,187.9,impersonator
1654,156.6,170.2,178.9,150.0,166.7,40.9,187.0,impersonator
3224,180.0,175.0,154.0,172.0,169.0,170.0,168.0,genuine
4137,17.1,18.3,18.4,67.3,32.5,94.4,74.1,genuine
3708,230.1,232.4,16.3,216.3,634.2,15.3,15.9,genuine
2369,7.299999999999999,13.600000000000001,983.8,398.29999999999995,-2.1999999999999993,41.0,38.6,impersonator
1881,169.0,174.0,173.0,175.0,172.0,175.0,171.0,genuine
456,189.2,177.1,163.9,169.6,173.8,184.5,-10.399999999999999,impersonator
4172,170.0,173.0,174.0,174.0,189.0,171.0,170.0,genuine
1753,17.1,63.7,-8.099999999999998,2071.1,5.199999999999999,8.899999999999999,10.899999999999999,impersonator
3398,163.0,189.0,153.0,171.0,170.0,171.0,169.0,genuine
2449,16.2,24.0,31.3,1748.2,19.8,19.2,20.3,genuine
1392,-7.299999999999997,17.700000000000003,983.6,648.5,34.1,21.200000000000003,10.299999999999999,impersonator
4013,14.2,230.7,232.2,233.2,433.3,15.7,233.1,genuine
2670,175.8,160.1,159.8,179.0,175.0,147.1,213.4,impersonator
1268,165.0,169.0,166.0,166.0,165.0,166.0,166.0,genuine
3117,148.0,192.7,150.5,146.8,160.3,175.0,153.1,impersonator
4270,165.0,169.0,167.0,168.0,167.0,167.0,167.0,genuine
1751,10.1,20.6,395.5,641.0999999999999,32.8,22.4,25.299999999999997,impersonator
1405,206.60000000000002,228.39999999999998,252.4,456.70000000000005,37.3,229.5,220.1,impersonator
1744,241.4,457.5,24.3,221.29999999999998,255.4,438.79999999999995,4.000000000000002,impersonator
3,164.5,155.0,189.2,173.6,157.2,166.5,161.3,impersonator
183,165.0,169.0,168.0,13.0,155.0,332.0,169.0,genuine
379,16.6,37.0,1862.7,19.9,17.2,19.7,15.5,genuine
166,200.4,429.0,233.2,432.8,16.4,233.3,233.2,genuine
2440,4.900000000000002,9.9,2.1999999999999993,792.0,33.7,41.7,32.4,impersonator
3222,227.70000000000002,445.40000000000003,14.700000000000001,235.89999999999998,37.099999999999994,205.20000000000002,212.3,impersonator
3612,16.5,65.5,42.5,56.0,21.4,119.2,31.8,genuine
3625,437.59999999999997,-0.3999999999999986,233.4,245.0,430.3,30.4,231.6,impersonator
971,17.5,18.9,1569.1,17.1,18.7,20.3,19.3,genuine
927,426.4,35.099999999999994,7.299999999999999,191.70000000000002,207.0,201.20000000000002,239.29999999999998,impersonator
4089,184.1,154.0,188.3,172.5,149.5,148.3,163.7,impersonator
2404,10.100000000000001,-4.5,33.5,25.3,563.7,31.8,2.0,impersonator
1074,220.79999999999998,246.70000000000002,244.0,206.8,243.70000000000002,209.5,209.5,impersonator
832,169.9,147.9,140.6,147.1,150.6,146.5,185.5,impersonator
841,428.3,257.6,208.0,417.7,-6.800000000000001,243.3,255.89999999999998,impersonator
3807,175.2,176.7,186.7,177.8,150.4,155.6,191.6,impersonator
2710,164.0,168.0,167.0,167.0,169.0,165.0,170.0,genuine
4435,166.0,168.0,168.0,168.0,166.0,168.0,168.0,genuine
2137,29.6,1153.6,612.7,40.5,16.400000000000002,14.799999999999999,22.7,impersonator
2235,189.1,159.8,151.9,185.7,178.4,194.5,171.5,impersonator
3857,16.1,228.7,232.9,233.2,433.3,15.6,233.0,genuine
2171,180.0,182.0,149.0,170.0,171.0,11.0,166.0,genuine
2978,171.0,173.0,173.0,171.0,172.0,173.0,171.0,genuine
870,168.1,178.8,153.7,177.8,149.8,155.6,150.6,impersonator
4086,171.2,155.8,145.4,14.0,147.9,341.5,147.5,impersonator
3563,167.0,166.0,167.0,167.0,164.0,166.0,167.0,genuine
3927,170.0,173.0,175.0,173.0,173.0,171.0,173.0,genuine
652,15.2,229.5,231.4,433.5,16.6,232.9,433.0,genuine
2444,150.7,175.3,-4.4,138.3,335.6,206.6,170.4,impersonator
958,146.2,189.9,181.1,158.6,154.2,175.5,172.8,impersonator
3568,235.6,399.79999999999995,231.89999999999998,252.89999999999998,412.09999999999997,35.9,215.79999999999998,impersonator
117,20.2,14.1,1185.9,426.8,-5.800000000000001,6.0,-1.5,impersonator
2355,39.5,1023.8,-7.0,11.899999999999999,2042.4,32.5,31.2,impersonator
4418,85.9,107.80000000000001,109.9,7.100000000000001,38.2,30.699999999999996,160.5,impersonator
4385,247.9,-1.4000000000000004,245.10000000000002,211.5,437.5,223.20000000000002,465.5,impersonator
1458,180.0,173.0,158.0,169.0,170.0,14.0,166.0,genuine
2349,60.9,2075.7,17.3,16.1,618.4,18.1,17.8,genuine
3227,150.6,160.8,150.7,175.2,167.1,180.4,167.3,impersonator
4147,18.6,22.2,1150.4,416.1,18.9,19.6,18.9,genuine
4083,13.6,19.1,1148.9,18.3,19.5,19.0,20.5,genuine
2063,169.0,173.0,175.0,171.0,174.0,172.0,174.0,genuine
2100,20.0,19.3,1023.6,20.2,17.7,20.4,20.1,genuine
728,18.3,208.1,418.8,253.9,448.8,30.1,231.0,genuine
2302,15.7,1184.9,415.1,19.1,15.5,17.8,18.2,genuine
2428,165.0,170.0,166.0,13.0,156.0,330.0,169.0,genuine
1840,416.0,37.2,209.3,216.79999999999998,455.09999999999997,15.8,195.5,impersonator
2012,162.0,182.3,163.1,162.0,192.9,162.3,166.0,impersonator
3321,165.9,342.0,156.2,168.4,-13.5,139.6,-13.899999999999999,impersonator
3183,229.2,433.2,16.2,231.9,233.3,233.1,233.5,genuine
4480,-6.300000000000001,108.0,28.299999999999997,91.3,123.6,39.5,14.899999999999999,impersonator
3792,19.5,21.0,787.0,207.7,19.1,17.3,18.5,genuine
4019,12.200000000000001,244.3,221.5,238.1,234.70000000000002,-7.100000000000001,220.20000000000002,impersonator
3592,228.6,233.0,433.3,17.0,232.8,233.0,233.3,genuine
3739,229.6,230.8,450.1,31.5,233.9,233.0,452.3,genuine
3639,7.800000000000001,8.799999999999999,941.9000000000001,639.6999999999999,-4.399999999999999,34.5,9.1,impersonator
393,0.10000000000000142,29.0,1569.0,-8.700000000000001,17.0,37.599999999999994,44.099999999999994,impersonator
3868,166.0,187.0,158.0,170.0,168.0,10.0,167.0,genuine
3573,143.8,163.1,184.2,150.1,165.8,145.8,155.3,impersonator
2234,9.399999999999999,35.099999999999994,1616.5,24.400000000000002,23.5,39.8,7.199999999999999,impersonator
2785,13.7,232.0,233.2,433.4,16.9,232.9,233.5,genuine
1116,185.6,356.8,171.6,147.6,17.8,178.6,353.6,impersonator
2127,202.7,185.7,140.2,190.7,152.8,166.8,-4.5,impersonator
711,16.3,17.8,1166.4,631.7,20.6,18.9,19.7,genuine
2207,218.4,239.20000000000002,249.6,428.3,37.900000000000006,223.1,255.3,impersonator
1712,29.5,-7.799999999999997,978.4,641.8000000000001,14.3,40.7,26.4,impersonator
3153,169.0,174.0,174.0,173.0,174.0,173.0,173.0,genuine
1632,17.1,748.9,16.9,610.3,16.5,16.9,17.2,genuine
380,20.7,17.0,142.2,838.3,19.9,19.0,19.2,genuine
2061,173.0,173.0,174.0,174.0,173.0,173.0,172.0,genuine
3074,230.4,233.0,433.4,16.4,233.0,199.9,233.5,genuine
713,155.0,147.4,151.6,12.4,172.5,346.1,184.2,impersonator
2516,168.0,170.0,170.0,173.0,171.0,170.0,166.0,genuine
3594,20.6,26.0,1141.1,623.8,20.6,21.3,21.5,genuine
584,183.4,193.6,156.1,145.0,162.0,188.4,183.6,impersonator
2164,164.0,186.0,157.0,171.0,170.0,170.0,169.0,genuine
3143,243.79999999999998,236.8,234.70000000000002,253.2,457.7,-2.5,209.2,impersonator
2469,71.2,1493.4,33.0,16.8,11.599999999999998,1179.9,14.3,impersonator
2219,18.1,47.7,16.9,141.4,66.1,96.9,34.6,genuine
2215,246.3,235.10000000000002,257.5,446.6,27.6,210.9,209.5,impersonator
304,159.4,180.8,154.2,190.0,181.9,162.1,189.8,impersonator
1397,406.1,214.3,417.4,23.8,255.4,230.89999999999998,220.1,impersonator
1091,37.5,33.0,524.9,847.9,-7.300000000000001,25.4,17.900000000000002,impersonator
30,8.9,0.20000000000000107,-4.200000000000003,774.6,20.2,34.9,13.7,impersonator
952,172.0,172.0,172.0,174.0,171.0,173.0,171.0,genuine
3605,-10.2,11.100000000000001,806.7,1.799999999999999,36.6,15.099999999999998,-0.5999999999999979,impersonator
2852,177.4,190.5,173.4,184.0,195.4,162.3,182.1,impersonator
1596,17.9,16.8,19.1,19.5,28.7,63.7,74.3,genuine
1461,188.3,186.2,192.7,152.7,164.4,167.1,176.5,impersonator
2897,593.7,17.1,17.2,2076.7,16.4,17.3,17.6,genuine
2616,213.6,226.20000000000002,235.9,440.0,52.3,222.5,233.10000000000002,impersonator
1298,192.7,435.4,232.0,232.9,450.6,16.5,233.1,genuine
3588,-12.500000000000002,1659.3,32.9,-5.800000000000001,-7.299999999999997,38.3,-7.199999999999999,impersonator
4496,168.0,167.0,171.0,170.0,169.0,170.0,169.0,genuine
223,191.3,192.7,171.3,194.4,148.1,190.2,191.8,impersonator
1044,163.0,189.0,153.0,173.0,170.0,171.0,11.0,genuine
3880,1.6999999999999993,186.6,315.1,170.6,166.8,170.9,174.8,impersonator
1676,152.7,185.3,181.9,176.7,180.0,191.2,180.9,impersonator
3556,226.9,422.8,35.9,232.29999999999998,208.70000000000002,229.4,211.9,impersonator
3540,213.4,199.8,435.6,233.9,449.3,16.3,233.2,genuine
936,174.9,183.4,170.9,193.8,7.1,153.7,371.9,impersonator
4042,18.5,600.1,420.2,16.1,19.6,19.2,22.5,genuine
4117,180.2,192.1,164.5,188.6,169.0,150.5,157.0,impersonator
2896,171.0,173.0,174.0,174.0,172.0,173.0,172.0,genuine
2073,18.2,18.5,542.9,629.0,20.5,18.4,19.7,genuine
1196,36.7,381.8,1686.2,17.3,17.9,17.0,25.9,genuine
1850,164.5,163.3,142.9,158.3,144.8,185.7,174.9,impersonator
1060,143.9,332.2,156.8,151.6,-19.9,138.0,23.1,impersonator
3247,171.0,173.0,175.0,173.0,175.0,172.0,173.0,genuine
2301,164.2,169.9,160.3,179.1,167.7,189.7,184.8,impersonator
2801,5.800000000000001,1160.3,613.3,15.200000000000001,16.9,-6.399999999999999,6.199999999999999,impersonator
3474,164.0,170.0,167.0,169.0,171.0,170.0,170.0,genuine
145,74.7,83.8,65.4,68.1,32.2,67.7,23.1,genuine
4054,16.6,789.4,632.6,22.7,17.9,20.5,20.5,genuine
4192,232.1,468.79999999999995,21.9,243.79999999999998,245.20000000000002,437.8,37.3,impersonator
368,14.0,168.0,171.0,336.0,18.0,163.0,186.0,genuine
445,229.1,466.8,22.8,18.3,227.9,225.60000000000002,203.7,impersonator
3091,146.9,2.9000000000000004,166.7,325.4,180.7,170.7,147.1,impersonator
270,173.0,173.0,174.0,176.0,173.0,173.0,174.0,genuine
1484,163.0,164.0,169.0,165.0,166.0,168.0,166.0,genuine
4364,163.0,178.0,159.0,170.0,169.0,168.0,170.0,genuine
2590,160.0,151.6,163.6,153.4,179.3,179.2,177.2,impersonator
79,31.799999999999997,46.2,398.0,247.6,253.5,428.5,-1.1000000000000014,impersonator
467,17.4,17.2,18.2,527.9,1275.4,19.2,19.6,genuine
4406,27.9,22.099999999999998,574.0999999999999,190.9,-1.1999999999999993,35.2,838.1,impersonator
161,14.0,235.3,232.9,450.2,16.0,234.2,231.4,genuine
1496,167.0,169.0,169.0,169.0,168.0,168.0,169.0,genuine
3463,76.0,363.8,15.6,18.9,33.3,46.5,2638.6,genuine
4005,154.5,173.4,158.3,190.9,174.2,148.2,175.6,impersonator
2506,331.0,183.0,166.0,167.0,167.0,166.0,182.0,genuine
2673,17.3,20.0,1161.6,633.1,20.4,17.5,20.7,genuine
456,182.0,173.0,155.0,169.0,168.0,169.0,14.0,genuine
2022,425.7,24.3,257.2,209.70000000000002,473.59999999999997,1.5,241.6,impersonator
371,15.6,14.4,1020.0,8.7,17.6,16.3,16.4,genuine
15,200.1,211.8,417.1,233.0,233.6,432.3,16.4,genuine
4164,165.0,167.0,167.0,165.0,167.0,169.0,167.0,genuine
3913,14.2,23.8,433.6,451.9,30.5,231.9,233.0,genuine
583,170.0,173.0,175.0,172.0,173.0,174.0,173.0,genuine
422,16.2,22.7,40.1,73.9,9.6,100.0,100.4,genuine
4424,192.89999999999998,215.4,39.0,15.500000000000002,6.500000000000002,28.4,7.899999999999999,impersonator
4102,164.0,178.0,151.0,170.0,169.0,171.0,168.0,genuine
2375,393.2,34.8,205.5,204.8,183.5,394.59999999999997,235.10000000000002,impersonator
3580,19.4,20.1,19.5,957.8,20.6,21.0,21.1,genuine
804,155.7,189.2,158.4,184.5,181.4,155.5,181.7,impersonator
3523,14.8,18.9,1609.6,17.5,16.7,19.0,18.8,genuine
4434,17.0,17.6,782.7,21.6,16.0,18.3,18.6,genuine
1655,37.599999999999994,117.1,1479.6,8.100000000000001,37.2,34.4,2.8000000000000007,impersonator
2891,183.6,201.0,157.6,155.8,182.5,192.7,183.8,impersonator
2816,19.1,20.1,17.8,534.6,3.0,24.9,43.4,impersonator
3811,670.7,18.1,20.0,2076.0,23.6,18.3,20.9,genuine
2792,26.9,227.4,432.4,16.7,233.0,233.1,433.5,genuine
2984,24.799999999999997,242.6,210.9,251.0,454.9,-2.6999999999999993,232.79999999999998,impersonator
5,165.0,170.0,169.0,171.0,172.0,170.0,166.0,genuine
1292,33.3,28.5,20.700000000000003,21.5,1817.0,7.1,42.1,impersonator
3635,19.3,19.4,20.1,968.4,22.1,20.7,18.7,genuine
742,2564.6,26.2,13.9,81.3,84.3,47.2,40.5,genuine
3913,10.7,40.8,442.0,436.5,48.5,222.0,228.1,impersonator
3163,253.9,446.70000000000005,233.7,-1.3999999999999986,211.20000000000002,430.3,17.3,impersonator
2218,170.0,173.0,176.0,174.0,175.0,174.0,174.0,genuine
1555,163.0,167.0,168.0,168.0,167.0,169.0,165.0,genuine
3082,114.2,324.59999999999997,0.6999999999999993,62.4,105.3,2360.5,8.399999999999999,impersonator
4258,170.4,151.4,185.5,182.2,191.0,147.6,145.4,impersonator
2318,21.8,1554.6999999999998,13.399999999999999,9.500000000000002,25.5,-5.300000000000001,37.4,impersonator
1741,186.1,154.8,162.4,192.7,145.1,150.6,186.6,impersonator
3664,151.7,177.5,182.4,162.8,152.7,146.1,187.9,impersonator
3542,178.0,436.5,257.3,220.1,434.3,40.0,229.5,impersonator
3903,16.5,234.0,210.4,233.3,233.3,233.2,433.4,genuine
832,164.0,166.0,165.0,165.0,167.0,166.0,167.0,genuine
2509,18.8,16.9,18.2,964.3,18.9,18.6,18.2,genuine
3867,172.0,172.0,175.0,171.0,171.0,174.0,173.0,genuine
3779,444.9,26.1,254.8,212.39999999999998,437.40000000000003,-6.599999999999998,217.1,impersonator
714,185.8,188.5,181.4,171.5,180.1,159.2,154.5,impersonator
396,167.7,159.8,178.7,168.2,173.2,185.9,193.6,impersonator
1328,166.0,166.0,167.0,166.0,166.0,167.0,167.0,genuine
1239,18.1,14.9,629.0,15.4,14.5,17.7,17.9,genuine
1677,144.1,197.6,177.9,191.2,186.9,22.1,176.9,impersonator
1835,166.0,170.0,168.0,166.0,165.0,167.0,166.0,genuine
1569,17.5,34.4,88.5,1677.5,42.3,42.9,15.3,impersonator
415,625.9,34.1,24.599999999999998,2.3000000000000007,153.8,189.1,38.7,impersonator
4051,15.4,40.4,49.8,34.4,87.6,96.2,43.5,genuine
2292,18.5,1602.8,35.400000000000006,3.0,-4.5,20.0,1026.4,impersonator
3914,157.6,191.7,182.8,192.9,170.8,167.7,169.4,impersonator
518,84.60000000000001,70.19999999999999,127.99999999999999,93.8,90.5,85.2,11.5,impersonator
1720,36.6,35.0,986.4000000000001,-3.1000000000000014,8.100000000000001,35.8,38.8,impersonator
1513,0.3000000000000007,0.6999999999999993,1230.8999999999999,3.799999999999999,34.7,40.7,630.6,impersonator
531,156.8,157.6,165.0,164.1,173.1,182.4,144.5,impersonator
2209,187.1,151.1,171.8,190.5,190.8,173.4,194.8,impersonator
4209,183.3,159.0,188.6,143.8,158.4,149.9,142.1,impersonator
549,404.70000000000005,203.5,414.2,25.0,230.8,41.0,235.6,impersonator
1878,40.0,4.799999999999999,426.8,421.90000000000003,16.4,252.6,420.8,impersonator
1780,167.0,191.0,152.0,169.0,170.0,171.0,170.0,genuine
2230,247.1,-1.6999999999999993,231.79999999999998,394.6,248.0,456.5,11.3,impersonator
3631,228.5,232.3,451.2,29.9,233.1,233.4,450.5,genuine
521,145.6,157.3,167.1,159.1,176.2,148.8,142.2,impersonator
895,164.0,175.0,157.0,169.0,171.0,9.0,167.0,genuine
2894,15.1,2.7,17.0,15.1,44.0,1381.7,16.5,genuine
3963,206.4,226.5,447.5,32.099999999999994,237.6,226.5,461.09999999999997,impersonator
45,215.2,443.40000000000003,32.5,208.9,243.70000000000002,250.20000000000002,441.9,impersonator
3818,173.0,171.0,172.0,173.0,174.0,174.0,172.0,genuine
1980,233.1,228.9,433.3,16.5,433.3,16.6,233.0,genuine
1510,18.4,26.9,221.5,236.89999999999998,233.29999999999998,409.9,408.4,impersonator
854,163.8,167.1,172.4,164.2,161.0,190.7,154.3,impersonator
2650,165.0,166.0,168.0,166.0,168.0,165.0,167.0,genuine
858,17.1,18.3,1587.4,20.0,19.5,20.2,20.1,genuine
1484,164.2,155.7,178.2,177.4,173.0,145.0,162.3,impersonator
0,186.0,10.0,150.0,350.0,167.0,167.0,166.0,genuine
2018,144.7,176.7,148.0,142.3,157.6,172.4,178.2,impersonator
3456,0.3000000000000007,429.2,18.3,218.4,-4.800000000000001,203.5,209.9,impersonator
2727,159.7,175.0,164.2,173.6,177.8,176.6,166.6,impersonator
3440,418.5,227.3,433.6,16.2,233.2,233.3,234.0,genuine
3645,14.9,1185.2,620.0,18.2,16.9,19.9,17.0,genuine
3714,6.699999999999999,24.0,731.4,42.1,-6.5,22.799999999999997,56.9,impersonator
2717,44.400000000000006,210.79999999999998,2142.0,3.5,36.400000000000006,3.799999999999999,24.700000000000003,impersonator
2418,180.3,170.4,168.7,172.0,172.0,168.6,167.5,impersonator
642,29.200000000000003,234.20000000000002,244.9,228.70000000000002,209.70000000000002,175.6,231.7,impersonator
3537,166.1,184.8,150.0,170.4,146.8,182.0,166.0,impersonator
3322,216.5,413.1,233.3,433.4,16.4,232.5,233.3,genuine
3020,17.9,20.1,436.0,449.7,32.8,30.5,201.2,genuine
412,789.0,205.1,16.0,17.1,17.5,17.3,17.7,genuine
3393,33.9,39.4,7.5,41.0,524.7,-1.1000000000000014,12.0,impersonator
113,228.7,232.8,448.7,32.0,15.7,216.7,216.5,genuine
869,172.0,173.0,173.0,173.0,173.0,174.0,171.0,genuine
2888,166.0,168.0,169.0,168.0,166.0,167.0,167.0,genuine
3855,163.0,184.0,156.0,169.0,8.0,166.0,335.0,genuine
834,161.0,177.7,188.5,159.0,172.9,161.6,172.6,impersonator
743,157.5,171.8,157.2,155.7,188.8,174.0,194.8,impersonator
2242,1571.8999999999999,650.8,6.800000000000001,21.900000000000002,8.100000000000001,8.8,37.8,impersonator
416,183.6,158.0,184.8,170.9,161.0,168.6,192.0,impersonator
2144,179.1,162.1,174.5,176.0,158.3,27.5,144.1,impersonator
3751,1567.3,604.1,13.8,40.3,40.2,-4.899999999999999,32.3,impersonator
3280,180.6,181.3,180.2,159.6,192.0,187.2,153.7,impersonator
1032,164.0,187.0,156.0,170.0,169.0,171.0,167.0,genuine
1039,422.2,45.8,25.2,222.2,229.6,195.3,631.0999999999999,impersonator
624,1361.3,20.6,16.1,1441.5,19.1,19.3,19.2,genuine
3213,2068.5,19.5,17.8,17.5,17.7,23.5,79.9,genuine
1879,38.1,29.2,33.0,947.4,-5.399999999999999,4.200000000000001,42.0,impersonator
2871,13.0,219.9,211.7,199.7,417.0,233.3,233.0,genuine
2270,15.1,13.8,20.2,401.6,415.3,16.0,17.2,genuine
1826,227.7,232.7,232.7,450.2,16.3,232.4,233.8,genuine
1318,147.9,175.0,173.2,151.7,164.1,172.6,184.9,impersonator
2544,433.3,12.2,233.6,232.5,233.5,234.2,419.9,genuine
3412,166.0,173.0,167.0,171.0,172.0,169.0,166.0,genuine
3366,4.700000000000001,38.4,950.1,856.2,6.099999999999998,0.8000000000000007,17.1,impersonator
974,166.0,167.0,169.0,167.0,168.0,168.0,167.0,genuine
1493,169.0,175.0,173.0,173.0,174.0,172.0,173.0,genuine
825,2126.5,29.4,20.299999999999997,4.700000000000001,0.09999999999999787,17.2,34.8,impersonator
2448,166.0,172.0,169.0,173.0,171.0,171.0,165.0,genuine
2582,188.4,13.0,142.9,310.7,187.8,160.5,174.2,impersonator
2315,15.8,16.5,47.2,1164.3,18.6,17.1,15.9,genuine
1157,3.299999999999999,32.0,1791.2,5.5,19.0,11.8,9.3,impersonator
4363,12.9,14.1,216.4,216.5,199.8,216.2,417.1,genuine
2190,227.9,246.29999999999998,419.6,26.900000000000002,226.60000000000002,210.2,413.8,impersonator
1030,43.5,16.8,545.5,191.3,18.2,8.399999999999999,17.4,impersonator
3947,36.800000000000004,76.8,98.8,41.699999999999996,12.8,76.8,34.6,impersonator
3291,21.8,37.2,36.2,1606.0,31.7,-1.3999999999999986,31.2,impersonator
1202,157.6,163.0,172.6,158.2,173.5,171.3,158.0,impersonator
2909,166.0,169.0,168.0,166.0,169.0,167.0,168.0,genuine
2386,181.4,153.5,189.8,186.4,179.3,154.1,155.5,impersonator
172,0.5,994.5,600.5999999999999,-10.299999999999999,231.0,26.4,-1.5,impersonator
3212,48.7,222.0,197.7,236.7,401.8,233.60000000000002,208.8,impersonator
215,168.0,170.0,169.0,172.0,171.0,172.0,165.0,genuine
3058,172.6,193.6,192.6,162.5,192.8,167.5,192.9,impersonator
2145,100.0,1432.1,15.3,1235.6,18.6,16.5,17.0,genuine
62,227.6,230.5,232.9,450.8,16.5,232.9,231.2,genuine
477,1898.6999999999998,231.60000000000002,7.0,21.8,33.900000000000006,11.100000000000001,69.1,impersonator
1680,168.0,173.0,168.0,170.0,171.0,171.0,166.0,genuine
2358,16.9,61.4,47.8,1327.3,19.0,21.2,21.1,genuine
3504,145.2,161.2,155.4,177.9,159.1,161.1,159.4,impersonator
4217,155.0,333.0,166.0,168.0,167.0,168.0,168.0,genuine
771,13.9,223.0,233.0,233.0,16.5,216.4,617.3,genuine
998,9.8,-5.299999999999997,1634.7,27.0,25.200000000000003,18.599999999999998,26.599999999999998,impersonator
1798,164.0,188.0,153.0,170.0,169.0,169.0,169.0,genuine
3557,172.0,172.0,174.0,174.0,173.0,173.0,173.0,genuine
978,-0.29999999999999893,29.4,428.0,240.5,430.8,30.7,237.6,impersonator
2328,171.0,172.0,174.0,172.0,175.0,174.0,173.0,genuine
1806,35.8,21.799999999999997,795.3,220.2,16.3,0.1999999999999993,11.099999999999998,impersonator
2387,165.8,198.2,133.1,168.4,180.9,18.8,185.1,impersonator
2649,164.0,169.0,167.0,166.0,167.0,166.0,165.0,genuine
4011,17.0,21.4,951.8,835.7,19.9,23.6,17.8,genuine
3699,187.8,171.4,192.0,154.2,157.1,190.4,160.5,impersonator
4153,250.0,474.29999999999995,28.1,214.4,220.3,444.1,0.9000000000000004,impersonator
2183,35.0,9.400000000000002,971.6999999999999,617.8000000000001,0.6999999999999993,23.9,12.4,impersonator
306,15.0,16.8,1636.0,14.9,17.5,17.2,17.3,genuine
1668,150.0,168.2,145.9,149.0,164.9,190.2,162.5,impersonator
2660,224.5,221.5,218.7,474.9,3.0999999999999996,250.9,242.0,impersonator
993,474.90000000000003,35.099999999999994,255.5,265.8,233.60000000000002,235.9,14.5,impersonator
85,412.0,219.5,419.59999999999997,14.7,222.29999999999998,426.8,21.1,impersonator
3606,17.5,19.7,19.5,777.1,20.5,23.2,20.3,genuine
4377,472.3,44.8,35.3,224.8,240.5,228.1,210.6,impersonator
4048,164.0,169.0,168.0,167.0,169.0,167.0,168.0,genuine
3625,433.9,11.8,233.1,233.1,433.2,16.7,232.1,genuine
3123,34.8,30.6,1215.6,30.0,-8.100000000000001,32.6,14.700000000000001,impersonator
2752,55.199999999999996,109.39999999999999,93.0,18.400000000000002,119.8,31.3,121.0,impersonator
2755,171.1,155.3,183.1,181.6,177.5,154.4,148.5,impersonator
2212,163.0,189.0,147.0,170.0,171.0,172.0,169.0,genuine
468,150.8,178.1,132.6,184.3,175.3,24.9,185.8,impersonator
2030,434.40000000000003,-4.800000000000001,250.1,222.0,445.7,2.0,219.0,impersonator
2332,166.0,172.0,172.0,172.0,173.0,170.0,166.0,genuine
351,23.6,983.8000000000001,643.1999999999999,31.4,7.199999999999999,442.9,386.29999999999995,impersonator
2224,168.0,172.0,168.0,181.0,165.0,168.0,169.0,genuine
2645,165.0,169.0,165.0,167.0,169.0,167.0,168.0,genuine
4116,169.7,185.9,153.3,161.3,162.9,159.9,170.0,impersonator
3376,17.2,12.5,215.8,213.9,199.8,433.7,233.1,genuine
3813,160.3,180.1,191.6,174.1,144.0,188.3,158.3,impersonator
2253,156.3,161.5,194.9,150.9,198.3,152.4,184.8,impersonator
575,149.5,24.6,183.4,9.1,332.2,13.6,333.4,impersonator
2227,161.5,204.0,33.7,128.3,335.3,207.3,182.1,impersonator
2381,128.9,21.5,136.1,2.6000000000000014,61.0,47.400000000000006,88.7,impersonator
338,227.2,449.1,32.1,231.9,450.6,16.2,233.0,genuine
1807,160.6,175.9,152.4,-4.800000000000001,167.0,353.7,167.5,impersonator
702,146.3,154.6,141.0,190.6,173.4,185.8,159.8,impersonator
1178,210.20000000000002,418.3,227.9,242.5,240.39999999999998,217.3,209.9,impersonator
1203,616.1,28.6,232.3,449.8,15.5,233.8,232.9,genuine
3819,250.8,233.7,453.4,9.100000000000001,240.5,229.4,435.2,impersonator
3209,18.9,15.4,941.2,629.5,17.3,19.5,19.2,genuine
676,151.7,189.6,188.6,160.4,145.9,151.1,142.9,impersonator
2202,1201.5,16.7,17.9,18.1,18.0,17.6,17.7,genuine
1065,160.7,189.6,155.7,187.5,187.9,149.9,166.3,impersonator
3886,171.0,171.0,174.0,174.0,174.0,172.0,175.0,genuine
1067,15.6,15.6,1175.6,18.4,19.5,20.6,17.9,genuine
4027,28.8,215.4,228.7,433.8,16.1,233.4,233.4,genuine
4113,175.4,180.3,170.2,176.5,173.8,-2.6999999999999993,177.1,impersonator
3709,-11.6,9.9,22.5,1223.7,59.6,-13.000000000000002,24.6,impersonator
1356,28.3,2.6000000000000014,558.1999999999999,221.1,41.7,-7.100000000000001,2.200000000000001,impersonator
2109,170.0,174.0,173.0,175.0,172.0,172.0,173.0,genuine
2272,20.6,1033.8,0.3999999999999986,7.799999999999999,17.5,30.6,84.0,impersonator
2587,187.1,160.7,191.2,149.2,159.6,188.0,172.1,impersonator
2158,22.7,326.1,330.7,171.6,169.7,183.7,188.4,impersonator
1070,13.6,15.4,216.3,216.3,200.0,216.6,416.7,genuine
3985,18.5,16.8,18.6,18.6,17.9,1771.5,18.2,genuine
2229,410.0,21.3,237.2,192.1,221.9,412.5,10.0,impersonator
1757,170.0,173.0,173.0,175.0,171.0,176.0,173.0,genuine
1171,226.6,234.8,449.6,31.9,232.7,233.8,14.6,genuine
4007,175.6,184.6,172.4,177.3,177.7,190.2,165.5,impersonator
969,429.5,16.3,232.8,233.2,233.3,433.4,16.7,genuine
2807,237.39999999999998,444.0,38.5,-8.7,240.2,177.10000000000002,629.6,impersonator
1489,235.2,234.0,422.2,39.3,235.70000000000002,233.8,448.20000000000005,impersonator
1556,15.6,17.0,1173.8,417.4,16.5,17.8,17.9,genuine
1389,166.0,167.0,169.0,168.0,166.0,167.0,168.0,genuine
3903,-6.899999999999999,243.8,211.70000000000002,214.8,226.0,249.7,433.9,impersonator
1749,200.8,194.3,214.3,425.90000000000003,208.6,215.10000000000002,444.0,impersonator
3284,163.0,169.0,169.0,166.0,167.0,168.0,166.0,genuine
301,33.4,-1.3000000000000007,1152.6,655.3000000000001,18.8,-0.3000000000000007,5.199999999999999,impersonator
3487,146.9,168.3,162.6,172.3,179.5,19.3,188.7,impersonator
1165,14.9,21.1,436.7,232.0,450.3,32.6,233.2,genuine
869,178.3,183.3,157.3,173.6,171.4,175.6,193.7,impersonator
1775,15.3,230.8,230.5,433.1,16.5,232.8,233.2,genuine
3154,15.2,16.8,337.0,15.3,16.7,806.1,1049.8,genuine
3953,1116.8,40.2,33.0,23.3,19.799999999999997,33.5,33.5,impersonator
3467,154.0,171.8,346.2,0.9000000000000004,194.1,356.5,9.3,impersonator
2186,165.0,169.0,166.0,167.0,167.0,167.0,168.0,genuine
1715,167.0,168.0,170.0,169.0,166.0,168.0,167.0,genuine
3810,164.0,192.0,152.0,170.0,170.0,169.0,168.0,genuine
155,176.1,195.1,165.4,162.3,178.7,154.2,3.6999999999999993,impersonator
3137,87.0,40.1,1671.8,15.6,20.4,17.4,15.6,genuine
1458,193.3,163.1,177.4,188.1,187.3,24.4,186.1,impersonator
1804,146.3,185.3,173.4,143.7,184.4,184.6,181.5,impersonator
1391,1030.2,16.6,227.2,15.2,16.7,16.6,16.8,genuine
610,15.9,13.9,15.3,16.2,974.8,17.9,16.6,genuine
2865,24.5,43.5,0.5,1392.3000000000002,1.9000000000000021,22.7,5.0,impersonator
565,18.0,20.1,18.6,1382.7,19.3,20.4,19.5,genuine
2744,167.4,157.7,160.1,184.1,150.2,153.4,153.5,impersonator
4089,166.0,172.0,169.0,171.0,172.0,171.0,167.0,genuine
3870,16.6,19.3,973.1,631.9,19.7,15.9,422.4,genuine
3471,167.0,171.0,171.0,172.0,171.0,172.0,166.0,genuine
1283,191.6,161.1,154.9,194.0,168.1,181.7,153.5,impersonator
2332,157.5,175.3,170.8,193.9,170.8,192.0,147.0,impersonator
2453,164.0,185.0,153.0,172.0,168.0,171.0,169.0,genuine
3980,207.8,435.0,231.89999999999998,224.39999999999998,458.4,20.5,436.5,impersonator
3276,170.0,173.0,175.0,172.0,173.0,173.0,174.0,genuine
3459,439.8,211.1,442.9,35.400000000000006,222.5,223.6,-0.7000000000000028,impersonator
2990,164.0,189.0,157.0,170.0,170.0,170.0,11.0,genuine
4015,-0.8000000000000007,214.1,248.79999999999998,224.9,228.1,231.5,31.299999999999997,impersonator
2745,168.0,171.0,169.0,170.0,171.0,171.0,165.0,genuine
2384,180.6,180.0,172.1,184.3,162.1,189.6,173.9,impersonator
2994,16.5,621.8,400.2,17.8,21.8,20.0,20.6,genuine
4315,19.4,15.3,1612.2,39.599999999999994,26.5,18.400000000000002,16.8,impersonator
4358,164.0,187.0,156.0,169.0,168.0,170.0,169.0,genuine
1028,189.9,155.3,143.4,191.3,158.0,168.3,150.0,impersonator
3881,31.0,39.300000000000004,960.6,18.9,23.9,30.0,17.5,impersonator
1363,227.4,231.3,233.6,233.6,231.3,233.0,451.4,genuine
1013,163.0,178.0,157.0,170.0,170.0,171.0,168.0,genuine
130,246.9,33.3,240.8,196.2,657.5,19.8,241.29999999999998,impersonator
3451,164.6,162.3,145.2,188.8,145.4,142.6,190.3,impersonator
4046,162.8,197.2,172.8,159.2,154.7,156.5,185.1,impersonator
239,165.1,190.9,166.6,162.8,164.2,157.6,165.1,impersonator
1730,16.9,30.799999999999997,961.9,650.3,21.4,34.5,30.299999999999997,impersonator
1011,159.1,148.1,156.9,164.7,184.8,166.7,173.3,impersonator
2882,17.2,38.8,969.0,21.3,6.499999999999998,23.1,5.5,impersonator
1921,154.1,604.5,10.6,22.599999999999998,26.5,13.8,27.1,impersonator
375,171.0,173.0,175.0,173.0,173.0,174.0,174.0,genuine
3186,167.0,168.0,167.0,166.0,169.0,168.0,167.0,genuine
2564,169.0,171.0,169.0,172.0,171.0,173.0,165.0,genuine
1847,2.299999999999999,11.9,1173.9,444.4,26.1,10.299999999999999,12.9,impersonator
930,173.0,167.8,164.9,163.8,141.6,174.9,187.4,impersonator
1993,228.7,232.9,433.3,16.1,233.6,233.4,233.1,genuine
334,40.3,-14.600000000000001,217.1,188.0,434.8,214.5,437.7,impersonator
2210,158.2,188.9,189.5,178.7,179.9,177.2,153.1,impersonator
1698,8.2,42.099999999999994,937.6999999999999,845.9,26.5,32.3,4.199999999999999,impersonator
3175,2235.3,17.4,12.0,16.7,16.4,17.0,16.9,genuine
737,170.0,174.0,174.0,172.0,173.0,175.0,173.0,genuine
2768,169.0,172.0,169.0,169.0,172.0,172.0,166.0,genuine
788,158.4,148.8,187.4,163.4,179.0,182.1,170.3,impersonator
1769,33.2,14.099999999999998,30.200000000000003,1603.8999999999999,21.5,29.299999999999997,44.099999999999994,impersonator
2379,430.1,16.6,235.5,232.8,232.7,216.8,233.0,genuine
957,228.8,233.0,233.2,233.2,232.9,433.1,17.0,genuine
1387,163.0,179.0,157.0,169.0,171.0,171.0,169.0,genuine
1061,16.7,19.7,971.3,422.4,16.9,19.4,19.1,genuine
1769,21.1,18.4,20.8,1591.8,21.9,19.9,21.7,genuine
3223,168.0,171.0,167.0,173.0,172.0,171.0,167.0,genuine
3859,148.4,174.9,168.6,189.8,175.6,152.7,153.7,impersonator
1504,15.6,14.7,17.0,1160.3,6.1,16.8,16.5,genuine
1305,173.3,176.0,186.5,174.2,187.8,152.5,173.9,impersonator
3037,171.2,167.6,182.9,154.1,159.8,169.4,190.4,impersonator
3917,161.4,180.6,184.7,152.1,191.2,145.7,174.6,impersonator
2331,142.5,168.0,142.4,160.8,182.9,191.1,161.0,impersonator
1767,168.0,171.0,169.0,172.0,171.0,175.0,161.0,genuine
1956,157.9,163.4,170.4,190.7,193.6,183.9,187.0,impersonator
3890,338.0,170.9,148.6,169.0,147.8,162.6,182.0,impersonator
1106,709.5,15.6,16.7,16.2,55.3,87.4,1919.6,genuine
1290,17.5,19.3,541.0,1051.1,20.4,20.5,21.8,genuine
1406,12.0,227.6,12.8,216.6,199.8,433.7,433.4,genuine
3718,19.7,-0.3999999999999986,1396.3,34.3,13.200000000000001,7.1,3.6999999999999993,impersonator
148,185.8,191.8,189.6,151.9,157.5,167.3,171.8,impersonator
3975,164.0,184.0,153.0,170.0,170.0,171.0,169.0,genuine
1033,152.8,183.6,172.2,153.6,179.8,176.3,150.5,impersonator
2629,24.9,21.1,8.299999999999999,-2.0,951.0999999999999,815.6999999999999,-3.599999999999998,impersonator
2675,35.8,2111.3,17.7,18.9,48.4,84.1,31.6,genuine
2019,4.300000000000001,19.799999999999997,1389.4,14.6,14.100000000000001,23.4,837.7,impersonator
1695,232.8,254.8,436.59999999999997,26.299999999999997,215.2,245.0,228.6,impersonator
2042,145.7,154.0,182.3,144.3,184.2,161.7,164.5,impersonator
4044,176.1,180.3,164.4,142.8,179.6,187.5,153.7,impersonator
3901,178.7,145.3,172.1,176.0,153.2,173.5,163.1,impersonator
4098,300.5,16.9,31.5,23.5,126.9,9.9,71.4,genuine
2927,168.0,172.0,170.0,172.0,171.0,171.0,166.0,genuine
3207,164.0,165.0,169.0,166.0,166.0,167.0,165.0,genuine
4218,17.8,31.5,8.4,957.1,41.3,33.9,33.4,impersonator
2241,20.0,14.5,558.3,839.4,19.0,18.6,19.0,genuine
882,36.2,0.09999999999999964,198.8,205.5,197.70000000000002,424.5,213.6,impersonator
1424,163.0,165.0,168.0,164.0,167.0,167.0,165.0,genuine
249,165.0,167.0,166.0,167.0,165.0,168.0,167.0,genuine
3066,182.1,187.1,159.3,145.8,160.8,155.9,171.6,impersonator
4054,1.200000000000001,807.9,655.7,37.9,8.399999999999999,20.8,41.0,impersonator
1535,25.7,11.6,217.6,216.2,215.9,418.1,503.5,genuine
4300,212.10000000000002,209.6,206.4,409.7,39.7,228.4,194.1,impersonator
2596,31.2,846.7,1691.3,17.3,15.5,17.7,17.4,genuine
3733,19.0,21.7,20.2,956.5,20.5,21.6,19.3,genuine
4122,161.9,165.2,188.1,187.2,175.6,184.0,160.6,impersonator
2029,435.2,10.6,232.3,233.0,433.4,16.6,233.3,genuine
3222,233.8,428.6,16.6,233.2,16.2,216.4,200.0,genuine
2941,15.7,14.5,17.6,16.4,1595.7,15.6,18.2,genuine
972,187.0,162.8,176.9,156.7,-1.5999999999999996,162.7,372.1,impersonator
677,16.2,430.1,14.4,432.9,16.8,232.8,233.0,genuine
3503,15.4,16.5,596.2,17.0,17.3,17.3,17.3,genuine
2225,167.9,182.8,165.5,177.7,152.6,-9.600000000000001,176.6,impersonator
226,164.0,181.0,159.0,172.0,168.0,170.0,183.0,genuine
3527,205.7,247.3,474.3,29.5,247.4,245.10000000000002,424.5,impersonator
4338,21.3,17.3,1391.4,16.3,21.6,20.7,23.1,genuine
3171,6.800000000000001,-6.5,31.1,17.5,28.9,52.699999999999996,43.8,impersonator
1691,12.8,433.2,16.3,232.5,233.4,233.1,433.5,genuine
2001,16.9,19.3,19.5,1411.0,22.1,18.7,19.8,genuine
666,158.7,166.1,139.5,175.3,163.0,0.09999999999999964,157.9,impersonator
3611,165.0,165.0,165.0,167.0,169.0,166.0,169.0,genuine
3014,176.5,162.4,138.2,153.5,147.0,164.0,-3.4000000000000004,impersonator
1037,12.6,235.1,233.2,231.9,450.6,31.9,233.6,genuine
1280,417.8,429.1,233.1,16.1,233.0,233.2,233.4,genuine
2580,181.0,170.0,159.0,172.0,169.0,172.0,171.0,genuine
3672,16.5,18.7,985.4,415.8,20.0,20.4,21.5,genuine
1575,153.3,143.5,181.0,33.1,165.3,358.8,190.4,impersonator
576,16.8,17.5,983.0,631.5,20.0,18.3,19.6,genuine
4165,230.0,233.3,433.3,17.0,232.8,232.7,233.5,genuine
1012,164.2,174.0,166.7,173.1,145.4,152.8,190.2,impersonator
1087,14.6,43.1,1614.6,19.1,18.8,20.1,16.3,genuine
985,-9.8,5.5,988.6,635.1,27.799999999999997,13.400000000000002,25.0,impersonator
3834,188.0,6.0,150.0,350.0,167.0,167.0,166.0,genuine
1423,194.2,171.8,166.8,178.6,190.5,156.6,164.6,impersonator
4065,433.40000000000003,35.6,228.20000000000002,230.7,254.3,463.2,19.4,impersonator
790,164.0,179.0,152.0,172.0,168.0,12.0,167.0,genuine
1596,22.7,34.2,10.700000000000001,36.5,46.3,39.400000000000006,61.3,impersonator
3732,148.0,149.7,157.0,147.7,177.9,167.6,152.4,impersonator
3815,16.3,14.1,214.9,214.9,199.9,216.4,216.6,genuine
2555,164.0,169.0,169.0,165.0,168.0,167.0,167.0,genuine
1717,18.5,17.1,1406.9,24.1,17.7,16.4,19.0,genuine
2724,18.7,22.6,17.0,19.0,1569.8,19.0,22.0,genuine
440,143.3,178.1,153.7,180.3,188.4,154.5,164.0,impersonator
4211,165.0,167.0,166.0,16.0,151.0,332.0,166.0,genuine
1105,30.9,332.1,18.1,299.6,315.9,164.2,186.7,impersonator
4353,16.4,17.9,18.0,15.4,1158.5,17.4,17.6,genuine
3418,166.0,173.0,169.0,170.0,171.0,170.0,167.0,genuine
3489,165.0,165.0,168.0,165.0,167.0,166.0,166.0,genuine
1957,218.60000000000002,421.4,12.8,244.8,247.6,214.79999999999998,428.5,impersonator
3229,17.6,18.2,17.3,582.9,17.7,19.5,16.8,genuine
1350,37.5,76.80000000000001,226.6,15.2,51.9,106.4,60.3,impersonator
3676,170.0,174.0,173.0,174.0,173.0,174.0,173.0,genuine
173,93.6,1652.1000000000001,378.7,14.200000000000001,-6.199999999999999,-2.1999999999999993,15.100000000000001,impersonator
3522,10.0,40.7,961.8,408.8,-7.600000000000001,40.3,841.4,impersonator
3951,178.0,167.2,129.8,162.6,148.9,145.5,145.9,impersonator
2812,163.0,179.0,158.0,171.0,168.0,171.0,171.0,genuine
684,165.0,182.0,156.0,171.0,8.0,166.0,333.0,genuine
623,182.2,145.7,156.3,162.6,187.5,163.7,170.1,impersonator
2868,19.3,13.5,2.900000000000002,1137.8,13.2,7.400000000000002,1018.4000000000001,impersonator
638,11.8,432.9,16.7,232.8,233.3,233.3,433.4,genuine
2305,-5.399999999999999,37.8,53.6,65.4,6.100000000000001,90.4,51.8,impersonator
3683,162.0,168.0,169.0,167.0,165.0,168.0,167.0,genuine
2572,16.4,19.8,1406.5,20.8,15.6,16.0,18.0,genuine
3160,150.3,200.0,148.6,156.3,181.6,192.2,8.3,impersonator
836,163.0,167.0,165.0,167.0,168.0,169.0,166.0,genuine
3789,151.2,165.1,130.6,161.3,156.1,181.5,152.2,impersonator
918,150.1,158.4,158.7,160.5,157.0,186.9,180.7,impersonator
1981,169.0,172.0,169.0,172.0,170.0,172.0,165.0,genuine
3854,224.7,233.7,450.1,31.3,234.0,232.8,450.2,genuine
1367,172.0,171.0,174.0,171.0,174.0,172.0,173.0,genuine
4041,147.5,144.9,146.4,151.1,183.7,165.1,171.5,impersonator
1756,169.0,172.0,174.0,174.0,175.0,173.0,172.0,genuine
1107,-4.6,72.0,90.1,13.700000000000001,44.400000000000006,105.8,21.099999999999998,impersonator
1773,-4.300000000000001,27.799999999999997,41.1,765.4,640.4,29.799999999999997,34.4,impersonator
4110,17.7,20.3,779.6,423.3,16.6,19.1,20.1,genuine
42,55.7,667.3000000000001,10.299999999999999,28.200000000000003,9.700000000000001,31.4,2451.7,impersonator
284,157.7,189.0,187.2,189.0,179.5,166.5,184.9,impersonator
2371,169.8,202.3,148.9,151.8,192.6,-14.399999999999999,185.2,impersonator
2558,182.3,156.7,149.5,147.3,153.8,144.9,151.4,impersonator
3416,194.3,193.5,152.6,161.0,156.7,196.9,160.5,impersonator
3239,4.4,4.5,26.6,1568.1,42.5,14.000000000000002,14.2,impersonator
3794,412.3,2.6000000000000014,214.5,256.7,413.4,22.3,457.4,impersonator
572,191.5,178.3,172.5,152.2,157.8,177.1,191.7,impersonator
3464,213.20000000000002,422.6,223.7,221.39999999999998,216.79999999999998,185.1,237.7,impersonator
3183,231.0,430.4,16.3,249.9,247.20000000000002,213.0,250.8,impersonator
4243,427.7,232.5,416.2,-9.7,431.70000000000005,39.8,216.9,impersonator
1856,186.0,10.0,150.0,350.0,167.0,167.0,167.0,genuine
3273,167.0,188.0,13.0,150.0,334.0,167.0,169.0,genuine
4016,182.4,161.9,149.8,189.5,185.1,189.2,176.8,impersonator
4378,16.1,19.5,784.9,628.7,19.5,430.8,20.1,genuine
1694,11.8,215.0,216.1,216.4,416.8,233.4,450.5,genuine
2476,162.8,166.6,158.4,199.6,174.0,161.7,176.4,impersonator
1376,161.5,189.2,157.6,182.1,155.4,166.0,173.9,impersonator
4235,149.3,191.5,159.9,162.4,148.6,32.9,152.6,impersonator
963,168.0,189.0,154.0,170.0,171.0,11.0,167.0,genuine
688,167.0,171.0,170.0,171.0,172.0,173.0,168.0,genuine
3196,416.6,15.2,214.9,199.7,216.6,633.8,15.3,genuine
4365,426.8,22.7,253.7,236.2,254.9,426.59999999999997,14.8,impersonator
3173,14.3,1188.2,199.2,16.5,17.8,18.2,19.1,genuine
3878,166.2,176.6,187.1,175.5,151.3,156.6,156.9,impersonator
4026,443.4,32.2,232.6,233.4,450.7,31.4,233.5,genuine
2218,159.9,164.5,158.3,198.0,194.6,192.0,185.6,impersonator
1205,227.6,233.8,450.9,29.0,233.0,233.7,232.9,genuine
72,229.4,236.4,31.6,199.7,217.1,199.6,634.5,genuine
500,157.4,150.0,157.4,35.2,151.6,344.6,152.3,impersonator
713,165.0,168.0,167.0,8.0,160.0,334.0,168.0,genuine
4252,15.5,14.5,17.5,16.3,775.1,16.7,16.5,genuine
1905,10.0,179.0,320.0,170.0,168.0,12.0,167.0,genuine
1551,218.0,435.4,30.9,229.3,225.6,419.5,-5.300000000000001,impersonator
2711,17.6,13.7,215.7,212.0,216.6,416.9,233.1,genuine
140,167.0,184.0,5.0,167.0,333.0,167.0,167.0,genuine
2443,22.700000000000003,549.0,1501.8,8.600000000000001,35.3,16.900000000000002,35.0,impersonator
1768,1.299999999999999,11.100000000000001,1389.0,-0.6999999999999993,0.8999999999999986,0.8999999999999986,-0.40000000000000213,impersonator
2971,161.4,183.7,161.3,146.0,156.7,169.0,189.3,impersonator
4219,150.3,192.9,185.0,157.9,165.2,194.6,163.9,impersonator
1207,147.9,179.2,171.8,169.3,146.6,0.8000000000000007,173.8,impersonator
4298,173.6,31.6,155.3,333.9,175.9,175.2,167.0,impersonator
698,233.39999999999998,435.7,232.29999999999998,252.6,455.8,25.099999999999998,231.3,impersonator
136,166.8,179.0,153.6,158.8,193.7,146.0,158.7,impersonator
1213,157.2,155.3,167.3,166.0,172.5,175.9,157.8,impersonator
1088,213.5,216.3,416.8,233.0,433.5,16.8,432.7,genuine
1937,228.4,433.0,16.6,233.1,16.5,216.2,200.1,genuine
2648,165.0,166.0,168.0,167.0,169.0,165.0,167.0,genuine
2720,165.7,169.1,148.1,166.4,144.6,163.3,162.9,impersonator
2275,147.6,147.7,170.0,173.7,158.2,158.7,168.0,impersonator
3413,171.0,172.0,176.0,173.0,172.0,172.0,173.0,genuine
4199,19.8,-2.6999999999999993,989.8,631.2,5.199999999999999,8.099999999999998,23.2,impersonator
2389,16.9,17.8,791.5,19.3,21.0,20.0,16.2,genuine
2858,166.0,169.0,168.0,13.0,153.0,334.0,166.0,genuine
1944,185.4,178.0,185.1,154.1,192.7,152.8,166.1,impersonator
2096,18.1,18.2,18.9,971.5,628.3,20.9,21.5,genuine
1022,15.6,10.8,216.3,214.5,216.7,416.9,433.3,genuine
3586,605.9,405.1,15.0,17.7,19.6,16.6,17.3,genuine
613,429.0,16.5,232.6,233.2,233.0,417.1,16.8,genuine
133,147.7,148.9,176.6,185.8,191.1,152.7,148.8,impersonator
3423,165.0,178.0,155.0,170.0,170.0,10.0,166.0,genuine
711,16.7,17.400000000000002,1145.2,643.3000000000001,32.2,24.7,30.6,impersonator
2242,1596.8,626.9,16.3,21.1,16.6,17.1,21.3,genuine
3078,186.8,169.3,176.9,184.4,197.1,152.7,184.0,impersonator
1192,14.5,16.2,1389.8,17.1,15.9,16.7,16.8,genuine
3185,17.4,21.4,966.5,421.7,16.4,19.2,19.5,genuine
1289,204.1,85.2,187.7,187.9,188.0,826.4,21.8,genuine
1402,430.3,15.4,231.7,233.1,233.3,433.2,17.0,genuine
753,9.6,11.4,194.5,453.0,214.10000000000002,229.1,411.0,impersonator
1096,159.3,197.6,190.5,194.5,161.3,194.0,183.6,impersonator
1303,-1.5999999999999996,1.1999999999999993,953.8,628.6999999999999,41.8,13.000000000000002,17.700000000000003,impersonator
745,144.6,195.4,171.9,182.1,162.9,11.7,180.1,impersonator
312,210.20000000000002,38.7,231.2,206.5,413.8,447.2,27.1,impersonator
2354,8.0,322.0,335.0,165.0,169.0,169.0,165.0,genuine
4001,60.5,910.9,17.8,18.8,17.9,18.2,75.0,genuine
1280,435.5,441.70000000000005,215.2,9.700000000000001,246.8,213.6,237.70000000000002,impersonator
1383,816.9,13.9,16.9,18.3,17.6,88.2,55.9,genuine
3055,406.7,26.400000000000002,236.5,237.0,415.2,-8.3,243.2,impersonator
463,186.6,192.0,196.7,168.1,169.4,175.3,188.1,impersonator
2618,170.0,173.0,174.0,174.0,173.0,171.0,173.0,genuine
4347,230.8,230.8,233.3,433.3,16.5,233.1,433.5,genuine
1723,128.0,1807.7,20.3,28.5,6.199999999999999,406.2,823.2,impersonator
4227,184.0,12.0,149.0,334.0,171.0,172.0,170.0,genuine
870,165.0,168.0,167.0,167.0,168.0,166.0,167.0,genuine
1819,206.1,228.8,437.2,0.0,250.79999999999998,228.70000000000002,417.7,impersonator
4040,92.4,945.1,18.6,20.4,2291.6,21.8,22.1,genuine
1747,153.1,168.4,158.1,191.4,159.5,33.2,188.4,impersonator
1525,2.0,9.0,644.0,80.0,249.0,12.0,382.0,genuine
3328,163.9,163.3,152.4,188.5,162.1,174.8,192.6,impersonator
3182,165.0,168.0,166.0,167.0,167.0,169.0,169.0,genuine
2290,150.7,171.7,165.7,181.1,192.5,165.9,174.1,impersonator
3514,16.700000000000003,8.7,-4.100000000000001,1565.5,44.5,13.5,8.499999999999998,impersonator
1447,1.8000000000000007,-1.0,243.9,233.3,191.1,408.2,244.1,impersonator
3146,216.8,247.6,24.700000000000003,235.70000000000002,428.40000000000003,234.1,255.29999999999998,impersonator
3111,183.7,173.9,158.7,162.5,193.0,183.3,173.4,impersonator
3493,164.0,167.0,167.0,183.0,167.0,167.0,165.0,genuine
1892,164.0,175.0,157.0,171.0,170.0,10.0,167.0,genuine
224,164.0,181.0,156.0,172.0,8.0,166.0,335.0,genuine
2181,13.7,9.5,975.2,188.2,27.4,796.2,46.099999999999994,impersonator
4347,210.20000000000002,225.60000000000002,217.5,423.0,36.3,208.4,451.0,impersonator
3383,396.6,232.1,232.0,450.2,15.9,232.8,233.3,genuine
100,17.0,18.5,1626.1,17.1,19.5,20.3,18.5,genuine
2895,146.2,190.1,160.1,183.8,156.7,151.4,186.6,impersonator
2907,18.1,19.1,1198.7,16.2,15.1,18.3,17.7,genuine
1348,14.9,2.5999999999999996,4.300000000000001,1216.3999999999999,34.1,28.5,9.0,impersonator
3226,167.0,167.0,171.0,169.0,170.0,168.0,167.0,genuine
2960,15.0,17.5,613.2,613.7,21.0,16.7,16.7,genuine
1014,155.5,188.1,153.4,150.2,180.2,187.8,190.6,impersonator
1276,183.0,153.4,164.7,181.1,192.2,183.3,142.0,impersonator
4172,156.4,170.1,170.4,189.6,175.9,155.4,152.4,impersonator
1333,2182.7999999999997,0.0,8.8,27.1,17.0,593.0999999999999,31.9,impersonator
2123,164.0,187.0,157.0,171.0,167.0,170.0,171.0,genuine
3946,180.9,184.1,173.4,178.2,157.9,-20.7,199.3,impersonator
1891,207.5,-11.100000000000001,159.2,341.4,158.3,162.5,168.2,impersonator
658,151.5,209.2,159.4,177.6,148.8,30.8,172.0,impersonator
3325,170.9,191.1,143.1,164.3,173.3,185.0,183.8,impersonator
1770,17.6,57.0,1120.3,630.5,20.3,16.7,18.6,genuine
762,165.7,185.5,189.4,187.6,157.6,191.7,145.1,impersonator
3872,14.2,12.4,441.1,449.5,31.3,233.9,232.9,genuine
586,15.899999999999999,419.4,26.9,244.6,242.0,247.7,428.5,impersonator
167,158.5,636.3,20.4,21.4,22.1,22.0,24.0,genuine
3535,16.3,20.1,789.2,420.2,14.8,20.1,17.6,genuine
1044,153.2,205.1,163.6,166.1,194.1,179.5,7.7,impersonator
575,165.0,3.0,163.0,4.0,329.0,10.0,324.0,genuine
793,-6.6,-5.100000000000001,1393.4,18.5,28.5,-0.8000000000000007,22.1,impersonator
2393,6.1,205.2,56.2,83.7,62.3,45.7,96.0,genuine
1648,151.4,145.2,148.4,160.9,170.6,144.3,186.0,impersonator
1047,171.0,173.0,172.0,172.0,173.0,173.0,173.0,genuine
2296,18.4,14.7,966.2,631.7,19.2,15.7,18.6,genuine
701,1175.1,415.2,19.6,16.0,18.5,18.6,20.3,genuine
3816,20.8,575.1,403.4,28.8,25.6,3.3000000000000007,40.900000000000006,impersonator
4242,144.0,194.0,134.5,144.2,-9.7,182.5,373.7,impersonator
2597,165.0,168.0,168.0,165.0,167.0,167.0,168.0,genuine
3287,-9.8,1378.6,410.1,11.6,30.7,7.0,-3.1000000000000014,impersonator
3827,166.0,168.0,167.0,16.0,151.0,334.0,167.0,genuine
1225,146.4,190.0,161.1,158.2,-1.5999999999999996,184.0,318.0,impersonator
1451,228.7,232.8,433.3,16.6,433.4,16.6,232.8,genuine
2763,186.0,160.0,174.0,173.0,172.0,173.0,172.0,genuine
2277,15.5,964.4,421.8,17.4,19.6,19.6,21.4,genuine
836,167.4,160.3,171.8,166.4,187.2,171.9,175.1,impersonator
2753,19.8,26.6,14.700000000000001,953.8,2.5,27.7,34.4,impersonator
3176,145.1,173.0,160.5,161.3,161.4,148.0,149.5,impersonator
2389,-4.100000000000001,11.0,785.8,16.6,18.8,17.2,0.1999999999999993,impersonator
1902,88.39999999999999,85.3,9.9,103.1,79.69999999999999,37.6,78.69999999999999,impersonator
3002,164.0,168.0,166.0,166.0,166.0,167.0,167.0,genuine
3780,405.0,207.7,409.6,16.8,-0.20000000000000284,231.5,183.3,impersonator
1789,170.0,174.0,173.0,173.0,174.0,172.0,174.0,genuine
405,184.9,150.3,157.9,156.2,157.3,158.0,194.5,impersonator
1304,171.0,173.0,175.0,174.0,171.0,173.0,174.0,genuine
485,184.9,174.0,187.7,181.0,150.9,164.9,171.9,impersonator
2527,161.1,193.2,185.2,187.8,164.8,178.7,174.6,impersonator
2726,25.7,527.3,17.3,18.9,59.0,79.5,31.9,genuine
755,163.4,171.0,175.1,169.0,195.9,156.2,177.0,impersonator
3621,23.0,16.1,16.3,16.2,1195.3,18.0,19.9,genuine
3198,430.5,15.6,232.9,233.2,233.2,433.4,16.9,genuine
1497,174.9,185.6,190.7,178.3,194.9,194.7,144.5,impersonator
1145,227.8,449.8,32.1,232.9,233.4,450.1,15.7,genuine
507,-5.199999999999999,161.9,316.4,176.3,23.2,156.2,325.1,impersonator
4181,228.6,433.1,16.6,233.0,433.0,16.7,233.0,genuine
3933,38.2,2085.9,-8.0,-4.300000000000001,42.2,25.4,22.6,impersonator
2767,220.1,423.20000000000005,55.5,240.6,223.6,464.8,18.2,impersonator
621,182.5,156.0,191.7,181.0,157.2,172.8,179.5,impersonator
2288,165.0,168.0,167.0,169.0,167.0,167.0,167.0,genuine
915,181.0,173.0,157.0,168.0,168.0,168.0,14.0,genuine
2555,146.8,161.9,173.2,154.9,143.7,152.4,181.8,impersonator
1921,158.0,629.4,19.5,18.7,19.6,19.3,19.6,genuine
3561,231.2,230.9,233.4,233.2,232.7,433.9,15.9,genuine
444,11.0,172.0,172.0,346.0,11.0,174.0,346.0,genuine
520,10.700000000000001,24.5,34.2,46.9,68.0,62.5,70.89999999999999,impersonator
4296,171.0,174.0,176.0,174.0,173.0,172.0,174.0,genuine
786,-5.099999999999998,237.89999999999998,241.9,222.9,216.5,473.0,28.6,impersonator
2956,162.0,168.0,166.0,166.0,168.0,166.0,164.0,genuine
1609,15.0,14.1,17.8,17.1,586.1,16.3,16.9,genuine
117,15.7,17.7,1162.7,422.6,16.8,19.2,19.4,genuine
1758,5.800000000000001,436.5,31.799999999999997,226.8,-1.1999999999999993,225.9,202.8,impersonator
1935,170.0,173.0,176.0,173.0,175.0,174.0,173.0,genuine
1982,170.0,173.0,174.0,173.0,173.0,172.0,171.0,genuine
1506,14.6,23.0,218.1,199.6,215.8,418.4,232.2,genuine
1136,166.0,168.0,167.0,167.0,165.0,168.0,167.0,genuine
490,169.0,175.0,172.0,173.0,173.0,173.0,173.0,genuine
3954,165.0,193.5,151.0,192.4,169.1,185.5,173.5,impersonator
2879,167.0,172.0,167.0,170.0,172.0,172.0,166.0,genuine
4285,165.0,169.0,165.0,166.0,168.0,167.0,167.0,genuine
3396,149.5,15.5,171.5,321.5,157.3,173.2,2.7,impersonator
983,167.0,174.0,171.0,169.0,171.0,171.0,167.0,genuine
241,7.000000000000001,631.0,232.0,32.3,439.8,-1.0,23.200000000000003,impersonator
997,232.7,429.1,16.9,233.0,233.1,432.8,17.0,genuine
3630,165.7,188.5,141.4,159.7,-15.100000000000001,159.6,350.7,impersonator
4351,15.4,17.2,350.2,629.6,18.5,21.2,16.7,genuine
28,31.0,0.3000000000000007,126.9,29.7,37.8,-5.600000000000001,29.8,impersonator
4102,156.1,187.5,171.9,177.8,164.5,154.4,172.6,impersonator
1709,16.3,20.2,17.5,24.7,32.9,74.8,45.7,genuine
390,1191.9,9.599999999999998,227.7,13.200000000000001,-0.5,36.7,9.899999999999999,impersonator
4204,139.8,161.8,162.0,144.3,171.6,17.9,170.5,impersonator
1416,28.3,3.700000000000001,68.7,550.0999999999999,36.6,25.099999999999998,59.3,impersonator
4373,16.6,-11.399999999999999,581.5,137.2,244.4,33.3,348.2,impersonator
119,370.9,420.5,16.3,16.7,17.2,16.8,17.0,genuine
4341,251.79999999999998,251.5,53.3,196.7,403.8,0.1999999999999993,213.79999999999998,impersonator
69,448.2,27.3,32.2,200.2,216.5,216.8,199.9,genuine
3446,15.6,23.6,1134.9,628.4,18.3,18.4,17.9,genuine
547,16.5,19.0,1567.9,17.3,18.9,20.5,17.2,genuine
2759,31.5,30.4,1595.7,29.2,33.3,26.700000000000003,14.8,impersonator
697,164.0,170.0,169.0,12.0,156.0,334.0,167.0,genuine
2237,172.0,172.0,175.0,175.0,173.0,174.0,172.0,genuine
1047,161.6,173.3,148.2,148.8,157.7,181.8,156.9,impersonator
1373,230.1,433.0,16.5,233.5,16.1,216.6,200.0,genuine
3390,17.8,11.4,214.3,216.7,216.1,199.9,417.0,genuine
3113,797.2,17.9,18.2,19.6,77.3,215.1,1127.1,genuine
1774,823.0,391.1,17.2,18.1,19.4,18.9,19.0,genuine
733,15.4,17.9,975.1,632.3,18.4,14.1,18.3,genuine
2149,169.9,185.5,161.6,157.5,158.4,188.7,161.7,impersonator
471,166.3,181.2,180.4,187.7,178.5,169.8,179.2,impersonator
1990,9.6,311.4,334.4,172.2,189.1,164.1,153.8,impersonator
3966,235.60000000000002,215.10000000000002,409.2,13.7,221.4,252.1,421.8,impersonator
162,165.0,165.0,168.0,164.0,169.0,166.0,165.0,genuine
3493,167.5,144.2,174.5,197.1,169.5,191.0,182.0,impersonator
1664,14.3,1183.0,628.4,17.2,16.4,18.7,17.2,genuine
573,241.29999999999998,-7.999999999999998,216.79999999999998,429.5,255.2,441.7,13.3,impersonator
2518,159.0,176.0,194.0,161.0,173.0,345.0,58.0,genuine
501,170.0,173.0,175.0,172.0,174.0,171.0,171.0,genuine
2247,16.4,18.8,581.6,419.0,16.3,16.9,17.1,genuine
1360,167.0,172.0,168.0,171.0,171.0,173.0,165.0,genuine
922,235.89999999999998,220.70000000000002,209.2,218.89999999999998,438.90000000000003,-2.5,212.89999999999998,impersonator
1893,238.9,216.89999999999998,449.9,52.1,241.29999999999998,220.70000000000002,466.3,impersonator
3628,168.0,167.0,171.0,169.0,169.0,170.0,168.0,genuine
2088,18.9,20.6,1786.8,17.1,22.2,19.3,20.7,genuine
3841,163.9,167.3,148.9,163.8,170.3,161.4,194.9,impersonator
1455,209.3,216.2,199.8,421.4,426.1,16.3,434.6,genuine
2085,179.5,160.5,151.7,-6.300000000000001,139.5,322.9,146.9,impersonator
1367,193.3,169.8,151.0,174.4,183.5,186.9,174.6,impersonator
198,234.2,394.20000000000005,217.0,247.10000000000002,454.5,-2.5,252.1,impersonator
2823,171.0,172.0,176.0,171.0,174.0,173.0,173.0,genuine
1283,169.0,174.0,175.0,174.0,171.0,175.0,173.0,genuine
3871,31.6,972.5,635.8,45.9,-6.400000000000002,39.5,43.099999999999994,impersonator
3362,18.0,18.4,776.1,421.7,15.9,18.1,17.9,genuine
2489,159.2,198.2,159.2,152.9,2.5999999999999996,181.3,353.4,impersonator
3775,202.60000000000002,440.8,21.400000000000002,254.2,213.89999999999998,429.4,-1.8000000000000007,impersonator
3452,37.1,199.9,227.4,219.5,234.2,618.6,19.3,impersonator
1385,164.0,168.0,168.0,14.0,153.0,332.0,169.0,genuine
1858,152.4,187.1,194.0,144.0,178.8,184.2,151.5,impersonator
2778,164.0,190.0,150.0,172.0,170.0,170.0,169.0,genuine
4490,13.9,14.3,1400.0,18.8,10.5,412.5,216.7,genuine
2835,14.2,4.1,634.8,15.8,14.0,16.1,27.5,genuine
151,18.0,-2.8999999999999986,37.5,725.1999999999999,40.9,5.5,43.099999999999994,impersonator
4214,154.1,191.3,144.5,149.0,176.6,161.5,161.7,impersonator
191,-1.8000000000000007,797.4000000000001,185.8,-4.199999999999999,14.0,818.6999999999999,224.29999999999998,impersonator
1120,18.3,20.1,987.3,21.0,15.7,18.0,17.7,genuine
761,14.5,213.2,216.2,199.9,216.2,417.0,433.3,genuine
3543,164.0,168.0,168.0,168.0,167.0,168.0,168.0,genuine
854,168.0,174.0,170.0,172.0,170.0,172.0,167.0,genuine
1075,795.3,625.1,23.4,15.7,17.5,19.6,18.9,genuine
3731,188.29999999999998,430.3,233.29999999999998,472.5,-0.29999999999999893,244.8,447.20000000000005,impersonator
3689,6.0,159.0,4.0,327.0,11.0,322.0,335.0,genuine
143,180.0,175.0,157.0,170.0,169.0,12.0,166.0,genuine
110,152.5,160.8,155.9,187.5,186.2,178.7,160.6,impersonator
2476,171.0,174.0,174.0,175.0,172.0,174.0,172.0,genuine
625,165.0,155.5,151.7,166.0,162.7,169.2,180.8,impersonator
665,171.0,174.0,173.0,174.0,173.0,174.0,174.0,genuine
1287,146.9,181.9,152.8,159.6,158.1,192.4,154.0,impersonator
2427,2.8000000000000007,7.100000000000001,1202.1,372.9,28.5,431.4,26.1,impersonator
2942,164.0,169.0,167.0,13.0,154.0,335.0,166.0,genuine
177,148.2,200.6,172.6,190.3,188.2,181.1,164.5,impersonator
1705,193.1,169.8,172.1,184.4,182.4,181.0,156.8,impersonator
2005,245.4,454.2,41.4,249.5,230.9,439.79999999999995,25.5,impersonator
1673,184.7,178.5,157.4,180.1,190.3,157.4,146.0,impersonator
1345,165.0,168.0,167.0,167.0,168.0,169.0,168.0,genuine
4255,166.0,168.0,169.0,168.0,167.0,167.0,167.0,genuine
101,8.399999999999999,29.0,233.79999999999998,215.4,233.79999999999998,213.0,407.70000000000005,impersonator
644,13.0,173.0,323.0,170.0,170.0,12.0,166.0,genuine
2167,175.9,160.4,189.1,177.4,182.5,191.5,148.3,impersonator
3987,141.0,174.0,173.0,171.0,172.0,174.0,171.0,genuine
2644,14.7,232.0,229.9,433.4,16.7,232.9,233.4,genuine
2810,438.0,218.6,5.200000000000001,218.5,396.90000000000003,432.5,-0.3999999999999986,impersonator
1198,166.0,190.0,13.0,150.0,333.0,166.0,183.0,genuine
2662,170.0,173.0,175.0,172.0,174.0,174.0,173.0,genuine
3310,423.9,16.2,231.9,233.3,232.8,433.4,17.1,genuine
3693,173.0,171.0,176.0,172.0,173.0,173.0,175.0,genuine
2738,213.6,421.0,-3.1999999999999993,239.5,255.2,426.40000000000003,7.899999999999999,impersonator
3550,165.9,166.0,17.0,184.7,1.5999999999999996,304.8,355.1,impersonator
4225,18.3,10.9,215.8,414.0,233.1,233.1,433.3,genuine
3685,613.2,222.7,21.1,16.7,18.7,15.6,40.9,genuine
2874,5.8,195.5,322.4,170.1,152.9,-0.09999999999999964,154.9,impersonator
954,151.6,157.1,157.8,152.2,181.4,186.9,165.9,impersonator
1923,16.1,15.4,589.6,425.7,14.899999999999999,38.3,3.9000000000000004,impersonator
2946,11.5,17.0,778.5,421.0,17.3,16.1,397.3,genuine
3874,183.3,153.8,159.1,154.2,184.3,186.1,155.2,impersonator
3331,173.0,171.0,172.0,174.0,172.0,175.0,174.0,genuine
2753,20.7,18.7,20.3,958.4,19.0,19.4,20.4,genuine
2965,-6.100000000000001,-0.1999999999999993,1004.1999999999999,391.2,31.6,44.2,35.8,impersonator
4066,14.5,15.8,77.9,94.6,63.6,95.9,96.3,genuine
919,17.8,18.0,1400.2,20.4,16.7,631.6,24.7,genuine
608,31.900000000000002,248.7,246.0,422.90000000000003,37.7,233.1,214.8,impersonator
4471,1.6999999999999993,8.9,965.3000000000001,445.0,-4.300000000000001,420.5,23.200000000000003,impersonator
2430,428.4,34.400000000000006,242.2,217.4,443.4,3.5,224.89999999999998,impersonator
3814,147.8,177.2,139.6,185.1,179.1,150.7,171.3,impersonator
3744,164.0,169.0,169.0,167.0,167.0,167.0,166.0,genuine
1467,11.0,32.9,912.0,629.5,-0.6000000000000014,32.8,13.799999999999999,impersonator
3292,171.1,176.1,176.4,175.5,183.8,178.9,189.8,impersonator
3552,21.599999999999998,47.099999999999994,-3.799999999999997,26.700000000000003,576.0,4.4,-3.700000000000003,impersonator
2539,167.0,166.0,167.0,167.0,167.0,168.0,167.0,genuine
1742,98.8,950.7,18.6,17.6,17.0,18.3,2019.5,genuine
1669,42.6,20.9,756.5999999999999,643.8000000000001,39.0,10.4,8.0,impersonator
742,2546.7,8.599999999999998,26.3,57.099999999999994,109.19999999999999,47.2,40.8,impersonator
2202,1202.7,24.5,14.099999999999998,35.8,26.9,-2.3999999999999986,29.7,impersonator
158,42.0,1556.3,21.6,16.2,18.7,19.2,18.8,genuine
310,155.6,189.6,170.3,168.1,145.4,174.4,159.6,impersonator
341,166.0,187.0,1.0,169.0,14.0,316.0,351.0,genuine
2425,330.0,168.0,167.0,168.0,170.0,166.0,165.0,genuine
4373,3.0,8.0,562.0,153.0,248.0,35.0,326.0,genuine
1017,829.8,1468.2,16.1,18.1,17.3,19.9,16.7,genuine
1251,23.7,1362.1999999999998,212.3,208.3,23.0,651.6,24.0,impersonator
77,185.3,172.0,191.3,198.0,197.5,188.2,174.0,impersonator
2190,235.1,227.2,433.3,16.6,233.3,234.0,432.8,genuine
3698,14.2,443.7,32.0,231.6,232.8,451.4,15.0,genuine
1146,13.6,218.0,210.7,199.9,416.5,233.3,233.5,genuine
1263,218.6,212.8,230.5,451.5,-4.300000000000001,249.0,469.70000000000005,impersonator
636,50.5,373.1,18.8,73.7,82.2,34.4,2536.4,genuine
3259,227.3,233.5,450.0,31.5,233.3,231.5,451.0,genuine
3636,145.7,155.2,157.0,179.1,142.7,146.7,145.6,impersonator
2686,168.9,194.5,169.2,186.0,176.0,152.1,166.2,impersonator
2516,150.1,167.2,192.5,149.6,160.3,154.3,184.1,impersonator
900,158.7,155.8,159.3,151.5,151.1,165.2,152.2,impersonator
4344,196.7,193.4,181.9,161.9,165.2,160.5,157.9,impersonator
3257,22.1,15.7,17.2,15.8,16.7,1138.2,836.8,genuine
729,40.8,63.4,2272.2,12.6,88.0,72.5,64.1,genuine
373,15.6,18.1,635.7,15.1,233.7,432.7,17.6,genuine
1223,247.0,250.1,445.59999999999997,13.6,252.7,249.0,435.8,impersonator
2129,165.0,168.0,167.0,167.0,167.0,165.0,168.0,genuine
867,172.0,176.0,175.0,173.0,171.0,174.0,173.0,genuine
4064,-6.699999999999999,795.5,32.6,11.400000000000002,6.6,59.9,104.1,impersonator
1597,193.2,20.6,170.2,355.9,188.6,149.6,162.8,impersonator
3265,156.2,185.7,144.0,146.1,172.4,-13.2,156.8,impersonator
1386,17.9,10.5,1209.5,32.8,41.0,5.199999999999999,7.999999999999998,impersonator
3438,228.3,232.9,433.3,17.1,232.7,233.2,433.5,genuine
2284,193.7,-11.0,151.4,350.8,163.9,150.1,148.7,impersonator
280,416.3,250.20000000000002,209.3,459.0,8.4,230.4,242.0,impersonator
3768,167.0,171.0,169.0,168.0,171.0,169.0,170.0,genuine
4076,163.0,168.0,167.0,166.0,166.0,169.0,167.0,genuine
4339,163.4,156.0,139.5,148.9,159.4,-10.2,181.5,impersonator
2186,160.6,154.3,164.6,143.6,146.0,189.0,173.2,impersonator
2132,17.2,43.1,48.5,320.9,19.1,26.9,79.8,genuine
3276,172.9,166.4,198.7,181.8,188.0,187.4,181.3,impersonator
4283,249.5,417.8,-5.899999999999999,27.6,217.1,206.5,202.70000000000002,impersonator
2111,375.20000000000005,224.0,254.3,427.90000000000003,-7.6,221.6,210.0,impersonator
1848,14.5,218.8,210.9,200.0,216.1,417.1,233.2,genuine
3829,188.6,150.3,151.9,159.6,186.6,184.3,154.5,impersonator
4182,167.0,171.0,168.0,169.0,173.0,171.0,167.0,genuine
975,15.1,14.5,812.2,16.4,16.1,16.6,16.7,genuine
929,12.8,236.2,226.8,233.3,433.2,16.5,433.3,genuine
3404,230.9,30.9,215.1,200.0,216.6,617.4,31.0,genuine
3727,13.899999999999999,8.3,1578.0,10.200000000000001,2.5,21.4,201.5,impersonator
3865,164.0,168.0,169.0,166.0,166.0,167.0,166.0,genuine
2121,162.0,166.0,167.0,168.0,167.0,164.0,165.0,genuine
2154,167.0,172.0,168.0,171.0,173.0,172.0,165.0,genuine
1197,814.8,36.2,18.099999999999998,29.5,2258.0,29.200000000000003,32.5,impersonator
2436,164.0,167.0,166.0,168.0,168.0,167.0,166.0,genuine
3359,167.0,196.0,149.0,171.0,171.0,8.0,167.0,genuine
2262,170.1,178.6,176.0,-8.3,173.8,319.0,164.9,impersonator
222,167.7,202.1,173.3,170.8,191.1,148.4,29.3,impersonator
2492,166.0,178.0,236.0,101.0,171.0,170.0,166.0,genuine
343,162.0,150.5,171.0,143.7,166.5,157.0,172.8,impersonator
1478,428.7,32.6,251.39999999999998,238.6,417.1,27.6,245.2,impersonator
683,169.0,172.0,176.0,180.0,164.0,172.0,173.0,genuine
1140,165.0,168.0,169.0,165.0,169.0,168.0,167.0,genuine
4180,169.0,167.0,209.0,138.0,159.0,167.0,170.0,genuine
2626,4.9,1150.6000000000001,408.2,-2.3000000000000007,10.299999999999999,26.400000000000002,34.0,impersonator
2174,164.0,169.0,166.0,165.0,168.0,168.0,166.0,genuine
328,951.0,17.4,17.8,1858.9,18.3,18.3,17.4,genuine
1155,157.7,170.1,147.6,152.6,177.1,158.3,188.2,impersonator
101,17.2,10.7,215.2,216.3,216.6,199.8,417.1,genuine
670,16.1,19.3,784.8,629.9,20.6,16.0,419.0,genuine
2156,413.3,15.8,216.4,199.7,216.5,417.1,232.9,genuine
1722,187.2,161.5,149.5,143.4,191.7,167.4,154.5,impersonator
3378,436.1,216.6,211.1,428.0,39.5,242.7,228.2,impersonator
947,11.6,14.5,16.7,16.9,17.3,17.3,17.2,genuine
3243,174.4,169.9,189.2,161.7,193.9,151.1,150.2,impersonator
1741,165.0,167.0,166.0,168.0,169.0,166.0,166.0,genuine
1825,468.0,32.4,232.0,208.9,446.3,40.400000000000006,258.2,impersonator
598,166.0,166.0,170.0,167.0,6.0,164.0,332.0,genuine
1327,15.2,71.0,28.799999999999997,61.199999999999996,9.5,138.6,77.80000000000001,impersonator
3839,172.0,175.0,174.0,173.0,173.0,174.0,172.0,genuine
682,244.60000000000002,435.0,33.4,27.5,237.7,218.70000000000002,223.3,impersonator
1513,16.7,18.3,1222.3,17.9,15.7,20.2,620.0,genuine
1476,14.0,14.7,16.0,16.9,974.1,416.7,16.2,genuine
3041,14.2,4.000000000000002,775.5,39.099999999999994,23.5,4.9,1235.8999999999999,impersonator
4303,167.6,186.7,163.0,178.4,157.0,171.5,165.0,impersonator
2397,1985.1,403.8,18.8,20.9,20.3,16.6,18.8,genuine
1395,164.0,187.0,154.0,171.0,171.0,170.0,168.0,genuine
388,21.3,17.0,18.1,1385.1,20.0,19.4,22.1,genuine
2027,14.4,214.9,214.9,417.1,233.0,233.4,433.8,genuine
970,166.0,186.0,157.0,172.0,170.0,168.0,171.0,genuine
2361,1032.6,21.5,17.1,18.8,19.0,20.0,18.6,genuine
1543,34.5,24.9,753.2,415.8,36.2,25.9,1.9000000000000021,impersonator
3577,13.8,225.4,234.7,231.8,451.4,14.8,232.6,genuine
2086,1208.8,15.6,20.9,15.8,34.6,14.0,0.0,impersonator
2123,146.7,206.1,149.2,167.9,191.3,184.3,164.0,impersonator
3152,167.0,166.0,165.0,168.0,167.0,168.0,166.0,genuine
3710,238.3,417.5,29.5,221.1,26.7,233.2,208.8,impersonator
51,171.0,176.0,1.0,179.0,14.0,322.0,339.0,genuine
1995,11.9,14.8,218.0,213.7,199.9,216.5,417.0,genuine
2622,39.4,963.6,631.1999999999999,11.400000000000002,15.200000000000001,24.0,14.700000000000001,impersonator
3251,14.3,216.8,413.6,233.3,233.2,433.3,16.7,genuine
678,18.3,1777.5,23.6,15.8,19.1,18.6,18.7,genuine
2261,13.7,225.9,233.5,233.6,449.4,16.0,233.1,genuine
2575,163.0,166.0,166.0,166.0,168.0,168.0,167.0,genuine
761,15.2,192.39999999999998,194.29999999999998,199.9,231.79999999999998,431.6,454.40000000000003,impersonator
2981,149.1,161.5,180.6,192.1,190.1,153.8,148.9,impersonator
3990,163.0,166.0,169.0,166.0,165.0,165.0,167.0,genuine
1063,-6.9,9.900000000000002,951.7,198.7,16.3,37.4,29.700000000000003,impersonator
2479,7.199999999999999,38.900000000000006,207.60000000000002,219.6,13.5,15.400000000000002,6.300000000000001,impersonator
2892,172.0,175.0,175.0,174.0,173.0,173.0,174.0,genuine
1586,170.2,181.4,189.2,181.4,183.4,188.2,170.6,impersonator
4382,178.9,150.9,157.1,185.2,177.7,153.1,180.9,impersonator
2566,154.5,210.7,132.4,177.1,175.1,148.7,176.2,impersonator
975,13.799999999999999,-3.6000000000000014,794.6,39.4,5.000000000000002,7.200000000000001,3.5,impersonator
1119,445.5,29.2,233.2,232.8,451.2,15.3,232.6,genuine
2758,170.0,173.0,173.0,173.0,174.0,173.0,173.0,genuine
588,16.0,451.79999999999995,8.0,250.8,9.2,219.9,207.29999999999998,impersonator
1684,15.899999999999999,1456.9,40.099999999999994,33.1,7.199999999999999,33.3,34.2,impersonator
2844,436.09999999999997,10.0,249.2,225.0,250.5,213.79999999999998,456.7,impersonator
653,155.6,201.8,155.2,168.9,180.8,155.8,180.8,impersonator
2952,179.7,151.7,166.5,155.2,153.6,178.5,186.0,impersonator
1933,232.9,456.29999999999995,12.7,231.29999999999998,218.3,444.7,1.0999999999999996,impersonator
4269,186.8,181.8,152.9,151.6,164.3,174.9,153.7,impersonator
4289,228.2,229.8,450.9,32.4,233.1,232.4,451.0,genuine
833,167.0,167.0,167.0,167.0,165.0,169.0,166.0,genuine
823,181.0,181.0,146.0,172.0,1.0,186.0,13.0,genuine
3251,4.300000000000001,236.9,429.70000000000005,236.5,249.7,458.2,13.2,impersonator
227,964.4,17.3,29.0,-1.0,-6.100000000000001,997.5,-6.399999999999999,impersonator
2609,169.0,172.0,174.0,174.0,173.0,171.0,175.0,genuine
1562,227.2,231.8,232.8,232.6,451.0,14.8,232.9,genuine
664,227.4,14.5,216.3,216.6,417.3,232.7,451.4,genuine
2537,20.0,19.2,790.4,204.4,15.7,19.0,18.8,genuine
1121,177.4,186.4,183.1,177.0,163.1,192.1,145.4,impersonator
2775,15.0,16.9,783.1,17.0,17.7,1034.0,15.4,genuine
4115,14.6,15.4,976.5,16.2,17.5,17.3,17.1,genuine
2646,164.0,167.0,169.0,16.0,152.0,334.0,165.0,genuine
4057,16.3,18.2,19.1,753.4,20.2,21.2,21.5,genuine
63,227.9,232.9,233.4,16.1,216.4,617.1,16.7,genuine
1788,7.699999999999999,-9.299999999999999,438.7,21.4,-4.800000000000001,21.1,41.3,impersonator
515,227.8,232.9,233.3,433.4,16.8,232.9,233.2,genuine
2740,169.0,172.0,175.0,173.0,173.0,173.0,172.0,genuine
3930,17.0,19.0,972.5,422.4,16.7,18.7,19.1,genuine
2191,18.1,20.5,217.5,216.1,199.0,216.1,618.5,genuine
1855,224.6,232.9,435.2,15.0,233.4,232.8,433.5,genuine
3020,42.8,41.6,458.6,469.2,16.799999999999997,44.6,180.79999999999998,impersonator
3296,40.7,23.3,11.8,995.7,640.4,-8.3,-2.4000000000000004,impersonator
1544,166.0,166.0,167.0,8.0,157.0,333.0,169.0,genuine
1964,166.0,168.0,171.0,172.0,167.0,169.0,169.0,genuine
3415,-2.0,3.8000000000000007,1154.2,643.8,39.3,13.100000000000001,17.2,impersonator
2440,20.6,19.5,19.5,769.2,21.5,19.6,20.9,genuine
1783,184.0,172.0,161.1,179.0,183.9,159.9,4.8,impersonator
1584,17.1,18.9,16.7,18.6,18.8,1772.5,17.8,genuine
2921,-1.6999999999999993,-0.5999999999999979,61.4,1900.6,5.1,32.7,-3.599999999999998,impersonator
566,19.2,611.9,17.3,17.8,56.2,2231.6,16.1,genuine
2001,6.799999999999999,1.9000000000000021,21.1,1426.2,2.400000000000002,-5.0,2.900000000000002,impersonator
997,242.2,412.70000000000005,2.6999999999999993,257.4,218.2,425.40000000000003,27.1,impersonator
1121,166.0,174.0,169.0,171.0,173.0,171.0,167.0,genuine
554,164.0,166.0,166.0,166.0,166.0,168.0,164.0,genuine
4037,-8.9,3.5,227.70000000000002,216.7,200.8,431.7,462.0,impersonator
2810,434.9,227.7,16.3,216.4,416.6,433.4,16.5,genuine
2340,231.4,252.9,240.1,231.9,436.2,20.8,234.29999999999998,impersonator
4398,162.5,153.1,185.7,155.3,189.1,152.0,149.1,impersonator
3539,16.3,15.100000000000001,522.3,0.3000000000000007,1451.3,31.2,22.1,impersonator
1313,14.8,218.9,210.6,199.6,216.5,199.9,417.0,genuine
4233,22.7,31.1,923.2,422.4,17.3,19.4,407.1,genuine
4197,26.200000000000003,28.6,5.300000000000001,47.4,40.3,63.900000000000006,103.3,impersonator
4332,238.2,234.4,447.0,17.5,219.2,420.7,7.300000000000001,impersonator
4234,2.0,3.200000000000003,36.6,774.0,19.9,34.8,9.299999999999999,impersonator
2659,165.7,166.8,164.9,178.2,167.8,188.1,171.2,impersonator
2620,61.4,81.7,16.2,73.4,99.9,78.9,110.7,genuine
1169,228.8,449.2,32.7,232.6,233.5,450.2,15.3,genuine
504,166.7,146.8,183.2,172.8,144.2,150.4,163.2,impersonator
2110,145.0,155.7,158.1,191.6,188.0,179.1,147.3,impersonator
494,-5.300000000000001,231.7,215.4,208.5,443.1,2.0,219.60000000000002,impersonator
3554,190.8,154.4,175.8,191.9,153.2,171.6,143.3,impersonator
3386,10.200000000000001,35.6,1.9000000000000021,6.599999999999998,1173.7,613.7,15.7,impersonator
1670,170.0,173.0,176.0,173.0,172.0,173.0,175.0,genuine
284,168.0,170.0,170.0,169.0,170.0,170.0,169.0,genuine
4092,194.7,415.9,233.0,232.0,450.9,15.6,450.5,genuine
2099,143.1,152.2,143.0,155.7,155.5,164.5,173.0,impersonator
221,17.0,52.4,50.6,1700.3,19.4,19.0,18.6,genuine
3708,207.29999999999998,219.5,-8.599999999999998,212.0,656.3000000000001,3.4000000000000004,15.6,impersonator
2964,446.2,46.4,24.2,199.2,224.4,206.7,407.7,impersonator
1085,163.0,170.0,166.0,167.0,165.0,168.0,166.0,genuine
4391,19.3,17.1,775.4,422.6,16.7,17.4,18.6,genuine
268,-1.1000000000000014,0.7999999999999989,41.4,5.100000000000001,764.5999999999999,17.2,12.400000000000002,impersonator
1219,17.599999999999998,30.5,766.0,-1.0,5.800000000000001,2.400000000000002,18.3,impersonator
1182,20.3,19.1,19.2,969.9,417.8,22.9,19.0,genuine
407,186.2,172.3,152.7,162.4,158.5,6.4,172.9,impersonator
1544,183.1,156.7,188.0,5.3,164.3,315.0,180.5,impersonator
3738,10.5,42.3,98.7,62.1,26.599999999999998,17.199999999999996,40.7,impersonator
318,165.0,169.0,166.0,168.0,167.0,166.0,169.0,genuine
3443,1814.9,15.9,17.9,18.3,18.0,18.5,17.5,genuine
3806,701.8,18.1,19.4,33.4,48.0,2200.5,17.8,genuine
3337,15.8,18.4,1174.8,418.3,16.5,18.0,17.3,genuine
1926,179.4,148.5,167.2,158.2,178.4,159.4,184.4,impersonator
1094,165.0,171.0,168.0,173.0,170.0,171.0,164.0,genuine
3948,190.3,172.9,174.9,145.4,192.7,161.8,154.7,impersonator
890,167.0,170.0,170.0,174.0,171.0,169.0,166.0,genuine
1963,185.5,161.2,150.0,177.6,153.2,189.4,147.5,impersonator
2177,172.0,202.1,144.7,196.6,-7.6,173.0,331.0,impersonator
1761,430.4,16.4,235.9,232.2,450.7,15.4,233.9,genuine
1964,175.7,174.7,163.8,169.8,176.2,174.7,148.2,impersonator
2997,17.5,20.2,1174.6,620.3,24.5,22.2,20.5,genuine
3519,154.0,159.0,174.2,178.3,-18.8,173.4,345.5,impersonator
1338,16.0,14.3,16.9,994.3,396.1,16.3,16.5,genuine
3979,35.3,21.8,1150.7,438.9,39.7,11.899999999999999,27.1,impersonator
1920,39.4,14.9,36.4,338.1,1026.6,25.5,24.6,impersonator
2910,174.3,193.4,134.4,183.3,144.8,191.6,170.1,impersonator
1344,14.3,1180.4,615.4000000000001,35.5,34.2,-6.699999999999999,21.6,impersonator
445,228.2,449.5,16.0,14.7,215.9,216.8,216.7,genuine
2799,409.59999999999997,209.3,8.500000000000002,203.2,607.4,-3.6999999999999993,221.1,impersonator
1212,192.2,153.4,189.2,173.5,150.1,183.3,168.7,impersonator
808,39.7,3.8000000000000007,1367.5,443.4,-6.300000000000001,7.399999999999999,16.7,impersonator
3271,198.9,430.3,15.5,233.5,232.8,233.6,433.7,genuine
512,231.0,230.6,232.9,450.2,16.5,449.9,16.1,genuine
4125,414.2,15.2,232.9,232.4,233.0,216.7,233.3,genuine
2882,17.4,15.9,990.3,16.3,19.4,19.5,20.5,genuine
2082,33.9,15.2,12.799999999999997,1988.4,30.0,33.1,34.2,impersonator
2924,169.0,184.0,156.0,171.0,169.0,170.0,170.0,genuine
33,77.9,21.2,127.8,35.6,32.0,99.7,31.8,genuine
3785,16.1,18.8,1615.2,17.4,15.4,18.3,18.5,genuine
1255,180.0,167.8,196.7,159.2,163.0,175.5,155.5,impersonator
4281,13.6,216.9,417.7,32.0,643.4,23.1,225.4,genuine
52,-3.8999999999999986,10.100000000000001,1393.4,17.900000000000002,-2.400000000000002,-5.099999999999998,19.2,impersonator
867,158.7,193.5,177.4,171.1,194.7,153.3,196.4,impersonator
2716,15.0,4.500000000000002,1025.7,153.5,-2.900000000000002,18.700000000000003,-3.6000000000000014,impersonator
3081,172.9,171.7,173.5,178.2,156.2,147.8,36.4,impersonator
1363,226.6,216.8,219.79999999999998,216.7,249.60000000000002,214.0,430.79999999999995,impersonator
3357,237.60000000000002,242.6,439.4,25.9,237.1,229.39999999999998,430.59999999999997,impersonator
3774,231.5,250.3,409.1,4.999999999999998,444.29999999999995,18.0,456.1,impersonator
1502,231.5,230.4,233.7,431.7,16.4,16.3,216.6,genuine
3904,190.4,181.1,175.4,153.4,190.7,170.6,158.8,impersonator
2550,162.0,167.0,169.0,168.0,165.0,166.0,167.0,genuine
4274,6.1000000000000005,212.70000000000002,247.5,452.09999999999997,-8.5,208.6,247.79999999999998,impersonator
2335,48.8,1348.3,16.0,17.5,19.0,19.0,19.3,genuine
1938,230.4,231.9,16.5,216.2,200.0,433.5,433.3,genuine
3642,167.0,173.0,169.0,170.0,172.0,172.0,164.0,genuine
3821,171.0,173.0,174.0,172.0,173.0,174.0,174.0,genuine
4391,20.7,30.900000000000002,779.6,433.5,35.4,38.0,16.200000000000003,impersonator
289,142.1,143.3,172.5,152.2,146.9,156.9,166.6,impersonator
1982,155.1,183.3,184.3,178.5,175.4,173.6,186.2,impersonator
438,187.6,164.2,22.7,142.9,345.7,153.6,187.8,impersonator
1454,19.8,441.09999999999997,1.8000000000000007,248.6,241.29999999999998,224.20000000000002,228.29999999999998,impersonator
508,166.0,168.0,165.0,167.0,168.0,169.0,165.0,genuine
571,13.2,16.3,101.7,15.9,17.7,29.8,94.4,genuine
2480,33.6,227.9,229.8,232.8,232.6,450.0,32.9,genuine
1371,175.0,151.8,181.6,143.1,174.5,184.2,145.6,impersonator
1435,170.0,174.0,173.0,173.0,174.0,171.0,174.0,genuine
1254,167.0,172.0,169.0,171.0,172.0,173.0,165.0,genuine
968,215.2,221.70000000000002,446.3,7.0,244.89999999999998,233.0,455.0,impersonator
2948,164.0,167.0,168.0,167.0,173.0,162.0,169.0,genuine
253,0.1999999999999993,31.6,1192.1,639.1,35.4,1.0,24.400000000000002,impersonator
4059,167.0,190.0,154.0,171.0,169.0,168.0,13.0,genuine
3632,168.0,173.0,170.0,171.0,172.0,171.0,167.0,genuine
3921,189.0,165.2,147.3,189.6,163.7,154.9,176.8,impersonator
1217,229.3,230.1,450.3,31.5,233.2,451.8,15.4,genuine
2163,30.400000000000002,23.1,977.2,438.20000000000005,3.200000000000001,6.100000000000001,840.5999999999999,impersonator
2254,11.4,20.5,53.699999999999996,4.0,24.699999999999996,113.2,20.8,impersonator
4136,165.0,168.0,167.0,166.0,167.0,168.0,169.0,genuine
1316,196.0,146.5,169.6,146.7,189.0,20.4,161.2,impersonator
58,229.5,434.1,15.6,233.2,233.4,233.0,433.3,genuine
1364,151.3,162.0,148.0,199.3,156.9,189.8,163.0,impersonator
3560,16.7,16.9,20.9,942.7,19.2,19.4,19.1,genuine
563,229.8,232.3,233.3,232.2,433.5,16.5,233.5,genuine
3606,0.6999999999999993,37.0,19.2,763.9,38.3,37.9,39.1,impersonator
1538,167.0,186.0,11.0,150.0,334.0,182.0,167.0,genuine
3403,129.2,55.2,95.1,83.2,33.8,18.5,113.3,impersonator
2178,164.0,166.0,165.0,166.0,167.0,165.0,166.0,genuine
3595,632.7,191.2,39.1,36.3,28.7,14.600000000000001,12.0,impersonator
1590,143.0,180.6,192.5,32.6,159.8,354.3,151.7,impersonator
4410,153.9,151.9,159.5,182.0,141.6,187.9,182.9,impersonator
2071,414.7,230.6,233.4,434.0,28.6,219.3,16.3,genuine
1252,328.4,189.2,131.3,185.3,158.1,172.0,156.3,impersonator
2743,18.2,24.4,87.0,1704.8,20.6,23.4,17.3,genuine
1355,214.0,406.3,32.2,218.6,1.6000000000000014,208.0,207.2,impersonator
418,3.9000000000000004,236.70000000000002,223.0,208.9,225.5,443.7,6.200000000000001,impersonator
2421,143.3,159.1,185.3,185.4,159.1,168.0,189.8,impersonator
1903,39.8,17.3,40.7,51.5,1169.6999999999998,-2.8000000000000007,40.599999999999994,impersonator
4117,170.0,173.0,175.0,172.0,174.0,173.0,173.0,genuine
1048,165.0,165.0,168.0,167.0,166.0,166.0,166.0,genuine
3010,172.0,171.0,174.0,174.0,174.0,172.0,173.0,genuine
2937,-4.299999999999999,25.799999999999997,246.29999999999998,187.6,237.5,417.79999999999995,459.90000000000003,impersonator
3510,164.0,165.0,169.0,167.0,166.0,166.0,167.0,genuine
1536,30.0,466.0,48.3,237.1,474.6,27.3,231.6,impersonator
2698,21.9,37.8,219.9,200.20000000000002,228.1,229.1,628.0999999999999,impersonator
2513,413.2,232.8,16.3,216.5,199.9,433.7,233.5,genuine
3907,23.9,1389.1,23.6,20.4,20.5,17.3,19.5,genuine
2837,171.0,172.0,176.0,173.0,173.0,173.0,173.0,genuine
1989,170.0,172.0,173.0,175.0,173.0,174.0,173.0,genuine
1115,430.9,12.9,231.9,233.3,433.4,16.5,433.4,genuine
4308,17.5,18.4,19.7,17.9,50.0,16.4,24.7,genuine
2206,22.900000000000002,19.6,1368.7,12.899999999999999,39.5,27.1,-0.8000000000000007,impersonator
3402,160.3,167.7,188.0,165.9,161.6,145.3,151.7,impersonator
2538,171.0,172.0,174.0,174.0,175.0,173.0,172.0,genuine
956,153.8,183.0,151.3,161.2,169.5,171.1,190.1,impersonator
663,186.9,151.9,170.7,170.5,150.6,184.6,176.0,impersonator
375,149.2,190.0,197.0,178.2,167.3,189.2,187.6,impersonator
2155,407.3,249.7,414.29999999999995,18.5,233.60000000000002,226.9,236.7,impersonator
4226,26.3,1586.3,-8.399999999999999,12.1,27.3,29.1,35.2,impersonator
2356,25.8,767.9,21.3,379.0,5.5,36.8,-2.6999999999999993,impersonator
546,154.4,166.0,154.3,194.8,166.4,183.6,174.0,impersonator
4256,164.0,167.0,169.0,167.0,168.0,166.0,167.0,genuine
2448,164.3,194.7,147.8,183.8,180.4,168.0,168.5,impersonator
4469,17.2,15.5,1402.7,18.4,13.3,18.0,17.9,genuine
2503,620.0,8.6,29.9,10.200000000000001,37.4,8.200000000000001,-4.599999999999998,impersonator
18,235.0,227.3,433.3,16.2,232.9,233.3,433.9,genuine
729,36.699999999999996,80.0,2291.7999999999997,15.8,111.2,94.5,55.49999999999999,impersonator
2991,155.0,196.9,141.3,188.9,185.4,191.7,145.3,impersonator
835,168.5,148.2,151.2,191.8,194.6,147.2,172.3,impersonator
4449,164.0,183.0,157.0,172.0,3.0,168.0,339.0,genuine
924,180.8,167.2,156.9,182.0,152.8,151.2,187.2,impersonator
419,16.3,12.8,220.3,210.9,199.9,216.4,417.1,genuine
706,18.5,17.9,56.4,1538.3,20.1,19.1,19.1,genuine
3988,151.6,192.3,-2.5999999999999996,157.9,350.6,194.7,158.7,impersonator
2015,167.0,189.0,154.0,169.0,170.0,171.0,182.0,genuine
612,154.2,147.5,174.4,147.5,152.2,171.9,165.5,impersonator
4440,24.1,34.3,-6.600000000000001,1385.0,5.4,36.7,-0.3999999999999986,impersonator
2140,169.0,171.0,171.0,170.0,172.0,172.0,168.0,genuine
3194,10.0,784.1,437.8,38.2,-0.6000000000000014,10.200000000000001,11.299999999999999,impersonator
4241,12.7,17.4,17.5,964.6,628.3,18.4,17.3,genuine
2972,170.0,173.0,172.0,174.0,173.0,172.0,174.0,genuine
3910,10.899999999999999,13.1,520.3,1073.7,0.29999999999999716,21.099999999999998,25.6,impersonator
2647,197.1,184.1,176.2,181.6,148.6,144.4,32.9,impersonator
1272,227.6,247.9,410.0,28.9,254.9,251.70000000000002,-8.399999999999999,impersonator
4262,236.6,429.8,218.39999999999998,237.4,236.89999999999998,208.79999999999998,209.2,impersonator
3971,153.7,158.2,163.9,183.5,172.4,181.3,185.7,impersonator
3668,151.2,174.6,181.6,168.8,156.0,150.4,169.8,impersonator
2428,168.7,147.1,151.9,22.7,158.4,333.0,154.9,impersonator
873,-3.0,222.9,232.4,426.6,16.2,230.29999999999998,249.4,impersonator
4,24.9,629.1,16.7,2092.1,16.1,17.3,17.6,genuine
1469,12.2,225.8,232.1,433.5,16.6,232.8,216.8,genuine
4497,166.0,168.0,167.0,169.0,169.0,168.0,165.0,genuine
1827,2413.8,23.7,10.3,85.0,52.3,70.1,30.0,genuine
3200,9.799999999999999,-5.399999999999999,2.5,10.200000000000001,947.8000000000001,-1.6000000000000014,5.700000000000001,impersonator
1105,7.0,323.0,10.0,323.0,335.0,169.0,168.0,genuine
2471,158.7,166.1,159.7,153.7,188.2,163.2,191.8,impersonator
1797,-7.9,3.5,1404.7,27.6,29.6,17.7,11.100000000000001,impersonator
1026,165.0,167.0,167.0,166.0,166.0,166.0,168.0,genuine
3273,172.1,199.1,0.0,163.9,333.6,188.2,169.0,impersonator
142,19.3,-3.200000000000003,1815.3,40.900000000000006,30.1,31.9,17.8,impersonator
3040,212.3,413.9,232.3,233.0,450.2,17.2,231.8,genuine
2354,9.1,335.6,344.0,151.2,159.3,182.9,187.9,impersonator
2194,115.4,1924.3,240.29999999999998,24.1,18.1,-1.6999999999999993,6.399999999999999,impersonator
3288,230.2,431.5,16.4,233.2,233.1,416.9,16.4,genuine
2515,26.6,25.1,5.699999999999999,528.3,-0.8000000000000007,11.999999999999998,27.6,impersonator
3422,165.0,169.0,167.0,167.0,166.0,168.0,169.0,genuine
