,label,Feature 0,Feature 1,Feature 2,Feature 3,Feature 4,Feature 5,Feature 6
0,rpi-8c,209.0,177.8,220.4,223.8,233.4,199.6,422.4
1,odroid1,30.6,174.9,326.7,460.9,1.0,231.7,157.2
2,odroid4,132.3,190.2,167.7,75.6,401.5,233.6,90.0
3,rpi-8a,396.4,353.7,0.0,195.8,266.2,1756.6,184.2
4,rpi-8a,208.1,397.3,230.8,2.1,51.7,216.2,200.3
5,odroid1,161.9,1174.2,97.5,54.6,1.0,165.6,127.8
6,rpi-4a,106.8,62.3,243.6,185.3,167.7,171.0,61.7
7,rpi-4a,2.0,203.1,0.0,238.8,1.0,44.9,174.1
8,rpi-4a,2.0,43.0,159.1,150.0,102.5,43.1,2.0
9,rpi-4a,240.5,1.5,136.5,682.7,115.2,1.0,4.5
10,rpi-8b,160.0,152.8,187.8,2.1,493.6,203.2,370.5
11,rpi-8c,261.0,1122.7,208.1,192.2,141.6,166.4,58.3
12,odroid4,2.0,205.3,22.1,163.1,221.0,168.6,31.0
13,rpi-4a,2.0,77.1,302.8,557.1,457.7,197.2,193.7
14,odroid3,2.0,241.5,58.4,135.0,379.3,289.2,479.4
15,odroid4,2.0,1637.2,7.7,73.8,179.3,12.3,443.4
16,rpi-8b,23.9,128.9,1225.2,409.0,613.4,200.9,234.2
17,odroid3,187.7,1.5,731.0,202.2,1.0,210.2,150.7
18,rpi-8a,174.0,168.4,1175.2,68.0,19.8,203.4,265.5
19,rpi-8b,60.6,206.9,44.6,758.8,382.7,1725.4,135.4
20,odroid1,447.1,1377.1,2.9,185.9,244.2,103.9,265.7
21,odroid4,88.2,1.5,115.6,131.5,505.8,186.8,158.5
22,odroid2,283.2,135.2,141.7,642.9,1.0,42.5,197.2
23,rpi-4a,147.0,31.4,184.6,141.5,1.0,59.5,194.1
24,rpi-4a,2.0,1.5,180.0,102.7,48.4,150.0,2.0
25,rpi-8a,1546.2,180.7,0.0,134.1,608.0,292.2,1947.7
26,rpi-8c,34.3,270.4,124.2,273.5,116.2,17.5,2.0
27,rpi-8d,255.0,152.1,84.7,177.9,181.6,99.3,54.6
28,rpi-8d,201.3,157.2,0.0,257.7,162.3,39.5,79.6
29,odroid3,186.4,1.5,0.0,174.0,808.9,115.7,172.1
30,odroid4,68.3,11.9,0.0,243.9,104.0,40.8,260.9
31,rpi-8a,171.3,40.5,621.0,1053.6,195.8,160.1,191.0
32,rpi-8c,152.6,186.8,745.7,237.2,1.0,226.6,47.4
33,odroid1,280.3,69.0,143.4,148.4,95.1,1891.1,348.9
34,odroid1,176.1,257.0,414.3,72.8,157.9,216.9,240.6
35,odroid2,41.5,138.2,142.2,42.5,1.0,182.6,51.8
36,rpi-8a,248.3,142.0,320.8,138.0,153.4,346.0,248.3
37,rpi-4a,140.5,31.4,78.0,194.9,159.7,165.0,25.9
38,rpi-8b,165.6,47.2,177.8,364.8,202.7,171.6,229.1
39,odroid4,160.6,73.1,224.5,40.2,200.7,202.2,2.0
40,rpi-8b,161.4,51.6,429.1,14.1,51.2,1.0,11.2
41,odroid1,2.0,1.5,334.6,227.4,5.8,1.0,153.4
42,rpi-8c,90.9,56.5,865.4,615.7,22.7,160.1,76.7
43,rpi-8a,2.0,1.5,163.8,51.1,182.5,30.3,194.7
44,odroid3,2.0,64.0,443.1,115.8,141.2,151.5,2.0
45,rpi-8c,137.7,1.5,1351.2,202.0,19.4,160.5,143.0
46,rpi-8a,87.8,124.8,275.6,126.2,59.0,95.2,74.2
47,odroid2,28.4,108.4,250.1,2.1,1.0,1.0,2.0
48,odroid4,200.6,165.7,180.0,175.4,202.1,158.4,193.9
49,odroid2,276.1,155.4,108.4,81.9,157.0,70.3,168.2
50,rpi-8b,127.2,1.5,282.7,1907.5,178.7,143.7,412.9
51,rpi-8b,70.9,41.4,49.1,312.4,375.2,50.0,163.6
52,odroid4,199.3,26.5,179.9,65.5,226.5,128.0,2.0
53,rpi-8b,222.7,83.1,295.3,26.5,158.3,2266.5,152.2
54,rpi-8c,2546.8,224.6,161.7,4.7,501.1,256.5,1161.9
55,odroid4,36.7,1.5,133.1,132.0,1.0,156.1,2.0
56,rpi-8a,292.3,522.5,117.8,103.2,611.4,404.7,150.6
57,rpi-8a,2.0,257.2,219.0,2.1,327.1,300.8,2.0
58,rpi-8d,1568.2,2465.9,0.0,2.1,842.3,971.2,407.2
59,rpi-8b,204.4,846.1,224.6,248.2,251.5,190.7,263.7
60,odroid1,115.8,109.9,19.7,181.6,1.0,1.0,31.3
61,odroid2,24.8,1.5,323.8,48.6,22.7,170.9,136.9
62,rpi-8c,481.9,145.6,179.6,81.3,156.3,198.7,220.5
63,odroid4,2.0,17.1,1781.1,223.5,151.1,59.2,13.4
64,odroid3,961.9,759.9,40.1,64.1,229.8,168.3,169.5
65,rpi-8d,67.8,132.7,110.2,281.1,68.0,166.8,24.7
66,odroid2,233.7,165.7,12.2,124.9,1.0,1.0,109.2
67,rpi-4a,249.1,140.7,96.9,153.7,54.5,238.8,75.9
68,rpi-8c,427.4,562.0,58.2,211.5,340.3,254.9,618.9
69,odroid3,98.1,104.5,282.0,173.6,116.2,226.8,194.4
70,rpi-8b,229.6,296.5,143.9,181.0,202.5,464.2,380.5
71,odroid2,35.3,178.1,128.1,139.9,1.0,171.6,192.5
72,rpi-8a,104.9,1.5,57.5,210.3,7.8,27.0,76.9
73,rpi-8d,2.0,1.5,69.4,176.4,264.6,19.7,15.8
74,rpi-8d,469.5,188.4,323.5,222.6,408.7,17.7,236.5
75,odroid1,2.0,1.5,447.1,507.5,33.1,157.9,32.7
76,rpi-8c,41.7,216.0,166.5,173.0,389.5,137.4,460.9
77,rpi-4a,124.8,21.5,1585.8,104.3,23.4,171.3,2.0
78,odroid2,160.8,231.2,0.0,256.2,1.0,1.0,89.2
79,rpi-8b,191.3,265.0,4.5,785.1,228.1,223.3,34.3
80,rpi-8d,189.4,189.8,129.2,309.1,188.2,159.6,23.5
81,rpi-8b,164.1,105.4,147.4,434.5,54.7,87.4,165.7
82,odroid3,2.0,23.5,261.0,61.2,1.0,14.5,2.0
83,rpi-8a,113.8,62.4,478.4,215.5,162.9,179.7,439.3
84,odroid4,171.6,86.8,120.5,294.6,187.6,368.5,84.3
85,rpi-8a,47.6,77.7,305.8,248.3,27.3,48.1,193.5
86,odroid2,143.8,51.8,287.8,318.4,774.3,221.6,141.3
87,rpi-8a,177.6,294.9,283.2,258.9,66.1,788.5,217.3
88,rpi-4a,191.6,163.2,0.0,30.2,390.4,137.6,223.4
89,odroid3,25.9,52.0,425.5,2.1,191.6,1.0,150.1
90,rpi-8d,49.9,236.3,502.0,161.3,280.3,76.7,20.6
91,odroid1,36.0,1.5,300.8,2.1,175.1,155.6,148.6
92,odroid3,2.0,202.9,967.7,11.2,44.8,203.5,186.4
93,odroid1,2.0,1.5,343.5,161.5,21.5,213.6,199.5
94,odroid4,1027.1,209.1,164.5,196.1,173.0,220.2,174.2
95,odroid2,12.4,14.0,34.1,224.3,1.0,1.0,2.0
96,rpi-4a,59.7,613.6,337.8,228.5,1.0,56.4,22.1
97,odroid3,119.2,231.7,29.4,9.6,172.9,18.9,451.5
98,odroid3,112.4,561.3,23.2,278.3,14.5,236.0,156.2
99,rpi-8c,233.0,185.4,116.1,131.1,246.0,231.8,48.3
100,rpi-8d,20.3,135.4,617.1,207.3,51.8,389.7,2.0
101,rpi-4a,127.1,1.5,846.8,9.0,1.0,152.2,80.1
102,odroid4,249.0,635.1,192.9,2.1,418.8,153.2,462.0
103,rpi-8b,272.0,197.8,50.4,132.2,557.7,220.8,162.4
104,rpi-8a,200.4,67.5,1134.3,172.3,150.4,183.7,24.1
105,odroid4,147.1,299.8,37.6,62.5,1.0,215.9,209.7
106,odroid2,2.0,52.1,0.0,221.5,6.5,19.4,61.1
107,odroid4,127.0,216.0,175.0,202.2,24.9,2.7,235.6
108,odroid2,49.3,149.1,84.5,2.1,64.1,13.0,107.2
109,rpi-8d,162.2,26.9,1139.9,2.1,103.4,100.4,61.9
110,rpi-8c,210.8,215.1,354.3,4.3,46.0,202.8,412.5
111,rpi-8a,2.0,165.8,0.0,74.8,208.4,60.3,245.6
112,odroid2,34.4,1.5,1186.3,43.0,1.0,6.3,126.7
113,odroid1,136.7,175.0,184.6,251.6,185.9,208.6,64.8
114,rpi-8c,2.0,54.7,169.5,2.1,122.7,153.4,160.7
115,rpi-8a,248.3,153.0,160.5,175.1,977.9,286.1,643.7
116,rpi-8d,29.3,143.5,669.1,278.4,1.0,215.7,105.7
117,rpi-4a,117.9,103.2,0.0,319.7,97.2,144.3,29.8
118,rpi-8d,2.0,219.8,109.5,347.2,160.8,174.2,120.0
119,odroid4,2.0,82.0,76.8,1317.3,141.8,39.0,167.3
120,odroid3,142.9,162.4,205.4,1333.8,198.0,73.4,176.5
121,odroid4,140.5,44.7,130.8,202.5,8.0,164.0,97.0
122,rpi-8c,178.3,61.6,253.1,46.5,1146.0,1.0,160.3
123,odroid3,149.3,166.4,289.5,301.6,127.4,189.9,204.0
124,odroid3,145.5,170.1,49.7,340.1,47.3,1.0,209.6
125,rpi-4a,20.1,71.8,189.0,158.8,135.9,184.0,30.8
126,odroid4,230.1,426.6,235.7,2.1,291.9,162.8,192.7
127,odroid4,692.4,188.5,0.0,225.3,211.8,190.6,232.6
128,odroid1,74.2,417.0,0.0,194.3,145.4,163.6,6.4
129,rpi-8d,138.7,113.4,138.0,250.5,146.8,40.7,122.6
130,rpi-8a,234.8,66.1,283.1,2.1,206.6,226.4,33.0
131,odroid1,1248.1,93.1,0.0,148.2,159.5,159.4,11.8
132,odroid2,165.1,261.4,46.1,382.4,1.0,22.0,435.1
133,rpi-8c,117.5,182.8,12.6,18.6,42.9,219.7,91.8
134,rpi-4a,2.0,135.7,219.5,232.7,166.2,172.0,214.7
135,odroid2,276.4,279.0,105.1,114.4,284.4,86.1,158.6
136,odroid4,244.9,677.2,0.0,214.4,488.8,135.8,123.3
137,rpi-8d,2.0,215.9,877.6,45.5,1.0,1.0,28.3
138,rpi-4a,144.3,31.7,1054.9,430.2,231.5,179.8,172.7
139,rpi-4a,204.3,143.0,189.3,2.1,138.4,73.1,132.6
140,odroid3,176.4,223.4,211.4,164.9,463.5,9.2,188.1
141,odroid1,289.8,1638.5,0.0,134.8,295.9,169.5,60.3
142,odroid4,196.0,137.8,260.7,108.2,180.7,188.1,34.7
143,rpi-8b,44.3,251.3,6.3,91.5,300.0,232.2,163.9
144,rpi-8c,62.4,12.8,179.1,2.1,218.4,1.0,64.6
145,rpi-8d,11.0,158.2,210.3,986.5,1.0,148.5,49.2
146,odroid1,22.2,3.7,515.9,170.5,129.6,159.1,107.6
147,rpi-8d,14.4,157.1,99.3,122.8,184.6,44.3,116.8
148,odroid4,2.0,101.3,146.5,215.4,1.0,56.3,150.0
149,rpi-8b,161.2,198.4,24.0,2.1,282.9,221.9,240.1
150,odroid4,260.8,76.0,302.6,118.3,212.1,1.0,122.6
151,rpi-8b,788.6,314.6,0.0,174.6,329.9,403.1,209.2
152,odroid2,2.0,60.5,0.0,1682.8,205.9,41.1,94.5
153,rpi-4a,2.0,25.2,1534.4,159.3,234.5,73.4,59.1
154,rpi-4a,165.1,178.3,69.6,2.1,176.0,167.6,198.0
155,rpi-8c,226.3,256.6,1742.1,2.1,148.3,214.3,6.3
156,rpi-8c,137.3,887.3,41.0,2.1,476.9,176.5,207.1
157,odroid4,218.4,187.0,177.9,174.9,22.8,136.4,75.2
158,odroid4,189.0,204.9,37.1,181.6,152.4,224.1,47.1
159,odroid1,2.0,176.4,100.3,123.9,1.0,1.0,29.7
160,odroid2,187.4,100.2,186.8,24.5,1.0,3.1,29.9
161,rpi-8a,143.9,232.0,365.9,92.7,148.5,24.5,271.0
162,odroid3,119.4,55.1,90.5,236.1,135.2,149.0,186.5
163,odroid1,53.8,155.6,155.7,116.7,3.6,102.6,46.8
164,rpi-8c,97.9,54.3,148.9,142.6,1.0,96.6,83.8
165,odroid3,185.8,302.5,167.5,269.3,209.2,354.7,257.3
166,odroid3,2.0,1.5,1182.1,1023.5,1.0,14.1,94.7
167,odroid1,39.4,67.2,201.1,215.3,40.4,1.0,2.0
168,odroid1,31.0,85.3,258.0,169.3,1.0,42.8,38.0
169,odroid3,101.4,216.0,152.0,50.3,181.5,131.4,146.0
170,rpi-8a,35.9,43.7,287.5,638.3,1.0,346.0,25.5
171,odroid1,213.5,224.9,298.4,626.1,1.0,1.0,2.0
172,rpi-8b,29.6,1.5,268.2,77.3,242.9,111.4,73.6
173,odroid2,234.2,205.0,528.6,2.1,184.6,231.0,21.3
174,odroid2,2.0,1.5,941.9,274.6,177.2,185.2,74.0
175,rpi-8c,147.8,53.1,1175.9,154.5,217.4,125.5,37.8
176,odroid1,339.3,111.1,105.4,181.1,12.0,370.8,181.6
177,odroid4,91.8,2062.8,191.2,56.7,53.3,223.4,417.3
178,odroid4,2.0,208.1,110.9,307.5,11.0,380.3,40.9
179,rpi-8d,273.8,64.0,274.1,526.1,1.0,156.9,29.4
180,rpi-8d,262.3,1192.9,33.5,116.4,71.2,96.9,484.5
181,rpi-8a,89.7,50.5,506.0,224.4,139.7,47.1,18.7
182,rpi-4a,67.3,202.9,0.0,18.0,243.5,162.8,238.1
183,rpi-8a,45.4,116.5,1088.8,733.5,195.7,6.6,15.6
184,rpi-8b,6.1,31.5,169.0,207.0,231.4,150.7,170.8
185,odroid4,2239.3,120.3,20.4,358.0,222.4,54.9,22.6
186,odroid2,217.9,249.6,134.9,263.3,263.5,23.9,182.5
187,rpi-8b,172.7,104.8,437.4,237.7,1806.9,252.2,244.1
188,rpi-4a,2.0,91.6,0.0,1138.3,24.9,27.8,24.6
189,rpi-4a,2.0,174.9,358.0,32.0,64.5,187.5,2.0
190,odroid3,27.1,210.2,80.1,2.1,283.3,4.1,155.0
191,odroid4,37.3,101.4,949.4,244.9,161.4,146.2,83.0
192,odroid4,82.6,29.4,53.8,189.8,472.5,76.1,186.2
193,rpi-8b,180.7,148.7,87.8,267.3,159.1,15.6,50.4
194,rpi-4a,196.7,181.1,176.2,2.1,1.0,16.6,196.2
195,odroid2,2.0,118.9,892.6,139.7,48.5,1.0,66.2
196,rpi-4a,211.2,389.4,0.0,164.4,119.3,165.4,161.2
197,rpi-4a,86.0,1374.3,53.6,2.1,108.8,431.2,30.5
198,rpi-8d,2.0,51.2,112.8,220.3,1.9,256.7,2.0
199,rpi-8b,42.7,1.5,542.6,865.9,7.2,92.0,158.7
200,odroid2,161.4,42.0,1085.2,157.4,123.5,7.0,2.0
201,rpi-8c,89.5,1.5,284.3,271.3,1.0,183.5,78.3
202,odroid1,6.7,12.6,163.8,217.3,132.2,141.8,127.8
203,rpi-4a,266.1,65.5,444.6,673.5,1.0,167.0,150.7
204,rpi-8b,84.3,408.7,241.4,26.7,133.0,175.7,159.4
205,odroid1,68.3,207.6,445.9,36.9,130.9,166.5,76.3
206,odroid2,191.0,201.3,54.2,135.2,193.4,132.5,196.1
207,odroid4,2.0,348.2,88.9,134.0,3.0,1.0,179.0
208,odroid3,1252.1,245.7,102.0,42.7,47.8,50.7,190.4
209,rpi-8c,239.0,93.7,50.8,210.7,241.9,103.1,149.4
210,odroid3,264.6,1.5,257.4,50.4,204.0,29.0,2.0
211,odroid4,666.9,139.6,259.5,220.5,1.0,140.6,189.4
212,rpi-8b,182.5,232.4,132.8,225.5,140.5,159.1,92.2
213,rpi-8c,98.7,1.5,261.9,95.7,236.5,159.0,2.0
214,rpi-8c,163.0,20.5,401.0,308.3,1.0,111.6,149.4
215,odroid4,46.1,273.2,67.2,2.1,9.2,136.7,71.7
216,rpi-4a,2.0,291.1,511.8,72.1,32.6,5.8,2.0
217,rpi-8a,2.0,27.9,192.6,39.6,33.4,117.4,42.2
218,rpi-8d,97.2,31.9,11.4,246.8,218.9,34.1,173.9
219,rpi-8b,229.7,189.0,232.5,125.4,2227.1,183.5,406.5
220,rpi-8a,66.3,122.3,110.5,292.3,4.8,33.2,143.2
221,odroid4,175.0,173.2,942.6,171.7,37.5,227.3,161.9
222,rpi-8a,36.4,1.5,144.6,123.1,241.3,1.0,2.0
223,odroid3,148.5,163.6,183.5,198.4,139.6,191.2,114.7
224,rpi-4a,250.8,142.2,0.0,234.3,1.0,1.0,101.2
225,rpi-8a,1035.2,215.1,964.1,2.1,21.6,34.1,105.7
226,odroid1,164.5,123.9,148.3,135.7,120.7,120.2,137.7
227,rpi-8a,283.4,1.5,112.8,154.1,230.6,96.1,184.2
228,rpi-8a,91.2,13.0,132.3,167.1,169.9,221.9,123.3
229,odroid1,51.9,167.0,93.9,170.1,1.0,1.0,2.0
230,rpi-4a,136.1,416.7,52.1,179.9,1.0,196.6,7.6
231,odroid2,153.1,33.7,178.4,131.8,1.0,3.6,116.9
232,odroid1,135.5,2.2,227.4,2.1,169.2,164.3,232.9
233,rpi-8c,146.0,65.8,188.6,230.1,189.7,313.1,171.8
234,rpi-8b,71.2,198.1,0.0,117.9,232.7,217.7,122.1
235,odroid3,115.9,126.6,1071.1,852.4,1.0,234.7,134.8
236,odroid2,123.0,1376.1,204.0,175.7,134.1,139.2,140.0
237,rpi-8d,158.4,185.1,156.3,41.1,46.7,190.2,141.5
238,odroid1,161.2,1.5,213.0,276.3,1.0,198.4,28.1
239,rpi-8b,24.9,16.3,283.8,245.8,147.3,42.7,215.7
240,odroid4,96.4,265.4,132.9,148.8,1.0,163.4,145.1
241,rpi-8d,155.2,148.8,1477.5,608.5,224.7,437.0,413.1
242,rpi-8b,249.3,393.5,151.2,207.3,109.4,148.7,207.5
243,odroid1,158.3,137.7,147.2,229.8,143.6,122.1,98.8
244,odroid3,20.7,1.5,1366.3,371.6,13.0,1.0,21.4
245,odroid4,77.0,168.2,343.0,2.1,203.7,121.6,4.1
246,odroid2,179.6,107.5,1184.7,149.8,180.2,5.7,11.1
247,rpi-8c,153.7,221.8,237.5,187.4,164.5,223.3,116.2
248,rpi-8b,148.7,189.2,0.0,139.9,238.4,188.6,180.6
249,odroid1,249.1,222.0,199.5,2.1,204.1,63.9,141.0
250,rpi-8c,166.7,1.5,539.4,260.5,60.5,161.0,15.8
251,odroid2,2.0,119.9,953.3,71.3,181.0,2.0,201.0
252,rpi-4a,226.6,132.9,166.2,71.1,32.4,197.3,219.5
253,odroid3,54.1,10.3,1313.4,10.3,431.4,168.1,74.4
254,rpi-4a,2.0,185.6,1012.6,2.1,1.0,20.9,193.6
255,rpi-4a,2.0,126.2,1022.7,14.4,38.5,43.2,159.4
256,rpi-8d,33.7,89.8,475.1,271.6,173.8,151.3,75.9
257,odroid1,178.3,138.5,358.8,24.5,262.2,108.3,477.7
258,rpi-8c,57.8,199.7,98.3,2.1,16.5,1.0,97.8
259,rpi-8c,65.2,320.5,0.0,296.4,11.3,230.1,214.8
260,rpi-4a,42.8,182.1,173.6,236.4,362.2,129.7,39.9
261,rpi-8d,27.9,150.6,352.4,533.0,6.1,194.4,28.4
262,rpi-8a,2.0,923.5,225.1,652.4,130.4,1.0,11.1
263,odroid3,241.9,1.5,454.0,226.2,41.8,1.0,425.1
264,rpi-8d,255.6,174.3,68.2,58.5,365.7,150.7,139.4
265,rpi-8d,406.5,439.7,123.0,21.2,207.2,197.0,140.1
266,odroid4,856.2,414.9,403.3,73.6,199.5,197.8,42.1
267,rpi-8b,144.2,103.6,78.3,199.9,24.0,91.7,152.8
268,odroid1,701.4,212.9,261.8,2.1,109.9,175.5,242.1
269,rpi-8c,4.1,271.6,193.3,65.9,44.7,68.3,184.7
270,rpi-8c,2.0,203.9,74.8,432.8,200.3,203.5,185.8
271,odroid1,190.3,123.8,240.0,136.6,69.0,97.9,13.8
272,odroid3,506.8,202.2,106.1,2.1,233.1,477.0,141.3
273,rpi-8b,153.1,192.8,235.6,214.9,184.6,372.9,237.2
274,rpi-8d,158.2,203.7,289.8,160.2,136.4,155.8,157.1
275,odroid3,227.0,1.5,243.1,1227.4,185.7,124.8,52.5
276,odroid2,150.0,1.5,1086.7,595.5,95.0,1.0,122.6
277,rpi-4a,326.1,305.4,158.3,250.3,33.9,12.8,140.2
278,rpi-8c,161.6,259.7,259.0,164.9,12.4,17.7,232.6
279,odroid3,340.5,267.8,44.4,2.1,1091.8,174.4,161.2
280,rpi-8c,6.9,2.6,423.2,142.4,187.3,261.0,135.4
281,rpi-8c,124.5,65.8,159.3,191.9,438.0,43.2,177.5
282,rpi-8a,111.8,94.1,171.6,394.7,127.3,123.6,218.5
283,odroid1,159.0,27.2,187.0,156.4,37.6,1.0,347.5
284,rpi-4a,2.0,149.2,406.2,278.9,19.8,172.1,9.3
285,odroid2,2.0,1.5,124.8,194.1,232.1,1.0,15.0
286,rpi-8c,263.0,240.3,163.9,89.3,136.5,123.5,406.0
287,odroid2,2.0,160.5,374.5,2.1,58.9,179.8,19.8
288,odroid1,19.1,434.9,185.3,21.7,162.7,32.3,178.7
289,rpi-8a,2128.1,143.7,49.6,291.8,190.6,42.5,188.5
290,odroid3,117.6,124.7,171.3,221.4,182.7,67.6,245.4
291,odroid2,21.9,67.8,112.8,195.6,172.7,1.0,219.1
292,odroid2,148.4,161.5,180.2,94.7,21.5,163.3,2.0
293,odroid3,194.1,94.3,0.0,61.4,136.8,1.0,2.0
294,rpi-8c,398.4,187.7,64.3,61.7,146.5,198.7,54.7
295,odroid2,121.5,407.2,579.1,2.1,202.1,240.5,154.4
296,odroid1,197.4,73.9,87.7,260.7,180.6,219.9,167.7
297,rpi-8d,167.7,159.1,286.2,192.6,155.6,198.0,332.9
298,rpi-4a,158.9,182.6,54.1,161.2,90.2,206.7,206.7
299,rpi-4a,88.3,1.5,212.6,363.3,104.1,11.1,143.4
300,rpi-8a,37.2,41.2,150.9,628.1,202.8,2.4,71.1
301,rpi-8a,2.0,245.3,1240.6,98.4,34.0,25.7,238.3
302,odroid2,415.0,135.9,157.0,2.1,58.7,1.0,41.4
303,rpi-4a,269.7,361.4,189.8,2.1,118.1,89.1,33.5
304,rpi-8a,191.9,164.6,215.2,223.5,282.4,198.8,397.7
305,odroid2,137.2,110.2,119.2,227.8,1.0,92.2,2.0
306,rpi-8b,27.8,273.5,365.1,215.6,192.7,178.9,82.8
307,rpi-8d,167.8,103.1,129.6,2.1,129.8,480.7,136.5
308,odroid3,222.1,1.5,153.2,117.2,168.2,177.6,42.4
309,rpi-8d,28.6,182.9,113.4,65.0,225.4,163.6,194.5
310,rpi-8d,2.0,402.8,1019.1,148.6,177.9,50.5,162.1
311,rpi-8a,210.6,188.8,72.8,251.1,218.0,54.3,154.1
312,odroid2,180.0,238.5,276.3,2.1,127.1,128.0,34.1
313,rpi-8d,5.1,117.4,271.0,152.6,1.0,357.4,131.6
314,rpi-8c,156.6,163.5,200.9,174.3,146.3,212.8,16.1
315,rpi-8b,69.9,251.7,154.9,149.5,225.8,99.0,73.5
316,rpi-8a,186.2,198.3,386.8,186.7,82.7,1.0,211.9
317,rpi-8b,203.7,94.5,7.4,253.5,252.1,191.3,185.6
318,rpi-8c,190.5,11.9,484.0,173.8,133.3,112.1,87.5
319,odroid4,98.8,176.7,234.0,187.6,137.9,167.9,470.7
320,rpi-4a,300.3,83.7,398.2,132.1,249.8,202.0,260.2
321,rpi-8d,186.0,196.8,0.0,192.0,400.4,195.2,178.9
322,odroid4,276.4,490.0,0.0,2.1,224.2,156.9,57.5
323,rpi-8b,262.9,144.7,179.4,2.1,1333.1,70.7,83.3
324,rpi-8b,295.1,48.8,235.8,431.9,7.2,174.5,258.2
325,rpi-8c,2.0,193.3,224.5,446.4,24.2,160.7,2.0
326,odroid3,123.8,1.5,1041.3,524.3,279.7,69.3,158.5
327,rpi-4a,2.0,1.5,246.4,30.3,1.0,24.0,113.5
328,rpi-4a,206.7,177.7,235.0,18.9,138.7,211.8,33.7
329,rpi-8d,2.0,297.4,150.8,178.6,136.2,266.3,203.3
330,rpi-8a,47.6,1.5,675.2,377.5,292.9,1.0,5.6
331,rpi-8c,17.4,181.7,201.4,90.2,29.2,1.0,2.0
332,odroid1,41.7,217.3,961.9,36.9,69.2,331.7,52.3
333,odroid4,111.9,145.7,101.4,174.0,301.7,8.9,224.8
334,rpi-8d,144.3,446.3,166.6,259.7,60.0,157.4,84.3
335,odroid1,145.1,155.0,143.3,128.5,170.1,10.8,148.4
336,odroid4,7.4,193.6,27.8,58.5,203.8,42.8,13.5
337,odroid1,98.5,206.3,150.1,182.6,45.4,199.5,263.3
338,rpi-4a,25.9,143.8,1147.3,215.8,1.0,115.4,305.1
339,rpi-8a,65.3,226.8,89.3,229.5,221.3,104.1,305.5
340,rpi-8b,110.7,224.4,142.7,591.5,179.3,176.6,214.3
341,rpi-8b,152.5,1789.1,0.0,149.2,157.9,127.2,196.6
342,odroid3,9.4,138.8,196.5,177.9,1.0,29.5,2.0
343,odroid3,214.5,1525.2,132.3,213.3,206.4,141.1,238.8
344,rpi-4a,214.7,1.5,327.3,226.5,1.0,64.4,162.6
345,odroid1,45.2,89.7,119.0,57.1,228.2,1.0,86.9
346,rpi-8c,19.8,292.4,229.1,218.5,113.3,197.0,195.1
347,rpi-8a,3.3,220.7,166.1,306.5,168.4,186.3,422.9
348,odroid1,223.6,216.5,1251.8,262.2,1.0,3.3,140.4
349,rpi-8d,206.4,1.5,245.8,196.9,107.0,43.7,171.0
350,odroid3,139.2,38.8,210.1,26.8,118.6,10.1,371.6
351,rpi-8b,400.4,237.4,242.5,230.5,119.9,163.8,157.9
352,rpi-8c,554.6,230.8,174.8,1029.1,49.8,407.2,108.2
353,odroid4,2.0,67.3,172.4,2.1,114.9,1.0,89.9
354,rpi-8c,88.3,1.5,1140.4,65.1,259.4,160.3,141.0
355,rpi-4a,162.8,1.5,164.9,120.7,58.0,321.3,182.4
356,odroid2,4.1,12.2,42.7,192.8,116.7,189.9,26.1
357,odroid2,138.9,277.8,228.1,81.1,203.1,231.0,47.9
358,rpi-8d,27.6,74.9,176.6,1448.9,99.1,1.0,162.3
359,rpi-8c,235.7,105.4,129.9,74.4,783.7,433.2,167.0
360,odroid4,2.0,264.0,259.7,198.4,1.0,33.0,28.4
361,rpi-4a,249.1,139.0,159.4,11.8,171.4,1.0,13.4
362,odroid1,239.1,74.9,98.9,218.3,166.3,1.0,452.0
363,odroid1,175.4,169.9,14.2,941.8,2.6,1.0,2.0
364,rpi-8c,86.7,170.0,121.9,96.5,203.6,211.8,253.3
365,rpi-8d,14.1,118.0,1106.2,187.1,158.6,62.8,160.9
366,odroid1,2.0,660.5,1928.5,2.1,199.7,232.3,474.1
367,odroid3,432.2,476.1,73.3,156.0,10.6,358.3,37.7
368,rpi-8d,184.2,42.6,923.4,136.9,148.9,212.6,76.8
369,odroid3,172.3,313.7,205.9,88.8,65.6,303.4,209.4
370,odroid1,10.3,50.1,315.3,614.2,162.3,81.3,207.4
371,rpi-8c,2.0,215.0,941.5,2.1,178.5,208.0,51.5
372,rpi-8a,222.6,194.0,124.6,838.4,249.5,22.8,406.3
373,odroid4,24.8,151.9,0.0,94.6,142.2,447.3,202.2
374,odroid2,2.0,357.2,128.7,89.3,105.8,209.6,6.6
375,odroid4,216.8,133.5,107.4,1513.6,192.8,211.4,121.2
376,rpi-4a,165.3,82.8,1274.5,28.2,210.3,244.6,155.5
377,rpi-8c,282.2,142.0,1570.9,123.3,26.8,333.0,182.8
378,rpi-8d,79.2,152.0,267.3,199.9,1.0,1.0,213.5
379,odroid2,80.3,217.7,0.0,227.8,126.5,1.0,83.9
380,odroid1,163.9,268.5,189.8,188.8,2.8,180.8,110.6
381,odroid2,210.5,179.1,153.2,135.4,241.4,285.1,163.4
382,odroid1,121.1,1.5,137.4,809.7,201.3,205.9,92.7
383,rpi-8b,2.0,77.3,642.5,216.7,187.4,198.1,197.8
384,odroid1,2.0,58.7,217.2,211.6,168.5,1.0,27.2
385,rpi-8d,1488.6,203.0,159.6,81.4,238.0,1860.2,185.0
386,rpi-8b,101.4,103.2,133.5,305.0,214.2,223.0,159.0
387,rpi-8d,2.0,1.5,248.3,627.2,17.9,64.0,46.9
388,odroid2,83.9,213.6,189.7,46.7,218.9,175.6,113.6
389,rpi-8c,218.7,139.8,12.1,160.2,185.2,197.5,26.3
390,odroid4,171.2,130.2,4.0,213.1,1.0,197.5,2.0
391,odroid2,143.0,131.5,152.7,12.5,198.2,141.9,144.2
392,rpi-8c,2.0,145.2,260.9,399.6,1.0,126.0,118.6
393,rpi-8d,187.6,232.3,86.8,73.5,55.2,102.3,155.2
394,rpi-8b,26.9,222.4,179.4,728.5,217.9,371.3,1247.5
395,rpi-8d,172.0,138.6,0.0,76.4,359.5,37.5,264.1
396,odroid3,52.9,186.7,0.0,229.6,1.0,182.5,38.9
397,rpi-4a,17.2,1.5,56.4,132.5,101.7,1.0,99.2
398,odroid4,68.5,177.9,155.0,178.3,159.9,30.8,2.0
399,odroid4,167.5,463.2,686.0,2.1,1.0,160.0,24.0
400,rpi-8c,200.1,148.8,135.8,162.6,403.0,200.8,192.5
401,rpi-8b,5.5,151.6,229.5,182.6,205.4,27.8,156.8
402,odroid3,51.7,5.8,135.2,1016.9,106.8,12.6,2.0
403,rpi-8a,50.6,298.0,67.3,111.4,8.8,264.8,93.4
404,rpi-4a,173.8,48.8,130.5,201.6,80.0,108.9,67.1
405,rpi-4a,2.0,1871.9,282.6,36.4,186.5,215.4,37.2
406,rpi-8d,2.3,66.5,44.7,352.9,220.3,6.5,2.0
407,rpi-8c,143.6,193.7,346.6,165.1,246.2,173.1,178.7
408,rpi-8d,166.6,176.8,287.1,100.4,167.4,205.7,354.3
409,rpi-8a,254.4,191.0,261.6,146.4,117.6,208.8,69.9
410,rpi-4a,244.0,247.0,132.8,83.0,496.5,236.7,455.8
411,odroid3,129.8,245.7,0.0,106.7,156.7,192.3,2.5
412,odroid4,36.7,197.4,1888.2,202.3,1.0,344.1,137.5
413,odroid4,2.0,34.6,276.4,118.4,8.4,1.0,184.6
414,odroid2,117.1,159.4,0.0,43.8,197.4,41.2,42.9
415,odroid3,209.6,163.3,146.8,128.0,417.3,190.5,211.7
416,odroid3,173.8,1025.5,211.2,2.1,136.0,1.0,2.0
417,odroid2,268.5,6.3,85.2,1027.7,183.0,172.0,201.2
418,odroid1,49.1,119.1,98.5,1449.5,1.0,38.9,2.0
419,odroid3,289.7,218.0,0.0,146.6,209.1,161.9,198.6
420,odroid3,68.6,361.4,22.4,96.3,85.4,192.2,55.5
421,rpi-4a,141.5,167.5,233.9,56.2,174.5,106.7,10.3
422,rpi-8c,1272.0,130.9,107.7,82.8,259.5,164.0,188.4
423,rpi-8a,143.4,185.1,1030.1,2.1,150.1,159.0,508.8
424,rpi-8d,200.7,85.5,189.7,137.8,195.9,456.9,216.6
425,odroid4,185.4,218.0,0.0,2.1,1544.1,204.8,227.2
426,odroid4,490.8,54.5,205.4,133.9,208.9,142.0,76.3
427,rpi-8a,2.7,323.7,255.1,137.5,110.0,35.1,2.0
428,rpi-8c,203.6,1690.5,92.4,9.2,215.1,193.1,251.3
429,odroid2,129.7,147.8,275.0,108.7,170.6,271.5,32.6
430,odroid1,175.8,1375.0,114.7,35.7,417.6,184.2,234.2
431,odroid4,59.4,169.9,76.0,88.1,189.5,1.0,2.0
432,odroid3,228.2,186.2,10.7,185.4,9.0,8.6,239.4
433,odroid1,14.4,263.8,497.5,482.5,27.8,23.4,129.1
434,rpi-8c,176.6,30.7,0.0,164.5,148.8,275.8,213.9
435,odroid3,83.6,1352.0,0.0,233.9,74.4,132.3,177.7
436,rpi-8c,87.7,1.5,554.2,133.3,1.0,30.6,139.0
437,rpi-8d,7.7,1.5,180.3,172.5,80.3,24.3,167.0
438,rpi-8a,386.5,305.5,18.1,272.3,8.5,44.8,203.4
439,odroid2,124.8,165.7,200.2,108.0,1.0,15.7,2.0
440,odroid1,82.6,203.3,1256.3,2.1,425.1,202.3,152.9
441,odroid4,10.1,90.2,605.1,36.5,436.5,189.5,55.2
442,odroid4,1075.4,255.4,247.3,2.1,241.0,209.4,74.3
443,odroid2,122.5,279.9,30.2,422.7,1.0,222.5,79.5
444,rpi-8d,2.0,240.3,179.5,261.0,178.4,141.0,263.3
445,rpi-8b,10.3,161.2,342.7,340.7,173.5,25.8,18.4
446,odroid3,23.9,63.0,17.9,32.9,178.9,15.2,189.8
447,odroid2,2.3,160.2,541.4,49.5,59.1,135.1,161.7
448,rpi-8c,204.8,184.8,25.2,211.3,241.5,38.4,8.6
449,rpi-8d,27.0,249.0,191.4,358.3,128.9,45.9,237.0
450,rpi-8a,127.0,1758.3,92.4,229.5,193.8,442.8,51.8
451,rpi-8d,2.0,128.6,177.7,163.8,87.9,172.6,139.1
452,rpi-4a,184.1,204.7,107.8,263.2,136.2,222.1,211.1
453,odroid1,2.0,67.5,942.6,4.5,1.0,146.4,2.0
454,odroid2,26.6,38.1,760.7,198.8,20.6,1.0,2.0
455,rpi-4a,31.9,174.3,574.2,1410.6,9.4,1.0,113.0
456,odroid1,204.7,1.5,209.3,453.8,152.3,119.4,22.5
457,rpi-8a,82.3,74.9,81.6,177.1,2.5,1.0,73.4
458,rpi-4a,15.1,157.9,125.0,170.1,1.0,190.6,2.0
459,rpi-8c,130.2,259.1,153.3,93.1,195.8,158.5,246.8
460,odroid4,8.3,138.7,5.2,232.9,1.0,138.2,2.0
461,odroid1,124.9,195.6,175.1,33.3,58.5,270.3,204.4
462,rpi-8b,2.0,198.1,150.2,184.9,47.8,18.3,43.5
463,rpi-8c,1499.1,43.4,0.0,224.8,378.0,565.2,82.0
464,odroid1,410.1,136.7,106.5,32.4,70.6,219.0,183.8
465,odroid3,159.4,185.8,5.4,135.6,238.4,152.2,227.8
466,odroid1,187.0,58.1,57.0,208.6,158.0,188.8,167.2
467,rpi-8d,168.3,232.1,228.2,147.5,94.7,11.7,42.4
468,rpi-8b,465.0,222.3,130.9,116.7,154.8,211.9,183.0
469,odroid2,229.4,639.3,151.1,147.6,19.5,151.4,202.2
470,rpi-4a,158.7,1.5,167.6,292.8,375.3,127.4,167.9
471,odroid4,209.2,168.9,389.4,100.9,68.2,47.0,55.7
472,odroid1,2.0,419.1,180.9,35.8,179.6,166.0,201.3
473,odroid4,2.0,203.5,170.1,192.6,19.2,186.7,165.5
474,odroid2,123.8,1.5,1330.5,267.8,1.0,192.1,5.9
475,odroid2,2.0,192.2,462.8,5.7,130.8,13.8,199.1
476,odroid4,87.2,179.7,174.0,168.7,114.9,196.7,104.1
477,rpi-8c,226.2,457.5,71.2,188.1,255.4,45.8,34.4
478,rpi-8b,32.0,1.5,644.9,170.3,243.8,183.3,175.0
479,odroid2,135.2,195.4,458.6,653.0,175.0,194.2,345.8
480,odroid1,4.2,1.5,961.4,250.7,136.5,140.1,39.1
481,rpi-4a,2.0,524.2,380.1,33.1,1.0,9.4,2.0
482,rpi-4a,74.4,1.5,262.7,397.3,187.8,94.9,219.2
483,rpi-8b,42.9,1.5,174.7,353.6,179.8,240.8,216.9
484,rpi-8b,169.1,32.3,182.7,2072.8,137.0,185.8,200.4
485,odroid4,34.2,160.2,91.5,120.2,133.0,1.0,56.8
486,rpi-8d,78.7,17.4,154.2,178.8,98.4,23.8,143.0
487,odroid1,20.6,225.2,222.7,273.6,1.0,131.5,113.7
488,rpi-4a,20.0,1.5,295.1,287.9,160.4,1.0,56.7
489,odroid4,234.5,1.5,464.9,55.3,52.5,1.0,64.9
490,rpi-8c,5.9,177.9,124.0,168.7,4.2,217.3,119.2
491,rpi-8d,146.7,15.1,208.2,306.8,228.1,31.5,305.9
492,odroid2,144.2,1.5,322.0,150.2,169.7,6.6,2.0
493,rpi-4a,87.9,254.2,162.9,429.7,47.0,146.7,122.1
494,odroid3,115.1,168.7,34.6,169.2,161.8,206.1,20.8
495,rpi-4a,190.7,120.1,0.0,466.7,148.4,203.5,416.2
496,odroid1,45.6,1.5,0.0,14.7,158.9,180.8,2.0
497,rpi-8c,2451.1,248.6,102.7,39.9,193.1,2299.2,126.2
498,rpi-8b,1246.7,243.6,163.0,2.1,57.8,236.9,137.6
499,rpi-8d,2.0,82.0,192.1,176.6,206.1,3.0,186.5
500,rpi-8a,243.6,197.0,967.6,134.0,213.6,212.5,74.0
501,odroid2,166.7,141.4,168.0,42.4,472.8,129.8,102.6
502,rpi-8c,164.2,155.8,112.9,228.5,189.4,108.7,124.2
503,odroid3,2.0,1.5,162.7,106.5,170.3,1.0,2.0
504,odroid1,127.6,184.0,1514.1,94.4,76.1,226.0,201.9
505,rpi-8a,429.6,1785.9,59.1,2.1,199.8,1956.6,326.9
506,rpi-8a,176.5,82.5,87.4,2.1,61.5,1.0,32.1
507,odroid2,150.4,121.7,130.9,93.2,103.4,354.8,167.6
508,rpi-8a,2.0,26.7,2090.6,334.5,1.0,119.2,144.1
509,odroid1,113.3,1376.2,30.7,209.8,153.1,206.2,147.8
510,odroid2,169.7,287.1,501.5,2.1,270.9,139.1,237.7
511,odroid1,268.3,164.7,0.0,175.3,211.7,201.0,28.9
512,rpi-4a,224.7,152.9,454.1,202.2,22.7,57.9,173.0
513,rpi-8b,146.1,218.2,129.0,58.8,186.4,120.3,179.0
514,rpi-4a,30.4,1.5,161.4,473.9,126.7,128.9,156.3
515,odroid3,511.0,470.0,203.7,19.7,267.0,180.8,165.1
516,rpi-8d,160.6,163.5,214.8,164.8,355.8,198.4,45.1
517,odroid3,124.7,152.5,156.0,2.1,147.3,41.3,194.3
518,odroid1,181.6,1.5,193.1,13.1,1.0,42.3,26.7
519,odroid3,29.4,219.3,209.2,25.1,113.5,1.0,193.2
520,odroid2,774.0,492.1,101.9,442.9,168.1,291.8,113.1
521,odroid1,59.8,58.9,268.6,195.9,38.9,1.0,243.5
522,odroid2,205.4,60.5,145.1,2.1,95.2,9.9,201.9
523,rpi-4a,29.5,237.5,82.0,303.5,128.9,122.9,248.9
524,rpi-8d,2.0,208.8,25.8,1028.5,124.8,158.6,8.2
525,rpi-8a,314.9,64.8,104.2,169.7,242.6,207.3,50.4
526,rpi-4a,167.2,448.2,7.2,83.6,141.8,63.1,416.4
527,odroid4,13.2,262.4,1351.7,2.1,1.0,154.3,197.6
528,rpi-4a,87.2,125.2,202.7,60.6,37.4,111.7,42.9
529,rpi-8a,332.8,203.4,62.0,17.9,419.8,170.1,144.5
530,odroid1,2.0,433.9,214.0,2.1,23.3,182.6,208.2
531,odroid1,117.3,221.8,187.1,2.1,592.4,189.9,17.6
532,rpi-4a,122.5,134.2,1083.2,7.4,1.0,101.1,226.6
533,odroid2,199.4,1.5,290.7,257.3,62.8,1.0,2.0
534,odroid4,2.0,95.7,255.5,1190.6,195.6,81.0,48.5
535,rpi-8c,240.1,251.8,0.0,184.3,218.7,196.7,121.5
536,odroid3,2.0,152.2,237.1,69.3,198.5,186.5,414.8
537,rpi-8d,105.4,14.7,987.9,116.3,40.5,34.4,145.8
538,rpi-8b,87.6,169.3,174.4,240.1,24.5,150.8,146.3
539,rpi-8a,200.7,139.3,442.1,109.5,33.8,20.0,73.1
540,odroid3,459.6,263.5,143.6,109.5,262.3,182.9,191.2
541,rpi-8d,2.0,1.5,39.7,230.9,195.3,13.3,248.5
542,odroid1,190.1,86.7,69.6,41.3,151.1,137.3,113.4
543,odroid4,61.1,543.7,120.3,146.3,1.0,21.1,2.0
544,rpi-8c,157.1,589.3,127.8,26.8,404.8,220.4,188.8
545,rpi-4a,38.3,184.2,168.1,131.0,28.4,49.6,180.8
546,rpi-4a,2.0,269.6,127.3,2.1,49.2,186.2,355.5
547,rpi-4a,34.4,193.2,1109.5,193.3,85.6,170.9,241.5
548,rpi-4a,81.1,157.5,262.2,42.9,232.8,129.2,224.3
549,odroid2,60.9,83.4,237.9,19.5,15.5,125.9,142.4
550,odroid4,2.0,205.9,188.9,4.6,46.0,203.3,173.5
551,rpi-8a,7.0,102.8,252.9,112.2,211.7,136.0,160.3
552,rpi-8c,150.9,155.9,273.9,194.9,123.1,9.3,106.0
553,rpi-8d,255.3,113.6,0.0,282.5,202.8,21.3,376.1
554,odroid2,216.5,254.8,137.6,217.5,25.2,158.0,150.5
555,rpi-8a,752.1,229.8,0.0,123.1,182.5,220.4,162.9
556,odroid2,208.6,1680.5,62.4,2.1,188.2,284.2,530.7
557,odroid4,203.4,486.2,23.0,5.0,228.3,397.0,471.0
558,rpi-8a,152.8,127.4,131.6,165.8,65.9,211.6,259.2
559,rpi-4a,158.1,403.5,171.2,149.0,1.0,119.2,394.4
560,rpi-8a,144.3,126.6,754.4,105.1,233.8,188.5,421.1
561,odroid2,79.3,130.7,114.3,92.6,1.0,83.0,115.3
562,odroid2,196.2,168.8,48.9,171.1,137.3,220.8,193.9
563,odroid3,206.2,487.2,0.0,91.1,185.0,187.8,446.1
564,rpi-8b,201.9,1.5,557.7,462.6,176.2,13.1,68.6
565,rpi-8d,184.0,57.8,187.2,2.1,513.2,197.2,112.3
566,odroid2,2.0,33.7,1203.9,203.3,78.7,27.2,180.6
567,odroid1,53.6,201.9,123.8,190.5,1.0,45.5,2.0
568,rpi-4a,2.0,111.7,213.8,457.1,1.0,13.5,127.1
569,odroid1,1583.6,1351.4,38.3,160.8,192.4,462.5,428.7
570,rpi-4a,182.3,87.4,153.2,273.9,160.7,1.0,89.3
571,rpi-8d,196.9,131.0,296.9,142.4,248.3,420.7,398.1
572,rpi-8d,69.2,395.4,103.1,512.5,55.1,26.1,179.3
573,rpi-8b,375.2,185.6,121.7,217.2,215.2,213.2,175.7
574,rpi-8b,199.9,120.7,30.9,196.6,256.0,169.0,173.9
575,odroid1,67.0,148.7,1917.2,2.1,160.6,464.1,138.5
576,rpi-8c,109.4,32.3,309.1,224.8,15.7,1.0,2.0
577,odroid1,193.8,32.5,143.6,393.6,170.2,28.6,152.8
578,rpi-8d,164.3,2.7,232.4,184.5,285.4,1.0,183.5
579,rpi-8d,220.0,202.6,77.9,668.2,162.3,154.9,202.5
580,odroid4,132.8,127.0,133.6,367.1,44.9,1.0,2.0
581,rpi-8d,331.8,1.5,213.8,609.6,7.3,80.7,203.4
582,odroid3,496.0,220.9,122.7,268.4,150.4,143.3,188.5
583,rpi-8d,147.0,177.7,185.8,240.1,51.9,232.9,146.5
584,odroid2,2.0,333.5,211.1,2.1,216.6,73.4,140.2
585,rpi-8c,130.0,361.0,183.7,2.1,326.4,222.4,167.3
586,odroid4,36.0,94.3,641.5,95.4,1.0,187.1,269.5
587,odroid4,32.7,45.4,121.0,2.1,35.4,1.0,54.1
588,odroid2,131.8,1.5,172.8,193.4,43.8,1.0,126.1
589,rpi-8d,360.3,425.3,0.0,104.2,122.2,416.9,238.5
590,rpi-8d,61.0,25.1,128.0,461.9,22.4,157.6,178.0
591,rpi-8d,150.6,12.2,225.6,106.8,39.0,165.7,29.5
592,rpi-8b,8.2,1.5,165.4,218.3,76.8,161.9,176.5
593,rpi-8d,154.3,246.9,25.8,254.4,22.1,530.7,232.7
594,odroid3,212.2,265.0,133.8,6.2,415.5,205.3,96.8
595,odroid1,201.5,285.2,23.2,247.9,15.7,184.9,110.6
596,odroid4,135.8,36.9,14.2,77.8,46.6,154.6,2.0
597,odroid3,122.7,255.3,199.3,179.2,33.0,211.9,234.8
598,odroid3,5.3,1.5,102.1,186.4,1.0,7.6,17.3
599,rpi-8b,94.6,146.4,132.8,226.2,200.6,200.0,235.4
600,odroid2,56.3,130.6,284.0,490.8,1.0,18.8,2.0
601,odroid1,167.9,396.4,115.7,138.2,179.7,143.1,220.4
602,odroid2,7.9,7.9,1324.3,193.9,1.0,30.5,30.1
603,odroid3,174.4,3.8,765.4,107.8,252.8,133.4,68.9
604,odroid4,454.8,1.5,12.3,139.3,144.5,218.9,115.8
605,rpi-4a,2.0,1.5,223.7,39.1,169.4,1.0,58.7
606,odroid4,178.1,187.7,256.3,7.6,201.4,187.3,50.4
607,odroid2,210.0,1.5,145.1,10.0,14.8,144.6,4.9
608,odroid4,25.3,50.6,1870.9,124.9,1.0,186.7,93.2
609,odroid4,132.9,222.7,727.8,151.7,475.3,83.9,176.1
610,odroid3,178.2,162.3,181.7,230.7,171.3,365.7,153.7
611,odroid3,57.9,161.8,752.8,1431.1,166.8,341.6,115.6
612,odroid1,92.5,176.6,1114.1,5.8,18.4,52.5,145.8
613,rpi-8a,222.0,260.2,522.7,2.1,606.3,356.8,190.4
614,rpi-8a,104.4,178.7,136.4,105.0,153.9,7.9,46.0
615,odroid4,132.6,181.2,190.2,125.3,102.1,74.1,226.1
616,odroid4,6.0,1.5,128.1,630.9,50.0,1.0,104.7
617,odroid1,23.8,49.0,650.7,465.9,40.1,47.5,2.0
618,odroid2,59.3,1.5,423.3,121.4,247.1,123.8,206.2
619,rpi-8b,139.3,147.8,0.0,242.2,202.6,140.3,428.8
620,odroid4,1930.5,388.8,0.0,133.1,166.0,158.1,665.9
621,odroid1,281.6,285.0,1001.4,30.3,464.7,168.5,227.0
622,rpi-8a,191.5,1518.0,50.0,49.0,396.0,134.1,152.2
623,rpi-8d,202.3,224.0,126.7,169.7,237.2,227.5,237.3
624,odroid2,840.0,205.6,0.0,31.6,258.9,191.3,209.8
625,odroid4,139.0,85.4,305.9,112.8,142.9,16.0,155.6
626,odroid1,9.8,471.5,130.2,167.2,204.3,173.7,2.0
627,rpi-4a,67.4,155.8,951.9,152.8,139.2,174.8,182.4
628,odroid1,302.8,149.7,117.7,179.0,168.3,127.0,2.0
629,odroid2,2.0,50.0,683.4,433.0,140.8,18.9,206.9
630,rpi-8d,2.0,18.3,91.3,481.9,131.9,3.6,2.0
631,odroid3,2.0,244.5,182.2,963.4,15.1,120.6,7.5
632,odroid1,310.6,210.4,0.0,14.5,85.5,210.3,172.5
633,odroid4,29.0,178.3,171.6,267.1,103.7,165.9,142.7
634,rpi-8c,219.2,60.5,170.3,328.6,192.3,75.2,193.8
635,odroid1,281.7,119.7,203.9,125.2,227.7,171.7,406.2
636,odroid2,825.7,45.3,307.0,2.1,173.8,150.2,13.6
637,rpi-8c,402.7,71.5,27.7,879.8,6.4,205.3,80.2
638,rpi-8c,150.6,133.5,196.6,894.2,166.9,57.6,169.6
639,rpi-4a,115.5,229.2,127.5,6.0,182.3,1.0,201.5
640,odroid2,480.7,1092.9,0.0,863.6,32.2,206.8,30.7
641,odroid2,1780.0,223.2,34.5,156.2,49.1,18.4,2.0
642,odroid3,258.1,106.9,81.7,400.5,325.9,1908.4,205.0
643,odroid1,109.8,301.8,421.3,110.6,148.4,848.0,138.6
644,odroid4,171.4,79.3,229.0,119.3,1.0,26.3,2.0
645,rpi-4a,104.6,14.5,57.8,256.9,211.5,128.0,121.9
646,rpi-4a,68.0,452.2,0.0,2.1,173.1,1.0,20.3
647,odroid1,2.0,1.5,1576.5,2.1,116.4,140.1,94.5
648,odroid1,35.0,6.4,594.0,170.1,223.4,348.7,161.7
649,odroid2,44.3,128.5,601.0,779.5,1.0,1.0,2.0
650,rpi-8d,796.0,187.2,77.7,1366.2,219.4,443.7,404.5
651,rpi-4a,49.2,199.4,151.5,43.8,1.0,201.9,2.0
652,rpi-8b,24.2,17.1,1375.5,182.0,25.9,42.1,184.7
653,rpi-8a,17.5,361.1,1259.0,174.5,145.1,1.0,463.4
654,odroid4,211.2,46.2,1.9,851.5,134.2,245.5,45.4
655,odroid1,2.0,1.5,43.0,399.5,46.5,1.0,19.8
656,rpi-8c,176.2,93.9,370.5,274.3,224.9,430.7,132.7
657,odroid4,2.0,210.5,184.4,1081.4,5.1,210.9,399.7
658,odroid4,176.4,1.5,254.9,164.8,221.6,242.5,228.1
659,odroid4,178.4,229.0,440.8,64.2,247.3,184.7,232.3
660,rpi-8b,193.9,232.2,199.0,63.5,89.4,417.2,181.8
661,rpi-8d,145.1,469.0,38.5,110.9,220.7,216.6,130.5
662,odroid4,210.4,120.8,579.5,2.1,144.0,133.7,24.1
663,odroid3,30.9,135.6,172.0,112.4,180.9,202.5,155.7
664,rpi-4a,62.0,187.4,106.2,187.3,49.0,144.0,200.8
665,rpi-8b,91.8,161.4,1205.7,10.5,186.5,221.1,72.2
666,rpi-8b,275.5,2575.5,0.0,2.1,422.1,23.1,139.3
667,odroid1,74.7,377.3,155.4,184.1,146.9,1.0,199.3
668,rpi-8a,97.5,86.2,34.6,214.5,199.4,1.0,176.6
669,odroid2,71.2,255.9,19.5,148.5,463.4,1.0,409.0
670,odroid1,60.9,175.6,296.4,214.1,115.7,203.8,199.5
671,rpi-8a,256.5,216.8,116.1,31.8,2087.1,1617.8,264.7
672,odroid2,52.6,1.5,127.3,223.1,180.8,1.0,2.0
673,rpi-8b,124.9,1.5,106.3,254.8,206.5,176.2,654.4
674,odroid3,51.2,107.4,123.2,50.7,51.3,247.9,171.5
675,rpi-8d,2.0,5.9,299.4,640.1,205.5,155.0,436.8
676,odroid4,157.1,61.8,354.1,185.5,147.6,163.0,452.1
677,odroid4,7.2,75.2,243.3,169.7,158.0,174.4,3.6
678,rpi-8b,353.7,4.5,124.0,220.9,446.8,416.2,119.3
679,odroid2,161.1,220.3,210.8,22.7,47.7,1.0,191.7
680,odroid1,2.0,1.5,490.3,118.4,1.0,47.5,65.9
681,rpi-8b,2.0,57.9,236.7,178.1,133.4,6.0,2.0
682,odroid1,159.1,150.8,0.0,1322.4,126.1,123.8,21.2
683,odroid3,148.2,246.9,260.2,218.3,172.0,19.6,47.9
684,odroid4,111.4,146.6,240.5,8.0,255.6,170.9,181.2
685,odroid1,82.2,98.1,1639.2,2.1,192.5,185.8,176.5
686,rpi-8b,120.0,22.1,0.0,189.8,230.8,50.4,181.9
687,odroid1,323.1,131.4,125.2,26.3,161.6,1.0,26.5
688,rpi-8a,106.9,57.4,493.5,627.8,37.3,1.0,176.7
689,rpi-8d,292.6,1.5,915.2,307.0,172.0,34.6,153.0
690,rpi-4a,2.0,99.9,200.9,239.2,1.0,1.0,24.7
691,rpi-4a,156.2,94.0,240.1,124.5,151.6,193.1,121.8
692,odroid2,161.2,205.4,111.9,48.6,115.1,1.0,113.5
693,odroid4,199.0,222.2,241.2,60.0,179.8,200.1,385.6
694,rpi-8c,201.9,66.9,290.3,127.4,91.6,220.7,206.7
695,rpi-8c,147.9,148.0,0.0,79.0,160.3,136.8,106.9
696,rpi-8a,45.0,297.2,215.5,145.7,157.9,27.8,56.9
697,odroid2,55.5,31.1,172.9,154.4,76.2,72.3,44.5
698,odroid4,103.8,702.2,148.1,69.9,248.0,47.9,198.6
699,odroid3,22.6,18.0,274.1,141.2,127.6,1.0,127.1
700,rpi-4a,63.0,39.3,868.9,1578.1,1.0,154.5,149.7
701,rpi-8a,41.9,9.2,175.5,1520.6,42.0,33.3,157.7
702,rpi-8c,146.0,487.0,186.9,19.6,194.5,167.6,2.0
703,rpi-4a,139.0,1990.8,106.1,148.4,62.5,217.3,242.2
704,rpi-8b,22.8,177.6,0.0,102.9,168.7,124.7,176.9
705,rpi-8c,328.0,444.6,148.0,610.1,162.6,205.1,68.8
706,odroid1,16.0,55.6,1258.3,77.8,172.1,1.0,179.0
707,odroid4,2.0,220.6,208.3,75.3,44.4,1.0,2.0
708,rpi-8b,154.0,177.0,166.8,58.3,479.2,3.4,200.7
709,rpi-4a,129.4,1.5,127.4,128.5,132.0,1.0,182.7
710,rpi-8b,249.1,1.5,156.4,779.5,194.3,210.2,165.4
711,rpi-8a,126.2,294.5,448.9,171.5,223.6,64.2,221.1
712,odroid3,2.0,1.5,1843.0,968.5,212.0,182.6,455.1
713,rpi-4a,206.6,319.4,224.4,2.1,176.0,196.3,172.7
714,odroid4,21.2,1.5,490.7,189.0,163.5,196.0,217.0
715,odroid1,119.5,62.1,372.0,256.0,206.2,28.4,28.3
716,odroid4,229.5,235.4,0.0,222.0,360.2,180.8,168.0
717,odroid2,247.0,261.7,96.5,191.5,1.0,35.8,39.6
718,odroid3,208.5,864.9,101.6,120.1,63.1,206.5,143.0
719,odroid4,13.2,128.6,80.4,423.3,1.0,42.2,63.0
720,rpi-8c,184.7,1355.4,231.1,108.2,13.0,206.5,182.2
721,rpi-4a,227.5,1531.5,29.3,129.2,171.7,172.1,80.4
722,rpi-8a,29.6,1893.7,138.4,58.7,179.0,297.7,476.1
723,rpi-8b,18.7,1657.0,0.0,223.2,216.2,145.2,444.9
724,rpi-8b,210.7,152.0,103.4,5.1,190.9,159.3,224.5
725,rpi-8b,2.0,182.1,169.2,259.0,216.1,115.4,44.8
726,rpi-8b,130.3,184.0,213.5,253.6,29.7,243.4,233.5
727,odroid4,171.1,177.2,249.9,204.6,108.6,193.0,185.2
728,odroid4,202.2,29.9,108.0,448.9,154.0,104.0,439.8
729,odroid2,239.2,296.3,63.3,118.6,229.5,112.8,183.4
730,odroid3,302.6,195.2,213.4,146.0,245.5,143.9,291.1
731,rpi-8d,278.3,212.5,212.1,190.9,177.1,416.5,385.3
732,rpi-8b,2.0,1.5,218.3,271.6,16.5,1.0,99.8
733,rpi-8a,187.3,122.5,117.5,243.4,63.9,217.6,41.4
734,odroid4,46.6,1.5,307.1,1208.5,144.0,158.2,159.0
735,odroid3,91.4,222.3,215.2,281.7,199.2,163.2,131.3
736,rpi-8d,30.5,172.7,245.8,271.4,184.4,97.6,182.2
737,rpi-8d,179.2,1.5,464.3,847.3,1.0,30.8,113.1
738,rpi-8b,261.0,172.4,26.7,217.8,410.9,234.6,183.9
739,rpi-4a,146.1,68.4,185.6,451.5,102.2,140.2,32.4
740,rpi-8d,2.0,248.9,183.0,95.8,1.0,9.5,4.7
741,rpi-8c,171.8,180.2,171.1,414.4,1.0,140.0,156.7
742,odroid4,2.0,26.9,21.1,546.1,139.4,137.9,16.4
743,rpi-8b,182.0,416.9,120.3,187.9,248.9,403.0,451.9
744,rpi-8c,64.6,34.3,170.2,170.2,247.7,77.7,125.0
745,odroid2,2.0,91.5,250.9,171.4,2.1,9.4,4.7
746,odroid2,493.0,28.8,40.8,415.1,268.4,158.8,220.4
747,rpi-8d,2.0,1.5,1391.0,252.6,1.0,1.0,202.8
748,odroid4,225.1,173.2,232.5,14.0,131.8,260.3,655.1
749,odroid2,143.8,30.2,0.0,33.8,184.9,61.2,54.1
0,odroid1,2.0,312.1,58.0,41.1,311.6,114.0,2.0
1,odroid3,2.0,57.1,708.8,20.0,281.2,22.9,2.0
2,rpi-8a,2.0,321.8,142.0,314.2,133.4,123.2,2.0
3,odroid3,3.2,312.1,163.2,93.0,504.4,191.1,2.5
4,rpi-8b,2.0,258.8,41.4,50.6,198.8,197.8,2.0
5,rpi-8b,2.0,29.4,191.9,167.6,377.1,173.0,2.0
6,rpi-8c,2.0,147.0,234.8,244.0,95.5,31.2,2.0
7,odroid3,2.0,1.9,506.3,93.0,116.2,129.6,2.0
8,odroid3,2.0,27.8,410.7,471.1,23.8,39.9,2.0
9,odroid2,2.0,46.2,281.2,705.1,88.7,10.6,2.0
10,rpi-8c,2.0,588.3,13.0,48.3,27.6,320.4,2.0
11,odroid3,2.0,242.9,320.4,243.5,475.8,184.6,2.0
12,odroid3,2.0,41.1,557.3,317.0,54.5,197.7,2.0
13,odroid1,2.0,226.0,436.9,90.7,137.7,59.1,2.0
14,odroid3,2.5,140.0,86.4,17.0,177.9,299.8,2.0
15,rpi-8a,2.0,12.3,92.1,80.9,247.1,624.6,2.0
16,odroid2,2.0,844.6,472.3,9.3,37.5,210.9,2.0
17,rpi-8c,2.0,186.7,179.8,30.6,41.4,5.4,2.0
18,rpi-8a,2.0,316.5,65.5,8.7,126.6,73.6,2.0
19,odroid4,3.8,295.6,1011.4,34.6,197.1,149.0,2.0
20,odroid4,2.0,110.2,26.4,342.6,860.7,306.5,2.0
21,odroid1,2.0,233.5,53.2,302.8,13.4,46.8,2.0
22,rpi-4a,2.0,21.4,126.8,165.5,517.8,18.9,2.0
23,rpi-8c,2.0,26.6,59.6,94.9,87.2,26.1,2.0
24,rpi-8d,2.0,39.8,513.3,627.6,7.9,10.8,2.0
25,rpi-4a,3.2,365.9,0.4,50.3,436.0,228.0,2.0
26,rpi-8c,2.0,49.3,1470.5,830.1,81.2,145.2,2.0
27,odroid1,2.0,187.9,170.2,307.3,70.2,150.4,2.0
28,rpi-4a,2.0,44.4,274.7,310.5,76.6,183.2,2.0
29,odroid2,2.4,126.2,27.3,471.1,12.7,95.2,2.0
30,rpi-4a,2.0,9.8,80.3,92.1,71.2,67.7,2.0
31,odroid2,2.0,339.6,414.3,39.0,123.3,45.2,2.0
32,rpi-8a,2.0,182.1,614.6,48.3,204.2,31.1,2.0
33,rpi-8a,2.0,216.7,27.8,15.9,367.5,14.8,2.0
34,rpi-8d,2.0,281.9,53.6,53.2,347.8,105.3,2.0
35,rpi-8b,2.0,13.7,162.3,209.2,127.9,23.3,2.0
36,odroid3,2.0,423.8,51.8,21.2,210.0,58.9,2.0
37,rpi-8c,2.0,51.2,212.3,464.6,96.0,25.7,2.0
38,odroid2,2.0,236.7,196.6,30.6,62.3,105.6,2.0
39,rpi-8a,2.0,296.5,192.9,511.7,43.2,42.3,2.0
40,rpi-8c,2.0,238.5,163.8,245.6,2.4,136.9,2.0
41,odroid4,2.0,15.4,429.4,73.2,11.6,37.3,2.0
42,odroid1,2.0,144.0,699.5,53.3,97.9,20.5,2.0
43,odroid4,2.0,75.5,73.1,104.4,4.1,121.3,2.0
44,rpi-8d,2.0,132.3,875.9,188.4,3.8,72.6,2.0
45,rpi-8c,2.0,227.5,241.2,45.8,42.9,12.3,2.0
46,odroid3,2.0,152.2,266.9,113.4,28.7,96.1,2.0
47,rpi-8b,2.0,33.2,92.3,964.0,7.1,59.3,2.0
48,odroid4,2.0,189.2,71.8,181.1,218.6,92.4,2.0
49,odroid3,2.0,68.1,12.1,555.3,330.1,46.4,2.0
50,odroid2,2.0,207.7,512.7,4.8,84.9,62.0,2.0
51,odroid2,2.0,132.3,288.7,174.9,19.8,185.8,2.0
52,odroid3,2.0,278.9,196.4,997.9,21.1,44.9,2.0
53,rpi-8b,2.0,710.6,126.8,15.9,70.8,41.0,2.0
54,odroid4,2.0,799.7,0.0,83.7,632.0,178.9,2.0
55,rpi-8d,2.0,29.7,829.8,567.9,5.1,12.2,2.0
56,odroid3,2.0,636.3,113.2,247.5,370.3,290.7,2.0
57,rpi-8b,2.0,451.5,571.2,366.6,17.3,244.1,2.0
58,rpi-8b,2.7,759.4,3.2,112.2,773.6,636.6,2.7
59,odroid1,2.0,446.5,228.6,32.9,396.6,356.3,2.0
60,odroid4,2.0,5.6,230.0,441.4,54.6,75.0,2.0
61,rpi-8a,2.0,67.0,76.7,133.7,22.3,6.8,2.0
62,rpi-8c,2.0,274.7,13.3,112.5,225.6,71.5,2.0
63,rpi-8c,2.0,200.8,972.8,103.7,9.2,29.5,2.0
64,odroid3,2.0,268.5,31.3,389.8,438.4,304.3,2.0
65,odroid4,2.0,75.6,746.7,116.0,42.8,99.7,2.0
66,odroid3,2.0,5.3,39.8,621.8,267.0,44.0,2.0
67,rpi-8a,2.0,88.9,112.0,265.5,283.6,25.3,2.0
68,odroid4,2.0,282.1,23.6,46.0,838.2,270.3,2.0
69,odroid3,2.0,200.3,198.5,26.2,92.3,56.3,2.0
70,rpi-8c,2.0,461.6,142.5,7.1,263.4,266.0,2.0
71,rpi-8d,2.0,6.9,116.1,105.1,305.8,29.7,2.0
72,odroid1,2.0,17.9,265.2,162.2,15.8,54.0,2.0
73,rpi-4a,2.0,99.1,343.6,423.4,2.4,136.9,2.0
74,odroid2,2.0,545.5,39.6,179.2,214.9,194.6,2.0
75,odroid4,2.0,68.6,771.1,83.3,22.1,7.2,2.0
76,odroid4,2.0,166.1,55.1,55.9,191.3,254.2,2.0
77,rpi-8b,2.0,305.1,624.1,506.5,25.5,5.9,2.0
78,rpi-8c,2.0,1.7,213.9,553.2,429.6,63.6,2.0
79,rpi-4a,2.0,234.0,992.1,122.9,146.2,282.9,2.1
80,odroid1,2.0,196.9,553.8,246.4,115.8,135.8,2.0
81,rpi-4a,2.0,107.2,434.1,38.9,45.3,125.3,2.0
82,rpi-8d,2.0,36.0,645.6,281.1,2.0,54.0,2.0
83,odroid1,2.0,244.4,91.3,9.1,99.0,70.4,2.0
84,odroid4,2.0,171.9,369.7,147.8,182.4,33.0,2.0
85,odroid1,2.0,90.6,312.7,26.8,45.5,75.7,2.0
86,odroid1,2.0,387.9,200.3,349.0,251.3,24.3,2.0
87,rpi-8a,2.0,321.1,427.9,5.4,463.3,86.1,2.0
88,rpi-8c,2.0,70.7,5.1,488.6,198.6,156.5,2.0
89,odroid3,2.0,214.6,31.1,250.2,4.1,153.4,2.0
90,rpi-8c,2.0,453.4,520.5,259.9,47.6,245.8,2.0
91,rpi-8d,2.0,177.8,24.8,221.6,12.4,38.1,2.0
92,rpi-8b,2.0,185.4,241.3,15.1,43.3,130.5,2.0
93,odroid3,2.0,58.7,191.6,16.9,19.2,9.6,2.0
94,rpi-8c,2.0,284.0,64.5,201.2,505.5,61.3,2.0
95,odroid3,2.0,1.7,491.5,462.6,47.0,11.2,2.0
96,rpi-8d,2.0,39.7,790.9,163.2,358.7,94.0,2.0
97,rpi-8c,2.0,40.8,8.1,99.8,112.1,339.2,2.0
98,rpi-8a,2.0,29.8,629.2,50.5,418.9,169.6,2.0
99,odroid3,2.0,319.6,142.8,353.4,168.8,107.9,2.0
100,rpi-8d,2.0,305.2,1351.8,95.8,34.4,37.3,2.0
101,rpi-8d,2.0,121.0,73.2,138.1,29.6,11.8,2.0
102,odroid3,2.0,402.5,1.8,145.4,402.7,371.5,2.0
103,odroid4,2.0,513.0,88.5,208.0,95.0,288.3,2.0
104,rpi-8c,2.0,496.7,306.9,143.6,52.6,37.2,2.0
105,rpi-8b,2.0,20.2,101.2,41.9,284.0,131.5,2.0
106,rpi-8c,2.0,1.6,522.7,255.4,28.5,60.3,2.0
107,odroid4,2.0,28.5,113.5,89.0,215.8,134.3,2.0
108,rpi-8d,2.0,14.9,35.6,546.7,69.3,86.2,2.0
109,rpi-8a,2.0,418.9,90.5,114.0,5.8,72.7,2.0
110,rpi-8d,2.0,239.1,13.5,21.5,234.5,104.8,2.0
111,rpi-8c,2.0,34.9,76.0,95.0,26.2,330.2,2.0
112,odroid3,2.0,38.0,49.6,162.6,9.3,2.6,2.0
113,rpi-8c,2.0,157.1,399.9,216.4,234.7,56.0,2.0
114,rpi-8d,2.0,66.8,70.9,119.4,9.6,97.4,2.0
115,rpi-4a,2.1,570.7,10.3,33.4,278.0,168.0,2.0
116,odroid3,2.0,145.6,838.9,13.3,76.3,45.2,2.0
117,odroid4,2.0,11.0,382.2,434.1,164.6,39.8,2.0
118,rpi-8c,2.0,58.5,1090.3,44.2,47.2,238.4,2.0
119,odroid2,2.0,10.8,820.0,89.1,82.5,80.4,2.0
120,odroid2,2.0,148.2,565.3,94.9,212.9,101.5,2.0
121,rpi-8c,2.0,39.5,257.8,129.0,73.8,30.0,2.0
122,rpi-4a,2.0,446.6,18.0,612.4,27.6,172.8,2.0
123,odroid4,2.0,199.0,305.6,27.1,190.7,77.1,2.0
124,rpi-4a,2.0,16.7,190.3,116.0,122.3,165.7,2.0
125,rpi-8a,2.0,77.6,326.1,247.3,65.6,33.9,2.0
126,rpi-8b,2.0,482.5,3.4,337.4,189.0,295.3,2.0
127,odroid1,2.0,92.1,27.4,245.3,466.8,115.5,2.0
128,rpi-8a,2.0,23.1,560.2,489.2,247.5,182.8,2.0
129,odroid1,2.0,92.2,333.9,160.7,51.3,116.5,2.0
130,rpi-8a,2.0,591.8,53.9,252.8,25.8,71.2,2.0
131,odroid4,2.0,77.0,52.1,872.9,191.0,42.9,2.1
132,odroid4,2.0,3.0,88.7,64.7,676.8,81.0,2.0
133,rpi-8b,2.0,45.1,140.6,166.2,76.9,113.4,2.0
134,rpi-8c,2.0,61.4,281.1,54.1,142.9,67.1,2.0
135,rpi-8c,2.0,168.2,27.8,711.6,475.9,144.6,2.0
136,odroid1,2.0,80.8,145.3,799.8,464.2,373.3,2.0
137,odroid3,2.0,61.6,349.3,198.6,11.0,216.2,2.0
138,rpi-4a,2.0,360.7,242.9,119.7,176.5,20.4,2.0
139,rpi-8b,2.0,143.6,7.5,442.2,68.7,85.7,2.0
140,odroid1,2.0,310.7,76.4,337.7,142.7,270.0,2.0
141,odroid3,2.0,133.9,118.9,802.6,663.5,315.0,2.0
142,odroid3,2.0,295.1,150.2,314.2,114.8,52.8,2.0
143,odroid3,2.0,193.3,237.1,107.2,59.0,378.8,2.0
144,rpi-8c,2.0,136.1,42.1,511.0,4.7,123.8,2.0
145,odroid4,2.0,28.2,1418.3,16.9,71.0,62.2,2.0
146,rpi-8c,2.0,152.1,257.7,118.1,32.9,24.0,2.0
147,rpi-8c,2.0,84.6,258.2,190.3,17.8,230.4,2.0
148,odroid3,2.0,4.6,454.0,42.8,56.2,42.8,2.0
149,rpi-8a,2.0,253.2,15.9,90.9,50.4,335.3,2.0
150,odroid1,2.0,273.4,32.0,556.1,71.7,80.3,2.0
151,odroid1,2.6,298.8,91.8,83.7,215.8,443.9,9.3
152,odroid2,2.0,3.8,785.6,412.9,163.2,55.6,2.0
153,rpi-8c,2.0,336.2,265.8,244.5,31.6,36.1,2.0
154,rpi-8d,2.0,76.8,6.3,305.3,142.1,118.2,2.0
155,rpi-8b,2.0,851.7,78.0,271.3,108.5,84.8,2.0
156,rpi-8a,2.0,208.9,38.8,291.1,250.3,454.8,2.0
157,odroid3,2.0,90.9,191.8,214.3,196.7,63.0,2.0
158,odroid3,2.0,87.7,261.0,284.1,239.0,83.6,2.0
159,odroid3,2.0,3.3,326.6,369.0,35.8,118.2,2.0
160,rpi-8a,2.0,31.4,51.7,572.3,89.2,31.6,2.0
161,rpi-8c,2.0,190.0,53.0,57.3,128.7,215.9,2.0
162,odroid1,2.0,59.9,195.8,81.8,65.1,78.1,2.0
163,rpi-8a,2.0,27.8,243.6,221.5,82.3,59.7,2.0
164,odroid3,2.0,32.4,210.2,134.9,35.8,46.1,2.0
165,rpi-8c,2.0,280.1,228.3,26.3,470.1,162.5,2.0
166,rpi-4a,2.0,58.5,931.8,34.6,22.3,15.0,2.0
167,rpi-4a,2.0,12.8,342.7,860.7,18.5,81.2,2.0
168,odroid3,2.0,32.7,366.5,149.4,48.1,33.3,2.0
169,rpi-8a,2.0,140.6,128.9,205.2,76.1,203.0,2.0
170,rpi-8c,2.0,119.2,1213.9,17.9,63.6,15.7,2.0
171,odroid4,2.0,17.0,849.6,300.0,263.9,32.3,2.0
172,odroid1,2.0,445.2,222.4,86.8,1.1,154.4,2.0
173,rpi-8b,2.0,379.0,36.0,608.2,320.0,28.6,2.0
174,odroid4,2.0,116.6,395.6,165.2,46.1,3.4,2.0
175,odroid4,2.0,469.2,217.3,256.7,40.3,50.4,2.0
176,odroid3,2.0,92.6,78.7,74.1,322.9,19.2,2.0
177,rpi-8b,2.0,103.6,110.0,16.8,629.8,323.6,2.0
178,rpi-8a,2.0,34.3,983.7,56.5,205.2,52.4,2.0
179,odroid1,2.0,136.9,565.2,67.6,105.1,20.5,2.0
180,rpi-8c,2.0,70.5,20.7,35.4,440.5,406.3,2.0
181,odroid4,2.0,219.4,511.9,176.9,22.0,59.5,2.0
182,odroid3,2.0,29.0,15.8,301.7,169.1,213.4,2.0
183,odroid2,2.0,274.2,930.8,216.3,48.6,83.0,2.0
184,odroid1,2.0,215.0,345.8,49.5,6.7,173.6,2.0
185,odroid2,2.0,178.5,89.5,955.6,327.7,51.9,2.0
186,rpi-4a,2.0,113.6,90.6,519.3,527.7,127.4,2.0
187,odroid2,2.0,1064.7,160.2,32.6,68.2,190.1,2.0
188,odroid1,2.0,1.5,1030.1,368.7,86.8,62.5,2.0
189,rpi-8b,2.0,121.9,615.4,390.3,41.3,48.7,2.0
190,odroid3,2.0,103.8,44.6,456.4,25.8,364.3,2.0
191,odroid4,2.0,216.9,462.0,123.4,85.4,43.2,2.0
192,rpi-4a,2.0,122.2,78.0,321.6,45.5,124.7,2.0
193,rpi-4a,2.0,113.0,414.2,214.4,35.1,197.9,2.0
194,rpi-8d,2.0,22.6,17.9,145.6,149.5,71.6,2.0
195,odroid3,2.0,50.3,210.4,335.2,57.2,51.5,2.0
196,odroid3,2.0,29.0,105.1,344.2,519.1,134.5,2.0
197,rpi-8b,2.0,83.5,147.6,306.5,313.7,186.2,2.0
198,rpi-8a,2.0,37.1,1336.0,40.6,7.0,57.6,2.0
199,odroid2,2.0,146.7,780.2,7.5,7.6,41.8,2.0
200,odroid3,2.0,130.1,183.1,888.8,127.3,7.6,2.0
201,rpi-8c,2.0,46.1,465.7,33.2,38.8,5.9,2.0
202,odroid4,2.0,47.5,305.8,151.5,41.1,36.6,2.0
203,odroid1,2.0,98.6,281.6,86.6,377.2,5.4,2.0
204,rpi-8d,2.0,249.9,230.7,53.0,79.8,306.5,2.0
205,rpi-8b,2.0,188.1,176.3,196.5,120.4,83.6,2.0
206,rpi-8c,2.0,49.0,27.8,422.2,396.6,84.9,2.0
207,rpi-8c,2.0,3.0,166.0,282.8,90.8,324.9,2.0
208,rpi-8c,2.0,135.1,12.9,228.9,258.9,166.7,2.0
209,rpi-4a,2.0,145.9,84.7,398.5,123.4,99.2,2.0
210,odroid4,2.0,379.2,94.1,922.0,3.9,22.1,2.0
211,odroid4,2.0,124.2,69.6,90.1,349.5,24.2,2.0
212,odroid4,2.0,180.7,464.2,98.6,98.1,214.5,2.0
213,rpi-8c,2.0,317.4,240.7,530.5,6.9,32.0,2.0
214,odroid1,2.0,89.5,316.8,52.0,80.2,18.2,2.0
215,rpi-8b,2.0,24.4,106.2,248.5,81.6,183.5,2.0
216,rpi-8b,2.0,46.9,663.5,381.5,64.1,135.4,2.0
217,rpi-8a,2.0,57.5,315.2,101.8,3.1,87.4,2.0
218,odroid2,2.0,68.9,197.2,169.4,20.2,163.7,2.0
219,rpi-4a,2.0,997.6,20.2,99.3,105.9,361.9,2.0
220,odroid1,2.0,23.1,451.0,79.1,54.7,96.6,2.0
221,rpi-8a,2.0,266.3,222.7,45.2,222.3,36.1,2.0
222,odroid1,2.0,125.3,230.1,706.6,1.7,117.5,2.0
223,rpi-8c,2.0,160.9,326.8,112.8,112.0,86.7,2.0
224,rpi-4a,2.0,1.6,91.1,647.8,170.7,88.2,2.0
225,rpi-8b,2.0,459.0,5.1,268.1,65.2,136.2,2.0
226,rpi-8c,2.0,72.4,98.3,272.5,121.0,59.1,2.0
227,rpi-4a,2.0,225.6,20.9,261.1,41.8,66.6,2.0
228,rpi-8c,2.0,155.3,241.3,94.4,23.9,58.0,2.0
229,rpi-8a,2.0,3.6,773.2,685.5,35.4,55.4,2.0
230,rpi-8b,2.0,18.6,571.3,255.7,337.1,87.2,2.0
231,odroid3,2.0,6.4,61.5,369.2,141.2,9.1,2.0
232,odroid3,2.0,152.6,8.6,112.2,45.8,42.4,2.0
233,odroid4,2.0,235.3,246.0,59.3,123.3,43.3,2.0
234,odroid3,2.0,134.6,269.3,153.0,39.9,286.9,2.0
235,rpi-8c,2.0,99.9,1012.8,5.2,188.3,11.9,2.0
236,rpi-8d,2.0,78.4,285.8,272.5,603.7,160.1,2.0
237,rpi-8a,2.0,138.0,143.3,85.9,63.3,132.4,2.0
238,rpi-8c,2.0,69.6,409.8,138.3,91.7,6.4,2.0
239,rpi-4a,2.0,156.5,269.2,19.3,12.4,111.6,2.0
240,rpi-8d,2.0,25.5,283.4,94.3,224.6,103.0,2.0
241,odroid1,2.0,757.1,340.6,3.2,246.8,68.6,2.0
242,odroid4,2.0,230.2,218.5,30.7,188.2,322.2,2.0
243,odroid4,2.0,71.5,239.5,286.9,170.9,54.4,2.0
244,odroid2,2.0,71.6,510.8,225.9,4.7,28.3,2.0
245,rpi-8d,2.0,286.9,152.0,498.8,33.8,111.8,2.0
246,rpi-8c,2.0,248.0,146.4,691.9,128.0,28.0,2.0
247,odroid3,2.0,235.8,330.1,124.4,229.9,87.3,2.0
248,odroid4,2.6,42.9,117.3,190.0,53.4,366.5,2.0
249,rpi-8a,2.0,268.8,11.5,505.9,143.6,159.8,2.0
250,odroid4,2.0,202.9,400.0,172.3,37.0,8.6,2.0
251,odroid3,2.0,113.1,59.0,195.5,72.6,78.2,2.0
252,rpi-8a,2.0,81.9,17.8,111.0,276.7,32.6,2.0
253,odroid3,2.0,687.1,98.3,217.6,8.5,72.9,2.0
254,rpi-8b,2.0,64.6,37.5,88.7,57.9,88.8,2.0
255,rpi-8b,2.0,64.2,183.4,89.2,26.7,68.4,2.0
256,odroid1,2.0,269.5,624.5,70.0,31.4,86.4,2.0
257,rpi-8c,2.0,306.1,2.3,94.2,171.7,118.8,2.0
258,rpi-8a,2.0,21.3,100.3,297.3,30.2,203.4,2.0
259,odroid3,2.0,9.8,409.8,28.7,381.2,155.7,2.0
260,odroid4,2.0,151.2,391.6,479.2,159.8,104.8,2.0
261,rpi-8c,2.0,129.4,1212.3,30.2,69.6,55.2,2.0
262,rpi-4a,2.0,35.8,1364.4,342.7,105.8,392.2,2.0
263,odroid2,2.0,127.5,19.1,45.1,69.1,43.8,2.0
264,odroid4,2.0,314.5,46.0,379.5,73.6,224.4,2.0
265,rpi-8a,2.0,379.4,65.4,244.6,222.7,281.5,2.0
266,rpi-8a,2.0,593.2,91.5,402.8,439.5,113.0,2.0
267,odroid4,2.0,62.6,302.1,52.0,20.9,150.4,2.0
268,rpi-8d,2.0,287.6,1.1,161.9,316.0,83.3,2.0
269,rpi-8d,2.0,53.2,187.6,76.2,102.3,211.8,2.0
270,odroid4,2.0,64.9,551.2,63.0,175.5,153.6,2.0
271,odroid3,2.0,129.1,189.0,411.9,105.9,37.7,2.0
272,rpi-8b,2.0,559.1,7.0,253.9,137.1,137.9,2.0
273,rpi-8c,2.0,392.6,266.4,8.1,140.1,152.9,2.0
274,rpi-8c,2.0,269.0,255.8,62.9,84.6,157.8,2.0
275,odroid2,2.0,243.4,445.5,196.3,73.3,17.2,2.0
276,odroid2,2.0,51.0,116.1,488.8,104.6,1.3,2.0
277,odroid4,2.0,51.3,151.3,390.4,576.8,85.5,2.0
278,rpi-8c,2.0,68.8,103.1,60.3,243.1,148.0,2.0
279,rpi-8a,2.0,468.7,2.2,702.1,126.9,360.5,2.0
280,odroid3,2.0,284.9,269.0,59.7,24.8,31.9,2.0
281,rpi-4a,2.0,202.6,96.0,293.9,56.6,127.8,2.0
282,rpi-4a,2.0,83.0,250.4,38.8,98.7,86.7,2.0
283,rpi-4a,2.0,24.8,14.0,139.4,61.9,73.3,2.0
284,rpi-8a,2.0,61.3,860.5,167.9,147.3,21.5,2.0
285,rpi-4a,2.0,7.9,235.9,1141.1,10.2,59.2,2.0
286,rpi-8c,2.0,148.5,13.0,76.9,303.3,172.1,2.0
287,rpi-8b,2.0,58.1,276.0,252.7,47.2,45.8,2.0
288,rpi-8d,2.0,68.0,100.4,232.2,178.1,255.4,2.0
289,odroid2,2.0,195.8,40.0,298.3,275.4,111.1,2.1
290,odroid1,2.0,106.4,111.5,72.1,109.8,121.0,2.0
291,odroid1,2.0,14.2,57.9,301.9,94.1,84.9,2.0
292,rpi-8b,2.0,30.9,173.9,736.8,295.7,11.3,2.0
293,rpi-8c,2.0,34.9,114.0,802.2,18.4,136.7,2.0
294,rpi-8a,2.0,169.2,71.5,346.5,167.5,96.9,2.0
295,rpi-8b,2.0,345.7,68.7,216.5,343.7,110.3,2.0
296,odroid4,2.0,110.8,158.3,164.5,215.4,36.6,2.0
297,odroid4,2.0,291.2,120.0,11.9,127.0,122.9,2.0
298,odroid3,2.0,38.5,80.9,118.3,305.9,66.7,2.0
299,odroid2,2.0,37.1,149.0,245.0,24.6,5.7,2.0
300,odroid2,2.0,86.3,564.3,226.5,24.7,112.6,2.0
301,rpi-8a,2.0,138.2,208.8,15.3,67.3,206.5,2.0
302,odroid3,2.0,53.3,6.0,1083.7,119.2,62.0,2.0
303,rpi-8b,2.0,167.9,30.1,637.8,247.7,134.3,2.0
304,odroid1,2.0,377.8,79.1,37.2,201.5,147.4,2.0
305,rpi-8a,2.0,12.5,982.4,801.6,88.8,11.0,2.0
306,rpi-8c,2.0,337.3,746.7,62.2,85.5,234.7,2.0
307,rpi-8b,2.0,258.8,88.4,58.3,38.3,76.8,2.0
308,odroid4,2.0,217.7,90.9,279.2,24.1,34.9,2.0
309,rpi-8c,2.0,169.0,127.1,83.6,31.9,282.8,2.0
310,odroid3,2.0,241.0,544.9,48.3,64.0,318.9,2.0
311,rpi-4a,2.0,136.5,187.6,283.1,160.7,175.7,2.0
312,rpi-8b,2.0,170.7,48.7,521.5,172.6,86.2,2.0
313,rpi-8d,2.0,119.6,578.8,7.4,31.3,54.2,2.0
314,odroid3,2.0,202.7,407.3,213.1,109.1,63.0,2.0
315,rpi-8c,2.0,225.0,372.6,194.5,50.1,329.5,2.0
316,odroid1,2.0,165.9,113.0,74.7,123.6,159.0,2.0
317,rpi-4a,2.0,191.0,170.3,110.3,71.1,162.9,2.0
318,odroid4,2.0,238.8,142.5,193.2,52.8,26.5,2.0
319,rpi-8c,2.0,109.0,61.0,15.6,234.5,105.5,2.0
320,odroid4,2.0,446.2,9.2,145.4,293.5,35.9,2.0
321,odroid1,2.0,194.3,145.1,188.1,132.3,243.7,2.0
322,rpi-8b,2.0,159.8,20.2,758.5,223.6,305.3,2.0
323,rpi-8c,2.0,759.7,10.3,646.3,16.6,301.2,2.0
324,odroid2,2.0,224.9,187.8,5.2,79.2,68.6,2.0
325,odroid3,2.0,36.8,1763.3,122.1,57.7,76.2,2.0
326,odroid2,2.0,415.4,274.3,123.2,26.2,26.8,2.0
327,rpi-8a,2.0,13.5,106.5,159.9,5.4,12.9,2.0
328,rpi-8b,2.0,229.8,92.6,339.4,173.8,46.5,2.0
329,rpi-8d,2.0,69.6,761.9,6.4,70.8,281.9,2.0
330,odroid2,2.0,313.1,505.1,405.1,5.6,48.3,2.0
331,odroid3,2.0,36.2,369.9,480.1,23.5,136.1,2.0
332,rpi-8b,2.0,271.6,307.7,85.1,154.1,51.5,2.0
333,rpi-4a,2.0,97.7,52.6,260.6,92.6,200.1,2.0
334,rpi-8c,2.0,119.6,681.9,86.3,215.3,217.6,2.0
335,odroid4,2.0,72.0,84.2,367.6,91.3,121.3,2.0
336,rpi-8a,2.0,44.1,247.7,613.0,39.3,199.2,2.0
337,odroid3,2.0,51.1,124.3,33.2,292.6,86.1,2.0
338,rpi-8c,2.0,70.7,174.9,12.6,196.0,36.3,2.0
339,odroid1,2.0,94.8,159.8,61.9,160.7,279.0,2.0
340,rpi-4a,2.0,199.3,590.5,12.2,100.3,288.4,2.0
341,odroid3,2.0,66.2,247.7,91.6,248.7,626.1,2.0
342,rpi-8a,2.0,15.5,827.9,168.7,22.2,54.9,2.0
343,odroid4,2.0,181.6,145.7,112.5,589.5,358.5,2.0
344,odroid1,2.0,67.9,76.0,119.0,65.3,3.1,2.0
345,odroid4,2.0,64.5,67.5,649.5,26.4,138.3,2.0
346,odroid3,2.0,106.2,420.8,33.3,262.6,144.5,2.0
347,odroid4,2.0,91.4,309.3,9.2,186.2,197.6,2.0
348,odroid4,2.0,140.8,251.2,156.7,337.3,45.4,2.0
349,rpi-4a,2.0,181.9,94.9,94.6,21.5,41.3,2.0
350,odroid4,2.0,91.3,9.1,72.0,29.1,109.4,2.0
351,odroid1,2.0,519.1,384.4,21.1,70.2,286.1,2.4
352,odroid4,2.0,227.8,564.7,76.1,670.3,34.4,2.0
353,rpi-8a,2.0,35.0,64.8,362.8,5.6,130.3,2.0
354,rpi-8c,2.0,510.9,78.3,164.1,10.8,39.2,2.0
355,rpi-8a,2.0,102.3,58.8,72.1,92.9,10.6,2.0
356,odroid3,2.0,18.6,346.6,314.3,55.4,22.3,2.0
357,rpi-8b,2.0,217.2,182.3,379.9,364.2,77.4,2.0
358,odroid2,2.0,27.1,688.5,112.0,42.5,122.8,2.0
359,rpi-8c,2.2,555.1,36.3,253.0,141.0,88.1,2.0
360,rpi-8a,2.0,29.1,793.9,134.5,107.6,118.5,2.0
361,rpi-8c,2.0,108.9,29.5,1081.8,70.3,95.4,2.0
362,odroid2,2.0,47.0,8.3,155.2,203.5,91.6,2.0
363,rpi-4a,2.0,5.1,768.8,758.7,170.1,61.5,2.0
364,odroid3,2.0,139.3,58.3,61.9,128.3,144.6,2.0
365,odroid4,2.0,271.0,357.8,47.9,27.4,111.4,2.0
366,rpi-8b,2.0,575.3,55.8,7.3,345.2,186.5,2.0
367,rpi-8d,2.0,139.2,295.8,149.9,453.1,110.0,2.4
368,odroid3,2.0,477.5,213.1,74.6,36.1,42.2,2.0
369,rpi-8d,2.0,203.4,131.4,26.8,293.9,139.7,2.0
370,rpi-4a,2.0,90.4,358.2,53.4,112.0,44.0,2.0
371,rpi-8b,2.0,347.1,153.5,141.8,27.3,151.5,2.0
372,odroid2,2.0,148.5,119.4,98.6,323.8,193.7,2.0
373,rpi-8d,2.3,28.8,126.3,55.4,115.5,104.3,2.0
374,rpi-8b,2.0,36.0,472.4,391.0,254.7,90.1,2.0
375,odroid2,2.0,138.1,599.5,167.4,369.1,38.8,2.0
376,rpi-8d,2.0,506.5,49.2,169.1,146.3,22.6,2.0
377,rpi-8a,2.0,525.7,88.8,26.1,258.8,18.1,2.0
378,odroid4,2.0,29.9,212.9,22.1,54.6,111.9,2.0
379,rpi-8c,2.0,3.5,167.2,863.1,426.0,64.2,2.0
380,rpi-8a,2.0,61.8,325.8,132.6,347.5,69.2,2.0
381,odroid3,2.0,246.8,64.8,282.6,368.8,52.7,2.0
382,rpi-4a,2.0,114.3,462.3,177.5,103.9,17.9,2.0
383,rpi-8c,2.0,257.1,616.1,6.5,10.1,140.7,2.0
384,odroid1,2.0,40.8,394.8,455.7,20.8,83.0,2.0
385,rpi-8a,2.0,804.3,40.8,68.0,329.6,95.1,2.4
386,rpi-4a,2.0,311.4,574.5,23.2,20.6,193.3,2.0
387,odroid2,2.0,50.5,672.0,49.9,1.8,7.3,2.0
388,rpi-8d,2.0,141.5,96.4,435.7,219.6,89.4,2.0
389,rpi-8c,2.0,120.2,183.0,415.3,113.3,85.5,2.0
390,rpi-8a,2.0,27.7,1121.9,745.0,62.5,25.7,2.0
391,rpi-8a,2.0,111.9,32.3,436.2,111.7,72.5,2.0
392,odroid3,2.0,10.5,1044.6,18.2,64.1,44.1,2.0
393,odroid3,2.0,82.6,112.9,149.6,97.3,209.8,2.0
394,rpi-4a,2.0,228.6,297.1,2.2,271.7,239.1,2.0
395,odroid1,2.0,106.0,16.3,189.4,37.2,341.3,2.0
396,rpi-8a,2.0,4.6,661.7,87.5,102.8,81.1,2.0
397,odroid4,2.0,9.5,78.5,438.9,9.6,26.8,2.0
398,rpi-8c,2.0,80.3,441.7,479.6,62.7,116.8,2.0
399,rpi-8b,2.0,128.1,225.2,153.1,207.4,94.8,2.0
400,odroid4,2.0,305.6,66.8,190.5,161.2,123.6,2.0
401,odroid1,2.0,229.0,409.6,62.1,8.3,298.1,2.0
402,rpi-4a,2.0,45.4,1571.3,726.0,15.9,28.8,2.0
403,rpi-8b,2.0,51.1,437.2,58.9,145.0,155.8,2.0
404,odroid4,2.0,51.8,166.9,320.5,109.0,29.8,2.0
405,rpi-8b,2.0,156.0,585.3,209.2,314.6,268.0,2.0
406,rpi-4a,2.0,55.5,781.2,483.8,10.0,156.8,2.0
407,rpi-8c,2.0,377.8,157.4,124.9,149.2,134.9,2.0
408,rpi-8c,2.0,339.1,60.1,14.8,104.7,155.1,2.0
409,odroid3,2.0,346.8,203.2,126.2,153.8,80.8,2.0
410,rpi-8c,2.0,341.7,4.8,147.1,540.9,164.8,2.0
411,rpi-8a,2.0,36.2,357.5,451.7,89.3,215.4,2.0
412,rpi-8b,2.0,315.9,663.9,8.1,225.3,18.3,2.0
413,rpi-8c,2.0,20.0,107.0,121.8,15.4,73.1,2.0
414,rpi-8a,2.0,15.5,45.4,1069.3,181.5,71.6,2.0
415,odroid4,2.0,357.5,41.3,159.8,139.6,165.1,2.0
416,rpi-8b,2.0,174.1,49.4,847.6,51.9,393.8,2.0
417,odroid2,2.0,69.8,110.6,220.0,390.8,11.7,2.0
418,odroid4,2.0,1.9,1395.2,110.2,173.4,11.5,2.0
419,odroid4,2.0,87.4,35.1,282.4,249.9,208.6,2.0
420,rpi-8d,2.0,47.7,336.2,190.2,144.1,217.0,2.0
421,rpi-8a,2.0,169.4,168.5,535.5,87.9,74.9,2.0
422,odroid4,2.0,345.3,6.8,374.8,201.3,101.4,2.0
423,odroid3,2.0,351.9,11.1,9.2,99.3,168.4,2.0
424,rpi-8c,2.0,414.6,86.5,22.5,95.7,75.1,2.0
425,odroid3,3.0,260.3,6.0,392.3,154.7,318.3,2.0
426,odroid4,2.0,330.6,37.3,485.5,130.7,40.2,2.0
427,rpi-8a,2.0,123.5,719.4,237.6,51.9,237.9,2.0
428,rpi-8d,2.0,195.2,30.6,143.4,509.2,404.5,2.0
429,rpi-8b,2.0,150.1,145.6,443.4,359.1,10.3,2.0
430,rpi-8a,2.0,233.2,34.4,240.0,494.0,355.3,2.0
431,odroid4,2.0,33.8,244.1,1293.6,19.9,196.8,2.0
432,odroid1,2.0,16.2,46.0,116.9,186.9,147.8,2.0
433,rpi-8c,2.0,58.0,748.0,105.4,264.8,92.6,2.0
434,rpi-8c,2.0,57.3,59.8,74.0,108.6,50.5,2.0
435,rpi-8c,2.0,13.5,419.7,121.9,353.0,361.8,2.0
436,rpi-8c,2.0,80.4,158.5,77.4,18.4,27.1,2.0
437,odroid1,2.0,64.2,211.9,62.2,3.7,84.3,2.0
438,odroid1,2.0,34.8,151.4,101.5,384.7,186.6,2.0
439,rpi-8d,2.0,16.0,268.5,505.4,119.2,29.6,2.0
440,rpi-8b,2.0,661.4,44.5,232.0,95.0,128.4,2.0
441,rpi-8a,2.0,456.7,172.3,270.0,27.3,89.6,2.0
442,rpi-8d,2.0,643.6,13.4,503.6,269.3,125.2,2.0
443,rpi-8a,2.0,5.4,653.1,108.0,570.4,37.2,2.0
444,odroid4,2.0,107.6,404.8,15.6,106.0,285.2,2.0
445,odroid1,2.0,223.6,1001.6,118.5,16.6,185.9,2.0
446,rpi-8c,2.0,31.9,43.4,219.5,12.5,186.1,2.0
447,rpi-8b,2.0,69.9,107.8,175.5,152.6,37.8,2.0
448,odroid1,2.0,115.6,268.2,761.0,118.2,156.9,2.0
449,odroid1,2.0,77.7,403.9,24.6,148.2,242.4,2.0
450,rpi-8d,2.0,222.8,871.0,99.5,465.3,297.6,2.0
451,odroid3,2.0,85.2,471.6,42.0,18.7,133.0,2.0
452,rpi-8c,2.0,71.1,159.4,92.7,489.5,58.4,2.0
453,rpi-8b,2.0,85.0,416.6,180.0,10.5,28.4,2.0
454,rpi-8c,2.0,49.7,413.1,453.9,50.0,16.4,2.0
455,rpi-4a,2.0,33.5,887.5,127.5,267.4,35.6,2.0
456,rpi-4a,2.0,132.3,300.2,359.5,75.8,9.7,2.0
457,odroid1,2.0,13.4,238.7,230.9,12.9,128.8,2.0
458,rpi-8b,2.0,16.1,712.6,266.4,94.5,28.7,2.0
459,odroid3,2.0,146.1,60.6,89.9,200.3,229.5,2.0
460,rpi-8a,2.0,4.5,1118.3,399.3,48.4,41.2,2.0
461,rpi-8b,2.0,110.7,71.3,51.0,198.4,74.9,2.0
462,rpi-8c,2.0,57.3,655.3,104.7,15.7,249.5,2.0
463,odroid1,2.4,395.3,83.4,341.4,265.2,30.6,2.5
464,rpi-8a,2.0,130.2,14.7,177.5,229.2,45.5,2.0
465,odroid4,2.0,94.2,46.6,175.3,137.1,218.2,2.0
466,odroid4,2.0,68.6,110.5,192.6,151.2,42.0,2.0
467,rpi-8c,2.0,156.7,294.6,231.3,68.3,199.4,2.0
468,rpi-8c,2.0,388.6,91.2,52.2,115.7,229.5,2.3
469,rpi-8d,2.0,32.9,50.4,256.0,968.8,71.3,2.0
470,odroid2,2.0,161.7,106.3,340.0,104.3,29.8,2.0
471,odroid3,2.0,187.2,114.8,300.5,128.0,62.1,2.0
472,rpi-8b,2.0,74.3,184.3,88.2,149.4,265.2,2.0
473,rpi-8a,2.0,27.8,496.8,41.1,122.2,94.2,2.0
474,rpi-8c,2.0,127.0,342.5,179.2,35.1,1.0,2.0
475,rpi-8d,2.0,57.4,50.1,199.5,117.0,96.7,2.0
476,rpi-8a,2.0,102.3,309.7,136.7,135.5,76.2,2.0
477,odroid4,2.0,168.4,226.9,678.9,306.3,263.3,2.0
478,odroid1,2.0,577.1,288.8,18.9,2.8,133.8,2.0
479,odroid1,2.0,139.5,194.7,51.6,700.3,31.4,2.0
480,odroid4,2.0,145.9,449.6,151.2,25.9,10.0,2.0
481,rpi-8b,2.0,29.9,750.2,381.4,82.4,161.1,2.0
482,odroid2,2.0,94.0,86.4,110.5,48.5,6.9,2.0
483,rpi-4a,2.0,195.7,342.3,10.0,26.1,67.2,2.0
484,odroid2,2.0,163.7,919.5,8.6,115.7,56.4,2.0
485,rpi-8c,2.0,22.0,168.8,485.4,41.6,153.9,2.0
486,odroid1,2.0,77.1,213.9,112.2,9.7,101.1,2.0
487,rpi-8a,2.0,13.3,672.8,58.8,239.3,47.3,2.0
488,odroid2,2.0,51.3,269.2,411.5,25.7,24.3,2.0
489,odroid4,2.0,164.7,32.3,396.1,22.8,32.1,2.0
490,rpi-8d,2.0,33.4,466.3,55.0,93.9,75.0,2.0
491,odroid2,2.0,198.9,99.8,52.7,44.3,113.6,2.0
492,odroid4,2.0,106.9,128.2,940.8,28.8,6.2,2.0
493,rpi-8c,2.0,39.1,560.4,159.1,369.9,78.5,2.0
494,odroid3,2.0,83.8,394.7,265.9,81.0,108.0,2.0
495,rpi-4a,2.0,25.2,76.3,66.5,439.6,48.0,2.0
496,rpi-8a,2.0,19.3,159.9,784.5,5.4,37.3,2.0
497,rpi-8b,2.0,655.3,37.6,167.5,611.6,53.4,4.6
498,rpi-8d,2.0,460.0,43.8,85.0,104.3,195.6,3.8
499,odroid1,2.0,72.2,344.2,69.9,4.8,240.9,2.0
500,odroid3,2.0,724.4,189.5,148.7,143.9,99.6,2.0
501,odroid3,2.0,212.2,28.9,850.2,177.2,73.8,2.0
502,odroid1,2.0,103.6,232.8,282.0,135.0,104.3,2.0
503,odroid4,2.0,50.3,429.5,567.4,1.2,76.1,2.0
504,rpi-8d,2.0,354.9,122.0,26.7,201.0,46.3,2.0
505,rpi-8b,2.0,437.7,8.1,42.9,618.9,335.6,2.0
506,rpi-8c,2.0,43.9,34.5,615.1,6.4,168.9,2.0
507,rpi-8d,2.0,86.2,80.9,129.5,216.8,27.7,2.0
508,rpi-8c,2.0,166.9,1068.4,5.2,14.4,23.3,2.0
509,rpi-8a,2.0,51.9,420.3,174.4,522.1,231.5,2.0
510,rpi-8d,2.0,339.4,6.3,276.6,338.3,155.6,2.0
511,rpi-8c,2.0,98.1,127.9,641.0,239.5,76.0,2.0
512,rpi-8c,2.0,124.8,106.2,143.6,274.7,32.5,2.0
513,rpi-8c,2.0,188.6,108.8,109.1,48.2,304.0,2.0
514,odroid1,2.0,31.5,319.6,157.6,104.2,17.8,2.0
515,odroid3,2.0,534.5,28.0,334.0,363.6,241.4,2.0
516,rpi-8c,2.0,449.5,289.0,237.9,69.3,140.1,2.0
517,odroid3,2.0,108.5,25.9,149.3,31.9,186.3,2.0
518,rpi-8a,2.0,34.3,62.5,303.8,24.8,14.6,2.0
519,rpi-8c,2.0,55.9,67.7,179.0,39.3,282.6,2.0
520,rpi-8c,2.0,161.7,256.0,347.8,1212.6,52.6,2.0
521,odroid1,2.0,39.7,77.5,78.8,85.7,55.7,2.0
522,odroid3,2.0,42.1,1.5,436.8,111.0,46.1,2.0
523,odroid4,2.0,19.0,231.1,77.5,348.2,133.0,2.0
524,odroid1,2.0,25.0,1625.4,140.5,82.0,157.4,2.0
525,odroid4,2.0,327.6,113.0,352.8,90.2,68.0,2.0
526,odroid3,2.0,23.9,18.5,147.6,428.6,257.6,2.0
527,rpi-8b,2.0,138.7,64.8,28.9,94.1,116.2,2.0
528,rpi-8d,2.0,53.9,138.3,328.3,87.0,41.0,2.0
529,rpi-8c,2.0,368.0,27.6,420.8,104.9,245.6,2.0
530,rpi-8b,2.0,46.8,142.7,37.0,137.5,209.7,2.0
531,rpi-8d,2.0,394.5,95.6,715.6,95.0,173.8,2.0
532,rpi-8d,2.0,97.1,25.0,56.0,139.4,33.5,2.0
533,rpi-4a,2.0,63.7,271.0,1064.8,37.7,4.6,2.0
534,rpi-4a,2.0,112.2,963.8,169.1,96.7,56.1,2.0
535,rpi-8c,2.0,133.9,155.8,364.4,304.1,169.1,2.0
536,odroid3,2.0,174.4,71.9,17.7,55.2,173.4,2.0
537,rpi-8c,2.0,225.2,167.6,58.6,8.5,64.5,2.0
538,odroid4,2.0,95.7,535.3,32.1,50.5,141.0,2.0
539,rpi-8c,2.0,196.9,141.7,179.5,49.6,86.1,2.0
540,rpi-8c,2.0,401.5,34.1,236.0,308.1,207.3,2.0
541,odroid2,2.0,18.9,191.9,45.9,2.5,133.3,2.0
542,odroid3,2.0,74.4,43.5,395.2,72.8,68.7,2.0
543,rpi-8d,2.0,19.2,683.4,412.2,154.6,182.3,2.0
544,rpi-8d,2.0,299.2,72.2,210.1,305.8,310.9,2.0
545,rpi-8a,2.0,25.3,126.3,145.8,148.7,84.8,2.0
546,rpi-8b,2.0,26.5,40.2,37.6,134.1,199.5,2.0
547,odroid3,2.0,147.0,171.0,31.7,288.6,51.2,2.0
548,odroid3,2.0,181.3,24.9,199.1,150.3,99.0,2.0
549,rpi-8d,2.0,49.3,69.0,191.7,71.9,32.4,2.0
550,rpi-8b,2.0,63.6,170.6,54.8,69.3,126.3,2.0
551,rpi-8c,2.0,220.1,196.3,104.1,19.0,145.0,2.0
552,odroid4,2.0,124.7,231.6,234.7,88.4,93.7,2.0
553,odroid2,2.0,69.8,38.6,129.1,142.0,181.2,2.0
554,odroid3,2.0,36.3,154.0,284.0,636.3,43.2,2.0
555,rpi-8c,2.0,192.3,49.7,240.7,288.6,155.6,2.1
556,rpi-8b,2.0,111.7,2.9,85.6,940.3,258.8,2.0
557,rpi-8d,2.0,181.9,8.6,51.2,473.4,285.7,2.0
558,rpi-8c,2.0,103.1,98.4,18.4,106.0,96.8,2.0
559,rpi-8a,2.0,17.8,66.1,34.4,516.8,109.0,2.0
560,odroid4,2.0,484.5,37.2,20.3,82.0,134.4,2.0
561,rpi-8d,2.0,9.9,101.4,313.3,154.1,30.5,2.0
562,odroid3,2.0,42.3,54.2,226.1,460.3,35.6,2.0
563,odroid3,2.0,66.1,20.4,75.2,406.5,346.2,2.0
564,odroid2,2.0,339.1,261.3,135.9,3.5,20.0,2.0
565,rpi-8c,2.0,586.0,47.0,297.9,16.4,148.8,2.0
566,rpi-8c,2.0,56.0,269.8,88.0,63.0,23.6,2.0
567,rpi-8a,2.0,16.0,721.5,455.2,100.6,62.2,2.0
568,odroid4,2.0,7.2,625.5,89.0,105.0,32.7,2.0
569,odroid3,2.0,254.1,17.2,77.0,1249.4,168.6,2.0
570,odroid2,2.0,35.2,135.0,685.7,118.0,67.5,2.0
571,rpi-8c,2.0,590.0,50.5,14.5,148.0,102.4,2.0
572,odroid1,2.0,36.3,617.8,62.7,205.3,276.4,2.0
573,odroid1,2.0,416.7,179.2,72.0,126.4,193.7,2.0
574,rpi-4a,2.0,237.9,153.5,123.1,40.2,226.5,2.0
575,rpi-8b,2.0,741.8,134.5,42.7,116.1,23.8,2.0
576,odroid1,2.0,41.7,494.0,698.3,12.2,49.2,2.0
577,odroid2,2.0,73.8,154.0,307.5,135.1,38.7,2.0
578,odroid2,2.0,282.8,72.0,207.6,14.3,130.3,2.0
579,odroid2,2.0,109.4,297.3,72.8,278.9,145.1,2.0
580,odroid1,2.0,31.6,648.1,547.2,67.4,64.2,2.0
581,odroid2,2.0,119.1,115.1,31.0,31.9,9.7,2.0
582,odroid1,2.0,166.2,113.7,157.6,386.7,116.5,2.0
583,rpi-8c,2.0,155.4,470.6,34.9,133.3,84.7,2.0
584,rpi-8b,2.0,102.4,10.5,651.6,130.8,194.9,2.0
585,rpi-8b,2.0,354.5,70.9,209.7,177.7,254.4,2.0
586,rpi-8a,2.0,85.8,87.9,9.0,88.8,37.3,2.0
587,rpi-8d,2.0,26.2,24.9,448.4,5.2,101.6,2.0
588,odroid1,2.0,21.8,76.8,384.8,33.3,12.1,2.0
589,rpi-8a,2.0,123.1,60.0,41.2,365.5,252.8,2.9
590,odroid1,2.0,41.8,438.6,28.0,45.9,53.5,2.0
591,odroid3,2.0,166.2,225.9,133.0,12.7,44.3,2.0
592,odroid1,2.0,91.5,347.7,18.8,4.7,73.5,2.0
593,odroid3,2.0,72.0,371.5,6.2,323.6,121.3,2.0
594,rpi-8a,2.0,414.3,69.3,392.2,150.6,237.6,2.0
595,odroid3,2.0,27.2,341.9,195.3,442.8,90.0,2.0
596,rpi-8d,2.0,39.1,586.9,1172.1,12.1,29.8,2.0
597,rpi-8a,2.0,110.8,212.5,15.4,245.3,137.2,2.0
598,odroid4,2.0,5.8,386.9,169.0,3.2,22.3,2.0
599,odroid1,2.0,199.0,237.3,19.7,63.1,192.7,2.0
600,odroid3,2.0,9.9,1061.1,287.7,144.6,9.9,2.0
601,odroid3,2.0,93.9,72.4,163.3,374.3,210.3,2.0
602,odroid3,2.0,42.3,404.8,137.5,50.1,6.1,2.0
603,odroid4,2.0,514.0,100.7,262.8,19.4,56.6,2.0
604,rpi-8c,2.0,113.7,37.7,316.9,108.1,23.5,2.0
605,rpi-8c,2.0,44.8,81.0,467.2,4.3,38.4,2.0
606,rpi-8d,2.0,340.1,92.9,319.8,100.3,102.8,2.0
607,rpi-8a,2.0,49.0,38.1,617.5,41.6,5.7,2.0
608,rpi-8d,2.0,235.8,370.3,20.5,42.6,11.7,2.0
609,odroid4,2.0,476.9,117.9,258.2,173.9,180.0,2.0
610,rpi-8c,2.0,245.2,311.0,68.6,210.8,61.0,2.0
611,odroid1,2.0,316.9,1244.8,23.4,240.2,38.6,2.0
612,rpi-8d,2.0,158.7,95.0,123.4,75.6,71.0,2.0
613,rpi-8d,2.0,1038.9,30.7,122.1,165.9,225.8,2.0
614,rpi-8c,2.0,86.4,205.1,336.2,32.2,196.7,2.0
615,rpi-8c,2.0,80.4,64.8,85.5,142.3,120.4,2.0
616,odroid2,2.0,7.6,365.7,283.8,11.2,31.7,2.0
617,odroid4,2.0,98.4,1182.0,377.0,45.7,16.5,2.0
618,odroid4,2.0,207.3,26.8,198.9,43.7,22.3,2.0
619,odroid2,2.0,67.4,113.8,24.7,56.2,322.1,2.0
620,odroid4,2.0,99.8,1.0,109.7,806.9,209.8,2.0
621,odroid3,2.0,728.0,10.6,252.8,427.1,154.3,2.0
622,odroid3,2.0,227.7,104.8,402.2,276.5,508.9,2.0
623,odroid4,2.0,318.4,99.4,51.0,193.6,222.3,2.0
624,odroid3,2.0,129.4,1.7,617.3,562.0,86.6,2.0
625,rpi-8c,2.0,143.3,83.6,211.1,48.9,76.2,2.0
626,rpi-8d,2.0,100.6,763.9,566.2,202.9,181.8,2.0
627,odroid3,2.0,203.6,159.9,77.6,165.6,48.5,2.0
628,rpi-8c,2.0,150.1,297.5,1056.9,154.4,42.2,2.0
629,odroid4,2.0,24.5,343.8,101.1,138.6,23.3,2.0
630,rpi-4a,2.0,28.0,927.8,267.1,7.0,93.7,2.0
631,odroid4,2.0,35.2,1565.0,118.8,158.6,101.6,2.0
632,rpi-8d,2.0,43.0,17.8,288.4,265.0,113.8,2.0
633,rpi-8c,2.0,62.3,492.7,95.0,146.9,83.1,2.0
634,odroid2,2.0,158.6,114.2,157.9,145.1,63.2,2.0
635,odroid4,2.0,284.3,6.2,121.3,259.6,75.3,2.0
636,rpi-8d,2.0,336.6,5.4,942.4,140.5,13.5,2.0
637,rpi-4a,2.0,43.8,372.9,145.9,284.8,17.7,2.0
638,odroid2,2.0,107.6,423.0,117.5,181.6,74.4,2.0
639,odroid3,2.0,45.6,16.0,426.1,157.6,198.6,2.0
640,rpi-8c,2.0,22.2,445.1,554.6,1475.7,42.4,2.0
641,rpi-8c,2.0,58.6,92.6,1325.1,403.2,52.2,2.0
642,odroid4,3.2,404.0,181.7,48.0,354.2,44.2,2.0
643,rpi-8b,2.0,345.5,325.6,50.3,389.4,61.6,2.0
644,rpi-8a,2.0,58.0,291.7,419.9,39.5,29.4,2.0
645,odroid1,2.0,49.6,187.0,395.6,92.9,39.2,2.0
646,rpi-8d,2.0,19.3,122.2,903.3,122.0,317.2,2.0
647,rpi-8d,2.0,260.6,86.0,116.1,4.3,24.9,2.0
648,odroid3,2.0,357.5,201.2,72.1,69.0,21.1,2.0
649,odroid4,2.0,19.1,921.7,502.6,178.3,13.0,2.0
650,odroid2,2.0,321.6,198.5,18.2,632.9,86.6,2.0
651,rpi-8b,2.0,15.2,645.8,292.6,88.0,26.6,2.0
652,odroid4,2.0,211.8,277.8,14.9,10.1,63.8,2.0
653,odroid4,2.0,174.5,119.4,16.1,163.1,311.1,2.0
654,odroid1,2.0,58.8,482.0,204.4,213.3,21.2,2.0
655,rpi-4a,2.0,2.3,638.2,423.7,5.4,59.3,2.0
656,rpi-8c,2.0,474.4,357.4,83.3,192.7,29.7,2.0
657,odroid4,2.0,14.7,786.6,3.5,306.6,77.3,2.0
658,odroid4,2.0,328.7,42.6,61.7,83.2,25.7,2.0
659,odroid3,2.0,437.3,39.0,102.7,232.6,152.5,2.0
660,rpi-8d,2.0,357.2,178.4,15.4,103.6,175.8,2.0
661,rpi-8a,2.0,201.8,278.1,156.6,148.4,364.8,2.0
662,rpi-8d,2.0,338.5,45.4,405.8,49.7,55.9,2.0
663,odroid3,2.0,155.2,201.5,96.0,50.8,111.1,2.0
664,odroid3,2.0,21.5,144.3,116.5,240.3,77.5,2.0
665,rpi-8d,2.0,678.7,250.4,51.5,17.0,144.9,2.0
666,rpi-8d,2.0,172.3,19.1,778.7,234.3,1123.9,2.0
667,rpi-8c,2.0,41.9,157.5,198.9,266.7,231.3,2.0
668,odroid2,2.0,40.6,133.9,277.1,27.3,205.5,2.0
669,odroid1,2.0,32.7,13.7,486.4,335.6,283.4,2.0
670,odroid3,2.0,126.1,241.8,46.3,245.7,52.4,2.0
671,odroid3,5.9,925.6,15.9,105.2,271.1,221.7,2.0
672,rpi-4a,2.0,18.5,218.9,1168.0,31.9,26.0,2.0
673,odroid2,2.0,151.6,54.7,5.8,32.4,132.0,2.0
674,rpi-8d,2.0,86.5,140.4,44.8,45.5,78.6,2.0
675,odroid2,2.0,174.0,273.5,7.1,46.9,80.3,2.0
676,odroid4,2.0,177.1,34.8,20.2,153.3,51.6,2.0
677,odroid3,2.0,143.1,536.6,239.4,29.9,50.1,2.0
678,rpi-4a,2.0,706.3,196.6,103.8,31.7,90.0,2.1
679,rpi-8a,2.0,33.7,16.6,388.6,269.9,87.4,2.0
680,odroid3,2.0,47.0,246.1,105.3,6.3,15.4,2.0
681,odroid4,2.0,146.3,921.5,256.6,1.7,152.1,2.0
682,rpi-4a,2.0,20.0,781.5,362.8,242.8,55.1,2.0
683,odroid4,2.0,182.0,408.3,280.0,142.5,171.4,2.0
684,odroid3,2.0,306.3,41.8,189.5,64.9,132.9,2.0
685,rpi-8b,2.0,508.2,24.2,119.3,52.2,50.3,2.0
686,odroid2,2.0,57.0,110.5,189.8,12.9,197.5,2.0
687,odroid4,2.0,77.6,18.4,1135.5,71.8,106.7,2.0
688,odroid2,2.0,92.8,400.0,58.2,61.2,60.4,2.0
689,odroid2,2.0,412.1,136.9,132.0,45.0,29.4,2.0
690,odroid3,2.0,1.8,595.9,150.5,64.7,18.7,2.0
691,rpi-8a,2.0,155.0,109.3,236.0,148.0,28.0,2.0
692,odroid3,2.0,27.4,46.6,650.3,183.3,103.1,2.0
693,odroid3,2.0,254.7,19.8,56.8,300.9,123.9,2.0
694,odroid3,2.0,245.9,60.0,41.4,117.9,37.1,2.0
695,odroid3,2.0,34.3,97.4,363.4,59.6,149.0,2.0
696,odroid3,2.0,133.2,397.6,214.3,82.9,258.7,2.0
697,rpi-8a,2.0,14.8,99.6,670.3,209.0,6.1,2.0
698,odroid3,2.0,143.5,80.7,268.4,266.0,358.2,2.0
699,odroid4,2.0,84.3,167.8,201.7,9.5,82.1,2.0
700,odroid1,2.0,19.6,888.6,20.0,279.3,2.8,2.0
701,odroid2,2.0,37.5,777.4,48.0,54.0,43.2,2.0
702,rpi-8b,2.0,238.6,279.2,496.2,160.5,223.3,2.0
703,rpi-8b,2.0,54.5,167.4,59.6,823.9,252.2,2.0
704,rpi-8c,2.0,59.4,227.8,61.4,8.2,417.2,2.0
705,odroid4,2.0,201.8,506.9,216.9,656.0,108.6,2.0
706,rpi-8c,2.0,190.0,77.2,161.7,28.2,71.6,2.0
707,rpi-8a,2.0,20.4,719.3,976.6,9.8,198.3,2.0
708,odroid1,2.0,326.4,38.2,254.9,28.8,376.5,2.0
709,odroid1,2.0,31.7,28.7,298.9,33.0,41.8,2.0
710,odroid2,2.0,294.0,206.5,55.3,15.3,11.5,2.0
711,odroid4,2.0,332.3,158.0,74.5,181.6,266.2,2.0
712,odroid2,2.0,447.8,268.0,3.1,27.0,11.0,2.0
713,rpi-8b,2.0,235.1,19.2,281.9,340.8,123.0,2.0
714,odroid4,2.0,187.4,126.1,29.3,31.3,19.2,2.0
715,odroid1,2.0,192.0,341.8,414.0,78.4,43.5,2.0
716,odroid1,2.0,147.5,122.7,361.2,346.6,179.6,2.0
717,odroid3,2.0,18.0,179.8,477.8,460.9,55.3,2.0
718,rpi-8d,2.0,118.0,207.2,137.2,375.0,207.2,2.0
719,odroid4,2.0,5.4,676.6,112.6,85.5,54.1,2.0
720,rpi-8b,2.0,140.6,196.9,52.1,477.0,177.4,2.0
721,rpi-8a,2.0,88.0,163.9,477.8,600.7,236.6,2.0
722,rpi-8b,2.0,154.7,111.5,8.4,456.6,458.9,2.0
723,odroid4,2.0,61.7,303.1,16.7,222.8,798.8,2.0
724,rpi-8c,2.0,239.7,19.4,81.2,38.3,240.3,2.0
725,odroid4,2.0,115.1,1487.3,41.9,3.2,375.3,2.0
726,rpi-8c,2.0,177.1,385.9,4.2,117.7,126.2,2.0
727,rpi-8c,2.0,167.9,190.0,64.7,229.9,63.7,2.0
728,odroid2,2.0,57.6,48.7,54.1,211.7,48.7,2.0
729,rpi-8c,2.0,103.8,27.9,529.8,486.9,156.9,2.0
730,odroid1,2.0,373.3,19.6,118.9,244.5,164.6,2.0
731,rpi-8c,2.0,423.3,78.8,12.6,335.3,119.1,2.0
732,odroid2,2.0,31.9,517.3,95.3,2.1,129.7,2.0
733,rpi-8c,2.0,121.1,439.8,120.4,105.9,55.2,2.0
734,odroid2,2.0,105.2,515.8,63.8,66.6,9.0,2.0
735,odroid4,2.0,199.2,510.6,128.9,168.6,146.4,2.0
736,odroid1,2.0,178.7,432.8,49.6,66.7,174.2,2.0
737,odroid2,2.0,109.7,514.1,51.4,39.3,17.6,2.0
738,rpi-4a,2.0,381.2,154.3,102.8,113.2,231.7,2.0
739,odroid1,2.0,70.5,465.6,268.5,148.4,23.3,2.0
740,rpi-8d,2.0,31.7,674.7,181.7,19.8,225.5,2.0
741,odroid4,2.0,29.2,438.5,46.9,226.8,49.1,2.0
742,odroid1,2.0,14.2,825.8,261.2,37.6,47.7,2.0
743,rpi-8c,2.0,349.9,114.3,10.7,342.2,321.9,2.0
744,odroid1,2.0,165.7,165.6,285.2,28.1,91.6,2.0
745,rpi-8a,2.0,10.4,522.0,366.6,48.3,26.8,2.0
746,odroid2,2.0,98.1,17.0,472.8,510.8,18.5,2.0
747,rpi-4a,2.0,39.3,334.7,9.7,1.9,32.0,2.0
748,rpi-8a,2.0,238.8,3.1,12.4,295.8,82.9,2.0
749,odroid3,2.0,16.7,30.3,832.4,57.7,56.5,2.0
0,rpi-8d,1170.4,1821.0,1004.9,1215.3,1667.8,1912.9,2471.2
1,rpi-8b,343.9,1591.6,1663.4,500.6,575.9,613.1,681.2
2,odroid4,2372.8,1313.9,1098.9,560.8,933.0,834.5,2289.1
3,rpi-8d,2530.6,2596.2,55.6,517.8,1524.3,2102.8,1897.1
4,rpi-8c,1812.7,1729.0,1914.0,72.6,2085.7,2023.6,1107.3
5,odroid1,876.8,2447.4,1208.8,54.0,1407.1,1194.1,324.2
6,odroid3,1372.4,1003.0,1853.3,1118.6,337.0,805.7,1663.5
7,rpi-8c,362.4,2587.6,1323.4,1308.0,1304.3,25.1,337.3
8,odroid1,1256.8,991.4,2077.2,1308.3,253.4,105.2,682.4
9,odroid1,436.1,1022.9,1016.4,2057.1,28.4,1721.5,755.6
10,odroid4,2473.3,958.4,1594.0,1267.4,2270.5,1761.7,2445.9
11,odroid4,948.1,1295.3,255.8,131.9,1196.6,1967.0,1133.4
12,odroid4,2087.0,1712.6,673.0,1063.8,1180.2,28.0,1293.4
13,rpi-8d,1147.2,891.1,1111.3,1647.1,699.2,113.2,2579.3
14,rpi-8d,2170.9,2496.8,972.5,999.7,2213.8,317.6,2484.1
15,rpi-4a,501.9,2621.5,807.8,499.1,2277.0,87.6,1891.6
16,rpi-8b,1628.6,51.0,601.9,1705.1,2204.4,969.6,2505.5
17,rpi-8b,1144.6,656.7,2501.7,1497.6,486.5,1987.3,611.6
18,rpi-8d,883.7,889.2,2441.6,359.7,1970.2,2008.7,1389.5
19,rpi-8b,2483.6,1645.4,34.9,1232.1,1436.2,604.4,1768.5
20,rpi-4a,889.4,2666.8,124.9,532.3,1537.7,2060.3,2376.4
21,odroid4,2451.0,1178.4,1919.5,2043.3,667.9,757.2,2414.5
22,odroid3,72.3,2470.0,1219.8,1415.4,207.4,2028.9,1007.2
23,rpi-8c,490.0,2038.1,2487.2,1354.1,776.1,1396.1,690.0
24,odroid1,1996.4,604.6,2403.4,1212.7,43.9,117.3,321.7
25,odroid3,2409.8,2710.0,443.7,1679.8,2130.6,2368.1,2599.6
26,rpi-4a,1002.0,393.3,147.5,664.7,324.4,216.7,145.7
27,odroid1,1892.0,1062.6,455.5,1529.0,1354.6,2051.9,772.0
28,odroid1,1596.3,1908.4,175.7,1902.4,1381.0,1583.0,434.3
29,rpi-4a,2473.3,1922.8,887.2,2139.4,956.1,1391.9,2198.4
30,rpi-8c,761.8,2516.5,1660.5,2061.4,1224.6,775.3,1187.5
31,rpi-8b,574.8,363.1,793.8,1874.9,1037.2,1690.9,2005.5
32,rpi-8b,764.6,714.7,1540.6,293.0,649.6,1438.0,508.5
33,rpi-8b,2282.2,2615.9,2087.9,684.0,739.9,2203.6,1929.7
34,rpi-8a,1145.2,1745.4,1957.8,165.4,1556.3,1628.3,2237.6
35,rpi-8c,1158.8,2326.4,2492.5,328.0,297.0,474.5,377.6
36,rpi-8b,1813.1,1471.5,1849.0,652.5,1569.0,2217.6,1966.2
37,odroid4,1740.1,1885.4,1490.6,1508.5,129.6,766.1,1190.4
38,rpi-8d,1433.6,998.4,821.6,1966.4,1821.1,1714.9,1726.5
39,odroid1,2368.1,553.9,1844.3,674.8,295.3,1124.3,1390.2
40,odroid2,1348.3,44.3,2155.5,1404.9,1840.7,1798.6,204.7
41,odroid3,136.2,621.8,2497.8,1828.0,979.9,70.0,648.0
42,rpi-8b,368.3,382.5,1563.4,1317.3,514.5,1065.6,764.2
43,odroid1,1656.8,961.5,2403.2,1921.4,1881.2,343.1,1464.4
44,odroid3,1815.8,91.2,2168.9,910.8,946.1,30.3,596.1
45,rpi-8d,639.9,274.9,2470.6,1277.8,645.4,1568.3,1005.7
46,rpi-8c,1214.3,464.6,1894.6,1007.9,1497.9,1119.0,606.5
47,odroid2,1197.2,500.2,2638.6,323.0,390.0,397.2,186.3
48,rpi-8c,1270.1,1733.2,1225.3,1091.7,1052.3,1660.8,2132.2
49,rpi-4a,1054.7,2467.4,1883.1,814.1,268.0,1869.3,1967.0
50,rpi-8b,280.3,589.1,515.0,2125.4,1784.6,1594.1,1818.4
51,rpi-8c,1840.2,936.5,364.8,2099.4,1725.4,788.0,1644.1
52,odroid2,2365.7,314.2,1437.7,1236.8,153.8,1382.9,1134.2
53,rpi-8b,2548.8,894.3,2006.0,342.2,1485.2,2175.1,1324.8
54,odroid4,2253.9,2545.9,1198.8,664.8,2017.4,2384.6,2630.1
55,odroid4,2084.1,473.2,2066.5,1163.5,64.4,425.4,13.4
56,rpi-8c,2490.6,1627.7,125.8,239.0,1699.7,2014.0,2395.0
57,odroid4,2551.6,207.2,1132.9,100.3,1522.7,130.6,1332.2
58,odroid4,2558.3,2661.2,98.0,20.1,2273.2,2355.9,2538.9
59,rpi-8a,1123.0,1210.0,127.7,560.1,2196.5,1900.6,2258.5
60,rpi-4a,530.3,1985.3,1475.6,1628.0,600.4,772.1,148.4
61,odroid3,1358.9,1224.8,2659.0,1260.5,278.9,607.4,1167.9
62,rpi-8c,1759.5,1994.0,1727.3,845.8,1295.2,2312.9,1812.5
63,rpi-8d,465.9,16.7,2439.5,1127.5,586.0,22.1,1540.2
64,rpi-4a,2032.4,2269.9,215.2,332.5,1694.1,2276.2,1840.6
65,rpi-8a,1554.8,910.0,570.8,1504.6,1203.9,802.4,254.5
66,odroid2,374.5,2617.7,1852.0,961.2,216.3,1626.4,431.4
67,odroid3,1848.8,2354.6,1490.4,610.1,217.9,1862.7,974.4
68,rpi-8a,1593.5,2658.2,172.3,645.7,2025.3,2208.8,2554.4
69,rpi-8d,1472.4,1160.6,1976.2,958.3,1423.8,1216.7,1454.6
70,rpi-8b,2266.5,1855.3,318.4,619.7,2243.8,2174.6,1793.8
71,odroid3,429.9,2640.8,2398.1,421.5,454.6,433.5,889.7
72,odroid4,1059.6,1473.8,1658.6,1977.5,986.1,1053.8,150.1
73,rpi-4a,2178.2,415.8,1033.5,2082.7,1231.2,283.5,1040.2
74,odroid1,715.1,579.4,508.6,1551.1,1805.4,2305.8,2466.3
75,rpi-8b,656.7,380.3,2208.6,1831.7,198.4,246.7,740.3
76,rpi-8c,1062.1,1992.5,1124.5,1320.1,2089.9,662.3,2550.5
77,rpi-8c,1523.3,31.5,2446.4,300.4,31.3,966.7,409.2
78,rpi-4a,134.7,2717.1,839.5,1062.0,184.8,698.0,239.8
79,rpi-8d,2218.8,1086.3,4.0,1481.4,1788.4,1540.3,647.8
80,rpi-8c,1650.8,783.9,182.6,1316.2,1054.7,1500.5,851.5
81,rpi-8a,891.0,827.8,582.4,1884.1,1860.9,1726.4,356.5
82,odroid1,1223.5,158.7,2448.7,1148.7,807.0,110.7,61.6
83,rpi-8b,768.0,1094.3,2073.2,1551.8,1879.0,1499.0,2166.6
84,rpi-8d,2114.6,1747.3,725.5,1287.1,346.5,1241.2,1546.1
85,rpi-8a,362.6,693.6,1844.5,1616.1,1687.5,1052.8,765.5
86,rpi-8a,1742.1,1035.1,1083.5,1384.3,103.5,750.4,2613.8
87,rpi-8b,1501.0,1740.5,741.8,180.3,1677.8,1776.1,1437.9
88,odroid2,2121.9,2646.9,1332.2,1377.5,1081.2,1227.2,2432.4
89,odroid2,1562.4,251.5,2562.5,1248.5,1887.3,766.2,1649.4
90,odroid4,1583.1,77.3,599.5,685.7,1702.5,670.9,1769.1
91,odroid1,2069.4,876.7,2642.0,1069.8,876.2,693.9,1899.3
92,rpi-8a,1329.5,653.4,2483.9,200.3,2055.6,313.8,1204.1
93,rpi-8b,1205.3,1289.2,2642.0,1574.4,765.4,244.1,1264.0
94,odroid3,1530.1,2088.7,687.4,585.2,612.5,2307.3,1898.0
95,odroid1,256.2,2171.5,2203.1,1589.8,54.5,212.8,23.2
96,rpi-8c,93.2,1143.3,1079.7,81.2,720.4,582.7,292.7
97,odroid2,1108.7,2521.2,1705.0,1217.9,2224.1,1151.0,1813.5
98,rpi-8d,1104.0,2504.9,236.8,341.8,1506.3,828.1,381.3
99,odroid4,2379.7,1467.5,604.7,736.2,790.5,1775.9,1800.2
100,rpi-8b,2126.7,104.9,1242.9,378.5,557.2,539.8,276.8
101,rpi-8c,1147.9,737.8,2652.5,697.6,466.2,1343.9,709.4
102,rpi-4a,1635.8,2201.1,1319.4,226.9,2183.1,2062.9,2592.4
103,odroid4,2511.6,1268.6,169.6,1369.5,1978.1,2108.4,2064.0
104,rpi-8a,1582.1,110.7,1735.7,857.5,731.2,1921.4,1169.5
105,odroid3,1288.3,2660.0,1688.9,230.7,1740.7,1299.7,373.9
106,odroid4,664.9,2464.9,1859.7,1843.3,518.1,6.2,245.9
107,odroid4,116.7,2041.2,1556.5,1094.6,1625.3,1148.5,1122.0
108,odroid2,1167.4,2253.4,2425.7,746.1,673.0,426.1,1023.4
109,odroid4,1788.5,76.3,2504.7,961.4,1672.7,1865.6,793.8
110,odroid3,1133.7,1927.9,2389.8,237.1,1969.3,2105.1,1782.0
111,odroid1,1896.2,2242.4,1279.1,1749.9,2204.0,298.0,1491.2
112,odroid4,279.3,605.5,2675.8,1512.8,177.0,842.9,669.6
113,rpi-8a,1458.6,1431.8,790.1,815.1,412.7,849.1,1731.0
114,odroid1,2033.2,1390.3,2561.0,1034.4,1641.0,284.8,1077.3
115,rpi-8d,2228.0,2107.8,812.6,1521.6,2015.4,2134.4,2624.7
116,rpi-8b,764.1,462.7,1631.8,712.7,1300.0,881.9,330.3
117,odroid4,1241.0,2414.4,728.0,1615.1,152.3,525.6,654.1
118,rpi-8d,1395.2,1021.8,357.9,1312.2,1961.5,68.7,664.4
119,rpi-8a,316.5,1733.5,598.4,2028.5,904.4,67.8,1061.4
120,rpi-8d,357.4,918.5,230.3,1797.4,1082.4,1133.3,1802.7
121,odroid3,1162.1,1733.8,1815.7,1415.3,567.0,1194.6,388.1
122,odroid2,1798.4,329.5,1594.7,1772.0,1359.7,1429.9,2560.9
123,rpi-8b,729.5,1113.2,1127.9,1077.2,1456.2,1485.8,1533.8
124,odroid1,220.5,2063.8,697.7,1875.5,1716.1,1255.9,648.8
125,odroid3,1630.6,1261.4,1980.9,971.4,341.0,335.6,1170.3
126,odroid2,2227.3,1475.2,1927.5,79.2,1974.9,1936.4,2442.2
127,odroid4,1805.1,2684.6,271.2,1542.3,958.3,2229.2,1978.2
128,odroid1,1661.8,2324.9,210.4,493.1,694.2,330.3,565.2
129,rpi-8c,1027.5,930.9,773.8,1761.1,1355.5,1214.2,750.4
130,odroid4,2495.2,376.5,2086.9,650.8,1144.0,2091.0,1482.6
131,rpi-4a,2220.4,2398.0,642.1,1426.6,128.5,2250.4,733.8
132,rpi-8c,21.0,2727.2,1292.4,989.4,1052.3,1228.3,975.3
133,odroid4,2283.2,2330.1,1642.6,573.0,1318.7,938.7,404.1
134,rpi-8d,683.9,1763.3,1861.2,1197.2,1076.1,145.6,2095.8
135,odroid2,1366.9,2272.9,689.1,524.9,561.3,1734.8,2427.2
136,odroid2,2107.2,2607.9,8.7,1116.4,1142.3,1351.2,2046.7
137,odroid2,127.8,103.2,2204.9,637.6,1982.4,553.2,150.3
138,rpi-8d,764.4,511.0,1633.6,1454.7,325.1,1174.7,2477.9
139,odroid2,1870.3,1620.0,2494.5,445.4,999.1,1733.6,1435.6
140,rpi-4a,1047.5,796.2,602.1,1299.8,1748.8,1384.1,2456.7
141,odroid2,1992.3,2532.0,49.4,191.9,918.2,1593.7,1995.2
142,odroid4,1892.8,794.4,1644.8,601.5,520.0,1592.7,1600.0
143,rpi-8c,2486.6,1744.2,341.6,975.5,2168.2,620.3,1536.7
144,odroid2,1873.5,519.3,2304.9,1727.4,1313.1,753.3,1529.8
145,rpi-8b,252.6,741.3,782.2,1311.5,1315.7,621.4,36.1
146,rpi-8a,1149.7,511.7,2381.9,1310.6,569.2,577.7,1441.8
147,odroid1,1769.7,970.2,1101.7,1505.0,1902.9,455.0,882.3
148,rpi-8a,248.8,1928.4,2225.1,1251.4,1065.7,315.7,85.2
149,odroid1,2516.8,2122.3,1284.6,991.9,2232.9,1543.3,1970.1
150,odroid2,828.0,469.7,1757.2,1502.5,749.4,2055.8,1992.3
151,odroid3,2544.1,2500.4,11.2,1375.6,2232.6,2321.3,1232.8
152,rpi-8c,605.1,2460.7,183.8,2100.7,139.6,33.5,1499.6
153,rpi-8c,965.7,94.6,2370.3,1139.3,482.9,280.1,2365.5
154,rpi-4a,2069.8,2514.9,2282.1,537.3,1234.7,1213.0,1944.7
155,odroid1,2110.2,98.8,2437.9,7.7,1087.1,2052.7,1572.2
156,rpi-4a,2259.5,2296.0,517.0,335.0,2080.3,844.6,2442.5
157,odroid4,864.7,1563.8,1308.6,665.0,709.9,1831.0,589.2
158,rpi-8c,2031.1,2223.2,594.7,686.0,570.5,1287.8,973.2
159,odroid2,231.6,1640.2,2028.1,1087.8,1000.7,129.9,128.7
160,odroid2,629.0,1630.0,2454.2,729.3,253.5,1424.5,528.3
161,odroid4,458.4,1054.9,1854.5,721.8,2124.1,1540.8,1845.1
162,odroid3,1288.0,1800.9,1246.3,1845.8,1312.1,1116.5,1022.2
163,odroid4,932.8,1681.3,2053.7,687.1,707.7,612.7,396.2
164,rpi-8c,1061.0,1464.1,2154.0,1315.6,917.8,1036.7,240.7
165,rpi-8b,1536.2,2080.0,329.7,588.8,1766.5,1629.2,2212.0
166,rpi-8b,57.2,136.3,2098.9,1913.2,617.1,419.3,419.4
167,odroid2,55.0,357.6,1674.0,1876.4,403.1,404.7,359.4
168,rpi-8c,446.5,922.1,2295.7,956.3,603.2,610.3,268.2
169,odroid1,1739.3,1323.1,1352.9,704.6,1740.5,910.1,1373.0
170,rpi-8b,1275.3,566.9,1328.0,1155.2,570.9,810.7,189.7
171,odroid4,9.0,730.4,946.4,587.9,207.0,1753.0,19.0
172,rpi-8c,2401.8,31.9,1873.9,2022.4,2112.8,1074.0,1043.3
173,odroid1,2050.0,1324.9,2351.3,31.9,114.3,1668.9,2248.2
174,rpi-8d,931.0,581.2,2517.1,1666.2,45.8,95.4,2219.6
175,rpi-8c,1420.9,96.9,1909.2,1105.8,688.3,1320.5,1992.6
176,rpi-8d,1713.5,2517.1,1674.8,776.6,459.1,2179.7,854.2
177,rpi-8a,749.7,2525.7,1194.5,17.9,2198.6,986.0,1742.9
178,rpi-8b,1467.3,2044.4,829.4,488.9,626.6,240.7,366.5
179,rpi-8d,541.9,538.2,1062.8,1359.8,574.5,2237.8,88.3
180,odroid1,679.9,2630.3,568.9,539.6,2266.3,2189.9,1251.0
181,odroid3,961.5,114.9,1492.3,1494.1,898.8,1033.8,792.5
182,rpi-4a,2139.9,2700.2,1395.8,1137.9,1539.4,450.2,2229.1
183,odroid3,316.2,32.9,638.4,1629.7,794.8,657.7,1415.2
184,rpi-8a,2017.0,407.8,1049.9,1988.1,2056.9,611.8,1384.3
185,rpi-4a,1542.0,1853.1,130.1,1758.7,104.8,2346.6,1489.5
186,rpi-4a,447.0,2126.4,402.5,1078.6,522.5,1382.9,2456.6
187,rpi-8b,2335.6,215.2,457.9,1741.3,2080.8,1783.0,2605.8
188,rpi-8c,578.3,2638.2,382.4,2039.2,213.2,8.5,167.3
189,odroid4,1846.5,409.3,2193.2,141.1,315.7,123.4,592.8
190,odroid2,1956.4,1357.8,1478.1,1123.0,2018.0,414.0,1881.2
191,rpi-8a,698.3,320.3,1712.3,1057.5,645.6,624.0,1688.7
192,odroid1,1965.6,1661.5,1020.2,2024.4,1135.6,635.3,2372.5
193,odroid1,1241.0,656.0,261.8,1870.9,1709.4,1621.2,395.9
194,rpi-4a,352.9,2278.7,2512.0,484.4,1305.4,1840.9,424.4
195,rpi-4a,118.2,505.2,2456.7,907.7,543.2,267.3,1308.0
196,odroid1,1176.1,2666.8,559.7,434.5,749.4,1376.7,1227.8
197,odroid1,2436.7,2532.2,1486.1,6.4,1130.7,491.7,941.7
198,rpi-8b,2162.8,786.4,1390.1,1323.8,1159.4,87.8,46.4
199,rpi-8b,461.9,109.4,1550.3,2057.1,1717.5,1326.8,236.7
200,rpi-4a,355.8,395.8,2404.3,705.5,11.7,914.2,1674.0
201,rpi-8b,644.4,944.3,2389.6,1536.2,377.0,1209.0,148.4
202,odroid3,1165.9,1340.1,1932.0,1715.1,579.1,331.4,1161.8
203,rpi-8b,145.5,1448.7,1710.0,1078.4,110.0,2114.3,865.8
204,rpi-8c,1700.6,773.7,1245.4,212.7,2202.9,1163.9,884.9
205,odroid4,1278.1,856.8,2159.0,202.3,969.6,746.6,1508.0
206,rpi-4a,1117.4,2608.2,1377.9,840.2,499.9,1170.0,2240.1
207,odroid2,30.9,1987.1,1501.1,1073.4,1971.6,212.5,399.3
208,rpi-4a,1142.9,2176.6,1150.3,622.0,1683.8,2355.7,795.4
209,odroid1,1772.6,1758.9,573.0,1828.2,788.5,1824.2,1830.8
210,odroid2,2289.0,73.8,2089.4,1832.9,165.6,2063.9,896.3
211,rpi-8a,303.8,1801.4,1751.3,856.6,603.0,2336.3,796.3
212,odroid3,1538.1,889.1,261.2,1071.3,1879.0,1689.5,492.6
213,odroid1,2347.5,157.8,2028.3,1570.3,284.5,798.0,1495.2
214,rpi-8d,314.5,764.4,2044.5,1512.8,659.4,1666.9,489.5
215,rpi-4a,1713.4,2222.9,2067.1,181.2,1601.8,569.0,313.1
216,rpi-4a,372.4,388.2,2031.1,128.7,869.5,34.0,609.6
217,rpi-8c,1799.0,573.4,2405.3,1353.2,1592.1,229.8,286.5
218,odroid4,1681.7,1422.8,609.9,2097.1,1704.1,935.3,1208.0
219,odroid4,2349.9,604.5,440.1,1536.1,2226.2,2086.1,2628.2
220,odroid3,508.0,1428.9,1064.9,1712.1,1431.9,900.0,214.5
221,rpi-8d,950.2,938.7,2010.0,303.2,883.6,1693.7,1362.2
222,odroid2,1920.5,146.6,1529.0,2061.6,965.7,514.0,932.6
223,rpi-8a,1559.9,1145.7,1032.0,954.5,1136.8,1272.9,1002.6
224,odroid2,301.4,2707.3,638.4,1940.9,464.2,1720.2,53.3
225,odroid2,1516.7,398.0,2491.0,98.7,1828.6,2370.6,644.5
226,odroid1,1202.8,1799.6,1812.1,1067.8,656.3,1248.5,1233.1
227,odroid1,1993.9,1353.3,1484.1,2015.0,1070.9,2169.9,1877.4
228,rpi-8a,2275.6,1147.8,1586.2,1652.6,1134.8,1008.9,1021.7
229,odroid2,345.3,1047.4,1504.7,829.6,227.5,429.4,5.2
230,rpi-8c,1133.7,2355.7,710.0,143.6,501.1,754.0,149.6
231,rpi-4a,161.2,2250.6,2582.2,1054.3,94.0,1072.6,478.4
232,odroid4,1743.6,1709.4,2597.4,1319.1,1167.3,1342.2,2134.2
233,rpi-8b,2014.6,1427.4,1270.8,1330.6,870.8,1278.9,1826.3
234,rpi-8c,2489.0,1772.0,370.2,1295.5,1995.1,731.8,1004.7
235,rpi-8b,190.9,685.9,1733.4,638.4,735.2,1473.5,138.9
236,odroid4,398.7,2055.8,753.9,72.5,857.2,642.2,1749.1
237,rpi-8c,1940.2,1413.9,1689.2,590.1,1773.6,1556.3,521.1
238,rpi-8d,1087.1,1238.0,1955.5,1382.4,116.6,1335.4,433.1
239,rpi-8a,755.9,376.9,1721.7,1989.1,2041.4,994.9,1162.6
240,rpi-8c,701.6,2211.4,1520.2,301.1,1244.3,869.9,339.2
241,rpi-8b,1132.5,421.8,1011.2,1036.2,1851.0,1803.7,2492.1
242,odroid3,1076.8,1266.7,238.5,854.3,2233.3,2220.3,653.0
243,rpi-8c,917.2,1654.6,1125.8,1248.2,438.6,1070.2,1288.3
244,odroid1,32.0,21.6,2305.0,2029.9,623.5,717.0,398.1
245,rpi-4a,2024.6,322.9,2076.4,374.0,893.2,696.4,1578.2
246,rpi-4a,458.9,257.4,2116.5,710.9,113.2,1253.7,2023.7
247,rpi-8a,1542.3,1191.1,977.9,396.8,950.1,1206.1,1557.9
248,odroid1,2501.4,2595.7,149.6,1858.7,2105.4,1070.5,868.6
249,odroid2,1825.5,1388.5,1873.0,341.3,1272.8,1963.7,1969.6
250,rpi-8d,1109.6,264.3,2013.0,1621.5,184.5,1522.7,783.5
251,rpi-4a,316.8,812.6,2542.0,932.7,1103.9,287.6,2362.4
252,rpi-8c,1198.6,2476.2,2337.5,603.8,708.3,1944.1,1536.9
253,odroid4,2263.6,54.2,2392.6,1126.1,1219.8,900.7,2397.7
254,rpi-4a,357.1,1113.9,2661.5,175.7,1664.4,521.6,1147.9
255,odroid4,521.3,648.9,2637.5,477.5,1325.4,64.4,1410.2
256,rpi-8d,1158.2,159.3,1139.7,1481.1,1383.3,771.8,1199.5
257,odroid1,1051.4,1703.6,2387.9,1037.3,1783.0,1702.2,2601.4
258,odroid2,930.8,1573.1,2002.2,855.0,1775.4,747.1,269.0
259,rpi-8d,1052.0,2698.1,393.2,785.3,1647.8,650.7,482.8
260,odroid4,1365.5,1047.9,600.4,1134.8,444.0,288.8,2242.3
261,rpi-8b,766.6,340.8,924.6,972.9,1099.9,731.0,236.1
262,rpi-4a,25.7,216.5,99.1,1035.7,1759.1,108.9,465.5
263,rpi-8c,89.5,940.0,2325.0,2014.9,1561.1,2254.9,1545.8
264,rpi-4a,2370.7,1329.5,596.9,1316.4,1674.6,2018.4,1806.9
265,odroid1,2274.3,1543.5,469.2,254.0,1894.3,2206.8,1446.0
266,odroid1,1724.4,846.6,777.3,68.2,736.9,2285.1,1967.5
267,odroid3,1411.8,1183.3,969.0,1791.5,1992.7,1572.5,150.2
268,rpi-4a,1473.3,2148.1,2432.4,156.3,1389.9,2335.7,2018.7
269,odroid4,734.8,1607.9,1842.6,407.8,1982.8,430.0,930.1
270,rpi-8d,1374.7,2017.5,389.6,1369.0,1471.4,215.9,1707.5
271,odroid1,1120.8,886.9,1832.1,723.5,303.4,1489.1,852.2
272,odroid1,2560.4,1978.2,1649.4,165.8,1512.4,2291.2,1860.9
273,rpi-8b,1911.9,1095.6,795.5,928.3,2099.9,1697.0,1725.8
274,odroid3,1233.1,561.4,1169.7,748.9,1891.5,1623.2,1031.2
275,rpi-8d,913.2,361.4,654.3,2066.8,236.1,1935.3,1371.3
276,odroid4,26.1,674.1,2558.0,2032.6,4.9,992.0,2119.1
277,odroid1,130.5,2129.2,627.5,549.2,456.1,1983.1,1061.8
278,odroid4,132.6,1666.4,1707.6,578.0,1832.2,1578.2,1069.4
279,odroid2,2541.0,1924.7,970.7,428.3,1848.7,2031.7,2478.2
280,rpi-8d,2145.6,521.7,2303.4,1188.2,898.2,507.2,1825.6
281,odroid1,1565.2,999.7,1074.2,1887.7,1216.5,931.6,2365.0
282,rpi-8a,623.5,1460.7,1135.7,1806.7,1552.9,1195.7,1273.5
283,rpi-4a,101.1,1817.1,2414.6,1936.6,1457.1,1563.4,1379.9
284,rpi-8d,490.9,797.7,1748.1,533.9,176.1,198.5,765.4
285,odroid2,373.4,900.8,2084.9,2069.2,141.3,7.2,1890.8
286,odroid4,837.3,2270.9,1518.7,692.8,1941.8,2176.0,1842.7
287,odroid4,1513.3,1075.5,2606.7,130.0,483.7,23.7,1261.0
288,rpi-4a,767.3,1804.5,1694.6,247.3,1771.1,356.2,1777.6
289,odroid1,1122.1,1942.2,214.6,1869.6,1081.6,2373.6,1442.1
290,odroid3,761.1,1599.4,1327.4,1699.8,1666.7,1143.1,1919.6
291,rpi-4a,247.4,2146.4,1990.5,1899.7,861.1,330.3,2025.8
292,odroid1,995.5,2146.9,2255.2,190.9,14.1,620.5,1021.3
293,odroid2,1972.4,1525.3,1042.2,1700.5,863.4,1419.9,237.5
294,odroid1,2237.8,1983.8,977.4,631.8,872.7,2145.9,843.4
295,odroid4,1800.6,1476.3,2138.9,18.8,977.1,839.6,2415.0
296,rpi-8a,1730.2,2192.8,961.5,1534.6,427.1,1517.2,1745.8
297,rpi-8d,1174.1,1142.4,1473.0,1145.8,2050.7,1850.3,1776.1
298,odroid3,1358.1,2616.0,1532.2,797.6,853.0,1143.6,1477.8
299,rpi-8c,443.9,1045.6,2392.1,2108.5,114.8,834.7,1360.5
300,rpi-8c,755.8,457.8,514.9,2067.9,1118.6,550.2,1128.7
301,odroid3,187.1,482.9,2318.3,411.3,2205.8,486.0,1332.3
302,odroid2,599.4,1699.4,2304.8,855.5,307.1,2087.5,1002.1
303,odroid2,1559.5,1674.9,1803.8,65.0,816.2,1942.4,1177.8
304,rpi-8d,1501.3,1434.1,822.5,1437.3,1894.3,1833.0,2456.9
305,odroid1,939.6,1108.3,1277.8,676.3,10.7,619.8,19.5
306,rpi-8a,1391.5,240.9,474.5,563.6,1959.1,659.0,1285.4
307,rpi-8a,2535.8,1649.2,2076.9,541.6,1587.8,1679.2,785.6
308,odroid4,2268.0,901.7,1834.5,1687.0,599.7,1946.4,976.3
309,odroid4,2148.7,1311.7,1201.6,1261.3,2162.0,674.6,1639.5
310,rpi-8c,585.5,191.1,1269.6,351.6,2181.9,190.5,1611.5
311,odroid1,1284.9,1550.5,258.5,1624.9,1322.4,1666.1,1553.3
312,odroid2,1468.7,1298.2,2287.2,78.8,615.2,1310.8,1486.6
313,rpi-8b,1760.6,846.1,2151.1,584.9,1710.8,756.1,179.1
314,odroid3,1919.2,883.5,1074.3,631.7,631.7,1202.7,904.3
315,odroid1,1832.4,565.2,404.8,972.1,2029.2,795.7,1224.1
316,odroid4,211.5,726.0,1464.1,1127.2,1927.4,1885.2,1274.3
317,odroid3,2245.4,1711.3,257.7,1974.2,1733.5,1800.1,1526.1
318,rpi-8c,1067.4,431.1,2119.3,1397.5,536.0,1769.9,1329.2
319,rpi-8d,511.0,2119.2,1948.2,1052.2,1878.3,1196.3,2167.0
320,odroid3,1484.5,1610.3,2083.1,972.7,680.3,2162.9,2580.6
321,rpi-8c,2307.8,1990.7,197.5,1551.6,1772.4,1450.3,1918.4
322,odroid2,2402.4,2340.0,697.7,186.9,1440.6,1842.3,1509.5
323,odroid2,2523.2,301.1,1150.8,1223.5,1914.2,2093.7,2377.2
324,rpi-8b,755.9,911.8,1110.7,1854.8,2023.8,2343.2,433.0
325,rpi-8d,711.4,488.3,845.8,751.6,670.3,26.0,243.1
326,rpi-8a,918.9,94.4,1614.1,2067.0,631.1,1250.6,2340.0
327,odroid4,766.4,1153.3,2668.7,1563.6,484.2,177.2,493.3
328,odroid4,1989.4,1367.9,2008.6,206.8,423.7,1637.5,1401.9
329,rpi-8b,1707.4,1614.7,1034.5,509.9,2225.7,30.3,1025.3
330,odroid4,1078.1,20.1,1282.8,2075.3,498.3,658.4,1780.7
331,odroid2,580.5,504.6,1778.5,852.1,1038.7,371.1,260.0
332,rpi-8d,1756.6,801.7,2274.4,50.3,837.2,668.8,1375.1
333,rpi-4a,1047.5,1748.6,1047.6,1821.2,1648.6,848.7,2319.5
334,odroid3,835.1,1112.7,234.1,494.3,1756.2,1226.4,460.8
335,rpi-4a,918.7,1518.3,1544.0,1291.7,1066.7,1046.2,1488.9
336,odroid2,1997.7,1550.3,1045.6,1031.7,1063.2,170.6,1045.4
337,rpi-8d,787.1,2448.5,1702.8,673.9,1446.9,974.3,1500.3
338,rpi-8d,63.4,1334.1,2483.8,727.5,1299.7,826.9,1512.1
339,rpi-8c,989.5,1991.6,503.8,1536.0,2092.9,793.9,2034.1
340,rpi-8b,1205.3,949.9,131.1,1629.2,2225.1,1346.8,1017.3
341,odroid1,1448.8,2323.1,74.6,470.4,2272.4,1257.9,665.6
342,rpi-8c,528.4,636.4,1889.0,819.1,790.9,450.9,13.3
343,odroid4,698.9,2147.7,142.8,375.9,2024.6,1742.3,2085.9
344,rpi-8a,376.3,1206.8,2552.6,1858.5,150.8,2004.3,792.1
345,odroid2,1361.3,1184.9,1822.3,1641.2,958.7,425.9,1797.8
346,rpi-8d,719.5,1639.9,1048.9,395.5,1672.9,502.7,1490.5
347,rpi-8b,731.1,1937.5,829.7,1275.4,2118.2,499.3,1885.3
348,rpi-8c,27.0,597.3,1625.3,472.7,601.2,1966.6,1002.0
349,rpi-8c,1050.3,562.8,2001.5,1966.6,1218.0,2058.5,935.6
350,odroid1,815.4,1503.6,2510.7,1669.9,1967.7,1582.1,1597.3
351,rpi-8a,1521.0,215.1,177.1,1134.8,2252.6,2347.8,335.2
352,rpi-8b,1088.0,1853.9,140.6,565.8,354.3,2265.3,871.8
353,odroid2,1262.2,945.2,2539.2,1292.2,1486.6,238.1,831.4
354,rpi-8c,2002.7,127.8,2474.4,1528.3,961.1,1126.2,2319.3
355,rpi-8d,2042.4,2177.0,2467.8,1230.6,415.7,1468.1,1381.4
356,odroid3,1861.3,2108.3,1829.0,1542.2,157.6,171.2,838.3
357,odroid4,1812.6,1697.2,1397.2,87.4,374.3,715.1,2185.1
358,rpi-8c,43.8,548.1,476.7,2106.8,1447.0,607.3,638.7
359,odroid3,2537.7,1648.5,1036.5,1061.5,921.4,1859.7,2522.3
360,rpi-8c,237.1,846.8,1465.9,360.0,1160.5,164.2,288.9
361,odroid2,1135.5,1021.5,1790.4,1053.2,445.0,1809.8,1208.1
362,odroid1,254.4,2404.1,1575.9,1986.8,1358.4,2020.7,2117.5
363,rpi-4a,133.2,1663.0,221.4,1723.0,123.2,919.6,89.9
364,odroid3,1958.3,2185.6,1645.0,1009.6,1808.2,929.5,2118.3
365,rpi-8a,719.5,139.0,1886.0,1217.7,1799.3,736.3,1466.1
366,rpi-8d,640.8,765.8,2536.8,11.0,2172.7,528.4,2613.9
367,rpi-8a,1963.8,2263.3,360.8,97.9,983.1,2192.0,262.5
368,rpi-8d,1935.7,208.0,2005.4,954.6,1125.3,1896.0,1206.4
369,rpi-8d,1665.7,2014.8,1450.3,144.1,1861.2,1662.8,1310.0
370,rpi-8d,267.8,993.9,1607.5,1789.6,886.9,446.5,1999.4
371,odroid4,2246.6,354.2,2495.4,68.5,1738.5,288.2,1672.0
372,rpi-8c,336.5,1852.0,178.3,1932.4,1744.7,1888.6,2328.1
373,rpi-8a,2437.5,2687.2,1484.1,1006.9,1473.0,426.0,1108.2
374,odroid4,1608.3,2124.6,1427.1,73.3,355.8,72.4,1069.0
375,rpi-8b,1093.5,1756.7,113.5,1704.3,251.3,1581.7,1615.9
376,odroid3,1887.5,699.7,2505.6,318.4,423.4,1420.6,2472.6
377,rpi-8b,1176.8,705.1,2378.6,175.6,841.0,2280.3,1608.3
378,rpi-8c,69.8,1043.1,2093.6,1362.6,2007.2,1364.8,213.9
379,odroid2,215.8,2642.7,1034.3,1020.9,84.0,217.1,1539.2
380,odroid3,644.0,1956.6,1245.4,226.4,726.8,1250.1,624.3
381,odroid3,2130.4,2214.0,1278.5,500.4,379.5,1487.7,2410.0
382,rpi-8d,1577.8,1367.3,842.0,1959.2,176.6,801.1,1718.8
383,rpi-8b,1504.1,201.2,1764.3,1536.9,2146.9,155.5,1593.3
384,rpi-4a,405.2,455.8,1705.4,1777.4,623.2,129.2,1198.3
385,rpi-8d,2541.3,1835.6,639.5,332.6,1451.3,2368.9,2089.2
386,rpi-8b,2268.1,499.8,285.0,1876.4,2114.9,1318.2,926.5
387,rpi-8b,891.1,212.2,2289.3,2135.3,499.2,484.8,251.1
388,odroid1,1697.5,1811.6,1777.8,310.8,514.3,483.3,2274.5
389,odroid4,2307.9,1909.2,598.5,1233.6,587.3,1617.5,925.4
390,odroid4,2186.8,1263.7,493.2,761.0,38.6,911.3,10.5
391,rpi-4a,1809.1,1899.6,2163.7,782.0,615.0,914.4,2055.9
392,rpi-8b,136.7,1096.2,1986.0,961.3,1122.2,111.8,104.3
393,odroid1,1480.4,1784.3,1093.4,763.4,1902.9,1713.7,479.3
394,rpi-8b,1075.4,2062.9,397.7,1539.7,2274.5,968.7,2384.3
395,rpi-4a,2158.8,2174.8,777.7,1966.8,2183.7,1526.5,1915.3
396,rpi-8a,1210.0,2438.4,852.5,1028.0,1041.5,626.2,19.5
397,rpi-4a,1172.1,1829.2,2449.5,2046.7,335.5,330.4,849.3
398,rpi-4a,1206.0,767.5,900.3,1047.6,699.6,529.7,769.8
399,odroid4,735.5,966.9,2220.2,11.7,1173.3,1530.8,235.0
400,rpi-8c,2133.4,1666.0,845.4,1318.3,1272.8,1635.6,2374.7
401,rpi-8c,1392.7,171.8,872.5,1719.4,2217.2,651.1,1071.5
402,odroid4,1012.3,166.7,338.4,1973.5,57.1,364.4,108.0
403,rpi-8a,1976.7,2164.0,1032.6,222.3,1679.1,692.1,234.0
404,odroid4,1062.7,1735.2,1649.0,1484.9,280.5,1273.2,933.7
405,odroid4,1472.6,1262.1,1080.1,7.0,1438.8,34.4,1887.1
406,odroid1,1594.6,491.0,298.5,2037.3,960.1,199.9,638.0
407,odroid3,1442.4,722.3,1184.3,782.6,1483.4,1240.8,2312.7
408,rpi-8a,1594.9,1191.6,1815.1,822.9,2149.2,1860.2,1887.9
409,odroid3,1757.2,783.1,1129.2,463.3,1153.2,2137.7,921.9
410,rpi-8c,2004.6,2551.6,1093.6,582.4,1520.3,1883.9,2625.0
411,rpi-4a,2414.7,2301.7,290.6,787.6,1170.5,678.3,293.0
412,rpi-8b,414.8,292.2,2394.1,53.9,832.9,973.2,1002.9
413,rpi-4a,143.8,904.6,2565.8,1649.0,1456.7,380.5,759.4
414,odroid2,1648.3,2574.0,1680.4,951.7,139.3,348.4,1831.7
415,odroid4,2157.7,1561.3,919.8,1273.8,1670.6,1812.3,2392.7
416,odroid2,1641.6,570.6,1822.8,39.5,1881.0,1348.9,578.1
417,rpi-8a,721.4,2440.7,811.7,1983.7,88.8,1886.3,2159.1
418,rpi-8d,36.1,1980.2,1023.5,1392.0,114.9,535.9,5.0
419,rpi-4a,2033.0,2581.1,359.3,1342.0,1543.1,2011.5,1580.8
420,odroid4,1956.4,2162.3,695.4,342.5,1583.1,600.8,458.2
421,rpi-4a,1586.0,789.6,1780.9,509.5,470.9,908.6,1419.7
422,rpi-4a,2143.3,1922.6,1038.8,1313.3,1028.8,2336.6,2224.3
423,odroid3,923.9,1080.0,2501.5,544.4,2242.3,1835.6,2247.0
424,rpi-8b,2400.9,1477.6,1518.1,1110.4,1710.5,1998.1,1859.0
425,odroid2,2524.6,2483.7,768.0,1052.9,1852.2,1257.5,2578.5
426,odroid1,1817.4,1027.7,1476.4,1301.1,355.4,2245.9,1901.1
427,odroid1,972.9,293.4,888.7,345.3,1662.6,322.3,452.8
428,odroid1,1754.9,2497.0,607.0,85.1,2122.9,1633.7,2214.1
429,odroid3,1683.7,1923.6,2260.1,156.0,25.0,575.7,2258.1
430,rpi-4a,1787.5,2384.8,586.7,161.7,1894.9,1178.8,2528.2
431,odroid2,1041.7,667.9,976.1,1457.0,672.4,344.0,648.0
432,odroid1,403.8,2523.8,1121.4,1563.4,1735.6,1998.2,507.8
433,odroid3,48.6,809.8,1011.9,571.7,912.3,371.6,1034.7
434,rpi-8a,2284.2,2598.1,1528.1,1700.2,1053.3,1507.0,1276.7
435,odroid4,852.5,2594.6,107.2,637.0,1962.1,602.7,527.9
436,rpi-8c,495.3,512.2,2558.2,1379.6,1013.1,1277.7,421.8
437,rpi-8c,1173.7,605.6,2155.7,2025.9,1776.2,691.0,557.9
438,odroid4,387.1,2457.5,262.1,1110.1,1730.7,2207.1,371.1
439,rpi-4a,378.8,1461.9,2244.8,388.9,163.2,781.0,174.5
440,odroid1,2166.1,382.0,2349.8,130.4,1378.5,854.1,2563.4
441,odroid4,2257.7,244.9,2087.2,798.7,986.4,359.8,2410.3
442,rpi-4a,2354.3,1164.2,1421.3,99.4,946.8,2312.1,2196.9
443,rpi-8d,470.9,2663.4,743.6,303.0,264.4,670.9,181.0
444,rpi-8d,729.3,1302.1,647.1,1309.7,2210.7,406.4,1613.6
445,odroid3,880.8,52.4,500.3,1545.4,1768.6,540.0,635.3
446,odroid2,1762.5,1933.5,1962.4,1860.4,1874.1,528.0,1176.8
447,odroid4,547.7,1501.0,2570.5,286.0,532.0,280.3,1877.2
448,odroid2,1790.8,1343.3,191.5,1505.3,615.9,1305.0,1258.7
449,rpi-8a,292.6,1311.9,615.7,1290.8,2124.3,710.9,1237.3
450,rpi-8d,2127.9,1823.5,35.8,82.7,1678.8,784.5,1173.8
451,rpi-8a,1622.9,846.6,1611.3,1259.9,1866.3,318.0,564.8
452,rpi-8d,977.5,2532.0,897.9,801.8,676.8,1366.3,1825.0
453,rpi-8c,1291.5,264.1,2618.4,325.3,580.2,213.2,257.4
454,odroid1,198.0,354.4,2346.1,1113.6,104.8,383.0,736.6
455,rpi-8a,9.5,746.1,1014.3,1256.3,330.9,451.1,929.0
456,odroid3,1043.1,744.9,1381.3,1920.8,74.3,1611.4,1188.3
457,rpi-4a,482.3,1115.4,1544.2,1896.6,1541.3,972.2,105.6
458,odroid3,1324.2,1704.6,1749.5,429.6,196.1,259.4,105.4
459,odroid4,1348.4,2027.5,1278.7,644.0,1982.2,1135.4,2079.1
460,rpi-8c,1271.8,1709.4,961.6,1033.4,186.2,184.3,12.6
461,rpi-8a,1811.3,2294.5,2199.8,276.2,1372.1,1155.2,1441.5
462,odroid4,984.5,505.2,829.3,1320.8,2042.8,433.5,174.7
463,rpi-8a,2542.7,2246.6,265.3,1563.8,201.7,2322.3,2003.6
464,rpi-8c,1981.5,2439.1,2008.5,633.4,774.3,2214.6,1278.8
465,odroid1,1919.6,2372.6,796.1,1491.9,1806.7,1218.4,2019.2
466,odroid3,1686.1,2279.7,1289.8,1604.0,527.4,1439.9,1431.6
467,rpi-4a,801.1,457.1,913.1,772.0,1701.4,1529.7,520.6
468,odroid3,2212.2,1262.9,506.1,856.5,2153.4,2341.0,758.7
469,odroid1,227.0,2678.3,1482.9,72.6,433.6,1591.3,1739.9
470,rpi-8c,1362.6,1371.1,1348.1,1998.6,251.1,1045.0,2443.5
471,odroid1,784.3,721.3,1947.9,523.4,712.7,1811.3,1086.2
472,odroid4,1268.5,1917.5,1727.9,225.3,1982.7,84.7,1967.0
473,rpi-8d,815.4,1885.9,1717.3,614.0,1377.7,140.6,736.7
474,rpi-8b,791.3,347.1,2637.6,1657.7,4.2,1093.7,926.3
475,rpi-4a,333.8,1491.7,2580.1,378.1,1179.8,185.9,2147.1
476,odroid3,1501.5,1532.1,1392.5,651.9,908.5,782.3,1051.1
477,odroid2,1446.8,1541.6,100.5,664.9,1025.9,1485.9,1700.8
478,rpi-8d,2198.6,48.4,1679.1,1914.3,2154.0,1194.3,1645.6
479,rpi-8b,153.3,2093.6,1355.1,745.1,435.0,952.4,2537.2
480,rpi-8a,814.7,253.3,2349.0,1652.6,206.9,379.9,1471.0
481,rpi-4a,353.8,531.9,1971.1,37.0,981.1,41.0,227.2
482,rpi-8a,641.3,1246.9,2408.9,2101.7,239.7,855.4,2318.0
483,rpi-8b,1934.4,992.2,1274.1,1989.1,1784.1,1035.7,1404.1
484,rpi-8b,551.3,762.6,139.3,2098.9,1431.4,1765.0,873.1
485,odroid2,745.3,1443.7,1529.5,1413.3,1116.4,400.2,770.4
486,odroid4,1220.6,712.6,1685.8,1934.3,1650.8,1108.3,505.5
487,rpi-8d,117.5,1782.3,1654.4,413.2,726.6,466.2,195.8
488,odroid1,216.9,430.5,2114.7,2013.4,223.0,364.6,1556.5
489,odroid2,662.6,364.5,2492.4,1528.5,610.2,2091.2,899.5
490,rpi-8d,1462.9,1937.0,1643.2,631.5,1202.1,386.4,345.5
491,odroid3,804.5,843.2,1220.4,2078.2,1845.3,1547.9,2141.3
492,rpi-4a,1005.3,430.2,2455.6,1677.1,14.8,820.3,1597.1
493,rpi-8a,337.6,1927.3,642.3,624.8,582.9,597.8,1000.0
494,rpi-8c,2227.8,1709.3,662.9,1025.1,873.1,760.7,655.9
495,rpi-8d,911.8,2713.2,864.2,1752.7,737.0,1448.6,1957.1
496,rpi-4a,2534.7,2079.4,1944.7,1777.1,189.1,322.8,321.7
497,rpi-8d,2554.4,2417.4,595.6,65.6,578.8,2378.0,1776.0
498,odroid4,2408.2,1172.8,1111.4,247.3,2092.5,2374.6,367.3
499,odroid4,994.9,458.8,1656.9,1934.9,2142.4,61.8,1465.7
500,odroid3,1923.0,235.4,1096.1,379.9,1253.7,2107.7,1918.7
501,odroid2,1960.4,1667.8,1710.3,850.6,247.5,827.0,2555.5
502,odroid4,1267.6,1509.1,667.3,1458.7,862.0,1167.3,1446.4
503,odroid2,1772.9,153.7,2137.7,1989.1,737.7,81.7,424.5
504,rpi-8d,888.0,763.7,2438.6,162.6,1280.5,1417.3,1997.3
505,odroid3,2539.2,2676.5,882.6,8.2,2198.3,2257.0,2119.6
506,odroid2,1348.6,935.2,2103.5,1592.5,1548.1,1560.9,256.2
507,rpi-8a,2019.2,2437.3,2158.2,523.9,437.1,1094.7,1575.8
508,rpi-8b,85.1,21.3,2560.0,1027.9,1353.4,117.2,739.1
509,rpi-8c,1278.3,2495.6,191.5,204.4,1326.1,595.1,1251.5
510,rpi-4a,1182.3,1670.1,2258.5,122.2,1375.5,1290.6,2602.7
511,odroid1,2300.9,2389.2,380.0,1159.7,266.0,1704.3,1377.4
512,rpi-8c,217.4,1309.2,1975.8,736.9,549.2,1957.0,1343.0
513,odroid1,1891.3,1155.7,984.1,1035.8,2172.7,1444.6,1142.6
514,rpi-8a,580.2,1742.7,1738.4,1877.3,231.0,406.9,1496.9
515,rpi-4a,2020.1,1410.0,636.0,170.3,1624.4,2259.0,2275.3
516,rpi-8c,2260.6,437.6,634.7,1030.8,1259.6,1291.7,1927.1
517,rpi-4a,1620.5,1477.2,2217.1,1040.1,2000.3,1289.3,1235.9
518,rpi-4a,1117.2,1357.0,2603.5,1077.3,335.9,1656.5,155.0
519,odroid2,374.4,1029.0,2031.3,998.9,2118.0,691.4,1109.9
520,rpi-8a,1140.4,2554.0,115.9,174.0,116.4,2100.8,1934.1
521,odroid4,122.9,1471.2,2363.1,1645.2,1242.5,922.5,1508.6
522,odroid2,929.6,2364.3,2593.1,1078.2,624.3,1673.1,1783.5
523,odroid3,332.8,2522.0,870.2,1129.7,1337.6,395.0,1718.7
524,rpi-8a,1157.8,1256.6,82.4,1551.0,1102.5,102.1,251.4
525,rpi-8c,2386.0,1210.2,687.9,1526.0,641.5,2095.5,1617.6
526,rpi-4a,712.6,2702.2,1163.4,574.3,1888.2,1222.2,1850.4
527,rpi-8c,630.4,980.2,2647.7,27.4,1991.5,797.5,969.5
528,odroid1,1106.1,1501.0,2323.3,604.6,419.3,706.2,891.3
529,rpi-4a,2444.3,1536.2,587.2,998.7,1691.9,2113.7,1986.3
530,rpi-8c,1078.5,2085.4,2362.2,68.6,2063.8,156.0,1140.5
531,odroid2,2458.1,884.1,1290.5,291.2,832.1,595.0,2411.8
532,rpi-8c,305.9,1473.2,2652.7,307.2,1133.9,1376.6,1460.7
533,rpi-4a,326.0,291.0,2074.8,1892.5,6.3,1354.5,687.0
534,rpi-8d,481.7,444.8,554.4,1765.9,472.3,232.3,1626.0
535,odroid4,2111.1,2310.5,196.3,871.1,989.6,1701.9,1540.3
536,rpi-8a,1567.5,1477.5,2208.1,1061.9,2153.4,466.9,2234.0
537,rpi-8c,888.7,142.7,2415.1,1461.4,1690.6,1520.0,679.4
538,rpi-8a,1021.0,853.9,865.3,1320.5,1915.8,1207.5,268.4
539,odroid1,726.1,362.6,1952.9,888.2,1343.9,1950.0,586.6
540,odroid1,1989.0,1742.5,503.1,625.3,1639.4,2242.4,2216.4
541,rpi-8c,1282.2,1443.5,1864.5,2140.9,2009.8,88.3,1345.3
542,rpi-4a,1958.6,2020.5,1886.6,1215.2,705.3,1474.6,1127.8
543,rpi-4a,562.5,1373.1,720.3,175.8,987.7,482.6,74.3
544,odroid1,2227.8,2029.2,646.5,187.3,1864.7,1080.5,2400.2
545,odroid4,480.4,2086.4,2110.7,747.4,1088.3,543.8,1093.0
546,odroid4,1381.1,2565.9,2476.0,197.8,2083.0,179.3,1550.7
547,rpi-8d,238.6,1336.5,2268.4,399.7,1111.4,693.8,2185.5
548,odroid1,1198.7,1637.1,2268.2,772.4,1188.3,755.2,2507.1
549,odroid4,980.1,1664.5,2581.0,619.5,605.0,745.4,1010.3
550,odroid3,1675.2,1821.2,2336.3,285.7,1751.3,241.1,1012.2
551,rpi-8c,1740.1,485.4,1834.3,1352.5,1800.3,508.9,1756.1
552,odroid1,455.2,613.4,1427.2,1180.3,1042.6,1283.0,1097.0
553,odroid1,974.8,2335.7,407.3,2072.3,1844.3,2093.6,1679.9
554,rpi-8c,383.1,2514.1,1149.2,331.1,227.6,1489.1,1275.7
555,odroid4,2287.3,2401.5,383.0,785.6,1350.2,2282.5,1229.6
556,odroid4,1698.7,2739.8,1494.9,24.7,1923.7,1598.9,2512.6
557,rpi-8c,2285.0,2702.4,1023.5,242.2,2129.2,1732.5,2411.7
558,rpi-8d,1551.7,2094.9,1671.1,1294.0,1880.9,1617.4,1090.7
559,odroid3,110.7,2618.4,1970.5,226.3,1622.9,1427.2,922.4
560,rpi-8a,1534.3,758.8,2073.8,1118.7,2093.2,1678.3,2456.1
561,odroid1,700.4,2412.9,2375.8,684.6,281.5,576.9,669.9
562,odroid3,1405.0,2677.7,1546.6,726.2,283.8,1305.6,1912.6
563,odroid4,1721.8,2708.4,537.8,666.6,2163.6,1731.5,1876.6
564,odroid3,1039.4,34.8,1706.6,2136.2,762.7,2066.3,1002.7
565,odroid1,2526.6,465.6,1496.4,1370.3,1589.6,1654.0,2233.1
566,odroid3,125.8,683.1,2580.7,1210.4,548.6,74.9,1991.6
567,odroid1,732.0,1312.5,1149.9,554.5,292.6,416.1,88.6
568,rpi-8a,56.2,1463.2,1902.8,1376.6,548.3,250.4,284.2
569,rpi-8a,1873.1,2726.0,252.8,117.6,1489.7,2345.5,2349.3
570,odroid2,140.5,1228.6,1126.8,1895.3,328.8,1207.5,1413.5
571,rpi-8b,2199.1,1252.7,1579.2,984.9,1947.0,2010.2,2445.1
572,odroid3,249.0,1636.3,183.1,1193.2,1997.6,806.2,534.6
573,rpi-8a,2182.4,1091.8,208.7,1413.3,1956.1,2266.7,1320.7
574,rpi-8c,2298.9,1263.8,303.2,1912.9,1999.9,1843.2,1348.6
575,rpi-8b,1997.5,220.4,2625.0,31.7,824.9,1077.3,2310.8
576,odroid2,119.4,95.7,1718.1,1776.2,317.4,870.1,170.0
577,odroid4,614.6,1541.1,1107.6,1915.0,361.1,1486.4,1607.6
578,odroid1,1247.3,312.3,1434.6,2056.3,1680.4,1608.7,2068.3
579,rpi-8a,821.4,1949.4,161.6,1636.7,1542.6,1889.5,1237.3
580,rpi-4a,469.0,758.6,664.9,1584.6,299.8,796.2,252.8
581,rpi-8d,593.6,914.8,1919.3,2124.7,818.1,2322.9,490.0
582,rpi-8c,843.7,1973.1,340.5,1139.0,1194.6,2273.3,1369.8
583,rpi-8b,1494.8,1256.6,865.8,874.0,1434.1,1424.8,631.2
584,odroid2,1843.2,1973.6,2560.8,36.5,1157.4,144.9,2388.2
585,odroid1,2321.8,1530.2,1222.3,169.6,1805.2,960.0,2331.7
586,rpi-8d,569.6,1548.0,2611.4,634.1,1612.8,1066.5,1068.1
587,odroid2,1686.4,1395.3,2608.5,1136.5,1300.6,594.2,436.3
588,odroid1,428.3,1442.7,2448.0,1999.1,165.8,994.3,1010.7
589,rpi-8a,2334.7,2674.7,344.5,445.9,2102.8,2216.9,841.0
590,rpi-8d,863.6,1462.2,1265.2,1932.0,1346.0,996.1,417.8
591,odroid3,1914.9,483.8,2122.9,1334.2,1038.0,1541.7,345.4
592,rpi-8d,1661.4,691.0,1852.4,2030.2,1872.0,784.6,479.2
593,rpi-8b,1902.1,2584.8,492.6,648.2,1887.4,1490.0,574.1
594,rpi-4a,2438.0,1331.2,699.0,366.7,1534.9,1648.7,2133.6
595,odroid3,917.6,2519.5,420.8,523.6,645.9,1436.0,459.3
596,rpi-4a,2429.6,894.7,1286.4,1045.5,43.2,605.6,43.6
597,rpi-8d,913.5,1971.9,1342.2,443.8,1934.8,1318.7,1083.8
598,odroid4,811.9,1066.9,2386.4,2007.5,608.9,475.7,25.8
599,rpi-8d,1829.3,1337.5,697.5,1684.3,2129.9,1229.4,1552.7
600,odroid3,54.1,842.8,1749.3,726.2,48.3,518.8,44.4
601,odroid1,964.3,2359.2,886.1,473.8,1635.1,1240.1,1997.3
602,odroid3,116.0,431.1,2614.5,878.7,156.0,456.3,457.0
603,odroid4,1954.0,135.0,2023.6,1502.8,917.1,1638.6,2081.1
604,rpi-8c,2335.8,2310.7,1498.0,1636.0,305.8,2215.0,967.2
605,odroid2,1118.2,652.3,2601.2,1853.9,508.6,153.1,1517.8
606,odroid1,2127.2,824.8,1778.9,331.7,994.8,1443.8,1794.6
607,rpi-4a,1871.5,1760.6,2583.0,1159.9,43.4,1618.1,539.3
608,rpi-8b,464.0,129.0,2641.3,297.5,795.6,997.6,622.4
609,odroid1,1141.8,452.0,1094.9,711.2,1416.6,1002.7,2568.1
610,rpi-8b,1944.3,1531.7,830.4,831.6,924.3,1524.5,1554.1
611,rpi-8b,897.8,428.4,406.5,993.7,664.4,773.1,1629.5
612,odroid4,575.9,597.1,2545.7,250.4,1297.9,1139.4,1092.4
613,rpi-8c,2475.1,611.4,1345.7,154.9,1983.7,2008.7,2565.1
614,rpi-4a,1301.6,836.3,1177.6,1227.5,1590.9,910.6,681.5
615,odroid4,701.5,1867.7,1926.7,940.2,1659.6,1248.8,1521.3
616,odroid1,142.8,930.1,1768.7,2135.0,439.4,328.7,538.5
617,odroid3,488.3,115.5,1392.5,1208.6,76.9,350.8,411.8
618,rpi-8c,1317.4,980.9,2557.7,1754.4,497.5,739.2,2533.7
619,odroid3,1762.2,2290.0,312.3,2057.3,2258.1,1460.6,1246.2
620,odroid1,994.7,2734.4,610.5,809.1,1888.6,2369.1,2184.4
621,odroid1,1383.7,1008.0,1547.9,185.2,1367.1,2092.8,2622.3
622,odroid2,2031.5,1871.9,151.9,285.5,2046.5,1339.6,2006.0
623,rpi-8a,2076.9,1786.1,509.9,1014.8,2045.5,1870.1,2060.0
624,odroid2,2108.2,2708.4,1174.8,666.3,419.8,2159.6,2480.6
625,odroid1,750.0,694.4,2191.2,1270.8,1149.8,1289.6,1469.8
626,odroid1,1756.3,1213.3,347.5,189.2,582.4,118.7,1261.1
627,rpi-8a,717.3,944.3,2251.4,500.6,923.2,865.3,2035.8
628,rpi-4a,1856.7,1013.5,579.1,847.3,59.4,1793.0,724.2
629,rpi-8a,45.7,1309.4,2395.3,1523.7,345.4,22.4,2317.3
630,odroid4,989.0,460.2,669.0,2062.8,909.7,198.0,240.9
631,rpi-8d,317.7,827.8,278.0,877.8,808.7,236.0,220.5
632,odroid1,2248.8,2703.1,1229.2,614.3,1065.1,2032.4,830.8
633,rpi-8a,822.4,1506.7,1033.3,1049.7,998.2,473.6,1049.7
634,rpi-8c,850.4,1393.0,942.7,1871.7,901.6,1886.1,1880.8
635,rpi-8c,1394.1,2066.8,1835.1,1237.7,1262.1,2162.3,2502.0
636,odroid2,2035.7,1118.7,2510.9,389.0,55.4,2252.5,1948.8
637,rpi-8d,1095.5,2310.2,436.8,1672.1,199.9,2147.1,289.6
638,rpi-8a,370.5,1107.2,521.3,1759.9,878.6,1203.8,1546.0
639,odroid2,693.5,2192.8,1985.2,752.0,1451.7,762.7,2052.2
640,odroid3,446.6,2711.3,55.0,175.1,25.7,1804.2,951.6
641,odroid2,1020.5,2137.6,506.1,564.6,53.6,2286.0,435.4
642,rpi-8b,2471.9,2278.2,325.1,1357.1,726.7,2016.0,2352.8
643,rpi-8b,2071.1,1557.4,1604.5,26.1,863.5,913.5,1911.9
644,odroid1,855.8,627.9,2129.4,831.0,295.8,1413.9,117.9
645,odroid4,1480.9,1950.6,1171.4,1921.6,247.1,578.2,1831.3
646,odroid2,1550.3,2239.5,833.1,426.9,1240.4,326.8,853.7
647,rpi-8c,1585.4,129.0,2670.3,809.6,963.8,447.7,1564.3
648,rpi-8b,2065.9,718.5,2255.6,1106.1,544.6,636.7,2360.6
649,odroid4,13.9,488.3,1559.8,1033.6,26.8,347.8,426.8
650,rpi-8b,1610.1,2393.1,52.9,1632.0,1370.8,2325.4,2179.8
651,rpi-8c,1491.0,1626.0,2183.1,73.7,203.9,499.3,12.4
652,rpi-8d,453.5,109.6,2421.3,1552.4,1907.5,1151.7,787.6
653,rpi-8c,34.8,617.8,1789.0,687.2,2263.1,857.1,2166.6
654,rpi-8d,1824.5,2243.6,333.8,1783.5,147.0,1521.7,745.7
655,rpi-4a,265.0,1158.4,1665.8,2115.4,469.0,15.7,278.0
656,rpi-8b,2014.2,751.2,1031.3,941.2,476.3,1487.3,2203.5
657,rpi-8b,137.8,2337.6,1164.9,1086.2,1626.6,93.1,1175.9
658,rpi-8d,2015.0,1356.0,2205.9,1637.7,857.9,1687.9,2386.9
659,rpi-8c,1474.5,1170.9,1690.3,393.2,1716.1,1619.0,2499.7
660,rpi-8d,2293.2,1230.1,1198.8,323.9,2146.6,2030.9,723.6
661,odroid4,2340.1,1735.0,209.6,457.4,2051.5,1099.1,1219.8
662,rpi-4a,1860.3,427.6,2431.0,345.9,718.6,1864.4,1310.1
663,odroid3,2041.5,1266.6,1688.5,999.3,1508.5,606.1,1484.7
664,rpi-8c,613.5,2456.5,1667.3,916.4,957.3,605.0,1312.2
665,rpi-8a,2266.7,68.3,1994.1,380.3,2007.6,1386.5,1354.0
666,odroid2,2411.9,2372.3,44.9,109.7,2285.4,1879.3,1380.2
667,rpi-4a,222.3,1950.5,941.0,734.0,1654.1,648.5,1636.2
668,rpi-4a,872.4,1413.8,782.7,2064.3,1735.4,872.7,1200.4
669,odroid2,532.1,2611.2,916.0,1446.0,1457.8,360.6,2597.5
670,rpi-8d,722.4,1628.6,1798.2,626.5,963.6,774.7,1854.0
671,rpi-8a,2561.0,2034.4,515.1,599.1,1891.2,2029.5,2628.1
672,odroid2,501.4,981.1,1770.5,2003.3,39.4,271.4,1309.6
673,rpi-8b,1591.1,1826.6,1395.7,2114.1,2207.9,1641.4,2000.8
674,rpi-8a,2184.8,1922.7,2141.7,868.6,1587.2,886.6,725.3
675,rpi-8b,623.7,811.4,1535.3,2053.0,1910.8,616.7,2247.1
676,rpi-8d,602.9,1656.7,2293.2,1438.7,1564.3,1677.3,2249.8
677,odroid3,1768.3,452.1,1710.5,1033.4,537.2,314.5,969.7
678,rpi-8d,2545.1,530.8,318.0,1935.3,1440.8,2256.1,1725.7
679,odroid2,206.1,2216.0,2384.4,404.4,778.3,1130.2,1745.4
680,odroid3,752.4,476.1,2638.0,1518.7,603.0,280.5,539.9
681,odroid1,1584.5,26.1,1111.2,1722.6,1575.0,388.7,132.2
682,odroid3,758.6,2083.4,115.2,1785.1,192.6,810.0,569.3
683,odroid1,570.8,478.9,574.7,797.3,1263.9,1132.4,1248.0
684,odroid1,2062.1,1049.0,2060.3,795.5,1545.9,1018.5,2325.6
685,odroid4,1717.0,342.6,2646.7,237.1,1201.1,1121.5,2411.7
686,odroid1,2164.6,1863.4,642.6,2110.4,1875.9,1053.7,1106.0
687,odroid2,842.0,1222.7,1672.3,1354.6,520.7,1998.4,1072.4
688,rpi-8a,76.2,376.0,1461.7,1875.3,1281.9,1278.2,874.9
689,odroid3,714.5,149.3,1566.1,1967.5,804.7,2268.5,1569.0
690,odroid4,12.7,1571.0,2427.5,1086.4,329.9,315.3,10.5
691,rpi-8c,1526.6,1483.3,2150.4,704.2,334.7,1160.5,1782.5
692,odroid2,620.8,2161.3,1862.8,682.1,564.9,942.0,1314.6
693,odroid3,1327.3,2057.0,1914.4,411.3,1748.8,1849.7,2326.5
694,rpi-8d,1545.0,1391.5,2245.3,929.5,1190.8,1989.8,1559.4
695,rpi-4a,2156.0,2327.8,1064.8,1419.8,1227.9,991.6,715.6
696,odroid1,903.7,604.0,809.6,565.0,1806.5,624.1,933.0
697,odroid1,582.6,2293.1,2488.9,932.9,10.0,265.7,1801.7
698,rpi-4a,1107.2,1867.3,765.5,367.0,1932.8,714.2,2285.6
699,odroid1,645.1,375.0,2261.8,1774.0,1313.4,642.2,984.0
700,rpi-8b,14.0,1299.3,2025.1,1254.0,106.1,872.1,323.5
701,rpi-8d,222.0,848.6,746.1,2082.9,920.0,760.2,540.7
702,rpi-4a,2029.5,902.1,766.3,91.8,1177.2,893.3,1244.1
703,odroid3,708.4,2659.5,624.3,35.8,1805.3,941.4,1614.1
704,odroid4,2269.8,1605.7,593.5,1779.4,2275.4,729.9,348.5
705,rpi-8a,947.2,1760.5,65.1,431.2,595.0,1986.5,1329.2
706,odroid1,428.0,278.1,2545.7,1211.7,1285.6,605.5,2112.5
707,odroid2,392.3,161.9,1510.6,715.2,827.0,47.5,138.7
708,odroid2,1782.7,612.8,918.1,1664.6,2183.6,1424.0,2281.5
709,rpi-4a,817.3,1807.1,2387.6,1946.8,695.3,1060.1,1415.3
710,rpi-8b,2114.3,635.2,1135.7,2141.0,618.1,2209.5,1251.8
711,rpi-8c,671.4,662.2,918.3,654.3,2078.8,1248.9,2261.1
712,rpi-8b,351.3,105.0,2470.2,2088.4,1308.3,767.3,2553.4
713,rpi-4a,1766.2,2056.8,2043.6,59.7,1103.7,1630.6,2168.0
714,rpi-8b,1313.1,840.4,2505.9,1753.0,950.9,753.5,2066.5
715,odroid4,726.7,335.1,1333.9,1515.9,290.4,809.1,1870.9
716,odroid4,1943.2,2353.0,148.6,1234.3,1015.6,1583.8,2156.1
717,rpi-4a,295.3,2393.6,1042.5,375.5,229.1,1716.9,390.0
718,rpi-8c,1555.7,2195.9,532.1,128.2,1623.8,1709.6,743.2
719,odroid3,309.3,1899.9,1224.6,1522.0,722.9,368.9,105.3
720,odroid3,796.6,1998.3,1130.9,34.5,1777.1,1662.9,909.5
721,rpi-4a,1487.4,2477.7,223.1,108.2,994.3,1458.7,1385.9
722,rpi-8a,1566.3,2526.3,812.2,61.6,2283.2,681.4,2157.3
723,rpi-8c,1267.5,2428.5,38.7,1069.8,2300.0,552.9,1476.3
724,odroid1,2239.3,1560.9,1508.7,1333.1,2192.6,2068.6,1369.1
725,rpi-8a,1753.4,130.1,382.7,1712.4,2227.6,10.2,654.8
726,rpi-8b,1219.5,1302.8,1002.4,1046.5,2120.8,1644.3,665.3
727,rpi-8a,924.9,1498.8,1462.9,722.3,1088.2,1544.6,1525.9
728,rpi-8a,470.6,2386.1,1355.4,2016.0,1113.4,1828.4,1999.3
729,odroid2,1264.0,2506.2,746.6,549.3,778.1,1592.5,2316.8
730,odroid4,1307.8,1539.3,1054.7,1105.0,1797.8,2207.2,2406.3
731,rpi-8b,1832.0,1872.5,867.5,669.5,1940.2,2256.6,2027.8
732,odroid1,193.4,140.5,1650.3,2101.1,1910.7,583.6,126.6
733,rpi-8d,1830.9,1386.9,733.8,1222.9,775.2,1612.6,435.7
734,rpi-8b,503.3,703.3,1655.9,2039.1,252.7,716.0,1614.2
735,rpi-8a,1082.9,837.3,449.2,952.7,1315.0,798.9,1653.8
736,rpi-8a,805.3,566.2,802.7,1486.8,1913.2,728.0,1506.3
737,rpi-8d,204.5,276.4,1588.6,1966.3,695.1,1881.0,286.6
738,rpi-8a,2436.3,1544.0,111.4,1695.0,1957.3,2120.4,1778.2
739,odroid3,727.7,1218.4,1099.4,1468.4,165.0,959.1,994.2
740,rpi-4a,786.2,542.5,1447.3,524.1,1833.7,203.1,76.5
741,rpi-8d,235.6,1852.2,1153.1,987.1,957.5,1591.0,190.2
742,odroid3,1360.4,1599.2,762.0,1951.7,341.9,93.3,540.4
743,rpi-8b,2061.8,2201.0,295.0,660.5,2243.7,1777.6,2292.7
744,odroid4,1772.3,776.5,1456.3,1795.9,998.9,680.5,1915.6
745,odroid1,270.1,1003.9,2410.2,867.9,177.8,36.2,535.7
746,odroid4,1117.8,2618.9,873.3,1911.9,68.4,2075.4,2538.5
747,rpi-8a,29.1,89.3,2628.3,2078.3,1818.9,556.2,268.1
748,rpi-8a,1533.8,2461.6,2428.1,466.2,1947.5,2159.1,2307.6
749,odroid2,2141.5,2524.8,1903.4,1657.3,250.6,664.6,1322.5
0,rpi-8a,410.3,302.4,75.6,302.2,397.2,232.8,107.5
1,odroid2,357.2,21.7,346.1,458.9,259.9,99.0,91.5
2,odroid1,110.8,520.5,199.9,248.4,267.1,440.2,161.2
3,odroid1,374.5,327.9,70.0,71.4,677.6,474.6,557.1
4,rpi-4a,500.6,530.9,58.7,220.6,66.3,147.6,342.5
5,odroid2,527.1,291.6,433.0,50.6,75.8,115.1,263.9
6,odroid1,77.4,248.8,334.9,350.9,251.5,157.3,75.2
7,odroid1,271.8,9.5,706.1,40.9,57.1,272.3,59.3
8,odroid1,23.6,155.8,689.7,224.0,77.9,179.9,63.6
9,rpi-8d,30.4,187.5,827.1,185.4,444.6,11.1,108.2
10,rpi-8d,217.4,598.3,13.0,348.2,102.3,473.7,302.8
11,odroid1,531.0,485.0,507.7,234.7,263.4,135.5,344.3
12,odroid1,87.7,137.6,617.4,133.5,108.1,591.3,144.7
13,odroid3,119.3,103.8,306.0,555.2,378.5,512.0,11.2
14,odroid3,387.7,152.1,46.6,142.5,193.1,707.8,105.7
15,odroid3,677.9,203.1,431.4,22.1,13.1,549.0,58.5
16,rpi-8b,284.7,175.3,112.1,1062.8,226.2,515.6,206.9
17,odroid1,85.7,97.0,84.9,608.1,262.6,13.0,182.5
18,odroid1,448.2,278.5,32.0,569.6,86.9,63.2,177.2
19,odroid4,215.3,46.6,213.7,393.3,612.4,689.8,449.4
20,rpi-8a,644.0,603.4,350.3,12.4,412.5,242.7,153.3
21,rpi-8d,7.3,331.2,108.2,256.9,322.3,377.3,83.2
22,rpi-8c,372.1,113.2,473.4,83.3,457.9,7.3,59.5
23,odroid4,173.9,135.0,212.1,154.3,116.5,21.8,69.0
24,odroid2,3.6,168.9,639.1,302.0,96.3,132.0,103.8
25,rpi-8b,445.5,562.9,2.9,24.9,644.8,327.6,289.0
26,odroid1,110.8,206.6,1396.0,259.5,115.6,211.4,338.9
27,rpi-8d,161.9,387.2,386.0,184.0,246.0,125.3,460.3
28,rpi-8d,172.3,167.8,594.2,63.2,263.1,165.8,444.2
29,rpi-8b,8.3,328.1,179.6,62.4,407.5,338.6,201.1
30,rpi-8d,145.3,44.3,277.1,54.5,214.2,138.6,69.2
31,rpi-8d,234.3,102.9,272.0,717.5,429.8,125.2,137.1
32,odroid2,312.9,119.9,324.3,579.0,230.2,61.6,237.5
33,rpi-4a,247.1,184.2,3.8,172.4,596.3,125.3,192.2
34,rpi-4a,461.5,441.6,74.8,309.7,185.2,187.9,87.7
35,odroid2,120.8,154.1,328.4,90.7,89.7,72.6,75.1
36,odroid4,340.8,334.9,19.9,422.7,335.6,120.5,237.3
37,odroid1,34.0,207.7,452.2,118.1,335.9,149.1,104.5
38,rpi-8b,219.7,113.0,142.8,432.1,318.1,207.3,254.7
39,rpi-4a,24.1,535.9,291.4,349.9,208.3,198.9,217.6
40,rpi-8d,82.0,464.3,403.6,546.7,8.6,34.0,425.4
41,odroid3,90.1,23.3,569.1,463.2,22.0,94.0,17.3
42,odroid4,188.9,53.5,441.7,685.6,253.2,56.2,130.1
43,rpi-8d,52.5,178.2,180.0,282.2,26.5,267.0,88.0
44,rpi-4a,24.7,126.5,556.1,689.3,19.5,341.3,144.4
45,odroid4,120.5,144.9,175.8,733.4,163.4,25.7,104.0
46,rpi-8c,163.1,232.9,327.0,446.4,57.1,111.4,247.2
47,odroid2,21.6,627.8,683.5,158.9,2.1,33.5,97.0
48,odroid3,248.9,383.8,209.6,197.9,301.9,172.8,112.8
49,odroid4,174.4,580.9,280.5,30.7,304.7,56.7,50.0
50,rpi-8b,324.3,10.0,219.8,730.5,448.5,142.8,157.2
51,rpi-8b,83.7,135.4,411.2,262.7,241.0,372.7,257.3
52,odroid4,7.9,648.8,508.1,291.9,222.3,141.7,273.1
53,odroid2,136.9,337.5,3.7,602.4,343.8,229.2,519.9
54,rpi-8d,550.7,1061.3,0.9,77.0,571.5,158.8,215.9
55,odroid2,4.7,111.1,761.5,297.4,89.6,50.1,368.1
56,odroid4,354.3,743.4,130.1,194.7,435.1,501.0,432.9
57,odroid2,50.7,562.5,333.8,495.7,42.4,679.0,392.0
58,odroid4,746.1,1097.3,5.9,25.9,405.6,608.3,623.8
59,rpi-8d,700.6,351.2,198.4,390.1,290.7,363.2,315.2
60,rpi-8c,112.0,130.5,792.1,46.5,80.3,42.2,171.0
61,rpi-4a,23.6,170.2,128.0,346.6,99.8,59.6,26.0
62,rpi-8c,289.3,518.1,48.7,164.8,324.8,65.4,243.7
63,odroid1,44.9,86.4,588.3,1062.5,33.4,241.2,15.6
64,odroid3,463.7,795.5,238.4,40.3,314.5,211.4,416.7
65,rpi-8c,142.4,61.2,537.3,331.6,185.7,192.7,398.5
66,odroid1,197.1,325.2,608.2,8.0,171.8,11.1,85.3
67,odroid2,148.4,298.0,217.1,89.8,418.7,74.8,209.8
68,rpi-8a,718.9,427.5,52.8,63.5,556.3,360.1,204.8
69,odroid4,225.1,139.4,98.0,465.6,195.6,178.1,160.7
70,odroid3,584.8,242.6,24.4,334.8,352.0,369.4,533.4
71,odroid2,281.7,88.1,294.9,55.2,139.6,84.4,21.5
72,rpi-8a,70.4,58.2,472.8,158.7,114.8,53.8,265.6
73,rpi-8b,10.3,192.7,563.5,287.0,97.0,354.3,239.7
74,rpi-8b,406.6,649.7,224.1,389.4,322.0,114.7,186.7
75,odroid4,31.3,19.2,470.6,666.2,210.4,94.3,53.3
76,rpi-8d,400.5,277.5,140.2,202.5,170.8,458.1,41.1
77,odroid2,14.6,410.4,557.4,791.0,119.4,29.1,167.2
78,odroid1,294.2,94.0,978.7,3.9,220.5,35.3,70.9
79,rpi-8d,304.9,116.6,550.2,286.0,450.1,420.7,710.8
80,odroid3,194.1,229.8,562.2,314.4,319.2,210.1,411.4
81,rpi-8b,274.4,59.2,370.6,387.0,189.6,96.0,423.5
82,rpi-4a,20.5,117.0,706.3,474.6,5.2,98.9,198.5
83,rpi-8a,323.6,126.9,52.9,539.4,203.8,160.0,77.5
84,odroid1,101.6,138.5,237.2,271.7,538.3,247.4,220.7
85,rpi-8a,268.7,63.1,305.9,501.3,90.5,81.2,145.7
86,rpi-8c,58.2,376.0,263.8,427.0,615.1,361.9,15.8
87,rpi-4a,594.8,100.7,67.3,501.9,404.1,238.5,319.3
88,odroid3,135.1,570.8,164.4,10.1,278.4,333.4,66.7
89,rpi-8a,65.5,580.5,202.2,401.8,5.9,174.4,94.7
90,odroid3,196.8,470.3,545.4,642.6,81.6,374.5,254.2
91,odroid1,24.6,459.9,83.7,326.8,50.7,171.7,45.3
92,rpi-4a,306.7,181.6,107.9,590.4,13.0,285.5,119.0
93,rpi-4a,51.2,27.0,77.9,500.7,111.4,144.3,24.4
94,odroid4,349.9,494.6,158.4,154.2,542.9,78.2,251.7
95,rpi-4a,39.0,23.7,986.4,49.5,85.6,13.0,74.6
96,odroid2,510.8,145.7,866.1,313.0,77.2,65.1,133.7
97,rpi-8d,416.9,361.4,144.5,28.9,38.8,259.5,116.9
98,rpi-4a,541.5,50.3,455.4,96.4,261.8,262.0,348.9
99,odroid4,131.3,525.4,224.2,189.5,383.9,278.9,328.7
100,odroid2,76.1,107.4,427.5,830.3,176.2,225.2,409.9
101,rpi-4a,62.9,301.6,141.7,421.4,60.7,20.1,80.6
102,rpi-8a,587.6,920.7,45.5,96.3,143.4,328.8,111.2
103,rpi-8d,193.9,573.5,119.6,201.6,366.3,426.0,540.0
104,odroid4,113.5,382.2,235.5,741.6,218.9,71.0,279.2
105,odroid2,485.3,135.6,155.9,39.9,108.3,132.9,262.3
106,odroid1,48.2,8.4,835.4,36.4,54.2,249.7,34.9
107,rpi-8a,472.0,159.1,430.5,133.9,88.4,71.1,69.0
108,rpi-4a,90.2,413.6,433.8,31.1,33.8,125.0,43.0
109,rpi-8c,84.6,495.0,121.6,680.3,27.2,56.4,299.9
110,odroid1,501.4,430.1,22.6,265.3,108.1,84.1,148.0
111,rpi-8d,196.9,159.6,220.6,64.1,43.4,470.6,174.2
112,odroid1,20.7,175.6,221.1,441.9,29.2,3.4,8.6
113,odroid1,171.6,212.6,406.8,292.7,380.2,246.2,128.9
114,odroid1,62.0,242.0,134.9,219.7,17.6,263.4,104.4
115,rpi-8b,349.9,461.8,8.7,250.0,524.1,424.7,142.6
116,rpi-4a,286.1,33.2,299.5,713.3,138.3,106.4,265.1
117,odroid4,77.6,82.0,688.7,44.4,367.0,156.3,130.0
118,rpi-8c,254.8,22.8,580.1,380.6,93.9,511.4,273.5
119,rpi-8d,163.6,6.7,759.2,235.5,232.5,292.0,52.6
120,rpi-8d,323.0,85.7,571.7,424.3,399.2,194.9,133.6
121,odroid1,114.3,88.1,335.1,199.8,209.9,61.1,197.4
122,rpi-8b,56.3,850.0,272.0,317.2,133.2,273.3,69.0
123,odroid3,372.7,117.7,207.9,475.5,274.3,147.8,167.8
124,rpi-8b,367.5,82.9,572.5,89.8,137.9,84.6,173.7
125,rpi-4a,55.2,171.6,385.0,283.3,177.8,209.0,84.6
126,odroid4,336.3,1119.2,66.7,141.9,64.9,292.4,176.1
127,rpi-8a,314.0,351.9,175.5,15.2,609.2,163.6,253.6
128,rpi-4a,224.2,198.2,816.5,38.1,212.1,343.0,269.7
129,rpi-8d,170.5,145.2,491.6,282.0,173.8,140.0,265.6
130,odroid1,52.1,712.7,63.9,444.1,166.4,155.9,388.1
131,rpi-8c,57.0,524.7,397.0,16.5,506.5,47.0,373.7
132,rpi-8c,664.2,51.4,460.7,16.1,232.4,34.8,27.6
133,rpi-4a,147.6,222.3,204.6,64.7,113.1,226.3,338.9
134,odroid4,219.4,68.9,282.9,318.0,174.7,325.6,17.3
135,rpi-8c,273.3,773.8,391.2,41.0,351.6,207.9,77.6
136,rpi-8a,304.4,523.7,662.8,6.7,472.5,476.3,317.3
137,odroid3,286.3,298.4,796.8,476.9,1.3,44.1,184.8
138,odroid3,132.7,235.8,238.2,648.5,439.9,162.1,24.8
139,odroid1,110.9,755.1,149.5,100.0,55.8,77.9,130.6
140,rpi-8b,287.2,614.9,397.2,260.9,169.9,300.9,109.0
141,odroid1,403.5,728.8,582.0,12.8,388.5,374.5,288.8
142,odroid1,108.5,497.1,255.6,347.0,243.4,139.3,188.5
143,odroid3,221.5,273.9,187.6,158.1,142.4,635.0,436.0
144,rpi-8d,23.1,540.4,335.3,227.7,28.1,185.8,115.5
145,odroid4,334.1,4.5,677.5,529.9,126.9,68.4,347.4
146,odroid4,60.8,163.7,257.9,543.7,136.2,131.2,58.5
147,rpi-8a,130.7,215.8,431.0,221.6,47.7,328.4,262.9
148,odroid1,225.1,11.9,500.6,196.8,45.4,49.8,115.0
149,rpi-8a,219.2,509.2,29.5,94.7,109.9,479.0,378.7
150,rpi-8d,114.4,712.6,386.8,286.7,163.1,43.3,104.2
151,rpi-8b,417.0,367.6,76.2,40.2,500.0,444.2,873.4
152,rpi-8a,62.0,10.5,1026.2,49.2,478.4,371.4,27.3
153,odroid4,46.4,361.2,359.3,761.2,108.9,229.4,13.8
154,odroid1,162.1,572.6,100.8,30.2,111.2,220.3,86.9
155,odroid2,217.3,1036.7,109.3,677.3,49.4,93.2,272.9
156,rpi-8c,375.0,678.0,199.2,51.0,135.7,599.3,183.5
157,odroid1,266.2,285.4,404.0,186.9,209.7,43.8,241.1
158,rpi-4a,179.8,253.9,364.8,90.5,362.0,221.8,288.0
159,odroid4,157.4,112.1,924.6,78.5,8.2,78.3,83.7
160,rpi-4a,96.0,449.3,491.9,89.8,70.6,12.5,78.6
161,rpi-8a,484.5,395.4,188.4,328.4,45.4,136.9,112.1
162,rpi-8a,157.3,84.1,265.0,196.0,232.8,164.1,190.3
163,rpi-4a,152.9,172.6,471.3,156.6,72.8,90.3,135.5
164,odroid4,114.3,114.5,352.7,203.8,83.4,52.7,205.2
165,rpi-8c,538.0,197.0,120.1,283.9,444.4,358.0,227.3
166,odroid3,127.6,10.0,634.4,831.0,109.0,30.0,58.2
167,rpi-8d,66.2,246.9,1280.4,202.1,22.3,22.2,50.6
168,rpi-4a,134.0,103.1,521.5,333.6,57.3,40.2,109.3
169,rpi-8c,221.8,397.5,297.9,192.4,74.3,277.4,214.8
170,rpi-4a,139.8,10.2,331.9,704.8,298.4,108.1,321.2
171,odroid1,406.6,102.1,1198.7,295.2,127.2,1.4,231.4
172,rpi-8b,20.3,272.3,143.5,749.1,38.0,293.9,421.7
173,odroid2,116.5,920.1,165.0,235.2,252.1,120.7,63.7
174,rpi-4a,12.8,75.0,321.8,628.7,293.0,190.2,4.0
175,rpi-8c,73.7,477.2,301.3,696.1,169.9,140.9,116.7
176,rpi-4a,239.6,177.7,80.1,111.0,477.5,43.4,253.0
177,odroid2,884.8,286.3,129.6,127.8,76.2,331.0,144.3
178,odroid2,234.5,20.2,451.8,254.6,270.9,279.5,229.2
179,rpi-8c,235.7,80.6,424.3,516.5,314.4,5.1,447.6
180,rpi-8d,842.6,340.4,138.0,30.0,125.7,142.4,328.7
181,odroid3,90.9,199.2,512.0,651.9,120.9,100.4,213.0
182,rpi-8c,177.5,365.5,177.0,8.0,166.6,465.0,67.8
183,rpi-8d,149.4,172.2,833.8,821.8,173.4,151.9,128.2
184,rpi-8b,93.4,105.0,222.0,518.6,113.7,388.9,289.4
185,rpi-8d,114.1,589.0,578.8,54.0,698.8,35.1,329.2
186,rpi-8a,338.0,485.9,579.9,79.3,408.6,192.3,35.0
187,rpi-8b,205.1,399.5,40.9,792.0,422.4,531.1,256.0
188,rpi-8c,60.6,2.7,1189.6,14.1,237.5,285.1,75.2
189,odroid2,49.5,306.1,566.2,442.7,46.1,235.4,133.9
190,rpi-8a,134.3,591.5,378.7,87.7,19.1,420.7,142.0
191,odroid4,147.4,178.6,414.8,641.2,184.9,162.1,67.5
192,rpi-8b,52.3,288.4,284.1,138.8,277.7,394.2,77.0
193,rpi-8b,190.7,183.3,618.4,262.9,160.9,136.6,471.1
194,odroid1,352.6,340.6,230.3,63.9,34.9,10.0,113.7
195,odroid4,135.7,279.7,682.3,375.6,24.7,63.6,10.7
196,odroid1,382.5,321.8,441.0,14.1,310.9,173.9,168.5
197,odroid2,287.6,522.4,224.0,38.4,91.1,420.0,270.6
198,rpi-4a,48.5,7.1,441.1,464.7,86.7,308.6,415.8
199,rpi-8b,161.7,9.7,316.4,882.7,134.0,48.4,318.9
200,rpi-4a,36.0,532.2,715.2,380.0,189.6,20.4,10.8
201,odroid1,92.3,19.2,270.9,500.0,193.1,14.5,171.6
202,rpi-8c,60.2,77.6,382.9,283.0,177.0,185.0,68.1
203,odroid1,284.3,103.0,348.2,390.8,481.5,4.6,90.4
204,odroid4,434.3,361.9,208.1,384.2,29.7,288.7,381.8
205,rpi-4a,206.6,425.0,288.9,368.7,74.0,179.9,95.4
206,odroid4,232.8,435.1,308.0,23.6,316.6,187.7,34.4
207,rpi-8a,453.1,173.8,967.9,39.5,3.3,101.6,56.1
208,odroid3,448.9,620.6,190.8,51.7,175.6,23.1,389.3
209,rpi-8d,112.5,381.1,342.3,107.5,394.8,173.0,214.4
210,rpi-8a,3.5,701.1,382.0,436.3,189.7,32.0,309.7
211,odroid4,398.6,271.5,202.3,230.5,345.8,3.8,192.4
212,rpi-8a,338.6,196.3,421.7,316.5,184.1,193.8,516.8
213,odroid4,5.3,440.0,340.4,509.5,178.0,206.3,175.7
214,rpi-8c,195.2,71.2,323.7,493.6,203.8,14.9,148.0
215,odroid2,237.9,343.6,349.1,48.0,15.8,187.0,237.7
216,odroid2,196.7,275.0,931.6,385.9,5.9,213.1,51.3
217,odroid4,46.5,108.9,308.8,386.3,12.8,199.6,215.6
218,rpi-8b,90.9,117.8,386.1,162.5,200.6,274.5,256.9
219,rpi-8b,295.4,764.2,35.3,444.9,317.7,532.7,243.2
220,rpi-8a,235.6,39.0,551.1,224.3,112.7,84.1,254.5
221,rpi-4a,321.1,245.2,144.3,527.9,228.8,78.2,147.8
222,rpi-8b,6.6,371.9,668.8,325.6,50.0,204.6,210.8
223,odroid4,206.9,192.9,301.2,330.6,228.5,182.1,265.1
224,rpi-8a,195.9,117.0,911.8,2.5,201.9,9.1,248.5
225,odroid4,313.9,1068.8,93.5,314.3,17.8,6.7,414.6
226,odroid4,142.7,303.5,325.7,138.8,184.2,102.3,114.3
227,rpi-8b,63.0,432.3,126.8,178.5,331.2,97.8,225.4
228,rpi-8c,54.6,135.2,155.1,333.9,230.3,246.3,280.3
229,rpi-4a,86.2,114.6,1265.9,103.8,23.7,14.1,278.7
230,odroid2,325.0,138.2,664.6,67.7,187.7,129.2,296.3
231,rpi-4a,109.8,189.6,496.0,66.4,110.3,4.7,18.0
232,rpi-8c,85.3,389.0,39.8,221.6,121.1,131.8,43.5
233,odroid4,136.7,142.5,116.6,390.7,410.7,255.4,184.9
234,odroid3,141.3,224.2,244.9,128.2,165.6,524.8,480.4
235,rpi-4a,404.6,8.8,307.1,762.9,253.1,16.8,240.5
236,rpi-4a,528.3,371.2,611.7,134.1,172.1,225.7,64.2
237,odroid1,238.2,281.1,165.0,232.3,84.8,149.9,377.1
238,rpi-4a,65.5,70.6,348.3,360.3,348.4,31.4,160.6
239,rpi-8b,189.9,66.2,217.5,603.4,83.0,160.3,179.9
240,rpi-4a,395.4,128.3,408.6,120.6,93.9,106.9,197.8
241,rpi-8a,465.7,119.8,32.3,971.3,462.0,285.9,148.8
242,rpi-8d,637.9,252.4,239.0,281.1,164.7,137.4,568.3
243,rpi-8c,157.3,212.9,488.8,177.7,283.6,122.2,111.4
244,rpi-8b,60.0,103.6,882.0,758.4,27.1,8.0,54.8
245,rpi-4a,65.6,660.3,369.3,383.0,48.6,239.0,149.3
246,odroid4,84.5,634.3,600.5,448.8,170.2,45.2,25.2
247,rpi-4a,276.6,280.9,280.8,364.8,272.0,230.3,201.4
248,rpi-8d,160.1,179.9,239.1,12.8,232.5,512.5,536.8
249,odroid4,208.5,907.8,200.5,120.7,100.9,131.9,171.1
250,odroid4,39.8,153.0,353.9,625.6,292.3,32.9,163.0
251,rpi-8c,170.7,381.7,313.5,370.8,34.6,174.2,4.5
252,rpi-4a,259.7,330.5,77.0,92.8,258.9,49.6,86.7
253,rpi-8c,27.5,618.7,109.5,773.9,88.7,305.8,99.3
254,rpi-4a,289.7,381.4,189.2,307.4,3.1,68.8,22.1
255,rpi-4a,145.2,193.1,302.5,470.7,6.0,193.1,11.7
256,rpi-8a,147.3,125.2,388.8,725.1,153.9,217.4,216.0
257,rpi-8a,302.4,615.6,34.8,242.4,150.9,198.4,17.2
258,rpi-8c,204.0,320.9,517.9,78.0,8.1,101.6,215.7
259,odroid1,514.2,19.9,339.5,39.9,273.0,280.0,261.5
260,rpi-8c,109.2,319.4,639.0,263.4,287.9,388.1,58.3
261,odroid1,244.3,26.6,508.4,696.9,173.9,128.6,321.1
262,rpi-8d,468.8,126.4,1537.5,383.5,20.0,227.7,160.4
263,rpi-8b,294.1,217.8,150.7,375.1,153.9,5.1,69.0
264,rpi-8d,143.7,652.4,200.3,131.6,234.2,270.4,396.0
265,rpi-8c,383.3,727.4,171.6,143.5,205.1,231.6,504.0
266,rpi-4a,365.4,901.6,250.5,312.6,329.5,103.1,300.5
267,rpi-8d,214.7,75.2,317.9,246.5,95.2,104.7,489.0
268,odroid1,391.2,848.4,27.5,113.7,159.6,34.1,144.8
269,odroid1,393.0,207.4,343.0,206.1,20.9,230.5,127.8
270,rpi-8c,273.9,46.9,398.1,219.7,286.4,480.1,135.4
271,odroid1,106.4,400.0,461.4,268.8,177.3,49.5,157.5
272,rpi-4a,144.4,924.9,11.4,112.2,273.1,268.0,501.2
273,odroid3,409.4,144.9,56.8,534.3,280.2,320.3,354.3
274,odroid3,336.5,282.8,246.7,474.6,109.4,157.2,317.8
275,rpi-8d,63.6,125.7,457.0,554.7,548.9,51.7,202.7
276,rpi-8a,23.3,180.1,624.3,411.9,347.5,4.0,2.2
277,rpi-8c,477.2,371.6,690.2,76.2,297.4,23.3,120.8
278,odroid3,571.5,241.8,332.5,219.7,66.9,53.0,108.3
279,odroid3,155.4,1205.3,83.8,39.3,167.8,435.4,314.8
280,odroid1,46.9,163.5,98.8,628.8,184.3,296.0,107.3
281,rpi-8b,91.6,366.6,314.6,258.3,237.6,309.5,82.5
282,rpi-8d,275.3,64.9,279.5,318.6,229.7,143.2,147.9
283,rpi-8b,235.8,224.8,298.1,119.9,60.7,17.8,27.4
284,odroid2,141.9,72.9,660.1,477.3,181.2,131.3,55.4
285,rpi-8d,6.2,210.7,1125.2,120.2,47.3,244.9,2.9
286,rpi-8a,526.2,456.9,99.7,103.7,172.8,90.4,170.8
287,odroid2,63.0,263.8,365.1,325.4,17.9,293.6,18.9
288,odroid1,381.9,433.2,421.7,122.9,27.5,298.6,58.6
289,rpi-8b,309.1,457.4,295.7,83.3,535.9,31.1,392.0
290,rpi-8d,272.5,167.8,236.0,247.4,192.5,195.3,92.7
291,rpi-8d,142.5,179.9,511.9,73.1,111.7,152.2,7.4
292,odroid2,74.8,383.8,580.9,80.8,234.4,57.6,28.9
293,rpi-8a,40.1,415.9,642.3,38.3,91.4,93.1,387.5
294,odroid1,173.6,519.3,214.2,83.8,289.8,108.8,415.9
295,odroid2,312.4,706.0,132.3,292.6,130.3,324.5,50.9
296,rpi-8c,133.5,168.8,214.3,152.0,509.8,174.7,148.9
297,rpi-8a,411.0,184.1,65.1,472.8,201.8,174.7,222.0
298,odroid1,275.1,175.3,184.2,53.1,295.9,177.4,101.8
299,rpi-8a,16.3,77.1,414.3,312.5,270.5,29.3,17.5
300,rpi-8b,89.8,88.9,726.7,386.8,192.9,211.7,168.3
301,rpi-8c,518.7,185.7,251.8,587.5,6.0,172.2,68.8
302,rpi-8c,111.9,847.9,529.3,32.4,77.3,6.4,84.6
303,rpi-4a,269.2,890.2,343.9,77.9,87.3,73.2,211.9
304,rpi-8d,361.5,293.4,75.4,369.0,363.0,297.4,156.4
305,odroid2,32.1,120.8,1120.2,160.5,200.6,19.2,260.5
306,rpi-8c,347.1,206.8,424.8,652.9,108.5,377.8,318.7
307,rpi-4a,98.6,310.2,23.5,258.1,171.1,251.5,459.3
308,odroid3,28.7,362.4,167.5,276.6,269.6,85.4,310.6
309,rpi-8a,205.5,275.9,165.1,236.1,67.5,444.5,261.9
310,rpi-8c,441.1,237.0,460.1,672.9,12.8,397.7,129.3
311,rpi-8d,247.4,310.1,473.3,144.0,313.0,202.9,266.6
312,odroid2,184.7,763.6,314.2,165.3,66.6,103.9,100.5
313,odroid2,213.8,32.3,121.1,585.9,75.7,161.4,360.1
314,rpi-4a,131.3,269.7,356.7,359.0,251.0,183.9,287.8
315,rpi-8a,248.2,344.7,469.3,330.3,79.7,391.4,363.9
316,rpi-8d,459.1,308.9,333.3,380.3,78.7,52.0,162.6
317,rpi-8b,157.4,183.5,188.1,177.7,405.5,309.8,417.2
318,rpi-8c,87.3,326.8,258.5,489.3,207.5,43.0,134.7
319,odroid3,465.2,144.1,86.3,261.9,175.3,185.8,45.4
320,rpi-8c,209.4,604.9,38.2,305.5,442.0,118.5,41.3
321,rpi-8d,212.1,313.9,230.4,111.5,352.5,434.7,355.8
322,odroid1,239.4,925.6,291.3,14.4,142.5,282.7,368.9
323,rpi-8b,59.0,1141.2,126.5,265.9,112.9,342.2,378.0
324,rpi-8b,415.7,63.1,81.0,523.5,290.3,19.3,485.2
325,rpi-4a,149.9,18.3,925.6,527.0,87.7,295.1,166.3
326,rpi-8b,46.8,193.1,277.0,815.0,342.9,145.0,57.5
327,odroid1,18.8,94.2,290.7,271.5,15.6,47.4,18.8
328,odroid2,134.8,568.7,203.0,228.5,210.2,115.3,178.8
329,odroid1,402.2,20.7,228.2,394.0,42.6,648.5,209.9
330,rpi-8b,13.8,254.1,661.9,768.7,184.6,167.1,103.4
331,odroid4,122.1,295.2,870.0,237.8,11.5,94.1,164.5
332,odroid2,220.4,328.3,163.4,528.4,109.7,222.2,129.9
333,rpi-8b,194.8,348.0,344.7,118.3,162.3,300.4,61.7
334,odroid4,490.5,148.7,576.7,311.1,159.5,197.4,404.5
335,odroid3,165.1,383.3,452.2,126.6,111.5,138.1,97.6
336,odroid4,68.0,349.2,653.1,78.2,62.3,386.7,170.3
337,odroid1,417.8,109.6,156.4,145.5,204.1,181.6,84.7
338,odroid4,440.2,72.5,196.3,491.2,91.1,51.3,15.7
339,rpi-8d,411.8,158.9,287.3,163.1,178.2,384.2,143.8
340,rpi-8b,482.3,55.0,293.7,451.3,221.6,336.9,453.0
341,rpi-8a,685.9,259.4,442.5,48.4,80.3,394.4,516.2
342,rpi-4a,134.7,52.7,800.2,331.5,22.5,34.6,299.8
343,rpi-8a,729.8,406.4,359.0,123.0,258.0,291.2,224.0
344,rpi-8c,66.3,126.1,201.8,348.2,284.6,2.9,57.5
345,rpi-8a,49.0,466.5,536.9,111.9,60.2,233.5,56.3
346,odroid1,471.9,108.0,310.3,341.9,152.0,298.9,119.8
347,rpi-8a,496.0,44.1,192.6,316.5,179.2,388.7,113.5
348,odroid4,476.4,309.2,586.8,459.4,163.7,6.6,78.4
349,rpi-8d,100.2,209.3,184.4,430.1,185.8,29.9,227.2
350,rpi-8d,204.1,319.6,91.5,201.3,38.8,73.8,79.0
351,rpi-8b,524.7,270.6,211.6,613.4,173.8,92.3,819.8
352,odroid1,447.4,135.5,324.3,312.3,730.8,62.4,403.9
353,rpi-8c,50.5,357.5,414.3,162.9,4.5,163.9,70.4
354,odroid3,26.7,467.1,95.3,708.8,134.2,199.4,72.6
355,rpi-4a,66.0,155.7,44.2,211.1,329.1,98.4,106.4
356,rpi-4a,21.7,72.4,450.0,115.0,251.5,230.8,79.6
357,odroid2,209.2,537.6,318.2,208.3,264.0,309.5,73.6
358,rpi-8b,247.2,23.5,938.3,386.5,131.7,84.9,118.7
359,rpi-8c,73.8,627.4,39.1,223.5,502.0,420.7,232.4
360,rpi-4a,325.9,88.1,809.2,352.0,27.8,143.7,122.6
361,odroid3,75.3,810.1,596.7,82.8,92.5,38.6,139.2
362,rpi-8b,313.6,277.2,222.6,56.3,267.5,46.2,42.1
363,odroid3,156.0,87.5,1389.5,60.7,252.4,23.5,210.5
364,rpi-8c,248.0,254.5,78.4,161.4,184.0,361.9,124.1
365,rpi-8a,215.8,187.6,299.7,746.8,55.1,185.0,130.2
366,odroid2,685.7,518.8,23.2,739.6,32.0,410.0,8.6
367,odroid2,447.1,318.5,282.3,103.7,355.6,95.3,583.9
368,odroid4,111.5,330.7,111.9,701.0,193.3,100.3,299.0
369,rpi-4a,499.8,276.0,78.3,253.8,176.0,213.5,275.0
370,rpi-8a,203.1,52.8,377.5,484.0,242.5,176.2,22.3
371,odroid2,133.4,558.3,134.4,530.3,10.7,388.6,137.7
372,rpi-8b,477.0,207.7,368.5,183.4,422.1,188.3,122.4
373,rpi-4a,149.0,74.9,78.0,37.8,241.5,448.4,224.7
374,odroid2,177.2,247.1,602.0,109.3,121.1,364.2,77.0
375,odroid3,211.3,82.2,500.5,264.7,725.3,175.1,207.7
376,rpi-4a,102.0,597.5,57.7,537.8,249.2,170.4,36.4
377,odroid2,344.9,399.7,32.7,663.9,291.1,25.9,182.9
378,rpi-8a,445.8,63.0,388.0,342.9,21.3,18.9,172.6
379,odroid1,181.5,226.8,978.4,8.6,246.4,139.1,8.6
380,odroid2,394.3,189.8,432.1,185.4,198.8,85.0,178.4
381,rpi-4a,165.7,491.2,132.3,141.7,476.6,276.8,90.3
382,odroid3,44.6,64.7,375.5,337.7,554.8,212.1,106.0
383,rpi-8a,182.3,38.0,155.3,861.9,57.1,456.6,155.9
384,rpi-8a,55.3,179.2,865.3,320.2,53.0,169.6,34.8
385,odroid1,296.8,629.4,8.0,278.2,605.9,235.0,567.6
386,rpi-8d,179.3,74.8,188.0,551.6,251.0,386.9,552.4
387,rpi-8d,9.1,6.3,397.0,692.3,160.4,50.6,145.0
388,rpi-4a,145.2,525.5,321.5,146.7,181.6,317.6,38.2
389,odroid4,84.2,340.2,346.6,91.0,359.2,200.7,368.2
390,odroid2,22.7,128.1,955.6,128.0,287.8,72.2,560.1
391,odroid1,88.1,533.8,229.6,103.6,153.2,203.8,54.9
392,rpi-4a,285.7,4.7,612.4,465.3,45.1,91.0,104.6
393,rpi-8c,329.5,324.0,300.0,110.8,79.4,127.3,386.0
394,rpi-8d,677.9,18.9,37.6,469.0,353.4,526.9,170.5
395,rpi-8b,183.3,391.3,152.5,44.5,133.3,356.9,281.2
396,rpi-4a,234.9,15.1,571.8,63.5,141.0,108.3,409.4
397,odroid3,10.3,135.1,455.2,79.1,92.1,90.4,35.8
398,odroid4,107.7,285.7,756.1,235.2,112.4,192.4,191.6
399,odroid2,433.9,456.9,364.6,315.9,24.8,35.2,261.1
400,rpi-8a,173.7,438.8,132.7,207.0,375.6,324.8,174.1
401,rpi-8b,207.9,175.9,381.3,573.5,33.2,337.2,325.1
402,odroid3,11.3,61.8,1301.6,418.2,263.2,92.5,297.2
403,odroid2,334.4,108.0,278.9,145.5,105.2,274.7,408.0
404,odroid4,87.1,203.6,428.9,148.2,271.6,64.7,117.6
405,odroid2,418.0,395.2,534.2,308.0,41.8,596.0,78.6
406,rpi-8d,32.0,110.7,940.2,260.3,141.4,333.4,267.9
407,odroid3,263.4,418.9,206.9,452.3,212.4,291.6,123.1
408,odroid3,397.8,298.4,35.5,428.2,134.9,208.5,233.4
409,odroid1,266.7,407.4,196.9,403.2,251.4,88.0,395.1
410,odroid3,395.1,667.0,32.9,78.5,446.7,393.2,56.8
411,odroid1,122.8,248.4,550.2,28.0,175.0,364.7,494.6
412,odroid2,411.8,102.2,162.7,969.1,137.8,72.5,95.7
413,rpi-8a,148.1,131.6,447.8,284.4,8.9,49.6,25.8
414,rpi-4a,49.0,487.3,582.1,8.4,199.5,233.0,26.5
415,rpi-8a,212.1,507.5,97.2,215.3,310.8,324.5,203.7
416,odroid1,261.7,1074.9,577.7,115.5,2.3,136.6,333.6
417,rpi-8a,137.7,123.7,298.1,108.6,760.5,66.9,46.8
418,rpi-4a,239.0,2.4,1101.9,171.3,211.4,5.7,195.9
419,rpi-8a,287.4,413.8,223.7,18.1,350.6,228.0,328.1
420,rpi-4a,285.1,215.5,431.2,79.9,101.4,321.4,354.5
421,odroid1,89.5,536.5,464.9,256.7,120.9,157.9,123.9
422,rpi-8d,175.6,755.4,94.8,93.0,422.2,106.5,264.6
423,odroid3,494.9,423.7,14.9,469.6,39.3,152.1,93.9
424,rpi-8c,194.6,251.9,16.5,398.4,356.7,259.9,339.2
425,rpi-8a,153.5,760.0,70.4,26.7,271.8,616.5,171.9
426,odroid3,83.6,657.6,215.8,228.1,385.7,54.3,198.4
427,odroid1,264.1,272.9,766.4,427.2,20.9,255.7,279.8
428,odroid4,646.6,645.2,144.0,49.9,151.0,387.6,224.9
429,odroid2,75.7,434.3,264.3,215.8,378.6,189.5,14.6
430,odroid4,511.7,691.7,187.7,65.4,204.0,484.8,112.3
431,rpi-8a,43.3,518.8,1124.6,83.7,28.2,167.5,153.4
432,rpi-8d,426.1,172.8,337.8,29.2,148.1,35.2,233.4
433,odroid4,448.3,89.1,804.8,446.4,115.4,117.1,50.9
434,rpi-8c,111.1,112.2,63.4,61.5,391.6,214.2,230.8
435,rpi-8c,584.3,95.3,644.0,26.6,150.9,336.1,317.9
436,rpi-8c,115.7,146.3,265.2,477.8,43.8,17.6,116.7
437,rpi-8d,68.4,71.1,276.3,398.2,43.9,129.1,191.1
438,rpi-8a,610.1,169.1,446.5,46.6,263.6,40.5,394.5
439,odroid2,132.0,260.6,757.2,132.0,60.8,16.5,96.7
440,rpi-4a,151.9,847.3,82.6,537.9,81.4,390.4,53.5
441,odroid4,41.0,520.4,193.2,579.7,116.6,434.3,71.4
442,odroid1,227.8,1116.8,97.3,197.1,268.3,139.7,307.8
443,odroid2,410.1,24.0,613.5,51.0,342.7,87.3,169.3
444,rpi-8d,475.8,63.9,303.7,377.1,95.1,410.4,167.5
445,rpi-8d,180.5,125.2,719.6,730.7,70.5,245.1,328.0
446,rpi-8d,83.4,241.1,266.3,68.0,37.8,263.7,141.0
447,odroid2,181.6,296.4,284.4,284.1,62.9,140.9,8.2
448,rpi-8a,102.8,433.2,731.3,95.5,307.2,229.4,294.1
449,rpi-8d,532.1,69.0,426.0,339.2,101.6,247.3,165.5
450,rpi-4a,526.3,213.9,438.5,235.9,329.8,544.8,472.2
451,rpi-8c,159.4,66.2,294.7,413.1,53.1,296.5,253.4
452,odroid1,364.3,147.3,229.1,107.8,453.2,177.8,95.8
453,odroid2,46.3,202.4,401.4,552.6,10.8,89.0,112.6
454,odroid1,56.0,205.6,811.0,431.3,78.2,30.2,24.6
455,rpi-8c,356.5,37.1,966.2,477.3,210.9,43.2,24.4
456,odroid3,32.4,178.9,481.1,365.5,453.8,39.9,122.7
457,rpi-8d,137.4,111.4,686.7,139.9,27.8,42.7,262.9
458,odroid2,89.4,73.5,653.8,177.0,126.8,112.7,194.6
459,odroid3,407.8,365.8,162.5,151.5,125.5,310.5,131.0
460,odroid2,55.8,28.8,1002.6,106.4,121.4,102.1,324.3
461,odroid2,291.1,251.2,66.7,169.6,156.6,204.5,139.0
462,rpi-8a,233.7,94.5,657.1,353.0,20.2,218.9,378.9
463,rpi-8c,56.1,439.1,79.1,109.8,905.4,208.9,451.3
464,odroid1,205.5,456.9,65.7,68.6,310.1,57.5,230.6
465,rpi-8d,239.4,321.3,189.0,56.3,224.7,349.2,182.0
466,rpi-8c,114.3,176.8,227.5,102.5,393.7,144.7,149.2
467,odroid3,301.4,375.4,574.3,334.7,54.9,96.6,338.7
468,rpi-8a,406.8,421.9,80.2,263.2,231.2,135.0,680.5
469,odroid2,588.1,406.5,372.2,26.6,281.1,59.6,32.5
470,rpi-8d,42.4,263.9,305.5,252.2,468.4,204.4,30.3
471,odroid4,209.3,501.2,373.4,320.8,121.7,38.4,154.2
472,rpi-4a,371.9,252.4,282.4,186.4,29.9,504.7,53.7
473,rpi-4a,290.0,39.7,375.3,258.2,82.4,271.9,96.7
474,odroid2,6.3,81.6,268.6,708.4,371.6,6.9,22.1
475,odroid1,240.0,388.1,318.8,222.0,17.2,184.4,4.7
476,rpi-4a,195.6,186.0,323.2,256.8,188.7,208.9,176.5
477,odroid3,302.4,593.5,714.9,88.2,279.5,272.0,277.5
478,rpi-8b,82.1,178.5,77.5,914.2,96.5,325.7,342.0
479,odroid4,458.7,136.1,245.4,345.0,494.5,171.5,5.9
480,odroid4,28.8,102.1,394.0,681.2,191.4,108.1,32.1
481,odroid2,266.2,274.4,1001.4,313.8,3.0,177.7,95.7
482,rpi-8d,31.1,86.2,178.2,395.9,373.4,88.5,7.2
483,rpi-8d,129.3,30.2,84.6,537.9,295.5,292.9,258.9
484,rpi-8b,309.2,6.2,353.1,629.7,557.9,125.8,349.9
485,odroid3,121.6,280.2,721.1,89.8,38.3,154.8,104.0
486,rpi-8d,97.0,125.8,349.0,321.3,73.1,109.2,261.3
487,odroid2,405.2,30.2,633.2,263.3,101.6,52.9,105.1
488,rpi-8d,32.6,155.3,730.9,391.2,134.8,66.9,12.8
489,rpi-8a,66.9,543.9,322.3,341.7,74.0,6.0,125.0
490,odroid2,215.5,51.0,316.1,217.6,113.5,214.1,220.5
491,rpi-8b,196.8,157.7,186.6,410.5,234.7,175.2,115.4
492,odroid4,5.3,445.7,597.8,319.3,207.4,34.9,18.7
493,odroid1,371.2,96.6,667.5,193.4,265.0,156.3,98.5
494,odroid1,102.2,190.3,418.1,146.0,235.9,295.1,345.3
495,odroid3,311.0,62.1,167.2,35.3,563.9,168.6,67.3
496,rpi-4a,2.6,226.6,402.8,31.9,160.8,254.5,272.4
497,odroid2,283.5,737.1,12.3,125.1,743.3,168.0,599.7
498,odroid4,375.4,654.2,46.5,237.3,149.1,65.5,791.1
499,rpi-8b,123.7,82.3,433.8,437.3,14.8,426.2,89.5
500,odroid4,246.8,607.1,160.2,634.3,263.5,163.6,320.8
501,odroid4,54.0,765.8,317.7,109.0,283.3,305.3,21.9
502,odroid3,169.9,249.1,471.1,176.7,277.9,193.4,177.6
503,rpi-8a,4.1,185.1,748.5,369.7,16.8,214.4,147.8
504,rpi-4a,359.7,330.1,69.8,626.6,133.7,118.8,67.2
505,odroid2,663.1,767.3,3.8,46.1,274.2,436.2,499.6
506,rpi-8d,67.0,540.5,516.3,77.0,10.5,39.8,294.6
507,odroid2,136.4,232.0,96.3,121.1,312.9,181.6,97.6
508,odroid1,207.2,13.3,369.0,1257.9,20.9,92.5,33.6
509,rpi-4a,504.6,196.7,527.6,63.1,261.0,384.4,221.2
510,odroid1,357.9,890.9,107.1,195.3,111.6,264.8,14.7
511,odroid4,88.6,421.2,395.3,32.3,503.4,211.7,293.6
512,odroid4,329.8,304.2,318.6,307.5,228.6,16.3,72.9
513,rpi-8a,293.4,375.4,213.2,219.0,62.8,278.1,373.3
514,rpi-8c,76.8,46.5,451.1,246.1,324.0,130.6,26.3
515,rpi-8c,417.0,943.2,155.4,174.6,261.2,212.7,311.6
516,odroid3,118.5,440.2,276.1,454.9,263.1,353.9,303.5
517,odroid3,196.1,434.0,152.9,152.1,27.7,166.7,185.9
518,rpi-4a,46.4,284.1,291.1,161.3,60.7,5.9,167.8
519,rpi-8d,331.7,376.4,450.6,184.5,5.5,144.1,98.1
520,odroid2,467.6,387.6,430.7,72.3,775.8,132.7,189.0
521,rpi-8a,250.6,134.1,313.0,264.1,80.9,49.9,20.2
522,rpi-8c,115.1,593.1,163.7,33.2,90.3,32.2,24.5
523,rpi-8c,437.1,68.8,434.9,85.7,221.5,261.6,41.9
524,rpi-8c,190.2,12.4,954.3,264.3,220.8,388.0,335.8
525,odroid3,65.7,464.8,196.8,218.1,454.4,178.3,371.5
526,rpi-8c,555.7,342.0,241.0,11.2,131.0,221.4,81.9
527,odroid2,444.1,386.5,98.1,431.4,3.4,95.2,74.4
528,rpi-4a,100.7,308.7,394.5,178.2,90.7,88.0,75.4
529,rpi-8a,166.5,777.4,157.2,103.4,249.3,292.6,407.7
530,odroid2,446.1,206.8,181.3,185.5,9.0,336.1,77.2
531,rpi-4a,65.2,848.3,293.7,218.2,154.4,499.9,135.0
532,rpi-4a,312.3,332.8,99.9,327.3,39.5,25.0,21.8
533,rpi-8c,8.7,333.2,939.8,322.3,252.9,4.4,47.2
534,rpi-8a,127.0,54.7,760.3,553.9,305.4,258.3,67.1
535,rpi-8c,250.6,401.6,362.4,53.8,413.7,285.1,336.6
536,odroid3,279.3,190.9,54.9,364.1,61.1,405.5,69.9
537,rpi-8a,130.3,231.1,204.0,664.8,34.3,46.5,209.2
538,odroid3,309.5,61.5,367.4,406.5,106.8,141.4,402.1
539,odroid3,219.6,407.0,352.7,425.0,63.3,26.6,260.1
540,rpi-8a,371.1,701.3,140.8,147.8,341.8,215.6,312.8
541,rpi-8b,44.5,16.1,281.5,230.3,58.7,371.4,72.9
542,odroid4,76.5,414.6,247.9,70.6,176.7,118.7,180.1
543,rpi-4a,330.6,222.5,1010.2,118.7,33.7,110.9,306.2
544,odroid1,380.8,628.4,161.6,127.2,195.7,517.4,193.8
545,odroid1,269.8,178.7,381.0,125.5,73.4,121.9,49.0
546,odroid2,386.8,206.4,91.3,71.6,14.9,366.0,47.3
547,odroid1,415.5,174.8,188.3,476.6,150.3,146.7,13.9
548,rpi-8c,194.6,500.1,146.1,218.9,130.3,267.2,15.8
549,rpi-4a,113.2,278.7,232.0,193.4,60.8,68.3,45.6
550,odroid2,235.8,176.0,161.9,227.9,29.2,309.8,117.1
551,odroid3,117.1,262.3,225.0,468.1,64.5,331.0,142.6
552,odroid3,220.0,297.7,536.4,351.0,111.6,74.7,133.9
553,rpi-8b,305.3,205.4,250.3,55.4,344.3,131.7,239.1
554,rpi-4a,384.7,263.0,481.5,61.3,359.3,56.6,68.0
555,rpi-8c,299.4,500.4,149.3,47.4,414.3,160.8,483.3
556,odroid2,724.4,624.3,30.5,10.7,229.2,371.8,66.1
557,odroid4,546.0,485.8,19.2,31.1,269.2,452.7,201.0
558,odroid3,308.6,109.4,70.5,218.0,197.4,162.6,247.8
559,rpi-4a,701.5,151.5,236.6,67.7,99.2,48.2,65.9
560,rpi-8a,309.8,381.1,27.0,553.5,149.2,259.9,109.4
561,odroid2,132.5,191.6,428.4,52.7,110.3,59.8,41.1
562,rpi-4a,220.1,248.9,193.0,32.9,443.7,153.1,54.9
563,odroid3,588.0,340.2,105.5,13.8,220.2,336.7,253.7
564,rpi-8b,20.4,159.9,310.3,799.0,268.1,22.7,253.0
565,rpi-8a,38.6,691.7,80.4,371.0,187.3,373.5,314.6
566,odroid1,127.5,89.1,408.8,547.4,58.9,138.1,3.0
567,odroid2,135.2,136.5,949.7,152.9,91.1,77.1,224.4
568,odroid4,233.8,16.2,750.6,282.4,91.0,44.2,43.8
569,odroid1,749.4,540.2,40.2,26.3,652.4,214.9,289.4
570,rpi-8b,128.3,321.6,876.1,118.9,192.9,37.1,41.0
571,odroid3,301.3,341.6,10.0,500.1,346.7,306.7,212.9
572,rpi-8a,565.0,59.3,707.2,199.7,125.4,203.6,276.1
573,rpi-8d,316.9,327.3,138.6,320.0,383.2,213.2,579.1
574,rpi-8b,162.7,261.8,194.7,212.2,278.0,313.3,487.1
575,odroid2,167.1,528.3,24.8,904.7,120.8,208.9,59.8
576,rpi-8a,51.9,247.9,1162.3,399.0,35.0,9.5,133.2
577,rpi-8d,116.1,197.6,480.0,183.0,368.8,70.8,80.0
578,rpi-8b,87.1,384.3,271.3,425.9,144.1,159.3,149.3
579,rpi-8d,425.7,113.3,372.9,183.6,421.1,158.8,309.5
580,odroid3,98.0,150.5,1039.4,214.2,166.1,57.5,208.7
581,rpi-8b,108.0,52.0,135.1,440.2,390.9,3.4,270.1
582,rpi-8a,439.6,333.9,308.2,139.5,426.8,66.3,305.9
583,odroid4,299.4,91.1,236.9,395.3,253.8,170.2,355.7
584,odroid2,153.5,907.1,251.2,61.7,9.6,394.8,11.2
585,odroid1,276.4,660.5,130.9,207.8,131.0,484.9,186.5
586,rpi-4a,317.9,98.8,58.9,423.5,58.7,65.4,60.6
587,odroid4,35.4,443.8,318.2,79.6,4.7,88.7,125.3
588,rpi-8a,28.3,168.2,467.5,160.3,164.2,18.8,24.8
589,odroid4,541.5,279.4,56.4,30.9,332.1,253.1,586.9
590,rpi-8a,177.5,16.6,311.9,326.1,217.7,110.1,237.3
591,odroid4,58.6,219.6,223.1,433.3,104.4,69.4,344.1
592,rpi-8d,81.0,26.7,171.8,488.6,100.3,182.9,292.6
593,rpi-4a,509.9,27.3,88.1,152.9,373.0,277.2,438.5
594,odroid4,194.7,770.3,185.1,168.9,214.0,392.1,325.1
595,rpi-4a,390.0,138.3,528.4,51.6,339.1,109.4,272.0
596,odroid2,3.8,306.4,850.6,111.5,155.4,108.7,435.8
597,odroid1,526.9,120.9,145.9,276.9,152.6,185.4,215.7
598,rpi-8c,21.5,22.2,578.3,216.3,39.3,23.4,203.7
599,rpi-8d,290.1,102.7,126.3,359.0,214.7,353.6,315.3
600,odroid2,158.2,38.0,1083.7,343.6,134.7,6.6,97.8
601,rpi-8c,469.5,383.1,283.0,77.4,186.4,254.2,113.1
602,rpi-4a,91.0,87.9,530.1,568.7,60.3,11.6,20.0
603,rpi-8a,42.3,542.8,179.4,612.0,177.4,152.3,158.0
604,odroid4,48.1,338.9,119.5,64.0,483.0,60.3,322.1
605,odroid3,9.1,285.5,437.2,262.3,26.9,142.3,14.3
606,odroid1,136.9,641.1,200.2,309.4,144.1,214.8,200.0
607,odroid2,10.4,409.2,260.1,96.7,193.5,14.0,110.4
608,odroid2,184.0,139.1,162.3,933.8,43.9,25.1,81.5
609,rpi-8a,264.1,628.5,304.2,471.4,182.8,350.7,52.0
610,odroid1,228.2,178.1,161.2,352.4,420.2,237.0,261.8
611,odroid4,287.4,35.2,378.6,827.7,492.1,268.3,176.3
612,rpi-4a,257.1,420.3,241.4,435.9,21.9,55.7,78.0
613,odroid4,291.3,919.0,22.7,488.3,215.7,438.8,270.3
614,rpi-8a,154.9,347.2,555.6,195.1,46.2,173.0,261.1
615,rpi-8c,336.4,257.8,208.8,178.9,99.5,129.3,94.2
616,rpi-8b,34.3,27.8,849.6,230.3,118.2,44.8,39.6
617,odroid1,44.9,102.3,958.0,649.0,181.2,67.7,115.7
618,odroid3,34.4,360.7,108.1,385.7,207.2,181.6,6.7
619,rpi-8b,339.7,71.2,152.8,95.5,208.4,353.1,391.0
620,rpi-8d,712.6,553.6,58.3,6.7,438.5,77.4,216.3
621,rpi-8c,406.1,1000.8,86.2,349.9,269.8,232.7,52.8
622,odroid3,445.1,709.6,410.4,67.5,140.6,466.3,337.8
623,rpi-8a,384.3,328.1,87.0,236.6,306.9,346.9,331.7
624,odroid4,213.5,798.4,112.5,6.6,510.5,173.8,87.7
625,odroid3,147.7,373.6,313.1,337.1,77.4,78.2,86.9
626,odroid2,178.1,335.3,846.4,191.7,156.7,463.7,176.3
627,odroid1,252.7,271.0,193.0,480.7,149.9,151.2,37.0
628,odroid1,49.5,550.5,738.9,141.6,378.7,69.2,305.3
629,odroid4,156.7,40.7,551.5,416.4,130.6,200.7,2.1
630,rpi-8d,39.0,33.2,912.7,336.7,107.1,197.3,246.5
631,odroid1,313.8,23.2,992.6,403.6,171.7,186.5,236.5
632,odroid1,235.8,424.8,135.5,7.3,281.0,131.5,334.9
633,odroid4,245.1,78.8,463.1,289.0,198.9,221.1,128.0
634,rpi-8d,192.9,232.1,286.6,255.1,383.6,96.6,134.5
635,rpi-8a,276.1,530.0,46.4,171.6,359.9,128.9,71.4
636,rpi-4a,32.5,1040.1,159.7,163.6,269.4,18.1,96.0
637,odroid4,192.0,56.7,406.3,116.0,623.9,24.4,361.1
638,rpi-8d,269.0,97.9,534.1,353.7,350.0,132.9,119.1
639,odroid3,268.9,562.9,383.5,41.4,45.7,187.2,30.3
640,odroid2,498.2,222.0,847.9,13.0,757.4,68.2,165.8
641,odroid1,168.2,702.1,814.6,17.5,388.4,8.3,310.2
642,odroid4,184.1,177.2,34.5,261.5,845.0,376.0,305.0
643,odroid2,342.2,303.0,95.0,445.4,290.2,338.8,160.7
644,rpi-4a,74.7,283.8,618.3,273.9,75.6,12.9,240.8
645,odroid3,40.8,161.5,456.0,117.9,375.3,221.5,58.2
646,odroid1,190.0,548.9,801.5,12.1,33.1,307.1,174.5
647,rpi-4a,25.6,371.9,104.2,720.1,13.7,118.8,35.5
648,odroid1,56.1,213.5,76.8,616.2,315.0,307.6,50.1
649,odroid1,144.5,92.5,1267.2,400.2,160.1,12.4,19.8
650,rpi-8d,516.3,112.9,78.4,231.3,889.0,207.4,370.4
651,odroid2,110.3,132.0,618.4,160.6,52.8,44.8,314.9
652,rpi-8a,201.4,101.5,191.6,831.5,31.2,60.8,152.0
653,rpi-8d,732.1,256.1,291.9,529.2,14.8,177.4,34.5
654,odroid4,89.7,56.0,412.8,131.3,667.8,135.1,290.3
655,rpi-8d,18.9,15.5,1125.4,140.7,40.4,148.4,35.1
656,odroid1,138.4,231.6,135.9,601.7,530.2,257.5,169.2
657,odroid1,548.6,2.4,331.3,340.6,210.0,297.4,37.1
658,odroid3,84.6,271.5,29.9,408.0,389.3,187.0,79.7
659,rpi-8c,363.4,598.8,86.1,362.9,185.0,272.1,87.0
660,odroid1,398.2,271.3,43.5,398.8,150.5,223.5,563.2
661,rpi-8c,342.1,363.0,291.3,144.5,166.5,483.9,479.3
662,rpi-4a,85.8,758.8,193.9,367.8,75.4,59.4,186.1
663,odroid4,134.6,212.9,178.7,308.8,129.4,330.7,181.6
664,odroid1,297.5,119.4,340.6,84.6,176.9,162.9,54.0
665,odroid4,168.3,458.6,90.1,829.7,49.2,270.8,374.0
666,rpi-8a,570.9,1136.5,453.3,4.4,32.1,508.7,643.8
667,odroid3,476.6,273.7,589.2,110.4,81.4,197.9,61.7
668,rpi-8b,138.1,189.5,561.3,112.0,104.8,195.9,168.4
669,rpi-8d,325.4,481.8,461.7,12.8,170.4,415.5,5.7
670,odroid1,316.7,134.6,207.5,371.0,234.5,188.8,53.6
671,rpi-8c,223.7,761.5,4.8,220.5,561.0,685.1,300.0
672,rpi-8a,9.1,275.5,1017.0,119.6,167.9,76.8,15.8
673,rpi-8b,237.9,51.7,27.8,309.0,261.1,263.7,201.0
674,rpi-4a,144.2,135.6,85.4,214.0,111.3,230.7,257.1
675,rpi-8b,231.6,27.2,131.7,632.5,234.9,290.0,52.9
676,rpi-8a,317.9,188.9,52.4,368.2,222.4,102.2,40.6
677,odroid1,46.4,182.4,461.6,469.9,133.7,241.9,153.2
678,rpi-8d,55.1,331.5,59.3,489.4,565.8,299.2,624.6
679,odroid1,322.2,527.1,402.4,57.4,58.0,47.3,14.2
680,odroid1,30.7,84.3,314.1,504.0,29.1,57.9,43.1
681,rpi-8a,37.9,152.3,781.5,646.6,18.4,189.8,432.2
682,odroid3,153.8,47.2,908.5,97.7,500.2,146.8,213.5
683,odroid3,309.0,352.8,682.1,377.1,130.3,159.0,197.6
684,rpi-8c,135.7,551.3,110.1,300.9,113.0,321.0,98.4
685,rpi-4a,121.4,680.2,41.4,622.9,49.6,173.7,30.9
686,rpi-8b,67.6,145.1,288.9,81.5,187.2,315.7,327.3
687,rpi-8a,90.3,802.4,645.2,50.3,91.7,21.3,146.6
688,rpi-8b,272.5,69.1,537.3,565.2,133.7,35.0,102.7
689,rpi-8b,116.2,315.9,239.9,665.5,324.6,18.4,202.9
690,rpi-4a,209.7,13.7,971.6,174.9,18.5,3.0,62.4
691,rpi-4a,104.6,347.2,210.1,264.2,254.8,127.5,69.5
692,odroid4,188.3,503.6,579.7,35.4,86.6,85.1,50.0
693,odroid4,433.5,465.3,49.1,211.8,203.8,189.6,96.5
694,odroid4,214.6,269.5,48.7,379.2,243.9,78.2,169.5
695,rpi-8c,98.8,276.7,354.1,30.4,150.9,236.9,289.6
696,rpi-8c,318.1,323.2,615.9,324.0,42.1,251.4,234.7
697,odroid2,34.7,257.1,539.6,73.6,255.2,72.3,3.4
698,odroid3,445.1,554.4,386.0,108.0,86.6,400.6,95.4
699,rpi-8d,77.8,220.8,449.6,401.5,31.3,94.3,86.8
700,rpi-4a,304.5,4.2,560.0,554.5,336.5,6.0,32.2
701,rpi-8b,173.0,8.5,623.4,449.8,277.6,83.9,152.0
702,rpi-4a,234.1,645.7,511.1,217.2,93.6,316.4,295.2
703,odroid2,792.7,249.2,277.8,53.8,184.9,305.9,136.0
704,rpi-8b,205.3,115.5,261.8,125.4,34.2,417.0,551.2
705,odroid4,478.2,278.6,551.7,212.5,555.1,149.3,325.1
706,odroid3,130.3,388.3,283.1,544.6,28.7,117.5,15.7
707,odroid4,72.8,344.3,1402.5,251.1,2.2,140.7,137.3
708,rpi-8b,204.2,626.6,247.0,255.9,66.9,351.7,216.2
709,rpi-8a,55.6,245.8,299.5,105.0,118.4,60.5,39.1
710,rpi-8b,20.7,65.4,90.7,534.6,617.4,68.9,351.5
711,rpi-8a,492.5,410.9,273.5,453.5,105.8,283.9,127.5
712,rpi-8b,123.7,25.0,43.1,1208.0,307.8,172.2,7.7
713,odroid2,328.4,764.5,122.3,119.7,143.3,191.5,100.7
714,rpi-8c,70.9,100.2,69.0,577.0,203.8,168.2,35.2
715,odroid3,73.6,310.3,615.7,468.7,241.9,133.0,58.4
716,rpi-8a,258.4,398.6,355.7,54.9,480.3,343.6,228.3
717,rpi-4a,346.6,304.1,717.7,36.3,239.1,17.6,152.3
718,rpi-4a,510.0,353.6,309.3,103.4,188.3,192.6,385.6
719,odroid4,200.7,14.3,745.2,155.4,123.7,73.2,165.0
720,odroid2,679.3,325.7,235.1,209.4,122.6,137.5,261.0
721,rpi-4a,465.9,541.1,538.7,27.7,271.2,255.2,261.6
722,odroid1,825.3,244.8,64.4,144.4,88.9,578.0,190.0
723,rpi-8b,783.1,94.0,329.5,78.3,88.4,645.6,388.7
724,rpi-8d,241.9,460.0,55.3,165.6,97.3,208.0,406.0
725,rpi-8d,142.4,23.5,667.9,668.7,18.1,687.8,330.2
726,odroid3,474.0,43.6,101.3,490.1,195.2,177.4,392.0
727,odroid4,326.6,206.4,202.0,336.3,263.1,123.5,143.3
728,rpi-8b,275.7,94.2,159.0,130.8,420.1,79.9,61.3
729,rpi-8c,324.9,633.7,354.4,26.0,319.2,216.4,79.5
730,rpi-8d,388.7,574.2,96.3,232.1,293.1,162.8,167.3
731,rpi-8c,508.6,281.0,24.5,348.2,419.4,195.5,331.8
732,rpi-8b,111.9,39.2,752.7,501.7,11.6,51.1,230.0
733,odroid4,154.6,120.0,327.7,275.7,336.2,124.7,400.6
734,rpi-8a,66.8,24.1,365.1,594.1,418.7,99.6,41.2
735,odroid3,292.8,196.1,473.9,406.9,241.8,300.6,188.8
736,rpi-8d,299.6,120.4,378.1,507.1,130.1,277.7,182.6
737,rpi-8d,157.4,41.2,457.1,646.6,235.5,7.6,226.5
738,rpi-8b,233.8,321.5,125.7,213.7,454.4,372.4,553.0
739,odroid4,104.9,117.1,591.7,292.1,359.2,84.6,107.0
740,odroid1,233.3,142.9,789.8,300.4,4.6,176.1,308.2
741,odroid4,409.8,42.4,461.3,234.1,214.5,24.8,240.1
742,rpi-8c,35.0,20.0,757.8,182.1,254.2,278.9,135.5
743,rpi-8a,618.5,245.9,40.3,241.3,333.5,487.9,340.5
744,rpi-8a,51.1,291.6,340.3,308.7,178.3,276.5,112.7
745,odroid2,62.2,93.2,847.0,269.4,35.4,101.1,14.4
746,rpi-8a,120.2,373.8,228.8,34.2,802.5,93.8,24.7
747,rpi-8b,134.1,12.4,367.4,827.5,6.4,11.1,50.8
748,odroid4,469.6,390.1,3.9,180.9,218.9,128.3,98.3
749,odroid4,17.2,385.5,394.6,10.2,201.4,187.3,82.9
0,rpi-8a,378.4,72.6,150.9,112.0,404.4,225.6,154.1
1,odroid2,161.4,8.7,358.9,493.2,150.3,92.1,110.6
2,odroid4,44.1,406.5,200.9,79.4,296.1,355.9,92.1
3,odroid1,312.8,596.2,2.8,225.5,583.9,414.5,346.8
4,odroid1,235.1,293.3,310.4,33.4,109.7,136.5,643.5
5,odroid2,340.0,316.4,190.1,83.1,23.0,77.0,215.8
6,odroid4,34.0,85.8,306.7,154.1,219.4,91.9,42.6
7,odroid2,155.4,18.0,69.2,234.8,2.7,220.7,18.3
8,odroid1,8.0,95.5,303.2,162.3,30.3,81.7,13.6
9,rpi-8a,57.8,106.9,80.4,333.3,177.9,2.2,5.8
10,rpi-8b,79.6,273.7,143.1,29.5,209.7,509.8,507.4
11,odroid1,428.6,595.6,293.7,278.8,158.5,68.9,203.9
12,odroid1,27.2,252.0,107.6,241.5,26.4,512.6,25.9
13,rpi-8a,65.4,20.8,384.7,322.5,342.1,544.2,9.9
14,rpi-8c,229.9,69.1,59.6,69.8,137.1,1021.1,167.1
15,odroid4,607.7,161.4,181.0,36.0,2.0,672.1,69.2
16,rpi-8b,97.8,54.8,537.0,667.8,326.2,581.6,297.6
17,odroid4,23.9,8.0,251.3,234.5,325.7,11.3,268.0
18,odroid4,182.9,26.9,607.9,82.2,187.6,83.3,576.4
19,odroid4,92.0,201.9,13.1,955.9,438.8,728.6,188.8
20,rpi-8c,1000.0,596.7,41.9,38.9,181.7,167.3,56.2
21,rpi-8b,6.4,101.4,57.2,56.1,346.6,269.2,33.3
22,odroid1,510.4,27.4,84.2,171.4,184.9,5.0,23.8
23,odroid1,100.4,14.6,179.5,51.6,66.4,18.4,94.4
24,rpi-4a,3.1,112.6,297.2,176.7,61.1,42.7,18.4
25,rpi-8b,659.8,266.8,1.8,11.5,696.2,330.9,317.6
26,rpi-4a,39.7,671.0,295.7,814.8,13.2,53.2,22.8
27,rpi-8d,110.5,464.2,47.1,247.5,120.2,43.5,195.8
28,rpi-8a,159.7,354.1,7.8,362.4,43.7,57.6,93.4
29,rpi-8b,17.9,222.0,2.7,65.0,236.8,176.2,26.5
30,rpi-8a,144.7,12.6,17.0,102.5,47.3,97.5,30.1
31,rpi-8b,163.0,24.1,276.6,629.8,380.9,85.6,101.3
32,odroid2,108.7,60.5,476.4,476.8,200.7,43.1,249.4
33,odroid2,153.6,26.9,22.6,46.8,812.0,138.9,343.0
34,odroid1,283.2,109.2,489.0,39.9,265.5,198.9,237.7
35,odroid2,36.5,52.8,222.1,43.3,48.7,48.4,68.3
36,rpi-8c,184.8,71.3,187.0,94.3,497.4,119.2,449.9
37,odroid1,26.2,136.2,67.1,132.8,178.2,62.7,17.0
38,rpi-8b,142.5,44.6,68.1,372.6,224.0,155.5,201.4
39,odroid1,7.0,396.7,289.2,100.8,263.2,88.7,101.0
40,rpi-8b,13.8,281.0,536.3,179.3,15.7,10.6,391.5
41,rpi-8c,23.9,3.9,607.2,254.6,8.6,69.8,23.9
42,odroid4,73.3,16.1,461.5,644.8,176.8,35.1,98.5
43,rpi-8d,14.5,33.3,203.0,57.2,24.9,212.8,100.9
44,odroid4,3.5,88.8,772.6,388.5,25.3,231.3,89.0
45,rpi-8c,31.8,11.2,627.8,248.5,226.4,21.1,184.6
46,odroid3,42.1,113.6,388.1,218.5,50.9,64.4,229.5
47,rpi-4a,4.5,350.6,893.3,11.6,3.8,9.2,58.2
48,odroid3,202.5,158.2,163.6,82.1,246.5,118.7,84.2
49,odroid1,205.1,236.8,120.0,9.4,213.5,28.2,25.4
50,rpi-8b,275.1,3.9,101.8,990.4,267.8,122.8,127.4
51,rpi-8b,60.5,148.8,31.7,397.5,83.4,235.9,60.9
52,odroid3,5.0,648.3,209.7,124.8,214.6,33.0,53.4
53,odroid1,17.5,152.8,117.2,154.8,708.4,206.9,903.6
54,rpi-8b,763.6,424.9,41.7,2.9,1008.8,163.2,460.2
55,odroid2,3.1,194.4,148.6,409.7,32.8,8.6,77.8
56,rpi-8c,245.2,992.7,80.8,124.5,486.4,421.9,294.8
57,odroid1,4.1,852.2,509.0,194.4,89.6,616.3,264.8
58,odroid4,748.9,1531.1,15.0,9.0,539.9,705.6,858.7
59,rpi-8d,652.8,304.3,220.7,344.8,222.5,349.8,332.2
60,odroid4,80.8,130.0,70.5,154.2,7.4,12.4,28.5
61,odroid1,6.4,8.9,399.2,32.3,145.2,46.7,64.1
62,odroid3,227.7,187.4,91.7,32.2,372.0,47.3,301.3
63,rpi-8c,4.9,10.4,1795.6,488.5,63.3,185.1,29.9
64,rpi-8c,489.9,1002.9,48.4,47.1,207.4,113.5,243.2
65,rpi-8c,48.9,135.7,74.1,662.7,54.0,93.6,156.4
66,rpi-4a,231.2,179.8,64.8,22.2,32.7,4.2,19.0
67,odroid2,101.5,190.0,52.2,85.2,316.8,37.2,102.6
68,odroid3,985.6,274.1,25.1,65.5,466.7,385.8,211.7
69,odroid4,77.3,30.2,255.7,190.3,210.8,162.8,246.3
70,odroid3,398.9,214.7,40.9,278.9,346.9,395.3,761.5
71,odroid2,173.0,15.5,192.4,36.7,54.5,80.0,36.5
72,odroid3,35.3,47.3,40.6,275.3,22.4,20.5,93.9
73,rpi-8b,5.6,214.2,76.8,293.6,33.6,174.7,38.6
74,rpi-8b,460.9,307.7,289.7,136.5,320.3,66.4,152.4
75,odroid4,8.4,5.1,389.5,563.8,135.0,54.8,29.6
76,rpi-8d,333.8,71.5,208.2,60.0,123.0,531.6,73.1
77,rpi-4a,3.5,196.4,1187.3,288.6,216.7,8.0,97.7
78,odroid2,387.1,128.9,27.4,107.1,10.6,12.1,5.1
79,rpi-8a,199.2,573.9,10.3,1148.0,155.4,246.7,253.9
80,odroid3,115.5,382.8,86.8,578.9,145.9,90.0,128.4
81,rpi-8d,157.1,67.3,64.4,641.7,60.0,50.3,270.7
82,odroid1,3.5,81.9,602.5,284.1,4.0,37.4,102.1
83,rpi-8d,181.1,8.2,310.0,153.3,237.6,181.3,221.5
84,odroid1,58.4,119.8,44.8,343.8,437.2,154.7,78.8
85,rpi-8a,119.1,13.6,333.5,349.8,49.8,64.0,172.9
86,odroid3,54.2,112.1,300.4,154.9,778.4,275.5,6.8
87,rpi-4a,346.5,59.9,188.0,446.6,421.3,263.3,501.9
88,odroid3,167.0,330.9,23.1,5.4,163.4,245.5,25.4
89,rpi-8b,12.7,154.6,740.6,17.9,24.9,115.3,162.9
90,rpi-8d,55.2,469.0,730.7,387.2,86.6,248.2,147.2
91,rpi-8c,6.0,64.7,470.8,9.9,133.8,129.3,104.8
92,odroid1,44.9,33.2,891.6,108.2,43.2,331.1,383.1
93,odroid1,9.0,3.0,329.9,114.4,135.2,155.3,94.7
94,odroid4,356.4,315.4,79.5,105.4,532.9,43.7,167.1
95,odroid2,22.6,24.8,92.9,218.7,5.2,3.8,7.1
96,odroid2,290.3,139.3,775.0,408.1,21.7,38.1,84.2
97,rpi-8a,353.7,139.8,79.8,10.2,15.5,243.3,155.4
98,odroid2,391.6,159.8,41.5,467.2,56.1,203.4,186.5
99,rpi-8c,74.9,553.6,74.4,132.0,355.0,155.7,147.8
100,rpi-4a,6.1,159.4,481.7,861.6,182.2,124.4,284.7
101,odroid1,11.9,28.7,610.6,37.1,123.7,15.7,173.8
102,rpi-8a,578.0,475.3,296.9,4.4,212.9,346.8,252.3
103,rpi-8b,126.6,745.9,20.9,171.9,323.7,295.9,332.6
104,odroid3,28.5,164.9,555.2,320.1,321.8,34.3,264.1
105,odroid2,299.6,96.7,55.5,60.6,38.0,121.4,312.0
106,rpi-4a,22.7,14.6,50.9,200.0,2.4,152.6,4.5
107,rpi-8c,426.6,43.5,262.7,107.2,24.1,57.0,73.9
108,rpi-4a,46.2,175.8,228.3,8.0,16.0,67.6,25.9
109,rpi-8d,11.1,145.1,689.1,94.5,101.4,32.2,472.5
110,odroid4,299.1,66.2,370.3,17.7,191.1,106.1,480.4
111,rpi-8d,100.7,115.8,37.4,62.0,11.1,454.2,116.1
112,odroid4,6.2,3.7,860.9,22.1,62.0,3.5,45.5
113,odroid1,98.8,158.9,188.0,287.6,270.0,157.0,46.8
114,odroid4,9.9,60.1,270.3,25.5,27.7,222.9,158.7
115,rpi-8b,346.7,126.9,49.1,45.7,713.6,485.9,223.5
116,odroid1,67.3,18.8,435.1,695.0,102.8,85.1,316.1
117,rpi-4a,75.7,124.7,20.6,252.8,85.3,62.0,9.5
118,rpi-8c,76.6,84.7,138.3,776.4,17.4,472.3,119.4
119,odroid3,119.0,10.7,81.5,661.6,29.1,208.2,7.7
120,rpi-8d,302.2,64.6,169.2,686.1,177.8,119.9,39.1
121,odroid1,53.0,45.7,84.1,219.7,93.3,31.7,103.3
122,rpi-8b,45.6,414.7,412.6,24.4,184.9,152.9,38.3
123,rpi-8c,227.0,37.9,256.5,358.4,210.9,125.0,189.9
124,rpi-8a,375.4,62.9,56.3,255.9,15.3,46.1,63.0
125,rpi-4a,16.7,80.7,255.6,157.5,124.4,128.3,40.6
126,rpi-8c,178.0,779.6,487.0,3.4,175.2,245.1,309.8
127,odroid3,476.2,307.0,3.1,69.5,350.5,91.1,78.0
128,odroid2,141.4,520.3,49.3,278.6,32.8,186.9,34.5
129,rpi-8a,100.1,129.1,107.6,375.6,59.2,66.0,103.3
130,odroid3,10.5,447.9,259.9,54.3,349.6,80.6,423.1
131,odroid4,87.5,641.8,5.2,67.3,275.4,8.5,57.2
132,rpi-4a,923.8,13.2,71.5,81.9,30.4,37.2,25.9
133,rpi-4a,46.0,236.5,39.5,73.4,53.3,147.4,232.4
134,odroid4,108.2,12.0,330.4,164.8,106.0,335.9,29.0
135,rpi-8c,332.9,616.7,155.1,19.9,250.6,111.7,22.8
136,odroid3,443.8,1122.7,4.9,138.7,127.3,281.2,21.7
137,odroid3,70.3,152.1,1255.0,197.5,1.3,21.2,192.7
138,rpi-8a,85.6,28.6,533.3,251.9,544.4,120.6,29.9
139,odroid4,46.4,334.4,314.2,4.6,93.1,42.8,157.2
140,rpi-8b,253.6,397.1,344.2,93.2,126.1,201.9,57.4
141,odroid1,468.4,1267.0,42.2,72.9,163.0,212.2,48.0
142,odroid4,43.0,287.4,321.7,108.7,282.0,71.1,126.0
143,odroid3,79.8,454.4,33.9,196.0,73.7,635.9,282.5
144,rpi-8b,9.3,240.6,305.5,26.9,34.1,87.7,63.8
145,odroid1,121.4,14.9,193.0,1211.2,19.9,40.1,206.5
146,rpi-8c,15.2,24.1,508.0,170.9,155.8,90.3,71.2
147,rpi-8a,43.4,217.8,138.0,196.1,17.7,216.6,128.9
148,rpi-4a,81.2,7.0,182.6,283.2,7.1,37.8,93.7
149,rpi-8a,93.0,395.8,31.1,21.4,116.5,475.6,435.9
150,rpi-8b,100.3,303.4,425.2,47.1,164.1,15.1,56.2
151,rpi-8d,394.2,883.1,1.1,266.4,264.8,325.8,635.2
152,rpi-8c,105.3,37.2,11.7,560.8,59.4,214.5,2.1
153,rpi-8a,11.3,51.1,1251.0,139.7,202.5,164.6,25.4
154,odroid1,95.9,244.2,110.1,3.9,105.5,171.5,102.2
155,rpi-4a,29.4,634.7,1561.4,30.1,294.3,58.7,555.0
156,rpi-8c,272.6,708.6,117.5,21.0,95.3,619.9,126.9
157,odroid1,169.7,190.6,179.8,170.2,112.2,20.5,142.0
158,rpi-4a,113.2,331.0,39.1,189.0,186.9,119.3,94.5
159,odroid1,64.8,88.6,311.1,124.2,1.4,33.5,24.8
160,rpi-4a,55.2,164.1,338.7,21.5,42.3,5.0,44.4
161,rpi-8a,322.4,98.6,555.1,61.1,52.0,126.7,237.3
162,odroid3,98.8,44.5,46.5,234.0,95.5,106.1,100.0
163,rpi-4a,55.4,96.7,243.8,116.3,29.7,49.1,81.0
164,odroid1,39.2,51.9,142.0,157.0,35.2,27.7,138.3
165,odroid4,452.3,136.0,97.7,280.5,368.5,366.5,227.5
166,odroid3,38.3,3.4,689.3,831.6,48.3,19.9,49.3
167,rpi-8d,51.3,144.1,551.0,215.0,2.7,4.2,4.7
168,rpi-4a,38.8,33.6,434.7,212.6,27.7,22.3,82.9
169,rpi-8c,93.3,296.7,227.3,84.1,52.8,195.5,161.9
170,rpi-4a,25.3,13.8,187.7,1015.7,191.9,69.2,235.0
171,rpi-4a,312.8,112.3,513.0,681.3,15.8,1.1,63.3
172,rpi-8b,4.0,140.9,235.1,299.3,72.4,181.0,396.2
173,odroid2,44.9,478.2,707.5,8.5,488.3,70.2,84.8
174,odroid1,5.7,4.7,626.1,199.1,331.3,143.2,5.4
175,rpi-8a,22.0,164.4,761.7,187.3,268.0,74.5,101.6
176,odroid2,173.2,69.0,26.7,99.7,399.9,31.6,221.4
177,odroid2,731.7,151.8,374.4,54.4,56.1,429.8,360.4
178,odroid2,75.9,55.0,97.1,580.2,96.9,215.0,105.8
179,odroid4,120.9,62.5,148.7,745.4,174.4,2.5,300.7
180,odroid3,1014.8,241.6,44.3,48.2,38.2,133.7,415.2
181,rpi-8a,25.0,103.8,493.5,464.8,94.5,43.3,116.9
182,odroid4,153.3,231.2,21.3,7.6,64.5,438.9,33.4
183,rpi-8d,64.2,109.0,800.2,840.8,102.3,66.0,38.3
184,rpi-8b,24.9,72.1,116.5,411.6,73.3,312.5,200.7
185,rpi-8a,239.8,711.1,12.3,188.4,447.0,5.1,27.1
186,odroid3,479.4,303.2,185.5,84.4,212.4,107.2,7.5
187,rpi-8b,100.7,171.9,213.6,338.3,665.3,558.7,289.7
188,rpi-4a,62.3,30.3,5.2,574.6,4.2,136.3,2.3
189,odroid2,5.4,240.2,801.8,180.3,57.9,131.7,78.0
190,rpi-8d,59.9,480.9,220.4,20.5,13.0,313.7,75.8
191,rpi-8c,50.8,47.7,680.1,342.2,175.9,108.6,60.1
192,rpi-8b,52.5,144.1,50.1,86.2,156.6,283.9,18.4
193,rpi-8b,120.4,305.3,58.6,547.3,36.2,46.8,164.1
194,rpi-4a,230.2,72.3,268.8,12.5,21.8,9.4,188.9
195,odroid4,53.9,43.9,1144.4,82.2,20.4,37.1,15.1
196,odroid2,402.6,350.2,37.4,65.3,98.1,100.7,50.3
197,odroid2,81.5,678.4,169.2,22.0,75.9,368.0,227.8
198,rpi-4a,4.7,37.7,83.8,843.1,25.4,206.6,223.8
199,rpi-8b,42.3,5.0,246.3,1041.7,70.5,31.8,303.8
200,odroid1,22.8,139.6,1059.3,68.7,198.6,6.4,5.3
201,rpi-4a,23.6,5.1,203.9,423.0,119.8,10.7,161.0
202,rpi-8c,25.3,25.8,165.6,209.5,87.4,118.0,31.7
203,rpi-4a,246.2,15.6,266.4,338.8,374.5,3.7,71.1
204,rpi-8c,144.4,308.1,415.5,169.9,37.1,247.9,521.7
205,rpi-4a,59.0,174.1,719.7,71.8,105.6,132.0,131.3
206,odroid1,268.6,200.4,87.7,16.1,173.4,124.7,15.5
207,rpi-8c,370.6,114.9,377.8,77.1,1.0,58.4,26.4
208,odroid3,443.5,456.0,70.8,31.6,103.5,11.7,348.7
209,rpi-8d,129.1,301.5,31.1,130.4,224.0,74.7,48.6
210,rpi-8b,3.5,466.6,242.5,106.4,247.3,4.6,93.6
211,odroid4,376.6,60.8,179.6,129.6,268.1,3.3,205.9
212,odroid3,181.4,326.9,91.1,534.1,71.8,102.0,322.3
213,rpi-8a,3.4,249.8,322.0,157.3,230.7,82.9,60.7
214,rpi-8c,94.5,12.5,300.0,362.7,130.9,10.6,140.6
215,odroid2,72.4,306.9,186.5,28.1,7.9,122.3,200.4
216,odroid2,36.1,193.2,1382.4,182.5,4.5,128.6,35.5
217,rpi-8c,5.7,52.2,291.1,170.9,12.0,129.7,194.1
218,rpi-8b,70.1,116.1,19.5,283.9,52.9,155.2,68.3
219,rpi-8b,226.5,448.8,173.5,74.6,494.0,547.3,282.3
220,rpi-8c,128.9,43.3,89.5,446.9,18.3,43.7,115.9
221,rpi-4a,132.4,55.7,529.2,186.1,293.8,69.0,255.6
222,rpi-8b,4.5,306.6,199.1,189.0,24.6,62.3,33.1
223,odroid4,90.6,147.4,159.1,294.6,150.1,112.8,171.2
224,odroid4,330.0,205.4,2.4,104.1,5.1,2.1,15.0
225,odroid3,114.6,614.4,738.2,8.1,93.5,4.2,764.5
226,odroid4,88.4,132.7,160.6,70.1,110.3,55.5,64.0
227,rpi-8b,65.4,171.3,35.8,63.5,283.5,43.4,115.4
228,odroid3,15.7,82.6,62.0,234.6,178.5,162.5,180.6
229,odroid2,28.1,245.7,238.3,366.8,1.8,2.5,36.6
230,odroid2,171.0,289.6,100.9,278.8,40.8,62.2,103.1
231,odroid2,83.3,21.8,281.8,25.0,42.3,3.2,15.0
232,odroid3,36.5,34.4,243.2,8.5,196.0,118.0,124.0
233,rpi-8c,61.4,58.6,95.1,260.5,400.2,203.2,144.6
234,odroid3,49.4,433.3,16.5,233.8,66.8,427.4,242.3
235,odroid2,150.7,4.7,430.5,937.1,167.9,18.6,325.4
236,odroid2,435.2,294.0,510.2,120.4,78.5,168.2,41.2
237,odroid4,75.5,201.7,142.3,120.7,69.0,99.8,400.2
238,rpi-4a,27.7,26.3,139.2,345.5,236.0,14.8,75.2
239,rpi-8b,70.5,13.6,258.6,382.9,56.1,126.8,208.4
240,odroid2,211.2,101.9,187.1,159.0,29.2,76.2,162.4
241,rpi-8a,259.3,13.6,463.0,539.7,721.6,350.8,366.4
242,rpi-8a,520.7,299.6,89.3,393.3,72.6,91.8,590.8
243,odroid4,117.0,127.5,147.0,189.9,136.9,60.2,33.7
244,rpi-8b,22.0,13.2,1031.7,484.1,13.8,3.1,28.1
245,rpi-8c,12.7,445.7,707.8,56.0,92.3,131.8,110.4
246,rpi-8c,50.0,215.4,1076.9,78.5,205.8,16.6,15.4
247,odroid1,129.0,195.7,286.9,245.7,237.2,165.8,154.1
248,rpi-8a,119.5,472.5,1.2,152.0,40.7,388.1,184.8
249,rpi-8c,125.7,605.7,342.5,8.6,139.5,70.4,159.4
250,rpi-8c,14.2,40.3,332.1,394.5,280.3,13.3,88.5
251,odroid3,76.5,30.7,1097.9,22.1,57.8,156.0,22.0
252,rpi-4a,188.1,58.8,126.6,16.6,242.7,44.9,143.1
253,rpi-8d,5.3,174.2,873.0,68.8,290.1,229.2,157.4
254,rpi-4a,74.6,31.8,1258.4,8.7,12.9,78.4,172.5
255,odroid1,21.0,15.1,1258.9,45.4,16.7,190.5,70.1
256,rpi-8a,39.6,68.6,430.7,590.8,124.2,141.1,153.5
257,rpi-8d,240.2,64.0,449.5,5.3,267.0,215.6,108.3
258,odroid4,80.9,236.1,227.1,48.8,2.9,49.9,140.4
259,odroid2,423.1,60.0,11.5,327.9,43.8,250.5,138.6
260,rpi-8c,72.6,265.1,288.0,230.0,165.7,256.3,9.5
261,odroid1,61.8,38.6,340.4,1002.0,84.8,78.3,224.9
262,rpi-8a,324.9,302.1,781.4,923.6,1.4,100.4,20.0
263,rpi-8b,286.7,8.5,290.0,83.9,122.2,5.8,141.8
264,rpi-8d,98.3,680.4,48.9,71.7,183.2,141.6,204.9
265,rpi-8c,245.5,876.1,105.0,78.9,185.9,136.7,434.5
266,odroid1,250.0,816.7,464.6,83.9,450.0,48.9,248.8
267,rpi-8a,91.0,97.3,38.5,407.0,24.0,53.4,348.2
268,odroid4,291.8,261.9,313.2,3.3,293.6,33.5,358.2
269,odroid1,169.6,100.9,417.1,93.2,12.2,204.2,173.3
270,odroid4,166.0,66.8,71.0,430.5,98.8,463.8,51.1
271,odroid1,49.4,220.4,346.9,123.5,136.7,18.6,75.0
272,odroid1,49.3,851.3,50.9,8.5,491.7,185.6,609.1
273,odroid3,193.0,76.8,137.4,373.3,289.6,329.1,497.5
274,odroid3,142.2,171.9,346.8,275.1,98.4,108.5,344.7
275,rpi-8b,61.5,60.2,108.2,679.7,415.2,16.3,44.5
276,rpi-8a,43.3,4.4,705.8,98.4,273.2,2.4,2.1
277,odroid1,588.1,264.3,212.2,142.4,101.3,9.9,37.3
278,rpi-8c,468.4,64.0,439.6,101.5,33.8,48.5,174.7
279,rpi-8a,105.3,1320.2,79.2,3.6,232.9,310.4,216.6
280,rpi-8c,7.7,31.0,367.1,183.6,281.0,259.8,149.7
281,rpi-8b,74.4,163.5,156.5,111.6,167.6,205.2,31.2
282,rpi-8a,191.1,22.9,111.7,330.5,101.6,107.5,109.8
283,rpi-8d,233.0,15.3,233.0,25.6,24.6,14.7,44.9
284,odroid2,40.8,37.2,614.5,436.9,101.1,78.9,28.4
285,rpi-8d,8.4,68.8,413.1,71.7,7.3,100.7,2.0
286,odroid3,511.4,156.2,144.9,26.5,133.6,80.3,258.6
287,odroid2,6.7,69.0,976.8,36.8,36.7,253.2,42.7
288,odroid1,213.8,237.5,532.0,32.2,18.1,257.1,72.5
289,rpi-8b,475.2,387.9,12.0,173.9,309.5,9.5,139.7
290,rpi-8d,207.5,44.5,150.8,146.0,105.1,156.4,83.3
291,rpi-8a,153.5,28.1,193.0,38.4,28.8,101.3,4.9
292,odroid2,41.7,185.9,363.5,36.1,153.4,23.6,9.6
293,odroid3,28.4,572.2,28.3,93.8,17.5,18.9,72.8
294,odroid1,108.3,536.9,41.5,74.5,208.8,44.6,235.6
295,odroid2,117.5,316.5,869.6,15.6,268.6,320.7,137.5
296,odroid4,116.9,90.0,32.7,178.6,365.2,106.7,55.0
297,rpi-8a,235.7,41.0,218.1,200.9,211.0,174.5,382.6
298,rpi-4a,214.8,76.0,50.2,56.6,154.4,142.3,75.9
299,rpi-8a,18.4,6.0,170.7,157.9,151.1,13.5,7.1
300,rpi-8b,60.0,88.8,137.7,600.6,49.7,96.1,26.5
301,odroid3,202.4,23.7,1218.4,135.3,12.8,197.6,276.9
302,rpi-8c,119.0,455.2,299.4,5.0,48.0,2.1,32.6
303,rpi-4a,153.7,759.8,399.1,11.5,94.7,31.6,163.3
304,rpi-8d,292.2,90.5,136.4,157.5,370.1,284.9,191.2
305,odroid2,12.3,257.5,170.8,482.7,40.6,2.9,20.6
306,odroid3,112.1,232.9,508.1,606.8,83.8,309.0,263.6
307,odroid1,15.0,201.2,56.3,71.9,241.3,198.6,589.6
308,rpi-8a,13.8,193.5,68.9,117.1,258.8,32.4,169.4
309,rpi-8a,72.2,200.1,121.7,112.3,49.4,412.4,237.9
310,odroid3,138.3,129.5,1178.3,330.3,17.5,399.2,204.1
311,rpi-8d,241.6,331.1,54.8,254.1,125.2,98.3,72.8
312,rpi-4a,70.5,443.0,663.3,12.5,104.2,57.0,109.9
313,rpi-4a,24.5,19.3,249.9,432.0,75.1,147.0,543.0
314,odroid1,42.7,251.2,205.1,296.4,197.8,96.2,151.8
315,rpi-8a,98.0,461.2,221.4,316.6,40.1,270.5,198.7
316,rpi-8d,346.0,91.3,475.0,166.4,53.2,37.9,205.3
317,rpi-8b,125.4,220.6,7.4,320.2,217.7,195.6,180.0
318,rpi-8a,38.4,78.0,391.4,156.0,230.6,21.4,113.3
319,rpi-8c,357.2,13.2,253.5,73.0,141.8,221.0,146.7
320,rpi-8a,185.5,94.3,288.8,18.6,708.3,102.1,98.1
321,rpi-8d,167.2,410.8,15.1,195.6,185.8,325.7,139.2
322,odroid1,168.9,1257.6,60.6,10.5,89.9,146.2,173.2
323,rpi-8b,26.9,1110.5,203.6,18.3,219.9,184.0,263.3
324,rpi-8d,283.3,19.5,60.0,531.5,201.7,17.4,638.0
325,odroid2,25.9,60.3,456.4,954.0,18.6,187.5,45.2
326,rpi-8b,28.0,23.2,440.5,396.7,393.2,84.2,39.1
327,odroid1,4.9,5.7,453.7,33.8,17.1,33.9,39.7
328,rpi-4a,49.3,329.7,325.1,44.7,264.4,63.1,152.7
329,rpi-4a,96.1,35.4,225.2,434.7,18.8,874.9,274.2
330,rpi-8b,7.6,106.7,522.8,513.6,148.9,59.0,19.8
331,odroid4,35.5,254.1,546.1,173.2,4.0,32.9,57.8
332,odroid2,36.2,122.6,809.1,118.0,206.3,198.4,243.8
333,rpi-8b,187.8,150.9,125.1,60.8,72.4,218.6,28.1
334,odroid4,299.8,274.6,194.9,600.3,47.7,118.7,242.2
335,odroid3,118.0,197.9,212.8,62.6,52.0,71.3,43.8
336,odroid4,26.9,451.0,133.2,95.8,17.1,227.2,30.7
337,rpi-4a,292.0,28.5,139.8,96.0,113.7,184.9,129.4
338,odroid1,248.8,3.8,809.3,134.3,87.1,74.4,111.3
339,rpi-8d,350.4,104.3,88.0,190.4,62.0,361.3,96.8
340,rpi-8d,313.7,102.3,68.6,818.8,79.3,285.7,355.7
341,rpi-8c,597.7,592.0,37.8,244.0,9.9,319.3,346.5
342,rpi-4a,24.0,76.3,341.9,483.4,4.6,12.6,146.8
343,rpi-8c,835.6,402.6,160.7,171.1,116.1,242.6,159.6
344,rpi-8c,47.8,6.4,213.9,110.3,243.4,2.4,64.5
345,rpi-8d,32.9,253.6,241.3,33.6,29.4,117.1,15.2
346,rpi-4a,260.9,60.5,353.2,286.6,85.6,297.8,144.6
347,odroid3,340.9,19.4,151.0,318.3,79.0,453.3,151.5
348,odroid4,396.0,75.4,925.6,244.5,112.2,4.9,88.9
349,rpi-8b,54.3,42.2,153.6,191.3,153.9,15.7,193.4
350,rpi-8d,114.2,30.6,245.2,16.1,45.2,66.1,180.7
351,rpi-8b,300.1,372.0,124.2,768.8,120.1,47.2,969.5
352,rpi-4a,419.8,182.3,52.2,709.8,586.8,31.6,204.1
353,odroid3,12.0,119.8,431.6,20.2,4.8,94.2,63.0
354,rpi-8d,6.9,71.0,651.3,71.9,318.4,141.0,124.4
355,rpi-4a,26.8,19.9,73.0,49.7,361.9,80.2,139.6
356,rpi-4a,10.9,54.1,56.1,163.2,98.9,128.8,14.3
357,odroid2,97.8,366.9,444.9,59.6,283.2,233.7,52.3
358,rpi-8b,217.3,21.5,192.2,817.7,11.7,36.6,21.2
359,odroid3,44.3,417.5,52.0,46.0,723.5,339.8,156.9
360,rpi-4a,111.1,82.7,673.5,394.1,7.3,90.1,76.8
361,rpi-8a,65.7,601.9,292.9,19.5,58.8,8.5,35.4
362,rpi-8b,465.7,38.9,60.6,30.3,113.9,33.4,34.8
363,odroid4,185.8,243.7,61.8,611.9,13.4,3.4,5.9
364,rpi-8c,132.2,89.5,100.4,49.9,155.6,368.1,160.1
365,rpi-8d,56.8,44.0,787.7,323.2,73.0,145.6,189.4
366,odroid1,304.9,33.2,2228.6,17.9,220.6,689.2,323.2
367,odroid2,291.3,546.0,42.2,263.9,202.8,45.8,425.9
368,odroid3,23.1,111.8,409.0,240.8,316.7,61.9,369.1
369,rpi-4a,263.1,144.2,208.4,107.3,178.0,213.1,444.7
370,rpi-8a,129.7,7.4,365.9,338.8,141.2,147.3,24.4
371,rpi-4a,9.8,253.2,1085.9,35.4,70.5,377.4,305.8
372,rpi-8b,675.9,103.4,66.5,280.3,184.9,130.1,48.9
373,odroid2,58.7,75.3,6.6,70.9,111.2,458.1,159.9
374,odroid2,54.3,273.9,342.2,109.3,55.0,275.1,28.6
375,rpi-8c,233.8,113.1,31.0,713.0,452.8,85.2,30.3
376,odroid1,29.8,99.3,788.4,25.5,571.8,146.7,120.3
377,rpi-4a,139.1,52.5,657.7,107.9,586.6,31.0,483.5
378,odroid3,255.7,12.9,379.1,246.0,7.0,18.3,250.3
379,odroid2,255.7,162.5,119.1,51.8,32.9,60.5,2.1
380,odroid2,241.4,136.6,257.8,204.2,95.9,55.0,128.8
381,rpi-4a,123.4,254.2,122.3,43.1,535.3,209.2,59.3
382,rpi-8c,37.0,38.7,52.9,463.4,380.6,116.5,18.4
383,rpi-8d,24.5,11.2,497.9,528.9,72.0,524.1,264.9
384,rpi-8a,27.0,81.4,501.7,224.7,15.8,75.7,7.5
385,odroid4,172.3,529.4,29.6,97.7,972.3,178.4,701.0
386,rpi-8b,56.5,134.0,39.4,786.1,148.7,297.5,410.0
387,rpi-8d,4.1,3.4,144.8,713.7,74.5,23.2,63.3
388,rpi-4a,73.7,277.1,387.7,27.8,174.1,241.6,28.3
389,odroid4,56.0,447.6,20.8,168.2,196.7,82.8,103.2
390,odroid2,7.7,540.2,30.1,657.3,66.5,9.4,73.6
391,odroid4,50.2,219.8,229.2,13.4,146.2,130.4,41.4
392,odroid2,76.6,4.7,436.5,645.0,9.0,75.6,101.0
393,rpi-8c,185.9,310.4,91.8,112.1,31.8,71.1,300.3
394,rpi-8d,565.8,7.5,71.0,493.9,243.3,785.3,329.8
395,rpi-8b,161.8,299.4,12.0,39.0,50.8,262.7,150.7
396,odroid2,101.1,79.5,15.3,462.8,11.8,53.1,160.8
397,odroid3,9.3,29.8,79.9,43.4,27.6,37.7,8.9
398,rpi-8c,46.8,322.8,267.0,268.1,38.9,78.7,41.1
399,odroid2,139.5,284.0,896.6,86.4,38.5,24.5,391.4
400,rpi-8a,130.9,253.6,81.7,88.2,359.1,246.2,106.6
401,rpi-8b,58.3,144.8,314.1,444.3,21.2,249.9,259.8
402,rpi-8c,7.1,222.3,134.7,1163.1,47.0,12.1,9.4
403,odroid2,106.4,195.9,80.6,251.2,39.5,215.7,343.2
404,odroid4,64.5,95.2,104.9,136.7,135.0,27.0,35.9
405,odroid2,122.8,414.4,1022.6,134.8,43.2,664.3,86.6
406,rpi-8d,17.2,266.3,74.4,629.7,20.3,138.8,19.3
407,rpi-8a,137.4,182.5,434.8,146.8,244.9,239.6,132.4
408,rpi-8a,193.3,70.4,257.0,95.7,191.5,218.1,479.6
409,odroid4,117.7,297.8,232.1,227.2,263.5,47.0,369.4
410,odroid3,434.8,259.2,99.2,8.4,549.7,424.3,95.4
411,rpi-4a,54.4,688.1,10.1,207.8,32.6,189.1,123.9
412,odroid2,92.0,10.5,1456.6,412.3,266.2,90.9,348.3
413,rpi-8a,57.6,11.1,591.1,65.0,5.5,37.2,49.7
414,rpi-4a,57.8,356.4,78.9,9.5,68.3,110.8,3.6
415,rpi-8d,153.2,285.9,93.7,66.1,319.2,256.9,163.0
416,odroid4,77.8,1269.9,806.4,11.6,4.6,51.6,271.0
417,rpi-8c,250.5,31.4,19.8,190.2,551.3,34.4,8.7
418,odroid2,145.9,9.4,86.3,1000.6,10.5,2.5,28.8
419,odroid3,324.3,456.4,6.6,59.5,146.4,130.0,126.0
420,rpi-4a,118.8,379.7,74.9,178.3,28.2,221.4,184.4
421,odroid1,33.4,358.8,457.5,75.3,113.9,72.7,58.2
422,rpi-8d,196.6,482.4,42.8,23.3,444.8,49.9,162.0
423,rpi-8a,250.2,31.8,666.7,18.9,131.1,207.7,507.3
424,odroid3,73.2,93.2,64.0,143.0,477.2,238.4,464.1
425,rpi-8a,130.7,667.9,23.7,6.8,247.4,614.8,93.7
426,rpi-8a,75.7,352.7,147.7,59.6,427.1,18.9,94.0
427,odroid4,66.3,363.6,661.5,396.2,10.3,145.0,154.5
428,odroid1,586.7,586.0,151.7,21.6,111.0,385.3,261.1
429,odroid2,34.8,133.4,471.9,33.9,475.5,131.0,14.5
430,odroid4,465.5,568.4,204.9,19.7,166.8,497.8,108.2
431,rpi-8a,28.2,664.7,274.3,109.5,4.5,39.1,9.6
432,odroid3,469.0,97.4,27.0,83.4,25.0,21.3,140.5
433,odroid1,291.2,45.0,791.4,492.0,36.6,81.1,35.7
434,odroid4,76.4,55.8,4.8,78.5,243.6,161.9,146.1
435,rpi-4a,545.2,296.7,27.1,314.0,10.6,251.3,107.9
436,rpi-8c,30.0,15.5,508.7,137.7,47.8,13.0,174.6
437,rpi-8d,18.8,19.8,156.9,235.8,22.7,79.7,153.4
438,rpi-8c,734.5,213.3,23.0,258.5,48.4,20.9,211.2
439,odroid2,54.6,145.6,446.0,96.9,21.2,6.0,37.5
440,rpi-8c,32.2,321.1,1146.3,14.8,305.7,383.4,165.9
441,odroid3,7.9,209.0,695.6,80.1,240.3,369.9,79.5
442,odroid4,130.6,959.7,311.6,13.2,473.4,71.1,306.4
443,odroid2,313.0,58.3,50.1,373.5,69.2,54.6,52.5
444,rpi-8a,282.4,44.7,218.0,398.5,34.6,438.4,175.4
445,rpi-8d,47.4,167.4,483.7,897.5,30.7,129.0,153.9
446,rpi-8d,41.9,116.0,60.0,33.8,13.4,178.5,79.0
447,odroid2,62.7,32.7,892.2,25.5,85.2,128.4,34.9
448,rpi-8a,99.7,671.5,51.4,244.1,104.9,76.3,29.8
449,rpi-8a,391.2,46.4,245.4,425.5,27.3,220.7,148.5
450,odroid2,301.9,611.1,102.1,599.8,161.8,500.4,258.8
451,rpi-8c,30.5,53.0,204.7,344.6,28.9,240.0,221.4
452,rpi-4a,344.7,69.1,66.6,145.6,277.0,143.8,61.4
453,odroid2,4.3,57.3,991.0,132.3,26.4,52.7,150.8
454,odroid1,21.1,48.4,886.1,198.2,46.7,11.4,11.0
455,odroid4,285.5,13.7,690.6,681.2,53.8,25.1,9.9
456,odroid3,31.1,70.4,130.4,337.0,326.2,11.8,22.5
457,rpi-8a,71.8,95.8,106.9,233.4,3.3,14.4,94.6
458,odroid2,19.9,108.1,183.5,302.1,37.7,50.2,61.2
459,rpi-8c,281.4,173.5,197.9,51.5,92.0,294.2,164.5
460,odroid2,15.5,158.8,57.2,579.0,9.4,27.1,39.1
461,odroid2,118.2,74.5,180.5,38.3,165.4,203.1,248.5
462,odroid3,65.7,166.5,229.0,519.3,4.2,121.3,212.8
463,rpi-8c,72.7,489.3,2.2,174.0,1063.1,89.6,141.3
464,odroid1,145.2,191.2,50.5,18.7,297.4,37.5,230.2
465,rpi-8a,204.4,228.1,29.1,55.8,104.6,278.9,95.3
466,odroid4,96.9,89.1,29.0,118.1,231.7,82.8,56.7
467,rpi-8a,144.5,357.3,384.9,268.6,27.2,40.9,215.4
468,rpi-8a,244.0,444.0,41.7,213.9,195.1,80.5,780.4
469,odroid2,685.3,165.6,261.2,21.0,145.0,49.8,37.9
470,rpi-8d,56.2,64.9,112.4,124.3,386.7,115.9,8.1
471,odroid4,104.9,223.5,533.0,87.6,122.5,18.5,132.6
472,rpi-4a,146.7,124.6,478.7,55.3,23.8,589.3,97.2
473,odroid2,99.9,25.2,264.3,257.0,30.0,254.1,98.0
474,rpi-4a,3.9,4.1,535.5,242.9,484.7,4.1,23.3
475,odroid1,102.2,42.7,1057.2,10.2,28.4,178.4,28.4
476,rpi-4a,77.6,125.8,199.1,198.8,118.6,143.0,116.0
477,odroid3,294.3,902.0,121.7,188.3,107.2,120.6,48.1
478,rpi-8b,11.4,54.8,317.4,422.6,171.0,274.3,449.1
479,odroid1,480.4,11.4,446.7,167.4,447.4,185.2,16.7
480,rpi-8c,8.6,12.2,610.8,309.3,192.7,63.7,27.1
481,odroid2,48.1,268.9,1354.2,188.2,2.1,99.7,63.1
482,rpi-8d,32.8,3.8,190.1,113.5,335.3,65.6,9.4
483,rpi-8d,43.8,12.5,53.7,484.1,225.7,264.3,245.4
484,rpi-8b,251.6,10.7,32.7,1435.0,270.5,78.7,163.6
485,odroid3,70.8,209.0,212.6,88.7,7.7,68.1,25.6
486,rpi-8d,36.7,64.2,122.2,252.3,30.6,54.7,158.3
487,odroid2,208.8,20.7,383.2,394.4,23.0,40.1,83.4
488,rpi-8d,26.0,23.4,496.4,201.1,61.0,26.6,4.4
489,rpi-8d,36.1,125.4,491.0,41.6,93.3,2.7,110.2
490,odroid2,60.3,51.5,128.9,268.4,44.2,166.2,170.3
491,rpi-8b,160.1,28.2,131.8,226.2,155.7,130.0,97.6
492,rpi-8c,5.6,108.8,506.8,61.9,193.9,8.6,4.6
493,rpi-4a,282.8,92.5,227.2,374.2,81.6,98.1,33.4
494,odroid1,39.7,313.5,43.8,273.4,98.5,163.9,111.9
495,odroid4,411.9,21.1,7.4,113.7,273.6,141.6,31.3
496,odroid1,3.2,304.8,7.9,60.5,56.4,91.5,32.3
497,odroid2,182.6,799.8,15.3,59.4,1169.1,103.2,617.7
498,rpi-8c,159.9,689.2,73.3,92.7,195.2,34.3,1116.7
499,rpi-8b,31.7,34.0,349.0,260.3,6.9,388.1,71.2
500,odroid3,95.0,390.0,520.9,213.9,424.6,99.3,347.8
501,rpi-8c,51.0,411.1,290.7,11.0,303.2,188.1,8.6
502,odroid3,130.6,207.9,98.5,223.1,125.3,99.2,49.6
503,rpi-8d,3.2,138.9,302.8,226.3,7.8,76.5,25.3
504,odroid1,125.4,34.6,961.9,81.5,287.8,136.5,285.0
505,odroid2,459.6,762.2,41.4,8.4,401.0,517.9,905.2
506,rpi-8d,31.6,404.3,155.7,29.2,4.8,10.0,134.5
507,odroid2,62.5,72.2,94.7,40.5,293.5,147.5,102.4
508,rpi-8c,19.7,2.8,1898.6,729.1,45.9,104.6,166.3
509,odroid2,409.0,359.7,85.0,243.2,73.2,313.8,81.8
510,rpi-8c,247.6,276.6,857.2,3.7,235.9,263.1,77.5
511,odroid1,96.8,573.6,10.3,111.1,282.3,82.2,43.0
512,odroid4,259.0,57.1,458.7,110.4,185.6,12.3,90.9
513,rpi-8d,134.4,324.7,133.8,122.8,41.9,200.3,340.1
514,odroid4,59.0,11.0,135.0,250.4,147.9,80.6,9.4
515,odroid3,335.8,878.2,250.8,35.2,323.8,132.9,284.8
516,rpi-8a,43.3,411.6,217.4,272.2,268.6,229.9,162.8
517,rpi-8a,79.0,172.0,215.1,21.7,30.5,120.4,234.0
518,rpi-4a,15.2,70.3,221.7,36.8,49.0,3.0,136.5
519,rpi-8d,174.6,145.3,539.6,43.3,3.8,100.7,121.7
520,odroid2,599.2,450.4,60.6,227.5,618.1,67.6,44.2
521,rpi-8a,177.2,9.0,404.9,75.8,43.9,44.8,44.8
522,odroid4,102.1,104.9,208.2,2.7,84.2,21.3,41.3
523,odroid1,416.9,35.0,111.8,168.3,53.1,238.2,26.5
524,odroid1,82.3,140.2,52.1,1174.4,21.1,235.3,44.4
525,rpi-8a,47.6,425.9,34.6,166.2,420.9,73.6,146.2
526,odroid1,622.2,178.1,68.5,14.1,36.9,199.7,80.1
527,odroid2,104.5,47.4,1382.5,16.8,24.3,124.3,440.8
528,rpi-4a,36.8,115.0,361.3,53.0,66.7,47.7,54.9
529,rpi-8d,116.7,842.7,48.5,42.9,224.6,162.4,233.9
530,odroid2,140.4,67.8,578.2,33.5,12.1,401.1,234.2
531,odroid4,21.1,809.7,389.5,28.9,220.0,378.4,61.8
532,rpi-4a,131.5,14.5,893.1,12.6,89.7,36.3,173.7
533,odroid3,11.9,117.4,416.8,204.6,134.0,1.3,4.0
534,odroid3,71.2,43.7,340.1,776.7,131.4,154.0,12.1
535,odroid4,230.5,578.6,20.5,155.1,207.8,157.1,95.5
536,rpi-8a,98.3,26.1,326.9,56.0,87.2,501.0,214.3
537,rpi-8d,26.9,38.9,596.6,191.3,60.4,30.9,312.7
538,odroid3,122.7,75.4,136.2,567.0,37.2,89.6,323.2
539,rpi-8a,89.3,177.0,500.8,151.4,64.8,12.8,255.1
540,rpi-8a,337.2,592.4,99.7,61.7,330.6,137.2,238.4
541,rpi-8b,21.0,5.9,40.7,214.1,11.6,324.6,37.4
542,odroid4,47.7,241.1,68.8,31.7,111.1,55.4,84.1
543,odroid2,145.4,446.0,325.9,317.7,4.1,40.2,95.3
544,odroid4,239.5,582.7,189.3,41.1,187.8,518.7,170.5
545,odroid1,154.4,50.1,295.8,60.9,31.1,93.6,54.7
546,odroid2,148.8,44.5,283.4,8.8,15.7,465.6,180.8
547,odroid1,235.0,12.0,860.8,105.0,175.2,171.1,82.4
548,odroid3,115.4,94.3,486.1,13.0,172.9,248.6,45.3
549,rpi-4a,36.3,45.1,422.7,24.4,65.3,50.3,79.3
550,rpi-4a,49.6,64.3,349.2,57.7,32.6,315.5,210.2
551,rpi-8d,28.8,100.6,378.1,150.9,74.7,271.8,147.1
552,rpi-8a,127.5,138.5,438.1,208.3,62.6,35.8,77.3
553,rpi-8b,425.0,124.6,7.6,138.1,109.2,73.4,90.6
554,odroid2,395.1,141.2,165.6,93.1,170.4,33.6,30.4
555,odroid4,271.4,595.0,10.5,86.1,276.9,80.5,285.7
556,odroid2,776.5,292.3,111.1,2.9,215.5,478.8,193.2
557,odroid1,478.8,289.2,34.0,10.0,245.2,548.6,315.2
558,rpi-8c,166.5,35.1,58.4,137.1,133.1,149.8,320.2
559,odroid2,674.3,30.1,256.0,44.8,36.3,61.5,156.5
560,rpi-8d,145.0,49.1,433.7,64.4,282.8,287.5,320.9
561,odroid2,74.4,58.3,188.2,32.1,41.9,35.5,26.6
562,odroid2,218.7,95.1,44.6,33.3,291.4,111.8,30.9
563,odroid4,634.7,285.1,14.4,28.9,84.0,328.0,229.2
564,rpi-8b,12.5,31.2,208.8,544.7,243.9,7.0,124.7
565,rpi-8b,12.2,489.0,149.9,56.3,307.6,253.4,243.6
566,odroid4,41.4,4.1,1144.0,115.3,62.0,132.5,11.7
567,odroid2,49.1,233.1,235.2,353.8,14.8,23.2,43.1
568,rpi-4a,122.4,7.3,354.6,405.5,14.3,28.9,23.9
569,rpi-4a,1014.5,434.6,17.2,36.6,629.7,201.6,300.4
570,rpi-8d,177.4,148.3,230.6,133.5,46.7,10.1,5.0
571,rpi-8a,148.4,73.8,168.9,100.9,565.5,337.9,426.1
572,odroid3,483.4,123.4,126.2,606.4,13.0,134.6,121.3
573,rpi-8d,218.1,376.7,30.6,376.0,297.3,125.2,455.4
574,rpi-8b,104.2,319.7,14.5,289.1,146.7,191.7,261.5
575,rpi-4a,15.5,63.1,1605.8,49.1,538.1,235.7,358.8
576,rpi-8a,26.2,156.0,640.8,372.2,8.0,2.0,18.6
577,rpi-8a,135.2,74.7,97.2,193.9,180.5,29.5,17.5
578,rpi-8b,60.1,123.9,223.2,144.8,121.3,83.2,89.1
579,rpi-8a,448.6,132.3,30.1,471.8,163.3,95.2,131.5
580,rpi-8c,65.2,216.1,179.8,494.3,27.4,12.3,20.2
581,rpi-8b,92.0,6.3,38.8,377.2,268.8,2.5,212.2
582,odroid3,502.0,263.2,56.0,217.0,241.7,33.1,160.8
583,odroid1,126.7,87.2,119.0,471.7,156.8,120.5,299.2
584,rpi-4a,45.3,449.6,903.4,2.3,33.7,368.2,37.0
585,odroid4,113.0,520.5,308.8,33.2,181.0,474.3,206.9
586,odroid1,104.2,5.0,507.2,64.2,90.2,92.2,287.2
587,rpi-8c,9.0,174.2,262.4,7.6,5.4,41.7,105.0
588,odroid3,29.1,19.3,180.1,64.5,73.6,7.9,9.7
589,odroid1,455.4,392.7,4.0,100.7,174.7,208.0,589.4
590,odroid3,87.2,12.5,52.9,514.8,69.7,72.3,141.3
591,rpi-8c,11.8,109.6,194.3,212.7,101.5,31.7,285.5
592,rpi-8d,17.9,12.5,78.9,424.7,53.6,131.9,259.1
593,odroid2,322.6,55.0,10.7,408.5,178.2,278.6,449.2
594,rpi-8c,95.4,835.9,152.4,51.5,236.3,275.8,210.3
595,odroid2,343.0,220.6,38.9,265.5,93.9,55.4,88.5
596,odroid2,3.3,653.8,55.8,259.9,48.9,14.8,45.0
597,odroid1,317.5,52.9,198.5,198.2,98.1,188.1,325.3
598,odroid4,6.9,14.2,87.8,288.7,6.4,8.2,71.3
599,rpi-8d,148.1,71.5,60.0,342.1,129.9,326.4,291.6
600,odroid2,66.0,33.4,524.2,606.1,25.2,2.6,20.8
601,odroid4,426.4,237.8,162.3,54.4,94.5,210.8,93.5
602,rpi-4a,21.0,6.5,1051.4,200.1,56.2,8.8,38.0
603,rpi-8b,14.2,187.3,477.5,114.9,300.4,79.2,137.2
604,odroid4,47.1,214.2,6.9,62.9,385.1,22.1,132.6
605,rpi-8a,4.9,40.4,477.2,28.9,27.1,73.6,11.0
606,odroid4,43.9,416.3,400.5,52.4,210.4,132.5,179.5
607,rpi-4a,7.0,126.6,125.6,17.3,172.5,4.7,48.5
608,rpi-4a,19.9,7.4,1474.3,223.4,137.5,30.0,311.9
609,rpi-8d,163.8,286.5,759.8,93.9,240.2,289.6,58.3
610,odroid1,113.9,123.6,100.0,312.4,377.8,176.9,192.0
611,odroid4,124.8,30.4,355.6,1118.7,425.6,217.7,111.4
612,odroid1,73.3,80.6,1043.3,43.8,53.9,46.5,203.3
613,rpi-8a,108.0,597.5,472.0,32.6,538.1,441.4,472.9
614,rpi-8a,66.6,326.4,216.6,154.2,17.6,78.5,114.2
615,rpi-8c,219.6,65.8,248.8,57.8,65.3,108.3,132.8
616,rpi-8d,34.9,9.6,130.0,356.7,13.4,14.9,5.0
617,odroid1,12.4,82.7,667.6,745.0,89.4,19.5,19.8
618,rpi-8d,21.0,19.0,447.6,20.7,312.2,148.4,20.0
619,rpi-8b,292.4,88.0,4.0,263.5,46.7,302.5,251.5
620,odroid3,1162.9,286.8,9.2,9.2,262.2,67.0,218.2
621,rpi-8a,337.9,423.9,776.9,12.5,526.3,204.3,135.8
622,odroid3,357.3,1045.0,126.6,76.7,67.1,356.8,163.2
623,rpi-8a,270.3,241.7,61.5,160.9,257.1,311.5,320.5
624,odroid1,322.0,514.6,21.1,3.6,454.4,103.0,36.9
625,rpi-8a,70.4,93.7,469.1,72.4,76.2,45.9,91.8
626,odroid2,65.3,610.0,331.4,304.1,58.5,310.9,28.4
627,odroid1,104.3,37.7,727.6,98.1,198.6,139.1,98.8
628,odroid1,40.6,739.1,114.7,212.3,222.3,11.2,34.6
629,odroid4,92.3,3.2,880.4,152.7,68.8,197.7,2.8
630,rpi-8d,16.0,84.3,96.4,765.4,12.2,72.0,28.5
631,rpi-4a,146.0,93.4,274.5,1077.6,25.0,95.7,54.6
632,rpi-4a,200.0,404.4,6.5,16.5,134.1,72.2,190.5
633,odroid1,123.9,59.1,199.6,357.1,79.7,158.5,66.0
634,rpi-8d,196.2,81.5,93.2,202.8,249.3,52.2,61.3
635,rpi-8a,275.2,104.3,141.8,17.0,435.8,110.4,122.1
636,odroid1,23.3,489.9,402.7,4.4,482.1,6.0,74.3
637,odroid1,200.5,84.9,6.8,513.2,291.3,8.5,94.4
638,rpi-8a,239.6,55.3,164.7,499.1,153.0,75.2,39.0
639,rpi-8c,221.6,233.7,317.5,7.2,24.7,130.5,30.4
640,odroid2,750.0,433.1,27.3,308.2,311.6,23.3,10.7
641,rpi-4a,231.4,929.7,58.3,77.8,150.3,1.6,32.8
642,odroid4,146.0,131.6,7.7,297.8,1022.0,331.6,185.9
643,odroid2,102.8,155.2,471.9,151.7,426.7,355.2,269.9
644,odroid1,23.0,181.4,351.7,181.2,40.6,3.8,107.8
645,odroid3,45.6,85.6,50.1,149.7,177.2,114.8,7.7
646,odroid1,119.3,797.4,134.8,31.0,5.0,153.2,28.8
647,rpi-8c,3.7,23.2,1252.3,30.1,100.0,98.9,163.9
648,odroid4,13.8,27.9,398.1,140.2,500.2,287.2,89.0
649,rpi-4a,94.2,41.2,881.7,521.1,36.9,3.9,3.6
650,rpi-8a,673.6,99.6,5.2,528.6,814.0,166.2,233.7
651,odroid2,14.2,192.5,270.3,212.8,20.3,17.1,170.4
652,rpi-8d,42.4,9.0,763.2,318.0,53.6,54.7,318.3
653,rpi-8d,578.7,28.0,1219.2,124.0,18.3,213.8,183.8
654,odroid1,88.4,105.6,5.9,526.3,355.7,54.0,43.4
655,rpi-8a,13.1,17.9,129.3,372.3,1.9,53.6,2.8
656,odroid4,58.8,96.6,230.6,359.6,693.0,195.3,131.7
657,rpi-4a,365.5,3.0,194.3,586.1,52.4,379.2,66.9
658,rpi-8a,44.8,28.2,144.5,66.7,556.0,163.2,130.7
659,odroid3,221.0,195.8,517.8,36.9,295.2,262.8,188.3
660,odroid4,130.4,219.4,121.8,216.1,181.2,196.3,862.6
661,odroid4,168.3,643.7,59.7,224.8,80.2,398.5,301.3
662,odroid4,21.6,358.6,641.5,25.2,172.9,27.6,216.0
663,rpi-8c,37.5,111.3,183.5,137.4,112.6,276.7,163.1
664,rpi-4a,219.0,42.5,132.5,86.0,62.5,131.0,43.0
665,odroid3,16.6,235.1,748.8,207.8,170.6,219.5,620.2
666,rpi-8a,527.9,2268.3,36.2,14.0,7.8,340.7,358.3
667,rpi-8c,431.4,155.6,334.8,103.4,20.4,145.1,40.5
668,rpi-8b,125.5,143.1,56.4,176.3,17.3,95.0,38.0
669,rpi-8a,474.2,204.5,135.0,8.5,48.5,373.3,3.5
670,odroid1,168.8,26.4,378.8,171.2,199.4,180.5,92.0
671,rpi-8a,138.2,588.1,36.9,30.2,962.6,824.6,339.7
672,rpi-8a,15.4,130.3,238.5,111.9,41.7,16.2,2.2
673,rpi-8b,169.1,8.0,18.3,190.5,172.0,274.6,265.7
674,odroid1,33.0,62.0,85.6,96.3,93.1,196.8,303.3
675,rpi-8b,127.8,3.9,219.9,404.8,173.6,314.3,95.7
676,rpi-8a,224.1,9.0,287.0,60.7,252.0,118.4,149.3
677,odroid4,9.5,123.1,370.1,304.2,104.9,138.2,68.5
678,rpi-8b,26.3,354.5,11.9,442.7,672.9,166.0,414.9
679,odroid1,276.8,125.0,535.9,6.5,38.1,34.5,27.6
680,odroid4,5.7,7.1,596.2,126.1,35.6,39.6,70.9
681,rpi-8d,5.4,241.0,389.4,716.0,8.5,65.5,175.9
682,odroid1,172.7,153.7,18.3,698.0,108.0,48.6,10.4
683,odroid3,188.9,315.8,477.2,341.2,62.7,76.8,83.9
684,odroid3,49.6,205.1,365.1,27.3,181.3,274.0,138.6
685,rpi-8c,19.8,82.8,1325.3,9.7,272.2,172.9,212.2
686,rpi-8b,54.4,165.4,5.2,181.0,45.2,184.1,94.1
687,rpi-8d,102.5,594.5,213.4,17.3,41.4,4.2,30.7
688,rpi-8d,177.1,14.0,440.7,504.6,55.0,21.9,78.3
689,rpi-8b,82.1,64.0,310.6,318.9,352.2,8.2,152.0
690,odroid2,88.0,6.8,426.5,306.5,1.8,2.1,30.9
691,odroid1,48.2,100.2,299.1,62.6,271.5,82.4,64.3
692,odroid1,158.7,279.7,258.1,17.3,31.6,38.2,19.0
693,rpi-8c,313.6,110.9,278.3,22.9,262.2,197.4,233.9
694,rpi-8c,95.6,42.7,214.0,80.3,319.8,69.6,293.7
695,odroid4,61.2,325.1,16.7,70.7,41.8,121.3,89.5
696,rpi-8c,136.5,331.6,471.6,262.2,19.6,155.2,138.8
697,odroid2,33.2,39.7,327.7,20.6,152.8,36.9,2.5
698,rpi-8c,349.9,428.5,339.8,43.3,49.8,354.8,74.9
699,rpi-8d,26.6,51.7,468.4,135.6,23.2,49.5,67.1
700,odroid2,187.2,2.8,441.6,744.8,147.2,6.9,35.5
701,rpi-8d,118.9,8.2,100.3,900.0,64.9,43.8,42.4
702,rpi-4a,81.1,839.6,418.3,118.6,78.3,184.5,153.3
703,odroid2,763.6,213.4,186.4,83.3,74.4,327.3,164.9
704,rpi-8d,68.4,243.7,14.6,258.3,6.3,323.2,387.7
705,odroid1,487.5,422.0,101.6,526.1,327.2,71.5,103.7
706,rpi-8d,43.2,34.6,1134.5,46.7,64.4,92.6,57.8
707,odroid4,15.0,466.9,929.7,247.5,1.1,35.6,16.9
708,rpi-8b,128.3,422.9,222.2,62.0,60.9,250.9,154.7
709,rpi-8a,48.9,37.1,126.6,27.8,59.0,32.0,24.4
710,rpi-8b,19.1,20.2,10.1,548.9,593.5,29.1,167.5
711,rpi-8d,335.1,182.7,610.0,165.5,104.4,256.5,179.4
712,rpi-8b,43.0,2.7,795.7,435.1,518.6,223.9,85.3
713,rpi-4a,187.4,400.8,421.2,7.6,212.4,154.6,166.9
714,odroid3,21.4,5.1,336.4,124.9,273.6,162.8,97.8
715,rpi-8a,45.0,130.2,502.8,269.0,178.9,57.0,16.3
716,odroid3,296.1,481.5,20.8,142.2,257.7,217.7,48.6
717,odroid2,345.5,266.8,140.9,110.5,61.3,6.5,39.2
718,rpi-4a,350.0,450.2,113.6,154.2,91.3,128.8,301.4
719,rpi-4a,105.7,24.7,92.0,485.7,11.7,36.1,44.9
720,odroid2,468.0,231.5,375.4,129.6,89.8,123.9,374.9
721,odroid2,441.7,803.5,95.0,88.9,103.4,145.7,84.3
722,rpi-4a,617.7,160.2,208.4,68.7,68.8,850.8,427.3
723,rpi-8a,749.3,254.2,26.3,349.8,8.6,781.7,292.0
724,rpi-8d,120.5,271.8,57.1,43.4,95.7,152.0,480.4
725,rpi-8d,15.7,103.5,289.9,1042.0,4.5,698.7,156.0
726,rpi-8c,229.0,27.7,115.1,511.4,128.2,174.2,552.3
727,odroid4,197.0,68.3,254.6,185.1,218.1,97.5,158.9
728,rpi-8d,347.7,12.0,34.2,121.2,225.1,65.1,48.4
729,odroid4,387.6,473.7,106.1,19.7,185.3,132.6,28.6
730,rpi-8d,372.4,228.7,176.3,51.0,311.2,125.1,197.6
731,rpi-8c,383.3,110.9,86.7,169.8,490.9,196.3,513.0
732,rpi-8b,37.1,23.1,301.1,579.5,2.2,20.0,107.2
733,odroid1,70.1,155.3,49.0,447.6,183.0,58.5,196.7
734,rpi-8a,42.1,4.7,209.6,556.7,292.7,63.4,20.6
735,odroid3,165.0,180.0,274.8,439.4,136.3,213.7,91.0
736,rpi-8d,146.8,69.8,307.4,448.3,69.5,220.3,141.3
737,rpi-8d,82.0,11.3,254.6,716.9,120.5,4.1,142.0
738,rpi-8b,175.1,443.6,8.5,324.0,329.8,256.3,327.5
739,odroid4,72.5,71.4,169.6,379.9,180.3,35.1,22.8
740,odroid1,45.1,216.1,476.9,342.7,1.7,91.1,185.1
741,rpi-4a,288.2,31.8,129.8,440.7,60.0,16.7,162.8
742,odroid4,19.1,51.6,41.0,559.3,45.2,142.7,10.4
743,odroid3,503.2,185.9,52.9,190.1,283.8,589.1,455.1
744,rpi-8d,26.3,140.1,180.6,144.4,127.5,167.7,43.7
745,odroid2,16.8,28.8,709.9,162.3,11.9,52.1,7.2
746,odroid3,300.7,105.9,15.5,38.5,690.3,46.1,4.7
747,rpi-8b,28.3,2.7,843.5,386.9,5.9,12.8,146.8
748,odroid4,336.7,32.9,169.1,7.8,351.5,179.6,419.6
749,odroid4,21.5,263.5,19.8,12.3,71.9,77.1,10.1
0,odroid4,367.8,401.7,0.0,2.1,276.9,259.6,2.0
1,odroid4,2.0,660.0,28.8,569.1,5.1,60.6,2.0
2,odroid4,154.3,1.5,0.0,267.9,236.7,312.1,292.1
3,rpi-8c,83.6,585.1,0.0,2.1,469.2,310.6,520.0
4,rpi-8b,528.7,329.7,0.0,510.2,70.2,198.9,324.7
5,rpi-8b,49.6,347.9,201.8,638.1,168.8,159.1,260.2
6,odroid1,78.5,28.4,150.7,352.9,188.6,72.9,91.1
7,odroid3,2.0,408.1,771.1,557.9,203.5,410.9,12.3
8,odroid1,2.0,1.5,592.4,527.3,136.3,127.7,152.3
9,odroid1,2.0,90.2,686.3,2.1,402.9,1.0,41.3
10,odroid4,715.8,83.9,91.1,2.1,132.7,492.3,341.3
11,rpi-8b,128.8,300.1,0.0,136.1,89.5,66.8,260.8
12,odroid4,2.0,1.5,372.1,339.1,145.8,503.6,290.1
13,odroid2,2.0,65.4,0.0,106.7,128.6,420.6,2.0
14,odroid4,189.5,348.0,0.0,235.2,254.7,728.4,120.4
15,rpi-8b,76.2,171.7,585.3,343.8,165.7,773.5,2.0
16,odroid2,415.3,374.9,31.3,2.1,1.0,448.8,96.3
17,odroid2,357.1,521.3,205.5,417.7,92.7,1.0,113.9
18,rpi-8c,604.5,503.3,25.3,472.8,1.0,91.4,73.5
19,odroid2,2.0,639.8,0.0,2.1,142.4,438.7,429.2
20,rpi-8b,165.4,213.1,25.0,2.1,550.1,302.1,71.6
21,odroid2,246.6,1.5,239.9,75.7,408.3,273.3,202.0
22,rpi-8a,13.6,544.6,357.9,203.3,458.6,1.0,2.0
23,rpi-8c,252.7,324.6,536.9,524.6,277.4,1.0,2.0
24,odroid2,2.0,1.5,487.7,692.6,128.9,1.0,301.6
25,odroid3,620.1,500.9,0.0,2.1,745.7,372.3,209.4
26,rpi-8a,2.0,1.5,593.3,178.2,1.0,66.1,388.7
27,odroid3,252.8,237.9,441.3,2.1,225.8,48.1,403.0
28,odroid3,16.6,372.6,695.8,2.1,325.3,140.6,372.0
29,odroid2,228.6,1.5,567.0,2.1,616.3,266.5,303.9
30,odroid4,69.3,404.3,731.5,168.6,446.5,240.4,2.0
31,rpi-4a,212.9,503.7,180.5,2.1,35.4,55.2,2.0
32,rpi-8c,82.6,530.1,0.0,470.5,1.0,1.0,162.6
33,odroid1,328.2,665.3,0.0,491.4,503.0,52.9,180.5
34,odroid3,392.5,239.6,0.0,456.5,145.9,225.6,34.4
35,odroid3,2.0,138.2,273.4,914.1,262.4,41.0,144.2
36,odroid4,511.4,502.6,0.0,256.5,185.9,84.8,167.6
37,odroid1,2.0,10.6,289.1,331.1,406.5,39.7,181.4
38,rpi-4a,309.7,535.1,329.4,2.1,144.8,208.8,138.9
39,odroid1,173.8,1.5,32.4,394.1,170.5,27.8,381.9
40,rpi-8c,562.2,1.5,893.8,150.2,1.0,1.0,395.4
41,rpi-4a,28.3,171.2,913.2,490.9,1.0,175.4,2.0
42,odroid1,45.1,482.8,277.7,248.6,1.0,1.0,9.9
43,rpi-4a,348.5,1.5,755.3,290.6,109.3,362.0,129.3
44,odroid2,2.0,1.5,470.8,555.1,1.0,255.5,285.0
45,rpi-4a,347.8,335.9,264.8,388.4,1.0,1.0,15.7
46,rpi-8c,284.4,203.0,477.2,314.4,1.0,96.0,237.7
47,rpi-8a,232.4,1.5,827.4,869.6,34.2,1.0,285.8
48,rpi-8c,255.9,157.8,104.6,131.2,307.0,162.7,74.8
49,rpi-8a,214.0,1.5,177.7,364.5,573.3,1.9,33.0
50,odroid2,201.6,888.6,441.5,2.1,21.6,163.2,2.0
51,rpi-4a,113.0,210.7,648.9,2.1,199.0,343.4,237.1
52,odroid1,154.0,1.5,290.0,182.7,225.6,1.0,442.2
53,odroid2,507.0,502.4,0.0,435.3,79.3,71.5,536.4
54,rpi-8a,915.7,265.6,0.0,2.1,653.1,189.8,136.1
55,odroid1,2.0,17.0,632.6,633.5,48.6,1.0,519.5
56,odroid3,279.0,113.7,0.0,2.1,270.3,338.7,460.3
57,odroid1,90.9,1.5,0.0,496.6,1.0,438.5,640.0
58,rpi-8b,602.5,286.0,0.0,27.7,468.8,530.4,605.0
59,rpi-8a,324.6,518.2,0.0,2.1,25.1,379.5,155.3
60,rpi-8a,2.0,156.1,946.0,326.4,285.9,13.0,172.5
61,odroid2,242.8,1.5,324.0,761.8,205.3,1.0,22.6
62,odroid3,518.8,319.4,0.0,192.0,378.4,13.7,199.4
63,odroid2,20.1,1.5,406.5,501.5,1.0,191.0,2.0
64,rpi-8b,343.3,149.4,0.0,2.1,406.3,186.8,383.0
65,odroid4,2.0,459.5,490.8,127.3,23.4,126.3,353.2
66,rpi-8b,26.1,87.3,639.8,483.7,548.5,1.0,62.6
67,rpi-8c,65.7,276.3,0.0,446.9,444.5,1.0,252.1
68,rpi-8d,325.2,549.9,0.0,2.1,489.4,400.5,84.7
69,odroid1,275.2,424.4,63.6,366.1,63.7,171.8,126.4
70,odroid3,428.2,783.3,0.0,2.1,116.9,356.5,376.5
71,rpi-8a,2.0,304.9,238.5,844.1,348.7,142.0,2.0
72,odroid4,76.5,378.5,887.4,211.6,205.6,16.2,237.7
73,odroid2,68.7,1.5,834.7,2.1,125.1,285.4,347.6
74,odroid3,566.6,166.4,229.7,2.1,189.6,112.2,29.6
75,odroid2,2.0,289.3,445.4,397.6,1.0,1.0,2.0
76,rpi-8c,291.8,166.1,187.6,62.4,227.8,553.4,2.0
77,rpi-4a,101.4,1.5,109.8,657.5,1.0,1.0,288.6
78,rpi-8b,2.0,281.6,725.9,449.2,545.8,19.9,2.5
79,rpi-8c,2.0,635.4,182.2,2.1,82.1,262.3,543.3
80,rpi-8c,20.6,315.4,281.0,2.1,105.5,98.7,350.3
81,rpi-8c,201.1,680.8,639.7,2.1,18.6,87.7,245.4
82,odroid1,38.4,1.5,894.9,636.3,1.0,53.4,314.1
83,odroid1,445.3,497.1,172.6,160.3,75.4,234.5,2.0
84,rpi-4a,2.0,359.2,0.0,181.8,315.1,96.8,247.4
85,odroid4,249.8,496.2,592.7,200.3,1.0,122.3,14.6
86,odroid2,7.7,1.5,0.0,81.3,353.3,185.2,2.0
87,rpi-8c,169.4,848.8,0.0,332.8,16.9,192.6,193.2
88,odroid3,220.6,1.5,218.0,189.3,664.4,365.4,139.7
89,odroid4,583.6,1.5,683.0,363.0,1.0,251.9,169.3
90,rpi-8c,211.2,1.5,249.1,12.0,1.0,289.6,277.5
91,rpi-4a,437.0,1.5,285.5,621.5,183.1,171.0,140.5
92,odroid4,345.4,234.7,142.6,714.0,1.0,363.7,139.3
93,odroid2,171.5,319.7,295.2,708.3,89.0,170.1,2.0
94,rpi-8a,270.3,356.9,0.0,92.7,415.0,1.0,186.7
95,rpi-8c,2.0,193.9,990.2,688.5,292.3,1.0,82.5
96,rpi-8b,2.0,339.1,295.1,567.4,1.0,33.9,46.3
97,rpi-8d,424.0,169.0,607.2,233.3,335.2,474.2,87.3
98,rpi-8d,2.0,727.0,101.9,348.6,161.3,269.4,268.6
99,rpi-8c,176.2,61.8,0.0,111.6,311.1,138.3,397.0
100,rpi-4a,2.0,313.5,0.0,462.5,1.0,18.2,450.7
101,odroid4,389.6,45.3,314.7,743.1,83.5,1.0,108.0
102,rpi-8b,645.3,1.5,0.0,143.1,325.1,438.8,87.7
103,rpi-8c,382.2,192.5,13.1,2.1,282.3,309.9,517.5
104,odroid1,361.1,172.8,72.8,187.6,1.0,1.0,255.5
105,rpi-8b,133.2,588.4,192.8,656.7,272.4,223.9,242.8
106,odroid4,2.0,144.5,969.4,605.5,281.0,331.5,47.1
107,rpi-8d,188.1,367.8,602.2,268.1,173.7,182.8,2.0
108,rpi-8a,125.5,1.5,601.3,666.7,356.1,187.2,114.8
109,odroid4,648.9,27.7,427.2,334.7,1.0,1.0,317.7
110,rpi-8a,611.9,395.5,0.0,506.6,155.2,158.0,79.2
111,rpi-8c,204.6,164.5,691.5,169.7,242.5,585.1,222.9
112,rpi-4a,372.3,1.5,707.7,820.7,111.7,1.0,2.0
113,odroid4,2.0,187.0,0.0,242.7,208.8,140.9,139.1
114,odroid1,303.0,1.5,487.2,649.2,108.0,329.7,228.0
115,odroid1,540.0,335.0,0.0,2.1,425.3,414.5,80.8
116,odroid1,87.3,660.7,198.6,418.7,1.0,54.1,167.9
117,odroid4,2.0,214.5,442.3,278.3,451.3,82.1,166.8
118,odroid4,2.0,452.5,469.6,162.0,1.0,486.1,257.0
119,odroid1,2.0,432.1,704.4,77.7,150.0,328.8,2.0
120,odroid4,2.0,462.5,332.5,2.1,105.5,169.0,2.0
121,odroid4,52.1,393.3,432.3,391.8,228.7,1.0,186.0
122,odroid4,518.0,1.5,429.2,2.1,236.8,256.1,104.4
123,odroid4,205.1,548.1,106.2,146.6,48.4,144.8,43.9
124,rpi-8a,93.7,485.1,861.7,2.1,237.2,180.6,26.1
125,odroid1,2.0,17.5,215.9,515.2,168.9,135.2,158.8
126,rpi-8b,653.4,1.5,0.0,364.7,225.4,324.5,284.9
127,rpi-8a,155.2,414.6,69.5,2.1,686.9,140.4,198.3
128,rpi-8d,2.0,136.0,290.0,319.5,273.6,274.0,349.3
129,rpi-8c,120.2,317.9,605.2,2.1,110.6,125.1,203.4
130,odroid1,553.9,1.5,0.0,286.5,121.2,18.0,486.6
131,odroid3,84.5,75.2,260.1,85.5,660.3,1.0,426.6
132,rpi-8b,2.0,653.9,506.3,397.9,451.4,143.9,2.0
133,odroid3,100.2,253.4,257.1,557.3,273.6,216.4,436.1
134,odroid1,2.0,226.4,203.0,419.4,137.2,372.5,2.0
135,rpi-8d,168.4,1.5,3.1,124.4,504.9,175.6,92.5
136,rpi-8b,2.0,29.0,176.9,2.1,584.7,385.5,356.0
137,rpi-8b,330.1,1.5,1062.3,409.5,1.0,106.7,134.7
138,odroid2,170.4,123.5,0.0,104.8,143.8,67.7,2.0
139,rpi-8a,486.7,1.5,296.2,554.2,308.3,64.7,243.1
140,odroid3,341.2,1.5,332.4,2.1,170.7,323.7,64.8
141,rpi-8b,2.0,1.5,0.0,54.6,484.3,287.9,351.0
142,odroid4,240.8,1.5,4.6,311.8,171.4,19.8,250.8
143,rpi-8c,149.4,223.5,161.5,81.9,141.4,556.8,494.9
144,odroid4,397.2,1.5,752.0,223.9,166.1,204.0,230.3
145,rpi-8c,2.0,871.5,618.7,272.8,1.0,28.1,171.6
146,rpi-4a,178.9,73.8,286.1,439.8,37.8,80.2,45.2
147,rpi-8c,156.3,82.0,655.7,147.4,53.1,354.8,308.7
148,rpi-8c,2.0,554.4,763.8,635.8,48.9,90.6,42.6
149,rpi-8c,504.9,142.5,141.3,164.1,293.1,497.4,455.0
150,odroid3,464.7,1.5,491.5,2.1,234.3,1.0,69.8
151,rpi-8a,306.7,694.1,0.0,2.1,436.1,362.6,692.4
152,rpi-4a,2.0,208.9,643.4,2.1,477.0,318.6,2.0
153,odroid2,219.4,1.5,195.5,345.9,1.0,166.3,2.0
154,rpi-8a,335.3,1.5,164.1,556.1,464.5,278.2,192.7
155,rpi-8a,628.5,1.5,0.0,647.9,1.0,1.0,378.0
156,rpi-8d,250.8,1.5,0.4,163.9,311.2,589.2,283.6
157,rpi-8a,152.7,309.6,283.6,312.2,198.0,1.0,196.1
158,odroid3,2.0,260.1,35.4,286.9,348.7,125.6,336.0
159,rpi-8d,2.0,17.2,1056.0,572.1,76.4,160.8,88.6
160,rpi-8a,206.8,1.5,582.9,595.3,298.1,1.0,104.9
161,rpi-8a,504.6,218.0,395.5,210.2,13.2,268.5,2.0
162,odroid4,122.1,423.2,484.8,120.9,250.7,180.7,145.5
163,odroid3,31.8,151.4,476.6,587.1,144.8,78.8,171.6
164,rpi-8c,140.9,306.3,611.4,465.7,143.5,13.9,208.9
165,rpi-8c,156.5,590.9,0.0,63.4,199.7,332.0,132.5
166,odroid2,12.2,483.2,748.6,247.5,1.0,1.0,2.0
167,rpi-8a,2.0,1.5,1284.9,141.5,59.4,1.0,2.0
168,rpi-8c,61.0,223.4,592.8,570.2,9.9,1.0,85.8
169,odroid3,246.6,38.2,329.5,282.1,116.6,299.8,265.9
170,odroid2,2.0,748.6,126.7,387.6,1.0,1.0,246.2
171,rpi-8b,2.0,503.4,753.8,322.1,1.0,1.0,38.2
172,odroid2,538.2,52.7,675.0,2.1,1.0,248.2,449.8
173,odroid3,289.4,1.5,0.0,705.5,299.3,1.0,188.3
174,odroid2,2.0,1.5,116.5,531.7,141.7,87.3,2.0
175,rpi-4a,343.2,1.5,165.2,158.8,1.0,31.3,129.9
176,rpi-8c,180.5,599.4,0.0,428.6,452.1,1.0,215.4
177,rpi-8b,235.6,498.6,0.0,589.8,68.1,478.6,73.3
178,odroid4,2.0,576.6,32.0,556.0,83.1,202.8,245.7
179,rpi-8c,166.8,744.5,397.6,114.0,12.2,1.0,245.6
180,rpi-8b,437.5,644.9,339.1,87.1,300.2,331.9,156.3
181,odroid1,184.1,142.1,498.3,118.9,1.0,7.0,182.9
182,odroid3,101.9,1.5,273.4,361.2,575.0,524.6,161.9
183,odroid1,42.7,102.8,503.8,2.1,1.0,63.8,25.6
184,odroid2,256.6,288.5,548.2,2.1,1.0,373.8,277.0
185,odroid3,95.6,106.2,238.2,2.1,615.7,1.0,275.8
186,rpi-8a,34.1,1.5,161.4,2.1,440.1,188.6,2.0
187,odroid2,506.0,247.3,0.0,2.1,31.3,402.5,202.1
188,odroid4,2.0,344.4,956.6,306.7,414.8,294.9,83.6
189,odroid4,2.0,1.5,140.5,784.7,1.0,115.5,310.3
190,rpi-8a,305.3,1.5,630.9,201.0,184.6,484.5,265.4
191,odroid1,103.2,127.1,193.9,272.3,1.0,101.2,3.8
192,rpi-4a,141.6,1.5,434.6,2.1,402.0,367.9,110.8
193,odroid3,148.3,363.6,755.1,2.1,69.7,105.7,352.2
194,rpi-8b,396.7,247.7,578.3,644.0,259.9,1.0,57.9
195,rpi-8c,128.9,1.5,665.4,522.7,1.0,81.8,2.0
196,rpi-8b,2.0,246.4,133.4,334.5,487.0,182.5,175.5
197,rpi-8b,2.0,1.5,0.0,894.5,242.6,353.6,482.7
198,odroid2,2.0,528.5,468.3,519.6,1.0,216.6,466.8
199,odroid2,246.0,785.1,736.8,2.1,1.0,1.0,117.9
200,odroid4,62.3,1.5,279.3,506.7,187.2,1.0,2.0
201,rpi-4a,81.1,614.0,443.1,523.1,44.5,1.0,99.0
202,rpi-4a,2.0,160.0,461.5,352.8,186.0,167.2,64.6
203,rpi-8c,87.8,593.2,100.0,299.9,232.5,1.0,2.0
204,rpi-8a,371.7,285.3,211.7,334.3,1.0,334.7,356.6
205,odroid3,223.1,1.5,77.4,576.8,16.9,161.6,141.1
206,rpi-8a,73.3,1.5,126.9,332.8,563.1,212.0,2.0
207,rpi-8b,49.9,66.4,1211.3,351.5,70.6,332.1,2.0
208,rpi-8b,510.7,331.8,348.3,128.3,359.7,1.0,285.0
209,odroid4,171.9,103.0,342.6,2.1,438.3,111.2,213.7
210,rpi-4a,411.8,1.5,524.2,58.1,197.6,1.0,427.5
211,rpi-8a,353.9,570.1,187.0,247.9,284.4,1.0,25.8
212,odroid3,161.5,500.2,365.3,2.1,5.9,159.4,390.9
213,odroid2,197.7,1.5,288.5,239.1,109.6,30.6,338.4
214,odroid4,198.9,528.5,454.5,286.3,48.0,1.0,14.8
215,rpi-8b,144.7,48.7,449.5,734.6,159.3,259.4,354.4
216,rpi-8a,2.0,1.5,527.0,715.2,1.0,238.2,87.3
217,odroid1,189.9,103.9,704.3,541.9,1.0,226.2,310.2
218,odroid1,132.4,264.5,756.1,2.1,264.3,293.2,232.3
219,odroid1,673.9,21.7,0.0,2.1,188.3,479.2,214.8
220,rpi-8c,21.7,537.1,765.7,172.5,76.0,105.8,155.7
221,rpi-8c,278.2,395.0,0.0,468.3,22.7,2.7,86.4
222,rpi-4a,196.1,1.5,973.8,2.1,87.1,144.7,325.9
223,odroid4,123.9,336.3,176.4,219.3,103.1,127.3,247.2
224,rpi-8b,2.0,371.5,1148.6,130.3,642.9,1.0,179.7
225,rpi-8b,898.1,1.5,288.3,432.3,17.3,1.0,387.9
226,rpi-8c,156.2,89.3,335.1,355.8,297.5,75.9,128.6
227,odroid1,451.3,112.2,419.3,2.1,428.0,39.3,218.2
228,odroid2,169.0,287.5,257.6,231.9,174.9,173.4,331.9
229,rpi-8d,2.0,91.6,1038.4,567.1,32.9,1.0,313.7
230,rpi-8b,2.0,385.8,175.0,599.4,193.9,67.9,319.3
231,odroid3,66.5,63.8,635.1,723.2,385.4,1.0,2.0
232,odroid1,493.4,1.5,233.1,481.9,320.2,175.1,43.7
233,rpi-4a,138.2,389.1,0.0,200.5,217.0,166.6,184.5
234,odroid4,93.6,244.3,288.3,78.5,193.4,444.1,535.1
235,odroid4,27.1,977.1,119.4,481.1,1.0,1.0,42.3
236,rpi-8b,2.0,96.5,0.0,451.3,150.8,245.7,8.3
237,odroid3,318.4,333.0,275.2,394.5,84.2,151.7,377.9
238,rpi-4a,2.0,405.9,234.9,427.7,205.6,1.0,142.4
239,rpi-4a,358.0,452.5,679.9,2.1,1.0,231.9,63.1
240,rpi-8d,16.6,432.9,316.0,582.3,126.2,143.0,171.4
241,odroid2,392.9,706.8,0.0,2.1,1.0,240.4,2.0
242,rpi-8b,393.0,716.5,331.7,2.1,8.4,184.7,331.3
243,rpi-8c,2.0,163.4,306.3,223.8,276.6,66.9,89.7
244,odroid1,211.7,50.3,1161.3,103.2,1.0,1.0,2.0
245,rpi-8c,279.6,1.5,212.4,446.1,11.3,165.1,299.2
246,rpi-8c,211.7,1.5,247.6,310.2,116.2,1.0,2.0
247,rpi-8c,102.3,260.9,0.0,302.7,92.7,155.7,201.2
248,rpi-8c,63.5,363.8,514.7,2.1,463.4,491.8,555.1
249,rpi-8d,491.1,1.5,161.2,308.5,283.3,122.5,249.9
250,odroid2,152.9,230.1,296.6,241.6,64.6,1.0,137.8
251,odroid4,308.6,1.5,426.1,486.4,70.8,278.4,2.0
252,odroid3,323.0,290.8,34.3,548.5,429.6,21.0,55.4
253,odroid2,517.4,1.5,87.7,245.3,1.0,211.1,205.8
254,rpi-8a,455.7,1.5,468.4,890.0,1.0,196.3,2.0
255,odroid4,220.4,1.5,464.3,817.1,1.0,299.8,2.0
256,rpi-4a,160.4,287.6,342.7,69.6,1.0,159.8,166.4
257,rpi-8c,631.3,1.5,77.0,235.1,310.4,313.7,2.0
258,rpi-8b,235.8,17.7,871.0,456.0,103.8,197.1,258.5
259,rpi-8a,2.0,805.3,225.3,363.4,300.6,348.3,186.3
260,odroid4,2.0,1.5,156.0,116.7,202.7,283.8,80.6
261,odroid1,2.0,634.2,296.8,268.5,1.0,45.7,217.0
262,rpi-8b,2.0,116.8,996.2,2.1,1.0,301.9,29.1
263,rpi-8c,618.3,433.1,736.6,2.1,196.7,1.0,2.0
264,odroid3,391.7,1.5,244.8,2.1,317.8,214.1,428.8
265,rpi-8b,414.6,174.0,0.0,83.2,208.0,185.6,477.4
266,rpi-8d,378.4,7.8,0.0,187.5,171.1,1.0,295.9
267,rpi-8c,235.6,602.2,750.0,56.0,54.8,125.8,365.4
268,rpi-8b,698.5,87.5,0.0,490.3,371.5,1.4,135.8
269,rpi-8a,191.7,210.7,450.1,507.9,1.0,354.5,114.4
270,odroid4,2.0,419.6,187.8,137.8,166.6,450.0,110.0
271,rpi-8c,152.6,1.5,287.4,380.2,172.4,1.0,188.7
272,odroid3,582.8,8.5,0.0,374.8,395.8,150.8,623.0
273,odroid4,342.4,661.3,0.0,70.9,1.9,302.9,247.4
274,odroid3,346.3,356.5,260.2,150.7,1.0,157.0,241.7
275,odroid2,94.3,368.7,352.8,2.1,196.4,1.0,90.0
276,odroid2,61.5,1.5,583.8,279.1,348.8,1.0,2.0
277,rpi-8b,48.3,267.4,318.0,170.0,327.2,1.0,2.0
278,rpi-8b,321.1,401.9,458.0,317.7,66.5,139.3,2.0
279,rpi-8a,559.4,1.5,0.0,84.9,459.7,373.9,489.7
280,odroid2,217.7,122.5,7.5,439.1,24.6,210.0,176.0
281,odroid1,230.8,1.5,395.4,2.1,269.3,292.5,76.7
282,odroid4,160.4,529.6,462.8,50.9,143.7,186.8,22.8
283,odroid3,426.9,173.3,934.7,195.4,302.2,73.7,2.0
284,odroid1,2.0,190.6,176.4,583.8,1.0,40.7,18.9
285,rpi-4a,2.0,1.5,1102.9,259.6,281.6,275.8,2.0
286,rpi-8b,496.9,360.7,203.2,187.6,310.7,178.4,70.1
287,odroid4,2.0,1.5,156.7,1024.3,1.0,282.5,101.2
288,rpi-8d,175.5,1.5,346.2,486.6,101.2,408.1,58.1
289,rpi-8a,360.6,436.6,369.8,2.1,498.7,1.0,217.9
290,odroid4,247.0,311.0,422.1,60.3,206.3,268.8,2.0
291,rpi-8c,73.3,1.5,770.4,233.9,378.0,276.8,2.0
292,odroid3,2.0,1.5,51.4,820.2,384.2,1.0,74.1
293,rpi-8a,127.9,1.5,869.2,121.4,342.0,32.5,462.6
294,rpi-8a,255.2,187.2,94.1,234.8,370.2,5.2,440.8
295,odroid3,279.8,1.5,0.0,691.0,123.6,287.4,114.9
296,odroid1,35.1,339.8,38.5,149.1,434.0,92.1,139.6
297,odroid4,448.3,567.2,112.0,110.5,47.5,225.1,100.3
298,odroid3,54.9,348.3,89.1,451.1,436.7,204.4,93.6
299,odroid2,82.8,89.9,711.6,211.1,328.8,1.0,2.0
300,odroid1,2.0,190.5,778.4,2.1,67.5,187.5,106.7
301,rpi-8a,413.1,279.7,480.5,471.7,1.0,349.6,2.0
302,rpi-8b,386.0,1.5,678.6,368.9,443.2,1.0,109.0
303,rpi-8b,344.9,1.5,111.0,515.9,260.6,13.2,301.2
304,odroid4,392.0,390.0,0.0,2.1,213.6,310.2,59.4
305,rpi-8c,2.0,92.8,525.2,591.4,160.8,1.0,343.9
306,rpi-8c,136.8,305.0,152.5,91.2,1.0,324.5,268.5
307,odroid1,380.0,323.8,0.0,520.5,185.9,173.6,545.4
308,rpi-4a,325.3,103.6,307.7,162.9,286.9,1.0,364.6
309,odroid4,307.2,153.9,377.6,151.6,86.9,474.4,306.4
310,odroid3,225.1,121.5,352.9,280.7,1.0,463.5,82.2
311,odroid3,126.1,234.3,399.8,2.1,286.3,179.0,207.4
312,rpi-8d,300.7,1.5,75.0,651.6,180.7,59.4,201.6
313,odroid1,174.0,670.9,178.5,618.0,1.0,143.6,331.3
314,odroid4,64.5,193.6,52.3,307.5,95.4,59.4,327.4
315,odroid3,183.9,107.1,408.3,2.1,1.0,363.9,363.2
316,rpi-8a,439.7,338.2,546.2,59.2,1.0,97.8,2.0
317,odroid1,199.8,444.5,310.1,2.1,327.1,255.5,354.5
318,odroid1,333.1,108.9,306.3,221.0,114.7,1.0,105.4
319,rpi-8c,330.0,464.4,162.0,305.0,190.3,317.9,2.0
320,odroid4,502.6,54.9,0.0,181.2,405.1,69.6,2.0
321,rpi-8c,149.0,257.4,169.3,2.1,342.3,370.3,358.3
322,rpi-8b,281.7,1.5,103.6,275.4,432.5,249.5,499.4
323,rpi-8c,689.3,1.5,235.0,2.1,213.1,256.8,499.5
324,odroid4,503.8,1008.5,415.3,2.1,42.1,1.0,191.8
325,odroid1,2.0,303.3,432.6,462.4,1.0,222.5,183.4
326,odroid2,288.5,94.9,330.6,2.1,49.8,51.8,2.0
327,rpi-4a,178.0,1.5,793.9,826.4,122.0,55.8,2.0
328,rpi-8c,242.5,1.5,0.0,540.0,231.4,1.3,277.0
329,odroid4,2.0,540.8,181.6,488.4,1.0,665.2,225.4
330,odroid2,157.0,1.5,655.8,2.1,1.0,44.3,90.9
331,rpi-8a,65.9,1.5,861.2,410.4,1.0,98.4,211.3
332,odroid4,179.5,108.8,0.0,763.3,1.0,150.9,207.0
333,rpi-8c,234.2,1.5,540.0,2.1,323.2,376.4,9.1
334,rpi-8d,16.9,533.4,282.5,114.9,1.0,186.4,282.6
335,odroid3,195.5,1.5,540.7,208.4,256.2,168.0,95.2
336,rpi-8c,2.0,1.5,554.4,325.0,210.2,352.9,328.8
337,odroid3,125.9,492.2,111.9,462.6,249.6,263.7,2.2
338,rpi-8c,255.9,472.1,279.7,561.8,1.0,122.2,2.0
339,odroid3,161.4,363.1,392.8,2.1,193.9,470.9,60.8
340,rpi-8c,168.8,774.9,367.1,2.1,1.0,361.9,253.1
341,rpi-8b,128.4,508.9,426.9,13.1,111.3,488.4,398.9
342,odroid3,2.0,343.0,812.6,580.6,1.0,1.0,287.5
343,rpi-8b,190.4,389.3,48.7,2.1,197.9,354.4,102.0
344,odroid1,296.3,345.5,480.0,371.1,299.6,1.0,2.0
345,rpi-8c,173.4,1.5,709.9,206.3,273.2,264.6,117.2
346,odroid3,37.3,442.5,64.5,380.4,1.0,340.0,48.9
347,rpi-8c,110.3,612.1,229.1,144.4,60.5,484.4,2.0
348,rpi-8d,240.2,311.1,334.8,259.8,1.0,1.0,2.0
349,odroid1,448.3,335.5,591.7,22.3,145.2,1.0,139.7
350,rpi-8c,588.5,147.6,672.7,283.8,208.5,197.1,7.4
351,rpi-8a,529.8,795.8,345.1,2.1,1.0,42.2,490.1
352,odroid3,2.0,812.9,0.0,40.0,251.3,1.0,226.6
353,rpi-8c,289.1,1.5,886.2,543.5,87.5,262.0,162.9
354,odroid2,497.7,1.5,170.2,236.9,34.4,129.0,116.8
355,rpi-4a,229.8,319.3,0.0,571.8,389.2,26.3,148.7
356,rpi-4a,2.0,71.3,353.3,523.1,355.8,151.6,183.2
357,odroid3,25.8,1.5,0.0,543.2,230.4,206.7,158.7
358,rpi-8c,2.0,453.6,1093.4,2.1,1.0,137.1,2.0
359,rpi-4a,342.8,1.5,0.0,74.2,433.3,252.5,356.1
360,rpi-8a,2.0,241.2,544.7,547.0,1.0,181.1,85.5
361,rpi-8d,315.3,1.5,623.5,204.5,332.1,1.0,210.0
362,odroid3,374.6,280.1,631.6,2.1,512.5,122.2,2.0
363,rpi-8d,2.0,250.6,932.9,36.8,275.7,1.0,132.4
364,odroid4,272.9,233.6,82.8,310.6,276.1,402.0,147.3
365,odroid1,331.8,201.2,418.4,189.6,1.0,210.6,61.3
366,odroid3,572.8,61.0,0.0,717.4,1.0,527.6,2.0
367,rpi-8b,73.2,595.5,0.0,353.1,239.1,1.0,494.3
368,rpi-4a,433.2,250.1,55.1,243.1,1.0,1.0,286.7
369,rpi-8a,302.5,502.9,0.0,468.6,104.0,238.2,239.6
370,rpi-4a,45.4,324.1,374.9,152.9,88.9,207.3,2.0
371,odroid4,379.3,1.5,0.0,754.1,1.0,359.9,311.4
372,odroid3,209.6,457.2,391.4,2.1,320.3,255.1,2.0
373,odroid4,2.0,422.7,58.9,547.1,428.1,435.5,341.5
374,odroid3,2.0,1.5,0.0,787.6,166.1,293.4,209.9
375,odroid1,2.0,538.0,6.1,2.1,341.6,27.4,106.3
376,rpi-4a,413.3,1.5,0.0,542.9,162.2,75.3,49.6
377,rpi-8c,533.1,449.0,0.0,494.0,34.3,1.0,101.0
378,rpi-8a,329.6,600.6,885.6,306.3,1.0,65.2,2.0
379,rpi-8d,2.0,1.5,518.2,424.2,549.7,164.6,2.0
380,rpi-8d,4.1,396.0,103.1,502.1,141.5,44.3,135.4
381,odroid4,133.1,22.6,0.0,331.2,449.2,172.4,149.6
382,odroid2,2.0,299.0,155.9,49.2,320.8,74.4,88.4
383,odroid2,230.1,404.7,323.6,217.2,1.0,464.7,121.7
384,odroid4,2.0,1.5,849.8,211.2,43.9,183.1,2.0
385,rpi-8c,511.3,472.8,0.0,77.6,354.0,72.5,519.0
386,rpi-4a,212.0,613.7,315.0,2.1,1.0,309.4,435.1
387,odroid2,52.1,441.8,882.9,172.0,1.0,1.0,91.4
388,rpi-8c,76.9,1.5,0.0,508.3,287.3,272.1,97.1
389,rpi-8c,47.3,151.2,186.5,133.7,387.6,78.9,428.3
390,rpi-8c,2.0,214.6,386.7,435.5,197.2,1.0,629.8
391,rpi-8c,224.4,1.5,183.7,456.8,370.5,192.7,129.4
392,odroid4,2.0,633.4,625.8,626.2,1.0,135.4,2.0
393,rpi-8d,288.8,322.2,477.6,236.5,158.9,168.2,344.5
394,odroid1,230.1,968.7,0.0,2.1,52.5,601.8,2.0
395,odroid3,409.8,123.8,639.1,2.1,405.4,445.0,292.5
396,rpi-8a,2.0,697.0,592.1,491.4,185.3,98.8,367.3
397,rpi-4a,50.8,1.5,907.4,405.3,400.2,97.1,58.9
398,rpi-8c,2.0,1.5,515.1,219.2,84.0,133.9,244.7
399,rpi-8b,276.0,194.3,118.2,801.1,1.0,1.0,266.0
400,odroid4,277.5,105.5,0.0,5.2,345.4,265.9,197.6
401,odroid4,318.9,235.7,695.1,2.1,1.0,378.0,267.5
402,rpi-4a,2.0,77.3,801.9,2.1,24.7,1.0,317.8
403,rpi-8a,2.0,511.7,135.5,572.3,70.6,269.2,424.0
404,odroid4,44.3,150.5,404.1,293.5,337.6,1.0,117.9
405,rpi-8a,2.0,1.5,0.0,729.5,1.0,527.4,183.5
406,odroid1,2.0,3.3,859.7,2.1,81.2,250.9,314.8
407,odroid4,302.1,83.0,3.8,118.3,71.9,262.9,101.1
408,rpi-8c,549.9,444.0,65.6,207.8,49.9,274.6,160.5
409,odroid3,330.9,343.8,0.0,209.7,74.9,1.0,339.7
410,odroid3,398.9,59.4,0.0,131.8,537.3,401.0,26.5
411,rpi-8a,2.0,158.9,364.3,274.0,311.8,276.4,586.6
412,odroid4,198.1,534.5,0.0,753.5,1.0,1.0,2.0
413,rpi-8c,279.3,53.7,987.9,467.2,19.6,153.4,2.0
414,odroid3,2.0,1.5,368.4,496.5,605.3,212.4,114.7
415,odroid4,390.9,107.3,17.2,2.1,312.8,294.7,217.4
416,rpi-8b,459.3,1.5,555.9,495.8,1.0,172.3,461.5
417,odroid1,2.0,397.5,110.9,2.1,625.6,1.0,2.0
418,odroid3,2.0,819.9,814.6,497.6,92.3,1.0,48.3
419,rpi-8a,204.2,276.8,256.7,2.1,538.5,238.6,315.0
420,rpi-8a,2.0,265.0,262.0,429.9,154.3,312.5,409.3
421,rpi-8c,149.5,1.5,222.4,405.9,146.3,77.1,219.6
422,odroid3,500.5,56.6,48.8,2.1,520.3,31.0,265.9
423,odroid3,767.1,306.7,132.5,371.2,1.0,312.9,2.0
424,rpi-4a,428.9,489.0,0.0,181.7,207.3,197.9,323.5
425,rpi-8c,343.8,1.5,0.0,56.0,554.9,555.6,330.5
426,odroid4,381.8,1.5,114.6,51.0,382.8,1.0,217.6
427,rpi-8a,41.4,47.6,500.4,324.5,1.0,246.8,300.1
428,rpi-8b,327.3,170.3,0.0,273.6,284.9,454.7,232.3
429,odroid1,2.0,1.5,0.0,758.2,363.2,46.7,25.8
430,rpi-8b,252.7,1.5,0.0,213.8,326.4,501.6,143.9
431,rpi-8a,2.0,1.5,995.9,135.2,165.1,150.3,268.7
432,rpi-8b,251.9,530.3,733.3,121.6,382.6,91.6,100.8
433,rpi-8a,2.0,323.1,391.8,316.5,1.0,143.7,2.0
434,odroid1,145.9,470.0,150.8,284.7,517.3,199.1,266.0
435,rpi-8b,2.0,540.6,445.6,170.5,223.7,418.2,245.9
436,odroid4,355.9,254.6,647.7,478.5,1.0,1.0,58.7
437,rpi-4a,289.5,285.7,877.8,175.7,14.9,184.6,166.4
438,rpi-8b,152.7,725.3,509.1,2.1,310.5,44.9,186.2
439,rpi-8d,2.0,1.5,561.6,707.8,152.0,1.0,122.7
440,odroid4,496.8,1.5,0.0,484.3,13.6,330.0,146.1
441,odroid2,276.6,1.5,0.0,339.0,13.6,318.5,192.6
442,rpi-8a,550.8,1.5,0.0,257.3,301.3,16.8,391.2
443,rpi-8d,2.0,684.6,119.2,632.9,306.5,39.3,116.8
444,rpi-8c,136.8,514.7,406.9,62.9,1.0,505.0,58.1
445,odroid4,91.8,249.1,635.2,2.1,1.0,202.6,250.7
446,rpi-8c,265.5,1.5,820.6,239.2,289.1,372.9,211.0
447,rpi-8c,142.9,1.5,151.2,793.0,119.7,182.6,2.0
448,odroid3,2.0,1.5,434.4,2.1,328.9,125.4,334.4
449,odroid3,127.4,554.5,512.2,43.9,1.0,367.2,8.8
450,rpi-8a,2.0,481.3,0.0,189.0,31.2,395.8,441.5
451,odroid1,113.8,355.8,483.3,350.6,1.0,318.4,267.2
452,odroid3,2.0,463.6,0.0,293.3,400.6,167.9,20.5
453,odroid1,140.9,1.5,422.0,885.6,1.0,25.2,226.6
454,odroid4,2.0,1.5,613.5,504.2,18.0,1.0,2.0
455,rpi-8c,2.0,392.2,532.6,211.4,1.0,1.0,2.0
456,rpi-4a,35.3,156.7,351.8,60.4,293.6,1.0,89.9
457,rpi-8a,148.2,258.8,1155.4,157.4,95.1,62.3,207.2
458,rpi-8c,2.0,226.9,326.9,742.1,110.8,11.8,288.5
459,rpi-8a,306.0,194.6,162.6,245.8,203.2,392.3,110.2
460,rpi-8c,2.0,299.0,684.2,559.7,125.4,1.0,395.6
461,rpi-8c,252.4,316.0,0.0,647.9,231.7,234.0,176.8
462,odroid3,83.6,328.7,833.1,157.5,1.0,269.5,325.8
463,rpi-4a,143.5,320.0,0.0,2.1,654.2,1.0,477.2
464,odroid3,370.9,272.0,0.0,427.1,476.6,1.0,256.1
465,odroid3,219.0,174.3,312.7,55.8,404.9,392.3,200.8
466,odroid4,71.0,288.2,215.0,211.1,447.4,94.1,156.5
467,rpi-8d,265.5,171.0,571.2,113.5,1.0,84.6,273.6
468,rpi-8a,532.6,590.5,131.3,2.1,128.8,103.3,506.5
469,rpi-8b,39.8,226.0,0.0,599.6,448.2,72.7,2.0
470,odroid2,94.2,1.5,232.7,2.1,427.5,127.6,2.0
471,rpi-8a,321.0,28.1,284.5,345.7,101.7,1.0,137.5
472,odroid3,94.8,22.5,174.5,580.0,33.8,578.3,76.6
473,rpi-8c,2.0,403.4,302.2,595.6,20.9,328.2,78.3
474,odroid2,61.1,129.2,161.4,618.0,162.8,1.0,2.0
475,odroid3,248.2,1.5,379.1,712.5,98.3,320.9,2.0
476,rpi-8c,43.5,244.3,139.0,409.2,134.4,170.4,203.8
477,rpi-8d,26.7,1.5,226.1,2.1,275.6,203.5,285.9
478,odroid2,525.5,296.1,370.6,2.1,1.0,286.6,304.9
479,odroid4,15.2,373.2,0.0,284.4,273.6,185.2,2.0
480,odroid2,59.0,44.1,335.2,379.9,8.9,5.6,2.0
481,rpi-8b,2.0,1.5,540.2,830.7,1.0,210.4,168.0
482,odroid2,178.6,137.1,402.0,166.3,358.8,53.9,2.0
483,odroid2,215.5,632.3,261.4,25.3,79.2,269.5,192.5
484,odroid2,15.0,1023.8,377.3,2.1,42.1,60.6,77.4
485,rpi-8a,54.6,1.5,844.9,280.2,188.2,213.9,136.0
486,odroid4,266.0,280.9,804.2,98.1,64.5,127.2,225.9
487,rpi-8a,2.0,555.8,410.7,626.2,1.0,45.3,2.0
488,rpi-4a,35.5,1.5,802.9,161.8,144.9,19.7,2.0
489,rpi-8c,526.0,1.5,684.8,247.2,157.4,1.0,98.3
490,rpi-8c,2.0,457.7,271.3,591.1,76.2,219.1,247.2
491,odroid1,385.9,343.0,554.3,2.1,169.4,235.2,2.0
492,rpi-4a,91.9,1.5,487.3,377.3,294.9,1.0,12.7
493,rpi-8a,2.0,375.8,216.9,320.7,154.0,141.9,13.4
494,odroid4,2.0,207.4,237.5,262.9,223.5,197.1,417.8
495,rpi-8c,2.0,598.6,131.0,148.6,612.3,208.4,2.0
496,rpi-4a,2.0,1.5,574.5,500.8,479.7,121.7,547.5
497,odroid3,366.6,433.2,0.0,291.4,511.6,1.0,598.6
498,rpi-8d,665.3,481.6,25.9,181.0,110.5,1.0,647.1
499,odroid1,172.7,69.4,871.9,115.3,1.0,522.3,72.9
500,rpi-8c,436.9,136.1,0.0,100.1,1.0,37.4,295.7
501,odroid4,161.7,1.5,3.5,283.6,461.3,222.8,71.7
502,rpi-8c,51.2,164.7,349.6,50.6,260.9,154.1,165.4
503,odroid2,40.1,1.5,1037.9,276.7,1.0,168.2,301.4
504,rpi-8c,419.5,261.9,0.0,589.3,1.0,114.9,2.0
505,rpi-8b,522.5,412.9,0.0,484.7,372.2,417.5,527.2
506,rpi-8d,418.2,1.5,1086.1,226.4,193.2,33.8,351.7
507,odroid4,100.3,219.0,0.0,636.9,398.3,132.4,166.3
508,odroid2,168.5,435.9,451.2,565.2,1.0,109.5,2.0
509,rpi-8d,2.0,358.5,0.0,314.3,236.0,366.9,220.5
510,rpi-8a,487.8,1.5,0.0,461.6,255.9,327.5,2.0
511,rpi-8c,2.0,69.8,67.4,109.0,562.2,70.7,380.2
512,rpi-8a,273.9,285.4,228.2,327.4,183.5,1.0,2.0
513,rpi-8a,391.4,220.9,440.1,86.2,67.3,331.2,351.2
514,rpi-4a,2.0,241.7,414.4,283.8,297.8,98.9,2.0
515,rpi-8b,484.1,1.5,0.0,65.4,255.7,164.9,313.5
516,odroid1,218.5,32.2,27.6,5.4,73.5,219.3,349.5
517,odroid3,475.9,33.2,548.1,347.7,161.2,266.9,225.7
518,rpi-8c,295.6,80.7,634.5,664.5,236.1,1.0,221.8
519,rpi-8d,386.6,1.5,856.9,293.2,1.0,319.0,51.7
520,rpi-8d,2.0,395.6,0.0,167.8,502.4,1.0,132.9
521,rpi-8c,276.2,232.6,665.5,320.9,161.0,127.1,2.0
522,rpi-8a,433.3,1.5,487.5,542.9,515.0,37.8,2.0
523,odroid3,2.0,410.1,334.2,277.9,287.8,366.9,2.0
524,odroid4,2.0,500.2,545.0,61.8,1.0,305.6,299.0
525,odroid1,247.7,125.2,61.2,2.1,365.6,22.1,402.0
526,rpi-8b,196.9,250.0,323.1,336.4,450.3,392.9,19.6
527,rpi-8d,514.8,128.3,178.1,952.8,1.0,217.8,58.8
528,rpi-8c,106.8,1.5,346.9,620.2,198.3,48.6,125.6
529,odroid3,429.0,1.5,118.4,2.1,357.6,228.0,458.1
530,rpi-8d,191.4,181.3,194.1,858.3,1.0,479.8,107.8
531,odroid4,197.1,1.5,0.0,326.3,212.1,345.0,349.8
532,odroid3,477.8,147.4,237.6,775.4,92.8,35.8,2.0
533,odroid1,2.0,1.5,738.9,196.0,261.6,1.0,7.9
534,rpi-4a,2.0,218.0,376.2,6.4,5.7,179.6,2.0
535,rpi-8a,32.5,213.7,49.0,28.6,422.4,203.8,353.3
536,odroid1,392.7,224.9,204.3,371.8,54.5,506.5,42.2
537,odroid1,507.1,226.9,611.1,266.6,1.0,12.5,154.3
538,rpi-8c,152.3,624.9,524.9,137.5,1.0,155.9,278.1
539,odroid3,430.2,168.4,518.5,236.1,1.0,1.0,198.9
540,rpi-8a,423.4,158.1,0.0,2.1,330.1,180.3,281.3
541,odroid2,121.6,259.3,1048.0,35.8,170.2,494.2,37.1
542,rpi-8c,223.6,1.5,371.0,348.1,403.0,82.2,268.5
543,rpi-8b,2.0,159.2,591.3,496.8,1.0,96.4,316.8
544,rpi-8a,244.3,1.5,0.0,239.9,240.6,473.2,274.5
545,rpi-8a,96.6,162.6,452.0,541.6,197.4,203.7,2.0
546,rpi-8a,235.7,161.1,230.8,849.5,172.4,543.1,71.4
547,rpi-8c,211.8,276.9,0.0,528.8,30.7,210.6,2.0
548,rpi-8c,337.2,1.5,102.7,395.1,263.3,322.9,2.0
549,rpi-8c,225.8,1.5,352.8,731.9,197.4,66.0,54.5
550,rpi-8c,169.1,173.5,205.5,747.7,33.7,377.7,193.9
551,odroid1,298.2,27.3,385.4,219.0,1.0,338.8,181.2
552,odroid3,208.5,113.3,523.8,154.7,48.5,48.1,68.1
553,odroid3,295.7,468.5,637.2,2.1,473.3,206.9,101.2
554,rpi-8d,2.0,280.9,44.5,454.8,404.3,1.0,2.0
555,rpi-8a,278.1,366.1,1.8,38.8,463.5,93.9,441.2
556,rpi-8b,328.6,209.1,0.0,602.3,528.2,491.1,60.8
557,rpi-8d,375.6,336.2,0.0,332.0,462.6,511.3,230.2
558,rpi-8c,314.2,602.5,234.3,274.3,209.5,219.8,181.4
559,rpi-8b,194.2,565.8,271.4,608.5,236.0,165.8,2.0
560,odroid1,614.0,243.2,25.1,137.2,51.9,320.1,39.1
561,odroid3,2.0,60.7,432.0,731.6,357.8,48.8,38.4
562,odroid3,2.0,229.1,0.0,472.4,580.7,129.5,40.1
563,rpi-8b,272.5,445.4,135.1,158.8,461.0,458.1,213.1
564,odroid2,426.3,268.5,743.5,2.1,22.8,1.0,139.9
565,rpi-4a,502.1,1.5,86.1,28.5,190.3,256.7,441.6
566,rpi-4a,73.3,1.5,437.0,605.1,1.0,205.0,2.0
567,rpi-8a,2.0,138.1,570.1,521.0,74.8,1.0,269.7
568,rpi-8c,2.0,431.5,730.8,484.9,33.4,45.3,2.0
569,rpi-8b,285.4,601.1,0.0,149.6,590.5,205.6,199.3
570,odroid3,55.2,1.5,834.4,2.1,327.3,1.0,2.0
571,odroid1,540.1,423.0,0.0,109.1,164.3,283.1,170.5
572,rpi-8d,2.0,611.3,618.7,2.1,3.6,294.7,111.6
573,rpi-8c,374.3,550.0,96.1,2.1,170.6,143.2,426.7
574,odroid4,300.1,366.4,402.0,2.1,233.4,274.0,421.0
575,rpi-4a,481.0,1.5,0.0,817.8,1.0,112.3,112.1
576,odroid3,65.1,1.5,1135.8,135.2,1.0,1.0,86.5
577,odroid4,73.9,178.0,476.2,2.1,366.5,1.0,2.0
578,odroid1,468.3,1.5,664.9,2.1,134.0,172.9,99.3
579,odroid3,81.7,654.6,298.7,2.1,256.4,155.6,143.5
580,odroid3,2.0,116.4,767.8,110.1,118.4,1.0,184.2
581,rpi-4a,417.1,755.3,648.9,2.1,254.4,1.0,65.3
582,rpi-8d,237.9,496.7,174.3,2.1,334.0,5.5,159.3
583,odroid4,109.7,615.1,114.9,231.1,36.6,122.1,274.2
584,rpi-8d,283.3,1.5,95.6,888.5,239.8,456.0,101.4
585,odroid3,312.9,1.5,0.0,347.2,159.7,432.9,302.5
586,odroid4,392.7,476.0,230.6,702.0,20.4,136.8,2.0
587,odroid3,359.3,1.5,881.2,650.7,199.2,150.1,275.5
588,odroid1,131.3,1.5,790.1,328.1,366.5,1.0,2.0
589,rpi-8b,279.8,727.9,0.0,179.5,402.6,275.0,482.3
590,odroid1,52.5,674.5,581.3,143.6,114.3,114.2,133.0
591,odroid1,309.3,235.7,441.9,337.3,33.9,1.0,362.8
592,odroid2,242.1,534.8,674.1,143.5,1.0,207.6,244.3
593,rpi-8c,22.8,993.2,0.0,318.5,217.3,282.7,320.4
594,odroid3,323.3,1.5,0.0,139.7,242.6,292.9,428.5
595,rpi-8d,2.0,513.1,176.8,319.2,335.3,65.2,219.7
596,odroid4,2.0,1.5,533.9,486.1,241.4,1.0,641.0
597,rpi-8a,220.9,621.9,87.8,380.6,62.1,257.1,121.9
598,odroid1,9.0,310.6,1111.6,465.1,104.3,1.0,219.1
599,odroid1,266.5,552.8,278.1,2.1,87.1,374.4,234.7
600,odroid3,2.0,337.8,619.1,596.6,1.0,1.0,12.2
601,rpi-8d,176.7,195.4,133.7,250.3,295.6,326.5,73.5
602,odroid1,66.9,127.2,516.5,732.9,1.0,1.0,2.0
603,rpi-4a,464.4,1.5,222.0,79.4,65.1,50.9,203.0
604,odroid4,229.1,262.2,150.3,195.7,581.7,1.0,366.7
605,rpi-4a,195.4,1.5,819.5,475.6,176.1,168.1,7.3
606,rpi-8c,331.5,1.5,0.0,374.2,135.4,138.0,301.2
607,odroid4,192.7,1.5,373.5,661.8,454.1,1.0,242.0
608,odroid1,357.6,313.5,134.9,774.5,1.0,1.0,12.0
609,rpi-8c,325.5,1.5,14.8,37.1,63.5,323.2,3.5
610,odroid1,104.2,450.5,0.0,206.3,189.1,137.9,241.9
611,odroid2,2.0,625.7,0.0,86.2,1.0,127.0,60.9
612,odroid3,417.5,14.6,315.6,637.7,1.0,61.4,52.2
613,rpi-8c,634.4,1.5,0.0,162.2,83.5,340.0,344.2
614,odroid3,196.8,4.4,689.6,162.1,70.8,193.1,286.4
615,odroid3,306.1,251.4,374.9,336.2,188.8,219.9,26.1
616,rpi-4a,2.0,155.5,1202.8,49.9,201.5,28.9,2.0
617,rpi-4a,2.0,55.6,458.1,319.8,1.0,1.0,110.3
618,odroid2,355.0,1.5,213.4,330.3,299.6,180.0,2.0
619,rpi-8c,263.3,667.7,640.2,2.1,286.7,459.5,262.3
620,rpi-8b,478.8,533.3,41.6,2.1,689.2,171.0,72.6
621,rpi-8a,579.1,1.5,0.0,142.5,227.3,219.1,2.0
622,rpi-8b,209.5,1.5,121.1,9.3,217.5,447.8,372.4
623,rpi-8c,345.9,428.2,0.0,2.1,217.3,338.3,273.1
624,rpi-8a,264.2,1.5,0.0,235.1,804.1,140.9,148.0
625,rpi-8c,360.2,1.5,508.5,268.3,102.9,80.0,50.6
626,odroid3,2.0,1.5,75.8,381.5,65.4,324.0,307.7
627,odroid4,248.8,131.3,19.6,482.4,46.9,155.2,2.0
628,odroid3,2.0,1.5,211.0,149.9,334.0,1.0,384.6
629,rpi-4a,2.0,14.7,434.1,511.4,101.2,289.4,2.0
630,rpi-4a,2.0,210.3,977.4,2.1,6.2,155.6,241.6
631,odroid3,2.0,507.0,462.5,224.5,1.0,137.5,150.0
632,rpi-8d,199.7,275.2,137.3,403.2,598.5,123.6,393.3
633,odroid4,2.0,358.2,287.8,299.6,92.7,215.8,87.4
634,odroid4,232.5,306.7,346.3,2.1,313.0,57.6,30.6
635,rpi-8c,508.6,159.6,0.0,109.3,440.7,149.3,2.0
636,rpi-8c,475.2,1.5,0.0,499.7,454.2,1.0,221.6
637,rpi-8c,2.0,745.1,232.7,72.2,435.2,1.0,234.1
638,odroid4,14.8,413.3,389.5,2.1,152.9,107.5,2.0
639,rpi-8d,274.1,1.5,524.3,377.9,334.6,319.5,2.0
640,rpi-8b,2.0,463.0,0.0,273.4,589.0,1.0,94.4
641,rpi-8b,23.7,1.5,336.8,165.6,536.2,1.0,318.7
642,odroid2,102.3,589.2,0.0,2.1,464.9,191.0,288.1
643,odroid4,100.6,291.2,0.0,676.2,49.1,227.3,222.5
644,odroid3,126.8,70.2,606.0,487.5,71.5,1.0,268.4
645,rpi-4a,2.0,20.2,385.2,134.1,442.3,158.9,67.1
646,rpi-8b,2.0,1.5,619.4,393.9,300.6,347.5,320.6
647,odroid2,491.7,1.5,327.5,738.2,1.0,105.7,82.4
648,odroid2,203.6,76.5,0.0,408.2,125.0,199.2,69.7
649,odroid3,2.0,56.3,650.5,404.4,6.8,1.0,2.0
650,odroid4,158.3,953.7,0.0,2.1,435.2,127.6,148.9
651,rpi-8a,2.0,228.6,302.3,993.4,33.5,1.0,429.6
652,odroid1,470.7,398.7,608.1,263.1,1.0,82.1,34.3
653,rpi-8d,484.5,298.5,518.4,161.2,1.0,411.2,2.0
654,odroid1,2.0,544.1,116.0,62.4,453.2,1.0,263.5
655,odroid1,2.0,1.5,1326.9,243.8,147.6,203.5,2.0
656,odroid2,131.6,303.9,0.0,153.6,143.9,89.8,165.3
657,odroid4,2.0,874.2,222.7,448.6,16.8,416.5,2.0
658,odroid2,398.1,212.4,0.0,211.2,316.4,135.5,61.9
659,odroid3,468.9,37.8,0.0,234.4,142.5,292.0,55.9
660,odroid3,444.0,614.3,0.0,296.6,1.0,205.1,473.8
661,rpi-8a,126.7,261.1,84.1,103.9,124.7,420.1,488.5
662,rpi-8c,491.8,1.5,160.6,482.0,97.7,1.0,283.6
663,odroid1,184.1,159.5,187.4,353.0,106.4,309.4,246.5
664,odroid3,2.0,300.4,319.9,462.2,308.3,233.9,2.0
665,odroid1,534.2,115.7,17.6,315.2,1.0,204.3,402.8
666,rpi-8b,382.9,1.5,384.0,2.1,306.4,551.5,666.2
667,rpi-8b,89.0,137.8,502.6,222.1,157.7,321.7,2.0
668,rpi-8c,163.7,116.9,953.0,2.1,250.7,277.9,125.5
669,rpi-8d,92.6,1.5,459.7,72.0,544.3,552.4,2.0
670,odroid4,105.2,350.4,0.0,437.3,117.2,200.6,2.0
671,odroid1,481.5,78.6,0.0,2.1,431.4,491.8,403.7
672,odroid1,2.0,1.5,885.6,188.3,364.3,1.0,2.0
673,rpi-4a,458.6,685.0,475.3,2.1,252.9,376.0,68.9
674,odroid4,224.9,367.6,199.5,546.6,163.2,242.1,320.3
675,odroid2,247.7,537.1,388.0,2.1,27.5,363.5,2.0
676,odroid4,452.7,401.6,167.1,251.5,215.1,175.2,2.0
677,rpi-4a,2.0,1.5,275.5,397.5,1.0,138.4,243.4
678,odroid2,384.8,405.2,0.0,2.1,234.3,95.0,556.9
679,rpi-8b,266.3,1.5,441.9,571.7,325.9,109.0,2.0
680,rpi-4a,187.5,59.0,666.7,660.8,1.0,30.6,26.8
681,odroid1,113.2,49.7,919.4,71.4,1.0,121.7,440.1
682,rpi-8c,2.0,423.8,448.9,2.1,354.8,39.1,157.5
683,rpi-8a,120.8,101.0,398.7,46.0,1.0,134.3,139.5
684,odroid4,410.4,1.5,89.3,310.8,171.1,316.9,170.3
685,odroid1,611.5,1.5,0.0,653.4,1.0,171.0,43.9
686,odroid1,180.6,244.3,788.8,2.1,359.2,339.9,335.6
687,rpi-8d,343.0,1.5,780.0,111.8,386.9,1.0,183.6
688,odroid4,202.9,452.2,732.0,2.1,1.0,7.7,2.0
689,rpi-4a,482.1,286.7,416.7,2.1,91.7,1.0,62.7
690,rpi-8a,2.0,427.1,1076.9,757.7,2.4,1.0,2.0
691,odroid4,167.0,19.4,10.4,480.3,266.3,50.9,96.3
692,rpi-8d,113.7,1.5,528.3,441.3,369.7,110.7,51.7
693,odroid3,465.4,245.3,0.0,341.7,256.6,254.5,42.3
694,odroid4,436.1,386.6,13.9,364.6,191.1,34.4,130.1
695,odroid3,78.0,100.0,521.8,250.7,399.9,237.1,378.6
696,rpi-8a,136.1,79.5,476.5,199.5,1.0,277.5,225.7
697,odroid4,2.0,1.5,247.8,738.9,490.7,1.0,2.0
698,rpi-8b,210.4,1.5,209.3,196.3,180.1,467.4,96.6
699,odroid4,289.4,1.5,828.3,235.7,3.4,126.2,59.2
700,odroid1,2.0,805.9,325.1,511.4,23.5,1.0,2.0
701,rpi-4a,2.0,646.3,741.4,2.1,54.4,58.5,2.0
702,rpi-8d,112.8,1.5,42.8,369.5,44.6,228.7,404.9
703,rpi-8b,14.7,472.1,0.0,517.6,227.5,399.5,76.1
704,rpi-8c,236.5,420.3,797.1,15.8,68.8,485.7,512.1
705,rpi-8a,2.0,489.3,0.0,2.1,230.7,24.2,208.4
706,odroid4,426.8,1.5,514.5,371.9,1.0,180.2,2.0
707,rpi-8d,2.0,1.5,1113.7,432.4,1.0,147.2,240.0
708,odroid3,521.6,1.5,558.4,2.1,123.0,407.9,222.1
709,odroid4,260.9,1.5,746.3,285.0,389.9,80.3,2.0
710,odroid2,302.5,597.1,346.1,2.1,312.2,1.0,246.4
711,rpi-8a,373.8,175.6,186.7,36.6,1.0,350.1,29.1
712,odroid2,415.0,477.3,151.8,34.2,1.0,191.5,2.0
713,rpi-8d,371.0,1.5,0.0,576.7,286.8,194.9,169.9
714,odroid2,308.8,243.9,194.5,368.7,119.6,167.7,2.0
715,odroid1,66.2,1.5,355.2,91.7,104.7,34.6,13.8
716,odroid3,32.3,168.6,47.6,2.1,475.2,274.4,236.1
717,rpi-8b,2.0,243.0,359.8,430.8,367.1,1.0,103.6
718,rpi-8b,129.3,409.9,10.1,342.7,175.2,187.7,345.5
719,rpi-8c,2.0,523.9,757.5,388.5,119.5,72.8,97.3
720,rpi-8b,220.8,481.4,0.0,512.2,38.5,177.6,187.6
721,rpi-8b,2.0,115.1,0.0,273.4,354.9,222.8,290.5
722,rpi-8b,260.3,516.8,0.0,435.0,69.9,680.7,152.7
723,rpi-8b,99.0,666.1,454.8,2.1,71.8,762.3,249.8
724,odroid3,594.2,267.5,377.6,72.2,217.1,270.2,381.3
725,rpi-4a,2.0,269.8,732.0,24.5,1.0,626.6,343.8
726,rpi-8c,275.0,885.1,162.1,172.2,1.0,215.4,221.3
727,rpi-8c,203.8,399.2,44.5,294.1,145.1,103.2,71.7
728,odroid4,227.3,532.7,401.9,2.1,461.3,125.0,2.0
729,rpi-8d,140.4,1.5,57.8,184.9,517.1,225.0,81.1
730,odroid3,524.7,210.2,64.5,2.1,291.1,192.3,82.5
731,rpi-8c,449.6,683.8,0.0,76.7,205.9,185.9,203.8
732,odroid4,211.5,327.2,1366.3,2.1,1.0,97.9,106.5
733,odroid4,35.1,498.8,197.5,178.6,174.4,8.1,355.6
734,odroid2,2.0,410.8,341.4,100.0,144.1,8.9,2.0
735,rpi-8c,31.1,266.7,160.2,57.3,25.7,252.8,143.2
736,odroid4,173.6,360.8,421.2,3.5,1.0,308.4,92.5
737,odroid1,196.9,624.1,668.0,22.7,1.0,1.0,37.1
738,odroid4,293.4,458.8,68.4,2.1,291.1,276.9,461.3
739,odroid1,2.0,239.0,304.8,214.1,222.1,1.0,65.0
740,rpi-8d,25.7,153.0,820.8,479.4,1.0,232.4,327.1
741,rpi-8a,17.7,735.4,436.8,322.5,108.6,1.0,84.3
742,rpi-4a,2.0,234.8,617.7,213.2,221.0,204.8,180.4
743,odroid3,342.2,641.8,0.0,2.1,181.1,499.4,239.1
744,rpi-4a,176.3,1.5,430.3,79.5,192.5,235.2,158.9
745,odroid4,2.0,1.5,656.2,740.2,33.0,91.9,2.0
746,odroid4,72.7,108.4,0.0,2.1,816.3,1.0,2.0
747,rpi-4a,400.5,469.7,1219.9,301.5,1.0,15.4,2.0
748,odroid3,635.6,453.6,0.0,469.3,342.0,229.4,22.6
749,odroid4,7.6,1.5,533.2,400.5,628.4,159.3,240.1
