,label,Feature 0,Feature 1,Feature 2,Feature 3,Feature 4,Feature 5,Feature 6
0,odroid2,186.0,10.0,150.0,350.0,167.0,167.0,166.0
1,rpi-4a,16.2,17.4,1446.0,17.8,435.5,17.1,19.3
2,odroid1,165.0,167.0,167.0,168.0,169.0,166.0,168.0
3,odroid4,169.0,175.0,176.0,174.0,174.0,173.0,173.0
4,rpi-8c,24.9,629.1,16.7,2092.1,16.1,17.3,17.6
5,odroid3,165.0,170.0,169.0,171.0,172.0,170.0,166.0
6,odroid2,163.0,179.0,157.0,169.0,168.0,169.0,169.0
7,odroid2,171.0,187.0,153.0,171.0,170.0,169.0,169.0
8,odroid3,163.0,166.0,169.0,166.0,167.0,166.0,166.0
9,rpi-8c,16.0,737.9,18.5,17.8,18.1,58.2,65.1
10,odroid3,166.0,170.0,3.0,169.0,328.0,170.0,168.0
11,odroid1,163.0,169.0,166.0,168.0,166.0,167.0,167.0
12,rpi-8c,41.3,1850.5,20.3,18.3,20.1,19.4,19.7
13,odroid2,166.0,194.0,11.0,150.0,332.0,168.0,166.0
14,rpi-8a,17.2,13.6,214.0,215.6,199.1,216.4,417.2
15,rpi-8a,200.1,211.8,417.1,233.0,233.6,432.3,16.4
16,odroid3,166.0,168.0,169.0,167.0,163.0,167.0,166.0
17,odroid1,166.0,169.0,166.0,168.0,169.0,168.0,168.0
18,rpi-8a,235.0,227.3,433.3,16.2,232.9,233.3,433.9
19,rpi-8d,17.1,19.0,17.6,963.3,18.5,19.1,19.2
20,odroid1,165.0,168.0,166.0,167.0,169.0,166.0,167.0
21,odroid3,167.0,172.0,168.0,170.0,170.0,171.0,168.0
22,odroid4,171.0,174.0,172.0,174.0,174.0,175.0,172.0
23,rpi-4a,17.8,21.0,785.8,420.9,19.7,18.3,20.0
24,rpi-8d,18.8,20.9,1579.9,17.3,20.6,20.1,20.1
25,rpi-8b,19.9,15.8,438.2,232.5,450.8,29.9,234.3
26,rpi-8b,413.7,433.4,15.9,233.3,233.5,433.2,16.5
27,odroid3,167.0,169.0,170.0,170.0,168.0,168.0,169.0
28,rpi-8c,14.1,14.9,135.4,17.5,16.8,16.9,28.7
29,rpi-8d,1463.2,16.4,19.0,1436.8,21.8,20.9,19.3
30,rpi-8d,18.0,15.9,17.9,781.6,17.3,19.2,19.2
31,rpi-8c,33.6,1900.8,20.3,15.8,18.1,18.4,18.1
32,odroid1,163.0,167.0,167.0,166.0,167.0,166.0,168.0
33,rpi-8c,77.9,21.2,127.8,35.6,32.0,99.7,31.8
34,rpi-8d,17.2,33.0,1575.0,237.2,19.7,17.8,17.8
35,odroid4,170.0,175.0,174.0,174.0,174.0,172.0,173.0
36,rpi-8d,17.5,20.1,963.4,835.8,19.0,21.3,20.1
37,rpi-8d,16.9,19.4,1586.0,17.2,19.3,19.0,21.0
38,rpi-8d,17.3,20.1,33.0,1139.3,18.7,19.5,19.7
39,odroid3,168.0,172.0,171.0,170.0,170.0,173.0,163.0
40,odroid3,169.0,171.0,168.0,172.0,186.0,154.0,170.0
41,odroid4,171.0,173.0,175.0,171.0,172.0,174.0,172.0
42,rpi-8c,53.5,653.6,16.7,18.3,19.8,54.0,2429.0
43,rpi-8b,445.4,30.3,233.3,231.9,233.2,451.2,15.4
44,rpi-8c,16.0,66.8,331.2,60.4,72.0,72.9,21.8
45,rpi-8b,190.6,431.8,16.6,232.9,233.4,233.3,433.2
46,odroid1,163.0,169.0,168.0,167.0,168.0,167.0,167.0
47,rpi-8c,2263.0,10.8,17.5,17.5,49.5,55.5,72.4
48,rpi-8c,17.2,16.5,24.8,956.9,17.7,16.4,17.8
49,odroid4,170.0,175.0,173.0,173.0,174.0,175.0,173.0
50,rpi-8c,13.6,2089.2,19.6,19.1,422.1,19.3,18.8
51,odroid4,171.0,176.0,1.0,179.0,14.0,322.0,339.0
52,rpi-4a,15.3,16.6,1373.9,18.1,19.4,18.6,17.9
53,rpi-8a,216.6,629.9,15.6,433.4,16.0,232.8,233.5
54,rpi-8a,229.3,433.1,15.7,233.1,233.3,433.4,16.5
55,odroid2,168.0,185.0,157.0,172.0,169.0,169.0,168.0
56,odroid3,169.0,170.0,171.0,172.0,172.0,172.0,163.0
57,rpi-8a,229.6,433.0,16.6,233.1,232.3,233.3,433.3
58,rpi-8b,229.5,434.1,15.6,233.2,233.4,233.0,433.3
59,odroid3,169.0,173.0,167.0,173.0,170.0,170.0,168.0
60,rpi-4a,15.9,1382.9,410.9,17.8,16.7,18.1,18.2
61,odroid3,169.0,171.0,170.0,170.0,171.0,172.0,166.0
62,rpi-8b,227.6,230.5,232.9,450.8,16.5,232.9,231.2
63,rpi-8a,227.9,232.9,233.4,16.1,216.4,617.1,16.7
64,odroid3,166.0,172.0,169.0,170.0,172.0,171.0,165.0
65,rpi-8c,14.3,18.5,136.4,17.8,56.3,32.1,1996.2
66,rpi-8d,18.1,18.2,954.4,837.3,22.0,17.6,19.4
67,odroid3,168.0,170.0,169.0,173.0,171.0,171.0,168.0
68,odroid2,163.0,180.0,157.0,171.0,169.0,172.0,169.0
69,rpi-8b,448.2,27.3,32.2,200.2,216.5,216.8,199.9
70,rpi-4a,17.0,1584.9,22.0,16.0,20.3,17.0,18.0
71,odroid2,166.0,189.0,154.0,171.0,169.0,11.0,167.0
72,rpi-8b,229.4,236.4,31.6,199.7,217.1,199.6,634.5
73,rpi-4a,15.0,16.0,807.7,18.5,18.3,18.6,17.1
74,rpi-8d,17.6,12.8,16.5,17.2,780.5,18.0,16.9
75,rpi-8a,232.2,230.6,433.3,16.4,233.4,16.2,216.6
76,rpi-8b,15.7,22.9,636.6,28.7,234.7,232.0,451.1
77,odroid4,170.0,174.0,173.0,174.0,173.0,174.0,174.0
78,rpi-8c,15.3,20.8,1654.7,16.0,17.9,17.6,17.7
79,rpi-8b,13.9,22.4,418.5,233.2,232.7,449.7,17.0
80,odroid1,165.0,170.0,166.0,13.0,153.0,335.0,168.0
81,odroid2,167.0,187.0,156.0,170.0,169.0,17.0,166.0
82,odroid2,180.0,171.0,157.0,170.0,168.0,171.0,170.0
83,rpi-8d,16.3,17.5,1168.2,629.0,18.2,18.6,18.2
84,rpi-8b,227.1,233.9,29.7,200.2,216.2,417.7,233.0
85,rpi-8a,418.9,226.9,433.4,16.4,233.1,433.5,16.3
86,odroid1,164.0,169.0,169.0,166.0,168.0,168.0,165.0
87,rpi-8d,15.2,149.9,837.1,17.2,18.0,18.5,18.2
88,rpi-8b,227.7,449.4,31.0,233.8,233.1,451.0,15.0
89,odroid4,172.0,173.0,175.0,174.0,173.0,173.0,172.0
90,odroid2,164.0,194.0,153.0,169.0,169.0,168.0,14.0
91,odroid1,154.0,334.0,166.0,166.0,168.0,167.0,168.0
92,rpi-8c,14.9,15.3,1612.6,14.5,18.1,198.6,16.7
93,odroid1,166.0,168.0,166.0,15.0,150.0,333.0,167.0
94,rpi-8a,228.9,16.4,214.9,417.0,233.2,16.5,216.2
95,rpi-8a,431.2,15.9,232.0,233.1,233.5,433.4,16.5
96,rpi-8a,228.9,233.0,432.6,17.0,232.5,217.0,16.6
97,rpi-8d,16.8,16.6,337.3,15.5,16.4,69.2,103.5
98,odroid3,167.0,170.0,170.0,171.0,172.0,169.0,164.0
99,odroid4,171.0,173.0,173.0,172.0,172.0,173.0,174.0
100,rpi-8c,17.0,18.5,1626.1,17.1,19.5,20.3,18.5
101,rpi-8a,17.2,10.7,215.2,216.3,216.6,199.8,417.1
102,odroid2,165.0,186.0,154.0,170.0,171.0,172.0,169.0
103,rpi-8b,226.9,449.5,32.1,234.1,232.8,449.8,15.4
104,rpi-8b,425.2,16.0,232.7,233.2,233.0,216.9,233.5
105,rpi-8b,225.0,233.6,232.6,433.2,16.3,233.2,216.7
106,odroid1,165.0,168.0,167.0,167.0,166.0,167.0,168.0
107,rpi-4a,16.3,21.6,975.5,423.1,16.7,19.9,19.2
108,odroid1,163.0,168.0,165.0,3.0,163.0,5.0,325.0
109,rpi-8c,14.7,15.8,772.3,15.3,17.2,596.1,1050.7
110,odroid1,164.0,169.0,166.0,165.0,167.0,166.0,168.0
111,odroid4,171.0,171.0,174.0,174.0,174.0,173.0,172.0
112,rpi-8c,1486.4,1248.8,17.8,16.4,17.2,17.5,17.4
113,rpi-8b,228.7,232.8,448.7,32.0,15.7,216.7,216.5
114,odroid1,164.0,166.0,169.0,167.0,166.0,167.0,167.0
115,rpi-8b,230.7,433.1,16.6,232.5,433.5,16.7,233.0
116,rpi-8b,228.0,231.6,451.0,31.7,15.3,217.1,216.3
117,rpi-4a,15.7,17.7,1162.7,422.6,16.8,19.2,19.4
118,rpi-8a,216.5,412.1,233.3,232.4,216.8,433.5,16.6
119,rpi-8d,370.9,420.5,16.3,16.7,17.2,16.8,17.0
120,odroid1,164.0,169.0,166.0,16.0,151.0,335.0,165.0
121,rpi-8a,41.4,16.3,642.8,22.4,230.9,450.0,33.1
122,rpi-8b,227.3,234.3,449.1,31.4,233.1,233.3,433.3
123,rpi-8b,13.5,232.5,233.2,432.6,16.5,233.2,233.3
124,odroid1,8.0,159.0,4.0,328.0,9.0,323.0,331.0
125,odroid1,327.0,9.0,321.0,332.0,166.0,167.0,170.0
126,rpi-8a,430.5,12.2,434.2,15.5,233.8,432.9,16.6
127,odroid3,168.0,170.0,171.0,171.0,173.0,168.0,166.0
128,rpi-8b,445.2,32.2,231.1,234.8,231.3,451.0,16.0
129,odroid3,166.0,168.0,170.0,169.0,167.0,171.0,168.0
130,rpi-8b,227.9,14.0,216.8,216.2,632.9,15.4,233.7
131,rpi-8d,14.3,22.8,105.2,85.8,10.1,49.8,54.7
132,odroid1,165.0,166.0,168.0,167.0,167.0,166.0,167.0
133,odroid1,165.0,170.0,168.0,166.0,168.0,166.0,169.0
134,odroid2,166.0,186.0,11.0,150.0,350.0,166.0,167.0
135,rpi-8c,25.9,13.2,2331.1,21.9,15.9,65.8,77.8
136,odroid3,167.0,171.0,169.0,169.0,169.0,167.0,167.0
137,odroid1,164.0,169.0,166.0,17.0,152.0,333.0,166.0
138,rpi-8b,15.0,11.4,14.1,413.6,432.7,232.6,433.2
139,rpi-4a,18.6,17.6,1384.6,20.2,224.1,19.2,18.3
140,odroid2,167.0,184.0,5.0,167.0,333.0,167.0,167.0
141,odroid1,165.0,168.0,168.0,168.0,168.0,167.0,168.0
142,rpi-8d,16.0,16.9,1805.0,22.6,16.3,18.3,19.5
143,odroid2,180.0,175.0,157.0,170.0,169.0,12.0,166.0
144,rpi-8d,777.3,630.0,15.1,16.9,17.0,17.0,15.9
145,rpi-8c,74.7,83.8,65.4,68.1,32.2,67.7,23.1
146,odroid1,167.0,166.0,166.0,166.0,168.0,8.0,159.0
147,rpi-8a,229.8,232.8,232.1,433.3,16.6,233.0,233.2
148,odroid1,165.0,168.0,167.0,167.0,169.0,165.0,166.0
149,rpi-8a,229.6,433.1,16.4,233.4,16.3,216.5,617.2
150,odroid1,165.0,168.0,167.0,168.0,168.0,166.0,165.0
151,rpi-8d,20.2,17.8,20.1,730.3,19.9,19.7,19.9
152,odroid2,164.0,181.0,153.0,171.0,11.0,166.0,333.0
153,rpi-4a,16.6,19.2,781.6,208.6,18.6,18.2,819.8
154,odroid3,169.0,171.0,168.0,172.0,170.0,171.0,168.0
155,odroid2,181.0,173.0,156.0,169.0,169.0,168.0,14.0
156,rpi-4a,12.3,18.0,1157.4,17.2,832.5,19.4,15.5
157,odroid2,164.0,186.0,156.0,170.0,170.0,171.0,169.0
158,rpi-4a,42.0,1556.3,21.6,16.2,18.7,19.2,18.8
159,odroid4,173.0,174.0,173.0,173.0,173.0,174.0,174.0
160,odroid2,164.0,179.0,158.0,170.0,172.0,169.0,169.0
161,rpi-8b,14.0,235.3,232.9,450.2,16.0,234.2,231.4
162,odroid3,165.0,165.0,168.0,164.0,169.0,166.0,165.0
163,rpi-8a,16.4,215.2,412.9,233.2,433.2,16.4,232.6
164,odroid4,169.0,174.0,172.0,174.0,173.0,173.0,175.0
165,rpi-8b,16.2,13.0,6.5,858.3,30.2,30.5,216.4
166,rpi-8a,200.4,429.0,233.2,432.8,16.4,233.3,233.2
167,rpi-8d,158.5,636.3,20.4,21.4,22.1,22.0,24.0
168,rpi-8b,228.9,232.2,232.8,450.1,17.0,232.2,15.1
169,odroid4,170.0,175.0,174.0,175.0,173.0,173.0,173.0
170,rpi-8d,23.2,128.0,1658.3,14.6,16.3,16.6,16.6
171,odroid3,166.0,170.0,169.0,168.0,169.0,170.0,169.0
172,rpi-4a,13.8,991.6,623.8,12.4,221.7,15.1,17.2
173,rpi-8c,73.0,1653.4,383.5,18.3,17.6,18.6,18.1
174,rpi-8c,16.3,19.0,1627.4,15.7,19.7,20.8,17.8
175,rpi-8d,18.1,21.8,18.2,1158.7,20.1,19.6,20.9
176,odroid2,163.0,183.0,167.0,167.0,166.0,167.0,166.0
177,odroid2,163.0,179.0,156.0,170.0,170.0,170.0,169.0
178,rpi-8c,15.6,17.9,134.7,18.5,65.1,32.1,86.3
179,odroid3,161.0,170.0,170.0,172.0,169.0,171.0,166.0
180,odroid4,170.0,174.0,174.0,172.0,173.0,172.0,175.0
181,odroid3,170.0,170.0,168.0,169.0,170.0,171.0,166.0
182,rpi-8b,425.5,15.5,232.7,232.8,233.4,433.1,16.6
183,odroid1,165.0,169.0,168.0,13.0,155.0,332.0,169.0
184,odroid3,169.0,171.0,169.0,171.0,171.0,171.0,167.0
185,rpi-4a,22.1,16.0,769.9,423.0,17.0,19.4,617.7
186,rpi-8c,14.5,15.6,1168.4,418.8,16.4,16.5,17.0
187,rpi-8a,230.3,231.5,233.6,233.0,433.5,14.8,433.5
188,rpi-8c,2275.2,17.4,18.6,591.2,17.8,19.5,19.7
189,odroid3,166.0,169.0,170.0,169.0,170.0,169.0,170.0
190,odroid3,170.0,172.0,169.0,171.0,170.0,170.0,166.0
191,rpi-4a,14.8,783.2,210.3,18.7,17.2,819.9,219.7
192,odroid4,169.0,174.0,173.0,173.0,172.0,171.0,174.0
193,odroid2,165.0,187.0,154.0,172.0,172.0,170.0,169.0
194,rpi-4a,803.4,206.2,13.1,19.3,19.3,17.1,16.5
195,odroid4,172.0,173.0,176.0,173.0,174.0,172.0,171.0
196,rpi-8b,230.5,432.6,16.8,233.2,433.9,16.1,233.1
197,rpi-8b,445.8,32.3,31.0,199.5,216.4,216.3,618.0
198,rpi-8a,214.1,415.6,232.9,232.3,434.3,15.5,234.1
199,odroid3,165.0,172.0,167.0,173.0,173.0,173.0,165.0
200,odroid4,171.0,173.0,172.0,171.0,172.0,174.0,173.0
201,odroid4,170.0,175.0,175.0,173.0,172.0,175.0,173.0
202,odroid2,164.0,175.0,156.0,172.0,170.0,9.0,167.0
203,rpi-8d,17.3,19.4,17.9,773.1,18.6,18.8,21.1
204,rpi-8a,15.0,233.7,228.0,433.6,16.4,232.9,233.2
205,odroid3,167.0,170.0,170.0,167.0,169.0,169.0,170.0
206,odroid1,164.0,169.0,167.0,167.0,168.0,166.0,167.0
207,odroid3,168.0,171.0,171.0,171.0,173.0,171.0,166.0
208,rpi-8b,12.5,235.7,232.7,232.3,434.6,15.3,233.7
209,odroid2,168.0,193.0,11.0,149.0,334.0,167.0,168.0
210,odroid2,164.0,178.0,157.0,171.0,172.0,171.0,171.0
211,rpi-8c,14.0,17.8,36.1,61.4,30.4,63.9,31.6
212,rpi-8b,227.7,232.5,448.4,32.0,234.1,233.0,450.6
213,odroid3,167.0,167.0,169.0,169.0,169.0,168.0,169.0
214,rpi-8b,227.2,230.7,234.7,232.6,232.2,233.0,450.2
215,odroid3,168.0,170.0,169.0,172.0,171.0,172.0,165.0
216,odroid3,164.0,170.0,172.0,170.0,168.0,168.0,167.0
217,rpi-4a,16.8,18.9,973.2,632.0,21.6,16.6,17.3
218,rpi-8b,230.0,233.3,233.0,433.1,17.2,233.2,233.5
219,rpi-8c,13.3,18.5,981.2,13.9,183.6,632.6,16.4
220,odroid4,171.0,175.0,175.0,173.0,173.0,171.0,175.0
221,rpi-8c,17.0,52.4,50.6,1700.3,19.4,19.0,18.6
222,odroid2,167.0,188.0,154.0,170.0,169.0,168.0,14.0
223,odroid4,171.0,173.0,174.0,175.0,172.0,172.0,173.0
224,odroid2,164.0,181.0,156.0,172.0,8.0,166.0,335.0
225,odroid4,169.0,175.0,173.0,173.0,174.0,171.0,173.0
226,odroid2,164.0,181.0,159.0,172.0,168.0,170.0,183.0
227,rpi-8c,953.3,19.0,17.4,18.1,18.4,978.9,16.3
228,rpi-8d,14.9,16.9,351.9,1467.6,17.1,17.4,17.1
229,odroid4,171.0,173.0,172.0,175.0,172.0,171.0,173.0
230,rpi-8d,14.6,14.7,17.1,16.4,1200.9,16.7,16.7
231,odroid2,167.0,190.0,8.0,150.0,349.0,167.0,166.0
232,odroid1,164.0,168.0,166.0,166.0,169.0,167.0,167.0
233,odroid4,170.0,174.0,175.0,202.0,146.0,173.0,173.0
234,rpi-8b,229.6,453.8,31.5,233.2,233.6,452.6,13.9
235,rpi-8c,915.4,17.8,19.6,17.8,18.3,2253.9,15.3
236,rpi-4a,22.3,18.2,799.1,21.2,17.4,19.7,19.5
237,odroid2,165.0,186.0,152.0,170.0,168.0,171.0,168.0
238,odroid2,164.0,188.0,154.0,170.0,171.0,169.0,170.0
239,odroid4,171.0,173.0,175.0,173.0,173.0,175.0,172.0
240,odroid1,165.0,168.0,166.0,16.0,152.0,329.0,166.0
241,rpi-8c,9.8,628.7,224.6,10.0,448.5,17.8,14.4
242,rpi-8c,16.4,19.7,16.2,32.6,31.8,99.8,48.3
243,rpi-8d,12.2,1370.5,208.6,17.5,17.0,16.5,17.7
244,rpi-4a,602.9,405.3,16.2,20.6,17.2,17.5,17.5
245,rpi-8b,230.2,233.3,452.6,15.3,232.9,234.0,232.9
246,odroid1,164.0,167.0,168.0,166.0,168.0,169.0,167.0
247,rpi-4a,13.9,23.4,970.4,632.0,23.1,18.8,21.6
248,rpi-8c,1409.0,15.3,16.0,18.6,16.1,16.9,18.4
249,odroid1,165.0,167.0,166.0,167.0,165.0,168.0,167.0
250,rpi-8a,229.6,433.1,15.7,233.0,233.3,233.0,216.1
251,odroid4,172.0,174.0,191.0,165.0,174.0,347.0,32.0
252,odroid3,169.0,169.0,170.0,169.0,169.0,168.0,167.0
253,rpi-4a,15.2,16.8,1169.8,629.6,17.5,16.0,17.1
254,rpi-4a,396.2,217.5,20.9,19.6,20.3,20.0,20.5
255,rpi-8c,34.2,79.0,2004.5,15.5,16.3,17.8,15.3
256,odroid2,168.0,188.0,157.0,171.0,170.0,168.0,13.0
257,rpi-8d,14.1,18.9,954.6,834.9,20.4,20.3,20.2
258,rpi-4a,18.0,16.7,798.7,16.8,16.9,16.9,17.5
259,odroid1,166.0,168.0,168.0,166.0,169.0,167.0,167.0
260,odroid1,166.0,167.0,169.0,168.0,167.0,167.0,168.0
261,rpi-4a,788.5,424.6,19.4,20.2,20.3,19.9,20.3
262,rpi-8d,20.6,22.6,19.6,21.1,951.4,20.2,20.7
263,rpi-8a,233.7,27.6,216.4,198.9,444.7,29.2,213.1
264,odroid4,170.0,173.0,175.0,173.0,174.0,174.0,176.0
265,rpi-8c,15.6,97.0,60.2,64.0,30.8,113.9,18.1
266,odroid4,170.0,173.0,176.0,173.0,172.0,174.0,173.0
267,rpi-8a,234.3,428.0,15.4,233.4,233.4,434.1,15.9
268,rpi-8d,15.2,16.4,17.0,19.1,757.8,18.4,16.1
269,rpi-8d,15.9,17.3,142.8,1270.1,15.7,17.3,15.6
270,odroid4,173.0,173.0,174.0,176.0,173.0,173.0,174.0
271,odroid3,162.0,167.0,168.0,165.0,167.0,166.0,167.0
272,rpi-4a,15.1,16.7,1167.9,630.4,17.0,16.5,17.5
273,rpi-8b,12.7,15.4,207.9,217.3,215.5,416.8,433.7
274,odroid3,168.0,173.0,171.0,173.0,171.0,170.0,166.0
275,odroid1,164.0,167.0,165.0,168.0,166.0,169.0,167.0
276,odroid2,168.0,190.0,9.0,150.0,350.0,167.0,166.0
277,odroid3,166.0,172.0,169.0,171.0,172.0,173.0,166.0
278,odroid2,164.0,186.0,160.0,171.0,169.0,13.0,167.0
279,odroid1,165.0,168.0,169.0,13.0,153.0,333.0,167.0
280,rpi-8b,413.5,235.8,232.8,450.0,15.9,232.9,232.2
281,odroid1,164.0,167.0,168.0,15.0,153.0,330.0,165.0
282,odroid2,168.0,187.0,156.0,171.0,168.0,13.0,166.0
283,odroid4,333.0,11.0,182.0,183.0,332.0,17.0,165.0
284,odroid3,168.0,170.0,170.0,169.0,170.0,170.0,169.0
285,odroid4,171.0,172.0,173.0,177.0,173.0,173.0,172.0
286,rpi-8b,12.7,232.4,232.5,433.3,16.6,233.5,233.2
287,odroid1,166.0,170.0,166.0,166.0,168.0,167.0,168.0
288,rpi-8c,100.2,63.8,47.7,170.6,62.6,31.4,120.3
289,odroid1,166.0,168.0,167.0,165.0,169.0,167.0,169.0
290,rpi-8b,411.3,249.9,435.8,246.9,30.8,249.7,233.8
291,rpi-8b,226.6,431.4,16.5,233.1,233.2,433.7,16.4
292,odroid3,167.0,170.0,169.0,171.0,170.0,168.0,170.0
293,odroid2,167.0,191.0,154.0,172.0,171.0,171.0,8.0
294,odroid1,163.0,168.0,168.0,168.0,167.0,166.0,169.0
295,odroid4,5.0,202.0,11.0,314.0,4.0,312.0,366.0
296,odroid4,173.0,174.0,175.0,171.0,174.0,173.0,172.0
297,rpi-8a,15.6,430.5,14.1,433.1,16.5,233.2,233.3
298,odroid2,164.0,176.0,154.0,172.0,168.0,12.0,166.0
299,odroid1,165.0,167.0,167.0,17.0,150.0,329.0,168.0
300,odroid3,164.0,164.0,167.0,164.0,167.0,167.0,166.0
301,rpi-4a,16.0,18.5,1171.5,631.2,22.1,20.4,19.9
302,odroid1,166.0,168.0,167.0,166.0,167.0,168.0,167.0
303,rpi-8b,13.3,231.8,433.4,16.2,233.2,232.8,433.2
304,odroid4,170.0,174.0,176.0,173.0,174.0,175.0,174.0
305,rpi-8c,101.3,759.7,18.7,23.2,15.9,2290.3,25.5
306,rpi-8d,15.0,16.8,1636.0,14.9,17.5,17.2,17.3
307,rpi-4a,17.2,15.7,1379.5,212.4,16.8,19.7,20.8
308,rpi-8b,15.2,224.5,234.5,448.9,31.5,450.9,15.9
309,rpi-4a,17.0,1371.2,204.6,17.8,19.9,21.1,19.6
310,odroid1,164.0,168.0,168.0,168.0,167.0,166.0,168.0
311,rpi-8a,229.9,16.0,216.4,199.7,216.5,633.9,16.4
312,rpi-8b,230.3,16.6,216.2,199.9,417.0,433.3,16.6
313,odroid3,165.0,172.0,168.0,171.0,174.0,170.0,167.0
314,rpi-8d,18.3,16.2,20.6,16.8,1002.3,17.0,16.8
315,rpi-8b,13.4,432.6,16.8,232.8,233.2,232.2,433.4
316,odroid4,168.0,173.0,175.0,173.0,172.0,174.0,173.0
317,odroid4,171.0,172.0,174.0,175.0,175.0,174.0,175.0
318,odroid1,165.0,169.0,166.0,168.0,167.0,166.0,169.0
319,odroid1,165.0,170.0,165.0,167.0,168.0,166.0,167.0
320,odroid2,164.0,178.0,152.0,169.0,169.0,169.0,13.0
321,odroid3,168.0,171.0,171.0,168.0,168.0,170.0,168.0
322,odroid2,164.0,183.0,155.0,170.0,172.0,171.0,169.0
323,rpi-8d,14.4,17.2,1620.7,18.3,18.5,19.2,15.2
324,odroid2,167.0,187.0,157.0,172.0,171.0,172.0,171.0
325,rpi-8b,208.9,217.1,418.0,232.9,449.4,16.1,233.2
326,rpi-8b,15.4,226.7,230.8,450.3,31.4,234.1,450.2
327,odroid3,168.0,171.0,169.0,172.0,171.0,171.0,166.0
328,rpi-8c,951.0,17.4,17.8,1858.9,18.3,18.3,17.4
329,rpi-4a,17.0,1045.0,20.6,18.4,20.1,20.4,20.8
330,rpi-8d,16.9,18.3,69.7,1526.0,17.8,19.5,18.6
331,rpi-4a,16.4,594.2,425.2,20.1,22.2,19.2,19.7
332,rpi-8d,37.6,53.8,474.1,16.6,25.1,56.1,2429.7
333,odroid4,172.0,174.0,174.0,172.0,172.0,174.0,173.0
334,rpi-8b,17.2,9.7,229.7,199.0,416.6,232.9,450.5
335,odroid3,169.0,171.0,169.0,171.0,171.0,172.0,166.0
336,rpi-4a,16.4,1183.8,201.7,17.2,17.6,832.0,17.8
337,odroid1,163.0,167.0,166.0,167.0,167.0,166.0,169.0
338,rpi-8b,227.2,449.1,32.1,231.9,450.6,16.2,233.0
339,odroid4,170.0,173.0,175.0,174.0,174.0,172.0,172.0
340,odroid3,165.0,167.0,168.0,167.0,166.0,166.0,167.0
341,odroid2,166.0,187.0,1.0,169.0,14.0,316.0,351.0
342,odroid2,164.0,182.0,153.0,173.0,8.0,166.0,351.0
343,odroid1,166.0,168.0,168.0,166.0,168.0,168.0,166.0
344,rpi-8b,230.1,233.1,233.3,433.2,16.4,233.3,233.5
345,odroid4,170.0,174.0,175.0,174.0,174.0,173.0,172.0
346,rpi-8a,413.7,231.6,434.4,15.5,233.9,433.7,15.4
347,rpi-8c,15.1,15.1,16.9,1361.8,17.0,20.9,16.3
348,rpi-8a,429.7,23.7,8.3,216.6,215.9,216.6,417.1
349,rpi-8b,225.6,16.4,233.1,400.0,232.8,234.2,451.4
350,rpi-8c,16.3,139.1,1051.1,16.7,16.5,16.5,16.5
351,rpi-4a,15.0,983.6,632.4,16.8,16.0,427.0,406.4
352,odroid2,180.0,171.0,159.0,168.0,171.0,169.0,10.0
353,odroid3,168.0,172.0,169.0,173.0,171.0,171.0,167.0
354,odroid2,167.0,186.0,17.0,149.0,334.0,166.0,168.0
355,rpi-8c,93.5,2015.9,18.3,447.6,17.0,15.7,16.9
356,rpi-8c,1178.5,21.2,21.3,16.1,17.9,19.5,19.6
357,odroid4,173.0,172.0,175.0,173.0,174.0,175.0,172.0
358,rpi-8a,431.1,15.2,232.2,233.3,16.3,216.5,617.1
359,rpi-8d,21.2,17.0,17.7,1159.9,21.0,19.1,20.9
360,rpi-8c,16.0,18.7,1190.7,20.2,18.4,19.1,15.4
361,rpi-8c,62.4,2433.2,17.3,19.9,17.0,18.5,18.6
362,odroid3,168.0,172.0,170.0,172.0,172.0,171.0,167.0
363,odroid1,165.0,167.0,167.0,15.0,152.0,332.0,168.0
364,rpi-8c,16.6,335.4,18.3,61.2,67.8,61.8,37.8
365,odroid3,162.0,166.0,168.0,166.0,167.0,165.0,166.0
366,rpi-8b,227.0,450.4,31.5,232.7,232.4,451.0,15.3
367,rpi-8d,17.8,18.0,117.6,1258.4,17.6,18.1,19.9
368,odroid3,14.0,168.0,171.0,336.0,18.0,163.0,186.0
369,odroid3,169.0,173.0,169.0,174.0,169.0,172.0,166.0
370,rpi-4a,807.9,202.9,18.9,21.0,20.9,20.8,19.0
371,rpi-8c,15.6,14.4,1020.0,8.7,17.6,16.3,16.4
372,odroid1,163.0,168.0,167.0,165.0,167.0,169.0,168.0
373,rpi-8b,15.6,18.1,635.7,15.1,233.7,432.7,17.6
374,odroid1,164.0,169.0,167.0,168.0,167.0,165.0,166.0
375,odroid4,171.0,173.0,175.0,173.0,173.0,174.0,174.0
376,rpi-8b,15.3,230.7,232.2,433.4,16.8,232.4,233.4
377,odroid1,165.0,169.0,167.0,166.0,166.0,165.0,168.0
378,rpi-8c,17.1,15.9,16.3,17.2,1974.1,17.3,24.9
379,rpi-8c,16.6,37.0,1862.7,19.9,17.2,19.7,15.5
380,rpi-8d,20.7,17.0,142.2,838.3,19.9,19.0,19.2
381,rpi-8a,228.4,233.0,433.2,16.6,433.3,16.7,232.9
382,rpi-8b,13.5,235.9,233.1,451.6,13.9,233.0,233.7
383,odroid4,170.0,176.0,174.0,172.0,173.0,175.0,172.0
384,rpi-8b,227.6,230.0,231.7,217.1,233.3,232.7,233.1
385,rpi-8a,431.2,12.8,231.2,233.2,433.3,16.7,232.6
386,odroid2,169.0,182.0,156.0,170.0,170.0,168.0,170.0
387,rpi-8b,230.6,433.3,233.1,16.6,233.1,433.4,17.1
388,rpi-8d,21.3,17.0,18.1,1385.1,20.0,19.4,22.1
389,rpi-8b,430.5,16.7,235.1,232.9,450.0,15.9,233.4
390,rpi-4a,1209.2,19.4,229.5,16.3,18.3,18.5,18.2
391,rpi-8b,17.5,13.7,444.1,230.6,450.3,31.3,233.4
392,odroid3,167.0,171.0,168.0,172.0,169.0,169.0,168.0
393,rpi-8d,19.1,17.5,1587.5,14.6,19.9,19.7,19.7
394,rpi-8b,230.7,232.7,449.4,32.9,234.2,232.3,232.3
395,rpi-8d,16.3,17.2,16.5,16.8,15.5,17.6,553.9
396,odroid4,171.0,173.0,173.0,175.0,173.0,174.0,174.0
397,rpi-8a,195.6,433.2,233.1,433.3,16.5,233.1,233.2
398,rpi-8a,432.7,15.6,230.7,233.0,233.3,433.3,16.9
399,rpi-8c,441.0,16.1,18.2,25.7,93.9,1734.7,17.0
400,rpi-8a,234.1,228.4,433.3,16.4,233.3,233.3,433.2
401,rpi-8a,14.9,15.5,216.1,212.3,200.0,216.5,417.1
402,odroid1,165.0,169.0,166.0,165.0,167.0,169.0,168.0
403,rpi-8a,232.1,196.5,233.4,16.2,216.5,200.0,216.5
404,rpi-8d,20.1,18.8,19.9,1382.3,20.1,20.9,20.4
405,odroid4,170.0,173.0,173.0,172.0,174.0,173.0,173.0
406,odroid4,169.0,173.0,176.0,173.0,173.0,173.0,178.0
407,odroid2,163.0,177.0,155.0,171.0,168.0,12.0,166.0
408,rpi-8b,13.0,444.7,30.1,450.8,32.2,233.2,450.1
409,odroid4,169.0,173.0,173.0,172.0,173.0,173.0,174.0
410,rpi-8d,17.7,16.5,338.7,1261.1,16.5,17.5,17.6
411,rpi-8c,5.0,1686.1,19.1,15.1,1018.8,20.8,19.8
412,rpi-4a,789.0,205.1,16.0,17.1,17.5,17.3,17.7
413,rpi-8c,15.5,16.6,779.1,14.5,615.3,15.9,17.7
414,rpi-8c,1791.6,16.4,17.5,18.4,20.7,17.5,16.3
415,rpi-4a,605.3,18.3,21.7,26.2,174.0,176.7,16.2
416,odroid3,167.0,169.0,170.0,170.0,168.0,171.0,167.0
417,odroid2,168.0,187.0,156.0,171.0,170.0,172.0,167.0
418,rpi-8a,14.4,234.8,227.9,233.3,233.3,433.5,15.4
419,rpi-8a,16.3,12.8,220.3,210.9,199.9,216.4,417.1
420,rpi-8b,196.5,216.6,416.8,232.9,433.4,16.9,433.1
421,rpi-8a,213.5,415.4,233.6,431.8,16.2,233.3,233.3
422,rpi-8c,16.2,22.7,40.1,73.9,9.6,100.0,100.4
423,rpi-4a,14.5,16.9,1372.4,418.3,16.1,18.1,17.2
424,rpi-4a,14.1,18.1,975.8,631.0,19.2,15.7,17.9
425,rpi-8d,34.8,87.6,1679.4,20.1,21.3,21.1,20.6
426,rpi-4a,884.2,20.1,21.6,19.3,34.2,60.7,50.4
427,rpi-8b,425.8,14.7,233.3,233.3,233.4,433.2,17.0
428,odroid1,166.0,167.0,168.0,165.0,168.0,168.0,167.0
429,rpi-4a,17.4,19.7,997.1,18.9,16.2,17.8,17.6
430,odroid3,163.0,165.0,167.0,167.0,164.0,167.0,167.0
431,rpi-8b,226.8,233.2,15.5,216.5,216.2,417.8,448.7
432,rpi-8b,230.2,433.6,16.2,233.4,233.5,16.4,216.3
433,rpi-8b,230.1,233.2,233.0,433.3,16.6,233.1,433.5
434,odroid1,165.0,168.0,169.0,166.0,165.0,168.0,167.0
435,rpi-8a,17.3,214.4,212.8,416.3,233.2,433.7,16.3
436,rpi-8c,13.9,23.6,14.5,80.6,14.8,104.7,112.3
437,rpi-8a,229.2,200.0,16.1,216.7,199.9,216.5,417.0
438,odroid2,166.0,187.0,4.0,167.0,333.0,166.0,167.0
439,odroid1,165.0,166.0,168.0,169.0,169.0,166.0,165.0
440,odroid2,164.0,187.0,156.0,169.0,172.0,171.0,172.0
441,odroid3,166.0,170.0,170.0,170.0,168.0,171.0,167.0
442,rpi-8c,79.6,45.8,140.4,43.6,56.9,30.6,124.0
443,odroid4,171.0,174.0,172.0,174.0,172.0,174.0,175.0
444,odroid4,11.0,172.0,172.0,346.0,11.0,174.0,346.0
445,rpi-8b,228.2,449.5,16.0,14.7,215.9,216.8,216.7
446,rpi-8c,138.8,127.0,31.3,267.0,10.5,16.8,16.2
447,odroid1,164.0,168.0,167.0,168.0,167.0,169.0,166.0
448,rpi-4a,15.9,17.7,1407.9,16.3,14.2,17.9,17.4
449,odroid4,170.0,172.0,175.0,171.0,173.0,175.0,174.0
450,odroid4,171.0,171.0,176.0,175.0,171.0,172.0,173.0
451,rpi-8a,431.1,12.7,433.4,16.3,232.2,233.3,233.3
452,rpi-4a,16.6,17.1,1408.3,19.1,17.3,22.8,16.1
453,odroid3,162.0,166.0,166.0,168.0,164.0,167.0,168.0
454,rpi-8b,431.4,15.6,233.4,232.8,433.4,16.6,232.8
455,rpi-8d,14.5,1400.6,15.3,16.9,17.9,17.5,17.4
456,odroid2,182.0,173.0,155.0,169.0,168.0,169.0,14.0
457,odroid4,172.0,175.0,174.0,174.0,172.0,174.0,171.0
458,odroid1,165.0,167.0,166.0,168.0,167.0,168.0,167.0
459,rpi-8d,16.0,15.5,20.1,16.4,969.1,16.8,16.8
460,rpi-4a,16.5,19.2,1177.9,629.5,20.9,18.8,20.6
461,odroid2,164.0,186.0,156.0,171.0,171.0,171.0,169.0
462,odroid1,165.0,167.0,166.0,166.0,8.0,158.0,330.0
463,odroid4,172.0,173.0,176.0,171.0,174.0,175.0,173.0
464,odroid4,172.0,172.0,173.0,173.0,173.0,174.0,174.0
465,odroid1,165.0,167.0,167.0,168.0,167.0,166.0,167.0
466,odroid1,165.0,167.0,168.0,167.0,169.0,165.0,167.0
467,rpi-8d,17.4,17.2,18.2,527.9,1275.4,19.2,19.6
468,odroid2,164.0,176.0,156.0,171.0,170.0,10.0,167.0
469,rpi-4a,17.6,19.5,971.6,640.8,24.8,22.3,19.9
470,rpi-8d,14.8,18.2,1581.8,18.9,17.8,17.8,17.4
471,odroid3,168.0,171.0,169.0,173.0,170.0,170.0,198.0
472,odroid3,167.0,171.0,168.0,174.0,171.0,171.0,165.0
473,rpi-8a,233.4,412.5,16.3,233.2,433.6,16.5,433.4
474,odroid2,180.0,167.0,166.0,167.0,166.0,183.0,166.0
475,odroid3,167.0,168.0,169.0,167.0,169.0,171.0,167.0
476,odroid2,165.0,189.0,156.0,171.0,168.0,171.0,169.0
477,rpi-8c,1890.6,225.3,17.2,16.8,17.1,16.6,44.6
478,rpi-4a,42.4,224.7,249.9,233.1,32.7,215.8,617.1
479,odroid1,166.0,168.0,8.0,158.0,333.0,167.0,166.0
480,rpi-8c,28.3,37.4,55.6,546.3,17.0,17.1,17.0
481,rpi-8a,229.1,232.9,232.8,216.8,233.5,233.1,433.3
482,rpi-8b,230.1,451.9,31.8,233.3,233.5,452.6,29.0
483,rpi-8a,434.8,13.4,230.0,233.1,433.5,16.7,433.5
484,odroid4,172.0,174.0,174.0,173.0,175.0,173.0,171.0
485,odroid4,171.0,173.0,175.0,172.0,173.0,173.0,175.0
486,rpi-8b,230.4,433.3,16.5,232.9,433.5,16.4,233.1
487,odroid4,170.0,173.0,174.0,174.0,174.0,184.0,167.0
488,odroid3,168.0,169.0,171.0,170.0,168.0,170.0,169.0
489,odroid1,165.0,169.0,168.0,168.0,169.0,169.0,166.0
490,odroid4,169.0,175.0,172.0,173.0,173.0,173.0,173.0
491,rpi-4a,14.7,17.0,18.8,1018.0,23.4,16.5,18.6
492,odroid2,181.0,180.0,153.0,168.0,171.0,11.0,166.0
493,rpi-8d,18.8,20.1,20.1,959.2,20.4,20.4,20.3
494,rpi-8a,13.3,235.1,228.8,232.6,434.1,16.3,233.3
495,odroid3,167.0,170.0,168.0,173.0,170.0,171.0,166.0
496,odroid4,170.0,175.0,174.0,172.0,173.0,171.0,174.0
497,rpi-8c,13.8,22.0,1385.3,16.3,16.3,16.7,16.4
498,odroid2,164.0,186.0,156.0,171.0,170.0,170.0,11.0
499,odroid1,164.0,168.0,167.0,15.0,153.0,331.0,166.0
500,odroid1,167.0,169.0,166.0,14.0,155.0,331.0,168.0
501,odroid4,170.0,173.0,175.0,172.0,174.0,171.0,171.0
502,rpi-8d,16.4,137.5,840.1,19.8,19.9,20.0,20.5
503,rpi-4a,15.2,16.1,812.5,18.5,16.6,16.8,16.7
504,odroid3,166.0,169.0,171.0,170.0,168.0,169.0,170.0
505,rpi-8c,18.7,22.9,30.7,1170.4,16.4,16.5,16.9
506,odroid4,171.0,172.0,175.0,172.0,174.0,171.0,174.0
507,odroid2,10.0,180.0,320.0,170.0,11.0,167.0,333.0
508,odroid1,166.0,168.0,165.0,167.0,168.0,169.0,165.0
509,odroid2,164.0,178.0,154.0,172.0,170.0,169.0,170.0
510,rpi-8a,228.0,233.1,233.1,233.3,433.5,16.6,233.0
511,odroid4,171.0,171.0,173.0,172.0,171.0,174.0,174.0
512,rpi-8b,231.0,230.6,232.9,450.2,16.5,449.9,16.1
513,rpi-8c,11.9,13.8,15.8,16.7,17.2,16.4,16.1
514,rpi-4a,15.2,18.6,1169.0,16.5,17.0,17.6,17.7
515,rpi-8a,227.8,232.9,233.3,433.4,16.8,232.9,233.2
516,rpi-8d,15.8,1615.5,16.5,15.6,17.8,18.0,19.4
517,rpi-8c,230.7,249.0,450.2,32.6,233.8,450.1,232.9
518,rpi-8c,91.2,73.6,150.2,88.1,111.9,104.0,31.3
519,rpi-8d,35.0,46.9,56.2,2049.7,19.2,19.8,19.2
520,rpi-8c,15.8,17.9,18.8,54.9,54.0,40.9,88.1
521,odroid1,166.0,168.0,167.0,165.0,168.0,169.0,167.0
522,odroid1,162.0,168.0,168.0,165.0,169.0,165.0,168.0
523,rpi-8c,16.7,25.6,39.6,73.8,23.1,100.2,959.4
524,odroid4,171.0,173.0,175.0,172.0,173.0,172.0,178.0
525,rpi-8a,217.3,212.1,199.9,216.5,633.3,16.3,233.4
526,rpi-8d,14.4,15.7,1591.1,27.2,15.1,632.6,19.0
527,odroid3,166.0,164.0,167.0,169.0,167.0,165.0,168.0
528,rpi-4a,605.0,407.5,15.9,17.7,18.0,17.9,18.0
529,rpi-8a,196.2,416.4,232.9,233.4,432.8,16.1,233.5
530,rpi-8d,11.2,16.3,1004.5,18.5,12.3,16.8,16.7
531,odroid3,169.0,171.0,171.0,171.0,171.0,170.0,167.0
532,rpi-8b,227.1,233.1,233.0,450.0,15.5,234.3,449.5
533,rpi-8d,18.6,20.0,37.7,1133.2,18.4,19.8,19.5
534,odroid4,171.0,175.0,173.0,172.0,172.0,175.0,174.0
535,rpi-8d,13.2,75.0,1688.1,19.0,20.5,18.2,19.0
536,odroid1,163.0,168.0,169.0,17.0,151.0,335.0,168.0
537,odroid3,164.0,167.0,167.0,166.0,167.0,167.0,166.0
538,odroid3,165.0,164.0,167.0,165.0,168.0,166.0,167.0
539,odroid1,165.0,166.0,169.0,166.0,167.0,167.0,167.0
540,rpi-4a,19.3,18.7,979.6,420.9,21.2,641.4,28.2
541,rpi-8a,232.2,229.2,216.7,233.1,233.2,233.3,433.3
542,rpi-4a,15.8,17.3,1168.7,629.7,21.6,15.6,17.1
543,odroid2,181.0,177.0,153.0,171.0,169.0,170.0,170.0
544,odroid2,165.0,188.0,156.0,170.0,168.0,1.0,187.0
545,rpi-8b,12.7,232.5,233.2,233.1,216.7,233.3,234.0
546,odroid2,163.0,189.0,153.0,171.0,169.0,170.0,167.0
547,rpi-8c,16.5,19.0,1567.9,17.3,18.9,20.5,17.2
548,rpi-4a,10.9,18.8,600.8,209.9,16.6,16.5,16.9
549,rpi-8a,417.1,228.3,433.5,16.2,233.3,16.3,216.5
550,odroid1,165.0,169.0,167.0,167.0,169.0,168.0,169.0
551,odroid3,167.0,171.0,167.0,173.0,173.0,170.0,166.0
552,odroid4,171.0,174.0,175.0,172.0,172.0,173.0,172.0
553,odroid1,165.0,166.0,168.0,167.0,167.0,167.0,168.0
554,odroid3,164.0,166.0,166.0,166.0,166.0,168.0,164.0
555,rpi-8d,18.7,19.5,540.3,1048.4,22.4,19.4,20.6
556,rpi-8d,582.1,418.9,16.6,16.6,16.9,17.2,63.7
557,odroid2,164.0,183.0,150.0,171.0,168.0,12.0,167.0
558,odroid4,2.0,8.0,592.0,137.0,115.0,219.0,209.0
559,rpi-8a,233.5,429.1,16.6,232.9,16.7,216.3,215.5
560,rpi-4a,15.2,1386.9,19.4,18.9,817.0,17.3,17.3
561,odroid4,171.0,174.0,174.0,172.0,172.0,172.0,172.0
562,odroid3,168.0,172.0,169.0,171.0,170.0,171.0,165.0
563,rpi-8a,229.8,232.3,233.3,232.2,433.5,16.5,233.5
564,rpi-4a,17.1,16.4,968.0,629.0,17.2,16.2,204.7
565,rpi-8d,18.0,20.1,18.6,1382.7,19.3,20.4,19.5
566,rpi-8d,19.2,611.9,17.3,17.8,56.2,2231.6,16.1
567,odroid4,172.0,174.0,176.0,174.0,173.0,174.0,171.0
568,odroid2,167.0,188.0,157.0,170.0,168.0,170.0,169.0
569,rpi-8c,95.0,1801.3,18.3,18.2,18.6,819.8,16.2
570,rpi-8b,225.7,233.4,233.2,232.7,233.0,450.6,16.1
571,rpi-8c,13.2,16.3,101.7,15.9,17.7,29.8,94.4
572,odroid4,171.0,173.0,174.0,175.0,171.0,174.0,176.0
573,rpi-8a,231.1,14.4,215.2,416.9,233.2,433.5,16.8
574,odroid4,171.0,172.0,174.0,175.0,174.0,175.0,174.0
575,odroid1,165.0,3.0,163.0,4.0,329.0,10.0,324.0
576,rpi-4a,16.8,17.5,983.0,631.5,20.0,18.3,19.6
577,rpi-8a,14.0,429.9,15.9,216.6,433.3,16.6,233.1
578,rpi-8b,12.1,222.9,232.4,433.5,16.5,232.7,233.3
579,rpi-8d,12.9,4.2,16.7,1012.8,15.9,15.9,16.0
580,odroid4,170.0,173.0,174.0,173.0,173.0,172.0,175.0
581,rpi-8c,67.3,769.3,18.4,18.5,18.7,66.4,2447.6
582,rpi-8d,20.5,15.5,983.2,16.4,17.1,18.2,17.7
583,odroid4,170.0,173.0,175.0,172.0,173.0,174.0,173.0
584,odroid3,167.0,170.0,170.0,170.0,170.0,171.0,168.0
585,rpi-8c,19.1,18.7,1778.2,18.0,17.4,17.9,18.0
586,rpi-8b,15.7,442.7,29.5,234.6,234.0,231.5,450.6
587,rpi-8b,223.8,199.5,232.5,233.1,233.4,17.0,416.6
588,rpi-8a,13.4,432.9,14.1,232.5,15.9,216.6,200.1
589,rpi-8d,19.2,21.2,19.5,958.5,21.1,19.9,20.8
590,odroid1,165.0,169.0,167.0,167.0,167.0,167.0,168.0
591,rpi-4a,15.6,16.3,977.4,630.5,16.2,16.1,17.9
592,odroid4,171.0,173.0,174.0,172.0,172.0,172.0,173.0
593,odroid1,164.0,167.0,167.0,168.0,168.0,167.0,167.0
594,rpi-8a,431.9,21.4,8.2,216.3,216.3,216.6,416.8
595,odroid2,168.0,186.0,12.0,150.0,334.0,183.0,166.0
596,rpi-8c,622.8,22.7,240.5,225.7,17.7,420.0,195.7
597,rpi-8c,22.8,20.0,20.2,14.7,584.6,18.7,19.0
598,odroid1,166.0,166.0,170.0,167.0,6.0,164.0,332.0
599,odroid4,170.0,173.0,175.0,170.0,173.0,174.0,174.0
600,odroid2,164.0,180.0,155.0,170.0,170.0,169.0,169.0
601,odroid1,165.0,169.0,168.0,165.0,166.0,166.0,168.0
602,rpi-8b,227.0,230.7,217.9,232.9,233.5,449.7,15.1
603,rpi-8a,16.7,231.4,228.4,233.2,433.4,16.7,233.0
604,odroid1,156.0,334.0,165.0,167.0,169.0,168.0,169.0
605,rpi-8b,12.4,232.0,233.0,433.4,16.4,233.3,433.4
606,rpi-8a,214.9,230.3,16.5,221.6,195.1,216.5,418.3
607,odroid1,165.0,167.0,167.0,166.0,167.0,166.0,169.0
608,rpi-8a,15.3,233.0,227.5,433.3,16.6,233.0,233.0
609,rpi-8a,417.1,228.6,233.3,433.2,16.4,433.5,16.6
610,rpi-8c,15.9,13.9,15.3,16.2,974.8,17.9,16.6
611,rpi-8d,17.7,17.6,1804.4,24.7,16.3,17.0,18.8
612,odroid3,169.0,172.0,169.0,172.0,171.0,172.0,164.0
613,rpi-8a,429.0,16.5,232.6,233.2,233.0,417.1,16.8
614,odroid3,167.0,167.0,171.0,168.0,170.0,167.0,168.0
615,rpi-8c,14.8,26.6,551.8,15.3,17.3,24.5,85.8
616,odroid4,170.0,174.0,173.0,173.0,173.0,176.0,172.0
617,rpi-4a,15.8,18.2,975.3,19.2,16.9,18.4,18.2
618,rpi-8b,226.2,32.9,200.1,216.3,216.6,400.3,232.6
619,rpi-8d,20.4,15.4,16.6,16.6,1208.3,18.7,18.9
620,odroid2,181.0,173.0,155.0,171.0,169.0,169.0,13.0
621,odroid4,171.0,175.0,174.0,173.0,172.0,172.0,173.0
622,rpi-8a,231.7,227.7,234.0,433.4,16.0,233.2,233.3
623,odroid3,168.0,170.0,169.0,172.0,170.0,170.0,166.0
624,rpi-8c,1361.3,20.6,16.1,1441.5,19.1,19.3,19.2
625,odroid3,166.0,173.0,168.0,171.0,172.0,172.0,164.0
626,odroid2,164.0,180.0,153.0,172.0,170.0,9.0,165.0
627,odroid2,167.0,186.0,3.0,169.0,13.0,316.0,333.0
628,odroid2,164.0,188.0,153.0,171.0,170.0,169.0,170.0
629,odroid3,167.0,172.0,171.0,173.0,171.0,171.0,167.0
630,rpi-4a,15.7,1604.5,21.3,16.6,16.6,17.8,18.2
631,rpi-8b,229.9,232.9,235.7,215.9,233.5,234.2,449.8
632,rpi-8c,26.9,22.4,768.7,419.0,442.9,23.2,16.7
633,rpi-4a,16.6,19.7,781.0,422.1,15.8,20.6,17.6
634,odroid4,171.0,174.0,176.0,171.0,176.0,173.0,173.0
635,rpi-8b,225.3,232.3,433.4,16.6,232.7,233.4,233.1
636,rpi-8c,50.5,373.1,18.8,73.7,82.2,34.4,2536.4
637,rpi-8a,17.9,229.7,429.1,15.4,434.5,16.1,15.8
638,rpi-8b,11.8,432.9,16.7,232.8,233.3,233.3,433.4
639,rpi-8a,15.2,229.5,15.3,216.2,199.8,433.7,232.9
640,odroid4,170.0,175.0,175.0,174.0,172.0,172.0,173.0
641,rpi-8a,433.1,13.2,232.6,233.9,232.9,432.2,16.5
642,rpi-8a,15.3,232.8,227.3,233.3,232.9,200.1,233.2
643,rpi-8c,31.8,630.5,17.7,17.9,39.2,55.4,2422.3
644,odroid2,13.0,173.0,323.0,170.0,170.0,12.0,166.0
645,odroid4,170.0,176.0,173.0,174.0,209.0,137.0,173.0
646,odroid2,164.0,182.0,156.0,170.0,9.0,166.0,334.0
647,odroid4,172.0,171.0,177.0,172.0,174.0,172.0,173.0
648,odroid4,184.0,184.0,185.0,189.0,174.0,168.0,172.0
649,rpi-4a,15.8,50.1,1134.4,633.0,17.2,16.2,18.0
650,odroid1,164.0,169.0,167.0,15.0,154.0,334.0,167.0
651,odroid2,163.0,174.0,157.0,169.0,171.0,10.0,166.0
652,rpi-8a,15.2,229.5,231.4,433.5,16.6,232.9,433.0
653,odroid2,168.0,187.0,159.0,172.0,169.0,171.0,172.0
654,rpi-8b,25.7,231.1,233.3,232.9,450.6,16.4,232.8
655,rpi-8d,18.9,21.2,19.9,966.9,22.5,22.3,20.3
656,rpi-8b,213.7,199.8,215.7,218.8,216.7,199.6,417.2
657,rpi-8a,213.1,416.5,233.1,433.6,16.8,233.1,16.3
658,odroid2,163.0,191.0,153.0,171.0,170.0,15.0,166.0
659,odroid3,163.0,167.0,168.0,166.0,167.0,167.0,165.0
660,rpi-4a,15.8,20.0,971.6,631.4,20.4,16.3,20.0
661,rpi-4a,15.7,22.5,1194.9,20.9,16.0,16.6,17.4
662,odroid3,171.0,168.0,168.0,172.0,171.0,170.0,165.0
663,odroid2,180.0,173.0,158.0,168.0,169.0,171.0,169.0
664,rpi-8b,227.4,14.5,216.3,216.6,417.3,232.7,451.4
665,odroid4,171.0,174.0,173.0,174.0,173.0,174.0,174.0
666,odroid2,163.0,176.0,155.0,171.0,170.0,11.0,166.0
667,rpi-8b,196.4,216.6,216.4,419.5,234.1,449.4,15.8
668,odroid4,172.0,171.0,175.0,172.0,175.0,173.0,171.0
669,odroid1,165.0,167.0,167.0,165.0,166.0,169.0,167.0
670,rpi-4a,16.1,19.3,784.8,629.9,20.6,16.0,419.0
671,rpi-4a,12.9,443.3,23.6,247.2,426.3,231.0,26.2
672,odroid1,164.0,168.0,168.0,168.0,168.0,169.0,168.0
673,odroid3,168.0,170.0,170.0,173.0,169.0,173.0,167.0
674,rpi-8d,14.4,17.0,17.6,18.5,529.7,17.6,17.6
675,odroid3,168.0,167.0,168.0,168.0,170.0,167.0,168.0
676,odroid1,165.0,169.0,168.0,167.0,165.0,168.0,166.0
677,rpi-8a,16.2,430.1,14.4,432.9,16.8,232.8,233.0
678,rpi-4a,18.3,1777.5,23.6,15.8,19.1,18.6,18.7
679,odroid1,173.0,176.0,176.0,4.0,170.0,11.0,335.0
680,rpi-8c,14.7,16.1,16.6,72.2,40.6,55.1,99.1
681,rpi-8d,20.7,19.5,73.5,1475.8,18.8,19.4,19.5
682,rpi-8b,224.3,432.9,16.7,16.1,216.6,199.9,215.9
683,odroid4,169.0,172.0,176.0,180.0,164.0,172.0,173.0
684,odroid2,165.0,182.0,156.0,171.0,8.0,166.0,333.0
685,odroid4,169.0,173.0,174.0,173.0,174.0,174.0,173.0
686,rpi-8b,14.1,214.8,419.4,232.8,233.2,450.0,15.6
687,odroid3,167.0,167.0,167.0,165.0,167.0,165.0,167.0
688,odroid3,167.0,171.0,170.0,171.0,172.0,173.0,168.0
689,rpi-8d,17.0,17.5,25.0,1381.0,17.8,19.0,18.8
690,rpi-8a,229.3,233.0,16.3,216.3,417.0,233.2,433.0
691,odroid4,172.0,171.0,176.0,172.0,175.0,173.0,172.0
692,odroid1,163.0,170.0,166.0,165.0,168.0,166.0,169.0
693,odroid2,180.0,176.0,154.0,170.0,172.0,12.0,166.0
694,rpi-8a,14.8,6.3,615.4,430.7,16.3,233.0,16.4
695,rpi-8b,11.8,11.8,232.1,214.8,198.8,417.3,233.1
696,rpi-4a,14.8,17.7,976.7,630.0,18.0,15.3,17.9
697,odroid1,164.0,170.0,169.0,12.0,156.0,334.0,167.0
698,rpi-8a,213.2,416.5,233.1,233.4,433.2,16.4,233.0
699,rpi-4a,19.2,606.0,200.1,16.3,17.7,21.2,16.6
700,odroid2,181.0,173.0,159.0,172.0,171.0,8.0,167.0
701,rpi-4a,1175.1,415.2,19.6,16.0,18.5,18.6,20.3
702,odroid2,165.0,176.0,158.0,171.0,168.0,168.0,172.0
703,rpi-8c,15.8,30.3,107.2,61.2,31.5,125.4,42.6
704,rpi-8d,14.5,22.1,1162.3,626.9,20.5,18.2,19.5
705,rpi-4a,16.9,21.1,1164.6,630.4,19.6,17.2,19.4
706,rpi-8d,18.5,17.9,56.4,1538.3,20.1,19.1,19.1
707,rpi-8d,18.9,17.3,18.3,1397.8,19.4,19.3,19.6
708,rpi-8c,29.6,105.8,70.6,645.8,17.3,18.6,18.7
709,odroid1,12.0,158.0,331.0,167.0,171.0,5.0,172.0
710,rpi-8b,16.1,14.2,10.4,429.7,216.2,417.9,232.6
711,rpi-4a,16.3,17.8,1166.4,631.7,20.6,18.9,19.7
712,odroid3,164.0,167.0,167.0,166.0,167.0,164.0,165.0
713,odroid1,165.0,168.0,167.0,8.0,160.0,334.0,168.0
714,odroid1,165.0,168.0,167.0,164.0,167.0,168.0,168.0
715,rpi-8c,15.6,19.8,16.7,17.8,79.3,9.1,95.4
716,rpi-8a,29.8,229.8,25.0,216.6,216.0,416.3,450.4
717,rpi-8d,16.0,19.6,547.3,1256.9,17.8,18.1,18.5
718,rpi-8a,199.9,212.5,416.6,233.0,233.5,15.8,216.0
719,odroid1,163.0,169.0,168.0,165.0,166.0,167.0,169.0
720,odroid2,164.0,167.0,166.0,184.0,166.0,167.0,166.0
721,odroid4,169.0,171.0,172.0,172.0,173.0,175.0,171.0
722,odroid1,164.0,168.0,166.0,167.0,167.0,167.0,168.0
723,rpi-4a,13.5,16.9,400.7,422.2,16.4,18.5,18.8
724,rpi-8b,13.0,12.2,230.8,198.2,216.4,417.0,233.6
725,odroid4,170.0,173.0,176.0,173.0,172.0,173.0,173.0
726,rpi-4a,1391.4,21.5,15.6,18.2,18.3,20.4,16.4
727,rpi-8d,412.1,14.5,15.7,16.9,16.7,16.2,16.7
728,rpi-8a,18.3,208.1,418.8,253.9,448.8,30.1,231.0
729,rpi-8c,40.8,63.4,2272.2,12.6,88.0,72.5,64.1
730,rpi-4a,15.3,16.6,1795.1,19.7,16.6,17.5,18.0
731,rpi-8c,16.1,19.6,16.5,18.5,18.4,82.5,18.4
732,odroid2,163.0,183.0,156.0,172.0,5.0,166.0,350.0
733,rpi-4a,15.4,17.9,975.1,632.3,18.4,14.1,18.3
734,rpi-8c,16.3,55.3,59.8,119.8,68.2,95.8,28.4
735,rpi-8c,1076.1,18.2,15.0,18.5,17.3,16.4,18.3
736,rpi-4a,16.8,26.5,1159.6,420.8,15.2,19.0,18.7
737,odroid4,170.0,174.0,174.0,172.0,173.0,175.0,173.0
738,odroid2,163.0,189.0,151.0,169.0,171.0,170.0,170.0
739,rpi-8d,13.7,18.1,22.4,983.3,15.6,18.8,18.7
740,odroid2,163.0,177.0,156.0,169.0,169.0,13.0,166.0
741,rpi-8a,229.3,232.9,16.3,215.9,417.4,232.9,432.7
742,rpi-8c,2564.6,26.2,13.9,81.3,84.3,47.2,40.5
743,odroid4,171.0,173.0,176.0,173.0,174.0,173.0,172.0
744,rpi-4a,19.3,18.2,579.8,422.3,15.7,21.0,16.9
745,odroid2,166.0,190.0,153.0,172.0,170.0,10.0,167.0
746,rpi-8d,15.3,20.6,16.6,945.3,17.7,20.0,17.3
747,odroid2,163.0,191.0,149.0,172.0,169.0,170.0,170.0
748,rpi-8c,21.4,20.6,8.6,946.4,17.5,17.7,1223.6
749,rpi-8d,16.1,21.0,82.3,65.6,640.9,18.1,16.3
750,odroid3,168.0,171.0,170.0,173.0,172.0,171.0,164.0
751,odroid4,172.0,174.0,175.0,174.0,173.0,173.0,173.0
752,rpi-8a,17.3,11.2,214.8,433.5,233.2,233.2,432.9
753,rpi-8a,17.5,14.5,211.2,433.5,233.3,233.2,433.5
754,odroid4,171.0,172.0,172.0,172.0,172.0,175.0,174.0
755,odroid4,171.0,175.0,173.0,173.0,171.0,174.0,174.0
756,odroid1,7.0,161.0,334.0,165.0,167.0,4.0,164.0
757,rpi-8c,15.8,17.9,1382.7,15.2,17.7,17.5,17.8
758,odroid1,164.0,168.0,165.0,4.0,163.0,3.0,327.0
759,rpi-4a,35.3,1761.3,23.9,14.1,17.2,17.2,16.6
760,rpi-8d,19.4,18.1,328.8,838.5,20.6,21.0,20.9
761,rpi-8a,14.5,213.2,216.2,199.9,216.2,417.0,433.3
762,odroid3,167.0,172.0,169.0,171.0,173.0,171.0,165.0
763,rpi-8b,443.8,28.5,235.3,31.0,200.5,216.4,618.7
764,rpi-8b,227.3,232.6,233.0,450.5,15.6,233.6,233.3
765,rpi-8c,485.9,17.7,19.3,1854.7,16.4,17.1,17.7
766,odroid4,171.0,175.0,173.0,172.0,172.0,173.0,173.0
767,odroid4,170.0,174.0,172.0,173.0,174.0,172.0,174.0
768,rpi-8c,560.7,1470.0,16.1,16.8,16.9,17.0,16.7
769,rpi-8c,2115.4,219.9,18.2,17.7,17.8,25.7,49.6
770,rpi-8d,431.5,16.5,31.4,65.1,30.7,54.1,86.5
771,rpi-8b,13.9,223.0,233.0,233.0,16.5,216.4,617.3
772,odroid1,165.0,167.0,166.0,167.0,167.0,169.0,167.0
773,rpi-8c,29.2,392.4,18.5,61.8,81.9,60.0,56.1
774,odroid1,165.0,14.0,153.0,334.0,169.0,166.0,167.0
775,rpi-8c,15.0,15.4,17.2,17.1,16.9,16.9,77.8
776,rpi-4a,14.5,401.0,421.9,15.1,17.3,19.0,17.7
777,odroid4,171.0,173.0,175.0,173.0,173.0,174.0,174.0
778,odroid3,168.0,171.0,169.0,171.0,171.0,172.0,165.0
779,odroid4,170.0,175.0,173.0,175.0,173.0,175.0,172.0
780,odroid3,28.0,341.0,177.0,25.0,167.0,171.0,171.0
781,odroid4,170.0,172.0,174.0,174.0,173.0,173.0,172.0
782,odroid4,172.0,171.0,174.0,172.0,174.0,174.0,175.0
783,odroid2,331.0,184.0,154.0,172.0,170.0,171.0,168.0
784,rpi-4a,18.2,21.5,1397.2,21.7,15.5,19.3,18.7
785,rpi-8a,414.9,14.4,215.4,216.5,416.8,433.4,16.8
786,rpi-8b,12.8,234.7,217.1,232.9,231.9,453.3,13.9
787,rpi-8c,17.5,21.4,16.8,18.6,18.5,47.0,34.8
788,odroid3,166.0,170.0,170.0,172.0,171.0,171.0,166.0
789,rpi-8d,14.5,14.4,16.9,17.5,953.6,845.3,15.5
790,odroid2,164.0,179.0,152.0,172.0,168.0,12.0,167.0
791,rpi-8c,14.2,14.6,22.9,42.3,39.5,1151.4,17.9
792,odroid4,170.0,176.0,173.0,174.0,186.0,163.0,173.0
793,rpi-4a,13.6,17.0,1399.2,17.1,15.7,16.9,17.3
794,rpi-8a,232.2,446.6,16.3,232.9,233.5,233.0,433.5
795,rpi-8b,430.1,16.5,233.0,232.4,232.9,217.0,433.2
796,rpi-8b,226.5,232.4,451.0,15.7,233.1,233.3,232.8
797,rpi-8b,13.3,21.3,637.3,16.0,232.1,233.0,448.7
798,rpi-4a,16.5,18.6,973.5,18.2,18.4,18.5,1231.8
799,rpi-8b,17.4,223.6,230.1,233.7,450.1,15.6,233.8
800,odroid4,171.0,174.0,175.0,172.0,173.0,173.0,175.0
801,odroid1,166.0,169.0,166.0,166.0,166.0,165.0,168.0
802,odroid4,172.0,174.0,174.0,174.0,175.0,174.0,173.0
803,odroid4,171.0,172.0,175.0,173.0,175.0,173.0,172.0
804,odroid3,168.0,171.0,170.0,173.0,170.0,172.0,167.0
805,rpi-8d,17.3,18.6,1606.9,15.0,17.7,17.5,17.8
806,rpi-8b,227.9,232.4,450.5,32.0,233.2,232.3,434.2
807,odroid3,165.0,169.0,171.0,169.0,169.0,170.0,168.0
808,rpi-4a,18.8,23.1,1348.2,422.5,18.2,17.2,19.5
809,rpi-8c,18.2,15.6,26.7,64.3,698.4,18.7,18.3
810,rpi-8b,13.4,234.7,233.0,449.9,15.5,233.6,233.3
811,rpi-4a,17.0,17.3,781.6,630.8,19.0,17.1,15.9
812,odroid4,170.0,173.0,174.0,172.0,173.0,172.0,174.0
813,rpi-8a,200.2,429.0,15.7,233.3,233.5,15.5,216.1
814,rpi-8b,13.7,223.4,232.8,232.7,233.2,433.4,16.6
815,rpi-8d,17.1,18.0,36.8,1349.6,17.7,17.6,20.9
816,rpi-8d,15.3,19.5,100.8,1258.5,19.2,19.4,18.9
817,odroid3,167.0,170.0,169.0,171.0,172.0,171.0,165.0
818,rpi-8a,19.4,226.1,231.7,15.4,216.4,417.3,16.2
819,rpi-8d,18.5,20.9,21.5,957.2,19.8,22.4,18.6
820,odroid4,171.0,173.0,172.0,175.0,174.0,173.0,171.0
821,odroid4,172.0,171.0,174.0,174.0,173.0,173.0,173.0
822,odroid4,170.0,173.0,174.0,172.0,173.0,172.0,174.0
823,odroid2,181.0,181.0,146.0,172.0,1.0,186.0,13.0
824,rpi-8c,14.6,15.4,164.6,841.8,15.6,17.7,17.3
825,rpi-8d,2112.8,19.9,18.4,19.3,19.2,19.2,19.1
826,rpi-4a,1179.3,18.6,18.3,393.8,18.2,19.0,19.0
827,rpi-4a,16.9,20.5,790.5,421.2,20.4,29.8,9.1
828,odroid3,167.0,169.0,171.0,168.0,170.0,169.0,170.0
829,odroid1,165.0,169.0,168.0,165.0,167.0,168.0,168.0
830,odroid3,167.0,171.0,171.0,170.0,172.0,170.0,166.0
831,rpi-8b,13.4,232.7,233.2,232.7,433.3,16.6,233.2
832,odroid3,164.0,166.0,165.0,165.0,167.0,166.0,167.0
833,odroid1,167.0,167.0,167.0,167.0,165.0,169.0,166.0
834,odroid3,165.0,168.0,170.0,169.0,169.0,169.0,167.0
835,odroid3,165.0,171.0,169.0,173.0,173.0,172.0,167.0
836,odroid1,163.0,167.0,165.0,167.0,168.0,169.0,166.0
837,rpi-8c,13.3,17.5,18.7,17.1,777.6,17.4,18.1
838,rpi-8d,384.8,1054.1,18.3,20.7,19.2,17.5,15.8
839,rpi-8a,412.3,232.9,433.4,16.9,232.7,233.2,433.3
840,odroid1,166.0,167.0,168.0,166.0,167.0,165.0,166.0
841,rpi-8a,412.7,232.9,232.8,433.5,16.4,233.0,233.2
842,rpi-8a,232.5,229.5,233.2,199.9,233.3,233.3,433.6
843,rpi-4a,18.8,1161.1,631.6,21.8,17.1,19.3,19.3
844,rpi-8a,229.4,233.1,16.0,215.4,617.3,16.3,233.2
845,rpi-8d,18.8,21.1,105.2,1267.6,21.4,21.9,21.4
846,odroid1,163.0,170.0,167.0,165.0,167.0,167.0,168.0
847,rpi-8c,84.9,44.5,39.4,137.1,14.6,128.5,63.8
848,rpi-8b,22.2,20.2,211.4,216.1,199.5,416.6,434.1
849,rpi-8b,13.4,232.0,233.0,233.2,433.5,16.5,233.4
850,rpi-4a,21.0,18.8,422.8,14.3,19.5,19.6,20.1
851,rpi-8d,16.8,15.5,1399.8,16.5,17.8,17.5,17.3
852,rpi-8d,12.1,70.7,87.9,1673.3,15.8,15.9,16.5
853,rpi-8a,237.2,425.4,16.7,233.0,433.1,16.5,433.5
854,odroid3,168.0,174.0,170.0,172.0,170.0,172.0,167.0
855,odroid2,164.0,190.0,152.0,170.0,172.0,170.0,168.0
856,rpi-8c,16.6,23.9,1600.5,16.0,18.5,18.8,18.4
857,rpi-4a,26.1,14.6,575.4,424.3,16.0,18.1,19.6
858,rpi-8c,17.1,18.3,1587.4,20.0,19.5,20.2,20.1
859,odroid2,162.0,178.0,153.0,170.0,169.0,13.0,167.0
860,rpi-8d,12.9,16.2,337.7,1046.4,16.7,615.8,15.6
861,rpi-4a,18.0,16.9,977.7,632.9,19.2,229.1,19.5
862,rpi-8c,18.1,16.1,40.1,926.9,17.4,18.0,17.8
863,odroid3,168.0,171.0,168.0,171.0,170.0,170.0,166.0
864,odroid1,165.0,168.0,166.0,168.0,166.0,167.0,168.0
865,rpi-8d,14.1,15.7,97.3,1469.8,16.4,17.1,16.7
866,rpi-8a,429.4,232.8,16.4,233.1,433.4,16.7,233.0
867,odroid4,172.0,176.0,175.0,173.0,171.0,174.0,173.0
868,odroid3,167.0,172.0,169.0,170.0,169.0,171.0,166.0
869,odroid4,172.0,173.0,173.0,173.0,173.0,174.0,171.0
870,odroid1,165.0,168.0,167.0,167.0,168.0,166.0,167.0
871,rpi-8a,14.8,234.4,228.3,232.9,433.3,16.6,232.5
872,rpi-8a,429.2,16.3,233.0,233.2,433.4,16.6,233.2
873,rpi-8a,14.2,232.5,230.9,433.3,15.4,233.2,233.4
874,rpi-8c,15.5,16.6,1195.0,18.0,16.6,16.6,17.1
875,rpi-8b,230.3,232.6,433.3,16.6,453.6,15.0,232.0
876,odroid4,172.0,172.0,176.0,173.0,172.0,175.0,172.0
877,odroid3,169.0,172.0,170.0,171.0,173.0,171.0,167.0
878,rpi-8d,16.4,54.9,45.2,1270.2,17.4,18.6,18.2
879,rpi-8b,423.4,15.8,233.1,233.4,433.3,16.8,433.1
880,rpi-8d,14.4,55.2,52.9,62.9,96.4,43.2,100.5
881,rpi-8c,999.5,19.6,18.2,18.8,19.0,2248.8,14.2
882,rpi-8a,15.1,13.0,218.0,213.9,199.9,416.8,233.2
883,rpi-8d,16.8,87.9,17.7,1456.8,19.3,22.1,19.3
884,rpi-8d,18.1,20.3,19.1,1581.7,18.3,20.8,19.8
885,odroid3,164.0,168.0,164.0,169.0,166.0,166.0,166.0
886,rpi-8b,227.4,233.5,31.8,199.8,216.3,200.0,216.8
887,odroid2,179.0,174.0,154.0,171.0,182.0,166.0,167.0
888,odroid4,171.0,171.0,176.0,173.0,174.0,172.0,172.0
889,odroid2,165.0,180.0,153.0,169.0,169.0,11.0,166.0
890,odroid3,167.0,170.0,170.0,174.0,171.0,169.0,166.0
891,odroid1,164.0,167.0,167.0,167.0,168.0,166.0,167.0
892,rpi-8d,17.7,19.9,18.1,1150.6,20.0,20.3,19.5
893,odroid3,170.0,173.0,170.0,170.0,171.0,172.0,164.0
894,odroid3,166.0,167.0,169.0,170.0,170.0,170.0,168.0
895,odroid2,164.0,175.0,157.0,169.0,171.0,9.0,167.0
896,rpi-8b,413.2,231.1,451.1,29.2,234.6,233.3,233.0
897,odroid3,164.0,167.0,166.0,166.0,166.0,164.0,166.0
898,rpi-8c,985.2,1482.4,18.7,19.1,18.2,73.1,87.2
899,rpi-8a,432.1,14.8,14.7,216.7,216.4,199.9,634.0
900,odroid3,167.0,172.0,169.0,171.0,170.0,172.0,166.0
901,odroid2,163.0,217.0,134.0,166.0,167.0,183.0,166.0
902,rpi-8d,13.9,1009.6,230.8,15.6,17.7,16.3,15.3
903,odroid1,166.0,168.0,169.0,166.0,167.0,169.0,166.0
904,rpi-4a,15.9,23.2,1356.8,420.2,15.4,18.5,17.7
905,odroid3,168.0,171.0,171.0,169.0,169.0,169.0,169.0
906,odroid2,167.0,187.0,156.0,172.0,172.0,170.0,172.0
907,odroid4,172.0,172.0,176.0,171.0,173.0,173.0,173.0
908,rpi-8c,446.4,33.2,256.4,29.8,215.8,216.7,418.4
909,odroid1,166.0,168.0,166.0,166.0,167.0,166.0,169.0
910,rpi-8d,1677.1,15.9,17.8,18.1,31.0,1818.5,19.3
911,rpi-8c,16.9,15.9,52.7,66.5,1697.9,18.4,19.3
912,rpi-8a,14.7,231.2,230.8,433.3,16.3,233.2,233.3
913,rpi-8a,431.5,14.8,232.6,233.2,16.3,216.7,416.9
914,rpi-8d,13.6,17.9,16.8,34.9,746.1,17.0,18.1
915,odroid2,181.0,173.0,157.0,168.0,168.0,168.0,14.0
916,odroid4,172.0,173.0,173.0,171.0,173.0,174.0,173.0
917,rpi-8a,11.8,233.3,430.3,16.4,233.0,233.2,433.3
918,odroid3,167.0,172.0,169.0,170.0,172.0,172.0,167.0
919,rpi-4a,17.8,18.0,1400.2,20.4,16.7,631.6,24.7
920,rpi-8a,415.3,229.8,233.1,433.4,16.5,233.0,233.2
921,rpi-8d,17.9,18.6,142.5,839.7,18.4,19.3,19.3
922,rpi-8a,213.7,231.9,233.5,233.7,433.3,16.1,233.2
923,rpi-8a,430.3,231.7,233.3,433.9,15.9,233.1,233.1
924,odroid4,170.0,173.0,174.0,173.0,175.0,170.0,171.0
925,rpi-8a,203.3,209.4,216.3,416.8,233.3,433.4,16.5
926,odroid4,171.0,174.0,174.0,172.0,172.0,173.0,174.0
927,rpi-8a,431.0,15.7,15.2,216.4,216.7,199.8,216.6
928,rpi-8b,223.4,233.1,233.1,450.1,32.6,233.0,233.4
929,rpi-8a,12.8,236.2,226.8,233.3,433.2,16.5,433.3
930,odroid3,164.0,165.0,168.0,165.0,166.0,166.0,168.0
931,odroid2,9.0,186.0,12.0,316.0,333.0,167.0,183.0
932,odroid4,172.0,174.0,173.0,173.0,173.0,172.0,174.0
933,rpi-8a,229.8,448.7,17.0,232.6,233.3,233.0,433.6
934,rpi-8b,447.8,29.1,233.4,232.5,450.4,14.3,233.0
935,odroid3,171.0,170.0,169.0,171.0,173.0,172.0,167.0
936,odroid2,168.0,186.0,160.0,170.0,4.0,166.0,351.0
937,odroid4,170.0,175.0,174.0,175.0,174.0,172.0,174.0
938,odroid3,167.0,171.0,169.0,173.0,171.0,169.0,167.0
939,odroid4,171.0,173.0,174.0,171.0,171.0,175.0,172.0
940,odroid1,164.0,169.0,168.0,166.0,167.0,168.0,168.0
941,rpi-8a,430.1,14.0,233.3,16.4,216.4,200.7,215.8
942,odroid2,166.0,189.0,15.0,150.0,333.0,166.0,167.0
943,rpi-8c,16.5,88.5,418.5,16.9,19.3,44.0,23.5
944,rpi-8a,233.8,228.4,433.4,16.0,233.7,16.1,216.4
945,rpi-4a,16.1,35.9,1340.8,628.7,18.5,16.3,18.0
946,rpi-8c,12.9,1387.2,13.3,224.1,15.3,17.9,815.5
947,rpi-8c,11.6,14.5,16.7,16.9,17.3,17.3,17.2
948,odroid1,164.0,169.0,166.0,166.0,168.0,169.0,167.0
949,rpi-4a,19.7,22.7,1146.6,421.5,16.9,19.5,18.5
950,odroid4,169.0,173.0,173.0,175.0,172.0,174.0,173.0
951,rpi-8a,14.8,219.5,210.0,200.0,215.3,617.3,16.3
952,odroid4,172.0,172.0,172.0,174.0,171.0,173.0,171.0
953,rpi-4a,17.2,17.2,399.1,18.0,19.4,19.3,18.8
954,odroid3,164.0,166.0,168.0,165.0,166.0,167.0,165.0
955,rpi-8c,2475.5,15.5,22.8,27.9,91.1,71.9,11.1
956,odroid4,172.0,172.0,174.0,172.0,174.0,174.0,173.0
957,rpi-8a,228.8,233.0,233.2,233.2,232.9,433.1,17.0
958,odroid3,166.0,172.0,168.0,170.0,171.0,170.0,165.0
959,odroid1,164.0,168.0,167.0,167.0,167.0,165.0,167.0
960,rpi-8b,230.4,451.8,32.2,233.1,233.4,451.0,15.8
961,rpi-8d,15.7,18.6,1168.5,636.5,21.1,20.1,19.4
962,rpi-8c,10.3,2519.3,20.0,13.6,15.6,401.0,17.0
963,odroid2,168.0,189.0,154.0,170.0,171.0,11.0,167.0
964,rpi-4a,16.8,16.2,15.0,810.4,431.4,17.4,16.9
965,rpi-8b,230.5,232.5,433.0,17.0,233.0,233.8,435.9
966,rpi-8b,16.3,438.1,17.6,231.6,233.0,233.0,215.8
967,rpi-4a,18.2,19.6,1446.2,23.2,21.9,18.5,21.1
968,rpi-8b,226.1,231.3,433.3,16.8,232.7,233.3,433.3
969,rpi-8a,429.5,16.3,232.8,233.2,233.3,433.4,16.7
970,odroid2,166.0,186.0,157.0,172.0,170.0,168.0,171.0
971,rpi-8d,17.5,18.9,1569.1,17.1,18.7,20.3,19.3
972,odroid2,164.0,183.0,156.0,172.0,5.0,167.0,350.0
973,rpi-4a,590.3,422.4,15.0,17.4,17.8,17.7,17.8
974,odroid1,166.0,167.0,169.0,167.0,168.0,168.0,167.0
975,rpi-8c,15.1,14.5,812.2,16.4,16.1,16.6,16.7
976,odroid4,171.0,172.0,175.0,174.0,173.0,172.0,172.0
977,odroid2,164.0,189.0,155.0,169.0,170.0,183.0,167.0
978,rpi-8b,12.9,24.3,418.7,231.2,451.1,31.7,233.1
979,odroid3,164.0,166.0,167.0,166.0,167.0,167.0,166.0
980,rpi-8b,12.9,424.5,16.2,433.8,15.7,232.9,233.3
981,rpi-4a,14.1,17.7,984.7,632.0,19.7,17.6,19.3
982,odroid3,166.0,171.0,170.0,170.0,172.0,170.0,167.0
983,odroid3,167.0,174.0,171.0,169.0,171.0,171.0,167.0
984,odroid2,330.0,186.0,154.0,171.0,172.0,169.0,169.0
985,rpi-4a,11.5,17.8,978.5,628.0,18.7,16.6,19.0
986,rpi-8a,235.5,227.1,433.4,16.6,16.2,216.4,199.5
987,odroid2,163.0,184.0,152.0,172.0,171.0,169.0,169.0
988,odroid2,167.0,187.0,1.0,170.0,13.0,316.0,336.0
989,rpi-8d,21.7,15.6,311.1,1482.1,19.4,20.1,19.6
990,rpi-8a,429.6,15.7,233.2,233.3,433.4,16.5,433.4
991,odroid2,164.0,183.0,158.0,171.0,5.0,166.0,351.0
992,odroid1,164.0,168.0,167.0,167.0,168.0,167.0,167.0
993,rpi-8b,461.8,45.8,253.7,248.3,248.3,217.1,31.0
994,odroid2,171.0,195.0,156.0,178.0,3.0,180.0,342.0
995,rpi-8d,18.8,19.2,18.9,1151.6,19.2,19.6,19.9
996,rpi-4a,17.0,798.9,401.3,18.7,18.2,18.4,19.1
997,rpi-8a,232.7,429.1,16.9,233.0,233.1,432.8,17.0
998,rpi-8c,15.6,16.6,1644.5,16.1,18.3,17.7,17.9
999,rpi-4a,19.2,16.5,1407.4,21.4,16.2,21.1,17.7
1000,rpi-8d,1623.7,16.6,18.4,21.1,16.7,17.2,18.3
1001,rpi-8b,194.4,431.4,234.7,231.9,453.6,11.8,450.7
1002,rpi-8c,16.9,18.4,19.7,17.5,19.2,19.0,27.2
1003,odroid3,169.0,172.0,168.0,173.0,173.0,170.0,165.0
1004,rpi-8c,31.6,43.9,67.4,99.9,14.1,94.2,1806.5
1005,odroid2,164.0,174.0,155.0,171.0,169.0,171.0,170.0
1006,odroid1,165.0,168.0,168.0,168.0,167.0,169.0,166.0
1007,odroid3,163.0,166.0,167.0,168.0,166.0,165.0,166.0
1008,odroid2,163.0,181.0,157.0,170.0,168.0,170.0,172.0
1009,rpi-8b,227.8,231.2,217.8,232.8,231.7,451.5,15.2
1010,rpi-4a,16.6,20.0,1161.8,422.0,15.6,18.9,20.3
1011,odroid4,172.0,173.0,172.0,173.0,174.0,173.0,173.0
1012,odroid1,166.0,168.0,167.0,168.0,166.0,167.0,166.0
1013,odroid2,163.0,178.0,157.0,170.0,170.0,171.0,168.0
1014,odroid4,171.0,175.0,174.0,173.0,173.0,173.0,174.0
1015,rpi-8c,16.4,19.6,17.4,1776.8,18.5,19.3,18.1
1016,odroid3,165.0,166.0,166.0,167.0,166.0,165.0,166.0
1017,rpi-8c,829.8,1468.2,16.1,18.1,17.3,19.9,16.7
1018,rpi-8c,16.0,26.7,1388.8,16.5,18.6,20.3,16.7
1019,rpi-4a,12.6,18.2,970.5,631.2,19.5,16.0,17.9
1020,odroid3,167.0,171.0,169.0,172.0,172.0,170.0,167.0
1021,odroid2,163.0,186.0,158.0,170.0,171.0,171.0,9.0
1022,rpi-8a,15.6,10.8,216.3,214.5,216.7,416.9,433.3
1023,rpi-4a,17.8,19.0,781.7,207.4,19.6,18.9,818.4
1024,rpi-8d,16.7,17.9,18.6,19.6,952.4,19.4,18.9
1025,odroid4,169.0,174.0,175.0,173.0,175.0,174.0,175.0
1026,odroid1,165.0,167.0,167.0,166.0,166.0,166.0,168.0
1027,odroid1,165.0,167.0,10.0,158.0,332.0,168.0,167.0
1028,odroid3,165.0,167.0,167.0,167.0,167.0,164.0,166.0
1029,rpi-8a,16.1,214.6,630.1,16.8,232.7,233.1,433.3
1030,rpi-4a,19.3,20.0,557.9,209.4,19.9,20.2,18.5
1031,odroid2,179.0,173.0,157.0,171.0,171.0,11.0,166.0
1032,odroid2,164.0,187.0,156.0,170.0,169.0,171.0,167.0
1033,odroid3,163.0,166.0,165.0,166.0,164.0,167.0,164.0
1034,rpi-8c,16.4,16.4,16.7,16.6,16.6,16.5,27.7
1035,rpi-8d,15.9,18.2,18.3,1156.2,19.0,17.9,18.9
1036,rpi-4a,15.1,17.5,1402.9,16.5,16.3,422.0,17.2
1037,rpi-8b,12.6,235.1,233.2,231.9,450.6,31.9,233.6
1038,odroid4,173.0,173.0,175.0,171.0,172.0,173.0,173.0
1039,rpi-8b,433.5,32.6,31.5,200.0,216.0,200.3,633.8
1040,odroid4,172.0,172.0,175.0,173.0,172.0,173.0,173.0
1041,rpi-8c,15.1,123.7,58.9,77.3,71.9,33.8,808.9
1042,rpi-4a,14.7,18.9,969.0,630.7,16.0,16.6,16.6
1043,odroid4,169.0,174.0,173.0,173.0,173.0,172.0,173.0
1044,odroid2,163.0,189.0,153.0,173.0,170.0,171.0,11.0
1045,odroid3,170.0,174.0,168.0,172.0,171.0,171.0,165.0
1046,rpi-8d,14.4,16.6,1386.6,208.1,16.6,16.7,16.6
1047,odroid4,171.0,173.0,172.0,172.0,173.0,173.0,173.0
1048,odroid3,165.0,165.0,168.0,167.0,166.0,166.0,166.0
1049,odroid3,164.0,231.0,127.0,161.0,187.0,176.0,172.0
1050,odroid4,172.0,173.0,173.0,173.0,173.0,172.0,172.0
1051,odroid3,167.0,171.0,170.0,168.0,170.0,171.0,166.0
1052,rpi-8a,14.2,229.2,234.3,232.5,200.4,233.3,433.3
1053,odroid4,170.0,173.0,174.0,172.0,174.0,171.0,172.0
1054,rpi-8b,13.0,433.4,15.6,233.1,233.2,433.6,16.8
1055,rpi-8b,430.3,16.3,433.4,16.7,233.6,232.8,233.2
1056,rpi-8c,16.2,18.0,767.4,17.1,18.4,19.8,16.7
1057,rpi-8d,20.7,39.1,740.3,834.2,21.0,21.2,22.9
1058,odroid4,169.0,175.0,173.0,172.0,173.0,173.0,173.0
1059,rpi-8a,215.9,213.3,416.3,233.0,233.4,433.6,16.1
1060,odroid1,159.0,335.0,167.0,167.0,4.0,162.0,4.0
1061,rpi-4a,16.7,19.7,971.3,422.4,16.9,19.4,19.1
1062,odroid4,171.0,175.0,175.0,172.0,171.0,175.0,174.0
1063,rpi-4a,12.4,19.1,967.5,207.7,18.7,18.9,19.3
1064,odroid4,170.0,173.0,174.0,173.0,175.0,175.0,172.0
1065,odroid4,170.0,175.0,174.0,175.0,171.0,174.0,173.0
1066,odroid2,187.0,8.0,149.0,351.0,166.0,166.0,166.0
1067,rpi-4a,15.6,15.6,1175.6,18.4,19.5,20.6,17.9
1068,rpi-8d,1231.2,15.3,19.8,16.0,16.5,17.9,17.6
1069,rpi-8a,428.9,16.1,233.2,15.3,216.4,216.6,617.3
1070,rpi-8b,13.6,15.4,216.3,216.3,200.0,216.6,416.7
1071,odroid4,169.0,173.0,174.0,171.0,173.0,172.0,175.0
1072,rpi-8d,13.7,16.3,1191.1,15.5,18.1,17.7,17.7
1073,odroid2,11.0,170.0,326.0,171.0,170.0,10.0,167.0
1074,rpi-8b,230.1,233.4,232.7,216.5,233.4,233.4,233.2
1075,rpi-4a,795.3,625.1,23.4,15.7,17.5,19.6,18.9
1076,rpi-8d,20.0,22.9,1576.3,18.2,23.3,20.0,21.2
1077,rpi-8c,88.9,897.1,17.0,17.4,17.8,17.1,2468.0
1078,odroid3,169.0,172.0,169.0,170.0,173.0,169.0,166.0
1079,odroid2,164.0,185.0,153.0,171.0,171.0,170.0,171.0
1080,rpi-8a,196.6,215.6,417.2,433.4,15.2,234.2,232.6
1081,rpi-8c,826.8,16.7,16.7,17.3,16.4,1610.3,15.2
1082,rpi-4a,15.3,24.7,1159.6,630.9,20.2,16.1,18.6
1083,odroid3,166.0,170.0,170.0,170.0,169.0,168.0,168.0
1084,odroid1,165.0,167.0,167.0,3.0,165.0,3.0,330.0
1085,odroid1,163.0,170.0,166.0,167.0,165.0,168.0,166.0
1086,odroid1,164.0,168.0,167.0,166.0,167.0,167.0,166.0
1087,rpi-4a,14.6,43.1,1614.6,19.1,18.8,20.1,16.3
1088,rpi-8b,213.5,216.3,416.8,233.0,433.5,16.8,432.7
1089,odroid1,164.0,168.0,168.0,165.0,167.0,168.0,169.0
1090,rpi-8c,14.8,16.5,54.5,35.2,16.1,119.9,32.3
1091,rpi-8c,15.2,19.0,530.0,838.3,16.8,18.0,17.1
1092,odroid2,167.0,184.0,12.0,150.0,350.0,167.0,166.0
1093,rpi-8d,18.1,23.5,90.5,1696.9,18.1,20.4,19.8
1094,odroid3,165.0,171.0,168.0,173.0,170.0,171.0,164.0
1095,rpi-4a,14.4,19.1,399.1,421.9,16.9,19.5,19.2
1096,odroid4,170.0,173.0,174.0,173.0,175.0,174.0,172.0
1097,rpi-4a,16.8,17.5,782.3,422.4,15.6,18.4,18.4
1098,odroid3,169.0,170.0,170.0,172.0,174.0,170.0,165.0
1099,rpi-8c,15.2,788.2,15.4,16.2,16.9,55.3,86.3
1100,rpi-8b,229.9,233.3,233.0,433.5,17.1,233.2,233.0
1101,rpi-8d,13.9,18.3,745.7,838.8,18.9,19.3,18.4
1102,odroid1,164.0,167.0,165.0,167.0,168.0,7.0,158.0
1103,odroid4,172.0,174.0,174.0,173.0,174.0,173.0,173.0
1104,rpi-8d,16.9,20.1,14.4,968.2,626.2,20.4,16.7
1105,odroid1,7.0,323.0,10.0,323.0,335.0,169.0,168.0
1106,rpi-8c,709.5,15.6,16.7,16.2,55.3,87.4,1919.6
1107,rpi-8c,14.1,65.2,74.8,17.1,64.2,96.0,41.3
1108,odroid4,170.0,173.0,174.0,171.0,173.0,172.0,173.0
1109,odroid3,169.0,167.0,170.0,168.0,169.0,170.0,168.0
1110,rpi-8b,13.4,441.5,32.2,232.5,232.9,450.9,15.4
1111,rpi-8d,1397.8,15.1,16.8,16.0,16.7,16.5,16.6
1112,odroid1,163.0,170.0,167.0,167.0,166.0,167.0,168.0
1113,odroid4,172.0,174.0,174.0,172.0,175.0,173.0,173.0
1114,rpi-8c,84.6,59.8,52.3,111.7,31.2,68.5,99.8
1115,rpi-8a,430.9,12.9,231.9,233.3,433.4,16.5,433.4
1116,odroid2,163.0,349.0,156.0,172.0,7.0,167.0,333.0
1117,rpi-8a,16.9,11.2,215.3,216.6,199.8,216.3,417.1
1118,rpi-8b,229.8,233.4,433.8,15.8,233.1,233.2,433.4
1119,rpi-8b,445.5,29.2,233.2,232.8,451.2,15.3,232.6
1120,rpi-4a,18.3,20.1,987.3,21.0,15.7,18.0,17.7
1121,odroid3,166.0,174.0,169.0,171.0,173.0,171.0,167.0
1122,odroid4,170.0,171.0,172.0,175.0,174.0,175.0,173.0
1123,rpi-8b,14.3,12.0,650.7,29.0,233.8,231.1,450.4
1124,rpi-8d,17.3,16.7,59.7,488.1,1264.0,20.6,19.1
1125,odroid4,172.0,172.0,174.0,175.0,175.0,174.0,174.0
1126,rpi-8b,227.8,232.0,450.3,31.5,233.7,233.0,450.9
1127,odroid3,168.0,172.0,206.0,137.0,170.0,170.0,166.0
1128,odroid2,331.0,189.0,153.0,171.0,176.0,165.0,170.0
1129,rpi-4a,1190.3,202.0,21.5,22.5,22.0,15.9,19.5
1130,rpi-4a,17.7,17.6,968.8,422.1,16.4,18.6,20.7
1131,odroid4,172.0,172.0,174.0,174.0,172.0,172.0,174.0
1132,odroid1,166.0,167.0,165.0,15.0,153.0,332.0,166.0
1133,odroid2,179.0,174.0,154.0,170.0,170.0,170.0,12.0
1134,rpi-8b,13.1,234.9,233.0,232.5,233.3,233.2,450.3
1135,rpi-8a,199.1,213.3,417.2,15.2,216.5,199.8,634.1
1136,odroid1,166.0,168.0,167.0,167.0,165.0,168.0,167.0
1137,rpi-8b,14.4,445.7,28.3,232.6,450.1,16.0,233.7
1138,odroid2,10.0,182.0,14.0,316.0,334.0,166.0,184.0
1139,odroid2,168.0,193.0,151.0,171.0,168.0,11.0,167.0
1140,odroid1,165.0,168.0,169.0,165.0,169.0,168.0,167.0
1141,odroid4,173.0,173.0,174.0,172.0,174.0,172.0,171.0
1142,odroid4,170.0,173.0,175.0,174.0,173.0,173.0,173.0
1143,rpi-8d,14.6,19.4,21.8,18.2,938.7,18.7,20.0
1144,odroid1,164.0,167.0,166.0,168.0,167.0,168.0,166.0
1145,rpi-8b,227.8,449.8,32.1,232.9,233.4,450.1,15.7
1146,rpi-8a,13.6,218.0,210.7,199.9,416.5,233.3,233.5
1147,odroid1,166.0,168.0,166.0,168.0,167.0,168.0,169.0
1148,odroid3,166.0,171.0,170.0,171.0,171.0,172.0,165.0
1149,rpi-8d,17.6,18.3,18.2,972.2,20.2,19.8,21.0
1150,odroid3,162.0,180.0,371.0,42.0,141.0,182.0,170.0
1151,odroid4,170.0,174.0,174.0,174.0,173.0,174.0,171.0
1152,odroid2,166.0,185.0,156.0,172.0,169.0,171.0,170.0
1153,rpi-8c,16.4,13.8,16.3,1387.0,15.1,15.6,17.2
1154,odroid3,168.0,174.0,165.0,171.0,171.0,170.0,166.0
1155,odroid3,166.0,167.0,169.0,166.0,166.0,166.0,166.0
1156,rpi-8d,12.7,15.0,805.2,14.4,15.8,17.8,17.2
1157,rpi-8d,17.7,20.5,1792.8,19.5,20.4,17.8,18.1
1158,rpi-8d,19.3,19.2,336.0,844.0,20.8,19.4,20.5
1159,odroid1,157.0,336.0,166.0,169.0,16.0,151.0,334.0
1160,rpi-4a,1578.7,24.0,16.1,19.8,20.9,18.9,18.4
1161,odroid4,226.0,163.0,172.0,178.0,183.0,354.0,12.0
1162,odroid4,171.0,171.0,176.0,173.0,174.0,172.0,175.0
1163,rpi-8c,62.7,71.5,1829.7,16.9,14.6,194.4,1056.3
1164,odroid1,164.0,168.0,167.0,166.0,166.0,166.0,168.0
1165,rpi-8b,14.9,21.1,436.7,232.0,450.3,32.6,233.2
1166,odroid2,164.0,185.0,158.0,169.0,169.0,169.0,169.0
1167,rpi-8a,231.0,14.5,215.6,199.8,216.6,216.5,416.8
1168,odroid4,171.0,173.0,174.0,172.0,176.0,173.0,172.0
1169,rpi-8b,228.8,449.2,32.7,232.6,233.5,450.2,15.3
1170,odroid1,166.0,169.0,8.0,160.0,332.0,168.0,168.0
1171,rpi-8b,226.6,234.8,449.6,31.9,232.7,233.8,14.6
1172,odroid1,165.0,167.0,168.0,16.0,150.0,333.0,167.0
1173,rpi-4a,1062.6,201.4,17.6,20.1,17.3,19.7,18.4
1174,odroid1,164.0,169.0,166.0,167.0,167.0,167.0,166.0
1175,odroid1,164.0,168.0,167.0,14.0,151.0,330.0,167.0
1176,odroid1,166.0,167.0,168.0,166.0,167.0,167.0,168.0
1177,rpi-8d,15.3,18.4,49.4,1548.8,16.4,18.2,17.6
1178,rpi-8a,211.9,416.7,233.1,232.9,216.7,233.3,233.1
1179,rpi-8b,12.7,232.6,233.1,233.2,216.1,233.4,16.4
1180,odroid4,172.0,172.0,177.0,171.0,173.0,175.0,171.0
1181,rpi-8d,31.1,453.0,44.1,251.7,248.4,470.9,45.8
1182,rpi-8d,20.3,19.1,19.2,969.9,417.8,22.9,19.0
1183,odroid4,171.0,172.0,175.0,174.0,173.0,174.0,171.0
1184,rpi-8b,19.6,20.2,414.4,232.7,433.6,15.8,233.9
1185,odroid1,165.0,168.0,167.0,12.0,154.0,334.0,165.0
1186,rpi-4a,15.4,1382.6,17.8,20.2,20.2,23.5,16.3
1187,rpi-8b,229.8,235.7,450.2,15.5,234.1,232.8,450.0
1188,rpi-8b,16.5,3.4,17.0,418.9,215.4,216.7,199.7
1189,odroid2,180.0,177.0,154.0,171.0,169.0,13.0,166.0
1190,odroid3,167.0,171.0,170.0,169.0,172.0,169.0,166.0
1191,odroid1,166.0,167.0,170.0,165.0,167.0,168.0,168.0
1192,rpi-8d,14.5,16.2,1389.8,17.1,15.9,16.7,16.8
1193,odroid2,164.0,187.0,152.0,172.0,170.0,170.0,170.0
1194,rpi-4a,15.2,15.6,969.0,628.8,16.3,16.9,17.2
1195,rpi-8d,28.5,120.0,48.7,120.1,59.5,95.4,35.8
1196,rpi-8c,36.7,381.8,1686.2,17.3,17.9,17.0,25.9
1197,rpi-8c,823.4,18.0,18.7,19.3,2268.4,16.8,18.9
1198,odroid2,166.0,190.0,13.0,150.0,333.0,166.0,183.0
1199,odroid4,171.0,175.0,174.0,173.0,174.0,172.0,173.0
1200,rpi-4a,1438.3,22.0,226.0,18.5,20.5,16.4,16.4
1201,odroid2,163.0,187.0,154.0,171.0,172.0,170.0,171.0
1202,odroid1,166.0,168.0,167.0,168.0,166.0,169.0,168.0
1203,rpi-8b,616.1,28.6,232.3,449.8,15.5,233.8,232.9
1204,rpi-8d,1194.5,16.1,16.2,17.0,16.7,15.9,16.9
1205,rpi-8b,227.6,233.8,450.9,29.0,233.0,233.7,232.9
1206,rpi-8b,230.0,433.2,16.9,232.8,233.2,433.4,16.8
1207,odroid2,165.0,177.0,155.0,170.0,169.0,10.0,166.0
1208,rpi-8c,760.9,1476.5,18.3,19.3,49.7,32.0,107.9
1209,rpi-8d,12.6,1185.7,14.4,402.3,14.6,17.2,17.2
1210,odroid3,166.0,172.0,170.0,171.0,171.0,173.0,166.0
1211,odroid3,169.0,170.0,168.0,170.0,172.0,173.0,165.0
1212,odroid4,171.0,172.0,174.0,174.0,172.0,173.0,174.0
1213,odroid1,165.0,167.0,169.0,167.0,166.0,167.0,167.0
1214,rpi-8a,432.5,14.6,15.1,216.1,216.6,199.9,416.9
1215,rpi-8a,411.7,433.3,16.3,233.2,16.1,216.6,199.4
1216,rpi-8a,196.5,215.7,416.8,433.3,16.4,433.6,16.4
1217,rpi-8b,229.3,230.1,450.3,31.5,233.2,451.8,15.4
1218,rpi-8a,228.6,232.7,433.5,16.9,232.7,232.9,233.2
1219,rpi-8c,16.4,21.2,743.0,17.1,18.3,17.6,18.3
1220,rpi-4a,987.9,207.2,18.4,20.1,20.0,20.1,20.7
1221,rpi-8d,18.1,16.6,16.7,17.8,1141.8,16.8,17.6
1222,rpi-8c,69.6,244.8,16.9,77.5,56.0,58.5,40.7
1223,rpi-8b,230.4,233.1,453.4,14.9,233.0,233.2,450.7
1224,rpi-8a,229.0,433.1,16.2,232.9,233.3,233.0,217.0
1225,odroid2,163.0,182.0,155.0,171.0,9.0,166.0,334.0
1226,odroid1,163.0,168.0,168.0,166.0,167.0,168.0,168.0
1227,odroid2,165.0,187.0,157.0,169.0,171.0,170.0,170.0
1228,rpi-8c,60.5,2483.8,34.6,20.1,56.5,84.5,58.6
1229,rpi-4a,15.9,1231.5,19.2,15.9,17.9,18.3,17.4
1230,rpi-8c,17.8,1887.5,19.9,52.6,96.0,69.7,20.3
1231,odroid3,165.0,169.0,171.0,168.0,168.0,170.0,169.0
1232,odroid4,169.0,174.0,174.0,174.0,171.0,172.0,175.0
1233,rpi-8b,11.8,232.5,233.3,433.3,15.6,233.3,233.2
1234,rpi-4a,15.7,18.8,600.6,405.6,15.9,20.1,16.8
1235,odroid2,164.0,173.0,157.0,169.0,170.0,168.0,14.0
1236,rpi-4a,21.1,18.4,599.2,206.5,18.1,18.5,19.3
1237,rpi-4a,16.6,1196.2,19.3,17.1,16.9,18.0,1034.6
1238,odroid4,172.0,172.0,174.0,173.0,174.0,172.0,172.0
1239,rpi-4a,18.1,14.9,629.0,15.4,14.5,17.7,17.9
1240,odroid3,199.0,132.0,167.0,166.0,165.0,165.0,168.0
1241,rpi-8a,232.0,429.6,16.9,432.8,17.1,15.8,216.2
1242,rpi-4a,1602.8,21.9,16.6,19.6,19.3,20.0,19.7
1243,rpi-8b,209.2,232.2,433.5,17.0,233.1,233.1,433.3
1244,rpi-8b,232.5,233.5,449.0,16.8,232.4,234.1,449.8
1245,rpi-8c,18.2,122.4,1049.4,17.1,17.8,17.6,17.8
1246,odroid1,165.0,168.0,168.0,169.0,166.0,166.0,167.0
1247,odroid1,165.0,169.0,167.0,169.0,166.0,167.0,167.0
1248,rpi-8c,14.0,15.8,16.6,18.0,80.1,63.6,95.9
1249,rpi-8d,17.2,1392.0,20.1,19.4,20.5,19.7,21.0
1250,rpi-8c,18.8,17.9,17.1,34.7,47.5,32.3,46.3
1251,rpi-4a,16.2,1362.6,203.9,220.8,14.2,643.9,17.8
1252,odroid2,330.0,188.0,153.0,170.0,170.0,169.0,169.0
1253,odroid4,171.0,184.0,162.0,175.0,171.0,174.0,172.0
1254,odroid3,167.0,172.0,169.0,171.0,172.0,173.0,165.0
1255,odroid4,172.0,173.0,175.0,172.0,171.0,173.0,171.0
1256,odroid3,171.0,170.0,170.0,172.0,172.0,169.0,166.0
1257,odroid2,181.0,175.0,152.0,172.0,170.0,170.0,11.0
1258,odroid2,164.0,187.0,153.0,171.0,170.0,172.0,169.0
1259,rpi-8d,16.2,18.2,18.2,965.2,18.3,18.2,20.4
1260,rpi-8b,227.4,232.7,233.0,232.6,450.7,15.5,233.3
1261,rpi-8a,233.5,429.1,16.5,233.1,232.4,433.4,16.4
1262,rpi-8d,987.1,196.7,14.9,16.3,16.5,18.0,19.8
1263,rpi-8b,227.4,233.3,232.6,450.4,14.2,233.7,450.1
1264,rpi-4a,16.9,17.4,1414.3,18.0,16.1,21.1,17.2
1265,odroid3,165.0,174.0,169.0,171.0,171.0,171.0,164.0
1266,rpi-4a,17.9,1582.4,16.6,19.0,19.5,19.4,19.6
1267,rpi-8c,2103.6,19.1,14.5,17.2,17.3,168.6,632.0
1268,odroid1,165.0,169.0,166.0,166.0,165.0,166.0,166.0
1269,odroid3,169.0,172.0,169.0,171.0,171.0,170.0,166.0
1270,rpi-8b,626.2,37.5,12.6,223.9,613.9,13.7,218.8
1271,rpi-8a,233.1,196.0,233.2,233.1,433.3,16.5,233.3
1272,rpi-8a,235.6,225.6,433.4,16.9,232.8,233.3,16.6
1273,odroid4,171.0,173.0,172.0,173.0,174.0,176.0,174.0
1274,odroid3,173.0,173.0,169.0,170.0,169.0,173.0,167.0
1275,rpi-8d,13.7,18.6,770.2,1043.5,19.7,20.4,19.4
1276,odroid3,165.0,170.0,170.0,173.0,172.0,170.0,165.0
1277,odroid1,167.0,167.0,168.0,164.0,168.0,167.0,170.0
1278,odroid3,167.0,169.0,171.0,169.0,170.0,168.0,168.0
1279,odroid1,7.0,158.0,332.0,168.0,165.0,167.0,167.0
1280,rpi-8a,417.8,429.1,233.1,16.1,233.0,233.2,233.4
1281,rpi-8a,429.1,16.2,232.9,233.3,233.2,233.4,16.2
1282,rpi-8c,15.4,33.4,305.7,17.6,72.5,24.6,89.2
1283,odroid4,169.0,174.0,175.0,174.0,171.0,175.0,173.0
1284,odroid4,171.0,173.0,176.0,172.0,173.0,173.0,173.0
1285,odroid4,170.0,175.0,174.0,174.0,172.0,174.0,173.0
1286,rpi-4a,21.1,1370.1,18.7,18.9,18.9,20.3,17.2
1287,odroid3,166.0,166.0,166.0,166.0,166.0,168.0,166.0
1288,rpi-4a,20.6,16.3,420.6,220.9,15.1,18.9,18.7
1289,rpi-8c,204.1,85.2,187.7,187.9,188.0,826.4,21.8
1290,rpi-8d,17.5,19.3,541.0,1051.1,20.4,20.5,21.8
1291,rpi-8d,19.2,581.6,416.5,17.6,17.9,18.0,20.5
1292,rpi-8d,15.4,16.7,17.6,27.2,1801.5,14.0,17.1
1293,rpi-8d,27.1,420.9,17.6,51.1,96.0,41.5,19.1
1294,odroid4,171.0,173.0,185.0,169.0,176.0,173.0,173.0
1295,rpi-4a,17.4,781.8,209.7,18.4,18.2,18.1,18.5
1296,odroid3,162.0,167.0,168.0,165.0,167.0,167.0,165.0
1297,odroid4,171.0,175.0,176.0,172.0,172.0,174.0,173.0
1298,rpi-8b,192.7,435.4,232.0,232.9,450.6,16.5,233.1
1299,odroid1,165.0,168.0,167.0,167.0,167.0,169.0,166.0
1300,odroid1,165.0,14.0,152.0,336.0,166.0,168.0,9.0
1301,odroid4,171.0,174.0,173.0,174.0,171.0,173.0,174.0
1302,odroid3,169.0,172.0,168.0,172.0,171.0,173.0,167.0
1303,rpi-4a,15.4,21.9,971.5,630.4,21.2,19.1,17.6
1304,odroid4,171.0,173.0,175.0,174.0,171.0,173.0,174.0
1305,odroid1,165.0,169.0,168.0,167.0,168.0,167.0,165.0
1306,odroid2,167.0,188.0,2.0,170.0,13.0,317.0,333.0
1307,rpi-8d,17.8,18.5,17.0,987.0,19.0,18.4,21.1
1308,odroid4,171.0,173.0,176.0,173.0,173.0,172.0,172.0
1309,rpi-8b,13.2,432.8,16.2,233.2,233.4,433.4,16.7
1310,odroid1,165.0,166.0,166.0,168.0,166.0,168.0,166.0
1311,rpi-4a,16.6,1625.8,14.9,15.8,632.8,16.9,16.8
1312,rpi-8d,14.3,16.8,18.3,18.8,758.2,627.8,17.8
1313,rpi-8a,14.8,218.9,210.6,199.6,216.5,199.9,417.0
1314,rpi-8c,209.6,230.4,16.5,216.4,200.1,216.6,634.4
1315,rpi-8c,18.2,16.5,16.4,361.7,1055.7,15.6,16.9
1316,odroid2,182.0,170.0,157.0,171.0,169.0,14.0,166.0
1317,rpi-8a,230.2,432.4,16.3,233.1,233.3,433.2,16.2
1318,odroid1,166.0,168.0,167.0,168.0,168.0,168.0,168.0
1319,rpi-8d,14.0,1203.0,17.3,15.2,16.2,16.5,16.8
1320,rpi-8a,16.3,14.2,211.6,413.3,233.3,233.3,433.7
1321,odroid1,164.0,170.0,167.0,166.0,169.0,167.0,169.0
1322,rpi-8b,412.9,230.8,450.1,32.2,451.0,16.0,232.3
1323,odroid2,164.0,187.0,153.0,170.0,168.0,171.0,171.0
1324,odroid4,170.0,174.0,174.0,172.0,173.0,173.0,175.0
1325,odroid2,164.0,183.0,167.0,166.0,166.0,167.0,183.0
1326,odroid1,165.0,168.0,166.0,166.0,166.0,168.0,169.0
1327,rpi-8c,16.9,53.6,39.4,76.8,31.0,144.6,58.7
1328,odroid1,166.0,166.0,167.0,166.0,166.0,167.0,167.0
1329,rpi-8c,13.9,16.5,17.2,17.6,1151.1,16.3,16.2
1330,rpi-4a,18.7,16.1,785.8,418.2,16.3,18.3,17.0
1331,rpi-8d,1642.7,1052.6,18.6,19.1,39.9,79.4,71.9
1332,rpi-8a,428.8,16.6,232.6,233.2,433.4,16.5,233.3
1333,rpi-8c,2158.7,17.4,15.3,17.6,18.4,586.8,16.9
1334,rpi-8c,94.8,1160.1,12.9,20.0,20.6,44.0,44.9
1335,rpi-8c,1847.1,18.6,16.8,20.2,19.1,20.4,22.2
1336,rpi-8c,60.3,522.1,17.5,19.2,57.1,87.5,27.2
1337,odroid2,166.0,188.0,158.0,171.0,171.0,169.0,168.0
1338,rpi-8d,16.0,14.3,16.9,994.3,396.1,16.3,16.5
1339,odroid3,163.0,167.0,167.0,165.0,165.0,165.0,166.0
1340,rpi-8a,16.6,13.1,217.0,212.9,199.8,216.5,417.0
1341,rpi-8a,198.5,212.6,416.6,233.0,432.6,16.4,16.2
1342,rpi-8d,16.6,22.6,529.1,846.3,20.5,20.3,19.5
1343,rpi-8b,197.2,235.9,31.2,200.2,216.6,418.1,14.1
1344,rpi-4a,15.8,1169.2,631.7,15.5,18.0,17.8,18.6
1345,odroid1,165.0,168.0,167.0,167.0,168.0,169.0,168.0
1346,odroid2,164.0,183.0,153.0,171.0,9.0,167.0,333.0
1347,rpi-8b,424.7,16.1,232.3,232.9,233.1,433.3,16.7
1348,rpi-8c,13.0,15.7,22.1,1192.6,15.3,17.2,17.7
1349,rpi-8d,19.5,22.2,1588.9,18.7,21.7,22.3,179.0
1350,rpi-8c,18.0,60.2,246.0,16.5,64.8,87.9,38.6
1351,odroid3,164.0,167.0,167.0,165.0,167.0,165.0,166.0
1352,rpi-4a,12.4,15.6,1163.4,16.7,17.5,17.6,20.3
1353,rpi-8c,16.7,29.4,111.6,23.5,72.8,33.3,92.8
1354,rpi-4a,16.4,20.2,1346.7,633.7,21.5,16.4,18.3
1355,rpi-8a,233.0,430.0,15.7,233.4,16.1,217.1,199.5
1356,rpi-4a,20.3,17.3,552.3,208.0,20.5,16.7,17.8
1357,odroid1,165.0,167.0,167.0,168.0,168.0,165.0,169.0
1358,odroid1,165.0,169.0,167.0,165.0,167.0,167.0,167.0
1359,rpi-4a,15.4,1225.5,22.7,16.4,17.1,18.9,609.0
1360,odroid3,167.0,172.0,168.0,171.0,171.0,173.0,165.0
1361,rpi-8d,17.1,14.4,1197.3,19.3,16.7,626.7,14.6
1362,rpi-8b,230.6,433.2,16.3,233.1,233.3,433.4,17.1
1363,rpi-8b,227.4,231.3,233.6,233.6,231.3,233.0,451.4
1364,odroid4,171.0,173.0,173.0,175.0,172.0,173.0,174.0
1365,rpi-4a,15.7,1194.1,18.6,19.1,17.1,18.4,18.4
1366,odroid3,169.0,172.0,168.0,170.0,172.0,173.0,167.0
1367,odroid4,172.0,171.0,174.0,171.0,174.0,172.0,173.0
1368,rpi-8b,227.3,232.9,449.5,31.3,233.8,233.4,450.4
1369,odroid1,167.0,11.0,156.0,333.0,168.0,168.0,6.0
1370,rpi-8d,19.7,20.8,21.4,1380.5,20.5,20.7,20.6
1371,odroid1,165.0,167.0,167.0,167.0,169.0,167.0,166.0
1372,odroid4,170.0,173.0,175.0,173.0,172.0,173.0,171.0
1373,rpi-8b,230.1,433.0,16.5,233.5,16.1,216.6,200.0
1374,odroid2,163.0,180.0,157.0,172.0,168.0,171.0,170.0
1375,odroid2,180.0,173.0,157.0,170.0,171.0,170.0,169.0
1376,odroid3,168.0,170.0,169.0,171.0,173.0,169.0,167.0
1377,rpi-4a,15.0,1172.6,631.1,16.2,16.0,17.4,17.6
1378,odroid1,163.0,170.0,167.0,167.0,167.0,167.0,167.0
1379,rpi-8d,11.4,1596.0,16.4,433.3,16.5,16.2,16.5
1380,odroid3,166.0,172.0,170.0,173.0,173.0,172.0,165.0
1381,rpi-8b,431.3,28.3,232.5,233.0,234.1,450.3,15.1
1382,rpi-8d,19.9,19.5,1785.4,17.3,21.4,22.7,18.9
1383,rpi-8c,816.9,13.9,16.9,18.3,17.6,88.2,55.9
1384,odroid2,180.0,181.0,148.0,172.0,167.0,15.0,167.0
1385,odroid1,164.0,168.0,168.0,14.0,153.0,332.0,169.0
1386,rpi-4a,16.2,19.2,1212.6,21.1,16.5,18.5,18.9
1387,odroid2,163.0,179.0,157.0,169.0,171.0,171.0,169.0
1388,rpi-8b,431.1,15.8,235.7,233.3,450.4,15.4,233.5
1389,odroid1,166.0,167.0,169.0,168.0,166.0,167.0,168.0
1390,rpi-8a,14.7,229.8,233.4,232.7,433.5,16.5,233.0
1391,rpi-4a,1030.2,16.6,227.2,15.2,16.7,16.6,16.8
1392,rpi-4a,16.1,18.6,983.1,630.3,17.6,15.8,19.4
1393,odroid4,172.0,173.0,174.0,174.0,173.0,172.0,172.0
1394,rpi-4a,1369.1,18.1,21.1,18.2,17.9,19.8,19.4
1395,odroid2,164.0,187.0,154.0,171.0,171.0,170.0,168.0
1396,odroid4,170.0,173.0,174.0,173.0,174.0,173.0,175.0
1397,rpi-8b,413.6,233.0,433.5,16.1,233.1,233.7,233.2
1398,rpi-8c,1873.6,18.0,15.5,19.3,19.0,21.2,15.7
1399,rpi-8c,82.4,596.7,1909.8,17.7,15.6,24.6,87.3
1400,rpi-8a,14.1,433.5,13.9,231.5,233.2,233.4,433.1
1401,rpi-8a,11.9,431.7,11.5,233.3,16.2,216.5,200.0
1402,rpi-8a,430.3,15.4,231.7,233.1,233.3,433.2,17.0
1403,odroid3,166.0,171.0,171.0,173.0,171.0,172.0,166.0
1404,odroid2,164.0,187.0,157.0,170.0,170.0,170.0,12.0
1405,rpi-8b,230.3,232.7,233.1,433.1,16.7,232.6,233.5
1406,rpi-8b,12.0,227.6,12.8,216.6,199.8,433.7,433.4
1407,odroid4,173.0,172.0,174.0,172.0,173.0,173.0,171.0
1408,rpi-8a,430.9,15.9,231.4,233.2,233.2,16.5,216.4
1409,rpi-8c,17.5,2563.5,51.4,85.1,81.8,78.1,68.0
1410,rpi-8b,13.1,232.0,233.1,433.6,16.5,233.1,233.1
1411,odroid2,166.0,187.0,157.0,168.0,169.0,172.0,10.0
1412,rpi-8a,13.3,234.3,228.7,433.3,15.9,233.3,233.4
1413,rpi-8c,2565.2,13.1,16.1,32.4,136.6,30.6,33.4
1414,odroid4,168.0,171.0,173.0,173.0,173.0,172.0,173.0
1415,rpi-4a,25.4,16.3,21.5,816.2,16.9,15.7,17.5
1416,rpi-8c,19.1,16.8,57.1,568.3,17.1,20.4,59.5
1417,rpi-8c,56.9,1911.1,253.6,20.9,20.1,40.1,77.8
1418,odroid4,170.0,173.0,175.0,174.0,172.0,175.0,173.0
1419,odroid1,166.0,168.0,9.0,157.0,330.0,166.0,169.0
1420,rpi-8a,229.4,433.1,16.4,233.2,433.3,16.3,233.3
1421,rpi-8a,231.4,230.6,233.4,16.2,216.5,617.0,16.6
1422,rpi-4a,18.0,16.3,978.4,418.8,15.5,18.6,18.4
1423,odroid4,170.0,172.0,174.0,173.0,172.0,171.0,175.0
1424,odroid3,163.0,165.0,168.0,164.0,167.0,167.0,165.0
1425,rpi-8a,415.7,229.7,233.3,433.2,16.8,433.1,16.4
1426,odroid4,171.0,173.0,173.0,173.0,171.0,172.0,173.0
1427,odroid4,171.0,173.0,173.0,173.0,172.0,172.0,173.0
1428,odroid1,9.0,323.0,334.0,167.0,166.0,168.0,166.0
1429,rpi-8c,35.1,107.2,890.1,1923.0,17.1,17.0,64.7
1430,rpi-8a,415.6,14.6,231.6,233.1,433.5,16.5,233.2
1431,rpi-8a,230.7,447.0,16.9,232.7,233.1,433.6,16.5
1432,odroid3,168.0,171.0,169.0,173.0,171.0,169.0,167.0
1433,rpi-8b,229.6,433.2,16.0,233.1,233.2,433.4,17.1
1434,rpi-8a,211.1,216.4,416.5,233.2,233.4,433.4,16.6
1435,odroid4,170.0,174.0,173.0,173.0,174.0,171.0,174.0
1436,rpi-8c,47.2,2105.8,7.4,435.7,16.7,17.8,17.8
1437,odroid3,165.0,166.0,168.0,166.0,164.0,167.0,165.0
1438,odroid1,164.0,168.0,167.0,8.0,158.0,333.0,167.0
1439,odroid4,167.0,174.0,171.0,175.0,345.0,16.0,186.0
1440,odroid4,170.0,175.0,176.0,172.0,173.0,175.0,172.0
1441,rpi-8c,17.2,17.9,18.5,18.1,37.7,67.4,38.2
1442,rpi-8c,1581.9,14.9,20.2,196.5,19.8,16.6,16.6
1443,odroid4,171.0,174.0,174.0,173.0,172.0,174.0,176.0
1444,rpi-8a,431.8,15.2,232.1,233.0,233.4,16.7,216.2
1445,odroid4,173.0,175.0,175.0,172.0,174.0,172.0,173.0
1446,odroid1,164.0,169.0,167.0,14.0,151.0,333.0,168.0
1447,rpi-8a,14.8,12.0,219.5,212.3,199.9,416.8,233.4
1448,rpi-8a,229.3,232.8,432.3,16.5,233.2,233.3,233.4
1449,rpi-8a,230.7,430.0,16.6,433.0,16.5,233.0,233.2
1450,rpi-4a,15.7,16.0,788.0,417.4,17.0,18.5,18.9
1451,rpi-8a,228.7,232.8,433.3,16.6,433.4,16.6,232.8
1452,odroid2,164.0,180.0,157.0,171.0,172.0,169.0,170.0
1453,rpi-4a,17.5,41.8,1137.9,632.6,19.7,15.8,19.0
1454,rpi-8b,16.8,420.7,17.1,232.2,233.1,231.9,216.7
1455,rpi-8b,209.3,216.2,199.8,421.4,426.1,16.3,434.6
1456,odroid2,164.0,175.0,154.0,170.0,170.0,169.0,12.0
1457,rpi-8b,430.1,16.7,233.2,16.2,216.6,199.9,633.7
1458,odroid2,180.0,173.0,158.0,169.0,170.0,14.0,166.0
1459,rpi-8a,212.3,216.3,199.9,216.3,417.0,233.2,433.3
1460,odroid4,172.0,174.0,173.0,176.0,172.0,173.0,172.0
1461,odroid4,170.0,173.0,173.0,173.0,171.0,172.0,173.0
1462,rpi-8b,213.2,419.3,232.5,450.3,15.8,234.3,232.7
1463,rpi-4a,20.3,17.7,1597.5,21.8,232.5,20.2,21.9
1464,odroid4,170.0,174.0,173.0,174.0,172.0,173.0,173.0
1465,rpi-8a,199.8,212.3,417.2,232.7,417.8,15.7,232.6
1466,odroid3,166.0,171.0,169.0,173.0,172.0,172.0,166.0
1467,rpi-8c,16.7,16.4,933.2,629.2,17.2,17.5,18.2
1468,odroid4,171.0,172.0,175.0,171.0,174.0,175.0,171.0
1469,rpi-8b,12.2,225.8,232.1,433.5,16.6,232.8,216.8
1470,rpi-8d,195.1,216.1,636.7,31.8,230.6,234.3,215.8
1471,odroid4,171.0,173.0,174.0,173.0,176.0,174.0,173.0
1472,odroid2,164.0,179.0,152.0,169.0,169.0,29.0,151.0
1473,odroid3,164.0,166.0,167.0,166.0,166.0,168.0,165.0
1474,rpi-4a,17.8,18.6,975.3,632.6,17.9,17.0,19.4
1475,rpi-8a,14.5,228.7,233.4,433.3,16.3,233.3,233.3
1476,rpi-8d,14.0,14.7,16.0,16.9,974.1,416.7,16.2
1477,rpi-8a,203.3,225.8,233.3,434.1,15.8,234.0,233.4
1478,rpi-8b,430.5,16.5,232.7,233.1,433.5,16.8,233.2
1479,odroid1,163.0,168.0,165.0,168.0,167.0,167.0,168.0
1480,odroid4,171.0,176.0,172.0,172.0,175.0,172.0,174.0
1481,odroid3,165.0,171.0,168.0,170.0,171.0,171.0,168.0
1482,rpi-4a,15.5,16.0,970.6,630.9,16.2,16.2,16.6
1483,odroid2,185.0,10.0,150.0,349.0,166.0,166.0,166.0
1484,odroid3,163.0,164.0,169.0,165.0,166.0,168.0,166.0
1485,odroid2,163.0,180.0,156.0,169.0,168.0,170.0,169.0
1486,rpi-8b,225.6,234.3,233.2,232.3,449.6,16.6,232.9
1487,odroid4,172.0,173.0,174.0,173.0,173.0,172.0,174.0
1488,odroid1,165.0,167.0,167.0,167.0,167.0,168.0,166.0
1489,rpi-8a,229.1,232.9,432.7,16.9,232.8,233.0,433.6
1490,rpi-8d,17.9,19.0,19.7,771.3,19.5,20.1,20.0
1491,rpi-4a,15.3,18.8,397.9,209.5,19.1,19.3,18.7
1492,odroid2,164.0,175.0,156.0,170.0,169.0,13.0,166.0
1493,odroid4,169.0,175.0,173.0,173.0,174.0,172.0,173.0
1494,odroid1,165.0,168.0,168.0,15.0,151.0,330.0,169.0
1495,odroid1,165.0,168.0,167.0,169.0,165.0,166.0,167.0
1496,odroid3,167.0,169.0,169.0,169.0,168.0,168.0,169.0
1497,odroid3,166.0,171.0,168.0,172.0,172.0,171.0,165.0
1498,rpi-8a,213.4,417.0,232.6,433.7,15.9,233.6,232.4
1499,rpi-4a,15.5,17.1,980.5,629.4,18.4,16.0,205.0
1500,odroid4,171.0,174.0,175.0,174.0,173.0,173.0,173.0
1501,rpi-8d,18.2,20.3,333.4,837.9,18.4,19.7,19.8
1502,rpi-8a,231.5,230.4,233.7,431.7,16.4,16.3,216.6
1503,rpi-8b,10.9,448.8,28.4,31.0,201.1,216.7,216.0
1504,rpi-8d,15.6,14.7,17.0,1160.3,6.1,16.8,16.5
1505,odroid4,171.0,175.0,173.0,175.0,174.0,172.0,171.0
1506,rpi-8b,14.6,23.0,218.1,199.6,215.8,418.4,232.2
1507,rpi-8a,16.1,429.3,15.5,233.2,233.2,233.3,433.4
1508,odroid3,168.0,173.0,169.0,172.0,171.0,172.0,167.0
1509,odroid4,170.0,173.0,173.0,173.0,171.0,173.0,171.0
1510,rpi-8b,13.7,25.7,197.0,216.2,216.7,416.7,433.2
1511,rpi-8a,216.0,413.1,233.2,433.5,16.3,233.3,233.1
1512,rpi-8c,1344.7,18.3,16.6,17.3,17.7,18.3,17.6
1513,rpi-4a,16.7,18.3,1222.3,17.9,15.7,20.2,620.0
1514,odroid2,164.0,353.0,151.0,170.0,169.0,169.0,168.0
1515,rpi-8c,51.8,787.2,17.7,18.2,18.1,58.0,2422.7
1516,rpi-8c,423.3,1469.7,15.8,16.9,46.4,64.1,59.4
1517,rpi-8b,14.1,11.9,13.2,413.5,215.7,216.8,416.7
1518,rpi-4a,16.1,18.7,974.1,422.6,15.8,18.6,18.8
1519,odroid4,172.0,171.0,174.0,172.0,175.0,173.0,175.0
1520,rpi-8d,13.9,18.5,19.3,19.0,1130.5,18.7,19.2
1521,odroid2,164.0,183.0,157.0,171.0,5.0,167.0,334.0
1522,rpi-8c,21.5,2414.0,21.1,14.1,15.6,19.4,19.7
1523,rpi-8d,18.3,20.4,21.5,947.5,628.3,19.8,21.4
1524,rpi-8a,215.9,195.7,634.8,15.2,432.3,16.6,433.5
1525,odroid2,2.0,9.0,644.0,80.0,249.0,12.0,382.0
1526,rpi-8c,19.7,21.1,1138.9,13.3,19.7,19.3,20.7
1527,odroid1,164.0,168.0,166.0,166.0,169.0,167.0,168.0
1528,odroid2,164.0,183.0,156.0,172.0,5.0,167.0,350.0
1529,rpi-8a,18.6,9.8,216.2,215.2,199.9,217.0,416.2
1530,odroid3,165.0,167.0,171.0,167.0,168.0,169.0,169.0
1531,odroid3,166.0,174.0,168.0,170.0,172.0,169.0,165.0
1532,odroid2,11.0,172.0,326.0,172.0,168.0,170.0,170.0
1533,rpi-8b,230.2,433.5,16.4,232.8,433.2,16.7,433.1
1534,rpi-8b,14.0,13.6,228.6,216.0,199.8,215.6,199.6
1535,rpi-8b,25.7,11.6,217.6,216.2,215.9,418.1,503.5
1536,rpi-8b,15.2,443.2,29.8,233.0,450.8,15.8,231.9
1537,rpi-8a,428.3,16.3,233.0,233.3,433.4,16.9,232.8
1538,odroid2,167.0,186.0,11.0,150.0,334.0,182.0,167.0
1539,rpi-4a,792.8,14.0,18.4,18.4,17.8,46.1,31.2
1540,rpi-8c,53.4,425.3,17.9,49.4,85.1,1988.9,20.4
1541,odroid4,173.0,171.0,175.0,173.0,172.0,172.0,172.0
1542,odroid3,164.0,165.0,166.0,166.0,165.0,165.0,167.0
1543,rpi-4a,21.9,14.9,773.0,422.5,16.8,20.7,18.3
1544,odroid1,166.0,166.0,167.0,8.0,157.0,333.0,169.0
1545,odroid3,168.0,173.0,168.0,172.0,172.0,171.0,166.0
1546,rpi-4a,19.0,19.3,770.8,208.4,21.2,17.3,608.5
1547,rpi-8d,981.2,222.7,17.5,17.6,17.9,17.5,17.7
1548,odroid4,172.0,172.0,176.0,174.0,172.0,171.0,175.0
1549,rpi-4a,791.6,203.4,15.6,19.5,16.6,17.3,17.9
1550,rpi-4a,16.2,21.0,786.1,631.8,23.5,16.3,17.3
1551,rpi-8b,230.7,432.7,16.8,232.9,233.1,433.5,16.2
1552,rpi-8d,16.7,21.1,17.9,392.5,18.5,20.7,17.6
1553,rpi-4a,17.6,22.9,965.0,421.4,15.9,19.4,19.3
1554,odroid1,155.0,333.0,167.0,164.0,166.0,166.0,168.0
1555,odroid1,163.0,167.0,168.0,168.0,167.0,169.0,165.0
1556,rpi-8d,15.6,17.0,1173.8,417.4,16.5,17.8,17.9
1557,odroid3,168.0,174.0,169.0,173.0,173.0,170.0,167.0
1558,odroid1,163.0,169.0,168.0,165.0,169.0,169.0,166.0
1559,odroid3,165.0,166.0,170.0,165.0,165.0,167.0,165.0
1560,odroid1,166.0,168.0,166.0,166.0,167.0,167.0,167.0
1561,rpi-4a,15.9,1597.1,19.0,15.7,19.4,17.4,18.5
1562,rpi-8b,227.2,231.8,232.8,232.6,451.0,14.8,232.9
1563,odroid3,167.0,172.0,170.0,172.0,173.0,173.0,167.0
1564,odroid1,166.0,168.0,167.0,168.0,166.0,168.0,165.0
1565,rpi-8d,20.1,18.8,1580.2,17.6,21.0,20.1,20.4
1566,rpi-8d,18.4,1412.7,19.0,16.4,16.0,16.8,17.3
1567,odroid2,163.0,167.0,166.0,184.0,167.0,167.0,165.0
1568,rpi-8b,227.5,450.3,30.6,232.9,234.0,232.7,450.4
1569,rpi-8d,18.8,20.2,99.5,1691.4,21.2,20.2,19.5
1570,rpi-8d,49.3,1107.6,15.5,16.5,16.8,16.5,16.8
1571,odroid2,165.0,181.0,158.0,171.0,6.0,165.0,351.0
1572,odroid1,165.0,169.0,168.0,167.0,167.0,167.0,169.0
1573,rpi-4a,16.5,1388.5,411.4,20.7,17.1,20.9,17.1
1574,odroid1,166.0,166.0,165.0,167.0,169.0,168.0,169.0
1575,odroid1,165.0,168.0,167.0,13.0,154.0,336.0,166.0
1576,odroid2,165.0,190.0,151.0,171.0,170.0,168.0,171.0
1577,rpi-8c,16.8,60.1,1751.1,22.0,16.1,16.7,189.3
1578,rpi-8d,16.7,21.2,1587.2,20.2,17.9,206.5,20.0
1579,odroid4,171.0,175.0,174.0,175.0,173.0,172.0,174.0
1580,rpi-8b,197.6,215.6,216.2,417.0,216.3,433.7,16.4
1581,rpi-8d,25.0,1595.2,15.2,19.5,20.2,20.3,20.9
1582,rpi-8a,13.5,230.9,228.8,216.9,234.5,232.1,15.6
1583,rpi-8a,16.5,14.4,216.3,212.3,199.7,216.4,416.0
1584,rpi-8c,17.1,18.9,16.7,18.6,18.8,1772.5,17.8
1585,rpi-8d,19.4,19.8,1595.7,20.7,20.9,17.4,21.5
1586,odroid1,164.0,168.0,166.0,167.0,167.0,167.0,168.0
1587,odroid2,339.0,362.0,158.0,177.0,178.0,173.0,173.0
1588,rpi-8a,428.8,16.4,232.3,233.3,433.4,16.7,233.0
1589,rpi-8d,20.3,14.0,17.5,17.7,961.8,19.3,16.8
1590,odroid1,164.0,168.0,168.0,13.0,153.0,333.0,168.0
1591,odroid4,172.0,172.0,174.0,174.0,174.0,173.0,174.0
1592,odroid3,164.0,183.0,184.0,170.0,169.0,173.0,172.0
1593,odroid2,167.0,188.0,15.0,150.0,333.0,166.0,166.0
1594,rpi-4a,16.4,16.3,970.2,630.9,18.1,15.7,18.1
1595,rpi-8a,16.5,227.3,233.3,433.1,16.6,233.2,233.4
1596,rpi-8c,17.9,16.8,19.1,19.5,28.7,63.7,74.3
1597,odroid2,183.0,13.0,149.0,350.0,167.0,166.0,168.0
1598,rpi-4a,18.9,17.6,973.3,639.3,21.9,19.2,20.0
1599,rpi-4a,18.1,19.4,1395.1,19.4,16.8,19.3,19.1
1600,rpi-4a,17.1,19.1,783.7,629.0,21.9,17.0,20.6
1601,odroid2,164.0,180.0,154.0,172.0,170.0,171.0,170.0
1602,rpi-8c,14.4,402.5,18.5,32.3,2270.6,25.3,18.5
1603,rpi-4a,14.8,17.1,1372.4,19.5,18.4,19.4,17.6
1604,odroid1,166.0,167.0,166.0,168.0,168.0,168.0,168.0
1605,rpi-8b,230.5,30.5,216.4,199.2,416.0,233.2,232.7
1606,odroid2,164.0,349.0,150.0,171.0,12.0,167.0,333.0
1607,odroid1,165.0,167.0,166.0,9.0,159.0,333.0,168.0
1608,rpi-8d,1211.6,19.2,18.0,20.4,17.1,18.9,20.1
1609,rpi-8c,15.0,14.1,17.8,17.1,586.1,16.3,16.9
1610,rpi-8d,16.5,1402.3,19.5,21.5,21.8,17.6,20.2
1611,rpi-8c,115.8,96.1,139.1,2.1,42.1,31.5,139.9
1612,rpi-8a,15.7,218.6,193.9,216.3,216.5,199.4,633.9
1613,odroid4,172.0,171.0,177.0,172.0,175.0,173.0,173.0
1614,odroid4,170.0,174.0,174.0,172.0,174.0,174.0,175.0
1615,odroid3,167.0,172.0,168.0,172.0,172.0,171.0,166.0
1616,rpi-8c,71.8,119.5,88.8,31.4,167.8,1895.2,15.9
1617,odroid1,166.0,169.0,169.0,11.0,157.0,331.0,168.0
1618,odroid1,166.0,168.0,168.0,12.0,154.0,331.0,167.0
1619,odroid2,167.0,190.0,156.0,170.0,169.0,171.0,9.0
1620,rpi-8a,416.4,229.1,233.4,432.4,16.7,233.0,434.3
1621,rpi-4a,16.7,25.3,781.1,421.0,18.3,21.0,19.7
1622,rpi-4a,15.3,17.7,783.8,420.9,14.9,20.5,16.5
1623,odroid3,167.0,174.0,169.0,172.0,170.0,171.0,165.0
1624,odroid1,166.0,167.0,166.0,13.0,154.0,331.0,168.0
1625,odroid1,163.0,169.0,166.0,166.0,167.0,170.0,168.0
1626,odroid2,164.0,181.0,157.0,172.0,7.0,166.0,349.0
1627,odroid1,164.0,167.0,169.0,16.0,150.0,332.0,166.0
1628,odroid1,167.0,168.0,168.0,169.0,167.0,168.0,168.0
1629,rpi-8c,14.3,310.0,16.8,56.7,79.6,57.1,45.7
1630,odroid4,170.0,173.0,173.0,172.0,173.0,173.0,173.0
1631,odroid1,166.0,168.0,167.0,167.0,167.0,169.0,168.0
1632,rpi-8c,17.1,748.9,16.9,610.3,16.5,16.9,17.2
1633,odroid2,164.0,188.0,155.0,171.0,170.0,168.0,13.0
1634,odroid2,164.0,185.0,149.0,171.0,170.0,170.0,169.0
1635,rpi-8b,394.1,231.9,233.3,450.2,15.3,233.0,233.9
1636,rpi-8b,209.5,232.7,233.7,233.3,449.8,17.0,232.7
1637,odroid4,171.0,175.0,174.0,172.0,174.0,173.0,173.0
1638,rpi-4a,17.0,1620.1,22.6,18.3,20.1,20.0,19.6
1639,rpi-8a,18.3,11.8,213.6,216.5,216.4,199.3,634.0
1640,rpi-4a,18.8,18.5,1172.2,630.7,24.1,17.4,19.7
1641,rpi-8b,444.9,31.8,233.5,31.0,199.8,218.0,616.4
1642,rpi-8a,429.1,16.3,233.0,233.2,233.0,233.4,432.9
1643,rpi-4a,16.4,17.6,1002.6,16.1,15.9,17.1,17.0
1644,odroid4,169.0,171.0,175.0,174.0,174.0,173.0,174.0
1645,rpi-8b,230.2,452.4,31.5,234.0,233.2,450.3,15.8
1646,rpi-8c,4.0,837.0,16.6,17.2,17.7,2281.2,19.2
1647,rpi-4a,16.4,19.4,974.1,631.7,20.4,16.2,19.1
1648,odroid1,167.0,166.0,167.0,169.0,167.0,167.0,168.0
1649,rpi-8b,412.2,232.0,449.6,31.5,233.7,233.5,450.4
1650,rpi-8b,13.5,432.3,16.2,232.7,233.3,233.1,216.8
1651,odroid4,172.0,173.0,175.0,172.0,171.0,174.0,172.0
1652,rpi-4a,18.5,18.1,1204.0,19.0,17.0,632.4,22.6
1653,odroid2,163.0,180.0,159.0,170.0,171.0,169.0,170.0
1654,odroid2,164.0,170.0,158.0,169.0,168.0,16.0,168.0
1655,rpi-8d,18.7,118.0,1468.1,21.8,19.7,20.5,20.7
1656,rpi-8b,230.0,433.1,16.3,233.2,233.6,434.0,15.6
1657,odroid4,170.0,175.0,174.0,173.0,173.0,172.0,172.0
1658,rpi-8b,212.1,231.5,232.6,233.7,450.0,15.5,232.8
1659,rpi-4a,14.6,18.5,816.1,11.5,228.6,17.3,19.0
1660,rpi-8b,12.4,11.9,214.1,214.7,216.5,199.7,633.7
1661,odroid3,166.0,170.0,170.0,168.0,170.0,169.0,169.0
1662,odroid3,164.0,165.0,168.0,165.0,167.0,166.0,167.0
1663,rpi-4a,15.5,18.3,828.6,172.0,17.1,18.7,18.2
1664,rpi-4a,14.3,1183.0,628.4,17.2,16.4,18.7,17.2
1665,odroid1,163.0,168.0,167.0,165.0,169.0,166.0,166.0
1666,rpi-8d,14.4,15.9,16.7,16.7,16.8,72.1,75.9
1667,rpi-8d,16.2,17.8,15.3,84.5,79.8,63.7,96.2
1668,odroid1,165.0,169.0,165.0,166.0,167.0,168.0,169.0
1669,rpi-4a,18.0,18.2,781.3,630.6,20.8,17.0,19.8
1670,odroid4,170.0,173.0,176.0,173.0,172.0,173.0,175.0
1671,rpi-8b,447.9,28.7,230.5,232.8,450.5,15.9,233.4
1672,rpi-4a,15.4,34.4,1348.4,414.9,18.0,18.2,631.4
1673,odroid3,163.0,165.0,167.0,164.0,167.0,166.0,165.0
1674,odroid3,167.0,174.0,171.0,170.0,171.0,171.0,165.0
1675,rpi-8d,17.1,19.2,953.9,836.7,20.1,19.3,20.1
1676,odroid1,163.0,169.0,167.0,168.0,169.0,168.0,169.0
1677,odroid2,163.0,180.0,154.0,170.0,169.0,11.0,166.0
1678,rpi-8a,230.9,432.1,16.7,233.0,232.2,233.4,433.1
1679,rpi-8a,15.8,211.9,216.2,199.7,417.0,233.2,433.4
1680,odroid3,168.0,173.0,168.0,170.0,171.0,171.0,166.0
1681,rpi-8d,18.6,18.7,19.2,1410.3,17.7,22.3,20.1
1682,rpi-4a,16.4,18.1,985.9,420.0,18.2,20.6,20.4
1683,odroid1,166.0,15.0,150.0,331.0,169.0,166.0,13.0
1684,rpi-8c,19.4,1478.0,18.4,18.1,19.7,20.2,14.9
1685,rpi-8c,1418.8,19.1,22.6,17.4,16.4,18.9,19.2
1686,odroid1,332.0,169.0,165.0,4.0,163.0,4.0,326.0
1687,rpi-4a,15.2,20.7,590.8,408.6,16.5,16.6,17.2
1688,rpi-8a,16.5,15.1,214.7,213.6,199.8,215.3,417.1
1689,rpi-8b,227.9,449.8,30.2,233.7,233.6,450.6,15.1
1690,odroid3,170.0,170.0,168.0,170.0,172.0,169.0,167.0
1691,rpi-8b,12.8,433.2,16.3,232.5,233.4,233.1,433.5
1692,rpi-8b,37.2,197.2,199.6,216.6,416.8,233.3,233.2
1693,odroid3,168.0,172.0,169.0,171.0,170.0,172.0,167.0
1694,rpi-8b,11.8,215.0,216.1,216.4,416.8,233.4,450.5
1695,rpi-8b,225.8,232.0,433.9,15.6,233.6,233.2,233.0
1696,odroid4,172.0,173.0,175.0,173.0,173.0,172.0,173.0
1697,rpi-8c,51.6,1339.9,1705.8,21.6,20.6,19.6,38.9
1698,rpi-8d,17.0,20.4,952.9,838.4,18.7,19.7,19.2
1699,odroid2,164.0,186.0,156.0,170.0,169.0,171.0,170.0
1700,odroid3,167.0,173.0,170.0,171.0,173.0,171.0,168.0
1701,odroid3,164.0,166.0,166.0,167.0,168.0,167.0,167.0
1702,odroid3,168.0,172.0,169.0,170.0,170.0,171.0,165.0
1703,odroid1,165.0,168.0,168.0,166.0,166.0,169.0,168.0
1704,rpi-8b,227.0,450.3,31.3,233.2,232.9,450.4,32.0
1705,odroid4,171.0,174.0,175.0,173.0,174.0,173.0,174.0
1706,odroid4,172.0,173.0,174.0,172.0,173.0,172.0,174.0
1707,rpi-8a,229.3,199.9,233.0,233.2,433.9,16.1,233.5
1708,rpi-8d,15.6,17.7,338.2,838.7,17.9,18.0,18.1
1709,rpi-8c,16.3,20.2,17.5,24.7,32.9,74.8,45.7
1710,odroid2,164.0,188.0,154.0,171.0,168.0,169.0,170.0
1711,odroid4,169.0,174.0,175.0,171.0,173.0,174.0,174.0
1712,rpi-4a,20.7,16.1,970.9,632.2,21.0,17.5,22.4
1713,rpi-8a,235.9,426.4,17.1,15.5,216.8,199.7,216.9
1714,rpi-8b,230.7,235.3,450.1,16.1,233.2,233.6,449.6
1715,odroid3,167.0,168.0,170.0,169.0,166.0,168.0,167.0
1716,odroid4,169.0,174.0,173.0,172.0,173.0,172.0,173.0
1717,rpi-4a,18.5,17.1,1406.9,24.1,17.7,16.4,19.0
1718,rpi-8a,13.6,234.7,228.8,233.1,433.7,16.0,16.2
1719,odroid4,173.0,173.0,175.0,173.0,173.0,174.0,174.0
1720,rpi-4a,15.3,17.6,1007.7,18.9,15.9,17.5,16.9
1721,odroid4,172.0,171.0,176.0,175.0,172.0,172.0,172.0
1722,odroid1,163.0,170.0,166.0,166.0,167.0,167.0,166.0
1723,rpi-8c,107.3,1792.5,13.3,17.4,20.7,406.4,812.7
1724,odroid3,168.0,167.0,170.0,166.0,171.0,168.0,169.0
1725,odroid2,10.0,173.0,324.0,172.0,170.0,169.0,170.0
1726,odroid2,163.0,186.0,158.0,170.0,169.0,182.0,167.0
1727,rpi-8a,228.8,232.9,16.4,216.5,417.1,233.0,233.0
1728,odroid1,166.0,167.0,168.0,167.0,167.0,166.0,169.0
1729,odroid2,164.0,178.0,156.0,171.0,171.0,7.0,167.0
1730,rpi-4a,22.3,15.7,962.4,632.3,21.4,16.4,16.7
1731,odroid1,165.0,168.0,168.0,168.0,168.0,168.0,166.0
1732,rpi-8a,416.2,15.4,230.6,233.0,16.9,216.0,199.8
1733,rpi-8b,228.2,215.2,233.4,231.9,233.4,452.3,14.3
1734,odroid2,163.0,183.0,155.0,172.0,5.0,166.0,351.0
1735,rpi-8c,16.3,165.6,1910.1,20.1,16.7,18.7,18.5
1736,rpi-8b,11.5,12.8,213.0,216.2,216.5,199.8,416.9
1737,odroid2,164.0,179.0,156.0,171.0,170.0,169.0,171.0
1738,rpi-8c,16.6,15.1,18.7,25.4,88.3,35.3,63.8
1739,rpi-8a,15.3,233.2,228.4,433.5,16.3,233.4,233.1
1740,odroid3,164.0,166.0,165.0,167.0,165.0,167.0,167.0
1741,odroid1,165.0,167.0,166.0,168.0,169.0,166.0,166.0
1742,rpi-8c,98.8,950.7,18.6,17.6,17.0,18.3,2019.5
1743,rpi-8d,17.0,19.8,18.9,1161.8,22.3,18.5,17.4
1744,rpi-8b,228.1,456.5,24.1,232.1,233.8,450.4,16.6
1745,odroid1,165.0,168.0,169.0,166.0,167.0,165.0,169.0
1746,odroid2,165.0,189.0,156.0,172.0,170.0,170.0,11.0
1747,odroid2,164.0,177.0,156.0,170.0,170.0,9.0,167.0
1748,rpi-8b,446.6,30.3,234.3,230.8,449.9,16.4,451.1
1749,rpi-8a,195.4,216.3,216.4,416.6,233.2,233.3,433.5
1750,odroid2,164.0,186.0,154.0,171.0,169.0,171.0,170.0
1751,rpi-8d,18.0,21.8,376.7,629.3,20.2,20.5,20.2
1752,odroid1,165.0,168.0,166.0,14.0,152.0,330.0,167.0
1753,rpi-8c,29.2,46.9,16.6,2095.4,18.7,17.9,17.9
1754,rpi-8c,14.3,17.1,127.4,1054.0,18.9,823.9,18.0
1755,odroid2,164.0,186.0,154.0,170.0,172.0,168.0,169.0
1756,odroid4,169.0,172.0,174.0,174.0,175.0,173.0,172.0
1757,odroid4,170.0,173.0,173.0,175.0,171.0,176.0,173.0
1758,rpi-8a,15.8,430.3,14.4,233.0,16.3,216.5,200.0
1759,rpi-8a,229.9,232.8,433.2,16.7,233.0,16.7,216.5
1760,odroid3,165.0,165.0,166.0,164.0,167.0,166.0,166.0
1761,rpi-8b,430.4,16.4,235.9,232.2,450.7,15.4,233.9
1762,rpi-8a,234.6,427.7,16.5,233.2,16.3,216.4,199.9
1763,odroid4,169.0,173.0,173.0,172.0,174.0,173.0,173.0
1764,rpi-4a,13.4,19.6,977.1,415.7,19.1,19.7,22.1
1765,rpi-8b,226.2,449.6,31.9,250.3,249.7,450.5,32.3
1766,odroid2,11.0,172.0,327.0,171.0,170.0,170.0,170.0
1767,odroid3,168.0,171.0,169.0,172.0,171.0,175.0,161.0
1768,rpi-8c,16.9,17.6,1387.8,16.5,18.9,18.7,19.4
1769,rpi-8d,21.1,18.4,20.8,1591.8,21.9,19.9,21.7
1770,rpi-4a,17.6,57.0,1120.3,630.5,20.3,16.7,18.6
1771,rpi-4a,17.4,15.8,1423.0,19.3,17.0,18.7,20.3
1772,odroid1,165.0,167.0,169.0,165.0,169.0,169.0,166.0
1773,rpi-8d,18.2,20.9,23.8,745.8,628.1,20.7,21.5
1774,rpi-4a,823.0,391.1,17.2,18.1,19.4,18.9,19.0
1775,rpi-8a,15.3,230.8,230.5,433.1,16.5,232.8,233.2
1776,rpi-8b,226.7,233.0,233.0,232.7,233.5,232.8,233.3
1777,odroid4,170.0,174.0,173.0,173.0,172.0,171.0,175.0
1778,odroid4,171.0,173.0,175.0,173.0,172.0,172.0,173.0
1779,odroid2,164.0,177.0,152.0,170.0,168.0,170.0,12.0
1780,odroid2,167.0,191.0,152.0,169.0,170.0,171.0,170.0
1781,rpi-8b,227.6,231.4,451.7,30.7,230.8,233.9,450.5
1782,rpi-8a,229.4,432.9,16.5,232.8,233.3,433.5,16.7
1783,odroid2,166.0,185.0,157.0,169.0,169.0,171.0,12.0
1784,rpi-8c,16.2,20.8,18.0,1389.6,19.0,19.6,18.2
1785,rpi-8b,14.8,11.9,229.9,198.4,216.7,216.1,617.3
1786,odroid2,181.0,174.0,152.0,170.0,171.0,169.0,171.0
1787,rpi-8a,213.4,416.9,15.7,216.6,200.0,216.7,416.6
1788,rpi-4a,16.9,13.6,422.7,15.3,17.7,20.0,16.8
1789,odroid4,170.0,174.0,173.0,173.0,174.0,172.0,174.0
1790,rpi-8d,14.4,15.8,149.4,846.5,16.7,17.5,16.1
1791,odroid4,171.0,174.0,173.0,171.0,173.0,173.0,173.0
1792,rpi-4a,15.8,1381.8,16.6,17.3,17.5,17.5,17.5
1793,odroid4,171.0,174.0,174.0,174.0,174.0,173.0,174.0
1794,rpi-8c,95.1,647.9,1703.9,20.1,14.5,22.4,69.7
1795,rpi-8d,17.9,18.2,18.7,971.7,19.2,21.2,20.1
1796,rpi-4a,15.8,20.2,785.0,417.8,15.8,20.6,17.1
1797,rpi-8d,13.9,14.4,1395.4,13.5,16.7,16.8,17.1
1798,odroid2,164.0,188.0,153.0,170.0,169.0,169.0,169.0
1799,odroid4,173.0,173.0,174.0,173.0,172.0,174.0,174.0
1800,odroid4,172.0,173.0,173.0,173.0,173.0,175.0,172.0
1801,odroid1,157.0,334.0,166.0,166.0,4.0,164.0,4.0
1802,rpi-4a,17.5,788.5,424.3,18.7,22.2,21.4,17.1
1803,odroid4,170.0,174.0,175.0,173.0,174.0,174.0,176.0
1804,odroid1,164.0,168.0,168.0,167.0,167.0,169.0,167.0
1805,odroid3,162.0,167.0,169.0,166.0,166.0,167.0,166.0
1806,rpi-4a,16.6,20.9,790.5,205.1,22.0,23.3,20.4
1807,odroid1,165.0,168.0,169.0,13.0,152.0,334.0,166.0
1808,odroid4,169.0,174.0,173.0,173.0,174.0,172.0,175.0
1809,rpi-4a,585.0,423.0,16.4,21.3,19.9,19.2,16.1
1810,odroid3,166.0,171.0,167.0,174.0,169.0,172.0,166.0
1811,odroid1,164.0,169.0,166.0,167.0,167.0,168.0,168.0
1812,odroid3,168.0,172.0,168.0,173.0,170.0,172.0,164.0
1813,rpi-8c,106.2,704.7,1894.4,18.3,19.3,19.6,17.9
1814,odroid2,169.0,188.0,156.0,169.0,10.0,165.0,334.0
1815,rpi-8a,215.7,413.1,233.1,433.3,16.4,233.2,433.2
1816,rpi-8b,224.8,232.3,434.2,15.7,232.7,233.2,433.2
1817,rpi-4a,16.5,781.0,211.5,17.9,19.3,18.4,19.1
1818,odroid3,166.0,169.0,170.0,168.0,171.0,170.0,167.0
1819,rpi-8a,230.7,230.0,432.7,16.8,232.7,233.3,433.5
1820,rpi-8d,22.5,697.4,848.2,19.4,19.8,22.9,17.8
1821,odroid4,170.0,173.0,174.0,172.0,173.0,173.0,175.0
1822,rpi-8a,229.4,233.1,433.2,16.7,233.0,233.4,433.1
1823,rpi-8b,230.6,433.2,16.5,233.1,233.2,416.7,16.0
1824,odroid4,172.0,172.0,176.0,172.0,173.0,173.0,175.0
1825,rpi-8b,446.8,30.2,232.3,233.3,450.2,16.1,234.1
1826,rpi-8b,227.7,232.7,232.7,450.2,16.3,232.4,233.8
1827,rpi-8c,2413.8,23.7,10.3,85.0,52.3,70.1,30.0
1828,odroid1,165.0,168.0,166.0,167.0,8.0,159.0,335.0
1829,odroid2,164.0,186.0,154.0,171.0,168.0,172.0,183.0
1830,rpi-8a,230.5,231.0,233.9,199.3,234.1,233.4,433.2
1831,rpi-4a,202.7,15.2,16.4,16.7,16.6,17.0,18.0
1832,odroid4,171.0,174.0,173.0,172.0,173.0,174.0,173.0
1833,rpi-8c,14.1,16.1,63.3,90.9,68.1,92.2,899.1
1834,rpi-4a,1241.3,19.4,16.1,17.7,18.3,19.0,18.3
1835,odroid1,166.0,170.0,168.0,166.0,165.0,167.0,166.0
1836,rpi-4a,18.2,18.8,1213.6,24.4,21.0,204.4,19.3
1837,rpi-8b,26.0,230.2,233.4,232.7,450.1,16.5,232.9
1838,odroid1,164.0,169.0,10.0,154.0,331.0,167.0,168.0
1839,odroid2,181.0,173.0,157.0,171.0,168.0,172.0,169.0
1840,rpi-8a,433.1,26.5,219.4,233.1,433.7,30.6,219.2
1841,rpi-8c,87.2,76.8,84.9,62.2,1743.6,17.1,17.7
1842,rpi-8c,31.5,143.7,5.6,169.7,63.4,93.9,44.2
1843,odroid3,165.0,171.0,164.0,167.0,170.0,167.0,168.0
1844,rpi-4a,17.3,17.0,776.0,632.1,20.8,16.8,17.9
1845,odroid1,163.0,169.0,168.0,16.0,151.0,332.0,168.0
1846,odroid3,166.0,173.0,169.0,172.0,169.0,172.0,166.0
1847,rpi-4a,16.9,15.3,1157.9,420.0,15.4,17.9,20.0
1848,rpi-8a,14.5,218.8,210.9,200.0,216.1,417.1,233.2
1849,odroid3,165.0,166.0,167.0,166.0,166.0,167.0,165.0
1850,odroid1,167.0,168.0,167.0,167.0,169.0,169.0,166.0
1851,odroid1,166.0,167.0,168.0,13.0,151.0,334.0,168.0
1852,rpi-8b,231.7,228.4,234.8,448.3,14.4,234.1,234.4
1853,odroid2,181.0,170.0,157.0,171.0,170.0,169.0,12.0
1854,odroid4,172.0,174.0,174.0,173.0,175.0,173.0,172.0
1855,rpi-8b,224.6,232.9,435.2,15.0,233.4,232.8,433.5
1856,odroid2,186.0,10.0,150.0,350.0,167.0,167.0,167.0
1857,rpi-8d,17.0,14.9,15.4,966.7,419.0,17.2,17.4
1858,odroid3,166.0,169.0,170.0,168.0,170.0,170.0,168.0
1859,odroid3,166.0,174.0,171.0,170.0,171.0,171.0,165.0
1860,odroid3,167.0,173.0,169.0,169.0,172.0,171.0,166.0
1861,odroid1,166.0,167.0,167.0,168.0,166.0,167.0,167.0
1862,odroid3,167.0,170.0,169.0,171.0,170.0,172.0,165.0
1863,rpi-8c,633.7,1711.1,18.7,17.4,18.3,76.9,77.4
1864,rpi-4a,19.8,19.1,1354.8,631.0,21.6,16.7,16.7
1865,rpi-8b,13.5,451.9,31.4,15.6,217.6,215.7,216.4
1866,rpi-8d,20.9,16.6,320.4,1485.5,19.1,20.5,20.5
1867,odroid2,169.0,188.0,9.0,150.0,349.0,167.0,166.0
1868,rpi-8b,230.1,233.4,233.1,433.4,16.6,233.1,233.2
1869,odroid1,164.0,168.0,166.0,167.0,168.0,166.0,167.0
1870,rpi-8b,225.2,451.4,31.7,232.7,232.9,452.4,13.8
1871,odroid1,165.0,169.0,165.0,166.0,168.0,169.0,167.0
1872,rpi-8d,18.9,25.0,716.9,837.2,20.7,20.2,20.7
1873,rpi-8c,7.9,76.9,96.2,116.4,25.9,161.3,95.8
1874,odroid3,167.0,174.0,167.0,171.0,173.0,171.0,165.0
1875,odroid3,166.0,173.0,169.0,171.0,171.0,171.0,165.0
1876,odroid2,164.0,184.0,154.0,171.0,171.0,170.0,168.0
1877,rpi-8d,17.6,15.1,17.3,1601.7,15.0,17.6,17.9
1878,rpi-8b,16.6,12.7,424.6,432.1,16.4,231.9,433.8
1879,rpi-8c,18.6,20.2,13.6,946.4,18.1,18.8,18.7
1880,rpi-8a,228.6,232.8,433.4,16.8,433.4,16.3,233.1
1881,odroid4,169.0,174.0,173.0,175.0,172.0,175.0,171.0
1882,rpi-4a,23.1,18.0,23.9,393.2,633.6,21.8,16.3
1883,rpi-8a,232.6,429.2,16.8,232.8,233.6,432.9,16.6
1884,odroid1,164.0,168.0,167.0,166.0,167.0,166.0,167.0
1885,rpi-4a,17.3,19.5,1391.1,17.6,17.8,18.1,18.2
1886,odroid1,5.0,159.0,334.0,165.0,166.0,167.0,167.0
1887,odroid2,166.0,186.0,156.0,169.0,172.0,169.0,170.0
1888,rpi-4a,14.5,1379.3,202.8,16.0,17.2,17.1,17.2
1889,rpi-8d,15.1,18.1,768.7,838.6,19.2,17.7,18.2
1890,odroid1,165.0,168.0,167.0,168.0,166.0,168.0,165.0
1891,odroid2,188.0,8.0,150.0,350.0,166.0,167.0,167.0
1892,odroid2,164.0,175.0,157.0,171.0,170.0,10.0,167.0
1893,rpi-8b,226.6,233.2,450.2,32.0,233.7,233.3,451.8
1894,rpi-8a,15.6,12.2,214.2,216.5,199.7,216.4,417.0
1895,odroid1,163.0,168.0,168.0,166.0,169.0,166.0,166.0
1896,odroid1,163.0,168.0,168.0,166.0,168.0,169.0,165.0
1897,rpi-8a,233.7,228.0,232.0,200.2,233.1,233.6,433.1
1898,odroid3,168.0,173.0,168.0,173.0,170.0,171.0,165.0
1899,rpi-8b,13.6,12.4,208.3,215.0,416.7,233.0,433.5
1900,rpi-8b,230.3,233.2,433.2,17.0,233.1,233.1,232.9
1901,rpi-8b,227.3,233.0,233.1,449.6,15.5,450.8,14.7
1902,rpi-8c,75.8,79.6,23.3,104.0,83.1,25.6,99.1
1903,rpi-8c,17.2,20.1,20.5,40.4,1165.1,18.9,19.2
1904,rpi-8b,17.4,224.3,230.6,453.4,27.7,233.9,233.7
1905,odroid2,10.0,179.0,320.0,170.0,168.0,12.0,167.0
1906,odroid4,169.0,174.0,174.0,173.0,176.0,173.0,173.0
1907,rpi-8a,432.4,14.9,232.0,233.2,433.4,16.3,233.3
1908,odroid3,168.0,171.0,170.0,169.0,172.0,171.0,181.0
1909,rpi-8c,13.5,17.0,17.2,975.1,17.0,16.6,20.0
1910,odroid2,9.0,180.0,318.0,172.0,168.0,11.0,166.0
1911,odroid2,164.0,178.0,156.0,171.0,171.0,169.0,172.0
1912,odroid2,164.0,186.0,157.0,171.0,168.0,170.0,168.0
1913,rpi-8c,2512.5,13.1,19.0,19.4,18.9,20.0,16.7
1914,odroid4,170.0,173.0,173.0,172.0,173.0,174.0,173.0
1915,rpi-8c,19.7,824.7,1914.7,18.6,17.1,18.4,62.6
1916,odroid3,166.0,168.0,171.0,168.0,169.0,170.0,170.0
1917,rpi-8a,229.9,433.3,16.4,233.1,233.3,16.3,216.7
1918,rpi-4a,16.8,17.8,974.7,17.7,18.1,18.5,18.3
1919,odroid3,167.0,173.0,171.0,169.0,171.0,173.0,166.0
1920,rpi-8d,21.4,17.0,15.5,317.5,1050.0,16.9,17.5
1921,rpi-8d,158.0,629.4,19.5,18.7,19.6,19.3,19.6
1922,rpi-8d,18.1,19.7,330.4,839.2,19.3,20.5,19.7
1923,rpi-8c,15.8,14.8,585.7,433.5,21.2,17.0,18.8
1924,rpi-8d,17.6,19.4,21.4,750.5,837.8,22.2,18.6
1925,odroid2,181.0,169.0,156.0,170.0,171.0,183.0,166.0
1926,odroid3,164.0,166.0,167.0,166.0,167.0,167.0,166.0
1927,odroid1,164.0,169.0,168.0,168.0,168.0,7.0,159.0
1928,rpi-8c,15.2,15.3,517.0,15.9,16.2,16.7,70.5
1929,rpi-8b,447.8,27.7,234.5,233.3,232.1,450.8,15.9
1930,rpi-8c,85.0,96.2,67.3,188.5,139.9,100.0,95.7
1931,odroid4,171.0,173.0,172.0,171.0,175.0,173.0,173.0
1932,rpi-8a,430.1,233.1,16.1,216.4,417.0,233.3,16.1
1933,rpi-8b,229.9,433.4,16.2,233.1,233.9,432.7,16.5
1934,odroid4,170.0,173.0,176.0,174.0,173.0,171.0,173.0
1935,odroid4,170.0,173.0,176.0,173.0,175.0,174.0,173.0
1936,rpi-4a,15.6,18.8,1585.0,21.5,22.2,19.1,21.0
1937,rpi-8a,228.4,433.0,16.6,233.1,16.5,216.2,200.1
1938,rpi-8a,230.4,231.9,16.5,216.2,200.0,433.5,433.3
1939,odroid1,165.0,166.0,168.0,164.0,167.0,169.0,167.0
1940,rpi-8a,216.4,411.6,233.2,233.3,433.7,16.4,16.2
1941,rpi-8d,17.5,21.9,104.6,1492.5,20.3,19.4,19.6
1942,rpi-8b,230.0,453.4,30.4,233.6,232.8,450.6,16.8
1943,rpi-8d,16.0,19.2,16.3,18.2,1132.0,18.5,18.3
1944,odroid4,172.0,175.0,173.0,172.0,173.0,173.0,173.0
1945,rpi-8d,16.1,21.1,16.6,17.7,1586.2,16.8,19.5
1946,rpi-8a,429.5,16.2,233.1,233.3,433.1,16.7,433.3
1947,rpi-4a,17.7,17.5,773.5,17.9,19.7,17.3,18.7
1948,odroid4,171.0,175.0,173.0,172.0,172.0,174.0,173.0
1949,rpi-8c,957.4,15.2,18.6,18.2,18.2,24.2,69.4
1950,odroid1,165.0,168.0,166.0,165.0,167.0,169.0,166.0
1951,rpi-8a,233.3,429.1,16.1,233.4,233.2,433.8,15.8
1952,odroid2,164.0,180.0,154.0,173.0,171.0,172.0,171.0
1953,rpi-8c,12.9,587.9,415.3,16.2,16.5,17.1,16.6
1954,odroid4,171.0,175.0,175.0,174.0,173.0,175.0,171.0
1955,rpi-8c,16.2,16.9,1603.0,14.2,20.1,16.4,16.6
1956,odroid4,171.0,171.0,175.0,172.0,172.0,173.0,174.0
1957,rpi-8a,229.3,434.0,15.6,233.9,233.9,232.7,432.7
1958,odroid4,170.0,172.0,174.0,174.0,174.0,174.0,173.0
1959,odroid4,171.0,174.0,173.0,173.0,172.0,174.0,173.0
1960,rpi-8c,1242.0,16.9,17.4,1892.6,19.5,18.7,16.6
1961,rpi-8c,49.6,70.9,56.8,97.2,70.9,1918.9,15.4
1962,rpi-8b,485.7,46.2,248.2,243.6,450.4,32.4,232.7
1963,odroid1,164.0,167.0,167.0,167.0,167.0,169.0,168.0
1964,odroid3,166.0,168.0,171.0,172.0,167.0,169.0,169.0
1965,rpi-8b,14.4,231.3,433.2,16.8,232.9,233.2,433.2
1966,odroid3,169.0,171.0,169.0,173.0,171.0,170.0,164.0
1967,rpi-4a,15.0,19.4,976.4,633.7,19.3,17.1,20.5
1968,odroid1,167.0,167.0,168.0,166.0,167.0,169.0,168.0
1969,odroid4,163.0,174.0,346.0,15.0,171.0,175.0,173.0
1970,odroid1,165.0,167.0,168.0,167.0,167.0,168.0,166.0
1971,odroid1,164.0,169.0,168.0,167.0,169.0,167.0,167.0
1972,odroid2,13.0,170.0,327.0,171.0,168.0,169.0,172.0
1973,rpi-8b,13.4,232.0,233.1,233.0,433.3,16.3,233.4
1974,odroid1,166.0,169.0,169.0,167.0,165.0,166.0,168.0
1975,rpi-8a,16.1,15.2,212.1,216.2,417.1,233.0,233.0
1976,odroid4,169.0,172.0,173.0,175.0,172.0,172.0,172.0
1977,rpi-4a,15.7,21.0,1243.6,22.1,15.4,19.4,22.2
1978,rpi-8b,11.9,433.5,15.5,233.3,233.4,233.3,433.0
1979,odroid1,166.0,166.0,165.0,168.0,9.0,159.0,331.0
1980,rpi-8a,233.1,228.9,433.3,16.5,433.3,16.6,233.0
1981,odroid3,169.0,172.0,169.0,172.0,170.0,172.0,165.0
1982,odroid4,170.0,173.0,174.0,173.0,173.0,172.0,171.0
1983,rpi-4a,17.6,20.5,970.6,632.6,20.8,17.8,19.3
1984,rpi-8b,445.0,31.3,234.3,232.0,449.8,15.6,233.8
1985,rpi-4a,17.6,19.6,981.8,631.3,23.1,20.1,17.6
1986,odroid1,163.0,167.0,169.0,16.0,151.0,334.0,168.0
1987,rpi-8c,16.3,750.8,18.8,16.6,16.7,56.0,96.1
1988,odroid3,170.0,171.0,169.0,172.0,171.0,172.0,169.0
1989,odroid4,170.0,172.0,173.0,175.0,173.0,174.0,173.0
1990,odroid1,7.0,325.0,333.0,167.0,167.0,169.0,166.0
1991,odroid1,165.0,169.0,165.0,167.0,167.0,169.0,168.0
1992,rpi-8d,63.5,43.0,56.3,1845.7,18.3,19.5,20.1
1993,rpi-8a,228.7,232.9,433.3,16.1,233.6,233.4,233.1
1994,odroid4,173.0,172.0,172.0,174.0,172.0,174.0,172.0
1995,rpi-8a,11.9,14.8,218.0,213.7,199.9,216.5,417.0
1996,rpi-8c,16.2,18.3,17.8,19.2,17.1,65.1,24.1
1997,rpi-8d,18.7,20.1,1581.9,17.7,19.4,20.3,20.3
1998,odroid4,171.0,173.0,176.0,173.0,173.0,172.0,175.0
1999,rpi-8d,12.3,1885.7,12.9,15.8,16.7,819.3,17.2
2000,rpi-8a,16.3,12.1,215.1,216.5,199.7,216.2,417.2
2001,rpi-8d,16.9,19.3,19.5,1411.0,22.1,18.7,19.8
2002,odroid2,164.0,177.0,160.0,171.0,169.0,170.0,170.0
2003,rpi-8d,17.2,19.9,18.5,963.0,19.7,19.2,1021.1
2004,odroid2,10.0,170.0,327.0,170.0,171.0,169.0,170.0
2005,rpi-8b,230.5,453.0,31.7,233.1,233.1,451.4,15.6
2006,odroid2,164.0,177.0,158.0,169.0,172.0,170.0,168.0
2007,odroid3,166.0,171.0,175.0,170.0,174.0,170.0,337.0
2008,rpi-8c,31.2,84.0,32.0,31.4,166.9,13.3,95.3
2009,rpi-8d,17.5,19.0,18.5,1767.8,19.0,19.6,21.2
2010,rpi-8b,431.3,15.9,235.0,233.5,450.6,14.9,233.2
2011,rpi-8d,14.5,16.3,745.0,1047.9,19.4,18.5,19.3
2012,odroid4,171.0,174.0,175.0,173.0,172.0,173.0,172.0
2013,rpi-4a,14.8,985.0,417.5,19.3,634.7,19.2,15.5
2014,rpi-4a,16.2,21.5,780.7,631.8,20.2,220.7,16.0
2015,odroid2,167.0,189.0,154.0,169.0,170.0,171.0,182.0
2016,odroid3,168.0,172.0,170.0,170.0,171.0,171.0,167.0
2017,rpi-8b,225.4,234.5,232.2,450.4,16.9,449.5,15.6
2018,odroid1,165.0,169.0,165.0,166.0,168.0,166.0,167.0
2019,rpi-4a,14.9,17.9,1383.9,14.7,16.8,18.7,843.1
2020,rpi-8d,14.6,18.4,19.0,19.2,945.5,18.2,18.5
2021,odroid3,167.0,169.0,168.0,170.0,170.0,171.0,166.0
2022,rpi-8b,447.7,29.0,233.6,232.3,450.9,16.2,233.1
2023,rpi-8a,229.1,232.9,232.0,233.3,233.3,433.4,17.5
2024,odroid1,164.0,169.0,167.0,165.0,167.0,10.0,158.0
2025,rpi-8a,230.9,231.1,16.4,216.4,416.9,233.1,233.4
2026,odroid2,180.0,174.0,156.0,170.0,168.0,172.0,10.0
2027,rpi-8a,14.4,214.9,214.9,417.1,233.0,233.4,433.8
2028,odroid4,168.0,173.0,175.0,174.0,173.0,174.0,173.0
2029,rpi-8a,435.2,10.6,232.3,233.0,433.4,16.6,233.3
2030,rpi-8a,434.6,13.0,231.1,232.9,433.2,16.2,233.4
2031,odroid3,163.0,165.0,167.0,166.0,165.0,165.0,164.0
2032,odroid2,164.0,181.0,155.0,171.0,9.0,167.0,333.0
2033,rpi-8d,21.7,100.3,71.9,1437.5,19.2,19.7,18.0
2034,odroid3,167.0,168.0,170.0,169.0,169.0,169.0,167.0
2035,odroid3,170.0,170.0,167.0,170.0,171.0,169.0,166.0
2036,rpi-8b,230.0,233.5,232.7,433.5,16.6,233.2,233.4
2037,odroid4,171.0,172.0,175.0,172.0,175.0,171.0,172.0
2038,rpi-8a,16.5,15.2,215.8,411.1,233.4,234.2,433.2
2039,odroid1,165.0,168.0,166.0,168.0,167.0,167.0,169.0
2040,odroid1,164.0,167.0,167.0,3.0,162.0,5.0,327.0
2041,rpi-8c,542.1,20.5,29.3,79.8,60.5,1943.5,19.4
2042,odroid1,165.0,168.0,169.0,166.0,167.0,168.0,168.0
2043,rpi-8a,229.1,233.1,232.3,216.8,233.3,233.0,232.2
2044,rpi-8d,18.1,19.4,1600.9,16.4,21.2,21.5,19.5
2045,odroid3,166.0,173.0,171.0,170.0,171.0,170.0,168.0
2046,odroid1,163.0,169.0,167.0,165.0,168.0,168.0,168.0
2047,rpi-8a,15.4,212.7,216.3,199.9,416.8,233.2,433.4
2048,rpi-8c,15.8,19.8,25.9,78.5,57.5,15.1,127.7
2049,rpi-8b,230.3,433.4,16.4,233.2,16.3,216.6,200.0
2050,odroid4,169.0,173.0,174.0,172.0,173.0,174.0,172.0
2051,rpi-8b,227.7,30.7,200.8,215.4,216.3,400.4,450.8
2052,rpi-8d,48.5,1995.8,238.7,22.8,17.2,17.3,27.0
2053,odroid2,164.0,183.0,156.0,169.0,8.0,166.0,350.0
2054,rpi-8a,228.9,232.9,233.2,433.3,16.4,233.1,433.6
2055,rpi-8b,225.5,217.3,448.2,14.7,450.8,15.5,435.4
2056,rpi-8c,12.5,14.5,18.1,1002.5,19.5,15.4,16.9
2057,rpi-8b,14.4,12.5,226.4,198.1,217.8,216.0,198.9
2058,odroid3,164.0,166.0,165.0,165.0,165.0,166.0,166.0
2059,odroid3,167.0,167.0,167.0,166.0,166.0,164.0,165.0
2060,rpi-8b,224.7,231.4,233.5,433.2,16.6,233.3,232.5
2061,odroid4,173.0,173.0,174.0,174.0,173.0,173.0,172.0
2062,odroid3,166.0,170.0,170.0,170.0,170.0,170.0,166.0
2063,odroid4,169.0,173.0,175.0,171.0,174.0,172.0,174.0
2064,rpi-8d,17.6,971.9,625.3,22.2,21.3,20.5,16.9
2065,rpi-8c,14.5,16.2,17.8,15.9,1167.3,15.5,18.3
2066,odroid2,163.0,178.0,156.0,169.0,171.0,170.0,171.0
2067,odroid2,165.0,185.0,157.0,171.0,172.0,170.0,11.0
2068,rpi-8b,446.4,29.8,233.2,230.8,450.8,15.1,234.2
2069,rpi-8c,1355.5,17.0,20.1,16.6,18.2,18.4,31.0
2070,rpi-8b,12.7,432.7,16.1,233.4,233.3,233.3,16.7
2071,rpi-8a,414.7,230.6,233.4,434.0,28.6,219.3,16.3
2072,odroid2,165.0,184.0,6.0,167.0,333.0,167.0,166.0
2073,rpi-8d,18.2,18.5,542.9,629.0,20.5,18.4,19.7
2074,odroid4,173.0,171.0,174.0,171.0,175.0,175.0,173.0
2075,rpi-8c,10.4,419.8,1905.1,16.6,18.7,20.4,17.3
2076,odroid1,165.0,167.0,167.0,16.0,149.0,336.0,167.0
2077,odroid3,166.0,172.0,169.0,170.0,170.0,171.0,166.0
2078,odroid4,171.0,174.0,176.0,172.0,173.0,172.0,172.0
2079,rpi-4a,18.7,18.5,1008.6,22.7,16.4,17.3,18.3
2080,odroid3,148.0,167.0,169.0,170.0,170.0,168.0,170.0
2081,rpi-4a,11.9,1366.3,17.3,17.8,18.0,18.7,16.8
2082,rpi-8c,17.9,17.5,35.4,1966.0,21.4,20.7,21.9
2083,rpi-8d,18.1,21.4,1569.4,16.7,21.0,20.4,22.3
2084,odroid2,164.0,177.0,155.0,169.0,171.0,12.0,166.0
2085,odroid1,165.0,166.0,167.0,15.0,152.0,331.0,168.0
2086,rpi-8d,1201.5,16.2,19.7,19.1,20.8,16.5,18.7
2087,odroid3,164.0,167.0,166.0,165.0,167.0,166.0,167.0
2088,rpi-8d,18.9,20.6,1786.8,17.1,22.2,19.3,20.7
2089,rpi-8d,51.8,1720.0,20.2,20.5,19.3,20.1,20.3
2090,odroid1,164.0,168.0,167.0,166.0,167.0,166.0,168.0
2091,odroid1,165.0,168.0,168.0,166.0,167.0,168.0,166.0
2092,rpi-8c,16.4,18.0,115.0,15.7,46.0,88.3,31.0
2093,rpi-8a,229.3,232.5,432.1,16.5,233.2,233.3,233.1
2094,rpi-4a,17.2,17.1,967.9,422.3,15.4,17.4,17.3
2095,rpi-8b,13.5,13.0,210.4,432.7,233.3,233.0,434.3
2096,rpi-8d,18.1,18.2,18.9,971.5,628.3,20.9,21.5
2097,rpi-8b,13.4,432.6,16.5,233.2,16.2,216.4,199.8
2098,rpi-8d,16.7,16.3,19.0,17.0,564.9,17.7,16.9
2099,odroid3,164.0,169.0,167.0,166.0,164.0,167.0,166.0
2100,rpi-4a,20.0,19.3,1023.6,20.2,17.7,20.4,20.1
2101,odroid1,163.0,170.0,169.0,168.0,167.0,167.0,167.0
2102,odroid4,171.0,171.0,175.0,173.0,173.0,173.0,174.0
2103,rpi-8d,16.5,19.1,951.0,837.1,22.3,17.8,19.8
2104,odroid2,165.0,178.0,155.0,171.0,170.0,170.0,168.0
2105,odroid3,167.0,172.0,168.0,172.0,173.0,171.0,168.0
2106,odroid3,163.0,166.0,166.0,165.0,166.0,166.0,166.0
2107,odroid1,332.0,170.0,166.0,3.0,164.0,5.0,329.0
2108,rpi-8c,17.0,561.0,17.5,19.0,55.8,72.5,62.4
2109,odroid4,170.0,174.0,173.0,175.0,172.0,172.0,173.0
2110,odroid2,163.0,176.0,155.0,170.0,169.0,169.0,170.0
2111,rpi-8b,394.6,232.8,233.8,449.3,15.6,233.9,233.7
2112,odroid4,170.0,173.0,173.0,173.0,171.0,175.0,174.0
2113,rpi-4a,12.4,17.7,399.3,209.2,17.3,17.5,17.8
2114,rpi-8c,60.9,44.4,75.5,96.1,32.0,160.2,35.4
2115,rpi-8c,1358.3,16.0,16.5,15.5,396.2,15.9,17.6
2116,rpi-8c,14.6,2110.8,23.3,18.5,16.2,17.1,20.9
2117,odroid2,331.0,192.0,150.0,169.0,171.0,170.0,170.0
2118,rpi-8a,17.1,231.0,228.5,233.3,433.4,16.4,433.4
2119,rpi-8a,196.3,215.0,418.1,232.2,16.3,216.4,419.4
2120,odroid4,171.0,173.0,173.0,174.0,173.0,173.0,173.0
2121,odroid3,162.0,166.0,167.0,168.0,167.0,164.0,165.0
2122,odroid2,165.0,187.0,155.0,171.0,169.0,172.0,171.0
2123,odroid2,164.0,187.0,157.0,171.0,167.0,170.0,171.0
2124,rpi-4a,17.1,20.0,955.1,18.6,19.3,19.4,19.8
2125,rpi-8b,230.6,433.0,16.2,233.5,233.2,233.1,433.6
2126,rpi-8c,12.3,232.6,233.1,233.1,200.1,233.0,233.5
2127,odroid2,181.0,173.0,155.0,171.0,170.0,168.0,12.0
2128,odroid3,166.0,172.0,171.0,171.0,173.0,173.0,169.0
2129,odroid1,165.0,168.0,167.0,167.0,167.0,165.0,168.0
2130,rpi-8a,219.2,410.6,233.2,233.3,16.3,216.5,417.0
2131,odroid4,184.0,160.0,175.0,174.0,172.0,172.0,171.0
2132,rpi-8d,17.2,43.1,48.5,320.9,19.1,26.9,79.8
2133,odroid4,172.0,173.0,176.0,171.0,173.0,173.0,172.0
2134,odroid2,165.0,186.0,154.0,171.0,168.0,171.0,169.0
2135,odroid4,170.0,174.0,174.0,174.0,172.0,172.0,172.0
2136,odroid4,170.0,173.0,173.0,173.0,174.0,173.0,173.0
2137,rpi-8c,17.8,1138.6,624.5,17.9,19.1,18.2,18.0
2138,odroid2,180.0,171.0,157.0,169.0,170.0,171.0,12.0
2139,rpi-4a,14.8,783.0,630.1,16.7,16.1,17.1,827.3
2140,odroid3,169.0,171.0,171.0,170.0,172.0,172.0,168.0
2141,odroid3,167.0,172.0,169.0,173.0,171.0,172.0,166.0
2142,rpi-8d,17.1,21.9,19.1,391.1,18.3,20.8,18.6
2143,rpi-8b,447.3,29.1,233.4,232.8,233.2,449.6,16.3
2144,odroid2,167.0,187.0,157.0,169.0,170.0,11.0,166.0
2145,rpi-8c,100.0,1432.1,15.3,1235.6,18.6,16.5,17.0
2146,rpi-8d,53.4,76.8,1271.6,16.8,16.6,16.7,16.2
2147,odroid2,164.0,179.0,154.0,172.0,170.0,170.0,169.0
2148,odroid4,173.0,172.0,174.0,171.0,175.0,173.0,173.0
2149,odroid3,166.0,165.0,165.0,166.0,165.0,165.0,166.0
2150,rpi-8a,15.1,434.4,11.9,15.5,216.3,216.6,200.0
2151,rpi-8a,412.8,232.2,233.2,233.0,200.1,433.4,16.6
2152,odroid4,169.0,173.0,174.0,173.0,175.0,171.0,174.0
2153,rpi-8b,430.2,15.3,235.8,233.1,450.3,16.7,231.4
2154,odroid3,167.0,172.0,168.0,171.0,173.0,172.0,165.0
2155,rpi-8a,416.8,229.1,433.4,16.4,233.3,233.0,233.0
2156,rpi-8a,413.3,15.8,216.4,199.7,216.5,417.1,232.9
2157,rpi-8a,17.0,14.8,215.8,212.6,199.7,215.2,416.9
2158,odroid1,8.0,322.0,333.0,167.0,165.0,168.0,166.0
2159,rpi-8d,19.3,22.3,1787.1,16.8,23.5,18.9,21.2
2160,odroid1,165.0,168.0,166.0,166.0,168.0,165.0,169.0
2161,rpi-8b,19.4,20.9,214.7,216.4,417.6,232.8,449.8
2162,rpi-8a,15.6,229.5,232.2,233.2,433.1,16.6,233.2
2163,rpi-4a,17.6,17.3,978.6,419.6,16.1,17.3,832.8
2164,odroid2,164.0,186.0,157.0,171.0,170.0,170.0,169.0
2165,odroid3,169.0,172.0,169.0,170.0,171.0,171.0,166.0
2166,odroid3,168.0,170.0,168.0,170.0,170.0,171.0,168.0
2167,odroid3,167.0,171.0,169.0,173.0,173.0,172.0,167.0
2168,rpi-8d,1397.3,16.5,16.6,16.6,16.9,16.8,16.7
2169,rpi-8b,197.3,415.4,233.0,232.3,450.1,15.3,450.9
2170,odroid1,165.0,170.0,168.0,168.0,168.0,167.0,168.0
2171,odroid2,180.0,182.0,149.0,170.0,171.0,11.0,166.0
2172,odroid1,165.0,167.0,167.0,165.0,169.0,167.0,166.0
2173,odroid4,170.0,174.0,174.0,173.0,175.0,172.0,175.0
2174,odroid1,164.0,169.0,166.0,165.0,168.0,168.0,166.0
2175,odroid3,166.0,169.0,169.0,171.0,168.0,170.0,167.0
2176,rpi-8b,225.2,431.5,16.8,233.2,233.3,432.8,16.6
2177,odroid2,168.0,189.0,155.0,172.0,7.0,167.0,350.0
2178,odroid3,164.0,166.0,165.0,166.0,167.0,165.0,166.0
2179,odroid2,164.0,182.0,157.0,172.0,6.0,167.0,349.0
2180,odroid3,166.0,168.0,170.0,168.0,169.0,167.0,167.0
2181,rpi-4a,16.0,19.2,975.5,207.2,20.0,819.2,24.7
2182,odroid3,169.0,172.0,169.0,171.0,171.0,171.0,166.0
2183,rpi-4a,14.7,18.6,983.9,632.1,22.8,18.9,20.3
2184,rpi-8a,15.4,229.2,432.7,16.2,232.8,233.2,433.7
2185,odroid2,167.0,187.0,156.0,169.0,171.0,10.0,167.0
2186,odroid1,165.0,169.0,166.0,167.0,167.0,167.0,168.0
2187,rpi-8c,16.3,16.3,16.9,33.9,72.6,14.4,104.2
2188,odroid3,167.0,172.0,169.0,169.0,170.0,173.0,164.0
2189,rpi-4a,19.0,1180.2,207.5,17.2,19.2,19.0,19.3
2190,rpi-8a,235.1,227.2,433.3,16.6,233.3,234.0,432.8
2191,rpi-8b,18.1,20.5,217.5,216.1,199.0,216.1,618.5
2192,rpi-8d,18.4,21.2,1579.9,17.5,20.9,20.7,22.0
2193,odroid2,168.0,188.0,154.0,171.0,168.0,11.0,167.0
2194,rpi-8c,98.4,1919.1,226.2,20.5,17.3,19.0,18.7
2195,rpi-8b,14.7,422.9,16.7,232.7,233.1,233.2,433.5
2196,odroid2,165.0,182.0,153.0,169.0,12.0,167.0,333.0
2197,rpi-8d,16.8,17.2,561.2,840.5,19.5,18.8,20.5
2198,rpi-8c,16.7,18.2,1802.1,16.9,20.2,17.3,18.8
2199,odroid1,6.0,159.0,332.0,166.0,165.0,168.0,167.0
2200,rpi-4a,18.5,22.2,960.8,632.5,22.2,18.0,19.0
2201,rpi-8b,12.4,233.0,233.0,432.9,16.9,233.0,433.3
2202,rpi-8c,1201.5,16.7,17.9,18.1,18.0,17.6,17.7
2203,odroid3,164.0,165.0,168.0,166.0,166.0,166.0,168.0
2204,odroid4,173.0,174.0,173.0,175.0,171.0,173.0,175.0
2205,odroid3,167.0,169.0,168.0,169.0,169.0,169.0,169.0
2206,rpi-8d,16.1,15.4,1381.2,16.2,15.9,16.8,17.2
2207,rpi-8a,234.1,228.4,233.4,433.2,16.6,233.6,233.0
2208,odroid1,159.0,336.0,168.0,165.0,17.0,149.0,332.0
2209,odroid4,170.0,172.0,174.0,172.0,171.0,173.0,173.0
2210,odroid3,167.0,164.0,166.0,165.0,166.0,167.0,165.0
2211,odroid2,163.0,189.0,156.0,171.0,183.0,167.0,165.0
2212,odroid2,163.0,189.0,147.0,170.0,171.0,172.0,169.0
2213,rpi-8d,17.1,19.7,18.7,772.9,18.4,19.5,20.3
2214,rpi-8c,1035.3,16.6,19.0,18.8,18.8,18.7,64.5
2215,rpi-8b,230.3,229.3,233.1,450.0,16.1,233.6,232.4
2216,rpi-8a,227.7,233.0,433.5,16.6,232.9,233.3,433.3
2217,odroid4,170.0,173.0,174.0,174.0,172.0,172.0,173.0
2218,odroid4,170.0,173.0,176.0,174.0,175.0,174.0,174.0
2219,rpi-8c,18.1,47.7,16.9,141.4,66.1,96.9,34.6
2220,odroid4,169.0,173.0,176.0,173.0,174.0,175.0,175.0
2221,rpi-8c,16.0,18.9,744.0,17.7,17.9,18.8,19.3
2222,rpi-8c,14.4,30.8,1786.3,18.6,16.9,17.5,16.4
2223,rpi-8c,18.9,1202.9,15.2,18.0,18.3,18.1,18.5
2224,odroid3,168.0,172.0,168.0,181.0,165.0,168.0,169.0
2225,odroid2,164.0,178.0,155.0,170.0,168.0,11.0,167.0
2226,rpi-8b,447.8,27.9,15.1,234.6,199.7,216.8,199.7
2227,odroid2,170.0,187.0,9.0,150.0,333.0,183.0,166.0
2228,rpi-4a,16.1,19.9,1401.2,19.8,17.1,213.6,17.2
2229,rpi-8a,429.9,15.5,216.7,200.0,216.4,416.2,16.3
2230,rpi-8b,229.9,15.7,216.2,416.8,233.1,433.5,16.6
2231,rpi-8b,446.5,26.5,232.8,232.8,451.1,15.2,232.3
2232,odroid2,164.0,185.0,152.0,171.0,170.0,170.0,170.0
2233,rpi-8b,228.1,450.0,32.3,31.8,198.8,216.5,216.4
2234,rpi-4a,19.2,23.4,1619.4,20.6,16.6,18.5,20.0
2235,odroid4,172.0,172.0,174.0,173.0,174.0,172.0,174.0
2236,odroid2,181.0,172.0,157.0,169.0,169.0,183.0,166.0
2237,odroid4,172.0,172.0,175.0,175.0,173.0,174.0,172.0
2238,rpi-8b,20.7,3.7,427.8,232.6,433.6,16.5,233.0
2239,odroid2,167.0,187.0,156.0,172.0,171.0,169.0,170.0
2240,rpi-4a,15.2,1241.3,15.3,16.8,16.6,17.5,17.8
2241,rpi-8d,20.0,14.5,558.3,839.4,19.0,18.6,19.0
2242,rpi-8c,1596.8,626.9,16.3,21.1,16.6,17.1,21.3
2243,odroid1,165.0,170.0,167.0,168.0,166.0,166.0,169.0
2244,odroid4,171.0,172.0,174.0,173.0,173.0,174.0,173.0
2245,rpi-8a,16.6,229.4,230.6,433.4,17.8,231.3,233.2
2246,odroid1,167.0,169.0,167.0,166.0,167.0,168.0,167.0
2247,rpi-4a,16.4,18.8,581.6,419.0,16.3,16.9,17.1
2248,odroid3,166.0,170.0,168.0,170.0,173.0,171.0,167.0
2249,rpi-8c,64.5,31.5,120.4,47.2,44.8,23.5,100.1
2250,odroid2,166.0,187.0,157.0,170.0,168.0,171.0,170.0
2251,rpi-8b,448.4,27.3,233.7,232.5,450.4,17.3,233.1
2252,odroid1,165.0,166.0,168.0,167.0,165.0,168.0,168.0
2253,odroid4,171.0,175.0,175.0,172.0,174.0,173.0,173.0
2254,rpi-8c,16.3,35.9,61.4,10.9,32.3,119.8,31.6
2255,rpi-8a,13.0,232.5,429.4,16.3,233.2,233.2,433.5
2256,rpi-8a,231.3,446.4,16.9,232.7,233.1,233.5,433.0
2257,rpi-4a,15.6,18.3,1368.5,424.2,16.9,19.8,19.4
2258,rpi-8a,233.7,11.8,216.7,216.3,199.6,417.0,233.1
2259,odroid3,170.0,170.0,169.0,170.0,171.0,171.0,168.0
2260,rpi-8d,98.9,58.3,71.9,73.8,50.0,64.2,88.9
2261,rpi-8b,13.7,225.9,233.5,233.6,449.4,16.0,233.1
2262,odroid1,167.0,167.0,167.0,15.0,152.0,334.0,167.0
2263,odroid1,166.0,169.0,167.0,168.0,169.0,168.0,168.0
2264,odroid4,169.0,174.0,175.0,175.0,174.0,172.0,175.0
2265,odroid3,165.0,171.0,171.0,170.0,168.0,168.0,167.0
2266,rpi-8c,779.3,626.9,20.9,16.9,16.4,17.4,18.7
2267,rpi-4a,16.7,20.7,1169.5,421.9,16.9,19.6,20.5
2268,rpi-8a,229.4,232.9,433.2,16.7,433.1,16.7,233.2
2269,odroid3,164.0,166.0,169.0,166.0,167.0,164.0,167.0
2270,rpi-4a,15.1,13.8,20.2,401.6,415.3,16.0,17.2
2271,rpi-4a,16.9,20.8,981.8,631.3,24.8,14.6,19.2
2272,rpi-8c,41.5,1013.5,16.2,18.7,21.0,17.5,62.3
2273,rpi-8a,213.0,232.6,234.2,233.3,433.3,15.9,233.5
2274,rpi-4a,16.9,16.4,1427.5,16.6,16.2,17.2,17.3
2275,odroid1,164.0,167.0,168.0,167.0,168.0,168.0,166.0
2276,rpi-8c,90.4,31.0,64.7,143.0,43.9,31.7,123.8
2277,rpi-4a,15.5,964.4,421.8,17.4,19.6,19.6,21.4
2278,rpi-4a,18.6,15.3,1206.1,20.5,14.8,18.0,20.1
2279,rpi-4a,20.5,17.2,1149.1,422.5,16.5,19.1,18.9
2280,odroid3,166.0,170.0,169.0,171.0,170.0,171.0,164.0
2281,rpi-8c,1007.9,1482.4,19.8,20.2,20.8,19.2,15.7
2282,odroid1,165.0,166.0,169.0,168.0,166.0,167.0,167.0
2283,rpi-8d,413.5,629.5,17.8,17.7,15.8,16.7,17.7
2284,odroid2,193.0,3.0,149.0,350.0,167.0,166.0,166.0
2285,odroid3,167.0,172.0,168.0,171.0,171.0,172.0,167.0
2286,rpi-4a,17.7,19.1,792.6,418.7,19.9,18.4,20.3
2287,odroid1,165.0,169.0,167.0,167.0,169.0,168.0,166.0
2288,odroid1,165.0,168.0,167.0,169.0,167.0,167.0,167.0
2289,odroid3,167.0,171.0,168.0,170.0,171.0,173.0,166.0
2290,odroid4,171.0,174.0,173.0,172.0,172.0,173.0,173.0
2291,rpi-8c,630.9,16.6,16.8,17.9,17.0,17.4,54.2
2292,rpi-8d,13.5,1597.2,26.1,16.2,17.9,13.7,1017.0
2293,odroid1,164.0,168.0,166.0,167.0,167.0,169.0,169.0
2294,odroid2,168.0,184.0,0.0,170.0,14.0,317.0,349.0
2295,odroid2,165.0,188.0,1.0,170.0,13.0,317.0,333.0
2296,rpi-4a,18.4,14.7,966.2,631.7,19.2,15.7,18.6
2297,rpi-8d,15.7,68.0,78.7,1051.0,16.0,20.7,1016.3
2298,rpi-4a,16.0,13.4,1390.7,15.9,16.3,17.4,397.2
2299,odroid4,345.0,10.0,175.0,347.0,10.0,176.0,347.0
2300,rpi-4a,16.9,1183.5,422.5,23.2,19.0,21.6,20.4
2301,odroid4,172.0,175.0,174.0,173.0,171.0,172.0,171.0
2302,rpi-4a,15.7,1184.9,415.1,19.1,15.5,17.8,18.2
2303,rpi-8c,16.7,74.6,20.6,45.8,2066.8,18.4,19.2
2304,rpi-8d,14.4,15.3,1400.9,16.0,16.4,16.9,16.0
2305,rpi-8c,17.0,21.0,44.2,57.6,30.1,96.0,31.8
2306,rpi-8a,230.0,233.8,29.9,216.3,416.8,232.9,450.4
2307,odroid3,166.0,170.0,170.0,170.0,169.0,170.0,170.0
2308,rpi-8a,430.7,12.8,232.4,16.0,216.7,200.0,216.4
2309,rpi-8c,1023.7,17.1,19.2,20.1,2053.2,21.2,17.0
2310,rpi-8c,49.0,31.3,1166.2,17.8,19.0,24.6,387.3
2311,rpi-8a,13.8,215.6,415.7,232.3,433.4,16.5,233.1
2312,odroid4,172.0,173.0,175.0,173.0,173.0,173.0,172.0
2313,odroid3,163.0,166.0,168.0,166.0,166.0,166.0,166.0
2314,rpi-8c,50.9,579.7,18.1,18.6,63.6,95.4,12.1
2315,rpi-8c,15.8,16.5,47.2,1164.3,18.6,17.1,15.9
2316,rpi-8d,18.2,19.7,1394.5,15.7,19.0,18.5,18.9
2317,rpi-4a,22.3,1696.2,22.7,15.5,422.9,15.7,19.2
2318,rpi-4a,19.6,1579.1,20.2,16.6,16.7,16.9,16.9
2319,rpi-8c,17.9,16.1,19.0,17.4,18.3,18.3,46.6
2320,odroid3,166.0,172.0,168.0,173.0,173.0,172.0,165.0
2321,odroid3,165.0,166.0,168.0,166.0,165.0,167.0,166.0
2322,rpi-4a,17.5,15.3,210.0,208.6,17.5,18.5,20.6
2323,rpi-4a,1533.3,19.3,14.9,630.6,18.4,14.8,17.6
2324,rpi-4a,16.2,19.8,1170.2,632.9,19.2,16.9,17.2
2325,odroid4,171.0,175.0,175.0,174.0,172.0,174.0,172.0
2326,odroid2,164.0,170.0,159.0,170.0,169.0,170.0,11.0
2327,rpi-8b,227.2,233.5,449.7,31.0,16.0,216.3,216.9
2328,odroid4,171.0,172.0,174.0,172.0,175.0,174.0,173.0
2329,rpi-8a,15.2,232.4,228.5,16.3,216.4,199.7,433.9
2330,rpi-8b,10.6,229.5,217.0,232.7,233.3,450.0,15.4
2331,odroid2,167.0,186.0,159.0,171.0,169.0,168.0,168.0
2332,odroid3,166.0,172.0,172.0,172.0,173.0,170.0,166.0
2333,rpi-8c,20.9,107.6,73.2,54.9,31.8,91.8,76.5
2334,odroid1,164.0,168.0,167.0,15.0,152.0,331.0,167.0
2335,rpi-8c,48.8,1348.3,16.0,17.5,19.0,19.0,19.3
2336,rpi-8b,12.8,216.2,417.1,232.1,433.9,16.2,233.1
2337,rpi-8b,230.4,453.9,32.0,231.4,235.0,449.0,16.2
2338,rpi-8d,19.3,20.7,21.6,965.6,21.7,22.9,18.3
2339,rpi-8a,232.6,12.6,214.9,199.0,216.6,417.8,433.4
2340,rpi-8a,228.6,232.8,233.1,233.3,433.4,19.0,230.6
2341,rpi-4a,17.0,18.5,785.0,419.5,16.7,19.0,18.8
2342,odroid3,168.0,171.0,169.0,171.0,170.0,171.0,167.0
2343,odroid2,164.0,185.0,154.0,170.0,171.0,170.0,169.0
2344,rpi-8c,16.9,16.0,346.6,1472.3,16.9,20.8,15.8
2345,odroid3,167.0,173.0,168.0,172.0,172.0,171.0,167.0
2346,odroid2,180.0,178.0,155.0,169.0,171.0,9.0,167.0
2347,rpi-4a,17.9,17.8,1816.5,23.5,17.4,19.5,20.3
2348,odroid3,165.0,167.0,166.0,168.0,166.0,165.0,168.0
2349,rpi-8c,60.9,2075.7,17.3,16.1,618.4,18.1,17.8
2350,rpi-4a,19.2,22.8,592.2,206.4,17.2,17.0,17.5
2351,rpi-4a,14.4,18.3,788.0,421.6,15.2,18.8,18.8
2352,odroid2,163.0,179.0,154.0,172.0,168.0,10.0,167.0
2353,rpi-8b,444.8,30.8,232.0,31.3,200.4,216.5,417.5
2354,odroid1,8.0,322.0,335.0,165.0,169.0,169.0,165.0
2355,rpi-8c,44.9,1027.5,17.6,17.9,2066.9,18.2,17.5
2356,rpi-8c,21.6,760.9,14.8,401.4,16.0,16.8,16.1
2357,odroid4,170.0,173.0,174.0,173.0,173.0,174.0,174.0
2358,rpi-8d,16.9,61.4,47.8,1327.3,19.0,21.2,21.1
2359,rpi-8d,16.3,812.9,15.1,17.8,18.7,18.7,18.8
2360,rpi-8b,430.4,16.5,233.0,233.1,433.4,16.1,233.5
2361,rpi-4a,1032.6,21.5,17.1,18.8,19.0,20.0,18.6
2362,rpi-8a,229.6,233.1,233.0,233.3,433.4,16.7,232.7
2363,odroid1,164.0,168.0,169.0,167.0,167.0,167.0,169.0
2364,rpi-8c,17.2,785.9,15.8,17.6,61.2,88.0,64.3
2365,odroid1,165.0,170.0,166.0,165.0,166.0,169.0,167.0
2366,rpi-4a,14.3,21.1,787.6,206.3,19.3,21.4,810.1
2367,odroid3,169.0,171.0,169.0,168.0,169.0,169.0,168.0
2368,rpi-8d,19.8,1802.7,16.5,21.0,20.5,20.5,20.7
2369,rpi-4a,18.4,17.3,967.5,421.9,15.8,19.1,19.8
2370,odroid3,165.0,168.0,171.0,167.0,171.0,168.0,168.0
2371,odroid2,164.0,178.0,154.0,170.0,171.0,9.0,166.0
2372,odroid1,165.0,167.0,168.0,16.0,150.0,333.0,168.0
2373,rpi-8b,228.2,232.7,232.4,450.6,15.2,233.4,232.7
2374,odroid2,169.0,185.0,157.0,171.0,5.0,166.0,350.0
2375,rpi-8a,417.4,12.3,216.2,216.5,199.2,417.2,232.8
2376,odroid2,166.0,188.0,154.0,170.0,170.0,171.0,169.0
2377,rpi-8d,17.6,1194.1,15.3,16.9,17.3,17.6,15.9
2378,rpi-8c,7.9,110.8,305.7,2146.9,12.6,15.2,205.2
2379,rpi-8b,430.1,16.6,235.5,232.8,232.7,216.8,233.0
2380,rpi-4a,17.8,18.4,781.3,422.5,16.9,19.2,19.0
2381,rpi-8c,131.8,19.6,119.1,25.8,82.2,31.6,96.4
2382,rpi-8a,231.5,430.4,16.8,231.7,233.3,433.4,16.5
2383,rpi-8c,27.0,1591.0,22.4,811.2,18.2,17.4,17.3
2384,odroid4,171.0,175.0,175.0,175.0,171.0,172.0,173.0
2385,rpi-4a,18.1,16.7,986.8,15.6,16.0,19.1,18.9
2386,odroid4,169.0,175.0,173.0,172.0,175.0,174.0,172.0
2387,odroid2,180.0,179.0,152.0,171.0,167.0,13.0,167.0
2388,rpi-8b,13.4,15.7,224.2,199.2,417.0,233.1,432.7
2389,rpi-4a,16.9,17.8,791.5,19.3,21.0,20.0,16.2
2390,rpi-8c,163.2,630.4,16.5,15.9,16.7,16.7,22.7
2391,rpi-8c,2487.9,16.9,19.6,17.1,18.9,74.2,33.8
2392,rpi-8d,17.3,17.2,25.2,14.9,976.3,16.9,20.3
2393,rpi-8c,6.1,205.2,56.2,83.7,62.3,45.7,96.0
2394,rpi-8b,14.2,14.7,218.1,216.3,216.4,199.8,416.9
2395,odroid4,170.0,172.0,174.0,171.0,172.0,173.0,172.0
2396,rpi-4a,15.0,20.2,1199.9,18.4,17.0,18.7,17.8
2397,rpi-8c,1985.1,403.8,18.8,20.9,20.3,16.6,18.8
2398,odroid4,169.0,173.0,175.0,171.0,174.0,173.0,173.0
2399,rpi-4a,15.4,17.4,975.6,422.3,15.4,17.8,18.9
2400,odroid1,165.0,168.0,168.0,166.0,168.0,166.0,168.0
2401,odroid3,168.0,169.0,169.0,169.0,170.0,169.0,169.0
2402,rpi-8a,432.0,15.8,230.6,233.1,433.4,16.7,232.8
2403,odroid4,172.0,172.0,174.0,172.0,173.0,173.0,171.0
2404,rpi-8c,17.1,19.0,20.2,21.3,581.0,17.8,19.2
2405,odroid4,170.0,174.0,174.0,174.0,173.0,171.0,174.0
2406,rpi-8c,16.2,19.1,125.3,18.4,57.6,87.9,44.7
2407,rpi-8d,19.7,17.6,17.4,1172.1,16.7,18.6,17.8
2408,rpi-4a,16.2,17.2,975.1,417.1,20.6,17.2,19.2
2409,rpi-8a,16.3,13.9,213.9,215.7,199.8,433.2,232.6
2410,odroid4,168.0,174.0,176.0,174.0,172.0,174.0,172.0
2411,rpi-4a,17.2,18.7,781.1,423.2,16.3,18.7,19.6
2412,rpi-8d,17.3,16.1,16.1,16.7,1584.2,16.4,17.4
2413,rpi-8a,15.5,216.1,413.4,233.1,233.1,433.3,16.5
2414,odroid4,171.0,174.0,174.0,172.0,173.0,172.0,172.0
2415,odroid2,164.0,181.0,155.0,172.0,8.0,167.0,350.0
2416,rpi-8b,227.1,232.8,232.9,450.7,16.1,449.6,15.5
2417,rpi-8d,19.0,20.1,379.9,836.5,19.9,22.5,18.9
2418,odroid3,169.0,170.0,170.0,171.0,170.0,172.0,166.0
2419,rpi-8a,231.9,230.0,233.2,199.8,433.4,16.5,233.2
2420,rpi-8b,412.9,233.1,433.2,17.0,232.7,233.7,232.4
2421,odroid1,166.0,167.0,166.0,167.0,169.0,165.0,167.0
2422,odroid2,168.0,190.0,154.0,170.0,9.0,167.0,334.0
2423,rpi-8d,16.2,42.1,1144.3,834.2,20.8,18.5,20.1
2424,odroid4,171.0,172.0,174.0,172.0,174.0,172.0,173.0
2425,odroid1,330.0,168.0,167.0,168.0,170.0,166.0,165.0
2426,odroid1,166.0,168.0,168.0,168.0,168.0,166.0,167.0
2427,rpi-4a,14.3,17.1,1222.5,368.0,15.4,430.2,18.7
2428,odroid1,165.0,170.0,166.0,13.0,156.0,330.0,169.0
2429,odroid4,170.0,174.0,173.0,174.0,174.0,172.0,175.0
2430,rpi-8b,431.4,15.8,232.7,233.3,433.5,16.5,233.2
2431,odroid4,170.0,173.0,175.0,173.0,171.0,173.0,172.0
2432,odroid1,163.0,168.0,168.0,166.0,166.0,167.0,167.0
2433,odroid4,172.0,174.0,173.0,172.0,173.0,171.0,173.0
2434,rpi-8d,20.6,37.3,735.4,1474.1,18.0,18.1,17.6
2435,rpi-4a,15.0,16.4,977.6,16.9,15.6,1046.4,16.9
2436,odroid1,164.0,167.0,166.0,168.0,168.0,167.0,166.0
2437,rpi-8c,13.5,1209.1,17.5,221.9,16.3,413.3,430.7
2438,rpi-8b,227.1,233.0,450.0,16.1,231.9,233.6,233.3
2439,odroid4,170.0,172.0,173.0,173.0,173.0,172.0,175.0
2440,rpi-8d,20.6,19.5,19.5,769.2,21.5,19.6,20.9
2441,rpi-8d,15.1,17.0,17.6,17.7,956.9,17.8,18.7
2442,rpi-4a,17.7,17.4,984.4,631.6,21.0,15.9,18.8
2443,rpi-8d,17.8,550.7,1480.7,20.1,22.6,21.1,18.9
2444,odroid2,169.0,193.0,10.0,149.0,334.0,183.0,166.0
2445,odroid1,165.0,13.0,154.0,332.0,168.0,167.0,8.0
2446,rpi-8a,13.0,216.2,215.1,199.6,416.7,233.3,233.4
2447,rpi-8c,1038.2,1482.0,17.5,17.7,18.1,23.2,63.0
2448,odroid3,166.0,172.0,169.0,173.0,171.0,171.0,165.0
2449,rpi-8c,16.2,24.0,31.3,1748.2,19.8,19.2,20.3
2450,odroid2,166.0,185.0,5.0,167.0,333.0,166.0,167.0
2451,odroid1,165.0,169.0,167.0,165.0,168.0,167.0,169.0
2452,rpi-8a,18.9,226.6,430.1,16.4,233.9,232.6,433.5
2453,odroid2,164.0,185.0,153.0,172.0,168.0,171.0,169.0
2454,odroid3,170.0,170.0,168.0,171.0,170.0,172.0,166.0
2455,odroid2,180.0,174.0,158.0,172.0,169.0,10.0,166.0
2456,rpi-4a,20.3,1177.2,415.6,17.6,22.6,16.7,17.6
2457,odroid4,169.0,174.0,172.0,173.0,173.0,172.0,172.0
2458,odroid2,164.0,176.0,159.0,170.0,171.0,172.0,169.0
2459,odroid4,173.0,173.0,174.0,174.0,171.0,173.0,174.0
2460,rpi-8c,17.4,15.0,1643.2,12.3,15.1,16.8,16.6
2461,rpi-8a,233.1,195.5,15.0,216.7,200.1,217.9,632.5
2462,rpi-8b,226.0,450.3,33.0,232.8,232.7,449.7,16.9
2463,rpi-8c,29.4,1050.9,19.0,17.4,18.8,1835.5,18.5
2464,rpi-8d,19.7,14.0,1599.4,16.9,17.8,17.9,17.8
2465,odroid3,164.0,165.0,165.0,167.0,166.0,165.0,168.0
2466,rpi-4a,17.7,588.4,210.7,17.1,18.1,17.8,16.9
2467,rpi-8a,228.7,432.9,16.7,232.9,433.4,16.9,232.8
2468,odroid4,171.0,175.0,1.0,178.0,1.0,339.0,2.0
2469,rpi-8c,61.2,1498.5,15.8,19.1,19.9,1193.5,19.0
2470,odroid1,166.0,167.0,167.0,166.0,166.0,167.0,169.0
2471,odroid2,164.0,177.0,159.0,169.0,170.0,170.0,170.0
2472,rpi-8d,14.4,16.7,1593.7,16.5,16.1,17.1,17.2
2473,odroid4,170.0,174.0,174.0,175.0,173.0,172.0,172.0
2474,odroid2,168.0,188.0,153.0,172.0,170.0,10.0,167.0
2475,rpi-8a,17.1,13.9,211.9,216.6,199.7,216.6,417.0
2476,odroid4,171.0,174.0,174.0,175.0,172.0,174.0,172.0
2477,odroid2,164.0,179.0,154.0,173.0,167.0,9.0,166.0
2478,rpi-8a,200.5,211.2,416.2,233.3,16.4,216.5,200.0
2479,rpi-4a,22.0,14.8,208.3,209.1,19.3,19.1,19.5
2480,rpi-8a,33.6,227.9,229.8,232.8,232.6,450.0,32.9
2481,rpi-4a,17.1,19.3,964.3,421.1,16.2,18.1,18.1
2482,rpi-4a,20.0,16.3,974.1,422.5,15.2,19.7,17.4
2483,rpi-8a,214.3,197.9,433.7,233.2,433.5,30.7,218.5
2484,rpi-8d,19.1,22.7,18.6,956.0,19.1,19.9,20.7
2485,rpi-8a,414.0,232.2,16.5,216.2,199.9,634.2,16.0
2486,odroid3,163.0,167.0,166.0,165.0,166.0,168.0,165.0
2487,odroid3,168.0,172.0,168.0,172.0,170.0,171.0,166.0
2488,odroid1,166.0,15.0,153.0,333.0,166.0,168.0,11.0
2489,odroid2,164.0,182.0,157.0,170.0,7.0,167.0,350.0
2490,rpi-8b,14.4,232.1,433.0,15.3,233.2,233.3,433.6
2491,odroid4,172.0,172.0,174.0,172.0,173.0,173.0,172.0
2492,odroid3,166.0,178.0,236.0,101.0,171.0,170.0,166.0
2493,rpi-8c,16.9,21.4,95.2,1506.7,16.3,18.9,17.9
2494,rpi-8c,18.5,1394.9,17.4,19.1,18.8,18.9,21.5
2495,rpi-8c,9.4,1468.8,14.6,1038.6,15.1,16.8,62.5
2496,odroid2,163.0,345.0,157.0,169.0,171.0,171.0,170.0
2497,odroid4,169.0,174.0,175.0,175.0,172.0,173.0,171.0
2498,odroid2,165.0,193.0,154.0,169.0,171.0,171.0,170.0
2499,rpi-8a,16.6,11.4,215.1,216.4,199.7,433.7,233.2
2500,odroid3,167.0,171.0,170.0,173.0,172.0,172.0,164.0
2501,rpi-4a,15.0,20.1,19.8,1012.4,17.9,16.4,18.8
2502,odroid1,166.0,12.0,155.0,331.0,167.0,166.0,12.0
2503,rpi-4a,607.3,20.5,21.7,22.3,15.9,17.3,19.1
2504,odroid1,165.0,167.0,169.0,166.0,169.0,168.0,169.0
2505,rpi-4a,14.6,18.7,1166.3,422.7,15.2,18.2,18.5
2506,odroid2,331.0,183.0,166.0,167.0,167.0,166.0,182.0
2507,odroid4,172.0,173.0,175.0,173.0,173.0,174.0,171.0
2508,rpi-8c,15.7,19.7,139.8,837.1,19.1,18.8,18.6
2509,rpi-8d,18.8,16.9,18.2,964.3,18.9,18.6,18.2
2510,rpi-8d,18.5,20.9,1580.9,19.2,18.4,20.3,20.4
2511,rpi-8a,232.5,429.2,16.0,233.1,233.6,433.1,16.7
2512,odroid4,170.0,172.0,175.0,173.0,175.0,171.0,173.0
2513,rpi-8a,413.2,232.8,16.3,216.5,199.9,433.7,233.5
2514,rpi-8c,16.7,17.3,19.5,70.1,33.1,72.3,97.7
2515,rpi-8c,19.5,40.7,17.0,537.8,17.9,17.9,18.6
2516,odroid3,168.0,170.0,170.0,173.0,171.0,170.0,166.0
2517,rpi-8d,18.4,12.8,21.1,11.7,966.6,16.9,16.0
2518,odroid4,159.0,176.0,194.0,161.0,173.0,345.0,58.0
2519,odroid1,166.0,167.0,169.0,166.0,168.0,166.0,166.0
2520,rpi-8b,230.5,16.1,235.5,400.0,233.1,233.1,451.1
2521,odroid4,172.0,174.0,175.0,172.0,173.0,171.0,172.0
2522,rpi-4a,18.7,978.2,205.0,16.1,18.1,18.5,18.6
2523,odroid1,166.0,167.0,167.0,167.0,169.0,167.0,168.0
2524,odroid3,165.0,166.0,165.0,166.0,166.0,167.0,168.0
2525,rpi-8c,17.7,70.7,56.0,89.0,2009.6,19.8,17.4
2526,rpi-8c,19.5,20.3,128.9,1478.0,14.0,15.5,16.6
2527,odroid3,168.0,171.0,171.0,171.0,171.0,171.0,164.0
2528,odroid2,163.0,180.0,152.0,170.0,171.0,170.0,167.0
2529,rpi-8c,15.7,16.4,19.0,19.4,762.3,18.5,18.8
2530,odroid2,164.0,188.0,157.0,171.0,169.0,170.0,10.0
2531,rpi-4a,19.4,18.1,15.5,620.7,13.8,18.6,18.2
2532,odroid1,328.0,167.0,168.0,7.0,160.0,331.0,167.0
2533,rpi-8d,22.5,17.9,15.5,18.8,18.7,1762.5,18.3
2534,rpi-8d,2337.3,189.6,18.5,51.3,79.8,48.1,40.2
2535,odroid2,164.0,183.0,167.0,166.0,167.0,184.0,165.0
2536,odroid2,164.0,186.0,155.0,169.0,171.0,171.0,169.0
2537,rpi-4a,20.0,19.2,790.4,204.4,15.7,19.0,18.8
2538,odroid4,171.0,172.0,174.0,174.0,175.0,173.0,172.0
2539,odroid1,167.0,166.0,167.0,167.0,167.0,168.0,167.0
2540,odroid4,170.0,175.0,175.0,174.0,175.0,174.0,173.0
2541,rpi-4a,15.9,19.3,792.1,418.1,16.9,420.4,17.8
2542,rpi-8b,223.8,232.7,233.1,199.4,233.5,233.1,433.2
2543,rpi-8d,20.4,18.7,331.2,1260.6,22.4,18.7,20.5
2544,rpi-8a,433.3,12.2,233.6,232.5,233.5,234.2,419.9
2545,odroid4,169.0,175.0,174.0,174.0,175.0,173.0,172.0
2546,odroid3,164.0,168.0,168.0,166.0,168.0,165.0,166.0
2547,rpi-8b,229.9,233.2,233.0,433.5,16.4,233.1,233.5
2548,odroid2,165.0,185.0,155.0,171.0,169.0,167.0,171.0
2549,odroid2,18.0,171.0,321.0,169.0,170.0,13.0,166.0
2550,odroid3,162.0,167.0,169.0,168.0,165.0,166.0,167.0
2551,rpi-8d,11.5,149.0,844.8,18.4,17.5,17.5,17.4
2552,odroid4,171.0,173.0,174.0,172.0,173.0,174.0,171.0
2553,rpi-8c,15.8,44.5,47.6,1276.3,18.8,17.7,17.3
2554,odroid3,165.0,165.0,168.0,165.0,168.0,166.0,165.0
2555,odroid1,164.0,169.0,169.0,165.0,168.0,167.0,167.0
2556,odroid1,164.0,168.0,165.0,165.0,168.0,169.0,165.0
2557,rpi-8b,15.5,423.7,14.8,233.0,233.1,232.9,433.6
2558,odroid3,165.0,166.0,167.0,164.0,167.0,164.0,165.0
2559,rpi-8d,20.6,16.0,16.0,611.8,215.1,16.7,16.7
2560,odroid3,167.0,172.0,170.0,170.0,170.0,172.0,165.0
2561,rpi-8a,213.8,213.6,417.0,233.0,433.5,16.6,233.0
2562,rpi-8b,230.2,433.0,16.8,232.6,233.5,233.3,433.2
2563,odroid1,166.0,168.0,167.0,165.0,166.0,167.0,167.0
2564,odroid3,169.0,171.0,169.0,172.0,171.0,173.0,165.0
2565,rpi-4a,17.7,17.1,1170.4,406.3,16.8,18.3,19.5
2566,odroid2,166.0,187.0,155.0,169.0,169.0,169.0,171.0
2567,rpi-8c,14.1,230.7,233.1,233.3,16.4,216.3,417.7
2568,rpi-8b,227.6,449.9,30.8,234.1,232.4,449.8,15.8
2569,rpi-4a,596.7,425.9,18.4,21.2,20.7,20.5,16.2
2570,odroid4,171.0,172.0,174.0,173.0,172.0,175.0,172.0
2571,odroid2,181.0,175.0,157.0,171.0,170.0,10.0,167.0
2572,rpi-4a,16.4,19.8,1406.5,20.8,15.6,16.0,18.0
2573,rpi-4a,17.1,16.7,1579.1,18.8,16.5,17.7,18.8
2574,rpi-8a,429.2,15.0,433.2,16.5,232.0,233.3,233.3
2575,odroid3,163.0,166.0,166.0,166.0,168.0,168.0,167.0
2576,odroid1,165.0,169.0,10.0,159.0,335.0,168.0,168.0
2577,rpi-8d,14.1,18.2,20.5,17.5,949.0,19.6,17.6
2578,odroid1,163.0,170.0,168.0,166.0,168.0,168.0,168.0
2579,odroid2,163.0,182.0,157.0,171.0,5.0,166.0,350.0
2580,odroid2,181.0,170.0,159.0,172.0,169.0,172.0,171.0
2581,odroid3,167.0,171.0,171.0,170.0,169.0,169.0,168.0
2582,odroid2,184.0,12.0,149.0,334.0,183.0,167.0,167.0
2583,rpi-8c,12.4,16.6,17.7,16.6,37.8,36.5,67.7
2584,rpi-8c,58.1,1451.5,14.7,431.4,18.2,18.2,15.6
2585,rpi-8a,229.7,433.1,16.3,232.4,233.3,433.3,16.7
2586,rpi-8a,432.2,15.6,231.3,233.1,433.3,16.6,233.3
2587,odroid1,165.0,168.0,168.0,167.0,168.0,166.0,168.0
2588,odroid1,163.0,169.0,166.0,4.0,161.0,4.0,329.0
2589,odroid3,167.0,172.0,171.0,171.0,171.0,172.0,165.0
2590,odroid4,170.0,175.0,175.0,171.0,174.0,173.0,173.0
2591,odroid1,7.0,322.0,333.0,166.0,166.0,167.0,169.0
2592,odroid3,165.0,166.0,169.0,166.0,167.0,165.0,166.0
2593,rpi-8d,16.6,16.9,1359.3,6.6,226.5,17.1,17.7
2594,rpi-8c,590.7,17.8,18.1,33.5,64.2,65.7,30.2
2595,rpi-4a,17.0,1583.3,17.0,16.7,16.0,17.2,17.5
2596,rpi-8c,31.2,846.7,1691.3,17.3,15.5,17.7,17.4
2597,odroid1,165.0,168.0,168.0,165.0,167.0,167.0,168.0
2598,rpi-8a,447.1,30.4,451.0,32.1,249.1,450.2,31.1
2599,rpi-4a,16.4,1570.6,17.6,18.3,18.4,18.4,18.4
2600,odroid1,164.0,169.0,166.0,165.0,165.0,167.0,167.0
2601,rpi-8a,231.4,230.4,233.8,233.3,16.2,216.1,200.0
2602,odroid3,169.0,172.0,167.0,170.0,171.0,172.0,167.0
2603,rpi-8c,14.3,20.5,545.9,1469.0,18.2,19.0,18.9
2604,rpi-8d,19.0,1829.1,20.3,20.1,16.7,17.9,19.2
2605,odroid2,164.0,187.0,154.0,171.0,171.0,172.0,171.0
2606,odroid2,164.0,178.0,156.0,172.0,169.0,169.0,170.0
2607,rpi-4a,14.7,17.7,783.9,420.1,16.0,17.7,16.7
2608,rpi-8b,207.2,232.6,433.4,15.7,233.1,233.4,232.9
2609,odroid4,169.0,172.0,174.0,174.0,173.0,171.0,175.0
2610,odroid2,10.0,179.0,319.0,172.0,11.0,167.0,334.0
2611,rpi-8c,15.6,96.3,48.1,657.1,17.1,17.4,18.6
2612,odroid2,163.0,178.0,155.0,175.0,168.0,8.0,166.0
2613,odroid3,168.0,167.0,170.0,170.0,167.0,169.0,171.0
2614,odroid3,168.0,172.0,169.0,174.0,170.0,171.0,169.0
2615,rpi-8b,229.9,236.0,450.3,17.0,231.7,233.0,450.4
2616,rpi-8a,231.7,229.9,250.0,450.0,33.0,233.3,233.3
2617,odroid1,166.0,167.0,168.0,166.0,167.0,166.0,168.0
2618,odroid4,170.0,173.0,174.0,174.0,173.0,171.0,173.0
2619,rpi-4a,16.1,790.2,210.8,19.7,20.1,19.4,19.0
2620,rpi-8c,61.4,81.7,16.2,73.4,99.9,78.9,110.7
2621,odroid1,165.0,167.0,16.0,484.0,8.0,17.0,311.0
2622,rpi-8d,18.2,968.1,626.4,23.1,22.6,23.1,16.8
2623,odroid1,167.0,11.0,158.0,331.0,167.0,167.0,169.0
2624,rpi-8b,430.7,16.2,235.2,233.5,450.5,16.1,234.5
2625,odroid3,167.0,169.0,169.0,170.0,171.0,168.0,169.0
2626,rpi-4a,15.1,1171.9,421.2,15.2,17.4,17.1,18.0
2627,rpi-8b,226.8,450.6,31.3,31.9,199.7,216.7,617.7
2628,rpi-8a,232.0,230.1,15.2,216.5,417.1,233.2,233.2
2629,rpi-8d,15.9,17.0,17.2,18.6,957.3,838.8,18.8
2630,rpi-8a,233.0,430.3,16.0,233.2,232.7,433.6,16.1
2631,odroid1,164.0,166.0,167.0,3.0,165.0,3.0,330.0
2632,odroid2,164.0,177.0,155.0,169.0,171.0,11.0,166.0
2633,odroid4,171.0,171.0,173.0,173.0,174.0,174.0,173.0
2634,rpi-8b,230.3,433.5,16.0,233.4,433.6,16.2,433.3
2635,odroid4,119.0,172.0,347.0,12.0,181.0,183.0,178.0
2636,odroid3,171.0,171.0,170.0,174.0,172.0,170.0,167.0
2637,rpi-8c,1159.0,18.8,18.5,20.1,20.1,15.8,18.4
2638,rpi-8c,2502.4,28.1,13.0,59.8,92.1,88.1,100.9
2639,rpi-8c,27.4,56.2,63.5,1244.2,843.0,18.4,17.3
2640,odroid1,165.0,169.0,167.0,166.0,169.0,166.0,167.0
2641,rpi-8d,16.8,25.5,69.0,1898.6,19.7,19.2,18.8
2642,rpi-8b,21.6,4.9,427.3,433.7,16.9,232.7,433.0
2643,odroid3,167.0,171.0,168.0,171.0,172.0,173.0,167.0
2644,rpi-8a,14.7,232.0,229.9,433.4,16.7,232.9,233.4
2645,odroid1,165.0,169.0,165.0,167.0,169.0,167.0,168.0
2646,odroid1,164.0,167.0,169.0,16.0,152.0,334.0,165.0
2647,odroid2,180.0,172.0,157.0,171.0,171.0,169.0,10.0
2648,odroid1,165.0,166.0,168.0,167.0,169.0,165.0,167.0
2649,odroid1,164.0,169.0,167.0,166.0,167.0,166.0,165.0
2650,odroid3,165.0,166.0,168.0,166.0,168.0,165.0,167.0
2651,odroid4,171.0,172.0,176.0,173.0,173.0,173.0,174.0
2652,rpi-8b,229.0,448.2,15.8,233.5,233.1,450.3,31.8
2653,rpi-8a,432.1,15.6,230.6,233.2,433.3,16.8,432.9
2654,rpi-8c,18.9,39.6,1332.0,17.9,20.8,20.5,17.2
2655,rpi-8b,227.9,232.0,450.3,32.3,232.9,450.8,15.6
2656,rpi-8d,18.5,20.1,1791.4,225.7,22.5,19.4,20.5
2657,odroid2,163.0,168.0,171.0,170.0,168.0,168.0,170.0
2658,rpi-4a,16.1,18.9,786.4,418.9,15.5,17.7,18.2
2659,odroid3,171.0,168.0,171.0,173.0,171.0,172.0,168.0
2660,rpi-8b,229.0,229.8,232.6,450.4,15.7,233.5,233.3
2661,odroid1,164.0,168.0,166.0,165.0,167.0,165.0,169.0
2662,odroid4,170.0,173.0,175.0,172.0,174.0,174.0,173.0
2663,odroid2,164.0,182.0,156.0,171.0,8.0,167.0,332.0
2664,rpi-8d,16.3,19.1,1166.3,626.8,19.6,19.1,19.0
2665,rpi-8c,18.9,19.9,571.6,17.9,17.9,18.0,18.3
2666,rpi-8b,430.4,15.9,235.7,233.3,234.8,30.3,198.9
2667,rpi-4a,16.0,18.1,596.8,16.0,18.2,18.3,18.4
2668,rpi-8c,1213.4,17.8,17.6,18.1,18.3,2271.2,17.9
2669,rpi-4a,13.4,598.6,415.9,16.5,19.1,18.9,18.5
2670,odroid3,166.0,171.0,170.0,168.0,170.0,169.0,189.0
2671,rpi-8d,17.6,16.5,17.8,17.4,1388.5,20.4,17.4
2672,rpi-8a,15.9,228.2,233.0,199.8,233.2,233.4,433.2
2673,rpi-4a,17.3,20.0,1161.6,633.1,20.4,17.5,20.7
2674,rpi-8d,15.6,20.6,16.5,756.9,17.7,18.3,18.3
2675,rpi-8d,35.8,2111.3,17.7,18.9,48.4,84.1,31.6
2676,odroid1,163.0,170.0,168.0,167.0,169.0,166.0,166.0
2677,rpi-8c,16.7,34.9,63.4,549.5,17.8,17.0,67.1
2678,odroid2,164.0,167.0,182.0,168.0,166.0,167.0,166.0
2679,odroid2,163.0,177.0,157.0,172.0,170.0,171.0,169.0
2680,odroid1,165.0,169.0,168.0,168.0,167.0,168.0,167.0
2681,rpi-8c,15.3,17.3,17.4,17.9,24.2,80.1,6.5
2682,rpi-8d,14.2,17.4,351.0,835.0,17.1,18.2,16.3
2683,rpi-4a,18.9,17.7,980.9,421.9,20.0,22.0,18.2
2684,rpi-4a,16.5,19.4,971.6,633.4,20.0,16.7,19.6
2685,rpi-8b,15.8,442.8,30.5,450.3,31.3,234.2,15.4
2686,odroid1,164.0,170.0,167.0,167.0,168.0,167.0,169.0
2687,rpi-8d,17.1,16.5,16.5,16.8,373.6,16.8,16.4
2688,odroid2,180.0,167.0,166.0,167.0,184.0,166.0,167.0
2689,rpi-8b,445.5,29.9,15.9,217.2,216.0,216.7,617.7
2690,odroid1,166.0,168.0,167.0,167.0,166.0,10.0,156.0
2691,rpi-8d,21.1,13.5,35.6,57.7,1075.7,838.0,18.9
2692,odroid2,164.0,174.0,155.0,172.0,171.0,170.0,168.0
2693,rpi-8b,214.6,233.0,232.4,233.2,450.0,32.6,233.4
2694,odroid2,163.0,181.0,155.0,171.0,169.0,171.0,168.0
2695,rpi-8d,15.7,1.5,15.0,23.1,15.3,1216.6,18.5
2696,rpi-4a,17.6,19.2,972.4,632.4,20.0,16.8,430.7
2697,odroid2,181.0,172.0,157.0,172.0,168.0,168.0,170.0
2698,rpi-8b,14.4,23.5,217.1,198.8,216.6,216.5,618.3
2699,odroid4,171.0,172.0,175.0,173.0,172.0,172.0,173.0
2700,rpi-8d,19.4,17.0,18.5,744.6,838.3,20.6,22.3
2701,rpi-8c,430.0,29.7,234.5,231.7,233.0,232.6,214.9
2702,rpi-8c,89.5,1166.3,13.7,17.2,17.4,48.4,31.9
2703,rpi-8c,17.1,1995.4,26.5,12.9,18.4,16.5,17.7
2704,rpi-4a,19.1,17.4,1772.4,21.8,17.6,19.7,19.3
2705,odroid2,330.0,184.0,155.0,170.0,171.0,170.0,168.0
2706,odroid1,166.0,167.0,167.0,12.0,155.0,334.0,166.0
2707,odroid3,163.0,166.0,167.0,164.0,168.0,165.0,164.0
2708,rpi-8c,113.4,1702.9,11.7,19.1,19.7,20.5,362.6
2709,odroid4,171.0,173.0,177.0,171.0,173.0,174.0,172.0
2710,odroid1,164.0,168.0,167.0,167.0,169.0,165.0,170.0
2711,rpi-8a,17.6,13.7,215.7,212.0,216.6,416.9,233.1
2712,odroid1,165.0,170.0,168.0,167.0,168.0,166.0,167.0
2713,odroid2,168.0,183.0,159.0,172.0,168.0,12.0,167.0
2714,rpi-8c,17.6,1780.7,19.4,20.4,18.2,19.7,20.0
2715,odroid2,167.0,191.0,152.0,171.0,10.0,167.0,333.0
2716,rpi-4a,15.9,19.1,1005.2,171.2,18.2,16.6,16.4
2717,rpi-8c,36.7,213.6,2121.7,18.2,16.1,17.2,17.8
2718,rpi-8b,12.9,432.9,16.6,232.6,233.1,233.6,433.3
2719,rpi-8b,424.7,16.4,233.0,233.0,232.9,433.3,16.8
2720,odroid2,165.0,178.0,157.0,169.0,169.0,172.0,168.0
2721,rpi-8d,17.6,19.3,18.1,964.3,416.3,19.2,19.0
2722,odroid4,169.0,172.0,176.0,174.0,171.0,173.0,175.0
2723,rpi-8c,64.9,1651.7,15.4,17.3,47.4,784.6,15.9
2724,rpi-8d,18.7,22.6,17.0,19.0,1569.8,19.0,22.0
2725,odroid1,163.0,169.0,168.0,167.0,168.0,165.0,166.0
2726,rpi-8c,25.7,527.3,17.3,18.9,59.0,79.5,31.9
2727,odroid3,167.0,172.0,169.0,170.0,172.0,170.0,165.0
2728,odroid1,165.0,168.0,168.0,168.0,168.0,168.0,165.0
2729,odroid3,165.0,167.0,165.0,166.0,165.0,165.0,167.0
2730,rpi-8a,13.3,432.4,14.6,232.7,16.0,216.3,417.3
2731,odroid2,164.0,178.0,158.0,170.0,170.0,168.0,171.0
2732,rpi-8d,17.0,18.7,747.5,838.1,22.1,22.0,23.6
2733,rpi-8a,16.0,229.8,428.9,16.4,233.1,233.4,431.9
2734,odroid1,165.0,170.0,167.0,168.0,167.0,168.0,167.0
2735,rpi-8c,12.3,24.3,72.5,23.1,36.4,88.2,2002.4
2736,rpi-8c,2484.6,11.2,16.0,18.5,26.3,74.6,77.2
2737,odroid2,164.0,182.0,158.0,173.0,5.0,166.0,350.0
2738,rpi-8a,229.2,433.4,16.3,233.1,233.2,433.3,16.7
2739,rpi-4a,15.9,23.7,975.4,415.9,18.1,18.9,20.6
2740,odroid4,169.0,172.0,175.0,173.0,173.0,173.0,172.0
2741,odroid4,173.0,174.0,174.0,172.0,175.0,172.0,174.0
2742,odroid1,165.0,170.0,167.0,168.0,167.0,167.0,167.0
2743,rpi-8d,18.2,24.4,87.0,1704.8,20.6,23.4,17.3
2744,odroid3,167.0,172.0,170.0,170.0,171.0,171.0,166.0
2745,odroid3,168.0,171.0,169.0,170.0,171.0,171.0,165.0
2746,rpi-8a,212.8,199.6,216.5,216.5,417.2,15.7,216.6
2747,rpi-8d,15.9,19.6,20.5,20.8,1141.5,20.4,20.4
2748,odroid2,163.0,187.0,156.0,172.0,169.0,169.0,14.0
2749,rpi-4a,17.3,17.7,1407.0,20.3,17.7,19.6,17.1
2750,rpi-8b,19.8,20.2,216.4,198.7,217.7,216.3,619.2
2751,rpi-4a,1343.5,24.5,17.1,421.5,20.5,21.4,17.3
2752,rpi-8d,67.6,129.7,76.1,31.6,123.8,31.8,107.9
2753,rpi-8d,20.7,18.7,20.3,958.4,19.0,19.4,20.4
2754,rpi-8c,24.6,542.6,16.6,54.6,1619.5,16.1,16.1
2755,odroid3,165.0,165.0,167.0,165.0,166.0,164.0,165.0
2756,odroid2,164.0,181.0,156.0,171.0,8.0,166.0,351.0
2757,odroid3,169.0,171.0,169.0,173.0,172.0,170.0,166.0
2758,odroid4,170.0,173.0,173.0,173.0,174.0,173.0,173.0
2759,rpi-8d,19.3,20.8,1603.4,14.5,20.7,20.3,20.1
2760,rpi-8c,1008.1,17.3,20.6,17.2,16.8,2270.9,16.6
2761,rpi-8c,66.0,85.6,59.3,87.4,57.8,55.9,41.7
2762,rpi-8b,229.6,233.1,433.3,17.1,233.4,232.5,433.9
2763,odroid4,186.0,160.0,174.0,173.0,172.0,173.0,172.0
2764,odroid1,165.0,166.0,167.0,167.0,167.0,167.0,169.0
2765,rpi-8a,14.0,229.7,432.3,16.5,231.7,233.2,433.4
2766,odroid1,165.0,167.0,165.0,168.0,169.0,167.0,166.0
2767,rpi-8b,227.1,448.1,31.1,234.2,233.2,449.8,16.9
2768,odroid3,169.0,172.0,169.0,169.0,172.0,172.0,166.0
2769,rpi-8a,429.4,16.4,233.1,233.3,233.4,432.3,16.5
2770,odroid1,167.0,165.0,168.0,17.0,151.0,331.0,166.0
2771,odroid4,171.0,174.0,174.0,172.0,173.0,173.0,173.0
2772,rpi-4a,17.3,19.1,790.5,421.7,20.9,16.6,19.7
2773,odroid2,181.0,176.0,153.0,169.0,171.0,172.0,8.0
2774,odroid4,171.0,173.0,174.0,174.0,172.0,174.0,173.0
2775,rpi-4a,15.0,16.9,783.1,17.0,17.7,1034.0,15.4
2776,odroid4,172.0,173.0,173.0,172.0,172.0,224.0,165.0
2777,odroid1,164.0,167.0,167.0,166.0,168.0,168.0,167.0
2778,odroid2,164.0,190.0,150.0,172.0,170.0,170.0,169.0
2779,odroid2,165.0,189.0,157.0,172.0,168.0,171.0,168.0
2780,odroid2,164.0,178.0,153.0,173.0,169.0,172.0,170.0
2781,odroid1,163.0,167.0,167.0,167.0,165.0,168.0,166.0
2782,odroid2,164.0,179.0,155.0,170.0,169.0,173.0,167.0
2783,odroid4,171.0,171.0,176.0,173.0,174.0,173.0,173.0
2784,rpi-8a,229.2,433.2,16.6,233.0,233.4,432.7,16.8
2785,rpi-8b,13.7,232.0,233.2,433.4,16.9,232.9,233.5
2786,rpi-4a,15.5,19.1,977.3,630.0,17.5,225.8,17.5
2787,rpi-8a,35.4,24.6,219.0,413.7,216.1,233.3,234.4
2788,odroid1,168.0,167.0,168.0,166.0,167.0,166.0,167.0
2789,odroid3,164.0,166.0,167.0,165.0,164.0,168.0,166.0
2790,rpi-8c,15.2,16.9,17.3,1167.9,19.1,17.4,21.7
2791,rpi-8c,17.4,18.8,70.2,19.7,71.7,23.8,156.0
2792,rpi-8b,26.9,227.4,432.4,16.7,233.0,233.1,433.5
2793,odroid3,169.0,171.0,169.0,171.0,172.0,170.0,167.0
2794,rpi-8d,19.8,17.9,1583.3,17.4,19.1,19.6,19.8
2795,odroid4,170.0,173.0,174.0,173.0,174.0,188.0,158.0
2796,odroid4,171.0,172.0,176.0,173.0,171.0,173.0,172.0
2797,odroid4,170.0,172.0,176.0,173.0,172.0,172.0,172.0
2798,odroid4,169.0,175.0,173.0,172.0,173.0,174.0,175.0
2799,rpi-8a,416.7,229.0,16.1,216.5,617.3,16.0,233.5
2800,odroid2,164.0,177.0,155.0,170.0,170.0,10.0,166.0
2801,rpi-4a,16.5,1174.3,630.5,15.3,16.4,17.0,17.0
2802,odroid4,173.0,172.0,172.0,175.0,172.0,173.0,175.0
2803,odroid1,164.0,167.0,168.0,168.0,169.0,167.0,168.0
2804,odroid1,164.0,168.0,169.0,165.0,167.0,167.0,167.0
2805,rpi-8c,835.3,17.3,17.8,20.0,53.6,101.5,19.3
2806,odroid3,167.0,170.0,170.0,170.0,170.0,171.0,167.0
2807,rpi-8a,233.2,429.0,16.9,16.1,216.6,199.8,633.7
2808,rpi-8b,224.9,451.8,31.5,232.9,451.0,16.4,232.4
2809,odroid4,170.0,172.0,175.0,173.0,173.0,173.0,174.0
2810,rpi-8a,434.9,227.7,16.3,216.4,416.6,433.4,16.5
2811,odroid3,169.0,171.0,168.0,170.0,172.0,169.0,167.0
2812,odroid2,163.0,179.0,158.0,171.0,168.0,171.0,171.0
2813,odroid3,169.0,170.0,168.0,171.0,173.0,171.0,166.0
2814,rpi-4a,15.3,17.3,792.1,632.4,20.1,15.7,17.2
2815,rpi-8b,23.0,228.1,433.1,16.8,232.6,233.9,432.8
2816,rpi-8d,19.1,16.5,17.3,546.1,21.6,20.3,18.4
2817,rpi-4a,16.6,14.5,969.3,629.3,16.7,15.8,204.5
2818,odroid2,181.0,171.0,154.0,171.0,170.0,183.0,167.0
2819,odroid2,165.0,190.0,13.0,150.0,333.0,168.0,168.0
2820,rpi-8d,17.2,20.5,121.6,1048.9,18.7,18.9,19.8
2821,odroid3,167.0,172.0,170.0,172.0,173.0,173.0,167.0
2822,odroid1,167.0,167.0,167.0,165.0,165.0,169.0,169.0
2823,odroid4,171.0,172.0,176.0,171.0,174.0,173.0,173.0
2824,rpi-8b,226.2,451.0,31.8,234.0,449.8,15.7,15.8
2825,rpi-8a,415.0,231.5,14.6,216.2,416.9,433.3,16.4
2826,rpi-8c,65.8,2027.3,17.0,18.9,195.4,22.0,19.0
2827,odroid1,166.0,165.0,167.0,15.0,150.0,335.0,166.0
2828,odroid3,166.0,167.0,169.0,171.0,169.0,168.0,171.0
2829,rpi-8a,14.1,230.7,231.9,233.1,233.2,433.4,16.7
2830,rpi-8b,228.2,449.2,15.7,233.6,232.2,449.9,16.1
2831,rpi-8b,12.7,212.7,432.6,232.5,450.5,15.7,232.7
2832,rpi-4a,1408.2,21.8,18.8,422.1,23.8,20.3,18.1
2833,odroid4,173.0,174.0,172.0,173.0,171.0,175.0,172.0
2834,rpi-4a,12.7,16.4,783.7,419.9,15.1,18.2,18.0
2835,rpi-8c,14.2,4.1,634.8,15.8,14.0,16.1,27.5
2836,odroid1,166.0,168.0,166.0,168.0,167.0,166.0,166.0
2837,odroid4,171.0,172.0,176.0,173.0,173.0,173.0,173.0
2838,rpi-8a,413.6,232.6,233.1,433.3,16.6,233.1,16.5
2839,odroid1,163.0,170.0,168.0,166.0,8.0,158.0,333.0
2840,odroid2,164.0,185.0,157.0,172.0,170.0,170.0,169.0
2841,rpi-8d,13.9,1199.1,15.9,424.2,18.3,16.6,16.7
2842,odroid1,163.0,167.0,166.0,167.0,167.0,167.0,167.0
2843,rpi-8a,229.7,432.0,16.5,233.1,233.3,433.8,15.3
2844,rpi-8b,424.9,16.7,231.5,233.3,232.9,233.7,433.4
2845,odroid2,164.0,186.0,156.0,171.0,170.0,171.0,169.0
2846,rpi-4a,15.4,18.6,974.9,631.5,17.8,15.6,18.2
2847,rpi-8d,16.3,20.4,19.7,391.8,20.1,19.5,22.0
2848,rpi-8b,229.5,433.4,16.1,233.2,233.3,233.2,417.0
2849,odroid4,170.0,173.0,174.0,174.0,173.0,172.0,174.0
2850,odroid4,163.0,174.0,175.0,171.0,174.0,173.0,174.0
2851,rpi-8a,17.6,227.0,232.6,433.8,15.5,233.1,433.7
2852,odroid4,168.0,172.0,175.0,172.0,172.0,171.0,174.0
2853,rpi-4a,17.0,18.2,1199.3,16.2,15.4,17.8,17.9
2854,rpi-8b,14.0,223.4,232.7,432.4,17.2,16.1,216.4
2855,rpi-4a,17.0,23.5,1358.8,208.3,18.0,16.7,18.1
2856,odroid2,167.0,192.0,153.0,171.0,170.0,16.0,166.0
2857,rpi-8d,14.0,131.7,16.3,1669.0,16.1,17.9,16.3
2858,odroid1,166.0,169.0,168.0,13.0,153.0,334.0,166.0
2859,odroid3,163.0,166.0,168.0,165.0,167.0,166.0,164.0
2860,rpi-4a,16.1,790.5,417.4,17.0,17.6,19.5,18.9
2861,odroid2,164.0,178.0,154.0,170.0,169.0,12.0,167.0
2862,rpi-8d,17.0,16.3,16.5,16.5,1401.0,16.3,18.7
2863,rpi-8b,424.7,17.0,232.7,233.0,433.2,16.6,233.1
2864,odroid1,150.0,336.0,168.0,166.0,9.0,159.0,331.0
2865,rpi-8d,23.4,18.5,19.3,1377.4,18.8,22.0,20.7
2866,odroid1,165.0,167.0,168.0,168.0,168.0,166.0,166.0
2867,odroid3,181.0,157.0,171.0,170.0,171.0,170.0,166.0
2868,rpi-8d,16.3,18.0,24.6,1149.7,2.7,17.6,1039.2
2869,rpi-8d,14.7,17.3,18.2,388.6,3.9,17.0,18.5
2870,rpi-8d,16.0,15.0,1174.6,629.1,16.6,17.1,17.2
2871,rpi-8a,13.0,219.9,211.7,199.7,417.0,233.3,233.0
2872,rpi-8a,232.8,429.0,16.6,16.2,216.6,199.8,215.5
2873,rpi-8c,87.7,52.5,63.9,183.8,98.6,93.4,107.9
2874,odroid2,8.0,179.0,319.0,169.0,169.0,12.0,167.0
2875,rpi-4a,14.1,21.5,789.5,629.4,24.9,15.4,418.3
2876,odroid4,169.0,172.0,173.0,171.0,173.0,171.0,173.0
2877,rpi-8c,16.4,24.3,108.3,36.4,26.9,147.5,18.2
2878,rpi-8c,12.6,2550.4,42.3,95.7,31.3,168.4,80.0
2879,odroid3,167.0,172.0,167.0,170.0,172.0,172.0,166.0
2880,rpi-4a,14.9,19.9,589.8,421.6,16.5,17.9,18.7
2881,rpi-8b,12.8,235.1,233.1,450.2,15.7,232.8,232.5
2882,rpi-4a,17.4,15.9,990.3,16.3,19.4,19.5,20.5
2883,odroid2,165.0,175.0,158.0,169.0,171.0,169.0,170.0
2884,rpi-8b,225.4,234.3,449.8,31.6,233.6,451.4,30.8
2885,rpi-8b,215.6,210.4,217.3,198.5,216.9,418.1,449.8
2886,odroid4,172.0,172.0,173.0,173.0,173.0,173.0,174.0
2887,rpi-8c,13.1,15.9,150.4,1268.5,16.2,15.6,18.1
2888,odroid1,166.0,168.0,169.0,168.0,166.0,167.0,167.0
2889,odroid4,170.0,173.0,176.0,175.0,173.0,171.0,173.0
2890,odroid2,331.0,186.0,153.0,171.0,171.0,167.0,170.0
2891,odroid2,172.0,189.0,163.0,177.0,175.0,176.0,172.0
2892,odroid4,172.0,175.0,175.0,174.0,173.0,173.0,174.0
2893,odroid4,170.0,175.0,174.0,171.0,172.0,174.0,173.0
2894,rpi-8c,15.1,2.7,17.0,15.1,44.0,1381.7,16.5
2895,odroid1,166.0,169.0,167.0,165.0,167.0,167.0,167.0
2896,odroid4,171.0,173.0,174.0,174.0,172.0,173.0,172.0
2897,rpi-8c,593.7,17.1,17.2,2076.7,16.4,17.3,17.6
2898,odroid1,165.0,169.0,168.0,165.0,166.0,167.0,168.0
2899,odroid3,169.0,171.0,171.0,172.0,170.0,171.0,166.0
2900,rpi-8c,68.6,1823.3,12.4,15.9,16.9,17.9,20.2
2901,rpi-8b,230.1,233.3,233.1,233.1,433.5,15.7,232.9
2902,rpi-8a,231.7,198.4,232.1,232.1,433.5,16.6,433.2
2903,rpi-8a,228.9,232.9,433.2,16.8,232.9,233.4,433.2
2904,rpi-8b,13.7,5.0,437.1,231.0,449.8,30.6,234.6
2905,rpi-8a,13.7,234.0,229.4,232.8,233.0,200.0,233.0
2906,rpi-8b,13.2,215.8,216.5,199.6,634.2,16.0,232.9
2907,rpi-4a,18.1,19.1,1198.7,16.2,15.1,18.3,17.7
2908,rpi-8d,16.9,30.7,324.4,837.6,18.6,18.1,18.7
2909,odroid1,166.0,169.0,168.0,166.0,169.0,167.0,168.0
2910,odroid2,164.0,190.0,154.0,169.0,169.0,171.0,169.0
2911,odroid2,167.0,185.0,13.0,150.0,350.0,166.0,167.0
2912,odroid3,168.0,172.0,171.0,170.0,170.0,170.0,167.0
2913,odroid2,164.0,182.0,158.0,173.0,4.0,165.0,351.0
2914,rpi-4a,13.7,979.9,630.1,19.1,14.4,17.3,17.7
2915,rpi-4a,1377.6,19.7,17.8,19.6,19.3,19.6,19.6
2916,rpi-8c,368.3,15.8,17.5,49.9,56.2,55.4,47.7
2917,odroid1,166.0,168.0,166.0,168.0,166.0,168.0,166.0
2918,rpi-8d,18.8,18.8,17.5,780.8,17.6,20.6,21.3
2919,odroid3,169.0,170.0,170.0,171.0,173.0,170.0,167.0
2920,rpi-8c,18.3,19.5,301.3,64.5,75.9,72.0,85.1
2921,rpi-8d,16.8,20.3,85.0,1899.8,18.5,21.4,16.6
2922,rpi-8a,429.6,16.2,232.0,233.4,433.6,16.2,232.1
2923,odroid1,165.0,169.0,168.0,14.0,153.0,335.0,167.0
2924,odroid2,169.0,184.0,156.0,171.0,169.0,170.0,170.0
2925,odroid4,170.0,174.0,174.0,173.0,173.0,173.0,174.0
2926,rpi-8a,15.7,230.4,232.1,232.8,432.8,16.2,234.1
2927,odroid3,168.0,172.0,170.0,172.0,171.0,171.0,166.0
2928,odroid2,163.0,184.0,167.0,166.0,166.0,184.0,166.0
2929,odroid2,168.0,192.0,150.0,170.0,170.0,11.0,166.0
2930,rpi-8a,13.1,431.4,15.8,216.6,232.8,200.0,233.2
2931,rpi-8d,16.7,18.6,29.6,1145.8,19.5,17.1,1020.7
2932,odroid4,169.0,172.0,176.0,172.0,174.0,174.0,172.0
2933,rpi-8c,16.3,16.6,770.9,626.5,17.2,17.5,17.8
2934,odroid1,163.0,170.0,166.0,13.0,155.0,331.0,166.0
2935,rpi-4a,20.0,14.3,419.4,210.2,15.2,21.0,16.7
2936,odroid1,163.0,168.0,167.0,167.0,166.0,166.0,169.0
2937,rpi-8b,13.1,12.7,229.1,199.0,217.4,416.9,450.3
2938,rpi-4a,19.4,18.6,965.1,422.7,17.4,19.4,21.4
2939,rpi-8b,430.0,16.7,235.5,232.5,450.8,15.6,233.2
2940,rpi-8a,228.8,232.9,433.3,17.0,15.8,216.3,417.0
2941,rpi-8d,15.7,14.5,17.6,16.4,1595.7,15.6,18.2
2942,odroid1,164.0,169.0,167.0,13.0,154.0,335.0,166.0
2943,odroid1,166.0,167.0,168.0,14.0,150.0,334.0,166.0
2944,odroid4,170.0,171.0,173.0,175.0,172.0,174.0,172.0
2945,rpi-8b,229.9,433.3,16.5,232.1,433.7,16.5,433.6
2946,rpi-8d,11.5,17.0,778.5,421.0,17.3,16.1,397.3
2947,rpi-8c,394.6,215.6,16.8,16.9,72.0,83.5,96.0
2948,odroid3,164.0,167.0,168.0,167.0,173.0,162.0,169.0
2949,rpi-8b,13.5,13.3,210.2,216.3,216.5,416.4,233.0
2950,odroid1,166.0,169.0,169.0,167.0,166.0,166.0,168.0
2951,odroid3,168.0,173.0,168.0,172.0,171.0,170.0,181.0
2952,odroid3,166.0,170.0,170.0,168.0,169.0,169.0,168.0
2953,odroid1,166.0,168.0,168.0,168.0,167.0,168.0,167.0
2954,rpi-8c,38.0,36.5,48.3,557.7,17.0,17.6,65.0
2955,rpi-8d,15.0,1838.7,16.8,18.4,18.6,20.0,16.7
2956,odroid3,162.0,168.0,166.0,166.0,168.0,166.0,164.0
2957,rpi-8d,19.0,16.1,339.7,1263.5,15.7,16.4,15.9
2958,odroid2,163.0,176.0,155.0,172.0,169.0,168.0,169.0
2959,odroid3,170.0,172.0,170.0,171.0,172.0,171.0,168.0
2960,rpi-4a,15.0,17.5,613.2,613.7,21.0,16.7,16.7
2961,odroid3,167.0,172.0,170.0,171.0,170.0,172.0,165.0
2962,odroid3,164.0,166.0,167.0,167.0,164.0,165.0,166.0
2963,rpi-8b,18.1,12.1,641.7,15.4,232.7,233.2,233.2
2964,rpi-8b,446.9,30.0,31.9,200.0,216.6,216.0,417.8
2965,rpi-4a,17.2,20.1,979.9,411.8,21.2,21.0,21.6
2966,rpi-4a,17.3,19.9,981.7,630.9,26.5,18.5,20.4
2967,odroid3,169.0,172.0,170.0,171.0,173.0,172.0,166.0
2968,rpi-8c,16.5,78.2,55.6,27.6,63.4,136.6,64.0
2969,odroid1,165.0,166.0,168.0,168.0,165.0,168.0,165.0
2970,odroid4,172.0,174.0,174.0,172.0,174.0,175.0,173.0
2971,odroid3,166.0,169.0,171.0,169.0,168.0,171.0,169.0
2972,odroid4,170.0,173.0,172.0,174.0,173.0,172.0,174.0
2973,rpi-8d,19.8,19.6,19.6,1156.5,21.5,23.1,26.0
2974,rpi-8a,233.0,229.1,233.4,433.3,16.6,233.2,233.3
2975,rpi-8b,227.7,231.1,451.2,31.7,234.1,237.9,444.6
2976,odroid1,166.0,169.0,166.0,167.0,166.0,168.0,166.0
2977,rpi-8d,1388.7,28.8,15.8,17.7,15.8,19.9,16.4
2978,odroid4,171.0,173.0,173.0,171.0,172.0,173.0,171.0
2979,rpi-8a,14.5,230.1,232.4,233.3,433.4,15.4,233.2
2980,rpi-8d,18.4,20.8,97.1,1260.0,19.3,20.6,20.7
2981,odroid1,163.0,169.0,166.0,168.0,169.0,167.0,167.0
2982,odroid4,172.0,172.0,173.0,172.0,173.0,173.0,172.0
2983,odroid2,181.0,172.0,156.0,171.0,172.0,12.0,166.0
2984,rpi-8b,13.7,231.5,233.0,232.6,433.4,16.5,233.2
2985,rpi-8b,225.2,232.9,432.3,16.7,232.9,234.0,432.7
2986,odroid4,170.0,173.0,174.0,173.0,172.0,172.0,174.0
2987,odroid3,170.0,169.0,170.0,172.0,170.0,173.0,166.0
2988,odroid1,328.0,8.0,324.0,334.0,168.0,167.0,168.0
2989,rpi-4a,14.9,17.3,1133.1,417.9,16.7,19.0,19.5
2990,odroid2,164.0,189.0,157.0,170.0,170.0,170.0,11.0
2991,odroid2,163.0,179.0,155.0,170.0,168.0,169.0,169.0
2992,rpi-8d,30.1,101.7,64.8,100.2,35.1,81.2,106.2
2993,rpi-8b,13.8,12.1,228.2,199.4,218.5,215.4,200.7
2994,rpi-4a,16.5,621.8,400.2,17.8,21.8,20.0,20.6
2995,odroid4,170.0,173.0,175.0,173.0,174.0,172.0,172.0
2996,odroid2,166.0,187.0,155.0,170.0,170.0,170.0,11.0
2997,rpi-8d,17.5,20.2,1174.6,620.3,24.5,22.2,20.5
2998,odroid3,153.0,174.0,170.0,169.0,171.0,171.0,166.0
2999,rpi-8a,229.0,232.9,233.1,433.4,16.7,232.9,233.3
3000,odroid2,163.0,188.0,153.0,172.0,168.0,171.0,168.0
3001,odroid3,167.0,173.0,169.0,173.0,171.0,170.0,165.0
3002,odroid1,164.0,168.0,166.0,166.0,166.0,167.0,167.0
3003,rpi-8a,14.3,232.3,231.2,231.9,216.9,234.1,232.8
3004,rpi-8c,88.7,217.1,23.2,23.8,124.7,23.2,2543.1
3005,rpi-8a,230.5,231.9,233.2,233.1,433.5,16.2,233.5
3006,odroid4,172.0,173.0,174.0,173.0,171.0,172.0,172.0
3007,rpi-8c,31.2,2181.4,18.0,18.9,23.5,1015.5,17.5
3008,rpi-8d,19.0,19.0,107.3,1268.6,20.0,22.0,21.1
3009,odroid2,181.0,171.0,158.0,172.0,171.0,11.0,166.0
3010,odroid4,172.0,171.0,174.0,174.0,174.0,172.0,173.0
3011,rpi-4a,17.6,21.1,970.3,632.2,20.5,17.4,19.5
3012,rpi-4a,15.0,783.2,629.3,16.5,16.7,17.0,17.0
3013,rpi-8c,227.5,450.5,14.5,233.2,467.2,27.8,225.4
3014,odroid2,168.0,186.0,157.0,171.0,170.0,170.0,12.0
3015,odroid4,170.0,172.0,174.0,173.0,173.0,173.0,176.0
3016,rpi-8b,226.4,449.9,30.9,233.5,232.7,450.9,16.1
3017,rpi-8a,232.2,229.9,433.8,15.9,233.3,233.4,433.5
3018,odroid1,164.0,168.0,165.0,167.0,168.0,169.0,165.0
3019,rpi-8d,17.7,15.8,18.6,14.1,1140.3,628.9,16.3
3020,rpi-8b,17.9,20.1,436.0,449.7,32.8,30.5,201.2
3021,rpi-8b,424.9,17.1,231.9,233.1,233.1,216.7,233.5
3022,rpi-8a,14.1,232.3,230.2,16.2,216.6,198.8,634.0
3023,odroid3,170.0,168.0,170.0,171.0,171.0,171.0,168.0
3024,odroid1,167.0,11.0,158.0,332.0,167.0,167.0,166.0
3025,rpi-8b,213.9,416.4,233.4,16.0,216.5,416.8,233.2
3026,rpi-4a,17.6,16.6,782.7,18.3,19.6,17.0,18.4
3027,odroid2,166.0,193.0,148.0,171.0,168.0,171.0,170.0
3028,odroid3,170.0,172.0,169.0,171.0,173.0,171.0,168.0
3029,rpi-8b,228.2,231.8,451.5,30.5,234.0,232.8,450.3
3030,rpi-8c,18.8,51.0,123.8,479.6,20.5,16.8,26.0
3031,odroid3,168.0,173.0,169.0,172.0,173.0,170.0,165.0
3032,odroid2,186.0,11.0,149.0,350.0,166.0,167.0,166.0
3033,odroid1,165.0,169.0,166.0,166.0,167.0,167.0,169.0
3034,rpi-8b,231.2,231.9,233.2,433.5,16.9,232.8,433.5
3035,odroid3,167.0,170.0,168.0,172.0,170.0,170.0,167.0
3036,odroid1,166.0,167.0,168.0,167.0,166.0,169.0,169.0
3037,odroid1,164.0,168.0,167.0,165.0,167.0,166.0,168.0
3038,rpi-8b,230.2,452.8,31.4,233.7,233.0,451.0,14.6
3039,rpi-4a,18.2,19.6,1394.1,22.0,16.3,17.1,19.1
3040,rpi-8b,212.3,413.9,232.3,233.0,450.2,17.2,231.8
3041,rpi-4a,11.2,17.6,781.2,17.4,18.3,18.0,1233.1
3042,odroid4,170.0,173.0,175.0,173.0,173.0,174.0,173.0
3043,odroid3,167.0,168.0,170.0,167.0,167.0,169.0,170.0
3044,odroid1,165.0,168.0,169.0,166.0,166.0,168.0,168.0
3045,odroid3,166.0,173.0,167.0,171.0,171.0,170.0,167.0
3046,odroid4,172.0,173.0,176.0,173.0,174.0,172.0,175.0
3047,rpi-4a,14.2,19.7,1637.6,15.9,16.2,18.5,20.1
3048,odroid1,331.0,167.0,168.0,166.0,168.0,166.0,169.0
3049,odroid4,171.0,174.0,173.0,174.0,175.0,172.0,174.0
3050,rpi-8c,16.0,10.5,429.1,216.2,230.3,232.3,434.0
3051,rpi-8d,16.2,28.2,326.8,1258.5,19.0,18.8,18.5
3052,odroid2,165.0,177.0,158.0,173.0,169.0,169.0,169.0
3053,rpi-8c,79.9,39.9,127.2,24.8,83.9,95.6,91.8
3054,odroid1,165.0,169.0,166.0,167.0,167.0,167.0,167.0
3055,rpi-8a,429.3,16.1,233.0,233.3,433.4,16.5,233.2
3056,rpi-4a,15.6,57.2,1128.2,631.2,19.9,15.6,18.3
3057,odroid4,172.0,171.0,173.0,175.0,172.0,174.0,172.0
3058,odroid4,171.0,173.0,176.0,171.0,173.0,174.0,173.0
3059,rpi-8c,14.9,140.2,55.0,94.2,55.4,32.9,2073.0
3060,odroid4,170.0,172.0,175.0,171.0,174.0,173.0,173.0
3061,rpi-4a,18.4,18.4,1407.0,21.3,19.7,19.0,20.4
3062,odroid4,170.0,172.0,175.0,173.0,172.0,174.0,173.0
3063,odroid2,165.0,188.0,1.0,170.0,13.0,316.0,334.0
3064,rpi-4a,16.2,16.8,976.0,16.9,17.3,17.0,17.7
3065,rpi-8c,17.2,486.6,18.9,18.9,71.4,78.7,21.7
3066,odroid3,162.0,166.0,169.0,166.0,167.0,167.0,166.0
3067,rpi-4a,16.1,17.7,1407.3,17.0,17.3,19.7,19.9
3068,odroid4,171.0,173.0,175.0,173.0,172.0,173.0,171.0
3069,odroid2,164.0,184.0,152.0,172.0,171.0,168.0,171.0
3070,odroid3,167.0,171.0,167.0,171.0,173.0,171.0,168.0
3071,rpi-8a,214.5,198.4,433.4,233.1,433.4,16.9,233.0
3072,rpi-8d,19.6,19.7,22.0,956.6,20.0,20.6,20.9
3073,odroid3,167.0,170.0,168.0,170.0,172.0,171.0,169.0
3074,rpi-8b,230.4,233.0,433.4,16.4,233.0,199.9,233.5
3075,odroid2,165.0,183.0,158.0,170.0,168.0,170.0,169.0
3076,rpi-8a,235.7,227.2,432.8,16.3,233.1,233.5,434.3
3077,rpi-8b,427.8,31.9,232.8,233.3,233.6,232.5,217.7
3078,odroid4,172.0,174.0,176.0,173.0,176.0,174.0,173.0
3079,odroid2,165.0,188.0,158.0,171.0,183.0,166.0,167.0
3080,rpi-8c,15.0,44.4,1153.9,16.6,17.6,17.6,17.8
3081,odroid2,181.0,171.0,157.0,170.0,170.0,170.0,12.0
3082,rpi-8c,101.7,325.2,20.2,38.3,92.5,2385.3,18.4
3083,rpi-8a,229.5,233.1,433.0,16.5,233.3,232.8,433.3
3084,odroid3,169.0,173.0,170.0,171.0,170.0,172.0,167.0
3085,rpi-8b,12.6,445.4,31.6,450.8,31.4,232.4,233.9
3086,rpi-8d,17.2,17.6,18.0,1155.3,18.8,19.3,18.7
3087,odroid1,165.0,169.0,166.0,167.0,166.0,166.0,169.0
3088,rpi-8d,18.5,54.6,39.4,1329.3,20.2,20.7,21.7
3089,odroid3,167.0,172.0,170.0,170.0,173.0,171.0,166.0
3090,rpi-8d,17.1,20.7,1171.8,624.1,25.4,18.3,18.6
3091,odroid1,167.0,11.0,159.0,332.0,168.0,166.0,165.0
3092,rpi-8a,429.5,15.8,232.9,233.2,433.3,16.8,232.7
3093,rpi-8a,13.8,230.7,232.8,232.3,433.6,16.4,233.1
3094,odroid3,167.0,172.0,171.0,173.0,169.0,170.0,166.0
3095,rpi-8d,17.4,21.1,18.5,1342.0,420.2,20.5,18.7
3096,odroid1,165.0,168.0,167.0,167.0,167.0,166.0,165.0
3097,rpi-8a,413.6,16.0,216.1,617.0,16.5,232.9,233.3
3098,rpi-8b,229.4,232.5,449.2,32.0,233.9,450.3,15.9
3099,odroid4,170.0,173.0,173.0,173.0,173.0,174.0,174.0
3100,odroid3,164.0,166.0,167.0,167.0,166.0,165.0,166.0
3101,rpi-8c,16.7,2240.8,36.2,128.6,49.8,85.2,32.7
3102,rpi-8c,36.7,1097.1,17.3,18.1,20.2,1860.7,22.6
3103,odroid2,164.0,182.0,151.0,170.0,170.0,11.0,167.0
3104,odroid2,350.0,192.0,162.0,176.0,176.0,172.0,3.0
3105,rpi-8a,15.6,13.2,215.6,215.3,417.6,232.2,433.3
3106,rpi-4a,14.1,17.1,1170.4,429.1,16.2,16.6,16.8
3107,odroid4,171.0,172.0,174.0,174.0,172.0,174.0,171.0
3108,odroid2,172.0,193.0,162.0,176.0,177.0,178.0,172.0
3109,rpi-4a,15.2,18.9,1171.4,629.3,18.9,15.5,18.2
3110,rpi-8b,411.3,232.5,233.8,449.3,16.4,231.8,233.4
3111,odroid4,170.0,173.0,174.0,174.0,175.0,171.0,173.0
3112,odroid2,164.0,180.0,153.0,170.0,168.0,171.0,170.0
3113,rpi-4a,797.2,17.9,18.2,19.6,77.3,215.1,1127.1
3114,odroid4,170.0,172.0,175.0,173.0,174.0,174.0,174.0
3115,odroid2,168.0,192.0,154.0,172.0,169.0,169.0,169.0
3116,rpi-4a,17.0,21.9,770.5,207.0,19.5,622.9,16.4
3117,odroid4,170.0,172.0,174.0,171.0,173.0,172.0,172.0
3118,rpi-8a,229.1,233.0,433.3,16.6,233.2,233.2,433.2
3119,odroid3,163.0,164.0,167.0,166.0,165.0,165.0,164.0
3120,odroid3,167.0,169.0,169.0,169.0,172.0,172.0,165.0
3121,rpi-8c,444.1,30.0,234.9,230.5,436.3,14.8,239.4
3122,odroid1,165.0,169.0,167.0,166.0,166.0,168.0,168.0
3123,rpi-4a,16.2,20.3,1230.6,18.9,15.7,18.7,18.6
3124,rpi-8c,12.1,831.7,18.9,20.2,18.3,2270.8,18.2
3125,rpi-8b,230.3,229.1,449.6,31.5,233.9,449.6,15.5
3126,odroid4,171.0,175.0,177.0,173.0,172.0,171.0,173.0
3127,odroid1,165.0,170.0,167.0,167.0,165.0,167.0,167.0
3128,rpi-4a,16.0,16.8,976.9,16.5,17.2,17.5,17.6
3129,odroid1,164.0,168.0,166.0,166.0,165.0,166.0,166.0
3130,odroid4,169.0,175.0,174.0,173.0,175.0,172.0,173.0
3131,rpi-8b,209.9,418.5,232.6,449.9,31.3,233.5,450.1
3132,odroid1,164.0,168.0,167.0,167.0,166.0,166.0,166.0
3133,rpi-4a,399.3,420.6,15.5,17.8,17.4,17.8,17.8
3134,odroid4,171.0,174.0,173.0,171.0,171.0,175.0,173.0
3135,odroid1,167.0,166.0,167.0,169.0,167.0,168.0,167.0
3136,rpi-8a,227.8,233.0,16.4,216.0,417.1,232.5,433.5
3137,rpi-8d,87.0,40.1,1671.8,15.6,20.4,17.4,15.6
3138,odroid3,165.0,166.0,167.0,167.0,166.0,165.0,169.0
3139,odroid3,168.0,167.0,176.0,172.0,172.0,170.0,176.0
3140,rpi-8c,17.9,518.1,15.7,19.6,19.4,59.0,95.7
3141,rpi-4a,15.2,591.0,421.8,15.4,18.1,17.8,17.9
3142,rpi-4a,22.1,17.3,775.8,422.3,16.5,18.6,20.0
3143,rpi-8b,223.7,232.9,232.8,233.1,433.5,16.9,232.5
3144,rpi-4a,16.4,19.9,976.7,631.5,18.7,15.8,21.3
3145,odroid1,165.0,169.0,168.0,168.0,167.0,167.0,167.0
3146,rpi-8b,230.3,233.2,17.6,216.9,417.6,232.9,232.7
3147,rpi-8a,232.1,229.2,217.1,16.3,216.4,216.6,199.7
3148,odroid3,167.0,172.0,170.0,171.0,173.0,171.0,166.0
3149,odroid1,166.0,168.0,167.0,15.0,150.0,333.0,166.0
3150,rpi-8b,226.1,450.2,31.4,234.0,232.9,451.0,15.8
3151,odroid4,171.0,172.0,175.0,173.0,175.0,174.0,174.0
3152,odroid1,167.0,166.0,165.0,168.0,167.0,168.0,166.0
3153,odroid4,169.0,174.0,174.0,173.0,174.0,173.0,173.0
3154,rpi-8c,15.2,16.8,337.0,15.3,16.7,806.1,1049.8
3155,rpi-8b,14.7,439.8,16.0,233.2,233.1,432.8,16.8
3156,rpi-8b,230.0,232.3,434.2,15.9,233.2,17.0,215.7
3157,rpi-8d,18.5,18.9,922.6,15.9,20.3,20.4,19.5
3158,rpi-8a,428.5,17.6,232.7,433.3,15.9,234.2,15.7
3159,rpi-8b,13.1,232.5,233.2,232.7,433.3,16.8,232.9
3160,odroid2,167.0,194.0,150.0,170.0,171.0,171.0,10.0
3161,rpi-8d,17.8,24.8,1569.3,16.6,19.4,20.0,19.6
3162,odroid3,166.0,171.0,171.0,172.0,173.0,171.0,166.0
3163,rpi-8b,230.1,453.6,231.6,16.1,233.3,450.0,16.0
3164,odroid4,172.0,173.0,175.0,171.0,171.0,172.0,174.0
3165,rpi-8c,17.3,15.1,16.8,15.9,776.9,17.1,16.7
3166,rpi-8c,15.2,787.7,16.0,17.0,17.4,55.3,93.5
3167,odroid3,165.0,174.0,168.0,173.0,171.0,170.0,166.0
3168,odroid2,163.0,179.0,157.0,171.0,170.0,170.0,171.0
3169,odroid4,169.0,173.0,174.0,173.0,175.0,172.0,172.0
3170,odroid3,166.0,169.0,171.0,170.0,168.0,167.0,171.0
3171,rpi-8c,15.3,17.3,18.2,17.7,17.9,55.3,35.8
3172,rpi-8c,11.5,416.1,15.7,24.2,2302.0,15.9,19.3
3173,rpi-4a,14.3,1188.2,199.2,16.5,17.8,18.2,19.1
3174,odroid1,165.0,169.0,166.0,166.0,169.0,166.0,167.0
3175,rpi-8c,2235.3,17.4,12.0,16.7,16.4,17.0,16.9
3176,odroid3,163.0,169.0,171.0,170.0,171.0,169.0,168.0
3177,rpi-4a,1182.7,207.5,21.1,630.2,22.6,18.2,19.9
3178,rpi-4a,15.4,18.4,980.9,628.3,20.5,16.8,21.4
3179,rpi-8a,229.1,233.0,233.1,433.2,16.8,233.1,433.4
3180,rpi-8b,414.0,16.1,216.6,199.9,416.8,233.0,233.3
3181,rpi-8d,17.3,16.4,1590.8,18.7,19.3,20.0,19.2
3182,odroid1,165.0,168.0,166.0,167.0,167.0,169.0,169.0
3183,rpi-8a,229.2,433.2,16.2,231.9,233.3,233.1,233.5
3184,odroid1,165.0,168.0,166.0,166.0,168.0,167.0,169.0
3185,rpi-4a,17.4,21.4,966.5,421.7,16.4,19.2,19.5
3186,odroid1,167.0,168.0,167.0,166.0,169.0,168.0,167.0
3187,rpi-8d,17.0,1391.7,15.8,20.6,20.0,20.2,20.0
3188,odroid3,167.0,169.0,169.0,170.0,171.0,172.0,165.0
3189,odroid2,169.0,189.0,9.0,151.0,332.0,169.0,169.0
3190,odroid2,166.0,193.0,151.0,172.0,183.0,167.0,165.0
3191,rpi-8a,629.8,15.8,233.3,232.3,433.5,16.4,233.3
3192,rpi-8a,229.3,233.0,233.1,433.4,16.7,232.9,233.2
3193,odroid4,171.0,190.0,160.0,174.0,172.0,173.0,172.0
3194,rpi-4a,16.0,785.5,420.1,16.0,16.9,17.6,17.9
3195,rpi-8b,230.0,453.2,30.7,233.5,233.8,233.9,30.9
3196,rpi-8a,416.6,15.2,214.9,199.7,216.6,633.8,15.3
3197,odroid4,170.0,175.0,174.0,174.0,171.0,173.0,173.0
3198,rpi-8b,430.5,15.6,232.9,233.2,233.2,433.4,16.9
3199,odroid2,165.0,181.0,156.0,170.0,9.0,167.0,333.0
3200,rpi-8c,18.9,13.8,18.8,19.6,941.1,18.5,18.6
3201,odroid4,170.0,175.0,174.0,173.0,174.0,172.0,172.0
3202,odroid4,172.0,171.0,175.0,174.0,172.0,173.0,174.0
3203,odroid4,171.0,173.0,176.0,173.0,173.0,171.0,171.0
3204,odroid2,165.0,193.0,152.0,170.0,171.0,170.0,168.0
3205,odroid1,164.0,167.0,168.0,165.0,167.0,170.0,168.0
3206,rpi-8b,225.8,450.1,16.3,14.3,217.0,216.6,216.5
3207,odroid3,164.0,165.0,169.0,166.0,166.0,167.0,165.0
3208,rpi-8c,16.3,13.6,17.9,17.5,34.4,64.0,43.9
3209,rpi-8d,18.9,15.4,941.2,629.5,17.3,19.5,19.2
3210,rpi-8d,15.1,20.1,1395.8,21.5,15.6,17.8,19.7
3211,rpi-8b,230.3,232.3,232.9,233.4,233.6,233.1,233.3
3212,rpi-8c,30.9,200.1,210.5,215.6,392.5,225.3,232.3
3213,rpi-8c,2068.5,19.5,17.8,17.5,17.7,23.5,79.9
3214,rpi-8c,14.7,15.8,17.0,16.9,48.2,79.8,96.3
3215,rpi-8b,231.6,226.3,450.7,31.6,233.9,233.1,450.5
3216,odroid1,165.0,167.0,166.0,169.0,169.0,168.0,167.0
3217,rpi-8d,18.6,1183.8,417.4,18.8,19.5,19.4,18.9
3218,rpi-8c,44.4,1555.4,19.2,16.5,16.2,16.6,17.1
3219,rpi-8c,37.0,63.2,2676.7,35.9,7.0,23.3,80.2
3220,odroid1,166.0,166.0,169.0,167.0,167.0,169.0,167.0
3221,rpi-8d,19.4,18.8,19.6,540.9,19.5,19.9,19.8
3222,rpi-8a,233.8,428.6,16.6,233.2,16.2,216.4,200.0
3223,odroid3,168.0,171.0,167.0,173.0,172.0,171.0,167.0
3224,odroid2,180.0,175.0,154.0,172.0,169.0,170.0,168.0
3225,odroid1,165.0,169.0,166.0,167.0,168.0,167.0,168.0
3226,odroid3,167.0,167.0,171.0,169.0,170.0,168.0,167.0
3227,odroid2,164.0,184.0,158.0,170.0,168.0,171.0,168.0
3228,rpi-8b,230.0,233.2,233.0,433.5,16.6,233.1,433.3
3229,rpi-8d,17.6,18.2,17.3,582.9,17.7,19.5,16.8
3230,odroid1,165.0,168.0,167.0,167.0,168.0,168.0,168.0
3231,rpi-8b,225.4,233.6,449.8,16.6,232.8,232.9,450.0
3232,rpi-8c,44.4,50.1,12.4,92.3,127.6,64.2,97.9
3233,rpi-8c,16.9,18.5,18.5,18.5,67.0,28.0,56.3
3234,rpi-8b,229.4,233.2,433.5,16.4,232.8,233.2,433.4
3235,rpi-8b,447.3,28.0,233.7,31.3,200.0,216.5,216.6
3236,odroid2,164.0,180.0,159.0,168.0,171.0,170.0,182.0
3237,rpi-8d,16.1,19.5,1203.4,15.5,18.4,18.3,18.1
3238,rpi-8b,191.7,215.6,416.8,15.5,216.7,199.8,216.2
3239,rpi-8d,20.0,19.5,21.0,1578.8,19.9,21.1,20.9
3240,rpi-8d,14.1,1625.0,17.9,18.4,21.3,17.9,17.9
3241,rpi-4a,12.7,19.4,1171.6,630.4,18.6,16.4,19.0
3242,odroid2,13.0,186.0,8.0,300.0,350.0,167.0,166.0
3243,odroid4,169.0,172.0,175.0,172.0,173.0,172.0,173.0
3244,odroid1,165.0,166.0,166.0,166.0,167.0,168.0,167.0
3245,odroid2,185.0,11.0,150.0,350.0,166.0,166.0,167.0
3246,odroid1,163.0,170.0,166.0,167.0,167.0,169.0,167.0
3247,odroid4,171.0,173.0,175.0,173.0,175.0,172.0,173.0
3248,rpi-8c,14.3,15.9,1197.8,15.7,17.0,16.5,16.8
3249,rpi-8c,18.1,29.3,91.4,535.1,17.7,19.2,17.0
3250,rpi-4a,18.9,13.5,416.9,218.3,17.0,17.0,16.8
3251,rpi-8a,14.3,216.8,413.6,233.3,233.2,433.3,16.7
3252,rpi-8d,18.7,19.4,18.6,966.8,21.0,22.0,18.6
3253,rpi-8c,18.0,14.1,19.4,18.3,20.1,50.4,31.5
3254,odroid4,171.0,173.0,175.0,171.0,175.0,174.0,175.0
3255,rpi-8a,228.8,232.8,233.0,233.2,433.8,15.4,234.1
3256,odroid2,180.0,175.0,155.0,172.0,168.0,171.0,168.0
3257,rpi-8d,22.1,15.7,17.2,15.8,16.7,1138.2,836.8
3258,rpi-4a,16.1,20.1,1161.2,633.2,20.9,17.7,18.8
3259,rpi-8b,227.3,233.5,450.0,31.5,233.3,231.5,451.0
3260,odroid3,168.0,172.0,167.0,171.0,171.0,172.0,165.0
3261,rpi-8b,226.6,233.6,450.7,31.1,232.9,233.4,450.3
3262,odroid2,164.0,181.0,154.0,171.0,10.0,168.0,333.0
3263,odroid2,163.0,190.0,150.0,170.0,170.0,172.0,170.0
3264,odroid2,168.0,192.0,152.0,170.0,168.0,170.0,169.0
3265,odroid2,163.0,180.0,154.0,170.0,172.0,8.0,166.0
3266,rpi-4a,18.5,21.7,955.0,634.1,18.8,16.8,19.2
3267,odroid2,164.0,346.0,159.0,169.0,170.0,169.0,169.0
3268,odroid2,164.0,177.0,155.0,171.0,168.0,13.0,166.0
3269,odroid2,180.0,178.0,151.0,172.0,172.0,169.0,169.0
3270,rpi-8c,15.9,10.2,14.5,42.4,16.7,1220.6,34.7
3271,rpi-8a,198.9,430.3,15.5,233.5,232.8,233.6,433.7
3272,rpi-8d,13.4,35.4,45.9,1148.5,17.5,15.9,17.1
3273,odroid2,167.0,188.0,13.0,150.0,334.0,167.0,169.0
3274,rpi-4a,13.5,19.1,1156.7,633.4,18.8,16.6,19.1
3275,odroid3,165.0,172.0,170.0,170.0,173.0,170.0,165.0
3276,odroid4,170.0,173.0,175.0,172.0,173.0,173.0,174.0
3277,rpi-8b,224.7,232.0,433.3,15.5,233.5,233.4,16.6
3278,rpi-8b,213.9,253.0,449.6,30.3,251.1,250.0,451.5
3279,rpi-8a,228.8,232.4,433.4,17.0,232.4,233.3,233.3
3280,odroid3,168.0,170.0,170.0,170.0,173.0,170.0,164.0
3281,rpi-8c,925.5,18.0,18.4,17.8,18.3,2251.9,16.8
3282,odroid1,164.0,166.0,169.0,168.0,167.0,166.0,165.0
3283,odroid2,164.0,186.0,152.0,170.0,171.0,169.0,170.0
3284,odroid1,163.0,169.0,169.0,166.0,167.0,168.0,166.0
3285,rpi-8b,194.6,432.5,232.6,231.9,234.1,232.6,451.3
3286,rpi-8a,217.1,411.5,233.2,433.5,16.6,233.0,16.1
3287,rpi-4a,14.7,1364.6,420.8,15.1,17.5,17.8,18.4
3288,rpi-8a,230.2,431.5,16.4,233.2,233.1,416.9,16.4
3289,rpi-8c,26.5,1942.3,19.4,15.8,218.2,18.7,18.7
3290,rpi-8a,198.4,430.0,234.1,15.9,216.8,199.8,433.0
3291,rpi-8d,18.2,21.8,17.8,1586.1,20.2,20.6,20.9
3292,odroid3,164.0,165.0,166.0,167.0,165.0,166.0,167.0
3293,rpi-8b,15.1,11.0,228.2,199.5,215.5,416.7,233.3
3294,rpi-8b,13.8,235.5,232.1,450.8,15.8,233.6,231.4
3295,rpi-8c,15.9,18.9,16.0,965.3,417.2,17.3,20.8
3296,rpi-4a,17.3,12.4,17.1,972.1,629.9,16.5,15.4
3297,odroid1,165.0,167.0,166.0,167.0,165.0,167.0,168.0
3298,rpi-8c,14.9,17.6,20.1,16.8,1784.8,17.3,17.7
3299,rpi-8c,593.0,1479.3,19.3,19.6,21.2,24.9,81.9
3300,odroid2,181.0,177.0,155.0,170.0,169.0,13.0,166.0
3301,odroid2,164.0,178.0,154.0,171.0,168.0,12.0,165.0
3302,rpi-8a,231.5,13.7,216.6,200.1,216.5,215.6,200.0
3303,odroid1,166.0,167.0,167.0,167.0,167.0,167.0,167.0
3304,odroid2,164.0,186.0,157.0,169.0,171.0,171.0,168.0
3305,rpi-8a,213.0,415.9,232.8,433.4,16.4,233.1,233.0
3306,odroid2,167.0,188.0,157.0,172.0,171.0,170.0,170.0
3307,odroid4,171.0,172.0,174.0,173.0,173.0,172.0,174.0
3308,odroid3,164.0,165.0,168.0,166.0,167.0,168.0,165.0
3309,odroid1,164.0,168.0,167.0,166.0,169.0,167.0,167.0
3310,rpi-8b,423.9,16.2,231.9,233.3,232.8,433.4,17.1
3311,rpi-8c,13.9,945.1,15.2,16.2,16.4,16.5,16.6
3312,rpi-8d,12.1,16.6,18.3,16.1,1166.6,16.4,16.8
3313,rpi-4a,16.8,21.1,789.8,420.4,17.7,432.6,21.0
3314,rpi-8a,430.7,15.2,232.7,232.9,433.3,16.4,233.2
3315,odroid4,169.0,174.0,175.0,175.0,174.0,174.0,172.0
3316,rpi-8d,19.7,20.1,948.0,835.5,21.4,21.5,22.7
3317,rpi-8b,430.4,16.2,233.1,233.2,434.1,15.1,433.4
3318,odroid3,167.0,171.0,169.0,172.0,171.0,170.0,168.0
3319,rpi-8d,566.9,17.6,18.9,19.0,90.1,57.1,30.3
3320,rpi-8a,234.5,227.9,433.6,15.5,433.6,16.1,233.3
3321,odroid1,158.0,334.0,168.0,165.0,4.0,163.0,5.0
3322,rpi-8a,216.5,413.1,233.3,433.4,16.4,232.5,233.3
3323,odroid1,166.0,168.0,7.0,161.0,332.0,167.0,167.0
3324,rpi-8b,18.0,10.6,427.5,230.7,450.9,30.7,233.8
3325,odroid2,163.0,176.0,156.0,170.0,170.0,169.0,168.0
3326,rpi-8a,430.7,15.7,231.8,233.1,433.5,16.4,233.4
3327,odroid2,165.0,192.0,15.0,149.0,334.0,166.0,167.0
3328,odroid4,170.0,174.0,173.0,173.0,172.0,173.0,176.0
3329,odroid2,180.0,170.0,156.0,170.0,168.0,170.0,169.0
3330,rpi-8d,17.8,18.2,19.4,1590.1,17.3,20.4,19.8
3331,odroid4,173.0,171.0,172.0,174.0,172.0,175.0,174.0
3332,rpi-8c,33.7,1039.4,17.8,18.1,2297.2,19.3,20.1
3333,rpi-4a,16.0,19.3,1450.0,23.4,16.8,21.1,19.3
3334,rpi-4a,15.0,16.6,1379.3,627.2,18.3,15.7,27.1
3335,odroid4,170.0,171.0,176.0,172.0,174.0,172.0,171.0
3336,rpi-8d,16.4,15.1,19.3,145.3,839.5,17.5,16.8
3337,rpi-4a,15.8,18.4,1174.8,418.3,16.5,18.0,17.3
3338,rpi-8d,17.8,21.0,1384.3,199.6,21.3,21.2,21.8
3339,rpi-8b,412.3,31.0,232.6,233.1,233.1,450.7,14.8
3340,odroid3,168.0,168.0,171.0,168.0,170.0,169.0,168.0
3341,odroid3,169.0,170.0,169.0,170.0,172.0,171.0,166.0
3342,odroid2,167.0,189.0,15.0,149.0,333.0,168.0,165.0
3343,odroid3,168.0,170.0,169.0,171.0,172.0,172.0,165.0
3344,odroid3,164.0,165.0,167.0,165.0,168.0,166.0,167.0
3345,rpi-8c,16.3,18.4,526.2,18.6,18.6,27.7,70.7
3346,rpi-4a,797.1,209.3,22.0,17.7,20.0,20.6,19.5
3347,odroid1,165.0,168.0,167.0,8.0,160.0,331.0,166.0
3348,odroid3,166.0,170.0,170.0,171.0,171.0,173.0,166.0
3349,odroid1,166.0,166.0,167.0,165.0,166.0,169.0,166.0
3350,odroid1,165.0,169.0,168.0,165.0,168.0,167.0,167.0
3351,rpi-8d,20.2,19.6,1593.0,19.0,21.6,21.6,178.6
3352,rpi-8a,15.4,429.2,16.2,233.0,233.5,233.1,433.4
3353,rpi-8c,14.5,17.6,16.8,64.0,26.4,20.8,187.5
3354,rpi-8a,15.4,230.7,230.9,16.0,216.5,416.6,233.2
3355,rpi-8d,13.1,14.0,957.9,834.4,22.3,17.3,19.0
3356,odroid3,169.0,172.0,212.0,139.0,162.0,169.0,167.0
3357,rpi-8b,230.8,232.7,433.5,16.2,232.5,233.2,433.4
3358,rpi-8c,16.5,19.3,326.7,18.2,19.2,18.6,59.6
3359,odroid2,167.0,196.0,149.0,171.0,171.0,8.0,167.0
3360,rpi-8d,78.9,45.3,1698.1,20.1,18.8,19.4,21.8
3361,odroid1,164.0,169.0,167.0,167.0,166.0,167.0,168.0
3362,rpi-4a,18.0,18.4,776.1,421.7,15.9,18.1,17.9
3363,rpi-8b,444.5,30.9,231.1,233.1,450.1,16.5,232.0
3364,rpi-8a,231.9,230.3,233.2,216.7,233.2,233.2,16.5
3365,odroid2,181.0,177.0,155.0,171.0,171.0,9.0,167.0
3366,rpi-8d,16.6,21.9,951.2,836.1,24.2,18.1,18.8
3367,rpi-8d,17.8,20.5,1768.3,22.5,20.5,19.5,20.5
3368,odroid1,164.0,170.0,166.0,167.0,165.0,169.0,168.0
3369,rpi-4a,16.6,21.6,1164.0,420.0,16.5,20.1,18.0
3370,rpi-8c,28.5,13.2,2111.2,16.6,16.8,18.3,21.9
3371,rpi-8c,55.4,429.4,1907.1,19.3,19.1,18.9,70.7
3372,rpi-8b,230.1,233.4,15.2,216.7,199.8,433.6,232.9
3373,odroid4,170.0,175.0,172.0,173.0,172.0,174.0,175.0
3374,odroid1,165.0,167.0,168.0,3.0,162.0,5.0,331.0
3375,odroid1,164.0,167.0,168.0,15.0,153.0,334.0,166.0
3376,rpi-8a,17.2,12.5,215.8,213.9,199.8,433.7,233.1
3377,odroid3,168.0,172.0,168.0,170.0,172.0,170.0,166.0
3378,rpi-8b,412.5,231.6,232.1,450.5,15.0,233.6,233.1
3379,odroid2,330.0,179.0,156.0,171.0,171.0,169.0,171.0
3380,odroid3,169.0,171.0,169.0,173.0,175.0,167.0,164.0
3381,odroid4,170.0,173.0,174.0,172.0,173.0,173.0,173.0
3382,rpi-8a,232.5,229.7,216.9,233.2,233.3,233.3,433.3
3383,rpi-8b,396.6,232.1,232.0,450.2,15.9,232.8,233.3
3384,rpi-8d,18.2,21.5,951.2,836.4,19.1,20.3,23.9
3385,rpi-8a,232.4,429.6,16.8,233.0,233.3,433.2,16.6
3386,rpi-8d,17.3,13.1,17.1,16.4,1166.0,627.0,19.9
3387,rpi-8d,33.0,1802.1,16.6,20.5,20.1,20.1,19.9
3388,rpi-8d,19.1,17.9,129.5,1469.6,20.9,19.2,20.2
3389,rpi-8a,229.6,432.4,15.9,234.1,233.4,232.3,434.6
3390,rpi-8a,17.8,11.4,214.3,216.7,216.1,199.9,417.0
3391,rpi-8c,14.9,18.9,336.9,1046.1,19.2,17.0,15.8
3392,rpi-8a,213.0,215.8,199.6,633.7,15.5,232.9,433.4
3393,rpi-8c,17.5,18.2,14.4,38.3,542.5,17.2,18.3
3394,rpi-8a,228.4,433.0,16.8,232.7,233.1,433.3,17.0
3395,rpi-8c,16.9,16.5,1162.3,18.6,18.6,19.6,17.2
3396,odroid1,165.0,16.0,152.0,333.0,167.0,168.0,9.0
3397,rpi-8a,232.6,429.5,16.3,233.1,433.7,16.5,16.3
3398,odroid2,163.0,189.0,153.0,171.0,170.0,171.0,169.0
3399,rpi-8c,2115.0,17.6,17.3,17.6,18.3,18.3,18.0
3400,rpi-8a,229.5,233.0,433.9,15.4,233.0,234.2,433.1
3401,odroid1,164.0,168.0,166.0,167.0,166.0,10.0,158.0
3402,odroid3,165.0,168.0,166.0,165.0,165.0,166.0,167.0
3403,rpi-8c,153.2,40.1,71.8,90.0,17.8,31.8,128.1
3404,rpi-8a,230.9,30.9,215.1,200.0,216.6,617.4,31.0
3405,rpi-8d,18.4,21.7,17.0,1183.0,18.6,18.7,19.1
3406,rpi-8c,1568.3,18.4,17.9,18.2,18.0,19.4,16.8
3407,odroid1,164.0,168.0,167.0,166.0,167.0,166.0,168.0
3408,rpi-8d,14.9,16.3,1625.9,16.3,16.1,206.3,16.1
3409,rpi-8b,225.8,16.3,215.9,417.3,232.9,450.0,15.0
3410,rpi-8d,16.8,22.6,1583.3,18.7,18.8,20.9,179.1
3411,rpi-4a,15.0,16.5,792.5,631.7,20.0,16.9,19.8
3412,odroid3,166.0,173.0,167.0,171.0,172.0,169.0,166.0
3413,odroid4,171.0,172.0,176.0,173.0,172.0,172.0,173.0
3414,rpi-4a,17.3,20.4,978.3,629.8,21.7,15.2,19.0
3415,rpi-4a,15.8,18.3,1173.0,631.5,17.5,16.1,16.5
3416,odroid4,170.0,173.0,174.0,172.0,176.0,173.0,173.0
3417,rpi-8a,28.1,217.1,230.7,432.7,30.5,220.0,432.6
3418,odroid3,166.0,173.0,169.0,170.0,171.0,170.0,167.0
3419,odroid1,328.0,8.0,325.0,335.0,167.0,168.0,166.0
3420,odroid4,172.0,172.0,177.0,171.0,173.0,174.0,173.0
3421,odroid3,167.0,171.0,169.0,171.0,171.0,170.0,166.0
3422,odroid1,165.0,169.0,167.0,167.0,166.0,168.0,169.0
3423,odroid2,165.0,178.0,155.0,170.0,170.0,10.0,166.0
3424,rpi-8a,230.2,231.6,432.3,16.5,233.3,233.3,16.4
3425,odroid3,166.0,171.0,168.0,170.0,173.0,171.0,166.0
3426,rpi-8b,13.1,235.1,232.9,451.4,15.5,232.1,450.1
3427,rpi-8a,228.3,433.2,16.3,233.3,233.2,433.4,16.4
3428,rpi-8c,31.0,201.1,228.2,412.4,247.9,453.0,34.1
3429,rpi-4a,19.1,19.9,961.8,632.7,21.1,17.6,19.5
3430,odroid4,169.0,173.0,175.0,173.0,175.0,171.0,174.0
3431,rpi-8b,230.1,233.6,452.0,15.8,232.2,234.9,232.1
3432,odroid1,166.0,169.0,168.0,165.0,169.0,167.0,168.0
3433,odroid4,169.0,171.0,174.0,173.0,173.0,175.0,174.0
3434,odroid1,164.0,166.0,167.0,166.0,169.0,165.0,168.0
3435,rpi-8b,226.4,233.4,232.5,233.4,216.7,232.7,232.5
3436,rpi-8b,210.3,215.9,417.3,232.8,232.5,449.9,15.6
3437,rpi-4a,24.8,249.5,251.1,448.5,31.6,250.1,250.0
3438,rpi-8a,228.3,232.9,433.3,17.1,232.7,233.2,433.5
3439,odroid1,167.0,167.0,167.0,166.0,168.0,167.0,166.0
3440,rpi-8a,418.5,227.3,433.6,16.2,233.2,233.3,234.0
3441,odroid2,166.0,188.0,155.0,171.0,168.0,170.0,168.0
3442,rpi-8a,429.6,16.2,232.9,233.3,433.4,15.6,433.3
3443,rpi-8c,1814.9,15.9,17.9,18.3,18.0,18.5,17.5
3444,odroid3,168.0,171.0,170.0,172.0,172.0,172.0,164.0
3445,rpi-8c,1226.5,15.8,17.4,1877.8,20.7,13.4,16.7
3446,rpi-8c,15.6,23.6,1134.9,628.4,18.3,18.4,17.9
3447,odroid1,165.0,167.0,167.0,167.0,166.0,165.0,169.0
3448,rpi-8b,228.1,232.9,233.2,15.5,214.9,216.4,217.6
3449,odroid4,169.0,175.0,174.0,173.0,174.0,173.0,173.0
3450,odroid2,164.0,180.0,157.0,171.0,170.0,171.0,171.0
3451,odroid3,165.0,166.0,167.0,166.0,165.0,164.0,167.0
3452,rpi-8a,14.6,213.0,216.6,199.8,216.2,617.1,16.8
3453,odroid3,169.0,172.0,170.0,171.0,171.0,169.0,166.0
3454,rpi-8c,23.0,87.7,76.0,84.1,97.6,194.6,95.9
3455,rpi-8b,228.9,231.5,232.4,450.4,15.8,233.2,233.3
3456,rpi-8a,15.3,429.0,16.6,232.5,16.0,216.4,199.9
3457,odroid3,165.0,171.0,172.0,172.0,170.0,171.0,166.0
3458,rpi-8d,18.2,20.8,950.0,626.8,20.3,19.7,21.3
3459,rpi-8a,432.7,229.6,433.4,16.3,233.1,233.4,16.4
3460,rpi-8c,11.7,2747.3,19.3,13.8,28.0,62.7,88.6
3461,odroid3,167.0,170.0,169.0,172.0,167.0,168.0,168.0
3462,odroid2,164.0,181.0,156.0,172.0,169.0,169.0,169.0
3463,rpi-8c,76.0,363.8,15.6,18.9,33.3,46.5,2638.6
3464,rpi-8a,212.9,416.6,233.1,233.2,233.1,200.1,233.2
3465,rpi-8c,14.1,12.7,16.0,16.0,593.0,15.5,17.2
3466,rpi-8d,17.4,16.8,1610.6,16.0,18.5,18.7,18.3
3467,odroid3,162.0,167.0,339.0,12.0,172.0,338.0,21.0
3468,rpi-4a,786.5,206.7,15.4,18.7,18.5,18.3,18.5
3469,rpi-4a,14.3,17.8,409.3,199.4,20.3,17.8,18.0
3470,rpi-8b,226.1,233.9,32.6,199.1,416.8,232.9,233.3
3471,odroid3,167.0,171.0,171.0,172.0,171.0,172.0,166.0
3472,rpi-4a,18.3,19.0,598.5,422.7,18.4,22.3,17.7
3473,rpi-8c,79.5,9.1,140.8,140.6,62.6,96.0,31.5
3474,odroid2,164.0,170.0,167.0,169.0,171.0,170.0,170.0
3475,rpi-8d,18.3,16.4,1605.1,15.3,16.8,17.0,16.8
3476,rpi-4a,18.4,17.9,1162.0,631.4,20.6,16.5,18.5
3477,odroid2,183.0,13.0,149.0,349.0,169.0,165.0,166.0
3478,odroid1,164.0,169.0,167.0,168.0,169.0,167.0,168.0
3479,rpi-4a,16.3,17.8,1178.3,421.3,18.1,23.6,16.9
3480,rpi-8a,430.3,16.4,232.4,233.4,433.6,16.7,233.3
3481,rpi-8a,227.9,233.0,233.2,433.3,16.4,233.1,233.3
3482,rpi-8c,135.0,129.9,196.0,211.8,99.6,16.3,18.5
3483,odroid3,164.0,167.0,168.0,167.0,167.0,165.0,165.0
3484,odroid3,167.0,171.0,168.0,171.0,171.0,169.0,168.0
3485,rpi-4a,17.8,20.2,1163.0,421.7,17.8,17.4,19.0
3486,odroid4,171.0,173.0,176.0,173.0,172.0,175.0,172.0
3487,odroid2,164.0,183.0,151.0,172.0,170.0,7.0,168.0
3488,rpi-8d,1224.9,16.9,14.3,17.8,18.2,27.5,58.8
3489,odroid3,165.0,165.0,168.0,165.0,167.0,166.0,166.0
3490,rpi-8d,15.8,19.7,1807.8,21.2,16.3,18.3,18.9
3491,odroid2,163.0,180.0,155.0,171.0,169.0,170.0,169.0
3492,rpi-8d,16.6,21.5,17.9,760.1,22.0,18.9,20.6
3493,odroid2,164.0,167.0,167.0,183.0,167.0,167.0,165.0
3494,rpi-4a,17.6,19.7,1390.9,19.6,17.4,18.8,18.7
3495,odroid3,168.0,170.0,169.0,172.0,171.0,171.0,166.0
3496,rpi-4a,18.3,1384.5,18.3,20.5,20.0,22.2,16.3
3497,rpi-4a,18.5,14.3,778.4,421.6,15.4,18.1,17.9
3498,odroid1,163.0,168.0,168.0,167.0,168.0,167.0,169.0
3499,rpi-8d,15.7,18.2,1780.8,19.5,18.7,19.0,18.4
3500,odroid2,166.0,170.0,168.0,172.0,171.0,169.0,169.0
3501,odroid4,171.0,173.0,175.0,173.0,173.0,174.0,174.0
3502,odroid4,170.0,174.0,174.0,173.0,173.0,173.0,175.0
3503,rpi-4a,15.4,16.5,596.2,17.0,17.3,17.3,17.3
3504,odroid1,165.0,167.0,169.0,167.0,168.0,169.0,169.0
3505,rpi-8a,14.1,232.2,229.6,16.1,216.5,199.8,433.8
3506,odroid1,165.0,167.0,169.0,14.0,151.0,334.0,166.0
3507,rpi-8b,229.3,230.3,449.5,32.0,232.7,234.9,231.2
3508,rpi-8a,229.7,448.2,16.8,232.7,233.2,433.4,16.9
3509,odroid1,165.0,168.0,167.0,166.0,168.0,167.0,167.0
3510,odroid3,164.0,165.0,169.0,167.0,166.0,166.0,167.0
3511,odroid3,164.0,167.0,167.0,165.0,168.0,166.0,167.0
3512,rpi-8c,11.2,25.4,1023.2,17.7,18.9,19.7,2290.4
3513,rpi-4a,17.1,21.6,1157.9,424.4,16.6,17.0,18.3
3514,rpi-8d,18.6,17.2,14.7,1590.5,27.0,15.9,16.4
3515,rpi-8b,231.9,431.1,16.4,233.3,433.9,16.3,232.9
3516,odroid4,170.0,171.0,174.0,171.0,174.0,174.0,172.0
3517,rpi-8d,17.3,17.6,17.5,551.2,21.6,18.2,18.3
3518,odroid3,168.0,169.0,168.0,169.0,169.0,168.0,168.0
3519,odroid2,164.0,182.0,156.0,172.0,6.0,166.0,350.0
3520,odroid4,171.0,173.0,173.0,173.0,171.0,174.0,173.0
3521,rpi-4a,14.9,1414.7,14.8,14.6,17.2,19.9,802.1
3522,rpi-4a,17.3,21.2,971.0,423.0,17.2,16.9,844.9
3523,rpi-8c,14.8,18.9,1609.6,17.5,16.7,19.0,18.8
3524,odroid3,168.0,172.0,168.0,170.0,170.0,170.0,166.0
3525,rpi-8c,93.9,1406.4,15.5,16.7,797.3,209.6,15.9
3526,rpi-4a,822.8,389.8,16.4,18.4,18.8,19.1,20.8
3527,rpi-8b,228.5,232.3,452.6,29.1,233.5,233.3,433.4
3528,odroid1,166.0,167.0,169.0,168.0,167.0,168.0,167.0
3529,rpi-4a,20.0,14.8,1008.2,23.4,14.9,18.2,19.0
3530,odroid1,166.0,168.0,167.0,13.0,154.0,334.0,167.0
3531,rpi-8d,18.3,15.2,1608.0,16.7,18.6,18.1,18.1
3532,odroid3,166.0,172.0,168.0,170.0,172.0,172.0,168.0
3533,rpi-8a,228.1,233.0,232.7,233.2,433.5,16.8,433.2
3534,rpi-8c,15.7,15.1,1640.7,14.9,17.4,17.4,17.0
3535,rpi-4a,16.3,20.1,789.2,420.2,14.8,20.1,17.6
3536,rpi-4a,18.1,18.6,983.0,630.3,24.7,18.1,20.6
3537,odroid1,164.0,168.0,165.0,168.0,166.0,167.0,166.0
3538,rpi-8b,225.0,234.2,232.7,232.5,232.7,232.9,216.8
3539,rpi-8c,14.1,17.3,544.3,15.5,1452.7,18.0,17.3
3540,rpi-8b,213.4,199.8,435.6,233.9,449.3,16.3,233.2
3541,rpi-8d,14.0,18.5,17.7,24.4,1763.6,15.7,19.6
3542,rpi-8b,191.3,415.4,233.4,233.1,433.7,16.5,233.1
3543,odroid1,164.0,168.0,168.0,168.0,167.0,168.0,168.0
3544,odroid3,167.0,168.0,168.0,169.0,168.0,172.0,166.0
3545,rpi-8c,24.1,15.1,18.0,767.9,18.3,19.0,18.8
3546,rpi-8c,14.7,114.1,18.1,20.4,16.7,33.7,79.9
3547,odroid4,173.0,171.0,174.0,174.0,172.0,175.0,172.0
3548,odroid1,165.0,168.0,168.0,166.0,168.0,166.0,168.0
3549,odroid1,165.0,168.0,167.0,168.0,167.0,168.0,167.0
3550,odroid2,166.0,186.0,2.0,170.0,13.0,316.0,333.0
3551,odroid3,169.0,168.0,169.0,170.0,169.0,169.0,171.0
3552,rpi-8d,20.4,23.4,20.1,22.3,576.9,20.3,20.4
3553,rpi-8a,25.6,420.5,13.6,233.2,233.3,433.6,30.7
3554,odroid3,167.0,171.0,168.0,174.0,171.0,172.0,166.0
3555,rpi-8d,15.5,18.1,17.1,19.1,948.1,17.5,18.0
3556,rpi-8a,231.4,446.2,16.9,232.7,233.3,232.9,233.4
3557,odroid4,172.0,172.0,174.0,174.0,173.0,173.0,173.0
3558,rpi-8c,12.7,28.6,116.8,63.9,90.2,51.4,27.8
3559,odroid3,163.0,164.0,169.0,165.0,165.0,167.0,166.0
3560,rpi-8d,16.7,16.9,20.9,942.7,19.2,19.4,19.1
3561,rpi-8a,231.2,230.9,233.4,233.2,232.7,433.9,15.9
3562,rpi-8b,226.1,231.4,433.4,15.8,233.4,232.9,433.4
3563,odroid3,167.0,166.0,167.0,167.0,164.0,166.0,167.0
3564,rpi-4a,15.7,18.1,1176.8,630.0,18.6,16.0,19.4
3565,rpi-4a,15.8,20.5,784.9,631.5,18.4,16.6,18.8
3566,odroid1,164.0,168.0,166.0,16.0,152.0,335.0,168.0
3567,rpi-8c,16.7,77.0,53.6,33.7,23.8,96.0,77.1
3568,rpi-8a,216.7,412.4,233.2,233.7,432.9,16.5,233.2
3569,rpi-8c,32.6,56.0,143.5,80.6,23.2,216.2,103.7
3570,rpi-8b,227.0,450.1,30.6,234.1,233.3,450.5,16.3
3571,odroid3,167.0,173.0,171.0,171.0,173.0,169.0,166.0
3572,rpi-8b,227.1,231.0,450.6,31.5,234.4,232.4,450.6
3573,odroid3,166.0,168.0,169.0,169.0,169.0,170.0,171.0
3574,rpi-8c,41.8,585.3,16.8,17.1,2077.1,20.1,17.1
3575,odroid4,172.0,172.0,176.0,173.0,174.0,175.0,171.0
3576,rpi-8d,19.5,16.9,1153.4,19.2,19.4,19.4,20.9
3577,rpi-8b,13.8,225.4,234.7,231.8,451.4,14.8,232.6
3578,rpi-4a,17.8,19.8,970.2,417.9,19.8,18.8,19.2
3579,odroid1,164.0,166.0,166.0,165.0,168.0,166.0,169.0
3580,rpi-8d,19.4,20.1,19.5,957.8,20.6,21.0,21.1
3581,rpi-8a,213.8,231.9,433.3,30.6,219.1,233.3,432.7
3582,odroid3,165.0,170.0,168.0,168.0,169.0,169.0,170.0
3583,odroid4,171.0,174.0,173.0,173.0,174.0,172.0,174.0
3584,rpi-8d,16.7,1609.5,18.0,17.4,20.6,17.9,16.9
3585,rpi-8c,445.8,29.6,16.0,216.6,215.9,200.7,633.3
3586,rpi-4a,605.9,405.1,15.0,17.7,19.6,16.6,17.3
3587,odroid1,166.0,168.0,167.0,168.0,167.0,169.0,167.0
3588,rpi-8c,10.6,1644.7,16.9,15.0,16.6,16.7,16.3
3589,rpi-8c,1672.2,1044.1,18.9,66.2,86.3,57.6,82.3
3590,odroid3,165.0,168.0,170.0,167.0,169.0,170.0,168.0
3591,rpi-8c,51.9,1340.8,206.5,17.8,17.5,20.8,16.6
3592,rpi-8a,228.6,233.0,433.3,17.0,232.8,233.0,233.3
3593,rpi-8b,39.4,430.1,16.3,232.8,433.6,15.8,233.2
3594,rpi-8d,20.6,26.0,1141.1,623.8,20.6,21.3,21.5
3595,rpi-8c,624.1,214.0,16.5,16.0,16.9,16.8,16.7
3596,odroid1,164.0,169.0,168.0,166.0,165.0,168.0,166.0
3597,odroid3,170.0,172.0,169.0,172.0,173.0,169.0,166.0
3598,odroid1,164.0,168.0,165.0,166.0,167.0,168.0,166.0
3599,odroid1,166.0,168.0,167.0,14.0,155.0,334.0,164.0
3600,rpi-8b,12.8,232.8,434.0,15.7,233.3,233.8,432.4
3601,odroid1,165.0,167.0,167.0,165.0,167.0,166.0,166.0
3602,odroid2,169.0,194.0,10.0,150.0,333.0,167.0,183.0
3603,rpi-8b,230.2,16.0,216.7,218.5,199.7,418.0,232.0
3604,odroid4,171.0,174.0,173.0,171.0,173.0,173.0,176.0
3605,rpi-4a,13.2,17.3,784.0,16.7,17.1,19.4,16.6
3606,rpi-8c,17.5,19.7,19.5,777.1,20.5,23.2,20.3
3607,rpi-8d,592.0,418.8,17.6,17.3,17.7,17.6,17.5
3608,rpi-8c,1265.2,16.6,17.8,19.9,2048.6,17.8,19.9
3609,odroid4,170.0,172.0,175.0,175.0,171.0,172.0,173.0
3610,rpi-8d,16.0,12.8,17.0,1786.8,35.7,16.6,16.4
3611,odroid1,165.0,165.0,165.0,167.0,169.0,166.0,169.0
3612,rpi-8c,16.5,65.5,42.5,56.0,21.4,119.2,31.8
3613,rpi-4a,1577.5,23.8,16.4,431.7,19.9,18.4,19.8
3614,odroid3,167.0,167.0,168.0,168.0,171.0,168.0,171.0
3615,rpi-8a,235.9,210.0,233.2,233.3,16.6,216.5,199.8
3616,odroid3,166.0,172.0,171.0,172.0,171.0,170.0,167.0
3617,rpi-4a,16.3,1170.6,210.1,17.6,19.0,20.4,23.0
3618,rpi-4a,16.0,23.8,974.8,631.2,20.9,15.2,19.1
3619,odroid3,166.0,172.0,168.0,171.0,170.0,171.0,166.0
3620,odroid1,166.0,166.0,166.0,168.0,167.0,168.0,168.0
3621,rpi-8d,23.0,16.1,16.3,16.2,1195.3,18.0,19.9
3622,rpi-8b,13.5,231.6,233.4,433.0,16.9,232.8,433.2
3623,odroid4,172.0,175.0,176.0,172.0,173.0,173.0,175.0
3624,rpi-8a,231.0,230.1,232.8,433.2,16.6,233.3,233.3
3625,rpi-8a,433.9,11.8,233.1,233.1,433.2,16.7,232.1
3626,rpi-4a,18.1,22.6,197.7,209.3,16.9,17.1,17.1
3627,rpi-8b,191.2,217.4,416.8,31.0,200.5,216.6,215.7
3628,odroid3,168.0,167.0,171.0,169.0,169.0,170.0,168.0
3629,rpi-8a,230.5,431.4,16.9,233.8,233.4,232.2,433.5
3630,odroid2,164.0,182.0,156.0,172.0,7.0,166.0,351.0
3631,rpi-8b,228.5,232.3,451.2,29.9,233.1,233.4,450.5
3632,odroid3,168.0,173.0,170.0,171.0,172.0,171.0,167.0
3633,rpi-8c,243.8,254.2,23.1,647.9,32.9,450.1,31.3
3634,rpi-8c,22.6,1242.3,1489.0,18.5,17.5,17.8,15.5
3635,rpi-8d,19.3,19.4,20.1,968.4,22.1,20.7,18.7
3636,odroid3,163.0,165.0,167.0,167.0,166.0,167.0,165.0
3637,odroid2,166.0,188.0,152.0,170.0,172.0,169.0,170.0
3638,odroid4,170.0,172.0,175.0,175.0,172.0,175.0,173.0
3639,rpi-8d,16.6,17.2,956.7,626.9,19.1,18.9,21.0
3640,odroid4,172.0,174.0,172.0,174.0,172.0,175.0,172.0
3641,rpi-4a,17.3,17.9,1406.0,21.8,20.2,19.3,18.9
3642,odroid3,167.0,173.0,169.0,170.0,172.0,172.0,164.0
3643,odroid4,170.0,173.0,176.0,172.0,173.0,174.0,172.0
3644,odroid4,172.0,173.0,176.0,173.0,173.0,175.0,172.0
3645,rpi-4a,14.9,1185.2,620.0,18.2,16.9,19.9,17.0
3646,rpi-8c,20.3,2501.3,18.8,17.4,16.5,17.7,17.6
3647,rpi-4a,14.8,1376.7,202.0,20.2,17.0,819.5,21.3
3648,odroid2,40.0,145.0,325.0,170.0,171.0,170.0,169.0
3649,odroid2,186.0,8.0,149.0,350.0,166.0,166.0,168.0
3650,rpi-4a,18.0,21.4,1196.4,18.4,15.9,18.2,18.8
3651,odroid4,171.0,171.0,175.0,173.0,172.0,173.0,174.0
3652,odroid1,331.0,165.0,167.0,8.0,160.0,333.0,169.0
3653,rpi-8c,19.0,12.6,19.2,20.0,938.3,18.6,18.7
3654,rpi-4a,36.6,978.9,15.7,19.3,18.7,21.4,17.7
3655,rpi-8d,16.7,19.4,20.0,19.7,19.8,67.6,17.7
3656,rpi-8a,228.3,433.9,15.6,232.7,233.5,233.3,433.4
3657,rpi-4a,16.5,1407.8,22.1,17.3,19.1,20.2,18.1
3658,odroid1,164.0,166.0,169.0,15.0,151.0,333.0,166.0
3659,rpi-8b,430.5,16.3,233.1,233.4,433.7,16.1,233.2
3660,rpi-8a,229.5,232.0,16.3,216.6,416.5,234.0,433.1
3661,rpi-8d,17.6,34.3,1780.3,16.5,20.5,18.4,19.7
3662,odroid2,164.0,191.0,154.0,172.0,171.0,168.0,170.0
3663,rpi-8c,13.2,15.9,17.0,16.6,1154.8,15.1,16.3
3664,odroid2,163.0,177.0,158.0,170.0,170.0,170.0,171.0
3665,rpi-8b,213.8,216.4,418.9,233.0,450.6,15.0,233.9
3666,odroid2,164.0,187.0,154.0,170.0,168.0,172.0,168.0
3667,rpi-8a,17.0,230.0,228.6,233.2,433.2,16.5,233.0
3668,odroid3,169.0,172.0,169.0,170.0,172.0,172.0,166.0
3669,odroid4,172.0,172.0,174.0,174.0,173.0,171.0,173.0
3670,rpi-4a,14.4,16.9,1169.1,16.9,17.2,17.2,18.1
3671,odroid3,166.0,169.0,169.0,169.0,168.0,168.0,170.0
3672,rpi-4a,16.5,18.7,985.4,415.8,20.0,20.4,21.5
3673,rpi-8a,412.4,232.8,433.6,16.9,15.6,417.3,15.4
3674,rpi-4a,17.7,1030.1,20.1,16.6,18.7,18.7,18.8
3675,odroid2,168.0,186.0,154.0,171.0,169.0,168.0,170.0
3676,odroid4,170.0,174.0,173.0,174.0,173.0,174.0,173.0
3677,odroid4,171.0,173.0,174.0,172.0,174.0,174.0,173.0
3678,rpi-8a,12.5,233.5,231.5,433.3,16.6,233.1,233.3
3679,odroid1,167.0,12.0,155.0,331.0,167.0,169.0,9.0
3680,odroid3,167.0,171.0,169.0,168.0,168.0,168.0,169.0
3681,rpi-8b,15.3,224.6,233.2,232.2,233.4,450.9,15.0
3682,rpi-8d,17.6,21.3,114.1,1049.6,20.7,20.6,20.3
3683,odroid1,162.0,168.0,169.0,167.0,165.0,168.0,167.0
3684,odroid4,169.0,173.0,176.0,172.0,174.0,173.0,170.0
3685,rpi-8c,613.2,222.7,21.1,16.7,18.7,15.6,40.9
3686,rpi-8d,16.0,17.4,18.5,18.7,1787.6,16.7,18.9
3687,rpi-8b,228.5,216.8,233.2,233.2,233.1,433.5,16.7
3688,rpi-8a,412.5,232.8,433.0,16.7,233.2,233.2,233.0
3689,odroid1,6.0,159.0,4.0,327.0,11.0,322.0,335.0
3690,rpi-8a,229.6,233.0,432.9,16.6,233.2,233.2,233.4
3691,rpi-8a,413.2,232.9,233.2,233.0,200.2,433.1,16.5
3692,odroid4,170.0,173.0,174.0,172.0,175.0,174.0,172.0
3693,odroid4,173.0,171.0,176.0,172.0,173.0,173.0,175.0
3694,rpi-8c,22.3,14.5,16.8,18.1,751.7,17.6,18.5
3695,odroid4,173.0,173.0,176.0,172.0,174.0,172.0,173.0
3696,odroid2,164.0,178.0,159.0,168.0,170.0,171.0,170.0
3697,rpi-4a,15.2,19.8,789.8,627.2,18.3,16.4,18.2
3698,rpi-8b,14.2,443.7,32.0,231.6,232.8,451.4,15.0
3699,odroid3,164.0,166.0,169.0,166.0,165.0,166.0,168.0
3700,rpi-8d,211.1,217.0,614.8,19.4,10.9,432.2,233.3
3701,rpi-8a,211.8,199.5,215.5,417.1,233.1,433.5,16.5
3702,rpi-8d,19.3,18.9,328.1,839.5,20.1,20.5,20.7
3703,rpi-4a,17.9,18.1,982.7,630.5,27.3,18.5,21.3
3704,rpi-8d,15.1,18.1,20.7,17.3,951.4,838.8,19.9
3705,rpi-8c,27.5,1814.1,31.1,15.7,17.9,116.9,60.0
3706,rpi-4a,21.1,13.4,20.9,1781.8,16.7,16.1,18.1
3707,rpi-4a,16.4,18.8,1169.2,631.3,19.4,15.5,18.2
3708,rpi-8a,230.1,232.4,16.3,216.3,634.2,15.3,15.9
3709,rpi-8a,3.9,11.5,34.6,1222.8,41.5,9.1,31.7
3710,rpi-8a,228.9,432.4,16.4,233.2,16.5,216.2,199.9
3711,odroid4,170.0,172.0,174.0,171.0,172.0,175.0,170.0
3712,odroid2,168.0,189.0,153.0,170.0,13.0,167.0,333.0
3713,rpi-8b,430.2,16.3,235.5,232.3,450.5,15.7,233.2
3714,rpi-8c,17.2,23.3,750.8,17.1,17.9,16.4,55.4
3715,odroid3,167.0,171.0,169.0,170.0,174.0,169.0,167.0
3716,rpi-4a,16.5,19.1,790.6,419.6,17.3,432.0,18.9
3717,odroid4,171.0,173.0,176.0,173.0,175.0,171.0,172.0
3718,rpi-4a,19.2,18.6,1394.6,19.9,16.6,19.2,19.4
3719,rpi-8d,18.0,19.4,962.0,626.2,20.5,21.7,22.9
3720,rpi-8d,478.1,17.1,33.9,76.0,88.2,87.4,100.0
3721,odroid3,168.0,171.0,171.0,171.0,170.0,170.0,167.0
3722,rpi-8b,14.0,231.4,233.1,233.1,433.2,16.5,233.2
3723,rpi-4a,15.9,17.2,971.4,632.0,18.9,16.9,20.3
3724,odroid1,164.0,168.0,168.0,168.0,168.0,168.0,168.0
3725,rpi-8b,230.2,233.1,433.1,16.8,233.5,233.4,433.2
3726,rpi-8d,57.0,95.9,1205.8,597.2,16.3,16.0,17.1
3727,rpi-8d,18.4,19.5,1593.6,18.8,18.7,20.5,180.2
3728,odroid2,168.0,187.0,157.0,170.0,169.0,169.0,170.0
3729,odroid3,166.0,170.0,171.0,168.0,168.0,167.0,168.0
3730,odroid4,170.0,172.0,174.0,173.0,173.0,171.0,173.0
3731,rpi-8b,192.6,417.1,233.2,450.8,15.4,232.5,450.6
3732,odroid1,165.0,169.0,166.0,166.0,166.0,168.0,167.0
3733,rpi-8d,19.0,21.7,20.2,956.5,20.5,21.6,19.3
3734,rpi-8d,18.9,22.3,1359.1,204.5,20.5,20.3,21.7
3735,odroid2,169.0,190.0,7.0,150.0,334.0,171.0,171.0
3736,rpi-8b,227.6,232.2,232.7,232.5,450.6,15.8,233.5
3737,rpi-8a,15.0,231.7,229.6,433.4,16.7,233.0,232.9
3738,rpi-8c,28.7,34.4,104.9,38.2,47.9,32.8,30.7
3739,rpi-8b,229.6,230.8,450.1,31.5,233.9,233.0,452.3
3740,odroid4,173.0,175.0,174.0,172.0,175.0,173.0,173.0
3741,rpi-8c,14.8,37.1,534.6,627.0,16.5,16.5,16.5
3742,rpi-8a,216.7,195.4,216.6,416.3,233.1,433.3,16.8
3743,rpi-4a,15.5,17.3,400.3,422.6,16.7,19.2,19.2
3744,odroid1,164.0,169.0,169.0,167.0,167.0,167.0,166.0
3745,rpi-8c,16.3,14.4,17.2,17.7,1577.2,16.8,18.2
3746,odroid2,329.0,189.0,156.0,171.0,170.0,15.0,166.0
3747,odroid1,164.0,168.0,165.0,167.0,169.0,166.0,168.0
3748,odroid1,166.0,169.0,168.0,164.0,167.0,167.0,168.0
3749,odroid1,164.0,170.0,167.0,13.0,155.0,332.0,167.0
3750,rpi-8b,197.6,215.7,416.9,233.3,232.8,216.9,433.4
3751,rpi-8d,1578.2,625.9,18.1,17.7,17.6,17.5,17.2
3752,rpi-8b,225.1,432.6,17.0,232.4,233.3,233.1,433.3
3753,rpi-8a,228.1,433.0,16.7,232.9,233.4,433.3,16.5
3754,rpi-8a,14.7,234.1,228.3,233.3,433.3,16.3,233.4
3755,rpi-8b,430.7,16.3,236.4,232.3,450.2,31.0,234.0
3756,rpi-8a,17.6,228.3,229.8,233.4,234.1,15.5,216.6
3757,rpi-8a,234.5,227.9,433.4,16.4,16.3,216.5,199.6
3758,rpi-4a,15.6,18.2,785.9,631.3,20.5,16.8,16.5
3759,rpi-8a,229.1,233.6,233.2,433.1,16.7,232.4,233.4
3760,rpi-8c,28.2,1544.2,19.7,24.2,16.8,1413.7,19.8
3761,rpi-8a,215.4,413.6,232.5,16.2,217.9,415.7,232.9
3762,rpi-8b,224.3,233.5,432.7,16.3,233.0,16.6,216.5
3763,odroid4,172.0,174.0,174.0,172.0,172.0,174.0,175.0
3764,rpi-8a,230.6,231.0,233.5,16.1,416.8,231.8,16.3
3765,odroid1,165.0,168.0,167.0,165.0,169.0,169.0,167.0
3766,rpi-8b,225.6,234.2,449.6,16.3,232.7,451.3,15.6
3767,rpi-8a,214.3,197.5,216.4,216.6,199.9,416.8,234.2
3768,odroid3,167.0,171.0,169.0,168.0,171.0,169.0,170.0
3769,odroid3,163.0,165.0,167.0,166.0,165.0,165.0,165.0
3770,rpi-8a,432.1,14.5,231.9,233.2,433.5,16.7,16.2
3771,rpi-8d,14.8,17.6,18.4,18.4,756.8,17.1,19.5
3772,rpi-8d,16.3,18.7,17.4,1164.7,17.2,20.3,19.7
3773,odroid2,147.0,184.0,154.0,170.0,8.0,166.0,333.0
3774,rpi-8a,228.0,233.0,433.3,16.9,432.9,16.4,433.3
3775,rpi-8b,225.8,431.3,16.6,233.2,232.7,433.4,16.8
3776,odroid1,164.0,167.0,166.0,16.0,151.0,332.0,168.0
3777,rpi-8c,2105.0,19.1,19.0,19.7,17.4,15.5,18.3
3778,odroid3,166.0,172.0,170.0,171.0,170.0,171.0,165.0
3779,rpi-8a,431.5,14.7,233.3,232.7,433.3,15.8,233.2
3780,rpi-8a,417.7,228.5,433.5,16.6,16.4,216.5,199.5
3781,odroid2,163.0,184.0,153.0,171.0,8.0,166.0,333.0
3782,rpi-8d,16.7,15.6,16.7,16.0,971.7,16.9,17.7
3783,odroid3,167.0,167.0,171.0,169.0,168.0,184.0,182.0
3784,rpi-8a,13.3,232.2,231.5,433.3,16.7,232.9,233.3
3785,rpi-4a,16.1,18.8,1615.2,17.4,15.4,18.3,18.5
3786,rpi-8b,23.1,13.5,218.4,215.6,216.7,198.7,634.6
3787,rpi-8a,430.9,11.1,231.7,233.0,433.5,16.5,233.2
3788,rpi-8d,17.8,20.9,300.9,1473.3,19.6,19.7,19.6
3789,odroid2,164.0,179.0,155.0,169.0,169.0,169.0,171.0
3790,odroid1,7.0,325.0,334.0,166.0,167.0,168.0,166.0
3791,rpi-8d,14.4,357.5,840.2,15.7,16.9,17.8,15.8
3792,rpi-4a,19.5,21.0,787.0,207.7,19.1,17.3,18.5
3793,rpi-8c,14.8,16.7,173.2,17.7,17.1,17.5,20.5
3794,rpi-8a,431.3,14.8,232.9,232.2,433.4,16.6,433.2
3795,rpi-8c,18.8,14.9,34.4,1326.6,16.8,20.1,18.3
3796,rpi-4a,17.5,16.2,1008.1,22.2,16.4,17.2,18.7
3797,rpi-8a,231.5,430.3,15.7,232.7,233.3,233.1,433.6
3798,rpi-8d,19.8,23.5,954.9,417.1,21.3,23.6,18.4
3799,rpi-8a,229.8,232.9,433.1,16.5,233.0,233.4,433.5
3800,odroid4,15.0,185.0,9.0,338.0,191.0,168.0,345.0
3801,rpi-4a,15.6,16.4,1170.1,631.4,14.0,15.8,17.2
3802,rpi-8b,224.3,232.9,233.2,433.1,16.8,233.1,216.6
3803,odroid1,168.0,15.0,152.0,334.0,169.0,166.0,10.0
3804,rpi-8c,1336.1,14.5,17.0,16.9,17.2,15.5,55.6
3805,odroid4,172.0,171.0,175.0,173.0,173.0,173.0,173.0
3806,rpi-8c,701.8,18.1,19.4,33.4,48.0,2200.5,17.8
3807,odroid4,169.0,174.0,175.0,174.0,173.0,171.0,173.0
3808,rpi-8b,226.3,232.3,451.1,31.6,232.9,233.2,233.1
3809,odroid3,166.0,169.0,170.0,170.0,167.0,169.0,169.0
3810,odroid2,164.0,192.0,152.0,170.0,170.0,169.0,168.0
3811,rpi-8c,670.7,18.1,20.0,2076.0,23.6,18.3,20.9
3812,rpi-8b,229.9,233.1,233.7,432.8,16.5,233.0,233.3
3813,odroid1,164.0,168.0,168.0,166.0,168.0,167.0,167.0
3814,odroid2,169.0,190.0,153.0,169.0,169.0,169.0,183.0
3815,rpi-8a,16.3,14.1,214.9,214.9,199.9,216.4,216.6
3816,rpi-4a,15.6,596.0,422.2,15.9,20.6,17.6,19.8
3817,odroid4,171.0,174.0,174.0,172.0,174.0,171.0,174.0
3818,odroid4,173.0,171.0,172.0,173.0,174.0,174.0,172.0
3819,rpi-8b,229.9,236.0,449.5,15.9,232.7,233.4,450.3
3820,rpi-8d,17.3,20.4,1600.1,17.8,17.1,211.0,20.3
3821,odroid4,171.0,173.0,174.0,172.0,173.0,174.0,174.0
3822,odroid4,174.0,172.0,176.0,172.0,176.0,174.0,172.0
3823,rpi-8c,11.7,90.9,64.3,47.2,72.1,136.4,7.3
3824,rpi-8d,16.5,19.5,18.8,20.0,1150.2,18.4,19.5
3825,odroid4,171.0,172.0,173.0,173.0,173.0,174.0,173.0
3826,odroid3,169.0,172.0,169.0,169.0,172.0,171.0,166.0
3827,odroid1,166.0,168.0,167.0,16.0,151.0,334.0,167.0
3828,odroid2,166.0,189.0,154.0,171.0,168.0,10.0,167.0
3829,odroid4,170.0,175.0,172.0,175.0,172.0,174.0,172.0
3830,odroid1,168.0,11.0,156.0,332.0,168.0,167.0,8.0
3831,odroid3,166.0,172.0,170.0,171.0,173.0,171.0,167.0
3832,odroid2,163.0,179.0,156.0,169.0,170.0,168.0,171.0
3833,rpi-8a,14.6,231.9,230.2,433.3,16.4,233.2,233.3
3834,odroid2,188.0,6.0,150.0,350.0,167.0,167.0,166.0
3835,odroid2,165.0,191.0,154.0,170.0,170.0,12.0,167.0
3836,odroid3,169.0,169.0,170.0,173.0,172.0,170.0,164.0
3837,odroid1,163.0,169.0,169.0,167.0,169.0,167.0,166.0
3838,rpi-8c,837.3,18.8,17.1,18.5,55.8,2234.8,30.1
3839,odroid4,172.0,175.0,174.0,173.0,173.0,174.0,172.0
3840,rpi-8d,14.9,15.4,126.2,1048.3,17.9,18.4,18.3
3841,odroid2,163.0,184.0,167.0,166.0,167.0,166.0,182.0
3842,odroid1,163.0,168.0,168.0,168.0,167.0,168.0,165.0
3843,rpi-8b,430.3,16.4,235.1,234.0,449.5,15.9,232.9
3844,odroid3,167.0,173.0,168.0,171.0,171.0,174.0,165.0
3845,odroid4,173.0,171.0,173.0,173.0,172.0,174.0,172.0
3846,rpi-8c,120.4,1213.6,15.7,1224.8,22.4,22.0,16.2
3847,rpi-8d,17.8,21.3,20.3,959.0,419.2,20.3,22.0
3848,odroid4,171.0,175.0,173.0,173.0,172.0,172.0,175.0
3849,rpi-8a,14.7,230.6,232.0,433.4,15.6,233.2,233.2
3850,rpi-8d,18.3,17.6,17.8,946.2,18.8,18.2,18.5
3851,odroid3,169.0,171.0,170.0,171.0,173.0,169.0,166.0
3852,odroid4,171.0,174.0,175.0,174.0,173.0,172.0,173.0
3853,odroid3,165.0,165.0,168.0,166.0,166.0,165.0,166.0
3854,rpi-8b,224.7,233.7,450.1,31.3,234.0,232.8,450.2
3855,odroid2,163.0,184.0,156.0,169.0,8.0,166.0,335.0
3856,rpi-8d,424.3,15.1,235.9,17.3,213.1,416.2,433.5
3857,rpi-8a,16.1,228.7,232.9,233.2,433.3,15.6,233.0
3858,odroid2,164.0,178.0,156.0,170.0,171.0,172.0,168.0
3859,odroid2,166.0,186.0,158.0,172.0,168.0,173.0,168.0
3860,odroid3,167.0,173.0,169.0,172.0,170.0,171.0,165.0
3861,rpi-8a,230.5,447.5,16.6,233.0,233.2,433.4,16.8
3862,rpi-4a,17.5,17.4,783.2,631.8,20.1,16.7,17.6
3863,rpi-8d,18.3,19.9,19.1,1160.2,19.1,21.0,19.4
3864,odroid2,171.0,191.0,161.0,179.0,2.0,179.0,9.0
3865,odroid3,164.0,168.0,169.0,166.0,166.0,167.0,166.0
3866,rpi-8d,18.9,18.8,1198.5,15.1,20.5,20.6,20.2
3867,odroid4,172.0,172.0,175.0,171.0,171.0,174.0,173.0
3868,odroid2,166.0,187.0,158.0,170.0,168.0,10.0,167.0
3869,rpi-4a,404.5,207.3,19.6,20.5,21.9,19.3,20.4
3870,rpi-4a,16.6,19.3,973.1,631.9,19.7,15.9,422.4
3871,rpi-4a,19.5,962.1,632.5,21.7,17.2,19.4,19.9
3872,rpi-8b,14.2,12.4,441.1,449.5,31.3,233.9,232.9
3873,rpi-8b,13.6,227.6,233.2,449.2,32.2,451.0,15.8
3874,odroid3,166.0,169.0,169.0,169.0,167.0,169.0,170.0
3875,rpi-8d,19.0,22.5,19.4,965.5,21.2,20.0,21.6
3876,odroid3,165.0,171.0,170.0,174.0,170.0,173.0,164.0
3877,rpi-8a,13.8,432.2,14.4,233.0,233.0,433.5,16.5
3878,odroid4,171.0,171.0,176.0,173.0,173.0,173.0,172.0
3879,rpi-8a,429.1,16.3,233.1,233.3,433.4,16.7,433.2
3880,odroid2,11.0,175.0,325.0,170.0,170.0,170.0,171.0
3881,rpi-8c,15.4,48.7,977.9,17.2,16.2,16.6,17.6
3882,rpi-8d,15.6,15.0,131.2,17.2,1034.2,838.4,16.4
3883,rpi-8c,18.0,19.1,161.9,626.7,16.2,17.2,16.3
3884,rpi-4a,16.3,19.8,992.4,212.8,16.6,17.8,18.9
3885,rpi-8c,1746.0,18.3,16.6,631.5,17.9,15.0,17.5
3886,odroid4,171.0,171.0,174.0,174.0,174.0,172.0,175.0
3887,rpi-8c,16.6,18.7,17.1,18.5,65.9,61.0,41.9
3888,odroid3,167.0,170.0,169.0,171.0,172.0,170.0,166.0
3889,odroid2,168.0,189.0,155.0,172.0,169.0,169.0,168.0
3890,odroid1,330.0,168.0,167.0,168.0,167.0,166.0,169.0
3891,odroid3,168.0,172.0,170.0,170.0,170.0,171.0,166.0
3892,odroid1,164.0,168.0,166.0,165.0,168.0,169.0,168.0
3893,odroid4,172.0,173.0,174.0,173.0,174.0,173.0,174.0
3894,odroid1,166.0,167.0,167.0,166.0,167.0,167.0,168.0
3895,rpi-8c,1028.9,16.0,16.8,16.7,16.7,54.3,1979.3
3896,odroid1,164.0,167.0,167.0,168.0,167.0,166.0,166.0
3897,rpi-8c,16.8,1418.1,15.8,18.7,18.4,18.3,18.7
3898,odroid3,166.0,170.0,168.0,172.0,171.0,173.0,165.0
3899,rpi-8c,82.9,94.5,161.1,95.9,31.4,159.5,96.7
3900,rpi-8c,20.3,28.0,22.8,544.8,19.3,17.5,17.7
3901,odroid3,168.0,169.0,170.0,168.0,169.0,171.0,168.0
3902,rpi-4a,13.3,18.4,979.2,633.5,17.7,15.4,18.7
3903,rpi-8a,16.5,234.0,210.4,233.3,233.3,233.2,433.4
3904,odroid1,167.0,165.0,168.0,166.0,168.0,167.0,167.0
3905,odroid2,164.0,181.0,151.0,172.0,172.0,8.0,166.0
3906,rpi-8b,192.2,417.7,234.5,448.6,13.1,233.2,450.9
3907,rpi-4a,23.9,1389.1,23.6,20.4,20.5,17.3,19.5
3908,odroid2,166.0,185.0,159.0,173.0,170.0,169.0,168.0
3909,odroid1,166.0,166.0,168.0,165.0,168.0,167.0,167.0
3910,rpi-8d,17.4,17.2,543.0,1056.8,19.4,20.9,22.0
3911,rpi-8a,229.6,232.4,16.4,216.3,199.9,433.1,16.4
3912,rpi-8a,15.4,229.3,231.7,433.4,16.4,233.2,233.0
3913,rpi-8b,14.2,23.8,433.6,451.9,30.5,231.9,233.0
3914,odroid4,172.0,172.0,173.0,173.0,171.0,176.0,173.0
3915,rpi-8b,213.7,199.8,216.4,633.7,16.3,233.2,433.2
3916,rpi-8a,229.1,433.1,16.5,233.1,433.4,16.6,233.2
3917,odroid3,168.0,173.0,169.0,171.0,172.0,169.0,166.0
3918,odroid2,167.0,188.0,157.0,169.0,171.0,169.0,171.0
3919,rpi-4a,14.1,1592.7,15.9,17.7,18.0,20.4,17.1
3920,rpi-8b,229.8,433.4,16.4,233.1,232.7,233.2,233.1
3921,odroid3,169.0,169.0,170.0,169.0,169.0,168.0,169.0
3922,odroid4,170.0,175.0,174.0,172.0,174.0,175.0,173.0
3923,odroid1,167.0,167.0,169.0,166.0,168.0,165.0,168.0
3924,odroid4,171.0,171.0,175.0,176.0,171.0,172.0,174.0
3925,odroid4,169.0,174.0,174.0,175.0,173.0,174.0,174.0
3926,rpi-8a,228.5,433.1,16.5,233.2,233.2,233.1,433.6
3927,odroid4,170.0,173.0,175.0,173.0,173.0,171.0,173.0
3928,odroid3,168.0,168.0,171.0,169.0,167.0,168.0,169.0
3929,odroid4,169.0,171.0,175.0,172.0,172.0,172.0,174.0
3930,rpi-4a,17.0,19.0,972.5,422.4,16.7,18.7,19.1
3931,rpi-8a,15.9,12.2,218.3,213.6,416.6,233.1,16.5
3932,rpi-8b,225.1,432.3,16.6,233.0,232.6,433.5,16.4
3933,rpi-8c,24.2,2063.8,15.2,18.9,20.7,17.3,19.1
3934,rpi-8d,18.0,20.9,21.6,947.2,627.9,21.3,21.5
3935,rpi-4a,14.0,16.0,1377.1,641.4,24.1,14.6,18.2
3936,odroid1,170.0,168.0,169.0,174.0,179.0,165.0,173.0
3937,rpi-8b,14.6,223.1,232.8,233.4,433.3,16.7,216.8
3938,rpi-4a,20.2,15.2,210.3,207.9,18.1,20.9,16.6
3939,odroid1,166.0,168.0,168.0,165.0,167.0,168.0,169.0
3940,odroid1,166.0,168.0,167.0,167.0,167.0,168.0,166.0
3941,odroid1,166.0,169.0,168.0,166.0,168.0,170.0,167.0
3942,odroid1,164.0,168.0,167.0,167.0,168.0,167.0,168.0
3943,rpi-4a,23.9,12.7,218.4,202.3,18.3,20.2,16.7
3944,odroid4,171.0,173.0,173.0,198.0,148.0,174.0,173.0
3945,rpi-8b,14.7,223.9,232.0,433.6,16.2,232.8,216.7
3946,odroid2,165.0,188.0,155.0,170.0,168.0,1.0,187.0
3947,rpi-8c,59.7,78.1,103.5,64.1,37.5,66.3,32.9
3948,odroid3,167.0,168.0,169.0,169.0,169.0,169.0,167.0
3949,rpi-4a,19.1,22.1,780.4,632.0,25.2,19.7,18.9
3950,rpi-4a,15.8,18.0,1363.7,428.6,16.9,19.2,17.3
3951,odroid2,166.0,191.0,153.0,169.0,171.0,170.0,170.0
3952,rpi-8b,228.0,233.1,14.7,216.7,215.6,216.7,406.6
3953,rpi-8c,1096.6,16.4,18.7,18.5,18.4,18.4,33.0
3954,odroid4,170.0,173.0,174.0,172.0,172.0,172.0,173.0
3955,rpi-4a,16.7,16.2,977.0,631.5,18.0,16.2,19.9
3956,rpi-4a,20.4,20.0,600.3,17.4,18.6,19.9,20.2
3957,rpi-4a,17.3,1371.9,206.0,17.2,18.6,19.1,20.4
3958,rpi-4a,15.4,1001.2,609.5,18.7,16.3,18.6,843.0
3959,rpi-8a,18.7,9.2,214.6,433.4,233.2,233.1,433.2
3960,odroid1,164.0,168.0,168.0,166.0,166.0,168.0,169.0
3961,rpi-8a,233.6,228.7,433.7,16.0,233.4,232.9,232.8
3962,rpi-8d,17.4,20.8,1578.9,17.6,21.2,20.8,20.9
3963,rpi-8b,230.4,235.9,449.5,15.2,233.9,233.5,450.2
3964,rpi-8c,16.4,14.4,1170.6,627.5,16.4,16.3,17.4
3965,rpi-4a,19.9,16.0,973.0,22.3,17.9,20.2,19.4
3966,rpi-8a,229.3,232.8,433.4,16.7,232.9,232.9,416.6
3967,rpi-8c,14.9,15.6,34.4,70.6,1082.9,16.9,17.9
3968,rpi-8a,228.2,433.5,16.0,16.2,216.5,199.8,216.7
3969,odroid3,166.0,170.0,169.0,173.0,171.0,172.0,164.0
3970,rpi-4a,19.6,20.1,390.6,207.8,20.8,18.0,18.8
3971,odroid1,164.0,167.0,167.0,168.0,170.0,166.0,169.0
3972,odroid4,171.0,173.0,173.0,173.0,173.0,172.0,173.0
3973,rpi-8d,15.6,17.0,16.0,27.5,1567.8,18.2,17.9
3974,rpi-8c,12.2,31.4,84.8,41.2,61.2,99.3,15.1
3975,odroid2,164.0,184.0,153.0,170.0,170.0,171.0,169.0
3976,rpi-4a,19.9,16.1,963.8,632.0,18.5,15.1,18.8
3977,rpi-8b,210.0,216.7,417.1,232.4,450.5,15.2,233.6
3978,odroid3,158.0,171.0,338.0,13.0,168.0,183.0,167.0
3979,rpi-4a,17.5,20.7,1156.5,421.9,16.1,20.9,17.0
3980,rpi-8a,201.3,411.1,233.7,232.7,433.7,16.5,434.4
3981,odroid1,164.0,170.0,168.0,166.0,166.0,167.0,167.0
3982,rpi-8a,219.1,193.6,215.5,216.7,199.5,417.2,16.3
3983,rpi-4a,1398.6,21.8,18.0,18.1,19.0,18.8,19.2
3984,odroid1,164.0,169.0,167.0,168.0,166.0,169.0,167.0
3985,rpi-8c,18.5,16.8,18.6,18.6,17.9,1771.5,18.2
3986,odroid2,165.0,189.0,154.0,171.0,169.0,172.0,171.0
3987,odroid4,141.0,174.0,173.0,171.0,172.0,174.0,171.0
3988,odroid2,169.0,192.0,12.0,150.0,333.0,184.0,166.0
3989,odroid1,166.0,169.0,167.0,167.0,169.0,165.0,169.0
3990,odroid3,163.0,166.0,169.0,166.0,165.0,165.0,167.0
3991,odroid1,164.0,170.0,167.0,166.0,169.0,167.0,167.0
3992,odroid2,166.0,188.0,15.0,150.0,333.0,167.0,183.0
3993,rpi-4a,11.9,18.5,970.6,17.6,17.3,821.2,16.9
3994,rpi-8a,213.4,198.5,216.5,634.8,15.4,233.4,15.0
3995,odroid3,166.0,168.0,172.0,171.0,167.0,170.0,171.0
3996,odroid2,164.0,183.0,165.0,166.0,166.0,166.0,168.0
3997,rpi-8d,21.4,1408.5,16.4,20.3,19.9,19.9,20.3
3998,odroid2,164.0,175.0,157.0,170.0,170.0,170.0,169.0
3999,odroid4,172.0,172.0,177.0,173.0,174.0,174.0,173.0
4000,odroid2,164.0,174.0,156.0,172.0,170.0,12.0,167.0
4001,rpi-8c,60.5,910.9,17.8,18.8,17.9,18.2,75.0
4002,odroid4,171.0,175.0,174.0,174.0,174.0,175.0,174.0
4003,rpi-8b,430.4,16.4,233.1,232.4,433.7,16.6,432.9
4004,odroid4,173.0,171.0,174.0,172.0,173.0,172.0,174.0
4005,odroid2,163.0,189.0,155.0,170.0,170.0,168.0,170.0
4006,rpi-4a,19.8,16.8,581.7,17.0,17.5,19.5,16.5
4007,odroid3,169.0,172.0,172.0,169.0,171.0,171.0,170.0
4008,rpi-4a,16.9,970.3,203.3,17.3,20.1,20.8,20.4
4009,odroid2,164.0,179.0,156.0,172.0,169.0,170.0,168.0
4010,rpi-8b,14.3,20.5,15.4,417.1,215.6,199.9,416.6
4011,rpi-8d,17.0,21.4,951.8,835.7,19.9,23.6,17.8
4012,rpi-8d,21.1,42.9,1730.4,20.5,20.2,20.1,20.5
4013,rpi-8a,14.2,230.7,232.2,233.2,433.3,15.7,233.1
4014,rpi-8a,14.0,230.1,230.8,434.5,15.4,233.2,233.2
4015,rpi-8a,17.4,229.7,229.6,233.1,233.2,233.5,16.4
4016,odroid2,165.0,186.0,154.0,170.0,172.0,171.0,171.0
4017,rpi-8c,45.7,48.0,57.0,10.8,79.8,95.7,72.1
4018,rpi-8d,15.6,17.6,119.5,1258.8,17.8,17.8,18.7
4019,rpi-8a,16.1,234.8,226.5,234.0,232.4,16.2,216.3
4020,rpi-8a,12.8,234.5,430.2,16.1,233.3,233.1,16.6
4021,odroid1,164.0,168.0,165.0,165.0,165.0,166.0,169.0
4022,rpi-8b,18.5,9.7,209.7,214.5,216.5,199.6,417.5
4023,rpi-8b,226.5,232.6,451.0,31.5,233.2,451.0,14.5
4024,rpi-8c,13.1,17.3,73.2,32.6,66.9,80.3,62.3
4025,rpi-8d,16.4,135.5,1467.9,19.5,17.9,19.0,18.6
4026,rpi-8b,443.4,32.2,232.6,233.4,450.7,31.4,233.5
4027,rpi-8a,28.8,215.4,228.7,433.8,16.1,233.4,233.4
4028,rpi-8c,17.6,22.2,29.4,74.9,19.6,103.9,95.3
4029,rpi-8c,29.8,25.7,399.0,16.9,63.1,97.0,31.2
4030,odroid3,167.0,171.0,172.0,170.0,171.0,171.0,166.0
4031,rpi-4a,16.9,20.0,983.2,630.4,22.9,16.9,20.1
4032,rpi-4a,1013.2,384.5,15.3,16.9,17.0,17.1,16.8
4033,odroid4,170.0,171.0,174.0,173.0,174.0,175.0,171.0
4034,rpi-4a,19.7,16.1,803.3,16.7,20.1,18.8,19.6
4035,rpi-4a,16.1,789.8,419.1,18.1,16.4,19.0,19.9
4036,rpi-8d,15.1,18.2,964.3,839.6,20.7,22.7,18.4
4037,rpi-8b,13.9,11.0,231.4,199.1,216.8,416.8,449.9
4038,odroid4,169.0,173.0,173.0,173.0,173.0,175.0,173.0
4039,rpi-4a,14.3,24.6,597.1,205.2,15.5,18.2,18.4
4040,rpi-8c,92.4,945.1,18.6,20.4,2291.6,21.8,22.1
4041,odroid3,169.0,167.0,168.0,169.0,183.0,157.0,171.0
4042,rpi-4a,18.5,600.1,420.2,16.1,19.6,19.2,22.5
4043,odroid3,164.0,166.0,168.0,166.0,166.0,168.0,167.0
4044,odroid3,163.0,166.0,167.0,166.0,166.0,164.0,167.0
4045,rpi-8a,233.4,228.8,233.9,15.9,216.5,199.3,417.3
4046,odroid4,171.0,175.0,173.0,175.0,171.0,174.0,174.0
4047,rpi-8b,12.3,212.8,215.4,217.3,416.5,232.8,450.0
4048,odroid1,164.0,169.0,168.0,167.0,169.0,167.0,168.0
4049,rpi-8d,1199.3,16.9,22.5,20.2,20.8,20.6,21.3
4050,rpi-8a,231.1,446.8,16.3,232.9,233.2,233.1,17.4
4051,rpi-8d,15.4,40.4,49.8,34.4,87.6,96.2,43.5
4052,odroid1,164.0,167.0,166.0,14.0,152.0,332.0,169.0
4053,odroid4,170.0,173.0,175.0,174.0,171.0,172.0,174.0
4054,rpi-4a,16.6,789.4,632.6,22.7,17.9,20.5,20.5
4055,odroid1,165.0,168.0,167.0,165.0,169.0,165.0,166.0
4056,rpi-8a,215.8,196.9,433.2,232.9,433.7,16.1,233.3
4057,rpi-8d,16.3,18.2,19.1,753.4,20.2,21.2,21.5
4058,rpi-4a,13.9,20.2,793.4,417.0,18.1,636.3,14.1
4059,odroid2,167.0,190.0,154.0,171.0,169.0,168.0,13.0
4060,odroid3,166.0,173.0,169.0,171.0,172.0,170.0,167.0
4061,rpi-8c,14.3,20.4,25.7,79.3,33.6,64.9,71.8
4062,odroid4,170.0,173.0,175.0,174.0,171.0,172.0,174.0
4063,odroid2,180.0,176.0,155.0,170.0,171.0,172.0,171.0
4064,rpi-8c,16.2,785.7,16.6,18.1,19.5,53.9,88.5
4065,rpi-8b,447.1,27.6,232.8,233.1,232.9,449.8,16.2
4066,rpi-8c,14.5,15.8,77.9,94.6,63.6,95.9,96.3
4067,rpi-8c,18.0,16.9,74.2,13.7,55.3,39.1,107.8
4068,rpi-8a,230.3,527.1,8.2,13.7,13.8,16.3,1066.6
4069,rpi-8c,13.8,13.0,346.8,1260.8,16.2,16.7,621.0
4070,odroid3,167.0,171.0,168.0,172.0,170.0,170.0,168.0
4071,rpi-8c,20.6,16.8,11.7,18.0,563.6,17.2,17.4
4072,rpi-8b,13.0,432.8,16.5,233.2,233.2,233.1,216.7
4073,rpi-8b,226.9,233.1,449.9,31.4,233.7,234.1,232.7
4074,rpi-8b,413.9,232.4,233.1,433.3,16.9,233.1,232.9
4075,rpi-4a,16.7,18.9,978.2,631.3,21.9,16.6,19.4
4076,odroid1,163.0,168.0,167.0,166.0,166.0,169.0,167.0
4077,odroid1,165.0,167.0,167.0,168.0,167.0,165.0,168.0
4078,odroid4,169.0,172.0,176.0,173.0,173.0,175.0,173.0
4079,rpi-8d,16.3,18.3,41.3,1560.0,21.2,16.2,19.5
4080,rpi-8d,61.5,2451.7,19.3,25.2,63.0,95.9,35.6
4081,rpi-8d,21.3,46.2,71.0,1258.8,20.2,19.5,21.5
4082,odroid2,164.0,176.0,155.0,172.0,170.0,10.0,166.0
4083,rpi-4a,13.6,19.1,1148.9,18.3,19.5,19.0,20.5
4084,odroid2,164.0,181.0,154.0,172.0,9.0,166.0,334.0
4085,rpi-8c,25.2,92.9,118.9,115.9,97.0,102.7,104.0
4086,odroid1,167.0,167.0,170.0,12.0,156.0,332.0,168.0
4087,rpi-8b,35.8,875.0,232.4,50.7,4.0,660.4,48.8
4088,rpi-8a,15.7,228.9,232.1,433.4,16.8,233.0,233.2
4089,odroid3,166.0,172.0,169.0,171.0,172.0,171.0,167.0
4090,odroid2,179.0,169.0,158.0,170.0,168.0,183.0,167.0
4091,rpi-8c,13.8,21.2,15.2,1173.1,16.0,16.4,17.1
4092,rpi-8b,194.7,415.9,233.0,232.0,450.9,15.6,450.5
4093,rpi-8c,30.1,55.1,59.1,1485.9,20.8,17.0,18.5
4094,odroid2,164.0,348.0,155.0,171.0,9.0,166.0,349.0
4095,odroid1,167.0,168.0,166.0,166.0,167.0,169.0,165.0
4096,odroid1,165.0,169.0,166.0,167.0,168.0,169.0,166.0
4097,rpi-8b,230.1,233.1,233.2,433.5,16.5,233.3,233.3
4098,rpi-8c,300.5,16.9,31.5,23.5,126.9,9.9,71.4
4099,rpi-8a,229.2,233.1,433.1,16.6,233.1,233.1,433.1
4100,odroid3,168.0,171.0,171.0,171.0,171.0,172.0,166.0
4101,odroid2,164.0,185.0,165.0,167.0,167.0,166.0,168.0
4102,odroid2,164.0,178.0,151.0,170.0,169.0,171.0,168.0
4103,rpi-8b,226.2,233.1,233.1,232.6,450.9,31.2,233.8
4104,rpi-8c,73.0,29.9,135.3,31.4,46.6,88.7,83.6
4105,rpi-8a,412.9,215.8,233.5,15.6,216.5,416.6,433.9
4106,rpi-8c,17.9,17.9,18.9,19.7,47.2,49.8,102.4
4107,rpi-8c,15.7,17.9,18.1,948.7,17.9,18.4,18.4
4108,odroid2,179.0,180.0,153.0,168.0,169.0,13.0,167.0
4109,rpi-8c,16.1,19.7,557.3,15.7,18.0,17.6,86.6
4110,rpi-4a,17.7,20.3,779.6,423.3,16.6,19.1,20.1
4111,rpi-8d,17.4,20.2,1583.8,16.5,23.4,18.7,20.1
4112,rpi-8a,214.5,212.9,199.3,416.9,232.9,417.0,16.6
4113,odroid2,180.0,173.0,157.0,172.0,170.0,11.0,166.0
4114,rpi-8a,229.4,433.1,15.3,233.0,233.1,233.4,433.3
4115,rpi-4a,14.6,15.4,976.5,16.2,17.5,17.3,17.1
4116,odroid3,168.0,171.0,168.0,172.0,171.0,171.0,167.0
4117,odroid4,170.0,173.0,175.0,172.0,174.0,173.0,173.0
4118,rpi-8d,15.8,18.8,1191.9,18.0,17.4,19.0,19.7
4119,rpi-4a,17.5,19.9,980.9,630.1,25.4,16.2,22.3
4120,rpi-8a,15.3,216.0,413.8,233.1,433.6,16.2,233.4
4121,rpi-8b,13.9,232.3,232.1,433.2,16.8,233.3,432.9
4122,odroid3,165.0,165.0,169.0,167.0,165.0,166.0,166.0
4123,rpi-8b,226.8,217.7,232.1,233.1,16.0,215.5,634.3
4124,odroid2,167.0,186.0,157.0,170.0,168.0,169.0,168.0
4125,rpi-8a,414.2,15.2,232.9,232.4,233.0,216.7,233.3
4126,rpi-8d,547.9,1048.4,16.1,16.1,16.7,17.0,16.9
4127,odroid1,164.0,168.0,167.0,167.0,168.0,167.0,169.0
4128,rpi-8a,216.9,195.5,433.4,233.0,433.5,16.2,233.3
4129,rpi-4a,16.6,17.5,974.8,421.6,15.8,19.0,18.1
4130,odroid4,170.0,175.0,175.0,173.0,173.0,172.0,174.0
4131,rpi-8b,192.3,418.7,15.2,233.4,199.9,216.6,415.8
4132,rpi-8d,17.5,19.4,19.1,771.2,20.9,18.5,19.4
4133,rpi-8c,20.1,24.0,60.3,39.6,488.8,18.2,18.7
4134,rpi-8c,828.9,19.1,18.8,1864.0,19.7,19.6,19.1
4135,odroid4,170.0,172.0,172.0,173.0,174.0,172.0,173.0
4136,odroid1,165.0,168.0,167.0,166.0,167.0,168.0,169.0
4137,rpi-8c,17.1,18.3,18.4,67.3,32.5,94.4,74.1
4138,odroid3,164.0,165.0,166.0,167.0,167.0,166.0,167.0
4139,odroid3,167.0,173.0,168.0,173.0,170.0,171.0,164.0
4140,odroid2,163.0,345.0,156.0,171.0,171.0,169.0,168.0
4141,odroid2,180.0,172.0,154.0,171.0,172.0,171.0,169.0
4142,odroid2,164.0,175.0,153.0,172.0,169.0,170.0,11.0
4143,rpi-8d,20.3,13.4,15.8,16.9,1779.0,19.4,16.5
4144,odroid1,164.0,169.0,166.0,16.0,151.0,330.0,167.0
4145,odroid4,172.0,172.0,174.0,175.0,173.0,173.0,173.0
4146,odroid4,170.0,174.0,173.0,171.0,174.0,174.0,173.0
4147,rpi-8d,18.6,22.2,1150.4,416.1,18.9,19.6,18.9
4148,odroid3,167.0,172.0,168.0,174.0,171.0,171.0,167.0
4149,rpi-8c,16.6,15.3,17.9,17.6,22.0,52.4,30.7
4150,odroid2,181.0,169.0,159.0,171.0,171.0,169.0,10.0
4151,odroid1,164.0,167.0,168.0,14.0,155.0,333.0,169.0
4152,rpi-8d,15.2,15.6,1409.1,415.8,18.5,18.0,20.5
4153,rpi-8b,226.5,449.9,32.0,233.1,232.4,450.5,15.9
4154,rpi-8a,197.2,232.3,16.2,216.6,199.9,216.3,417.0
4155,rpi-8c,2008.5,18.8,87.2,688.4,15.9,17.6,19.1
4156,rpi-8c,15.9,19.2,85.9,21.8,1260.3,17.1,20.5
4157,odroid2,164.0,180.0,159.0,172.0,169.0,171.0,167.0
4158,rpi-8d,13.1,16.4,15.9,1404.2,18.0,14.2,17.0
4159,rpi-4a,16.4,781.6,422.7,15.4,19.1,18.8,18.1
4160,odroid4,172.0,173.0,175.0,171.0,174.0,172.0,171.0
4161,odroid1,163.0,166.0,167.0,169.0,165.0,170.0,167.0
4162,odroid1,165.0,169.0,168.0,165.0,168.0,167.0,166.0
4163,odroid3,170.0,169.0,170.0,171.0,171.0,172.0,167.0
4164,odroid1,165.0,167.0,167.0,165.0,167.0,169.0,167.0
4165,rpi-8b,230.0,233.3,433.3,17.0,232.8,232.7,233.5
4166,rpi-8a,232.4,229.8,233.4,433.1,16.3,232.0,233.2
4167,odroid1,164.0,167.0,168.0,169.0,166.0,166.0,166.0
4168,rpi-8b,228.8,449.2,31.8,14.8,216.9,216.1,216.3
4169,odroid1,167.0,10.0,158.0,333.0,167.0,169.0,166.0
4170,rpi-4a,15.6,19.8,1032.5,388.4,22.9,20.8,22.0
4171,rpi-4a,16.4,18.2,975.4,428.6,16.9,18.2,18.9
4172,odroid4,170.0,173.0,174.0,174.0,189.0,171.0,170.0
4173,rpi-4a,23.4,1616.8,23.4,16.2,629.4,20.3,16.5
4174,rpi-8c,1077.2,1275.5,20.5,18.4,20.1,21.1,18.4
4175,rpi-8c,16.3,142.7,1259.0,19.0,16.7,16.6,16.7
4176,odroid1,164.0,168.0,167.0,166.0,168.0,166.0,167.0
4177,rpi-8c,376.3,20.2,57.6,86.6,44.6,48.3,86.8
4178,odroid3,165.0,169.0,169.0,169.0,182.0,159.0,170.0
4179,rpi-8d,16.6,20.4,30.4,1359.4,17.1,18.8,19.2
4180,odroid3,169.0,167.0,209.0,138.0,159.0,167.0,170.0
4181,rpi-8a,228.6,433.1,16.6,233.0,433.0,16.7,233.0
4182,odroid3,167.0,171.0,168.0,169.0,173.0,171.0,167.0
4183,rpi-8d,22.3,20.0,17.9,958.3,20.5,20.7,19.8
4184,rpi-8d,15.1,17.9,347.3,1256.5,18.1,18.4,805.0
4185,odroid2,164.0,183.0,154.0,170.0,9.0,167.0,333.0
4186,rpi-8a,13.0,217.0,414.4,233.1,233.5,16.2,216.0
4187,odroid2,164.0,175.0,158.0,168.0,170.0,12.0,167.0
4188,rpi-8a,229.2,214.7,233.4,16.4,215.9,200.1,433.4
4189,odroid2,164.0,185.0,157.0,170.0,172.0,168.0,170.0
4190,odroid4,170.0,174.0,174.0,172.0,173.0,175.0,173.0
4191,odroid4,170.0,173.0,174.0,174.0,174.0,182.0,162.0
4192,rpi-8b,230.6,452.4,31.4,233.7,232.4,452.3,14.7
4193,odroid3,168.0,167.0,166.0,166.0,168.0,166.0,166.0
4194,rpi-8b,447.0,28.0,233.1,232.9,231.9,434.3,17.5
4195,odroid4,169.0,174.0,174.0,172.0,172.0,173.0,174.0
4196,rpi-4a,16.4,17.7,981.0,416.8,16.0,18.2,20.5
4197,rpi-8c,15.9,18.7,13.5,48.1,41.5,39.2,98.7
4198,rpi-8d,11.9,18.7,21.3,18.8,940.5,840.4,17.4
4199,rpi-4a,16.7,18.8,978.0,631.5,19.7,17.4,18.4
4200,rpi-8a,231.7,430.6,16.2,232.8,433.3,16.5,233.2
4201,rpi-8a,229.3,433.3,16.3,233.5,233.0,433.3,16.4
4202,rpi-8c,98.7,907.0,16.7,16.7,16.9,18.0,17.2
4203,rpi-8b,230.1,232.9,233.0,233.2,433.5,16.6,232.8
4204,odroid2,164.0,181.0,151.0,169.0,169.0,13.0,167.0
4205,rpi-8c,11.0,15.9,16.5,165.4,845.6,16.1,16.6
4206,odroid4,172.0,175.0,173.0,172.0,174.0,174.0,176.0
4207,odroid1,8.0,320.0,332.0,167.0,168.0,166.0,169.0
4208,rpi-8a,12.6,432.8,12.4,233.2,233.3,233.4,16.1
4209,odroid1,167.0,167.0,167.0,168.0,167.0,168.0,166.0
4210,rpi-4a,606.6,403.0,15.3,18.1,20.1,16.6,17.8
4211,odroid1,165.0,167.0,166.0,16.0,151.0,332.0,166.0
4212,rpi-8a,433.0,12.3,233.9,232.3,433.5,16.5,233.1
4213,rpi-8b,12.5,232.7,233.1,433.2,16.9,232.9,232.5
4214,odroid1,165.0,168.0,168.0,168.0,168.0,168.0,167.0
4215,rpi-4a,16.8,25.9,961.6,421.3,15.8,17.6,837.8
4216,rpi-8b,229.1,447.6,14.9,233.7,233.1,450.5,16.4
4217,odroid1,155.0,333.0,166.0,168.0,167.0,168.0,168.0
4218,rpi-8d,17.2,20.0,18.5,962.2,19.1,19.7,19.3
4219,odroid4,173.0,174.0,173.0,173.0,175.0,174.0,173.0
4220,odroid4,171.0,174.0,175.0,174.0,172.0,174.0,174.0
4221,rpi-8c,18.9,57.6,145.3,86.1,63.9,60.3,75.9
4222,rpi-8b,443.9,30.4,233.3,233.1,449.9,16.0,232.6
4223,odroid4,172.0,173.0,175.0,173.0,174.0,172.0,175.0
4224,rpi-8d,15.5,18.3,1395.9,16.8,19.6,19.3,18.9
4225,rpi-8a,18.3,10.9,215.8,414.0,233.1,233.1,433.3
4226,rpi-8c,14.8,1608.7,16.3,18.0,17.3,16.8,19.5
4227,odroid2,184.0,12.0,149.0,334.0,171.0,172.0,170.0
4228,rpi-8a,230.3,231.2,233.1,199.9,233.2,233.2,433.6
4229,rpi-8d,14.7,16.8,17.1,17.9,957.7,16.7,16.8
4230,odroid1,164.0,169.0,166.0,166.0,166.0,168.0,168.0
4231,odroid3,167.0,172.0,171.0,173.0,170.0,172.0,165.0
4232,rpi-8c,17.2,75.8,245.5,1689.4,16.7,18.0,19.1
4233,rpi-4a,22.7,31.1,923.2,422.4,17.3,19.4,407.1
4234,rpi-8d,15.5,19.6,17.3,774.2,19.7,17.2,18.2
4235,odroid2,163.0,176.0,158.0,171.0,171.0,8.0,166.0
4236,odroid2,165.0,180.0,150.0,170.0,168.0,169.0,170.0
4237,rpi-8d,14.8,64.7,914.9,14.7,17.6,19.7,16.6
4238,rpi-8c,93.4,79.3,16.4,103.8,92.3,2.7,73.1
4239,rpi-8d,18.8,19.3,47.5,914.0,18.2,20.3,20.3
4240,odroid2,166.0,185.0,158.0,172.0,171.0,9.0,166.0
4241,rpi-8d,12.7,17.4,17.5,964.6,628.3,18.4,17.3
4242,odroid2,164.0,182.0,159.0,169.0,5.0,166.0,350.0
4243,rpi-8a,413.9,231.1,434.4,15.0,433.1,15.7,233.5
4244,rpi-8a,15.1,232.3,229.7,433.3,15.4,233.5,433.1
4245,odroid2,180.0,179.0,151.0,169.0,170.0,168.0,46.0
4246,rpi-8d,15.4,15.0,935.0,15.6,16.8,16.8,16.9
4247,rpi-8d,15.8,17.7,18.0,972.1,19.2,20.6,19.9
4248,odroid3,163.0,167.0,169.0,167.0,166.0,166.0,164.0
4249,rpi-8b,12.1,426.7,15.4,233.1,433.3,16.4,232.8
4250,rpi-8a,195.7,216.3,216.5,199.9,417.2,233.0,433.6
4251,rpi-8a,15.7,234.1,227.5,233.3,432.9,16.1,234.0
4252,rpi-8c,15.5,14.5,17.5,16.3,775.1,16.7,16.5
4253,odroid4,170.0,173.0,175.0,172.0,174.0,173.0,175.0
4254,odroid2,166.0,188.0,1.0,171.0,13.0,316.0,334.0
4255,odroid1,166.0,168.0,169.0,168.0,167.0,167.0,167.0
4256,odroid1,164.0,167.0,169.0,167.0,168.0,166.0,167.0
4257,rpi-8d,18.3,19.0,953.5,837.0,20.0,19.9,19.2
4258,odroid1,163.0,169.0,169.0,168.0,168.0,165.0,167.0
4259,odroid2,165.0,187.0,155.0,172.0,171.0,171.0,8.0
4260,odroid2,164.0,173.0,156.0,173.0,168.0,13.0,166.0
4261,rpi-8a,25.4,15.5,202.8,216.5,216.5,416.9,233.2
4262,rpi-8b,212.9,417.0,233.2,233.0,216.7,233.6,232.7
4263,odroid3,168.0,172.0,171.0,171.0,172.0,171.0,167.0
4264,rpi-8d,1011.6,15.7,18.4,17.6,17.8,18.1,17.9
4265,odroid2,167.0,187.0,16.0,149.0,333.0,167.0,184.0
4266,rpi-8c,19.3,15.0,16.5,17.6,1579.4,16.2,19.4
4267,rpi-8a,231.0,429.9,17.1,233.3,233.4,416.6,16.4
4268,rpi-4a,17.5,17.9,973.4,208.7,19.0,19.4,17.5
4269,odroid4,171.0,172.0,176.0,174.0,173.0,171.0,174.0
4270,odroid1,165.0,169.0,167.0,168.0,167.0,167.0,167.0
4271,odroid2,166.0,192.0,152.0,171.0,170.0,10.0,167.0
4272,odroid1,164.0,169.0,168.0,169.0,168.0,168.0,169.0
4273,rpi-8b,227.8,232.3,234.0,31.4,416.0,233.3,450.2
4274,rpi-8b,12.8,231.9,233.2,433.4,16.0,233.4,233.2
4275,rpi-8b,229.6,232.3,450.7,31.7,233.7,450.2,15.9
4276,odroid4,169.0,172.0,174.0,174.0,175.0,172.0,174.0
4277,rpi-4a,19.4,17.7,209.4,206.9,19.0,18.9,18.2
4278,odroid1,163.0,168.0,166.0,167.0,166.0,167.0,166.0
4279,rpi-8a,14.0,230.7,232.2,433.3,16.8,232.8,232.9
4280,odroid4,172.0,173.0,174.0,172.0,172.0,174.0,174.0
4281,rpi-4a,13.6,216.9,417.7,32.0,643.4,23.1,225.4
4282,rpi-8a,13.1,218.1,212.5,199.5,417.0,233.3,433.1
4283,rpi-8a,234.6,427.8,16.6,16.1,216.4,200.1,216.4
4284,rpi-8b,225.8,230.3,433.5,16.3,16.5,216.4,199.4
4285,odroid1,165.0,169.0,165.0,166.0,168.0,167.0,167.0
4286,rpi-8a,15.0,433.5,7.6,233.2,233.8,432.6,16.3
4287,rpi-4a,17.1,18.9,1173.4,631.9,22.7,18.0,20.0
4288,rpi-4a,16.0,17.7,1362.4,429.1,16.4,20.0,16.9
4289,rpi-8b,228.2,229.8,450.9,32.4,233.1,232.4,451.0
4290,rpi-8a,231.8,196.7,16.5,216.6,199.6,215.6,216.5
4291,rpi-8b,230.4,231.3,433.3,17.0,232.8,233.1,434.2
4292,rpi-8c,45.6,2280.8,242.8,17.1,16.9,79.1,94.1
4293,odroid4,169.0,174.0,175.0,172.0,173.0,173.0,175.0
4294,rpi-8a,428.9,16.0,233.4,233.1,16.4,216.1,417.1
4295,odroid4,170.0,173.0,177.0,172.0,173.0,172.0,171.0
4296,odroid4,171.0,174.0,176.0,174.0,173.0,172.0,174.0
4297,rpi-8a,229.6,233.0,231.8,16.8,216.2,417.1,233.1
4298,odroid2,184.0,11.0,150.0,350.0,167.0,166.0,167.0
4299,rpi-4a,18.1,18.5,964.3,418.1,20.9,21.0,21.1
4300,rpi-8a,212.8,199.6,216.5,417.3,15.5,216.8,200.0
4301,rpi-8d,18.0,14.5,16.3,17.6,1163.4,17.9,17.3
4302,rpi-8b,430.0,16.0,235.2,233.1,15.7,217.7,633.4
4303,odroid3,170.0,169.0,168.0,171.0,171.0,170.0,167.0
4304,rpi-8c,99.8,462.7,1693.0,18.0,18.3,17.0,982.7
4305,odroid1,163.0,166.0,168.0,166.0,166.0,168.0,166.0
4306,rpi-4a,16.7,18.4,783.3,421.4,15.7,18.2,17.8
4307,rpi-8a,429.9,16.1,233.1,233.2,16.4,216.3,617.2
4308,rpi-8c,17.5,18.4,19.7,17.9,50.0,16.4,24.7
4309,odroid2,163.0,180.0,157.0,172.0,168.0,171.0,171.0
4310,odroid4,171.0,172.0,173.0,175.0,174.0,172.0,173.0
4311,odroid3,164.0,166.0,166.0,167.0,166.0,165.0,166.0
4312,rpi-8d,198.5,40.8,404.7,413.8,24.7,233.0,10.3
4313,rpi-8a,18.3,210.7,215.0,199.5,417.0,231.7,232.9
4314,odroid1,165.0,168.0,166.0,167.0,168.0,169.0,167.0
4315,rpi-8d,15.7,18.0,1590.2,17.4,18.8,19.8,17.0
4316,odroid4,169.0,174.0,174.0,173.0,174.0,173.0,174.0
4317,odroid3,167.0,173.0,168.0,171.0,172.0,171.0,166.0
4318,rpi-8c,16.3,16.7,17.8,17.6,17.5,71.0,21.3
4319,odroid3,169.0,173.0,169.0,170.0,172.0,171.0,168.0
4320,rpi-4a,16.2,22.6,1163.2,632.4,20.6,17.3,17.1
4321,rpi-8c,155.1,32.5,821.3,16.2,16.2,16.5,26.7
4322,rpi-8b,433.6,31.5,232.8,233.4,450.3,16.2,232.7
4323,rpi-8d,17.1,14.9,1390.0,17.1,16.1,16.7,16.6
4324,odroid4,171.0,175.0,175.0,172.0,174.0,173.0,173.0
4325,rpi-8b,230.0,233.0,433.2,16.8,232.5,233.3,432.9
4326,rpi-8d,19.9,20.6,105.6,1258.7,19.9,20.8,20.2
4327,odroid2,165.0,178.0,153.0,173.0,169.0,10.0,167.0
4328,odroid3,168.0,172.0,170.0,172.0,171.0,170.0,167.0
4329,rpi-4a,18.1,19.6,789.4,421.6,20.4,22.2,18.1
4330,odroid1,165.0,167.0,168.0,165.0,166.0,166.0,166.0
4331,odroid1,164.0,168.0,167.0,166.0,168.0,168.0,168.0
4332,rpi-8a,230.2,232.3,433.5,15.9,233.1,433.7,16.3
4333,odroid4,170.0,174.0,175.0,175.0,173.0,171.0,176.0
4334,odroid1,156.0,335.0,168.0,166.0,4.0,164.0,5.0
4335,odroid4,170.0,182.0,174.0,177.0,170.0,175.0,176.0
4336,rpi-8b,230.3,233.8,232.8,433.7,15.5,233.6,432.6
4337,odroid2,165.0,190.0,154.0,172.0,168.0,169.0,11.0
4338,rpi-8d,21.3,17.3,1391.4,16.3,21.6,20.7,23.1
4339,odroid2,180.0,180.0,150.0,171.0,169.0,13.0,167.0
4340,odroid1,7.0,326.0,334.0,167.0,169.0,167.0,168.0
4341,rpi-8b,229.2,231.2,31.5,199.6,417.6,16.2,215.1
4342,rpi-8b,225.4,232.6,232.8,450.8,16.6,232.6,232.9
4343,rpi-4a,13.9,18.0,1367.7,631.2,21.3,16.9,19.4
4344,odroid4,172.0,172.0,173.0,172.0,173.0,174.0,173.0
4345,rpi-8b,230.8,433.6,15.9,233.0,433.7,15.9,232.9
4346,rpi-8a,29.3,33.1,211.7,200.0,219.6,213.7,416.7
4347,rpi-8a,230.8,230.8,233.3,433.3,16.5,233.1,433.5
4348,odroid1,165.0,169.0,168.0,167.0,167.0,167.0,167.0
4349,rpi-4a,11.9,784.4,420.3,19.1,16.7,16.4,17.3
4350,odroid1,165.0,169.0,167.0,167.0,169.0,165.0,168.0
4351,rpi-8d,15.4,17.2,350.2,629.6,18.5,21.2,16.7
4352,odroid2,163.0,179.0,160.0,170.0,168.0,171.0,170.0
4353,rpi-8d,16.4,17.9,18.0,15.4,1158.5,17.4,17.6
4354,odroid2,165.0,185.0,156.0,172.0,169.0,170.0,10.0
4355,rpi-8d,16.4,19.7,1795.6,18.7,18.5,19.3,22.2
4356,rpi-8b,229.5,447.1,32.6,231.7,233.8,450.1,15.4
4357,rpi-8b,13.5,232.2,16.1,216.7,199.6,416.7,233.2
4358,odroid2,164.0,187.0,156.0,169.0,168.0,170.0,169.0
4359,rpi-8c,17.0,132.7,19.6,91.4,92.5,8.1,96.7
4360,rpi-8d,18.5,20.7,330.2,839.4,18.7,19.3,19.7
4361,odroid4,172.0,172.0,176.0,174.0,173.0,172.0,174.0
4362,odroid4,173.0,173.0,174.0,173.0,173.0,173.0,173.0
4363,rpi-8b,12.9,14.1,216.4,216.5,199.8,216.2,417.1
4364,odroid2,163.0,178.0,159.0,170.0,169.0,168.0,170.0
4365,rpi-8b,430.1,16.2,233.1,233.2,234.0,432.9,16.1
4366,odroid4,171.0,174.0,173.0,175.0,174.0,175.0,172.0
4367,odroid1,163.0,168.0,168.0,168.0,168.0,166.0,169.0
4368,odroid3,169.0,172.0,167.0,172.0,217.0,127.0,168.0
4369,odroid4,171.0,174.0,175.0,173.0,174.0,173.0,173.0
4370,odroid2,165.0,187.0,157.0,172.0,168.0,169.0,170.0
4371,odroid4,170.0,173.0,176.0,173.0,174.0,172.0,174.0
4372,odroid1,166.0,167.0,167.0,167.0,168.0,166.0,167.0
4373,odroid3,3.0,8.0,562.0,153.0,248.0,35.0,326.0
4374,rpi-8d,33.9,31.4,767.1,16.4,2121.7,19.7,15.1
4375,odroid3,168.0,171.0,169.0,172.0,171.0,171.0,165.0
4376,rpi-8d,16.6,46.3,85.3,1690.4,19.8,17.4,16.1
4377,rpi-8b,449.7,31.9,31.9,200.5,216.6,216.7,199.4
4378,rpi-4a,16.1,19.5,784.9,628.7,19.5,430.8,20.1
4379,odroid4,170.0,174.0,175.0,171.0,172.0,175.0,174.0
4380,odroid4,172.0,171.0,176.0,173.0,171.0,175.0,173.0
4381,rpi-8a,431.2,14.1,233.9,233.2,232.4,234.1,232.3
4382,odroid3,164.0,165.0,167.0,164.0,166.0,168.0,167.0
4383,odroid4,169.0,173.0,174.0,173.0,174.0,173.0,174.0
4384,odroid2,180.0,170.0,157.0,170.0,172.0,171.0,10.0
4385,rpi-8b,228.3,13.0,233.3,199.3,417.7,232.3,450.8
4386,odroid3,168.0,170.0,170.0,171.0,170.0,172.0,166.0
4387,odroid2,180.0,172.0,158.0,170.0,171.0,10.0,166.0
4388,odroid3,166.0,172.0,168.0,171.0,172.0,171.0,168.0
4389,odroid2,166.0,186.0,12.0,150.0,350.0,167.0,166.0
4390,rpi-8d,13.8,20.2,55.8,1739.2,12.8,217.1,215.9
4391,rpi-4a,19.3,17.1,775.4,422.6,16.7,17.4,18.6
4392,odroid4,172.0,172.0,175.0,172.0,171.0,175.0,173.0
4393,odroid2,164.0,187.0,153.0,169.0,169.0,171.0,169.0
4394,rpi-8a,14.5,12.7,213.5,216.4,199.7,416.9,232.7
4395,odroid1,6.0,159.0,4.0,327.0,9.0,321.0,333.0
4396,rpi-8c,17.9,25.2,38.8,50.2,1904.0,17.9,22.4
4397,odroid2,167.0,193.0,151.0,170.0,169.0,170.0,171.0
4398,odroid3,166.0,173.0,169.0,170.0,171.0,172.0,165.0
4399,odroid4,169.0,173.0,175.0,174.0,175.0,171.0,171.0
4400,odroid2,166.0,184.0,3.0,166.0,334.0,166.0,182.0
4401,odroid2,164.0,172.0,159.0,170.0,168.0,169.0,12.0
4402,odroid3,163.0,168.0,168.0,167.0,165.0,164.0,167.0
4403,rpi-8c,1092.6,15.8,17.5,17.1,2072.2,20.4,41.2
4404,rpi-4a,15.7,1197.7,204.4,15.4,19.1,19.6,19.2
4405,rpi-8c,381.7,17.6,59.1,99.8,34.6,40.7,88.0
4406,rpi-8c,13.4,16.9,580.3,203.9,9.3,15.7,819.6
4407,rpi-4a,16.3,19.0,982.5,632.9,20.5,18.5,20.2
4408,rpi-8c,15.5,14.5,1396.8,17.0,15.4,17.0,17.2
4409,odroid1,165.0,167.0,10.0,158.0,334.0,167.0,166.0
4410,odroid3,164.0,165.0,167.0,166.0,165.0,166.0,167.0
4411,odroid2,164.0,189.0,156.0,169.0,171.0,168.0,13.0
4412,odroid1,166.0,166.0,169.0,165.0,166.0,168.0,167.0
4413,odroid3,168.0,172.0,169.0,170.0,170.0,173.0,167.0
4414,rpi-4a,12.6,20.5,1147.2,18.8,21.3,17.3,20.0
4415,rpi-8d,20.6,21.8,17.0,957.5,416.7,20.4,19.8
4416,rpi-8d,16.9,19.8,130.9,1050.7,18.8,21.7,1012.0
4417,rpi-4a,605.0,402.5,18.2,16.6,16.6,16.7,16.6
4418,rpi-8c,69.7,89.4,88.3,29.8,18.2,36.3,151.8
4419,rpi-8a,212.9,199.1,433.4,233.3,433.8,15.7,233.5
4420,odroid3,169.0,170.0,169.0,171.0,173.0,172.0,166.0
4421,rpi-8a,430.6,13.2,433.5,16.4,473.6,28.4,429.3
4422,odroid3,164.0,166.0,169.0,166.0,168.0,165.0,168.0
4423,rpi-8a,228.4,233.3,232.8,432.9,16.6,233.2,233.3
4424,rpi-8c,202.2,214.8,16.1,17.1,16.6,17.2,16.7
4425,rpi-8d,19.3,18.1,19.4,969.7,20.2,21.5,21.0
4426,rpi-8d,14.9,1595.9,15.6,16.8,409.3,15.3,17.0
4427,rpi-8c,86.6,55.7,75.0,36.1,112.8,63.9,31.0
4428,odroid3,165.0,166.0,167.0,166.0,167.0,166.0,167.0
4429,rpi-8b,226.9,231.8,232.9,450.1,16.3,451.0,14.8
4430,rpi-8a,218.8,410.2,233.1,433.5,16.6,433.2,16.7
4431,rpi-8c,1338.2,16.6,1667.5,16.9,17.2,17.1,30.7
4432,rpi-8c,61.2,2045.8,15.6,18.6,19.9,20.0,595.9
4433,rpi-8d,19.1,19.8,19.5,771.0,19.0,20.6,20.1
4434,rpi-4a,17.0,17.6,782.7,21.6,16.0,18.3,18.6
4435,odroid1,166.0,168.0,168.0,168.0,166.0,168.0,168.0
4436,odroid1,165.0,167.0,168.0,168.0,167.0,169.0,168.0
4437,odroid3,165.0,173.0,168.0,171.0,173.0,173.0,166.0
4438,rpi-8c,15.9,20.1,16.5,16.6,17.2,17.9,57.1
4439,odroid4,171.0,172.0,173.0,174.0,171.0,172.0,173.0
4440,rpi-8d,19.2,17.3,17.2,1397.7,20.0,20.0,20.8
4441,odroid3,168.0,170.0,170.0,173.0,171.0,172.0,165.0
4442,rpi-8c,17.8,16.8,1388.1,17.8,16.7,16.6,17.2
4443,odroid2,180.0,170.0,158.0,169.0,170.0,170.0,169.0
4444,odroid2,7.0,188.0,11.0,317.0,333.0,167.0,166.0
4445,rpi-8a,216.5,196.1,433.5,232.9,233.4,433.6,15.9
4446,odroid4,171.0,174.0,175.0,173.0,175.0,172.0,172.0
4447,rpi-8d,14.1,19.5,1798.7,21.3,13.7,17.0,18.3
4448,odroid2,164.0,184.0,166.0,167.0,184.0,166.0,166.0
4449,odroid2,164.0,183.0,157.0,172.0,3.0,168.0,339.0
4450,odroid1,165.0,167.0,168.0,165.0,169.0,168.0,167.0
4451,rpi-8c,88.4,2532.9,17.1,16.2,413.0,17.2,16.6
4452,rpi-8d,16.3,17.0,1186.6,16.1,17.8,18.0,17.8
4453,rpi-8b,227.7,450.4,32.3,28.9,200.3,216.7,216.8
4454,rpi-8d,14.5,362.2,631.0,16.7,19.8,16.6,17.3
4455,rpi-8d,13.9,17.8,16.8,970.4,418.5,17.1,616.3
4456,rpi-8a,17.0,226.6,232.8,16.1,216.7,199.9,433.6
4457,odroid3,166.0,171.0,169.0,171.0,170.0,172.0,166.0
4458,rpi-8b,450.3,39.7,249.4,251.7,247.9,221.1,27.3
4459,odroid4,169.0,174.0,174.0,173.0,173.0,171.0,173.0
4460,rpi-8b,229.1,449.7,32.7,232.0,233.6,449.6,15.8
4461,rpi-4a,17.9,991.2,8.7,421.0,19.0,18.2,20.2
4462,rpi-8d,14.9,19.8,130.1,1052.4,17.8,18.9,1015.3
4463,rpi-4a,19.8,15.3,592.8,16.2,17.7,21.2,17.4
4464,odroid4,171.0,172.0,174.0,172.0,173.0,172.0,172.0
4465,odroid3,164.0,167.0,169.0,166.0,166.0,166.0,167.0
4466,rpi-8b,12.5,232.9,233.1,433.2,16.3,233.3,233.2
4467,rpi-8c,20.6,13.7,15.6,754.7,845.1,17.0,16.4
4468,odroid4,170.0,173.0,176.0,173.0,174.0,174.0,174.0
4469,rpi-8c,17.2,15.5,1402.7,18.4,13.3,18.0,17.9
4470,rpi-4a,16.3,19.5,1359.5,17.5,18.3,18.1,1249.3
4471,rpi-4a,17.5,21.5,963.2,420.3,17.3,415.0,16.6
4472,rpi-8c,5.8,2104.1,17.3,16.9,17.1,17.0,17.4
4473,rpi-8a,14.9,217.0,212.3,199.7,416.8,233.4,15.9
4474,rpi-8a,417.6,228.0,16.3,216.4,199.9,433.4,233.2
4475,rpi-8a,16.6,12.0,214.4,216.1,199.9,216.7,216.0
4476,rpi-8d,19.5,16.8,18.8,549.4,20.7,21.1,22.3
4477,rpi-8b,229.1,448.4,31.3,233.8,232.9,233.2,450.0
4478,rpi-8a,198.4,430.8,233.4,433.2,15.8,232.9,233.3
4479,odroid2,205.0,140.0,153.0,170.0,171.0,11.0,169.0
4480,rpi-8c,14.5,104.6,7.1,92.0,100.6,18.8,31.9
4481,rpi-8b,13.4,232.2,233.0,233.0,233.0,233.3,16.3
4482,rpi-8a,232.0,229.9,433.6,16.2,433.8,16.1,233.2
4483,rpi-8c,18.6,46.4,80.6,83.2,23.4,179.2,33.1
4484,odroid4,171.0,174.0,174.0,174.0,174.0,172.0,173.0
4485,rpi-4a,15.3,17.4,976.4,631.3,18.0,15.3,18.0
4486,rpi-8b,224.1,232.5,433.8,16.5,232.8,233.2,216.2
4487,odroid1,163.0,166.0,167.0,4.0,162.0,6.0,325.0
4488,odroid2,164.0,184.0,156.0,169.0,169.0,171.0,168.0
4489,rpi-8a,229.3,232.6,233.1,433.2,16.8,232.8,433.3
4490,rpi-8c,13.9,14.3,1400.0,18.8,10.5,412.5,216.7
4491,odroid2,163.0,178.0,159.0,170.0,170.0,170.0,170.0
4492,odroid1,164.0,166.0,167.0,169.0,7.0,161.0,335.0
4493,odroid3,164.0,169.0,168.0,170.0,168.0,169.0,170.0
4494,rpi-8a,412.8,15.6,216.7,199.9,433.7,433.5,15.1
4495,odroid3,165.0,172.0,171.0,170.0,172.0,169.0,166.0
4496,odroid3,168.0,167.0,171.0,170.0,169.0,170.0,169.0
4497,odroid1,166.0,168.0,167.0,169.0,169.0,168.0,165.0
4498,rpi-8b,210.5,414.8,232.8,31.4,200.0,418.0,232.5
4499,odroid2,163.0,173.0,160.0,171.0,168.0,11.0,167.0
