,label,attempt_0,attempt_1,attempt_2,attempt_3,attempt_4,attempt_5,attempt_6,attempt_7,attempt_8,attempt_9
0,impersonator,match,match,match,match,match,match,match,match,match,match
1,impersonator,match,match,match,match,match,match,match,match,match,match
2,impersonator,match,match,match,match,match,match,match,match,match,match
3,impersonator,match,match,match,match,match,match,match,match,match,match
4,impersonator,match,match,match,match,match,match,match,match,match,match
5,impersonator,match,match,match,match,match,match,match,match,match,match
6,impersonator,match,match,match,match,match,match,match,match,match,match
7,impersonator,match,match,match,match,match,match,match,match,match,match
8,impersonator,match,match,match,match,match,match,match,match,match,match
9,impersonator,match,match,match,match,match,match,match,match,match,match
10,impersonator,match,match,match,match,match,match,match,match,match,match
11,impersonator,match,match,match,match,match,match,match,match,match,match
12,impersonator,match,match,match,match,match,match,match,match,match,match
13,impersonator,match,match,match,match,match,match,match,match,match,match
14,impersonator,match,match,match,match,match,match,match,match,match,match
15,impersonator,match,match,match,match,match,match,match,match,match,match
16,impersonator,match,match,match,match,match,match,match,match,match,match
17,impersonator,match,match,match,match,match,match,match,match,match,match
18,impersonator,match,match,match,match,match,match,match,match,match,match
19,impersonator,match,match,match,match,match,match,match,match,match,match
20,impersonator,match,match,match,match,match,match,match,match,match,match
21,impersonator,match,match,match,match,match,match,match,match,match,match
22,impersonator,match,match,match,match,match,match,match,match,match,match
23,impersonator,match,match,match,match,match,match,match,match,match,match
24,impersonator,match,match,match,match,match,match,match,match,match,match
25,impersonator,match,match,match,match,match,match,match,match,match,match
26,impersonator,match,match,match,match,match,match,match,match,match,match
27,impersonator,match,match,match,match,match,match,match,match,match,match
28,impersonator,match,match,match,match,match,match,match,match,match,match
29,impersonator,match,match,match,match,match,match,match,match,match,match
30,impersonator,match,match,match,match,match,match,match,match,match,match
31,impersonator,match,match,match,match,match,match,match,match,match,match
32,impersonator,match,match,match,match,match,match,match,match,match,match
33,impersonator,match,match,match,match,match,match,match,match,match,match
34,impersonator,match,match,match,match,match,match,match,impersonator,match,match
35,impersonator,match,match,match,match,match,match,match,match,match,match
36,impersonator,match,match,match,match,match,match,match,match,match,match
37,impersonator,match,match,match,match,match,match,match,match,match,match
38,impersonator,match,match,match,match,match,match,match,match,match,match
39,impersonator,match,match,match,match,match,match,match,match,match,match
40,impersonator,match,match,match,match,match,match,match,match,match,match
41,impersonator,match,match,match,match,match,match,match,match,match,match
42,impersonator,match,match,match,match,match,match,match,match,match,match
43,impersonator,match,match,match,match,match,match,match,match,match,match
44,impersonator,match,match,match,match,match,match,match,match,match,match
45,impersonator,match,match,match,match,match,match,match,match,match,match
46,impersonator,match,match,match,match,match,match,match,match,match,match
47,impersonator,match,match,match,match,match,match,match,match,match,match
48,impersonator,match,match,match,match,match,match,match,match,match,match
49,impersonator,match,match,match,match,match,match,match,match,match,impersonator
50,impersonator,impersonator,impersonator,impersonator,impersonator,impersonator,impersonator,impersonator,impersonator,impersonator,impersonator
51,impersonator,impersonator,impersonator,impersonator,impersonator,impersonator,impersonator,impersonator,impersonator,impersonator,impersonator
52,impersonator,impersonator,impersonator,impersonator,impersonator,impersonator,impersonator,impersonator,impersonator,impersonator,impersonator
53,impersonator,impersonator,impersonator,impersonator,impersonator,impersonator,impersonator,impersonator,impersonator,impersonator,impersonator
54,impersonator,impersonator,impersonator,impersonator,impersonator,impersonator,impersonator,impersonator,impersonator,impersonator,impersonator
55,impersonator,impersonator,impersonator,impersonator,impersonator,impersonator,impersonator,impersonator,impersonator,impersonator,impersonator
56,impersonator,impersonator,impersonator,impersonator,impersonator,impersonator,impersonator,impersonator,impersonator,impersonator,impersonator
57,impersonator,impersonator,impersonator,impersonator,impersonator,impersonator,impersonator,impersonator,impersonator,impersonator,impersonator
58,impersonator,impersonator,impersonator,impersonator,impersonator,impersonator,impersonator,impersonator,impersonator,impersonator,impersonator
59,impersonator,impersonator,impersonator,impersonator,impersonator,impersonator,impersonator,impersonator,impersonator,impersonator,impersonator
60,impersonator,impersonator,impersonator,impersonator,impersonator,impersonator,impersonator,impersonator,impersonator,impersonator,impersonator
61,impersonator,impersonator,impersonator,impersonator,impersonator,impersonator,impersonator,impersonator,impersonator,impersonator,impersonator
62,impersonator,impersonator,impersonator,impersonator,impersonator,impersonator,impersonator,impersonator,impersonator,impersonator,impersonator
63,impersonator,impersonator,impersonator,impersonator,impersonator,impersonator,impersonator,impersonator,impersonator,impersonator,impersonator
64,impersonator,impersonator,impersonator,impersonator,impersonator,impersonator,impersonator,impersonator,impersonator,impersonator,impersonator
65,impersonator,impersonator,impersonator,impersonator,impersonator,impersonator,impersonator,impersonator,impersonator,impersonator,impersonator
66,impersonator,impersonator,impersonator,impersonator,impersonator,impersonator,impersonator,impersonator,impersonator,impersonator,impersonator
67,impersonator,impersonator,impersonator,impersonator,impersonator,impersonator,impersonator,impersonator,impersonator,impersonator,impersonator
68,impersonator,impersonator,impersonator,impersonator,impersonator,impersonator,impersonator,impersonator,impersonator,impersonator,impersonator
69,impersonator,impersonator,impersonator,impersonator,impersonator,impersonator,impersonator,impersonator,impersonator,impersonator,impersonator
70,impersonator,impersonator,impersonator,impersonator,impersonator,impersonator,impersonator,impersonator,impersonator,impersonator,impersonator
71,impersonator,impersonator,impersonator,impersonator,impersonator,impersonator,impersonator,impersonator,impersonator,impersonator,impersonator
72,impersonator,impersonator,impersonator,impersonator,impersonator,impersonator,impersonator,impersonator,impersonator,impersonator,impersonator
73,impersonator,impersonator,impersonator,impersonator,impersonator,impersonator,impersonator,impersonator,impersonator,impersonator,impersonator
74,impersonator,impersonator,impersonator,impersonator,impersonator,impersonator,impersonator,impersonator,impersonator,impersonator,impersonator
75,impersonator,impersonator,impersonator,impersonator,impersonator,impersonator,impersonator,impersonator,impersonator,impersonator,impersonator
76,impersonator,impersonator,impersonator,impersonator,impersonator,impersonator,impersonator,impersonator,impersonator,impersonator,impersonator
77,impersonator,impersonator,impersonator,impersonator,impersonator,impersonator,impersonator,impersonator,impersonator,impersonator,impersonator
78,impersonator,impersonator,impersonator,impersonator,impersonator,impersonator,impersonator,impersonator,impersonator,impersonator,impersonator
79,impersonator,impersonator,impersonator,impersonator,impersonator,impersonator,impersonator,impersonator,impersonator,impersonator,impersonator
80,impersonator,impersonator,impersonator,impersonator,impersonator,impersonator,impersonator,impersonator,impersonator,impersonator,impersonator
81,impersonator,impersonator,impersonator,impersonator,impersonator,impersonator,impersonator,impersonator,impersonator,impersonator,impersonator
82,impersonator,impersonator,impersonator,impersonator,impersonator,impersonator,impersonator,impersonator,impersonator,impersonator,impersonator
83,impersonator,impersonator,impersonator,impersonator,impersonator,impersonator,impersonator,impersonator,impersonator,impersonator,impersonator
84,impersonator,impersonator,impersonator,impersonator,impersonator,impersonator,impersonator,impersonator,impersonator,impersonator,impersonator
85,impersonator,impersonator,impersonator,impersonator,impersonator,impersonator,impersonator,impersonator,impersonator,impersonator,impersonator
86,impersonator,impersonator,impersonator,impersonator,impersonator,impersonator,impersonator,impersonator,impersonator,impersonator,impersonator
87,impersonator,impersonator,impersonator,impersonator,impersonator,impersonator,impersonator,impersonator,impersonator,impersonator,impersonator
88,impersonator,impersonator,impersonator,impersonator,impersonator,impersonator,impersonator,mismatch,impersonator,impersonator,impersonator
89,impersonator,impersonator,impersonator,impersonator,impersonator,impersonator,impersonator,impersonator,impersonator,impersonator,impersonator
90,impersonator,impersonator,impersonator,impersonator,impersonator,impersonator,impersonator,impersonator,impersonator,impersonator,impersonator
91,impersonator,impersonator,impersonator,impersonator,impersonator,impersonator,impersonator,impersonator,impersonator,impersonator,impersonator
92,impersonator,impersonator,impersonator,impersonator,impersonator,impersonator,impersonator,impersonator,impersonator,impersonator,impersonator
93,impersonator,impersonator,impersonator,impersonator,impersonator,impersonator,impersonator,impersonator,impersonator,impersonator,impersonator
94,impersonator,impersonator,impersonator,impersonator,impersonator,impersonator,impersonator,impersonator,impersonator,impersonator,impersonator
95,impersonator,impersonator,impersonator,impersonator,impersonator,impersonator,impersonator,impersonator,impersonator,impersonator,impersonator
96,impersonator,impersonator,impersonator,impersonator,impersonator,impersonator,impersonator,impersonator,impersonator,impersonator,impersonator
97,impersonator,impersonator,impersonator,impersonator,impersonator,impersonator,impersonator,impersonator,impersonator,impersonator,impersonator
98,impersonator,impersonator,impersonator,impersonator,impersonator,impersonator,impersonator,impersonator,impersonator,impersonator,impersonator
99,impersonator,impersonator,impersonator,impersonator,impersonator,impersonator,impersonator,impersonator,impersonator,impersonator,impersonator
100,impersonator,impersonator,impersonator,impersonator,impersonator,impersonator,impersonator,impersonator,impersonator,impersonator,impersonator
101,impersonator,impersonator,impersonator,impersonator,impersonator,impersonator,impersonator,impersonator,impersonator,impersonator,impersonator
102,impersonator,impersonator,impersonator,impersonator,impersonator,impersonator,impersonator,impersonator,impersonator,impersonator,impersonator
103,impersonator,impersonator,impersonator,impersonator,impersonator,impersonator,impersonator,impersonator,impersonator,impersonator,impersonator
104,impersonator,impersonator,impersonator,impersonator,impersonator,impersonator,impersonator,impersonator,impersonator,impersonator,impersonator
105,impersonator,impersonator,impersonator,impersonator,impersonator,impersonator,impersonator,impersonator,impersonator,impersonator,impersonator
106,impersonator,impersonator,impersonator,impersonator,impersonator,impersonator,impersonator,impersonator,impersonator,impersonator,impersonator
107,impersonator,impersonator,impersonator,impersonator,impersonator,impersonator,impersonator,impersonator,impersonator,impersonator,impersonator
108,impersonator,impersonator,impersonator,impersonator,impersonator,impersonator,impersonator,impersonator,impersonator,impersonator,impersonator
109,impersonator,impersonator,impersonator,impersonator,impersonator,impersonator,impersonator,impersonator,impersonator,impersonator,impersonator
110,impersonator,impersonator,impersonator,impersonator,impersonator,impersonator,impersonator,impersonator,impersonator,impersonator,impersonator
111,impersonator,impersonator,impersonator,impersonator,impersonator,impersonator,impersonator,impersonator,impersonator,impersonator,impersonator
112,impersonator,impersonator,impersonator,impersonator,impersonator,impersonator,impersonator,match,impersonator,impersonator,impersonator
113,impersonator,impersonator,impersonator,impersonator,impersonator,impersonator,impersonator,impersonator,impersonator,impersonator,impersonator
114,impersonator,impersonator,impersonator,impersonator,impersonator,impersonator,impersonator,impersonator,impersonator,impersonator,impersonator
115,impersonator,impersonator,impersonator,impersonator,impersonator,impersonator,impersonator,impersonator,impersonator,impersonator,impersonator
116,impersonator,impersonator,impersonator,impersonator,impersonator,impersonator,impersonator,impersonator,impersonator,impersonator,impersonator
117,impersonator,impersonator,impersonator,impersonator,impersonator,impersonator,impersonator,impersonator,impersonator,impersonator,impersonator
118,impersonator,impersonator,impersonator,impersonator,impersonator,impersonator,impersonator,impersonator,impersonator,impersonator,impersonator
119,impersonator,impersonator,impersonator,impersonator,impersonator,impersonator,impersonator,impersonator,impersonator,impersonator,impersonator
120,impersonator,impersonator,impersonator,impersonator,impersonator,impersonator,impersonator,impersonator,impersonator,impersonator,impersonator
121,impersonator,impersonator,impersonator,impersonator,impersonator,impersonator,impersonator,impersonator,impersonator,impersonator,impersonator
122,impersonator,impersonator,impersonator,impersonator,impersonator,impersonator,impersonator,impersonator,impersonator,impersonator,impersonator
123,impersonator,impersonator,impersonator,impersonator,impersonator,impersonator,impersonator,impersonator,impersonator,impersonator,impersonator
124,impersonator,impersonator,impersonator,impersonator,impersonator,impersonator,impersonator,impersonator,match,impersonator,impersonator
125,impersonator,impersonator,impersonator,impersonator,impersonator,impersonator,impersonator,impersonator,impersonator,impersonator,impersonator
126,impersonator,impersonator,impersonator,impersonator,impersonator,impersonator,impersonator,impersonator,impersonator,impersonator,impersonator
127,impersonator,impersonator,impersonator,impersonator,impersonator,impersonator,impersonator,impersonator,impersonator,impersonator,impersonator
128,impersonator,impersonator,impersonator,impersonator,impersonator,impersonator,impersonator,impersonator,impersonator,impersonator,impersonator
129,impersonator,impersonator,impersonator,impersonator,impersonator,impersonator,impersonator,impersonator,impersonator,impersonator,impersonator
130,impersonator,impersonator,impersonator,impersonator,impersonator,impersonator,impersonator,impersonator,impersonator,impersonator,impersonator
131,impersonator,impersonator,impersonator,impersonator,impersonator,impersonator,impersonator,impersonator,impersonator,impersonator,impersonator
132,impersonator,impersonator,impersonator,impersonator,impersonator,impersonator,impersonator,impersonator,impersonator,impersonator,impersonator
133,impersonator,impersonator,impersonator,impersonator,impersonator,impersonator,impersonator,impersonator,impersonator,impersonator,impersonator
134,impersonator,impersonator,impersonator,impersonator,impersonator,impersonator,impersonator,impersonator,impersonator,impersonator,impersonator
135,impersonator,impersonator,impersonator,impersonator,impersonator,impersonator,impersonator,impersonator,impersonator,impersonator,impersonator
136,impersonator,impersonator,impersonator,impersonator,impersonator,impersonator,impersonator,impersonator,impersonator,impersonator,impersonator
137,impersonator,impersonator,impersonator,impersonator,impersonator,impersonator,impersonator,impersonator,impersonator,impersonator,impersonator
138,impersonator,impersonator,impersonator,impersonator,impersonator,impersonator,impersonator,impersonator,impersonator,impersonator,impersonator
139,impersonator,impersonator,impersonator,impersonator,impersonator,impersonator,impersonator,impersonator,impersonator,impersonator,impersonator
140,impersonator,impersonator,impersonator,impersonator,impersonator,impersonator,impersonator,impersonator,impersonator,impersonator,impersonator
141,impersonator,impersonator,impersonator,impersonator,impersonator,impersonator,impersonator,impersonator,impersonator,impersonator,impersonator
142,impersonator,impersonator,impersonator,impersonator,impersonator,impersonator,impersonator,impersonator,impersonator,impersonator,impersonator
143,impersonator,impersonator,impersonator,impersonator,impersonator,impersonator,impersonator,impersonator,impersonator,impersonator,impersonator
144,impersonator,impersonator,impersonator,impersonator,impersonator,impersonator,impersonator,impersonator,impersonator,impersonator,impersonator
145,impersonator,impersonator,impersonator,impersonator,impersonator,impersonator,impersonator,impersonator,impersonator,impersonator,impersonator
146,impersonator,impersonator,impersonator,impersonator,impersonator,impersonator,impersonator,impersonator,impersonator,impersonator,impersonator
147,impersonator,impersonator,impersonator,impersonator,impersonator,impersonator,impersonator,impersonator,impersonator,impersonator,impersonator
148,impersonator,impersonator,impersonator,impersonator,impersonator,impersonator,impersonator,impersonator,impersonator,impersonator,impersonator
149,impersonator,impersonator,impersonator,impersonator,impersonator,impersonator,impersonator,impersonator,impersonator,impersonator,impersonator
150,impersonator,impersonator,impersonator,impersonator,impersonator,impersonator,impersonator,impersonator,impersonator,impersonator,impersonator
151,impersonator,impersonator,impersonator,impersonator,impersonator,impersonator,impersonator,impersonator,impersonator,impersonator,impersonator
152,impersonator,impersonator,impersonator,impersonator,impersonator,impersonator,impersonator,impersonator,impersonator,impersonator,impersonator
153,impersonator,impersonator,impersonator,impersonator,impersonator,impersonator,impersonator,impersonator,impersonator,impersonator,impersonator
154,impersonator,impersonator,impersonator,impersonator,impersonator,impersonator,impersonator,impersonator,impersonator,impersonator,impersonator
155,impersonator,impersonator,impersonator,impersonator,impersonator,impersonator,match,impersonator,impersonator,impersonator,impersonator
156,impersonator,impersonator,impersonator,impersonator,impersonator,impersonator,impersonator,impersonator,impersonator,impersonator,impersonator
157,impersonator,impersonator,impersonator,impersonator,impersonator,impersonator,impersonator,impersonator,impersonator,impersonator,impersonator
158,impersonator,impersonator,impersonator,impersonator,impersonator,impersonator,impersonator,impersonator,impersonator,impersonator,impersonator
159,impersonator,impersonator,impersonator,impersonator,impersonator,impersonator,impersonator,impersonator,impersonator,impersonator,impersonator
160,impersonator,impersonator,impersonator,impersonator,impersonator,impersonator,impersonator,impersonator,impersonator,impersonator,impersonator
161,impersonator,impersonator,impersonator,impersonator,impersonator,impersonator,impersonator,impersonator,impersonator,impersonator,impersonator
162,impersonator,impersonator,impersonator,impersonator,impersonator,impersonator,impersonator,impersonator,impersonator,impersonator,impersonator
163,impersonator,impersonator,impersonator,impersonator,impersonator,impersonator,impersonator,impersonator,impersonator,impersonator,impersonator
164,impersonator,impersonator,impersonator,impersonator,impersonator,impersonator,impersonator,impersonator,impersonator,impersonator,impersonator
165,impersonator,impersonator,impersonator,impersonator,impersonator,impersonator,impersonator,impersonator,impersonator,impersonator,impersonator
166,impersonator,match,impersonator,impersonator,impersonator,impersonator,impersonator,impersonator,impersonator,impersonator,impersonator
167,impersonator,impersonator,impersonator,impersonator,impersonator,impersonator,impersonator,impersonator,impersonator,impersonator,impersonator
168,impersonator,impersonator,impersonator,impersonator,impersonator,impersonator,impersonator,impersonator,impersonator,impersonator,impersonator
169,impersonator,impersonator,impersonator,impersonator,impersonator,impersonator,impersonator,impersonator,impersonator,impersonator,impersonator
170,impersonator,impersonator,impersonator,impersonator,impersonator,impersonator,impersonator,impersonator,impersonator,impersonator,impersonator
171,impersonator,impersonator,impersonator,impersonator,impersonator,impersonator,impersonator,impersonator,impersonator,impersonator,impersonator
172,impersonator,impersonator,impersonator,impersonator,impersonator,impersonator,impersonator,impersonator,impersonator,impersonator,impersonator
173,impersonator,impersonator,impersonator,impersonator,impersonator,impersonator,impersonator,impersonator,impersonator,impersonator,impersonator
174,impersonator,impersonator,impersonator,impersonator,impersonator,impersonator,impersonator,impersonator,impersonator,impersonator,impersonator
175,impersonator,impersonator,impersonator,impersonator,impersonator,impersonator,impersonator,impersonator,impersonator,impersonator,impersonator
176,impersonator,impersonator,impersonator,impersonator,impersonator,impersonator,impersonator,impersonator,impersonator,impersonator,impersonator
177,impersonator,impersonator,impersonator,impersonator,impersonator,impersonator,impersonator,impersonator,impersonator,impersonator,impersonator
178,impersonator,impersonator,impersonator,impersonator,impersonator,impersonator,impersonator,impersonator,impersonator,impersonator,impersonator
179,impersonator,impersonator,impersonator,impersonator,impersonator,impersonator,impersonator,impersonator,impersonator,impersonator,impersonator
180,impersonator,impersonator,impersonator,impersonator,impersonator,impersonator,impersonator,impersonator,impersonator,impersonator,impersonator
181,impersonator,impersonator,impersonator,impersonator,impersonator,impersonator,impersonator,impersonator,impersonator,impersonator,impersonator
182,impersonator,impersonator,impersonator,impersonator,impersonator,impersonator,impersonator,impersonator,impersonator,impersonator,impersonator
183,impersonator,impersonator,impersonator,impersonator,impersonator,impersonator,impersonator,impersonator,impersonator,impersonator,impersonator
184,impersonator,impersonator,impersonator,impersonator,impersonator,impersonator,impersonator,impersonator,impersonator,impersonator,impersonator
185,impersonator,impersonator,impersonator,impersonator,impersonator,impersonator,impersonator,impersonator,impersonator,impersonator,impersonator
186,impersonator,impersonator,impersonator,impersonator,impersonator,impersonator,impersonator,impersonator,impersonator,impersonator,impersonator
187,impersonator,impersonator,impersonator,impersonator,impersonator,impersonator,impersonator,impersonator,impersonator,impersonator,impersonator
188,impersonator,impersonator,impersonator,impersonator,impersonator,impersonator,impersonator,impersonator,impersonator,impersonator,impersonator
189,impersonator,impersonator,impersonator,impersonator,impersonator,impersonator,impersonator,impersonator,impersonator,impersonator,impersonator
190,impersonator,impersonator,impersonator,impersonator,impersonator,impersonator,impersonator,impersonator,impersonator,impersonator,impersonator
191,impersonator,impersonator,impersonator,impersonator,impersonator,impersonator,impersonator,impersonator,impersonator,impersonator,impersonator
192,impersonator,impersonator,impersonator,impersonator,impersonator,impersonator,impersonator,impersonator,impersonator,impersonator,impersonator
193,impersonator,impersonator,impersonator,impersonator,impersonator,impersonator,impersonator,impersonator,impersonator,impersonator,impersonator
194,impersonator,impersonator,impersonator,impersonator,impersonator,impersonator,impersonator,impersonator,impersonator,impersonator,impersonator
195,impersonator,impersonator,impersonator,impersonator,impersonator,impersonator,impersonator,impersonator,impersonator,impersonator,impersonator
196,impersonator,impersonator,impersonator,impersonator,impersonator,impersonator,impersonator,impersonator,impersonator,impersonator,impersonator
197,impersonator,impersonator,impersonator,impersonator,impersonator,impersonator,impersonator,impersonator,impersonator,impersonator,impersonator
198,impersonator,impersonator,impersonator,impersonator,impersonator,impersonator,impersonator,impersonator,impersonator,impersonator,impersonator
199,impersonator,impersonator,impersonator,impersonator,impersonator,impersonator,impersonator,impersonator,impersonator,impersonator,impersonator
200,impersonator,impersonator,impersonator,impersonator,impersonator,impersonator,impersonator,impersonator,impersonator,impersonator,impersonator
201,impersonator,match,match,match,match,match,match,match,match,match,match
202,impersonator,match,match,match,match,match,match,match,match,match,match
203,impersonator,match,match,match,match,match,match,match,match,match,impersonator
204,impersonator,match,match,match,match,match,match,match,match,impersonator,match
205,impersonator,match,match,match,match,match,match,match,match,match,match
206,impersonator,match,match,match,match,match,match,match,match,match,match
207,impersonator,match,match,match,match,match,match,match,match,match,match
208,impersonator,match,match,match,match,match,match,match,match,match,match
209,impersonator,match,match,match,match,impersonator,match,match,match,match,match
210,impersonator,match,match,match,match,match,match,match,match,match,match
211,impersonator,match,match,match,match,match,match,match,match,match,match
212,impersonator,impersonator,match,match,match,match,match,match,match,match,match
213,impersonator,match,match,match,match,match,match,match,match,match,match
214,impersonator,match,match,match,match,match,match,match,match,match,match
215,impersonator,match,match,match,match,match,match,match,match,match,match
216,impersonator,match,match,match,match,match,match,match,match,match,match
217,impersonator,match,mismatch,match,match,match,match,match,match,match,match
218,impersonator,match,match,match,match,match,match,match,match,match,match
219,impersonator,match,match,match,match,match,match,match,match,match,match
220,impersonator,match,match,match,match,match,match,impersonator,match,match,match
221,impersonator,match,match,match,match,match,match,match,match,match,mismatch
222,impersonator,mismatch,match,match,match,match,match,impersonator,match,match,impersonator
223,impersonator,match,match,match,match,match,match,match,match,match,match
224,impersonator,match,match,match,match,match,match,match,match,match,match
225,impersonator,match,match,match,match,match,match,match,match,match,match
226,impersonator,match,match,match,match,match,match,match,match,match,match
227,impersonator,match,match,match,match,match,match,match,match,match,match
228,impersonator,match,match,match,match,match,match,match,match,match,match
229,impersonator,match,match,match,match,match,match,match,match,match,match
230,impersonator,match,match,impersonator,match,match,match,match,match,match,match
231,impersonator,match,match,match,match,match,match,match,match,match,match
232,impersonator,match,match,match,match,match,match,match,match,match,match
233,impersonator,match,match,match,match,match,match,match,match,match,match
234,impersonator,match,match,match,match,match,match,match,match,match,match
235,impersonator,match,match,match,match,match,match,match,match,match,match
236,impersonator,match,match,impersonator,match,match,match,match,impersonator,match,match
237,impersonator,match,match,match,match,match,match,match,match,match,match
238,impersonator,match,match,match,match,impersonator,match,match,match,match,match
239,impersonator,match,match,match,match,match,match,match,match,match,match
240,impersonator,match,match,match,match,match,match,match,match,match,match
241,impersonator,match,match,match,impersonator,match,match,match,match,match,match
242,impersonator,match,match,match,match,match,match,match,match,match,match
243,impersonator,match,match,match,match,match,match,match,match,match,match
244,impersonator,impersonator,match,match,impersonator,match,match,match,match,match,match
245,impersonator,match,match,match,match,match,match,match,match,match,match
246,impersonator,match,match,match,match,match,match,match,impersonator,match,match
247,impersonator,match,match,match,match,match,match,match,match,match,match
248,impersonator,match,match,match,match,match,impersonator,match,match,match,match
249,impersonator,match,match,match,match,match,match,match,match,match,match
250,impersonator,match,match,match,match,match,match,impersonator,impersonator,impersonator,impersonator
251,impersonator,impersonator,impersonator,impersonator,impersonator,impersonator,impersonator,impersonator,impersonator,impersonator,impersonator
252,impersonator,impersonator,impersonator,impersonator,impersonator,impersonator,impersonator,impersonator,impersonator,impersonator,impersonator
253,impersonator,impersonator,impersonator,impersonator,impersonator,impersonator,impersonator,impersonator,impersonator,impersonator,impersonator
254,impersonator,impersonator,impersonator,impersonator,impersonator,impersonator,impersonator,impersonator,impersonator,impersonator,impersonator
255,impersonator,impersonator,impersonator,impersonator,impersonator,impersonator,impersonator,impersonator,impersonator,impersonator,impersonator
256,impersonator,impersonator,impersonator,impersonator,impersonator,impersonator,impersonator,impersonator,impersonator,impersonator,impersonator
257,impersonator,impersonator,impersonator,impersonator,impersonator,impersonator,impersonator,impersonator,impersonator,impersonator,impersonator
258,impersonator,impersonator,impersonator,impersonator,impersonator,impersonator,impersonator,impersonator,impersonator,impersonator,impersonator
259,impersonator,impersonator,impersonator,impersonator,impersonator,impersonator,impersonator,impersonator,impersonator,impersonator,impersonator
260,impersonator,impersonator,impersonator,impersonator,impersonator,impersonator,impersonator,impersonator,impersonator,impersonator,impersonator
261,impersonator,impersonator,impersonator,impersonator,impersonator,impersonator,impersonator,impersonator,impersonator,impersonator,impersonator
262,impersonator,impersonator,impersonator,impersonator,impersonator,impersonator,impersonator,impersonator,impersonator,impersonator,impersonator
263,impersonator,impersonator,impersonator,impersonator,impersonator,impersonator,impersonator,impersonator,impersonator,impersonator,impersonator
264,impersonator,impersonator,impersonator,impersonator,impersonator,impersonator,impersonator,impersonator,impersonator,impersonator,impersonator
265,impersonator,impersonator,impersonator,impersonator,impersonator,impersonator,impersonator,impersonator,impersonator,impersonator,impersonator
266,impersonator,impersonator,impersonator,impersonator,impersonator,impersonator,impersonator,impersonator,impersonator,impersonator,impersonator
267,impersonator,impersonator,impersonator,impersonator,impersonator,impersonator,impersonator,impersonator,impersonator,impersonator,impersonator
268,impersonator,impersonator,impersonator,impersonator,impersonator,impersonator,impersonator,impersonator,impersonator,impersonator,impersonator
269,impersonator,impersonator,impersonator,impersonator,impersonator,impersonator,impersonator,impersonator,impersonator,impersonator,impersonator
270,impersonator,impersonator,impersonator,impersonator,impersonator,impersonator,impersonator,impersonator,impersonator,impersonator,impersonator
271,impersonator,impersonator,impersonator,impersonator,impersonator,impersonator,impersonator,impersonator,impersonator,impersonator,impersonator
272,impersonator,impersonator,impersonator,impersonator,impersonator,impersonator,impersonator,impersonator,impersonator,impersonator,impersonator
273,impersonator,impersonator,impersonator,impersonator,impersonator,impersonator,impersonator,impersonator,impersonator,impersonator,impersonator
274,impersonator,impersonator,impersonator,impersonator,impersonator,impersonator,impersonator,impersonator,impersonator,impersonator,impersonator
275,impersonator,impersonator,impersonator,impersonator,impersonator,impersonator,impersonator,impersonator,impersonator,impersonator,impersonator
276,impersonator,impersonator,impersonator,impersonator,impersonator,impersonator,impersonator,impersonator,impersonator,impersonator,impersonator
277,impersonator,impersonator,impersonator,impersonator,impersonator,impersonator,impersonator,impersonator,impersonator,impersonator,impersonator
278,impersonator,impersonator,impersonator,impersonator,impersonator,impersonator,impersonator,impersonator,impersonator,impersonator,impersonator
279,impersonator,impersonator,impersonator,impersonator,impersonator,impersonator,impersonator,impersonator,impersonator,impersonator,impersonator
280,impersonator,impersonator,impersonator,impersonator,impersonator,impersonator,impersonator,impersonator,impersonator,impersonator,impersonator
281,impersonator,impersonator,impersonator,impersonator,impersonator,impersonator,impersonator,impersonator,impersonator,impersonator,impersonator
282,impersonator,impersonator,impersonator,impersonator,impersonator,impersonator,impersonator,impersonator,impersonator,impersonator,impersonator
283,impersonator,impersonator,impersonator,impersonator,impersonator,impersonator,impersonator,impersonator,impersonator,impersonator,impersonator
284,impersonator,impersonator,impersonator,impersonator,impersonator,impersonator,impersonator,impersonator,impersonator,impersonator,impersonator
285,impersonator,impersonator,impersonator,impersonator,impersonator,impersonator,impersonator,impersonator,impersonator,impersonator,impersonator
286,impersonator,impersonator,impersonator,impersonator,impersonator,impersonator,impersonator,impersonator,impersonator,impersonator,mismatch
287,impersonator,impersonator,impersonator,impersonator,impersonator,impersonator,impersonator,impersonator,impersonator,impersonator,impersonator
288,impersonator,impersonator,impersonator,impersonator,impersonator,impersonator,impersonator,impersonator,impersonator,impersonator,impersonator
289,impersonator,impersonator,impersonator,impersonator,impersonator,impersonator,impersonator,impersonator,impersonator,impersonator,impersonator
290,impersonator,impersonator,impersonator,impersonator,impersonator,impersonator,impersonator,impersonator,impersonator,impersonator,impersonator
291,impersonator,impersonator,impersonator,impersonator,impersonator,impersonator,impersonator,impersonator,impersonator,impersonator,impersonator
292,impersonator,impersonator,impersonator,impersonator,impersonator,impersonator,impersonator,impersonator,impersonator,impersonator,impersonator
293,impersonator,impersonator,impersonator,impersonator,impersonator,impersonator,impersonator,impersonator,impersonator,impersonator,impersonator
294,impersonator,impersonator,impersonator,impersonator,impersonator,impersonator,impersonator,impersonator,impersonator,impersonator,impersonator
295,impersonator,impersonator,impersonator,impersonator,impersonator,impersonator,impersonator,impersonator,impersonator,impersonator,impersonator
296,impersonator,impersonator,impersonator,impersonator,impersonator,impersonator,impersonator,impersonator,impersonator,impersonator,impersonator
297,impersonator,impersonator,impersonator,impersonator,impersonator,impersonator,impersonator,mismatch,impersonator,impersonator,impersonator
298,impersonator,impersonator,impersonator,impersonator,impersonator,impersonator,impersonator,impersonator,impersonator,impersonator,impersonator
299,impersonator,impersonator,impersonator,impersonator,impersonator,impersonator,impersonator,impersonator,impersonator,impersonator,impersonator
300,impersonator,impersonator,impersonator,impersonator,impersonator,impersonator,impersonator,impersonator,impersonator,impersonator,impersonator
301,impersonator,impersonator,impersonator,impersonator,impersonator,impersonator,impersonator,impersonator,impersonator,impersonator,impersonator
302,impersonator,mismatch,impersonator,impersonator,impersonator,impersonator,impersonator,impersonator,impersonator,impersonator,impersonator
303,impersonator,impersonator,impersonator,impersonator,impersonator,impersonator,impersonator,impersonator,impersonator,impersonator,impersonator
304,impersonator,impersonator,impersonator,impersonator,impersonator,impersonator,impersonator,match,impersonator,impersonator,impersonator
305,impersonator,impersonator,impersonator,impersonator,impersonator,impersonator,impersonator,impersonator,impersonator,impersonator,impersonator
306,impersonator,mismatch,impersonator,impersonator,mismatch,impersonator,impersonator,impersonator,impersonator,impersonator,impersonator
307,impersonator,impersonator,impersonator,impersonator,impersonator,impersonator,impersonator,impersonator,impersonator,impersonator,impersonator
308,impersonator,impersonator,impersonator,impersonator,impersonator,impersonator,impersonator,impersonator,impersonator,impersonator,impersonator
309,impersonator,impersonator,impersonator,impersonator,impersonator,impersonator,impersonator,impersonator,impersonator,impersonator,impersonator
310,impersonator,impersonator,impersonator,impersonator,impersonator,impersonator,impersonator,impersonator,impersonator,match,impersonator
311,impersonator,impersonator,impersonator,impersonator,match,match,impersonator,impersonator,impersonator,impersonator,impersonator
312,impersonator,impersonator,impersonator,impersonator,impersonator,impersonator,impersonator,impersonator,impersonator,impersonator,impersonator
313,impersonator,match,impersonator,impersonator,impersonator,impersonator,mismatch,impersonator,impersonator,impersonator,impersonator
314,impersonator,mismatch,impersonator,impersonator,impersonator,match,impersonator,impersonator,impersonator,impersonator,impersonator
315,impersonator,impersonator,impersonator,impersonator,impersonator,impersonator,impersonator,impersonator,impersonator,impersonator,impersonator
316,impersonator,impersonator,impersonator,impersonator,impersonator,impersonator,impersonator,impersonator,impersonator,impersonator,match
317,impersonator,impersonator,impersonator,impersonator,match,impersonator,impersonator,impersonator,impersonator,impersonator,impersonator
318,impersonator,impersonator,impersonator,impersonator,impersonator,impersonator,impersonator,impersonator,impersonator,impersonator,impersonator
319,impersonator,impersonator,impersonator,impersonator,impersonator,impersonator,impersonator,mismatch,impersonator,impersonator,mismatch
320,impersonator,impersonator,impersonator,impersonator,impersonator,impersonator,impersonator,impersonator,impersonator,impersonator,impersonator
321,impersonator,impersonator,impersonator,impersonator,impersonator,impersonator,impersonator,impersonator,impersonator,impersonator,impersonator
322,impersonator,impersonator,impersonator,impersonator,impersonator,impersonator,impersonator,impersonator,impersonator,impersonator,impersonator
323,impersonator,impersonator,impersonator,impersonator,impersonator,impersonator,impersonator,match,impersonator,impersonator,impersonator
324,impersonator,impersonator,impersonator,impersonator,impersonator,impersonator,impersonator,impersonator,impersonator,impersonator,impersonator
325,impersonator,impersonator,impersonator,impersonator,impersonator,impersonator,impersonator,impersonator,impersonator,impersonator,impersonator
326,impersonator,impersonator,match,impersonator,impersonator,mismatch,impersonator,impersonator,impersonator,impersonator,impersonator
327,impersonator,impersonator,impersonator,impersonator,impersonator,impersonator,match,impersonator,impersonator,impersonator,impersonator
328,impersonator,impersonator,match,impersonator,impersonator,impersonator,impersonator,impersonator,impersonator,match,impersonator
329,impersonator,mismatch,impersonator,impersonator,impersonator,impersonator,match,impersonator,mismatch,impersonator,impersonator
330,impersonator,impersonator,impersonator,impersonator,mismatch,mismatch,impersonator,impersonator,impersonator,impersonator,impersonator
331,impersonator,impersonator,impersonator,impersonator,impersonator,impersonator,impersonator,impersonator,impersonator,impersonator,impersonator
332,impersonator,impersonator,impersonator,impersonator,impersonator,impersonator,impersonator,impersonator,impersonator,mismatch,impersonator
333,impersonator,impersonator,impersonator,impersonator,impersonator,impersonator,impersonator,impersonator,impersonator,impersonator,impersonator
334,impersonator,match,impersonator,impersonator,impersonator,impersonator,impersonator,impersonator,impersonator,impersonator,mismatch
335,impersonator,impersonator,impersonator,impersonator,impersonator,impersonator,impersonator,match,impersonator,impersonator,impersonator
336,impersonator,impersonator,impersonator,impersonator,impersonator,impersonator,impersonator,impersonator,impersonator,impersonator,impersonator
337,impersonator,impersonator,impersonator,impersonator,impersonator,impersonator,impersonator,impersonator,impersonator,impersonator,impersonator
338,impersonator,impersonator,impersonator,impersonator,impersonator,impersonator,impersonator,impersonator,impersonator,impersonator,impersonator
339,impersonator,impersonator,impersonator,impersonator,impersonator,impersonator,impersonator,impersonator,impersonator,impersonator,impersonator
340,impersonator,impersonator,impersonator,impersonator,impersonator,impersonator,impersonator,impersonator,impersonator,impersonator,impersonator
341,impersonator,impersonator,impersonator,impersonator,impersonator,impersonator,impersonator,impersonator,impersonator,impersonator,impersonator
342,impersonator,impersonator,impersonator,impersonator,impersonator,impersonator,impersonator,impersonator,impersonator,impersonator,impersonator
343,impersonator,mismatch,impersonator,mismatch,impersonator,impersonator,impersonator,impersonator,impersonator,match,impersonator
344,impersonator,impersonator,impersonator,impersonator,impersonator,impersonator,impersonator,impersonator,impersonator,impersonator,impersonator
345,impersonator,impersonator,impersonator,impersonator,match,impersonator,impersonator,mismatch,impersonator,impersonator,impersonator
346,impersonator,impersonator,impersonator,impersonator,impersonator,impersonator,impersonator,impersonator,impersonator,impersonator,impersonator
347,impersonator,impersonator,impersonator,impersonator,impersonator,mismatch,impersonator,match,mismatch,impersonator,impersonator
348,impersonator,impersonator,impersonator,impersonator,impersonator,impersonator,impersonator,impersonator,impersonator,impersonator,impersonator
349,impersonator,impersonator,impersonator,impersonator,impersonator,impersonator,impersonator,impersonator,impersonator,impersonator,impersonator
350,impersonator,impersonator,mismatch,impersonator,mismatch,impersonator,impersonator,impersonator,impersonator,mismatch,impersonator
351,impersonator,impersonator,impersonator,impersonator,impersonator,match,impersonator,impersonator,impersonator,impersonator,impersonator
352,impersonator,impersonator,impersonator,impersonator,impersonator,impersonator,impersonator,impersonator,match,impersonator,mismatch
353,impersonator,impersonator,match,impersonator,impersonator,impersonator,impersonator,impersonator,impersonator,impersonator,impersonator
354,impersonator,impersonator,impersonator,impersonator,impersonator,impersonator,mismatch,impersonator,match,impersonator,impersonator
355,impersonator,impersonator,impersonator,impersonator,impersonator,impersonator,impersonator,impersonator,impersonator,impersonator,match
356,impersonator,impersonator,impersonator,match,impersonator,impersonator,impersonator,impersonator,match,impersonator,impersonator
357,impersonator,match,match,impersonator,impersonator,impersonator,impersonator,impersonator,impersonator,impersonator,impersonator
358,impersonator,impersonator,impersonator,impersonator,impersonator,impersonator,match,impersonator,impersonator,impersonator,impersonator
359,impersonator,impersonator,impersonator,impersonator,match,impersonator,impersonator,impersonator,impersonator,impersonator,impersonator
360,impersonator,impersonator,impersonator,match,impersonator,impersonator,match,impersonator,impersonator,impersonator,impersonator
361,impersonator,impersonator,impersonator,impersonator,match,match,impersonator,impersonator,match,impersonator,impersonator
362,impersonator,impersonator,impersonator,impersonator,match,impersonator,match,match,impersonator,mismatch,impersonator
363,impersonator,impersonator,impersonator,impersonator,impersonator,impersonator,match,impersonator,match,impersonator,impersonator
364,impersonator,impersonator,impersonator,mismatch,impersonator,impersonator,match,impersonator,impersonator,impersonator,impersonator
365,impersonator,impersonator,impersonator,impersonator,match,impersonator,impersonator,mismatch,match,impersonator,impersonator
366,impersonator,match,impersonator,impersonator,impersonator,impersonator,impersonator,impersonator,impersonator,mismatch,impersonator
367,impersonator,impersonator,impersonator,impersonator,impersonator,impersonator,impersonator,impersonator,impersonator,impersonator,impersonator
368,impersonator,impersonator,impersonator,impersonator,impersonator,match,impersonator,impersonator,impersonator,impersonator,impersonator
369,impersonator,impersonator,impersonator,match,impersonator,impersonator,impersonator,impersonator,impersonator,match,mismatch
370,impersonator,impersonator,impersonator,impersonator,impersonator,mismatch,impersonator,impersonator,impersonator,impersonator,impersonator
371,impersonator,impersonator,impersonator,impersonator,impersonator,match,impersonator,impersonator,match,impersonator,impersonator
372,impersonator,impersonator,impersonator,impersonator,impersonator,impersonator,impersonator,impersonator,mismatch,impersonator,impersonator
373,impersonator,impersonator,match,impersonator,impersonator,impersonator,mismatch,impersonator,impersonator,impersonator,impersonator
374,impersonator,impersonator,impersonator,impersonator,impersonator,match,impersonator,impersonator,match,impersonator,impersonator
375,impersonator,mismatch,impersonator,match,impersonator,impersonator,impersonator,impersonator,impersonator,impersonator,impersonator
376,impersonator,impersonator,mismatch,impersonator,impersonator,impersonator,impersonator,impersonator,impersonator,impersonator,impersonator
377,impersonator,impersonator,match,impersonator,impersonator,impersonator,impersonator,match,impersonator,impersonator,impersonator
378,impersonator,impersonator,impersonator,impersonator,impersonator,impersonator,impersonator,match,impersonator,impersonator,impersonator
379,impersonator,match,impersonator,impersonator,impersonator,impersonator,impersonator,impersonator,impersonator,match,impersonator
380,impersonator,impersonator,impersonator,impersonator,impersonator,impersonator,impersonator,impersonator,impersonator,match,impersonator
381,impersonator,impersonator,impersonator,impersonator,impersonator,impersonator,impersonator,impersonator,impersonator,impersonator,impersonator
382,impersonator,impersonator,impersonator,impersonator,impersonator,impersonator,impersonator,impersonator,impersonator,impersonator,impersonator
383,impersonator,impersonator,impersonator,impersonator,impersonator,match,impersonator,match,match,impersonator,impersonator
384,impersonator,impersonator,impersonator,impersonator,impersonator,impersonator,impersonator,impersonator,impersonator,match,impersonator
385,impersonator,impersonator,impersonator,impersonator,impersonator,impersonator,impersonator,impersonator,match,impersonator,mismatch
386,impersonator,impersonator,impersonator,impersonator,impersonator,impersonator,impersonator,match,impersonator,match,match
387,impersonator,match,impersonator,impersonator,impersonator,impersonator,impersonator,impersonator,impersonator,match,impersonator
388,impersonator,impersonator,impersonator,match,impersonator,impersonator,impersonator,match,impersonator,match,impersonator
389,impersonator,impersonator,impersonator,impersonator,impersonator,impersonator,impersonator,impersonator,match,mismatch,impersonator
390,impersonator,impersonator,match,impersonator,impersonator,impersonator,impersonator,impersonator,impersonator,impersonator,impersonator
391,impersonator,match,impersonator,impersonator,impersonator,impersonator,impersonator,impersonator,impersonator,impersonator,impersonator
392,impersonator,impersonator,impersonator,impersonator,impersonator,impersonator,impersonator,impersonator,impersonator,impersonator,impersonator
393,impersonator,impersonator,impersonator,impersonator,impersonator,impersonator,impersonator,match,impersonator,impersonator,impersonator
394,impersonator,impersonator,impersonator,impersonator,impersonator,impersonator,impersonator,impersonator,match,impersonator,impersonator
395,impersonator,impersonator,impersonator,mismatch,match,mismatch,impersonator,match,impersonator,match,impersonator
396,impersonator,impersonator,impersonator,impersonator,impersonator,impersonator,impersonator,impersonator,impersonator,impersonator,impersonator
397,impersonator,impersonator,mismatch,impersonator,match,impersonator,impersonator,impersonator,impersonator,impersonator,impersonator
398,impersonator,impersonator,impersonator,impersonator,impersonator,impersonator,impersonator,impersonator,impersonator,impersonator,impersonator
399,impersonator,impersonator,match,match,impersonator,impersonator,impersonator,impersonator,impersonator,impersonator,impersonator
400,impersonator,impersonator,match,impersonator,mismatch,match,impersonator,impersonator,mismatch,impersonator,impersonator
401,impersonator,impersonator,impersonator,impersonator,impersonator,impersonator,impersonator,impersonator,impersonator,impersonator,impersonator
402,impersonator,impersonator,impersonator,impersonator,impersonator,impersonator,impersonator,impersonator,impersonator,impersonator,impersonator
403,impersonator,impersonator,impersonator,impersonator,match,impersonator,match,impersonator,impersonator,impersonator,impersonator
404,impersonator,match,match,match,match,match,match,match,match,match,match
405,impersonator,match,match,match,match,match,match,match,match,match,match
406,impersonator,match,match,match,match,match,match,match,match,match,match
407,impersonator,match,match,match,match,match,match,match,match,match,match
408,impersonator,match,match,match,match,match,match,match,match,match,match
409,impersonator,match,match,match,match,match,match,match,match,match,match
410,impersonator,match,match,match,match,match,match,match,match,match,match
411,impersonator,match,match,match,match,match,match,match,match,match,match
412,impersonator,match,match,match,match,match,match,match,match,match,match
413,impersonator,match,match,match,match,match,match,match,match,match,match
414,impersonator,match,match,match,match,match,match,match,match,match,match
415,impersonator,match,match,match,match,match,match,match,match,match,match
416,impersonator,match,match,match,match,match,match,match,match,match,match
417,impersonator,match,match,match,match,match,match,match,match,match,match
418,impersonator,match,match,match,match,match,match,match,match,match,match
419,impersonator,match,match,match,match,match,match,match,match,match,match
420,impersonator,match,match,match,match,match,match,match,match,match,match
421,impersonator,match,match,match,match,match,match,match,match,match,match
422,impersonator,match,match,match,match,match,match,match,match,match,match
423,impersonator,match,match,match,match,match,match,match,match,match,match
424,impersonator,match,match,match,match,match,match,match,match,match,match
425,impersonator,match,match,match,match,match,match,match,match,match,match
426,impersonator,match,match,match,match,match,match,match,match,match,match
427,impersonator,match,match,match,match,match,match,match,match,match,match
428,impersonator,match,match,match,match,match,match,match,match,match,match
429,impersonator,match,match,match,match,match,match,match,match,match,match
430,impersonator,match,match,match,match,match,match,match,match,match,match
431,impersonator,match,match,match,match,match,match,match,match,match,match
432,impersonator,match,match,match,match,match,match,match,match,match,match
433,impersonator,match,match,match,match,match,match,match,match,match,match
434,impersonator,match,match,match,match,match,match,match,match,match,match
435,impersonator,match,match,match,match,match,match,match,match,match,match
436,impersonator,match,match,match,match,match,match,match,match,match,match
437,impersonator,match,match,match,match,match,match,match,match,match,match
438,impersonator,match,match,match,match,match,match,match,match,match,match
439,impersonator,match,match,match,match,match,match,match,match,match,match
440,impersonator,match,match,match,match,match,match,match,match,match,match
441,impersonator,match,match,match,match,match,match,match,match,match,match
442,impersonator,match,match,match,match,match,match,match,match,match,match
443,impersonator,match,match,match,match,match,match,match,match,mismatch,match
444,impersonator,match,match,match,match,match,match,match,match,match,match
445,impersonator,match,match,match,match,match,match,match,match,match,match
446,impersonator,match,match,match,match,match,match,match,match,match,match
447,impersonator,match,match,match,match,match,match,match,match,match,match
448,impersonator,match,match,match,match,match,match,match,match,mismatch,match
449,impersonator,match,match,match,match,match,match,match,match,match,match
450,impersonator,match,match,match,match,match,match,match,match,match,match
451,impersonator,match,match,match,match,match,match,match,match,match,match
452,impersonator,match,match,match,match,match,match,match,match,match,match
453,impersonator,match,match,match,match,match,match,match,match,match,match
454,impersonator,match,match,match,match,match,match,match,match,match,match
455,impersonator,impersonator,impersonator,impersonator,impersonator,impersonator,impersonator,impersonator,impersonator,impersonator,impersonator
456,impersonator,impersonator,impersonator,impersonator,impersonator,impersonator,impersonator,impersonator,impersonator,impersonator,impersonator
457,impersonator,impersonator,impersonator,impersonator,impersonator,impersonator,impersonator,impersonator,impersonator,impersonator,impersonator
458,impersonator,impersonator,impersonator,impersonator,impersonator,impersonator,impersonator,impersonator,impersonator,impersonator,impersonator
459,impersonator,impersonator,impersonator,impersonator,impersonator,impersonator,impersonator,impersonator,impersonator,impersonator,impersonator
460,impersonator,impersonator,impersonator,impersonator,impersonator,impersonator,impersonator,impersonator,impersonator,impersonator,impersonator
461,impersonator,impersonator,impersonator,impersonator,impersonator,impersonator,impersonator,impersonator,impersonator,impersonator,impersonator
462,impersonator,impersonator,impersonator,impersonator,impersonator,impersonator,impersonator,impersonator,impersonator,impersonator,impersonator
463,impersonator,impersonator,impersonator,impersonator,impersonator,impersonator,impersonator,impersonator,impersonator,impersonator,impersonator
464,impersonator,impersonator,impersonator,impersonator,impersonator,impersonator,impersonator,impersonator,impersonator,impersonator,impersonator
465,impersonator,impersonator,impersonator,impersonator,impersonator,impersonator,impersonator,impersonator,impersonator,impersonator,impersonator
466,impersonator,impersonator,impersonator,impersonator,impersonator,impersonator,impersonator,impersonator,impersonator,impersonator,impersonator
467,impersonator,impersonator,impersonator,impersonator,impersonator,impersonator,impersonator,impersonator,impersonator,impersonator,impersonator
468,impersonator,impersonator,impersonator,impersonator,impersonator,impersonator,impersonator,impersonator,impersonator,impersonator,impersonator
469,impersonator,impersonator,impersonator,impersonator,impersonator,impersonator,impersonator,impersonator,impersonator,impersonator,impersonator
470,impersonator,impersonator,impersonator,impersonator,impersonator,impersonator,impersonator,impersonator,impersonator,impersonator,impersonator
471,impersonator,impersonator,impersonator,impersonator,impersonator,impersonator,impersonator,impersonator,impersonator,impersonator,impersonator
472,impersonator,impersonator,impersonator,impersonator,impersonator,impersonator,impersonator,impersonator,impersonator,impersonator,impersonator
473,impersonator,impersonator,impersonator,impersonator,impersonator,impersonator,impersonator,impersonator,impersonator,impersonator,impersonator
474,impersonator,impersonator,impersonator,impersonator,impersonator,impersonator,impersonator,impersonator,impersonator,impersonator,impersonator
475,impersonator,impersonator,impersonator,impersonator,impersonator,impersonator,impersonator,impersonator,impersonator,impersonator,impersonator
476,impersonator,impersonator,impersonator,impersonator,impersonator,impersonator,impersonator,impersonator,impersonator,impersonator,impersonator
477,impersonator,impersonator,impersonator,impersonator,impersonator,impersonator,impersonator,impersonator,impersonator,impersonator,impersonator
478,impersonator,impersonator,impersonator,impersonator,impersonator,impersonator,impersonator,impersonator,impersonator,impersonator,impersonator
479,impersonator,impersonator,impersonator,impersonator,impersonator,impersonator,impersonator,impersonator,impersonator,impersonator,impersonator
480,impersonator,impersonator,impersonator,impersonator,impersonator,impersonator,impersonator,impersonator,impersonator,impersonator,impersonator
481,impersonator,impersonator,impersonator,impersonator,impersonator,impersonator,impersonator,impersonator,impersonator,impersonator,impersonator
482,impersonator,impersonator,impersonator,impersonator,impersonator,impersonator,impersonator,impersonator,impersonator,impersonator,impersonator
483,impersonator,impersonator,impersonator,impersonator,impersonator,impersonator,impersonator,impersonator,impersonator,impersonator,impersonator
484,impersonator,impersonator,impersonator,impersonator,impersonator,impersonator,impersonator,impersonator,impersonator,impersonator,impersonator
485,impersonator,impersonator,impersonator,impersonator,impersonator,impersonator,impersonator,impersonator,impersonator,impersonator,impersonator
486,impersonator,impersonator,impersonator,impersonator,impersonator,impersonator,impersonator,impersonator,impersonator,impersonator,impersonator
487,impersonator,impersonator,impersonator,impersonator,impersonator,impersonator,impersonator,impersonator,impersonator,impersonator,impersonator
488,impersonator,impersonator,impersonator,impersonator,impersonator,impersonator,impersonator,impersonator,impersonator,impersonator,impersonator
489,impersonator,impersonator,impersonator,impersonator,impersonator,impersonator,impersonator,impersonator,impersonator,impersonator,impersonator
490,impersonator,impersonator,impersonator,impersonator,impersonator,impersonator,impersonator,impersonator,impersonator,impersonator,impersonator
491,impersonator,impersonator,impersonator,impersonator,impersonator,impersonator,impersonator,impersonator,impersonator,impersonator,impersonator
492,impersonator,impersonator,impersonator,impersonator,impersonator,impersonator,impersonator,impersonator,impersonator,impersonator,impersonator
493,impersonator,impersonator,impersonator,impersonator,impersonator,impersonator,impersonator,impersonator,impersonator,impersonator,impersonator
494,impersonator,impersonator,impersonator,impersonator,impersonator,impersonator,impersonator,impersonator,impersonator,impersonator,impersonator
495,impersonator,impersonator,impersonator,impersonator,impersonator,impersonator,impersonator,impersonator,impersonator,impersonator,impersonator
496,impersonator,impersonator,impersonator,impersonator,impersonator,impersonator,impersonator,impersonator,impersonator,impersonator,impersonator
497,impersonator,impersonator,impersonator,impersonator,impersonator,impersonator,impersonator,impersonator,impersonator,impersonator,impersonator
498,impersonator,impersonator,impersonator,impersonator,impersonator,impersonator,impersonator,impersonator,impersonator,impersonator,impersonator
499,impersonator,impersonator,impersonator,impersonator,impersonator,impersonator,impersonator,impersonator,impersonator,impersonator,impersonator
500,impersonator,impersonator,impersonator,impersonator,impersonator,impersonator,impersonator,impersonator,impersonator,impersonator,impersonator
501,impersonator,impersonator,impersonator,impersonator,impersonator,impersonator,impersonator,impersonator,impersonator,impersonator,impersonator
502,impersonator,impersonator,impersonator,impersonator,impersonator,impersonator,impersonator,impersonator,impersonator,impersonator,impersonator
503,impersonator,impersonator,impersonator,impersonator,impersonator,impersonator,impersonator,impersonator,impersonator,impersonator,impersonator
504,impersonator,impersonator,impersonator,impersonator,impersonator,impersonator,impersonator,impersonator,impersonator,impersonator,impersonator
505,impersonator,impersonator,impersonator,impersonator,impersonator,impersonator,impersonator,impersonator,impersonator,impersonator,impersonator
506,impersonator,impersonator,impersonator,impersonator,impersonator,impersonator,impersonator,impersonator,impersonator,impersonator,impersonator
507,impersonator,impersonator,impersonator,impersonator,impersonator,impersonator,impersonator,impersonator,impersonator,impersonator,impersonator
508,impersonator,impersonator,impersonator,impersonator,impersonator,impersonator,impersonator,impersonator,impersonator,impersonator,impersonator
509,impersonator,impersonator,impersonator,impersonator,impersonator,impersonator,impersonator,impersonator,impersonator,impersonator,impersonator
510,impersonator,impersonator,impersonator,impersonator,impersonator,mismatch,impersonator,impersonator,impersonator,impersonator,impersonator
511,impersonator,impersonator,impersonator,impersonator,impersonator,impersonator,impersonator,impersonator,impersonator,impersonator,impersonator
512,impersonator,impersonator,impersonator,impersonator,impersonator,impersonator,impersonator,impersonator,impersonator,impersonator,impersonator
513,impersonator,impersonator,impersonator,impersonator,impersonator,impersonator,impersonator,impersonator,impersonator,impersonator,impersonator
514,impersonator,impersonator,impersonator,impersonator,impersonator,impersonator,impersonator,impersonator,impersonator,impersonator,impersonator
515,impersonator,impersonator,impersonator,impersonator,impersonator,impersonator,impersonator,impersonator,impersonator,impersonator,impersonator
516,impersonator,impersonator,impersonator,impersonator,impersonator,impersonator,impersonator,impersonator,impersonator,impersonator,impersonator
517,impersonator,impersonator,impersonator,impersonator,impersonator,impersonator,impersonator,impersonator,impersonator,impersonator,impersonator
518,impersonator,impersonator,impersonator,impersonator,impersonator,impersonator,impersonator,impersonator,impersonator,impersonator,impersonator
519,impersonator,impersonator,impersonator,impersonator,impersonator,impersonator,impersonator,impersonator,impersonator,impersonator,impersonator
520,impersonator,impersonator,impersonator,impersonator,impersonator,impersonator,impersonator,impersonator,impersonator,impersonator,impersonator
521,impersonator,impersonator,impersonator,impersonator,impersonator,impersonator,impersonator,impersonator,impersonator,impersonator,impersonator
522,impersonator,impersonator,impersonator,impersonator,impersonator,impersonator,impersonator,impersonator,impersonator,impersonator,impersonator
523,impersonator,impersonator,impersonator,impersonator,impersonator,impersonator,impersonator,impersonator,impersonator,impersonator,impersonator
524,impersonator,impersonator,impersonator,impersonator,impersonator,impersonator,impersonator,impersonator,impersonator,impersonator,impersonator
525,impersonator,impersonator,impersonator,impersonator,impersonator,impersonator,impersonator,impersonator,impersonator,impersonator,impersonator
526,impersonator,impersonator,impersonator,impersonator,impersonator,impersonator,impersonator,impersonator,impersonator,impersonator,impersonator
527,impersonator,impersonator,impersonator,impersonator,impersonator,impersonator,impersonator,impersonator,impersonator,impersonator,impersonator
528,impersonator,impersonator,impersonator,impersonator,impersonator,impersonator,impersonator,impersonator,impersonator,impersonator,impersonator
529,impersonator,impersonator,impersonator,impersonator,impersonator,impersonator,impersonator,impersonator,impersonator,impersonator,impersonator
530,impersonator,impersonator,impersonator,impersonator,impersonator,impersonator,impersonator,impersonator,impersonator,impersonator,impersonator
531,impersonator,impersonator,impersonator,impersonator,impersonator,impersonator,impersonator,impersonator,impersonator,impersonator,impersonator
532,impersonator,impersonator,impersonator,impersonator,impersonator,impersonator,impersonator,impersonator,impersonator,impersonator,impersonator
533,impersonator,impersonator,impersonator,impersonator,impersonator,impersonator,impersonator,impersonator,impersonator,impersonator,impersonator
534,impersonator,impersonator,impersonator,impersonator,impersonator,impersonator,impersonator,impersonator,impersonator,impersonator,impersonator
535,impersonator,impersonator,impersonator,impersonator,impersonator,impersonator,impersonator,impersonator,impersonator,impersonator,impersonator
536,impersonator,impersonator,impersonator,impersonator,impersonator,impersonator,impersonator,impersonator,impersonator,impersonator,impersonator
537,impersonator,impersonator,impersonator,impersonator,impersonator,impersonator,impersonator,impersonator,impersonator,impersonator,impersonator
538,impersonator,impersonator,impersonator,impersonator,impersonator,impersonator,impersonator,impersonator,impersonator,impersonator,impersonator
539,impersonator,impersonator,impersonator,impersonator,impersonator,impersonator,impersonator,impersonator,impersonator,impersonator,impersonator
540,impersonator,impersonator,impersonator,impersonator,impersonator,impersonator,impersonator,impersonator,impersonator,impersonator,impersonator
541,impersonator,impersonator,impersonator,impersonator,impersonator,impersonator,impersonator,impersonator,impersonator,impersonator,impersonator
542,impersonator,impersonator,impersonator,impersonator,impersonator,impersonator,impersonator,impersonator,impersonator,impersonator,impersonator
543,impersonator,impersonator,impersonator,impersonator,impersonator,impersonator,impersonator,impersonator,impersonator,impersonator,impersonator
544,impersonator,impersonator,impersonator,impersonator,impersonator,impersonator,impersonator,impersonator,impersonator,impersonator,impersonator
545,impersonator,impersonator,impersonator,impersonator,impersonator,impersonator,impersonator,impersonator,impersonator,impersonator,impersonator
546,impersonator,impersonator,impersonator,impersonator,impersonator,impersonator,impersonator,impersonator,impersonator,impersonator,impersonator
547,impersonator,impersonator,impersonator,impersonator,impersonator,impersonator,impersonator,impersonator,impersonator,impersonator,impersonator
548,impersonator,impersonator,impersonator,impersonator,impersonator,impersonator,impersonator,impersonator,impersonator,impersonator,impersonator
549,impersonator,impersonator,impersonator,impersonator,impersonator,impersonator,impersonator,impersonator,impersonator,impersonator,impersonator
550,impersonator,impersonator,impersonator,impersonator,impersonator,impersonator,impersonator,impersonator,impersonator,impersonator,impersonator
551,impersonator,impersonator,impersonator,impersonator,impersonator,impersonator,impersonator,impersonator,impersonator,impersonator,impersonator
552,impersonator,impersonator,impersonator,impersonator,impersonator,impersonator,impersonator,impersonator,impersonator,impersonator,impersonator
553,impersonator,impersonator,impersonator,impersonator,impersonator,impersonator,impersonator,impersonator,impersonator,impersonator,impersonator
554,impersonator,impersonator,impersonator,impersonator,impersonator,impersonator,impersonator,impersonator,impersonator,impersonator,impersonator
555,impersonator,impersonator,impersonator,impersonator,impersonator,impersonator,impersonator,impersonator,impersonator,impersonator,impersonator
556,impersonator,impersonator,impersonator,impersonator,impersonator,impersonator,impersonator,impersonator,impersonator,impersonator,impersonator
557,impersonator,impersonator,impersonator,impersonator,impersonator,impersonator,impersonator,impersonator,impersonator,impersonator,impersonator
558,impersonator,impersonator,impersonator,impersonator,impersonator,impersonator,impersonator,impersonator,impersonator,impersonator,impersonator
559,impersonator,impersonator,impersonator,impersonator,impersonator,impersonator,impersonator,impersonator,impersonator,impersonator,impersonator
560,impersonator,impersonator,impersonator,impersonator,impersonator,impersonator,impersonator,impersonator,impersonator,impersonator,impersonator
561,impersonator,impersonator,impersonator,impersonator,impersonator,impersonator,impersonator,impersonator,impersonator,impersonator,impersonator
562,impersonator,impersonator,impersonator,impersonator,impersonator,impersonator,impersonator,impersonator,impersonator,impersonator,impersonator
563,impersonator,impersonator,impersonator,impersonator,impersonator,impersonator,impersonator,impersonator,impersonator,impersonator,impersonator
564,impersonator,impersonator,impersonator,impersonator,impersonator,impersonator,impersonator,impersonator,impersonator,impersonator,impersonator
565,impersonator,impersonator,impersonator,impersonator,impersonator,impersonator,impersonator,impersonator,impersonator,impersonator,impersonator
566,impersonator,impersonator,impersonator,impersonator,impersonator,impersonator,impersonator,impersonator,impersonator,impersonator,impersonator
567,impersonator,impersonator,impersonator,impersonator,impersonator,impersonator,impersonator,impersonator,impersonator,impersonator,impersonator
568,impersonator,impersonator,match,impersonator,impersonator,impersonator,impersonator,impersonator,impersonator,impersonator,impersonator
569,impersonator,impersonator,impersonator,impersonator,impersonator,impersonator,impersonator,impersonator,impersonator,impersonator,impersonator
570,impersonator,impersonator,impersonator,impersonator,impersonator,impersonator,impersonator,impersonator,mismatch,impersonator,impersonator
571,impersonator,impersonator,impersonator,impersonator,impersonator,impersonator,impersonator,impersonator,impersonator,impersonator,impersonator
572,impersonator,impersonator,impersonator,impersonator,impersonator,impersonator,impersonator,impersonator,impersonator,impersonator,impersonator
573,impersonator,impersonator,impersonator,impersonator,impersonator,impersonator,impersonator,impersonator,impersonator,impersonator,impersonator
574,impersonator,impersonator,impersonator,impersonator,impersonator,impersonator,impersonator,impersonator,impersonator,impersonator,mismatch
575,impersonator,impersonator,impersonator,impersonator,impersonator,impersonator,impersonator,impersonator,impersonator,impersonator,impersonator
576,impersonator,impersonator,impersonator,impersonator,impersonator,impersonator,impersonator,impersonator,impersonator,impersonator,impersonator
577,impersonator,impersonator,impersonator,impersonator,impersonator,impersonator,impersonator,impersonator,impersonator,impersonator,impersonator
578,impersonator,impersonator,impersonator,impersonator,impersonator,mismatch,impersonator,impersonator,impersonator,impersonator,impersonator
579,impersonator,impersonator,impersonator,impersonator,impersonator,impersonator,impersonator,impersonator,impersonator,impersonator,impersonator
580,impersonator,impersonator,impersonator,impersonator,impersonator,impersonator,impersonator,impersonator,impersonator,impersonator,impersonator
581,impersonator,impersonator,impersonator,match,impersonator,impersonator,impersonator,impersonator,impersonator,impersonator,impersonator
582,impersonator,impersonator,impersonator,impersonator,impersonator,impersonator,impersonator,impersonator,impersonator,impersonator,impersonator
583,impersonator,impersonator,impersonator,impersonator,impersonator,impersonator,impersonator,impersonator,impersonator,impersonator,impersonator
584,impersonator,impersonator,impersonator,impersonator,impersonator,impersonator,impersonator,impersonator,impersonator,impersonator,impersonator
585,impersonator,impersonator,impersonator,impersonator,impersonator,impersonator,impersonator,impersonator,impersonator,impersonator,impersonator
586,impersonator,impersonator,impersonator,impersonator,impersonator,impersonator,impersonator,impersonator,impersonator,impersonator,impersonator
587,impersonator,impersonator,impersonator,impersonator,impersonator,impersonator,impersonator,impersonator,impersonator,impersonator,impersonator
588,impersonator,impersonator,impersonator,impersonator,impersonator,impersonator,impersonator,impersonator,impersonator,impersonator,impersonator
589,impersonator,impersonator,impersonator,impersonator,impersonator,impersonator,impersonator,impersonator,impersonator,impersonator,impersonator
590,impersonator,impersonator,impersonator,impersonator,impersonator,impersonator,impersonator,impersonator,impersonator,impersonator,impersonator
591,impersonator,impersonator,impersonator,impersonator,impersonator,impersonator,impersonator,impersonator,impersonator,impersonator,impersonator
592,impersonator,impersonator,impersonator,impersonator,impersonator,impersonator,impersonator,impersonator,impersonator,impersonator,impersonator
593,impersonator,impersonator,impersonator,impersonator,impersonator,impersonator,impersonator,impersonator,impersonator,impersonator,impersonator
594,impersonator,impersonator,impersonator,impersonator,impersonator,impersonator,impersonator,impersonator,impersonator,impersonator,impersonator
595,impersonator,impersonator,impersonator,impersonator,impersonator,impersonator,impersonator,impersonator,impersonator,impersonator,impersonator
596,impersonator,impersonator,impersonator,impersonator,impersonator,impersonator,impersonator,impersonator,impersonator,impersonator,impersonator
597,impersonator,impersonator,impersonator,impersonator,impersonator,impersonator,impersonator,impersonator,impersonator,mismatch,impersonator
598,impersonator,impersonator,impersonator,impersonator,impersonator,impersonator,impersonator,impersonator,impersonator,impersonator,impersonator
599,impersonator,impersonator,impersonator,impersonator,impersonator,impersonator,impersonator,impersonator,impersonator,impersonator,impersonator
600,impersonator,impersonator,impersonator,impersonator,impersonator,impersonator,impersonator,impersonator,impersonator,impersonator,impersonator
601,impersonator,impersonator,impersonator,impersonator,impersonator,impersonator,impersonator,impersonator,impersonator,impersonator,impersonator
602,impersonator,impersonator,impersonator,impersonator,impersonator,impersonator,impersonator,impersonator,impersonator,impersonator,impersonator
603,impersonator,impersonator,impersonator,impersonator,impersonator,impersonator,impersonator,impersonator,impersonator,impersonator,impersonator
604,impersonator,impersonator,impersonator,impersonator,impersonator,impersonator,impersonator,impersonator,impersonator,impersonator,impersonator
605,impersonator,impersonator,impersonator,impersonator,impersonator,impersonator,impersonator,impersonator,impersonator,impersonator,impersonator
606,impersonator,impersonator,impersonator,impersonator,impersonator,impersonator,impersonator,impersonator,impersonator,impersonator,impersonator
607,impersonator,match,match,match,match,match,impersonator,match,match,match,match
608,impersonator,match,match,match,match,match,match,match,match,match,match
609,impersonator,match,match,match,match,match,match,match,match,match,match
610,impersonator,impersonator,match,match,match,match,match,match,match,match,match
611,impersonator,match,match,match,match,match,match,match,match,match,match
612,impersonator,match,match,match,match,match,match,match,match,match,match
613,impersonator,match,match,match,match,match,match,match,match,match,match
614,impersonator,match,match,match,match,match,match,match,match,impersonator,match
615,impersonator,match,match,match,match,match,match,match,match,match,match
616,impersonator,match,match,match,match,match,match,match,match,match,match
617,impersonator,match,match,match,match,match,match,match,match,match,match
618,impersonator,match,match,match,match,match,match,match,match,match,match
619,impersonator,match,match,match,match,match,match,match,match,match,match
620,impersonator,match,match,match,match,match,match,match,match,match,match
621,impersonator,match,match,match,match,impersonator,match,match,match,match,match
622,impersonator,match,match,match,match,match,match,match,match,match,match
623,impersonator,match,match,match,match,match,match,match,match,match,match
624,impersonator,match,match,match,match,match,match,match,impersonator,match,match
625,impersonator,match,match,match,match,match,match,match,match,match,match
626,impersonator,match,match,match,match,match,match,match,match,match,match
627,impersonator,match,match,match,match,match,match,match,match,match,match
628,impersonator,match,match,match,match,match,match,match,match,match,match
629,impersonator,match,match,match,match,match,match,match,match,match,match
630,impersonator,match,match,match,match,match,match,match,match,match,match
631,impersonator,match,match,match,match,match,match,match,match,match,match
632,impersonator,match,match,match,match,match,match,match,match,match,match
633,impersonator,match,match,match,match,match,match,match,match,match,match
634,impersonator,match,match,match,match,match,match,match,match,match,match
635,impersonator,match,match,match,match,match,match,match,match,match,match
636,impersonator,match,match,match,match,match,match,match,impersonator,match,match
637,impersonator,match,match,match,match,impersonator,match,match,match,match,match
638,impersonator,match,match,match,match,match,match,match,match,match,match
639,impersonator,match,match,match,match,match,match,match,match,match,match
640,impersonator,match,match,match,match,match,match,match,match,match,match
641,impersonator,match,match,match,match,match,match,match,match,match,match
642,impersonator,match,match,match,match,match,match,match,match,match,match
643,impersonator,match,match,match,match,match,match,match,match,match,match
644,impersonator,match,match,match,match,match,match,match,match,match,match
645,impersonator,match,match,match,match,match,match,match,match,match,match
646,impersonator,match,match,match,match,match,match,match,match,match,match
647,impersonator,match,match,match,match,match,match,match,match,match,match
648,impersonator,match,match,match,match,match,match,match,match,match,match
649,impersonator,match,match,match,match,match,match,match,match,match,match
650,impersonator,match,match,match,match,match,match,match,match,match,match
651,impersonator,match,match,match,match,match,match,match,match,match,match
652,impersonator,match,match,match,match,match,match,match,match,match,match
653,impersonator,match,match,match,match,match,match,match,match,match,match
654,impersonator,match,match,match,match,match,match,match,match,match,match
655,impersonator,match,match,match,match,match,match,match,match,match,match
656,impersonator,match,match,impersonator,match,match,match,match,match,match,match
657,impersonator,match,match,match,match,match,match,match,match,match,match
658,impersonator,impersonator,impersonator,impersonator,impersonator,impersonator,impersonator,impersonator,impersonator,impersonator,impersonator
659,impersonator,impersonator,impersonator,impersonator,impersonator,impersonator,impersonator,impersonator,impersonator,impersonator,impersonator
660,impersonator,impersonator,impersonator,impersonator,impersonator,impersonator,impersonator,impersonator,impersonator,impersonator,impersonator
661,impersonator,impersonator,impersonator,impersonator,impersonator,impersonator,impersonator,impersonator,impersonator,impersonator,impersonator
662,impersonator,impersonator,impersonator,impersonator,impersonator,impersonator,impersonator,impersonator,impersonator,impersonator,impersonator
663,impersonator,impersonator,impersonator,impersonator,impersonator,impersonator,impersonator,impersonator,impersonator,impersonator,impersonator
664,impersonator,impersonator,impersonator,impersonator,impersonator,impersonator,impersonator,impersonator,impersonator,impersonator,impersonator
665,impersonator,impersonator,impersonator,impersonator,impersonator,impersonator,impersonator,impersonator,impersonator,impersonator,impersonator
666,impersonator,impersonator,impersonator,impersonator,impersonator,impersonator,impersonator,impersonator,impersonator,impersonator,impersonator
667,impersonator,impersonator,impersonator,impersonator,impersonator,impersonator,impersonator,impersonator,impersonator,impersonator,impersonator
668,impersonator,impersonator,impersonator,impersonator,impersonator,impersonator,impersonator,impersonator,impersonator,impersonator,impersonator
669,impersonator,impersonator,impersonator,impersonator,impersonator,impersonator,impersonator,impersonator,impersonator,impersonator,impersonator
670,impersonator,impersonator,impersonator,impersonator,impersonator,impersonator,impersonator,impersonator,impersonator,impersonator,impersonator
671,impersonator,impersonator,impersonator,impersonator,impersonator,impersonator,impersonator,impersonator,impersonator,impersonator,impersonator
672,impersonator,impersonator,impersonator,impersonator,impersonator,impersonator,impersonator,impersonator,impersonator,impersonator,impersonator
673,impersonator,impersonator,impersonator,impersonator,impersonator,impersonator,impersonator,impersonator,impersonator,impersonator,impersonator
674,impersonator,impersonator,impersonator,impersonator,impersonator,impersonator,impersonator,impersonator,impersonator,impersonator,impersonator
675,impersonator,impersonator,impersonator,impersonator,impersonator,impersonator,impersonator,impersonator,impersonator,impersonator,impersonator
676,impersonator,impersonator,impersonator,impersonator,impersonator,impersonator,impersonator,impersonator,impersonator,impersonator,impersonator
677,impersonator,impersonator,impersonator,impersonator,impersonator,impersonator,impersonator,impersonator,impersonator,impersonator,impersonator
678,impersonator,impersonator,impersonator,impersonator,impersonator,impersonator,impersonator,impersonator,impersonator,impersonator,impersonator
679,impersonator,impersonator,impersonator,impersonator,impersonator,impersonator,impersonator,impersonator,impersonator,impersonator,impersonator
680,impersonator,impersonator,impersonator,impersonator,impersonator,impersonator,impersonator,impersonator,impersonator,impersonator,impersonator
681,impersonator,impersonator,impersonator,impersonator,impersonator,impersonator,impersonator,impersonator,impersonator,impersonator,impersonator
682,impersonator,impersonator,impersonator,impersonator,impersonator,impersonator,impersonator,impersonator,impersonator,impersonator,impersonator
683,impersonator,impersonator,impersonator,impersonator,impersonator,impersonator,impersonator,impersonator,impersonator,impersonator,impersonator
684,impersonator,impersonator,impersonator,impersonator,impersonator,impersonator,impersonator,impersonator,impersonator,impersonator,impersonator
685,impersonator,impersonator,impersonator,impersonator,impersonator,impersonator,impersonator,impersonator,impersonator,impersonator,impersonator
686,impersonator,impersonator,impersonator,impersonator,impersonator,impersonator,impersonator,impersonator,impersonator,impersonator,impersonator
687,impersonator,impersonator,impersonator,impersonator,impersonator,impersonator,impersonator,impersonator,impersonator,impersonator,impersonator
688,impersonator,impersonator,impersonator,impersonator,impersonator,impersonator,impersonator,impersonator,impersonator,impersonator,impersonator
689,impersonator,impersonator,impersonator,impersonator,impersonator,impersonator,impersonator,impersonator,impersonator,impersonator,impersonator
690,impersonator,impersonator,impersonator,impersonator,impersonator,impersonator,impersonator,impersonator,impersonator,impersonator,impersonator
691,impersonator,impersonator,impersonator,impersonator,impersonator,impersonator,impersonator,impersonator,impersonator,impersonator,impersonator
692,impersonator,impersonator,impersonator,impersonator,impersonator,impersonator,impersonator,impersonator,impersonator,impersonator,impersonator
693,impersonator,impersonator,impersonator,impersonator,impersonator,impersonator,impersonator,impersonator,impersonator,impersonator,impersonator
694,impersonator,impersonator,impersonator,impersonator,impersonator,impersonator,impersonator,impersonator,impersonator,impersonator,impersonator
695,impersonator,impersonator,impersonator,impersonator,impersonator,impersonator,impersonator,impersonator,impersonator,impersonator,impersonator
696,impersonator,impersonator,impersonator,impersonator,impersonator,impersonator,impersonator,impersonator,impersonator,impersonator,impersonator
697,impersonator,impersonator,impersonator,impersonator,impersonator,impersonator,impersonator,impersonator,impersonator,impersonator,impersonator
698,impersonator,impersonator,impersonator,impersonator,impersonator,impersonator,impersonator,impersonator,impersonator,impersonator,impersonator
699,impersonator,impersonator,impersonator,impersonator,impersonator,impersonator,impersonator,impersonator,impersonator,impersonator,impersonator
700,impersonator,impersonator,impersonator,impersonator,impersonator,impersonator,impersonator,impersonator,impersonator,impersonator,impersonator
701,impersonator,mismatch,impersonator,impersonator,impersonator,impersonator,impersonator,impersonator,impersonator,impersonator,impersonator
702,impersonator,impersonator,impersonator,impersonator,impersonator,impersonator,impersonator,mismatch,impersonator,impersonator,impersonator
703,impersonator,impersonator,impersonator,impersonator,impersonator,impersonator,impersonator,impersonator,impersonator,impersonator,impersonator
704,impersonator,impersonator,impersonator,impersonator,impersonator,impersonator,impersonator,mismatch,impersonator,impersonator,impersonator
705,impersonator,impersonator,impersonator,impersonator,impersonator,impersonator,impersonator,impersonator,impersonator,impersonator,impersonator
706,impersonator,impersonator,impersonator,impersonator,impersonator,impersonator,impersonator,impersonator,impersonator,impersonator,impersonator
707,impersonator,impersonator,impersonator,impersonator,impersonator,impersonator,impersonator,impersonator,impersonator,impersonator,impersonator
708,impersonator,impersonator,impersonator,impersonator,impersonator,impersonator,impersonator,impersonator,impersonator,impersonator,impersonator
709,impersonator,impersonator,impersonator,impersonator,impersonator,impersonator,impersonator,impersonator,impersonator,impersonator,impersonator
710,impersonator,impersonator,impersonator,impersonator,impersonator,impersonator,impersonator,impersonator,impersonator,impersonator,impersonator
711,impersonator,impersonator,impersonator,impersonator,impersonator,impersonator,impersonator,impersonator,impersonator,impersonator,impersonator
712,impersonator,impersonator,impersonator,impersonator,impersonator,impersonator,impersonator,impersonator,impersonator,impersonator,impersonator
713,impersonator,impersonator,impersonator,impersonator,impersonator,impersonator,impersonator,impersonator,impersonator,impersonator,impersonator
714,impersonator,impersonator,impersonator,impersonator,impersonator,impersonator,impersonator,impersonator,impersonator,impersonator,impersonator
715,impersonator,impersonator,impersonator,impersonator,impersonator,impersonator,impersonator,impersonator,impersonator,impersonator,impersonator
716,impersonator,impersonator,impersonator,impersonator,impersonator,impersonator,impersonator,impersonator,impersonator,impersonator,impersonator
717,impersonator,impersonator,impersonator,impersonator,impersonator,impersonator,impersonator,impersonator,impersonator,impersonator,impersonator
718,impersonator,impersonator,impersonator,impersonator,impersonator,impersonator,impersonator,impersonator,impersonator,impersonator,impersonator
719,impersonator,impersonator,impersonator,impersonator,impersonator,impersonator,impersonator,impersonator,impersonator,impersonator,impersonator
720,impersonator,impersonator,impersonator,impersonator,impersonator,impersonator,impersonator,impersonator,impersonator,impersonator,impersonator
721,impersonator,impersonator,impersonator,impersonator,impersonator,impersonator,impersonator,impersonator,impersonator,impersonator,impersonator
722,impersonator,impersonator,impersonator,impersonator,impersonator,impersonator,impersonator,impersonator,impersonator,impersonator,impersonator
723,impersonator,impersonator,impersonator,impersonator,impersonator,impersonator,impersonator,impersonator,impersonator,impersonator,impersonator
724,impersonator,impersonator,impersonator,impersonator,impersonator,impersonator,impersonator,impersonator,impersonator,impersonator,impersonator
725,impersonator,impersonator,impersonator,impersonator,impersonator,impersonator,impersonator,impersonator,impersonator,impersonator,impersonator
726,impersonator,impersonator,impersonator,impersonator,impersonator,impersonator,impersonator,impersonator,impersonator,impersonator,impersonator
727,impersonator,impersonator,impersonator,impersonator,impersonator,impersonator,impersonator,impersonator,impersonator,impersonator,impersonator
728,impersonator,impersonator,impersonator,impersonator,impersonator,impersonator,impersonator,impersonator,impersonator,impersonator,impersonator
729,impersonator,impersonator,impersonator,impersonator,impersonator,impersonator,impersonator,impersonator,impersonator,impersonator,impersonator
730,impersonator,impersonator,impersonator,impersonator,impersonator,impersonator,impersonator,impersonator,impersonator,impersonator,impersonator
731,impersonator,impersonator,impersonator,impersonator,impersonator,impersonator,impersonator,impersonator,impersonator,impersonator,impersonator
732,impersonator,impersonator,impersonator,impersonator,impersonator,impersonator,impersonator,impersonator,impersonator,impersonator,impersonator
733,impersonator,impersonator,impersonator,impersonator,impersonator,impersonator,impersonator,impersonator,impersonator,impersonator,impersonator
734,impersonator,impersonator,impersonator,impersonator,impersonator,impersonator,impersonator,impersonator,impersonator,impersonator,impersonator
735,impersonator,impersonator,impersonator,impersonator,impersonator,impersonator,impersonator,impersonator,impersonator,impersonator,impersonator
736,impersonator,impersonator,impersonator,impersonator,impersonator,impersonator,impersonator,impersonator,impersonator,impersonator,impersonator
737,impersonator,impersonator,impersonator,impersonator,impersonator,impersonator,impersonator,impersonator,impersonator,impersonator,impersonator
738,impersonator,impersonator,impersonator,impersonator,impersonator,impersonator,impersonator,impersonator,impersonator,impersonator,impersonator
739,impersonator,impersonator,impersonator,impersonator,impersonator,impersonator,impersonator,impersonator,impersonator,impersonator,impersonator
740,impersonator,impersonator,impersonator,impersonator,impersonator,impersonator,impersonator,impersonator,impersonator,impersonator,impersonator
741,impersonator,impersonator,impersonator,impersonator,impersonator,impersonator,impersonator,impersonator,impersonator,impersonator,impersonator
742,impersonator,impersonator,impersonator,impersonator,impersonator,impersonator,impersonator,impersonator,impersonator,impersonator,impersonator
743,impersonator,impersonator,impersonator,impersonator,impersonator,impersonator,impersonator,impersonator,impersonator,impersonator,impersonator
744,impersonator,impersonator,impersonator,impersonator,impersonator,impersonator,impersonator,impersonator,impersonator,impersonator,impersonator
745,impersonator,impersonator,impersonator,impersonator,impersonator,impersonator,impersonator,impersonator,impersonator,impersonator,impersonator
746,impersonator,impersonator,impersonator,impersonator,impersonator,impersonator,impersonator,impersonator,impersonator,impersonator,impersonator
747,impersonator,impersonator,impersonator,impersonator,impersonator,impersonator,impersonator,impersonator,impersonator,impersonator,impersonator
748,impersonator,impersonator,impersonator,impersonator,impersonator,impersonator,impersonator,impersonator,impersonator,impersonator,impersonator
749,impersonator,impersonator,impersonator,impersonator,impersonator,impersonator,impersonator,impersonator,impersonator,impersonator,impersonator
750,impersonator,impersonator,impersonator,impersonator,impersonator,impersonator,impersonator,impersonator,impersonator,impersonator,impersonator
751,impersonator,impersonator,impersonator,impersonator,impersonator,impersonator,impersonator,impersonator,impersonator,impersonator,impersonator
752,impersonator,impersonator,impersonator,impersonator,impersonator,impersonator,impersonator,impersonator,impersonator,impersonator,impersonator
753,impersonator,impersonator,impersonator,impersonator,impersonator,impersonator,impersonator,impersonator,impersonator,impersonator,impersonator
754,impersonator,impersonator,impersonator,impersonator,impersonator,impersonator,impersonator,impersonator,impersonator,impersonator,impersonator
755,impersonator,impersonator,impersonator,impersonator,impersonator,impersonator,impersonator,impersonator,impersonator,impersonator,impersonator
756,impersonator,impersonator,impersonator,impersonator,impersonator,impersonator,impersonator,impersonator,impersonator,impersonator,impersonator
757,impersonator,impersonator,impersonator,impersonator,impersonator,impersonator,impersonator,impersonator,impersonator,impersonator,impersonator
758,impersonator,impersonator,impersonator,impersonator,impersonator,impersonator,impersonator,impersonator,impersonator,impersonator,impersonator
759,impersonator,impersonator,impersonator,impersonator,impersonator,impersonator,impersonator,impersonator,impersonator,impersonator,impersonator
760,impersonator,impersonator,impersonator,impersonator,impersonator,impersonator,impersonator,impersonator,impersonator,impersonator,impersonator
761,impersonator,impersonator,impersonator,impersonator,impersonator,impersonator,impersonator,impersonator,impersonator,impersonator,impersonator
762,impersonator,impersonator,impersonator,impersonator,impersonator,impersonator,impersonator,impersonator,impersonator,impersonator,impersonator
763,impersonator,impersonator,impersonator,impersonator,impersonator,impersonator,impersonator,impersonator,impersonator,impersonator,impersonator
764,impersonator,impersonator,impersonator,impersonator,impersonator,impersonator,impersonator,impersonator,impersonator,impersonator,impersonator
765,impersonator,impersonator,impersonator,impersonator,impersonator,impersonator,impersonator,impersonator,impersonator,impersonator,impersonator
766,impersonator,impersonator,impersonator,impersonator,impersonator,impersonator,impersonator,impersonator,impersonator,impersonator,impersonator
767,impersonator,impersonator,impersonator,impersonator,impersonator,impersonator,impersonator,impersonator,impersonator,impersonator,impersonator
768,impersonator,impersonator,impersonator,impersonator,impersonator,impersonator,impersonator,impersonator,impersonator,impersonator,impersonator
769,impersonator,impersonator,impersonator,impersonator,impersonator,impersonator,impersonator,impersonator,impersonator,impersonator,impersonator
770,impersonator,impersonator,impersonator,impersonator,impersonator,impersonator,impersonator,impersonator,impersonator,impersonator,impersonator
771,impersonator,impersonator,impersonator,impersonator,impersonator,impersonator,impersonator,impersonator,impersonator,impersonator,impersonator
772,impersonator,impersonator,impersonator,impersonator,impersonator,impersonator,impersonator,impersonator,impersonator,impersonator,impersonator
773,impersonator,impersonator,impersonator,impersonator,impersonator,impersonator,impersonator,impersonator,impersonator,impersonator,impersonator
774,impersonator,impersonator,impersonator,impersonator,impersonator,impersonator,impersonator,impersonator,impersonator,impersonator,impersonator
775,impersonator,impersonator,impersonator,impersonator,impersonator,impersonator,impersonator,impersonator,impersonator,impersonator,impersonator
776,impersonator,impersonator,impersonator,impersonator,impersonator,impersonator,impersonator,impersonator,impersonator,impersonator,impersonator
777,impersonator,impersonator,impersonator,impersonator,impersonator,impersonator,impersonator,impersonator,impersonator,impersonator,impersonator
778,impersonator,impersonator,impersonator,impersonator,impersonator,impersonator,impersonator,impersonator,impersonator,impersonator,impersonator
779,impersonator,impersonator,impersonator,impersonator,impersonator,impersonator,impersonator,impersonator,impersonator,impersonator,impersonator
780,impersonator,impersonator,impersonator,impersonator,impersonator,impersonator,impersonator,impersonator,impersonator,impersonator,impersonator
781,impersonator,impersonator,impersonator,impersonator,impersonator,impersonator,impersonator,impersonator,impersonator,impersonator,impersonator
782,impersonator,impersonator,impersonator,impersonator,impersonator,impersonator,impersonator,impersonator,impersonator,impersonator,impersonator
783,impersonator,impersonator,impersonator,impersonator,impersonator,impersonator,impersonator,impersonator,impersonator,impersonator,impersonator
784,impersonator,impersonator,impersonator,impersonator,impersonator,impersonator,impersonator,impersonator,impersonator,impersonator,impersonator
785,impersonator,impersonator,impersonator,impersonator,impersonator,impersonator,impersonator,impersonator,impersonator,impersonator,impersonator
786,impersonator,impersonator,impersonator,impersonator,impersonator,impersonator,impersonator,impersonator,impersonator,impersonator,impersonator
787,impersonator,impersonator,impersonator,impersonator,impersonator,impersonator,impersonator,impersonator,impersonator,impersonator,impersonator
788,impersonator,impersonator,impersonator,impersonator,impersonator,impersonator,impersonator,impersonator,impersonator,impersonator,impersonator
789,impersonator,impersonator,impersonator,impersonator,impersonator,impersonator,impersonator,impersonator,impersonator,impersonator,impersonator
790,impersonator,impersonator,impersonator,impersonator,impersonator,impersonator,impersonator,impersonator,impersonator,impersonator,impersonator
791,impersonator,impersonator,impersonator,impersonator,impersonator,impersonator,impersonator,impersonator,impersonator,impersonator,impersonator
792,impersonator,impersonator,impersonator,impersonator,impersonator,impersonator,impersonator,impersonator,impersonator,impersonator,impersonator
793,impersonator,impersonator,impersonator,impersonator,impersonator,impersonator,impersonator,impersonator,impersonator,impersonator,impersonator
794,impersonator,impersonator,impersonator,impersonator,impersonator,impersonator,impersonator,impersonator,impersonator,impersonator,impersonator
795,impersonator,impersonator,impersonator,impersonator,impersonator,impersonator,impersonator,impersonator,impersonator,impersonator,impersonator
796,impersonator,impersonator,impersonator,impersonator,impersonator,impersonator,impersonator,impersonator,impersonator,impersonator,impersonator
797,impersonator,impersonator,impersonator,impersonator,impersonator,impersonator,impersonator,impersonator,impersonator,impersonator,impersonator
798,impersonator,impersonator,impersonator,impersonator,impersonator,impersonator,impersonator,impersonator,impersonator,impersonator,impersonator
799,impersonator,impersonator,impersonator,impersonator,impersonator,impersonator,impersonator,impersonator,impersonator,impersonator,impersonator
800,impersonator,impersonator,impersonator,impersonator,impersonator,impersonator,impersonator,impersonator,impersonator,impersonator,impersonator
801,impersonator,impersonator,impersonator,impersonator,impersonator,impersonator,impersonator,impersonator,impersonator,impersonator,impersonator
802,impersonator,impersonator,impersonator,impersonator,impersonator,impersonator,impersonator,impersonator,impersonator,impersonator,impersonator
803,impersonator,impersonator,impersonator,impersonator,impersonator,impersonator,impersonator,impersonator,impersonator,impersonator,impersonator
804,impersonator,impersonator,impersonator,impersonator,impersonator,impersonator,impersonator,impersonator,impersonator,impersonator,impersonator
805,impersonator,impersonator,impersonator,impersonator,impersonator,impersonator,impersonator,impersonator,impersonator,impersonator,impersonator
806,impersonator,impersonator,impersonator,impersonator,impersonator,impersonator,impersonator,impersonator,impersonator,impersonator,impersonator
807,impersonator,match,match,match,impersonator,match,match,match,match,match,match
808,impersonator,match,match,match,match,match,match,match,impersonator,match,impersonator
809,impersonator,match,match,match,match,match,match,match,match,match,match
810,impersonator,match,match,match,match,impersonator,impersonator,match,match,match,match
811,impersonator,match,match,match,match,match,match,match,match,match,match
812,impersonator,match,match,impersonator,impersonator,impersonator,match,match,match,impersonator,match
813,impersonator,match,match,match,match,mismatch,match,match,match,match,match
814,impersonator,match,match,match,match,impersonator,match,match,match,match,match
815,impersonator,match,match,match,match,match,match,match,match,match,match
816,impersonator,match,match,match,match,match,match,match,match,impersonator,match
817,impersonator,match,match,match,match,match,match,match,match,match,match
818,impersonator,impersonator,impersonator,match,match,match,match,match,match,match,match
819,impersonator,match,match,match,match,match,match,match,match,match,match
820,impersonator,mismatch,match,match,match,match,match,match,impersonator,match,match
821,impersonator,match,match,match,match,match,match,match,match,mismatch,match
822,impersonator,impersonator,match,match,match,match,match,match,match,match,match
823,impersonator,match,match,match,match,match,match,match,match,match,match
824,impersonator,match,match,impersonator,match,match,match,match,match,match,impersonator
825,impersonator,match,match,match,match,match,match,match,match,impersonator,match
826,impersonator,match,match,match,match,match,match,impersonator,match,match,match
827,impersonator,match,match,match,impersonator,match,match,match,match,match,match
828,impersonator,match,match,impersonator,match,match,match,match,match,match,match
829,impersonator,impersonator,match,impersonator,match,mismatch,match,match,match,match,match
830,impersonator,match,match,impersonator,match,mismatch,match,match,match,match,match
831,impersonator,match,impersonator,match,match,match,match,match,match,match,match
832,impersonator,match,match,match,match,match,match,match,match,match,match
833,impersonator,match,match,match,match,match,match,match,match,match,match
834,impersonator,match,match,impersonator,match,mismatch,match,mismatch,match,match,match
835,impersonator,match,match,match,match,impersonator,match,match,match,match,match
836,impersonator,match,match,match,match,match,match,match,match,match,match
837,impersonator,match,match,match,match,match,match,match,impersonator,mismatch,match
838,impersonator,match,match,match,match,match,match,match,match,match,match
839,impersonator,match,match,impersonator,match,match,impersonator,match,match,match,match
840,impersonator,match,match,match,match,impersonator,match,match,impersonator,match,impersonator
841,impersonator,match,impersonator,impersonator,match,match,match,match,match,match,impersonator
842,impersonator,match,impersonator,match,match,match,match,match,match,match,match
843,impersonator,match,match,match,match,match,match,match,impersonator,match,match
844,impersonator,match,match,match,match,match,match,match,match,match,match
845,impersonator,match,impersonator,match,impersonator,match,mismatch,match,match,match,match
846,impersonator,match,match,match,match,match,match,match,match,match,impersonator
847,impersonator,match,match,match,impersonator,match,match,match,impersonator,match,match
848,impersonator,match,match,match,match,impersonator,match,match,match,match,match
849,impersonator,match,match,match,match,match,match,match,impersonator,match,match
850,impersonator,match,match,match,match,mismatch,mismatch,match,match,match,match
851,impersonator,match,match,match,match,match,match,match,match,match,impersonator
852,impersonator,match,match,match,match,match,match,match,match,match,match
853,impersonator,match,match,match,match,match,match,match,match,impersonator,match
854,impersonator,match,match,match,match,match,match,match,match,match,match
855,impersonator,match,impersonator,match,impersonator,match,match,impersonator,match,match,match
856,impersonator,match,match,match,match,match,match,match,match,match,match
857,impersonator,match,match,match,match,match,match,match,match,match,match
858,impersonator,match,match,match,match,match,match,match,impersonator,match,impersonator
859,impersonator,impersonator,impersonator,impersonator,impersonator,impersonator,impersonator,impersonator,impersonator,impersonator,impersonator
860,impersonator,impersonator,impersonator,impersonator,impersonator,impersonator,impersonator,impersonator,impersonator,impersonator,impersonator
861,impersonator,impersonator,impersonator,impersonator,impersonator,impersonator,impersonator,impersonator,impersonator,impersonator,impersonator
862,impersonator,impersonator,impersonator,impersonator,impersonator,impersonator,impersonator,impersonator,impersonator,impersonator,impersonator
863,impersonator,impersonator,impersonator,impersonator,impersonator,impersonator,impersonator,impersonator,impersonator,impersonator,impersonator
864,impersonator,impersonator,impersonator,impersonator,impersonator,impersonator,impersonator,impersonator,impersonator,impersonator,impersonator
865,impersonator,impersonator,impersonator,impersonator,impersonator,impersonator,impersonator,impersonator,impersonator,impersonator,impersonator
866,impersonator,impersonator,impersonator,impersonator,impersonator,impersonator,impersonator,impersonator,impersonator,impersonator,impersonator
867,impersonator,impersonator,impersonator,impersonator,impersonator,impersonator,impersonator,impersonator,impersonator,impersonator,impersonator
868,impersonator,impersonator,impersonator,impersonator,impersonator,impersonator,impersonator,impersonator,impersonator,impersonator,impersonator
869,impersonator,impersonator,impersonator,impersonator,impersonator,impersonator,impersonator,impersonator,impersonator,impersonator,impersonator
870,impersonator,impersonator,impersonator,impersonator,impersonator,impersonator,impersonator,impersonator,impersonator,impersonator,impersonator
871,impersonator,impersonator,impersonator,impersonator,impersonator,impersonator,impersonator,impersonator,impersonator,impersonator,impersonator
872,impersonator,impersonator,impersonator,impersonator,impersonator,impersonator,impersonator,impersonator,impersonator,impersonator,impersonator
873,impersonator,impersonator,impersonator,impersonator,impersonator,impersonator,impersonator,impersonator,impersonator,impersonator,impersonator
874,impersonator,impersonator,impersonator,impersonator,impersonator,impersonator,impersonator,impersonator,impersonator,impersonator,impersonator
875,impersonator,impersonator,impersonator,impersonator,impersonator,impersonator,impersonator,impersonator,impersonator,impersonator,impersonator
876,impersonator,impersonator,impersonator,impersonator,impersonator,impersonator,impersonator,impersonator,impersonator,impersonator,impersonator
877,impersonator,impersonator,impersonator,impersonator,impersonator,impersonator,impersonator,impersonator,impersonator,impersonator,impersonator
878,impersonator,impersonator,impersonator,impersonator,impersonator,impersonator,impersonator,impersonator,impersonator,impersonator,impersonator
879,impersonator,impersonator,impersonator,impersonator,impersonator,impersonator,impersonator,impersonator,impersonator,impersonator,impersonator
880,impersonator,impersonator,impersonator,impersonator,impersonator,impersonator,impersonator,impersonator,impersonator,impersonator,impersonator
881,impersonator,impersonator,impersonator,impersonator,impersonator,impersonator,impersonator,impersonator,impersonator,impersonator,impersonator
882,impersonator,impersonator,impersonator,impersonator,impersonator,impersonator,impersonator,impersonator,impersonator,impersonator,impersonator
883,impersonator,impersonator,impersonator,impersonator,impersonator,impersonator,impersonator,impersonator,impersonator,impersonator,impersonator
884,impersonator,impersonator,impersonator,impersonator,impersonator,impersonator,impersonator,impersonator,impersonator,impersonator,impersonator
885,impersonator,impersonator,impersonator,impersonator,impersonator,impersonator,impersonator,impersonator,impersonator,impersonator,impersonator
886,impersonator,impersonator,impersonator,impersonator,impersonator,impersonator,impersonator,impersonator,impersonator,impersonator,impersonator
887,impersonator,impersonator,impersonator,impersonator,impersonator,impersonator,impersonator,impersonator,impersonator,impersonator,impersonator
888,impersonator,impersonator,impersonator,impersonator,impersonator,impersonator,impersonator,impersonator,impersonator,impersonator,impersonator
889,impersonator,impersonator,impersonator,impersonator,impersonator,impersonator,impersonator,impersonator,impersonator,impersonator,impersonator
890,impersonator,impersonator,impersonator,impersonator,impersonator,impersonator,impersonator,impersonator,impersonator,impersonator,impersonator
891,impersonator,impersonator,impersonator,impersonator,impersonator,impersonator,impersonator,impersonator,impersonator,impersonator,impersonator
892,impersonator,impersonator,impersonator,impersonator,impersonator,impersonator,impersonator,impersonator,impersonator,impersonator,impersonator
893,impersonator,impersonator,impersonator,impersonator,impersonator,impersonator,impersonator,impersonator,impersonator,impersonator,impersonator
894,impersonator,impersonator,impersonator,impersonator,impersonator,impersonator,impersonator,impersonator,impersonator,impersonator,impersonator
895,impersonator,impersonator,impersonator,impersonator,impersonator,impersonator,impersonator,impersonator,impersonator,impersonator,impersonator
896,impersonator,impersonator,impersonator,impersonator,impersonator,impersonator,impersonator,impersonator,impersonator,impersonator,impersonator
897,impersonator,impersonator,impersonator,impersonator,impersonator,impersonator,impersonator,impersonator,impersonator,impersonator,impersonator
898,impersonator,impersonator,impersonator,impersonator,impersonator,impersonator,impersonator,impersonator,impersonator,impersonator,impersonator
899,impersonator,impersonator,impersonator,impersonator,impersonator,impersonator,impersonator,impersonator,impersonator,impersonator,impersonator
900,impersonator,impersonator,impersonator,impersonator,impersonator,impersonator,impersonator,impersonator,impersonator,impersonator,impersonator
901,impersonator,impersonator,impersonator,impersonator,impersonator,impersonator,impersonator,impersonator,impersonator,impersonator,impersonator
902,impersonator,impersonator,impersonator,impersonator,impersonator,impersonator,impersonator,impersonator,impersonator,impersonator,impersonator
903,impersonator,impersonator,impersonator,impersonator,impersonator,impersonator,impersonator,impersonator,impersonator,impersonator,impersonator
904,impersonator,impersonator,impersonator,impersonator,impersonator,impersonator,impersonator,impersonator,impersonator,impersonator,impersonator
905,impersonator,impersonator,impersonator,impersonator,impersonator,impersonator,impersonator,impersonator,impersonator,impersonator,impersonator
906,impersonator,impersonator,impersonator,impersonator,impersonator,impersonator,impersonator,impersonator,impersonator,impersonator,impersonator
907,impersonator,impersonator,impersonator,impersonator,impersonator,impersonator,impersonator,impersonator,impersonator,impersonator,impersonator
908,impersonator,impersonator,impersonator,impersonator,impersonator,impersonator,impersonator,impersonator,impersonator,impersonator,impersonator
909,impersonator,impersonator,impersonator,impersonator,impersonator,impersonator,impersonator,impersonator,impersonator,impersonator,impersonator
910,impersonator,impersonator,impersonator,impersonator,impersonator,impersonator,impersonator,impersonator,impersonator,impersonator,impersonator
911,impersonator,impersonator,impersonator,impersonator,impersonator,impersonator,impersonator,impersonator,impersonator,impersonator,impersonator
912,impersonator,impersonator,impersonator,impersonator,impersonator,impersonator,impersonator,impersonator,impersonator,impersonator,impersonator
913,impersonator,impersonator,impersonator,impersonator,impersonator,impersonator,impersonator,impersonator,impersonator,impersonator,impersonator
914,impersonator,impersonator,impersonator,impersonator,impersonator,impersonator,impersonator,impersonator,impersonator,impersonator,impersonator
915,impersonator,impersonator,impersonator,impersonator,impersonator,impersonator,impersonator,impersonator,impersonator,impersonator,impersonator
916,impersonator,impersonator,impersonator,match,impersonator,impersonator,mismatch,impersonator,match,impersonator,impersonator
917,impersonator,impersonator,impersonator,impersonator,match,impersonator,impersonator,impersonator,impersonator,impersonator,impersonator
918,impersonator,impersonator,impersonator,impersonator,impersonator,impersonator,impersonator,impersonator,impersonator,impersonator,impersonator
919,impersonator,impersonator,impersonator,impersonator,mismatch,impersonator,impersonator,impersonator,impersonator,impersonator,impersonator
920,impersonator,impersonator,impersonator,impersonator,impersonator,impersonator,impersonator,impersonator,impersonator,impersonator,impersonator
921,impersonator,impersonator,impersonator,impersonator,impersonator,impersonator,impersonator,impersonator,impersonator,impersonator,impersonator
922,impersonator,impersonator,impersonator,impersonator,impersonator,impersonator,match,impersonator,impersonator,impersonator,impersonator
923,impersonator,impersonator,impersonator,impersonator,impersonator,impersonator,impersonator,impersonator,impersonator,impersonator,impersonator
924,impersonator,impersonator,impersonator,impersonator,mismatch,impersonator,impersonator,impersonator,impersonator,impersonator,impersonator
925,impersonator,impersonator,impersonator,impersonator,impersonator,impersonator,impersonator,impersonator,impersonator,match,impersonator
926,impersonator,impersonator,mismatch,impersonator,impersonator,impersonator,impersonator,impersonator,impersonator,impersonator,impersonator
927,impersonator,impersonator,impersonator,impersonator,impersonator,impersonator,mismatch,impersonator,impersonator,impersonator,impersonator
928,impersonator,mismatch,impersonator,impersonator,impersonator,impersonator,impersonator,impersonator,impersonator,impersonator,impersonator
929,impersonator,impersonator,impersonator,impersonator,impersonator,impersonator,impersonator,match,impersonator,impersonator,impersonator
930,impersonator,impersonator,match,match,impersonator,impersonator,impersonator,impersonator,impersonator,impersonator,impersonator
931,impersonator,impersonator,impersonator,impersonator,impersonator,impersonator,impersonator,impersonator,impersonator,impersonator,impersonator
932,impersonator,impersonator,impersonator,impersonator,impersonator,impersonator,impersonator,impersonator,impersonator,impersonator,impersonator
933,impersonator,impersonator,mismatch,impersonator,impersonator,impersonator,impersonator,impersonator,impersonator,impersonator,impersonator
934,impersonator,impersonator,impersonator,impersonator,mismatch,impersonator,impersonator,impersonator,impersonator,impersonator,impersonator
935,impersonator,impersonator,mismatch,mismatch,impersonator,impersonator,match,impersonator,impersonator,impersonator,impersonator
936,impersonator,impersonator,impersonator,impersonator,impersonator,impersonator,impersonator,impersonator,impersonator,impersonator,impersonator
937,impersonator,impersonator,impersonator,impersonator,impersonator,match,impersonator,impersonator,impersonator,impersonator,impersonator
938,impersonator,impersonator,impersonator,impersonator,impersonator,impersonator,impersonator,impersonator,impersonator,impersonator,impersonator
939,impersonator,impersonator,impersonator,impersonator,impersonator,impersonator,impersonator,match,impersonator,impersonator,impersonator
940,impersonator,impersonator,impersonator,impersonator,impersonator,impersonator,impersonator,mismatch,impersonator,impersonator,impersonator
941,impersonator,match,impersonator,impersonator,impersonator,impersonator,impersonator,impersonator,impersonator,impersonator,impersonator
942,impersonator,impersonator,impersonator,impersonator,impersonator,impersonator,mismatch,impersonator,impersonator,impersonator,impersonator
943,impersonator,impersonator,impersonator,impersonator,impersonator,impersonator,impersonator,impersonator,impersonator,impersonator,impersonator
944,impersonator,impersonator,impersonator,impersonator,impersonator,impersonator,impersonator,impersonator,impersonator,impersonator,impersonator
945,impersonator,impersonator,impersonator,impersonator,impersonator,impersonator,impersonator,impersonator,impersonator,impersonator,impersonator
946,impersonator,match,impersonator,impersonator,mismatch,impersonator,impersonator,impersonator,impersonator,match,impersonator
947,impersonator,impersonator,impersonator,impersonator,impersonator,impersonator,impersonator,impersonator,impersonator,match,impersonator
948,impersonator,impersonator,impersonator,impersonator,impersonator,impersonator,impersonator,match,impersonator,impersonator,impersonator
949,impersonator,impersonator,impersonator,impersonator,impersonator,impersonator,impersonator,impersonator,impersonator,impersonator,impersonator
950,impersonator,impersonator,impersonator,impersonator,impersonator,match,match,impersonator,impersonator,impersonator,impersonator
951,impersonator,impersonator,impersonator,impersonator,impersonator,impersonator,impersonator,impersonator,impersonator,impersonator,impersonator
952,impersonator,impersonator,impersonator,impersonator,impersonator,impersonator,impersonator,impersonator,impersonator,impersonator,impersonator
953,impersonator,impersonator,impersonator,impersonator,impersonator,impersonator,impersonator,match,impersonator,impersonator,impersonator
954,impersonator,impersonator,impersonator,impersonator,impersonator,impersonator,impersonator,impersonator,impersonator,impersonator,impersonator
955,impersonator,impersonator,impersonator,impersonator,impersonator,impersonator,impersonator,impersonator,impersonator,impersonator,impersonator
956,impersonator,match,impersonator,impersonator,impersonator,impersonator,impersonator,mismatch,impersonator,impersonator,impersonator
957,impersonator,impersonator,impersonator,impersonator,impersonator,impersonator,impersonator,impersonator,match,mismatch,impersonator
958,impersonator,impersonator,impersonator,impersonator,impersonator,impersonator,impersonator,impersonator,impersonator,impersonator,impersonator
959,impersonator,impersonator,impersonator,match,impersonator,impersonator,impersonator,impersonator,impersonator,impersonator,impersonator
960,impersonator,impersonator,impersonator,impersonator,impersonator,impersonator,impersonator,impersonator,impersonator,impersonator,impersonator
961,impersonator,impersonator,impersonator,impersonator,impersonator,impersonator,impersonator,impersonator,impersonator,impersonator,impersonator
962,impersonator,impersonator,match,impersonator,impersonator,impersonator,impersonator,impersonator,impersonator,impersonator,impersonator
963,impersonator,impersonator,mismatch,impersonator,impersonator,impersonator,impersonator,impersonator,impersonator,impersonator,impersonator
964,impersonator,match,impersonator,impersonator,impersonator,impersonator,impersonator,match,impersonator,impersonator,impersonator
965,impersonator,impersonator,impersonator,impersonator,impersonator,impersonator,mismatch,impersonator,impersonator,impersonator,impersonator
966,impersonator,impersonator,impersonator,impersonator,impersonator,impersonator,mismatch,impersonator,impersonator,impersonator,impersonator
967,impersonator,impersonator,match,impersonator,impersonator,impersonator,impersonator,impersonator,impersonator,impersonator,impersonator
968,impersonator,impersonator,impersonator,impersonator,match,impersonator,impersonator,impersonator,impersonator,impersonator,impersonator
969,impersonator,mismatch,impersonator,impersonator,impersonator,impersonator,match,impersonator,impersonator,impersonator,impersonator
970,impersonator,impersonator,impersonator,impersonator,impersonator,impersonator,impersonator,match,impersonator,match,impersonator
971,impersonator,impersonator,impersonator,impersonator,match,impersonator,match,impersonator,impersonator,impersonator,impersonator
972,impersonator,impersonator,impersonator,impersonator,impersonator,match,impersonator,mismatch,impersonator,impersonator,impersonator
973,impersonator,impersonator,impersonator,impersonator,mismatch,match,match,impersonator,impersonator,impersonator,impersonator
974,impersonator,match,impersonator,impersonator,impersonator,impersonator,impersonator,impersonator,impersonator,impersonator,impersonator
975,impersonator,match,impersonator,impersonator,impersonator,impersonator,impersonator,impersonator,impersonator,impersonator,impersonator
976,impersonator,impersonator,impersonator,impersonator,impersonator,impersonator,impersonator,impersonator,impersonator,impersonator,impersonator
977,impersonator,impersonator,impersonator,match,impersonator,impersonator,impersonator,impersonator,impersonator,impersonator,impersonator
978,impersonator,impersonator,impersonator,impersonator,impersonator,impersonator,mismatch,impersonator,impersonator,impersonator,impersonator
979,impersonator,impersonator,impersonator,impersonator,impersonator,match,impersonator,impersonator,impersonator,impersonator,impersonator
980,impersonator,impersonator,impersonator,impersonator,match,impersonator,mismatch,mismatch,impersonator,impersonator,impersonator
981,impersonator,impersonator,impersonator,impersonator,impersonator,impersonator,impersonator,impersonator,impersonator,impersonator,impersonator
982,impersonator,impersonator,impersonator,impersonator,impersonator,impersonator,impersonator,match,mismatch,impersonator,match
983,impersonator,impersonator,impersonator,impersonator,impersonator,impersonator,impersonator,impersonator,impersonator,impersonator,impersonator
984,impersonator,impersonator,impersonator,impersonator,impersonator,impersonator,impersonator,impersonator,impersonator,impersonator,impersonator
985,impersonator,impersonator,impersonator,impersonator,impersonator,impersonator,impersonator,impersonator,impersonator,impersonator,impersonator
986,impersonator,impersonator,impersonator,impersonator,impersonator,impersonator,impersonator,impersonator,impersonator,impersonator,impersonator
987,impersonator,impersonator,impersonator,impersonator,impersonator,impersonator,impersonator,mismatch,impersonator,match,impersonator
988,impersonator,impersonator,impersonator,impersonator,impersonator,impersonator,impersonator,impersonator,impersonator,impersonator,impersonator
989,impersonator,impersonator,impersonator,impersonator,impersonator,impersonator,impersonator,impersonator,match,impersonator,impersonator
990,impersonator,impersonator,impersonator,impersonator,impersonator,impersonator,mismatch,match,match,match,mismatch
991,impersonator,impersonator,impersonator,impersonator,impersonator,impersonator,impersonator,impersonator,mismatch,impersonator,impersonator
992,impersonator,impersonator,impersonator,impersonator,impersonator,impersonator,impersonator,impersonator,impersonator,impersonator,impersonator
993,impersonator,impersonator,impersonator,impersonator,impersonator,impersonator,impersonator,impersonator,impersonator,mismatch,mismatch
994,impersonator,impersonator,impersonator,impersonator,impersonator,impersonator,impersonator,impersonator,impersonator,impersonator,impersonator
995,impersonator,match,impersonator,impersonator,impersonator,impersonator,impersonator,impersonator,impersonator,impersonator,impersonator
996,impersonator,impersonator,impersonator,impersonator,impersonator,impersonator,impersonator,impersonator,impersonator,impersonator,mismatch
997,impersonator,impersonator,impersonator,impersonator,impersonator,impersonator,impersonator,impersonator,mismatch,impersonator,impersonator
998,impersonator,impersonator,impersonator,impersonator,impersonator,impersonator,impersonator,impersonator,impersonator,impersonator,impersonator
999,impersonator,impersonator,impersonator,impersonator,impersonator,impersonator,match,impersonator,impersonator,impersonator,impersonator
1000,impersonator,impersonator,impersonator,impersonator,impersonator,impersonator,impersonator,match,impersonator,impersonator,impersonator
1001,impersonator,impersonator,match,impersonator,impersonator,impersonator,impersonator,impersonator,impersonator,impersonator,impersonator
1002,impersonator,impersonator,impersonator,impersonator,impersonator,impersonator,impersonator,impersonator,match,impersonator,mismatch
1003,impersonator,impersonator,match,impersonator,impersonator,impersonator,impersonator,impersonator,impersonator,impersonator,impersonator
1004,impersonator,match,impersonator,impersonator,impersonator,impersonator,impersonator,match,impersonator,impersonator,match
1005,impersonator,impersonator,impersonator,impersonator,impersonator,impersonator,impersonator,match,impersonator,impersonator,impersonator
1006,impersonator,impersonator,impersonator,impersonator,impersonator,impersonator,impersonator,impersonator,impersonator,impersonator,impersonator
1007,impersonator,impersonator,impersonator,impersonator,impersonator,impersonator,impersonator,impersonator,impersonator,impersonator,impersonator
1008,impersonator,impersonator,impersonator,impersonator,impersonator,impersonator,impersonator,impersonator,impersonator,impersonator,impersonator
1009,impersonator,impersonator,impersonator,impersonator,impersonator,impersonator,match,match,impersonator,impersonator,impersonator
1010,impersonator,mismatch,impersonator,impersonator,impersonator,mismatch,impersonator,impersonator,impersonator,impersonator,mismatch
1011,impersonator,impersonator,impersonator,impersonator,impersonator,impersonator,impersonator,impersonator,match,impersonator,mismatch
1012,impersonator,impersonator,impersonator,impersonator,impersonator,impersonator,impersonator,impersonator,impersonator,impersonator,impersonator
1013,impersonator,impersonator,impersonator,impersonator,impersonator,impersonator,impersonator,impersonator,impersonator,impersonator,impersonator
1014,impersonator,impersonator,impersonator,impersonator,impersonator,impersonator,impersonator,impersonator,impersonator,impersonator,impersonator
1015,impersonator,impersonator,impersonator,impersonator,impersonator,impersonator,impersonator,impersonator,impersonator,impersonator,impersonator
1016,impersonator,impersonator,impersonator,impersonator,impersonator,impersonator,impersonator,impersonator,match,match,impersonator
1017,impersonator,impersonator,impersonator,impersonator,impersonator,impersonator,impersonator,impersonator,impersonator,impersonator,match
1018,impersonator,impersonator,impersonator,impersonator,impersonator,impersonator,impersonator,match,impersonator,impersonator,impersonator
1019,impersonator,impersonator,match,impersonator,mismatch,impersonator,impersonator,impersonator,impersonator,impersonator,impersonator
1020,impersonator,impersonator,impersonator,impersonator,impersonator,impersonator,impersonator,impersonator,impersonator,impersonator,impersonator
1021,impersonator,impersonator,impersonator,impersonator,impersonator,impersonator,impersonator,impersonator,match,impersonator,impersonator
1022,impersonator,impersonator,match,impersonator,impersonator,impersonator,impersonator,impersonator,impersonator,impersonator,impersonator
1023,impersonator,impersonator,impersonator,impersonator,impersonator,impersonator,impersonator,impersonator,impersonator,impersonator,impersonator
1024,impersonator,impersonator,impersonator,impersonator,mismatch,impersonator,impersonator,impersonator,impersonator,impersonator,impersonator
1025,impersonator,impersonator,impersonator,mismatch,impersonator,impersonator,impersonator,impersonator,impersonator,impersonator,impersonator
1026,impersonator,impersonator,impersonator,impersonator,impersonator,match,impersonator,impersonator,impersonator,impersonator,impersonator
1027,impersonator,impersonator,impersonator,impersonator,impersonator,impersonator,impersonator,impersonator,impersonator,impersonator,impersonator
1028,impersonator,impersonator,impersonator,impersonator,match,impersonator,impersonator,impersonator,impersonator,impersonator,impersonator
1029,impersonator,impersonator,impersonator,impersonator,match,impersonator,impersonator,impersonator,match,impersonator,impersonator
1030,impersonator,impersonator,impersonator,impersonator,impersonator,impersonator,match,impersonator,impersonator,impersonator,impersonator
1031,impersonator,impersonator,impersonator,impersonator,impersonator,impersonator,match,match,mismatch,impersonator,impersonator
1032,impersonator,impersonator,impersonator,impersonator,impersonator,impersonator,impersonator,impersonator,impersonator,impersonator,impersonator
1033,impersonator,impersonator,match,impersonator,impersonator,impersonator,impersonator,impersonator,impersonator,impersonator,impersonator
1034,impersonator,impersonator,impersonator,impersonator,impersonator,impersonator,impersonator,impersonator,impersonator,impersonator,impersonator
1035,impersonator,mismatch,impersonator,impersonator,impersonator,impersonator,impersonator,impersonator,impersonator,impersonator,impersonator
1036,impersonator,impersonator,impersonator,match,impersonator,mismatch,mismatch,impersonator,match,impersonator,impersonator
1037,impersonator,impersonator,impersonator,impersonator,match,impersonator,impersonator,impersonator,impersonator,impersonator,impersonator
1038,impersonator,match,match,match,match,match,match,match,match,match,match
1039,impersonator,match,match,match,match,match,match,match,match,match,match
1040,impersonator,match,match,match,match,match,match,match,match,match,match
1041,impersonator,match,match,match,match,match,match,match,match,match,match
1042,impersonator,match,match,match,match,match,match,match,match,match,match
1043,impersonator,match,match,match,match,match,match,match,match,match,match
1044,impersonator,match,match,match,match,match,match,match,match,match,match
1045,impersonator,match,match,match,match,match,match,mismatch,match,match,match
1046,impersonator,match,match,impersonator,match,match,match,match,match,match,match
1047,impersonator,match,match,match,match,match,match,mismatch,match,match,match
1048,impersonator,match,match,match,match,match,match,match,match,match,match
1049,impersonator,match,match,match,match,match,match,match,match,match,match
1050,impersonator,impersonator,match,match,match,match,match,match,match,match,match
1051,impersonator,match,match,match,match,match,match,match,match,match,match
1052,impersonator,match,match,match,match,match,match,match,match,match,match
1053,impersonator,match,match,match,match,match,match,match,match,match,match
1054,impersonator,match,match,match,match,match,match,match,match,match,match
1055,impersonator,match,match,match,match,match,match,match,match,match,match
1056,impersonator,match,match,match,match,match,match,match,match,match,match
1057,impersonator,match,match,match,match,match,match,match,match,match,match
1058,impersonator,match,match,match,match,match,match,match,match,match,match
1059,impersonator,match,match,match,match,match,match,match,match,match,match
1060,impersonator,match,match,match,match,match,match,match,match,match,match
1061,impersonator,match,match,match,match,match,match,match,match,match,match
1062,impersonator,match,match,match,match,match,match,match,match,match,match
1063,impersonator,match,match,match,match,match,match,match,match,match,match
1064,impersonator,mismatch,match,match,match,match,match,match,match,match,match
1065,impersonator,match,match,match,match,match,match,match,match,match,match
1066,impersonator,match,match,match,match,match,match,match,match,match,match
1067,impersonator,match,match,match,match,match,match,match,match,match,match
1068,impersonator,match,match,match,match,match,match,match,match,match,match
1069,impersonator,match,match,match,match,match,match,match,match,match,match
1070,impersonator,match,match,match,match,match,match,match,match,match,match
1071,impersonator,match,match,match,match,match,match,match,match,match,match
1072,impersonator,match,match,match,match,match,match,match,match,match,mismatch
1073,impersonator,match,match,match,match,match,match,match,match,match,match
1074,impersonator,match,match,match,match,match,match,match,match,match,match
1075,impersonator,match,match,match,match,match,match,match,match,impersonator,match
1076,impersonator,match,match,match,match,match,match,match,match,match,match
1077,impersonator,match,match,match,match,match,match,match,match,match,match
1078,impersonator,match,match,match,match,match,match,match,match,match,match
1079,impersonator,match,match,match,match,match,match,match,match,match,match
1080,impersonator,match,match,match,match,match,match,match,match,match,match
1081,impersonator,match,match,match,match,match,match,match,match,match,match
1082,impersonator,match,match,match,match,match,match,match,match,match,match
1083,impersonator,match,match,match,match,match,match,impersonator,match,match,match
1084,impersonator,match,match,match,match,match,match,match,match,match,match
1085,impersonator,match,match,match,match,match,match,match,match,match,match
1086,impersonator,match,match,match,match,match,match,match,impersonator,impersonator,impersonator
1087,impersonator,impersonator,impersonator,impersonator,impersonator,impersonator,impersonator,impersonator,impersonator,impersonator,impersonator
1088,impersonator,impersonator,impersonator,impersonator,impersonator,impersonator,impersonator,impersonator,impersonator,impersonator,impersonator
1089,impersonator,impersonator,impersonator,impersonator,impersonator,impersonator,impersonator,impersonator,impersonator,impersonator,impersonator
1090,impersonator,impersonator,impersonator,impersonator,impersonator,impersonator,impersonator,impersonator,impersonator,impersonator,impersonator
1091,impersonator,impersonator,impersonator,impersonator,impersonator,impersonator,impersonator,impersonator,impersonator,impersonator,impersonator
1092,impersonator,impersonator,impersonator,impersonator,impersonator,impersonator,impersonator,impersonator,impersonator,impersonator,impersonator
1093,impersonator,impersonator,impersonator,impersonator,impersonator,impersonator,impersonator,impersonator,impersonator,impersonator,impersonator
1094,impersonator,impersonator,impersonator,impersonator,impersonator,impersonator,impersonator,impersonator,impersonator,impersonator,impersonator
1095,impersonator,impersonator,impersonator,impersonator,impersonator,impersonator,impersonator,impersonator,impersonator,impersonator,impersonator
1096,impersonator,impersonator,impersonator,impersonator,impersonator,impersonator,impersonator,impersonator,impersonator,impersonator,impersonator
1097,impersonator,impersonator,impersonator,impersonator,impersonator,impersonator,impersonator,impersonator,impersonator,impersonator,impersonator
1098,impersonator,impersonator,impersonator,impersonator,impersonator,impersonator,impersonator,impersonator,impersonator,impersonator,impersonator
1099,impersonator,impersonator,impersonator,impersonator,impersonator,impersonator,impersonator,impersonator,impersonator,impersonator,impersonator
1100,impersonator,impersonator,impersonator,impersonator,impersonator,impersonator,impersonator,impersonator,impersonator,impersonator,impersonator
1101,impersonator,impersonator,impersonator,impersonator,impersonator,impersonator,impersonator,impersonator,impersonator,impersonator,impersonator
1102,impersonator,impersonator,impersonator,impersonator,impersonator,impersonator,impersonator,impersonator,impersonator,impersonator,impersonator
1103,impersonator,impersonator,impersonator,impersonator,impersonator,impersonator,impersonator,impersonator,impersonator,impersonator,impersonator
1104,impersonator,impersonator,impersonator,impersonator,impersonator,impersonator,impersonator,impersonator,impersonator,impersonator,impersonator
1105,impersonator,impersonator,impersonator,impersonator,impersonator,impersonator,impersonator,impersonator,impersonator,impersonator,impersonator
1106,impersonator,impersonator,impersonator,impersonator,impersonator,impersonator,impersonator,impersonator,impersonator,impersonator,impersonator
1107,impersonator,impersonator,impersonator,impersonator,impersonator,impersonator,impersonator,impersonator,impersonator,impersonator,impersonator
1108,impersonator,impersonator,impersonator,impersonator,impersonator,impersonator,impersonator,impersonator,impersonator,impersonator,impersonator
1109,impersonator,impersonator,impersonator,impersonator,impersonator,impersonator,impersonator,impersonator,impersonator,impersonator,impersonator
1110,impersonator,impersonator,impersonator,impersonator,impersonator,impersonator,impersonator,impersonator,impersonator,impersonator,impersonator
1111,impersonator,impersonator,impersonator,impersonator,impersonator,impersonator,impersonator,impersonator,impersonator,impersonator,impersonator
1112,impersonator,impersonator,impersonator,impersonator,impersonator,impersonator,impersonator,impersonator,impersonator,impersonator,impersonator
1113,impersonator,impersonator,impersonator,impersonator,impersonator,impersonator,impersonator,impersonator,impersonator,impersonator,impersonator
1114,impersonator,impersonator,impersonator,impersonator,impersonator,impersonator,impersonator,impersonator,impersonator,impersonator,impersonator
1115,impersonator,impersonator,impersonator,impersonator,impersonator,impersonator,impersonator,impersonator,impersonator,impersonator,impersonator
1116,impersonator,impersonator,impersonator,impersonator,impersonator,impersonator,impersonator,impersonator,impersonator,impersonator,impersonator
1117,impersonator,impersonator,impersonator,impersonator,impersonator,impersonator,impersonator,impersonator,impersonator,impersonator,impersonator
1118,impersonator,impersonator,impersonator,impersonator,impersonator,impersonator,impersonator,impersonator,impersonator,impersonator,impersonator
1119,impersonator,impersonator,impersonator,impersonator,impersonator,impersonator,impersonator,impersonator,impersonator,impersonator,impersonator
1120,impersonator,impersonator,impersonator,impersonator,impersonator,impersonator,impersonator,impersonator,impersonator,impersonator,impersonator
1121,impersonator,impersonator,impersonator,impersonator,impersonator,impersonator,impersonator,impersonator,impersonator,impersonator,impersonator
1122,impersonator,impersonator,impersonator,impersonator,impersonator,impersonator,impersonator,impersonator,impersonator,impersonator,impersonator
1123,impersonator,impersonator,impersonator,impersonator,impersonator,impersonator,impersonator,impersonator,impersonator,impersonator,impersonator
1124,impersonator,impersonator,impersonator,impersonator,impersonator,impersonator,impersonator,impersonator,impersonator,impersonator,impersonator
1125,impersonator,impersonator,impersonator,impersonator,impersonator,impersonator,impersonator,impersonator,impersonator,impersonator,impersonator
1126,impersonator,impersonator,impersonator,impersonator,impersonator,impersonator,impersonator,impersonator,impersonator,impersonator,impersonator
1127,impersonator,impersonator,impersonator,impersonator,impersonator,impersonator,impersonator,impersonator,impersonator,impersonator,impersonator
1128,impersonator,impersonator,impersonator,impersonator,impersonator,impersonator,impersonator,impersonator,impersonator,impersonator,impersonator
1129,impersonator,impersonator,impersonator,impersonator,impersonator,impersonator,impersonator,impersonator,impersonator,impersonator,impersonator
1130,impersonator,impersonator,impersonator,impersonator,impersonator,impersonator,impersonator,impersonator,impersonator,impersonator,impersonator
1131,impersonator,impersonator,impersonator,impersonator,impersonator,impersonator,impersonator,impersonator,impersonator,impersonator,impersonator
1132,impersonator,impersonator,impersonator,impersonator,impersonator,impersonator,impersonator,impersonator,impersonator,impersonator,impersonator
1133,impersonator,impersonator,impersonator,impersonator,impersonator,impersonator,impersonator,impersonator,impersonator,impersonator,impersonator
1134,impersonator,impersonator,impersonator,impersonator,impersonator,impersonator,impersonator,impersonator,impersonator,impersonator,impersonator
1135,impersonator,impersonator,impersonator,impersonator,impersonator,impersonator,impersonator,impersonator,impersonator,impersonator,impersonator
1136,impersonator,impersonator,impersonator,impersonator,impersonator,impersonator,impersonator,impersonator,impersonator,impersonator,impersonator
1137,impersonator,impersonator,impersonator,impersonator,impersonator,impersonator,impersonator,impersonator,impersonator,impersonator,impersonator
1138,impersonator,impersonator,impersonator,impersonator,impersonator,impersonator,impersonator,impersonator,impersonator,impersonator,impersonator
1139,impersonator,impersonator,impersonator,impersonator,impersonator,impersonator,impersonator,impersonator,impersonator,impersonator,impersonator
1140,impersonator,impersonator,impersonator,impersonator,impersonator,impersonator,impersonator,impersonator,impersonator,impersonator,impersonator
1141,impersonator,impersonator,impersonator,impersonator,impersonator,impersonator,impersonator,impersonator,impersonator,impersonator,impersonator
1142,impersonator,impersonator,impersonator,impersonator,impersonator,impersonator,impersonator,impersonator,impersonator,impersonator,impersonator
1143,impersonator,impersonator,impersonator,impersonator,impersonator,impersonator,impersonator,impersonator,impersonator,impersonator,impersonator
1144,impersonator,impersonator,impersonator,impersonator,impersonator,impersonator,impersonator,impersonator,impersonator,impersonator,impersonator
1145,impersonator,impersonator,impersonator,impersonator,impersonator,impersonator,impersonator,impersonator,impersonator,impersonator,impersonator
1146,impersonator,impersonator,impersonator,impersonator,impersonator,impersonator,impersonator,impersonator,impersonator,impersonator,impersonator
1147,impersonator,impersonator,impersonator,impersonator,impersonator,impersonator,impersonator,impersonator,impersonator,impersonator,impersonator
1148,impersonator,impersonator,impersonator,impersonator,impersonator,impersonator,impersonator,impersonator,impersonator,impersonator,impersonator
1149,impersonator,impersonator,impersonator,impersonator,impersonator,impersonator,impersonator,impersonator,match,impersonator,impersonator
1150,impersonator,impersonator,impersonator,impersonator,impersonator,impersonator,impersonator,impersonator,impersonator,impersonator,impersonator
1151,impersonator,impersonator,impersonator,impersonator,impersonator,impersonator,impersonator,impersonator,impersonator,impersonator,impersonator
1152,impersonator,impersonator,impersonator,impersonator,impersonator,impersonator,impersonator,impersonator,impersonator,impersonator,impersonator
1153,impersonator,impersonator,impersonator,impersonator,impersonator,impersonator,impersonator,impersonator,impersonator,impersonator,impersonator
1154,impersonator,impersonator,impersonator,impersonator,impersonator,impersonator,impersonator,impersonator,impersonator,impersonator,impersonator
1155,impersonator,impersonator,impersonator,impersonator,impersonator,impersonator,impersonator,impersonator,impersonator,impersonator,impersonator
1156,impersonator,impersonator,impersonator,impersonator,impersonator,impersonator,impersonator,impersonator,impersonator,impersonator,impersonator
1157,impersonator,impersonator,impersonator,impersonator,impersonator,impersonator,impersonator,impersonator,impersonator,impersonator,impersonator
1158,impersonator,impersonator,impersonator,impersonator,impersonator,impersonator,impersonator,impersonator,impersonator,impersonator,impersonator
1159,impersonator,impersonator,impersonator,impersonator,impersonator,impersonator,impersonator,impersonator,impersonator,impersonator,impersonator
1160,impersonator,impersonator,impersonator,impersonator,impersonator,impersonator,impersonator,impersonator,impersonator,impersonator,impersonator
1161,impersonator,impersonator,impersonator,impersonator,impersonator,impersonator,impersonator,impersonator,impersonator,impersonator,impersonator
1162,impersonator,impersonator,impersonator,impersonator,impersonator,impersonator,impersonator,impersonator,impersonator,impersonator,impersonator
1163,impersonator,impersonator,impersonator,impersonator,impersonator,impersonator,impersonator,impersonator,impersonator,impersonator,impersonator
1164,impersonator,impersonator,impersonator,impersonator,impersonator,impersonator,impersonator,impersonator,impersonator,impersonator,impersonator
1165,impersonator,impersonator,impersonator,impersonator,impersonator,impersonator,impersonator,impersonator,impersonator,impersonator,impersonator
1166,impersonator,impersonator,impersonator,impersonator,impersonator,impersonator,impersonator,impersonator,impersonator,impersonator,impersonator
1167,impersonator,impersonator,impersonator,impersonator,impersonator,impersonator,impersonator,impersonator,impersonator,impersonator,impersonator
1168,impersonator,impersonator,impersonator,impersonator,impersonator,impersonator,impersonator,impersonator,impersonator,impersonator,impersonator
1169,impersonator,impersonator,impersonator,impersonator,impersonator,impersonator,impersonator,impersonator,impersonator,impersonator,impersonator
1170,impersonator,impersonator,impersonator,impersonator,impersonator,impersonator,impersonator,impersonator,impersonator,impersonator,impersonator
1171,impersonator,impersonator,impersonator,impersonator,impersonator,impersonator,impersonator,impersonator,impersonator,impersonator,impersonator
1172,impersonator,impersonator,impersonator,impersonator,impersonator,impersonator,impersonator,impersonator,impersonator,impersonator,impersonator
1173,impersonator,impersonator,impersonator,impersonator,impersonator,impersonator,impersonator,impersonator,impersonator,impersonator,impersonator
1174,impersonator,impersonator,impersonator,impersonator,impersonator,impersonator,impersonator,impersonator,impersonator,impersonator,impersonator
1175,impersonator,impersonator,impersonator,impersonator,impersonator,impersonator,impersonator,impersonator,impersonator,impersonator,impersonator
1176,impersonator,impersonator,impersonator,impersonator,impersonator,impersonator,impersonator,impersonator,impersonator,impersonator,impersonator
1177,impersonator,impersonator,impersonator,impersonator,impersonator,impersonator,impersonator,impersonator,impersonator,impersonator,impersonator
1178,impersonator,impersonator,impersonator,impersonator,impersonator,impersonator,impersonator,impersonator,impersonator,impersonator,impersonator
1179,impersonator,impersonator,impersonator,impersonator,impersonator,impersonator,impersonator,impersonator,impersonator,impersonator,impersonator
1180,impersonator,impersonator,impersonator,impersonator,impersonator,impersonator,impersonator,impersonator,impersonator,impersonator,impersonator
1181,impersonator,impersonator,impersonator,impersonator,impersonator,impersonator,impersonator,impersonator,impersonator,impersonator,impersonator
1182,impersonator,impersonator,impersonator,impersonator,impersonator,impersonator,impersonator,impersonator,impersonator,impersonator,impersonator
1183,impersonator,impersonator,impersonator,impersonator,match,impersonator,impersonator,impersonator,impersonator,impersonator,impersonator
1184,impersonator,impersonator,impersonator,impersonator,impersonator,impersonator,impersonator,impersonator,impersonator,impersonator,impersonator
1185,impersonator,impersonator,impersonator,impersonator,impersonator,impersonator,impersonator,impersonator,impersonator,impersonator,impersonator
1186,impersonator,impersonator,impersonator,impersonator,impersonator,impersonator,impersonator,impersonator,impersonator,impersonator,impersonator
1187,impersonator,impersonator,impersonator,impersonator,impersonator,impersonator,impersonator,impersonator,impersonator,impersonator,impersonator
1188,impersonator,impersonator,impersonator,impersonator,impersonator,impersonator,impersonator,impersonator,impersonator,impersonator,impersonator
1189,impersonator,impersonator,impersonator,impersonator,impersonator,impersonator,impersonator,impersonator,impersonator,impersonator,impersonator
1190,impersonator,impersonator,impersonator,impersonator,impersonator,impersonator,impersonator,impersonator,impersonator,impersonator,impersonator
1191,impersonator,impersonator,impersonator,impersonator,impersonator,impersonator,impersonator,impersonator,impersonator,impersonator,impersonator
1192,impersonator,impersonator,impersonator,impersonator,impersonator,impersonator,impersonator,impersonator,impersonator,impersonator,impersonator
1193,impersonator,impersonator,impersonator,impersonator,impersonator,impersonator,impersonator,impersonator,impersonator,impersonator,impersonator
1194,impersonator,impersonator,impersonator,impersonator,impersonator,impersonator,impersonator,impersonator,impersonator,impersonator,impersonator
1195,impersonator,impersonator,impersonator,impersonator,impersonator,impersonator,impersonator,impersonator,impersonator,impersonator,impersonator
1196,impersonator,impersonator,impersonator,impersonator,impersonator,impersonator,impersonator,impersonator,impersonator,impersonator,impersonator
1197,impersonator,impersonator,impersonator,impersonator,impersonator,impersonator,impersonator,impersonator,impersonator,impersonator,impersonator
1198,impersonator,impersonator,impersonator,impersonator,impersonator,impersonator,impersonator,impersonator,impersonator,impersonator,impersonator
1199,impersonator,impersonator,impersonator,impersonator,impersonator,impersonator,impersonator,impersonator,impersonator,impersonator,impersonator
1200,impersonator,impersonator,impersonator,impersonator,impersonator,impersonator,impersonator,impersonator,impersonator,impersonator,impersonator
1201,impersonator,impersonator,impersonator,impersonator,impersonator,impersonator,impersonator,impersonator,impersonator,impersonator,impersonator
1202,impersonator,impersonator,impersonator,impersonator,impersonator,impersonator,impersonator,impersonator,impersonator,impersonator,impersonator
1203,impersonator,impersonator,impersonator,impersonator,impersonator,impersonator,impersonator,impersonator,impersonator,impersonator,impersonator
1204,impersonator,impersonator,impersonator,impersonator,impersonator,impersonator,impersonator,impersonator,impersonator,impersonator,impersonator
1205,impersonator,impersonator,impersonator,impersonator,impersonator,impersonator,impersonator,impersonator,impersonator,impersonator,impersonator
1206,impersonator,impersonator,impersonator,impersonator,impersonator,impersonator,impersonator,impersonator,impersonator,impersonator,impersonator
1207,impersonator,impersonator,impersonator,impersonator,impersonator,impersonator,impersonator,impersonator,impersonator,impersonator,impersonator
1208,impersonator,impersonator,impersonator,match,impersonator,impersonator,impersonator,impersonator,impersonator,impersonator,impersonator
1209,impersonator,impersonator,impersonator,impersonator,impersonator,impersonator,impersonator,impersonator,impersonator,impersonator,impersonator
1210,impersonator,impersonator,impersonator,impersonator,impersonator,impersonator,impersonator,impersonator,impersonator,impersonator,impersonator
1211,impersonator,impersonator,impersonator,impersonator,impersonator,impersonator,impersonator,impersonator,impersonator,impersonator,impersonator
1212,impersonator,impersonator,impersonator,impersonator,impersonator,impersonator,impersonator,impersonator,impersonator,impersonator,impersonator
1213,impersonator,impersonator,impersonator,impersonator,impersonator,impersonator,impersonator,impersonator,impersonator,impersonator,impersonator
1214,impersonator,impersonator,impersonator,impersonator,impersonator,impersonator,impersonator,impersonator,impersonator,impersonator,impersonator
1215,impersonator,impersonator,impersonator,impersonator,impersonator,impersonator,impersonator,impersonator,impersonator,impersonator,impersonator
1216,impersonator,impersonator,impersonator,impersonator,impersonator,impersonator,impersonator,impersonator,impersonator,impersonator,impersonator
1217,impersonator,impersonator,impersonator,impersonator,impersonator,impersonator,impersonator,impersonator,impersonator,impersonator,impersonator
1218,impersonator,impersonator,impersonator,impersonator,impersonator,impersonator,impersonator,impersonator,impersonator,impersonator,impersonator
1219,impersonator,impersonator,impersonator,impersonator,impersonator,impersonator,impersonator,impersonator,impersonator,impersonator,impersonator
1220,impersonator,impersonator,impersonator,impersonator,impersonator,impersonator,impersonator,impersonator,impersonator,impersonator,impersonator
1221,impersonator,impersonator,impersonator,impersonator,impersonator,impersonator,impersonator,impersonator,impersonator,impersonator,impersonator
1222,impersonator,impersonator,impersonator,impersonator,impersonator,impersonator,impersonator,impersonator,impersonator,impersonator,impersonator
1223,impersonator,impersonator,impersonator,impersonator,impersonator,impersonator,impersonator,impersonator,impersonator,impersonator,impersonator
1224,impersonator,impersonator,impersonator,impersonator,impersonator,impersonator,impersonator,impersonator,impersonator,impersonator,impersonator
1225,impersonator,impersonator,impersonator,impersonator,impersonator,impersonator,impersonator,impersonator,impersonator,impersonator,impersonator
1226,impersonator,impersonator,impersonator,impersonator,impersonator,impersonator,impersonator,impersonator,impersonator,impersonator,impersonator
1227,impersonator,impersonator,impersonator,impersonator,impersonator,impersonator,impersonator,impersonator,impersonator,impersonator,impersonator
1228,impersonator,impersonator,impersonator,impersonator,impersonator,impersonator,impersonator,impersonator,impersonator,impersonator,impersonator
1229,impersonator,impersonator,impersonator,impersonator,impersonator,impersonator,impersonator,impersonator,impersonator,impersonator,impersonator
1230,impersonator,impersonator,impersonator,impersonator,impersonator,impersonator,impersonator,impersonator,impersonator,impersonator,impersonator
1231,impersonator,impersonator,impersonator,impersonator,impersonator,impersonator,impersonator,impersonator,impersonator,impersonator,impersonator
1232,impersonator,impersonator,impersonator,impersonator,impersonator,impersonator,impersonator,impersonator,impersonator,impersonator,impersonator
1233,impersonator,impersonator,impersonator,impersonator,impersonator,impersonator,impersonator,impersonator,impersonator,impersonator,impersonator
1234,impersonator,impersonator,impersonator,impersonator,impersonator,impersonator,impersonator,impersonator,impersonator,impersonator,impersonator
1235,impersonator,impersonator,impersonator,impersonator,impersonator,impersonator,impersonator,impersonator,impersonator,impersonator,impersonator
1236,impersonator,impersonator,impersonator,impersonator,impersonator,impersonator,impersonator,impersonator,impersonator,impersonator,impersonator
1237,impersonator,impersonator,impersonator,impersonator,impersonator,impersonator,impersonator,impersonator,impersonator,impersonator,impersonator
1238,impersonator,impersonator,impersonator,impersonator,impersonator,impersonator,impersonator,impersonator,impersonator,impersonator,impersonator
1239,impersonator,impersonator,impersonator,impersonator,impersonator,impersonator,impersonator,impersonator,impersonator,impersonator,impersonator
1240,impersonator,impersonator,impersonator,impersonator,impersonator,impersonator,impersonator,impersonator,impersonator,impersonator,impersonator
1241,impersonator,impersonator,impersonator,impersonator,impersonator,impersonator,impersonator,impersonator,impersonator,impersonator,impersonator
1242,impersonator,impersonator,impersonator,impersonator,impersonator,impersonator,impersonator,impersonator,impersonator,impersonator,impersonator
1243,impersonator,impersonator,impersonator,impersonator,impersonator,impersonator,impersonator,impersonator,impersonator,impersonator,match
1244,impersonator,match,match,match,match,match,match,match,match,match,match
1245,impersonator,match,match,match,match,match,match,match,match,match,match
1246,impersonator,match,match,match,match,impersonator,match,match,match,match,match
1247,impersonator,match,match,match,match,match,match,match,match,match,match
1248,impersonator,match,match,match,match,match,match,match,match,match,match
1249,impersonator,match,match,match,match,match,match,match,match,match,match
1250,impersonator,match,match,match,match,match,match,match,match,match,match
1251,impersonator,match,match,match,match,impersonator,match,match,match,mismatch,match
1252,impersonator,match,match,match,match,match,match,match,match,match,match
1253,impersonator,match,match,match,match,match,match,match,match,match,match
1254,impersonator,match,match,match,match,match,match,match,match,match,match
1255,impersonator,match,match,match,match,match,match,match,match,match,match
1256,impersonator,match,match,match,match,match,match,match,match,match,match
1257,impersonator,match,match,match,match,match,match,match,match,match,match
1258,impersonator,match,match,match,match,match,match,match,match,match,match
1259,impersonator,match,match,match,match,match,match,match,match,match,match
1260,impersonator,match,match,match,match,match,match,match,match,match,match
1261,impersonator,match,match,match,match,match,impersonator,match,match,match,match
1262,impersonator,match,match,match,match,match,match,match,match,match,match
1263,impersonator,match,match,match,match,mismatch,match,match,match,match,match
1264,impersonator,match,match,match,match,match,match,match,match,match,match
1265,impersonator,match,match,match,match,match,match,match,match,match,match
1266,impersonator,match,match,match,match,match,match,match,match,match,match
1267,impersonator,match,match,impersonator,match,match,match,match,match,match,match
1268,impersonator,match,match,match,match,match,match,match,match,match,match
1269,impersonator,match,match,match,match,match,match,match,match,match,match
1270,impersonator,match,match,match,match,match,match,match,match,match,match
1271,impersonator,match,match,match,match,match,match,match,match,match,match
1272,impersonator,match,match,match,match,match,match,match,match,match,match
1273,impersonator,match,match,match,match,match,match,match,match,match,match
1274,impersonator,mismatch,match,match,match,match,match,match,match,match,match
1275,impersonator,match,match,match,match,match,match,match,match,match,match
1276,impersonator,match,match,match,match,match,match,match,match,match,match
1277,impersonator,match,match,match,match,match,match,match,match,match,match
1278,impersonator,match,match,match,match,match,match,match,match,match,match
1279,impersonator,match,match,match,match,match,match,match,match,match,match
1280,impersonator,match,match,match,match,match,match,match,match,match,impersonator
1281,impersonator,match,match,match,match,match,match,match,match,match,match
1282,impersonator,match,match,match,match,match,match,match,match,match,match
1283,impersonator,match,match,match,match,match,match,match,match,match,match
1284,impersonator,match,match,match,match,match,match,match,match,match,match
1285,impersonator,match,match,match,match,match,match,match,match,match,match
1286,impersonator,match,match,match,match,match,match,match,match,match,match
1287,impersonator,match,match,match,match,match,match,match,match,match,match
1288,impersonator,match,match,match,match,match,match,match,match,match,match
1289,impersonator,match,match,match,match,match,match,match,match,match,match
1290,impersonator,match,match,match,match,match,match,match,match,match,match
1291,impersonator,match,match,match,match,match,match,match,match,match,match
1292,impersonator,match,match,match,match,match,match,match,match,match,match
1293,impersonator,match,match,match,match,match,match,match,match,match,match
1294,impersonator,match,match,match,match,match,match,match,match,impersonator,impersonator
1295,impersonator,impersonator,impersonator,impersonator,impersonator,impersonator,impersonator,impersonator,impersonator,impersonator,impersonator
1296,impersonator,impersonator,impersonator,impersonator,impersonator,impersonator,impersonator,impersonator,impersonator,impersonator,impersonator
1297,impersonator,impersonator,impersonator,impersonator,impersonator,impersonator,impersonator,impersonator,impersonator,impersonator,impersonator
1298,impersonator,impersonator,impersonator,impersonator,impersonator,impersonator,impersonator,impersonator,impersonator,impersonator,impersonator
1299,impersonator,impersonator,impersonator,impersonator,impersonator,impersonator,impersonator,impersonator,impersonator,impersonator,impersonator
1300,impersonator,impersonator,impersonator,impersonator,impersonator,impersonator,impersonator,impersonator,impersonator,impersonator,impersonator
1301,impersonator,impersonator,impersonator,impersonator,impersonator,impersonator,impersonator,impersonator,impersonator,impersonator,impersonator
1302,impersonator,impersonator,impersonator,impersonator,impersonator,impersonator,impersonator,impersonator,impersonator,impersonator,impersonator
1303,impersonator,impersonator,impersonator,impersonator,impersonator,impersonator,impersonator,impersonator,impersonator,impersonator,impersonator
1304,impersonator,impersonator,impersonator,impersonator,impersonator,impersonator,impersonator,impersonator,impersonator,impersonator,impersonator
1305,impersonator,impersonator,impersonator,impersonator,impersonator,impersonator,impersonator,impersonator,impersonator,impersonator,impersonator
1306,impersonator,impersonator,impersonator,impersonator,impersonator,impersonator,impersonator,impersonator,impersonator,impersonator,impersonator
1307,impersonator,impersonator,impersonator,impersonator,impersonator,impersonator,impersonator,impersonator,impersonator,impersonator,impersonator
1308,impersonator,impersonator,impersonator,impersonator,impersonator,impersonator,impersonator,impersonator,impersonator,impersonator,impersonator
1309,impersonator,impersonator,impersonator,impersonator,impersonator,impersonator,impersonator,impersonator,impersonator,impersonator,impersonator
1310,impersonator,impersonator,impersonator,impersonator,impersonator,impersonator,impersonator,impersonator,impersonator,impersonator,impersonator
1311,impersonator,impersonator,impersonator,impersonator,impersonator,impersonator,impersonator,impersonator,impersonator,impersonator,impersonator
1312,impersonator,impersonator,impersonator,impersonator,impersonator,impersonator,impersonator,impersonator,impersonator,impersonator,impersonator
1313,impersonator,impersonator,impersonator,impersonator,impersonator,impersonator,impersonator,impersonator,impersonator,impersonator,impersonator
1314,impersonator,impersonator,impersonator,impersonator,impersonator,impersonator,impersonator,impersonator,impersonator,impersonator,impersonator
1315,impersonator,impersonator,impersonator,impersonator,impersonator,impersonator,impersonator,impersonator,impersonator,impersonator,impersonator
1316,impersonator,impersonator,impersonator,impersonator,impersonator,impersonator,impersonator,impersonator,impersonator,impersonator,impersonator
1317,impersonator,impersonator,impersonator,impersonator,impersonator,impersonator,impersonator,impersonator,impersonator,impersonator,impersonator
1318,impersonator,impersonator,impersonator,impersonator,impersonator,impersonator,impersonator,impersonator,impersonator,impersonator,impersonator
1319,impersonator,impersonator,impersonator,impersonator,impersonator,impersonator,impersonator,impersonator,impersonator,impersonator,impersonator
1320,impersonator,impersonator,impersonator,impersonator,impersonator,impersonator,impersonator,impersonator,impersonator,impersonator,impersonator
1321,impersonator,impersonator,impersonator,impersonator,impersonator,impersonator,impersonator,impersonator,impersonator,impersonator,impersonator
1322,impersonator,impersonator,impersonator,impersonator,impersonator,impersonator,impersonator,impersonator,impersonator,impersonator,impersonator
1323,impersonator,impersonator,impersonator,impersonator,impersonator,impersonator,impersonator,impersonator,impersonator,impersonator,impersonator
1324,impersonator,impersonator,impersonator,impersonator,impersonator,impersonator,impersonator,impersonator,impersonator,impersonator,impersonator
1325,impersonator,impersonator,impersonator,impersonator,impersonator,impersonator,impersonator,impersonator,impersonator,impersonator,impersonator
1326,impersonator,impersonator,impersonator,impersonator,impersonator,impersonator,impersonator,impersonator,impersonator,impersonator,impersonator
1327,impersonator,impersonator,impersonator,impersonator,impersonator,impersonator,impersonator,impersonator,impersonator,impersonator,impersonator
1328,impersonator,impersonator,impersonator,impersonator,impersonator,impersonator,impersonator,impersonator,impersonator,impersonator,impersonator
1329,impersonator,impersonator,impersonator,impersonator,impersonator,impersonator,impersonator,impersonator,impersonator,impersonator,impersonator
1330,impersonator,impersonator,impersonator,impersonator,impersonator,impersonator,impersonator,impersonator,impersonator,impersonator,impersonator
1331,impersonator,impersonator,impersonator,impersonator,impersonator,impersonator,impersonator,impersonator,impersonator,impersonator,impersonator
1332,impersonator,impersonator,impersonator,impersonator,impersonator,impersonator,impersonator,impersonator,impersonator,impersonator,impersonator
1333,impersonator,impersonator,impersonator,impersonator,impersonator,impersonator,impersonator,impersonator,impersonator,impersonator,impersonator
1334,impersonator,impersonator,mismatch,impersonator,impersonator,impersonator,impersonator,impersonator,impersonator,impersonator,impersonator
1335,impersonator,impersonator,impersonator,impersonator,impersonator,impersonator,impersonator,impersonator,impersonator,impersonator,impersonator
1336,impersonator,impersonator,impersonator,impersonator,impersonator,impersonator,impersonator,impersonator,impersonator,impersonator,impersonator
1337,impersonator,impersonator,impersonator,impersonator,impersonator,impersonator,impersonator,impersonator,impersonator,impersonator,impersonator
1338,impersonator,impersonator,impersonator,impersonator,impersonator,impersonator,impersonator,impersonator,impersonator,impersonator,impersonator
1339,impersonator,impersonator,impersonator,impersonator,impersonator,impersonator,impersonator,impersonator,impersonator,impersonator,impersonator
1340,impersonator,impersonator,impersonator,impersonator,impersonator,impersonator,impersonator,impersonator,impersonator,impersonator,impersonator
1341,impersonator,impersonator,impersonator,impersonator,impersonator,impersonator,impersonator,impersonator,impersonator,impersonator,impersonator
1342,impersonator,impersonator,impersonator,impersonator,impersonator,impersonator,impersonator,impersonator,impersonator,impersonator,mismatch
1343,impersonator,impersonator,impersonator,impersonator,impersonator,impersonator,impersonator,impersonator,impersonator,impersonator,impersonator
1344,impersonator,impersonator,impersonator,impersonator,impersonator,impersonator,impersonator,impersonator,impersonator,impersonator,impersonator
1345,impersonator,impersonator,impersonator,impersonator,impersonator,impersonator,impersonator,impersonator,impersonator,impersonator,impersonator
1346,impersonator,impersonator,impersonator,impersonator,impersonator,impersonator,impersonator,impersonator,impersonator,impersonator,impersonator
1347,impersonator,impersonator,impersonator,impersonator,impersonator,impersonator,impersonator,impersonator,impersonator,impersonator,impersonator
1348,impersonator,impersonator,impersonator,impersonator,impersonator,impersonator,impersonator,impersonator,impersonator,impersonator,impersonator
1349,impersonator,impersonator,impersonator,impersonator,impersonator,impersonator,impersonator,impersonator,impersonator,impersonator,impersonator
1350,impersonator,impersonator,impersonator,impersonator,impersonator,impersonator,impersonator,impersonator,impersonator,impersonator,impersonator
1351,impersonator,impersonator,impersonator,impersonator,impersonator,impersonator,impersonator,impersonator,impersonator,impersonator,impersonator
1352,impersonator,impersonator,impersonator,impersonator,impersonator,impersonator,impersonator,impersonator,impersonator,impersonator,impersonator
1353,impersonator,impersonator,impersonator,impersonator,impersonator,impersonator,impersonator,impersonator,impersonator,impersonator,impersonator
1354,impersonator,impersonator,impersonator,impersonator,impersonator,impersonator,impersonator,impersonator,impersonator,impersonator,impersonator
1355,impersonator,impersonator,impersonator,impersonator,impersonator,impersonator,impersonator,impersonator,impersonator,impersonator,impersonator
1356,impersonator,impersonator,impersonator,impersonator,impersonator,impersonator,impersonator,impersonator,impersonator,impersonator,impersonator
1357,impersonator,impersonator,impersonator,impersonator,impersonator,impersonator,impersonator,impersonator,impersonator,impersonator,impersonator
1358,impersonator,impersonator,impersonator,impersonator,impersonator,impersonator,impersonator,impersonator,impersonator,impersonator,impersonator
1359,impersonator,impersonator,impersonator,impersonator,impersonator,impersonator,impersonator,impersonator,impersonator,impersonator,impersonator
1360,impersonator,impersonator,impersonator,impersonator,impersonator,impersonator,impersonator,impersonator,impersonator,impersonator,impersonator
1361,impersonator,impersonator,impersonator,impersonator,impersonator,impersonator,impersonator,impersonator,impersonator,impersonator,impersonator
1362,impersonator,impersonator,impersonator,impersonator,impersonator,impersonator,impersonator,impersonator,impersonator,impersonator,impersonator
1363,impersonator,impersonator,match,impersonator,impersonator,impersonator,impersonator,impersonator,impersonator,impersonator,impersonator
1364,impersonator,impersonator,match,impersonator,impersonator,impersonator,impersonator,impersonator,impersonator,impersonator,impersonator
1365,impersonator,impersonator,impersonator,impersonator,impersonator,impersonator,impersonator,impersonator,match,impersonator,impersonator
1366,impersonator,impersonator,impersonator,impersonator,impersonator,impersonator,mismatch,impersonator,impersonator,impersonator,impersonator
1367,impersonator,impersonator,impersonator,impersonator,impersonator,impersonator,impersonator,impersonator,impersonator,impersonator,impersonator
1368,impersonator,impersonator,impersonator,impersonator,impersonator,impersonator,impersonator,impersonator,impersonator,impersonator,impersonator
1369,impersonator,impersonator,impersonator,impersonator,impersonator,impersonator,match,impersonator,impersonator,impersonator,impersonator
1370,impersonator,impersonator,impersonator,impersonator,impersonator,impersonator,match,impersonator,impersonator,impersonator,impersonator
1371,impersonator,impersonator,impersonator,impersonator,impersonator,impersonator,impersonator,impersonator,impersonator,impersonator,impersonator
1372,impersonator,impersonator,impersonator,impersonator,impersonator,impersonator,impersonator,impersonator,impersonator,impersonator,impersonator
1373,impersonator,impersonator,impersonator,impersonator,impersonator,impersonator,impersonator,impersonator,impersonator,impersonator,impersonator
1374,impersonator,impersonator,impersonator,impersonator,impersonator,impersonator,impersonator,impersonator,impersonator,impersonator,impersonator
1375,impersonator,impersonator,impersonator,impersonator,impersonator,impersonator,impersonator,impersonator,impersonator,impersonator,impersonator
1376,impersonator,impersonator,impersonator,impersonator,match,impersonator,impersonator,impersonator,impersonator,impersonator,impersonator
1377,impersonator,impersonator,impersonator,impersonator,impersonator,impersonator,impersonator,impersonator,impersonator,impersonator,impersonator
1378,impersonator,impersonator,impersonator,impersonator,mismatch,impersonator,impersonator,impersonator,impersonator,impersonator,impersonator
1379,impersonator,impersonator,impersonator,impersonator,impersonator,impersonator,impersonator,impersonator,impersonator,impersonator,impersonator
1380,impersonator,impersonator,impersonator,impersonator,mismatch,impersonator,impersonator,mismatch,impersonator,impersonator,impersonator
1381,impersonator,impersonator,impersonator,impersonator,impersonator,impersonator,impersonator,impersonator,impersonator,impersonator,impersonator
1382,impersonator,impersonator,impersonator,impersonator,impersonator,impersonator,impersonator,impersonator,impersonator,impersonator,impersonator
1383,impersonator,impersonator,impersonator,impersonator,impersonator,impersonator,impersonator,impersonator,impersonator,impersonator,impersonator
1384,impersonator,impersonator,impersonator,impersonator,impersonator,impersonator,mismatch,impersonator,impersonator,impersonator,impersonator
1385,impersonator,impersonator,impersonator,impersonator,impersonator,impersonator,impersonator,impersonator,impersonator,impersonator,impersonator
1386,impersonator,impersonator,impersonator,impersonator,impersonator,impersonator,impersonator,impersonator,impersonator,impersonator,impersonator
1387,impersonator,impersonator,impersonator,impersonator,impersonator,impersonator,mismatch,impersonator,impersonator,impersonator,impersonator
1388,impersonator,impersonator,impersonator,impersonator,impersonator,impersonator,impersonator,impersonator,impersonator,impersonator,impersonator
1389,impersonator,match,impersonator,impersonator,impersonator,impersonator,impersonator,impersonator,impersonator,impersonator,impersonator
1390,impersonator,impersonator,impersonator,impersonator,impersonator,impersonator,impersonator,mismatch,impersonator,impersonator,impersonator
1391,impersonator,impersonator,impersonator,impersonator,impersonator,impersonator,impersonator,impersonator,impersonator,impersonator,impersonator
1392,impersonator,impersonator,impersonator,impersonator,impersonator,match,impersonator,impersonator,impersonator,impersonator,impersonator
1393,impersonator,impersonator,impersonator,impersonator,impersonator,impersonator,impersonator,impersonator,impersonator,match,impersonator
1394,impersonator,impersonator,impersonator,match,impersonator,impersonator,mismatch,impersonator,impersonator,impersonator,impersonator
1395,impersonator,match,impersonator,impersonator,impersonator,impersonator,impersonator,impersonator,impersonator,impersonator,impersonator
1396,impersonator,impersonator,impersonator,impersonator,impersonator,impersonator,impersonator,impersonator,impersonator,impersonator,impersonator
1397,impersonator,impersonator,impersonator,impersonator,impersonator,impersonator,impersonator,mismatch,impersonator,mismatch,impersonator
1398,impersonator,impersonator,impersonator,impersonator,impersonator,impersonator,impersonator,impersonator,impersonator,impersonator,impersonator
1399,impersonator,impersonator,impersonator,impersonator,impersonator,impersonator,impersonator,impersonator,impersonator,impersonator,impersonator
1400,impersonator,impersonator,impersonator,impersonator,match,impersonator,match,impersonator,impersonator,impersonator,impersonator
1401,impersonator,impersonator,impersonator,impersonator,impersonator,impersonator,impersonator,impersonator,impersonator,impersonator,impersonator
1402,impersonator,match,impersonator,impersonator,impersonator,impersonator,impersonator,impersonator,impersonator,impersonator,impersonator
1403,impersonator,impersonator,impersonator,impersonator,mismatch,impersonator,impersonator,impersonator,impersonator,impersonator,impersonator
1404,impersonator,impersonator,impersonator,impersonator,impersonator,impersonator,impersonator,impersonator,impersonator,impersonator,impersonator
1405,impersonator,impersonator,impersonator,impersonator,impersonator,impersonator,impersonator,impersonator,impersonator,mismatch,impersonator
1406,impersonator,impersonator,impersonator,impersonator,impersonator,mismatch,impersonator,impersonator,impersonator,impersonator,impersonator
1407,impersonator,impersonator,impersonator,impersonator,impersonator,impersonator,mismatch,impersonator,impersonator,impersonator,impersonator
1408,impersonator,impersonator,impersonator,impersonator,mismatch,impersonator,impersonator,impersonator,impersonator,impersonator,impersonator
1409,impersonator,impersonator,impersonator,impersonator,impersonator,impersonator,impersonator,impersonator,impersonator,impersonator,impersonator
1410,impersonator,impersonator,impersonator,impersonator,impersonator,impersonator,impersonator,impersonator,impersonator,impersonator,impersonator
1411,impersonator,impersonator,impersonator,impersonator,impersonator,mismatch,impersonator,impersonator,impersonator,impersonator,impersonator
1412,impersonator,impersonator,impersonator,impersonator,impersonator,impersonator,impersonator,impersonator,impersonator,impersonator,impersonator
1413,impersonator,impersonator,impersonator,impersonator,impersonator,impersonator,impersonator,impersonator,impersonator,impersonator,impersonator
1414,impersonator,impersonator,impersonator,impersonator,impersonator,impersonator,mismatch,impersonator,impersonator,impersonator,impersonator
1415,impersonator,impersonator,impersonator,impersonator,impersonator,impersonator,impersonator,impersonator,impersonator,mismatch,impersonator
1416,impersonator,impersonator,impersonator,impersonator,impersonator,mismatch,impersonator,impersonator,impersonator,impersonator,impersonator
1417,impersonator,impersonator,mismatch,match,impersonator,impersonator,impersonator,impersonator,impersonator,impersonator,impersonator
1418,impersonator,impersonator,impersonator,impersonator,impersonator,impersonator,impersonator,impersonator,impersonator,impersonator,impersonator
1419,impersonator,impersonator,impersonator,impersonator,impersonator,impersonator,impersonator,impersonator,impersonator,impersonator,impersonator
1420,impersonator,impersonator,impersonator,impersonator,impersonator,impersonator,impersonator,impersonator,impersonator,impersonator,impersonator
1421,impersonator,impersonator,impersonator,impersonator,impersonator,impersonator,impersonator,impersonator,impersonator,impersonator,impersonator
1422,impersonator,impersonator,impersonator,impersonator,mismatch,impersonator,impersonator,impersonator,impersonator,impersonator,impersonator
1423,impersonator,impersonator,impersonator,impersonator,mismatch,impersonator,impersonator,impersonator,impersonator,impersonator,impersonator
1424,impersonator,impersonator,impersonator,impersonator,impersonator,impersonator,impersonator,impersonator,impersonator,impersonator,impersonator
1425,impersonator,impersonator,impersonator,impersonator,impersonator,impersonator,impersonator,impersonator,impersonator,impersonator,impersonator
1426,impersonator,impersonator,impersonator,impersonator,impersonator,impersonator,impersonator,impersonator,mismatch,impersonator,impersonator
1427,impersonator,impersonator,impersonator,impersonator,impersonator,impersonator,impersonator,impersonator,impersonator,impersonator,impersonator
1428,impersonator,impersonator,impersonator,impersonator,impersonator,impersonator,impersonator,impersonator,impersonator,impersonator,impersonator
1429,impersonator,impersonator,impersonator,impersonator,impersonator,impersonator,impersonator,impersonator,impersonator,impersonator,impersonator
1430,impersonator,impersonator,impersonator,impersonator,impersonator,impersonator,impersonator,impersonator,impersonator,impersonator,impersonator
1431,impersonator,impersonator,impersonator,impersonator,impersonator,mismatch,impersonator,impersonator,impersonator,impersonator,impersonator
1432,impersonator,impersonator,impersonator,impersonator,impersonator,impersonator,impersonator,impersonator,mismatch,impersonator,impersonator
1433,impersonator,impersonator,impersonator,impersonator,impersonator,impersonator,impersonator,impersonator,impersonator,impersonator,impersonator
1434,impersonator,impersonator,impersonator,impersonator,impersonator,impersonator,impersonator,impersonator,impersonator,impersonator,impersonator
1435,impersonator,match,match,match,match,match,match,match,match,match,match
1436,impersonator,match,match,match,mismatch,match,match,match,match,impersonator,match
1437,impersonator,match,match,match,match,match,match,match,match,match,match
1438,impersonator,match,match,match,match,match,match,match,match,match,match
1439,impersonator,match,match,match,match,match,match,match,match,match,match
1440,impersonator,match,match,match,match,match,match,match,match,match,impersonator
1441,impersonator,match,match,match,match,match,match,match,match,match,match
1442,impersonator,match,match,match,match,match,match,match,match,match,match
1443,impersonator,match,match,match,match,match,match,match,match,match,match
1444,impersonator,match,match,match,match,match,match,match,match,match,match
1445,impersonator,match,match,match,match,match,match,match,impersonator,match,match
1446,impersonator,match,match,match,match,mismatch,match,match,match,match,match
1447,impersonator,match,match,impersonator,match,match,impersonator,match,match,match,match
1448,impersonator,match,match,match,match,match,match,match,match,match,match
1449,impersonator,mismatch,match,match,match,impersonator,match,match,match,match,match
1450,impersonator,match,match,match,match,match,match,match,match,match,match
1451,impersonator,match,match,match,match,match,match,match,match,match,match
1452,impersonator,match,match,match,match,match,match,match,match,match,match
1453,impersonator,match,match,match,match,match,match,match,match,match,match
1454,impersonator,match,match,match,match,match,match,match,impersonator,match,match
1455,impersonator,match,match,match,match,match,match,match,match,match,match
1456,impersonator,match,match,match,match,match,impersonator,match,match,match,match
1457,impersonator,match,match,match,match,match,match,match,match,match,match
1458,impersonator,match,match,match,match,match,match,impersonator,match,match,match
1459,impersonator,match,match,match,match,impersonator,match,match,match,match,match
1460,impersonator,match,match,mismatch,match,match,mismatch,match,match,match,impersonator
1461,impersonator,match,match,match,match,match,match,match,match,match,impersonator
1462,impersonator,match,match,match,match,impersonator,match,match,match,match,match
1463,impersonator,match,match,match,match,match,match,match,match,match,match
1464,impersonator,match,match,match,match,match,match,impersonator,match,match,match
1465,impersonator,mismatch,match,match,mismatch,match,match,match,match,match,match
1466,impersonator,match,match,match,match,match,match,match,match,match,match
1467,impersonator,match,match,mismatch,match,match,match,match,match,match,match
1468,impersonator,match,match,match,match,match,match,match,match,match,match
1469,impersonator,match,match,match,match,match,match,match,match,match,match
1470,impersonator,match,match,match,mismatch,match,match,match,match,match,match
1471,impersonator,match,match,match,match,match,match,match,match,match,match
1472,impersonator,match,match,match,match,match,match,match,match,match,match
1473,impersonator,match,match,match,match,match,match,match,match,match,match
1474,impersonator,match,match,match,match,match,match,match,match,match,match
1475,impersonator,match,match,match,match,match,match,match,match,match,match
1476,impersonator,match,impersonator,match,match,match,match,match,match,match,match
1477,impersonator,match,match,match,impersonator,match,match,match,match,match,match
1478,impersonator,match,match,match,match,match,match,match,match,match,match
1479,impersonator,impersonator,match,match,match,match,match,match,match,match,impersonator
1480,impersonator,match,match,match,match,match,mismatch,match,match,match,match
1481,impersonator,match,match,match,match,impersonator,impersonator,impersonator,impersonator,impersonator,impersonator
1482,impersonator,impersonator,impersonator,impersonator,impersonator,impersonator,impersonator,impersonator,impersonator,impersonator,impersonator
1483,impersonator,impersonator,impersonator,impersonator,impersonator,impersonator,impersonator,impersonator,impersonator,impersonator,impersonator
1484,impersonator,impersonator,impersonator,impersonator,impersonator,impersonator,impersonator,impersonator,impersonator,impersonator,impersonator
1485,impersonator,impersonator,impersonator,impersonator,impersonator,impersonator,impersonator,impersonator,impersonator,impersonator,impersonator
1486,impersonator,impersonator,impersonator,impersonator,impersonator,impersonator,impersonator,impersonator,impersonator,impersonator,impersonator
1487,impersonator,impersonator,impersonator,impersonator,impersonator,impersonator,impersonator,impersonator,impersonator,impersonator,impersonator
1488,impersonator,impersonator,impersonator,impersonator,impersonator,impersonator,impersonator,impersonator,impersonator,impersonator,impersonator
1489,impersonator,impersonator,impersonator,impersonator,impersonator,impersonator,impersonator,impersonator,impersonator,impersonator,impersonator
1490,impersonator,impersonator,impersonator,impersonator,impersonator,impersonator,impersonator,impersonator,impersonator,impersonator,impersonator
1491,impersonator,impersonator,impersonator,impersonator,impersonator,impersonator,impersonator,impersonator,impersonator,impersonator,impersonator
1492,impersonator,impersonator,impersonator,impersonator,impersonator,impersonator,impersonator,impersonator,impersonator,impersonator,impersonator
1493,impersonator,impersonator,impersonator,impersonator,impersonator,impersonator,impersonator,impersonator,impersonator,impersonator,impersonator
1494,impersonator,impersonator,impersonator,impersonator,impersonator,impersonator,impersonator,impersonator,impersonator,impersonator,impersonator
1495,impersonator,impersonator,impersonator,impersonator,impersonator,impersonator,impersonator,impersonator,impersonator,impersonator,impersonator
1496,impersonator,impersonator,impersonator,impersonator,impersonator,impersonator,impersonator,impersonator,impersonator,impersonator,impersonator
1497,impersonator,impersonator,impersonator,impersonator,impersonator,impersonator,impersonator,impersonator,impersonator,impersonator,impersonator
1498,impersonator,impersonator,impersonator,impersonator,impersonator,impersonator,impersonator,impersonator,impersonator,impersonator,impersonator
1499,impersonator,impersonator,impersonator,impersonator,impersonator,impersonator,impersonator,impersonator,impersonator,impersonator,impersonator
1500,impersonator,impersonator,impersonator,impersonator,impersonator,impersonator,impersonator,impersonator,impersonator,impersonator,impersonator
1501,impersonator,impersonator,impersonator,impersonator,impersonator,impersonator,impersonator,impersonator,impersonator,impersonator,impersonator
1502,impersonator,impersonator,impersonator,impersonator,impersonator,impersonator,impersonator,impersonator,impersonator,impersonator,impersonator
1503,impersonator,impersonator,impersonator,impersonator,impersonator,impersonator,impersonator,impersonator,impersonator,impersonator,impersonator
1504,impersonator,impersonator,impersonator,impersonator,impersonator,impersonator,impersonator,impersonator,impersonator,impersonator,impersonator
1505,impersonator,impersonator,impersonator,impersonator,impersonator,impersonator,impersonator,impersonator,impersonator,impersonator,impersonator
1506,impersonator,impersonator,impersonator,impersonator,impersonator,impersonator,impersonator,impersonator,impersonator,impersonator,impersonator
1507,impersonator,impersonator,impersonator,impersonator,impersonator,impersonator,impersonator,impersonator,impersonator,impersonator,impersonator
1508,impersonator,impersonator,impersonator,impersonator,impersonator,impersonator,impersonator,impersonator,impersonator,impersonator,impersonator
1509,impersonator,impersonator,impersonator,impersonator,impersonator,impersonator,impersonator,impersonator,impersonator,impersonator,impersonator
1510,impersonator,impersonator,impersonator,impersonator,impersonator,impersonator,impersonator,impersonator,impersonator,impersonator,impersonator
1511,impersonator,impersonator,impersonator,impersonator,impersonator,impersonator,impersonator,impersonator,impersonator,impersonator,impersonator
1512,impersonator,impersonator,impersonator,impersonator,impersonator,impersonator,impersonator,impersonator,impersonator,impersonator,impersonator
1513,impersonator,impersonator,impersonator,impersonator,impersonator,impersonator,impersonator,impersonator,impersonator,impersonator,impersonator
1514,impersonator,impersonator,impersonator,impersonator,impersonator,impersonator,impersonator,impersonator,impersonator,impersonator,impersonator
1515,impersonator,impersonator,impersonator,impersonator,impersonator,impersonator,impersonator,impersonator,impersonator,impersonator,impersonator
1516,impersonator,impersonator,mismatch,impersonator,impersonator,impersonator,impersonator,impersonator,impersonator,impersonator,impersonator
1517,impersonator,impersonator,impersonator,impersonator,impersonator,impersonator,impersonator,impersonator,impersonator,impersonator,impersonator
1518,impersonator,impersonator,impersonator,impersonator,impersonator,impersonator,impersonator,impersonator,impersonator,impersonator,impersonator
1519,impersonator,impersonator,impersonator,impersonator,impersonator,impersonator,impersonator,impersonator,impersonator,impersonator,impersonator
1520,impersonator,impersonator,impersonator,impersonator,impersonator,impersonator,impersonator,impersonator,impersonator,impersonator,impersonator
1521,impersonator,impersonator,impersonator,impersonator,impersonator,impersonator,impersonator,impersonator,impersonator,impersonator,impersonator
1522,impersonator,impersonator,impersonator,impersonator,impersonator,impersonator,impersonator,impersonator,impersonator,impersonator,impersonator
1523,impersonator,impersonator,impersonator,impersonator,impersonator,impersonator,impersonator,impersonator,impersonator,impersonator,impersonator
1524,impersonator,impersonator,impersonator,impersonator,impersonator,impersonator,impersonator,impersonator,impersonator,impersonator,impersonator
1525,impersonator,impersonator,impersonator,impersonator,impersonator,impersonator,impersonator,impersonator,impersonator,impersonator,impersonator
1526,impersonator,impersonator,impersonator,mismatch,impersonator,impersonator,mismatch,impersonator,impersonator,impersonator,mismatch
1527,impersonator,impersonator,impersonator,impersonator,impersonator,impersonator,impersonator,impersonator,impersonator,impersonator,impersonator
1528,impersonator,impersonator,impersonator,impersonator,impersonator,impersonator,impersonator,impersonator,impersonator,impersonator,impersonator
1529,impersonator,impersonator,impersonator,impersonator,impersonator,impersonator,impersonator,impersonator,impersonator,impersonator,impersonator
1530,impersonator,impersonator,impersonator,impersonator,impersonator,impersonator,mismatch,impersonator,impersonator,impersonator,impersonator
1531,impersonator,impersonator,impersonator,impersonator,impersonator,impersonator,impersonator,impersonator,impersonator,impersonator,match
1532,impersonator,impersonator,impersonator,impersonator,impersonator,impersonator,impersonator,match,impersonator,impersonator,impersonator
1533,impersonator,impersonator,impersonator,impersonator,impersonator,impersonator,impersonator,impersonator,impersonator,impersonator,impersonator
1534,impersonator,impersonator,impersonator,impersonator,impersonator,impersonator,impersonator,impersonator,impersonator,impersonator,impersonator
1535,impersonator,impersonator,impersonator,impersonator,impersonator,impersonator,mismatch,impersonator,impersonator,impersonator,impersonator
1536,impersonator,impersonator,match,impersonator,impersonator,impersonator,impersonator,impersonator,impersonator,impersonator,impersonator
1537,impersonator,impersonator,impersonator,impersonator,impersonator,impersonator,impersonator,impersonator,impersonator,impersonator,impersonator
1538,impersonator,impersonator,impersonator,mismatch,impersonator,impersonator,impersonator,impersonator,impersonator,impersonator,impersonator
1539,impersonator,impersonator,impersonator,impersonator,impersonator,impersonator,impersonator,impersonator,impersonator,impersonator,impersonator
1540,impersonator,impersonator,impersonator,impersonator,impersonator,impersonator,impersonator,impersonator,impersonator,impersonator,impersonator
1541,impersonator,impersonator,impersonator,impersonator,impersonator,impersonator,impersonator,impersonator,impersonator,impersonator,impersonator
1542,impersonator,impersonator,impersonator,impersonator,impersonator,match,impersonator,impersonator,impersonator,impersonator,impersonator
1543,impersonator,impersonator,mismatch,mismatch,impersonator,impersonator,impersonator,match,impersonator,impersonator,impersonator
1544,impersonator,impersonator,impersonator,impersonator,impersonator,impersonator,impersonator,match,impersonator,impersonator,impersonator
1545,impersonator,impersonator,impersonator,impersonator,impersonator,impersonator,impersonator,impersonator,impersonator,impersonator,impersonator
1546,impersonator,impersonator,mismatch,impersonator,impersonator,impersonator,impersonator,impersonator,mismatch,mismatch,impersonator
1547,impersonator,mismatch,impersonator,impersonator,impersonator,match,impersonator,impersonator,impersonator,impersonator,impersonator
1548,impersonator,impersonator,impersonator,mismatch,impersonator,impersonator,impersonator,impersonator,impersonator,impersonator,impersonator
1549,impersonator,impersonator,impersonator,impersonator,impersonator,impersonator,impersonator,impersonator,impersonator,impersonator,impersonator
1550,impersonator,impersonator,impersonator,impersonator,impersonator,impersonator,impersonator,impersonator,match,impersonator,mismatch
1551,impersonator,impersonator,impersonator,impersonator,impersonator,impersonator,impersonator,impersonator,impersonator,impersonator,impersonator
1552,impersonator,impersonator,impersonator,impersonator,impersonator,impersonator,impersonator,impersonator,impersonator,impersonator,impersonator
1553,impersonator,impersonator,impersonator,impersonator,impersonator,impersonator,impersonator,impersonator,impersonator,impersonator,impersonator
1554,impersonator,impersonator,impersonator,impersonator,impersonator,impersonator,impersonator,impersonator,impersonator,impersonator,impersonator
1555,impersonator,match,impersonator,impersonator,mismatch,impersonator,impersonator,impersonator,impersonator,impersonator,impersonator
1556,impersonator,impersonator,impersonator,impersonator,impersonator,impersonator,impersonator,impersonator,impersonator,impersonator,impersonator
1557,impersonator,impersonator,mismatch,impersonator,impersonator,impersonator,mismatch,impersonator,impersonator,impersonator,impersonator
1558,impersonator,impersonator,impersonator,impersonator,impersonator,impersonator,impersonator,impersonator,impersonator,impersonator,impersonator
1559,impersonator,impersonator,impersonator,impersonator,impersonator,impersonator,impersonator,impersonator,impersonator,mismatch,impersonator
1560,impersonator,impersonator,impersonator,impersonator,impersonator,impersonator,impersonator,impersonator,impersonator,impersonator,impersonator
1561,impersonator,impersonator,impersonator,impersonator,mismatch,impersonator,impersonator,impersonator,impersonator,impersonator,impersonator
1562,impersonator,impersonator,impersonator,impersonator,impersonator,impersonator,impersonator,impersonator,impersonator,impersonator,impersonator
1563,impersonator,impersonator,impersonator,impersonator,impersonator,impersonator,impersonator,impersonator,impersonator,impersonator,mismatch
1564,impersonator,impersonator,impersonator,impersonator,impersonator,impersonator,impersonator,impersonator,impersonator,impersonator,impersonator
1565,impersonator,impersonator,impersonator,impersonator,impersonator,impersonator,impersonator,impersonator,match,impersonator,impersonator
1566,impersonator,impersonator,impersonator,impersonator,match,impersonator,impersonator,impersonator,impersonator,impersonator,impersonator
1567,impersonator,impersonator,impersonator,impersonator,impersonator,impersonator,impersonator,impersonator,impersonator,impersonator,impersonator
1568,impersonator,impersonator,impersonator,impersonator,impersonator,impersonator,impersonator,impersonator,impersonator,impersonator,impersonator
1569,impersonator,impersonator,impersonator,impersonator,impersonator,impersonator,impersonator,match,impersonator,impersonator,impersonator
1570,impersonator,impersonator,impersonator,impersonator,impersonator,impersonator,impersonator,impersonator,impersonator,mismatch,impersonator
1571,impersonator,impersonator,impersonator,match,impersonator,impersonator,impersonator,impersonator,impersonator,impersonator,impersonator
1572,impersonator,impersonator,impersonator,impersonator,impersonator,impersonator,impersonator,impersonator,impersonator,impersonator,impersonator
1573,impersonator,mismatch,impersonator,impersonator,impersonator,impersonator,impersonator,impersonator,impersonator,impersonator,impersonator
1574,impersonator,impersonator,impersonator,impersonator,impersonator,match,impersonator,impersonator,impersonator,impersonator,impersonator
1575,impersonator,impersonator,impersonator,impersonator,impersonator,impersonator,impersonator,impersonator,impersonator,impersonator,impersonator
1576,impersonator,impersonator,impersonator,impersonator,impersonator,impersonator,impersonator,impersonator,impersonator,impersonator,impersonator
1577,impersonator,impersonator,impersonator,impersonator,mismatch,match,impersonator,impersonator,impersonator,impersonator,impersonator
1578,impersonator,impersonator,mismatch,impersonator,impersonator,impersonator,impersonator,impersonator,impersonator,impersonator,impersonator
1579,impersonator,impersonator,impersonator,impersonator,impersonator,mismatch,impersonator,match,impersonator,impersonator,impersonator
1580,impersonator,mismatch,impersonator,impersonator,impersonator,impersonator,impersonator,impersonator,match,impersonator,impersonator
1581,impersonator,impersonator,impersonator,impersonator,impersonator,mismatch,impersonator,impersonator,impersonator,impersonator,impersonator
1582,impersonator,impersonator,impersonator,match,match,mismatch,impersonator,impersonator,mismatch,impersonator,impersonator
1583,impersonator,impersonator,impersonator,impersonator,impersonator,impersonator,impersonator,match,mismatch,impersonator,impersonator
1584,impersonator,impersonator,impersonator,impersonator,mismatch,impersonator,impersonator,impersonator,match,impersonator,mismatch
1585,impersonator,impersonator,impersonator,impersonator,impersonator,impersonator,impersonator,impersonator,impersonator,impersonator,impersonator
1586,impersonator,impersonator,impersonator,impersonator,impersonator,impersonator,impersonator,impersonator,mismatch,impersonator,mismatch
1587,impersonator,mismatch,impersonator,mismatch,match,impersonator,impersonator,impersonator,impersonator,impersonator,impersonator
1588,impersonator,match,impersonator,impersonator,impersonator,impersonator,impersonator,impersonator,impersonator,impersonator,impersonator
1589,impersonator,impersonator,impersonator,impersonator,impersonator,impersonator,impersonator,impersonator,impersonator,impersonator,impersonator
1590,impersonator,impersonator,impersonator,impersonator,impersonator,match,impersonator,impersonator,impersonator,impersonator,impersonator
1591,impersonator,impersonator,impersonator,match,mismatch,impersonator,impersonator,impersonator,match,match,impersonator
1592,impersonator,impersonator,impersonator,mismatch,match,impersonator,impersonator,impersonator,impersonator,impersonator,impersonator
1593,impersonator,impersonator,impersonator,impersonator,impersonator,impersonator,impersonator,impersonator,impersonator,impersonator,impersonator
1594,impersonator,mismatch,mismatch,impersonator,impersonator,mismatch,impersonator,impersonator,impersonator,impersonator,impersonator
1595,impersonator,impersonator,impersonator,impersonator,impersonator,impersonator,impersonator,impersonator,impersonator,impersonator,impersonator
1596,impersonator,match,impersonator,impersonator,impersonator,impersonator,impersonator,impersonator,impersonator,impersonator,impersonator
1597,impersonator,impersonator,impersonator,impersonator,impersonator,impersonator,impersonator,impersonator,impersonator,impersonator,impersonator
1598,impersonator,impersonator,impersonator,impersonator,impersonator,match,impersonator,impersonator,impersonator,mismatch,match
1599,impersonator,match,impersonator,mismatch,impersonator,impersonator,impersonator,impersonator,impersonator,impersonator,impersonator
1600,impersonator,match,impersonator,impersonator,impersonator,impersonator,impersonator,impersonator,impersonator,impersonator,impersonator
1601,impersonator,match,impersonator,mismatch,impersonator,impersonator,impersonator,impersonator,impersonator,impersonator,impersonator
1602,impersonator,impersonator,impersonator,impersonator,match,impersonator,impersonator,impersonator,mismatch,impersonator,impersonator
1603,impersonator,impersonator,match,impersonator,impersonator,impersonator,impersonator,impersonator,impersonator,impersonator,mismatch
1604,impersonator,impersonator,impersonator,impersonator,impersonator,match,impersonator,impersonator,mismatch,impersonator,impersonator
1605,impersonator,impersonator,impersonator,impersonator,impersonator,impersonator,match,impersonator,impersonator,match,match
1606,impersonator,impersonator,impersonator,impersonator,impersonator,match,impersonator,impersonator,impersonator,impersonator,impersonator
1607,impersonator,impersonator,mismatch,impersonator,match,match,impersonator,impersonator,impersonator,impersonator,mismatch
1608,impersonator,match,match,match,match,match,match,match,match,match,match
1609,impersonator,match,match,match,match,match,match,match,match,match,match
1610,impersonator,match,match,match,match,impersonator,match,match,match,match,match
1611,impersonator,match,match,match,match,match,match,match,match,impersonator,match
1612,impersonator,match,match,match,match,match,match,match,match,match,match
1613,impersonator,match,match,mismatch,match,match,match,match,match,match,match
1614,impersonator,match,match,match,match,match,match,match,match,match,match
1615,impersonator,match,match,match,match,match,match,match,match,match,match
1616,impersonator,match,match,match,match,match,match,match,match,match,match
1617,impersonator,match,match,match,match,match,match,match,match,match,match
1618,impersonator,match,match,match,match,match,match,match,match,match,match
1619,impersonator,match,match,match,match,match,match,match,match,match,match
1620,impersonator,match,match,match,match,match,match,match,match,match,match
1621,impersonator,match,match,match,match,match,match,match,match,match,match
1622,impersonator,match,match,match,match,match,match,match,match,match,match
1623,impersonator,match,match,match,impersonator,match,match,match,match,match,match
1624,impersonator,match,match,match,match,match,match,match,match,match,match
1625,impersonator,match,match,match,match,match,match,match,match,match,match
1626,impersonator,match,match,match,match,match,match,match,match,match,match
1627,impersonator,match,match,match,match,match,match,match,match,match,match
1628,impersonator,match,match,match,match,match,match,match,match,match,match
1629,impersonator,match,match,match,match,match,match,match,match,match,match
1630,impersonator,match,match,match,match,match,match,impersonator,match,match,match
1631,impersonator,match,match,match,match,match,match,match,match,match,match
1632,impersonator,match,match,match,match,match,match,match,match,match,match
1633,impersonator,match,match,match,match,match,match,match,match,match,match
1634,impersonator,match,match,match,match,match,match,match,match,match,match
1635,impersonator,match,match,match,match,match,impersonator,match,match,match,match
1636,impersonator,match,match,match,mismatch,match,match,match,match,match,match
1637,impersonator,match,match,match,match,match,match,match,match,match,match
1638,impersonator,match,match,match,match,match,match,match,match,match,match
1639,impersonator,match,match,match,match,match,match,match,match,match,match
1640,impersonator,match,match,match,match,match,match,match,match,impersonator,match
1641,impersonator,match,match,match,match,match,match,impersonator,match,match,match
1642,impersonator,match,match,match,match,match,match,match,match,match,match
1643,impersonator,match,match,match,match,match,match,match,match,match,match
1644,impersonator,match,match,match,match,match,match,match,match,match,match
1645,impersonator,match,match,match,match,match,match,impersonator,match,match,match
1646,impersonator,match,match,match,match,match,match,match,match,match,match
1647,impersonator,match,match,match,match,match,match,match,match,match,match
1648,impersonator,match,match,match,match,match,match,match,match,match,match
1649,impersonator,match,match,match,match,match,match,match,match,match,match
1650,impersonator,match,match,match,match,match,match,match,match,match,match
1651,impersonator,match,match,match,match,match,match,match,match,match,match
1652,impersonator,match,match,match,match,match,match,match,match,match,match
1653,impersonator,match,match,match,match,match,match,match,match,match,match
1654,impersonator,impersonator,match,match,match,match,match,match,match,match,match
1655,impersonator,match,match,match,match,match,match,match,match,match,match
1656,impersonator,match,match,match,mismatch,mismatch,match,match,match,match,match
1657,impersonator,match,match,match,match,match,match,match,match,match,match
1658,impersonator,match,match,match,match,match,match,impersonator,impersonator,impersonator,impersonator
1659,impersonator,impersonator,impersonator,impersonator,impersonator,impersonator,impersonator,impersonator,impersonator,impersonator,impersonator
1660,impersonator,impersonator,impersonator,impersonator,impersonator,impersonator,impersonator,impersonator,impersonator,impersonator,impersonator
1661,impersonator,impersonator,impersonator,impersonator,impersonator,impersonator,impersonator,impersonator,impersonator,impersonator,impersonator
1662,impersonator,impersonator,impersonator,impersonator,impersonator,impersonator,impersonator,impersonator,impersonator,impersonator,impersonator
1663,impersonator,impersonator,impersonator,impersonator,impersonator,impersonator,impersonator,impersonator,impersonator,impersonator,impersonator
1664,impersonator,impersonator,impersonator,impersonator,impersonator,impersonator,impersonator,impersonator,impersonator,impersonator,impersonator
1665,impersonator,impersonator,impersonator,impersonator,impersonator,impersonator,impersonator,impersonator,impersonator,impersonator,impersonator
1666,impersonator,impersonator,impersonator,impersonator,impersonator,impersonator,impersonator,impersonator,impersonator,impersonator,impersonator
1667,impersonator,impersonator,impersonator,impersonator,impersonator,impersonator,impersonator,impersonator,impersonator,impersonator,impersonator
1668,impersonator,impersonator,impersonator,impersonator,impersonator,impersonator,impersonator,impersonator,impersonator,impersonator,impersonator
1669,impersonator,impersonator,impersonator,impersonator,impersonator,impersonator,impersonator,impersonator,impersonator,impersonator,impersonator
1670,impersonator,impersonator,impersonator,impersonator,impersonator,impersonator,impersonator,impersonator,impersonator,impersonator,impersonator
1671,impersonator,impersonator,impersonator,impersonator,impersonator,impersonator,impersonator,impersonator,impersonator,impersonator,impersonator
1672,impersonator,impersonator,impersonator,impersonator,impersonator,impersonator,impersonator,impersonator,impersonator,impersonator,impersonator
1673,impersonator,impersonator,impersonator,impersonator,impersonator,impersonator,impersonator,impersonator,impersonator,impersonator,impersonator
1674,impersonator,impersonator,impersonator,impersonator,impersonator,impersonator,impersonator,impersonator,impersonator,impersonator,impersonator
1675,impersonator,impersonator,impersonator,impersonator,impersonator,impersonator,impersonator,impersonator,impersonator,impersonator,impersonator
1676,impersonator,impersonator,impersonator,impersonator,impersonator,impersonator,impersonator,impersonator,impersonator,impersonator,impersonator
1677,impersonator,impersonator,impersonator,impersonator,impersonator,impersonator,impersonator,impersonator,impersonator,impersonator,impersonator
1678,impersonator,impersonator,impersonator,impersonator,impersonator,impersonator,impersonator,impersonator,impersonator,impersonator,impersonator
1679,impersonator,impersonator,impersonator,impersonator,impersonator,impersonator,impersonator,impersonator,impersonator,impersonator,impersonator
1680,impersonator,impersonator,impersonator,impersonator,impersonator,impersonator,impersonator,impersonator,impersonator,impersonator,impersonator
1681,impersonator,impersonator,impersonator,impersonator,impersonator,impersonator,impersonator,impersonator,impersonator,impersonator,impersonator
1682,impersonator,impersonator,impersonator,impersonator,impersonator,impersonator,impersonator,impersonator,impersonator,impersonator,impersonator
1683,impersonator,impersonator,impersonator,impersonator,impersonator,impersonator,impersonator,impersonator,impersonator,impersonator,impersonator
1684,impersonator,impersonator,impersonator,impersonator,impersonator,impersonator,impersonator,impersonator,impersonator,impersonator,impersonator
1685,impersonator,impersonator,impersonator,impersonator,impersonator,impersonator,impersonator,impersonator,impersonator,impersonator,impersonator
1686,impersonator,impersonator,impersonator,impersonator,impersonator,impersonator,impersonator,impersonator,impersonator,impersonator,impersonator
1687,impersonator,impersonator,impersonator,impersonator,impersonator,impersonator,impersonator,impersonator,impersonator,impersonator,impersonator
1688,impersonator,impersonator,impersonator,impersonator,impersonator,impersonator,impersonator,impersonator,impersonator,impersonator,impersonator
1689,impersonator,impersonator,impersonator,impersonator,impersonator,impersonator,impersonator,impersonator,impersonator,impersonator,impersonator
1690,impersonator,impersonator,impersonator,impersonator,impersonator,impersonator,impersonator,impersonator,impersonator,impersonator,impersonator
1691,impersonator,impersonator,impersonator,impersonator,impersonator,impersonator,impersonator,impersonator,impersonator,impersonator,impersonator
1692,impersonator,impersonator,impersonator,impersonator,impersonator,impersonator,impersonator,impersonator,mismatch,impersonator,impersonator
1693,impersonator,impersonator,impersonator,impersonator,impersonator,impersonator,impersonator,impersonator,impersonator,impersonator,impersonator
1694,impersonator,impersonator,impersonator,impersonator,impersonator,impersonator,impersonator,impersonator,impersonator,impersonator,impersonator
1695,impersonator,impersonator,impersonator,impersonator,impersonator,impersonator,impersonator,impersonator,impersonator,impersonator,impersonator
1696,impersonator,impersonator,impersonator,impersonator,impersonator,impersonator,impersonator,impersonator,impersonator,impersonator,impersonator
1697,impersonator,impersonator,impersonator,impersonator,impersonator,impersonator,impersonator,impersonator,impersonator,impersonator,impersonator
1698,impersonator,impersonator,impersonator,impersonator,impersonator,impersonator,impersonator,impersonator,impersonator,impersonator,impersonator
1699,impersonator,impersonator,impersonator,impersonator,impersonator,impersonator,impersonator,impersonator,impersonator,impersonator,impersonator
1700,impersonator,impersonator,impersonator,impersonator,impersonator,impersonator,impersonator,impersonator,impersonator,impersonator,impersonator
1701,impersonator,impersonator,impersonator,impersonator,impersonator,impersonator,impersonator,impersonator,impersonator,impersonator,impersonator
1702,impersonator,impersonator,impersonator,impersonator,impersonator,impersonator,impersonator,impersonator,impersonator,impersonator,impersonator
1703,impersonator,impersonator,impersonator,impersonator,impersonator,impersonator,impersonator,impersonator,impersonator,impersonator,impersonator
1704,impersonator,impersonator,impersonator,impersonator,impersonator,impersonator,impersonator,impersonator,impersonator,impersonator,impersonator
1705,impersonator,impersonator,impersonator,impersonator,impersonator,impersonator,impersonator,impersonator,impersonator,impersonator,impersonator
1706,impersonator,impersonator,impersonator,impersonator,impersonator,impersonator,impersonator,impersonator,impersonator,impersonator,impersonator
1707,impersonator,impersonator,impersonator,impersonator,impersonator,impersonator,impersonator,impersonator,impersonator,impersonator,impersonator
1708,impersonator,impersonator,impersonator,impersonator,impersonator,impersonator,impersonator,impersonator,impersonator,impersonator,impersonator
1709,impersonator,impersonator,impersonator,impersonator,impersonator,impersonator,impersonator,impersonator,impersonator,impersonator,impersonator
1710,impersonator,impersonator,impersonator,impersonator,impersonator,impersonator,impersonator,impersonator,impersonator,impersonator,impersonator
1711,impersonator,impersonator,impersonator,impersonator,impersonator,impersonator,impersonator,impersonator,impersonator,impersonator,impersonator
1712,impersonator,impersonator,impersonator,impersonator,impersonator,impersonator,impersonator,impersonator,impersonator,impersonator,impersonator
1713,impersonator,impersonator,impersonator,impersonator,impersonator,impersonator,impersonator,impersonator,impersonator,impersonator,impersonator
1714,impersonator,impersonator,impersonator,impersonator,impersonator,impersonator,impersonator,impersonator,impersonator,impersonator,impersonator
1715,impersonator,impersonator,impersonator,impersonator,impersonator,impersonator,impersonator,impersonator,impersonator,impersonator,impersonator
1716,impersonator,impersonator,impersonator,impersonator,impersonator,impersonator,impersonator,impersonator,impersonator,impersonator,impersonator
1717,impersonator,impersonator,impersonator,impersonator,impersonator,impersonator,impersonator,impersonator,impersonator,impersonator,impersonator
1718,impersonator,impersonator,impersonator,impersonator,impersonator,impersonator,impersonator,impersonator,impersonator,impersonator,impersonator
1719,impersonator,impersonator,mismatch,impersonator,impersonator,impersonator,impersonator,impersonator,impersonator,impersonator,impersonator
1720,impersonator,impersonator,impersonator,impersonator,impersonator,impersonator,impersonator,impersonator,impersonator,impersonator,impersonator
1721,impersonator,impersonator,impersonator,impersonator,impersonator,impersonator,impersonator,impersonator,impersonator,impersonator,impersonator
1722,impersonator,impersonator,impersonator,impersonator,impersonator,impersonator,impersonator,impersonator,impersonator,impersonator,impersonator
1723,impersonator,impersonator,impersonator,impersonator,impersonator,impersonator,impersonator,impersonator,impersonator,impersonator,impersonator
1724,impersonator,impersonator,mismatch,impersonator,impersonator,impersonator,impersonator,impersonator,impersonator,impersonator,impersonator
1725,impersonator,impersonator,impersonator,impersonator,impersonator,impersonator,impersonator,impersonator,impersonator,impersonator,impersonator
1726,impersonator,impersonator,impersonator,impersonator,impersonator,impersonator,impersonator,impersonator,impersonator,impersonator,impersonator
1727,impersonator,impersonator,impersonator,impersonator,impersonator,impersonator,impersonator,impersonator,impersonator,impersonator,impersonator
1728,impersonator,impersonator,impersonator,impersonator,impersonator,impersonator,impersonator,impersonator,impersonator,impersonator,impersonator
1729,impersonator,impersonator,impersonator,impersonator,impersonator,impersonator,impersonator,impersonator,impersonator,impersonator,impersonator
1730,impersonator,impersonator,match,impersonator,impersonator,impersonator,impersonator,impersonator,impersonator,impersonator,impersonator
1731,impersonator,impersonator,impersonator,impersonator,impersonator,impersonator,impersonator,impersonator,impersonator,impersonator,impersonator
1732,impersonator,impersonator,impersonator,impersonator,impersonator,impersonator,impersonator,impersonator,impersonator,impersonator,impersonator
1733,impersonator,impersonator,impersonator,impersonator,impersonator,impersonator,impersonator,impersonator,impersonator,impersonator,impersonator
1734,impersonator,impersonator,impersonator,impersonator,impersonator,impersonator,impersonator,impersonator,impersonator,impersonator,impersonator
1735,impersonator,impersonator,impersonator,impersonator,impersonator,impersonator,impersonator,impersonator,impersonator,mismatch,impersonator
1736,impersonator,impersonator,impersonator,impersonator,impersonator,impersonator,impersonator,impersonator,impersonator,impersonator,impersonator
1737,impersonator,impersonator,impersonator,impersonator,impersonator,impersonator,impersonator,impersonator,impersonator,impersonator,impersonator
1738,impersonator,impersonator,impersonator,impersonator,impersonator,impersonator,impersonator,impersonator,impersonator,impersonator,impersonator
1739,impersonator,impersonator,impersonator,mismatch,impersonator,impersonator,impersonator,impersonator,impersonator,impersonator,impersonator
1740,impersonator,impersonator,impersonator,impersonator,impersonator,impersonator,impersonator,impersonator,impersonator,impersonator,impersonator
1741,impersonator,impersonator,impersonator,impersonator,impersonator,impersonator,impersonator,impersonator,impersonator,impersonator,impersonator
1742,impersonator,impersonator,impersonator,impersonator,impersonator,impersonator,impersonator,impersonator,impersonator,impersonator,impersonator
1743,impersonator,impersonator,impersonator,impersonator,impersonator,impersonator,impersonator,impersonator,impersonator,impersonator,impersonator
1744,impersonator,impersonator,impersonator,impersonator,impersonator,impersonator,impersonator,impersonator,impersonator,impersonator,impersonator
1745,impersonator,impersonator,impersonator,impersonator,impersonator,impersonator,impersonator,impersonator,impersonator,impersonator,impersonator
1746,impersonator,impersonator,impersonator,impersonator,impersonator,impersonator,impersonator,impersonator,impersonator,impersonator,impersonator
1747,impersonator,impersonator,impersonator,impersonator,impersonator,impersonator,impersonator,impersonator,impersonator,impersonator,impersonator
1748,impersonator,impersonator,impersonator,impersonator,impersonator,impersonator,impersonator,impersonator,impersonator,impersonator,impersonator
1749,impersonator,impersonator,impersonator,impersonator,impersonator,impersonator,impersonator,impersonator,impersonator,impersonator,impersonator
1750,impersonator,impersonator,impersonator,impersonator,impersonator,impersonator,impersonator,impersonator,impersonator,impersonator,impersonator
1751,impersonator,impersonator,impersonator,impersonator,impersonator,impersonator,impersonator,impersonator,impersonator,match,impersonator
1752,impersonator,impersonator,impersonator,impersonator,impersonator,impersonator,impersonator,impersonator,impersonator,impersonator,impersonator
1753,impersonator,impersonator,impersonator,impersonator,impersonator,impersonator,impersonator,impersonator,impersonator,impersonator,impersonator
1754,impersonator,impersonator,match,impersonator,impersonator,impersonator,impersonator,impersonator,impersonator,impersonator,impersonator
1755,impersonator,mismatch,impersonator,impersonator,impersonator,impersonator,mismatch,impersonator,match,impersonator,impersonator
1756,impersonator,impersonator,impersonator,impersonator,impersonator,impersonator,impersonator,impersonator,impersonator,impersonator,impersonator
1757,impersonator,impersonator,impersonator,impersonator,impersonator,impersonator,impersonator,impersonator,impersonator,impersonator,impersonator
1758,impersonator,impersonator,impersonator,impersonator,impersonator,impersonator,impersonator,impersonator,impersonator,impersonator,impersonator
1759,impersonator,impersonator,impersonator,impersonator,impersonator,impersonator,impersonator,impersonator,impersonator,impersonator,impersonator
1760,impersonator,impersonator,impersonator,mismatch,impersonator,impersonator,impersonator,impersonator,impersonator,impersonator,impersonator
1761,impersonator,impersonator,impersonator,impersonator,impersonator,impersonator,impersonator,impersonator,impersonator,impersonator,impersonator
1762,impersonator,impersonator,impersonator,impersonator,impersonator,impersonator,impersonator,impersonator,impersonator,match,impersonator
1763,impersonator,impersonator,impersonator,impersonator,impersonator,impersonator,impersonator,impersonator,impersonator,impersonator,impersonator
1764,impersonator,impersonator,impersonator,impersonator,impersonator,impersonator,impersonator,impersonator,impersonator,impersonator,impersonator
1765,impersonator,impersonator,impersonator,impersonator,impersonator,impersonator,impersonator,impersonator,impersonator,impersonator,impersonator
1766,impersonator,impersonator,match,impersonator,impersonator,impersonator,impersonator,impersonator,impersonator,impersonator,impersonator
1767,impersonator,impersonator,impersonator,match,impersonator,impersonator,impersonator,impersonator,impersonator,impersonator,impersonator
1768,impersonator,impersonator,impersonator,impersonator,impersonator,impersonator,impersonator,impersonator,match,match,impersonator
1769,impersonator,impersonator,impersonator,impersonator,impersonator,impersonator,impersonator,impersonator,impersonator,impersonator,impersonator
1770,impersonator,impersonator,impersonator,impersonator,impersonator,impersonator,impersonator,impersonator,impersonator,impersonator,impersonator
1771,impersonator,impersonator,match,impersonator,impersonator,impersonator,impersonator,impersonator,mismatch,impersonator,impersonator
1772,impersonator,impersonator,impersonator,impersonator,impersonator,impersonator,impersonator,match,impersonator,impersonator,impersonator
1773,impersonator,match,impersonator,impersonator,impersonator,impersonator,mismatch,impersonator,impersonator,impersonator,impersonator
1774,impersonator,impersonator,impersonator,impersonator,match,impersonator,impersonator,impersonator,impersonator,impersonator,impersonator
1775,impersonator,impersonator,impersonator,impersonator,impersonator,impersonator,impersonator,impersonator,impersonator,impersonator,impersonator
1776,impersonator,impersonator,impersonator,impersonator,impersonator,impersonator,impersonator,impersonator,impersonator,impersonator,impersonator
1777,impersonator,impersonator,impersonator,impersonator,impersonator,impersonator,impersonator,impersonator,impersonator,match,impersonator
1778,impersonator,impersonator,impersonator,impersonator,mismatch,impersonator,impersonator,impersonator,impersonator,impersonator,impersonator
1779,impersonator,impersonator,impersonator,impersonator,impersonator,impersonator,impersonator,impersonator,impersonator,impersonator,impersonator
1780,impersonator,match,impersonator,impersonator,impersonator,impersonator,impersonator,impersonator,impersonator,impersonator,impersonator
1781,impersonator,impersonator,impersonator,impersonator,impersonator,impersonator,impersonator,impersonator,impersonator,impersonator,impersonator
1782,impersonator,impersonator,impersonator,impersonator,impersonator,impersonator,impersonator,impersonator,impersonator,impersonator,impersonator
1783,impersonator,impersonator,impersonator,impersonator,impersonator,impersonator,impersonator,impersonator,impersonator,impersonator,impersonator
1784,impersonator,impersonator,impersonator,impersonator,impersonator,impersonator,impersonator,impersonator,impersonator,impersonator,impersonator
1785,impersonator,match,impersonator,impersonator,impersonator,impersonator,impersonator,impersonator,impersonator,impersonator,impersonator
1786,impersonator,impersonator,impersonator,impersonator,impersonator,impersonator,impersonator,impersonator,impersonator,impersonator,impersonator
1787,impersonator,impersonator,impersonator,impersonator,impersonator,impersonator,impersonator,impersonator,impersonator,impersonator,mismatch
1788,impersonator,impersonator,impersonator,impersonator,impersonator,impersonator,impersonator,impersonator,impersonator,impersonator,impersonator
1789,impersonator,impersonator,impersonator,impersonator,impersonator,impersonator,impersonator,impersonator,impersonator,impersonator,impersonator
1790,impersonator,impersonator,impersonator,impersonator,impersonator,match,impersonator,impersonator,impersonator,impersonator,impersonator
1791,impersonator,impersonator,match,impersonator,impersonator,impersonator,impersonator,impersonator,impersonator,impersonator,impersonator
1792,impersonator,impersonator,impersonator,impersonator,impersonator,impersonator,impersonator,impersonator,impersonator,mismatch,impersonator
1793,impersonator,impersonator,impersonator,impersonator,impersonator,impersonator,impersonator,impersonator,mismatch,impersonator,impersonator
